sample_key,study_accession,subject_id,timepoint_label,age_category,age_at_collection_days,sex,country,health_condition,health_condition_detail,intervention,intervention_detail,antibiotic_exposure,collection_date,body_site_class,n_runs,seq_gbp
SAMD01844722,PRJDB41738,SAMD01844722,,,,,CN,,,,,no,2018-03-01,primary,1.0,4.295
SAMD01844723,PRJDB41738,SAMD01844723,,,,,CN,,,,,no,2018-03-01,primary,1.0,4.295
SAMD01844724,PRJDB41738,SAMD01844724,,,,,CN,,,,,no,2018-03-01,primary,1.0,4.296
SAMD01844725,PRJDB41738,SAMD01844725,,,,,CN,,,,,no,2018-03-01,primary,1.0,4.361
SAMD01844726,PRJDB41738,SAMD01844726,,,,,CN,,,,,no,2018-03-01,primary,1.0,4.36
SAMD01844727,PRJDB41738,SAMD01844727,,,,,CN,,,,,no,2018-03-01,primary,1.0,4.361
SAMD01844728,PRJDB41738,SAMD01844728,,,,,CN,,,,,no,2018-03-01,primary,1.0,4.361
SAMD01844729,PRJDB41738,SAMD01844729,,,,,CN,,,,,no,2018-03-01,primary,1.0,4.363
SAMD01844730,PRJDB41738,SAMD01844730,,,,,CN,,,,,no,2018-03-01,primary,1.0,4.248
SAMD01844731,PRJDB41738,SAMD01844731,,,,,CN,,,,,no,2018-03-01,primary,1.0,4.247
SAMD01844732,PRJDB41738,SAMD01844732,,,,,CN,,,,,no,2018-03-01,primary,1.0,4.248
SAMD01844733,PRJDB41738,SAMD01844733,,,,,CN,,,,,no,2018-03-01,primary,1.0,4.248
SAMD01844734,PRJDB41738,SAMD01844734,,,,,CN,,,,,no,2018-03-01,primary,1.0,4.249
SAMD01844735,PRJDB41738,SAMD01844735,,,,,CN,,,,,no,2018-03-01,primary,1.0,4.519
SAMD01844736,PRJDB41738,SAMD01844736,,,,,CN,,,,,no,2018-03-01,primary,1.0,4.518
SAMD01844737,PRJDB41738,SAMD01844737,,,,,CN,,,,,no,2018-03-01,primary,1.0,4.519
SAMD01844738,PRJDB41738,SAMD01844738,,,,,CN,,,,,no,2018-03-01,primary,1.0,4.519
SAMD01844739,PRJDB41738,SAMD01844739,,,,,CN,,,,,no,2018-03-01,primary,1.0,4.52
SAMD01844740,PRJDB41738,SAMD01844740,,,,,CN,,,,,no,2018-03-01,primary,1.0,4.186
SAMD01844741,PRJDB41738,SAMD01844741,,,,,CN,,,,,no,2018-03-01,primary,1.0,4.185
SAMD01844742,PRJDB41738,SAMD01844742,,,,,CN,,,,,no,2018-03-01,primary,1.0,4.186
SAMD01844743,PRJDB41738,SAMD01844743,,,,,CN,,,,,no,2018-03-01,primary,1.0,4.186
SAMD01844744,PRJDB41738,SAMD01844744,,,,,CN,,,,,no,2018-03-01,primary,1.0,4.187
SAMD01844745,PRJDB41738,SAMD01844745,,,,,CN,,,,,no,2018-03-01,primary,1.0,4.285
SAMD01844746,PRJDB41738,SAMD01844746,,,,,CN,,,,,no,2018-03-01,primary,1.0,4.284
SAMD01844747,PRJDB41738,SAMD01844747,,,,,CN,,,,,no,2018-03-01,primary,1.0,4.285
SAMD01844748,PRJDB41738,SAMD01844748,,,,,CN,,,,,no,2018-03-01,primary,1.0,4.285
SAMD01844749,PRJDB41738,SAMD01844749,,,,,CN,,,,,no,2018-03-01,primary,1.0,4.286
SAMD01844750,PRJDB41738,SAMD01844750,,,,,CN,,,,,no,2018-03-01,primary,1.0,4.293
SAMD01844751,PRJDB41738,SAMD01844751,,,,,CN,,,,,no,2018-03-01,primary,1.0,4.292
SAMD01844752,PRJDB41738,SAMD01844752,,,,,CN,,,,,no,2018-03-01,primary,1.0,4.293
SAMD01844753,PRJDB41738,SAMD01844753,,,,,CN,,,,,no,2018-03-01,primary,1.0,4.293
SAMD01844754,PRJDB41738,SAMD01844754,,,,,CN,,,,,no,2018-03-01,primary,1.0,4.294
SAMD01844755,PRJDB41738,SAMD01844755,,,,,CN,,,,,no,2018-03-01,primary,1.0,4.205
SAMD01844756,PRJDB41738,SAMD01844756,,,,,CN,,,,,no,2018-03-01,primary,1.0,4.204
SAMD01844757,PRJDB41738,SAMD01844757,,,,,CN,,,,,no,2018-03-01,primary,1.0,4.205
SAMD01844758,PRJDB41738,SAMD01844758,,,,,CN,,,,,no,2018-03-01,primary,1.0,4.205
SAMD01844759,PRJDB41738,SAMD01844759,,,,,CN,,,,,no,2018-03-01,primary,1.0,4.207
SAMD01844760,PRJDB41738,SAMD01844760,,,,,CN,,,,,no,2018-03-01,primary,1.0,4.638
SAMD01844761,PRJDB41738,SAMD01844761,,,,,CN,,,,,no,2018-03-01,primary,1.0,4.637
SAMD01844762,PRJDB41738,SAMD01844762,,,,,CN,,,,,no,2018-03-01,primary,1.0,4.638
SAMD01844763,PRJDB41738,SAMD01844763,,,,,CN,,,,,no,2018-03-01,primary,1.0,4.638
SAMD01844764,PRJDB41738,SAMD01844764,,,,,CN,,,,,no,2018-03-01,primary,1.0,4.639
SAMD01844765,PRJDB41738,SAMD01844765,,,,,CN,,,,,no,2018-03-01,primary,1.0,4.391
SAMD01844766,PRJDB41738,SAMD01844766,,,,,CN,,,,,no,2018-03-01,primary,1.0,4.39
SAMD01844767,PRJDB41738,SAMD01844767,,,,,CN,,,,,no,2018-03-01,primary,1.0,4.391
SAMD01844768,PRJDB41738,SAMD01844768,,,,,CN,,,,,no,2018-03-01,primary,1.0,4.391
SAMD01844769,PRJDB41738,SAMD01844769,,,,,CN,,,,,no,2018-03-01,primary,1.0,4.392
SAMD01844770,PRJDB41738,SAMD01844770,,,,,CN,,,,,no,2018-03-01,primary,1.0,3.987
SAMD01844771,PRJDB41738,SAMD01844771,,,,,CN,,,,,no,2018-03-01,primary,1.0,3.986
SAMD01844772,PRJDB41738,SAMD01844772,,,,,CN,,,,,no,2018-03-01,primary,1.0,3.987
SAMD01844773,PRJDB41738,SAMD01844773,,,,,CN,,,,,no,2018-03-01,primary,1.0,3.987
SAMD01844774,PRJDB41738,SAMD01844774,,,,,CN,,,,,no,2018-03-01,primary,1.0,3.988
SAMD01844775,PRJDB41738,SAMD01844775,,,,,CN,,,,,no,2018-03-01,primary,1.0,4.345
SAMD01844776,PRJDB41738,SAMD01844776,,,,,CN,,,,,no,2018-03-01,primary,1.0,4.344
SAMD01844777,PRJDB41738,SAMD01844777,,,,,CN,,,,,no,2018-03-01,primary,1.0,4.345
SAMD01844778,PRJDB41738,SAMD01844778,,,,,CN,,,,,no,2018-03-01,primary,1.0,4.345
SAMD01844779,PRJDB41738,SAMD01844779,,,,,CN,,,,,no,2018-03-01,primary,1.0,4.346
SAMD01844780,PRJDB41738,SAMD01844780,,,,,CN,,,,,no,2018-03-01,primary,1.0,3.934
SAMD01844781,PRJDB41738,SAMD01844781,,,,,CN,,,,,no,2018-03-01,primary,1.0,3.933
SAMD01844782,PRJDB41738,SAMD01844782,,,,,CN,,,,,no,2018-03-01,primary,1.0,3.934
SAMD01844783,PRJDB41738,SAMD01844783,,,,,CN,,,,,no,2018-03-01,primary,1.0,3.934
SAMD01844784,PRJDB41738,SAMD01844784,,,,,CN,,,,,no,2018-03-01,primary,1.0,3.935
SAMD01844785,PRJDB41738,SAMD01844785,,,,,CN,,,,,no,2018-03-01,primary,1.0,4.386
SAMD01844786,PRJDB41738,SAMD01844786,,,,,CN,,,,,no,2018-03-01,primary,1.0,4.385
SAMD01844787,PRJDB41738,SAMD01844787,,,,,CN,,,,,no,2018-03-01,primary,1.0,4.386
SAMD01844788,PRJDB41738,SAMD01844788,,,,,CN,,,,,no,2018-03-01,primary,1.0,4.386
SAMD01844789,PRJDB41738,SAMD01844789,,,,,CN,,,,,no,2018-03-01,primary,1.0,4.387
SAMD01844790,PRJDB41738,SAMD01844790,,,,,CN,,,,,no,2018-03-01,primary,1.0,4.534
SAMD01844791,PRJDB41738,SAMD01844791,,,,,CN,,,,,no,2018-03-01,primary,1.0,4.533
SAMD01844792,PRJDB41738,SAMD01844792,,,,,CN,,,,,no,2018-03-01,primary,1.0,4.534
SAMD01844793,PRJDB41738,SAMD01844793,,,,,CN,,,,,no,2018-03-01,primary,1.0,4.534
SAMD01844794,PRJDB41738,SAMD01844794,,,,,CN,,,,,no,2018-03-01,primary,1.0,4.535
SAMD01844795,PRJDB41738,SAMD01844795,,,,,CN,,,,,no,2018-03-01,primary,1.0,4.099
SAMD01844796,PRJDB41738,SAMD01844796,,,,,CN,,,,,no,2018-03-01,primary,1.0,4.098
SAMD01844797,PRJDB41738,SAMD01844797,,,,,CN,,,,,no,2018-03-01,primary,1.0,4.099
SAMD01844798,PRJDB41738,SAMD01844798,,,,,CN,,,,,no,2018-03-01,primary,1.0,4.099
SAMD01844799,PRJDB41738,SAMD01844799,,,,,CN,,,,,no,2018-03-01,primary,1.0,4.1
SAMD01844800,PRJDB41738,SAMD01844800,,,,,CN,,,,,no,2018-03-01,primary,1.0,4.529
SAMD01844801,PRJDB41738,SAMD01844801,,,,,CN,,,,,no,2018-03-01,primary,1.0,4.528
SAMD01844802,PRJDB41738,SAMD01844802,,,,,CN,,,,,no,2018-03-01,primary,1.0,4.529
SAMD01844803,PRJDB41738,SAMD01844803,,,,,CN,,,,,no,2018-03-01,primary,1.0,4.529
SAMD01844804,PRJDB41738,SAMD01844804,,,,,CN,,,,,no,2018-03-01,primary,1.0,4.531
SAMD01844805,PRJDB41738,SAMD01844805,,,,,CN,,,,,no,2018-03-01,primary,1.0,4.259
SAMD01844806,PRJDB41738,SAMD01844806,,,,,CN,,,,,no,2018-03-01,primary,1.0,4.258
SAMD01844807,PRJDB41738,SAMD01844807,,,,,CN,,,,,no,2018-03-01,primary,1.0,4.259
SAMD01844808,PRJDB41738,SAMD01844808,,,,,CN,,,,,no,2018-03-01,primary,1.0,4.259
SAMD01844809,PRJDB41738,SAMD01844809,,,,,CN,,,,,no,2018-03-01,primary,1.0,4.261
SAMD01844810,PRJDB41738,SAMD01844810,,,,,CN,,,,,no,2018-03-01,primary,1.0,4.354
SAMD01844811,PRJDB41738,SAMD01844811,,,,,CN,,,,,no,2018-03-01,primary,1.0,4.353
SAMD01844812,PRJDB41738,SAMD01844812,,,,,CN,,,,,no,2018-03-01,primary,1.0,4.354
SAMD01844813,PRJDB41738,SAMD01844813,,,,,CN,,,,,no,2018-03-01,primary,1.0,4.354
SAMD01844814,PRJDB41738,SAMD01844814,,,,,CN,,,,,no,2018-03-01,primary,1.0,4.355
SAMD01844815,PRJDB41738,SAMD01844815,,,,,CN,,,,,no,2018-03-01,primary,1.0,4.065
SAMD01844816,PRJDB41738,SAMD01844816,,,,,CN,,,,,no,2018-03-01,primary,1.0,4.064
SAMD01844817,PRJDB41738,SAMD01844817,,,,,CN,,,,,no,2018-03-01,primary,1.0,4.065
SAMD01844818,PRJDB41738,SAMD01844818,,,,,CN,,,,,no,2018-03-01,primary,1.0,4.065
SAMD01844819,PRJDB41738,SAMD01844819,,,,,CN,,,,,no,2018-03-01,primary,1.0,4.066
SAMD01844820,PRJDB41738,SAMD01844820,,,,,CN,,,,,no,2018-03-01,primary,1.0,3.964
SAMD01844821,PRJDB41738,SAMD01844821,,,,,CN,,,,,no,2018-03-01,primary,1.0,3.963
SAMD01844822,PRJDB41738,SAMD01844822,,,,,CN,,,,,no,2018-03-01,primary,1.0,3.964
SAMD01844823,PRJDB41738,SAMD01844823,,,,,CN,,,,,no,2018-03-01,primary,1.0,3.964
SAMD01844824,PRJDB41738,SAMD01844824,,,,,CN,,,,,no,2018-03-01,primary,1.0,3.965
SAMD01844825,PRJDB41738,SAMD01844825,,,,,CN,,,,,no,2018-03-01,primary,1.0,4.413
SAMD01844826,PRJDB41738,SAMD01844826,,,,,CN,,,,,no,2018-03-01,primary,1.0,4.412
SAMD01844827,PRJDB41738,SAMD01844827,,,,,CN,,,,,no,2018-03-01,primary,1.0,4.413
SAMD01844828,PRJDB41738,SAMD01844828,,,,,CN,,,,,no,2018-03-01,primary,1.0,4.413
SAMD01844829,PRJDB41738,SAMD01844829,,,,,CN,,,,,no,2018-03-01,primary,1.0,4.414
SAMD01844830,PRJDB41738,SAMD01844830,,,,,CN,,,,,no,2018-03-01,primary,1.0,4.256
SAMD01844831,PRJDB41738,SAMD01844831,,,,,CN,,,,,no,2018-03-01,primary,1.0,4.255
SAMD01844832,PRJDB41738,SAMD01844832,,,,,CN,,,,,no,2018-03-01,primary,1.0,4.257
SAMD01844833,PRJDB41738,SAMD01844833,,,,,CN,,,,,no,2018-03-01,primary,1.0,4.257
SAMD01844834,PRJDB41738,SAMD01844834,,,,,CN,,,,,no,2018-03-01,primary,1.0,4.258
SAMD01844835,PRJDB41738,SAMD01844835,,,,,CN,,,,,no,2018-03-01,primary,1.0,4.163
SAMD01844836,PRJDB41738,SAMD01844836,,,,,CN,,,,,no,2018-03-01,primary,1.0,4.162
SAMD01844837,PRJDB41738,SAMD01844837,,,,,CN,,,,,no,2018-03-01,primary,1.0,4.163
SAMD01844838,PRJDB41738,SAMD01844838,,,,,CN,,,,,no,2018-03-01,primary,1.0,4.163
SAMD01844839,PRJDB41738,SAMD01844839,,,,,CN,,,,,no,2018-03-01,primary,1.0,4.164
SAMD01844840,PRJDB41738,SAMD01844840,,,,,CN,,,,,no,2018-03-01,primary,1.0,4.114
SAMD01844841,PRJDB41738,SAMD01844841,,,,,CN,,,,,no,2018-03-01,primary,1.0,4.113
SAMD01844842,PRJDB41738,SAMD01844842,,,,,CN,,,,,no,2018-03-01,primary,1.0,4.114
SAMD01844843,PRJDB41738,SAMD01844843,,,,,CN,,,,,no,2018-03-01,primary,1.0,4.114
SAMD01844844,PRJDB41738,SAMD01844844,,,,,CN,,,,,no,2018-03-01,primary,1.0,4.115
SAMD01844845,PRJDB41738,SAMD01844845,,,,,CN,,,,,no,2018-03-01,primary,1.0,4.204
SAMD01844846,PRJDB41738,SAMD01844846,,,,,CN,,,,,no,2018-03-01,primary,1.0,4.203
SAMD01844847,PRJDB41738,SAMD01844847,,,,,CN,,,,,no,2018-03-01,primary,1.0,4.204
SAMD01844848,PRJDB41738,SAMD01844848,,,,,CN,,,,,no,2018-03-01,primary,1.0,4.204
SAMD01844849,PRJDB41738,SAMD01844849,,,,,CN,,,,,no,2018-03-01,primary,1.0,4.206
SAMD01844850,PRJDB41738,SAMD01844850,,,,,CN,,,,,no,2018-03-01,primary,1.0,4.123
SAMD01844851,PRJDB41738,SAMD01844851,,,,,CN,,,,,no,2018-03-01,primary,1.0,4.121
SAMD01844852,PRJDB41738,SAMD01844852,,,,,CN,,,,,no,2018-03-01,primary,1.0,4.122
SAMD01844853,PRJDB41738,SAMD01844853,,,,,CN,,,,,no,2018-03-01,primary,1.0,4.123
SAMD01844854,PRJDB41738,SAMD01844854,,,,,CN,,,,,no,2018-03-01,primary,1.0,4.124
SAMD01844855,PRJDB41738,SAMD01844855,,,,,CN,,,,,no,2018-03-01,primary,1.0,4.323
SAMD01844856,PRJDB41738,SAMD01844856,,,,,CN,,,,,no,2018-03-01,primary,1.0,4.321
SAMD01844857,PRJDB41738,SAMD01844857,,,,,CN,,,,,no,2018-03-01,primary,1.0,4.322
SAMD01844858,PRJDB41738,SAMD01844858,,,,,CN,,,,,no,2018-03-01,primary,1.0,4.322
SAMD01844859,PRJDB41738,SAMD01844859,,,,,CN,,,,,no,2018-03-01,primary,1.0,4.324
SAMD01844860,PRJDB41738,SAMD01844860,,,,,CN,,,,,no,2018-03-01,primary,1.0,4.327
SAMD01844861,PRJDB41738,SAMD01844861,,,,,CN,,,,,no,2018-03-01,primary,1.0,4.326
SAMD01844862,PRJDB41738,SAMD01844862,,,,,CN,,,,,no,2018-03-01,primary,1.0,4.327
SAMD01844863,PRJDB41738,SAMD01844863,,,,,CN,,,,,no,2018-03-01,primary,1.0,4.327
SAMD01844864,PRJDB41738,SAMD01844864,,,,,CN,,,,,no,2018-03-01,primary,1.0,4.328
SAMD01844865,PRJDB41738,SAMD01844865,,,,,CN,,,,,no,2018-03-01,primary,1.0,4.334
SAMD01844866,PRJDB41738,SAMD01844866,,,,,CN,,,,,no,2018-03-01,primary,1.0,4.333
SAMD01844867,PRJDB41738,SAMD01844867,,,,,CN,,,,,no,2018-03-01,primary,1.0,4.334
SAMD01844868,PRJDB41738,SAMD01844868,,,,,CN,,,,,no,2018-03-01,primary,1.0,4.334
SAMD01844869,PRJDB41738,SAMD01844869,,,,,CN,,,,,no,2018-03-01,primary,1.0,4.336
SAMD01844870,PRJDB41738,SAMD01844870,,,,,CN,,,,,no,2018-03-01,primary,1.0,4.534
SAMD01844871,PRJDB41738,SAMD01844871,,,,,CN,,,,,no,2018-03-01,primary,1.0,4.533
SAMD01844872,PRJDB41738,SAMD01844872,,,,,CN,,,,,no,2018-03-01,primary,1.0,4.534
SAMD01844873,PRJDB41738,SAMD01844873,,,,,CN,,,,,no,2018-03-01,primary,1.0,4.534
SAMD01844874,PRJDB41738,SAMD01844874,,,,,CN,,,,,no,2018-03-01,primary,1.0,4.535
SAMD01844875,PRJDB41738,SAMD01844875,,,,,CN,,,,,no,2018-03-01,primary,1.0,4.25
SAMD01844876,PRJDB41738,SAMD01844876,,,,,CN,,,,,no,2018-03-01,primary,1.0,4.249
SAMD01844877,PRJDB41738,SAMD01844877,,,,,CN,,,,,no,2018-03-01,primary,1.0,4.25
SAMD01844878,PRJDB41738,SAMD01844878,,,,,CN,,,,,no,2018-03-01,primary,1.0,4.25
SAMD01844879,PRJDB41738,SAMD01844879,,,,,CN,,,,,no,2018-03-01,primary,1.0,4.252
SAMD01844880,PRJDB41738,SAMD01844880,,,,,CN,,,,,no,2018-03-01,primary,1.0,4.169
SAMD01844881,PRJDB41738,SAMD01844881,,,,,CN,,,,,no,2018-03-01,primary,1.0,4.168
SAMD01844882,PRJDB41738,SAMD01844882,,,,,CN,,,,,no,2018-03-01,primary,1.0,4.169
SAMD01844883,PRJDB41738,SAMD01844883,,,,,CN,,,,,no,2018-03-01,primary,1.0,4.169
SAMD01844884,PRJDB41738,SAMD01844884,,,,,CN,,,,,no,2018-03-01,primary,1.0,4.17
SAMD01844885,PRJDB41738,SAMD01844885,,,,,CN,,,,,no,2018-03-01,primary,1.0,3.941
SAMD01844886,PRJDB41738,SAMD01844886,,,,,CN,,,,,no,2018-03-01,primary,1.0,3.939
SAMD01844887,PRJDB41738,SAMD01844887,,,,,CN,,,,,no,2018-03-01,primary,1.0,3.94
SAMD01844888,PRJDB41738,SAMD01844888,,,,,CN,,,,,no,2018-03-01,primary,1.0,3.941
SAMD01844889,PRJDB41738,SAMD01844889,,,,,CN,,,,,no,2018-03-01,primary,1.0,3.941
SAMD01844890,PRJDB41738,SAMD01844890,,,,,CN,,,,,no,2018-03-01,primary,1.0,4.395
SAMD01844891,PRJDB41738,SAMD01844891,,,,,CN,,,,,no,2018-03-01,primary,1.0,4.394
SAMD01844892,PRJDB41738,SAMD01844892,,,,,CN,,,,,no,2018-03-01,primary,1.0,4.395
SAMD01844893,PRJDB41738,SAMD01844893,,,,,CN,,,,,no,2018-03-01,primary,1.0,4.395
SAMD01844894,PRJDB41738,SAMD01844894,,,,,CN,,,,,no,2018-03-01,primary,1.0,4.396
SAMD01844895,PRJDB41738,SAMD01844895,,,,,CN,,,,,no,2018-03-01,primary,1.0,5.03
SAMD01844896,PRJDB41738,SAMD01844896,,,,,CN,,,,,no,2018-03-01,primary,1.0,5.029
SAMD01844897,PRJDB41738,SAMD01844897,,,,,CN,,,,,no,2018-03-01,primary,1.0,5.029
SAMD01844898,PRJDB41738,SAMD01844898,,,,,CN,,,,,no,2018-03-01,primary,1.0,5.03
SAMD01844899,PRJDB41738,SAMD01844899,,,,,CN,,,,,no,2018-03-01,primary,1.0,5.031
SAMD01844900,PRJDB41738,SAMD01844900,,,,,CN,,,,,no,2018-03-01,primary,1.0,4.262
SAMD01844901,PRJDB41738,SAMD01844901,,,,,CN,,,,,no,2018-03-01,primary,1.0,4.261
SAMD01844902,PRJDB41738,SAMD01844902,,,,,CN,,,,,no,2018-03-01,primary,1.0,4.262
SAMD01844903,PRJDB41738,SAMD01844903,,,,,CN,,,,,no,2018-03-01,primary,1.0,4.262
SAMD01844904,PRJDB41738,SAMD01844904,,,,,CN,,,,,no,2018-03-01,primary,1.0,4.263
SAMD01844905,PRJDB41738,SAMD01844905,,,,,CN,,,,,no,2018-03-01,primary,1.0,4.817
SAMD01844906,PRJDB41738,SAMD01844906,,,,,CN,,,,,no,2018-03-01,primary,1.0,4.816
SAMD01844907,PRJDB41738,SAMD01844907,,,,,CN,,,,,no,2018-03-01,primary,1.0,4.816
SAMD01844908,PRJDB41738,SAMD01844908,,,,,CN,,,,,no,2018-03-01,primary,1.0,4.817
SAMD01844909,PRJDB41738,SAMD01844909,,,,,CN,,,,,no,2018-03-01,primary,1.0,4.818
SAMD01844910,PRJDB41738,SAMD01844910,,,,,CN,,,,,no,2018-03-01,primary,1.0,4.656
SAMD01844911,PRJDB41738,SAMD01844911,,,,,CN,,,,,no,2018-03-01,primary,1.0,4.655
SAMD01844912,PRJDB41738,SAMD01844912,,,,,CN,,,,,no,2018-03-01,primary,1.0,4.656
SAMD01844913,PRJDB41738,SAMD01844913,,,,,CN,,,,,no,2018-03-01,primary,1.0,4.656
SAMD01844914,PRJDB41738,SAMD01844914,,,,,CN,,,,,no,2018-03-01,primary,1.0,4.657
SAMD01844915,PRJDB41738,SAMD01844915,,,,,CN,,,,,no,2018-03-01,primary,1.0,4.818
SAMD01844916,PRJDB41738,SAMD01844916,,,,,CN,,,,,no,2018-03-01,primary,1.0,4.817
SAMD01844917,PRJDB41738,SAMD01844917,,,,,CN,,,,,no,2018-03-01,primary,1.0,4.818
SAMD01844918,PRJDB41738,SAMD01844918,,,,,CN,,,,,no,2018-03-01,primary,1.0,4.818
SAMD01844919,PRJDB41738,SAMD01844919,,,,,CN,,,,,no,2018-03-01,primary,1.0,4.819
SAMD01844920,PRJDB41738,SAMD01844920,,,,,CN,,,,,no,2018-03-01,primary,1.0,4.254
SAMD01844921,PRJDB41738,SAMD01844921,,,,,CN,,,,,no,2018-03-01,primary,1.0,4.252
SAMD01844922,PRJDB41738,SAMD01844922,,,,,CN,,,,,no,2018-03-01,primary,1.0,4.254
SAMD01844923,PRJDB41738,SAMD01844923,,,,,CN,,,,,no,2018-03-01,primary,1.0,4.254
SAMD01844924,PRJDB41738,SAMD01844924,,,,,CN,,,,,no,2018-03-01,primary,1.0,4.255
SAMD01844925,PRJDB41738,SAMD01844925,,,,,CN,,,,,no,2018-03-01,primary,1.0,4.34
SAMD01844926,PRJDB41738,SAMD01844926,,,,,CN,,,,,no,2018-03-01,primary,1.0,4.339
SAMD01844927,PRJDB41738,SAMD01844927,,,,,CN,,,,,no,2018-03-01,primary,1.0,4.34
SAMD01844928,PRJDB41738,SAMD01844928,,,,,CN,,,,,no,2018-03-01,primary,1.0,4.34
SAMD01844929,PRJDB41738,SAMD01844929,,,,,CN,,,,,no,2018-03-01,primary,1.0,4.341
SAMD01844930,PRJDB41738,SAMD01844930,,,,,CN,,,,,no,2018-03-01,primary,1.0,4.428
SAMD01844931,PRJDB41738,SAMD01844931,,,,,CN,,,,,no,2018-03-01,primary,1.0,4.427
SAMD01844932,PRJDB41738,SAMD01844932,,,,,CN,,,,,no,2018-03-01,primary,1.0,4.428
SAMD01844933,PRJDB41738,SAMD01844933,,,,,CN,,,,,no,2018-03-01,primary,1.0,4.428
SAMD01844934,PRJDB41738,SAMD01844934,,,,,CN,,,,,no,2018-03-01,primary,1.0,4.43
SAMD01844935,PRJDB41738,SAMD01844935,,,,,CN,,,,,no,2018-03-01,primary,1.0,3.932
SAMD01844936,PRJDB41738,SAMD01844936,,,,,CN,,,,,no,2018-03-01,primary,1.0,3.931
SAMD01844937,PRJDB41738,SAMD01844937,,,,,CN,,,,,no,2018-03-01,primary,1.0,3.932
SAMD01844938,PRJDB41738,SAMD01844938,,,,,CN,,,,,no,2018-03-01,primary,1.0,3.932
SAMD01844939,PRJDB41738,SAMD01844939,,,,,CN,,,,,no,2018-03-01,primary,1.0,3.933
SAMD01844940,PRJDB41738,SAMD01844940,,,,,CN,,,,,no,2018-03-01,primary,1.0,4.291
SAMD01844941,PRJDB41738,SAMD01844941,,,,,CN,,,,,no,2018-03-01,primary,1.0,4.29
SAMD01844942,PRJDB41738,SAMD01844942,,,,,CN,,,,,no,2018-03-01,primary,1.0,4.291
SAMD01844943,PRJDB41738,SAMD01844943,,,,,CN,,,,,no,2018-03-01,primary,1.0,4.291
SAMD01844944,PRJDB41738,SAMD01844944,,,,,CN,,,,,no,2018-03-01,primary,1.0,4.292
SAMD01844945,PRJDB41738,SAMD01844945,,,,,CN,,,,,no,2018-03-01,primary,1.0,4.141
SAMD01844946,PRJDB41738,SAMD01844946,,,,,CN,,,,,no,2018-03-01,primary,1.0,4.14
SAMD01844947,PRJDB41738,SAMD01844947,,,,,CN,,,,,no,2018-03-01,primary,1.0,4.141
SAMD01844948,PRJDB41738,SAMD01844948,,,,,CN,,,,,no,2018-03-01,primary,1.0,4.141
SAMD01844949,PRJDB41738,SAMD01844949,,,,,CN,,,,,no,2018-03-01,primary,1.0,4.143
SAMD01844950,PRJDB41738,SAMD01844950,,,,,CN,,,,,no,2018-03-01,primary,1.0,3.974
SAMD01844951,PRJDB41738,SAMD01844951,,,,,CN,,,,,no,2018-03-01,primary,1.0,3.973
SAMD01844952,PRJDB41738,SAMD01844952,,,,,CN,,,,,no,2018-03-01,primary,1.0,3.974
SAMD01844953,PRJDB41738,SAMD01844953,,,,,CN,,,,,no,2018-03-01,primary,1.0,3.974
SAMD01844954,PRJDB41738,SAMD01844954,,,,,CN,,,,,no,2018-03-01,primary,1.0,3.975
SAMD01844955,PRJDB41738,SAMD01844955,,,,,CN,,,,,no,2018-03-01,primary,1.0,5.518
SAMD01844956,PRJDB41738,SAMD01844956,,,,,CN,,,,,no,2018-03-01,primary,1.0,5.517
SAMD01844957,PRJDB41738,SAMD01844957,,,,,CN,,,,,no,2018-03-01,primary,1.0,5.518
SAMD01844958,PRJDB41738,SAMD01844958,,,,,CN,,,,,no,2018-03-01,primary,1.0,5.518
SAMD01844959,PRJDB41738,SAMD01844959,,,,,CN,,,,,no,2018-03-01,primary,1.0,5.52
SAMD01844960,PRJDB41738,SAMD01844960,,,,,CN,,,,,no,2018-03-01,primary,1.0,4.279
SAMD01844961,PRJDB41738,SAMD01844961,,,,,CN,,,,,no,2018-03-01,primary,1.0,4.278
SAMD01844962,PRJDB41738,SAMD01844962,,,,,CN,,,,,no,2018-03-01,primary,1.0,4.279
SAMD01844963,PRJDB41738,SAMD01844963,,,,,CN,,,,,no,2018-03-01,primary,1.0,4.279
SAMD01844964,PRJDB41738,SAMD01844964,,,,,CN,,,,,no,2018-03-01,primary,1.0,4.28
SAMD01844965,PRJDB41738,SAMD01844965,,,,,CN,,,,,no,2018-03-01,primary,1.0,4.234
SAMD01844966,PRJDB41738,SAMD01844966,,,,,CN,,,,,no,2018-03-01,primary,1.0,4.233
SAMD01844967,PRJDB41738,SAMD01844967,,,,,CN,,,,,no,2018-03-01,primary,1.0,4.234
SAMD01844968,PRJDB41738,SAMD01844968,,,,,CN,,,,,no,2018-03-01,primary,1.0,4.234
SAMD01844969,PRJDB41738,SAMD01844969,,,,,CN,,,,,no,2018-03-01,primary,1.0,4.235
SAMD01844970,PRJDB41738,SAMD01844970,,,,,CN,,,,,no,2018-03-01,primary,1.0,4.548
SAMD01844971,PRJDB41738,SAMD01844971,,,,,CN,,,,,no,2018-03-01,primary,1.0,4.548
SAMD01844972,PRJDB41738,SAMD01844972,,,,,CN,,,,,no,2018-03-01,primary,1.0,4.548
SAMD01844973,PRJDB41738,SAMD01844973,,,,,CN,,,,,no,2018-03-01,primary,1.0,4.548
SAMD01844974,PRJDB41738,SAMD01844974,,,,,CN,,,,,no,2018-03-01,primary,1.0,4.55
SAMD01844975,PRJDB41738,SAMD01844975,,,,,CN,,,,,no,2018-03-01,primary,1.0,4.488
SAMD01844976,PRJDB41738,SAMD01844976,,,,,CN,,,,,no,2018-03-01,primary,1.0,4.487
SAMD01844977,PRJDB41738,SAMD01844977,,,,,CN,,,,,no,2018-03-01,primary,1.0,4.488
SAMD01844978,PRJDB41738,SAMD01844978,,,,,CN,,,,,no,2018-03-01,primary,1.0,4.488
SAMD01844979,PRJDB41738,SAMD01844979,,,,,CN,,,,,no,2018-03-01,primary,1.0,4.489
SAMD01844980,PRJDB41738,SAMD01844980,,,,,CN,,,,,no,2018-03-01,primary,1.0,4.547
SAMD01844981,PRJDB41738,SAMD01844981,,,,,CN,,,,,no,2018-03-01,primary,1.0,4.546
SAMD01844982,PRJDB41738,SAMD01844982,,,,,CN,,,,,no,2018-03-01,primary,1.0,4.547
SAMD01844983,PRJDB41738,SAMD01844983,,,,,CN,,,,,no,2018-03-01,primary,1.0,4.547
SAMD01844984,PRJDB41738,SAMD01844984,,,,,CN,,,,,no,2018-03-01,primary,1.0,4.548
SAMD01844985,PRJDB41738,SAMD01844985,,,,,CN,,,,,no,2018-03-01,primary,1.0,4.194
SAMD01844986,PRJDB41738,SAMD01844986,,,,,CN,,,,,no,2018-03-01,primary,1.0,4.193
SAMD01844987,PRJDB41738,SAMD01844987,,,,,CN,,,,,no,2018-03-01,primary,1.0,4.194
SAMD01844988,PRJDB41738,SAMD01844988,,,,,CN,,,,,no,2018-03-01,primary,1.0,4.194
SAMD01844989,PRJDB41738,SAMD01844989,,,,,CN,,,,,no,2018-03-01,primary,1.0,4.196
SAMD01844990,PRJDB41738,SAMD01844990,,,,,CN,,,,,no,2018-03-01,primary,1.0,4.043
SAMD01844991,PRJDB41738,SAMD01844991,,,,,CN,,,,,no,2018-03-01,primary,1.0,4.042
SAMD01844992,PRJDB41738,SAMD01844992,,,,,CN,,,,,no,2018-03-01,primary,1.0,4.043
SAMD01844993,PRJDB41738,SAMD01844993,,,,,CN,,,,,no,2018-03-01,primary,1.0,4.043
SAMD01844994,PRJDB41738,SAMD01844994,,,,,CN,,,,,no,2018-03-01,primary,1.0,4.044
SAMD01844995,PRJDB41738,SAMD01844995,,,,,CN,,,,,no,2018-03-01,primary,1.0,4.591
SAMD01844996,PRJDB41738,SAMD01844996,,,,,CN,,,,,no,2018-03-01,primary,1.0,4.59
SAMD01844997,PRJDB41738,SAMD01844997,,,,,CN,,,,,no,2018-03-01,primary,1.0,4.591
SAMD01844998,PRJDB41738,SAMD01844998,,,,,CN,,,,,no,2018-03-01,primary,1.0,4.591
SAMD01844999,PRJDB41738,SAMD01844999,,,,,CN,,,,,no,2018-03-01,primary,1.0,4.592
SAMD01845000,PRJDB41738,SAMD01845000,,,,,CN,,,,,no,2018-03-01,primary,1.0,4.209
SAMD01845001,PRJDB41738,SAMD01845001,,,,,CN,,,,,no,2018-03-01,primary,1.0,4.208
SAMD01845002,PRJDB41738,SAMD01845002,,,,,CN,,,,,no,2018-03-01,primary,1.0,4.209
SAMD01845003,PRJDB41738,SAMD01845003,,,,,CN,,,,,no,2018-03-01,primary,1.0,4.209
SAMD01845004,PRJDB41738,SAMD01845004,,,,,CN,,,,,no,2018-03-01,primary,1.0,4.21
SAMD01845005,PRJDB41738,SAMD01845005,,,,,CN,,,,,no,2018-03-01,primary,1.0,4.408
SAMD01845006,PRJDB41738,SAMD01845006,,,,,CN,,,,,no,2018-03-01,primary,1.0,4.407
SAMD01845007,PRJDB41738,SAMD01845007,,,,,CN,,,,,no,2018-03-01,primary,1.0,4.408
SAMD01845008,PRJDB41738,SAMD01845008,,,,,CN,,,,,no,2018-03-01,primary,1.0,4.408
SAMD01845009,PRJDB41738,SAMD01845009,,,,,CN,,,,,no,2018-03-01,primary,1.0,4.409
SAMD01845010,PRJDB41738,SAMD01845010,,,,,CN,,,,,no,2018-03-01,primary,1.0,4.229
SAMD01845011,PRJDB41738,SAMD01845011,,,,,CN,,,,,no,2018-03-01,primary,1.0,4.228
SAMD01845012,PRJDB41738,SAMD01845012,,,,,CN,,,,,no,2018-03-01,primary,1.0,4.229
SAMD01845013,PRJDB41738,SAMD01845013,,,,,CN,,,,,no,2018-03-01,primary,1.0,4.229
SAMD01845014,PRJDB41738,SAMD01845014,,,,,CN,,,,,no,2018-03-01,primary,1.0,4.23
SAMD01845015,PRJDB41738,SAMD01845015,,,,,CN,,,,,no,2018-03-01,primary,1.0,4.03
SAMD01845016,PRJDB41738,SAMD01845016,,,,,CN,,,,,no,2018-03-01,primary,1.0,4.029
SAMD01845017,PRJDB41738,SAMD01845017,,,,,CN,,,,,no,2018-03-01,primary,1.0,4.03
SAMD01845018,PRJDB41738,SAMD01845018,,,,,CN,,,,,no,2018-03-01,primary,1.0,4.03
SAMD01845019,PRJDB41738,SAMD01845019,,,,,CN,,,,,no,2018-03-01,primary,1.0,4.031
SAMD01845020,PRJDB41738,SAMD01845020,,,,,CN,,,,,no,2018-03-01,primary,1.0,4.428
SAMD01845021,PRJDB41738,SAMD01845021,,,,,CN,,,,,no,2018-03-01,primary,1.0,4.427
SAMD01845022,PRJDB41738,SAMD01845022,,,,,CN,,,,,no,2018-03-01,primary,1.0,4.428
SAMD01845023,PRJDB41738,SAMD01845023,,,,,CN,,,,,no,2018-03-01,primary,1.0,4.428
SAMD01845024,PRJDB41738,SAMD01845024,,,,,CN,,,,,no,2018-03-01,primary,1.0,4.43
SAMD01845025,PRJDB41738,SAMD01845025,,,,,CN,,,,,no,2018-03-01,primary,1.0,4.322
SAMD01845026,PRJDB41738,SAMD01845026,,,,,CN,,,,,no,2018-03-01,primary,1.0,4.321
SAMD01845027,PRJDB41738,SAMD01845027,,,,,CN,,,,,no,2018-03-01,primary,1.0,4.322
SAMD01845028,PRJDB41738,SAMD01845028,,,,,CN,,,,,no,2018-03-01,primary,1.0,4.322
SAMD01845029,PRJDB41738,SAMD01845029,,,,,CN,,,,,no,2018-03-01,primary,1.0,4.323
SAMD01845030,PRJDB41738,SAMD01845030,,,,,CN,,,,,no,2018-03-01,primary,1.0,4.784
SAMD01845031,PRJDB41738,SAMD01845031,,,,,CN,,,,,no,2018-03-01,primary,1.0,4.783
SAMD01845032,PRJDB41738,SAMD01845032,,,,,CN,,,,,no,2018-03-01,primary,1.0,4.784
SAMD01845033,PRJDB41738,SAMD01845033,,,,,CN,,,,,no,2018-03-01,primary,1.0,4.784
SAMD01845034,PRJDB41738,SAMD01845034,,,,,CN,,,,,no,2018-03-01,primary,1.0,4.785
SAMD01845035,PRJDB41738,SAMD01845035,,,,,CN,,,,,no,2018-03-01,primary,1.0,4.284
SAMD01845036,PRJDB41738,SAMD01845036,,,,,CN,,,,,no,2018-03-01,primary,1.0,4.283
SAMD01845037,PRJDB41738,SAMD01845037,,,,,CN,,,,,no,2018-03-01,primary,1.0,4.284
SAMD01845038,PRJDB41738,SAMD01845038,,,,,CN,,,,,no,2018-03-01,primary,1.0,4.284
SAMD01845039,PRJDB41738,SAMD01845039,,,,,CN,,,,,no,2018-03-01,primary,1.0,4.285
SAMD01845040,PRJDB41738,SAMD01845040,,,,,CN,,,,,no,2018-03-01,primary,1.0,4.308
SAMD01845041,PRJDB41738,SAMD01845041,,,,,CN,,,,,no,2018-03-01,primary,1.0,4.307
SAMD01845042,PRJDB41738,SAMD01845042,,,,,CN,,,,,no,2018-03-01,primary,1.0,4.308
SAMD01845043,PRJDB41738,SAMD01845043,,,,,CN,,,,,no,2018-03-01,primary,1.0,4.308
SAMD01845044,PRJDB41738,SAMD01845044,,,,,CN,,,,,no,2018-03-01,primary,1.0,4.309
SAMD01845045,PRJDB41738,SAMD01845045,,,,,CN,,,,,no,2018-03-01,primary,1.0,4.266
SAMD01845046,PRJDB41738,SAMD01845046,,,,,CN,,,,,no,2018-03-01,primary,1.0,4.265
SAMD01845047,PRJDB41738,SAMD01845047,,,,,CN,,,,,no,2018-03-01,primary,1.0,4.266
SAMD01845048,PRJDB41738,SAMD01845048,,,,,CN,,,,,no,2018-03-01,primary,1.0,4.266
SAMD01845049,PRJDB41738,SAMD01845049,,,,,CN,,,,,no,2018-03-01,primary,1.0,4.267
SAMD01845050,PRJDB41738,SAMD01845050,,,,,CN,,,,,no,2018-03-01,primary,1.0,4.564
SAMD01845051,PRJDB41738,SAMD01845051,,,,,CN,,,,,no,2018-03-01,primary,1.0,4.563
SAMD01845052,PRJDB41738,SAMD01845052,,,,,CN,,,,,no,2018-03-01,primary,1.0,4.564
SAMD01845053,PRJDB41738,SAMD01845053,,,,,CN,,,,,no,2018-03-01,primary,1.0,4.564
SAMD01845054,PRJDB41738,SAMD01845054,,,,,CN,,,,,no,2018-03-01,primary,1.0,4.565
SAMD01845055,PRJDB41738,SAMD01845055,,,,,CN,,,,,no,2018-03-01,primary,1.0,4.436
SAMD01845056,PRJDB41738,SAMD01845056,,,,,CN,,,,,no,2018-03-01,primary,1.0,4.435
SAMD01845057,PRJDB41738,SAMD01845057,,,,,CN,,,,,no,2018-03-01,primary,1.0,4.436
SAMD01845058,PRJDB41738,SAMD01845058,,,,,CN,,,,,no,2018-03-01,primary,1.0,4.436
SAMD01845059,PRJDB41738,SAMD01845059,,,,,CN,,,,,no,2018-03-01,primary,1.0,4.437
SAMD01845060,PRJDB41738,SAMD01845060,,,,,CN,,,,,no,2018-03-01,primary,1.0,4.137
SAMD01845061,PRJDB41738,SAMD01845061,,,,,CN,,,,,no,2018-03-01,primary,1.0,4.136
SAMD01845062,PRJDB41738,SAMD01845062,,,,,CN,,,,,no,2018-03-01,primary,1.0,4.137
SAMD01845063,PRJDB41738,SAMD01845063,,,,,CN,,,,,no,2018-03-01,primary,1.0,4.137
SAMD01845064,PRJDB41738,SAMD01845064,,,,,CN,,,,,no,2018-03-01,primary,1.0,4.138
SAMD01845065,PRJDB41738,SAMD01845065,,,,,CN,,,,,no,2018-03-01,primary,1.0,4.389
SAMD01845066,PRJDB41738,SAMD01845066,,,,,CN,,,,,no,2018-03-01,primary,1.0,4.388
SAMD01845067,PRJDB41738,SAMD01845067,,,,,CN,,,,,no,2018-03-01,primary,1.0,4.389
SAMD01845068,PRJDB41738,SAMD01845068,,,,,CN,,,,,no,2018-03-01,primary,1.0,4.389
SAMD01845069,PRJDB41738,SAMD01845069,,,,,CN,,,,,no,2018-03-01,primary,1.0,4.39
SAMD01845070,PRJDB41738,SAMD01845070,,,,,CN,,,,,no,2018-03-01,primary,1.0,4.324
SAMD01845071,PRJDB41738,SAMD01845071,,,,,CN,,,,,no,2018-03-01,primary,1.0,4.323
SAMD01845072,PRJDB41738,SAMD01845072,,,,,CN,,,,,no,2018-03-01,primary,1.0,4.324
SAMD01845073,PRJDB41738,SAMD01845073,,,,,CN,,,,,no,2018-03-01,primary,1.0,4.324
SAMD01845074,PRJDB41738,SAMD01845074,,,,,CN,,,,,no,2018-03-01,primary,1.0,4.325
SAMD01845075,PRJDB41738,SAMD01845075,,,,,CN,,,,,no,2018-03-01,primary,1.0,4.182
SAMD01845076,PRJDB41738,SAMD01845076,,,,,CN,,,,,no,2018-03-01,primary,1.0,4.181
SAMD01845077,PRJDB41738,SAMD01845077,,,,,CN,,,,,no,2018-03-01,primary,1.0,4.182
SAMD01845078,PRJDB41738,SAMD01845078,,,,,CN,,,,,no,2018-03-01,primary,1.0,4.182
SAMD01845079,PRJDB41738,SAMD01845079,,,,,CN,,,,,no,2018-03-01,primary,1.0,4.183
SAMD01845080,PRJDB41738,SAMD01845080,,,,,CN,,,,,no,2018-03-01,primary,1.0,4.531
SAMD01845081,PRJDB41738,SAMD01845081,,,,,CN,,,,,no,2018-03-01,primary,1.0,4.53
SAMD01845082,PRJDB41738,SAMD01845082,,,,,CN,,,,,no,2018-03-01,primary,1.0,4.531
SAMD01845083,PRJDB41738,SAMD01845083,,,,,CN,,,,,no,2018-03-01,primary,1.0,4.531
SAMD01845084,PRJDB41738,SAMD01845084,,,,,CN,,,,,no,2018-03-01,primary,1.0,4.532
SAMD01845085,PRJDB41738,SAMD01845085,,,,,CN,,,,,no,2018-03-01,primary,1.0,4.254
SAMD01845086,PRJDB41738,SAMD01845086,,,,,CN,,,,,no,2018-03-01,primary,1.0,4.253
SAMD01845087,PRJDB41738,SAMD01845087,,,,,CN,,,,,no,2018-03-01,primary,1.0,4.254
SAMD01845088,PRJDB41738,SAMD01845088,,,,,CN,,,,,no,2018-03-01,primary,1.0,4.254
SAMD01845089,PRJDB41738,SAMD01845089,,,,,CN,,,,,no,2018-03-01,primary,1.0,4.256
SAMD01845090,PRJDB41738,SAMD01845090,,,,,CN,,,,,no,2018-03-01,primary,1.0,4.193
SAMD01845091,PRJDB41738,SAMD01845091,,,,,CN,,,,,no,2018-03-01,primary,1.0,4.192
SAMD01845092,PRJDB41738,SAMD01845092,,,,,CN,,,,,no,2018-03-01,primary,1.0,4.193
SAMD01845093,PRJDB41738,SAMD01845093,,,,,CN,,,,,no,2018-03-01,primary,1.0,4.193
SAMD01845094,PRJDB41738,SAMD01845094,,,,,CN,,,,,no,2018-03-01,primary,1.0,4.194
SAMD01845095,PRJDB41738,SAMD01845095,,,,,CN,,,,,no,2018-03-01,primary,1.0,4.242
SAMD01845096,PRJDB41738,SAMD01845096,,,,,CN,,,,,no,2018-03-01,primary,1.0,4.241
SAMD01845097,PRJDB41738,SAMD01845097,,,,,CN,,,,,no,2018-03-01,primary,1.0,4.242
SAMD01845098,PRJDB41738,SAMD01845098,,,,,CN,,,,,no,2018-03-01,primary,1.0,4.242
SAMD01845099,PRJDB41738,SAMD01845099,,,,,CN,,,,,no,2018-03-01,primary,1.0,4.244
SAMD01845100,PRJDB41738,SAMD01845100,,,,,CN,,,,,no,2018-03-01,primary,1.0,4.174
SAMD01845101,PRJDB41738,SAMD01845101,,,,,CN,,,,,no,2018-03-01,primary,1.0,4.173
SAMD01845102,PRJDB41738,SAMD01845102,,,,,CN,,,,,no,2018-03-01,primary,1.0,4.174
SAMD01845103,PRJDB41738,SAMD01845103,,,,,CN,,,,,no,2018-03-01,primary,1.0,4.174
SAMD01845104,PRJDB41738,SAMD01845104,,,,,CN,,,,,no,2018-03-01,primary,1.0,4.175
SAMD01845105,PRJDB41738,SAMD01845105,,,,,CN,,,,,no,2018-03-01,primary,1.0,4.374
SAMD01845106,PRJDB41738,SAMD01845106,,,,,CN,,,,,no,2018-03-01,primary,1.0,4.373
SAMD01845107,PRJDB41738,SAMD01845107,,,,,CN,,,,,no,2018-03-01,primary,1.0,4.374
SAMD01845108,PRJDB41738,SAMD01845108,,,,,CN,,,,,no,2018-03-01,primary,1.0,4.374
SAMD01845109,PRJDB41738,SAMD01845109,,,,,CN,,,,,no,2018-03-01,primary,1.0,4.375
SAMD01845110,PRJDB41738,SAMD01845110,,,,,CN,,,,,no,2018-03-01,primary,1.0,4.444
SAMD01845111,PRJDB41738,SAMD01845111,,,,,CN,,,,,no,2018-03-01,primary,1.0,4.443
SAMD01845112,PRJDB41738,SAMD01845112,,,,,CN,,,,,no,2018-03-01,primary,1.0,4.444
SAMD01845113,PRJDB41738,SAMD01845113,,,,,CN,,,,,no,2018-03-01,primary,1.0,4.444
SAMD01845114,PRJDB41738,SAMD01845114,,,,,CN,,,,,no,2018-03-01,primary,1.0,4.445
SAMD01845115,PRJDB41738,SAMD01845115,,,,,CN,,,,,no,2018-03-01,primary,1.0,4.838
SAMD01845116,PRJDB41738,SAMD01845116,,,,,CN,,,,,no,2018-03-01,primary,1.0,4.837
SAMD01845117,PRJDB41738,SAMD01845117,,,,,CN,,,,,no,2018-03-01,primary,1.0,4.837
SAMD01845118,PRJDB41738,SAMD01845118,,,,,CN,,,,,no,2018-03-01,primary,1.0,4.838
SAMD01845119,PRJDB41738,SAMD01845119,,,,,CN,,,,,no,2018-03-01,primary,1.0,4.839
SAMD01845120,PRJDB41738,SAMD01845120,,,,,CN,,,,,no,2018-03-01,primary,1.0,4.162
SAMD01845121,PRJDB41738,SAMD01845121,,,,,CN,,,,,no,2018-03-01,primary,1.0,4.161
SAMD01845122,PRJDB41738,SAMD01845122,,,,,CN,,,,,no,2018-03-01,primary,1.0,4.162
SAMD01845123,PRJDB41738,SAMD01845123,,,,,CN,,,,,no,2018-03-01,primary,1.0,4.163
SAMD01845124,PRJDB41738,SAMD01845124,,,,,CN,,,,,no,2018-03-01,primary,1.0,4.164
SAMD01845125,PRJDB41738,SAMD01845125,,,,,CN,,,,,no,2018-03-01,primary,1.0,4.25
SAMD01845126,PRJDB41738,SAMD01845126,,,,,CN,,,,,no,2018-03-01,primary,1.0,4.249
SAMD01845127,PRJDB41738,SAMD01845127,,,,,CN,,,,,no,2018-03-01,primary,1.0,4.25
SAMD01845128,PRJDB41738,SAMD01845128,,,,,CN,,,,,no,2018-03-01,primary,1.0,4.25
SAMD01845129,PRJDB41738,SAMD01845129,,,,,CN,,,,,no,2018-03-01,primary,1.0,4.251
SAMD01845130,PRJDB41738,SAMD01845130,,,,,CN,,,,,no,2018-03-01,primary,1.0,4.443
SAMD01845131,PRJDB41738,SAMD01845131,,,,,CN,,,,,no,2018-03-01,primary,1.0,4.442
SAMD01845132,PRJDB41738,SAMD01845132,,,,,CN,,,,,no,2018-03-01,primary,1.0,4.443
SAMD01845133,PRJDB41738,SAMD01845133,,,,,CN,,,,,no,2018-03-01,primary,1.0,4.443
SAMD01845134,PRJDB41738,SAMD01845134,,,,,CN,,,,,no,2018-03-01,primary,1.0,4.445
SAMD01845135,PRJDB41738,SAMD01845135,,,,,CN,,,,,no,2018-03-01,primary,1.0,4.131
SAMD01845136,PRJDB41738,SAMD01845136,,,,,CN,,,,,no,2018-03-01,primary,1.0,4.13
SAMD01845137,PRJDB41738,SAMD01845137,,,,,CN,,,,,no,2018-03-01,primary,1.0,4.131
SAMD01845138,PRJDB41738,SAMD01845138,,,,,CN,,,,,no,2018-03-01,primary,1.0,4.131
SAMD01845139,PRJDB41738,SAMD01845139,,,,,CN,,,,,no,2018-03-01,primary,1.0,4.132
SAMD01845140,PRJDB41738,SAMD01845140,,,,,CN,,,,,no,2018-03-01,primary,1.0,3.948
SAMD01845141,PRJDB41738,SAMD01845141,,,,,CN,,,,,no,2018-03-01,primary,1.0,3.946
SAMD01845142,PRJDB41738,SAMD01845142,,,,,CN,,,,,no,2018-03-01,primary,1.0,3.948
SAMD01845143,PRJDB41738,SAMD01845143,,,,,CN,,,,,no,2018-03-01,primary,1.0,3.948
SAMD01845144,PRJDB41738,SAMD01845144,,,,,CN,,,,,no,2018-03-01,primary,1.0,3.948
SAMD01845145,PRJDB41738,SAMD01845145,,,,,CN,,,,,no,2018-03-01,primary,1.0,4.211
SAMD01845146,PRJDB41738,SAMD01845146,,,,,CN,,,,,no,2018-03-01,primary,1.0,4.21
SAMD01845147,PRJDB41738,SAMD01845147,,,,,CN,,,,,no,2018-03-01,primary,1.0,4.211
SAMD01845148,PRJDB41738,SAMD01845148,,,,,CN,,,,,no,2018-03-01,primary,1.0,4.211
SAMD01845149,PRJDB41738,SAMD01845149,,,,,CN,,,,,no,2018-03-01,primary,1.0,4.213
SAMD01845150,PRJDB41738,SAMD01845150,,,,,CN,,,,,no,2018-03-01,primary,1.0,4.896
SAMD01845151,PRJDB41738,SAMD01845151,,,,,CN,,,,,no,2018-03-01,primary,1.0,4.895
SAMD01845152,PRJDB41738,SAMD01845152,,,,,CN,,,,,no,2018-03-01,primary,1.0,4.895
SAMD01845153,PRJDB41738,SAMD01845153,,,,,CN,,,,,no,2018-03-01,primary,1.0,4.896
SAMD01845154,PRJDB41738,SAMD01845154,,,,,CN,,,,,no,2018-03-01,primary,1.0,4.897
SAMD01845155,PRJDB41738,SAMD01845155,,,,,CN,,,,,no,2018-03-01,primary,1.0,4.047
SAMD01845156,PRJDB41738,SAMD01845156,,,,,CN,,,,,no,2018-03-01,primary,1.0,4.046
SAMD01845157,PRJDB41738,SAMD01845157,,,,,CN,,,,,no,2018-03-01,primary,1.0,4.047
SAMD01845158,PRJDB41738,SAMD01845158,,,,,CN,,,,,no,2018-03-01,primary,1.0,4.047
SAMD01845159,PRJDB41738,SAMD01845159,,,,,CN,,,,,no,2018-03-01,primary,1.0,4.048
SAMD01845160,PRJDB41738,SAMD01845160,,,,,CN,,,,,no,2018-03-01,primary,1.0,4.405
SAMD01845161,PRJDB41738,SAMD01845161,,,,,CN,,,,,no,2018-03-01,primary,1.0,4.405
SAMD01845162,PRJDB41738,SAMD01845162,,,,,CN,,,,,no,2018-03-01,primary,1.0,4.405
SAMD01845163,PRJDB41738,SAMD01845163,,,,,CN,,,,,no,2018-03-01,primary,1.0,4.405
SAMD01845164,PRJDB41738,SAMD01845164,,,,,CN,,,,,no,2018-03-01,primary,1.0,4.407
SAMD01845165,PRJDB41738,SAMD01845165,,,,,CN,,,,,no,2018-03-01,primary,1.0,4.074
SAMD01845166,PRJDB41738,SAMD01845166,,,,,CN,,,,,no,2018-03-01,primary,1.0,4.072
SAMD01845167,PRJDB41738,SAMD01845167,,,,,CN,,,,,no,2018-03-01,primary,1.0,4.073
SAMD01845168,PRJDB41738,SAMD01845168,,,,,CN,,,,,no,2018-03-01,primary,1.0,4.074
SAMD01845169,PRJDB41738,SAMD01845169,,,,,CN,,,,,no,2018-03-01,primary,1.0,4.075
SAMD01845170,PRJDB41738,SAMD01845170,,,,,CN,,,,,no,2018-03-01,primary,1.0,4.448
SAMD01845171,PRJDB41738,SAMD01845171,,,,,CN,,,,,no,2018-03-01,primary,1.0,4.447
SAMD01845172,PRJDB41738,SAMD01845172,,,,,CN,,,,,no,2018-03-01,primary,1.0,4.448
SAMD01845173,PRJDB41738,SAMD01845173,,,,,CN,,,,,no,2018-03-01,primary,1.0,4.448
SAMD01845174,PRJDB41738,SAMD01845174,,,,,CN,,,,,no,2018-03-01,primary,1.0,4.45
SAMD01845175,PRJDB41738,SAMD01845175,,,,,CN,,,,,no,2018-03-01,primary,1.0,4.063
SAMD01845176,PRJDB41738,SAMD01845176,,,,,CN,,,,,no,2018-03-01,primary,1.0,4.062
SAMD01845177,PRJDB41738,SAMD01845177,,,,,CN,,,,,no,2018-03-01,primary,1.0,4.063
SAMD01845178,PRJDB41738,SAMD01845178,,,,,CN,,,,,no,2018-03-01,primary,1.0,4.063
SAMD01845179,PRJDB41738,SAMD01845179,,,,,CN,,,,,no,2018-03-01,primary,1.0,4.064
SAMD01845180,PRJDB41738,SAMD01845180,,,,,CN,,,,,no,2018-03-01,primary,1.0,4.343
SAMD01845181,PRJDB41738,SAMD01845181,,,,,CN,,,,,no,2018-03-01,primary,1.0,4.342
SAMD01845182,PRJDB41738,SAMD01845182,,,,,CN,,,,,no,2018-03-01,primary,1.0,4.343
SAMD01845183,PRJDB41738,SAMD01845183,,,,,CN,,,,,no,2018-03-01,primary,1.0,4.343
SAMD01845184,PRJDB41738,SAMD01845184,,,,,CN,,,,,no,2018-03-01,primary,1.0,4.345
SAMD01845185,PRJDB41738,SAMD01845185,,,,,CN,,,,,no,2018-03-01,primary,1.0,4.425
SAMD01845186,PRJDB41738,SAMD01845186,,,,,CN,,,,,no,2018-03-01,primary,1.0,4.424
SAMD01845187,PRJDB41738,SAMD01845187,,,,,CN,,,,,no,2018-03-01,primary,1.0,4.425
SAMD01845188,PRJDB41738,SAMD01845188,,,,,CN,,,,,no,2018-03-01,primary,1.0,4.425
SAMD01845189,PRJDB41738,SAMD01845189,,,,,CN,,,,,no,2018-03-01,primary,1.0,4.426
SAMD01845190,PRJDB41738,SAMD01845190,,,,,CN,,,,,no,2018-03-01,primary,1.0,5.394
SAMD01845191,PRJDB41738,SAMD01845191,,,,,CN,,,,,no,2018-03-01,primary,1.0,5.393
SAMD01845192,PRJDB41738,SAMD01845192,,,,,CN,,,,,no,2018-03-01,primary,1.0,5.394
SAMD01845193,PRJDB41738,SAMD01845193,,,,,CN,,,,,no,2018-03-01,primary,1.0,5.394
SAMD01845194,PRJDB41738,SAMD01845194,,,,,CN,,,,,no,2018-03-01,primary,1.0,5.396
SAMD01845195,PRJDB41738,SAMD01845195,,,,,CN,,,,,no,2018-03-01,primary,1.0,4.432
SAMD01845196,PRJDB41738,SAMD01845196,,,,,CN,,,,,no,2018-03-01,primary,1.0,4.431
SAMD01845197,PRJDB41738,SAMD01845197,,,,,CN,,,,,no,2018-03-01,primary,1.0,4.432
SAMD01845198,PRJDB41738,SAMD01845198,,,,,CN,,,,,no,2018-03-01,primary,1.0,4.432
SAMD01845199,PRJDB41738,SAMD01845199,,,,,CN,,,,,no,2018-03-01,primary,1.0,4.433
SAMD01845200,PRJDB41738,SAMD01845200,,,,,CN,,,,,no,2018-03-01,primary,1.0,4.116
SAMD01845201,PRJDB41738,SAMD01845201,,,,,CN,,,,,no,2018-03-01,primary,1.0,4.115
SAMD01845202,PRJDB41738,SAMD01845202,,,,,CN,,,,,no,2018-03-01,primary,1.0,4.116
SAMD01845203,PRJDB41738,SAMD01845203,,,,,CN,,,,,no,2018-03-01,primary,1.0,4.116
SAMD01845204,PRJDB41738,SAMD01845204,,,,,CN,,,,,no,2018-03-01,primary,1.0,4.117
SAMD01845205,PRJDB41738,SAMD01845205,,,,,CN,,,,,no,2018-03-01,primary,1.0,4.127
SAMD01845206,PRJDB41738,SAMD01845206,,,,,CN,,,,,no,2018-03-01,primary,1.0,4.126
SAMD01845207,PRJDB41738,SAMD01845207,,,,,CN,,,,,no,2018-03-01,primary,1.0,4.127
SAMD01845208,PRJDB41738,SAMD01845208,,,,,CN,,,,,no,2018-03-01,primary,1.0,4.127
SAMD01845209,PRJDB41738,SAMD01845209,,,,,CN,,,,,no,2018-03-01,primary,1.0,4.128
SAMD01845210,PRJDB41738,SAMD01845210,,,,,CN,,,,,no,2018-03-01,primary,1.0,4.24
SAMD01845211,PRJDB41738,SAMD01845211,,,,,CN,,,,,no,2018-03-01,primary,1.0,4.239
SAMD01845212,PRJDB41738,SAMD01845212,,,,,CN,,,,,no,2018-03-01,primary,1.0,4.24
SAMD01845213,PRJDB41738,SAMD01845213,,,,,CN,,,,,no,2018-03-01,primary,1.0,4.24
SAMD01845214,PRJDB41738,SAMD01845214,,,,,CN,,,,,no,2018-03-01,primary,1.0,4.242
SAMD01845215,PRJDB41738,SAMD01845215,,,,,CN,,,,,no,2018-03-01,primary,1.0,4.653
SAMD01845216,PRJDB41738,SAMD01845216,,,,,CN,,,,,no,2018-03-01,primary,1.0,4.652
SAMD01845217,PRJDB41738,SAMD01845217,,,,,CN,,,,,no,2018-03-01,primary,1.0,4.652
SAMD01845218,PRJDB41738,SAMD01845218,,,,,CN,,,,,no,2018-03-01,primary,1.0,4.653
SAMD01845219,PRJDB41738,SAMD01845219,,,,,CN,,,,,no,2018-03-01,primary,1.0,4.654
SAMD01845220,PRJDB41738,SAMD01845220,,,,,CN,,,,,no,2018-03-01,primary,1.0,4.135
SAMD01845221,PRJDB41738,SAMD01845221,,,,,CN,,,,,no,2018-03-01,primary,1.0,4.134
SAMD01845222,PRJDB41738,SAMD01845222,,,,,CN,,,,,no,2018-03-01,primary,1.0,4.135
SAMD01845223,PRJDB41738,SAMD01845223,,,,,CN,,,,,no,2018-03-01,primary,1.0,4.135
SAMD01845224,PRJDB41738,SAMD01845224,,,,,CN,,,,,no,2018-03-01,primary,1.0,4.136
SAMD01845225,PRJDB41738,SAMD01845225,,,,,CN,,,,,no,2018-03-01,primary,1.0,4.244
SAMD01845226,PRJDB41738,SAMD01845226,,,,,CN,,,,,no,2018-03-01,primary,1.0,4.243
SAMD01845227,PRJDB41738,SAMD01845227,,,,,CN,,,,,no,2018-03-01,primary,1.0,4.244
SAMD01845228,PRJDB41738,SAMD01845228,,,,,CN,,,,,no,2018-03-01,primary,1.0,4.244
SAMD01845229,PRJDB41738,SAMD01845229,,,,,CN,,,,,no,2018-03-01,primary,1.0,4.245
SAMD01845230,PRJDB41738,SAMD01845230,,,,,CN,,,,,no,2018-03-01,primary,1.0,4.275
SAMD01845231,PRJDB41738,SAMD01845231,,,,,CN,,,,,no,2018-03-01,primary,1.0,4.274
SAMD01845232,PRJDB41738,SAMD01845232,,,,,CN,,,,,no,2018-03-01,primary,1.0,4.275
SAMD01845233,PRJDB41738,SAMD01845233,,,,,CN,,,,,no,2018-03-01,primary,1.0,4.275
SAMD01845234,PRJDB41738,SAMD01845234,,,,,CN,,,,,no,2018-03-01,primary,1.0,4.277
SAMD01845235,PRJDB41738,SAMD01845235,,,,,CN,,,,,no,2018-03-01,primary,1.0,4.106
SAMD01845236,PRJDB41738,SAMD01845236,,,,,CN,,,,,no,2018-03-01,primary,1.0,4.105
SAMD01845237,PRJDB41738,SAMD01845237,,,,,CN,,,,,no,2018-03-01,primary,1.0,4.106
SAMD01845238,PRJDB41738,SAMD01845238,,,,,CN,,,,,no,2018-03-01,primary,1.0,4.106
SAMD01845239,PRJDB41738,SAMD01845239,,,,,CN,,,,,no,2018-03-01,primary,1.0,4.107
SAMD01845240,PRJDB41738,SAMD01845240,,,,,CN,,,,,no,2018-03-01,primary,1.0,4.458
SAMD01845241,PRJDB41738,SAMD01845241,,,,,CN,,,,,no,2018-03-01,primary,1.0,4.457
SAMD01845242,PRJDB41738,SAMD01845242,,,,,CN,,,,,no,2018-03-01,primary,1.0,4.458
SAMD01845243,PRJDB41738,SAMD01845243,,,,,CN,,,,,no,2018-03-01,primary,1.0,4.458
SAMD01845244,PRJDB41738,SAMD01845244,,,,,CN,,,,,no,2018-03-01,primary,1.0,4.459
SAMD01845245,PRJDB41738,SAMD01845245,,,,,CN,,,,,no,2018-03-01,primary,1.0,4.104
SAMD01845246,PRJDB41738,SAMD01845246,,,,,CN,,,,,no,2018-03-01,primary,1.0,4.102
SAMD01845247,PRJDB41738,SAMD01845247,,,,,CN,,,,,no,2018-03-01,primary,1.0,4.103
SAMD01845248,PRJDB41738,SAMD01845248,,,,,CN,,,,,no,2018-03-01,primary,1.0,4.104
SAMD01845249,PRJDB41738,SAMD01845249,,,,,CN,,,,,no,2018-03-01,primary,1.0,4.105
SAMD01845250,PRJDB41738,SAMD01845250,,,,,CN,,,,,no,2018-03-01,primary,1.0,4.141
SAMD01845251,PRJDB41738,SAMD01845251,,,,,CN,,,,,no,2018-03-01,primary,1.0,4.14
SAMD01845252,PRJDB41738,SAMD01845252,,,,,CN,,,,,no,2018-03-01,primary,1.0,4.141
SAMD01845253,PRJDB41738,SAMD01845253,,,,,CN,,,,,no,2018-03-01,primary,1.0,4.141
SAMD01845254,PRJDB41738,SAMD01845254,,,,,CN,,,,,no,2018-03-01,primary,1.0,4.142
SAMD01845255,PRJDB41738,SAMD01845255,,,,,CN,,,,,no,2018-03-01,primary,1.0,4.261
SAMD01845256,PRJDB41738,SAMD01845256,,,,,CN,,,,,no,2018-03-01,primary,1.0,4.26
SAMD01845257,PRJDB41738,SAMD01845257,,,,,CN,,,,,no,2018-03-01,primary,1.0,4.261
SAMD01845258,PRJDB41738,SAMD01845258,,,,,CN,,,,,no,2018-03-01,primary,1.0,4.261
SAMD01845259,PRJDB41738,SAMD01845259,,,,,CN,,,,,no,2018-03-01,primary,1.0,4.262
SAMD01845260,PRJDB41738,SAMD01845260,,,,,CN,,,,,no,2018-03-01,primary,1.0,4.456
SAMD01845261,PRJDB41738,SAMD01845261,,,,,CN,,,,,no,2018-03-01,primary,1.0,4.455
SAMD01845262,PRJDB41738,SAMD01845262,,,,,CN,,,,,no,2018-03-01,primary,1.0,4.456
SAMD01845263,PRJDB41738,SAMD01845263,,,,,CN,,,,,no,2018-03-01,primary,1.0,4.456
SAMD01845264,PRJDB41738,SAMD01845264,,,,,CN,,,,,no,2018-03-01,primary,1.0,4.458
SAMD01845265,PRJDB41738,SAMD01845265,,,,,CN,,,,,no,2018-03-01,primary,1.0,4.306
SAMD01845266,PRJDB41738,SAMD01845266,,,,,CN,,,,,no,2018-03-01,primary,1.0,4.305
SAMD01845267,PRJDB41738,SAMD01845267,,,,,CN,,,,,no,2018-03-01,primary,1.0,4.306
SAMD01845268,PRJDB41738,SAMD01845268,,,,,CN,,,,,no,2018-03-01,primary,1.0,4.306
SAMD01845269,PRJDB41738,SAMD01845269,,,,,CN,,,,,no,2018-03-01,primary,1.0,4.307
SAMD01845270,PRJDB41738,SAMD01845270,,,,,CN,,,,,no,2018-03-01,primary,1.0,4.358
SAMD01845271,PRJDB41738,SAMD01845271,,,,,CN,,,,,no,2018-03-01,primary,1.0,4.357
SAMD01845272,PRJDB41738,SAMD01845272,,,,,CN,,,,,no,2018-03-01,primary,1.0,4.357
SAMD01845273,PRJDB41738,SAMD01845273,,,,,CN,,,,,no,2018-03-01,primary,1.0,4.358
SAMD01845274,PRJDB41738,SAMD01845274,,,,,CN,,,,,no,2018-03-01,primary,1.0,4.359
SAMD01845275,PRJDB41738,SAMD01845275,,,,,CN,,,,,no,2018-03-01,primary,1.0,3.959
SAMD01845276,PRJDB41738,SAMD01845276,,,,,CN,,,,,no,2018-03-01,primary,1.0,3.958
SAMD01845277,PRJDB41738,SAMD01845277,,,,,CN,,,,,no,2018-03-01,primary,1.0,3.959
SAMD01845278,PRJDB41738,SAMD01845278,,,,,CN,,,,,no,2018-03-01,primary,1.0,3.959
SAMD01845279,PRJDB41738,SAMD01845279,,,,,CN,,,,,no,2018-03-01,primary,1.0,3.96
SAMD01845280,PRJDB41738,SAMD01845280,,,,,CN,,,,,no,2018-03-01,primary,1.0,4.558
SAMD01845281,PRJDB41738,SAMD01845281,,,,,CN,,,,,no,2018-03-01,primary,1.0,4.557
SAMD01845282,PRJDB41738,SAMD01845282,,,,,CN,,,,,no,2018-03-01,primary,1.0,4.558
SAMD01845283,PRJDB41738,SAMD01845283,,,,,CN,,,,,no,2018-03-01,primary,1.0,4.558
SAMD01845284,PRJDB41738,SAMD01845284,,,,,CN,,,,,no,2018-03-01,primary,1.0,4.559
SAMD01845285,PRJDB41738,SAMD01845285,,,,,CN,,,,,no,2018-03-01,primary,1.0,5.051
SAMD01845286,PRJDB41738,SAMD01845286,,,,,CN,,,,,no,2018-03-01,primary,1.0,5.05
SAMD01845287,PRJDB41738,SAMD01845287,,,,,CN,,,,,no,2018-03-01,primary,1.0,5.051
SAMD01845288,PRJDB41738,SAMD01845288,,,,,CN,,,,,no,2018-03-01,primary,1.0,5.051
SAMD01845289,PRJDB41738,SAMD01845289,,,,,CN,,,,,no,2018-03-01,primary,1.0,5.052
SAMD01845290,PRJDB41738,SAMD01845290,,,,,CN,,,,,no,2018-03-01,primary,1.0,4.318
SAMD01845291,PRJDB41738,SAMD01845291,,,,,CN,,,,,no,2018-03-01,primary,1.0,4.317
SAMD01845292,PRJDB41738,SAMD01845292,,,,,CN,,,,,no,2018-03-01,primary,1.0,4.318
SAMD01845293,PRJDB41738,SAMD01845293,,,,,CN,,,,,no,2018-03-01,primary,1.0,4.318
SAMD01845294,PRJDB41738,SAMD01845294,,,,,CN,,,,,no,2018-03-01,primary,1.0,4.32
SAMD01845295,PRJDB41738,SAMD01845295,,,,,CN,,,,,no,2018-03-01,primary,1.0,4.363
SAMD01845296,PRJDB41738,SAMD01845296,,,,,CN,,,,,no,2018-03-01,primary,1.0,4.362
SAMD01845297,PRJDB41738,SAMD01845297,,,,,CN,,,,,no,2018-03-01,primary,1.0,4.363
SAMD01845298,PRJDB41738,SAMD01845298,,,,,CN,,,,,no,2018-03-01,primary,1.0,4.363
SAMD01845299,PRJDB41738,SAMD01845299,,,,,CN,,,,,no,2018-03-01,primary,1.0,4.364
SAMD01845300,PRJDB41738,SAMD01845300,,,,,CN,,,,,no,2018-03-01,primary,1.0,4.396
SAMD01845301,PRJDB41738,SAMD01845301,,,,,CN,,,,,no,2018-03-01,primary,1.0,4.395
SAMD01845302,PRJDB41738,SAMD01845302,,,,,CN,,,,,no,2018-03-01,primary,1.0,4.396
SAMD01845303,PRJDB41738,SAMD01845303,,,,,CN,,,,,no,2018-03-01,primary,1.0,4.396
SAMD01845304,PRJDB41738,SAMD01845304,,,,,CN,,,,,no,2018-03-01,primary,1.0,4.397
SAMD01845305,PRJDB41738,SAMD01845305,,,,,CN,,,,,no,2018-03-01,primary,1.0,4.583
SAMD01845306,PRJDB41738,SAMD01845306,,,,,CN,,,,,no,2018-03-01,primary,1.0,4.582
SAMD01845307,PRJDB41738,SAMD01845307,,,,,CN,,,,,no,2018-03-01,primary,1.0,4.583
SAMD01845308,PRJDB41738,SAMD01845308,,,,,CN,,,,,no,2018-03-01,primary,1.0,4.583
SAMD01845309,PRJDB41738,SAMD01845309,,,,,CN,,,,,no,2018-03-01,primary,1.0,4.584
SAMD01845310,PRJDB41738,SAMD01845310,,,,,CN,,,,,no,2018-03-01,primary,1.0,4.227
SAMD01845311,PRJDB41738,SAMD01845311,,,,,CN,,,,,no,2018-03-01,primary,1.0,4.226
SAMD01845312,PRJDB41738,SAMD01845312,,,,,CN,,,,,no,2018-03-01,primary,1.0,4.227
SAMD01845313,PRJDB41738,SAMD01845313,,,,,CN,,,,,no,2018-03-01,primary,1.0,4.227
SAMD01845314,PRJDB41738,SAMD01845314,,,,,CN,,,,,no,2018-03-01,primary,1.0,4.228
SAMD01845315,PRJDB41738,SAMD01845315,,,,,CN,,,,,no,2018-03-01,primary,1.0,3.947
SAMD01845316,PRJDB41738,SAMD01845316,,,,,CN,,,,,no,2018-03-01,primary,1.0,3.945
SAMD01845317,PRJDB41738,SAMD01845317,,,,,CN,,,,,no,2018-03-01,primary,1.0,3.947
SAMD01845318,PRJDB41738,SAMD01845318,,,,,CN,,,,,no,2018-03-01,primary,1.0,3.947
SAMD01845319,PRJDB41738,SAMD01845319,,,,,CN,,,,,no,2018-03-01,primary,1.0,3.947
SAMD01845320,PRJDB41738,SAMD01845320,,,,,CN,,,,,no,2018-03-01,primary,1.0,4.204
SAMD01845321,PRJDB41738,SAMD01845321,,,,,CN,,,,,no,2018-03-01,primary,1.0,4.203
SAMD01845322,PRJDB41738,SAMD01845322,,,,,CN,,,,,no,2018-03-01,primary,1.0,4.204
SAMD01845323,PRJDB41738,SAMD01845323,,,,,CN,,,,,no,2018-03-01,primary,1.0,4.204
SAMD01845324,PRJDB41738,SAMD01845324,,,,,CN,,,,,no,2018-03-01,primary,1.0,4.205
SAMD01845325,PRJDB41738,SAMD01845325,,,,,CN,,,,,no,2018-03-01,primary,1.0,4.368
SAMD01845326,PRJDB41738,SAMD01845326,,,,,CN,,,,,no,2018-03-01,primary,1.0,4.367
SAMD01845327,PRJDB41738,SAMD01845327,,,,,CN,,,,,no,2018-03-01,primary,1.0,4.368
SAMD01845328,PRJDB41738,SAMD01845328,,,,,CN,,,,,no,2018-03-01,primary,1.0,4.368
SAMD01845329,PRJDB41738,SAMD01845329,,,,,CN,,,,,no,2018-03-01,primary,1.0,4.369
SAMD01845330,PRJDB41738,SAMD01845330,,,,,CN,,,,,no,2018-03-01,primary,1.0,4.585
SAMD01845331,PRJDB41738,SAMD01845331,,,,,CN,,,,,no,2018-03-01,primary,1.0,4.584
SAMD01845332,PRJDB41738,SAMD01845332,,,,,CN,,,,,no,2018-03-01,primary,1.0,4.585
SAMD01845333,PRJDB41738,SAMD01845333,,,,,CN,,,,,no,2018-03-01,primary,1.0,4.585
SAMD01845334,PRJDB41738,SAMD01845334,,,,,CN,,,,,no,2018-03-01,primary,1.0,4.586
SAMD01845335,PRJDB41738,SAMD01845335,,,,,CN,,,,,no,2018-03-01,primary,1.0,4.114
SAMD01845336,PRJDB41738,SAMD01845336,,,,,CN,,,,,no,2018-03-01,primary,1.0,4.112
SAMD01845337,PRJDB41738,SAMD01845337,,,,,CN,,,,,no,2018-03-01,primary,1.0,4.113
SAMD01845338,PRJDB41738,SAMD01845338,,,,,CN,,,,,no,2018-03-01,primary,1.0,4.114
SAMD01845339,PRJDB41738,SAMD01845339,,,,,CN,,,,,no,2018-03-01,primary,1.0,4.115
SAMD01845340,PRJDB41738,SAMD01845340,,,,,CN,,,,,no,2018-03-01,primary,1.0,4.421
SAMD01845341,PRJDB41738,SAMD01845341,,,,,CN,,,,,no,2018-03-01,primary,1.0,4.42
SAMD01845342,PRJDB41738,SAMD01845342,,,,,CN,,,,,no,2018-03-01,primary,1.0,4.421
SAMD01845343,PRJDB41738,SAMD01845343,,,,,CN,,,,,no,2018-03-01,primary,1.0,4.421
SAMD01845344,PRJDB41738,SAMD01845344,,,,,CN,,,,,no,2018-03-01,primary,1.0,4.423
SAMD01845345,PRJDB41738,SAMD01845345,,,,,CN,,,,,no,2018-03-01,primary,1.0,4.407
SAMD01845346,PRJDB41738,SAMD01845346,,,,,CN,,,,,no,2018-03-01,primary,1.0,4.406
SAMD01845347,PRJDB41738,SAMD01845347,,,,,CN,,,,,no,2018-03-01,primary,1.0,4.407
SAMD01845348,PRJDB41738,SAMD01845348,,,,,CN,,,,,no,2018-03-01,primary,1.0,4.407
SAMD01845349,PRJDB41738,SAMD01845349,,,,,CN,,,,,no,2018-03-01,primary,1.0,4.408
SAMD01845350,PRJDB41738,SAMD01845350,,,,,CN,,,,,no,2018-03-01,primary,1.0,4.29
SAMD01845351,PRJDB41738,SAMD01845351,,,,,CN,,,,,no,2018-03-01,primary,1.0,4.289
SAMD01845352,PRJDB41738,SAMD01845352,,,,,CN,,,,,no,2018-03-01,primary,1.0,4.29
SAMD01845353,PRJDB41738,SAMD01845353,,,,,CN,,,,,no,2018-03-01,primary,1.0,4.291
SAMD01845354,PRJDB41738,SAMD01845354,,,,,CN,,,,,no,2018-03-01,primary,1.0,4.292
SAMD01845355,PRJDB41738,SAMD01845355,,,,,CN,,,,,no,2018-03-01,primary,1.0,3.981
SAMD01845356,PRJDB41738,SAMD01845356,,,,,CN,,,,,no,2018-03-01,primary,1.0,3.98
SAMD01845357,PRJDB41738,SAMD01845357,,,,,CN,,,,,no,2018-03-01,primary,1.0,3.981
SAMD01845358,PRJDB41738,SAMD01845358,,,,,CN,,,,,no,2018-03-01,primary,1.0,3.981
SAMD01845359,PRJDB41738,SAMD01845359,,,,,CN,,,,,no,2018-03-01,primary,1.0,3.982
SAMD01845360,PRJDB41738,SAMD01845360,,,,,CN,,,,,no,2018-03-01,primary,1.0,4.428
SAMD01845361,PRJDB41738,SAMD01845361,,,,,CN,,,,,no,2018-03-01,primary,1.0,4.428
SAMD01845362,PRJDB41738,SAMD01845362,,,,,CN,,,,,no,2018-03-01,primary,1.0,4.429
SAMD01845363,PRJDB41738,SAMD01845363,,,,,CN,,,,,no,2018-03-01,primary,1.0,4.428
SAMD01845364,PRJDB41738,SAMD01845364,,,,,CN,,,,,no,2018-03-01,primary,1.0,4.43
SAMD01845365,PRJDB41738,SAMD01845365,,,,,CN,,,,,no,2018-03-01,primary,1.0,4.871
SAMD01845366,PRJDB41738,SAMD01845366,,,,,CN,,,,,no,2018-03-01,primary,1.0,4.871
SAMD01845367,PRJDB41738,SAMD01845367,,,,,CN,,,,,no,2018-03-01,primary,1.0,4.871
SAMD01845368,PRJDB41738,SAMD01845368,,,,,CN,,,,,no,2018-03-01,primary,1.0,4.872
SAMD01845369,PRJDB41738,SAMD01845369,,,,,CN,,,,,no,2018-03-01,primary,1.0,4.873
SAMD01845370,PRJDB41738,SAMD01845370,,,,,CN,,,,,no,2018-03-01,primary,1.0,4.369
SAMD01845371,PRJDB41738,SAMD01845371,,,,,CN,,,,,no,2018-03-01,primary,1.0,4.368
SAMD01845372,PRJDB41738,SAMD01845372,,,,,CN,,,,,no,2018-03-01,primary,1.0,4.369
SAMD01845373,PRJDB41738,SAMD01845373,,,,,CN,,,,,no,2018-03-01,primary,1.0,4.369
SAMD01845374,PRJDB41738,SAMD01845374,,,,,CN,,,,,no,2018-03-01,primary,1.0,4.37
SAMD01845375,PRJDB41738,SAMD01845375,,,,,CN,,,,,no,2018-03-01,primary,1.0,4.466
SAMD01845376,PRJDB41738,SAMD01845376,,,,,CN,,,,,no,2018-03-01,primary,1.0,4.465
SAMD01845377,PRJDB41738,SAMD01845377,,,,,CN,,,,,no,2018-03-01,primary,1.0,4.466
SAMD01845378,PRJDB41738,SAMD01845378,,,,,CN,,,,,no,2018-03-01,primary,1.0,4.466
SAMD01845379,PRJDB41738,SAMD01845379,,,,,CN,,,,,no,2018-03-01,primary,1.0,4.467
SAMD01845380,PRJDB41738,SAMD01845380,,,,,CN,,,,,no,2018-03-01,primary,1.0,4.24
SAMD01845381,PRJDB41738,SAMD01845381,,,,,CN,,,,,no,2018-03-01,primary,1.0,4.239
SAMD01845382,PRJDB41738,SAMD01845382,,,,,CN,,,,,no,2018-03-01,primary,1.0,4.24
SAMD01845383,PRJDB41738,SAMD01845383,,,,,CN,,,,,no,2018-03-01,primary,1.0,4.24
SAMD01845384,PRJDB41738,SAMD01845384,,,,,CN,,,,,no,2018-03-01,primary,1.0,4.241
SAMD01845385,PRJDB41738,SAMD01845385,,,,,CN,,,,,no,2018-03-01,primary,1.0,4.237
SAMD01845386,PRJDB41738,SAMD01845386,,,,,CN,,,,,no,2018-03-01,primary,1.0,4.236
SAMD01845387,PRJDB41738,SAMD01845387,,,,,CN,,,,,no,2018-03-01,primary,1.0,4.237
SAMD01845388,PRJDB41738,SAMD01845388,,,,,CN,,,,,no,2018-03-01,primary,1.0,4.237
SAMD01845389,PRJDB41738,SAMD01845389,,,,,CN,,,,,no,2018-03-01,primary,1.0,4.239
SAMD01845390,PRJDB41738,SAMD01845390,,,,,CN,,,,,no,2018-03-01,primary,1.0,4.093
SAMD01845391,PRJDB41738,SAMD01845391,,,,,CN,,,,,no,2018-03-01,primary,1.0,4.092
SAMD01845392,PRJDB41738,SAMD01845392,,,,,CN,,,,,no,2018-03-01,primary,1.0,4.093
SAMD01845393,PRJDB41738,SAMD01845393,,,,,CN,,,,,no,2018-03-01,primary,1.0,4.093
SAMD01845394,PRJDB41738,SAMD01845394,,,,,CN,,,,,no,2018-03-01,primary,1.0,4.094
SAMD01845395,PRJDB41738,SAMD01845395,,,,,CN,,,,,no,2018-03-01,primary,1.0,4.323
SAMD01845396,PRJDB41738,SAMD01845396,,,,,CN,,,,,no,2018-03-01,primary,1.0,4.322
SAMD01845397,PRJDB41738,SAMD01845397,,,,,CN,,,,,no,2018-03-01,primary,1.0,4.323
SAMD01845398,PRJDB41738,SAMD01845398,,,,,CN,,,,,no,2018-03-01,primary,1.0,4.323
SAMD01845399,PRJDB41738,SAMD01845399,,,,,CN,,,,,no,2018-03-01,primary,1.0,4.325
SAMD01845400,PRJDB41738,SAMD01845400,,,,,CN,,,,,no,2018-03-01,primary,1.0,4.483
SAMD01845401,PRJDB41738,SAMD01845401,,,,,CN,,,,,no,2018-03-01,primary,1.0,4.482
SAMD01845402,PRJDB41738,SAMD01845402,,,,,CN,,,,,no,2018-03-01,primary,1.0,4.483
SAMD01845403,PRJDB41738,SAMD01845403,,,,,CN,,,,,no,2018-03-01,primary,1.0,4.483
SAMD01845404,PRJDB41738,SAMD01845404,,,,,CN,,,,,no,2018-03-01,primary,1.0,4.485
SAMD01845405,PRJDB41738,SAMD01845405,,,,,CN,,,,,no,2018-03-01,primary,1.0,3.957
SAMD01845406,PRJDB41738,SAMD01845406,,,,,CN,,,,,no,2018-03-01,primary,1.0,3.956
SAMD01845407,PRJDB41738,SAMD01845407,,,,,CN,,,,,no,2018-03-01,primary,1.0,3.957
SAMD01845408,PRJDB41738,SAMD01845408,,,,,CN,,,,,no,2018-03-01,primary,1.0,3.957
SAMD01845409,PRJDB41738,SAMD01845409,,,,,CN,,,,,no,2018-03-01,primary,1.0,3.958
SAMD01845410,PRJDB41738,SAMD01845410,,,,,CN,,,,,no,2018-03-01,primary,1.0,4.123
SAMD01845411,PRJDB41738,SAMD01845411,,,,,CN,,,,,no,2018-03-01,primary,1.0,4.121
SAMD01845412,PRJDB41738,SAMD01845412,,,,,CN,,,,,no,2018-03-01,primary,1.0,4.122
SAMD01845413,PRJDB41738,SAMD01845413,,,,,CN,,,,,no,2018-03-01,primary,1.0,4.123
SAMD01845414,PRJDB41738,SAMD01845414,,,,,CN,,,,,no,2018-03-01,primary,1.0,4.124
SAMD01845415,PRJDB41738,SAMD01845415,,,,,CN,,,,,no,2018-03-01,primary,1.0,4.273
SAMD01845416,PRJDB41738,SAMD01845416,,,,,CN,,,,,no,2018-03-01,primary,1.0,4.272
SAMD01845417,PRJDB41738,SAMD01845417,,,,,CN,,,,,no,2018-03-01,primary,1.0,4.273
SAMD01845418,PRJDB41738,SAMD01845418,,,,,CN,,,,,no,2018-03-01,primary,1.0,4.273
SAMD01845419,PRJDB41738,SAMD01845419,,,,,CN,,,,,no,2018-03-01,primary,1.0,4.274
SAMD01845420,PRJDB41738,SAMD01845420,,,,,CN,,,,,no,2018-03-01,primary,1.0,4.252
SAMD01845421,PRJDB41738,SAMD01845421,,,,,CN,,,,,no,2018-03-01,primary,1.0,4.25
SAMD01845422,PRJDB41738,SAMD01845422,,,,,CN,,,,,no,2018-03-01,primary,1.0,4.252
SAMD01845423,PRJDB41738,SAMD01845423,,,,,CN,,,,,no,2018-03-01,primary,1.0,4.252
SAMD01845424,PRJDB41738,SAMD01845424,,,,,CN,,,,,no,2018-03-01,primary,1.0,4.253
SAMD01845425,PRJDB41738,SAMD01845425,,,,,CN,,,,,no,2018-03-01,primary,1.0,4.273
SAMD01845426,PRJDB41738,SAMD01845426,,,,,CN,,,,,no,2018-03-01,primary,1.0,4.272
SAMD01845427,PRJDB41738,SAMD01845427,,,,,CN,,,,,no,2018-03-01,primary,1.0,4.273
SAMD01845428,PRJDB41738,SAMD01845428,,,,,CN,,,,,no,2018-03-01,primary,1.0,4.273
SAMD01845429,PRJDB41738,SAMD01845429,,,,,CN,,,,,no,2018-03-01,primary,1.0,4.274
SAMD01845430,PRJDB41738,SAMD01845430,,,,,CN,,,,,no,2018-03-01,primary,1.0,4.114
SAMD01845431,PRJDB41738,SAMD01845431,,,,,CN,,,,,no,2018-03-01,primary,1.0,4.113
SAMD01845432,PRJDB41738,SAMD01845432,,,,,CN,,,,,no,2018-03-01,primary,1.0,4.114
SAMD01845433,PRJDB41738,SAMD01845433,,,,,CN,,,,,no,2018-03-01,primary,1.0,4.114
SAMD01845434,PRJDB41738,SAMD01845434,,,,,CN,,,,,no,2018-03-01,primary,1.0,4.115
SAMD01845435,PRJDB41738,SAMD01845435,,,,,CN,,,,,no,2018-03-01,primary,1.0,4.435
SAMD01845436,PRJDB41738,SAMD01845436,,,,,CN,,,,,no,2018-03-01,primary,1.0,4.434
SAMD01845437,PRJDB41738,SAMD01845437,,,,,CN,,,,,no,2018-03-01,primary,1.0,4.435
SAMD01845438,PRJDB41738,SAMD01845438,,,,,CN,,,,,no,2018-03-01,primary,1.0,4.435
SAMD01845439,PRJDB41738,SAMD01845439,,,,,CN,,,,,no,2018-03-01,primary,1.0,4.437
SAMD01845440,PRJDB41738,SAMD01845440,,,,,CN,,,,,no,2018-03-01,primary,1.0,4.461
SAMD01845441,PRJDB41738,SAMD01845441,,,,,CN,,,,,no,2018-03-01,primary,1.0,4.46
SAMD01845442,PRJDB41738,SAMD01845442,,,,,CN,,,,,no,2018-03-01,primary,1.0,4.461
SAMD01845443,PRJDB41738,SAMD01845443,,,,,CN,,,,,no,2018-03-01,primary,1.0,4.46
SAMD01845444,PRJDB41738,SAMD01845444,,,,,CN,,,,,no,2018-03-01,primary,1.0,4.462
SAMD01845445,PRJDB41738,SAMD01845445,,,,,CN,,,,,no,2018-03-01,primary,1.0,4.099
SAMD01845446,PRJDB41738,SAMD01845446,,,,,CN,,,,,no,2018-03-01,primary,1.0,4.098
SAMD01845447,PRJDB41738,SAMD01845447,,,,,CN,,,,,no,2018-03-01,primary,1.0,4.099
SAMD01845448,PRJDB41738,SAMD01845448,,,,,CN,,,,,no,2018-03-01,primary,1.0,4.099
SAMD01845449,PRJDB41738,SAMD01845449,,,,,CN,,,,,no,2018-03-01,primary,1.0,4.1
SAMD01845450,PRJDB41738,SAMD01845450,,,,,CN,,,,,no,2018-03-01,primary,1.0,4.217
SAMD01845451,PRJDB41738,SAMD01845451,,,,,CN,,,,,no,2018-03-01,primary,1.0,4.216
SAMD01845452,PRJDB41738,SAMD01845452,,,,,CN,,,,,no,2018-03-01,primary,1.0,4.217
SAMD01845453,PRJDB41738,SAMD01845453,,,,,CN,,,,,no,2018-03-01,primary,1.0,4.217
SAMD01845454,PRJDB41738,SAMD01845454,,,,,CN,,,,,no,2018-03-01,primary,1.0,4.219
SAMD01845455,PRJDB41738,SAMD01845455,,,,,CN,,,,,no,2018-03-01,primary,1.0,4.278
SAMD01845456,PRJDB41738,SAMD01845456,,,,,CN,,,,,no,2018-03-01,primary,1.0,4.277
SAMD01845457,PRJDB41738,SAMD01845457,,,,,CN,,,,,no,2018-03-01,primary,1.0,4.279
SAMD01845458,PRJDB41738,SAMD01845458,,,,,CN,,,,,no,2018-03-01,primary,1.0,4.279
SAMD01845459,PRJDB41738,SAMD01845459,,,,,CN,,,,,no,2018-03-01,primary,1.0,4.28
SAMD01845460,PRJDB41738,SAMD01845460,,,,,CN,,,,,no,2018-03-01,primary,1.0,4.189
SAMD01845461,PRJDB41738,SAMD01845461,,,,,CN,,,,,no,2018-03-01,primary,1.0,4.188
SAMD01845462,PRJDB41738,SAMD01845462,,,,,CN,,,,,no,2018-03-01,primary,1.0,4.189
SAMD01845463,PRJDB41738,SAMD01845463,,,,,CN,,,,,no,2018-03-01,primary,1.0,4.189
SAMD01845464,PRJDB41738,SAMD01845464,,,,,CN,,,,,no,2018-03-01,primary,1.0,4.19
SAMD01845465,PRJDB41738,SAMD01845465,,,,,CN,,,,,no,2018-03-01,primary,1.0,4.508
SAMD01845466,PRJDB41738,SAMD01845466,,,,,CN,,,,,no,2018-03-01,primary,1.0,4.507
SAMD01845467,PRJDB41738,SAMD01845467,,,,,CN,,,,,no,2018-03-01,primary,1.0,4.508
SAMD01845468,PRJDB41738,SAMD01845468,,,,,CN,,,,,no,2018-03-01,primary,1.0,4.508
SAMD01845469,PRJDB41738,SAMD01845469,,,,,CN,,,,,no,2018-03-01,primary,1.0,4.509
SAMD01845470,PRJDB41738,SAMD01845470,,,,,CN,,,,,no,2018-03-01,primary,1.0,4.401
SAMD01845471,PRJDB41738,SAMD01845471,,,,,CN,,,,,no,2018-03-01,primary,1.0,4.4
SAMD01845472,PRJDB41738,SAMD01845472,,,,,CN,,,,,no,2018-03-01,primary,1.0,4.401
SAMD01845473,PRJDB41738,SAMD01845473,,,,,CN,,,,,no,2018-03-01,primary,1.0,4.401
SAMD01845474,PRJDB41738,SAMD01845474,,,,,CN,,,,,no,2018-03-01,primary,1.0,4.403
SAMD01845475,PRJDB41738,SAMD01845475,,,,,CN,,,,,no,2018-03-01,primary,1.0,4.306
SAMD01845476,PRJDB41738,SAMD01845476,,,,,CN,,,,,no,2018-03-01,primary,1.0,4.304
SAMD01845477,PRJDB41738,SAMD01845477,,,,,CN,,,,,no,2018-03-01,primary,1.0,4.306
SAMD01845478,PRJDB41738,SAMD01845478,,,,,CN,,,,,no,2018-03-01,primary,1.0,4.306
SAMD01845479,PRJDB41738,SAMD01845479,,,,,CN,,,,,no,2018-03-01,primary,1.0,4.307
SAMD01845480,PRJDB41738,SAMD01845480,,,,,CN,,,,,no,2018-03-01,primary,1.0,4.456
SAMD01845481,PRJDB41738,SAMD01845481,,,,,CN,,,,,no,2018-03-01,primary,1.0,4.455
SAMD01845482,PRJDB41738,SAMD01845482,,,,,CN,,,,,no,2018-03-01,primary,1.0,4.456
SAMD01845483,PRJDB41738,SAMD01845483,,,,,CN,,,,,no,2018-03-01,primary,1.0,4.456
SAMD01845484,PRJDB41738,SAMD01845484,,,,,CN,,,,,no,2018-03-01,primary,1.0,4.458
SAMD01845485,PRJDB41738,SAMD01845485,,,,,CN,,,,,no,2018-03-01,primary,1.0,4.463
SAMD01845486,PRJDB41738,SAMD01845486,,,,,CN,,,,,no,2018-03-01,primary,1.0,4.462
SAMD01845487,PRJDB41738,SAMD01845487,,,,,CN,,,,,no,2018-03-01,primary,1.0,4.463
SAMD01845488,PRJDB41738,SAMD01845488,,,,,CN,,,,,no,2018-03-01,primary,1.0,4.463
SAMD01845489,PRJDB41738,SAMD01845489,,,,,CN,,,,,no,2018-03-01,primary,1.0,4.465
SAMD01845490,PRJDB41738,SAMD01845490,,,,,CN,,,,,no,2018-03-01,primary,1.0,4.31
SAMD01845491,PRJDB41738,SAMD01845491,,,,,CN,,,,,no,2018-03-01,primary,1.0,4.309
SAMD01845492,PRJDB41738,SAMD01845492,,,,,CN,,,,,no,2018-03-01,primary,1.0,4.31
SAMD01845493,PRJDB41738,SAMD01845493,,,,,CN,,,,,no,2018-03-01,primary,1.0,4.31
SAMD01845494,PRJDB41738,SAMD01845494,,,,,CN,,,,,no,2018-03-01,primary,1.0,4.311
SAMD01845495,PRJDB41738,SAMD01845495,,,,,CN,,,,,no,2018-03-01,primary,1.0,4.232
SAMD01845496,PRJDB41738,SAMD01845496,,,,,CN,,,,,no,2018-03-01,primary,1.0,4.231
SAMD01845497,PRJDB41738,SAMD01845497,,,,,CN,,,,,no,2018-03-01,primary,1.0,4.232
SAMD01845498,PRJDB41738,SAMD01845498,,,,,CN,,,,,no,2018-03-01,primary,1.0,4.232
SAMD01845499,PRJDB41738,SAMD01845499,,,,,CN,,,,,no,2018-03-01,primary,1.0,4.233
SAMD01845500,PRJDB41738,SAMD01845500,,,,,CN,,,,,no,2018-03-01,primary,1.0,4.107
SAMD01845501,PRJDB41738,SAMD01845501,,,,,CN,,,,,no,2018-03-01,primary,1.0,4.105
SAMD01845502,PRJDB41738,SAMD01845502,,,,,CN,,,,,no,2018-03-01,primary,1.0,4.107
SAMD01845503,PRJDB41738,SAMD01845503,,,,,CN,,,,,no,2018-03-01,primary,1.0,4.107
SAMD01845504,PRJDB41738,SAMD01845504,,,,,CN,,,,,no,2018-03-01,primary,1.0,4.108
SAMD01845505,PRJDB41738,SAMD01845505,,,,,CN,,,,,no,2018-03-01,primary,1.0,4.233
SAMD01845506,PRJDB41738,SAMD01845506,,,,,CN,,,,,no,2018-03-01,primary,1.0,4.232
SAMD01845507,PRJDB41738,SAMD01845507,,,,,CN,,,,,no,2018-03-01,primary,1.0,4.233
SAMD01845508,PRJDB41738,SAMD01845508,,,,,CN,,,,,no,2018-03-01,primary,1.0,4.233
SAMD01845509,PRJDB41738,SAMD01845509,,,,,CN,,,,,no,2018-03-01,primary,1.0,4.234
SAMD01845510,PRJDB41738,SAMD01845510,,,,,CN,,,,,no,2018-03-01,primary,1.0,4.343
SAMD01845511,PRJDB41738,SAMD01845511,,,,,CN,,,,,no,2018-03-01,primary,1.0,4.342
SAMD01845512,PRJDB41738,SAMD01845512,,,,,CN,,,,,no,2018-03-01,primary,1.0,4.343
SAMD01845513,PRJDB41738,SAMD01845513,,,,,CN,,,,,no,2018-03-01,primary,1.0,4.343
SAMD01845514,PRJDB41738,SAMD01845514,,,,,CN,,,,,no,2018-03-01,primary,1.0,4.344
SAMD01845515,PRJDB41738,SAMD01845515,,,,,CN,,,,,no,2018-03-01,primary,1.0,4.626
SAMD01845516,PRJDB41738,SAMD01845516,,,,,CN,,,,,no,2018-03-01,primary,1.0,4.625
SAMD01845517,PRJDB41738,SAMD01845517,,,,,CN,,,,,no,2018-03-01,primary,1.0,4.626
SAMD01845518,PRJDB41738,SAMD01845518,,,,,CN,,,,,no,2018-03-01,primary,1.0,4.626
SAMD01845519,PRJDB41738,SAMD01845519,,,,,CN,,,,,no,2018-03-01,primary,1.0,4.627
SAMD01845520,PRJDB41738,SAMD01845520,,,,,CN,,,,,no,2018-03-01,primary,1.0,4.293
SAMD01845521,PRJDB41738,SAMD01845521,,,,,CN,,,,,no,2018-03-01,primary,1.0,4.292
SAMD01845522,PRJDB41738,SAMD01845522,,,,,CN,,,,,no,2018-03-01,primary,1.0,4.293
SAMD01845523,PRJDB41738,SAMD01845523,,,,,CN,,,,,no,2018-03-01,primary,1.0,4.293
SAMD01845524,PRJDB41738,SAMD01845524,,,,,CN,,,,,no,2018-03-01,primary,1.0,4.294
SAMD01845525,PRJDB41738,SAMD01845525,,,,,CN,,,,,no,2018-03-01,primary,1.0,4.213
SAMD01845526,PRJDB41738,SAMD01845526,,,,,CN,,,,,no,2018-03-01,primary,1.0,4.212
SAMD01845527,PRJDB41738,SAMD01845527,,,,,CN,,,,,no,2018-03-01,primary,1.0,4.213
SAMD01845528,PRJDB41738,SAMD01845528,,,,,CN,,,,,no,2018-03-01,primary,1.0,4.213
SAMD01845529,PRJDB41738,SAMD01845529,,,,,CN,,,,,no,2018-03-01,primary,1.0,4.215
SAMD01845530,PRJDB41738,SAMD01845530,,,,,CN,,,,,no,2018-03-01,primary,1.0,3.92
SAMD01845531,PRJDB41738,SAMD01845531,,,,,CN,,,,,no,2018-03-01,primary,1.0,3.919
SAMD01845532,PRJDB41738,SAMD01845532,,,,,CN,,,,,no,2018-03-01,primary,1.0,3.92
SAMD01845533,PRJDB41738,SAMD01845533,,,,,CN,,,,,no,2018-03-01,primary,1.0,3.92
SAMD01845534,PRJDB41738,SAMD01845534,,,,,CN,,,,,no,2018-03-01,primary,1.0,3.921
SAMD01845535,PRJDB41738,SAMD01845535,,,,,CN,,,,,no,2018-03-01,primary,1.0,4.254
SAMD01845536,PRJDB41738,SAMD01845536,,,,,CN,,,,,no,2018-03-01,primary,1.0,4.253
SAMD01845537,PRJDB41738,SAMD01845537,,,,,CN,,,,,no,2018-03-01,primary,1.0,4.254
SAMD01845538,PRJDB41738,SAMD01845538,,,,,CN,,,,,no,2018-03-01,primary,1.0,4.255
SAMD01845539,PRJDB41738,SAMD01845539,,,,,CN,,,,,no,2018-03-01,primary,1.0,4.256
SAMD01845540,PRJDB41738,SAMD01845540,,,,,CN,,,,,no,2018-03-01,primary,1.0,4.268
SAMD01845541,PRJDB41738,SAMD01845541,,,,,CN,,,,,no,2018-03-01,primary,1.0,4.267
SAMD01845542,PRJDB41738,SAMD01845542,,,,,CN,,,,,no,2018-03-01,primary,1.0,4.268
SAMD01845543,PRJDB41738,SAMD01845543,,,,,CN,,,,,no,2018-03-01,primary,1.0,4.269
SAMD01845544,PRJDB41738,SAMD01845544,,,,,CN,,,,,no,2018-03-01,primary,1.0,4.27
SAMD01845545,PRJDB41738,SAMD01845545,,,,,CN,,,,,no,2018-03-01,primary,1.0,4.333
SAMD01845546,PRJDB41738,SAMD01845546,,,,,CN,,,,,no,2018-03-01,primary,1.0,4.332
SAMD01845547,PRJDB41738,SAMD01845547,,,,,CN,,,,,no,2018-03-01,primary,1.0,4.333
SAMD01845548,PRJDB41738,SAMD01845548,,,,,CN,,,,,no,2018-03-01,primary,1.0,4.333
SAMD01845549,PRJDB41738,SAMD01845549,,,,,CN,,,,,no,2018-03-01,primary,1.0,4.335
SAMD01845550,PRJDB41738,SAMD01845550,,,,,CN,,,,,no,2018-03-01,primary,1.0,4.762
SAMD01845551,PRJDB41738,SAMD01845551,,,,,CN,,,,,no,2018-03-01,primary,1.0,4.761
SAMD01845552,PRJDB41738,SAMD01845552,,,,,CN,,,,,no,2018-03-01,primary,1.0,4.762
SAMD01845553,PRJDB41738,SAMD01845553,,,,,CN,,,,,no,2018-03-01,primary,1.0,4.762
SAMD01845554,PRJDB41738,SAMD01845554,,,,,CN,,,,,no,2018-03-01,primary,1.0,4.763
SAMD01845555,PRJDB41738,SAMD01845555,,,,,CN,,,,,no,2018-03-01,primary,1.0,4.839
SAMD01845556,PRJDB41738,SAMD01845556,,,,,CN,,,,,no,2018-03-01,primary,1.0,4.838
SAMD01845557,PRJDB41738,SAMD01845557,,,,,CN,,,,,no,2018-03-01,primary,1.0,4.839
SAMD01845558,PRJDB41738,SAMD01845558,,,,,CN,,,,,no,2018-03-01,primary,1.0,4.839
SAMD01845559,PRJDB41738,SAMD01845559,,,,,CN,,,,,no,2018-03-01,primary,1.0,4.84
SAMD01845560,PRJDB41738,SAMD01845560,,,,,CN,,,,,no,2018-03-01,primary,1.0,4.063
SAMD01845561,PRJDB41738,SAMD01845561,,,,,CN,,,,,no,2018-03-01,primary,1.0,4.062
SAMD01845562,PRJDB41738,SAMD01845562,,,,,CN,,,,,no,2018-03-01,primary,1.0,4.063
SAMD01845563,PRJDB41738,SAMD01845563,,,,,CN,,,,,no,2018-03-01,primary,1.0,4.063
SAMD01845564,PRJDB41738,SAMD01845564,,,,,CN,,,,,no,2018-03-01,primary,1.0,4.064
SAMD01845565,PRJDB41738,SAMD01845565,,,,,CN,,,,,no,2018-03-01,primary,1.0,4.378
SAMD01845566,PRJDB41738,SAMD01845566,,,,,CN,,,,,no,2018-03-01,primary,1.0,4.377
SAMD01845567,PRJDB41738,SAMD01845567,,,,,CN,,,,,no,2018-03-01,primary,1.0,4.378
SAMD01845568,PRJDB41738,SAMD01845568,,,,,CN,,,,,no,2018-03-01,primary,1.0,4.378
SAMD01845569,PRJDB41738,SAMD01845569,,,,,CN,,,,,no,2018-03-01,primary,1.0,4.379
SAMD01845570,PRJDB41738,SAMD01845570,,,,,CN,,,,,no,2018-03-01,primary,1.0,4.062
SAMD01845571,PRJDB41738,SAMD01845571,,,,,CN,,,,,no,2018-03-01,primary,1.0,4.061
SAMD01845572,PRJDB41738,SAMD01845572,,,,,CN,,,,,no,2018-03-01,primary,1.0,4.062
SAMD01845573,PRJDB41738,SAMD01845573,,,,,CN,,,,,no,2018-03-01,primary,1.0,4.062
SAMD01845574,PRJDB41738,SAMD01845574,,,,,CN,,,,,no,2018-03-01,primary,1.0,4.063
SAMD01845575,PRJDB41738,SAMD01845575,,,,,CN,,,,,no,2018-03-01,primary,1.0,4.308
SAMD01845576,PRJDB41738,SAMD01845576,,,,,CN,,,,,no,2018-03-01,primary,1.0,4.307
SAMD01845577,PRJDB41738,SAMD01845577,,,,,CN,,,,,no,2018-03-01,primary,1.0,4.308
SAMD01845578,PRJDB41738,SAMD01845578,,,,,CN,,,,,no,2018-03-01,primary,1.0,4.308
SAMD01845579,PRJDB41738,SAMD01845579,,,,,CN,,,,,no,2018-03-01,primary,1.0,4.31
SAMD01845580,PRJDB41738,SAMD01845580,,,,,CN,,,,,no,2018-03-01,primary,1.0,4.275
SAMD01845581,PRJDB41738,SAMD01845581,,,,,CN,,,,,no,2018-03-01,primary,1.0,4.274
SAMD01845582,PRJDB41738,SAMD01845582,,,,,CN,,,,,no,2018-03-01,primary,1.0,4.275
SAMD01845583,PRJDB41738,SAMD01845583,,,,,CN,,,,,no,2018-03-01,primary,1.0,4.275
SAMD01845584,PRJDB41738,SAMD01845584,,,,,CN,,,,,no,2018-03-01,primary,1.0,4.276
SAMD01845585,PRJDB41738,SAMD01845585,,,,,CN,,,,,no,2018-03-01,primary,1.0,4.411
SAMD01845586,PRJDB41738,SAMD01845586,,,,,CN,,,,,no,2018-03-01,primary,1.0,4.411
SAMD01845587,PRJDB41738,SAMD01845587,,,,,CN,,,,,no,2018-03-01,primary,1.0,4.412
SAMD01845588,PRJDB41738,SAMD01845588,,,,,CN,,,,,no,2018-03-01,primary,1.0,4.412
SAMD01845589,PRJDB41738,SAMD01845589,,,,,CN,,,,,no,2018-03-01,primary,1.0,4.413
SAMD01845590,PRJDB41738,SAMD01845590,,,,,CN,,,,,no,2018-03-01,primary,1.0,4.157
SAMD01845591,PRJDB41738,SAMD01845591,,,,,CN,,,,,no,2018-03-01,primary,1.0,4.156
SAMD01845592,PRJDB41738,SAMD01845592,,,,,CN,,,,,no,2018-03-01,primary,1.0,4.157
SAMD01845593,PRJDB41738,SAMD01845593,,,,,CN,,,,,no,2018-03-01,primary,1.0,4.157
SAMD01845594,PRJDB41738,SAMD01845594,,,,,CN,,,,,no,2018-03-01,primary,1.0,4.158
SAMD01845595,PRJDB41738,SAMD01845595,,,,,CN,,,,,no,2018-03-01,primary,1.0,3.979
SAMD01845596,PRJDB41738,SAMD01845596,,,,,CN,,,,,no,2018-03-01,primary,1.0,3.978
SAMD01845597,PRJDB41738,SAMD01845597,,,,,CN,,,,,no,2018-03-01,primary,1.0,3.979
SAMD01845598,PRJDB41738,SAMD01845598,,,,,CN,,,,,no,2018-03-01,primary,1.0,3.979
SAMD01845599,PRJDB41738,SAMD01845599,,,,,CN,,,,,no,2018-03-01,primary,1.0,3.98
SAMD01845600,PRJDB41738,SAMD01845600,,,,,CN,,,,,no,2018-03-01,primary,1.0,4.358
SAMD01845601,PRJDB41738,SAMD01845601,,,,,CN,,,,,no,2018-03-01,primary,1.0,4.357
SAMD01845602,PRJDB41738,SAMD01845602,,,,,CN,,,,,no,2018-03-01,primary,1.0,4.358
SAMD01845603,PRJDB41738,SAMD01845603,,,,,CN,,,,,no,2018-03-01,primary,1.0,4.358
SAMD01845604,PRJDB41738,SAMD01845604,,,,,CN,,,,,no,2018-03-01,primary,1.0,4.359
SAMD01845605,PRJDB41738,SAMD01845605,,,,,CN,,,,,no,2018-03-01,primary,1.0,4.132
SAMD01845606,PRJDB41738,SAMD01845606,,,,,CN,,,,,no,2018-03-01,primary,1.0,4.131
SAMD01845607,PRJDB41738,SAMD01845607,,,,,CN,,,,,no,2018-03-01,primary,1.0,4.132
SAMD01845608,PRJDB41738,SAMD01845608,,,,,CN,,,,,no,2018-03-01,primary,1.0,4.132
SAMD01845609,PRJDB41738,SAMD01845609,,,,,CN,,,,,no,2018-03-01,primary,1.0,4.133
SAMD01845610,PRJDB41738,SAMD01845610,,,,,CN,,,,,no,2018-03-01,primary,1.0,4.206
SAMD01845611,PRJDB41738,SAMD01845611,,,,,CN,,,,,no,2018-03-01,primary,1.0,4.205
SAMD01845612,PRJDB41738,SAMD01845612,,,,,CN,,,,,no,2018-03-01,primary,1.0,4.206
SAMD01845613,PRJDB41738,SAMD01845613,,,,,CN,,,,,no,2018-03-01,primary,1.0,4.206
SAMD01845614,PRJDB41738,SAMD01845614,,,,,CN,,,,,no,2018-03-01,primary,1.0,4.207
SAMD01845615,PRJDB41738,SAMD01845615,,,,,CN,,,,,no,2018-03-01,primary,1.0,4.349
SAMD01845616,PRJDB41738,SAMD01845616,,,,,CN,,,,,no,2018-03-01,primary,1.0,4.348
SAMD01845617,PRJDB41738,SAMD01845617,,,,,CN,,,,,no,2018-03-01,primary,1.0,4.349
SAMD01845618,PRJDB41738,SAMD01845618,,,,,CN,,,,,no,2018-03-01,primary,1.0,4.349
SAMD01845619,PRJDB41738,SAMD01845619,,,,,CN,,,,,no,2018-03-01,primary,1.0,4.35
SAMD01845620,PRJDB41738,SAMD01845620,,,,,CN,,,,,no,2018-03-01,primary,1.0,4.289
SAMD01845621,PRJDB41738,SAMD01845621,,,,,CN,,,,,no,2018-03-01,primary,1.0,4.288
SAMD01845622,PRJDB41738,SAMD01845622,,,,,CN,,,,,no,2018-03-01,primary,1.0,4.289
SAMD01845623,PRJDB41738,SAMD01845623,,,,,CN,,,,,no,2018-03-01,primary,1.0,4.289
SAMD01845624,PRJDB41738,SAMD01845624,,,,,CN,,,,,no,2018-03-01,primary,1.0,4.29
SAMD01845625,PRJDB41738,SAMD01845625,,,,,CN,,,,,no,2018-03-01,primary,1.0,3.932
SAMD01845626,PRJDB41738,SAMD01845626,,,,,CN,,,,,no,2018-03-01,primary,1.0,3.931
SAMD01845627,PRJDB41738,SAMD01845627,,,,,CN,,,,,no,2018-03-01,primary,1.0,3.932
SAMD01845628,PRJDB41738,SAMD01845628,,,,,CN,,,,,no,2018-03-01,primary,1.0,3.932
SAMD01845629,PRJDB41738,SAMD01845629,,,,,CN,,,,,no,2018-03-01,primary,1.0,3.933
SAMD01845630,PRJDB41738,SAMD01845630,,,,,CN,,,,,no,2018-03-01,primary,1.0,4.576
SAMD01845631,PRJDB41738,SAMD01845631,,,,,CN,,,,,no,2018-03-01,primary,1.0,4.576
SAMD01845632,PRJDB41738,SAMD01845632,,,,,CN,,,,,no,2018-03-01,primary,1.0,4.576
SAMD01845633,PRJDB41738,SAMD01845633,,,,,CN,,,,,no,2018-03-01,primary,1.0,4.576
SAMD01845634,PRJDB41738,SAMD01845634,,,,,CN,,,,,no,2018-03-01,primary,1.0,4.577
SAMD01845635,PRJDB41738,SAMD01845635,,,,,CN,,,,,no,2018-03-01,primary,1.0,4.677
SAMD01845636,PRJDB41738,SAMD01845636,,,,,CN,,,,,no,2018-03-01,primary,1.0,4.676
SAMD01845637,PRJDB41738,SAMD01845637,,,,,CN,,,,,no,2018-03-01,primary,1.0,4.676
SAMD01845638,PRJDB41738,SAMD01845638,,,,,CN,,,,,no,2018-03-01,primary,1.0,4.677
SAMD01845639,PRJDB41738,SAMD01845639,,,,,CN,,,,,no,2018-03-01,primary,1.0,4.678
SAMD01845640,PRJDB41738,SAMD01845640,,,,,CN,,,,,no,2018-03-01,primary,1.0,4.315
SAMD01845641,PRJDB41738,SAMD01845641,,,,,CN,,,,,no,2018-03-01,primary,1.0,4.314
SAMD01845642,PRJDB41738,SAMD01845642,,,,,CN,,,,,no,2018-03-01,primary,1.0,4.315
SAMD01845643,PRJDB41738,SAMD01845643,,,,,CN,,,,,no,2018-03-01,primary,1.0,4.315
SAMD01845644,PRJDB41738,SAMD01845644,,,,,CN,,,,,no,2018-03-01,primary,1.0,4.316
SAMD01845645,PRJDB41738,SAMD01845645,,,,,CN,,,,,no,2018-03-01,primary,1.0,4.032
SAMD01845646,PRJDB41738,SAMD01845646,,,,,CN,,,,,no,2018-03-01,primary,1.0,4.031
SAMD01845647,PRJDB41738,SAMD01845647,,,,,CN,,,,,no,2018-03-01,primary,1.0,4.032
SAMD01845648,PRJDB41738,SAMD01845648,,,,,CN,,,,,no,2018-03-01,primary,1.0,4.032
SAMD01845649,PRJDB41738,SAMD01845649,,,,,CN,,,,,no,2018-03-01,primary,1.0,4.033
SAMD01845650,PRJDB41738,SAMD01845650,,,,,CN,,,,,no,2018-03-01,primary,1.0,4.54
SAMD01845651,PRJDB41738,SAMD01845651,,,,,CN,,,,,no,2018-03-01,primary,1.0,4.539
SAMD01845652,PRJDB41738,SAMD01845652,,,,,CN,,,,,no,2018-03-01,primary,1.0,4.54
SAMD01845653,PRJDB41738,SAMD01845653,,,,,CN,,,,,no,2018-03-01,primary,1.0,4.54
SAMD01845654,PRJDB41738,SAMD01845654,,,,,CN,,,,,no,2018-03-01,primary,1.0,4.541
SAMD01845655,PRJDB41738,SAMD01845655,,,,,CN,,,,,no,2018-03-01,primary,1.0,3.944
SAMD01845656,PRJDB41738,SAMD01845656,,,,,CN,,,,,no,2018-03-01,primary,1.0,3.942
SAMD01845657,PRJDB41738,SAMD01845657,,,,,CN,,,,,no,2018-03-01,primary,1.0,3.943
SAMD01845658,PRJDB41738,SAMD01845658,,,,,CN,,,,,no,2018-03-01,primary,1.0,3.944
SAMD01845659,PRJDB41738,SAMD01845659,,,,,CN,,,,,no,2018-03-01,primary,1.0,3.944
SAMD01845660,PRJDB41738,SAMD01845660,,,,,CN,,,,,no,2018-03-01,primary,1.0,4.265
SAMD01845661,PRJDB41738,SAMD01845661,,,,,CN,,,,,no,2018-03-01,primary,1.0,4.264
SAMD01845662,PRJDB41738,SAMD01845662,,,,,CN,,,,,no,2018-03-01,primary,1.0,4.265
SAMD01845663,PRJDB41738,SAMD01845663,,,,,CN,,,,,no,2018-03-01,primary,1.0,4.265
SAMD01845664,PRJDB41738,SAMD01845664,,,,,CN,,,,,no,2018-03-01,primary,1.0,4.267
SAMD01845665,PRJDB41738,SAMD01845665,,,,,CN,,,,,no,2018-03-01,primary,1.0,4.185
SAMD01845666,PRJDB41738,SAMD01845666,,,,,CN,,,,,no,2018-03-01,primary,1.0,4.184
SAMD01845667,PRJDB41738,SAMD01845667,,,,,CN,,,,,no,2018-03-01,primary,1.0,4.185
SAMD01845668,PRJDB41738,SAMD01845668,,,,,CN,,,,,no,2018-03-01,primary,1.0,4.185
SAMD01845669,PRJDB41738,SAMD01845669,,,,,CN,,,,,no,2018-03-01,primary,1.0,4.186
SAMD01845670,PRJDB41738,SAMD01845670,,,,,CN,,,,,no,2018-03-01,primary,1.0,4.145
SAMD01845671,PRJDB41738,SAMD01845671,,,,,CN,,,,,no,2018-03-01,primary,1.0,4.144
SAMD01845672,PRJDB41738,SAMD01845672,,,,,CN,,,,,no,2018-03-01,primary,1.0,4.145
SAMD01845673,PRJDB41738,SAMD01845673,,,,,CN,,,,,no,2018-03-01,primary,1.0,4.146
SAMD01845674,PRJDB41738,SAMD01845674,,,,,CN,,,,,no,2018-03-01,primary,1.0,4.147
SAMD01845675,PRJDB41738,SAMD01845675,,,,,CN,,,,,no,2018-03-01,primary,1.0,4.121
SAMD01845676,PRJDB41738,SAMD01845676,,,,,CN,,,,,no,2018-03-01,primary,1.0,4.12
SAMD01845677,PRJDB41738,SAMD01845677,,,,,CN,,,,,no,2018-03-01,primary,1.0,4.121
SAMD01845678,PRJDB41738,SAMD01845678,,,,,CN,,,,,no,2018-03-01,primary,1.0,4.121
SAMD01845679,PRJDB41738,SAMD01845679,,,,,CN,,,,,no,2018-03-01,primary,1.0,4.122
SAMD01845680,PRJDB41738,SAMD01845680,,,,,CN,,,,,no,2018-03-01,primary,1.0,4.272
SAMD01845681,PRJDB41738,SAMD01845681,,,,,CN,,,,,no,2018-03-01,primary,1.0,4.271
SAMD01845682,PRJDB41738,SAMD01845682,,,,,CN,,,,,no,2018-03-01,primary,1.0,4.272
SAMD01845683,PRJDB41738,SAMD01845683,,,,,CN,,,,,no,2018-03-01,primary,1.0,4.272
SAMD01845684,PRJDB41738,SAMD01845684,,,,,CN,,,,,no,2018-03-01,primary,1.0,4.274
SAMD01845685,PRJDB41738,SAMD01845685,,,,,CN,,,,,no,2018-03-01,primary,1.0,5.022
SAMD01845686,PRJDB41738,SAMD01845686,,,,,CN,,,,,no,2018-03-01,primary,1.0,5.022
SAMD01845687,PRJDB41738,SAMD01845687,,,,,CN,,,,,no,2018-03-01,primary,1.0,5.022
SAMD01845688,PRJDB41738,SAMD01845688,,,,,CN,,,,,no,2018-03-01,primary,1.0,5.023
SAMD01845689,PRJDB41738,SAMD01845689,,,,,CN,,,,,no,2018-03-01,primary,1.0,5.024
SAMD01845690,PRJDB41738,SAMD01845690,,,,,CN,,,,,no,2018-03-01,primary,1.0,4.598
SAMD01845691,PRJDB41738,SAMD01845691,,,,,CN,,,,,no,2018-03-01,primary,1.0,4.597
SAMD01845692,PRJDB41738,SAMD01845692,,,,,CN,,,,,no,2018-03-01,primary,1.0,4.597
SAMD01845693,PRJDB41738,SAMD01845693,,,,,CN,,,,,no,2018-03-01,primary,1.0,4.598
SAMD01845694,PRJDB41738,SAMD01845694,,,,,CN,,,,,no,2018-03-01,primary,1.0,4.599
SAMD01845695,PRJDB41738,SAMD01845695,,,,,CN,,,,,no,2018-03-01,primary,1.0,4.323
SAMD01845696,PRJDB41738,SAMD01845696,,,,,CN,,,,,no,2018-03-01,primary,1.0,4.322
SAMD01845697,PRJDB41738,SAMD01845697,,,,,CN,,,,,no,2018-03-01,primary,1.0,4.323
SAMD01845698,PRJDB41738,SAMD01845698,,,,,CN,,,,,no,2018-03-01,primary,1.0,4.323
SAMD01845699,PRJDB41738,SAMD01845699,,,,,CN,,,,,no,2018-03-01,primary,1.0,4.324
SAMD01845700,PRJDB41738,SAMD01845700,,,,,CN,,,,,no,2018-03-01,primary,1.0,4.7
SAMD01845701,PRJDB41738,SAMD01845701,,,,,CN,,,,,no,2018-03-01,primary,1.0,4.699
SAMD01845702,PRJDB41738,SAMD01845702,,,,,CN,,,,,no,2018-03-01,primary,1.0,4.7
SAMD01845703,PRJDB41738,SAMD01845703,,,,,CN,,,,,no,2018-03-01,primary,1.0,4.7
SAMD01845704,PRJDB41738,SAMD01845704,,,,,CN,,,,,no,2018-03-01,primary,1.0,4.701
SAMD01845705,PRJDB41738,SAMD01845705,,,,,CN,,,,,no,2018-03-01,primary,1.0,4.31
SAMD01845706,PRJDB41738,SAMD01845706,,,,,CN,,,,,no,2018-03-01,primary,1.0,4.309
SAMD01845707,PRJDB41738,SAMD01845707,,,,,CN,,,,,no,2018-03-01,primary,1.0,4.31
SAMD01845708,PRJDB41738,SAMD01845708,,,,,CN,,,,,no,2018-03-01,primary,1.0,4.31
SAMD01845709,PRJDB41738,SAMD01845709,,,,,CN,,,,,no,2018-03-01,primary,1.0,4.312
SAMD01845710,PRJDB41738,SAMD01845710,,,,,CN,,,,,no,2018-03-01,primary,1.0,4.059
SAMD01845711,PRJDB41738,SAMD01845711,,,,,CN,,,,,no,2018-03-01,primary,1.0,4.057
SAMD01845712,PRJDB41738,SAMD01845712,,,,,CN,,,,,no,2018-03-01,primary,1.0,4.058
SAMD01845713,PRJDB41738,SAMD01845713,,,,,CN,,,,,no,2018-03-01,primary,1.0,4.059
SAMD01845714,PRJDB41738,SAMD01845714,,,,,CN,,,,,no,2018-03-01,primary,1.0,4.06
SAMD01845715,PRJDB41738,SAMD01845715,,,,,CN,,,,,no,2018-03-01,primary,1.0,4.337
SAMD01845716,PRJDB41738,SAMD01845716,,,,,CN,,,,,no,2018-03-01,primary,1.0,4.335
SAMD01845717,PRJDB41738,SAMD01845717,,,,,CN,,,,,no,2018-03-01,primary,1.0,4.336
SAMD01845718,PRJDB41738,SAMD01845718,,,,,CN,,,,,no,2018-03-01,primary,1.0,4.336
SAMD01845719,PRJDB41738,SAMD01845719,,,,,CN,,,,,no,2018-03-01,primary,1.0,4.338
SAMD01845720,PRJDB41738,SAMD01845720,,,,,CN,,,,,no,2018-03-01,primary,1.0,4.335
SAMD01845721,PRJDB41738,SAMD01845721,,,,,CN,,,,,no,2018-03-01,primary,1.0,4.334
SAMD01845722,PRJDB41738,SAMD01845722,,,,,CN,,,,,no,2018-03-01,primary,1.0,4.334
SAMD01845723,PRJDB41738,SAMD01845723,,,,,CN,,,,,no,2018-03-01,primary,1.0,4.335
SAMD01845724,PRJDB41738,SAMD01845724,,,,,CN,,,,,no,2018-03-01,primary,1.0,4.336
SAMD01845725,PRJDB41738,SAMD01845725,,,,,CN,,,,,no,2018-03-01,primary,1.0,4.024
SAMD01845726,PRJDB41738,SAMD01845726,,,,,CN,,,,,no,2018-03-01,primary,1.0,4.023
SAMD01845727,PRJDB41738,SAMD01845727,,,,,CN,,,,,no,2018-03-01,primary,1.0,4.024
SAMD01845728,PRJDB41738,SAMD01845728,,,,,CN,,,,,no,2018-03-01,primary,1.0,4.024
SAMD01845729,PRJDB41738,SAMD01845729,,,,,CN,,,,,no,2018-03-01,primary,1.0,4.025
SAMD01845730,PRJDB41738,SAMD01845730,,,,,CN,,,,,no,2018-03-01,primary,1.0,4.576
SAMD01845731,PRJDB41738,SAMD01845731,,,,,CN,,,,,no,2018-03-01,primary,1.0,4.576
SAMD01845732,PRJDB41738,SAMD01845732,,,,,CN,,,,,no,2018-03-01,primary,1.0,4.576
SAMD01845733,PRJDB41738,SAMD01845733,,,,,CN,,,,,no,2018-03-01,primary,1.0,4.577
SAMD01845734,PRJDB41738,SAMD01845734,,,,,CN,,,,,no,2018-03-01,primary,1.0,4.578
SAMD01845735,PRJDB41738,SAMD01845735,,,,,CN,,,,,no,2018-03-01,primary,1.0,4.308
SAMD01845736,PRJDB41738,SAMD01845736,,,,,CN,,,,,no,2018-03-01,primary,1.0,4.307
SAMD01845737,PRJDB41738,SAMD01845737,,,,,CN,,,,,no,2018-03-01,primary,1.0,4.308
SAMD01845738,PRJDB41738,SAMD01845738,,,,,CN,,,,,no,2018-03-01,primary,1.0,4.308
SAMD01845739,PRJDB41738,SAMD01845739,,,,,CN,,,,,no,2018-03-01,primary,1.0,4.309
SAMD01845740,PRJDB41738,SAMD01845740,,,,,CN,,,,,no,2018-03-01,primary,1.0,4.357
SAMD01845741,PRJDB41738,SAMD01845741,,,,,CN,,,,,no,2018-03-01,primary,1.0,4.356
SAMD01845742,PRJDB41738,SAMD01845742,,,,,CN,,,,,no,2018-03-01,primary,1.0,4.357
SAMD01845743,PRJDB41738,SAMD01845743,,,,,CN,,,,,no,2018-03-01,primary,1.0,4.357
SAMD01845744,PRJDB41738,SAMD01845744,,,,,CN,,,,,no,2018-03-01,primary,1.0,4.359
SAMD01845745,PRJDB41738,SAMD01845745,,,,,CN,,,,,no,2018-03-01,primary,1.0,4.084
SAMD01845746,PRJDB41738,SAMD01845746,,,,,CN,,,,,no,2018-03-01,primary,1.0,4.082
SAMD01845747,PRJDB41738,SAMD01845747,,,,,CN,,,,,no,2018-03-01,primary,1.0,4.083
SAMD01845748,PRJDB41738,SAMD01845748,,,,,CN,,,,,no,2018-03-01,primary,1.0,4.084
SAMD01845749,PRJDB41738,SAMD01845749,,,,,CN,,,,,no,2018-03-01,primary,1.0,4.085
SAMD01845750,PRJDB41738,SAMD01845750,,,,,CN,,,,,no,2018-03-01,primary,1.0,4.182
SAMD01845751,PRJDB41738,SAMD01845751,,,,,CN,,,,,no,2018-03-01,primary,1.0,4.181
SAMD01845752,PRJDB41738,SAMD01845752,,,,,CN,,,,,no,2018-03-01,primary,1.0,4.182
SAMD01845753,PRJDB41738,SAMD01845753,,,,,CN,,,,,no,2018-03-01,primary,1.0,4.182
SAMD01845754,PRJDB41738,SAMD01845754,,,,,CN,,,,,no,2018-03-01,primary,1.0,4.184
SAMD01845755,PRJDB41738,SAMD01845755,,,,,CN,,,,,no,2018-03-01,primary,1.0,4.035
SAMD01845756,PRJDB41738,SAMD01845756,,,,,CN,,,,,no,2018-03-01,primary,1.0,4.033
SAMD01845757,PRJDB41738,SAMD01845757,,,,,CN,,,,,no,2018-03-01,primary,1.0,4.034
SAMD01845758,PRJDB41738,SAMD01845758,,,,,CN,,,,,no,2018-03-01,primary,1.0,4.035
SAMD01845759,PRJDB41738,SAMD01845759,,,,,CN,,,,,no,2018-03-01,primary,1.0,4.036
SAMD01845760,PRJDB41738,SAMD01845760,,,,,CN,,,,,no,2018-03-01,primary,1.0,4.384
SAMD01845761,PRJDB41738,SAMD01845761,,,,,CN,,,,,no,2018-03-01,primary,1.0,4.383
SAMD01845762,PRJDB41738,SAMD01845762,,,,,CN,,,,,no,2018-03-01,primary,1.0,4.384
SAMD01845763,PRJDB41738,SAMD01845763,,,,,CN,,,,,no,2018-03-01,primary,1.0,4.384
SAMD01845764,PRJDB41738,SAMD01845764,,,,,CN,,,,,no,2018-03-01,primary,1.0,4.385
SAMD01845765,PRJDB41738,SAMD01845765,,,,,CN,,,,,no,2018-03-01,primary,1.0,4.333
SAMD01845766,PRJDB41738,SAMD01845766,,,,,CN,,,,,no,2018-03-01,primary,1.0,4.332
SAMD01845767,PRJDB41738,SAMD01845767,,,,,CN,,,,,no,2018-03-01,primary,1.0,4.333
SAMD01845768,PRJDB41738,SAMD01845768,,,,,CN,,,,,no,2018-03-01,primary,1.0,4.333
SAMD01845769,PRJDB41738,SAMD01845769,,,,,CN,,,,,no,2018-03-01,primary,1.0,4.334
SAMD01845770,PRJDB41738,SAMD01845770,,,,,CN,,,,,no,2018-03-01,primary,1.0,4.054
SAMD01845771,PRJDB41738,SAMD01845771,,,,,CN,,,,,no,2018-03-01,primary,1.0,4.053
SAMD01845772,PRJDB41738,SAMD01845772,,,,,CN,,,,,no,2018-03-01,primary,1.0,4.054
SAMD01845773,PRJDB41738,SAMD01845773,,,,,CN,,,,,no,2018-03-01,primary,1.0,4.054
SAMD01845774,PRJDB41738,SAMD01845774,,,,,CN,,,,,no,2018-03-01,primary,1.0,4.055
SAMD01845775,PRJDB41738,SAMD01845775,,,,,CN,,,,,no,2018-03-01,primary,1.0,4.021
SAMD01845776,PRJDB41738,SAMD01845776,,,,,CN,,,,,no,2018-03-01,primary,1.0,4.019
SAMD01845777,PRJDB41738,SAMD01845777,,,,,CN,,,,,no,2018-03-01,primary,1.0,4.02
SAMD01845778,PRJDB41738,SAMD01845778,,,,,CN,,,,,no,2018-03-01,primary,1.0,4.021
SAMD01845779,PRJDB41738,SAMD01845779,,,,,CN,,,,,no,2018-03-01,primary,1.0,4.022
SAMD01845780,PRJDB41738,SAMD01845780,,,,,CN,,,,,no,2018-03-01,primary,1.0,4.488
SAMD01845781,PRJDB41738,SAMD01845781,,,,,CN,,,,,no,2018-03-01,primary,1.0,4.487
SAMD01845782,PRJDB41738,SAMD01845782,,,,,CN,,,,,no,2018-03-01,primary,1.0,4.488
SAMD01845783,PRJDB41738,SAMD01845783,,,,,CN,,,,,no,2018-03-01,primary,1.0,4.488
SAMD01845784,PRJDB41738,SAMD01845784,,,,,CN,,,,,no,2018-03-01,primary,1.0,4.49
SAMD01845785,PRJDB41738,SAMD01845785,,,,,CN,,,,,no,2018-03-01,primary,1.0,5.235
SAMD01845786,PRJDB41738,SAMD01845786,,,,,CN,,,,,no,2018-03-01,primary,1.0,5.234
SAMD01845787,PRJDB41738,SAMD01845787,,,,,CN,,,,,no,2018-03-01,primary,1.0,5.235
SAMD01845788,PRJDB41738,SAMD01845788,,,,,CN,,,,,no,2018-03-01,primary,1.0,5.235
SAMD01845789,PRJDB41738,SAMD01845789,,,,,CN,,,,,no,2018-03-01,primary,1.0,5.236
SAMD01845790,PRJDB41738,SAMD01845790,,,,,CN,,,,,no,2018-03-01,primary,1.0,4.462
SAMD01845791,PRJDB41738,SAMD01845791,,,,,CN,,,,,no,2018-03-01,primary,1.0,4.461
SAMD01845792,PRJDB41738,SAMD01845792,,,,,CN,,,,,no,2018-03-01,primary,1.0,4.462
SAMD01845793,PRJDB41738,SAMD01845793,,,,,CN,,,,,no,2018-03-01,primary,1.0,4.462
SAMD01845794,PRJDB41738,SAMD01845794,,,,,CN,,,,,no,2018-03-01,primary,1.0,4.464
SAMD01845795,PRJDB41738,SAMD01845795,,,,,CN,,,,,no,2018-03-01,primary,1.0,4.307
SAMD01845796,PRJDB41738,SAMD01845796,,,,,CN,,,,,no,2018-03-01,primary,1.0,4.306
SAMD01845797,PRJDB41738,SAMD01845797,,,,,CN,,,,,no,2018-03-01,primary,1.0,4.307
SAMD01845798,PRJDB41738,SAMD01845798,,,,,CN,,,,,no,2018-03-01,primary,1.0,4.307
SAMD01845799,PRJDB41738,SAMD01845799,,,,,CN,,,,,no,2018-03-01,primary,1.0,4.308
SAMD01845800,PRJDB41738,SAMD01845800,,,,,CN,,,,,no,2018-03-01,primary,1.0,4.101
SAMD01845801,PRJDB41738,SAMD01845801,,,,,CN,,,,,no,2018-03-01,primary,1.0,4.099
SAMD01845802,PRJDB41738,SAMD01845802,,,,,CN,,,,,no,2018-03-01,primary,1.0,4.101
SAMD01845803,PRJDB41738,SAMD01845803,,,,,CN,,,,,no,2018-03-01,primary,1.0,4.101
SAMD01845804,PRJDB41738,SAMD01845804,,,,,CN,,,,,no,2018-03-01,primary,1.0,4.102
SAMD01845805,PRJDB41738,SAMD01845805,,,,,CN,,,,,no,2018-03-01,primary,1.0,4.254
SAMD01845806,PRJDB41738,SAMD01845806,,,,,CN,,,,,no,2018-03-01,primary,1.0,4.253
SAMD01845807,PRJDB41738,SAMD01845807,,,,,CN,,,,,no,2018-03-01,primary,1.0,4.254
SAMD01845808,PRJDB41738,SAMD01845808,,,,,CN,,,,,no,2018-03-01,primary,1.0,4.254
SAMD01845809,PRJDB41738,SAMD01845809,,,,,CN,,,,,no,2018-03-01,primary,1.0,4.255
SAMD01845810,PRJDB41738,SAMD01845810,,,,,CN,,,,,no,2018-03-01,primary,1.0,4.024
SAMD01845811,PRJDB41738,SAMD01845811,,,,,CN,,,,,no,2018-03-01,primary,1.0,4.023
SAMD01845812,PRJDB41738,SAMD01845812,,,,,CN,,,,,no,2018-03-01,primary,1.0,4.024
SAMD01845813,PRJDB41738,SAMD01845813,,,,,CN,,,,,no,2018-03-01,primary,1.0,4.024
SAMD01845814,PRJDB41738,SAMD01845814,,,,,CN,,,,,no,2018-03-01,primary,1.0,4.025
SAMD01845815,PRJDB41738,SAMD01845815,,,,,CN,,,,,no,2018-03-01,primary,1.0,4.483
SAMD01845816,PRJDB41738,SAMD01845816,,,,,CN,,,,,no,2018-03-01,primary,1.0,4.482
SAMD01845817,PRJDB41738,SAMD01845817,,,,,CN,,,,,no,2018-03-01,primary,1.0,4.483
SAMD01845818,PRJDB41738,SAMD01845818,,,,,CN,,,,,no,2018-03-01,primary,1.0,4.483
SAMD01845819,PRJDB41738,SAMD01845819,,,,,CN,,,,,no,2018-03-01,primary,1.0,4.485
SAMD01845820,PRJDB41738,SAMD01845820,,,,,CN,,,,,no,2018-03-01,primary,1.0,4.06
SAMD01845821,PRJDB41738,SAMD01845821,,,,,CN,,,,,no,2018-03-01,primary,1.0,4.059
SAMD01845822,PRJDB41738,SAMD01845822,,,,,CN,,,,,no,2018-03-01,primary,1.0,4.06
SAMD01845823,PRJDB41738,SAMD01845823,,,,,CN,,,,,no,2018-03-01,primary,1.0,4.06
SAMD01845824,PRJDB41738,SAMD01845824,,,,,CN,,,,,no,2018-03-01,primary,1.0,4.061
SAMD01845825,PRJDB41738,SAMD01845825,,,,,CN,,,,,no,2018-03-01,primary,1.0,4.175
SAMD01845826,PRJDB41738,SAMD01845826,,,,,CN,,,,,no,2018-03-01,primary,1.0,4.174
SAMD01845827,PRJDB41738,SAMD01845827,,,,,CN,,,,,no,2018-03-01,primary,1.0,4.175
SAMD01845828,PRJDB41738,SAMD01845828,,,,,CN,,,,,no,2018-03-01,primary,1.0,4.175
SAMD01845829,PRJDB41738,SAMD01845829,,,,,CN,,,,,no,2018-03-01,primary,1.0,4.176
SAMD01845830,PRJDB41738,SAMD01845830,,,,,CN,,,,,no,2018-03-01,primary,1.0,4.468
SAMD01845831,PRJDB41738,SAMD01845831,,,,,CN,,,,,no,2018-03-01,primary,1.0,4.467
SAMD01845832,PRJDB41738,SAMD01845832,,,,,CN,,,,,no,2018-03-01,primary,1.0,4.468
SAMD01845833,PRJDB41738,SAMD01845833,,,,,CN,,,,,no,2018-03-01,primary,1.0,4.467
SAMD01845834,PRJDB41738,SAMD01845834,,,,,CN,,,,,no,2018-03-01,primary,1.0,4.469
SAMD01845835,PRJDB41738,SAMD01845835,,,,,CN,,,,,no,2018-03-01,primary,1.0,4.013
SAMD01845836,PRJDB41738,SAMD01845836,,,,,CN,,,,,no,2018-03-01,primary,1.0,4.012
SAMD01845837,PRJDB41738,SAMD01845837,,,,,CN,,,,,no,2018-03-01,primary,1.0,4.013
SAMD01845838,PRJDB41738,SAMD01845838,,,,,CN,,,,,no,2018-03-01,primary,1.0,4.013
SAMD01845839,PRJDB41738,SAMD01845839,,,,,CN,,,,,no,2018-03-01,primary,1.0,4.014
SAMD01845840,PRJDB41738,SAMD01845840,,,,,CN,,,,,no,2018-03-01,primary,1.0,4.419
SAMD01845841,PRJDB41738,SAMD01845841,,,,,CN,,,,,no,2018-03-01,primary,1.0,4.419
SAMD01845842,PRJDB41738,SAMD01845842,,,,,CN,,,,,no,2018-03-01,primary,1.0,4.42
SAMD01845843,PRJDB41738,SAMD01845843,,,,,CN,,,,,no,2018-03-01,primary,1.0,4.42
SAMD01845844,PRJDB41738,SAMD01845844,,,,,CN,,,,,no,2018-03-01,primary,1.0,4.421
SAMD01845845,PRJDB41738,SAMD01845845,,,,,CN,,,,,no,2018-03-01,primary,1.0,4.166
SAMD01845846,PRJDB41738,SAMD01845846,,,,,CN,,,,,no,2018-03-01,primary,1.0,4.165
SAMD01845847,PRJDB41738,SAMD01845847,,,,,CN,,,,,no,2018-03-01,primary,1.0,4.166
SAMD01845848,PRJDB41738,SAMD01845848,,,,,CN,,,,,no,2018-03-01,primary,1.0,4.166
SAMD01845849,PRJDB41738,SAMD01845849,,,,,CN,,,,,no,2018-03-01,primary,1.0,4.167
SAMD01845850,PRJDB41738,SAMD01845850,,,,,CN,,,,,no,2018-03-01,primary,1.0,4.03
SAMD01845851,PRJDB41738,SAMD01845851,,,,,CN,,,,,no,2018-03-01,primary,1.0,4.029
SAMD01845852,PRJDB41738,SAMD01845852,,,,,CN,,,,,no,2018-03-01,primary,1.0,4.03
SAMD01845853,PRJDB41738,SAMD01845853,,,,,CN,,,,,no,2018-03-01,primary,1.0,4.03
SAMD01845854,PRJDB41738,SAMD01845854,,,,,CN,,,,,no,2018-03-01,primary,1.0,4.031
SAMD01845855,PRJDB41738,SAMD01845855,,,,,CN,,,,,no,2018-03-01,primary,1.0,4.796
SAMD01845856,PRJDB41738,SAMD01845856,,,,,CN,,,,,no,2018-03-01,primary,1.0,4.795
SAMD01845857,PRJDB41738,SAMD01845857,,,,,CN,,,,,no,2018-03-01,primary,1.0,4.795
SAMD01845858,PRJDB41738,SAMD01845858,,,,,CN,,,,,no,2018-03-01,primary,1.0,4.796
SAMD01845859,PRJDB41738,SAMD01845859,,,,,CN,,,,,no,2018-03-01,primary,1.0,4.797
SAMD01845860,PRJDB41738,SAMD01845860,,,,,CN,,,,,no,2018-03-01,primary,1.0,4.263
SAMD01845861,PRJDB41738,SAMD01845861,,,,,CN,,,,,no,2018-03-01,primary,1.0,4.262
SAMD01845862,PRJDB41738,SAMD01845862,,,,,CN,,,,,no,2018-03-01,primary,1.0,4.263
SAMD01845863,PRJDB41738,SAMD01845863,,,,,CN,,,,,no,2018-03-01,primary,1.0,4.263
SAMD01845864,PRJDB41738,SAMD01845864,,,,,CN,,,,,no,2018-03-01,primary,1.0,4.264
SAMD01845865,PRJDB41738,SAMD01845865,,,,,CN,,,,,no,2018-03-01,primary,1.0,4.755
SAMD01845866,PRJDB41738,SAMD01845866,,,,,CN,,,,,no,2018-03-01,primary,1.0,4.754
SAMD01845867,PRJDB41738,SAMD01845867,,,,,CN,,,,,no,2018-03-01,primary,1.0,4.755
SAMD01845868,PRJDB41738,SAMD01845868,,,,,CN,,,,,no,2018-03-01,primary,1.0,4.755
SAMD01845869,PRJDB41738,SAMD01845869,,,,,CN,,,,,no,2018-03-01,primary,1.0,4.757
SAMD01845870,PRJDB41738,SAMD01845870,,,,,CN,,,,,no,2018-03-01,primary,1.0,4.297
SAMD01845871,PRJDB41738,SAMD01845871,,,,,CN,,,,,no,2018-03-01,primary,1.0,4.296
SAMD01845872,PRJDB41738,SAMD01845872,,,,,CN,,,,,no,2018-03-01,primary,1.0,4.297
SAMD01845873,PRJDB41738,SAMD01845873,,,,,CN,,,,,no,2018-03-01,primary,1.0,4.297
SAMD01845874,PRJDB41738,SAMD01845874,,,,,CN,,,,,no,2018-03-01,primary,1.0,4.298
SAMD01845875,PRJDB41738,SAMD01845875,,,,,CN,,,,,no,2018-03-01,primary,1.0,4.14
SAMD01845876,PRJDB41738,SAMD01845876,,,,,CN,,,,,no,2018-03-01,primary,1.0,4.139
SAMD01845877,PRJDB41738,SAMD01845877,,,,,CN,,,,,no,2018-03-01,primary,1.0,4.14
SAMD01845878,PRJDB41738,SAMD01845878,,,,,CN,,,,,no,2018-03-01,primary,1.0,4.14
SAMD01845879,PRJDB41738,SAMD01845879,,,,,CN,,,,,no,2018-03-01,primary,1.0,4.141
SAMD01845880,PRJDB41738,SAMD01845880,,,,,CN,,,,,no,2018-03-01,primary,1.0,4.136
SAMD01845881,PRJDB41738,SAMD01845881,,,,,CN,,,,,no,2018-03-01,primary,1.0,4.135
SAMD01845882,PRJDB41738,SAMD01845882,,,,,CN,,,,,no,2018-03-01,primary,1.0,4.136
SAMD01845883,PRJDB41738,SAMD01845883,,,,,CN,,,,,no,2018-03-01,primary,1.0,4.136
SAMD01845884,PRJDB41738,SAMD01845884,,,,,CN,,,,,no,2018-03-01,primary,1.0,4.137
SAMD01845885,PRJDB41738,SAMD01845885,,,,,CN,,,,,no,2018-03-01,primary,1.0,4.593
SAMD01845886,PRJDB41738,SAMD01845886,,,,,CN,,,,,no,2018-03-01,primary,1.0,4.592
SAMD01845887,PRJDB41738,SAMD01845887,,,,,CN,,,,,no,2018-03-01,primary,1.0,4.592
SAMD01845888,PRJDB41738,SAMD01845888,,,,,CN,,,,,no,2018-03-01,primary,1.0,4.593
SAMD01845889,PRJDB41738,SAMD01845889,,,,,CN,,,,,no,2018-03-01,primary,1.0,4.594
SAMD01845890,PRJDB41738,SAMD01845890,,,,,CN,,,,,no,2018-03-01,primary,1.0,5.19
SAMD01845891,PRJDB41738,SAMD01845891,,,,,CN,,,,,no,2018-03-01,primary,1.0,5.189
SAMD01845892,PRJDB41738,SAMD01845892,,,,,CN,,,,,no,2018-03-01,primary,1.0,5.19
SAMD01845893,PRJDB41738,SAMD01845893,,,,,CN,,,,,no,2018-03-01,primary,1.0,5.19
SAMD01845894,PRJDB41738,SAMD01845894,,,,,CN,,,,,no,2018-03-01,primary,1.0,5.191
SAMD01845895,PRJDB41738,SAMD01845895,,,,,CN,,,,,no,2018-03-01,primary,1.0,4.468
SAMD01845896,PRJDB41738,SAMD01845896,,,,,CN,,,,,no,2018-03-01,primary,1.0,4.467
SAMD01845897,PRJDB41738,SAMD01845897,,,,,CN,,,,,no,2018-03-01,primary,1.0,4.468
SAMD01845898,PRJDB41738,SAMD01845898,,,,,CN,,,,,no,2018-03-01,primary,1.0,4.468
SAMD01845899,PRJDB41738,SAMD01845899,,,,,CN,,,,,no,2018-03-01,primary,1.0,4.469
SAMD01845900,PRJDB41738,SAMD01845900,,,,,CN,,,,,no,2018-03-01,primary,1.0,4.614
SAMD01845901,PRJDB41738,SAMD01845901,,,,,CN,,,,,no,2018-03-01,primary,1.0,4.613
SAMD01845902,PRJDB41738,SAMD01845902,,,,,CN,,,,,no,2018-03-01,primary,1.0,4.613
SAMD01845903,PRJDB41738,SAMD01845903,,,,,CN,,,,,no,2018-03-01,primary,1.0,4.614
SAMD01845904,PRJDB41738,SAMD01845904,,,,,CN,,,,,no,2018-03-01,primary,1.0,4.615
SAMD01845905,PRJDB41738,SAMD01845905,,,,,CN,,,,,no,2018-03-01,primary,1.0,4.244
SAMD01845906,PRJDB41738,SAMD01845906,,,,,CN,,,,,no,2018-03-01,primary,1.0,4.243
SAMD01845907,PRJDB41738,SAMD01845907,,,,,CN,,,,,no,2018-03-01,primary,1.0,4.244
SAMD01845908,PRJDB41738,SAMD01845908,,,,,CN,,,,,no,2018-03-01,primary,1.0,4.244
SAMD01845909,PRJDB41738,SAMD01845909,,,,,CN,,,,,no,2018-03-01,primary,1.0,4.245
SAMD01845910,PRJDB41738,SAMD01845910,,,,,CN,,,,,no,2018-03-01,primary,1.0,4.437
SAMD01845911,PRJDB41738,SAMD01845911,,,,,CN,,,,,no,2018-03-01,primary,1.0,4.436
SAMD01845912,PRJDB41738,SAMD01845912,,,,,CN,,,,,no,2018-03-01,primary,1.0,4.437
SAMD01845913,PRJDB41738,SAMD01845913,,,,,CN,,,,,no,2018-03-01,primary,1.0,4.437
SAMD01845914,PRJDB41738,SAMD01845914,,,,,CN,,,,,no,2018-03-01,primary,1.0,4.438
SAMD01845915,PRJDB41738,SAMD01845915,,,,,CN,,,,,no,2018-03-01,primary,1.0,4.283
SAMD01845916,PRJDB41738,SAMD01845916,,,,,CN,,,,,no,2018-03-01,primary,1.0,4.282
SAMD01845917,PRJDB41738,SAMD01845917,,,,,CN,,,,,no,2018-03-01,primary,1.0,4.283
SAMD01845918,PRJDB41738,SAMD01845918,,,,,CN,,,,,no,2018-03-01,primary,1.0,4.283
SAMD01845919,PRJDB41738,SAMD01845919,,,,,CN,,,,,no,2018-03-01,primary,1.0,4.285
SAMD01845920,PRJDB41738,SAMD01845920,,,,,CN,,,,,no,2018-03-01,primary,1.0,4.495
SAMD01845921,PRJDB41738,SAMD01845921,,,,,CN,,,,,no,2018-03-01,primary,1.0,4.494
SAMD01845922,PRJDB41738,SAMD01845922,,,,,CN,,,,,no,2018-03-01,primary,1.0,4.495
SAMD01845923,PRJDB41738,SAMD01845923,,,,,CN,,,,,no,2018-03-01,primary,1.0,4.495
SAMD01845924,PRJDB41738,SAMD01845924,,,,,CN,,,,,no,2018-03-01,primary,1.0,4.496
SAMD01845925,PRJDB41738,SAMD01845925,,,,,CN,,,,,no,2018-03-01,primary,1.0,4.33
SAMD01845926,PRJDB41738,SAMD01845926,,,,,CN,,,,,no,2018-03-01,primary,1.0,4.329
SAMD01845927,PRJDB41738,SAMD01845927,,,,,CN,,,,,no,2018-03-01,primary,1.0,4.33
SAMD01845928,PRJDB41738,SAMD01845928,,,,,CN,,,,,no,2018-03-01,primary,1.0,4.33
SAMD01845929,PRJDB41738,SAMD01845929,,,,,CN,,,,,no,2018-03-01,primary,1.0,4.331
SAMD01845930,PRJDB41738,SAMD01845930,,,,,CN,,,,,no,2018-03-01,primary,1.0,4.655
SAMD01845931,PRJDB41738,SAMD01845931,,,,,CN,,,,,no,2018-03-01,primary,1.0,4.654
SAMD01845932,PRJDB41738,SAMD01845932,,,,,CN,,,,,no,2018-03-01,primary,1.0,4.655
SAMD01845933,PRJDB41738,SAMD01845933,,,,,CN,,,,,no,2018-03-01,primary,1.0,4.655
SAMD01845934,PRJDB41738,SAMD01845934,,,,,CN,,,,,no,2018-03-01,primary,1.0,4.656
SAMD01845935,PRJDB41738,SAMD01845935,,,,,CN,,,,,no,2018-03-01,primary,1.0,4.183
SAMD01845936,PRJDB41738,SAMD01845936,,,,,CN,,,,,no,2018-03-01,primary,1.0,4.182
SAMD01845937,PRJDB41738,SAMD01845937,,,,,CN,,,,,no,2018-03-01,primary,1.0,4.183
SAMD01845938,PRJDB41738,SAMD01845938,,,,,CN,,,,,no,2018-03-01,primary,1.0,4.183
SAMD01845939,PRJDB41738,SAMD01845939,,,,,CN,,,,,no,2018-03-01,primary,1.0,4.184
SAMD01845940,PRJDB41738,SAMD01845940,,,,,CN,,,,,no,2018-03-01,primary,1.0,3.92
SAMD01845941,PRJDB41738,SAMD01845941,,,,,CN,,,,,no,2018-03-01,primary,1.0,3.918
SAMD01845942,PRJDB41738,SAMD01845942,,,,,CN,,,,,no,2018-03-01,primary,1.0,3.919
SAMD01845943,PRJDB41738,SAMD01845943,,,,,CN,,,,,no,2018-03-01,primary,1.0,3.92
SAMD01845944,PRJDB41738,SAMD01845944,,,,,CN,,,,,no,2018-03-01,primary,1.0,3.92
SAMD01845945,PRJDB41738,SAMD01845945,,,,,CN,,,,,no,2018-03-01,primary,1.0,4.24
SAMD01845946,PRJDB41738,SAMD01845946,,,,,CN,,,,,no,2018-03-01,primary,1.0,4.239
SAMD01845947,PRJDB41738,SAMD01845947,,,,,CN,,,,,no,2018-03-01,primary,1.0,4.24
SAMD01845948,PRJDB41738,SAMD01845948,,,,,CN,,,,,no,2018-03-01,primary,1.0,4.24
SAMD01845949,PRJDB41738,SAMD01845949,,,,,CN,,,,,no,2018-03-01,primary,1.0,4.241
SAMD01845950,PRJDB41738,SAMD01845950,,,,,CN,,,,,no,2018-03-01,primary,1.0,4.092
SAMD01845951,PRJDB41738,SAMD01845951,,,,,CN,,,,,no,2018-03-01,primary,1.0,4.091
SAMD01845952,PRJDB41738,SAMD01845952,,,,,CN,,,,,no,2018-03-01,primary,1.0,4.092
SAMD01845953,PRJDB41738,SAMD01845953,,,,,CN,,,,,no,2018-03-01,primary,1.0,4.092
SAMD01845954,PRJDB41738,SAMD01845954,,,,,CN,,,,,no,2018-03-01,primary,1.0,4.093
SAMD01845955,PRJDB41738,SAMD01845955,,,,,CN,,,,,no,2018-03-01,primary,1.0,4.399
SAMD01845956,PRJDB41738,SAMD01845956,,,,,CN,,,,,no,2018-03-01,primary,1.0,4.398
SAMD01845957,PRJDB41738,SAMD01845957,,,,,CN,,,,,no,2018-03-01,primary,1.0,4.399
SAMD01845958,PRJDB41738,SAMD01845958,,,,,CN,,,,,no,2018-03-01,primary,1.0,4.399
SAMD01845959,PRJDB41738,SAMD01845959,,,,,CN,,,,,no,2018-03-01,primary,1.0,4.4
SAMD01845960,PRJDB41738,SAMD01845960,,,,,CN,,,,,no,2018-03-01,primary,1.0,5.024
SAMD01845961,PRJDB41738,SAMD01845961,,,,,CN,,,,,no,2018-03-01,primary,1.0,5.023
SAMD01845962,PRJDB41738,SAMD01845962,,,,,CN,,,,,no,2018-03-01,primary,1.0,5.024
SAMD01845963,PRJDB41738,SAMD01845963,,,,,CN,,,,,no,2018-03-01,primary,1.0,5.024
SAMD01845964,PRJDB41738,SAMD01845964,,,,,CN,,,,,no,2018-03-01,primary,1.0,5.025
SAMD01845965,PRJDB41738,SAMD01845965,,,,,CN,,,,,no,2018-03-01,primary,1.0,4.455
SAMD01845966,PRJDB41738,SAMD01845966,,,,,CN,,,,,no,2018-03-01,primary,1.0,4.454
SAMD01845967,PRJDB41738,SAMD01845967,,,,,CN,,,,,no,2018-03-01,primary,1.0,4.455
SAMD01845968,PRJDB41738,SAMD01845968,,,,,CN,,,,,no,2018-03-01,primary,1.0,4.455
SAMD01845969,PRJDB41738,SAMD01845969,,,,,CN,,,,,no,2018-03-01,primary,1.0,4.456
SAMD01845970,PRJDB41738,SAMD01845970,,,,,CN,,,,,no,2018-03-01,primary,1.0,4.344
SAMD01845971,PRJDB41738,SAMD01845971,,,,,CN,,,,,no,2018-03-01,primary,1.0,4.343
SAMD01845972,PRJDB41738,SAMD01845972,,,,,CN,,,,,no,2018-03-01,primary,1.0,4.344
SAMD01845973,PRJDB41738,SAMD01845973,,,,,CN,,,,,no,2018-03-01,primary,1.0,4.344
SAMD01845974,PRJDB41738,SAMD01845974,,,,,CN,,,,,no,2018-03-01,primary,1.0,4.345
SAMD01845975,PRJDB41738,SAMD01845975,,,,,CN,,,,,no,2018-03-01,primary,1.0,4.617
SAMD01845976,PRJDB41738,SAMD01845976,,,,,CN,,,,,no,2018-03-01,primary,1.0,4.616
SAMD01845977,PRJDB41738,SAMD01845977,,,,,CN,,,,,no,2018-03-01,primary,1.0,4.617
SAMD01845978,PRJDB41738,SAMD01845978,,,,,CN,,,,,no,2018-03-01,primary,1.0,4.617
SAMD01845979,PRJDB41738,SAMD01845979,,,,,CN,,,,,no,2018-03-01,primary,1.0,4.618
SAMD01845980,PRJDB41738,SAMD01845980,,,,,CN,,,,,no,2018-03-01,primary,1.0,4.074
SAMD01845981,PRJDB41738,SAMD01845981,,,,,CN,,,,,no,2018-03-01,primary,1.0,4.073
SAMD01845982,PRJDB41738,SAMD01845982,,,,,CN,,,,,no,2018-03-01,primary,1.0,4.074
SAMD01845983,PRJDB41738,SAMD01845983,,,,,CN,,,,,no,2018-03-01,primary,1.0,4.074
SAMD01845984,PRJDB41738,SAMD01845984,,,,,CN,,,,,no,2018-03-01,primary,1.0,4.075
SAMD01845985,PRJDB41738,SAMD01845985,,,,,CN,,,,,no,2018-03-01,primary,1.0,4.3
SAMD01845986,PRJDB41738,SAMD01845986,,,,,CN,,,,,no,2018-03-01,primary,1.0,4.299
SAMD01845987,PRJDB41738,SAMD01845987,,,,,CN,,,,,no,2018-03-01,primary,1.0,4.3
SAMD01845988,PRJDB41738,SAMD01845988,,,,,CN,,,,,no,2018-03-01,primary,1.0,4.3
SAMD01845989,PRJDB41738,SAMD01845989,,,,,CN,,,,,no,2018-03-01,primary,1.0,4.301
SAMD01845990,PRJDB41738,SAMD01845990,,,,,CN,,,,,no,2018-03-01,primary,1.0,4.065
SAMD01845991,PRJDB41738,SAMD01845991,,,,,CN,,,,,no,2018-03-01,primary,1.0,4.064
SAMD01845992,PRJDB41738,SAMD01845992,,,,,CN,,,,,no,2018-03-01,primary,1.0,4.065
SAMD01845993,PRJDB41738,SAMD01845993,,,,,CN,,,,,no,2018-03-01,primary,1.0,4.065
SAMD01845994,PRJDB41738,SAMD01845994,,,,,CN,,,,,no,2018-03-01,primary,1.0,4.066
SAMD01845995,PRJDB41738,SAMD01845995,,,,,CN,,,,,no,2018-03-01,primary,1.0,4.752
SAMD01845996,PRJDB41738,SAMD01845996,,,,,CN,,,,,no,2018-03-01,primary,1.0,4.751
SAMD01845997,PRJDB41738,SAMD01845997,,,,,CN,,,,,no,2018-03-01,primary,1.0,4.752
SAMD01845998,PRJDB41738,SAMD01845998,,,,,CN,,,,,no,2018-03-01,primary,1.0,4.752
SAMD01845999,PRJDB41738,SAMD01845999,,,,,CN,,,,,no,2018-03-01,primary,1.0,4.753
SAMD01846000,PRJDB41738,SAMD01846000,,,,,CN,,,,,no,2018-03-01,primary,1.0,4.088
SAMD01846001,PRJDB41738,SAMD01846001,,,,,CN,,,,,no,2018-03-01,primary,1.0,4.087
SAMD01846002,PRJDB41738,SAMD01846002,,,,,CN,,,,,no,2018-03-01,primary,1.0,4.088
SAMD01846003,PRJDB41738,SAMD01846003,,,,,CN,,,,,no,2018-03-01,primary,1.0,4.088
SAMD01846004,PRJDB41738,SAMD01846004,,,,,CN,,,,,no,2018-03-01,primary,1.0,4.089
SAMD01846005,PRJDB41738,SAMD01846005,,,,,CN,,,,,no,2018-03-01,primary,1.0,4.098
SAMD01846006,PRJDB41738,SAMD01846006,,,,,CN,,,,,no,2018-03-01,primary,1.0,4.097
SAMD01846007,PRJDB41738,SAMD01846007,,,,,CN,,,,,no,2018-03-01,primary,1.0,4.098
SAMD01846008,PRJDB41738,SAMD01846008,,,,,CN,,,,,no,2018-03-01,primary,1.0,4.098
SAMD01846009,PRJDB41738,SAMD01846009,,,,,CN,,,,,no,2018-03-01,primary,1.0,4.099
SAMD01846010,PRJDB41738,SAMD01846010,,,,,CN,,,,,no,2018-03-01,primary,1.0,4.231
SAMD01846011,PRJDB41738,SAMD01846011,,,,,CN,,,,,no,2018-03-01,primary,1.0,4.23
SAMD01846012,PRJDB41738,SAMD01846012,,,,,CN,,,,,no,2018-03-01,primary,1.0,4.231
SAMD01846013,PRJDB41738,SAMD01846013,,,,,CN,,,,,no,2018-03-01,primary,1.0,4.231
SAMD01846014,PRJDB41738,SAMD01846014,,,,,CN,,,,,no,2018-03-01,primary,1.0,4.232
SAMD01846015,PRJDB41738,SAMD01846015,,,,,CN,,,,,no,2018-03-01,primary,1.0,4.527
SAMD01846016,PRJDB41738,SAMD01846016,,,,,CN,,,,,no,2018-03-01,primary,1.0,4.526
SAMD01846017,PRJDB41738,SAMD01846017,,,,,CN,,,,,no,2018-03-01,primary,1.0,4.527
SAMD01846018,PRJDB41738,SAMD01846018,,,,,CN,,,,,no,2018-03-01,primary,1.0,4.527
SAMD01846019,PRJDB41738,SAMD01846019,,,,,CN,,,,,no,2018-03-01,primary,1.0,4.528
SAMD01846020,PRJDB41738,SAMD01846020,,,,,CN,,,,,no,2018-03-01,primary,1.0,4.411
SAMD01846021,PRJDB41738,SAMD01846021,,,,,CN,,,,,no,2018-03-01,primary,1.0,4.41
SAMD01846022,PRJDB41738,SAMD01846022,,,,,CN,,,,,no,2018-03-01,primary,1.0,4.411
SAMD01846023,PRJDB41738,SAMD01846023,,,,,CN,,,,,no,2018-03-01,primary,1.0,4.411
SAMD01846024,PRJDB41738,SAMD01846024,,,,,CN,,,,,no,2018-03-01,primary,1.0,4.413
SAMD01846025,PRJDB41738,SAMD01846025,,,,,CN,,,,,no,2018-03-01,primary,1.0,4.599
SAMD01846026,PRJDB41738,SAMD01846026,,,,,CN,,,,,no,2018-03-01,primary,1.0,4.599
SAMD01846027,PRJDB41738,SAMD01846027,,,,,CN,,,,,no,2018-03-01,primary,1.0,4.599
SAMD01846028,PRJDB41738,SAMD01846028,,,,,CN,,,,,no,2018-03-01,primary,1.0,4.599
SAMD01846029,PRJDB41738,SAMD01846029,,,,,CN,,,,,no,2018-03-01,primary,1.0,4.601
SAMD01846030,PRJDB41738,SAMD01846030,,,,,CN,,,,,no,2018-03-01,primary,1.0,4.613
SAMD01846031,PRJDB41738,SAMD01846031,,,,,CN,,,,,no,2018-03-01,primary,1.0,4.613
SAMD01846032,PRJDB41738,SAMD01846032,,,,,CN,,,,,no,2018-03-01,primary,1.0,4.613
SAMD01846033,PRJDB41738,SAMD01846033,,,,,CN,,,,,no,2018-03-01,primary,1.0,4.613
SAMD01846034,PRJDB41738,SAMD01846034,,,,,CN,,,,,no,2018-03-01,primary,1.0,4.615
SAMD01846035,PRJDB41738,SAMD01846035,,,,,CN,,,,,no,2018-03-01,primary,1.0,4.144
SAMD01846036,PRJDB41738,SAMD01846036,,,,,CN,,,,,no,2018-03-01,primary,1.0,4.143
SAMD01846037,PRJDB41738,SAMD01846037,,,,,CN,,,,,no,2018-03-01,primary,1.0,4.144
SAMD01846038,PRJDB41738,SAMD01846038,,,,,CN,,,,,no,2018-03-01,primary,1.0,4.144
SAMD01846039,PRJDB41738,SAMD01846039,,,,,CN,,,,,no,2018-03-01,primary,1.0,4.145
SAMD01846040,PRJDB41738,SAMD01846040,,,,,CN,,,,,no,2018-03-01,primary,1.0,5.392
SAMD01846041,PRJDB41738,SAMD01846041,,,,,CN,,,,,no,2018-03-01,primary,1.0,5.39
SAMD01846042,PRJDB41738,SAMD01846042,,,,,CN,,,,,no,2018-03-01,primary,1.0,5.391
SAMD01846043,PRJDB41738,SAMD01846043,,,,,CN,,,,,no,2018-03-01,primary,1.0,5.391
SAMD01846044,PRJDB41738,SAMD01846044,,,,,CN,,,,,no,2018-03-01,primary,1.0,5.393
SAMD01846045,PRJDB41738,SAMD01846045,,,,,CN,,,,,no,2018-03-01,primary,1.0,3.986
SAMD01846046,PRJDB41738,SAMD01846046,,,,,CN,,,,,no,2018-03-01,primary,1.0,3.985
SAMD01846047,PRJDB41738,SAMD01846047,,,,,CN,,,,,no,2018-03-01,primary,1.0,3.986
SAMD01846048,PRJDB41738,SAMD01846048,,,,,CN,,,,,no,2018-03-01,primary,1.0,3.986
SAMD01846049,PRJDB41738,SAMD01846049,,,,,CN,,,,,no,2018-03-01,primary,1.0,3.987
SAMD01846050,PRJDB41738,SAMD01846050,,,,,CN,,,,,no,2018-03-01,primary,1.0,4.703
SAMD01846051,PRJDB41738,SAMD01846051,,,,,CN,,,,,no,2018-03-01,primary,1.0,4.702
SAMD01846052,PRJDB41738,SAMD01846052,,,,,CN,,,,,no,2018-03-01,primary,1.0,4.703
SAMD01846053,PRJDB41738,SAMD01846053,,,,,CN,,,,,no,2018-03-01,primary,1.0,4.703
SAMD01846054,PRJDB41738,SAMD01846054,,,,,CN,,,,,no,2018-03-01,primary,1.0,4.704
SAMD01846055,PRJDB41738,SAMD01846055,,,,,CN,,,,,no,2018-03-01,primary,1.0,4.222
SAMD01846056,PRJDB41738,SAMD01846056,,,,,CN,,,,,no,2018-03-01,primary,1.0,4.221
SAMD01846057,PRJDB41738,SAMD01846057,,,,,CN,,,,,no,2018-03-01,primary,1.0,4.222
SAMD01846058,PRJDB41738,SAMD01846058,,,,,CN,,,,,no,2018-03-01,primary,1.0,4.222
SAMD01846059,PRJDB41738,SAMD01846059,,,,,CN,,,,,no,2018-03-01,primary,1.0,4.224
SAMD01846060,PRJDB41738,SAMD01846060,,,,,CN,,,,,no,2018-03-01,primary,1.0,4.134
SAMD01846061,PRJDB41738,SAMD01846061,,,,,CN,,,,,no,2018-03-01,primary,1.0,4.133
SAMD01846062,PRJDB41738,SAMD01846062,,,,,CN,,,,,no,2018-03-01,primary,1.0,4.134
SAMD01846063,PRJDB41738,SAMD01846063,,,,,CN,,,,,no,2018-03-01,primary,1.0,4.134
