sample_key,study_accession,subject_id,timepoint_label,age_category,age_at_collection_days,sex,country,health_condition,health_condition_detail,intervention,intervention_detail,antibiotic_exposure,collection_date,body_site_class,n_runs,seq_gbp
SAMEA121013112,PRJEB98467,,,,,,GB,,,,,,2016,primary,1.0,12.582
SAMEA121013113,PRJEB98467,,,,,,GB,,,,,,2016,primary,1.0,15.341
SAMEA121013114,PRJEB98467,,,,,,GB,,,,,,2017,primary,1.0,20.692
SAMEA121013115,PRJEB98467,,,,,,GB,,,,,,2017,primary,1.0,9.723
SAMEA121013116,PRJEB98467,,,,,,GB,,,,,,2017,primary,1.0,7.665
SAMEA121013117,PRJEB98467,,,,,,GB,,,,,,2017,primary,1.0,7.517
SAMEA121013118,PRJEB98467,,,,,,GB,,,,,,2017,primary,1.0,7.586
SAMEA121013119,PRJEB98467,,,,,,GB,,,,,,2017,primary,1.0,10.07
SAMEA121013120,PRJEB98467,,,,,,GB,,,,,,2017,primary,1.0,7.647
SAMEA121013121,PRJEB98467,,,,,,GB,,,,,,2017,primary,1.0,8.316
SAMEA121013123,PRJEB98467,,,,,,GB,,,,,,2017,primary,1.0,8.46
SAMEA121013124,PRJEB98467,,,,,,GB,,,,,,2017,primary,1.0,9.4
SAMEA121013125,PRJEB98467,,,,,,GB,,,,,,2017,primary,1.0,7.732
SAMEA121013126,PRJEB98467,,,,,,GB,,,,,,2017,primary,1.0,8.321
SAMEA121013127,PRJEB98467,,,,,,GB,,,,,,2017,primary,1.0,8.057
SAMEA121013128,PRJEB98467,,,,,,GB,,,,,,2017,primary,1.0,11.685
SAMEA121013129,PRJEB98467,,,,,,GB,,,,,,2017,primary,1.0,9.286
SAMEA121013130,PRJEB98467,,,,,,GB,,,,,,2017,primary,1.0,14.121
SAMEA121013131,PRJEB98467,,,,,,GB,,,,,,2017,primary,1.0,13.13
SAMEA121013132,PRJEB98467,,,,,,GB,,,,,,2017,primary,1.0,9.78
SAMEA121013133,PRJEB98467,,,,,,GB,,,,,,2017,primary,1.0,8.62
SAMEA121013134,PRJEB98467,,,,,,GB,,,,,,2017,primary,1.0,9.431
SAMEA121013135,PRJEB98467,,,,,,GB,,,,,,2017,primary,1.0,9.811
SAMEA121013136,PRJEB98467,,,,,,GB,,,,,,2017,primary,1.0,7.879
SAMEA121013137,PRJEB98467,,,,,,GB,,,,,,2017,primary,1.0,8.852
SAMEA121013138,PRJEB98467,,,,,,GB,,,,,,2017,primary,1.0,8.065
SAMEA121013139,PRJEB98467,,,,,,GB,,,,,,2017,primary,1.0,8.024
SAMEA121013140,PRJEB98467,,,,,,GB,,,,,,2017,primary,1.0,7.966
SAMEA121013141,PRJEB98467,,,,,,GB,,,,,,2017,primary,1.0,9.085
SAMEA121013142,PRJEB98467,,,,,,GB,,,,,,2017,primary,1.0,9.22
SAMEA121013143,PRJEB98467,,,,,,GB,,,,,,2017,primary,1.0,7.732
SAMEA121013144,PRJEB98467,,,,,,GB,,,,,,2017,primary,1.0,7.662
SAMEA121013145,PRJEB98467,,,,,,GB,,,,,,2017,primary,1.0,11.147
SAMEA121013146,PRJEB98467,,,,,,GB,,,,,,2017,primary,1.0,10.519
SAMEA121013147,PRJEB98467,,,,,,GB,,,,,,2017,primary,1.0,9.298
SAMEA121013148,PRJEB98467,,,,,,GB,,,,,,2017,primary,1.0,8.933
SAMEA121013149,PRJEB98467,,,,,,GB,,,,,,2017,primary,1.0,7.376
SAMEA121013150,PRJEB98467,,,,,,GB,,,,,,2017,primary,1.0,8.35
SAMEA121013151,PRJEB98467,,,,,,GB,,,,,,2017,primary,1.0,8.438
SAMEA121013152,PRJEB98467,,,,,,GB,,,,,,2017,primary,1.0,8.192
SAMEA121013153,PRJEB98467,,,,,,GB,,,,,,2017,primary,1.0,8.453
SAMEA121013154,PRJEB98467,,,,,,GB,,,,,,2017,primary,1.0,7.962
SAMEA121013155,PRJEB98467,,,,,,GB,,,,,,2017,primary,1.0,8.124
SAMEA121013156,PRJEB98467,,,,,,GB,,,,,,2017,primary,1.0,10.063
SAMEA121013157,PRJEB98467,,,,,,GB,,,,,,2017,primary,1.0,9.637
SAMEA121013158,PRJEB98467,,,,,,GB,,,,,,2017,primary,1.0,7.748
SAMEA121013159,PRJEB98467,,,,,,GB,,,,,,2017,primary,1.0,10.501
SAMEA121013161,PRJEB98467,,,,,,GB,,,,,,2017,primary,1.0,7.756
SAMEA121013162,PRJEB98467,,,,,,GB,,,,,,2017,primary,1.0,7.871
SAMEA121013163,PRJEB98467,,,,,,GB,,,,,,2017,primary,1.0,9.664
SAMEA121013164,PRJEB98467,,,,,,GB,,,,,,2017,primary,1.0,8.506
SAMEA121013165,PRJEB98467,,,,,,GB,,,,,,2017,primary,1.0,10.788
SAMEA121013166,PRJEB98467,,,,,,GB,,,,,,2017,primary,1.0,9.588
SAMEA121013167,PRJEB98467,,,,,,GB,,,,,,2017,primary,1.0,9.828
SAMEA121013168,PRJEB98467,,,,,,GB,,,,,,2017,primary,1.0,9.056
SAMEA121013169,PRJEB98467,,,,,,GB,,,,,,2017,primary,1.0,7.981
SAMEA121013170,PRJEB98467,,,,,,GB,,,,,,2017,primary,1.0,7.734
SAMEA121013171,PRJEB98467,,,,,,GB,,,,,,2017,primary,1.0,10.976
SAMEA121013172,PRJEB98467,,,,,,GB,,,,,,2017,primary,1.0,14.694
SAMEA121013173,PRJEB98467,,,,,,GB,,,,,,2017,primary,1.0,12.585
SAMEA121013174,PRJEB98467,,,,,,GB,,,,,,2017,primary,1.0,8.407
SAMEA121013175,PRJEB98467,,,,,,GB,,,,,,2017,primary,1.0,10.271
SAMEA121013176,PRJEB98467,,,,,,GB,,,,,,2017,primary,1.0,11.878
SAMEA121013177,PRJEB98467,,,,,,GB,,,,,,2017,primary,1.0,9.49
SAMEA121013178,PRJEB98467,,,,,,GB,,,,,,2017,primary,1.0,12.783
SAMEA121013179,PRJEB98467,,,,,,GB,,,,,,2017,primary,1.0,13.743
SAMEA121013180,PRJEB98467,,,,,,GB,,,,,,2017,primary,1.0,11.218
SAMEA121013181,PRJEB98467,,,,,,GB,,,,,,2017,primary,1.0,9.148
SAMEA121013182,PRJEB98467,,,,,,GB,,,,,,2017,primary,1.0,11.866
SAMEA121013183,PRJEB98467,,,,,,GB,,,,,,2017,primary,1.0,7.639
SAMEA121013184,PRJEB98467,,,,,,GB,,,,,,2017,primary,1.0,8.947
SAMEA121013185,PRJEB98467,,,,,,GB,,,,,,2017,primary,1.0,8.897
SAMEA121013186,PRJEB98467,,,,,,GB,,,,,,2017,primary,1.0,8.384
SAMEA121013187,PRJEB98467,,,,,,GB,,,,,,2017,primary,1.0,13.269
SAMEA121013188,PRJEB98467,,,,,,GB,,,,,,2017,primary,1.0,11.684
SAMEA121013189,PRJEB98467,,,,,,GB,,,,,,2017,primary,1.0,9.696
SAMEA121013190,PRJEB98467,,,,,,GB,,,,,,2017,primary,1.0,11.952
SAMEA121013191,PRJEB98467,,,,,,GB,,,,,,2017,primary,1.0,8.22
SAMEA121013192,PRJEB98467,,,,,,GB,,,,,,2017,primary,1.0,8.103
SAMEA121013193,PRJEB98467,,,,,,GB,,,,,,2017,primary,1.0,9.117
SAMEA121013194,PRJEB98467,,,,,,GB,,,,,,2017,primary,1.0,8.742
SAMEA121013195,PRJEB98467,,,,,,GB,,,,,,2017,primary,1.0,9.962
SAMEA121013196,PRJEB98467,,,,,,GB,,,,,,2017,primary,1.0,9.305
SAMEA121013197,PRJEB98467,,,,,,GB,,,,,,2017,primary,1.0,9.319
SAMEA121013198,PRJEB98467,,,,,,GB,,,,,,2017,primary,1.0,10.606
SAMEA121013199,PRJEB98467,,,,,,GB,,,,,,2017,primary,1.0,15.988
SAMEA121013200,PRJEB98467,,,,,,GB,,,,,,2017,primary,1.0,8.179
SAMEA121013201,PRJEB98467,,,,,,GB,,,,,,2017,primary,1.0,8.828
SAMEA121013202,PRJEB98467,,,,,,GB,,,,,,2017,primary,1.0,20.494
SAMEA121013203,PRJEB98467,,,,,,GB,,,,,,2017,primary,1.0,20.643
SAMEA121013204,PRJEB98467,,,,,,GB,,,,,,2017,primary,1.0,8.759
SAMEA121013205,PRJEB98467,,,,,,GB,,,,,,2017,primary,1.0,10.154
SAMEA121013206,PRJEB98467,,,,,,GB,,,,,,2017,primary,1.0,9.87
SAMEA121013207,PRJEB98467,,,,,,GB,,,,,,2017,primary,1.0,9.51
SAMEA121013208,PRJEB98467,,,,,,GB,,,,,,2017,primary,1.0,7.953
SAMEA121013209,PRJEB98467,,,,,,GB,,,,,,2017,primary,1.0,7.821
SAMEA121013210,PRJEB98467,,,,,,GB,,,,,,2017,primary,1.0,11.045
SAMEA121013211,PRJEB98467,,,,,,GB,,,,,,2017,primary,1.0,7.805
SAMEA121013212,PRJEB98467,,,,,,GB,,,,,,2017,primary,1.0,8.089
SAMEA121013213,PRJEB98467,,,,,,GB,,,,,,2017,primary,1.0,8.842
SAMEA121013214,PRJEB98467,,,,,,GB,,,,,,2017,primary,1.0,8.882
SAMEA121013215,PRJEB98467,,,,,,GB,,,,,,2017,primary,1.0,7.831
SAMEA121013216,PRJEB98467,,,,,,GB,,,,,,2017,primary,1.0,7.672
SAMEA121013217,PRJEB98467,,,,,,GB,,,,,,2017,primary,1.0,8.685
SAMEA121013218,PRJEB98467,,,,,,GB,,,,,,2017,primary,1.0,10.533
SAMEA121013219,PRJEB98467,,,,,,GB,,,,,,2017,primary,1.0,7.097
SAMEA121013220,PRJEB98467,,,,,,GB,,,,,,2017,primary,1.0,8.731
SAMEA121013221,PRJEB98467,,,,,,GB,,,,,,2017,primary,1.0,10.903
SAMEA121013222,PRJEB98467,,,,,,GB,,,,,,2017,primary,1.0,19.617
SAMEA121013223,PRJEB98467,,,,,,GB,,,,,,2017,primary,1.0,7.433
SAMEA121013224,PRJEB98467,,,,,,GB,,,,,,2017,primary,1.0,8.57
SAMEA121013225,PRJEB98467,,,,,,GB,,,,,,2017,primary,1.0,8.403
SAMEA121013226,PRJEB98467,,,,,,GB,,,,,,2017,primary,1.0,10.115
SAMEA121013227,PRJEB98467,,,,,,GB,,,,,,2017,primary,1.0,8.578
SAMEA121013228,PRJEB98467,,,,,,GB,,,,,,2017,primary,1.0,10.127
SAMEA121013229,PRJEB98467,,,,,,GB,,,,,,2017,primary,1.0,12.223
SAMEA121013230,PRJEB98467,,,,,,GB,,,,,,2017,primary,1.0,8.255
SAMEA121013231,PRJEB98467,,,,,,GB,,,,,,2017,primary,1.0,7.964
SAMEA121013232,PRJEB98467,,,,,,GB,,,,,,2017,primary,1.0,9.782
SAMEA121013233,PRJEB98467,,,,,,GB,,,,,,2017,primary,1.0,7.944
SAMEA121013234,PRJEB98467,,,,,,GB,,,,,,2017,primary,1.0,8.817
SAMEA121013235,PRJEB98467,,,,,,GB,,,,,,2017,primary,1.0,7.179
SAMEA121013236,PRJEB98467,,,,,,GB,,,,,,2017,primary,1.0,7.482
SAMEA121013237,PRJEB98467,,,,,,GB,,,,,,2017,primary,1.0,8.099
SAMEA121013238,PRJEB98467,,,,,,GB,,,,,,2017,primary,1.0,13.476
SAMEA121013239,PRJEB98467,,,,,,GB,,,,,,2017,primary,1.0,8.301
SAMEA121013240,PRJEB98467,,,,,,GB,,,,,,2017,primary,1.0,8.975
SAMEA121013241,PRJEB98467,,,,,,GB,,,,,,2017,primary,1.0,8.085
SAMEA121013242,PRJEB98467,,,,,,GB,,,,,,2017,primary,1.0,7.758
SAMEA121013243,PRJEB98467,,,,,,GB,,,,,,2017,primary,1.0,8.349
SAMEA121013244,PRJEB98467,,,,,,GB,,,,,,2017,primary,1.0,9.569
SAMEA121013245,PRJEB98467,,,,,,GB,,,,,,2017,primary,1.0,10.347
SAMEA121013246,PRJEB98467,,,,,,GB,,,,,,2017,primary,1.0,7.196
SAMEA121013247,PRJEB98467,,,,,,GB,,,,,,2017,primary,1.0,11.475
SAMEA121013248,PRJEB98467,,,,,,GB,,,,,,2017,primary,1.0,7.806
SAMEA121013249,PRJEB98467,,,,,,GB,,,,,,2017,primary,1.0,10.213
SAMEA121013250,PRJEB98467,,,,,,GB,,,,,,2017,primary,1.0,10.047
SAMEA121013251,PRJEB98467,,,,,,GB,,,,,,2017,primary,1.0,8.686
SAMEA121013252,PRJEB98467,,,,,,GB,,,,,,2017,primary,1.0,8.628
SAMEA121013253,PRJEB98467,,,,,,GB,,,,,,2017,primary,1.0,8.367
SAMEA121013254,PRJEB98467,,,,,,GB,,,,,,2017,primary,1.0,10.645
SAMEA121013255,PRJEB98467,,,,,,GB,,,,,,2017,primary,1.0,12.407
SAMEA121013256,PRJEB98467,,,,,,GB,,,,,,2017,primary,1.0,7.796
SAMEA121013257,PRJEB98467,,,,,,GB,,,,,,2017,primary,1.0,7.968
SAMEA121013258,PRJEB98467,,,,,,GB,,,,,,2017,primary,1.0,7.764
SAMEA121013259,PRJEB98467,,,,,,GB,,,,,,2017,primary,1.0,11.126
SAMEA121013260,PRJEB98467,,,,,,GB,,,,,,2017,primary,1.0,8.288
SAMEA121013261,PRJEB98467,,,,,,GB,,,,,,2017,primary,1.0,10.473
SAMEA121013262,PRJEB98467,,,,,,GB,,,,,,2017,primary,1.0,7.855
SAMEA121013263,PRJEB98467,,,,,,GB,,,,,,2017,primary,1.0,7.918
SAMEA121013264,PRJEB98467,,,,,,GB,,,,,,2017,primary,1.0,7.886
SAMEA121013265,PRJEB98467,,,,,,GB,,,,,,2017,primary,1.0,9.975
SAMEA121013266,PRJEB98467,,,,,,GB,,,,,,2017,primary,1.0,8.373
SAMEA121013267,PRJEB98467,,,,,,GB,,,,,,2017,primary,1.0,7.86
SAMEA121013268,PRJEB98467,,,,,,GB,,,,,,2017,primary,1.0,8.866
SAMEA121013269,PRJEB98467,,,,,,GB,,,,,,2017,primary,1.0,7.632
SAMEA121013270,PRJEB98467,,,,,,GB,,,,,,2017,primary,1.0,12.563
SAMEA121013271,PRJEB98467,,,,,,GB,,,,,,2017,primary,1.0,8.209
SAMEA121013272,PRJEB98467,,,,,,GB,,,,,,2017,primary,1.0,7.71
SAMEA121013273,PRJEB98467,,,,,,GB,,,,,,2017,primary,1.0,8.432
SAMEA121013274,PRJEB98467,,,,,,GB,,,,,,2017,primary,1.0,8.632
SAMEA121013275,PRJEB98467,,,,,,GB,,,,,,2017,primary,1.0,8.027
SAMEA121013276,PRJEB98467,,,,,,GB,,,,,,2017,primary,1.0,7.876
SAMEA121013277,PRJEB98467,,,,,,GB,,,,,,2017,primary,1.0,7.792
SAMEA121013278,PRJEB98467,,,,,,GB,,,,,,2017,primary,1.0,8.716
SAMEA121013279,PRJEB98467,,,,,,GB,,,,,,2017,primary,1.0,8.43
SAMEA121013280,PRJEB98467,,,,,,GB,,,,,,2017,primary,1.0,7.966
SAMEA121013281,PRJEB98467,,,,,,GB,,,,,,2017,primary,1.0,8.117
SAMEA121013282,PRJEB98467,,,,,,GB,,,,,,2017,primary,1.0,9.239
SAMEA121013283,PRJEB98467,,,,,,GB,,,,,,2017,primary,1.0,8.979
SAMEA121013284,PRJEB98467,,,,,,GB,,,,,,2017,primary,1.0,8.064
SAMEA121013285,PRJEB98467,,,,,,GB,,,,,,2017,primary,1.0,7.947
SAMEA121013286,PRJEB98467,,,,,,GB,,,,,,2017,primary,1.0,8.031
SAMEA121013287,PRJEB98467,,,,,,GB,,,,,,2017,primary,1.0,8.084
SAMEA121013288,PRJEB98467,,,,,,GB,,,,,,2017,primary,1.0,8.071
SAMEA121013289,PRJEB98467,,,,,,GB,,,,,,2017,primary,1.0,8.291
SAMEA121013290,PRJEB98467,,,,,,GB,,,,,,2017,primary,1.0,6.984
SAMEA121013291,PRJEB98467,,,,,,GB,,,,,,2017,primary,1.0,11.125
SAMEA121013292,PRJEB98467,,,,,,GB,,,,,,2017,primary,1.0,8.955
SAMEA121013293,PRJEB98467,,,,,,GB,,,,,,2017,primary,1.0,7.744
SAMEA121013294,PRJEB98467,,,,,,GB,,,,,,2017,primary,1.0,7.624
SAMEA121013295,PRJEB98467,,,,,,GB,,,,,,2017,primary,1.0,9.051
SAMEA121013296,PRJEB98467,,,,,,GB,,,,,,2017,primary,1.0,20.279
SAMEA121013297,PRJEB98467,,,,,,GB,,,,,,2017,primary,1.0,8.067
SAMEA121013298,PRJEB98467,,,,,,GB,,,,,,2017,primary,1.0,8.166
SAMEA121013299,PRJEB98467,,,,,,GB,,,,,,2017,primary,1.0,7.833
SAMEA121013300,PRJEB98467,,,,,,GB,,,,,,2017,primary,1.0,8.502
SAMEA121013301,PRJEB98467,,,,,,GB,,,,,,2017,primary,1.0,7.449
SAMEA121013302,PRJEB98467,,,,,,GB,,,,,,2017,primary,1.0,23.419
SAMEA121013303,PRJEB98467,,,,,,GB,,,,,,2017,primary,1.0,14.247
SAMEA121013305,PRJEB98467,,,,,,GB,,,,,,2017,primary,1.0,12.516
SAMEA121013306,PRJEB98467,,,,,,GB,,,,,,2017,primary,1.0,8.589
SAMEA121013307,PRJEB98467,,,,,,GB,,,,,,2017,primary,1.0,7.817
SAMEA121013308,PRJEB98467,,,,,,GB,,,,,,2017,primary,1.0,11.391
SAMEA121013309,PRJEB98467,,,,,,GB,,,,,,2017,primary,1.0,7.403
SAMEA121013310,PRJEB98467,,,,,,GB,,,,,,2017,primary,1.0,16.19
SAMEA121013311,PRJEB98467,,,,,,GB,,,,,,2017,primary,1.0,18.196
SAMEA121013312,PRJEB98467,,,,,,GB,,,,,,2017,primary,1.0,6.878
SAMEA121013314,PRJEB98467,,,,,,GB,,,,,,2017,primary,1.0,26.239
SAMEA121013315,PRJEB98467,,,,,,GB,,,,,,2017,primary,1.0,7.569
SAMEA121013316,PRJEB98467,,,,,,GB,,,,,,2017,primary,1.0,10.803
SAMEA121013317,PRJEB98467,,,,,,GB,,,,,,2017,primary,1.0,13.819
SAMEA121013318,PRJEB98467,,,,,,GB,,,,,,2017,primary,1.0,7.98
SAMEA121013319,PRJEB98467,,,,,,GB,,,,,,2017,primary,1.0,17.497
SAMEA121013320,PRJEB98467,,,,,,GB,,,,,,2017,primary,1.0,10.007
SAMEA121013321,PRJEB98467,,,,,,GB,,,,,,2017,primary,1.0,7.95
SAMEA121013322,PRJEB98467,,,,,,GB,,,,,,2017,primary,1.0,11.544
SAMEA121013323,PRJEB98467,,,,,,GB,,,,,,2017,primary,1.0,9.163
SAMEA121013324,PRJEB98467,,,,,,GB,,,,,,2017,primary,1.0,7.524
SAMEA121013325,PRJEB98467,,,,,,GB,,,,,,2017,primary,1.0,10.286
SAMEA121013326,PRJEB98467,,,,,,GB,,,,,,2017,primary,1.0,9.065
SAMEA121013327,PRJEB98467,,,,,,GB,,,,,,2017,primary,1.0,11.949
SAMEA121013328,PRJEB98467,,,,,,GB,,,,,,2017,primary,1.0,7.602
SAMEA121013329,PRJEB98467,,,,,,GB,,,,,,2017,primary,1.0,8.416
SAMEA121013330,PRJEB98467,,,,,,GB,,,,,,2017,primary,1.0,17.082
SAMEA121013331,PRJEB98467,,,,,,GB,,,,,,2017,primary,1.0,14.671
SAMEA121013332,PRJEB98467,,,,,,GB,,,,,,2017,primary,1.0,12.923
SAMEA121013333,PRJEB98467,,,,,,GB,,,,,,2017,primary,1.0,13.723
SAMEA121013334,PRJEB98467,,,,,,GB,,,,,,2017,primary,1.0,9.092
SAMEA121013335,PRJEB98467,,,,,,GB,,,,,,2017,primary,1.0,8.082
SAMEA121013336,PRJEB98467,,,,,,GB,,,,,,2017,primary,1.0,12.859
SAMEA121013337,PRJEB98467,,,,,,GB,,,,,,2017,primary,1.0,7.325
SAMEA121013338,PRJEB98467,,,,,,GB,,,,,,2017,primary,1.0,14.586
SAMEA121013339,PRJEB98467,,,,,,GB,,,,,,2017,primary,1.0,6.786
SAMEA121013340,PRJEB98467,,,,,,GB,,,,,,2017,primary,1.0,7.33
SAMEA121013341,PRJEB98467,,,,,,GB,,,,,,2017,primary,1.0,15.697
SAMEA121013342,PRJEB98467,,,,,,GB,,,,,,2017,primary,1.0,12.417
SAMEA121013343,PRJEB98467,,,,,,GB,,,,,,2017,primary,1.0,10.034
SAMEA121013344,PRJEB98467,,,,,,GB,,,,,,2017,primary,1.0,14.45
SAMEA121013345,PRJEB98467,,,,,,GB,,,,,,2017,primary,1.0,9.168
SAMEA121013346,PRJEB98467,,,,,,GB,,,,,,2017,primary,1.0,7.725
SAMEA121013347,PRJEB98467,,,,,,GB,,,,,,2017,primary,1.0,7.704
SAMEA121013348,PRJEB98467,,,,,,GB,,,,,,2017,primary,1.0,16.852
SAMEA121013349,PRJEB98467,,,,,,GB,,,,,,2017,primary,1.0,13.537
SAMEA121013350,PRJEB98467,,,,,,GB,,,,,,2017,primary,1.0,11.946
SAMEA121013351,PRJEB98467,,,,,,GB,,,,,,2017,primary,1.0,10.338
SAMEA121013352,PRJEB98467,,,,,,GB,,,,,,2017,primary,1.0,16.824
SAMEA121013353,PRJEB98467,,,,,,GB,,,,,,2017,primary,1.0,8.194
SAMEA121013354,PRJEB98467,,,,,,GB,,,,,,2017,primary,1.0,11.515
SAMEA121013355,PRJEB98467,,,,,,GB,,,,,,2017,primary,1.0,8.623
SAMEA121013356,PRJEB98467,,,,,,GB,,,,,,2017,primary,1.0,14.688
SAMEA121013357,PRJEB98467,,,,,,GB,,,,,,2017,primary,1.0,11.017
SAMEA121013358,PRJEB98467,,,,,,GB,,,,,,2017,primary,1.0,8.992
SAMEA121013359,PRJEB98467,,,,,,GB,,,,,,2017,primary,1.0,7.943
SAMEA121013360,PRJEB98467,,,,,,GB,,,,,,2017,primary,1.0,7.81
SAMEA121013361,PRJEB98467,,,,,,GB,,,,,,2017,primary,1.0,10.396
SAMEA121013362,PRJEB98467,,,,,,GB,,,,,,2017,primary,1.0,12.046
SAMEA121013363,PRJEB98467,,,,,,GB,,,,,,2017,primary,1.0,8.11
SAMEA121013364,PRJEB98467,,,,,,GB,,,,,,2017,primary,1.0,7.451
SAMEA121013365,PRJEB98467,,,,,,GB,,,,,,2017,primary,1.0,11.593
SAMEA121013366,PRJEB98467,,,,,,GB,,,,,,2017,primary,1.0,15.452
SAMEA121013367,PRJEB98467,,,,,,GB,,,,,,2017,primary,1.0,9.51
SAMEA121013368,PRJEB98467,,,,,,GB,,,,,,2017,primary,1.0,21.236
SAMEA121013369,PRJEB98467,,,,,,GB,,,,,,2017,primary,1.0,8.685
SAMEA121013370,PRJEB98467,,,,,,GB,,,,,,2017,primary,1.0,40.522
SAMEA121013371,PRJEB98467,,,,,,GB,,,,,,2017,primary,1.0,7.546
SAMEA121013372,PRJEB98467,,,,,,GB,,,,,,2017,primary,1.0,7.419
SAMEA121013373,PRJEB98467,,,,,,GB,,,,,,2017,primary,1.0,7.532
SAMEA121013374,PRJEB98467,,,,,,GB,,,,,,2017,primary,1.0,8.579
SAMEA121013375,PRJEB98467,,,,,,GB,,,,,,2017,primary,1.0,8.187
SAMEA121013376,PRJEB98467,,,,,,GB,,,,,,2017,primary,1.0,12.627
SAMEA121013377,PRJEB98467,,,,,,GB,,,,,,2017,primary,1.0,8.021
SAMEA121013378,PRJEB98467,,,,,,GB,,,,,,2017,primary,1.0,9.057
SAMEA121013379,PRJEB98467,,,,,,GB,,,,,,2017,primary,1.0,8.588
SAMEA121013380,PRJEB98467,,,,,,GB,,,,,,2017,primary,1.0,8.021
SAMEA121013381,PRJEB98467,,,,,,GB,,,,,,2017,primary,1.0,11.398
SAMEA121013382,PRJEB98467,,,,,,GB,,,,,,2017,primary,1.0,15.82
SAMEA121013383,PRJEB98467,,,,,,GB,,,,,,2017,primary,1.0,7.941
SAMEA121013384,PRJEB98467,,,,,,GB,,,,,,2017,primary,1.0,7.988
SAMEA121013385,PRJEB98467,,,,,,GB,,,,,,2017,primary,1.0,11.884
SAMEA121013386,PRJEB98467,,,,,,GB,,,,,,2017,primary,1.0,8.54
SAMEA121013387,PRJEB98467,,,,,,GB,,,,,,2017,primary,1.0,7.735
SAMEA121013388,PRJEB98467,,,,,,GB,,,,,,2017,primary,1.0,18.962
SAMEA121013389,PRJEB98467,,,,,,GB,,,,,,2019,primary,1.0,8.442
SAMEA121013390,PRJEB98467,,,,,,GB,,,,,,2018,primary,1.0,12.084
SAMEA121013391,PRJEB98467,,,,,,GB,,,,,,2018,primary,1.0,8.164
SAMEA121013392,PRJEB98467,,,,,,GB,,,,,,2018,primary,1.0,8.25
SAMEA121013393,PRJEB98467,,,,,,GB,,,,,,2018,primary,1.0,7.764
SAMEA121013394,PRJEB98467,,,,,,GB,,,,,,2018,primary,1.0,11.337
SAMEA121013395,PRJEB98467,,,,,,GB,,,,,,2018,primary,1.0,11.389
SAMEA121013396,PRJEB98467,,,,,,GB,,,,,,2018,primary,1.0,8.946
SAMEA121013397,PRJEB98467,,,,,,GB,,,,,,2018,primary,1.0,11.064
SAMEA121013398,PRJEB98467,,,,,,GB,,,,,,2018,primary,1.0,12.372
SAMEA121013399,PRJEB98467,,,,,,GB,,,,,,2018,primary,1.0,11.531
SAMEA121013400,PRJEB98467,,,,,,GB,,,,,,2018,primary,1.0,10.027
SAMEA121013401,PRJEB98467,,,,,,GB,,,,,,2018,primary,1.0,11.207
SAMEA121013402,PRJEB98467,,,,,,GB,,,,,,2018,primary,1.0,10.862
SAMEA121013403,PRJEB98467,,,,,,GB,,,,,,2018,primary,1.0,8.228
SAMEA121013404,PRJEB98467,,,,,,GB,,,,,,2018,primary,1.0,8.579
SAMEA121013405,PRJEB98467,,,,,,GB,,,,,,2018,primary,1.0,15.407
SAMEA121013406,PRJEB98467,,,,,,GB,,,,,,2018,primary,1.0,46.215
SAMEA121013407,PRJEB98467,,,,,,GB,,,,,,2018,primary,1.0,9.441
SAMEA121013408,PRJEB98467,,,,,,GB,,,,,,2018,primary,1.0,10.6
SAMEA121013409,PRJEB98467,,,,,,GB,,,,,,2018,primary,1.0,6.698
SAMEA121013410,PRJEB98467,,,,,,GB,,,,,,2018,primary,1.0,9.224
SAMEA121013411,PRJEB98467,,,,,,GB,,,,,,2018,primary,1.0,8.098
SAMEA121013412,PRJEB98467,,,,,,GB,,,,,,2016,primary,1.0,9.257
SAMEA121013413,PRJEB98467,,,,,,GB,,,,,,2016,primary,1.0,15.642
SAMEA121013414,PRJEB98467,,,,,,GB,,,,,,2016,primary,1.0,8.523
SAMEA121013415,PRJEB98467,,,,,,GB,,,,,,2016,primary,1.0,8.43
SAMEA121013416,PRJEB98467,,,,,,GB,,,,,,2016,primary,1.0,7.549
SAMEA121013417,PRJEB98467,,,,,,GB,,,,,,2016,primary,1.0,10.339
SAMEA121013418,PRJEB98467,,,,,,GB,,,,,,2016,primary,1.0,7.602
SAMEA121013419,PRJEB98467,,,,,,GB,,,,,,2016,primary,1.0,9.111
SAMEA121013420,PRJEB98467,,,,,,GB,,,,,,2016,primary,1.0,10.096
SAMEA121013421,PRJEB98467,,,,,,GB,,,,,,2016,primary,1.0,9.222
SAMEA121013422,PRJEB98467,,,,,,GB,,,,,,2016,primary,1.0,11.916
SAMEA121013423,PRJEB98467,,,,,,GB,,,,,,2016,primary,1.0,7.589
SAMEA121013424,PRJEB98467,,,,,,GB,,,,,,2016,primary,1.0,9.65
SAMEA121013425,PRJEB98467,,,,,,GB,,,,,,2016,primary,1.0,7.9
SAMEA121013426,PRJEB98467,,,,,,GB,,,,,,2016,primary,1.0,7.49
SAMEA121013427,PRJEB98467,,,,,,GB,,,,,,2016,primary,1.0,12.926
SAMEA121013428,PRJEB98467,,,,,,GB,,,,,,2016,primary,1.0,8.61
SAMEA121013429,PRJEB98467,,,,,,GB,,,,,,2016,primary,1.0,8.627
SAMEA121013430,PRJEB98467,,,,,,GB,,,,,,2016,primary,1.0,8.391
SAMEA121013431,PRJEB98467,,,,,,GB,,,,,,2016,primary,1.0,7.418
SAMEA121013432,PRJEB98467,,,,,,GB,,,,,,2016,primary,1.0,7.446
SAMEA121013433,PRJEB98467,,,,,,GB,,,,,,2016,primary,1.0,8.152
SAMEA121013434,PRJEB98467,,,,,,GB,,,,,,2016,primary,1.0,9.817
SAMEA121013435,PRJEB98467,,,,,,GB,,,,,,2016,primary,1.0,8.483
SAMEA121013436,PRJEB98467,,,,,,GB,,,,,,2016,primary,1.0,7.38
SAMEA121013437,PRJEB98467,,,,,,GB,,,,,,2016,primary,1.0,8.751
SAMEA121013438,PRJEB98467,,,,,,GB,,,,,,2016,primary,1.0,8.244
SAMEA121013439,PRJEB98467,,,,,,GB,,,,,,2016,primary,1.0,7.673
SAMEA121013440,PRJEB98467,,,,,,GB,,,,,,2016,primary,1.0,8.556
SAMEA121013441,PRJEB98467,,,,,,GB,,,,,,2016,primary,1.0,10.274
SAMEA121013442,PRJEB98467,,,,,,GB,,,,,,2016,primary,1.0,8.551
SAMEA121013443,PRJEB98467,,,,,,GB,,,,,,2016,primary,1.0,13.451
SAMEA121013444,PRJEB98467,,,,,,GB,,,,,,2016,primary,1.0,7.445
SAMEA121013445,PRJEB98467,,,,,,GB,,,,,,2016,primary,1.0,7.79
SAMEA121013446,PRJEB98467,,,,,,GB,,,,,,2016,primary,1.0,11.165
SAMEA121013447,PRJEB98467,,,,,,GB,,,,,,2016,primary,1.0,14.118
SAMEA121013448,PRJEB98467,,,,,,GB,,,,,,2016,primary,1.0,8.077
SAMEA121013449,PRJEB98467,,,,,,GB,,,,,,2016,primary,1.0,9.588
SAMEA121013450,PRJEB98467,,,,,,GB,,,,,,2016,primary,1.0,8.589
SAMEA121013451,PRJEB98467,,,,,,GB,,,,,,2016,primary,1.0,11.64
SAMEA121013452,PRJEB98467,,,,,,GB,,,,,,2016,primary,1.0,9.746
SAMEA121013453,PRJEB98467,,,,,,GB,,,,,,2016,primary,1.0,8.276
SAMEA121013454,PRJEB98467,,,,,,GB,,,,,,2016,primary,1.0,7.548
SAMEA121013455,PRJEB98467,,,,,,GB,,,,,,2016,primary,1.0,5.587
SAMEA121013456,PRJEB98467,,,,,,GB,,,,,,2016,primary,1.0,8.235
SAMEA121013457,PRJEB98467,,,,,,GB,,,,,,2016,primary,1.0,7.344
SAMEA121013458,PRJEB98467,,,,,,GB,,,,,,2016,primary,1.0,7.883
SAMEA121013459,PRJEB98467,,,,,,GB,,,,,,2016,primary,1.0,8.185
SAMEA121013460,PRJEB98467,,,,,,GB,,,,,,2016,primary,1.0,8.337
SAMEA121013461,PRJEB98467,,,,,,GB,,,,,,2016,primary,1.0,9.163
SAMEA121013462,PRJEB98467,,,,,,GB,,,,,,2016,primary,1.0,4.56
SAMEA121013463,PRJEB98467,,,,,,GB,,,,,,2016,primary,1.0,9.629
SAMEA121013464,PRJEB98467,,,,,,GB,,,,,,2016,primary,1.0,11.541
SAMEA121013465,PRJEB98467,,,,,,GB,,,,,,2016,primary,1.0,9.958
SAMEA121013466,PRJEB98467,,,,,,GB,,,,,,2016,primary,1.0,9.325
SAMEA121013467,PRJEB98467,,,,,,GB,,,,,,2016,primary,1.0,7.894
SAMEA121013468,PRJEB98467,,,,,,GB,,,,,,2016,primary,1.0,8.709
SAMEA121013469,PRJEB98467,,,,,,GB,,,,,,2016,primary,1.0,8.96
SAMEA121013470,PRJEB98467,,,,,,GB,,,,,,2016,primary,1.0,16.297
SAMEA121013471,PRJEB98467,,,,,,GB,,,,,,2016,primary,1.0,8.806
SAMEA121013472,PRJEB98467,,,,,,GB,,,,,,2016,primary,1.0,8.139
SAMEA121013473,PRJEB98467,,,,,,GB,,,,,,2016,primary,1.0,11.613
SAMEA121013474,PRJEB98467,,,,,,GB,,,,,,2016,primary,1.0,7.294
SAMEA121013475,PRJEB98467,,,,,,GB,,,,,,2016,primary,1.0,8.792
SAMEA121013476,PRJEB98467,,,,,,GB,,,,,,2016,primary,1.0,9.229
SAMEA121013477,PRJEB98467,,,,,,GB,,,,,,2016,primary,1.0,8.169
SAMEA121013478,PRJEB98467,,,,,,GB,,,,,,2016,primary,1.0,5.856
SAMEA121013479,PRJEB98467,,,,,,GB,,,,,,2016,primary,1.0,10.281
SAMEA121013480,PRJEB98467,,,,,,GB,,,,,,2016,primary,1.0,4.639
SAMEA121013481,PRJEB98467,,,,,,GB,,,,,,2016,primary,1.0,11.355
SAMEA121013482,PRJEB98467,,,,,,GB,,,,,,2016,primary,1.0,8.841
SAMEA121013483,PRJEB98467,,,,,,GB,,,,,,2016,primary,1.0,8.38
SAMEA121013484,PRJEB98467,,,,,,GB,,,,,,2016,primary,1.0,5.607
SAMEA121013485,PRJEB98467,,,,,,GB,,,,,,2016,primary,1.0,8.133
SAMEA121013486,PRJEB98467,,,,,,GB,,,,,,2016,primary,1.0,9.549
SAMEA121013487,PRJEB98467,,,,,,GB,,,,,,2016,primary,1.0,8.353
SAMEA121013488,PRJEB98467,,,,,,GB,,,,,,2016,primary,1.0,9.247
SAMEA121013489,PRJEB98467,,,,,,GB,,,,,,2016,primary,1.0,7.398
SAMEA121013490,PRJEB98467,,,,,,GB,,,,,,2016,primary,1.0,7.696
SAMEA121013491,PRJEB98467,,,,,,GB,,,,,,2016,primary,1.0,8.57
SAMEA121013492,PRJEB98467,,,,,,GB,,,,,,2016,primary,1.0,8.1
SAMEA121013493,PRJEB98467,,,,,,GB,,,,,,2016,primary,1.0,9.603
SAMEA121013494,PRJEB98467,,,,,,GB,,,,,,2016,primary,1.0,11.434
SAMEA121013495,PRJEB98467,,,,,,GB,,,,,,2016,primary,1.0,8.704
SAMEA121013496,PRJEB98467,,,,,,GB,,,,,,2016,primary,1.0,7.962
SAMEA121013497,PRJEB98467,,,,,,GB,,,,,,2016,primary,1.0,10.556
SAMEA121013498,PRJEB98467,,,,,,GB,,,,,,2016,primary,1.0,28.384
SAMEA121013499,PRJEB98467,,,,,,GB,,,,,,2016,primary,1.0,7.631
SAMEA121013500,PRJEB98467,,,,,,GB,,,,,,2016,primary,1.0,7.973
SAMEA121013501,PRJEB98467,,,,,,GB,,,,,,2017,primary,1.0,15.269
SAMEA121013502,PRJEB98467,,,,,,GB,,,,,,2017,primary,1.0,10.094
SAMEA121013503,PRJEB98467,,,,,,GB,,,,,,2017,primary,1.0,9.067
SAMEA121013504,PRJEB98467,,,,,,GB,,,,,,2017,primary,1.0,29.657
SAMEA121013505,PRJEB98467,,,,,,GB,,,,,,2017,primary,1.0,12.953
SAMEA121013506,PRJEB98467,,,,,,GB,,,,,,2017,primary,1.0,11.137
SAMEA121013507,PRJEB98467,,,,,,GB,,,,,,2017,primary,1.0,9.983
SAMEA121013508,PRJEB98467,,,,,,GB,,,,,,2017,primary,1.0,9.394
SAMEA121013509,PRJEB98467,,,,,,GB,,,,,,2017,primary,1.0,7.616
SAMEA121013510,PRJEB98467,,,,,,GB,,,,,,2017,primary,1.0,10.294
SAMEA121013511,PRJEB98467,,,,,,GB,,,,,,2017,primary,1.0,9.366
SAMEA121013512,PRJEB98467,,,,,,GB,,,,,,2017,primary,1.0,26.135
SAMEA121013513,PRJEB98467,,,,,,GB,,,,,,2017,primary,1.0,18.017
SAMEA121013514,PRJEB98467,,,,,,GB,,,,,,2017,primary,1.0,7.332
SAMEA121013515,PRJEB98467,,,,,,GB,,,,,,2017,primary,1.0,9.854
SAMEA121013516,PRJEB98467,,,,,,GB,,,,,,2017,primary,1.0,16.481
SAMEA121013517,PRJEB98467,,,,,,GB,,,,,,2017,primary,1.0,7.473
SAMEA121013518,PRJEB98467,,,,,,GB,,,,,,2017,primary,1.0,8.921
SAMEA121013519,PRJEB98467,,,,,,GB,,,,,,2017,primary,1.0,11.441
SAMEA121013520,PRJEB98467,,,,,,GB,,,,,,2017,primary,1.0,15.739
SAMEA121013521,PRJEB98467,,,,,,GB,,,,,,2017,primary,1.0,17.571
SAMEA121013522,PRJEB98467,,,,,,GB,,,,,,2017,primary,1.0,8.209
SAMEA121013523,PRJEB98467,,,,,,GB,,,,,,2017,primary,1.0,7.951
SAMEA121013524,PRJEB98467,,,,,,GB,,,,,,2017,primary,1.0,14.413
SAMEA121013525,PRJEB98467,,,,,,GB,,,,,,2017,primary,1.0,11.062
SAMEA121013526,PRJEB98467,,,,,,GB,,,,,,2017,primary,1.0,9.482
SAMEA121013527,PRJEB98467,,,,,,GB,,,,,,2017,primary,1.0,10.244
SAMEA121013528,PRJEB98467,,,,,,GB,,,,,,2017,primary,1.0,7.911
SAMEA121013529,PRJEB98467,,,,,,GB,,,,,,2017,primary,1.0,12.274
SAMEA121013530,PRJEB98467,,,,,,GB,,,,,,2017,primary,1.0,13.902
SAMEA121013531,PRJEB98467,,,,,,GB,,,,,,2017,primary,1.0,7.61
SAMEA121013532,PRJEB98467,,,,,,GB,,,,,,2017,primary,1.0,10.343
SAMEA121013533,PRJEB98467,,,,,,GB,,,,,,2017,primary,1.0,9.256
SAMEA121013534,PRJEB98467,,,,,,GB,,,,,,2017,primary,1.0,12.474
SAMEA121013535,PRJEB98467,,,,,,GB,,,,,,2017,primary,1.0,9.763
SAMEA121013536,PRJEB98467,,,,,,GB,,,,,,2017,primary,1.0,9.818
SAMEA121013537,PRJEB98467,,,,,,GB,,,,,,2017,primary,1.0,22.387
SAMEA121013538,PRJEB98467,,,,,,GB,,,,,,2017,primary,1.0,11.798
SAMEA121013539,PRJEB98467,,,,,,GB,,,,,,2017,primary,1.0,9.859
SAMEA121013540,PRJEB98467,,,,,,GB,,,,,,2017,primary,1.0,14.023
SAMEA121013541,PRJEB98467,,,,,,GB,,,,,,2017,primary,1.0,8.189
SAMEA121013542,PRJEB98467,,,,,,GB,,,,,,2017,primary,1.0,14.864
SAMEA121013543,PRJEB98467,,,,,,GB,,,,,,2017,primary,1.0,10.674
SAMEA121013544,PRJEB98467,,,,,,GB,,,,,,2017,primary,1.0,13.047
SAMEA121013545,PRJEB98467,,,,,,GB,,,,,,2017,primary,1.0,8.234
SAMEA121013546,PRJEB98467,,,,,,GB,,,,,,2017,primary,1.0,7.812
SAMEA121013547,PRJEB98467,,,,,,GB,,,,,,2017,primary,1.0,8.709
SAMEA121013548,PRJEB98467,,,,,,GB,,,,,,2017,primary,1.0,7.723
SAMEA121013549,PRJEB98467,,,,,,GB,,,,,,2017,primary,1.0,7.84
SAMEA121013550,PRJEB98467,,,,,,GB,,,,,,2017,primary,1.0,10.701
SAMEA121013551,PRJEB98467,,,,,,GB,,,,,,2017,primary,1.0,10.865
SAMEA121013552,PRJEB98467,,,,,,GB,,,,,,2017,primary,1.0,11.111
SAMEA121013553,PRJEB98467,,,,,,GB,,,,,,2017,primary,1.0,33.818
SAMEA121013554,PRJEB98467,,,,,,GB,,,,,,2017,primary,1.0,26.593
SAMEA121013555,PRJEB98467,,,,,,GB,,,,,,2017,primary,1.0,14.522
SAMEA121013556,PRJEB98467,,,,,,GB,,,,,,2017,primary,1.0,18.711
SAMEA121013557,PRJEB98467,,,,,,GB,,,,,,2017,primary,1.0,7.481
SAMEA121013558,PRJEB98467,,,,,,GB,,,,,,2017,primary,1.0,8.09
SAMEA121013559,PRJEB98467,,,,,,GB,,,,,,2017,primary,1.0,23.958
SAMEA121013560,PRJEB98467,,,,,,GB,,,,,,2017,primary,1.0,11.114
SAMEA121013561,PRJEB98467,,,,,,GB,,,,,,2017,primary,1.0,22.356
SAMEA121013562,PRJEB98467,,,,,,GB,,,,,,2017,primary,1.0,11.902
SAMEA121013563,PRJEB98467,,,,,,GB,,,,,,2017,primary,1.0,18.834
SAMEA121013564,PRJEB98467,,,,,,GB,,,,,,2017,primary,1.0,8.001
SAMEA121013565,PRJEB98467,,,,,,GB,,,,,,2017,primary,1.0,12.626
SAMEA121013566,PRJEB98467,,,,,,GB,,,,,,2017,primary,1.0,9.637
SAMEA121013567,PRJEB98467,,,,,,GB,,,,,,2017,primary,1.0,9.01
SAMEA121013568,PRJEB98467,,,,,,GB,,,,,,2017,primary,1.0,7.695
SAMEA121013569,PRJEB98467,,,,,,GB,,,,,,2017,primary,1.0,16.628
SAMEA121013570,PRJEB98467,,,,,,GB,,,,,,2017,primary,1.0,8.077
SAMEA121013571,PRJEB98467,,,,,,GB,,,,,,2017,primary,1.0,7.386
SAMEA121013572,PRJEB98467,,,,,,GB,,,,,,2017,primary,1.0,15.907
SAMEA121013573,PRJEB98467,,,,,,GB,,,,,,2017,primary,1.0,7.673
SAMEA121013574,PRJEB98467,,,,,,GB,,,,,,2017,primary,1.0,15.358
SAMEA121013575,PRJEB98467,,,,,,GB,,,,,,2017,primary,1.0,7.382
SAMEA121013576,PRJEB98467,,,,,,GB,,,,,,2017,primary,1.0,12.461
SAMEA121013577,PRJEB98467,,,,,,GB,,,,,,2017,primary,1.0,19.713
SAMEA121013578,PRJEB98467,,,,,,GB,,,,,,2017,primary,1.0,7.417
SAMEA121013579,PRJEB98467,,,,,,GB,,,,,,2017,primary,1.0,17.125
SAMEA121013580,PRJEB98467,,,,,,GB,,,,,,2017,primary,1.0,9.676
SAMEA121013581,PRJEB98467,,,,,,GB,,,,,,2017,primary,1.0,7.382
SAMEA121013582,PRJEB98467,,,,,,GB,,,,,,2017,primary,1.0,9.569
SAMEA121013583,PRJEB98467,,,,,,GB,,,,,,2017,primary,1.0,8.902
SAMEA121013584,PRJEB98467,,,,,,GB,,,,,,2017,primary,1.0,7.9
SAMEA121013585,PRJEB98467,,,,,,GB,,,,,,2017,primary,1.0,10.845
SAMEA121013586,PRJEB98467,,,,,,GB,,,,,,2017,primary,1.0,9.451
SAMEA121013587,PRJEB98467,,,,,,GB,,,,,,2017,primary,1.0,7.38
SAMEA121013588,PRJEB98467,,,,,,GB,,,,,,2017,primary,1.0,7.27
SAMEA121013589,PRJEB98467,,,,,,GB,,,,,,2017,primary,1.0,13.554
SAMEA121013590,PRJEB98467,,,,,,GB,,,,,,2017,primary,1.0,8.451
SAMEA121013591,PRJEB98467,,,,,,GB,,,,,,2017,primary,1.0,12.373
SAMEA121013592,PRJEB98467,,,,,,GB,,,,,,2017,primary,1.0,10.72
SAMEA121013593,PRJEB98467,,,,,,GB,,,,,,2017,primary,1.0,11.118
SAMEA121013594,PRJEB98467,,,,,,GB,,,,,,2017,primary,1.0,16.145
SAMEA121013595,PRJEB98467,,,,,,GB,,,,,,2017,primary,1.0,11.112
SAMEA121013596,PRJEB98467,,,,,,GB,,,,,,2017,primary,1.0,14.698
SAMEA121013597,PRJEB98467,,,,,,GB,,,,,,2017,primary,1.0,20.275
SAMEA121013598,PRJEB98467,,,,,,GB,,,,,,2017,primary,1.0,13.34
SAMEA121013599,PRJEB98467,,,,,,GB,,,,,,2017,primary,1.0,16.458
SAMEA121013600,PRJEB98467,,,,,,GB,,,,,,2017,primary,1.0,7.38
SAMEA121013601,PRJEB98467,,,,,,GB,,,,,,2017,primary,1.0,13.052
SAMEA121013602,PRJEB98467,,,,,,GB,,,,,,2017,primary,1.0,4.217
SAMEA121013603,PRJEB98467,,,,,,GB,,,,,,2017,primary,1.0,11.698
SAMEA121013604,PRJEB98467,,,,,,GB,,,,,,2017,primary,1.0,7.391
SAMEA121013605,PRJEB98467,,,,,,GB,,,,,,2017,primary,1.0,8.498
SAMEA121013606,PRJEB98467,,,,,,GB,,,,,,2017,primary,1.0,9.01
SAMEA121013607,PRJEB98467,,,,,,GB,,,,,,2017,primary,1.0,7.658
SAMEA121013608,PRJEB98467,,,,,,GB,,,,,,2017,primary,1.0,8.055
SAMEA121013609,PRJEB98467,,,,,,GB,,,,,,2017,primary,1.0,8.093
SAMEA121013610,PRJEB98467,,,,,,GB,,,,,,2017,primary,1.0,10.04
SAMEA121013611,PRJEB98467,,,,,,GB,,,,,,2017,primary,1.0,8.219
SAMEA121013612,PRJEB98467,,,,,,GB,,,,,,2017,primary,1.0,7.594
SAMEA121013613,PRJEB98467,,,,,,GB,,,,,,2017,primary,1.0,8.881
SAMEA121013614,PRJEB98467,,,,,,GB,,,,,,2017,primary,1.0,9.526
SAMEA121013615,PRJEB98467,,,,,,GB,,,,,,2017,primary,1.0,10.276
SAMEA121013616,PRJEB98467,,,,,,GB,,,,,,2017,primary,1.0,10.342
SAMEA121013617,PRJEB98467,,,,,,GB,,,,,,2017,primary,1.0,8.543
SAMEA121013618,PRJEB98467,,,,,,GB,,,,,,2017,primary,1.0,9.733
SAMEA121013619,PRJEB98467,,,,,,GB,,,,,,2017,primary,1.0,7.443
SAMEA121013620,PRJEB98467,,,,,,GB,,,,,,2017,primary,1.0,10.417
SAMEA121013621,PRJEB98467,,,,,,GB,,,,,,2017,primary,1.0,7.182
SAMEA121013622,PRJEB98467,,,,,,GB,,,,,,2017,primary,1.0,11.98
SAMEA121013623,PRJEB98467,,,,,,GB,,,,,,2017,primary,1.0,10.455
SAMEA121013624,PRJEB98467,,,,,,GB,,,,,,2017,primary,1.0,8.687
SAMEA121013625,PRJEB98467,,,,,,GB,,,,,,2017,primary,1.0,8.119
SAMEA121013626,PRJEB98467,,,,,,GB,,,,,,2017,primary,1.0,8.529
SAMEA121013627,PRJEB98467,,,,,,GB,,,,,,2017,primary,1.0,8.234
SAMEA121013628,PRJEB98467,,,,,,GB,,,,,,2017,primary,1.0,9.116
SAMEA121013629,PRJEB98467,,,,,,GB,,,,,,2017,primary,1.0,8.543
SAMEA121013630,PRJEB98467,,,,,,GB,,,,,,2017,primary,1.0,8.969
SAMEA121013631,PRJEB98467,,,,,,GB,,,,,,2017,primary,1.0,14.603
SAMEA121013632,PRJEB98467,,,,,,GB,,,,,,2017,primary,1.0,9.854
SAMEA121013633,PRJEB98467,,,,,,GB,,,,,,2017,primary,1.0,8.047
SAMEA121013634,PRJEB98467,,,,,,GB,,,,,,2017,primary,1.0,10.651
SAMEA121013635,PRJEB98467,,,,,,GB,,,,,,2017,primary,1.0,10.005
SAMEA121013636,PRJEB98467,,,,,,GB,,,,,,2017,primary,1.0,10.817
SAMEA121013637,PRJEB98467,,,,,,GB,,,,,,2017,primary,1.0,13.26
SAMEA121013638,PRJEB98467,,,,,,GB,,,,,,2017,primary,1.0,7.769
SAMEA121013639,PRJEB98467,,,,,,GB,,,,,,2017,primary,1.0,10.035
SAMEA121013640,PRJEB98467,,,,,,GB,,,,,,2017,primary,1.0,15.293
SAMEA121013641,PRJEB98467,,,,,,GB,,,,,,2017,primary,1.0,7.363
SAMEA121013642,PRJEB98467,,,,,,GB,,,,,,2017,primary,1.0,12.889
SAMEA121013643,PRJEB98467,,,,,,GB,,,,,,2017,primary,1.0,8.041
SAMEA121013644,PRJEB98467,,,,,,GB,,,,,,2017,primary,1.0,9.736
SAMEA121013645,PRJEB98467,,,,,,GB,,,,,,2017,primary,1.0,8.068
SAMEA121013646,PRJEB98467,,,,,,GB,,,,,,2017,primary,1.0,9.221
SAMEA121013647,PRJEB98467,,,,,,GB,,,,,,2017,primary,1.0,10.426
SAMEA121013648,PRJEB98467,,,,,,GB,,,,,,2017,primary,1.0,10.437
SAMEA121013649,PRJEB98467,,,,,,GB,,,,,,2017,primary,1.0,7.859
SAMEA121013650,PRJEB98467,,,,,,GB,,,,,,2017,primary,1.0,8.049
SAMEA121013651,PRJEB98467,,,,,,GB,,,,,,2017,primary,1.0,14.766
SAMEA121013652,PRJEB98467,,,,,,GB,,,,,,2017,primary,1.0,8.336
SAMEA121013653,PRJEB98467,,,,,,GB,,,,,,2017,primary,1.0,9.909
SAMEA121013654,PRJEB98467,,,,,,GB,,,,,,2017,primary,1.0,9.844
SAMEA121013655,PRJEB98467,,,,,,GB,,,,,,2017,primary,1.0,7.807
SAMEA121013656,PRJEB98467,,,,,,GB,,,,,,2017,primary,1.0,10.177
SAMEA121013657,PRJEB98467,,,,,,GB,,,,,,2017,primary,1.0,8.134
SAMEA121013658,PRJEB98467,,,,,,GB,,,,,,2017,primary,1.0,8.562
SAMEA121013659,PRJEB98467,,,,,,GB,,,,,,2017,primary,1.0,7.619
SAMEA121013660,PRJEB98467,,,,,,GB,,,,,,2017,primary,1.0,11.122
SAMEA121013661,PRJEB98467,,,,,,GB,,,,,,2017,primary,1.0,9.937
SAMEA121013662,PRJEB98467,,,,,,GB,,,,,,2017,primary,1.0,11.131
SAMEA121013663,PRJEB98467,,,,,,GB,,,,,,2017,primary,1.0,7.817
SAMEA121013664,PRJEB98467,,,,,,GB,,,,,,2017,primary,1.0,7.657
SAMEA121013665,PRJEB98467,,,,,,GB,,,,,,2017,primary,1.0,11.869
SAMEA121013666,PRJEB98467,,,,,,GB,,,,,,2017,primary,1.0,9.01
SAMEA121013667,PRJEB98467,,,,,,GB,,,,,,2017,primary,1.0,7.683
SAMEA121013668,PRJEB98467,,,,,,GB,,,,,,2017,primary,1.0,8.778
SAMEA121013669,PRJEB98467,,,,,,GB,,,,,,2017,primary,1.0,5.143
SAMEA121013670,PRJEB98467,,,,,,GB,,,,,,2017,primary,1.0,11.82
SAMEA121013671,PRJEB98467,,,,,,GB,,,,,,2017,primary,1.0,10.158
SAMEA121013672,PRJEB98467,,,,,,GB,,,,,,2017,primary,1.0,9.352
SAMEA121013673,PRJEB98467,,,,,,GB,,,,,,2017,primary,1.0,9.642
SAMEA121013674,PRJEB98467,,,,,,GB,,,,,,2017,primary,1.0,11.851
SAMEA121013675,PRJEB98467,,,,,,GB,,,,,,2017,primary,1.0,8.767
SAMEA121013676,PRJEB98467,,,,,,GB,,,,,,2017,primary,1.0,7.588
SAMEA121013677,PRJEB98467,,,,,,GB,,,,,,2017,primary,1.0,7.971
SAMEA121013678,PRJEB98467,,,,,,GB,,,,,,2017,primary,1.0,10.211
SAMEA121013679,PRJEB98467,,,,,,GB,,,,,,2017,primary,1.0,7.305
SAMEA121013680,PRJEB98467,,,,,,GB,,,,,,2017,primary,1.0,9.754
SAMEA121013681,PRJEB98467,,,,,,GB,,,,,,2017,primary,1.0,8.353
SAMEA121013682,PRJEB98467,,,,,,GB,,,,,,2017,primary,1.0,9.911
SAMEA121013683,PRJEB98467,,,,,,GB,,,,,,2017,primary,1.0,9.179
SAMEA121013684,PRJEB98467,,,,,,GB,,,,,,2017,primary,1.0,11.254
SAMEA121013685,PRJEB98467,,,,,,GB,,,,,,2017,primary,1.0,10.944
SAMEA121013686,PRJEB98467,,,,,,GB,,,,,,2017,primary,1.0,8.513
SAMEA121013687,PRJEB98467,,,,,,GB,,,,,,2017,primary,1.0,8.176
SAMEA121013688,PRJEB98467,,,,,,GB,,,,,,2017,primary,1.0,8.888
SAMEA121013689,PRJEB98467,,,,,,GB,,,,,,2017,primary,1.0,7.892
SAMEA121013690,PRJEB98467,,,,,,GB,,,,,,2017,primary,1.0,10.726
SAMEA121013691,PRJEB98467,,,,,,GB,,,,,,2017,primary,1.0,7.508
SAMEA121013692,PRJEB98467,,,,,,GB,,,,,,2017,primary,1.0,14.147
SAMEA121013693,PRJEB98467,,,,,,GB,,,,,,2017,primary,1.0,9.615
SAMEA121013694,PRJEB98467,,,,,,GB,,,,,,2017,primary,1.0,8.706
SAMEA121013695,PRJEB98467,,,,,,GB,,,,,,2017,primary,1.0,19.429
SAMEA121013696,PRJEB98467,,,,,,GB,,,,,,2017,primary,1.0,8.592
SAMEA121013697,PRJEB98467,,,,,,GB,,,,,,2017,primary,1.0,8.435
SAMEA121013698,PRJEB98467,,,,,,GB,,,,,,2017,primary,1.0,19.213
SAMEA121013699,PRJEB98467,,,,,,GB,,,,,,2017,primary,1.0,7.713
SAMEA121013700,PRJEB98467,,,,,,GB,,,,,,2017,primary,1.0,8.446
SAMEA121013701,PRJEB98467,,,,,,GB,,,,,,2017,primary,1.0,8.817
SAMEA121013702,PRJEB98467,,,,,,GB,,,,,,2017,primary,1.0,9.136
SAMEA121013703,PRJEB98467,,,,,,GB,,,,,,2017,primary,1.0,12.216
SAMEA121013704,PRJEB98467,,,,,,GB,,,,,,2017,primary,1.0,9.299
SAMEA121013705,PRJEB98467,,,,,,GB,,,,,,2017,primary,1.0,8.61
SAMEA121013706,PRJEB98467,,,,,,GB,,,,,,2017,primary,1.0,9.829
SAMEA121013707,PRJEB98467,,,,,,GB,,,,,,2017,primary,1.0,8.748
SAMEA121013708,PRJEB98467,,,,,,GB,,,,,,2017,primary,1.0,7.325
SAMEA121013709,PRJEB98467,,,,,,GB,,,,,,2017,primary,1.0,7.61
SAMEA121013710,PRJEB98467,,,,,,GB,,,,,,2017,primary,1.0,8.831
SAMEA121013711,PRJEB98467,,,,,,GB,,,,,,2017,primary,1.0,11.619
SAMEA121013712,PRJEB98467,,,,,,GB,,,,,,2017,primary,1.0,10.93
SAMEA121013713,PRJEB98467,,,,,,GB,,,,,,2017,primary,1.0,7.994
SAMEA121013714,PRJEB98467,,,,,,GB,,,,,,2017,primary,1.0,10.125
SAMEA121013715,PRJEB98467,,,,,,GB,,,,,,2017,primary,1.0,9.131
SAMEA121013716,PRJEB98467,,,,,,GB,,,,,,2017,primary,1.0,8.587
SAMEA121013717,PRJEB98467,,,,,,GB,,,,,,2017,primary,1.0,8.951
SAMEA121013718,PRJEB98467,,,,,,GB,,,,,,2017,primary,1.0,8.379
SAMEA121013719,PRJEB98467,,,,,,GB,,,,,,2017,primary,1.0,21.23
SAMEA121013720,PRJEB98467,,,,,,GB,,,,,,2017,primary,1.0,9.006
SAMEA121013721,PRJEB98467,,,,,,GB,,,,,,2017,primary,1.0,22.851
SAMEA121013722,PRJEB98467,,,,,,GB,,,,,,2017,primary,1.0,15.823
SAMEA121013723,PRJEB98467,,,,,,GB,,,,,,2017,primary,1.0,10.758
SAMEA121013724,PRJEB98467,,,,,,GB,,,,,,2017,primary,1.0,10.938
SAMEA121013725,PRJEB98467,,,,,,GB,,,,,,2017,primary,1.0,7.706
SAMEA121013726,PRJEB98467,,,,,,GB,,,,,,2017,primary,1.0,9.712
SAMEA121013727,PRJEB98467,,,,,,GB,,,,,,2017,primary,1.0,7.931
SAMEA121013728,PRJEB98467,,,,,,GB,,,,,,2017,primary,1.0,10.281
SAMEA121013729,PRJEB98467,,,,,,GB,,,,,,2017,primary,1.0,8.348
SAMEA121013730,PRJEB98467,,,,,,GB,,,,,,2017,primary,1.0,9.992
SAMEA121013731,PRJEB98467,,,,,,GB,,,,,,2017,primary,1.0,12.691
SAMEA121013732,PRJEB98467,,,,,,GB,,,,,,2017,primary,1.0,8.049
SAMEA121013733,PRJEB98467,,,,,,GB,,,,,,2017,primary,1.0,8.39
SAMEA121013734,PRJEB98467,,,,,,GB,,,,,,2017,primary,1.0,8.714
SAMEA121013735,PRJEB98467,,,,,,GB,,,,,,2017,primary,1.0,8.901
SAMEA121013736,PRJEB98467,,,,,,GB,,,,,,2017,primary,1.0,21.662
SAMEA121013737,PRJEB98467,,,,,,GB,,,,,,2017,primary,1.0,9.401
SAMEA121013738,PRJEB98467,,,,,,GB,,,,,,2017,primary,1.0,11.507
SAMEA121013739,PRJEB98467,,,,,,GB,,,,,,2017,primary,1.0,9.968
SAMEA121013740,PRJEB98467,,,,,,GB,,,,,,2017,primary,1.0,12.777
SAMEA121013741,PRJEB98467,,,,,,GB,,,,,,2017,primary,1.0,8.586
SAMEA121013742,PRJEB98467,,,,,,GB,,,,,,2017,primary,1.0,8.823
SAMEA121013743,PRJEB98467,,,,,,GB,,,,,,2017,primary,1.0,8.134
SAMEA121013744,PRJEB98467,,,,,,GB,,,,,,2017,primary,1.0,9.256
SAMEA121013745,PRJEB98467,,,,,,GB,,,,,,2017,primary,1.0,10.996
SAMEA121013746,PRJEB98467,,,,,,GB,,,,,,2017,primary,1.0,9.537
SAMEA121013747,PRJEB98467,,,,,,GB,,,,,,2017,primary,1.0,8.969
SAMEA121013748,PRJEB98467,,,,,,GB,,,,,,2017,primary,1.0,7.554
SAMEA121013749,PRJEB98467,,,,,,GB,,,,,,2017,primary,1.0,8.358
SAMEA121013750,PRJEB98467,,,,,,GB,,,,,,2017,primary,1.0,11.093
SAMEA121013751,PRJEB98467,,,,,,GB,,,,,,2017,primary,1.0,14.113
SAMEA121013752,PRJEB98467,,,,,,GB,,,,,,2017,primary,1.0,8.36
SAMEA121013753,PRJEB98467,,,,,,GB,,,,,,2017,primary,1.0,8.331
SAMEA121013754,PRJEB98467,,,,,,GB,,,,,,2017,primary,1.0,9.782
SAMEA121013755,PRJEB98467,,,,,,GB,,,,,,2017,primary,1.0,8.483
SAMEA121013756,PRJEB98467,,,,,,GB,,,,,,2017,primary,1.0,8.455
SAMEA121013757,PRJEB98467,,,,,,GB,,,,,,2017,primary,1.0,10.737
SAMEA121013758,PRJEB98467,,,,,,GB,,,,,,2017,primary,1.0,7.775
SAMEA121013759,PRJEB98467,,,,,,GB,,,,,,2017,primary,1.0,7.663
SAMEA121013760,PRJEB98467,,,,,,GB,,,,,,2017,primary,1.0,8.541
SAMEA121013761,PRJEB98467,,,,,,GB,,,,,,2017,primary,1.0,7.934
SAMEA121013762,PRJEB98467,,,,,,GB,,,,,,2017,primary,1.0,11.495
SAMEA121013763,PRJEB98467,,,,,,GB,,,,,,2017,primary,1.0,8.119
SAMEA121013764,PRJEB98467,,,,,,GB,,,,,,2017,primary,1.0,8.465
SAMEA121013765,PRJEB98467,,,,,,GB,,,,,,2017,primary,1.0,8.167
SAMEA121013766,PRJEB98467,,,,,,GB,,,,,,2017,primary,1.0,7.528
SAMEA121013767,PRJEB98467,,,,,,GB,,,,,,2017,primary,1.0,16.944
SAMEA121013768,PRJEB98467,,,,,,GB,,,,,,2017,primary,1.0,15.312
SAMEA121013769,PRJEB98467,,,,,,GB,,,,,,2017,primary,1.0,9.539
SAMEA121013771,PRJEB98467,,,,,,GB,,,,,,2017,primary,1.0,7.731
SAMEA121013772,PRJEB98467,,,,,,GB,,,,,,2017,primary,1.0,12.391
SAMEA121013773,PRJEB98467,,,,,,GB,,,,,,2017,primary,1.0,8.757
SAMEA121013774,PRJEB98467,,,,,,GB,,,,,,2017,primary,1.0,8.091
SAMEA121013775,PRJEB98467,,,,,,GB,,,,,,2017,primary,1.0,11.06
SAMEA121013776,PRJEB98467,,,,,,GB,,,,,,2017,primary,1.0,7.332
SAMEA121013777,PRJEB98467,,,,,,GB,,,,,,2017,primary,1.0,18.136
SAMEA121013778,PRJEB98467,,,,,,GB,,,,,,2017,primary,1.0,8.733
SAMEA121013779,PRJEB98467,,,,,,GB,,,,,,2017,primary,1.0,8.857
SAMEA121013780,PRJEB98467,,,,,,GB,,,,,,2017,primary,1.0,9.068
SAMEA121013781,PRJEB98467,,,,,,GB,,,,,,2017,primary,1.0,10.292
SAMEA121013782,PRJEB98467,,,,,,GB,,,,,,2017,primary,1.0,8.727
SAMEA121013783,PRJEB98467,,,,,,GB,,,,,,2017,primary,1.0,6.181
SAMEA121013784,PRJEB98467,,,,,,GB,,,,,,2017,primary,1.0,11.982
SAMEA121013785,PRJEB98467,,,,,,GB,,,,,,2017,primary,1.0,7.388
SAMEA121013786,PRJEB98467,,,,,,GB,,,,,,2017,primary,1.0,8.714
SAMEA121013787,PRJEB98467,,,,,,GB,,,,,,2017,primary,1.0,9.509
SAMEA121013788,PRJEB98467,,,,,,GB,,,,,,2017,primary,1.0,20.948
SAMEA121013789,PRJEB98467,,,,,,GB,,,,,,2017,primary,1.0,17.89
SAMEA121013790,PRJEB98467,,,,,,GB,,,,,,2017,primary,1.0,10.863
SAMEA121013791,PRJEB98467,,,,,,GB,,,,,,2017,primary,1.0,9.185
SAMEA121013792,PRJEB98467,,,,,,GB,,,,,,2017,primary,1.0,17.001
SAMEA121013793,PRJEB98467,,,,,,GB,,,,,,2017,primary,1.0,7.406
SAMEA121013794,PRJEB98467,,,,,,GB,,,,,,2017,primary,1.0,14.219
SAMEA121013795,PRJEB98467,,,,,,GB,,,,,,2017,primary,1.0,7.987
SAMEA121013796,PRJEB98467,,,,,,GB,,,,,,2017,primary,1.0,7.565
SAMEA121013797,PRJEB98467,,,,,,GB,,,,,,2017,primary,1.0,6.944
SAMEA121013798,PRJEB98467,,,,,,GB,,,,,,2017,primary,1.0,7.999
SAMEA121013799,PRJEB98467,,,,,,GB,,,,,,2017,primary,1.0,7.734
SAMEA121013800,PRJEB98467,,,,,,GB,,,,,,2017,primary,1.0,13.102
SAMEA121013801,PRJEB98467,,,,,,GB,,,,,,2017,primary,1.0,22.258
SAMEA121013802,PRJEB98467,,,,,,GB,,,,,,2017,primary,1.0,10.932
SAMEA121013803,PRJEB98467,,,,,,GB,,,,,,2017,primary,1.0,7.668
SAMEA121013804,PRJEB98467,,,,,,GB,,,,,,2017,primary,1.0,6.399
SAMEA121013805,PRJEB98467,,,,,,GB,,,,,,2017,primary,1.0,11.437
SAMEA121013806,PRJEB98467,,,,,,GB,,,,,,2017,primary,1.0,9.48
SAMEA121013807,PRJEB98467,,,,,,GB,,,,,,2017,primary,1.0,8.851
SAMEA121013808,PRJEB98467,,,,,,GB,,,,,,2017,primary,1.0,9.867
SAMEA121013809,PRJEB98467,,,,,,GB,,,,,,2017,primary,1.0,8.776
SAMEA121013810,PRJEB98467,,,,,,GB,,,,,,2017,primary,1.0,7.42
SAMEA121013811,PRJEB98467,,,,,,GB,,,,,,2017,primary,1.0,7.021
SAMEA121013812,PRJEB98467,,,,,,GB,,,,,,2017,primary,1.0,7.795
SAMEA121013813,PRJEB98467,,,,,,GB,,,,,,2017,primary,1.0,7.19
SAMEA121013814,PRJEB98467,,,,,,GB,,,,,,2017,primary,1.0,7.93
SAMEA121013815,PRJEB98467,,,,,,GB,,,,,,2017,primary,1.0,8.308
SAMEA121013816,PRJEB98467,,,,,,GB,,,,,,2017,primary,1.0,8.934
SAMEA121013817,PRJEB98467,,,,,,GB,,,,,,2017,primary,1.0,16.029
SAMEA121013818,PRJEB98467,,,,,,GB,,,,,,2017,primary,1.0,6.213
SAMEA121013819,PRJEB98467,,,,,,GB,,,,,,2017,primary,1.0,8.888
SAMEA121013820,PRJEB98467,,,,,,GB,,,,,,2017,primary,1.0,11.893
SAMEA121013821,PRJEB98467,,,,,,GB,,,,,,2017,primary,1.0,15.171
SAMEA121013822,PRJEB98467,,,,,,GB,,,,,,2017,primary,1.0,10.881
SAMEA121013823,PRJEB98467,,,,,,GB,,,,,,2017,primary,1.0,15.607
SAMEA121013824,PRJEB98467,,,,,,GB,,,,,,2017,primary,1.0,7.636
SAMEA121013825,PRJEB98467,,,,,,GB,,,,,,2017,primary,1.0,7.973
SAMEA121013826,PRJEB98467,,,,,,GB,,,,,,2017,primary,1.0,7.674
SAMEA121013827,PRJEB98467,,,,,,GB,,,,,,2017,primary,1.0,12.052
SAMEA121013828,PRJEB98467,,,,,,GB,,,,,,2017,primary,1.0,7.754
SAMEA121013829,PRJEB98467,,,,,,GB,,,,,,2017,primary,1.0,11.612
SAMEA121013830,PRJEB98467,,,,,,GB,,,,,,2017,primary,1.0,5.43
SAMEA121013831,PRJEB98467,,,,,,GB,,,,,,2017,primary,1.0,8.22
SAMEA121013832,PRJEB98467,,,,,,GB,,,,,,2017,primary,1.0,8.639
SAMEA121013833,PRJEB98467,,,,,,GB,,,,,,2017,primary,1.0,7.46
SAMEA121013834,PRJEB98467,,,,,,GB,,,,,,2017,primary,1.0,9.312
SAMEA121013835,PRJEB98467,,,,,,GB,,,,,,2017,primary,1.0,10.097
SAMEA121013836,PRJEB98467,,,,,,GB,,,,,,2017,primary,1.0,7.459
SAMEA121013837,PRJEB98467,,,,,,GB,,,,,,2017,primary,1.0,13.242
SAMEA121013838,PRJEB98467,,,,,,GB,,,,,,2017,primary,1.0,8.882
SAMEA121013839,PRJEB98467,,,,,,GB,,,,,,2017,primary,1.0,9.314
SAMEA121013840,PRJEB98467,,,,,,GB,,,,,,2017,primary,1.0,8.403
SAMEA121013841,PRJEB98467,,,,,,GB,,,,,,2017,primary,1.0,10.308
SAMEA121013842,PRJEB98467,,,,,,GB,,,,,,2017,primary,1.0,8.441
SAMEA121013843,PRJEB98467,,,,,,GB,,,,,,2017,primary,1.0,8.259
SAMEA121013844,PRJEB98467,,,,,,GB,,,,,,2017,primary,1.0,7.276
SAMEA121013845,PRJEB98467,,,,,,GB,,,,,,2017,primary,1.0,9.211
SAMEA121013846,PRJEB98467,,,,,,GB,,,,,,2017,primary,1.0,7.727
SAMEA121013847,PRJEB98467,,,,,,GB,,,,,,2017,primary,1.0,5.342
SAMEA121013848,PRJEB98467,,,,,,GB,,,,,,2017,primary,1.0,24.093
SAMEA121013849,PRJEB98467,,,,,,GB,,,,,,2017,primary,1.0,8.178
SAMEA121013850,PRJEB98467,,,,,,GB,,,,,,2017,primary,1.0,9.35
SAMEA121013851,PRJEB98467,,,,,,GB,,,,,,2017,primary,1.0,8.149
SAMEA121013852,PRJEB98467,,,,,,GB,,,,,,2017,primary,1.0,7.308
SAMEA121013853,PRJEB98467,,,,,,GB,,,,,,2017,primary,1.0,10.083
SAMEA121013854,PRJEB98467,,,,,,GB,,,,,,2017,primary,1.0,23.773
SAMEA121013855,PRJEB98467,,,,,,GB,,,,,,2017,primary,1.0,7.739
SAMEA121013856,PRJEB98467,,,,,,GB,,,,,,2017,primary,1.0,12.246
SAMEA121013857,PRJEB98467,,,,,,GB,,,,,,2017,primary,1.0,16.972
SAMEA121013858,PRJEB98467,,,,,,GB,,,,,,2017,primary,1.0,18.989
SAMEA121013859,PRJEB98467,,,,,,GB,,,,,,2017,primary,1.0,8.203
SAMEA121013860,PRJEB98467,,,,,,GB,,,,,,2017,primary,1.0,8.714
SAMEA121013861,PRJEB98467,,,,,,GB,,,,,,2017,primary,1.0,10.962
SAMEA121013862,PRJEB98467,,,,,,GB,,,,,,2017,primary,1.0,13.426
SAMEA121013863,PRJEB98467,,,,,,GB,,,,,,2017,primary,1.0,10.797
SAMEA121013864,PRJEB98467,,,,,,GB,,,,,,2017,primary,1.0,10.241
SAMEA121013865,PRJEB98467,,,,,,GB,,,,,,2017,primary,1.0,7.804
SAMEA121013866,PRJEB98467,,,,,,GB,,,,,,2017,primary,1.0,4.82
SAMEA121013867,PRJEB98467,,,,,,GB,,,,,,2017,primary,1.0,11.402
SAMEA121013868,PRJEB98467,,,,,,GB,,,,,,2017,primary,1.0,17.092
SAMEA121013869,PRJEB98467,,,,,,GB,,,,,,2017,primary,1.0,9.305
SAMEA121013870,PRJEB98467,,,,,,GB,,,,,,2017,primary,1.0,8.246
SAMEA121013871,PRJEB98467,,,,,,GB,,,,,,2017,primary,1.0,11.53
SAMEA121013872,PRJEB98467,,,,,,GB,,,,,,2017,primary,1.0,6.584
SAMEA121013873,PRJEB98467,,,,,,GB,,,,,,2017,primary,1.0,9.914
SAMEA121013874,PRJEB98467,,,,,,GB,,,,,,2017,primary,1.0,12.098
SAMEA121013875,PRJEB98467,,,,,,GB,,,,,,2017,primary,1.0,9.394
SAMEA121013876,PRJEB98467,,,,,,GB,,,,,,2017,primary,1.0,11.508
SAMEA121013877,PRJEB98467,,,,,,GB,,,,,,2017,primary,1.0,9.906
SAMEA121013878,PRJEB98467,,,,,,GB,,,,,,2017,primary,1.0,10.824
SAMEA121013879,PRJEB98467,,,,,,GB,,,,,,2017,primary,1.0,8.214
SAMEA121013880,PRJEB98467,,,,,,GB,,,,,,2017,primary,1.0,8.026
SAMEA121013881,PRJEB98467,,,,,,GB,,,,,,2017,primary,1.0,8.732
SAMEA121013882,PRJEB98467,,,,,,GB,,,,,,2017,primary,1.0,7.629
SAMEA121013883,PRJEB98467,,,,,,GB,,,,,,2017,primary,1.0,8.07
SAMEA121013884,PRJEB98467,,,,,,GB,,,,,,2017,primary,1.0,8.266
SAMEA121013885,PRJEB98467,,,,,,GB,,,,,,2017,primary,1.0,8.951
SAMEA121013886,PRJEB98467,,,,,,GB,,,,,,2017,primary,1.0,8.822
SAMEA121013887,PRJEB98467,,,,,,GB,,,,,,2017,primary,1.0,9.084
SAMEA121013888,PRJEB98467,,,,,,GB,,,,,,2017,primary,1.0,9.521
SAMEA121013889,PRJEB98467,,,,,,GB,,,,,,2017,primary,1.0,7.956
SAMEA121013890,PRJEB98467,,,,,,GB,,,,,,2017,primary,1.0,9.712
SAMEA121013891,PRJEB98467,,,,,,GB,,,,,,2017,primary,1.0,8.262
SAMEA121013892,PRJEB98467,,,,,,GB,,,,,,2017,primary,1.0,12.843
SAMEA121013893,PRJEB98467,,,,,,GB,,,,,,2017,primary,1.0,7.343
SAMEA121013894,PRJEB98467,,,,,,GB,,,,,,2017,primary,1.0,7.994
SAMEA121013895,PRJEB98467,,,,,,GB,,,,,,2017,primary,1.0,7.956
SAMEA121013896,PRJEB98467,,,,,,GB,,,,,,2017,primary,1.0,8.877
SAMEA121013897,PRJEB98467,,,,,,GB,,,,,,2017,primary,1.0,10.773
SAMEA121013898,PRJEB98467,,,,,,GB,,,,,,2017,primary,1.0,9.253
SAMEA121013899,PRJEB98467,,,,,,GB,,,,,,2017,primary,1.0,8.422
SAMEA121013900,PRJEB98467,,,,,,GB,,,,,,2017,primary,1.0,8.263
SAMEA121013901,PRJEB98467,,,,,,GB,,,,,,2017,primary,1.0,8.504
SAMEA121013902,PRJEB98467,,,,,,GB,,,,,,2017,primary,1.0,8.143
SAMEA121013903,PRJEB98467,,,,,,GB,,,,,,2017,primary,1.0,8.905
SAMEA121013904,PRJEB98467,,,,,,GB,,,,,,2017,primary,1.0,7.471
SAMEA121013905,PRJEB98467,,,,,,GB,,,,,,2017,primary,1.0,7.575
SAMEA121013906,PRJEB98467,,,,,,GB,,,,,,2017,primary,1.0,8.055
SAMEA121013907,PRJEB98467,,,,,,GB,,,,,,2017,primary,1.0,9.245
SAMEA121013908,PRJEB98467,,,,,,GB,,,,,,2017,primary,1.0,7.982
SAMEA121013909,PRJEB98467,,,,,,GB,,,,,,2017,primary,1.0,7.539
SAMEA121013910,PRJEB98467,,,,,,GB,,,,,,2017,primary,1.0,9.699
SAMEA121013911,PRJEB98467,,,,,,GB,,,,,,2017,primary,1.0,8.701
SAMEA121013912,PRJEB98467,,,,,,GB,,,,,,2017,primary,1.0,8.482
SAMEA121013913,PRJEB98467,,,,,,GB,,,,,,2017,primary,1.0,8.882
SAMEA121013914,PRJEB98467,,,,,,GB,,,,,,2017,primary,1.0,8.482
SAMEA121013915,PRJEB98467,,,,,,GB,,,,,,2017,primary,1.0,9.898
SAMEA121013916,PRJEB98467,,,,,,GB,,,,,,2017,primary,1.0,8.22
SAMEA121013917,PRJEB98467,,,,,,GB,,,,,,2017,primary,1.0,7.681
SAMEA121013918,PRJEB98467,,,,,,GB,,,,,,2017,primary,1.0,10.619
SAMEA121013919,PRJEB98467,,,,,,GB,,,,,,2017,primary,1.0,7.299
SAMEA121013920,PRJEB98467,,,,,,GB,,,,,,2017,primary,1.0,7.667
SAMEA121013921,PRJEB98467,,,,,,GB,,,,,,2017,primary,1.0,6.785
SAMEA121013922,PRJEB98467,,,,,,GB,,,,,,2017,primary,1.0,8.289
SAMEA121013923,PRJEB98467,,,,,,GB,,,,,,2017,primary,1.0,9.177
SAMEA121013924,PRJEB98467,,,,,,GB,,,,,,2017,primary,1.0,8.705
SAMEA121013925,PRJEB98467,,,,,,GB,,,,,,2017,primary,1.0,8.256
SAMEA121013926,PRJEB98467,,,,,,GB,,,,,,2017,primary,1.0,8.116
SAMEA121013927,PRJEB98467,,,,,,GB,,,,,,2017,primary,1.0,9.318
SAMEA121013928,PRJEB98467,,,,,,GB,,,,,,2017,primary,1.0,9.209
SAMEA121013929,PRJEB98467,,,,,,GB,,,,,,2017,primary,1.0,9.072
SAMEA121013930,PRJEB98467,,,,,,GB,,,,,,2017,primary,1.0,7.932
SAMEA121013931,PRJEB98467,,,,,,GB,,,,,,2017,primary,1.0,11.151
SAMEA121013932,PRJEB98467,,,,,,GB,,,,,,2017,primary,1.0,10.357
SAMEA121013933,PRJEB98467,,,,,,GB,,,,,,2017,primary,1.0,10.646
SAMEA121013934,PRJEB98467,,,,,,GB,,,,,,2017,primary,1.0,9.112
SAMEA121013935,PRJEB98467,,,,,,GB,,,,,,2017,primary,1.0,7.462
SAMEA121013936,PRJEB98467,,,,,,GB,,,,,,2017,primary,1.0,10.142
SAMEA121013937,PRJEB98467,,,,,,GB,,,,,,2017,primary,1.0,7.998
SAMEA121013938,PRJEB98467,,,,,,GB,,,,,,2017,primary,1.0,9.248
SAMEA121013939,PRJEB98467,,,,,,GB,,,,,,2017,primary,1.0,7.958
SAMEA121013940,PRJEB98467,,,,,,GB,,,,,,2017,primary,1.0,7.757
SAMEA121013941,PRJEB98467,,,,,,GB,,,,,,2017,primary,1.0,9.016
SAMEA121013942,PRJEB98467,,,,,,GB,,,,,,2017,primary,1.0,7.565
SAMEA121013943,PRJEB98467,,,,,,GB,,,,,,2017,primary,1.0,8.154
SAMEA121013944,PRJEB98467,,,,,,GB,,,,,,2017,primary,1.0,8.885
SAMEA121013945,PRJEB98467,,,,,,GB,,,,,,2017,primary,1.0,10.234
SAMEA121013946,PRJEB98467,,,,,,GB,,,,,,2017,primary,1.0,7.738
SAMEA121013947,PRJEB98467,,,,,,GB,,,,,,2017,primary,1.0,9.74
SAMEA121013948,PRJEB98467,,,,,,GB,,,,,,2017,primary,1.0,8.36
SAMEA121013949,PRJEB98467,,,,,,GB,,,,,,2017,primary,1.0,10.084
SAMEA121013950,PRJEB98467,,,,,,GB,,,,,,2017,primary,1.0,9.387
SAMEA121013951,PRJEB98467,,,,,,GB,,,,,,2017,primary,1.0,8.862
SAMEA121013952,PRJEB98467,,,,,,GB,,,,,,2017,primary,1.0,8.752
SAMEA121013953,PRJEB98467,,,,,,GB,,,,,,2017,primary,1.0,7.846
SAMEA121013954,PRJEB98467,,,,,,GB,,,,,,2017,primary,1.0,10.978
SAMEA121013955,PRJEB98467,,,,,,GB,,,,,,2017,primary,1.0,8.558
SAMEA121013956,PRJEB98467,,,,,,GB,,,,,,2017,primary,1.0,9.767
SAMEA121013957,PRJEB98467,,,,,,GB,,,,,,2017,primary,1.0,8.639
SAMEA121013958,PRJEB98467,,,,,,GB,,,,,,2017,primary,1.0,8.691
SAMEA121013959,PRJEB98467,,,,,,GB,,,,,,2017,primary,1.0,8.075
SAMEA121013960,PRJEB98467,,,,,,GB,,,,,,2017,primary,1.0,7.527
SAMEA121013961,PRJEB98467,,,,,,GB,,,,,,2017,primary,1.0,10.763
SAMEA121013962,PRJEB98467,,,,,,GB,,,,,,2017,primary,1.0,7.715
SAMEA121013963,PRJEB98467,,,,,,GB,,,,,,2017,primary,1.0,8.587
SAMEA121013964,PRJEB98467,,,,,,GB,,,,,,2017,primary,1.0,9.18
SAMEA121013965,PRJEB98467,,,,,,GB,,,,,,2017,primary,1.0,10.37
SAMEA121013966,PRJEB98467,,,,,,GB,,,,,,2017,primary,1.0,8.851
SAMEA121013967,PRJEB98467,,,,,,GB,,,,,,2017,primary,1.0,9.397
SAMEA121013968,PRJEB98467,,,,,,GB,,,,,,2017,primary,1.0,12.754
SAMEA121013969,PRJEB98467,,,,,,GB,,,,,,2017,primary,1.0,10.353
SAMEA121013970,PRJEB98467,,,,,,GB,,,,,,2017,primary,1.0,7.686
SAMEA121013971,PRJEB98467,,,,,,GB,,,,,,2017,primary,1.0,7.978
SAMEA121013972,PRJEB98467,,,,,,GB,,,,,,2017,primary,1.0,7.814
SAMEA121013973,PRJEB98467,,,,,,GB,,,,,,2017,primary,1.0,9.709
SAMEA121013974,PRJEB98467,,,,,,GB,,,,,,2017,primary,1.0,12.966
SAMEA121013975,PRJEB98467,,,,,,GB,,,,,,2017,primary,1.0,8.172
SAMEA121013976,PRJEB98467,,,,,,GB,,,,,,2017,primary,1.0,10.877
SAMEA121013977,PRJEB98467,,,,,,GB,,,,,,2017,primary,1.0,9.647
SAMEA121013978,PRJEB98467,,,,,,GB,,,,,,2017,primary,1.0,9.091
SAMEA121013979,PRJEB98467,,,,,,GB,,,,,,2017,primary,1.0,8.892
SAMEA121013980,PRJEB98467,,,,,,GB,,,,,,2017,primary,1.0,8.402
SAMEA121013981,PRJEB98467,,,,,,GB,,,,,,2017,primary,1.0,9.122
SAMEA121013982,PRJEB98467,,,,,,GB,,,,,,2017,primary,1.0,8.041
SAMEA121013983,PRJEB98467,,,,,,GB,,,,,,2017,primary,1.0,8.23
SAMEA121013984,PRJEB98467,,,,,,GB,,,,,,2017,primary,1.0,8.3
SAMEA121013985,PRJEB98467,,,,,,GB,,,,,,2017,primary,1.0,9.368
SAMEA121013986,PRJEB98467,,,,,,GB,,,,,,2017,primary,1.0,7.284
SAMEA121013987,PRJEB98467,,,,,,GB,,,,,,2017,primary,1.0,15.169
SAMEA121013988,PRJEB98467,,,,,,GB,,,,,,2017,primary,1.0,6.186
SAMEA121013989,PRJEB98467,,,,,,GB,,,,,,2017,primary,1.0,7.48
SAMEA121013990,PRJEB98467,,,,,,GB,,,,,,2017,primary,1.0,7.954
SAMEA121013991,PRJEB98467,,,,,,GB,,,,,,2017,primary,1.0,7.254
SAMEA121013992,PRJEB98467,,,,,,GB,,,,,,2017,primary,1.0,10.961
SAMEA121013993,PRJEB98467,,,,,,GB,,,,,,2017,primary,1.0,6.398
SAMEA121013994,PRJEB98467,,,,,,GB,,,,,,2017,primary,1.0,7.342
SAMEA121013995,PRJEB98467,,,,,,GB,,,,,,2017,primary,1.0,7.915
SAMEA121013996,PRJEB98467,,,,,,GB,,,,,,2017,primary,1.0,7.713
SAMEA121013997,PRJEB98467,,,,,,GB,,,,,,2017,primary,1.0,7.388
SAMEA121013998,PRJEB98467,,,,,,GB,,,,,,2017,primary,1.0,10.539
SAMEA121013999,PRJEB98467,,,,,,GB,,,,,,2017,primary,1.0,7.273
SAMEA121014000,PRJEB98467,,,,,,GB,,,,,,2017,primary,1.0,8.622
SAMEA121014001,PRJEB98467,,,,,,GB,,,,,,2017,primary,1.0,6.696
SAMEA121014002,PRJEB98467,,,,,,GB,,,,,,2017,primary,1.0,7.711
SAMEA121014003,PRJEB98467,,,,,,GB,,,,,,2017,primary,1.0,12.048
SAMEA121014004,PRJEB98467,,,,,,GB,,,,,,2017,primary,1.0,9.794
SAMEA121014005,PRJEB98467,,,,,,GB,,,,,,2017,primary,1.0,7.915
SAMEA121014006,PRJEB98467,,,,,,GB,,,,,,2017,primary,1.0,7.621
SAMEA121014007,PRJEB98467,,,,,,GB,,,,,,2017,primary,1.0,10.937
SAMEA121014008,PRJEB98467,,,,,,GB,,,,,,2017,primary,1.0,7.159
SAMEA121014009,PRJEB98467,,,,,,GB,,,,,,2017,primary,1.0,15.351
SAMEA121014010,PRJEB98467,,,,,,GB,,,,,,2017,primary,1.0,7.474
SAMEA121014011,PRJEB98467,,,,,,GB,,,,,,2017,primary,1.0,14.35
SAMEA121014012,PRJEB98467,,,,,,GB,,,,,,2017,primary,1.0,7.413
SAMEA121014013,PRJEB98467,,,,,,GB,,,,,,2017,primary,1.0,7.625
SAMEA121014014,PRJEB98467,,,,,,GB,,,,,,2017,primary,1.0,8.825
SAMEA121014015,PRJEB98467,,,,,,GB,,,,,,2017,primary,1.0,7.331
SAMEA121014016,PRJEB98467,,,,,,GB,,,,,,2017,primary,1.0,7.606
SAMEA121014017,PRJEB98467,,,,,,GB,,,,,,2017,primary,1.0,7.404
SAMEA121014018,PRJEB98467,,,,,,GB,,,,,,2017,primary,1.0,9.837
SAMEA121014019,PRJEB98467,,,,,,GB,,,,,,2017,primary,1.0,7.515
SAMEA121014020,PRJEB98467,,,,,,GB,,,,,,2017,primary,1.0,10.75
SAMEA121014021,PRJEB98467,,,,,,GB,,,,,,2017,primary,1.0,7.508
SAMEA121014022,PRJEB98467,,,,,,GB,,,,,,2017,primary,1.0,7.716
SAMEA121014023,PRJEB98467,,,,,,GB,,,,,,2017,primary,1.0,8.328
SAMEA121014024,PRJEB98467,,,,,,GB,,,,,,2017,primary,1.0,8.177
SAMEA121014025,PRJEB98467,,,,,,GB,,,,,,2017,primary,1.0,7.517
SAMEA121014026,PRJEB98467,,,,,,GB,,,,,,2017,primary,1.0,11.485
SAMEA121014027,PRJEB98467,,,,,,GB,,,,,,2017,primary,1.0,7.996
SAMEA121014028,PRJEB98467,,,,,,GB,,,,,,2017,primary,1.0,8.946
SAMEA121014029,PRJEB98467,,,,,,GB,,,,,,2017,primary,1.0,7.663
SAMEA121014030,PRJEB98467,,,,,,GB,,,,,,2017,primary,1.0,7.771
SAMEA121014031,PRJEB98467,,,,,,GB,,,,,,2017,primary,1.0,11.543
SAMEA121014032,PRJEB98467,,,,,,GB,,,,,,2017,primary,1.0,8.087
SAMEA121014033,PRJEB98467,,,,,,GB,,,,,,2017,primary,1.0,7.731
SAMEA121014034,PRJEB98467,,,,,,GB,,,,,,2017,primary,1.0,10.387
SAMEA121014035,PRJEB98467,,,,,,GB,,,,,,2017,primary,1.0,7.761
SAMEA121014036,PRJEB98467,,,,,,GB,,,,,,2017,primary,1.0,7.548
SAMEA121014037,PRJEB98467,,,,,,GB,,,,,,2017,primary,1.0,7.728
SAMEA121014038,PRJEB98467,,,,,,GB,,,,,,2017,primary,1.0,8.673
SAMEA121014039,PRJEB98467,,,,,,GB,,,,,,2017,primary,1.0,7.487
SAMEA121014040,PRJEB98467,,,,,,GB,,,,,,2017,primary,1.0,11.183
SAMEA121014041,PRJEB98467,,,,,,GB,,,,,,2017,primary,1.0,5.478
SAMEA121014042,PRJEB98467,,,,,,GB,,,,,,2017,primary,1.0,7.767
SAMEA121014043,PRJEB98467,,,,,,GB,,,,,,2017,primary,1.0,8.223
SAMEA121014044,PRJEB98467,,,,,,GB,,,,,,2017,primary,1.0,14.835
SAMEA121014045,PRJEB98467,,,,,,GB,,,,,,2017,primary,1.0,8.199
SAMEA121014046,PRJEB98467,,,,,,GB,,,,,,2017,primary,1.0,8.566
SAMEA121014047,PRJEB98467,,,,,,GB,,,,,,2017,primary,1.0,7.739
SAMEA121014048,PRJEB98467,,,,,,GB,,,,,,2017,primary,1.0,8.843
SAMEA121014049,PRJEB98467,,,,,,GB,,,,,,2017,primary,1.0,8.513
SAMEA121014050,PRJEB98467,,,,,,GB,,,,,,2017,primary,1.0,7.697
SAMEA121014051,PRJEB98467,,,,,,GB,,,,,,2017,primary,1.0,7.266
SAMEA121014052,PRJEB98467,,,,,,GB,,,,,,2017,primary,1.0,7.642
SAMEA121014053,PRJEB98467,,,,,,GB,,,,,,2017,primary,1.0,8.677
SAMEA121014054,PRJEB98467,,,,,,GB,,,,,,2017,primary,1.0,7.882
SAMEA121014055,PRJEB98467,,,,,,GB,,,,,,2017,primary,1.0,8.027
SAMEA121014056,PRJEB98467,,,,,,GB,,,,,,2017,primary,1.0,8.541
SAMEA121014057,PRJEB98467,,,,,,GB,,,,,,2017,primary,1.0,7.419
SAMEA121014058,PRJEB98467,,,,,,GB,,,,,,2017,primary,1.0,7.706
SAMEA121014059,PRJEB98467,,,,,,GB,,,,,,2017,primary,1.0,8.059
SAMEA121014060,PRJEB98467,,,,,,GB,,,,,,2017,primary,1.0,8.017
SAMEA121014061,PRJEB98467,,,,,,GB,,,,,,2017,primary,1.0,8.034
SAMEA121014062,PRJEB98467,,,,,,GB,,,,,,2017,primary,1.0,7.273
SAMEA121014063,PRJEB98467,,,,,,GB,,,,,,2017,primary,1.0,8.807
SAMEA121014064,PRJEB98467,,,,,,GB,,,,,,2019,primary,1.0,22.832
SAMEA121014065,PRJEB98467,,,,,,GB,,,,,,2017,primary,1.0,10.206
SAMEA121014066,PRJEB98467,,,,,,GB,,,,,,2017,primary,1.0,14.098
SAMEA121014067,PRJEB98467,,,,,,GB,,,,,,2017,primary,1.0,14.969
SAMEA121014068,PRJEB98467,,,,,,GB,,,,,,2017,primary,1.0,16.082
SAMEA121014069,PRJEB98467,,,,,,GB,,,,,,2017,primary,1.0,10.967
SAMEA121014070,PRJEB98467,,,,,,GB,,,,,,2017,primary,1.0,12.146
SAMEA121014071,PRJEB98467,,,,,,GB,,,,,,2017,primary,1.0,15.246
SAMEA121014072,PRJEB98467,,,,,,GB,,,,,,2017,primary,1.0,9.422
SAMEA121014073,PRJEB98467,,,,,,GB,,,,,,2019,primary,1.0,8.239
SAMEA121014074,PRJEB98467,,,,,,GB,,,,,,2017,primary,1.0,16.102
SAMEA121014075,PRJEB98467,,,,,,GB,,,,,,2017,primary,1.0,7.812
SAMEA121014076,PRJEB98467,,,,,,GB,,,,,,2017,primary,1.0,7.286
SAMEA121014077,PRJEB98467,,,,,,GB,,,,,,2017,primary,1.0,9.334
SAMEA121014078,PRJEB98467,,,,,,GB,,,,,,2017,primary,1.0,11.217
SAMEA121014079,PRJEB98467,,,,,,GB,,,,,,2017,primary,1.0,4.118
SAMEA121014080,PRJEB98467,,,,,,GB,,,,,,2017,primary,1.0,11.553
SAMEA121014081,PRJEB98467,,,,,,GB,,,,,,2017,primary,1.0,9.003
SAMEA121014082,PRJEB98467,,,,,,GB,,,,,,2017,primary,1.0,9.753
SAMEA121014083,PRJEB98467,,,,,,GB,,,,,,2017,primary,1.0,15.491
SAMEA121014084,PRJEB98467,,,,,,GB,,,,,,2017,primary,1.0,8.685
SAMEA121014085,PRJEB98467,,,,,,GB,,,,,,2017,primary,1.0,12.798
SAMEA121014086,PRJEB98467,,,,,,GB,,,,,,2017,primary,1.0,9.616
SAMEA121014087,PRJEB98467,,,,,,GB,,,,,,2017,primary,1.0,9.864
SAMEA121014088,PRJEB98467,,,,,,GB,,,,,,2017,primary,1.0,7.769
SAMEA121014089,PRJEB98467,,,,,,GB,,,,,,2017,primary,1.0,15.811
SAMEA121014090,PRJEB98467,,,,,,GB,,,,,,2017,primary,1.0,11.911
SAMEA121014091,PRJEB98467,,,,,,GB,,,,,,2017,primary,1.0,11.004
SAMEA121014092,PRJEB98467,,,,,,GB,,,,,,2017,primary,1.0,16.051
SAMEA121014093,PRJEB98467,,,,,,GB,,,,,,2017,primary,1.0,7.964
SAMEA121014094,PRJEB98467,,,,,,GB,,,,,,2017,primary,1.0,10.959
SAMEA121014095,PRJEB98467,,,,,,GB,,,,,,2017,primary,1.0,8.484
SAMEA121014096,PRJEB98467,,,,,,GB,,,,,,2017,primary,1.0,7.788
SAMEA121014097,PRJEB98467,,,,,,GB,,,,,,2017,primary,1.0,9.773
SAMEA121014098,PRJEB98467,,,,,,GB,,,,,,2017,primary,1.0,7.425
SAMEA121014099,PRJEB98467,,,,,,GB,,,,,,2017,primary,1.0,8.518
SAMEA121014100,PRJEB98467,,,,,,GB,,,,,,2017,primary,1.0,9.978
SAMEA121014101,PRJEB98467,,,,,,GB,,,,,,2017,primary,1.0,10.388
SAMEA121014102,PRJEB98467,,,,,,GB,,,,,,2017,primary,1.0,7.801
SAMEA121014103,PRJEB98467,,,,,,GB,,,,,,2017,primary,1.0,7.651
SAMEA121014104,PRJEB98467,,,,,,GB,,,,,,2017,primary,1.0,12.973
SAMEA121014105,PRJEB98467,,,,,,GB,,,,,,2017,primary,1.0,12.918
SAMEA121014106,PRJEB98467,,,,,,GB,,,,,,2017,primary,1.0,7.673
SAMEA121014107,PRJEB98467,,,,,,GB,,,,,,2017,primary,1.0,7.872
SAMEA121014108,PRJEB98467,,,,,,GB,,,,,,2017,primary,1.0,10.269
SAMEA121014109,PRJEB98467,,,,,,GB,,,,,,2017,primary,1.0,7.896
SAMEA121014110,PRJEB98467,,,,,,GB,,,,,,2017,primary,1.0,13.102
SAMEA121014111,PRJEB98467,,,,,,GB,,,,,,2017,primary,1.0,8.234
SAMEA121014112,PRJEB98467,,,,,,GB,,,,,,2017,primary,1.0,7.779
SAMEA121014113,PRJEB98467,,,,,,GB,,,,,,2017,primary,1.0,4.609
SAMEA121014114,PRJEB98467,,,,,,GB,,,,,,2017,primary,1.0,7.54
SAMEA121014115,PRJEB98467,,,,,,GB,,,,,,2017,primary,1.0,13.293
SAMEA121014116,PRJEB98467,,,,,,GB,,,,,,2017,primary,1.0,10.955
SAMEA121014117,PRJEB98467,,,,,,GB,,,,,,2017,primary,1.0,10.824
SAMEA121014118,PRJEB98467,,,,,,GB,,,,,,2017,primary,1.0,14.613
SAMEA121014119,PRJEB98467,,,,,,GB,,,,,,2017,primary,1.0,7.836
SAMEA121014120,PRJEB98467,,,,,,GB,,,,,,2017,primary,1.0,7.766
SAMEA121014121,PRJEB98467,,,,,,GB,,,,,,2017,primary,1.0,9.072
SAMEA121014122,PRJEB98467,,,,,,GB,,,,,,2017,primary,1.0,10.617
SAMEA121014123,PRJEB98467,,,,,,GB,,,,,,2017,primary,1.0,11.11
SAMEA121014124,PRJEB98467,,,,,,GB,,,,,,2017,primary,1.0,10.012
SAMEA121014125,PRJEB98467,,,,,,GB,,,,,,2017,primary,1.0,8.214
SAMEA121014126,PRJEB98467,,,,,,GB,,,,,,2017,primary,1.0,8.601
SAMEA121014127,PRJEB98467,,,,,,GB,,,,,,2017,primary,1.0,7.533
SAMEA121014128,PRJEB98467,,,,,,GB,,,,,,2017,primary,1.0,4.66
SAMEA121014129,PRJEB98467,,,,,,GB,,,,,,2017,primary,1.0,14.07
SAMEA121014130,PRJEB98467,,,,,,GB,,,,,,2017,primary,1.0,14.434
SAMEA121014131,PRJEB98467,,,,,,GB,,,,,,2017,primary,1.0,7.405
SAMEA121014132,PRJEB98467,,,,,,GB,,,,,,2017,primary,1.0,14.64
SAMEA121014133,PRJEB98467,,,,,,GB,,,,,,2017,primary,1.0,8.036
SAMEA121014134,PRJEB98467,,,,,,GB,,,,,,2017,primary,1.0,14.926
SAMEA121014135,PRJEB98467,,,,,,GB,,,,,,2017,primary,1.0,3.418
SAMEA121014136,PRJEB98467,,,,,,GB,,,,,,2017,primary,1.0,8.387
SAMEA121014137,PRJEB98467,,,,,,GB,,,,,,2017,primary,1.0,11.92
SAMEA121014138,PRJEB98467,,,,,,GB,,,,,,2017,primary,1.0,8.89
SAMEA121014139,PRJEB98467,,,,,,GB,,,,,,2017,primary,1.0,15.912
SAMEA121014140,PRJEB98467,,,,,,GB,,,,,,2017,primary,1.0,13.343
SAMEA121014141,PRJEB98467,,,,,,GB,,,,,,2017,primary,1.0,7.831
SAMEA121014142,PRJEB98467,,,,,,GB,,,,,,2017,primary,1.0,8.032
SAMEA121014143,PRJEB98467,,,,,,GB,,,,,,2019,primary,1.0,7.786
SAMEA121014144,PRJEB98467,,,,,,GB,,,,,,2017,primary,1.0,11.746
SAMEA121014145,PRJEB98467,,,,,,GB,,,,,,2017,primary,1.0,9.064
SAMEA121014146,PRJEB98467,,,,,,GB,,,,,,2017,primary,1.0,12.084
SAMEA121014147,PRJEB98467,,,,,,GB,,,,,,2017,primary,1.0,13.378
SAMEA121014148,PRJEB98467,,,,,,GB,,,,,,2017,primary,1.0,9.418
SAMEA121014149,PRJEB98467,,,,,,GB,,,,,,2017,primary,1.0,7.585
SAMEA121014150,PRJEB98467,,,,,,GB,,,,,,2017,primary,1.0,8.412
SAMEA121014151,PRJEB98467,,,,,,GB,,,,,,2017,primary,1.0,10.447
SAMEA121014152,PRJEB98467,,,,,,GB,,,,,,2017,primary,1.0,14.045
SAMEA121014153,PRJEB98467,,,,,,GB,,,,,,2017,primary,1.0,18.512
SAMEA121014154,PRJEB98467,,,,,,GB,,,,,,2017,primary,1.0,11.536
SAMEA121014155,PRJEB98467,,,,,,GB,,,,,,2017,primary,1.0,9.66
SAMEA121014156,PRJEB98467,,,,,,GB,,,,,,2017,primary,1.0,10.929
SAMEA121014157,PRJEB98467,,,,,,GB,,,,,,2017,primary,1.0,17.371
SAMEA121014158,PRJEB98467,,,,,,GB,,,,,,2019,primary,1.0,7.797
SAMEA121014159,PRJEB98467,,,,,,GB,,,,,,2018,primary,1.0,8.829
SAMEA121014160,PRJEB98467,,,,,,GB,,,,,,2018,primary,1.0,12.735
SAMEA121014161,PRJEB98467,,,,,,GB,,,,,,2018,primary,1.0,7.95
SAMEA121014162,PRJEB98467,,,,,,GB,,,,,,2018,primary,1.0,8.468
SAMEA121014163,PRJEB98467,,,,,,GB,,,,,,2018,primary,1.0,10.125
SAMEA121014164,PRJEB98467,,,,,,GB,,,,,,2018,primary,1.0,26.308
SAMEA121014165,PRJEB98467,,,,,,GB,,,,,,2018,primary,1.0,9.757
SAMEA121014166,PRJEB98467,,,,,,GB,,,,,,2018,primary,1.0,11.016
SAMEA121014167,PRJEB98467,,,,,,GB,,,,,,2018,primary,1.0,7.55
SAMEA121014168,PRJEB98467,,,,,,GB,,,,,,2018,primary,1.0,7.055
SAMEA121014169,PRJEB98467,,,,,,GB,,,,,,2018,primary,1.0,8.054
SAMEA121014170,PRJEB98467,,,,,,GB,,,,,,2018,primary,1.0,13.134
SAMEA121014171,PRJEB98467,,,,,,GB,,,,,,2018,primary,1.0,8.111
SAMEA121014172,PRJEB98467,,,,,,GB,,,,,,2018,primary,1.0,7.758
SAMEA121014173,PRJEB98467,,,,,,GB,,,,,,2018,primary,1.0,13.943
SAMEA121014174,PRJEB98467,,,,,,GB,,,,,,2018,primary,1.0,9.489
SAMEA121014175,PRJEB98467,,,,,,GB,,,,,,2018,primary,1.0,8.824
SAMEA121014176,PRJEB98467,,,,,,GB,,,,,,2018,primary,1.0,12.601
SAMEA121014177,PRJEB98467,,,,,,GB,,,,,,2018,primary,1.0,7.259
SAMEA121014178,PRJEB98467,,,,,,GB,,,,,,2018,primary,1.0,7.341
SAMEA121014179,PRJEB98467,,,,,,GB,,,,,,2018,primary,1.0,10.67
SAMEA121014180,PRJEB98467,,,,,,GB,,,,,,2018,primary,1.0,7.84
SAMEA121014181,PRJEB98467,,,,,,GB,,,,,,2018,primary,1.0,8.411
SAMEA121014182,PRJEB98467,,,,,,GB,,,,,,2018,primary,1.0,10.637
SAMEA121014183,PRJEB98467,,,,,,GB,,,,,,2018,primary,1.0,12.694
SAMEA121014184,PRJEB98467,,,,,,GB,,,,,,2018,primary,1.0,19.406
SAMEA121014185,PRJEB98467,,,,,,GB,,,,,,2018,primary,1.0,7.219
SAMEA121014186,PRJEB98467,,,,,,GB,,,,,,2018,primary,1.0,7.155
SAMEA121014187,PRJEB98467,,,,,,GB,,,,,,2018,primary,1.0,7.079
SAMEA121014188,PRJEB98467,,,,,,GB,,,,,,2018,primary,1.0,7.874
SAMEA121014189,PRJEB98467,,,,,,GB,,,,,,2018,primary,1.0,9.025
SAMEA121014190,PRJEB98467,,,,,,GB,,,,,,2018,primary,1.0,7.837
SAMEA121014191,PRJEB98467,,,,,,GB,,,,,,2018,primary,1.0,8.033
SAMEA121014192,PRJEB98467,,,,,,GB,,,,,,2018,primary,1.0,7.268
SAMEA121014193,PRJEB98467,,,,,,GB,,,,,,2018,primary,1.0,8.157
SAMEA121014194,PRJEB98467,,,,,,GB,,,,,,2018,primary,1.0,12.427
SAMEA121014195,PRJEB98467,,,,,,GB,,,,,,2018,primary,1.0,8.786
SAMEA121014196,PRJEB98467,,,,,,GB,,,,,,2018,primary,1.0,7.395
SAMEA121014197,PRJEB98467,,,,,,GB,,,,,,2018,primary,1.0,7.314
SAMEA121014198,PRJEB98467,,,,,,GB,,,,,,2018,primary,1.0,7.757
SAMEA121014199,PRJEB98467,,,,,,GB,,,,,,2018,primary,1.0,7.706
SAMEA121014200,PRJEB98467,,,,,,GB,,,,,,2018,primary,1.0,7.592
SAMEA121014201,PRJEB98467,,,,,,GB,,,,,,2018,primary,1.0,10.547
SAMEA121014202,PRJEB98467,,,,,,GB,,,,,,2018,primary,1.0,9.864
SAMEA121014203,PRJEB98467,,,,,,GB,,,,,,2018,primary,1.0,8.278
SAMEA121014204,PRJEB98467,,,,,,GB,,,,,,2018,primary,1.0,8.377
SAMEA121014205,PRJEB98467,,,,,,GB,,,,,,2018,primary,1.0,11.496
SAMEA121014206,PRJEB98467,,,,,,GB,,,,,,2018,primary,1.0,8.107
SAMEA121014207,PRJEB98467,,,,,,GB,,,,,,2018,primary,1.0,10.134
SAMEA121014208,PRJEB98467,,,,,,GB,,,,,,2018,primary,1.0,9.22
SAMEA121014209,PRJEB98467,,,,,,GB,,,,,,2018,primary,1.0,8.092
SAMEA121014210,PRJEB98467,,,,,,GB,,,,,,2018,primary,1.0,11.941
SAMEA121014211,PRJEB98467,,,,,,GB,,,,,,2018,primary,1.0,9.783
SAMEA121014212,PRJEB98467,,,,,,GB,,,,,,2018,primary,1.0,9.261
SAMEA121014213,PRJEB98467,,,,,,GB,,,,,,2018,primary,1.0,8.129
SAMEA121014214,PRJEB98467,,,,,,GB,,,,,,2018,primary,1.0,7.292
SAMEA121014215,PRJEB98467,,,,,,GB,,,,,,2018,primary,1.0,7.416
SAMEA121014216,PRJEB98467,,,,,,GB,,,,,,2018,primary,1.0,10.183
SAMEA121014217,PRJEB98467,,,,,,GB,,,,,,2018,primary,1.0,8.136
SAMEA121014218,PRJEB98467,,,,,,GB,,,,,,2018,primary,1.0,11.862
SAMEA121014219,PRJEB98467,,,,,,GB,,,,,,2018,primary,1.0,14.374
SAMEA121014220,PRJEB98467,,,,,,GB,,,,,,2018,primary,1.0,15.004
SAMEA121014221,PRJEB98467,,,,,,GB,,,,,,2018,primary,1.0,10.733
SAMEA121014222,PRJEB98467,,,,,,GB,,,,,,2018,primary,1.0,7.942
SAMEA121014223,PRJEB98467,,,,,,GB,,,,,,2018,primary,1.0,8.756
SAMEA121014224,PRJEB98467,,,,,,GB,,,,,,2018,primary,1.0,7.476
SAMEA121014225,PRJEB98467,,,,,,GB,,,,,,2018,primary,1.0,13.029
SAMEA121014226,PRJEB98467,,,,,,GB,,,,,,2018,primary,1.0,11.537
SAMEA121014227,PRJEB98467,,,,,,GB,,,,,,2018,primary,1.0,16.475
SAMEA121014228,PRJEB98467,,,,,,GB,,,,,,2018,primary,1.0,16.194
SAMEA121014229,PRJEB98467,,,,,,GB,,,,,,2018,primary,1.0,16.57
SAMEA121014230,PRJEB98467,,,,,,GB,,,,,,2018,primary,1.0,11.935
SAMEA121014231,PRJEB98467,,,,,,GB,,,,,,2018,primary,1.0,8.618
SAMEA121014232,PRJEB98467,,,,,,GB,,,,,,2018,primary,1.0,12.149
SAMEA121014233,PRJEB98467,,,,,,GB,,,,,,2018,primary,1.0,7.271
SAMEA121014234,PRJEB98467,,,,,,GB,,,,,,2018,primary,1.0,13.924
SAMEA121014235,PRJEB98467,,,,,,GB,,,,,,2018,primary,1.0,13.958
SAMEA121014236,PRJEB98467,,,,,,GB,,,,,,2018,primary,1.0,7.581
SAMEA121014237,PRJEB98467,,,,,,GB,,,,,,2018,primary,1.0,19.506
SAMEA121014238,PRJEB98467,,,,,,GB,,,,,,2018,primary,1.0,7.259
SAMEA121014239,PRJEB98467,,,,,,GB,,,,,,2018,primary,1.0,20.923
SAMEA121014240,PRJEB98467,,,,,,GB,,,,,,2018,primary,1.0,12.058
SAMEA121014241,PRJEB98467,,,,,,GB,,,,,,2018,primary,1.0,7.278
SAMEA121014242,PRJEB98467,,,,,,GB,,,,,,2018,primary,1.0,16.238
SAMEA121014243,PRJEB98467,,,,,,GB,,,,,,2017,primary,1.0,10.326
SAMEA121014244,PRJEB98467,,,,,,GB,,,,,,2018,primary,1.0,14.829
SAMEA121014245,PRJEB98467,,,,,,GB,,,,,,2018,primary,1.0,10.702
SAMEA121014246,PRJEB98467,,,,,,GB,,,,,,2018,primary,1.0,10.51
SAMEA121014247,PRJEB98467,,,,,,GB,,,,,,2018,primary,1.0,12.378
SAMEA121014248,PRJEB98467,,,,,,GB,,,,,,2018,primary,1.0,11.123
SAMEA121014249,PRJEB98467,,,,,,GB,,,,,,2018,primary,1.0,9.037
SAMEA121014250,PRJEB98467,,,,,,GB,,,,,,2018,primary,1.0,23.559
SAMEA121014251,PRJEB98467,,,,,,GB,,,,,,2018,primary,1.0,13.225
SAMEA121014252,PRJEB98467,,,,,,GB,,,,,,2018,primary,1.0,8.312
SAMEA121014253,PRJEB98467,,,,,,GB,,,,,,2018,primary,1.0,8.93
SAMEA121014254,PRJEB98467,,,,,,GB,,,,,,2018,primary,1.0,10.252
SAMEA121014255,PRJEB98467,,,,,,GB,,,,,,2018,primary,1.0,7.813
SAMEA121014256,PRJEB98467,,,,,,GB,,,,,,2018,primary,1.0,7.893
SAMEA121014257,PRJEB98467,,,,,,GB,,,,,,2018,primary,1.0,8.967
SAMEA121014258,PRJEB98467,,,,,,GB,,,,,,2018,primary,1.0,7.654
SAMEA121014259,PRJEB98467,,,,,,GB,,,,,,2018,primary,1.0,18.085
SAMEA121014260,PRJEB98467,,,,,,GB,,,,,,2018,primary,1.0,7.844
SAMEA121014261,PRJEB98467,,,,,,GB,,,,,,2018,primary,1.0,8.731
SAMEA121014262,PRJEB98467,,,,,,GB,,,,,,2018,primary,1.0,12.172
SAMEA121014263,PRJEB98467,,,,,,GB,,,,,,2018,primary,1.0,14.612
SAMEA121014264,PRJEB98467,,,,,,GB,,,,,,2018,primary,1.0,9.669
SAMEA121014265,PRJEB98467,,,,,,GB,,,,,,2018,primary,1.0,8.6
SAMEA121014266,PRJEB98467,,,,,,GB,,,,,,2018,primary,1.0,11.527
SAMEA121014267,PRJEB98467,,,,,,GB,,,,,,2018,primary,1.0,8.381
SAMEA121014268,PRJEB98467,,,,,,GB,,,,,,2018,primary,1.0,8.0
SAMEA121014269,PRJEB98467,,,,,,GB,,,,,,2018,primary,1.0,7.246
SAMEA121014270,PRJEB98467,,,,,,GB,,,,,,2018,primary,1.0,9.46
SAMEA121014271,PRJEB98467,,,,,,GB,,,,,,2018,primary,1.0,8.754
SAMEA121014272,PRJEB98467,,,,,,GB,,,,,,2018,primary,1.0,7.815
SAMEA121014273,PRJEB98467,,,,,,GB,,,,,,2018,primary,1.0,9.93
SAMEA121014274,PRJEB98467,,,,,,GB,,,,,,2018,primary,1.0,10.404
SAMEA121014275,PRJEB98467,,,,,,GB,,,,,,2018,primary,1.0,11.48
SAMEA121014276,PRJEB98467,,,,,,GB,,,,,,2018,primary,1.0,9.235
SAMEA121014277,PRJEB98467,,,,,,GB,,,,,,2018,primary,1.0,12.555
SAMEA121014278,PRJEB98467,,,,,,GB,,,,,,2018,primary,1.0,10.213
SAMEA121014279,PRJEB98467,,,,,,GB,,,,,,2018,primary,1.0,8.399
SAMEA121014280,PRJEB98467,,,,,,GB,,,,,,2018,primary,1.0,7.751
SAMEA121014281,PRJEB98467,,,,,,GB,,,,,,2018,primary,1.0,8.063
SAMEA121014282,PRJEB98467,,,,,,GB,,,,,,2018,primary,1.0,7.978
SAMEA121014283,PRJEB98467,,,,,,GB,,,,,,2018,primary,1.0,11.653
SAMEA121014284,PRJEB98467,,,,,,GB,,,,,,2018,primary,1.0,9.499
SAMEA121014285,PRJEB98467,,,,,,GB,,,,,,2018,primary,1.0,9.773
SAMEA121014286,PRJEB98467,,,,,,GB,,,,,,2018,primary,1.0,11.067
SAMEA121014287,PRJEB98467,,,,,,GB,,,,,,2018,primary,1.0,8.847
SAMEA121014288,PRJEB98467,,,,,,GB,,,,,,2018,primary,1.0,9.902
SAMEA121014289,PRJEB98467,,,,,,GB,,,,,,2018,primary,1.0,7.776
SAMEA121014290,PRJEB98467,,,,,,GB,,,,,,2018,primary,1.0,10.764
SAMEA121014291,PRJEB98467,,,,,,GB,,,,,,2018,primary,1.0,8.954
SAMEA121014292,PRJEB98467,,,,,,GB,,,,,,2018,primary,1.0,7.903
SAMEA121014293,PRJEB98467,,,,,,GB,,,,,,2018,primary,1.0,8.091
SAMEA121014294,PRJEB98467,,,,,,GB,,,,,,2018,primary,1.0,7.982
SAMEA121014295,PRJEB98467,,,,,,GB,,,,,,2018,primary,1.0,8.683
SAMEA121014296,PRJEB98467,,,,,,GB,,,,,,2018,primary,1.0,7.799
SAMEA121014297,PRJEB98467,,,,,,GB,,,,,,2018,primary,1.0,9.179
SAMEA121014298,PRJEB98467,,,,,,GB,,,,,,2018,primary,1.0,8.163
SAMEA121014299,PRJEB98467,,,,,,GB,,,,,,2018,primary,1.0,7.943
SAMEA121014300,PRJEB98467,,,,,,GB,,,,,,2018,primary,1.0,9.423
SAMEA121014301,PRJEB98467,,,,,,GB,,,,,,2018,primary,1.0,7.74
SAMEA121014302,PRJEB98467,,,,,,GB,,,,,,2018,primary,1.0,25.557
SAMEA121014303,PRJEB98467,,,,,,GB,,,,,,2018,primary,1.0,8.446
SAMEA121014304,PRJEB98467,,,,,,GB,,,,,,2018,primary,1.0,12.828
SAMEA121014305,PRJEB98467,,,,,,GB,,,,,,2018,primary,1.0,9.712
SAMEA121014306,PRJEB98467,,,,,,GB,,,,,,2018,primary,1.0,10.898
SAMEA121014307,PRJEB98467,,,,,,GB,,,,,,2018,primary,1.0,7.288
SAMEA121014308,PRJEB98467,,,,,,GB,,,,,,2018,primary,1.0,8.453
SAMEA121014309,PRJEB98467,,,,,,GB,,,,,,2018,primary,1.0,7.898
SAMEA121014310,PRJEB98467,,,,,,GB,,,,,,2018,primary,1.0,7.547
SAMEA121014311,PRJEB98467,,,,,,GB,,,,,,2018,primary,1.0,7.433
SAMEA121014312,PRJEB98467,,,,,,GB,,,,,,2018,primary,1.0,9.62
SAMEA121014313,PRJEB98467,,,,,,GB,,,,,,2018,primary,1.0,8.688
SAMEA121014314,PRJEB98467,,,,,,GB,,,,,,2018,primary,1.0,8.022
SAMEA121014315,PRJEB98467,,,,,,GB,,,,,,2018,primary,1.0,8.418
SAMEA121014316,PRJEB98467,,,,,,GB,,,,,,2018,primary,1.0,8.42
SAMEA121014317,PRJEB98467,,,,,,GB,,,,,,2018,primary,1.0,18.769
SAMEA121014318,PRJEB98467,,,,,,GB,,,,,,2018,primary,1.0,12.127
SAMEA121014319,PRJEB98467,,,,,,GB,,,,,,2017,primary,1.0,7.365
SAMEA121014320,PRJEB98467,,,,,,GB,,,,,,2018,primary,1.0,9.986
SAMEA121014321,PRJEB98467,,,,,,GB,,,,,,2018,primary,1.0,9.15
SAMEA121014322,PRJEB98467,,,,,,GB,,,,,,2018,primary,1.0,7.747
SAMEA121014323,PRJEB98467,,,,,,GB,,,,,,2018,primary,1.0,12.606
SAMEA121014324,PRJEB98467,,,,,,GB,,,,,,2018,primary,1.0,9.285
SAMEA121014325,PRJEB98467,,,,,,GB,,,,,,2018,primary,1.0,11.272
SAMEA121014326,PRJEB98467,,,,,,GB,,,,,,2018,primary,1.0,9.322
SAMEA121014327,PRJEB98467,,,,,,GB,,,,,,2018,primary,1.0,8.698
SAMEA121014328,PRJEB98467,,,,,,GB,,,,,,2018,primary,1.0,8.503
SAMEA121014329,PRJEB98467,,,,,,GB,,,,,,2018,primary,1.0,7.799
SAMEA121014330,PRJEB98467,,,,,,GB,,,,,,2018,primary,1.0,10.743
SAMEA121014331,PRJEB98467,,,,,,GB,,,,,,2018,primary,1.0,9.217
SAMEA121014332,PRJEB98467,,,,,,GB,,,,,,2018,primary,1.0,8.49
SAMEA121014333,PRJEB98467,,,,,,GB,,,,,,2018,primary,1.0,7.557
SAMEA121014334,PRJEB98467,,,,,,GB,,,,,,2018,primary,1.0,7.766
SAMEA121014335,PRJEB98467,,,,,,GB,,,,,,2018,primary,1.0,8.078
SAMEA121014336,PRJEB98467,,,,,,GB,,,,,,2018,primary,1.0,7.674
SAMEA121014337,PRJEB98467,,,,,,GB,,,,,,2018,primary,1.0,7.767
SAMEA121014338,PRJEB98467,,,,,,GB,,,,,,2018,primary,1.0,8.038
SAMEA121014339,PRJEB98467,,,,,,GB,,,,,,2018,primary,1.0,8.099
SAMEA121014340,PRJEB98467,,,,,,GB,,,,,,2018,primary,1.0,8.253
SAMEA121014341,PRJEB98467,,,,,,GB,,,,,,2018,primary,1.0,8.261
SAMEA121014342,PRJEB98467,,,,,,GB,,,,,,2018,primary,1.0,7.765
SAMEA121014343,PRJEB98467,,,,,,GB,,,,,,2018,primary,1.0,8.008
SAMEA121014344,PRJEB98467,,,,,,GB,,,,,,2018,primary,1.0,7.954
SAMEA121014345,PRJEB98467,,,,,,GB,,,,,,2018,primary,1.0,8.573
SAMEA121014346,PRJEB98467,,,,,,GB,,,,,,2018,primary,1.0,7.85
SAMEA121014347,PRJEB98467,,,,,,GB,,,,,,2018,primary,1.0,8.193
SAMEA121014348,PRJEB98467,,,,,,GB,,,,,,2018,primary,1.0,7.968
SAMEA121014349,PRJEB98467,,,,,,GB,,,,,,2018,primary,1.0,8.063
SAMEA121014350,PRJEB98467,,,,,,GB,,,,,,2018,primary,1.0,7.784
SAMEA121014351,PRJEB98467,,,,,,GB,,,,,,2018,primary,1.0,7.914
SAMEA121014352,PRJEB98467,,,,,,GB,,,,,,2018,primary,1.0,7.806
SAMEA121014353,PRJEB98467,,,,,,GB,,,,,,2018,primary,1.0,8.199
SAMEA121014354,PRJEB98467,,,,,,GB,,,,,,2018,primary,1.0,7.808
SAMEA121014355,PRJEB98467,,,,,,GB,,,,,,2018,primary,1.0,10.494
SAMEA121014356,PRJEB98467,,,,,,GB,,,,,,2018,primary,1.0,7.615
SAMEA121014357,PRJEB98467,,,,,,GB,,,,,,2018,primary,1.0,8.082
SAMEA121014358,PRJEB98467,,,,,,GB,,,,,,2018,primary,1.0,7.466
SAMEA121014359,PRJEB98467,,,,,,GB,,,,,,2018,primary,1.0,8.2
SAMEA121014360,PRJEB98467,,,,,,GB,,,,,,2018,primary,1.0,7.797
SAMEA121014361,PRJEB98467,,,,,,GB,,,,,,2018,primary,1.0,8.403
SAMEA121014362,PRJEB98467,,,,,,GB,,,,,,2018,primary,1.0,7.944
SAMEA121014363,PRJEB98467,,,,,,GB,,,,,,2018,primary,1.0,7.705
SAMEA121014364,PRJEB98467,,,,,,GB,,,,,,2018,primary,1.0,7.593
SAMEA121014365,PRJEB98467,,,,,,GB,,,,,,2018,primary,1.0,8.162
SAMEA121014366,PRJEB98467,,,,,,GB,,,,,,2018,primary,1.0,7.395
SAMEA121014367,PRJEB98467,,,,,,GB,,,,,,2018,primary,1.0,8.305
SAMEA121014368,PRJEB98467,,,,,,GB,,,,,,2018,primary,1.0,8.367
SAMEA121014369,PRJEB98467,,,,,,GB,,,,,,2018,primary,1.0,7.814
SAMEA121014370,PRJEB98467,,,,,,GB,,,,,,2018,primary,1.0,7.498
SAMEA121014371,PRJEB98467,,,,,,GB,,,,,,2018,primary,1.0,8.258
SAMEA121014372,PRJEB98467,,,,,,GB,,,,,,2018,primary,1.0,7.644
SAMEA121014373,PRJEB98467,,,,,,GB,,,,,,2018,primary,1.0,8.003
SAMEA121014374,PRJEB98467,,,,,,GB,,,,,,2018,primary,1.0,7.891
SAMEA121014375,PRJEB98467,,,,,,GB,,,,,,2018,primary,1.0,7.664
SAMEA121014376,PRJEB98467,,,,,,GB,,,,,,2018,primary,1.0,7.93
SAMEA121014377,PRJEB98467,,,,,,GB,,,,,,2018,primary,1.0,7.974
SAMEA121014378,PRJEB98467,,,,,,GB,,,,,,2018,primary,1.0,8.24
SAMEA121014379,PRJEB98467,,,,,,GB,,,,,,2018,primary,1.0,7.86
SAMEA121014380,PRJEB98467,,,,,,GB,,,,,,2018,primary,1.0,7.925
SAMEA121014381,PRJEB98467,,,,,,GB,,,,,,2018,primary,1.0,6.065
SAMEA121014382,PRJEB98467,,,,,,GB,,,,,,2018,primary,1.0,8.051
SAMEA121014383,PRJEB98467,,,,,,GB,,,,,,2018,primary,1.0,7.817
SAMEA121014384,PRJEB98467,,,,,,GB,,,,,,2018,primary,1.0,8.389
SAMEA121014385,PRJEB98467,,,,,,GB,,,,,,2018,primary,1.0,7.959
SAMEA121014386,PRJEB98467,,,,,,GB,,,,,,2018,primary,1.0,10.03
SAMEA121014387,PRJEB98467,,,,,,GB,,,,,,2018,primary,1.0,7.477
SAMEA121014388,PRJEB98467,,,,,,GB,,,,,,2018,primary,1.0,8.079
SAMEA121014389,PRJEB98467,,,,,,GB,,,,,,2018,primary,1.0,8.386
SAMEA121014390,PRJEB98467,,,,,,GB,,,,,,2018,primary,1.0,8.056
SAMEA121014391,PRJEB98467,,,,,,GB,,,,,,2018,primary,1.0,8.877
SAMEA121014392,PRJEB98467,,,,,,GB,,,,,,2018,primary,1.0,7.547
SAMEA121014393,PRJEB98467,,,,,,GB,,,,,,2018,primary,1.0,8.024
SAMEA121014394,PRJEB98467,,,,,,GB,,,,,,2018,primary,1.0,7.737
SAMEA121014395,PRJEB98467,,,,,,GB,,,,,,2018,primary,1.0,8.598
SAMEA121014396,PRJEB98467,,,,,,GB,,,,,,2018,primary,1.0,7.821
SAMEA121014397,PRJEB98467,,,,,,GB,,,,,,2018,primary,1.0,8.494
SAMEA121014398,PRJEB98467,,,,,,GB,,,,,,2018,primary,1.0,7.975
SAMEA121014399,PRJEB98467,,,,,,GB,,,,,,2018,primary,1.0,11.434
SAMEA121014400,PRJEB98467,,,,,,GB,,,,,,2018,primary,1.0,7.849
SAMEA121014401,PRJEB98467,,,,,,GB,,,,,,2018,primary,1.0,8.296
SAMEA121014402,PRJEB98467,,,,,,GB,,,,,,2018,primary,1.0,8.318
SAMEA121014403,PRJEB98467,,,,,,GB,,,,,,2018,primary,1.0,8.292
SAMEA121014404,PRJEB98467,,,,,,GB,,,,,,2018,primary,1.0,7.613
SAMEA121014405,PRJEB98467,,,,,,GB,,,,,,2018,primary,1.0,11.486
SAMEA121014406,PRJEB98467,,,,,,GB,,,,,,2018,primary,1.0,11.252
SAMEA121014407,PRJEB98467,,,,,,GB,,,,,,2018,primary,1.0,7.941
SAMEA121014408,PRJEB98467,,,,,,GB,,,,,,2018,primary,1.0,8.476
SAMEA121014409,PRJEB98467,,,,,,GB,,,,,,2018,primary,1.0,11.54
SAMEA121014410,PRJEB98467,,,,,,GB,,,,,,2018,primary,1.0,9.428
SAMEA121014411,PRJEB98467,,,,,,GB,,,,,,2018,primary,1.0,10.748
SAMEA121014412,PRJEB98467,,,,,,GB,,,,,,2018,primary,1.0,8.276
SAMEA121014413,PRJEB98467,,,,,,GB,,,,,,2018,primary,1.0,12.102
SAMEA121014414,PRJEB98467,,,,,,GB,,,,,,2018,primary,1.0,7.762
SAMEA121014415,PRJEB98467,,,,,,GB,,,,,,2018,primary,1.0,9.224
SAMEA121014416,PRJEB98467,,,,,,GB,,,,,,2018,primary,1.0,8.832
SAMEA121014417,PRJEB98467,,,,,,GB,,,,,,2018,primary,1.0,10.501
SAMEA121014418,PRJEB98467,,,,,,GB,,,,,,2018,primary,1.0,8.705
SAMEA121014419,PRJEB98467,,,,,,GB,,,,,,2018,primary,1.0,7.49
SAMEA121014420,PRJEB98467,,,,,,GB,,,,,,2018,primary,1.0,8.453
SAMEA121014421,PRJEB98467,,,,,,GB,,,,,,2018,primary,1.0,8.607
SAMEA121014422,PRJEB98467,,,,,,GB,,,,,,2018,primary,1.0,9.458
SAMEA121014423,PRJEB98467,,,,,,GB,,,,,,2018,primary,1.0,9.234
SAMEA121014424,PRJEB98467,,,,,,GB,,,,,,2018,primary,1.0,7.771
SAMEA121014425,PRJEB98467,,,,,,GB,,,,,,2018,primary,1.0,9.137
SAMEA121014426,PRJEB98467,,,,,,GB,,,,,,2018,primary,1.0,7.58
SAMEA121014427,PRJEB98467,,,,,,GB,,,,,,2018,primary,1.0,8.031
SAMEA121014428,PRJEB98467,,,,,,GB,,,,,,2018,primary,1.0,11.554
SAMEA121014429,PRJEB98467,,,,,,GB,,,,,,2018,primary,1.0,8.288
SAMEA121014430,PRJEB98467,,,,,,GB,,,,,,2018,primary,1.0,9.42
SAMEA121014431,PRJEB98467,,,,,,GB,,,,,,2018,primary,1.0,8.397
SAMEA121014432,PRJEB98467,,,,,,GB,,,,,,2018,primary,1.0,8.624
SAMEA121014433,PRJEB98467,,,,,,GB,,,,,,2018,primary,1.0,8.161
SAMEA121014434,PRJEB98467,,,,,,GB,,,,,,2018,primary,1.0,9.148
SAMEA121014435,PRJEB98467,,,,,,GB,,,,,,2018,primary,1.0,13.099
SAMEA121014436,PRJEB98467,,,,,,GB,,,,,,2018,primary,1.0,8.741
SAMEA121014437,PRJEB98467,,,,,,GB,,,,,,2018,primary,1.0,13.273
SAMEA121014438,PRJEB98467,,,,,,GB,,,,,,2018,primary,1.0,7.833
SAMEA121014439,PRJEB98467,,,,,,GB,,,,,,2018,primary,1.0,7.64
SAMEA121014440,PRJEB98467,,,,,,GB,,,,,,2018,primary,1.0,8.074
SAMEA121014441,PRJEB98467,,,,,,GB,,,,,,2018,primary,1.0,8.909
SAMEA121014442,PRJEB98467,,,,,,GB,,,,,,2018,primary,1.0,8.023
SAMEA121014443,PRJEB98467,,,,,,GB,,,,,,2018,primary,1.0,13.274
SAMEA121014444,PRJEB98467,,,,,,GB,,,,,,2018,primary,1.0,9.613
SAMEA121014445,PRJEB98467,,,,,,GB,,,,,,2018,primary,1.0,7.488
SAMEA121014446,PRJEB98467,,,,,,GB,,,,,,2018,primary,1.0,12.358
SAMEA121014447,PRJEB98467,,,,,,GB,,,,,,2018,primary,1.0,8.16
SAMEA121014448,PRJEB98467,,,,,,GB,,,,,,2018,primary,1.0,8.484
SAMEA121014449,PRJEB98467,,,,,,GB,,,,,,2018,primary,1.0,8.062
SAMEA121014450,PRJEB98467,,,,,,GB,,,,,,2018,primary,1.0,48.577
SAMEA121014451,PRJEB98467,,,,,,GB,,,,,,2018,primary,1.0,8.438
SAMEA121014452,PRJEB98467,,,,,,GB,,,,,,2018,primary,1.0,14.138
SAMEA121014453,PRJEB98467,,,,,,GB,,,,,,2018,primary,1.0,8.842
SAMEA121014454,PRJEB98467,,,,,,GB,,,,,,2018,primary,1.0,8.173
SAMEA121014455,PRJEB98467,,,,,,GB,,,,,,2018,primary,1.0,9.015
SAMEA121014456,PRJEB98467,,,,,,GB,,,,,,2018,primary,1.0,8.691
SAMEA121014457,PRJEB98467,,,,,,GB,,,,,,2018,primary,1.0,7.614
SAMEA121014458,PRJEB98467,,,,,,GB,,,,,,2018,primary,1.0,9.481
SAMEA121014459,PRJEB98467,,,,,,GB,,,,,,2018,primary,1.0,8.238
SAMEA121014460,PRJEB98467,,,,,,GB,,,,,,2018,primary,1.0,0.589
SAMEA121014461,PRJEB98467,,,,,,GB,,,,,,2018,primary,1.0,8.83
SAMEA121014462,PRJEB98467,,,,,,GB,,,,,,2018,primary,1.0,7.307
SAMEA121014463,PRJEB98467,,,,,,GB,,,,,,2018,primary,1.0,8.661
SAMEA121014464,PRJEB98467,,,,,,GB,,,,,,2018,primary,1.0,7.856
SAMEA121014465,PRJEB98467,,,,,,GB,,,,,,2018,primary,1.0,7.581
SAMEA121014466,PRJEB98467,,,,,,GB,,,,,,2018,primary,1.0,7.985
SAMEA121014467,PRJEB98467,,,,,,GB,,,,,,2018,primary,1.0,9.872
SAMEA121014468,PRJEB98467,,,,,,GB,,,,,,2018,primary,1.0,9.019
SAMEA121014469,PRJEB98467,,,,,,GB,,,,,,2018,primary,1.0,8.31
SAMEA121014470,PRJEB98467,,,,,,GB,,,,,,2018,primary,1.0,8.696
SAMEA121014471,PRJEB98467,,,,,,GB,,,,,,2018,primary,1.0,9.693
SAMEA121014472,PRJEB98467,,,,,,GB,,,,,,2018,primary,1.0,8.742
SAMEA121014473,PRJEB98467,,,,,,GB,,,,,,2018,primary,1.0,11.366
SAMEA121014474,PRJEB98467,,,,,,GB,,,,,,2018,primary,1.0,8.157
SAMEA121014475,PRJEB98467,,,,,,GB,,,,,,2018,primary,1.0,7.786
SAMEA121014476,PRJEB98467,,,,,,GB,,,,,,2018,primary,1.0,9.411
SAMEA121014477,PRJEB98467,,,,,,GB,,,,,,2018,primary,1.0,8.444
SAMEA121014478,PRJEB98467,,,,,,GB,,,,,,2018,primary,1.0,10.274
SAMEA121014479,PRJEB98467,,,,,,GB,,,,,,2018,primary,1.0,13.299
SAMEA121014480,PRJEB98467,,,,,,GB,,,,,,2018,primary,1.0,10.056
SAMEA121014481,PRJEB98467,,,,,,GB,,,,,,2018,primary,1.0,7.627
SAMEA121014482,PRJEB98467,,,,,,GB,,,,,,2018,primary,1.0,8.186
SAMEA121014483,PRJEB98467,,,,,,GB,,,,,,2018,primary,1.0,9.194
SAMEA121014484,PRJEB98467,,,,,,GB,,,,,,2018,primary,1.0,7.828
SAMEA121014485,PRJEB98467,,,,,,GB,,,,,,2018,primary,1.0,9.271
SAMEA121014486,PRJEB98467,,,,,,GB,,,,,,2018,primary,1.0,10.119
SAMEA121014487,PRJEB98467,,,,,,GB,,,,,,2018,primary,1.0,26.364
SAMEA121014488,PRJEB98467,,,,,,GB,,,,,,2018,primary,1.0,10.125
SAMEA121014489,PRJEB98467,,,,,,GB,,,,,,2018,primary,1.0,7.585
SAMEA121014490,PRJEB98467,,,,,,GB,,,,,,2018,primary,1.0,7.544
SAMEA121014491,PRJEB98467,,,,,,GB,,,,,,2018,primary,1.0,7.903
SAMEA121014492,PRJEB98467,,,,,,GB,,,,,,2018,primary,1.0,7.614
SAMEA121014493,PRJEB98467,,,,,,GB,,,,,,2018,primary,1.0,11.091
SAMEA121014494,PRJEB98467,,,,,,GB,,,,,,2018,primary,1.0,8.557
SAMEA121014495,PRJEB98467,,,,,,GB,,,,,,2018,primary,1.0,11.888
SAMEA121014496,PRJEB98467,,,,,,GB,,,,,,2018,primary,1.0,9.588
SAMEA121014497,PRJEB98467,,,,,,GB,,,,,,2018,primary,1.0,7.606
SAMEA121014498,PRJEB98467,,,,,,GB,,,,,,2018,primary,1.0,9.016
SAMEA121014499,PRJEB98467,,,,,,GB,,,,,,2018,primary,1.0,10.929
SAMEA121014500,PRJEB98467,,,,,,GB,,,,,,2018,primary,1.0,10.683
SAMEA121014501,PRJEB98467,,,,,,GB,,,,,,2018,primary,1.0,12.429
SAMEA121014502,PRJEB98467,,,,,,GB,,,,,,2018,primary,1.0,10.413
SAMEA121014503,PRJEB98467,,,,,,GB,,,,,,2018,primary,1.0,8.493
SAMEA121014504,PRJEB98467,,,,,,GB,,,,,,2018,primary,1.0,8.771
SAMEA121014505,PRJEB98467,,,,,,GB,,,,,,2018,primary,1.0,8.345
SAMEA121014506,PRJEB98467,,,,,,GB,,,,,,2018,primary,1.0,9.672
SAMEA121014507,PRJEB98467,,,,,,GB,,,,,,2018,primary,1.0,9.397
SAMEA121014508,PRJEB98467,,,,,,GB,,,,,,2018,primary,1.0,7.528
SAMEA121014509,PRJEB98467,,,,,,GB,,,,,,2018,primary,1.0,9.8
SAMEA121014510,PRJEB98467,,,,,,GB,,,,,,2018,primary,1.0,7.989
SAMEA121014511,PRJEB98467,,,,,,GB,,,,,,2018,primary,1.0,15.096
SAMEA121014512,PRJEB98467,,,,,,GB,,,,,,2018,primary,1.0,7.589
SAMEA121014513,PRJEB98467,,,,,,GB,,,,,,2018,primary,1.0,7.57
SAMEA121014514,PRJEB98467,,,,,,GB,,,,,,2018,primary,1.0,8.692
SAMEA121014515,PRJEB98467,,,,,,GB,,,,,,2018,primary,1.0,7.879
SAMEA121014516,PRJEB98467,,,,,,GB,,,,,,2018,primary,1.0,14.866
SAMEA121014517,PRJEB98467,,,,,,GB,,,,,,2018,primary,1.0,10.995
SAMEA121014518,PRJEB98467,,,,,,GB,,,,,,2018,primary,1.0,8.89
SAMEA121014519,PRJEB98467,,,,,,GB,,,,,,2018,primary,1.0,8.299
SAMEA121014520,PRJEB98467,,,,,,GB,,,,,,2018,primary,1.0,10.462
SAMEA121014521,PRJEB98467,,,,,,GB,,,,,,2018,primary,1.0,9.683
SAMEA121014522,PRJEB98467,,,,,,GB,,,,,,2018,primary,1.0,9.174
SAMEA121014523,PRJEB98467,,,,,,GB,,,,,,2018,primary,1.0,12.399
SAMEA121014524,PRJEB98467,,,,,,GB,,,,,,2018,primary,1.0,10.055
SAMEA121014525,PRJEB98467,,,,,,GB,,,,,,2018,primary,1.0,7.82
SAMEA121014526,PRJEB98467,,,,,,GB,,,,,,2018,primary,1.0,13.983
SAMEA121014527,PRJEB98467,,,,,,GB,,,,,,2018,primary,1.0,9.182
SAMEA121014528,PRJEB98467,,,,,,GB,,,,,,2018,primary,1.0,14.045
SAMEA121014529,PRJEB98467,,,,,,GB,,,,,,2018,primary,1.0,15.062
SAMEA121014530,PRJEB98467,,,,,,GB,,,,,,2018,primary,1.0,8.056
SAMEA121014531,PRJEB98467,,,,,,GB,,,,,,2018,primary,1.0,10.958
SAMEA121014532,PRJEB98467,,,,,,GB,,,,,,2018,primary,1.0,7.587
SAMEA121014533,PRJEB98467,,,,,,GB,,,,,,2018,primary,1.0,13.124
SAMEA121014534,PRJEB98467,,,,,,GB,,,,,,2018,primary,1.0,11.495
SAMEA121014535,PRJEB98467,,,,,,GB,,,,,,2018,primary,1.0,13.563
SAMEA121014536,PRJEB98467,,,,,,GB,,,,,,2018,primary,1.0,7.687
SAMEA121014537,PRJEB98467,,,,,,GB,,,,,,2018,primary,1.0,9.254
SAMEA121014538,PRJEB98467,,,,,,GB,,,,,,2018,primary,1.0,10.41
SAMEA121014539,PRJEB98467,,,,,,GB,,,,,,2018,primary,1.0,11.568
SAMEA121014540,PRJEB98467,,,,,,GB,,,,,,2018,primary,1.0,10.535
SAMEA121014541,PRJEB98467,,,,,,GB,,,,,,2018,primary,1.0,8.972
SAMEA121014542,PRJEB98467,,,,,,GB,,,,,,2018,primary,1.0,13.207
SAMEA121014543,PRJEB98467,,,,,,GB,,,,,,2018,primary,1.0,10.284
SAMEA121014544,PRJEB98467,,,,,,GB,,,,,,2018,primary,1.0,8.577
SAMEA121014545,PRJEB98467,,,,,,GB,,,,,,2018,primary,1.0,14.844
SAMEA121014546,PRJEB98467,,,,,,GB,,,,,,2018,primary,1.0,8.585
SAMEA121014547,PRJEB98467,,,,,,GB,,,,,,2018,primary,1.0,8.708
SAMEA121014548,PRJEB98467,,,,,,GB,,,,,,2018,primary,1.0,7.568
SAMEA121014549,PRJEB98467,,,,,,GB,,,,,,2018,primary,1.0,14.846
SAMEA121014550,PRJEB98467,,,,,,GB,,,,,,2018,primary,1.0,13.123
SAMEA121014551,PRJEB98467,,,,,,GB,,,,,,2018,primary,1.0,9.747
SAMEA121014552,PRJEB98467,,,,,,GB,,,,,,2018,primary,1.0,8.937
SAMEA121014553,PRJEB98467,,,,,,GB,,,,,,2018,primary,1.0,7.622
SAMEA121014554,PRJEB98467,,,,,,GB,,,,,,2018,primary,1.0,9.595
SAMEA121014555,PRJEB98467,,,,,,GB,,,,,,2018,primary,1.0,13.465
SAMEA121014556,PRJEB98467,,,,,,GB,,,,,,2018,primary,1.0,8.263
SAMEA121014557,PRJEB98467,,,,,,GB,,,,,,2018,primary,1.0,7.97
SAMEA121014558,PRJEB98467,,,,,,GB,,,,,,2018,primary,1.0,14.219
SAMEA121014559,PRJEB98467,,,,,,GB,,,,,,2018,primary,1.0,7.628
SAMEA121014560,PRJEB98467,,,,,,GB,,,,,,2018,primary,1.0,7.61
SAMEA121014561,PRJEB98467,,,,,,GB,,,,,,2018,primary,1.0,8.177
SAMEA121014562,PRJEB98467,,,,,,GB,,,,,,2018,primary,1.0,7.998
SAMEA121014563,PRJEB98467,,,,,,GB,,,,,,2018,primary,1.0,7.606
SAMEA121014564,PRJEB98467,,,,,,GB,,,,,,2018,primary,1.0,9.613
SAMEA121014565,PRJEB98467,,,,,,GB,,,,,,2018,primary,1.0,8.174
SAMEA121014566,PRJEB98467,,,,,,GB,,,,,,2018,primary,1.0,8.694
SAMEA121014567,PRJEB98467,,,,,,GB,,,,,,2018,primary,1.0,8.666
SAMEA121014568,PRJEB98467,,,,,,GB,,,,,,2018,primary,1.0,9.088
SAMEA121014569,PRJEB98467,,,,,,GB,,,,,,2018,primary,1.0,7.847
SAMEA121014570,PRJEB98467,,,,,,GB,,,,,,2018,primary,1.0,9.125
SAMEA121014571,PRJEB98467,,,,,,GB,,,,,,2018,primary,1.0,9.414
SAMEA121014572,PRJEB98467,,,,,,GB,,,,,,2018,primary,1.0,8.638
SAMEA121014573,PRJEB98467,,,,,,GB,,,,,,2018,primary,1.0,8.423
SAMEA121014574,PRJEB98467,,,,,,GB,,,,,,2018,primary,1.0,9.897
SAMEA121014575,PRJEB98467,,,,,,GB,,,,,,2018,primary,1.0,8.373
SAMEA121014576,PRJEB98467,,,,,,GB,,,,,,2018,primary,1.0,8.002
SAMEA121014577,PRJEB98467,,,,,,GB,,,,,,2018,primary,1.0,8.443
SAMEA121014578,PRJEB98467,,,,,,GB,,,,,,2018,primary,1.0,8.427
SAMEA121014579,PRJEB98467,,,,,,GB,,,,,,2018,primary,1.0,8.131
SAMEA121014580,PRJEB98467,,,,,,GB,,,,,,2018,primary,1.0,8.895
SAMEA121014581,PRJEB98467,,,,,,GB,,,,,,2018,primary,1.0,9.906
SAMEA121014582,PRJEB98467,,,,,,GB,,,,,,2018,primary,1.0,11.752
SAMEA121014583,PRJEB98467,,,,,,GB,,,,,,2018,primary,1.0,11.378
SAMEA121014584,PRJEB98467,,,,,,GB,,,,,,2018,primary,1.0,7.726
SAMEA121014585,PRJEB98467,,,,,,GB,,,,,,2018,primary,1.0,7.573
SAMEA121014586,PRJEB98467,,,,,,GB,,,,,,2018,primary,1.0,11.637
SAMEA121014587,PRJEB98467,,,,,,GB,,,,,,2018,primary,1.0,8.38
SAMEA121014588,PRJEB98467,,,,,,GB,,,,,,2018,primary,1.0,7.582
SAMEA121014589,PRJEB98467,,,,,,GB,,,,,,2018,primary,1.0,8.59
SAMEA121014590,PRJEB98467,,,,,,GB,,,,,,2018,primary,1.0,7.604
SAMEA121014591,PRJEB98467,,,,,,GB,,,,,,2018,primary,1.0,8.253
SAMEA121014592,PRJEB98467,,,,,,GB,,,,,,2018,primary,1.0,10.073
SAMEA121014593,PRJEB98467,,,,,,GB,,,,,,2018,primary,1.0,8.549
SAMEA121014594,PRJEB98467,,,,,,GB,,,,,,2018,primary,1.0,7.856
SAMEA121014595,PRJEB98467,,,,,,GB,,,,,,2018,primary,1.0,8.684
SAMEA121014596,PRJEB98467,,,,,,GB,,,,,,2018,primary,1.0,8.365
SAMEA121014597,PRJEB98467,,,,,,GB,,,,,,2018,primary,1.0,8.337
SAMEA121014598,PRJEB98467,,,,,,GB,,,,,,2018,primary,1.0,9.026
SAMEA121014599,PRJEB98467,,,,,,GB,,,,,,2018,primary,1.0,7.447
SAMEA121014600,PRJEB98467,,,,,,GB,,,,,,2018,primary,1.0,9.776
SAMEA121014601,PRJEB98467,,,,,,GB,,,,,,2018,primary,1.0,8.267
SAMEA121014602,PRJEB98467,,,,,,GB,,,,,,2018,primary,1.0,7.817
SAMEA121014603,PRJEB98467,,,,,,GB,,,,,,2018,primary,1.0,8.593
SAMEA121014604,PRJEB98467,,,,,,GB,,,,,,2018,primary,1.0,7.575
SAMEA121014605,PRJEB98467,,,,,,GB,,,,,,2018,primary,1.0,8.11
SAMEA121014606,PRJEB98467,,,,,,GB,,,,,,2018,primary,1.0,9.015
SAMEA121014607,PRJEB98467,,,,,,GB,,,,,,2018,primary,1.0,8.254
SAMEA121014608,PRJEB98467,,,,,,GB,,,,,,2018,primary,1.0,7.885
SAMEA121014609,PRJEB98467,,,,,,GB,,,,,,2018,primary,1.0,7.563
SAMEA121014610,PRJEB98467,,,,,,GB,,,,,,2018,primary,1.0,7.601
SAMEA121014611,PRJEB98467,,,,,,GB,,,,,,2018,primary,1.0,7.922
SAMEA121014612,PRJEB98467,,,,,,GB,,,,,,2017,primary,1.0,10.385
SAMEA121014613,PRJEB98467,,,,,,GB,,,,,,2018,primary,1.0,7.9
SAMEA121014614,PRJEB98467,,,,,,GB,,,,,,2018,primary,1.0,8.479
SAMEA121014615,PRJEB98467,,,,,,GB,,,,,,2018,primary,1.0,7.683
SAMEA121014616,PRJEB98467,,,,,,GB,,,,,,2018,primary,1.0,8.272
SAMEA121014617,PRJEB98467,,,,,,GB,,,,,,2017,primary,1.0,13.459
SAMEA121014618,PRJEB98467,,,,,,GB,,,,,,2018,primary,1.0,8.04
SAMEA121014619,PRJEB98467,,,,,,GB,,,,,,2018,primary,1.0,8.956
SAMEA121014620,PRJEB98467,,,,,,GB,,,,,,2017,primary,1.0,7.968
SAMEA121014621,PRJEB98467,,,,,,GB,,,,,,2018,primary,1.0,7.537
SAMEA121014622,PRJEB98467,,,,,,GB,,,,,,2018,primary,1.0,8.236
SAMEA121014623,PRJEB98467,,,,,,GB,,,,,,2017,primary,1.0,8.206
SAMEA121014624,PRJEB98467,,,,,,GB,,,,,,2017,primary,1.0,7.875
SAMEA121014625,PRJEB98467,,,,,,GB,,,,,,2018,primary,1.0,15.028
SAMEA121014626,PRJEB98467,,,,,,GB,,,,,,2017,primary,1.0,8.319
SAMEA121014627,PRJEB98467,,,,,,GB,,,,,,2017,primary,1.0,8.245
SAMEA121014628,PRJEB98467,,,,,,GB,,,,,,2018,primary,1.0,8.539
SAMEA121014629,PRJEB98467,,,,,,GB,,,,,,2018,primary,1.0,8.205
SAMEA121014630,PRJEB98467,,,,,,GB,,,,,,2017,primary,1.0,7.779
SAMEA121014631,PRJEB98467,,,,,,GB,,,,,,2018,primary,1.0,9.81
SAMEA121014632,PRJEB98467,,,,,,GB,,,,,,2018,primary,1.0,8.628
SAMEA121014633,PRJEB98467,,,,,,GB,,,,,,2018,primary,1.0,8.122
SAMEA121014634,PRJEB98467,,,,,,GB,,,,,,2018,primary,1.0,6.282
SAMEA121014635,PRJEB98467,,,,,,GB,,,,,,2018,primary,1.0,8.097
SAMEA121014636,PRJEB98467,,,,,,GB,,,,,,2018,primary,1.0,8.369
SAMEA121014637,PRJEB98467,,,,,,GB,,,,,,2018,primary,1.0,7.924
SAMEA121014638,PRJEB98467,,,,,,GB,,,,,,2018,primary,1.0,7.897
SAMEA121014639,PRJEB98467,,,,,,GB,,,,,,2018,primary,1.0,8.055
SAMEA121014640,PRJEB98467,,,,,,GB,,,,,,2017,primary,1.0,7.602
SAMEA121014641,PRJEB98467,,,,,,GB,,,,,,2018,primary,1.0,8.01
SAMEA121014642,PRJEB98467,,,,,,GB,,,,,,2018,primary,1.0,8.151
SAMEA121014643,PRJEB98467,,,,,,GB,,,,,,2018,primary,1.0,9.781
SAMEA121014644,PRJEB98467,,,,,,GB,,,,,,2018,primary,1.0,12.626
SAMEA121014645,PRJEB98467,,,,,,GB,,,,,,2018,primary,1.0,7.436
SAMEA121014646,PRJEB98467,,,,,,GB,,,,,,2017,primary,1.0,7.848
SAMEA121014647,PRJEB98467,,,,,,GB,,,,,,2017,primary,1.0,9.214
SAMEA121014648,PRJEB98467,,,,,,GB,,,,,,2017,primary,1.0,8.231
SAMEA121014649,PRJEB98467,,,,,,GB,,,,,,2017,primary,1.0,13.688
SAMEA121014650,PRJEB98467,,,,,,GB,,,,,,2017,primary,1.0,8.439
SAMEA121014651,PRJEB98467,,,,,,GB,,,,,,2017,primary,1.0,12.095
SAMEA121014652,PRJEB98467,,,,,,GB,,,,,,2017,primary,1.0,8.871
SAMEA121014653,PRJEB98467,,,,,,GB,,,,,,2017,primary,1.0,7.522
SAMEA121014654,PRJEB98467,,,,,,GB,,,,,,2017,primary,1.0,7.555
SAMEA121014655,PRJEB98467,,,,,,GB,,,,,,2017,primary,1.0,8.783
SAMEA121014656,PRJEB98467,,,,,,GB,,,,,,2017,primary,1.0,4.57
SAMEA121014657,PRJEB98467,,,,,,GB,,,,,,2017,primary,1.0,8.694
SAMEA121014658,PRJEB98467,,,,,,GB,,,,,,2017,primary,1.0,16.972
SAMEA121014659,PRJEB98467,,,,,,GB,,,,,,2017,primary,1.0,13.893
SAMEA121014660,PRJEB98467,,,,,,GB,,,,,,2017,primary,1.0,8.789
SAMEA121014661,PRJEB98467,,,,,,GB,,,,,,2017,primary,1.0,11.738
SAMEA121014662,PRJEB98467,,,,,,GB,,,,,,2017,primary,1.0,8.57
SAMEA121014663,PRJEB98467,,,,,,GB,,,,,,2017,primary,1.0,13.008
SAMEA121014664,PRJEB98467,,,,,,GB,,,,,,2017,primary,1.0,9.002
SAMEA121014665,PRJEB98467,,,,,,GB,,,,,,2017,primary,1.0,8.194
SAMEA121014666,PRJEB98467,,,,,,GB,,,,,,2017,primary,1.0,8.519
SAMEA121014667,PRJEB98467,,,,,,GB,,,,,,2017,primary,1.0,9.016
SAMEA121014668,PRJEB98467,,,,,,GB,,,,,,2017,primary,1.0,7.665
SAMEA121014669,PRJEB98467,,,,,,GB,,,,,,2017,primary,1.0,11.069
SAMEA121014670,PRJEB98467,,,,,,GB,,,,,,2017,primary,1.0,8.555
SAMEA121014671,PRJEB98467,,,,,,GB,,,,,,2017,primary,1.0,9.147
SAMEA121014672,PRJEB98467,,,,,,GB,,,,,,2017,primary,1.0,12.238
SAMEA121014673,PRJEB98467,,,,,,GB,,,,,,2017,primary,1.0,9.306
SAMEA121014674,PRJEB98467,,,,,,GB,,,,,,2017,primary,1.0,11.25
SAMEA121014675,PRJEB98467,,,,,,GB,,,,,,2017,primary,1.0,8.452
SAMEA121014676,PRJEB98467,,,,,,GB,,,,,,2017,primary,1.0,7.485
SAMEA121014677,PRJEB98467,,,,,,GB,,,,,,2017,primary,1.0,9.278
SAMEA121014678,PRJEB98467,,,,,,GB,,,,,,2017,primary,1.0,17.235
SAMEA121014679,PRJEB98467,,,,,,GB,,,,,,2017,primary,1.0,7.564
SAMEA121014680,PRJEB98467,,,,,,GB,,,,,,2017,primary,1.0,7.909
SAMEA121014681,PRJEB98467,,,,,,GB,,,,,,2017,primary,1.0,6.651
SAMEA121014682,PRJEB98467,,,,,,GB,,,,,,2017,primary,1.0,10.037
SAMEA121014683,PRJEB98467,,,,,,GB,,,,,,2017,primary,1.0,7.292
SAMEA121014684,PRJEB98467,,,,,,GB,,,,,,2017,primary,1.0,7.653
SAMEA121014685,PRJEB98467,,,,,,GB,,,,,,2017,primary,1.0,8.049
SAMEA121014686,PRJEB98467,,,,,,GB,,,,,,2017,primary,1.0,7.719
SAMEA121014687,PRJEB98467,,,,,,GB,,,,,,2017,primary,1.0,8.77
SAMEA121014688,PRJEB98467,,,,,,GB,,,,,,2017,primary,1.0,7.784
SAMEA121014689,PRJEB98467,,,,,,GB,,,,,,2017,primary,1.0,11.129
SAMEA121014690,PRJEB98467,,,,,,GB,,,,,,2017,primary,1.0,8.392
SAMEA121014691,PRJEB98467,,,,,,GB,,,,,,2017,primary,1.0,13.052
SAMEA121014692,PRJEB98467,,,,,,GB,,,,,,2017,primary,1.0,8.686
SAMEA121014693,PRJEB98467,,,,,,GB,,,,,,2017,primary,1.0,18.736
SAMEA121014694,PRJEB98467,,,,,,GB,,,,,,2017,primary,1.0,14.359
SAMEA121014695,PRJEB98467,,,,,,GB,,,,,,2017,primary,1.0,7.593
SAMEA121014696,PRJEB98467,,,,,,GB,,,,,,2017,primary,1.0,7.64
SAMEA121014697,PRJEB98467,,,,,,GB,,,,,,2017,primary,1.0,7.299
SAMEA121014698,PRJEB98467,,,,,,GB,,,,,,2017,primary,1.0,7.859
SAMEA121014699,PRJEB98467,,,,,,GB,,,,,,2017,primary,1.0,8.289
SAMEA121014700,PRJEB98467,,,,,,GB,,,,,,2017,primary,1.0,11.671
SAMEA121014701,PRJEB98467,,,,,,GB,,,,,,2017,primary,1.0,10.335
SAMEA121014702,PRJEB98467,,,,,,GB,,,,,,2017,primary,1.0,10.09
SAMEA121014703,PRJEB98467,,,,,,GB,,,,,,2017,primary,1.0,6.976
SAMEA121014704,PRJEB98467,,,,,,GB,,,,,,2017,primary,1.0,9.302
SAMEA121014705,PRJEB98467,,,,,,GB,,,,,,2017,primary,1.0,14.581
SAMEA121014706,PRJEB98467,,,,,,GB,,,,,,2017,primary,1.0,9.409
SAMEA121014707,PRJEB98467,,,,,,GB,,,,,,2017,primary,1.0,8.513
SAMEA121014708,PRJEB98467,,,,,,GB,,,,,,2017,primary,1.0,7.703
SAMEA121014709,PRJEB98467,,,,,,GB,,,,,,2018,primary,1.0,7.623
SAMEA121014710,PRJEB98467,,,,,,GB,,,,,,2018,primary,1.0,14.528
SAMEA121014711,PRJEB98467,,,,,,GB,,,,,,2018,primary,1.0,8.719
SAMEA121014712,PRJEB98467,,,,,,GB,,,,,,2018,primary,1.0,12.474
SAMEA121014713,PRJEB98467,,,,,,GB,,,,,,2018,primary,1.0,11.713
SAMEA121014714,PRJEB98467,,,,,,GB,,,,,,2017,primary,1.0,9.528
SAMEA121014715,PRJEB98467,,,,,,GB,,,,,,2018,primary,2.0,18.761
SAMEA121014716,PRJEB98467,,,,,,GB,,,,,,2018,primary,1.0,7.473
SAMEA121014717,PRJEB98467,,,,,,GB,,,,,,2018,primary,1.0,8.112
SAMEA121014718,PRJEB98467,,,,,,GB,,,,,,2018,primary,1.0,13.01
SAMEA121014719,PRJEB98467,,,,,,GB,,,,,,2018,primary,1.0,7.566
SAMEA121014720,PRJEB98467,,,,,,GB,,,,,,2018,primary,1.0,9.569
SAMEA121014721,PRJEB98467,,,,,,GB,,,,,,2018,primary,1.0,7.381
SAMEA121014722,PRJEB98467,,,,,,GB,,,,,,2018,primary,1.0,19.225
SAMEA121014723,PRJEB98467,,,,,,GB,,,,,,2018,primary,1.0,7.508
SAMEA121014724,PRJEB98467,,,,,,GB,,,,,,2018,primary,1.0,15.083
SAMEA121014725,PRJEB98467,,,,,,GB,,,,,,2018,primary,1.0,7.617
SAMEA121014726,PRJEB98467,,,,,,GB,,,,,,2018,primary,1.0,7.88
SAMEA121014727,PRJEB98467,,,,,,GB,,,,,,2018,primary,1.0,9.586
SAMEA121014728,PRJEB98467,,,,,,GB,,,,,,2017,primary,1.0,10.23
SAMEA121014729,PRJEB98467,,,,,,GB,,,,,,2017,primary,1.0,7.771
SAMEA121014730,PRJEB98467,,,,,,GB,,,,,,2017,primary,1.0,7.935
SAMEA121014731,PRJEB98467,,,,,,GB,,,,,,2017,primary,1.0,8.551
SAMEA121014732,PRJEB98467,,,,,,GB,,,,,,2017,primary,1.0,7.662
SAMEA121014733,PRJEB98467,,,,,,GB,,,,,,2017,primary,1.0,7.668
SAMEA121014734,PRJEB98467,,,,,,GB,,,,,,2017,primary,1.0,8.078
SAMEA121014735,PRJEB98467,,,,,,GB,,,,,,2017,primary,1.0,7.649
SAMEA121014736,PRJEB98467,,,,,,GB,,,,,,2017,primary,1.0,8.008
SAMEA121014737,PRJEB98467,,,,,,GB,,,,,,2017,primary,1.0,8.691
SAMEA121014738,PRJEB98467,,,,,,GB,,,,,,2017,primary,1.0,7.683
SAMEA121014739,PRJEB98467,,,,,,GB,,,,,,2017,primary,1.0,8.482
SAMEA121014740,PRJEB98467,,,,,,GB,,,,,,2017,primary,1.0,7.479
SAMEA121014741,PRJEB98467,,,,,,GB,,,,,,2017,primary,1.0,7.911
SAMEA121014742,PRJEB98467,,,,,,GB,,,,,,2017,primary,1.0,7.755
SAMEA121014743,PRJEB98467,,,,,,GB,,,,,,2017,primary,1.0,7.724
SAMEA121014744,PRJEB98467,,,,,,GB,,,,,,2017,primary,1.0,8.652
SAMEA121014745,PRJEB98467,,,,,,GB,,,,,,2017,primary,1.0,8.164
SAMEA121014746,PRJEB98467,,,,,,GB,,,,,,2017,primary,1.0,7.582
SAMEA121014747,PRJEB98467,,,,,,GB,,,,,,2017,primary,1.0,7.634
SAMEA121014748,PRJEB98467,,,,,,GB,,,,,,2017,primary,1.0,8.095
SAMEA121014749,PRJEB98467,,,,,,GB,,,,,,2017,primary,1.0,7.345
SAMEA121014750,PRJEB98467,,,,,,GB,,,,,,2017,primary,1.0,7.433
SAMEA121014751,PRJEB98467,,,,,,GB,,,,,,2017,primary,1.0,8.449
SAMEA121014752,PRJEB98467,,,,,,GB,,,,,,2017,primary,1.0,8.365
SAMEA121014753,PRJEB98467,,,,,,GB,,,,,,2017,primary,1.0,7.814
SAMEA121014754,PRJEB98467,,,,,,GB,,,,,,2017,primary,1.0,7.72
SAMEA121014755,PRJEB98467,,,,,,GB,,,,,,2017,primary,1.0,7.73
SAMEA121014756,PRJEB98467,,,,,,GB,,,,,,2017,primary,1.0,7.422
SAMEA121014757,PRJEB98467,,,,,,GB,,,,,,2017,primary,1.0,7.765
SAMEA121014758,PRJEB98467,,,,,,GB,,,,,,2017,primary,1.0,9.198
SAMEA121014759,PRJEB98467,,,,,,GB,,,,,,2017,primary,1.0,7.954
SAMEA121014760,PRJEB98467,,,,,,GB,,,,,,2017,primary,1.0,8.413
SAMEA121014761,PRJEB98467,,,,,,GB,,,,,,2017,primary,1.0,7.471
SAMEA121014762,PRJEB98467,,,,,,GB,,,,,,2017,primary,1.0,8.433
SAMEA121014763,PRJEB98467,,,,,,GB,,,,,,2017,primary,1.0,7.524
SAMEA121014764,PRJEB98467,,,,,,GB,,,,,,2017,primary,1.0,7.66
SAMEA121014765,PRJEB98467,,,,,,GB,,,,,,2017,primary,1.0,7.739
SAMEA121014766,PRJEB98467,,,,,,GB,,,,,,2017,primary,1.0,7.404
SAMEA121014767,PRJEB98467,,,,,,GB,,,,,,2017,primary,1.0,7.846
SAMEA121014768,PRJEB98467,,,,,,GB,,,,,,2017,primary,1.0,8.08
SAMEA121014769,PRJEB98467,,,,,,GB,,,,,,2017,primary,1.0,7.445
SAMEA121014770,PRJEB98467,,,,,,GB,,,,,,2017,primary,1.0,7.689
SAMEA121014771,PRJEB98467,,,,,,GB,,,,,,2017,primary,1.0,7.742
SAMEA121014772,PRJEB98467,,,,,,GB,,,,,,2017,primary,1.0,7.588
SAMEA121014773,PRJEB98467,,,,,,GB,,,,,,2017,primary,1.0,7.84
SAMEA121014774,PRJEB98467,,,,,,GB,,,,,,2017,primary,1.0,8.313
SAMEA121014775,PRJEB98467,,,,,,GB,,,,,,2017,primary,1.0,7.836
SAMEA121014776,PRJEB98467,,,,,,GB,,,,,,2017,primary,1.0,7.779
SAMEA121014777,PRJEB98467,,,,,,GB,,,,,,2017,primary,1.0,8.681
SAMEA121014778,PRJEB98467,,,,,,GB,,,,,,2017,primary,1.0,8.48
SAMEA121014779,PRJEB98467,,,,,,GB,,,,,,2017,primary,1.0,8.0
SAMEA121014780,PRJEB98467,,,,,,GB,,,,,,2017,primary,1.0,7.899
SAMEA121014781,PRJEB98467,,,,,,GB,,,,,,2017,primary,1.0,8.047
SAMEA121014782,PRJEB98467,,,,,,GB,,,,,,2017,primary,1.0,7.736
SAMEA121014783,PRJEB98467,,,,,,GB,,,,,,2017,primary,1.0,7.33
SAMEA121014784,PRJEB98467,,,,,,GB,,,,,,2017,primary,1.0,8.77
SAMEA121014785,PRJEB98467,,,,,,GB,,,,,,2017,primary,1.0,8.455
SAMEA121014786,PRJEB98467,,,,,,GB,,,,,,2017,primary,1.0,8.573
SAMEA121014787,PRJEB98467,,,,,,GB,,,,,,2017,primary,1.0,8.99
SAMEA121014788,PRJEB98467,,,,,,GB,,,,,,2017,primary,1.0,7.749
SAMEA121014789,PRJEB98467,,,,,,GB,,,,,,2017,primary,1.0,7.886
SAMEA121014790,PRJEB98467,,,,,,GB,,,,,,2017,primary,1.0,8.168
SAMEA121014791,PRJEB98467,,,,,,GB,,,,,,2017,primary,1.0,8.463
SAMEA121014792,PRJEB98467,,,,,,GB,,,,,,2017,primary,1.0,7.661
SAMEA121014793,PRJEB98467,,,,,,GB,,,,,,2017,primary,1.0,7.471
SAMEA121014794,PRJEB98467,,,,,,GB,,,,,,2017,primary,1.0,7.828
SAMEA121014795,PRJEB98467,,,,,,GB,,,,,,2017,primary,1.0,7.758
SAMEA121014796,PRJEB98467,,,,,,GB,,,,,,2017,primary,1.0,7.533
SAMEA121014797,PRJEB98467,,,,,,GB,,,,,,2017,primary,1.0,7.604
SAMEA121014798,PRJEB98467,,,,,,GB,,,,,,2017,primary,1.0,8.108
SAMEA121014799,PRJEB98467,,,,,,GB,,,,,,2017,primary,1.0,7.93
SAMEA121014800,PRJEB98467,,,,,,GB,,,,,,2017,primary,1.0,7.68
SAMEA121014801,PRJEB98467,,,,,,GB,,,,,,2017,primary,1.0,7.867
SAMEA121014802,PRJEB98467,,,,,,GB,,,,,,2017,primary,1.0,7.721
SAMEA121014803,PRJEB98467,,,,,,GB,,,,,,2017,primary,1.0,7.7
SAMEA121014804,PRJEB98467,,,,,,GB,,,,,,2017,primary,1.0,6.141
SAMEA121014805,PRJEB98467,,,,,,GB,,,,,,2017,primary,1.0,8.406
SAMEA121014806,PRJEB98467,,,,,,GB,,,,,,2017,primary,1.0,10.347
SAMEA121014807,PRJEB98467,,,,,,GB,,,,,,2017,primary,1.0,8.134
SAMEA121014808,PRJEB98467,,,,,,GB,,,,,,2017,primary,1.0,7.923
SAMEA121014809,PRJEB98467,,,,,,GB,,,,,,2017,primary,1.0,7.644
SAMEA121014810,PRJEB98467,,,,,,GB,,,,,,2017,primary,1.0,8.812
SAMEA121014811,PRJEB98467,,,,,,GB,,,,,,2017,primary,1.0,5.081
SAMEA121014812,PRJEB98467,,,,,,GB,,,,,,2017,primary,1.0,7.79
SAMEA121014813,PRJEB98467,,,,,,GB,,,,,,2017,primary,1.0,10.192
SAMEA121014814,PRJEB98467,,,,,,GB,,,,,,2017,primary,1.0,9.197
SAMEA121014815,PRJEB98467,,,,,,GB,,,,,,2017,primary,1.0,8.729
SAMEA121014816,PRJEB98467,,,,,,GB,,,,,,2017,primary,1.0,8.18
SAMEA121014817,PRJEB98467,,,,,,GB,,,,,,2017,primary,1.0,8.552
SAMEA121014818,PRJEB98467,,,,,,GB,,,,,,2017,primary,1.0,8.242
SAMEA121014819,PRJEB98467,,,,,,GB,,,,,,2017,primary,1.0,7.602
SAMEA121014820,PRJEB98467,,,,,,GB,,,,,,2017,primary,1.0,8.694
SAMEA121014821,PRJEB98467,,,,,,GB,,,,,,2013,primary,1.0,25.973
SAMEA121014822,PRJEB98467,,,,,,GB,,,,,,2012,primary,1.0,11.808
SAMEA121014823,PRJEB98467,,,,,,GB,,,,,,2013,primary,1.0,11.16
SAMEA121014824,PRJEB98467,,,,,,GB,,,,,,2014,primary,1.0,7.791
SAMEA121014825,PRJEB98467,,,,,,GB,,,,,,2013,primary,1.0,10.312
SAMEA121014826,PRJEB98467,,,,,,GB,,,,,,2013,primary,1.0,10.389
SAMEA121014827,PRJEB98467,,,,,,GB,,,,,,2013,primary,1.0,11.665
SAMEA121014828,PRJEB98467,,,,,,GB,,,,,,2013,primary,1.0,9.179
SAMEA121014829,PRJEB98467,,,,,,GB,,,,,,2013,primary,1.0,48.247
SAMEA121014830,PRJEB98467,,,,,,GB,,,,,,2013,primary,1.0,8.515
SAMEA121014831,PRJEB98467,,,,,,GB,,,,,,2014,primary,1.0,7.864
SAMEA121014832,PRJEB98467,,,,,,GB,,,,,,2013,primary,1.0,7.914
SAMEA121014833,PRJEB98467,,,,,,GB,,,,,,2013,primary,1.0,8.504
SAMEA121014834,PRJEB98467,,,,,,GB,,,,,,2013,primary,1.0,8.334
SAMEA121014835,PRJEB98467,,,,,,GB,,,,,,2013,primary,1.0,8.41
SAMEA121014836,PRJEB98467,,,,,,GB,,,,,,2013,primary,1.0,8.698
SAMEA121014837,PRJEB98467,,,,,,GB,,,,,,2013,primary,1.0,8.552
SAMEA121014838,PRJEB98467,,,,,,GB,,,,,,2013,primary,1.0,7.515
SAMEA121014839,PRJEB98467,,,,,,GB,,,,,,2013,primary,1.0,7.474
SAMEA121014840,PRJEB98467,,,,,,GB,,,,,,2013,primary,1.0,7.916
SAMEA121014841,PRJEB98467,,,,,,GB,,,,,,2013,primary,1.0,8.849
SAMEA121014842,PRJEB98467,,,,,,GB,,,,,,2013,primary,1.0,7.878
SAMEA121014843,PRJEB98467,,,,,,GB,,,,,,2013,primary,1.0,11.137
SAMEA121014844,PRJEB98467,,,,,,GB,,,,,,2014,primary,1.0,7.561
SAMEA121014845,PRJEB98467,,,,,,GB,,,,,,2014,primary,1.0,10.117
SAMEA121014846,PRJEB98467,,,,,,GB,,,,,,2013,primary,1.0,7.51
SAMEA121014847,PRJEB98467,,,,,,GB,,,,,,2013,primary,1.0,25.33
SAMEA121014848,PRJEB98467,,,,,,GB,,,,,,2013,primary,1.0,7.735
SAMEA121014849,PRJEB98467,,,,,,GB,,,,,,2013,primary,1.0,9.356
SAMEA121014850,PRJEB98467,,,,,,GB,,,,,,2013,primary,1.0,7.99
SAMEA121014851,PRJEB98467,,,,,,GB,,,,,,2013,primary,1.0,8.157
SAMEA121014852,PRJEB98467,,,,,,GB,,,,,,2013,primary,1.0,7.726
SAMEA121014853,PRJEB98467,,,,,,GB,,,,,,2013,primary,1.0,8.112
SAMEA121014854,PRJEB98467,,,,,,GB,,,,,,2013,primary,1.0,8.272
SAMEA121014855,PRJEB98467,,,,,,GB,,,,,,2013,primary,1.0,8.377
SAMEA121014856,PRJEB98467,,,,,,GB,,,,,,2013,primary,1.0,7.822
SAMEA121014857,PRJEB98467,,,,,,GB,,,,,,2013,primary,1.0,7.81
SAMEA121014858,PRJEB98467,,,,,,GB,,,,,,2013,primary,1.0,7.591
SAMEA121014859,PRJEB98467,,,,,,GB,,,,,,2013,primary,1.0,7.819
SAMEA121014860,PRJEB98467,,,,,,GB,,,,,,2013,primary,1.0,8.262
SAMEA121014861,PRJEB98467,,,,,,GB,,,,,,2013,primary,1.0,9.411
SAMEA121014862,PRJEB98467,,,,,,GB,,,,,,2013,primary,1.0,9.721
SAMEA121014863,PRJEB98467,,,,,,GB,,,,,,2013,primary,1.0,14.854
SAMEA121014864,PRJEB98467,,,,,,GB,,,,,,2013,primary,1.0,7.363
SAMEA121014865,PRJEB98467,,,,,,GB,,,,,,2013,primary,1.0,7.662
SAMEA121014866,PRJEB98467,,,,,,GB,,,,,,2013,primary,1.0,7.935
SAMEA121014867,PRJEB98467,,,,,,GB,,,,,,2013,primary,1.0,7.788
SAMEA121014868,PRJEB98467,,,,,,GB,,,,,,2013,primary,1.0,8.244
SAMEA121014869,PRJEB98467,,,,,,GB,,,,,,2013,primary,1.0,8.383
SAMEA121014870,PRJEB98467,,,,,,GB,,,,,,2013,primary,1.0,7.652
SAMEA121014871,PRJEB98467,,,,,,GB,,,,,,2013,primary,1.0,9.519
SAMEA121014872,PRJEB98467,,,,,,GB,,,,,,2013,primary,1.0,7.762
SAMEA121014873,PRJEB98467,,,,,,GB,,,,,,2013,primary,1.0,23.884
SAMEA121014874,PRJEB98467,,,,,,GB,,,,,,2013,primary,1.0,7.441
SAMEA121014875,PRJEB98467,,,,,,GB,,,,,,2013,primary,1.0,10.687
SAMEA121014876,PRJEB98467,,,,,,GB,,,,,,2013,primary,1.0,7.832
SAMEA121014877,PRJEB98467,,,,,,GB,,,,,,2013,primary,1.0,8.515
SAMEA121014878,PRJEB98467,,,,,,GB,,,,,,2013,primary,1.0,7.57
SAMEA121014879,PRJEB98467,,,,,,GB,,,,,,2013,primary,1.0,11.288
SAMEA121014880,PRJEB98467,,,,,,GB,,,,,,2013,primary,1.0,7.47
SAMEA121014881,PRJEB98467,,,,,,GB,,,,,,2013,primary,1.0,7.693
SAMEA121014882,PRJEB98467,,,,,,GB,,,,,,2012,primary,1.0,6.293
SAMEA121014883,PRJEB98467,,,,,,GB,,,,,,2012,primary,1.0,7.873
SAMEA121014884,PRJEB98467,,,,,,GB,,,,,,2012,primary,1.0,7.99
SAMEA121014885,PRJEB98467,,,,,,GB,,,,,,2012,primary,1.0,7.452
SAMEA121014886,PRJEB98467,,,,,,GB,,,,,,2012,primary,1.0,7.857
SAMEA121014887,PRJEB98467,,,,,,GB,,,,,,2012,primary,1.0,7.849
SAMEA121014888,PRJEB98467,,,,,,GB,,,,,,2012,primary,1.0,9.383
SAMEA121014889,PRJEB98467,,,,,,GB,,,,,,2012,primary,1.0,10.969
SAMEA121014890,PRJEB98467,,,,,,GB,,,,,,2012,primary,1.0,7.812
SAMEA121014891,PRJEB98467,,,,,,GB,,,,,,2012,primary,1.0,7.763
SAMEA121014892,PRJEB98467,,,,,,GB,,,,,,2012,primary,1.0,7.598
SAMEA121014893,PRJEB98467,,,,,,GB,,,,,,2012,primary,1.0,10.124
SAMEA121014894,PRJEB98467,,,,,,GB,,,,,,2012,primary,1.0,7.943
SAMEA121014895,PRJEB98467,,,,,,GB,,,,,,2012,primary,1.0,8.22
SAMEA121014896,PRJEB98467,,,,,,GB,,,,,,2012,primary,1.0,8.735
SAMEA121014897,PRJEB98467,,,,,,GB,,,,,,2012,primary,1.0,7.501
SAMEA121014898,PRJEB98467,,,,,,GB,,,,,,2012,primary,1.0,65.58
SAMEA121014899,PRJEB98467,,,,,,GB,,,,,,2012,primary,1.0,8.554
SAMEA121014900,PRJEB98467,,,,,,GB,,,,,,2012,primary,1.0,7.873
SAMEA121014901,PRJEB98467,,,,,,GB,,,,,,2012,primary,1.0,8.093
SAMEA121014902,PRJEB98467,,,,,,GB,,,,,,2012,primary,1.0,8.395
SAMEA121014903,PRJEB98467,,,,,,GB,,,,,,2012,primary,1.0,12.772
SAMEA121014904,PRJEB98467,,,,,,GB,,,,,,2012,primary,1.0,10.408
SAMEA121014905,PRJEB98467,,,,,,GB,,,,,,2012,primary,1.0,7.496
SAMEA121014906,PRJEB98467,,,,,,GB,,,,,,2012,primary,1.0,7.796
SAMEA121014907,PRJEB98467,,,,,,GB,,,,,,2012,primary,1.0,11.494
SAMEA121014908,PRJEB98467,,,,,,GB,,,,,,2013,primary,1.0,7.498
SAMEA121014909,PRJEB98467,,,,,,GB,,,,,,2013,primary,1.0,7.75
SAMEA121014910,PRJEB98467,,,,,,GB,,,,,,2013,primary,1.0,9.361
SAMEA121014911,PRJEB98467,,,,,,GB,,,,,,2013,primary,1.0,7.978
SAMEA121014912,PRJEB98467,,,,,,GB,,,,,,2013,primary,1.0,8.571
SAMEA121014913,PRJEB98467,,,,,,GB,,,,,,2013,primary,1.0,8.453
SAMEA121014914,PRJEB98467,,,,,,GB,,,,,,2013,primary,1.0,8.881
SAMEA121014915,PRJEB98467,,,,,,GB,,,,,,2013,primary,1.0,8.128
SAMEA121014916,PRJEB98467,,,,,,GB,,,,,,2013,primary,1.0,7.797
SAMEA121014917,PRJEB98467,,,,,,GB,,,,,,2013,primary,1.0,8.021
SAMEA121014918,PRJEB98467,,,,,,GB,,,,,,2013,primary,1.0,48.932
SAMEA121014919,PRJEB98467,,,,,,GB,,,,,,2013,primary,1.0,6.652
SAMEA121014920,PRJEB98467,,,,,,GB,,,,,,2013,primary,1.0,9.256
SAMEA121014921,PRJEB98467,,,,,,GB,,,,,,2013,primary,1.0,8.791
SAMEA121014922,PRJEB98467,,,,,,GB,,,,,,2013,primary,1.0,8.376
SAMEA121014923,PRJEB98467,,,,,,GB,,,,,,2013,primary,1.0,11.305
SAMEA121014924,PRJEB98467,,,,,,GB,,,,,,2013,primary,1.0,7.846
SAMEA121014925,PRJEB98467,,,,,,GB,,,,,,2013,primary,1.0,7.711
SAMEA121014926,PRJEB98467,,,,,,GB,,,,,,2013,primary,1.0,9.695
SAMEA121014927,PRJEB98467,,,,,,GB,,,,,,2013,primary,1.0,8.136
SAMEA121014928,PRJEB98467,,,,,,GB,,,,,,2013,primary,1.0,7.22
SAMEA121014929,PRJEB98467,,,,,,GB,,,,,,2013,primary,1.0,9.159
SAMEA121014930,PRJEB98467,,,,,,GB,,,,,,2013,primary,1.0,7.278
SAMEA121014931,PRJEB98467,,,,,,GB,,,,,,2013,primary,1.0,8.651
SAMEA121014932,PRJEB98467,,,,,,GB,,,,,,2013,primary,1.0,7.486
SAMEA121014933,PRJEB98467,,,,,,GB,,,,,,2013,primary,1.0,8.545
SAMEA121014934,PRJEB98467,,,,,,GB,,,,,,2013,primary,1.0,10.693
SAMEA121014935,PRJEB98467,,,,,,GB,,,,,,2013,primary,1.0,8.753
SAMEA121014936,PRJEB98467,,,,,,GB,,,,,,2013,primary,1.0,7.498
SAMEA121014937,PRJEB98467,,,,,,GB,,,,,,2013,primary,1.0,9.041
SAMEA121014938,PRJEB98467,,,,,,GB,,,,,,2013,primary,1.0,7.75
SAMEA121014939,PRJEB98467,,,,,,GB,,,,,,2013,primary,1.0,7.703
SAMEA121014940,PRJEB98467,,,,,,GB,,,,,,2013,primary,1.0,8.786
SAMEA121014941,PRJEB98467,,,,,,GB,,,,,,2013,primary,1.0,7.781
SAMEA121014942,PRJEB98467,,,,,,GB,,,,,,2013,primary,1.0,7.639
SAMEA121014943,PRJEB98467,,,,,,GB,,,,,,2013,primary,1.0,7.559
SAMEA121014944,PRJEB98467,,,,,,GB,,,,,,2013,primary,1.0,7.455
SAMEA121014945,PRJEB98467,,,,,,GB,,,,,,2013,primary,1.0,7.916
SAMEA121014946,PRJEB98467,,,,,,GB,,,,,,2013,primary,1.0,8.129
SAMEA121014947,PRJEB98467,,,,,,GB,,,,,,2013,primary,1.0,7.812
SAMEA121014948,PRJEB98467,,,,,,GB,,,,,,2013,primary,1.0,8.323
SAMEA121014949,PRJEB98467,,,,,,GB,,,,,,2013,primary,1.0,8.805
SAMEA121014950,PRJEB98467,,,,,,GB,,,,,,2013,primary,1.0,9.342
SAMEA121014951,PRJEB98467,,,,,,GB,,,,,,2013,primary,1.0,7.996
SAMEA121014952,PRJEB98467,,,,,,GB,,,,,,2013,primary,1.0,7.538
SAMEA121014953,PRJEB98467,,,,,,GB,,,,,,2013,primary,1.0,7.648
SAMEA121014954,PRJEB98467,,,,,,GB,,,,,,2013,primary,1.0,7.461
SAMEA121014955,PRJEB98467,,,,,,GB,,,,,,2013,primary,1.0,10.36
SAMEA121014956,PRJEB98467,,,,,,GB,,,,,,2013,primary,1.0,10.075
SAMEA121014957,PRJEB98467,,,,,,GB,,,,,,2013,primary,1.0,7.566
SAMEA121014958,PRJEB98467,,,,,,GB,,,,,,2013,primary,1.0,22.655
SAMEA121014959,PRJEB98467,,,,,,GB,,,,,,2013,primary,1.0,8.029
SAMEA121014960,PRJEB98467,,,,,,GB,,,,,,2013,primary,1.0,10.505
SAMEA121014961,PRJEB98467,,,,,,GB,,,,,,2012,primary,1.0,7.9
SAMEA121014962,PRJEB98467,,,,,,GB,,,,,,2012,primary,1.0,8.78
SAMEA121014963,PRJEB98467,,,,,,GB,,,,,,2012,primary,1.0,7.742
SAMEA121014964,PRJEB98467,,,,,,GB,,,,,,2012,primary,1.0,8.007
SAMEA121014965,PRJEB98467,,,,,,GB,,,,,,2012,primary,1.0,7.61
SAMEA121014966,PRJEB98467,,,,,,GB,,,,,,2012,primary,1.0,7.734
SAMEA121014967,PRJEB98467,,,,,,GB,,,,,,2012,primary,1.0,7.437
SAMEA121014968,PRJEB98467,,,,,,GB,,,,,,2012,primary,1.0,8.899
SAMEA121014969,PRJEB98467,,,,,,GB,,,,,,2012,primary,1.0,10.268
SAMEA121014970,PRJEB98467,,,,,,GB,,,,,,2012,primary,1.0,7.616
SAMEA121014971,PRJEB98467,,,,,,GB,,,,,,2012,primary,1.0,7.446
SAMEA121014972,PRJEB98467,,,,,,GB,,,,,,2012,primary,1.0,8.033
SAMEA121014973,PRJEB98467,,,,,,GB,,,,,,2012,primary,1.0,8.435
SAMEA121014974,PRJEB98467,,,,,,GB,,,,,,2012,primary,1.0,7.788
SAMEA121014975,PRJEB98467,,,,,,GB,,,,,,2012,primary,1.0,8.158
SAMEA121014976,PRJEB98467,,,,,,GB,,,,,,2012,primary,1.0,7.641
SAMEA121014977,PRJEB98467,,,,,,GB,,,,,,2012,primary,1.0,7.504
SAMEA121014978,PRJEB98467,,,,,,GB,,,,,,2012,primary,1.0,8.986
SAMEA121014979,PRJEB98467,,,,,,GB,,,,,,2012,primary,1.0,8.065
SAMEA121014980,PRJEB98467,,,,,,GB,,,,,,2012,primary,1.0,7.925
SAMEA121014981,PRJEB98467,,,,,,GB,,,,,,2012,primary,1.0,7.586
SAMEA121014982,PRJEB98467,,,,,,GB,,,,,,2012,primary,1.0,8.289
SAMEA121014983,PRJEB98467,,,,,,GB,,,,,,2012,primary,1.0,8.417
SAMEA121014984,PRJEB98467,,,,,,GB,,,,,,2012,primary,1.0,8.916
SAMEA121014985,PRJEB98467,,,,,,GB,,,,,,2012,primary,1.0,8.677
SAMEA121014986,PRJEB98467,,,,,,GB,,,,,,2012,primary,1.0,7.514
SAMEA121014987,PRJEB98467,,,,,,GB,,,,,,2012,primary,1.0,8.72
SAMEA121014988,PRJEB98467,,,,,,GB,,,,,,2013,primary,1.0,11.126
SAMEA121014989,PRJEB98467,,,,,,GB,,,,,,2013,primary,1.0,7.616
SAMEA121014990,PRJEB98467,,,,,,GB,,,,,,2013,primary,1.0,8.415
SAMEA121014991,PRJEB98467,,,,,,GB,,,,,,2013,primary,1.0,7.512
SAMEA121014992,PRJEB98467,,,,,,GB,,,,,,2013,primary,1.0,9.332
SAMEA121014993,PRJEB98467,,,,,,GB,,,,,,2013,primary,1.0,7.53
SAMEA121014994,PRJEB98467,,,,,,GB,,,,,,2013,primary,1.0,9.29
SAMEA121014995,PRJEB98467,,,,,,GB,,,,,,2013,primary,1.0,8.872
SAMEA121014996,PRJEB98467,,,,,,GB,,,,,,2013,primary,1.0,12.725
SAMEA121014997,PRJEB98467,,,,,,GB,,,,,,2013,primary,1.0,8.203
SAMEA121014998,PRJEB98467,,,,,,GB,,,,,,2013,primary,1.0,7.572
SAMEA121014999,PRJEB98467,,,,,,GB,,,,,,2013,primary,1.0,8.984
SAMEA121015000,PRJEB98467,,,,,,GB,,,,,,2013,primary,1.0,8.159
SAMEA121015001,PRJEB98467,,,,,,GB,,,,,,2013,primary,1.0,10.243
SAMEA121015002,PRJEB98467,,,,,,GB,,,,,,2013,primary,1.0,9.006
SAMEA121015003,PRJEB98467,,,,,,GB,,,,,,2013,primary,1.0,9.928
SAMEA121015004,PRJEB98467,,,,,,GB,,,,,,2013,primary,1.0,8.084
SAMEA121015005,PRJEB98467,,,,,,GB,,,,,,2018,primary,1.0,10.131
SAMEA121015006,PRJEB98467,,,,,,GB,,,,,,2018,primary,1.0,7.95
SAMEA121015007,PRJEB98467,,,,,,GB,,,,,,2018,primary,1.0,7.906
SAMEA121015008,PRJEB98467,,,,,,GB,,,,,,2018,primary,1.0,8.42
SAMEA121015009,PRJEB98467,,,,,,GB,,,,,,2018,primary,1.0,7.877
SAMEA121015010,PRJEB98467,,,,,,GB,,,,,,2019,primary,1.0,7.645
SAMEA121015011,PRJEB98467,,,,,,GB,,,,,,2019,primary,1.0,7.589
SAMEA121015012,PRJEB98467,,,,,,GB,,,,,,2019,primary,1.0,7.985
SAMEA121015013,PRJEB98467,,,,,,GB,,,,,,2019,primary,1.0,7.785
SAMEA121015014,PRJEB98467,,,,,,GB,,,,,,2019,primary,1.0,7.623
SAMEA121015015,PRJEB98467,,,,,,GB,,,,,,2019,primary,1.0,7.775
SAMEA121015016,PRJEB98467,,,,,,GB,,,,,,2019,primary,1.0,7.15
SAMEA121015017,PRJEB98467,,,,,,GB,,,,,,2019,primary,1.0,8.106
SAMEA121015018,PRJEB98467,,,,,,GB,,,,,,2019,primary,1.0,8.094
SAMEA121015019,PRJEB98467,,,,,,GB,,,,,,2019,primary,1.0,11.044
SAMEA121015020,PRJEB98467,,,,,,GB,,,,,,2019,primary,1.0,8.429
SAMEA121015021,PRJEB98467,,,,,,GB,,,,,,2019,primary,1.0,7.695
SAMEA121015022,PRJEB98467,,,,,,GB,,,,,,2019,primary,1.0,7.761
SAMEA121015023,PRJEB98467,,,,,,GB,,,,,,2019,primary,1.0,7.589
SAMEA121015024,PRJEB98467,,,,,,GB,,,,,,2019,primary,1.0,7.824
SAMEA121015025,PRJEB98467,,,,,,GB,,,,,,2019,primary,1.0,7.207
SAMEA121015026,PRJEB98467,,,,,,GB,,,,,,2019,primary,1.0,8.161
SAMEA121015027,PRJEB98467,,,,,,GB,,,,,,2019,primary,1.0,8.718
SAMEA121015028,PRJEB98467,,,,,,GB,,,,,,2019,primary,1.0,7.359
SAMEA121015029,PRJEB98467,,,,,,GB,,,,,,2019,primary,1.0,7.545
SAMEA121015030,PRJEB98467,,,,,,GB,,,,,,2019,primary,1.0,7.544
SAMEA121015031,PRJEB98467,,,,,,GB,,,,,,2019,primary,1.0,7.787
SAMEA121015032,PRJEB98467,,,,,,GB,,,,,,2019,primary,1.0,7.776
SAMEA121015033,PRJEB98467,,,,,,GB,,,,,,2019,primary,1.0,13.325
SAMEA121015034,PRJEB98467,,,,,,GB,,,,,,2019,primary,1.0,8.89
SAMEA121015035,PRJEB98467,,,,,,GB,,,,,,2019,primary,1.0,7.522
SAMEA121015036,PRJEB98467,,,,,,GB,,,,,,2019,primary,1.0,7.806
SAMEA121015037,PRJEB98467,,,,,,GB,,,,,,2019,primary,1.0,7.947
SAMEA121015038,PRJEB98467,,,,,,GB,,,,,,2019,primary,1.0,7.505
SAMEA121015039,PRJEB98467,,,,,,GB,,,,,,2019,primary,1.0,11.318
SAMEA121015040,PRJEB98467,,,,,,GB,,,,,,2019,primary,1.0,7.765
SAMEA121015041,PRJEB98467,,,,,,GB,,,,,,2019,primary,1.0,8.123
SAMEA121015042,PRJEB98467,,,,,,GB,,,,,,2019,primary,1.0,7.82
SAMEA121015043,PRJEB98467,,,,,,GB,,,,,,2019,primary,1.0,8.275
SAMEA121015044,PRJEB98467,,,,,,GB,,,,,,2019,primary,1.0,7.463
SAMEA121015045,PRJEB98467,,,,,,GB,,,,,,2019,primary,1.0,8.309
SAMEA121015046,PRJEB98467,,,,,,GB,,,,,,2019,primary,1.0,10.43
SAMEA121015047,PRJEB98467,,,,,,GB,,,,,,2019,primary,1.0,7.303
SAMEA121015048,PRJEB98467,,,,,,GB,,,,,,2019,primary,1.0,9.553
SAMEA121015049,PRJEB98467,,,,,,GB,,,,,,2019,primary,1.0,11.517
SAMEA121015050,PRJEB98467,,,,,,GB,,,,,,2019,primary,1.0,8.284
SAMEA121015051,PRJEB98467,,,,,,GB,,,,,,2019,primary,1.0,7.875
SAMEA121015052,PRJEB98467,,,,,,GB,,,,,,2019,primary,1.0,7.543
SAMEA121015053,PRJEB98467,,,,,,GB,,,,,,2019,primary,1.0,7.698
SAMEA121015054,PRJEB98467,,,,,,GB,,,,,,2019,primary,1.0,7.89
SAMEA121015055,PRJEB98467,,,,,,GB,,,,,,2019,primary,1.0,7.687
SAMEA121015056,PRJEB98467,,,,,,GB,,,,,,2019,primary,1.0,9.25
SAMEA121015057,PRJEB98467,,,,,,GB,,,,,,2019,primary,1.0,7.515
SAMEA121015058,PRJEB98467,,,,,,GB,,,,,,2019,primary,1.0,7.581
SAMEA121015059,PRJEB98467,,,,,,GB,,,,,,2019,primary,1.0,11.343
SAMEA121015060,PRJEB98467,,,,,,GB,,,,,,2019,primary,1.0,8.459
SAMEA121015061,PRJEB98467,,,,,,GB,,,,,,2019,primary,1.0,12.449
SAMEA121015062,PRJEB98467,,,,,,GB,,,,,,2019,primary,1.0,7.261
SAMEA121015063,PRJEB98467,,,,,,GB,,,,,,2019,primary,1.0,7.902
SAMEA121015064,PRJEB98467,,,,,,GB,,,,,,2019,primary,1.0,7.685
SAMEA121015065,PRJEB98467,,,,,,GB,,,,,,2019,primary,1.0,8.025
SAMEA121015066,PRJEB98467,,,,,,GB,,,,,,2019,primary,1.0,7.622
SAMEA121015067,PRJEB98467,,,,,,GB,,,,,,2019,primary,1.0,7.426
SAMEA121015068,PRJEB98467,,,,,,GB,,,,,,2019,primary,1.0,8.194
SAMEA121015069,PRJEB98467,,,,,,GB,,,,,,2019,primary,1.0,7.989
SAMEA121015070,PRJEB98467,,,,,,GB,,,,,,2019,primary,1.0,9.307
SAMEA121015071,PRJEB98467,,,,,,GB,,,,,,2019,primary,1.0,8.454
SAMEA121015072,PRJEB98467,,,,,,GB,,,,,,2019,primary,1.0,8.205
SAMEA121015073,PRJEB98467,,,,,,GB,,,,,,2019,primary,1.0,7.623
SAMEA121015074,PRJEB98467,,,,,,GB,,,,,,2019,primary,1.0,14.194
SAMEA121015075,PRJEB98467,,,,,,GB,,,,,,2019,primary,1.0,7.783
SAMEA121015076,PRJEB98467,,,,,,GB,,,,,,2019,primary,1.0,19.05
SAMEA121015077,PRJEB98467,,,,,,GB,,,,,,2019,primary,1.0,10.256
SAMEA121015078,PRJEB98467,,,,,,GB,,,,,,2019,primary,1.0,8.995
SAMEA121015079,PRJEB98467,,,,,,GB,,,,,,2019,primary,1.0,7.711
SAMEA121015080,PRJEB98467,,,,,,GB,,,,,,2019,primary,1.0,7.468
SAMEA121015081,PRJEB98467,,,,,,GB,,,,,,2019,primary,1.0,8.736
SAMEA121015082,PRJEB98467,,,,,,GB,,,,,,2019,primary,1.0,8.811
SAMEA121015083,PRJEB98467,,,,,,GB,,,,,,2019,primary,1.0,7.888
SAMEA121015084,PRJEB98467,,,,,,GB,,,,,,2019,primary,1.0,9.621
SAMEA121015085,PRJEB98467,,,,,,GB,,,,,,2013,primary,1.0,8.127
SAMEA121015086,PRJEB98467,,,,,,GB,,,,,,2013,primary,1.0,8.216
SAMEA121015087,PRJEB98467,,,,,,GB,,,,,,2019,primary,1.0,8.208
SAMEA121015088,PRJEB98467,,,,,,GB,,,,,,2013,primary,1.0,7.527
SAMEA121015089,PRJEB98467,,,,,,GB,,,,,,2013,primary,1.0,7.575
SAMEA121015090,PRJEB98467,,,,,,GB,,,,,,2013,primary,1.0,8.278
SAMEA121015091,PRJEB98467,,,,,,GB,,,,,,2013,primary,1.0,8.888
SAMEA121015092,PRJEB98467,,,,,,GB,,,,,,2013,primary,1.0,7.571
SAMEA121015093,PRJEB98467,,,,,,GB,,,,,,2013,primary,1.0,7.559
SAMEA121015094,PRJEB98467,,,,,,GB,,,,,,2013,primary,1.0,17.796
SAMEA121015095,PRJEB98467,,,,,,GB,,,,,,2013,primary,1.0,7.626
SAMEA121015096,PRJEB98467,,,,,,GB,,,,,,2013,primary,1.0,11.322
SAMEA121015097,PRJEB98467,,,,,,GB,,,,,,2013,primary,1.0,9.733
SAMEA121015098,PRJEB98467,,,,,,GB,,,,,,2013,primary,1.0,7.994
SAMEA121015099,PRJEB98467,,,,,,GB,,,,,,2013,primary,1.0,7.68
SAMEA121015100,PRJEB98467,,,,,,GB,,,,,,2013,primary,1.0,7.699
SAMEA121015101,PRJEB98467,,,,,,GB,,,,,,2013,primary,1.0,8.556
SAMEA121015102,PRJEB98467,,,,,,GB,,,,,,2013,primary,1.0,11.177
SAMEA121015103,PRJEB98467,,,,,,GB,,,,,,2013,primary,1.0,11.135
SAMEA121015104,PRJEB98467,,,,,,GB,,,,,,2013,primary,1.0,7.548
SAMEA121015105,PRJEB98467,,,,,,GB,,,,,,2013,primary,1.0,7.659
SAMEA121015106,PRJEB98467,,,,,,GB,,,,,,2013,primary,1.0,7.042
SAMEA121015107,PRJEB98467,,,,,,GB,,,,,,2013,primary,1.0,7.324
SAMEA121015108,PRJEB98467,,,,,,GB,,,,,,2013,primary,1.0,7.853
SAMEA121015109,PRJEB98467,,,,,,GB,,,,,,2013,primary,1.0,7.665
SAMEA121015110,PRJEB98467,,,,,,GB,,,,,,2013,primary,1.0,8.687
SAMEA121015111,PRJEB98467,,,,,,GB,,,,,,2013,primary,1.0,7.788
SAMEA121015112,PRJEB98467,,,,,,GB,,,,,,2013,primary,1.0,9.187
SAMEA121015113,PRJEB98467,,,,,,GB,,,,,,2013,primary,1.0,7.521
SAMEA121015114,PRJEB98467,,,,,,GB,,,,,,2013,primary,1.0,7.918
SAMEA121015115,PRJEB98467,,,,,,GB,,,,,,2013,primary,1.0,8.445
SAMEA121015116,PRJEB98467,,,,,,GB,,,,,,2013,primary,1.0,7.598
SAMEA121015117,PRJEB98467,,,,,,GB,,,,,,2013,primary,1.0,8.211
SAMEA121015118,PRJEB98467,,,,,,GB,,,,,,2013,primary,1.0,8.011
SAMEA121015119,PRJEB98467,,,,,,GB,,,,,,2013,primary,1.0,8.416
SAMEA121015120,PRJEB98467,,,,,,GB,,,,,,2013,primary,1.0,7.562
SAMEA121015121,PRJEB98467,,,,,,GB,,,,,,2013,primary,1.0,7.547
SAMEA121015122,PRJEB98467,,,,,,GB,,,,,,2013,primary,1.0,8.142
SAMEA121015123,PRJEB98467,,,,,,GB,,,,,,2013,primary,1.0,7.943
SAMEA121015124,PRJEB98467,,,,,,GB,,,,,,2013,primary,1.0,7.492
SAMEA121015125,PRJEB98467,,,,,,GB,,,,,,2013,primary,1.0,8.579
SAMEA121015126,PRJEB98467,,,,,,GB,,,,,,2013,primary,1.0,7.656
SAMEA121015127,PRJEB98467,,,,,,GB,,,,,,2013,primary,1.0,8.877
SAMEA121015128,PRJEB98467,,,,,,GB,,,,,,2013,primary,1.0,8.25
SAMEA121015129,PRJEB98467,,,,,,GB,,,,,,2013,primary,1.0,8.294
SAMEA121015130,PRJEB98467,,,,,,GB,,,,,,2013,primary,1.0,7.567
SAMEA121015131,PRJEB98467,,,,,,GB,,,,,,2013,primary,1.0,8.387
SAMEA121015132,PRJEB98467,,,,,,GB,,,,,,2013,primary,1.0,7.689
SAMEA121015133,PRJEB98467,,,,,,GB,,,,,,2013,primary,1.0,11.431
SAMEA121015134,PRJEB98467,,,,,,GB,,,,,,2013,primary,1.0,7.983
SAMEA121015135,PRJEB98467,,,,,,GB,,,,,,2013,primary,1.0,8.002
SAMEA121015136,PRJEB98467,,,,,,GB,,,,,,2013,primary,1.0,7.664
SAMEA121015137,PRJEB98467,,,,,,GB,,,,,,2013,primary,1.0,9.629
SAMEA121015138,PRJEB98467,,,,,,GB,,,,,,2013,primary,1.0,7.497
SAMEA121015139,PRJEB98467,,,,,,GB,,,,,,2013,primary,1.0,7.855
SAMEA121015140,PRJEB98467,,,,,,GB,,,,,,2013,primary,1.0,8.399
SAMEA121015141,PRJEB98467,,,,,,GB,,,,,,2013,primary,1.0,7.512
SAMEA121015142,PRJEB98467,,,,,,GB,,,,,,2013,primary,1.0,10.449
SAMEA121015143,PRJEB98467,,,,,,GB,,,,,,2013,primary,1.0,8.44
SAMEA121015144,PRJEB98467,,,,,,GB,,,,,,2013,primary,1.0,7.797
SAMEA121015145,PRJEB98467,,,,,,GB,,,,,,2013,primary,1.0,7.716
SAMEA121015146,PRJEB98467,,,,,,GB,,,,,,2013,primary,1.0,7.905
SAMEA121015147,PRJEB98467,,,,,,GB,,,,,,2014,primary,1.0,8.223
SAMEA121015148,PRJEB98467,,,,,,GB,,,,,,2014,primary,1.0,8.149
SAMEA121015149,PRJEB98467,,,,,,GB,,,,,,2014,primary,1.0,7.51
SAMEA121015150,PRJEB98467,,,,,,GB,,,,,,2015,primary,1.0,8.114
SAMEA121015151,PRJEB98467,,,,,,GB,,,,,,2015,primary,1.0,10.111
SAMEA121015152,PRJEB98467,,,,,,GB,,,,,,2015,primary,1.0,7.552
SAMEA121015153,PRJEB98467,,,,,,GB,,,,,,2015,primary,1.0,7.601
SAMEA121015154,PRJEB98467,,,,,,GB,,,,,,2015,primary,1.0,7.807
SAMEA121015155,PRJEB98467,,,,,,GB,,,,,,2015,primary,1.0,7.929
SAMEA121015156,PRJEB98467,,,,,,GB,,,,,,2015,primary,1.0,9.492
SAMEA121015157,PRJEB98467,,,,,,GB,,,,,,2015,primary,1.0,8.07
SAMEA121015158,PRJEB98467,,,,,,GB,,,,,,2015,primary,1.0,5.18
SAMEA121015159,PRJEB98467,,,,,,GB,,,,,,2013,primary,1.0,13.504
SAMEA121015160,PRJEB98467,,,,,,GB,,,,,,2013,primary,1.0,7.52
SAMEA121015161,PRJEB98467,,,,,,GB,,,,,,2013,primary,1.0,19.898
SAMEA121015162,PRJEB98467,,,,,,GB,,,,,,2013,primary,1.0,11.536
SAMEA121015163,PRJEB98467,,,,,,GB,,,,,,2013,primary,1.0,15.198
SAMEA121015164,PRJEB98467,,,,,,GB,,,,,,2013,primary,1.0,9.464
SAMEA121015165,PRJEB98467,,,,,,GB,,,,,,2013,primary,1.0,8.149
SAMEA121015166,PRJEB98467,,,,,,GB,,,,,,2013,primary,1.0,8.581
SAMEA121015167,PRJEB98467,,,,,,GB,,,,,,2014,primary,1.0,10.739
SAMEA121015168,PRJEB98467,,,,,,GB,,,,,,2014,primary,1.0,9.632
SAMEA121015169,PRJEB98467,,,,,,GB,,,,,,2014,primary,1.0,11.954
SAMEA121015170,PRJEB98467,,,,,,GB,,,,,,2015,primary,1.0,13.092
SAMEA121015171,PRJEB98467,,,,,,GB,,,,,,2015,primary,1.0,7.928
SAMEA121015172,PRJEB98467,,,,,,GB,,,,,,2015,primary,1.0,7.917
SAMEA121015173,PRJEB98467,,,,,,GB,,,,,,2015,primary,1.0,7.633
SAMEA121015174,PRJEB98467,,,,,,GB,,,,,,2015,primary,1.0,7.269
SAMEA121015175,PRJEB98467,,,,,,GB,,,,,,2015,primary,1.0,8.648
SAMEA121015176,PRJEB98467,,,,,,GB,,,,,,2015,primary,1.0,23.38
SAMEA121015177,PRJEB98467,,,,,,GB,,,,,,2015,primary,1.0,8.873
SAMEA121015178,PRJEB98467,,,,,,GB,,,,,,2015,primary,1.0,7.577
SAMEA121015179,PRJEB98467,,,,,,GB,,,,,,2015,primary,1.0,8.997
SAMEA121015180,PRJEB98467,,,,,,GB,,,,,,2015,primary,1.0,7.499
SAMEA121015181,PRJEB98467,,,,,,GB,,,,,,2015,primary,1.0,8.81
SAMEA121015182,PRJEB98467,,,,,,GB,,,,,,2015,primary,1.0,7.448
SAMEA121015183,PRJEB98467,,,,,,GB,,,,,,2015,primary,1.0,8.584
SAMEA121015184,PRJEB98467,,,,,,GB,,,,,,2015,primary,1.0,8.514
SAMEA121015185,PRJEB98467,,,,,,GB,,,,,,2015,primary,1.0,9.937
SAMEA121015186,PRJEB98467,,,,,,GB,,,,,,2015,primary,1.0,10.17
