sample_key,study_accession,subject_id,timepoint_label,age_category,age_at_collection_days,sex,country,health_condition,health_condition_detail,intervention,intervention_detail,antibiotic_exposure,collection_date,body_site_class,n_runs,seq_gbp
SAMEA7041133,PRJEB39223,,,adult,13149.0,female,US,healthy_control,Healthy,,,no,2019,primary,1.0,8.329
SAMEA7041134,PRJEB39223,,,adult,8766.0,male,GB,healthy_control,Healthy,,,no,2018,primary,1.0,8.378
SAMEA7041135,PRJEB39223,,,adult,23010.75,female,US,healthy_control,Healthy,,,no,2019,primary,1.0,8.137
SAMEA7041136,PRJEB39223,,,adult,19358.25,male,GB,healthy_control,Healthy,,,no,2018,primary,1.0,9.899
SAMEA7041137,PRJEB39223,,,adult,13879.5,male,GB,healthy_control,Healthy,,,no,2018,primary,1.0,9.573
SAMEA7041138,PRJEB39223,,,adult,10592.25,female,GB,healthy_control,Healthy,,,no,2018,primary,1.0,6.863
SAMEA7041139,PRJEB39223,,,adult,21549.75,female,GB,healthy_control,Healthy,,,no,2018,primary,1.0,8.048
SAMEA7041140,PRJEB39223,,,adult,16801.5,male,GB,healthy_control,Healthy,,,no,2018,primary,1.0,9.384
SAMEA7041141,PRJEB39223,,,adult,23010.75,female,GB,healthy_control,Healthy,,,no,2018,primary,1.0,7.289
SAMEA7041142,PRJEB39223,,,adult,17166.75,male,GB,healthy_control,Healthy,,,no,2018,primary,1.0,9.576
SAMEA7041143,PRJEB39223,,,adult,13149.0,female,GB,healthy_control,Healthy,,,no,2018,primary,1.0,8.259
SAMEA7041144,PRJEB39223,,,adult,10592.25,male,GB,healthy_control,Healthy,,,no,2018,primary,1.0,7.74
SAMEA7041145,PRJEB39223,,,adult,9131.25,female,GB,healthy_control,Healthy,,,no,2018,primary,1.0,14.288
SAMEA7041146,PRJEB39223,,,adult,15340.5,female,GB,healthy_control,Healthy,,,no,2018,primary,1.0,7.802
SAMEA7041147,PRJEB39223,,,adult,10592.25,female,GB,healthy_control,Healthy,,,no,2018,primary,1.0,7.756
SAMEA7041148,PRJEB39223,,,adult,11688.0,female,GB,healthy_control,Healthy,,,no,2018,primary,1.0,7.792
SAMEA7041149,PRJEB39223,,,adult,21915.0,female,GB,healthy_control,Healthy,,,no,2018,primary,1.0,7.664
SAMEA7041150,PRJEB39223,,,adult,19358.25,male,GB,healthy_control,Healthy,,,no,2018,primary,1.0,7.726
SAMEA7041151,PRJEB39223,,,adult,12053.25,male,GB,healthy_control,Healthy,,,no,2018,primary,1.0,7.522
SAMEA7041152,PRJEB39223,,,adult,16436.25,female,GB,healthy_control,Healthy,,,no,2018,primary,1.0,9.881
SAMEA7041153,PRJEB39223,,,adult,17166.75,female,US,healthy_control,Healthy,,,no,2019,primary,1.0,10.323
SAMEA7041154,PRJEB39223,,,adult,13879.5,female,GB,healthy_control,Healthy,,,no,2018,primary,1.0,7.084
SAMEA7041155,PRJEB39223,,,adult,21184.5,female,US,healthy_control,Healthy,,,no,2019,primary,1.0,11.993
SAMEA7041156,PRJEB39223,,,adult,17532.0,female,GB,healthy_control,Healthy,,,no,2018,primary,1.0,7.273
SAMEA7041157,PRJEB39223,,,adult,16801.5,male,GB,healthy_control,Healthy,,,no,2018,primary,1.0,8.005
SAMEA7041158,PRJEB39223,,,adult,14975.25,female,GB,healthy_control,Healthy,,,no,2018,primary,1.0,9.327
SAMEA7041159,PRJEB39223,,,adult,8766.0,female,GB,healthy_control,Healthy,,,no,2018,primary,1.0,8.094
SAMEA7041160,PRJEB39223,,,adult,17532.0,female,GB,healthy_control,Healthy,,,no,2018,primary,1.0,7.612
SAMEA7041161,PRJEB39223,,,adult,14610.0,female,GB,healthy_control,Healthy,,,no,2018,primary,1.0,7.94
SAMEA7041162,PRJEB39223,,,adult,17897.25,male,GB,healthy_control,Healthy,,,no,2018,primary,1.0,10.221
SAMEA7041163,PRJEB39223,,,adult,19723.5,female,GB,healthy_control,Healthy,,,no,2018,primary,1.0,11.098
SAMEA7041164,PRJEB39223,,,adult,21549.75,male,GB,healthy_control,Healthy,,,no,2018,primary,1.0,15.805
SAMEA7041165,PRJEB39223,,,adult,13879.5,female,GB,healthy_control,Healthy,,,no,2018,primary,1.0,11.49
SAMEA7041166,PRJEB39223,,,adult,20088.75,female,GB,healthy_control,Healthy,,,no,2018,primary,1.0,12.06
SAMEA7041167,PRJEB39223,,,adult,22280.25,female,GB,healthy_control,Healthy,,,no,2018,primary,1.0,8.152
SAMEA7041168,PRJEB39223,,,adult,19723.5,female,GB,healthy_control,Healthy,,,no,2018,primary,1.0,9.085
SAMEA7041169,PRJEB39223,,,adult,17532.0,female,GB,healthy_control,Healthy,,,no,2018,primary,1.0,7.313
SAMEA7041170,PRJEB39223,,,adult,11688.0,male,US,healthy_control,Healthy,,,no,2019,primary,1.0,10.402
SAMEA7041171,PRJEB39223,,,adult,17166.75,female,GB,healthy_control,Healthy,,,no,2018,primary,1.0,8.846
SAMEA7041172,PRJEB39223,,,adult,18262.5,female,GB,healthy_control,Healthy,,,no,2018,primary,1.0,7.217
SAMEA7041173,PRJEB39223,,,adult,6939.75,female,GB,healthy_control,Healthy,,,no,2018,primary,1.0,7.468
SAMEA7041174,PRJEB39223,,,adult,14610.0,female,GB,healthy_control,Healthy,,,no,2018,primary,1.0,8.337
SAMEA7041175,PRJEB39223,,,adult,15340.5,female,GB,healthy_control,Healthy,,,no,2018,primary,1.0,7.03
SAMEA7041176,PRJEB39223,,,adult,13149.0,female,GB,healthy_control,Healthy,,,no,2018,primary,1.0,7.474
SAMEA7041177,PRJEB39223,,,adult,16436.25,female,GB,healthy_control,Healthy,,,no,2018,primary,1.0,7.79
SAMEA7041178,PRJEB39223,,,adult,8400.75,female,US,healthy_control,Healthy,,,no,2019,primary,1.0,7.621
SAMEA7041179,PRJEB39223,,,adult,8400.75,female,US,healthy_control,Healthy,,,no,2019,primary,1.0,9.033
SAMEA7041180,PRJEB39223,,,adult,16071.0,female,GB,healthy_control,Healthy,,,no,2018,primary,1.0,9.301
SAMEA7041181,PRJEB39223,,,adult,9861.75,male,GB,healthy_control,Healthy,,,no,2018,primary,1.0,7.81
SAMEA7041182,PRJEB39223,,,adult,19358.25,female,GB,healthy_control,Healthy,,,no,2018,primary,1.0,8.263
SAMEA7041183,PRJEB39223,,,adult,16801.5,female,GB,healthy_control,Healthy,,,no,2018,primary,1.0,9.96
SAMEA7041184,PRJEB39223,,,adult,16801.5,female,GB,healthy_control,Healthy,,,no,2018,primary,1.0,7.708
SAMEA7041185,PRJEB39223,,,adult,14975.25,female,GB,healthy_control,Healthy,,,no,2018,primary,1.0,7.708
SAMEA7041186,PRJEB39223,,,adult,14244.75,female,GB,healthy_control,Healthy,,,no,2018,primary,1.0,8.429
SAMEA7041187,PRJEB39223,,,adult,21184.5,female,GB,healthy_control,Healthy,,,no,2018,primary,1.0,7.496
SAMEA7041188,PRJEB39223,,,adult,7670.25,male,GB,healthy_control,Healthy,,,no,2018,primary,1.0,10.35
SAMEA7041189,PRJEB39223,,,adult,15340.5,female,GB,healthy_control,Healthy,,,no,2018,primary,1.0,8.86
SAMEA7041190,PRJEB39223,,,adult,17166.75,female,GB,healthy_control,Healthy,,,no,2018,primary,1.0,8.048
SAMEA7041191,PRJEB39223,,,adult,21184.5,female,US,healthy_control,Healthy,,,no,2019,primary,1.0,9.379
SAMEA7041192,PRJEB39223,,,adult,12418.5,female,GB,healthy_control,Healthy,,,no,2018,primary,1.0,7.568
SAMEA7041193,PRJEB39223,,,adult,16801.5,female,GB,healthy_control,Healthy,,,no,2018,primary,1.0,7.884
SAMEA7041194,PRJEB39223,,,adult,23010.75,male,GB,healthy_control,Healthy,,,no,2018,primary,1.0,7.536
SAMEA7041195,PRJEB39223,,,adult,19723.5,female,GB,healthy_control,Healthy,,,no,2018,primary,1.0,8.795
SAMEA7041196,PRJEB39223,,,adult,20454.0,female,US,healthy_control,Healthy,,,no,2019,primary,1.0,7.803
SAMEA7041197,PRJEB39223,,,adult,16801.5,male,GB,healthy_control,Healthy,,,no,2018,primary,1.0,7.479
SAMEA7041198,PRJEB39223,,,adult,20088.75,female,GB,healthy_control,Healthy,,,no,2018,primary,1.0,8.534
SAMEA7041199,PRJEB39223,,,adult,19723.5,female,GB,healthy_control,Healthy,,,no,2018,primary,1.0,7.852
SAMEA7041200,PRJEB39223,,,adult,8400.75,female,GB,healthy_control,Healthy,,,no,2018,primary,1.0,7.322
SAMEA7041201,PRJEB39223,,,adult,19723.5,female,GB,healthy_control,Healthy,,,no,2018,primary,1.0,8.088
SAMEA7041202,PRJEB39223,,,adult,10227.0,female,GB,healthy_control,Healthy,,,no,2018,primary,1.0,8.422
SAMEA7041203,PRJEB39223,,,adult,13879.5,male,GB,healthy_control,Healthy,,,no,2018,primary,1.0,8.916
SAMEA7041204,PRJEB39223,,,adult,17166.75,female,GB,healthy_control,Healthy,,,no,2018,primary,1.0,8.0
SAMEA7041205,PRJEB39223,,,adult,16071.0,female,GB,healthy_control,Healthy,,,no,2018,primary,1.0,8.64
SAMEA7041206,PRJEB39223,,,adult,17532.0,female,GB,healthy_control,Healthy,,,no,2018,primary,1.0,13.627
SAMEA7041207,PRJEB39223,,,adult,16436.25,female,GB,healthy_control,Healthy,,,no,2018,primary,1.0,7.944
SAMEA7041208,PRJEB39223,,,adult,18262.5,female,GB,healthy_control,Healthy,,,no,2018,primary,1.0,7.768
SAMEA7041209,PRJEB39223,,,,23741.25,male,GB,healthy_control,Healthy,,,no,2018,primary,1.0,7.511
SAMEA7041210,PRJEB39223,,,adult,14610.0,female,GB,healthy_control,Healthy,,,no,2018,primary,1.0,6.918
SAMEA7041211,PRJEB39223,,,adult,17532.0,female,GB,healthy_control,Healthy,,,no,2018,primary,1.0,7.197
SAMEA7041212,PRJEB39223,,,adult,18262.5,male,GB,healthy_control,Healthy,,,no,2018,primary,1.0,7.914
SAMEA7041213,PRJEB39223,,,adult,17532.0,female,US,healthy_control,Healthy,,,no,2019,primary,1.0,8.282
SAMEA7041214,PRJEB39223,,,adult,10227.0,male,GB,healthy_control,Healthy,,,no,2018,primary,1.0,7.121
SAMEA7041215,PRJEB39223,,,adult,18262.5,female,GB,healthy_control,Healthy,,,no,2018,primary,1.0,8.318
SAMEA7041216,PRJEB39223,,,adult,21549.75,male,US,healthy_control,Healthy,,,no,2019,primary,1.0,7.385
SAMEA7041217,PRJEB39223,,,adult,8766.0,female,GB,healthy_control,Healthy,,,no,2018,primary,1.0,8.645
SAMEA7041218,PRJEB39223,,,adult,14610.0,female,US,healthy_control,Healthy,,,no,2019,primary,1.0,7.792
SAMEA7041219,PRJEB39223,,,adult,12783.75,female,GB,healthy_control,Healthy,,,no,2018,primary,1.0,7.615
SAMEA7041220,PRJEB39223,,,adult,15705.75,female,GB,healthy_control,Healthy,,,no,2018,primary,1.0,6.414
SAMEA7041221,PRJEB39223,,,adult,18627.75,female,GB,healthy_control,Healthy,,,no,2018,primary,1.0,7.586
SAMEA7041222,PRJEB39223,,,adult,11322.75,female,GB,healthy_control,Healthy,,,no,2018,primary,1.0,10.118
SAMEA7041223,PRJEB39223,,,adult,11322.75,male,GB,healthy_control,Healthy,,,no,2018,primary,1.0,6.884
SAMEA7041224,PRJEB39223,,,adult,20454.0,female,GB,healthy_control,Healthy,,,no,2018,primary,1.0,7.998
SAMEA7041225,PRJEB39223,,,adult,18627.75,male,GB,healthy_control,Healthy,,,no,2018,primary,1.0,8.083
SAMEA7041226,PRJEB39223,,,adult,11322.75,male,GB,healthy_control,Healthy,,,no,2018,primary,1.0,8.676
SAMEA7041227,PRJEB39223,,,adult,16801.5,male,GB,healthy_control,Healthy,,,no,2018,primary,1.0,8.524
SAMEA7041228,PRJEB39223,,,adult,15340.5,female,GB,healthy_control,Healthy,,,no,2018,primary,1.0,8.427
SAMEA7041229,PRJEB39223,,,adult,19358.25,male,GB,healthy_control,Healthy,,,no,2018,primary,1.0,7.186
SAMEA7041230,PRJEB39223,,,adult,9861.75,male,GB,healthy_control,Healthy,,,no,2018,primary,1.0,7.336
SAMEA7041231,PRJEB39223,,,adult,14610.0,female,GB,healthy_control,Healthy,,,no,2018,primary,1.0,9.613
SAMEA7041232,PRJEB39223,,,adult,6939.75,female,GB,healthy_control,Healthy,,,no,2018,primary,1.0,8.042
SAMEA7041233,PRJEB39223,,,adult,14975.25,female,GB,healthy_control,Healthy,,,no,2018,primary,1.0,7.392
SAMEA7041234,PRJEB39223,,,adult,17532.0,male,GB,healthy_control,Healthy,,,no,2018,primary,1.0,8.971
SAMEA7041235,PRJEB39223,,,adult,16801.5,female,GB,healthy_control,Healthy,,,no,2018,primary,1.0,7.477
SAMEA7041236,PRJEB39223,,,adult,16071.0,female,GB,healthy_control,Healthy,,,no,2018,primary,1.0,7.693
SAMEA7041237,PRJEB39223,,,adult,14610.0,female,GB,healthy_control,Healthy,,,no,2018,primary,1.0,6.259
SAMEA7041238,PRJEB39223,,,adult,20454.0,female,GB,healthy_control,Healthy,,,no,2018,primary,1.0,7.148
SAMEA7041239,PRJEB39223,,,adult,21549.75,female,GB,healthy_control,Healthy,,,no,2018,primary,1.0,7.956
SAMEA7041240,PRJEB39223,,,adult,18993.0,male,GB,healthy_control,Healthy,,,no,2018,primary,1.0,9.771
SAMEA7041241,PRJEB39223,,,adult,15705.75,female,GB,healthy_control,Healthy,,,no,2018,primary,1.0,8.439
SAMEA7041242,PRJEB39223,,,adult,17897.25,male,US,healthy_control,Healthy,,,no,2019,primary,1.0,8.518
SAMEA7041243,PRJEB39223,,,adult,16071.0,male,GB,healthy_control,Healthy,,,no,2018,primary,1.0,7.9
SAMEA7041244,PRJEB39223,,,adult,21184.5,female,US,healthy_control,Healthy,,,no,2019,primary,1.0,7.872
SAMEA7041245,PRJEB39223,,,adult,14975.25,female,GB,healthy_control,Healthy,,,no,2018,primary,1.0,7.624
SAMEA7041246,PRJEB39223,,,adult,23010.75,female,GB,healthy_control,Healthy,,,no,2018,primary,1.0,7.231
SAMEA7041247,PRJEB39223,,,adult,15705.75,female,GB,healthy_control,Healthy,,,no,2018,primary,1.0,7.623
SAMEA7041248,PRJEB39223,,,adult,15705.75,female,GB,healthy_control,Healthy,,,no,2018,primary,1.0,6.732
SAMEA7041249,PRJEB39223,,,adult,22280.25,female,US,healthy_control,Healthy,,,no,2019,primary,1.0,7.739
SAMEA7041250,PRJEB39223,,,adult,9496.5,female,GB,healthy_control,Healthy,,,no,2018,primary,1.0,7.752
SAMEA7041251,PRJEB39223,,,adult,9861.75,male,GB,healthy_control,Healthy,,,no,2018,primary,1.0,7.489
SAMEA7041252,PRJEB39223,,,adult,12053.25,male,GB,healthy_control,Healthy,,,no,2018,primary,1.0,12.805
SAMEA7041253,PRJEB39223,,,adult,8766.0,male,GB,healthy_control,Healthy,,,no,2018,primary,1.0,9.497
SAMEA7041254,PRJEB39223,,,adult,15340.5,female,GB,healthy_control,Healthy,,,no,2018,primary,1.0,11.191
SAMEA7041255,PRJEB39223,,,adult,15340.5,female,GB,healthy_control,Healthy,,,no,2018,primary,1.0,7.025
SAMEA7041256,PRJEB39223,,,adult,17897.25,female,GB,healthy_control,Healthy,,,no,2018,primary,1.0,9.876
SAMEA7041257,PRJEB39223,,,adult,13879.5,female,GB,healthy_control,Healthy,,,no,2018,primary,1.0,7.481
SAMEA7041258,PRJEB39223,,,adult,21549.75,female,GB,healthy_control,Healthy,,,no,2018,primary,1.0,9.474
SAMEA7041259,PRJEB39223,,,adult,13149.0,male,GB,healthy_control,Healthy,,,no,2018,primary,1.0,7.641
SAMEA7041260,PRJEB39223,,,adult,19723.5,female,GB,healthy_control,Healthy,,,no,2018,primary,1.0,8.604
SAMEA7041261,PRJEB39223,,,adult,15705.75,male,GB,healthy_control,Healthy,,,no,2018,primary,1.0,7.759
SAMEA7041262,PRJEB39223,,,adult,10227.0,male,GB,healthy_control,Healthy,,,no,2018,primary,1.0,7.244
SAMEA7041263,PRJEB39223,,,adult,8400.75,female,GB,healthy_control,Healthy,,,no,2018,primary,1.0,7.506
SAMEA7041264,PRJEB39223,,,adult,16071.0,female,GB,healthy_control,Healthy,,,no,2018,primary,1.0,8.765
SAMEA7041265,PRJEB39223,,,adult,9131.25,female,GB,healthy_control,Healthy,,,no,2018,primary,1.0,10.987
SAMEA7041266,PRJEB39223,,,adult,21549.75,male,GB,healthy_control,Healthy,,,no,2018,primary,1.0,10.159
SAMEA7041267,PRJEB39223,,,adult,19723.5,female,US,healthy_control,Healthy,,,no,2019,primary,1.0,7.342
SAMEA7041268,PRJEB39223,,,adult,19358.25,female,GB,healthy_control,Healthy,,,no,2018,primary,1.0,7.456
SAMEA7041269,PRJEB39223,,,adult,18627.75,female,GB,healthy_control,Healthy,,,no,2018,primary,1.0,7.28
SAMEA7041270,PRJEB39223,,,adult,21549.75,male,GB,healthy_control,Healthy,,,no,2018,primary,1.0,10.293
SAMEA7041271,PRJEB39223,,,adult,12053.25,male,GB,healthy_control,Healthy,,,no,2018,primary,1.0,8.179
SAMEA7041272,PRJEB39223,,,adult,19358.25,female,GB,healthy_control,Healthy,,,no,2018,primary,1.0,13.795
SAMEA7041273,PRJEB39223,,,adult,16071.0,female,US,healthy_control,Healthy,,,no,2019,primary,1.0,7.875
SAMEA7041274,PRJEB39223,,,adult,12053.25,female,GB,healthy_control,Healthy,,,no,2018,primary,1.0,9.619
SAMEA7041275,PRJEB39223,,,adult,22645.5,female,GB,healthy_control,Healthy,,,no,2018,primary,1.0,7.334
SAMEA7041276,PRJEB39223,,,adult,12783.75,female,GB,healthy_control,Healthy,,,no,2018,primary,1.0,7.103
SAMEA7041277,PRJEB39223,,,adult,18627.75,female,GB,healthy_control,Healthy,,,no,2018,primary,1.0,10.749
SAMEA7041278,PRJEB39223,,,adult,16071.0,female,GB,healthy_control,Healthy,,,no,2018,primary,1.0,8.036
SAMEA7041279,PRJEB39223,,,adult,17532.0,female,GB,healthy_control,Healthy,,,no,2018,primary,1.0,8.868
SAMEA7041280,PRJEB39223,,,adult,19358.25,male,GB,healthy_control,Healthy,,,no,2018,primary,1.0,7.723
SAMEA7045002,PRJEB39223,,,adult,17897.25,female,GB,healthy_control,Healthy,,,no,2018,primary,1.0,7.414
SAMEA7045003,PRJEB39223,,,adult,18262.5,male,GB,healthy_control,Healthy,,,no,2018,primary,1.0,7.403
SAMEA7045004,PRJEB39223,,,adult,23010.75,female,GB,healthy_control,Healthy,,,no,2018,primary,1.0,8.694
SAMEA7045005,PRJEB39223,,,adult,14975.25,male,GB,healthy_control,Healthy,,,no,2018,primary,1.0,7.301
SAMEA7045006,PRJEB39223,,,adult,23376.0,female,GB,healthy_control,Healthy,,,no,2018,primary,1.0,6.896
SAMEA7045007,PRJEB39223,,,adult,23010.75,female,GB,healthy_control,Healthy,,,no,2018,primary,1.0,6.914
SAMEA7045008,PRJEB39223,,,adult,15705.75,female,GB,healthy_control,Healthy,,,no,2018,primary,1.0,7.379
SAMEA7045009,PRJEB39223,,,adult,8766.0,female,GB,healthy_control,Healthy,,,no,2018,primary,1.0,9.753
SAMEA7045010,PRJEB39223,,,adult,17166.75,female,GB,healthy_control,Healthy,,,no,2018,primary,1.0,8.694
SAMEA7045011,PRJEB39223,,,adult,21184.5,female,US,healthy_control,Healthy,,,no,2019,primary,1.0,11.317
SAMEA7045012,PRJEB39223,,,adult,20454.0,female,GB,healthy_control,Healthy,,,no,2018,primary,1.0,7.791
SAMEA7045013,PRJEB39223,,,adult,22280.25,female,GB,healthy_control,Healthy,,,no,2018,primary,1.0,7.078
SAMEA7045014,PRJEB39223,,,adult,13514.25,female,GB,healthy_control,Healthy,,,no,2018,primary,1.0,8.313
SAMEA7045015,PRJEB39223,,,adult,9861.75,female,GB,healthy_control,Healthy,,,no,2018,primary,1.0,8.131
SAMEA7045016,PRJEB39223,,,adult,8400.75,male,GB,healthy_control,Healthy,,,no,2018,primary,1.0,9.111
SAMEA7045017,PRJEB39223,,,adult,13149.0,female,GB,healthy_control,Healthy,,,no,2018,primary,1.0,8.914
SAMEA7045018,PRJEB39223,,,adult,20819.25,male,GB,healthy_control,Healthy,,,no,2018,primary,1.0,8.156
SAMEA7045019,PRJEB39223,,,adult,20454.0,female,GB,healthy_control,Healthy,,,no,2018,primary,1.0,7.202
SAMEA7045020,PRJEB39223,,,adult,17166.75,female,US,healthy_control,Healthy,,,no,2019,primary,1.0,10.374
SAMEA7045021,PRJEB39223,,,adult,22645.5,female,GB,healthy_control,Healthy,,,no,2018,primary,1.0,7.269
SAMEA7045022,PRJEB39223,,,adult,17532.0,female,GB,healthy_control,Healthy,,,no,2018,primary,1.0,8.849
SAMEA7045023,PRJEB39223,,,adult,12053.25,male,GB,healthy_control,Healthy,,,no,2018,primary,1.0,8.117
SAMEA7045024,PRJEB39223,,,adult,15340.5,male,GB,healthy_control,Healthy,,,no,2018,primary,1.0,7.646
SAMEA7045025,PRJEB39223,,,adult,18993.0,female,US,healthy_control,Healthy,,,no,2019,primary,1.0,8.399
SAMEA7045026,PRJEB39223,,,adult,7305.0,female,GB,healthy_control,Healthy,,,no,2018,primary,1.0,8.558
SAMEA7045027,PRJEB39223,,,,23741.25,male,GB,healthy_control,Healthy,,,no,2018,primary,1.0,7.279
SAMEA7045028,PRJEB39223,,,adult,20088.75,female,GB,healthy_control,Healthy,,,no,2018,primary,1.0,11.068
SAMEA7045029,PRJEB39223,,,adult,18993.0,male,GB,healthy_control,Healthy,,,no,2018,primary,1.0,18.573
SAMEA7045030,PRJEB39223,,,adult,21915.0,female,GB,healthy_control,Healthy,,,no,2018,primary,1.0,13.71
SAMEA7045031,PRJEB39223,,,adult,18262.5,male,GB,healthy_control,Healthy,,,no,2018,primary,1.0,8.139
SAMEA7045032,PRJEB39223,,,adult,23010.75,female,US,healthy_control,Healthy,,,no,2019,primary,1.0,9.305
SAMEA7045033,PRJEB39223,,,adult,22280.25,male,GB,healthy_control,Healthy,,,no,2018,primary,1.0,10.596
SAMEA7045034,PRJEB39223,,,adult,17166.75,female,GB,healthy_control,Healthy,,,no,2018,primary,1.0,8.271
SAMEA7045035,PRJEB39223,,,adult,8400.75,male,GB,healthy_control,Healthy,,,no,2018,primary,1.0,8.994
SAMEA7045036,PRJEB39223,,,adult,8400.75,male,GB,healthy_control,Healthy,,,no,2018,primary,1.0,8.43
SAMEA7045037,PRJEB39223,,,adult,13879.5,male,GB,healthy_control,Healthy,,,no,2018,primary,1.0,8.539
SAMEA7045038,PRJEB39223,,,adult,17532.0,female,GB,healthy_control,Healthy,,,no,2018,primary,1.0,7.492
SAMEA7045039,PRJEB39223,,,adult,14975.25,female,GB,healthy_control,Healthy,,,no,2018,primary,1.0,8.699
SAMEA7045040,PRJEB39223,,,adult,15705.75,female,GB,healthy_control,Healthy,,,no,2018,primary,1.0,6.969
SAMEA7045041,PRJEB39223,,,adult,14610.0,female,GB,healthy_control,Healthy,,,no,2018,primary,1.0,7.679
SAMEA7045042,PRJEB39223,,,adult,9861.75,male,US,healthy_control,Healthy,,,no,2019,primary,1.0,7.562
SAMEA7045043,PRJEB39223,,,adult,15705.75,female,GB,healthy_control,Healthy,,,no,2018,primary,1.0,12.025
SAMEA7045044,PRJEB39223,,,adult,16801.5,female,GB,healthy_control,Healthy,,,no,2018,primary,1.0,10.676
SAMEA7045045,PRJEB39223,,,adult,19723.5,female,US,healthy_control,Healthy,,,no,2019,primary,1.0,7.352
SAMEA7045046,PRJEB39223,,,adult,17532.0,male,US,healthy_control,Healthy,,,no,2019,primary,1.0,10.798
SAMEA7045047,PRJEB39223,,,adult,6939.75,female,GB,healthy_control,Healthy,,,no,2018,primary,1.0,7.233
SAMEA7045048,PRJEB39223,,,adult,21184.5,female,GB,healthy_control,Healthy,,,no,2018,primary,1.0,6.273
SAMEA7045049,PRJEB39223,,,adult,19723.5,female,GB,healthy_control,Healthy,,,no,2018,primary,1.0,12.386
SAMEA7045050,PRJEB39223,,,adult,12053.25,male,GB,healthy_control,Healthy,,,no,2018,primary,1.0,8.215
SAMEA7045051,PRJEB39223,,,adult,20454.0,female,GB,healthy_control,Healthy,,,no,2018,primary,1.0,7.107
SAMEA7045052,PRJEB39223,,,adult,18262.5,female,GB,healthy_control,Healthy,,,no,2018,primary,1.0,8.605
SAMEA7045053,PRJEB39223,,,adult,17532.0,female,GB,healthy_control,Healthy,,,no,2018,primary,1.0,8.719
SAMEA7045054,PRJEB39223,,,adult,9861.75,female,GB,healthy_control,Healthy,,,no,2018,primary,1.0,11.657
SAMEA7045055,PRJEB39223,,,adult,9861.75,male,GB,healthy_control,Healthy,,,no,2018,primary,1.0,7.669
SAMEA7045056,PRJEB39223,,,adult,17897.25,female,GB,healthy_control,Healthy,,,no,2018,primary,1.0,9.841
SAMEA7045057,PRJEB39223,,,adult,18262.5,female,GB,healthy_control,Healthy,,,no,2018,primary,1.0,8.553
SAMEA7045058,PRJEB39223,,,adult,18627.75,male,GB,healthy_control,Healthy,,,no,2018,primary,1.0,8.847
SAMEA7045059,PRJEB39223,,,adult,20088.75,female,GB,healthy_control,Healthy,,,no,2018,primary,1.0,7.934
SAMEA7045060,PRJEB39223,,,adult,11688.0,female,GB,healthy_control,Healthy,,,no,2018,primary,1.0,10.024
SAMEA7045061,PRJEB39223,,,adult,21915.0,female,GB,healthy_control,Healthy,,,no,2018,primary,1.0,7.908
SAMEA7045062,PRJEB39223,,,adult,20454.0,female,GB,healthy_control,Healthy,,,no,2018,primary,1.0,8.478
SAMEA7045063,PRJEB39223,,,adult,9496.5,male,GB,healthy_control,Healthy,,,no,2018,primary,1.0,8.092
SAMEA7045064,PRJEB39223,,,adult,15705.75,female,GB,healthy_control,Healthy,,,no,2018,primary,1.0,7.122
SAMEA7045065,PRJEB39223,,,adult,17166.75,female,GB,healthy_control,Healthy,,,no,2018,primary,1.0,17.049
SAMEA7045066,PRJEB39223,,,adult,19358.25,female,GB,healthy_control,Healthy,,,no,2018,primary,1.0,9.674
SAMEA7045067,PRJEB39223,,,adult,16071.0,female,GB,healthy_control,Healthy,,,no,2018,primary,1.0,10.049
SAMEA7045068,PRJEB39223,,,adult,21915.0,female,GB,healthy_control,Healthy,,,no,2018,primary,1.0,8.223
SAMEA7045069,PRJEB39223,,,adult,9131.25,female,GB,healthy_control,Healthy,,,no,2018,primary,1.0,10.339
SAMEA7045070,PRJEB39223,,,adult,7670.25,male,GB,healthy_control,Healthy,,,no,2018,primary,1.0,7.355
SAMEA7045071,PRJEB39223,,,adult,19723.5,female,GB,healthy_control,Healthy,,,no,2018,primary,1.0,7.682
SAMEA7045072,PRJEB39223,,,adult,14610.0,female,GB,healthy_control,Healthy,,,no,2018,primary,1.0,7.835
SAMEA7045073,PRJEB39223,,,adult,9131.25,female,GB,healthy_control,Healthy,,,no,2018,primary,1.0,7.2
SAMEA7045074,PRJEB39223,,,adult,16071.0,female,GB,healthy_control,Healthy,,,no,2018,primary,1.0,7.853
SAMEA7045075,PRJEB39223,,,adult,21184.5,male,US,healthy_control,Healthy,,,no,2019,primary,1.0,7.769
SAMEA7045076,PRJEB39223,,,adult,21549.75,female,GB,healthy_control,Healthy,,,no,2018,primary,1.0,7.697
SAMEA7045077,PRJEB39223,,,adult,14975.25,male,GB,healthy_control,Healthy,,,no,2018,primary,1.0,14.097
SAMEA7045078,PRJEB39223,,,adult,10227.0,male,GB,healthy_control,Healthy,,,no,2018,primary,1.0,7.031
SAMEA7045079,PRJEB39223,,,adult,15340.5,female,GB,healthy_control,Healthy,,,no,2018,primary,1.0,8.475
SAMEA7045080,PRJEB39223,,,adult,18993.0,female,GB,healthy_control,Healthy,,,no,2018,primary,1.0,10.234
SAMEA7045081,PRJEB39223,,,adult,8400.75,female,GB,healthy_control,Healthy,,,no,2018,primary,1.0,9.993
SAMEA7045082,PRJEB39223,,,adult,9131.25,female,GB,healthy_control,Healthy,,,no,2018,primary,1.0,11.873
SAMEA7045083,PRJEB39223,,,adult,8766.0,female,GB,healthy_control,Healthy,,,no,2018,primary,1.0,7.01
SAMEA7045084,PRJEB39223,,,adult,16071.0,female,GB,healthy_control,Healthy,,,no,2018,primary,1.0,9.188
SAMEA7045085,PRJEB39223,,,adult,21184.5,female,GB,healthy_control,Healthy,,,no,2018,primary,1.0,9.742
SAMEA7045086,PRJEB39223,,,adult,9496.5,female,GB,healthy_control,Healthy,,,no,2018,primary,1.0,9.502
SAMEA7045087,PRJEB39223,,,adult,18993.0,female,GB,healthy_control,Healthy,,,no,2018,primary,1.0,8.068
SAMEA7045088,PRJEB39223,,,adult,16801.5,female,GB,healthy_control,Healthy,,,no,2018,primary,1.0,7.57
SAMEA7045089,PRJEB39223,,,adult,16436.25,male,GB,healthy_control,Healthy,,,no,2018,primary,1.0,6.412
SAMEA7045090,PRJEB39223,,,adult,12053.25,female,GB,healthy_control,Healthy,,,no,2018,primary,1.0,7.467
SAMEA7045091,PRJEB39223,,,adult,12783.75,male,GB,healthy_control,Healthy,,,no,2018,primary,1.0,10.329
SAMEA7045092,PRJEB39223,,,adult,15340.5,female,GB,healthy_control,Healthy,,,no,2018,primary,1.0,9.08
SAMEA7045093,PRJEB39223,,,adult,23376.0,female,GB,healthy_control,Healthy,,,no,2018,primary,1.0,6.809
SAMEA7045094,PRJEB39223,,,adult,16801.5,female,GB,healthy_control,Healthy,,,no,2018,primary,1.0,7.104
SAMEA7045095,PRJEB39223,,,adult,18993.0,female,GB,healthy_control,Healthy,,,no,2018,primary,1.0,7.786
SAMEA7045096,PRJEB39223,,,adult,13514.25,male,GB,healthy_control,Healthy,,,no,2018,primary,1.0,10.044
SAMEA7045097,PRJEB39223,,,adult,23376.0,female,GB,healthy_control,Healthy,,,no,2018,primary,1.0,9.038
SAMEA7045098,PRJEB39223,,,adult,17897.25,male,GB,healthy_control,Healthy,,,no,2018,primary,1.0,7.767
SAMEA7045099,PRJEB39223,,,adult,14975.25,female,US,healthy_control,Healthy,,,no,2019,primary,1.0,8.106
SAMEA7045100,PRJEB39223,,,adult,18993.0,female,GB,healthy_control,Healthy,,,no,2018,primary,1.0,8.032
SAMEA7045101,PRJEB39223,,,adult,19723.5,female,US,healthy_control,Healthy,,,no,2019,primary,1.0,10.576
SAMEA7045102,PRJEB39223,,,adult,21915.0,female,GB,healthy_control,Healthy,,,no,2018,primary,1.0,10.936
SAMEA7045103,PRJEB39223,,,adult,16071.0,female,GB,healthy_control,Healthy,,,no,2018,primary,1.0,6.958
SAMEA7045104,PRJEB39223,,,adult,20088.75,female,GB,healthy_control,Healthy,,,no,2018,primary,1.0,12.649
SAMEA7045105,PRJEB39223,,,adult,19723.5,female,GB,healthy_control,Healthy,,,no,2018,primary,1.0,7.139
SAMEA7045106,PRJEB39223,,,adult,17532.0,female,GB,healthy_control,Healthy,,,no,2018,primary,1.0,10.983
SAMEA7045107,PRJEB39223,,,adult,17166.75,female,GB,healthy_control,Healthy,,,no,2018,primary,1.0,9.001
SAMEA7045108,PRJEB39223,,,adult,9131.25,female,GB,healthy_control,Healthy,,,no,2018,primary,1.0,11.302
SAMEA7045109,PRJEB39223,,,adult,12053.25,female,GB,healthy_control,Healthy,,,no,2018,primary,1.0,7.448
SAMEA7045110,PRJEB39223,,,adult,17532.0,female,GB,healthy_control,Healthy,,,no,2018,primary,1.0,7.379
SAMEA7045111,PRJEB39223,,,adult,14975.25,female,GB,healthy_control,Healthy,,,no,2018,primary,1.0,7.123
SAMEA7045112,PRJEB39223,,,adult,10227.0,female,GB,healthy_control,Healthy,,,no,2018,primary,1.0,7.619
SAMEA7045113,PRJEB39223,,,adult,10957.5,female,GB,healthy_control,Healthy,,,no,2018,primary,1.0,8.071
SAMEA7045114,PRJEB39223,,,adult,14610.0,male,GB,healthy_control,Healthy,,,no,2018,primary,1.0,8.838
SAMEA7045115,PRJEB39223,,,adult,10957.5,female,GB,healthy_control,Healthy,,,no,2018,primary,1.0,8.161
SAMEA7045116,PRJEB39223,,,adult,17532.0,female,GB,healthy_control,Healthy,,,no,2018,primary,1.0,8.648
SAMEA7045117,PRJEB39223,,,adult,16801.5,female,GB,healthy_control,Healthy,,,no,2018,primary,1.0,7.151
SAMEA7045118,PRJEB39223,,,adult,8035.5,female,GB,healthy_control,Healthy,,,no,2018,primary,1.0,8.188
SAMEA7045119,PRJEB39223,,,adult,8766.0,male,GB,healthy_control,Healthy,,,no,2018,primary,1.0,8.277
SAMEA7045120,PRJEB39223,,,adult,13514.25,male,GB,healthy_control,Healthy,,,no,2018,primary,1.0,9.563
SAMEA7045121,PRJEB39223,,,adult,23010.75,female,GB,healthy_control,Healthy,,,no,2018,primary,1.0,7.833
SAMEA7045122,PRJEB39223,,,adult,18262.5,female,GB,healthy_control,Healthy,,,no,2018,primary,1.0,8.03
SAMEA7045123,PRJEB39223,,,adult,11322.75,female,GB,healthy_control,Healthy,,,no,2018,primary,1.0,7.264
SAMEA7045124,PRJEB39223,,,adult,22645.5,female,GB,healthy_control,Healthy,,,no,2018,primary,1.0,11.224
SAMEA7045125,PRJEB39223,,,adult,20819.25,female,GB,healthy_control,Healthy,,,no,2018,primary,1.0,15.585
SAMEA7045126,PRJEB39223,,,adult,10957.5,female,GB,healthy_control,Healthy,,,no,2018,primary,1.0,6.951
SAMEA7045127,PRJEB39223,,,adult,18993.0,male,GB,healthy_control,Healthy,,,no,2018,primary,1.0,8.737
SAMEA7045128,PRJEB39223,,,adult,9861.75,female,US,healthy_control,Healthy,,,no,2019,primary,1.0,10.872
SAMEA7045129,PRJEB39223,,,adult,19358.25,female,GB,healthy_control,Healthy,,,no,2018,primary,1.0,8.881
SAMEA7045130,PRJEB39223,,,adult,22645.5,female,GB,healthy_control,Healthy,,,no,2018,primary,1.0,7.048
SAMEA7045131,PRJEB39223,,,adult,16801.5,female,GB,healthy_control,Healthy,,,no,2018,primary,1.0,5.167
SAMEA7045132,PRJEB39223,,,adult,18993.0,female,GB,healthy_control,Healthy,,,no,2018,primary,1.0,9.196
SAMEA7045133,PRJEB39223,,,adult,17166.75,female,GB,healthy_control,Healthy,,,no,2018,primary,1.0,7.881
SAMEA7045134,PRJEB39223,,,adult,7305.0,female,GB,healthy_control,Healthy,,,no,2018,primary,1.0,13.395
SAMEA7045135,PRJEB39223,,,adult,20819.25,male,GB,healthy_control,Healthy,,,no,2018,primary,1.0,9.066
SAMEA7045136,PRJEB39223,,,adult,8766.0,female,GB,healthy_control,Healthy,,,no,2018,primary,1.0,9.194
SAMEA7045137,PRJEB39223,,,adult,17532.0,female,GB,healthy_control,Healthy,,,no,2018,primary,1.0,7.965
SAMEA7045138,PRJEB39223,,,adult,20454.0,male,GB,healthy_control,Healthy,,,no,2018,primary,1.0,9.209
SAMEA7045139,PRJEB39223,,,adult,19358.25,female,GB,healthy_control,Healthy,,,no,2018,primary,1.0,8.002
SAMEA7045140,PRJEB39223,,,adult,8766.0,female,GB,healthy_control,Healthy,,,no,2018,primary,1.0,10.577
SAMEA7045141,PRJEB39223,,,adult,14975.25,female,GB,healthy_control,Healthy,,,no,2018,primary,1.0,8.87
SAMEA7045142,PRJEB39223,,,adult,8766.0,female,GB,healthy_control,Healthy,,,no,2018,primary,1.0,8.175
SAMEA7045143,PRJEB39223,,,adult,21549.75,female,GB,healthy_control,Healthy,,,no,2018,primary,1.0,8.574
SAMEA7045144,PRJEB39223,,,adult,15340.5,male,GB,healthy_control,Healthy,,,no,2018,primary,1.0,9.476
SAMEA7045145,PRJEB39223,,,adult,21184.5,female,GB,healthy_control,Healthy,,,no,2018,primary,1.0,14.922
SAMEA7045146,PRJEB39223,,,adult,17532.0,female,GB,healthy_control,Healthy,,,no,2018,primary,1.0,7.762
SAMEA7045147,PRJEB39223,,,adult,14975.25,male,GB,healthy_control,Healthy,,,no,2018,primary,1.0,8.253
SAMEA7045148,PRJEB39223,,,adult,17532.0,female,GB,healthy_control,Healthy,,,no,2018,primary,1.0,11.212
SAMEA7045149,PRJEB39223,,,adult,8400.75,male,US,healthy_control,Healthy,,,no,2019,primary,1.0,8.355
SAMEA7045150,PRJEB39223,,,adult,23010.75,male,GB,healthy_control,Healthy,,,no,2018,primary,1.0,6.831
SAMEA7045151,PRJEB39223,,,adult,10227.0,female,GB,healthy_control,Healthy,,,no,2018,primary,1.0,9.228
SAMEA7045152,PRJEB39223,,,adult,9496.5,male,GB,healthy_control,Healthy,,,no,2018,primary,1.0,7.373
SAMEA7045153,PRJEB39223,,,adult,18627.75,male,GB,healthy_control,Healthy,,,no,2018,primary,1.0,8.054
SAMEA7045154,PRJEB39223,,,adult,15705.75,male,GB,healthy_control,Healthy,,,no,2018,primary,1.0,9.097
SAMEA7045155,PRJEB39223,,,adult,17897.25,male,GB,healthy_control,Healthy,,,no,2018,primary,1.0,9.975
SAMEA7045156,PRJEB39223,,,adult,17166.75,female,GB,healthy_control,Healthy,,,no,2018,primary,1.0,9.061
SAMEA7045157,PRJEB39223,,,adult,18262.5,female,GB,healthy_control,Healthy,,,no,2018,primary,1.0,7.569
SAMEA7045158,PRJEB39223,,,adult,17897.25,female,GB,healthy_control,Healthy,,,no,2018,primary,1.0,9.52
SAMEA7045159,PRJEB39223,,,adult,12418.5,female,US,healthy_control,Healthy,,,no,2019,primary,1.0,9.822
SAMEA7045160,PRJEB39223,,,adult,14975.25,male,GB,healthy_control,Healthy,,,no,2018,primary,1.0,9.338
SAMEA7045161,PRJEB39223,,,adult,15340.5,female,GB,healthy_control,Healthy,,,no,2018,primary,1.0,8.326
SAMEA7045162,PRJEB39223,,,adult,15340.5,female,GB,healthy_control,Healthy,,,no,2018,primary,1.0,8.865
SAMEA7045163,PRJEB39223,,,adult,21915.0,female,GB,healthy_control,Healthy,,,no,2018,primary,1.0,7.632
SAMEA7045164,PRJEB39223,,,adult,23010.75,female,GB,healthy_control,Healthy,,,no,2018,primary,1.0,8.035
SAMEA7045165,PRJEB39223,,,adult,6939.75,female,GB,healthy_control,Healthy,,,no,2018,primary,1.0,7.934
SAMEA7045166,PRJEB39223,,,adult,16071.0,female,GB,healthy_control,Healthy,,,no,2018,primary,1.0,7.593
SAMEA7045167,PRJEB39223,,,adult,19358.25,female,GB,healthy_control,Healthy,,,no,2018,primary,1.0,10.939
SAMEA7045169,PRJEB39223,,,adult,9496.5,male,US,healthy_control,Healthy,,,no,2019,primary,1.0,12.971
SAMEA7045170,PRJEB39223,,,adult,13514.25,male,GB,healthy_control,Healthy,,,no,2018,primary,1.0,5.914
SAMEA7045171,PRJEB39223,,,adult,22645.5,female,GB,healthy_control,Healthy,,,no,2018,primary,1.0,7.181
SAMEA7045172,PRJEB39223,,,adult,17532.0,male,GB,healthy_control,Healthy,,,no,2018,primary,1.0,7.285
SAMEA7045173,PRJEB39223,,,adult,19723.5,female,GB,healthy_control,Healthy,,,no,2018,primary,1.0,7.012
SAMEA7045174,PRJEB39223,,,adult,11322.75,female,GB,healthy_control,Healthy,,,no,2018,primary,1.0,7.243
SAMEA7045175,PRJEB39223,,,adult,20819.25,female,GB,healthy_control,Healthy,,,no,2018,primary,1.0,7.096
SAMEA7045176,PRJEB39223,,,adult,20088.75,female,GB,healthy_control,Healthy,,,no,2018,primary,1.0,7.341
SAMEA7045177,PRJEB39223,,,adult,16071.0,female,GB,healthy_control,Healthy,,,no,2018,primary,1.0,11.822
SAMEA7045178,PRJEB39223,,,adult,16801.5,male,GB,healthy_control,Healthy,,,no,2018,primary,1.0,8.761
SAMEA7045179,PRJEB39223,,,adult,12418.5,female,GB,healthy_control,Healthy,,,no,2018,primary,1.0,7.071
SAMEA7045180,PRJEB39223,,,adult,12053.25,female,GB,healthy_control,Healthy,,,no,2018,primary,1.0,12.115
SAMEA7045181,PRJEB39223,,,adult,17897.25,female,GB,healthy_control,Healthy,,,no,2018,primary,1.0,7.834
SAMEA7045182,PRJEB39223,,,adult,10592.25,female,GB,healthy_control,Healthy,,,no,2018,primary,1.0,10.685
SAMEA7045183,PRJEB39223,,,adult,20454.0,male,GB,healthy_control,Healthy,,,no,2018,primary,1.0,9.523
SAMEA7045184,PRJEB39223,,,adult,21915.0,female,GB,healthy_control,Healthy,,,no,2018,primary,1.0,11.752
SAMEA7045185,PRJEB39223,,,adult,14610.0,female,GB,healthy_control,Healthy,,,no,2018,primary,1.0,6.914
SAMEA7045186,PRJEB39223,,,adult,15705.75,male,US,healthy_control,Healthy,,,no,2019,primary,1.0,9.522
SAMEA7045187,PRJEB39223,,,adult,22645.5,female,GB,healthy_control,Healthy,,,no,2018,primary,1.0,14.367
SAMEA7045188,PRJEB39223,,,adult,8766.0,female,GB,healthy_control,Healthy,,,no,2018,primary,1.0,7.835
SAMEA7045189,PRJEB39223,,,adult,16436.25,female,GB,healthy_control,Healthy,,,no,2018,primary,1.0,9.975
SAMEA7045190,PRJEB39223,,,adult,12783.75,male,GB,healthy_control,Healthy,,,no,2018,primary,1.0,9.09
SAMEA7045191,PRJEB39223,,,adult,8766.0,female,GB,healthy_control,Healthy,,,no,2018,primary,1.0,7.076
SAMEA7045192,PRJEB39223,,,adult,20088.75,female,GB,healthy_control,Healthy,,,no,2018,primary,1.0,6.907
SAMEA7045193,PRJEB39223,,,adult,18627.75,female,GB,healthy_control,Healthy,,,no,2018,primary,1.0,7.177
SAMEA7045194,PRJEB39223,,,adult,18262.5,female,GB,healthy_control,Healthy,,,no,2018,primary,1.0,8.007
SAMEA7045195,PRJEB39223,,,adult,19723.5,male,GB,healthy_control,Healthy,,,no,2018,primary,1.0,6.98
SAMEA7045196,PRJEB39223,,,adult,7670.25,female,GB,healthy_control,Healthy,,,no,2018,primary,1.0,7.481
SAMEA7045197,PRJEB39223,,,adult,15705.75,female,GB,healthy_control,Healthy,,,no,2018,primary,1.0,8.515
SAMEA7045198,PRJEB39223,,,adult,23376.0,female,GB,healthy_control,Healthy,,,no,2018,primary,1.0,7.016
SAMEA7045199,PRJEB39223,,,adult,21184.5,female,GB,healthy_control,Healthy,,,no,2018,primary,1.0,15.493
SAMEA7045200,PRJEB39223,,,adult,17897.25,female,US,healthy_control,Healthy,,,no,2019,primary,1.0,7.584
SAMEA7045201,PRJEB39223,,,adult,17166.75,female,GB,healthy_control,Healthy,,,no,2018,primary,1.0,7.271
SAMEA7045202,PRJEB39223,,,adult,20454.0,female,GB,healthy_control,Healthy,,,no,2018,primary,1.0,8.61
SAMEA7045203,PRJEB39223,,,adult,9131.25,male,GB,healthy_control,Healthy,,,no,2018,primary,1.0,7.361
SAMEA7045204,PRJEB39223,,,adult,17897.25,female,GB,healthy_control,Healthy,,,no,2018,primary,1.0,9.339
SAMEA7045205,PRJEB39223,,,adult,15705.75,female,GB,healthy_control,Healthy,,,no,2018,primary,1.0,11.828
SAMEA7045206,PRJEB39223,,,adult,8035.5,female,GB,healthy_control,Healthy,,,no,2018,primary,1.0,10.093
SAMEA7045207,PRJEB39223,,,adult,18262.5,female,GB,healthy_control,Healthy,,,no,2018,primary,1.0,6.957
SAMEA7045208,PRJEB39223,,,adult,7305.0,female,GB,healthy_control,Healthy,,,no,2018,primary,1.0,18.975
SAMEA7045209,PRJEB39223,,,adult,10592.25,female,US,healthy_control,Healthy,,,no,2019,primary,1.0,9.697
SAMEA7045210,PRJEB39223,,,adult,23010.75,female,GB,healthy_control,Healthy,,,no,2018,primary,1.0,7.86
SAMEA7045211,PRJEB39223,,,adult,6939.75,female,GB,healthy_control,Healthy,,,no,2018,primary,1.0,6.934
SAMEA7045212,PRJEB39223,,,adult,18262.5,male,GB,healthy_control,Healthy,,,no,2018,primary,1.0,8.751
SAMEA7045213,PRJEB39223,,,adult,23376.0,female,GB,healthy_control,Healthy,,,no,2018,primary,1.0,7.325
SAMEA7045214,PRJEB39223,,,adult,14244.75,female,GB,healthy_control,Healthy,,,no,2018,primary,1.0,7.021
SAMEA7045215,PRJEB39223,,,adult,19358.25,female,GB,healthy_control,Healthy,,,no,2018,primary,1.0,7.071
SAMEA7045216,PRJEB39223,,,adult,20454.0,male,GB,healthy_control,Healthy,,,no,2018,primary,1.0,7.758
SAMEA7045217,PRJEB39223,,,adult,16801.5,female,US,healthy_control,Healthy,,,no,2019,primary,1.0,9.364
SAMEA7045218,PRJEB39223,,,adult,14610.0,female,GB,healthy_control,Healthy,,,no,2018,primary,1.0,10.111
SAMEA7045219,PRJEB39223,,,adult,19723.5,female,US,healthy_control,Healthy,,,no,2019,primary,1.0,10.744
SAMEA7045220,PRJEB39223,,,adult,20819.25,female,GB,healthy_control,Healthy,,,no,2018,primary,1.0,9.467
SAMEA7045221,PRJEB39223,,,adult,16436.25,female,GB,healthy_control,Healthy,,,no,2018,primary,1.0,7.717
SAMEA7045222,PRJEB39223,,,adult,14244.75,female,GB,healthy_control,Healthy,,,no,2018,primary,1.0,7.571
SAMEA7045223,PRJEB39223,,,adult,8035.5,female,US,healthy_control,Healthy,,,no,2019,primary,1.0,8.022
SAMEA7045224,PRJEB39223,,,adult,12783.75,female,GB,healthy_control,Healthy,,,no,2018,primary,1.0,7.449
SAMEA7045225,PRJEB39223,,,adult,13879.5,male,GB,healthy_control,Healthy,,,no,2018,primary,1.0,8.313
SAMEA7045226,PRJEB39223,,,adult,15340.5,female,GB,healthy_control,Healthy,,,no,2018,primary,1.0,16.889
SAMEA7045227,PRJEB39223,,,adult,20819.25,female,GB,healthy_control,Healthy,,,no,2018,primary,1.0,8.962
SAMEA7045228,PRJEB39223,,,adult,12783.75,male,GB,healthy_control,Healthy,,,no,2018,primary,1.0,9.708
SAMEA7045229,PRJEB39223,,,adult,11688.0,female,GB,healthy_control,Healthy,,,no,2018,primary,1.0,9.164
SAMEA7045230,PRJEB39223,,,adult,9861.75,male,GB,healthy_control,Healthy,,,no,2018,primary,1.0,8.128
SAMEA7045231,PRJEB39223,,,adult,23010.75,female,GB,healthy_control,Healthy,,,no,2018,primary,1.0,7.404
SAMEA7045232,PRJEB39223,,,adult,16801.5,female,GB,healthy_control,Healthy,,,no,2018,primary,1.0,7.854
SAMEA7045233,PRJEB39223,,,adult,20454.0,female,GB,healthy_control,Healthy,,,no,2018,primary,1.0,9.2
SAMEA7045234,PRJEB39223,,,adult,20454.0,female,GB,healthy_control,Healthy,,,no,2018,primary,1.0,7.014
SAMEA7045235,PRJEB39223,,,adult,17532.0,female,GB,healthy_control,Healthy,,,no,2018,primary,1.0,7.492
SAMEA7045236,PRJEB39223,,,adult,11322.75,female,GB,healthy_control,Healthy,,,no,2018,primary,1.0,7.903
SAMEA7045237,PRJEB39223,,,adult,21549.75,female,GB,healthy_control,Healthy,,,no,2018,primary,1.0,10.281
SAMEA7045238,PRJEB39223,,,adult,19358.25,male,GB,healthy_control,Healthy,,,no,2018,primary,1.0,13.394
SAMEA7045239,PRJEB39223,,,adult,12418.5,female,GB,healthy_control,Healthy,,,no,2018,primary,1.0,7.277
SAMEA7045240,PRJEB39223,,,adult,12053.25,male,GB,healthy_control,Healthy,,,no,2018,primary,1.0,7.811
SAMEA7045241,PRJEB39223,,,adult,22645.5,female,GB,healthy_control,Healthy,,,no,2018,primary,1.0,7.008
SAMEA7045242,PRJEB39223,,,adult,16801.5,female,GB,healthy_control,Healthy,,,no,2018,primary,1.0,11.587
SAMEA7045243,PRJEB39223,,,adult,14975.25,female,GB,healthy_control,Healthy,,,no,2018,primary,1.0,13.243
SAMEA7045244,PRJEB39223,,,adult,9496.5,female,GB,healthy_control,Healthy,,,no,2018,primary,1.0,7.604
SAMEA7045245,PRJEB39223,,,adult,17166.75,female,GB,healthy_control,Healthy,,,no,2018,primary,1.0,7.102
SAMEA7045246,PRJEB39223,,,adult,19358.25,female,GB,healthy_control,Healthy,,,no,2018,primary,1.0,9.511
SAMEA7045247,PRJEB39223,,,adult,21549.75,male,GB,healthy_control,Healthy,,,no,2018,primary,1.0,7.971
SAMEA7045248,PRJEB39223,,,adult,19723.5,male,GB,healthy_control,Healthy,,,no,2018,primary,1.0,19.61
SAMEA7045249,PRJEB39223,,,adult,22645.5,male,GB,healthy_control,Healthy,,,no,2018,primary,1.0,7.228
SAMEA7045250,PRJEB39223,,,adult,16436.25,female,GB,healthy_control,Healthy,,,no,2018,primary,1.0,9.458
SAMEA7045251,PRJEB39223,,,adult,12418.5,female,GB,healthy_control,Healthy,,,no,2018,primary,1.0,8.156
SAMEA7045252,PRJEB39223,,,adult,11322.75,male,GB,healthy_control,Healthy,,,no,2018,primary,1.0,12.657
SAMEA7045253,PRJEB39223,,,adult,15340.5,male,GB,healthy_control,Healthy,,,no,2018,primary,1.0,10.086
SAMEA7045254,PRJEB39223,,,adult,16436.25,female,GB,healthy_control,Healthy,,,no,2018,primary,1.0,8.173
SAMEA7045255,PRJEB39223,,,adult,9496.5,male,GB,healthy_control,Healthy,,,no,2018,primary,1.0,10.059
SAMEA7045256,PRJEB39223,,,adult,16801.5,female,US,healthy_control,Healthy,,,no,2019,primary,1.0,9.097
SAMEA7045257,PRJEB39223,,,adult,17166.75,female,GB,healthy_control,Healthy,,,no,2018,primary,1.0,7.62
SAMEA7045258,PRJEB39223,,,adult,17532.0,female,GB,healthy_control,Healthy,,,no,2018,primary,1.0,10.047
SAMEA7045259,PRJEB39223,,,adult,17897.25,female,GB,healthy_control,Healthy,,,no,2018,primary,1.0,10.12
SAMEA7045260,PRJEB39223,,,adult,18993.0,female,GB,healthy_control,Healthy,,,no,2018,primary,1.0,11.182
SAMEA7045261,PRJEB39223,,,adult,17532.0,male,GB,healthy_control,Healthy,,,no,2018,primary,1.0,7.09
SAMEA7045262,PRJEB39223,,,adult,7305.0,female,GB,healthy_control,Healthy,,,no,2018,primary,1.0,14.421
SAMEA7045263,PRJEB39223,,,adult,10592.25,male,US,healthy_control,Healthy,,,no,2019,primary,1.0,7.894
SAMEA7045264,PRJEB39223,,,adult,16071.0,male,GB,healthy_control,Healthy,,,no,2018,primary,1.0,8.785
SAMEA7045265,PRJEB39223,,,adult,20088.75,female,GB,healthy_control,Healthy,,,no,2018,primary,1.0,11.135
SAMEA7045266,PRJEB39223,,,adult,9861.75,female,GB,healthy_control,Healthy,,,no,2018,primary,1.0,7.773
SAMEA7045267,PRJEB39223,,,adult,18627.75,female,GB,healthy_control,Healthy,,,no,2018,primary,1.0,7.494
SAMEA7045268,PRJEB39223,,,adult,8035.5,female,GB,healthy_control,Healthy,,,no,2018,primary,1.0,21.902
SAMEA7045269,PRJEB39223,,,adult,16801.5,male,GB,healthy_control,Healthy,,,no,2018,primary,1.0,9.658
SAMEA7045270,PRJEB39223,,,adult,17532.0,female,GB,healthy_control,Healthy,,,no,2018,primary,1.0,9.741
SAMEA7045271,PRJEB39223,,,adult,21549.75,female,GB,healthy_control,Healthy,,,no,2018,primary,1.0,9.648
SAMEA7045272,PRJEB39223,,,adult,14610.0,female,GB,healthy_control,Healthy,,,no,2018,primary,1.0,7.285
SAMEA7045273,PRJEB39223,,,adult,17532.0,female,GB,healthy_control,Healthy,,,no,2018,primary,1.0,7.904
SAMEA7045274,PRJEB39223,,,adult,21549.75,male,GB,healthy_control,Healthy,,,no,2018,primary,1.0,7.775
SAMEA7045275,PRJEB39223,,,adult,17166.75,female,GB,healthy_control,Healthy,,,no,2018,primary,1.0,7.496
SAMEA7045276,PRJEB39223,,,adult,20819.25,female,GB,healthy_control,Healthy,,,no,2018,primary,1.0,10.237
SAMEA7045277,PRJEB39223,,,adult,21915.0,female,GB,healthy_control,Healthy,,,no,2018,primary,1.0,8.961
SAMEA7045278,PRJEB39223,,,adult,19723.5,female,GB,healthy_control,Healthy,,,no,2018,primary,1.0,10.395
SAMEA7045279,PRJEB39223,,,adult,11322.75,female,GB,healthy_control,Healthy,,,no,2018,primary,1.0,7.399
SAMEA7045280,PRJEB39223,,,adult,10592.25,male,GB,healthy_control,Healthy,,,no,2018,primary,1.0,7.203
SAMEA7045281,PRJEB39223,,,adult,15340.5,female,GB,healthy_control,Healthy,,,no,2018,primary,1.0,12.383
SAMEA7045282,PRJEB39223,,,adult,21549.75,female,GB,healthy_control,Healthy,,,no,2018,primary,1.0,7.485
SAMEA7045283,PRJEB39223,,,adult,22280.25,female,GB,healthy_control,Healthy,,,no,2018,primary,1.0,7.047
SAMEA7045284,PRJEB39223,,,adult,18993.0,male,GB,healthy_control,Healthy,,,no,2018,primary,1.0,7.278
SAMEA7045285,PRJEB39223,,,adult,8400.75,female,GB,healthy_control,Healthy,,,no,2018,primary,1.0,8.923
SAMEA7045286,PRJEB39223,,,adult,11688.0,male,US,healthy_control,Healthy,,,no,2019,primary,1.0,11.604
SAMEA7045287,PRJEB39223,,,adult,17897.25,female,GB,healthy_control,Healthy,,,no,2018,primary,1.0,7.188
SAMEA7045288,PRJEB39223,,,adult,18993.0,female,GB,healthy_control,Healthy,,,no,2018,primary,1.0,9.097
SAMEA7045289,PRJEB39223,,,,6574.5,female,GB,healthy_control,Healthy,,,no,2018,primary,1.0,7.517
SAMEA7045290,PRJEB39223,,,adult,19358.25,female,GB,healthy_control,Healthy,,,no,2018,primary,1.0,7.119
SAMEA7045291,PRJEB39223,,,adult,20454.0,female,GB,healthy_control,Healthy,,,no,2018,primary,1.0,7.518
SAMEA7045292,PRJEB39223,,,adult,16436.25,female,GB,healthy_control,Healthy,,,no,2018,primary,1.0,8.496
SAMEA7045293,PRJEB39223,,,adult,18993.0,male,GB,healthy_control,Healthy,,,no,2018,primary,1.0,6.221
SAMEA7045294,PRJEB39223,,,adult,16436.25,male,US,healthy_control,Healthy,,,no,2019,primary,1.0,7.502
SAMEA7045295,PRJEB39223,,,adult,14610.0,female,GB,healthy_control,Healthy,,,no,2018,primary,1.0,7.966
SAMEA7045296,PRJEB39223,,,adult,18993.0,male,GB,healthy_control,Healthy,,,no,2018,primary,1.0,7.527
SAMEA7045297,PRJEB39223,,,adult,23010.75,female,GB,healthy_control,Healthy,,,no,2018,primary,1.0,7.027
SAMEA7045298,PRJEB39223,,,adult,15340.5,female,GB,healthy_control,Healthy,,,no,2018,primary,1.0,7.988
SAMEA7045299,PRJEB39223,,,adult,15705.75,male,GB,healthy_control,Healthy,,,no,2018,primary,1.0,11.39
SAMEA7045300,PRJEB39223,,,adult,23010.75,female,GB,healthy_control,Healthy,,,no,2018,primary,1.0,8.674
SAMEA7045301,PRJEB39223,,,adult,13879.5,female,GB,healthy_control,Healthy,,,no,2018,primary,1.0,8.148
SAMEA7045302,PRJEB39223,,,adult,16436.25,female,GB,healthy_control,Healthy,,,no,2018,primary,1.0,7.822
SAMEA7045303,PRJEB39223,,,adult,20088.75,female,GB,healthy_control,Healthy,,,no,2018,primary,1.0,7.826
SAMEA7045304,PRJEB39223,,,adult,15340.5,female,US,healthy_control,Healthy,,,no,2019,primary,1.0,7.709
SAMEA7045305,PRJEB39223,,,adult,17532.0,female,GB,healthy_control,Healthy,,,no,2018,primary,1.0,10.962
SAMEA7045306,PRJEB39223,,,adult,10592.25,male,GB,healthy_control,Healthy,,,no,2018,primary,1.0,9.422
SAMEA7045307,PRJEB39223,,,adult,14975.25,female,GB,healthy_control,Healthy,,,no,2018,primary,1.0,8.107
SAMEA7045308,PRJEB39223,,,adult,19723.5,female,GB,healthy_control,Healthy,,,no,2018,primary,1.0,7.828
SAMEA7045309,PRJEB39223,,,adult,22645.5,female,GB,healthy_control,Healthy,,,no,2018,primary,1.0,7.277
SAMEA7045310,PRJEB39223,,,adult,19358.25,female,US,healthy_control,Healthy,,,no,2019,primary,1.0,8.132
SAMEA7045311,PRJEB39223,,,adult,19358.25,female,GB,healthy_control,Healthy,,,no,2018,primary,1.0,7.265
SAMEA7045312,PRJEB39223,,,adult,16436.25,female,GB,healthy_control,Healthy,,,no,2018,primary,1.0,8.775
SAMEA7045313,PRJEB39223,,,adult,8766.0,male,GB,healthy_control,Healthy,,,no,2018,primary,1.0,8.853
SAMEA7045314,PRJEB39223,,,adult,15705.75,female,GB,healthy_control,Healthy,,,no,2018,primary,1.0,8.517
SAMEA7045315,PRJEB39223,,,adult,18262.5,female,GB,healthy_control,Healthy,,,no,2018,primary,1.0,7.441
SAMEA7045316,PRJEB39223,,,adult,21549.75,male,GB,healthy_control,Healthy,,,no,2018,primary,1.0,2.435
SAMEA7045317,PRJEB39223,,,adult,23376.0,female,GB,healthy_control,Healthy,,,no,2018,primary,1.0,8.447
SAMEA7045318,PRJEB39223,,,adult,17532.0,male,GB,healthy_control,Healthy,,,no,2018,primary,1.0,7.49
SAMEA7045319,PRJEB39223,,,adult,12053.25,female,GB,healthy_control,Healthy,,,no,2018,primary,1.0,7.325
SAMEA7045320,PRJEB39223,,,adult,18627.75,female,GB,healthy_control,Healthy,,,no,2018,primary,1.0,8.475
SAMEA7045321,PRJEB39223,,,adult,20819.25,female,GB,healthy_control,Healthy,,,no,2018,primary,1.0,7.527
SAMEA7045322,PRJEB39223,,,adult,7670.25,female,GB,healthy_control,Healthy,,,no,2018,primary,1.0,11.281
SAMEA7045323,PRJEB39223,,,adult,16436.25,male,GB,healthy_control,Healthy,,,no,2018,primary,1.0,7.249
SAMEA7045324,PRJEB39223,,,adult,17897.25,female,GB,healthy_control,Healthy,,,no,2018,primary,1.0,8.857
SAMEA7045325,PRJEB39223,,,adult,21549.75,female,GB,healthy_control,Healthy,,,no,2018,primary,1.0,8.83
SAMEA7045326,PRJEB39223,,,adult,22645.5,female,GB,healthy_control,Healthy,,,no,2018,primary,1.0,7.016
SAMEA7045327,PRJEB39223,,,adult,23376.0,male,GB,healthy_control,Healthy,,,no,2018,primary,1.0,7.479
SAMEA7045328,PRJEB39223,,,adult,23010.75,male,GB,healthy_control,Healthy,,,no,2018,primary,1.0,8.48
SAMEA7045329,PRJEB39223,,,adult,12418.5,female,GB,healthy_control,Healthy,,,no,2018,primary,1.0,12.818
SAMEA7045330,PRJEB39223,,,adult,10592.25,male,GB,healthy_control,Healthy,,,no,2018,primary,1.0,8.171
SAMEA7045331,PRJEB39223,,,adult,15705.75,female,GB,healthy_control,Healthy,,,no,2018,primary,1.0,8.366
SAMEA7045332,PRJEB39223,,,adult,15340.5,male,GB,healthy_control,Healthy,,,no,2018,primary,1.0,7.584
SAMEA7045333,PRJEB39223,,,adult,18627.75,male,GB,healthy_control,Healthy,,,no,2018,primary,1.0,6.92
SAMEA7045334,PRJEB39223,,,adult,8400.75,male,GB,healthy_control,Healthy,,,no,2018,primary,1.0,7.509
SAMEA7045335,PRJEB39223,,,adult,16801.5,female,GB,healthy_control,Healthy,,,no,2018,primary,1.0,9.661
SAMEA7045336,PRJEB39223,,,adult,11688.0,female,GB,healthy_control,Healthy,,,no,2018,primary,1.0,7.525
SAMEA7045337,PRJEB39223,,,adult,19723.5,female,GB,healthy_control,Healthy,,,no,2018,primary,1.0,7.335
SAMEA7045338,PRJEB39223,,,adult,18993.0,female,US,healthy_control,Healthy,,,no,2019,primary,1.0,7.907
SAMEA7045339,PRJEB39223,,,adult,17166.75,female,GB,healthy_control,Healthy,,,no,2018,primary,1.0,8.952
SAMEA7045340,PRJEB39223,,,adult,13514.25,male,GB,healthy_control,Healthy,,,no,2018,primary,1.0,8.988
SAMEA7045341,PRJEB39223,,,adult,16801.5,male,GB,healthy_control,Healthy,,,no,2018,primary,1.0,9.523
SAMEA7045342,PRJEB39223,,,adult,9861.75,male,GB,healthy_control,Healthy,,,no,2018,primary,1.0,9.124
SAMEA7045343,PRJEB39223,,,adult,11688.0,female,GB,healthy_control,Healthy,,,no,2018,primary,1.0,11.47
SAMEA7045344,PRJEB39223,,,adult,15340.5,female,GB,healthy_control,Healthy,,,no,2018,primary,1.0,8.135
SAMEA7045345,PRJEB39223,,,adult,19358.25,female,GB,healthy_control,Healthy,,,no,2018,primary,1.0,10.99
SAMEA7045346,PRJEB39223,,,adult,20088.75,female,GB,healthy_control,Healthy,,,no,2018,primary,1.0,7.696
SAMEA7045347,PRJEB39223,,,adult,21184.5,female,GB,healthy_control,Healthy,,,no,2018,primary,1.0,13.585
SAMEA7045348,PRJEB39223,,,adult,21915.0,female,GB,healthy_control,Healthy,,,no,2018,primary,1.0,6.999
SAMEA7045349,PRJEB39223,,,adult,23376.0,female,GB,healthy_control,Healthy,,,no,2018,primary,1.0,9.144
SAMEA7045350,PRJEB39223,,,adult,18993.0,female,GB,healthy_control,Healthy,,,no,2018,primary,1.0,12.636
SAMEA7045351,PRJEB39223,,,adult,16071.0,female,GB,healthy_control,Healthy,,,no,2018,primary,1.0,7.586
SAMEA7045352,PRJEB39223,,,adult,19723.5,female,GB,healthy_control,Healthy,,,no,2018,primary,1.0,7.935
SAMEA7045353,PRJEB39223,,,,23741.25,female,GB,healthy_control,Healthy,,,no,2018,primary,1.0,13.955
SAMEA7045354,PRJEB39223,,,,23741.25,female,GB,healthy_control,Healthy,,,no,2018,primary,1.0,10.373
SAMEA7045355,PRJEB39223,,,adult,20454.0,female,GB,healthy_control,Healthy,,,no,2018,primary,1.0,7.736
SAMEA7045356,PRJEB39223,,,adult,20819.25,female,GB,healthy_control,Healthy,,,no,2018,primary,1.0,7.431
SAMEA7045357,PRJEB39223,,,adult,19358.25,female,GB,healthy_control,Healthy,,,no,2018,primary,1.0,6.96
SAMEA7045358,PRJEB39223,,,adult,19358.25,male,GB,healthy_control,Healthy,,,no,2018,primary,1.0,17.227
SAMEA7045359,PRJEB39223,,,adult,18993.0,male,GB,healthy_control,Healthy,,,no,2018,primary,1.0,8.529
SAMEA7045360,PRJEB39223,,,adult,11688.0,male,GB,healthy_control,Healthy,,,no,2018,primary,1.0,9.692
SAMEA7045361,PRJEB39223,,,,23741.25,female,US,healthy_control,Healthy,,,no,2019,primary,1.0,8.857
SAMEA7045362,PRJEB39223,,,adult,11322.75,male,GB,healthy_control,Healthy,,,no,2018,primary,1.0,8.646
SAMEA7045363,PRJEB39223,,,adult,15705.75,female,GB,healthy_control,Healthy,,,no,2018,primary,1.0,7.481
SAMEA7045364,PRJEB39223,,,adult,18627.75,female,GB,healthy_control,Healthy,,,no,2018,primary,1.0,10.737
SAMEA7045365,PRJEB39223,,,adult,18262.5,male,GB,healthy_control,Healthy,,,no,2018,primary,1.0,8.875
SAMEA7045366,PRJEB39223,,,adult,9496.5,male,GB,healthy_control,Healthy,,,no,2018,primary,1.0,7.061
SAMEA7045367,PRJEB39223,,,adult,14244.75,male,GB,healthy_control,Healthy,,,no,2018,primary,1.0,7.185
SAMEA7045368,PRJEB39223,,,adult,10227.0,female,GB,healthy_control,Healthy,,,no,2018,primary,1.0,7.351
SAMEA7045369,PRJEB39223,,,adult,14244.75,female,GB,healthy_control,Healthy,,,no,2018,primary,1.0,11.146
SAMEA7045370,PRJEB39223,,,adult,21915.0,female,GB,healthy_control,Healthy,,,no,2018,primary,1.0,7.252
SAMEA7045371,PRJEB39223,,,adult,11688.0,female,GB,healthy_control,Healthy,,,no,2018,primary,1.0,7.366
SAMEA7045372,PRJEB39223,,,adult,20454.0,male,GB,healthy_control,Healthy,,,no,2018,primary,1.0,11.501
SAMEA7045373,PRJEB39223,,,adult,8766.0,female,US,healthy_control,Healthy,,,no,2019,primary,1.0,9.506
SAMEA7045374,PRJEB39223,,,adult,21915.0,female,GB,healthy_control,Healthy,,,no,2018,primary,1.0,7.844
SAMEA7045375,PRJEB39223,,,adult,18993.0,male,GB,healthy_control,Healthy,,,no,2018,primary,1.0,7.642
SAMEA7045376,PRJEB39223,,,adult,13514.25,female,GB,healthy_control,Healthy,,,no,2018,primary,1.0,6.864
SAMEA7045377,PRJEB39223,,,adult,18993.0,female,GB,healthy_control,Healthy,,,no,2018,primary,1.0,13.279
SAMEA7045378,PRJEB39223,,,adult,20454.0,female,GB,healthy_control,Healthy,,,no,2018,primary,1.0,6.833
SAMEA7045379,PRJEB39223,,,adult,17166.75,female,GB,healthy_control,Healthy,,,no,2018,primary,1.0,7.393
SAMEA7045380,PRJEB39223,,,adult,19358.25,female,GB,healthy_control,Healthy,,,no,2018,primary,1.0,8.399
SAMEA7045381,PRJEB39223,,,adult,19358.25,female,GB,healthy_control,Healthy,,,no,2018,primary,1.0,7.364
SAMEA7045382,PRJEB39223,,,adult,7670.25,female,GB,healthy_control,Healthy,,,no,2018,primary,1.0,14.888
SAMEA7045383,PRJEB39223,,,adult,17532.0,female,GB,healthy_control,Healthy,,,no,2018,primary,1.0,7.888
SAMEA7045384,PRJEB39223,,,adult,16801.5,male,GB,healthy_control,Healthy,,,no,2018,primary,1.0,9.444
SAMEA7045385,PRJEB39223,,,adult,11688.0,female,US,healthy_control,Healthy,,,no,2019,primary,1.0,7.455
SAMEA7045386,PRJEB39223,,,adult,14610.0,male,GB,healthy_control,Healthy,,,no,2018,primary,1.0,7.825
SAMEA7045387,PRJEB39223,,,adult,14610.0,female,GB,healthy_control,Healthy,,,no,2018,primary,1.0,7.945
SAMEA7045388,PRJEB39223,,,adult,8400.75,female,GB,healthy_control,Healthy,,,no,2018,primary,1.0,12.768
SAMEA7045389,PRJEB39223,,,adult,16071.0,male,GB,healthy_control,Healthy,,,no,2018,primary,1.0,8.062
SAMEA7045390,PRJEB39223,,,adult,16801.5,female,GB,healthy_control,Healthy,,,no,2018,primary,1.0,9.767
SAMEA7045391,PRJEB39223,,,adult,14975.25,female,GB,healthy_control,Healthy,,,no,2018,primary,1.0,9.797
SAMEA7045392,PRJEB39223,,,adult,19358.25,female,GB,healthy_control,Healthy,,,no,2018,primary,1.0,7.934
SAMEA7045393,PRJEB39223,,,adult,23376.0,female,GB,healthy_control,Healthy,,,no,2018,primary,1.0,8.288
SAMEA7045394,PRJEB39223,,,,23741.25,female,GB,healthy_control,Healthy,,,no,2018,primary,1.0,7.758
SAMEA7045395,PRJEB39223,,,adult,16801.5,male,GB,healthy_control,Healthy,,,no,2018,primary,1.0,6.955
SAMEA7045396,PRJEB39223,,,adult,12053.25,female,US,healthy_control,Healthy,,,no,2019,primary,1.0,7.539
SAMEA7045397,PRJEB39223,,,adult,17532.0,male,GB,healthy_control,Healthy,,,no,2018,primary,1.0,7.835
SAMEA7045398,PRJEB39223,,,adult,15705.75,male,GB,healthy_control,Healthy,,,no,2018,primary,1.0,8.763
SAMEA7045399,PRJEB39223,,,adult,13879.5,female,GB,healthy_control,Healthy,,,no,2018,primary,1.0,7.513
SAMEA7045400,PRJEB39223,,,adult,19723.5,male,GB,healthy_control,Healthy,,,no,2018,primary,1.0,7.917
SAMEA7045401,PRJEB39223,,,adult,12053.25,female,GB,healthy_control,Healthy,,,no,2018,primary,1.0,7.337
SAMEA7045402,PRJEB39223,,,adult,16801.5,female,GB,healthy_control,Healthy,,,no,2018,primary,1.0,6.956
SAMEA7045403,PRJEB39223,,,adult,9131.25,female,GB,healthy_control,Healthy,,,no,2018,primary,1.0,7.736
SAMEA7045404,PRJEB39223,,,adult,20088.75,female,GB,healthy_control,Healthy,,,no,2018,primary,1.0,8.959
SAMEA7045405,PRJEB39223,,,adult,21915.0,female,GB,healthy_control,Healthy,,,no,2018,primary,1.0,11.748
SAMEA7045406,PRJEB39223,,,adult,10592.25,female,GB,healthy_control,Healthy,,,no,2018,primary,1.0,7.097
SAMEA7045407,PRJEB39223,,,adult,18993.0,male,GB,healthy_control,Healthy,,,no,2018,primary,1.0,7.663
SAMEA7045408,PRJEB39223,,,,23741.25,female,GB,healthy_control,Healthy,,,no,2018,primary,1.0,8.105
SAMEA7045409,PRJEB39223,,,adult,15340.5,female,GB,healthy_control,Healthy,,,no,2018,primary,1.0,6.667
SAMEA7045410,PRJEB39223,,,adult,18627.75,female,GB,healthy_control,Healthy,,,no,2018,primary,1.0,6.984
SAMEA7045411,PRJEB39223,,,,23741.25,female,GB,healthy_control,Healthy,,,no,2018,primary,1.0,7.886
SAMEA7045412,PRJEB39223,,,adult,15340.5,female,GB,healthy_control,Healthy,,,no,2018,primary,1.0,9.091
SAMEA7045413,PRJEB39223,,,adult,10592.25,male,GB,healthy_control,Healthy,,,no,2018,primary,1.0,9.262
SAMEA7045414,PRJEB39223,,,adult,23376.0,female,GB,healthy_control,Healthy,,,no,2018,primary,1.0,7.064
SAMEA7045415,PRJEB39223,,,adult,20819.25,male,GB,healthy_control,Healthy,,,no,2018,primary,1.0,9.536
SAMEA7045416,PRJEB39223,,,adult,7305.0,male,GB,healthy_control,Healthy,,,no,2018,primary,1.0,16.044
SAMEA7045417,PRJEB39223,,,,23741.25,female,GB,healthy_control,Healthy,,,no,2018,primary,1.0,7.118
SAMEA7045418,PRJEB39223,,,adult,17897.25,male,GB,healthy_control,Healthy,,,no,2018,primary,1.0,9.892
SAMEA7045419,PRJEB39223,,,adult,10592.25,female,GB,healthy_control,Healthy,,,no,2018,primary,1.0,10.255
SAMEA7045420,PRJEB39223,,,adult,11688.0,female,GB,healthy_control,Healthy,,,no,2018,primary,1.0,7.223
SAMEA7045421,PRJEB39223,,,adult,23376.0,female,GB,healthy_control,Healthy,,,no,2018,primary,1.0,6.934
SAMEA7045422,PRJEB39223,,,adult,17897.25,male,GB,healthy_control,Healthy,,,no,2018,primary,1.0,10.123
SAMEA7045423,PRJEB39223,,,adult,12783.75,male,GB,healthy_control,Healthy,,,no,2018,primary,1.0,7.88
SAMEA7045424,PRJEB39223,,,adult,15705.75,female,GB,healthy_control,Healthy,,,no,2018,primary,1.0,9.117
SAMEA7045425,PRJEB39223,,,adult,10592.25,female,GB,healthy_control,Healthy,,,no,2018,primary,1.0,7.738
SAMEA7045426,PRJEB39223,,,adult,16801.5,male,GB,healthy_control,Healthy,,,no,2018,primary,1.0,8.487
SAMEA7045427,PRJEB39223,,,adult,13514.25,female,GB,healthy_control,Healthy,,,no,2018,primary,1.0,7.588
SAMEA7045428,PRJEB39223,,,adult,16071.0,female,GB,healthy_control,Healthy,,,no,2018,primary,1.0,7.449
SAMEA7045429,PRJEB39223,,,adult,20819.25,female,GB,healthy_control,Healthy,,,no,2018,primary,1.0,7.37
SAMEA7045430,PRJEB39223,,,adult,18627.75,female,GB,healthy_control,Healthy,,,no,2018,primary,1.0,10.971
SAMEA7045431,PRJEB39223,,,adult,16436.25,female,GB,healthy_control,Healthy,,,no,2018,primary,1.0,7.591
SAMEA7045432,PRJEB39223,,,adult,12418.5,female,GB,healthy_control,Healthy,,,no,2018,primary,1.0,6.903
SAMEA7045433,PRJEB39223,,,adult,11322.75,male,US,healthy_control,Healthy,,,no,2019,primary,1.0,10.209
SAMEA7045434,PRJEB39223,,,,23741.25,male,GB,healthy_control,Healthy,,,no,2018,primary,1.0,7.09
SAMEA7045435,PRJEB39223,,,adult,20454.0,female,GB,healthy_control,Healthy,,,no,2018,primary,1.0,8.488
SAMEA7045436,PRJEB39223,,,adult,22645.5,female,GB,healthy_control,Healthy,,,no,2018,primary,1.0,7.412
SAMEA7045437,PRJEB39223,,,adult,17897.25,female,GB,healthy_control,Healthy,,,no,2018,primary,1.0,7.501
SAMEA7045438,PRJEB39223,,,adult,21184.5,male,GB,healthy_control,Healthy,,,no,2018,primary,1.0,8.541
SAMEA7045439,PRJEB39223,,,adult,17897.25,female,GB,healthy_control,Healthy,,,no,2018,primary,1.0,9.935
SAMEA7045440,PRJEB39223,,,adult,10227.0,male,GB,healthy_control,Healthy,,,no,2018,primary,1.0,7.713
SAMEA7045441,PRJEB39223,,,adult,20088.75,male,GB,healthy_control,Healthy,,,no,2018,primary,1.0,7.279
SAMEA7045442,PRJEB39223,,,adult,23010.75,female,GB,healthy_control,Healthy,,,no,2018,primary,1.0,7.101
SAMEA7045443,PRJEB39223,,,adult,16071.0,female,GB,healthy_control,Healthy,,,no,2018,primary,1.0,7.748
SAMEA7045444,PRJEB39223,,,adult,12053.25,female,GB,healthy_control,Healthy,,,no,2018,primary,1.0,7.97
SAMEA7045445,PRJEB39223,,,adult,15705.75,male,GB,healthy_control,Healthy,,,no,2018,primary,1.0,8.588
SAMEA7045446,PRJEB39223,,,adult,10592.25,female,GB,healthy_control,Healthy,,,no,2018,primary,1.0,8.569
SAMEA7045447,PRJEB39223,,,adult,17532.0,male,GB,healthy_control,Healthy,,,no,2018,primary,1.0,7.097
SAMEA7045448,PRJEB39223,,,adult,12418.5,male,GB,healthy_control,Healthy,,,no,2018,primary,1.0,7.275
SAMEA7045449,PRJEB39223,,,adult,9861.75,male,GB,healthy_control,Healthy,,,no,2018,primary,1.0,10.474
SAMEA7045450,PRJEB39223,,,adult,8766.0,female,GB,healthy_control,Healthy,,,no,2018,primary,1.0,7.144
SAMEA7045451,PRJEB39223,,,adult,8035.5,female,US,healthy_control,Healthy,,,no,2019,primary,1.0,9.348
SAMEA7045452,PRJEB39223,,,adult,17166.75,female,GB,healthy_control,Healthy,,,no,2018,primary,1.0,7.992
SAMEA7045453,PRJEB39223,,,adult,17166.75,female,GB,healthy_control,Healthy,,,no,2018,primary,1.0,7.748
SAMEA7045454,PRJEB39223,,,adult,10957.5,male,GB,healthy_control,Healthy,,,no,2018,primary,1.0,9.376
SAMEA7045455,PRJEB39223,,,adult,20454.0,male,GB,healthy_control,Healthy,,,no,2018,primary,1.0,7.254
SAMEA7045456,PRJEB39223,,,adult,21915.0,male,GB,healthy_control,Healthy,,,no,2018,primary,1.0,6.878
SAMEA7045457,PRJEB39223,,,adult,19723.5,female,GB,healthy_control,Healthy,,,no,2018,primary,1.0,8.373
SAMEA7045458,PRJEB39223,,,adult,13149.0,male,US,healthy_control,Healthy,,,no,2019,primary,1.0,9.256
SAMEA7045459,PRJEB39223,,,adult,18262.5,female,GB,healthy_control,Healthy,,,no,2018,primary,1.0,8.996
SAMEA7045460,PRJEB39223,,,adult,18993.0,male,GB,healthy_control,Healthy,,,no,2018,primary,1.0,7.554
SAMEA7045461,PRJEB39223,,,adult,14610.0,female,GB,healthy_control,Healthy,,,no,2018,primary,1.0,8.677
SAMEA7045462,PRJEB39223,,,adult,17532.0,female,GB,healthy_control,Healthy,,,no,2018,primary,1.0,8.238
SAMEA7045463,PRJEB39223,,,adult,8400.75,male,US,healthy_control,Healthy,,,no,2019,primary,1.0,7.552
SAMEA7045464,PRJEB39223,,,adult,20088.75,female,GB,healthy_control,Healthy,,,no,2018,primary,1.0,8.358
SAMEA7045465,PRJEB39223,,,adult,14975.25,female,GB,healthy_control,Healthy,,,no,2018,primary,1.0,9.13
SAMEA7045466,PRJEB39223,,,,23741.25,female,GB,healthy_control,Healthy,,,no,2018,primary,1.0,8.964
SAMEA7045467,PRJEB39223,,,adult,18627.75,female,GB,healthy_control,Healthy,,,no,2018,primary,1.0,9.926
SAMEA7045468,PRJEB39223,,,adult,12053.25,female,GB,healthy_control,Healthy,,,no,2018,primary,1.0,7.256
SAMEA7045469,PRJEB39223,,,adult,18993.0,female,GB,healthy_control,Healthy,,,no,2018,primary,1.0,9.779
SAMEA7045470,PRJEB39223,,,adult,15705.75,female,GB,healthy_control,Healthy,,,no,2018,primary,1.0,11.759
SAMEA7045471,PRJEB39223,,,adult,20088.75,female,GB,healthy_control,Healthy,,,no,2018,primary,1.0,10.267
SAMEA7045472,PRJEB39223,,,adult,8400.75,male,US,healthy_control,Healthy,,,no,2019,primary,1.0,7.575
SAMEA7045473,PRJEB39223,,,adult,23376.0,male,GB,healthy_control,Healthy,,,no,2018,primary,1.0,13.158
SAMEA7045474,PRJEB39223,,,adult,19358.25,female,GB,healthy_control,Healthy,,,no,2018,primary,1.0,7.408
SAMEA7045475,PRJEB39223,,,adult,18262.5,female,GB,healthy_control,Healthy,,,no,2018,primary,1.0,9.46
SAMEA7045476,PRJEB39223,,,adult,17532.0,female,GB,healthy_control,Healthy,,,no,2018,primary,1.0,7.586
SAMEA7045477,PRJEB39223,,,adult,8766.0,female,GB,healthy_control,Healthy,,,no,2018,primary,1.0,7.983
SAMEA7045478,PRJEB39223,,,adult,13879.5,female,GB,healthy_control,Healthy,,,no,2018,primary,1.0,8.678
SAMEA7045479,PRJEB39223,,,adult,17166.75,female,GB,healthy_control,Healthy,,,no,2018,primary,1.0,7.393
SAMEA7045480,PRJEB39223,,,adult,16436.25,female,GB,healthy_control,Healthy,,,no,2018,primary,1.0,7.095
SAMEA7045481,PRJEB39223,,,adult,19723.5,female,US,healthy_control,Healthy,,,no,2019,primary,1.0,7.481
SAMEA7045482,PRJEB39223,,,adult,14610.0,female,GB,healthy_control,Healthy,,,no,2018,primary,1.0,7.999
SAMEA7045483,PRJEB39223,,,adult,16436.25,male,GB,healthy_control,Healthy,,,no,2018,primary,1.0,9.107
SAMEA7045484,PRJEB39223,,,adult,11322.75,female,GB,healthy_control,Healthy,,,no,2018,primary,1.0,6.369
SAMEA7045485,PRJEB39223,,,adult,22645.5,female,GB,healthy_control,Healthy,,,no,2018,primary,1.0,9.196
SAMEA7045486,PRJEB39223,,,adult,20088.75,female,GB,healthy_control,Healthy,,,no,2018,primary,1.0,8.52
SAMEA7045487,PRJEB39223,,,adult,18993.0,female,GB,healthy_control,Healthy,,,no,2018,primary,1.0,8.143
SAMEA7045488,PRJEB39223,,,adult,11322.75,female,GB,healthy_control,Healthy,,,no,2018,primary,1.0,6.915
SAMEA7045489,PRJEB39223,,,adult,21549.75,male,GB,healthy_control,Healthy,,,no,2018,primary,1.0,9.769
SAMEA7045490,PRJEB39223,,,adult,18627.75,female,GB,healthy_control,Healthy,,,no,2018,primary,1.0,8.153
SAMEA7045491,PRJEB39223,,,adult,17532.0,male,GB,healthy_control,Healthy,,,no,2018,primary,1.0,8.644
SAMEA7045492,PRJEB39223,,,adult,22280.25,female,GB,healthy_control,Healthy,,,no,2018,primary,1.0,17.214
SAMEA7045493,PRJEB39223,,,adult,17166.75,female,GB,healthy_control,Healthy,,,no,2018,primary,1.0,8.957
SAMEA7045494,PRJEB39223,,,adult,14975.25,male,GB,healthy_control,Healthy,,,no,2018,primary,1.0,9.118
SAMEA7045495,PRJEB39223,,,adult,19358.25,female,GB,healthy_control,Healthy,,,no,2018,primary,1.0,11.011
SAMEA7045496,PRJEB39223,,,adult,19723.5,female,GB,healthy_control,Healthy,,,no,2018,primary,1.0,7.047
SAMEA7045497,PRJEB39223,,,adult,11688.0,female,US,healthy_control,Healthy,,,no,2019,primary,1.0,10.434
SAMEA7045498,PRJEB39223,,,adult,23010.75,male,GB,healthy_control,Healthy,,,no,2018,primary,1.0,9.938
SAMEA7045499,PRJEB39223,,,adult,9131.25,female,GB,healthy_control,Healthy,,,no,2018,primary,1.0,7.506
SAMEA7045500,PRJEB39223,,,adult,7305.0,male,GB,healthy_control,Healthy,,,no,2018,primary,1.0,7.079
SAMEA7045501,PRJEB39223,,,adult,21549.75,male,GB,healthy_control,Healthy,,,no,2018,primary,1.0,7.074
SAMEA7045502,PRJEB39223,,,adult,21549.75,female,GB,healthy_control,Healthy,,,no,2018,primary,1.0,9.328
SAMEA7045503,PRJEB39223,,,,6574.5,female,GB,healthy_control,Healthy,,,no,2018,primary,1.0,10.494
SAMEA7045504,PRJEB39223,,,adult,12053.25,male,US,healthy_control,Healthy,,,no,2019,primary,1.0,12.38
SAMEA7045505,PRJEB39223,,,adult,9496.5,male,GB,healthy_control,Healthy,,,no,2018,primary,1.0,7.803
SAMEA7045506,PRJEB39223,,,adult,9131.25,female,GB,healthy_control,Healthy,,,no,2018,primary,1.0,21.563
SAMEA7045507,PRJEB39223,,,adult,15705.75,female,GB,healthy_control,Healthy,,,no,2018,primary,1.0,7.808
SAMEA7045508,PRJEB39223,,,adult,15340.5,female,GB,healthy_control,Healthy,,,no,2018,primary,1.0,5.843
SAMEA7045509,PRJEB39223,,,adult,21184.5,female,GB,healthy_control,Healthy,,,no,2018,primary,1.0,7.973
SAMEA7045510,PRJEB39223,,,adult,20454.0,female,GB,healthy_control,Healthy,,,no,2018,primary,1.0,7.436
SAMEA7045511,PRJEB39223,,,adult,14610.0,female,GB,healthy_control,Healthy,,,no,2018,primary,1.0,6.955
SAMEA7045512,PRJEB39223,,,adult,20088.75,female,GB,healthy_control,Healthy,,,no,2018,primary,1.0,8.173
SAMEA7045513,PRJEB39223,,,,23741.25,female,GB,healthy_control,Healthy,,,no,2018,primary,1.0,7.31
SAMEA7045514,PRJEB39223,,,adult,13149.0,male,GB,healthy_control,Healthy,,,no,2018,primary,1.0,7.926
SAMEA7045515,PRJEB39223,,,adult,22645.5,female,GB,healthy_control,Healthy,,,no,2018,primary,1.0,7.866
SAMEA7045516,PRJEB39223,,,adult,16436.25,female,GB,healthy_control,Healthy,,,no,2018,primary,1.0,7.638
SAMEA7045517,PRJEB39223,,,adult,22645.5,male,GB,healthy_control,Healthy,,,no,2018,primary,1.0,7.125
SAMEA7045518,PRJEB39223,,,adult,18993.0,female,GB,healthy_control,Healthy,,,no,2018,primary,1.0,11.085
SAMEA7045519,PRJEB39223,,,adult,10957.5,male,GB,healthy_control,Healthy,,,no,2018,primary,1.0,11.118
SAMEA7045520,PRJEB39223,,,adult,20088.75,male,US,healthy_control,Healthy,,,no,2019,primary,1.0,8.399
SAMEA7045521,PRJEB39223,,,adult,23376.0,female,GB,healthy_control,Healthy,,,no,2018,primary,1.0,6.781
SAMEA7045522,PRJEB39223,,,adult,12418.5,male,GB,healthy_control,Healthy,,,no,2018,primary,1.0,8.656
SAMEA7045523,PRJEB39223,,,adult,21184.5,male,GB,healthy_control,Healthy,,,no,2018,primary,1.0,8.917
SAMEA7045524,PRJEB39223,,,adult,23376.0,male,US,healthy_control,Healthy,,,no,2019,primary,1.0,11.625
SAMEA7045525,PRJEB39223,,,adult,14244.75,male,US,healthy_control,Healthy,,,no,2019,primary,1.0,8.005
SAMEA7045526,PRJEB39223,,,adult,13514.25,male,GB,healthy_control,Healthy,,,no,2018,primary,1.0,7.543
SAMEA7045527,PRJEB39223,,,adult,19358.25,female,GB,healthy_control,Healthy,,,no,2018,primary,1.0,9.216
SAMEA7045528,PRJEB39223,,,adult,21915.0,female,GB,healthy_control,Healthy,,,no,2018,primary,1.0,9.864
SAMEA7045529,PRJEB39223,,,adult,18993.0,male,GB,healthy_control,Healthy,,,no,2018,primary,1.0,14.68
SAMEA7045530,PRJEB39223,,,adult,16801.5,female,GB,healthy_control,Healthy,,,no,2018,primary,1.0,10.711
SAMEA7045531,PRJEB39223,,,adult,16801.5,female,GB,healthy_control,Healthy,,,no,2018,primary,1.0,10.735
SAMEA7045532,PRJEB39223,,,adult,21549.75,female,GB,healthy_control,Healthy,,,no,2018,primary,1.0,7.776
SAMEA7045533,PRJEB39223,,,adult,20819.25,female,GB,healthy_control,Healthy,,,no,2018,primary,1.0,7.849
SAMEA7045534,PRJEB39223,,,adult,8400.75,female,GB,healthy_control,Healthy,,,no,2018,primary,1.0,6.646
SAMEA7045535,PRJEB39223,,,adult,21549.75,female,GB,healthy_control,Healthy,,,no,2018,primary,1.0,9.108
SAMEA7045536,PRJEB39223,,,adult,14610.0,female,GB,healthy_control,Healthy,,,no,2018,primary,1.0,8.193
SAMEA7045537,PRJEB39223,,,adult,21549.75,female,GB,healthy_control,Healthy,,,no,2018,primary,1.0,8.739
SAMEA7045538,PRJEB39223,,,adult,13879.5,female,GB,healthy_control,Healthy,,,no,2018,primary,1.0,8.461
SAMEA7045539,PRJEB39223,,,adult,15705.75,female,GB,healthy_control,Healthy,,,no,2018,primary,1.0,6.998
SAMEA7045540,PRJEB39223,,,adult,19723.5,female,GB,healthy_control,Healthy,,,no,2018,primary,1.0,15.143
SAMEA7045541,PRJEB39223,,,adult,22280.25,female,GB,healthy_control,Healthy,,,no,2018,primary,1.0,6.988
SAMEA7045542,PRJEB39223,,,adult,23376.0,male,GB,healthy_control,Healthy,,,no,2018,primary,1.0,10.022
SAMEA7045543,PRJEB39223,,,adult,16801.5,female,GB,healthy_control,Healthy,,,no,2018,primary,1.0,9.1
SAMEA7045544,PRJEB39223,,,adult,12783.75,male,GB,healthy_control,Healthy,,,no,2018,primary,1.0,3.328
SAMEA7045545,PRJEB39223,,,,23741.25,female,GB,healthy_control,Healthy,,,no,2018,primary,1.0,7.071
SAMEA7045546,PRJEB39223,,,adult,14975.25,female,GB,healthy_control,Healthy,,,no,2018,primary,1.0,7.144
SAMEA7045547,PRJEB39223,,,adult,10592.25,male,GB,healthy_control,Healthy,,,no,2018,primary,1.0,7.132
SAMEA7045548,PRJEB39223,,,adult,12783.75,female,US,healthy_control,Healthy,,,no,2019,primary,1.0,7.28
SAMEA7045549,PRJEB39223,,,adult,17532.0,female,GB,healthy_control,Healthy,,,no,2018,primary,1.0,9.139
SAMEA7045550,PRJEB39223,,,adult,13149.0,female,GB,healthy_control,Healthy,,,no,2018,primary,1.0,8.512
SAMEA7045551,PRJEB39223,,,adult,8400.75,male,GB,healthy_control,Healthy,,,no,2018,primary,1.0,10.533
SAMEA7045552,PRJEB39223,,,adult,21184.5,female,GB,healthy_control,Healthy,,,no,2018,primary,1.0,7.283
SAMEA7045553,PRJEB39223,,,adult,18262.5,female,GB,healthy_control,Healthy,,,no,2018,primary,1.0,9.614
SAMEA7045554,PRJEB39223,,,adult,15340.5,male,GB,healthy_control,Healthy,,,no,2018,primary,1.0,10.425
SAMEA7045555,PRJEB39223,,,adult,13514.25,female,GB,healthy_control,Healthy,,,no,2018,primary,1.0,7.174
SAMEA7045556,PRJEB39223,,,adult,16801.5,male,GB,healthy_control,Healthy,,,no,2018,primary,1.0,9.749
SAMEA7045557,PRJEB39223,,,adult,17166.75,female,GB,healthy_control,Healthy,,,no,2018,primary,1.0,7.649
SAMEA7045558,PRJEB39223,,,adult,18262.5,female,GB,healthy_control,Healthy,,,no,2018,primary,1.0,7.542
SAMEA7045559,PRJEB39223,,,adult,11322.75,female,GB,healthy_control,Healthy,,,no,2018,primary,1.0,7.754
SAMEA7045560,PRJEB39223,,,adult,18627.75,female,GB,healthy_control,Healthy,,,no,2018,primary,1.0,7.023
SAMEA7045561,PRJEB39223,,,adult,14975.25,male,GB,healthy_control,Healthy,,,no,2018,primary,1.0,13.118
SAMEA7045562,PRJEB39223,,,adult,9131.25,male,GB,healthy_control,Healthy,,,no,2018,primary,1.0,9.126
SAMEA7045563,PRJEB39223,,,adult,12418.5,female,GB,healthy_control,Healthy,,,no,2018,primary,1.0,8.204
SAMEA7045564,PRJEB39223,,,adult,15340.5,female,GB,healthy_control,Healthy,,,no,2018,primary,1.0,9.276
SAMEA7045565,PRJEB39223,,,adult,19723.5,male,GB,healthy_control,Healthy,,,no,2018,primary,1.0,8.985
SAMEA7045566,PRJEB39223,,,adult,19358.25,female,US,healthy_control,Healthy,,,no,2019,primary,1.0,7.897
SAMEA7045567,PRJEB39223,,,adult,21549.75,female,GB,healthy_control,Healthy,,,no,2018,primary,1.0,8.506
SAMEA7045568,PRJEB39223,,,adult,8035.5,male,GB,healthy_control,Healthy,,,no,2018,primary,1.0,6.163
SAMEA7045569,PRJEB39223,,,adult,23376.0,female,GB,healthy_control,Healthy,,,no,2018,primary,1.0,7.141
SAMEA7045570,PRJEB39223,,,adult,9496.5,female,GB,healthy_control,Healthy,,,no,2018,primary,1.0,8.768
SAMEA7045571,PRJEB39223,,,adult,19358.25,female,US,healthy_control,Healthy,,,no,2019,primary,1.0,8.989
SAMEA7045572,PRJEB39223,,,adult,14610.0,male,US,healthy_control,Healthy,,,no,2019,primary,1.0,7.671
SAMEA7045573,PRJEB39223,,,adult,12783.75,male,GB,healthy_control,Healthy,,,no,2018,primary,1.0,7.655
SAMEA7045574,PRJEB39223,,,adult,21549.75,female,GB,healthy_control,Healthy,,,no,2018,primary,1.0,6.963
SAMEA7045575,PRJEB39223,,,,23741.25,female,GB,healthy_control,Healthy,,,no,2018,primary,1.0,10.326
SAMEA7045576,PRJEB39223,,,adult,16801.5,female,GB,healthy_control,Healthy,,,no,2018,primary,1.0,8.094
SAMEA7045577,PRJEB39223,,,adult,17897.25,male,GB,healthy_control,Healthy,,,no,2018,primary,1.0,9.753
SAMEA7045578,PRJEB39223,,,adult,22645.5,male,GB,healthy_control,Healthy,,,no,2018,primary,1.0,7.1
SAMEA7045579,PRJEB39223,,,adult,18993.0,female,GB,healthy_control,Healthy,,,no,2018,primary,1.0,7.211
SAMEA7045580,PRJEB39223,,,adult,16436.25,female,GB,healthy_control,Healthy,,,no,2018,primary,1.0,7.036
SAMEA7045581,PRJEB39223,,,adult,23376.0,female,GB,healthy_control,Healthy,,,no,2018,primary,1.0,7.292
SAMEA7045582,PRJEB39223,,,adult,11322.75,male,GB,healthy_control,Healthy,,,no,2018,primary,1.0,8.031
SAMEA7045583,PRJEB39223,,,adult,16436.25,male,GB,healthy_control,Healthy,,,no,2018,primary,1.0,8.15
SAMEA7045584,PRJEB39223,,,adult,7670.25,female,GB,healthy_control,Healthy,,,no,2018,primary,1.0,15.338
SAMEA7045585,PRJEB39223,,,adult,17897.25,female,GB,healthy_control,Healthy,,,no,2018,primary,1.0,7.787
SAMEA7045586,PRJEB39223,,,adult,18627.75,female,GB,healthy_control,Healthy,,,no,2018,primary,1.0,10.788
SAMEA7045587,PRJEB39223,,,adult,8400.75,male,GB,healthy_control,Healthy,,,no,2018,primary,1.0,8.348
SAMEA7045588,PRJEB39223,,,adult,12053.25,female,GB,healthy_control,Healthy,,,no,2018,primary,1.0,7.694
SAMEA7045589,PRJEB39223,,,adult,16436.25,female,GB,healthy_control,Healthy,,,no,2018,primary,1.0,10.328
SAMEA7045590,PRJEB39223,,,adult,8766.0,female,GB,healthy_control,Healthy,,,no,2018,primary,1.0,7.842
SAMEA7045591,PRJEB39223,,,adult,20088.75,female,GB,healthy_control,Healthy,,,no,2018,primary,1.0,13.581
SAMEA7045592,PRJEB39223,,,adult,19723.5,female,US,healthy_control,Healthy,,,no,2019,primary,1.0,7.865
SAMEA7045593,PRJEB39223,,,adult,18993.0,male,GB,healthy_control,Healthy,,,no,2018,primary,1.0,6.703
SAMEA7045594,PRJEB39223,,,adult,15340.5,female,US,healthy_control,Healthy,,,no,2019,primary,1.0,7.942
SAMEA7045595,PRJEB39223,,,adult,8400.75,female,GB,healthy_control,Healthy,,,no,2018,primary,1.0,7.608
SAMEA7045596,PRJEB39223,,,adult,19358.25,female,GB,healthy_control,Healthy,,,no,2018,primary,1.0,7.455
SAMEA7045597,PRJEB39223,,,adult,9496.5,male,GB,healthy_control,Healthy,,,no,2018,primary,1.0,10.783
SAMEA7045598,PRJEB39223,,,adult,17166.75,female,GB,healthy_control,Healthy,,,no,2018,primary,1.0,10.972
SAMEA7045599,PRJEB39223,,,,23741.25,male,GB,healthy_control,Healthy,,,no,2018,primary,1.0,7.742
SAMEA7045600,PRJEB39223,,,adult,18993.0,male,GB,healthy_control,Healthy,,,no,2018,primary,1.0,8.518
SAMEA7045601,PRJEB39223,,,adult,9496.5,male,GB,healthy_control,Healthy,,,no,2018,primary,1.0,8.327
SAMEA7045602,PRJEB39223,,,adult,11688.0,female,GB,healthy_control,Healthy,,,no,2018,primary,1.0,10.09
SAMEA7045603,PRJEB39223,,,adult,8035.5,female,GB,healthy_control,Healthy,,,no,2018,primary,1.0,8.135
SAMEA7045604,PRJEB39223,,,adult,10227.0,female,GB,healthy_control,Healthy,,,no,2018,primary,1.0,10.347
SAMEA7045605,PRJEB39223,,,adult,11688.0,male,GB,healthy_control,Healthy,,,no,2018,primary,1.0,9.028
SAMEA7045606,PRJEB39223,,,adult,19358.25,female,GB,healthy_control,Healthy,,,no,2018,primary,1.0,8.57
SAMEA7045607,PRJEB39223,,,adult,8766.0,female,US,healthy_control,Healthy,,,no,2019,primary,1.0,7.875
SAMEA7045608,PRJEB39223,,,adult,8035.5,male,GB,healthy_control,Healthy,,,no,2018,primary,1.0,7.952
SAMEA7045609,PRJEB39223,,,adult,11322.75,male,GB,healthy_control,Healthy,,,no,2018,primary,1.0,7.717
SAMEA7045610,PRJEB39223,,,adult,19723.5,male,GB,healthy_control,Healthy,,,no,2018,primary,1.0,8.216
SAMEA7045611,PRJEB39223,,,adult,17897.25,female,GB,healthy_control,Healthy,,,no,2018,primary,1.0,8.53
SAMEA7045612,PRJEB39223,,,adult,15340.5,female,GB,healthy_control,Healthy,,,no,2018,primary,1.0,7.311
SAMEA7045613,PRJEB39223,,,adult,17897.25,female,GB,healthy_control,Healthy,,,no,2018,primary,1.0,11.157
SAMEA7045614,PRJEB39223,,,adult,12053.25,male,GB,healthy_control,Healthy,,,no,2018,primary,1.0,7.756
SAMEA7045615,PRJEB39223,,,adult,9131.25,female,GB,healthy_control,Healthy,,,no,2018,primary,1.0,10.171
SAMEA7045616,PRJEB39223,,,adult,12783.75,female,US,healthy_control,Healthy,,,no,2019,primary,1.0,10.016
SAMEA7045617,PRJEB39223,,,adult,17166.75,female,GB,healthy_control,Healthy,,,no,2018,primary,1.0,19.226
SAMEA7045618,PRJEB39223,,,adult,16071.0,male,GB,healthy_control,Healthy,,,no,2018,primary,1.0,8.703
SAMEA7045619,PRJEB39223,,,adult,18262.5,female,GB,healthy_control,Healthy,,,no,2018,primary,1.0,8.001
SAMEA7045620,PRJEB39223,,,adult,22280.25,male,GB,healthy_control,Healthy,,,no,2018,primary,1.0,7.381
SAMEA7045621,PRJEB39223,,,adult,19723.5,male,GB,healthy_control,Healthy,,,no,2018,primary,1.0,14.518
SAMEA7045622,PRJEB39223,,,adult,15705.75,female,GB,healthy_control,Healthy,,,no,2018,primary,1.0,8.458
SAMEA7045623,PRJEB39223,,,adult,20088.75,female,GB,healthy_control,Healthy,,,no,2018,primary,1.0,11.05
SAMEA7045624,PRJEB39223,,,,23741.25,female,GB,healthy_control,Healthy,,,no,2018,primary,1.0,7.209
SAMEA7045625,PRJEB39223,,,adult,17166.75,female,GB,healthy_control,Healthy,,,no,2018,primary,1.0,8.635
SAMEA7045626,PRJEB39223,,,adult,21549.75,female,GB,healthy_control,Healthy,,,no,2018,primary,1.0,8.029
SAMEA7045627,PRJEB39223,,,adult,17532.0,male,GB,healthy_control,Healthy,,,no,2018,primary,1.0,8.062
SAMEA7045628,PRJEB39223,,,adult,22280.25,male,GB,healthy_control,Healthy,,,no,2018,primary,1.0,7.456
SAMEA7045629,PRJEB39223,,,adult,9131.25,male,GB,healthy_control,Healthy,,,no,2018,primary,1.0,7.962
SAMEA7045630,PRJEB39223,,,adult,18993.0,female,GB,healthy_control,Healthy,,,no,2018,primary,1.0,7.734
SAMEA7045631,PRJEB39223,,,adult,9861.75,male,GB,healthy_control,Healthy,,,no,2018,primary,1.0,7.234
SAMEA7045632,PRJEB39223,,,adult,13879.5,male,GB,healthy_control,Healthy,,,no,2018,primary,1.0,7.988
SAMEA7045633,PRJEB39223,,,adult,20819.25,male,GB,healthy_control,Healthy,,,no,2018,primary,1.0,7.82
SAMEA7045634,PRJEB39223,,,adult,16801.5,male,GB,healthy_control,Healthy,,,no,2018,primary,1.0,8.693
SAMEA7045635,PRJEB39223,,,adult,15340.5,female,GB,healthy_control,Healthy,,,no,2018,primary,1.0,7.857
SAMEA7045636,PRJEB39223,,,adult,17166.75,female,GB,healthy_control,Healthy,,,no,2018,primary,1.0,9.441
SAMEA7045637,PRJEB39223,,,adult,19723.5,female,GB,healthy_control,Healthy,,,no,2018,primary,1.0,7.984
SAMEA7045638,PRJEB39223,,,adult,11322.75,male,US,healthy_control,Healthy,,,no,2019,primary,1.0,11.779
SAMEA7045639,PRJEB39223,,,adult,19723.5,female,GB,healthy_control,Healthy,,,no,2018,primary,1.0,11.111
SAMEA7045640,PRJEB39223,,,adult,23010.75,female,GB,healthy_control,Healthy,,,no,2018,primary,1.0,7.256
SAMEA7045641,PRJEB39223,,,adult,16436.25,female,GB,healthy_control,Healthy,,,no,2018,primary,1.0,1.781
SAMEA7045642,PRJEB39223,,,adult,12053.25,male,GB,healthy_control,Healthy,,,no,2018,primary,1.0,11.652
SAMEA7045643,PRJEB39223,,,adult,20819.25,female,GB,healthy_control,Healthy,,,no,2018,primary,1.0,17.173
SAMEA7045644,PRJEB39223,,,adult,18262.5,male,GB,healthy_control,Healthy,,,no,2018,primary,1.0,7.772
SAMEA7045645,PRJEB39223,,,adult,14975.25,female,GB,healthy_control,Healthy,,,no,2018,primary,1.0,5.255
SAMEA7045646,PRJEB39223,,,adult,17532.0,female,GB,healthy_control,Healthy,,,no,2018,primary,1.0,7.548
SAMEA7045647,PRJEB39223,,,adult,15705.75,female,GB,healthy_control,Healthy,,,no,2018,primary,1.0,8.718
SAMEA7045648,PRJEB39223,,,adult,19723.5,female,GB,healthy_control,Healthy,,,no,2018,primary,1.0,8.686
SAMEA7045649,PRJEB39223,,,adult,10957.5,male,GB,healthy_control,Healthy,,,no,2018,primary,1.0,7.349
SAMEA7045650,PRJEB39223,,,adult,10957.5,female,US,healthy_control,Healthy,,,no,2019,primary,1.0,7.821
SAMEA7045651,PRJEB39223,,,adult,11688.0,female,US,healthy_control,Healthy,,,no,2019,primary,1.0,8.598
SAMEA7045652,PRJEB39223,,,adult,18262.5,female,GB,healthy_control,Healthy,,,no,2018,primary,1.0,14.192
SAMEA7045653,PRJEB39223,,,adult,13879.5,female,GB,healthy_control,Healthy,,,no,2018,primary,1.0,7.499
SAMEA7045654,PRJEB39223,,,adult,23376.0,female,GB,healthy_control,Healthy,,,no,2018,primary,1.0,7.88
SAMEA7045655,PRJEB39223,,,adult,14975.25,female,GB,healthy_control,Healthy,,,no,2018,primary,1.0,8.941
SAMEA7045656,PRJEB39223,,,adult,23376.0,female,GB,healthy_control,Healthy,,,no,2018,primary,1.0,7.313
SAMEA7045657,PRJEB39223,,,,23741.25,female,GB,healthy_control,Healthy,,,no,2018,primary,1.0,7.068
SAMEA7045658,PRJEB39223,,,adult,21915.0,female,US,healthy_control,Healthy,,,no,2019,primary,1.0,10.607
SAMEA7045659,PRJEB39223,,,adult,22280.25,female,GB,healthy_control,Healthy,,,no,2018,primary,1.0,7.259
SAMEA7045660,PRJEB39223,,,adult,10227.0,male,GB,healthy_control,Healthy,,,no,2018,primary,1.0,6.965
SAMEA7045661,PRJEB39223,,,adult,15705.75,female,GB,healthy_control,Healthy,,,no,2018,primary,1.0,7.71
SAMEA7045662,PRJEB39223,,,adult,17166.75,female,GB,healthy_control,Healthy,,,no,2018,primary,1.0,7.559
SAMEA7045663,PRJEB39223,,,adult,18627.75,male,GB,healthy_control,Healthy,,,no,2018,primary,1.0,8.714
SAMEA7045664,PRJEB39223,,,adult,18262.5,female,GB,healthy_control,Healthy,,,no,2018,primary,1.0,7.882
SAMEA7045665,PRJEB39223,,,adult,21915.0,female,GB,healthy_control,Healthy,,,no,2018,primary,1.0,7.698
SAMEA7045666,PRJEB39223,,,adult,10227.0,male,GB,healthy_control,Healthy,,,no,2018,primary,1.0,7.568
SAMEA7045667,PRJEB39223,,,adult,17897.25,female,GB,healthy_control,Healthy,,,no,2018,primary,1.0,9.536
SAMEA7045668,PRJEB39223,,,adult,17532.0,female,GB,healthy_control,Healthy,,,no,2018,primary,1.0,9.064
SAMEA7045669,PRJEB39223,,,adult,23010.75,female,GB,healthy_control,Healthy,,,no,2018,primary,1.0,6.868
SAMEA7045670,PRJEB39223,,,adult,19358.25,female,GB,healthy_control,Healthy,,,no,2018,primary,1.0,7.09
SAMEA7045671,PRJEB39223,,,adult,17532.0,female,GB,healthy_control,Healthy,,,no,2018,primary,1.0,8.527
SAMEA7045672,PRJEB39223,,,adult,10592.25,female,GB,healthy_control,Healthy,,,no,2018,primary,1.0,7.304
SAMEA7045673,PRJEB39223,,,adult,18993.0,male,GB,healthy_control,Healthy,,,no,2018,primary,1.0,7.295
SAMEA7045674,PRJEB39223,,,adult,21915.0,female,US,healthy_control,Healthy,,,no,2019,primary,1.0,8.143
SAMEA7045675,PRJEB39223,,,adult,15340.5,female,GB,healthy_control,Healthy,,,no,2018,primary,1.0,9.701
SAMEA7045676,PRJEB39223,,,adult,16801.5,female,GB,healthy_control,Healthy,,,no,2018,primary,1.0,7.661
SAMEA7045677,PRJEB39223,,,adult,10592.25,male,GB,healthy_control,Healthy,,,no,2018,primary,1.0,12.753
SAMEA7045678,PRJEB39223,,,adult,9131.25,female,GB,healthy_control,Healthy,,,no,2018,primary,1.0,7.572
SAMEA7045679,PRJEB39223,,,adult,21915.0,female,US,healthy_control,Healthy,,,no,2019,primary,1.0,8.149
SAMEA7045680,PRJEB39223,,,adult,9861.75,female,GB,healthy_control,Healthy,,,no,2018,primary,1.0,8.12
SAMEA7045681,PRJEB39223,,,adult,19358.25,female,GB,healthy_control,Healthy,,,no,2018,primary,1.0,7.784
SAMEA7045682,PRJEB39223,,,adult,23010.75,female,GB,healthy_control,Healthy,,,no,2018,primary,1.0,10.429
SAMEA7045683,PRJEB39223,,,adult,17532.0,female,GB,healthy_control,Healthy,,,no,2018,primary,1.0,7.919
SAMEA7045684,PRJEB39223,,,adult,20088.75,female,GB,healthy_control,Healthy,,,no,2018,primary,1.0,7.955
SAMEA7045685,PRJEB39223,,,adult,15340.5,male,GB,healthy_control,Healthy,,,no,2018,primary,1.0,7.034
SAMEA7045686,PRJEB39223,,,adult,11688.0,female,GB,healthy_control,Healthy,,,no,2018,primary,1.0,8.433
SAMEA7045687,PRJEB39223,,,adult,15705.75,female,GB,healthy_control,Healthy,,,no,2018,primary,1.0,7.555
SAMEA7045688,PRJEB39223,,,adult,15340.5,female,US,healthy_control,Healthy,,,no,2019,primary,1.0,7.858
SAMEA7045689,PRJEB39223,,,adult,16071.0,female,GB,healthy_control,Healthy,,,no,2018,primary,1.0,10.759
SAMEA7045690,PRJEB39223,,,adult,21915.0,female,GB,healthy_control,Healthy,,,no,2018,primary,1.0,7.021
SAMEA7045691,PRJEB39223,,,adult,18993.0,male,GB,healthy_control,Healthy,,,no,2018,primary,1.0,1.86
SAMEA7045692,PRJEB39223,,,adult,15340.5,female,GB,healthy_control,Healthy,,,no,2018,primary,1.0,8.497
SAMEA7045693,PRJEB39223,,,adult,15705.75,female,GB,healthy_control,Healthy,,,no,2018,primary,1.0,9.874
SAMEA7045694,PRJEB39223,,,adult,18993.0,male,GB,healthy_control,Healthy,,,no,2018,primary,1.0,9.029
SAMEA7045695,PRJEB39223,,,,23741.25,male,GB,healthy_control,Healthy,,,no,2018,primary,1.0,7.133
SAMEA7045696,PRJEB39223,,,adult,10957.5,female,GB,healthy_control,Healthy,,,no,2018,primary,1.0,20.156
SAMEA7045697,PRJEB39223,,,adult,13514.25,female,GB,healthy_control,Healthy,,,no,2018,primary,1.0,7.949
SAMEA7045698,PRJEB39223,,,adult,23376.0,female,GB,healthy_control,Healthy,,,no,2018,primary,1.0,7.323
SAMEA7045699,PRJEB39223,,,adult,7670.25,female,GB,healthy_control,Healthy,,,no,2018,primary,1.0,8.68
SAMEA7045700,PRJEB39223,,,adult,20454.0,male,GB,healthy_control,Healthy,,,no,2018,primary,1.0,8.936
SAMEA7045701,PRJEB39223,,,adult,23376.0,female,GB,healthy_control,Healthy,,,no,2018,primary,1.0,7.201
SAMEA7045702,PRJEB39223,,,adult,19358.25,male,GB,healthy_control,Healthy,,,no,2018,primary,1.0,7.948
SAMEA7045703,PRJEB39223,,,adult,20819.25,male,GB,healthy_control,Healthy,,,no,2018,primary,1.0,7.982
SAMEA7045704,PRJEB39223,,,adult,13514.25,female,GB,healthy_control,Healthy,,,no,2018,primary,1.0,9.708
SAMEA7045705,PRJEB39223,,,adult,17166.75,female,GB,healthy_control,Healthy,,,no,2018,primary,1.0,9.734
SAMEA7045706,PRJEB39223,,,adult,9131.25,female,GB,healthy_control,Healthy,,,no,2018,primary,1.0,10.616
SAMEA7045707,PRJEB39223,,,adult,16071.0,female,GB,healthy_control,Healthy,,,no,2018,primary,1.0,14.448
SAMEA7045708,PRJEB39223,,,adult,19358.25,female,GB,healthy_control,Healthy,,,no,2018,primary,1.0,13.147
SAMEA7045709,PRJEB39223,,,adult,9861.75,male,US,healthy_control,Healthy,,,no,2019,primary,1.0,8.089
SAMEA7045710,PRJEB39223,,,adult,17532.0,male,US,healthy_control,Healthy,,,no,2019,primary,1.0,9.928
SAMEA7045711,PRJEB39223,,,adult,16436.25,female,GB,healthy_control,Healthy,,,no,2018,primary,1.0,7.588
SAMEA7045712,PRJEB39223,,,adult,11688.0,male,US,healthy_control,Healthy,,,no,2019,primary,1.0,8.128
SAMEA7045713,PRJEB39223,,,adult,18262.5,female,GB,healthy_control,Healthy,,,no,2018,primary,1.0,7.349
SAMEA7045714,PRJEB39223,,,adult,13514.25,female,GB,healthy_control,Healthy,,,no,2018,primary,1.0,9.741
SAMEA7045715,PRJEB39223,,,adult,9496.5,female,US,healthy_control,Healthy,,,no,2019,primary,1.0,8.019
SAMEA7045716,PRJEB39223,,,adult,11688.0,male,US,healthy_control,Healthy,,,no,2019,primary,1.0,7.704
SAMEA7045717,PRJEB39223,,,adult,19723.5,female,GB,healthy_control,Healthy,,,no,2018,primary,1.0,10.07
SAMEA7045718,PRJEB39223,,,adult,13149.0,female,GB,healthy_control,Healthy,,,no,2018,primary,1.0,9.107
SAMEA7045719,PRJEB39223,,,adult,16436.25,female,GB,healthy_control,Healthy,,,no,2018,primary,1.0,8.43
SAMEA7045720,PRJEB39223,,,adult,20454.0,female,GB,healthy_control,Healthy,,,no,2018,primary,1.0,6.855
SAMEA7045721,PRJEB39223,,,adult,13879.5,female,GB,healthy_control,Healthy,,,no,2018,primary,1.0,7.872
SAMEA7045722,PRJEB39223,,,adult,15340.5,female,US,healthy_control,Healthy,,,no,2019,primary,1.0,15.737
SAMEA7045723,PRJEB39223,,,adult,14975.25,female,GB,healthy_control,Healthy,,,no,2018,primary,1.0,12.968
SAMEA7045724,PRJEB39223,,,adult,16436.25,female,GB,healthy_control,Healthy,,,no,2018,primary,1.0,6.731
SAMEA7045725,PRJEB39223,,,adult,23010.75,female,GB,healthy_control,Healthy,,,no,2018,primary,1.0,7.986
SAMEA7045726,PRJEB39223,,,adult,20454.0,female,GB,healthy_control,Healthy,,,no,2018,primary,1.0,7.527
SAMEA7045727,PRJEB39223,,,adult,14610.0,male,GB,healthy_control,Healthy,,,no,2018,primary,1.0,7.683
SAMEA7045728,PRJEB39223,,,adult,13149.0,female,GB,healthy_control,Healthy,,,no,2018,primary,1.0,7.246
SAMEA7045729,PRJEB39223,,,adult,18262.5,male,GB,healthy_control,Healthy,,,no,2018,primary,1.0,9.005
SAMEA7045730,PRJEB39223,,,adult,20819.25,female,GB,healthy_control,Healthy,,,no,2018,primary,1.0,7.383
SAMEA7045731,PRJEB39223,,,adult,19358.25,female,GB,healthy_control,Healthy,,,no,2018,primary,1.0,8.522
SAMEA7045732,PRJEB39223,,,adult,19723.5,male,GB,healthy_control,Healthy,,,no,2018,primary,1.0,7.627
SAMEA7045733,PRJEB39223,,,adult,10592.25,male,GB,healthy_control,Healthy,,,no,2018,primary,1.0,9.927
SAMEA7045734,PRJEB39223,,,adult,15705.75,female,GB,healthy_control,Healthy,,,no,2018,primary,1.0,6.923
SAMEA7045735,PRJEB39223,,,adult,16436.25,male,GB,healthy_control,Healthy,,,no,2018,primary,1.0,7.809
SAMEA7045736,PRJEB39223,,,adult,17166.75,male,GB,healthy_control,Healthy,,,no,2018,primary,1.0,8.332
SAMEA7045737,PRJEB39223,,,adult,21549.75,female,GB,healthy_control,Healthy,,,no,2018,primary,1.0,7.585
SAMEA7045738,PRJEB39223,,,adult,17532.0,female,GB,healthy_control,Healthy,,,no,2018,primary,1.0,7.438
SAMEA7045739,PRJEB39223,,,adult,19358.25,female,GB,healthy_control,Healthy,,,no,2018,primary,1.0,7.824
SAMEA7045740,PRJEB39223,,,adult,10957.5,female,GB,healthy_control,Healthy,,,no,2018,primary,1.0,8.826
SAMEA7045741,PRJEB39223,,,adult,14975.25,female,GB,healthy_control,Healthy,,,no,2018,primary,1.0,9.004
SAMEA7045742,PRJEB39223,,,adult,20454.0,female,GB,healthy_control,Healthy,,,no,2018,primary,1.0,7.771
SAMEA7045743,PRJEB39223,,,adult,18993.0,female,GB,healthy_control,Healthy,,,no,2018,primary,1.0,7.287
SAMEA7045744,PRJEB39223,,,adult,12053.25,male,GB,healthy_control,Healthy,,,no,2018,primary,1.0,7.546
SAMEA7045745,PRJEB39223,,,adult,12053.25,female,GB,healthy_control,Healthy,,,no,2018,primary,1.0,12.706
SAMEA7045746,PRJEB39223,,,adult,23376.0,female,GB,healthy_control,Healthy,,,no,2018,primary,1.0,8.003
SAMEA7045747,PRJEB39223,,,adult,23010.75,female,GB,healthy_control,Healthy,,,no,2018,primary,1.0,7.301
SAMEA7045748,PRJEB39223,,,adult,22280.25,male,GB,healthy_control,Healthy,,,no,2018,primary,1.0,8.131
SAMEA7045749,PRJEB39223,,,adult,13149.0,female,GB,healthy_control,Healthy,,,no,2018,primary,1.0,7.348
SAMEA7045750,PRJEB39223,,,adult,13149.0,male,GB,healthy_control,Healthy,,,no,2018,primary,1.0,7.21
SAMEA7045751,PRJEB39223,,,adult,18627.75,male,GB,healthy_control,Healthy,,,no,2018,primary,1.0,9.809
SAMEA7045752,PRJEB39223,,,adult,12783.75,male,GB,healthy_control,Healthy,,,no,2018,primary,1.0,8.29
SAMEA7045753,PRJEB39223,,,adult,13879.5,female,GB,healthy_control,Healthy,,,no,2018,primary,1.0,7.517
SAMEA7045754,PRJEB39223,,,adult,7670.25,female,GB,healthy_control,Healthy,,,no,2018,primary,1.0,11.994
SAMEA7045755,PRJEB39223,,,adult,18993.0,female,GB,healthy_control,Healthy,,,no,2018,primary,1.0,9.756
SAMEA7045756,PRJEB39223,,,adult,16436.25,female,US,healthy_control,Healthy,,,no,2019,primary,1.0,13.139
SAMEA7045757,PRJEB39223,,,adult,14610.0,female,GB,healthy_control,Healthy,,,no,2018,primary,1.0,10.916
SAMEA7045758,PRJEB39223,,,adult,20088.75,female,GB,healthy_control,Healthy,,,no,2018,primary,1.0,8.22
SAMEA7045759,PRJEB39223,,,adult,18993.0,male,GB,healthy_control,Healthy,,,no,2018,primary,1.0,8.132
SAMEA7045760,PRJEB39223,,,adult,14610.0,male,US,healthy_control,Healthy,,,no,2019,primary,1.0,8.074
SAMEA7045761,PRJEB39223,,,adult,23010.75,male,US,healthy_control,Healthy,,,no,2019,primary,1.0,8.551
SAMEA7045762,PRJEB39223,,,adult,9496.5,female,GB,healthy_control,Healthy,,,no,2018,primary,1.0,8.076
SAMEA7045763,PRJEB39223,,,adult,16801.5,female,GB,healthy_control,Healthy,,,no,2018,primary,1.0,9.118
SAMEA7045764,PRJEB39223,,,adult,20454.0,male,GB,healthy_control,Healthy,,,no,2018,primary,1.0,8.854
SAMEA7045765,PRJEB39223,,,adult,12783.75,female,US,healthy_control,Healthy,,,no,2019,primary,1.0,8.146
SAMEA7045766,PRJEB39223,,,adult,20819.25,female,GB,healthy_control,Healthy,,,no,2018,primary,1.0,7.694
SAMEA7045767,PRJEB39223,,,adult,23376.0,female,GB,healthy_control,Healthy,,,no,2018,primary,1.0,8.61
SAMEA7045768,PRJEB39223,,,adult,19723.5,male,GB,healthy_control,Healthy,,,no,2018,primary,1.0,7.763
SAMEA7045769,PRJEB39223,,,adult,17532.0,male,GB,healthy_control,Healthy,,,no,2018,primary,1.0,8.146
SAMEA7045770,PRJEB39223,,,adult,17532.0,female,GB,healthy_control,Healthy,,,no,2018,primary,1.0,10.807
SAMEA7045771,PRJEB39223,,,adult,14244.75,female,GB,healthy_control,Healthy,,,no,2018,primary,1.0,8.154
SAMEA7045772,PRJEB39223,,,adult,16436.25,female,GB,healthy_control,Healthy,,,no,2018,primary,1.0,9.533
SAMEA7045773,PRJEB39223,,,adult,9861.75,female,US,healthy_control,Healthy,,,no,2019,primary,1.0,8.985
SAMEA7045774,PRJEB39223,,,adult,9861.75,female,GB,healthy_control,Healthy,,,no,2018,primary,1.0,11.127
SAMEA7045775,PRJEB39223,,,adult,20454.0,female,GB,healthy_control,Healthy,,,no,2018,primary,1.0,7.019
SAMEA7045776,PRJEB39223,,,adult,14610.0,female,GB,healthy_control,Healthy,,,no,2018,primary,1.0,10.268
SAMEA7045777,PRJEB39223,,,adult,8766.0,female,US,healthy_control,Healthy,,,no,2019,primary,1.0,8.528
SAMEA7045778,PRJEB39223,,,adult,15705.75,female,GB,healthy_control,Healthy,,,no,2018,primary,1.0,9.381
SAMEA7045779,PRJEB39223,,,adult,14975.25,female,GB,healthy_control,Healthy,,,no,2018,primary,1.0,11.61
SAMEA7045780,PRJEB39223,,,adult,6939.75,female,GB,healthy_control,Healthy,,,no,2018,primary,1.0,6.929
SAMEA7045781,PRJEB39223,,,adult,19358.25,female,GB,healthy_control,Healthy,,,no,2018,primary,1.0,8.67
SAMEA7045782,PRJEB39223,,,adult,16436.25,female,GB,healthy_control,Healthy,,,no,2018,primary,1.0,8.437
SAMEA7045783,PRJEB39223,,,adult,20454.0,female,GB,healthy_control,Healthy,,,no,2018,primary,1.0,8.495
SAMEA7045784,PRJEB39223,,,adult,14610.0,male,GB,healthy_control,Healthy,,,no,2018,primary,1.0,8.799
SAMEA7045785,PRJEB39223,,,adult,15340.5,female,GB,healthy_control,Healthy,,,no,2018,primary,1.0,9.362
SAMEA7045786,PRJEB39223,,,adult,8766.0,female,GB,healthy_control,Healthy,,,no,2018,primary,1.0,7.032
SAMEA7045787,PRJEB39223,,,adult,23010.75,female,GB,healthy_control,Healthy,,,no,2018,primary,1.0,7.508
SAMEA7045788,PRJEB39223,,,adult,6939.75,female,GB,healthy_control,Healthy,,,no,2018,primary,1.0,13.663
SAMEA7045789,PRJEB39223,,,adult,17897.25,female,GB,healthy_control,Healthy,,,no,2018,primary,1.0,12.332
SAMEA7045790,PRJEB39223,,,adult,20454.0,female,GB,healthy_control,Healthy,,,no,2018,primary,1.0,9.511
SAMEA7045791,PRJEB39223,,,adult,7305.0,female,GB,healthy_control,Healthy,,,no,2018,primary,1.0,16.026
SAMEA7045792,PRJEB39223,,,adult,15340.5,female,GB,healthy_control,Healthy,,,no,2018,primary,1.0,7.939
SAMEA7045793,PRJEB39223,,,adult,21549.75,female,GB,healthy_control,Healthy,,,no,2018,primary,1.0,11.199
SAMEA7045794,PRJEB39223,,,adult,15705.75,female,GB,healthy_control,Healthy,,,no,2018,primary,1.0,7.956
SAMEA7045795,PRJEB39223,,,adult,12418.5,female,GB,healthy_control,Healthy,,,no,2018,primary,1.0,8.911
SAMEA7045796,PRJEB39223,,,adult,16436.25,male,GB,healthy_control,Healthy,,,no,2018,primary,1.0,7.38
SAMEA7045797,PRJEB39223,,,adult,14975.25,female,GB,healthy_control,Healthy,,,no,2018,primary,1.0,6.846
SAMEA7045798,PRJEB39223,,,adult,21184.5,female,GB,healthy_control,Healthy,,,no,2018,primary,1.0,7.049
SAMEA7045799,PRJEB39223,,,adult,11322.75,male,GB,healthy_control,Healthy,,,no,2018,primary,1.0,7.521
SAMEA7045800,PRJEB39223,,,adult,8035.5,male,GB,healthy_control,Healthy,,,no,2018,primary,1.0,8.428
SAMEA7045801,PRJEB39223,,,adult,12783.75,male,GB,healthy_control,Healthy,,,no,2018,primary,1.0,8.465
SAMEA7045802,PRJEB39223,,,adult,17166.75,female,GB,healthy_control,Healthy,,,no,2018,primary,1.0,8.458
SAMEA7045803,PRJEB39223,,,adult,10957.5,female,US,healthy_control,Healthy,,,no,2019,primary,1.0,5.899
SAMEA7045804,PRJEB39223,,,adult,13514.25,female,GB,healthy_control,Healthy,,,no,2018,primary,1.0,7.175
SAMEA7045805,PRJEB39223,,,adult,22645.5,female,GB,healthy_control,Healthy,,,no,2018,primary,1.0,9.321
SAMEA7045806,PRJEB39223,,,adult,20088.75,male,GB,healthy_control,Healthy,,,no,2018,primary,1.0,7.145
SAMEA7045807,PRJEB39223,,,adult,23376.0,female,GB,healthy_control,Healthy,,,no,2018,primary,1.0,7.061
SAMEA7045808,PRJEB39223,,,adult,14975.25,male,GB,healthy_control,Healthy,,,no,2018,primary,1.0,9.104
SAMEA7045809,PRJEB39223,,,adult,21915.0,female,GB,healthy_control,Healthy,,,no,2018,primary,1.0,8.515
SAMEA7045810,PRJEB39223,,,adult,21915.0,female,GB,healthy_control,Healthy,,,no,2018,primary,1.0,7.481
SAMEA7045811,PRJEB39223,,,adult,14975.25,female,GB,healthy_control,Healthy,,,no,2018,primary,1.0,10.048
SAMEA7045812,PRJEB39223,,,adult,20819.25,female,GB,healthy_control,Healthy,,,no,2018,primary,1.0,7.485
SAMEA7045813,PRJEB39223,,,adult,10227.0,male,GB,healthy_control,Healthy,,,no,2018,primary,1.0,14.38
SAMEA7045814,PRJEB39223,,,adult,12783.75,female,GB,healthy_control,Healthy,,,no,2018,primary,1.0,8.8
SAMEA7045815,PRJEB39223,,,adult,14610.0,female,GB,healthy_control,Healthy,,,no,2018,primary,1.0,8.464
SAMEA7045816,PRJEB39223,,,adult,15705.75,male,GB,healthy_control,Healthy,,,no,2018,primary,1.0,11.344
SAMEA7045817,PRJEB39223,,,adult,19723.5,female,GB,healthy_control,Healthy,,,no,2018,primary,1.0,17.475
SAMEA7045818,PRJEB39223,,,adult,20819.25,male,GB,healthy_control,Healthy,,,no,2018,primary,1.0,14.286
SAMEA7045819,PRJEB39223,,,adult,9496.5,male,GB,healthy_control,Healthy,,,no,2018,primary,1.0,7.806
SAMEA7045820,PRJEB39223,,,adult,20088.75,female,US,healthy_control,Healthy,,,no,2019,primary,1.0,7.416
SAMEA7045821,PRJEB39223,,,adult,9131.25,female,GB,healthy_control,Healthy,,,no,2018,primary,1.0,8.104
SAMEA7045822,PRJEB39223,,,adult,14975.25,female,GB,healthy_control,Healthy,,,no,2018,primary,1.0,7.762
SAMEA7045823,PRJEB39223,,,adult,21549.75,male,GB,healthy_control,Healthy,,,no,2018,primary,1.0,7.806
SAMEA7045824,PRJEB39223,,,adult,18262.5,female,GB,healthy_control,Healthy,,,no,2018,primary,1.0,7.966
SAMEA7045825,PRJEB39223,,,adult,22645.5,female,GB,healthy_control,Healthy,,,no,2018,primary,1.0,6.927
SAMEA7045826,PRJEB39223,,,adult,19358.25,female,GB,healthy_control,Healthy,,,no,2018,primary,1.0,7.214
SAMEA7045827,PRJEB39223,,,adult,11322.75,male,GB,healthy_control,Healthy,,,no,2018,primary,1.0,7.526
SAMEA7045828,PRJEB39223,,,adult,13879.5,female,GB,healthy_control,Healthy,,,no,2018,primary,1.0,7.247
SAMEA7045829,PRJEB39223,,,adult,13514.25,female,GB,healthy_control,Healthy,,,no,2018,primary,1.0,8.944
SAMEA7045830,PRJEB39223,,,adult,18262.5,female,GB,healthy_control,Healthy,,,no,2018,primary,1.0,7.402
SAMEA7045831,PRJEB39223,,,adult,20819.25,female,GB,healthy_control,Healthy,,,no,2018,primary,1.0,7.954
SAMEA7045832,PRJEB39223,,,adult,18993.0,female,GB,healthy_control,Healthy,,,no,2018,primary,1.0,7.374
SAMEA7045833,PRJEB39223,,,adult,14975.25,female,GB,healthy_control,Healthy,,,no,2018,primary,1.0,7.267
SAMEA7045834,PRJEB39223,,,adult,15705.75,female,GB,healthy_control,Healthy,,,no,2018,primary,1.0,9.797
SAMEA7045835,PRJEB39223,,,adult,9131.25,female,GB,healthy_control,Healthy,,,no,2018,primary,1.0,9.191
SAMEA7045836,PRJEB39223,,,adult,7305.0,male,GB,healthy_control,Healthy,,,no,2018,primary,1.0,27.502
SAMEA7045837,PRJEB39223,,,adult,19723.5,female,GB,healthy_control,Healthy,,,no,2018,primary,1.0,12.734
SAMEA7045838,PRJEB39223,,,adult,16801.5,female,GB,healthy_control,Healthy,,,no,2018,primary,1.0,6.785
SAMEA7045839,PRJEB39223,,,adult,15705.75,male,GB,healthy_control,Healthy,,,no,2018,primary,1.0,7.952
SAMEA7045840,PRJEB39223,,,adult,14610.0,female,US,healthy_control,Healthy,,,no,2019,primary,1.0,7.495
SAMEA7045841,PRJEB39223,,,adult,17532.0,female,GB,healthy_control,Healthy,,,no,2018,primary,1.0,12.495
SAMEA7045842,PRJEB39223,,,adult,9131.25,male,GB,healthy_control,Healthy,,,no,2018,primary,1.0,7.333
SAMEA7045843,PRJEB39223,,,adult,21184.5,female,GB,healthy_control,Healthy,,,no,2018,primary,1.0,14.444
SAMEA7045844,PRJEB39223,,,adult,8035.5,male,GB,healthy_control,Healthy,,,no,2018,primary,1.0,9.522
SAMEA7045845,PRJEB39223,,,adult,20819.25,female,GB,healthy_control,Healthy,,,no,2018,primary,1.0,7.997
SAMEA7045846,PRJEB39223,,,adult,19723.5,female,GB,healthy_control,Healthy,,,no,2018,primary,1.0,7.139
SAMEA7045847,PRJEB39223,,,adult,14244.75,female,GB,healthy_control,Healthy,,,no,2018,primary,1.0,7.428
SAMEA7045848,PRJEB39223,,,adult,10957.5,male,GB,healthy_control,Healthy,,,no,2018,primary,1.0,8.099
SAMEA7045849,PRJEB39223,,,adult,21549.75,female,GB,healthy_control,Healthy,,,no,2018,primary,1.0,9.883
SAMEA7045850,PRJEB39223,,,adult,18627.75,female,GB,healthy_control,Healthy,,,no,2018,primary,1.0,8.393
SAMEA7045851,PRJEB39223,,,adult,14610.0,female,GB,healthy_control,Healthy,,,no,2018,primary,1.0,6.998
SAMEA7045852,PRJEB39223,,,adult,13879.5,female,GB,healthy_control,Healthy,,,no,2018,primary,1.0,8.173
SAMEA7045853,PRJEB39223,,,adult,10227.0,female,GB,healthy_control,Healthy,,,no,2018,primary,1.0,7.743
SAMEA7045854,PRJEB39223,,,adult,22645.5,female,GB,healthy_control,Healthy,,,no,2018,primary,1.0,7.08
SAMEA7045855,PRJEB39223,,,adult,19723.5,male,GB,healthy_control,Healthy,,,no,2018,primary,1.0,9.44
SAMEA7045856,PRJEB39223,,,adult,11322.75,female,GB,healthy_control,Healthy,,,no,2018,primary,1.0,11.497
SAMEA7045857,PRJEB39223,,,adult,22645.5,female,GB,healthy_control,Healthy,,,no,2018,primary,1.0,7.048
SAMEA7045858,PRJEB39223,,,adult,20454.0,female,GB,healthy_control,Healthy,,,no,2018,primary,1.0,7.694
SAMEA7045859,PRJEB39223,,,adult,9131.25,female,GB,healthy_control,Healthy,,,no,2018,primary,1.0,8.876
SAMEA7045860,PRJEB39223,,,adult,19358.25,female,GB,healthy_control,Healthy,,,no,2018,primary,1.0,7.648
SAMEA7045861,PRJEB39223,,,adult,21549.75,female,GB,healthy_control,Healthy,,,no,2018,primary,1.0,8.332
SAMEA7045862,PRJEB39223,,,adult,14610.0,male,GB,healthy_control,Healthy,,,no,2018,primary,1.0,8.392
SAMEA7045863,PRJEB39223,,,adult,11688.0,female,GB,healthy_control,Healthy,,,no,2018,primary,1.0,11.683
SAMEA7045864,PRJEB39223,,,adult,17897.25,male,GB,healthy_control,Healthy,,,no,2018,primary,1.0,7.837
SAMEA7045865,PRJEB39223,,,adult,14975.25,female,GB,healthy_control,Healthy,,,no,2018,primary,1.0,7.325
SAMEA7045866,PRJEB39223,,,adult,16801.5,female,GB,healthy_control,Healthy,,,no,2018,primary,1.0,8.069
SAMEA7045867,PRJEB39223,,,adult,21184.5,female,GB,healthy_control,Healthy,,,no,2018,primary,1.0,8.53
SAMEA7045868,PRJEB39223,,,adult,10957.5,female,GB,healthy_control,Healthy,,,no,2018,primary,1.0,8.902
SAMEA7045869,PRJEB39223,,,adult,16801.5,female,GB,healthy_control,Healthy,,,no,2018,primary,1.0,11.29
SAMEA7045870,PRJEB39223,,,adult,18993.0,female,GB,healthy_control,Healthy,,,no,2018,primary,1.0,9.064
SAMEA7045871,PRJEB39223,,,adult,16436.25,female,GB,healthy_control,Healthy,,,no,2018,primary,1.0,7.468
SAMEA7045872,PRJEB39223,,,adult,12053.25,male,GB,healthy_control,Healthy,,,no,2018,primary,1.0,8.511
SAMEA7045873,PRJEB39223,,,adult,9131.25,female,GB,healthy_control,Healthy,,,no,2018,primary,1.0,8.742
SAMEA7045874,PRJEB39223,,,adult,17166.75,female,GB,healthy_control,Healthy,,,no,2018,primary,1.0,9.544
SAMEA7045875,PRJEB39223,,,adult,14610.0,male,GB,healthy_control,Healthy,,,no,2018,primary,1.0,8.022
SAMEA7045876,PRJEB39223,,,adult,16801.5,female,GB,healthy_control,Healthy,,,no,2018,primary,1.0,11.716
SAMEA7045877,PRJEB39223,,,adult,10227.0,female,US,healthy_control,Healthy,,,no,2019,primary,1.0,9.394
SAMEA7045878,PRJEB39223,,,adult,12783.75,female,GB,healthy_control,Healthy,,,no,2018,primary,1.0,10.464
SAMEA7045879,PRJEB39223,,,adult,14975.25,female,GB,healthy_control,Healthy,,,no,2018,primary,1.0,8.269
SAMEA7045880,PRJEB39223,,,adult,7670.25,male,GB,healthy_control,Healthy,,,no,2018,primary,1.0,10.963
SAMEA7045881,PRJEB39223,,,adult,17166.75,male,GB,healthy_control,Healthy,,,no,2018,primary,1.0,9.288
SAMEA7045882,PRJEB39223,,,adult,22645.5,female,GB,healthy_control,Healthy,,,no,2018,primary,1.0,7.199
SAMEA7045883,PRJEB39223,,,adult,18627.75,female,GB,healthy_control,Healthy,,,no,2018,primary,1.0,9.933
SAMEA7045884,PRJEB39223,,,adult,8766.0,female,GB,healthy_control,Healthy,,,no,2018,primary,1.0,6.366
SAMEA7045885,PRJEB39223,,,adult,20819.25,female,GB,healthy_control,Healthy,,,no,2018,primary,1.0,12.435
SAMEA7045886,PRJEB39223,,,adult,18262.5,female,GB,healthy_control,Healthy,,,no,2018,primary,1.0,7.705
SAMEA7045887,PRJEB39223,,,adult,13514.25,male,GB,healthy_control,Healthy,,,no,2018,primary,1.0,7.789
SAMEA7045888,PRJEB39223,,,adult,13149.0,male,GB,healthy_control,Healthy,,,no,2018,primary,1.0,7.667
SAMEA7045889,PRJEB39223,,,adult,19358.25,female,GB,healthy_control,Healthy,,,no,2018,primary,1.0,6.999
SAMEA7045890,PRJEB39223,,,adult,16436.25,female,GB,healthy_control,Healthy,,,no,2018,primary,1.0,12.333
SAMEA7045891,PRJEB39223,,,adult,23010.75,male,GB,healthy_control,Healthy,,,no,2018,primary,1.0,7.779
SAMEA7045892,PRJEB39223,,,adult,18627.75,female,GB,healthy_control,Healthy,,,no,2018,primary,1.0,8.307
SAMEA7045893,PRJEB39223,,,adult,12053.25,female,GB,healthy_control,Healthy,,,no,2018,primary,1.0,6.973
SAMEA7045894,PRJEB39223,,,adult,11322.75,female,GB,healthy_control,Healthy,,,no,2018,primary,1.0,9.096
SAMEA7045895,PRJEB39223,,,adult,15705.75,male,GB,healthy_control,Healthy,,,no,2018,primary,1.0,11.648
SAMEA7045896,PRJEB39223,,,adult,14610.0,female,GB,healthy_control,Healthy,,,no,2018,primary,1.0,8.392
SAMEA7045897,PRJEB39223,,,adult,21915.0,female,GB,healthy_control,Healthy,,,no,2018,primary,1.0,8.539
SAMEA7045898,PRJEB39223,,,adult,16801.5,male,GB,healthy_control,Healthy,,,no,2018,primary,1.0,8.07
SAMEA7045899,PRJEB39223,,,adult,9861.75,female,GB,healthy_control,Healthy,,,no,2018,primary,1.0,7.926
SAMEA7045900,PRJEB39223,,,adult,15340.5,male,GB,healthy_control,Healthy,,,no,2018,primary,1.0,10.062
SAMEA7045901,PRJEB39223,,,adult,19723.5,female,GB,healthy_control,Healthy,,,no,2018,primary,1.0,7.093
SAMEA7045902,PRJEB39223,,,adult,21549.75,female,GB,healthy_control,Healthy,,,no,2018,primary,1.0,5.547
SAMEA7045903,PRJEB39223,,,adult,10592.25,female,GB,healthy_control,Healthy,,,no,2018,primary,1.0,10.095
SAMEA7045904,PRJEB39223,,,adult,17897.25,female,GB,healthy_control,Healthy,,,no,2018,primary,1.0,10.62
SAMEA7045905,PRJEB39223,,,adult,12053.25,female,GB,healthy_control,Healthy,,,no,2018,primary,1.0,7.635
SAMEA7045906,PRJEB39223,,,adult,14610.0,female,GB,healthy_control,Healthy,,,no,2018,primary,1.0,7.066
SAMEA7045907,PRJEB39223,,,adult,21549.75,female,US,healthy_control,Healthy,,,no,2019,primary,1.0,10.097
SAMEA7045908,PRJEB39223,,,adult,18262.5,female,GB,healthy_control,Healthy,,,no,2018,primary,1.0,7.414
SAMEA7045909,PRJEB39223,,,adult,13514.25,female,GB,healthy_control,Healthy,,,no,2018,primary,1.0,9.783
SAMEA7045910,PRJEB39223,,,adult,22280.25,female,GB,healthy_control,Healthy,,,no,2018,primary,1.0,8.123
SAMEA7045911,PRJEB39223,,,adult,13514.25,female,GB,healthy_control,Healthy,,,no,2018,primary,1.0,6.892
SAMEA7045912,PRJEB39223,,,,23741.25,female,GB,healthy_control,Healthy,,,no,2018,primary,1.0,9.062
SAMEA7045913,PRJEB39223,,,adult,9861.75,female,GB,healthy_control,Healthy,,,no,2018,primary,1.0,7.002
SAMEA7045914,PRJEB39223,,,adult,23010.75,female,GB,healthy_control,Healthy,,,no,2018,primary,1.0,9.413
SAMEA7045915,PRJEB39223,,,adult,13879.5,male,GB,healthy_control,Healthy,,,no,2018,primary,1.0,7.627
SAMEA7045916,PRJEB39223,,,adult,17897.25,male,US,healthy_control,Healthy,,,no,2019,primary,1.0,8.861
SAMEA7045917,PRJEB39223,,,adult,11688.0,female,GB,healthy_control,Healthy,,,no,2018,primary,1.0,10.261
SAMEA7045919,PRJEB39223,,,adult,22645.5,male,GB,healthy_control,Healthy,,,no,2018,primary,1.0,7.595
SAMEA7045920,PRJEB39223,,,adult,14975.25,male,GB,healthy_control,Healthy,,,no,2018,primary,1.0,7.168
SAMEA7045921,PRJEB39223,,,adult,17166.75,female,GB,healthy_control,Healthy,,,no,2018,primary,1.0,7.821
SAMEA7045922,PRJEB39223,,,adult,18993.0,male,GB,healthy_control,Healthy,,,no,2018,primary,1.0,7.045
SAMEA7045923,PRJEB39223,,,adult,17166.75,female,GB,healthy_control,Healthy,,,no,2018,primary,1.0,7.215
SAMEA7045924,PRJEB39223,,,adult,21184.5,female,GB,healthy_control,Healthy,,,no,2018,primary,1.0,7.333
SAMEA7045925,PRJEB39223,,,,23741.25,female,GB,healthy_control,Healthy,,,no,2018,primary,1.0,8.606
SAMEA7045926,PRJEB39223,,,adult,15340.5,female,GB,healthy_control,Healthy,,,no,2018,primary,1.0,7.327
SAMEA7045927,PRJEB39223,,,adult,16801.5,female,GB,healthy_control,Healthy,,,no,2018,primary,1.0,10.0
SAMEA7045928,PRJEB39223,,,adult,18627.75,female,GB,healthy_control,Healthy,,,no,2018,primary,1.0,10.188
SAMEA7045929,PRJEB39223,,,adult,19723.5,male,GB,healthy_control,Healthy,,,no,2018,primary,1.0,7.459
SAMEA7045930,PRJEB39223,,,adult,17532.0,female,GB,healthy_control,Healthy,,,no,2018,primary,1.0,8.735
SAMEA7045931,PRJEB39223,,,adult,20819.25,female,GB,healthy_control,Healthy,,,no,2018,primary,1.0,7.824
SAMEA7045932,PRJEB39223,,,adult,10592.25,female,US,healthy_control,Healthy,,,no,2019,primary,1.0,8.048
SAMEA7045933,PRJEB39223,,,adult,12053.25,female,GB,healthy_control,Healthy,,,no,2018,primary,1.0,13.129
SAMEA7045934,PRJEB39223,,,adult,14975.25,female,GB,healthy_control,Healthy,,,no,2018,primary,1.0,7.67
SAMEA7045935,PRJEB39223,,,adult,17532.0,female,GB,healthy_control,Healthy,,,no,2018,primary,1.0,7.631
SAMEA7045936,PRJEB39223,,,adult,9861.75,female,GB,healthy_control,Healthy,,,no,2018,primary,1.0,12.066
SAMEA7045937,PRJEB39223,,,adult,11322.75,female,GB,healthy_control,Healthy,,,no,2018,primary,1.0,8.437
SAMEA7045938,PRJEB39223,,,adult,19723.5,male,US,healthy_control,Healthy,,,no,2019,primary,1.0,7.727
SAMEA7045939,PRJEB39223,,,adult,15340.5,female,GB,healthy_control,Healthy,,,no,2018,primary,1.0,7.598
SAMEA7045940,PRJEB39223,,,adult,18993.0,female,GB,healthy_control,Healthy,,,no,2018,primary,1.0,13.767
SAMEA7045941,PRJEB39223,,,adult,17166.75,female,GB,healthy_control,Healthy,,,no,2018,primary,1.0,7.45
SAMEA7045942,PRJEB39223,,,adult,16436.25,female,GB,healthy_control,Healthy,,,no,2018,primary,1.0,7.47
SAMEA7045943,PRJEB39223,,,adult,8035.5,male,US,healthy_control,Healthy,,,no,2019,primary,1.0,7.973
SAMEA7045944,PRJEB39223,,,adult,19358.25,female,US,healthy_control,Healthy,,,no,2019,primary,1.0,8.967
SAMEA7045945,PRJEB39223,,,adult,18262.5,female,GB,healthy_control,Healthy,,,no,2018,primary,1.0,8.247
SAMEA7045946,PRJEB39223,,,adult,20088.75,female,GB,healthy_control,Healthy,,,no,2018,primary,1.0,4.135
SAMEA7045947,PRJEB39223,,,adult,16801.5,female,GB,healthy_control,Healthy,,,no,2018,primary,1.0,12.075
SAMEA7045948,PRJEB39223,,,adult,21184.5,female,GB,healthy_control,Healthy,,,no,2018,primary,1.0,7.063
SAMEA7045949,PRJEB39223,,,adult,16071.0,female,GB,healthy_control,Healthy,,,no,2018,primary,1.0,11.748
SAMEA7045950,PRJEB39223,,,adult,9861.75,female,GB,healthy_control,Healthy,,,no,2018,primary,1.0,8.578
SAMEA7045951,PRJEB39223,,,adult,22280.25,male,GB,healthy_control,Healthy,,,no,2018,primary,1.0,7.778
SAMEA7045952,PRJEB39223,,,adult,12783.75,male,US,healthy_control,Healthy,,,no,2019,primary,1.0,8.994
SAMEA7045953,PRJEB39223,,,adult,23010.75,female,GB,healthy_control,Healthy,,,no,2018,primary,1.0,7.439
