sample_key,study_accession,subject_id,timepoint_label,age_category,age_at_collection_days,sex,country,health_condition,health_condition_detail,intervention,intervention_detail,antibiotic_exposure,collection_date,body_site_class,n_runs,seq_gbp
SAMEA11122569,PRJEB49383,,,infant,,,GB,,,,,,,unknown,1.0,0.42
SAMEA11122577,PRJEB49383,,,infant,,,GB,,,,,,,primary,1.0,1.369
SAMEA11122579,PRJEB49383,,,infant,,,GB,,,,,,,primary,1.0,2.971
SAMEA11122581,PRJEB49383,,,infant,,,GB,,,,,,,primary,1.0,1.827
SAMEA11122583,PRJEB49383,,,infant,,,GB,,,,,,,primary,1.0,6.209
SAMEA11122585,PRJEB49383,,,infant,,,GB,,,,,,,primary,1.0,1.224
SAMEA11122587,PRJEB49383,,,infant,,,GB,,,,,,,primary,1.0,5.659
SAMEA11122589,PRJEB49383,,,infant,,,GB,,,,,,,primary,1.0,3.1
SAMEA11122591,PRJEB49383,,,infant,,,GB,,,,,,,primary,1.0,2.583
SAMEA11122593,PRJEB49383,,,infant,,,GB,,,,,,,primary,1.0,7.831
SAMEA11122595,PRJEB49383,,,infant,,,GB,,,,,,,primary,1.0,4.543
SAMEA11122597,PRJEB49383,,,infant,,,GB,,,,,,,primary,1.0,2.504
SAMEA11122599,PRJEB49383,,,infant,,,GB,,,,,,,primary,1.0,5.596
SAMEA11122601,PRJEB49383,,,infant,,,GB,,,,,,,primary,1.0,0.183
SAMEA11122603,PRJEB49383,,,infant,,,GB,,,,,,,primary,1.0,0.024
SAMEA11122605,PRJEB49383,,,infant,,,GB,,,,,,,primary,1.0,2.958
SAMEA11122607,PRJEB49383,,,infant,,,GB,,,,,,,primary,1.0,1.584
SAMEA11122609,PRJEB49383,,,infant,,,GB,,,,,,,primary,1.0,1.154
SAMEA11122611,PRJEB49383,,,infant,,,GB,,,,,,,primary,1.0,15.287
SAMEA11122613,PRJEB49383,,,infant,,,GB,,,,,,,primary,1.0,5.965
SAMEA11122615,PRJEB49383,,,infant,,,GB,,,,,,,primary,1.0,3.025
SAMEA11122617,PRJEB49383,,,infant,,,GB,,,,,,,primary,1.0,2.47
SAMEA11122619,PRJEB49383,,,infant,,,GB,,,,,,,primary,1.0,4.776
SAMEA11122750,PRJEB49383,,,infant,,,GB,,,,,,,primary,1.0,0.991
SAMEA11122752,PRJEB49383,,,infant,,,GB,,,,,,,primary,1.0,5.784
SAMEA11122754,PRJEB49383,,,infant,,,GB,,,,,,,primary,1.0,6.164
SAMEA11122756,PRJEB49383,,,infant,,,GB,,,,,,,primary,1.0,1.295
SAMEA11122758,PRJEB49383,,,infant,,,GB,,,,,,,primary,1.0,7.415
SAMEA11122760,PRJEB49383,,,infant,,,GB,,,,,,,primary,1.0,0.926
SAMEA11122762,PRJEB49383,,,infant,,,GB,,,,,,,primary,1.0,0.372
SAMEA11122764,PRJEB49383,,,infant,,,GB,,,,,,,primary,1.0,0.841
SAMEA11122766,PRJEB49383,,,infant,,,GB,,,,,,,primary,1.0,4.182
SAMEA11122768,PRJEB49383,,,infant,,,GB,,,,,,,primary,1.0,3.04
SAMEA11122770,PRJEB49383,,,infant,,,GB,,,,,,,primary,1.0,1.831
SAMEA11122772,PRJEB49383,,,infant,,,GB,,,,,,,primary,1.0,5.504
SAMEA11122774,PRJEB49383,,,infant,,,GB,,,,,,,primary,1.0,2.614
SAMEA11122776,PRJEB49383,,,infant,,,GB,,,,,,,primary,1.0,0.8
SAMEA11122778,PRJEB49383,,,infant,,,GB,,,,,,,primary,1.0,6.922
SAMEA11122780,PRJEB49383,,,infant,,,GB,,,,,,,primary,1.0,2.902
SAMEA11122782,PRJEB49383,,,infant,,,GB,,,,,,,primary,1.0,3.03
SAMEA11122784,PRJEB49383,,,infant,,,GB,,,,,,,primary,1.0,5.625
SAMEA11122786,PRJEB49383,,,infant,,,GB,,,,,,,primary,1.0,5.667
SAMEA11122788,PRJEB49383,,,infant,,,GB,,,,,,,primary,1.0,4.596
SAMEA11122790,PRJEB49383,,,infant,,,GB,,,,,,,primary,1.0,4.175
SAMEA11122792,PRJEB49383,,,infant,,,GB,,,,,,,primary,1.0,2.642
SAMEA11122794,PRJEB49383,,,infant,,,GB,,,,,,,primary,1.0,1.44
SAMEA11122796,PRJEB49383,,,infant,,,GB,,,,,,,primary,1.0,1.684
SAMEA11122798,PRJEB49383,,,infant,,,GB,,,,,,,primary,1.0,2.073
SAMEA11122800,PRJEB49383,,,infant,,,GB,,,,,,,primary,1.0,2.0
SAMEA11122802,PRJEB49383,,,infant,,,GB,,,,,,,primary,1.0,4.743
SAMEA11122804,PRJEB49383,,,infant,,,GB,,,,,,,primary,1.0,0.013
SAMEA11122806,PRJEB49383,,,infant,,,GB,,,,,,,primary,1.0,1.714
SAMEA11122808,PRJEB49383,,,infant,,,GB,,,,,,,primary,1.0,3.071
SAMEA11122810,PRJEB49383,,,infant,,,GB,,,,,,,primary,1.0,1.49
SAMEA11122812,PRJEB49383,,,infant,,,GB,,,,,,,primary,1.0,5.234
SAMEA11122814,PRJEB49383,,,infant,,,GB,,,,,,,primary,1.0,4.918
SAMEA11122816,PRJEB49383,,,infant,,,GB,,,,,,,primary,1.0,4.332
SAMEA11122818,PRJEB49383,,,infant,,,GB,,,,,,,primary,1.0,1.877
SAMEA11122820,PRJEB49383,,,infant,,,GB,,,,,,,primary,1.0,4.788
SAMEA11122822,PRJEB49383,,,infant,,,GB,,,,,,,primary,1.0,2.98
SAMEA11122824,PRJEB49383,,,infant,,,GB,,,,,,,primary,1.0,4.645
SAMEA11122826,PRJEB49383,,,infant,,,GB,,,,,,,primary,1.0,4.867
SAMEA11122828,PRJEB49383,,,infant,,,GB,,,,,,,primary,1.0,6.006
SAMEA11122830,PRJEB49383,,,infant,,,GB,,,,,,,primary,1.0,5.249
SAMEA11122832,PRJEB49383,,,infant,,,GB,,,,,,,primary,1.0,4.038
SAMEA11122834,PRJEB49383,,,infant,,,GB,,,,,,,primary,1.0,6.603
SAMEA11122836,PRJEB49383,,,infant,,,GB,,,,,,,primary,1.0,5.287
SAMEA11122838,PRJEB49383,,,infant,,,GB,,,,,,,primary,1.0,5.137
SAMEA11122840,PRJEB49383,,,infant,,,GB,,,,,,,primary,1.0,6.626
SAMEA11122842,PRJEB49383,,,infant,,,GB,,,,,,,primary,1.0,3.247
SAMEA11122844,PRJEB49383,,,infant,,,GB,,,,,,,primary,1.0,7.275
SAMEA11122846,PRJEB49383,,,infant,,,GB,,,,,,,primary,1.0,3.768
SAMEA11122848,PRJEB49383,,,infant,,,GB,,,,,,,primary,1.0,4.153
SAMEA11122850,PRJEB49383,,,infant,,,GB,,,,,,,primary,1.0,2.635
SAMEA11122852,PRJEB49383,,,infant,,,GB,,,,,,,primary,1.0,4.15
SAMEA11122854,PRJEB49383,,,infant,,,GB,,,,,,,primary,1.0,4.052
SAMEA11122856,PRJEB49383,,,infant,,,GB,,,,,,,primary,1.0,0.08
SAMEA11122858,PRJEB49383,,,infant,,,GB,,,,,,,primary,1.0,3.546
SAMEA11122860,PRJEB49383,,,infant,,,GB,,,,,,,primary,1.0,4.229
SAMEA11122862,PRJEB49383,,,infant,,,GB,,,,,,,primary,1.0,4.936
SAMEA11122864,PRJEB49383,,,infant,,,GB,,,,,,,primary,1.0,0.944
SAMEA11122866,PRJEB49383,,,infant,,,GB,,,,,,,primary,1.0,3.724
SAMEA11122868,PRJEB49383,,,infant,,,GB,,,,,,,primary,1.0,0.903
SAMEA11122870,PRJEB49383,,,infant,,,GB,,,,,,,primary,1.0,6.813
SAMEA11122872,PRJEB49383,,,infant,,,GB,,,,,,,primary,1.0,4.175
SAMEA11122874,PRJEB49383,,,infant,,,GB,,,,,,,primary,1.0,3.189
SAMEA11122876,PRJEB49383,,,infant,,,GB,,,,,,,primary,1.0,2.464
SAMEA11122878,PRJEB49383,,,infant,,,GB,,,,,,,primary,1.0,0.0
SAMEA11122880,PRJEB49383,,,infant,,,GB,,,,,,,primary,1.0,3.704
SAMEA11122882,PRJEB49383,,,infant,,,GB,,,,,,,primary,1.0,1.262
SAMEA11122884,PRJEB49383,,,infant,,,GB,,,,,,,primary,1.0,2.516
SAMEA11122886,PRJEB49383,,,infant,,,GB,,,,,,,primary,1.0,7.052
SAMEA11122888,PRJEB49383,,,infant,,,GB,,,,,,,primary,1.0,2.18
SAMEA11122890,PRJEB49383,,,infant,,,GB,,,,,,,primary,1.0,3.341
SAMEA11122892,PRJEB49383,,,infant,,,GB,,,,,,,primary,1.0,1.785
SAMEA11122894,PRJEB49383,,,infant,,,GB,,,,,,,primary,1.0,4.024
SAMEA11122896,PRJEB49383,,,infant,,,GB,,,,,,,primary,1.0,0.661
SAMEA11122898,PRJEB49383,,,infant,,,GB,,,,,,,primary,1.0,2.453
SAMEA11122900,PRJEB49383,,,infant,,,GB,,,,,,,primary,1.0,2.251
SAMEA11122902,PRJEB49383,,,infant,,,GB,,,,,,,primary,1.0,5.486
SAMEA11122904,PRJEB49383,,,infant,,,GB,,,,,,,primary,1.0,3.861
SAMEA11122906,PRJEB49383,,,infant,,,GB,,,,,,,primary,1.0,2.609
SAMEA11122908,PRJEB49383,,,infant,,,GB,,,,,,,primary,1.0,3.995
SAMEA11122910,PRJEB49383,,,infant,,,GB,,,,,,,primary,1.0,4.652
SAMEA11122912,PRJEB49383,,,infant,,,GB,,,,,,,primary,1.0,1.311
SAMEA11122914,PRJEB49383,,,infant,,,GB,,,,,,,primary,1.0,4.583
SAMEA11122916,PRJEB49383,,,infant,,,GB,,,,,,,primary,1.0,2.269
SAMEA11122919,PRJEB49383,,,infant,,,GB,,,,,,,primary,1.0,4.494
SAMEA11122921,PRJEB49383,,,infant,,,GB,,,,,,,primary,1.0,3.038
SAMEA11122923,PRJEB49383,,,infant,,,GB,,,,,,,primary,1.0,3.414
SAMEA11122925,PRJEB49383,,,infant,,,GB,,,,,,,primary,1.0,4.168
SAMEA11122927,PRJEB49383,,,infant,,,GB,,,,,,,primary,1.0,4.353
SAMEA11122929,PRJEB49383,,,infant,,,GB,,,,,,,primary,1.0,2.92
SAMEA11122931,PRJEB49383,,,infant,,,GB,,,,,,,primary,1.0,3.487
SAMEA11122933,PRJEB49383,,,infant,,,GB,,,,,,,primary,1.0,7.443
SAMEA11122935,PRJEB49383,,,infant,,,GB,,,,,,,primary,1.0,1.567
SAMEA11122937,PRJEB49383,,,infant,,,GB,,,,,,,primary,1.0,5.44
SAMEA11122939,PRJEB49383,,,infant,,,GB,,,,,,,primary,1.0,2.024
SAMEA11122941,PRJEB49383,,,infant,,,GB,,,,,,,primary,1.0,2.067
SAMEA11122943,PRJEB49383,,,infant,,,GB,,,,,,,primary,1.0,2.624
SAMEA11122945,PRJEB49383,,,infant,,,GB,,,,,,,primary,1.0,0.617
SAMEA11122947,PRJEB49383,,,infant,,,GB,,,,,,,primary,1.0,5.376
SAMEA11122949,PRJEB49383,,,infant,,,GB,,,,,,,primary,1.0,1.65
SAMEA11122951,PRJEB49383,,,infant,,,GB,,,,,,,primary,1.0,4.588
SAMEA11122953,PRJEB49383,,,infant,,,GB,,,,,,,primary,1.0,2.25
SAMEA11122955,PRJEB49383,,,infant,,,GB,,,,,,,primary,1.0,2.793
SAMEA11122957,PRJEB49383,,,infant,,,GB,,,,,,,primary,1.0,4.131
SAMEA11122959,PRJEB49383,,,infant,,,GB,,,,,,,primary,1.0,4.005
SAMEA11122961,PRJEB49383,,,infant,,,GB,,,,,,,primary,1.0,6.759
SAMEA11122963,PRJEB49383,,,infant,,,GB,,,,,,,primary,1.0,6.57
SAMEA11122965,PRJEB49383,,,infant,,,GB,,,,,,,primary,1.0,4.627
SAMEA11122967,PRJEB49383,,,infant,,,GB,,,,,,,primary,1.0,8.38
SAMEA11122969,PRJEB49383,,,infant,,,GB,,,,,,,primary,1.0,14.528
SAMEA11122971,PRJEB49383,,,infant,,,GB,,,,,,,primary,1.0,3.724
SAMEA11122973,PRJEB49383,,,infant,,,GB,,,,,,,primary,1.0,2.064
SAMEA11122975,PRJEB49383,,,infant,,,GB,,,,,,,primary,1.0,2.442
SAMEA11122977,PRJEB49383,,,infant,,,GB,,,,,,,primary,1.0,1.701
SAMEA11122979,PRJEB49383,,,infant,,,GB,,,,,,,primary,1.0,13.5
SAMEA11122981,PRJEB49383,,,infant,,,GB,,,,,,,primary,1.0,4.881
SAMEA11122983,PRJEB49383,,,infant,,,GB,,,,,,,primary,1.0,4.478
SAMEA11122985,PRJEB49383,,,infant,,,GB,,,,,,,primary,1.0,4.031
SAMEA11122987,PRJEB49383,,,infant,,,GB,,,,,,,primary,1.0,5.978
SAMEA11122990,PRJEB49383,,,infant,,,GB,,,,,,,primary,1.0,2.977
SAMEA11122992,PRJEB49383,,,infant,,,GB,,,,,,,primary,1.0,2.048
SAMEA11122994,PRJEB49383,,,infant,,,GB,,,,,,,primary,1.0,4.302
SAMEA11122996,PRJEB49383,,,infant,,,GB,,,,,,,primary,1.0,0.875
SAMEA11122998,PRJEB49383,,,infant,,,GB,,,,,,,primary,1.0,5.11
SAMEA11123000,PRJEB49383,,,infant,,,GB,,,,,,,primary,1.0,7.247
SAMEA11123002,PRJEB49383,,,infant,,,GB,,,,,,,primary,1.0,8.118
SAMEA11123004,PRJEB49383,,,infant,,,GB,,,,,,,primary,1.0,3.738
SAMEA11123006,PRJEB49383,,,infant,,,GB,,,,,,,primary,1.0,4.033
SAMEA11123008,PRJEB49383,,,infant,,,GB,,,,,,,primary,1.0,8.497
SAMEA11123010,PRJEB49383,,,infant,,,GB,,,,,,,primary,1.0,6.574
SAMEA11123012,PRJEB49383,,,infant,,,GB,,,,,,,primary,1.0,4.87
SAMEA11123014,PRJEB49383,,,infant,,,GB,,,,,,,primary,1.0,4.01
SAMEA11123016,PRJEB49383,,,infant,,,GB,,,,,,,primary,1.0,3.319
SAMEA11123018,PRJEB49383,,,infant,,,GB,,,,,,,primary,1.0,1.682
SAMEA11123020,PRJEB49383,,,infant,,,GB,,,,,,,primary,1.0,0.488
SAMEA11123022,PRJEB49383,,,infant,,,GB,,,,,,,primary,1.0,1.779
SAMEA11123024,PRJEB49383,,,infant,,,GB,,,,,,,primary,1.0,0.903
SAMEA11123026,PRJEB49383,,,infant,,,GB,,,,,,,primary,1.0,8.428
SAMEA11123028,PRJEB49383,,,infant,,,GB,,,,,,,primary,1.0,2.493
SAMEA11123030,PRJEB49383,,,infant,,,GB,,,,,,,primary,1.0,3.753
SAMEA11123032,PRJEB49383,,,infant,,,GB,,,,,,,primary,1.0,0.509
SAMEA11123034,PRJEB49383,,,infant,,,GB,,,,,,,primary,1.0,1.583
SAMEA11123036,PRJEB49383,,,infant,,,GB,,,,,,,primary,1.0,6.478
SAMEA11123038,PRJEB49383,,,infant,,,GB,,,,,,,primary,1.0,3.359
SAMEA11123040,PRJEB49383,,,infant,,,GB,,,,,,,primary,1.0,4.66
SAMEA11123042,PRJEB49383,,,infant,,,GB,,,,,,,primary,1.0,2.521
SAMEA11123044,PRJEB49383,,,infant,,,GB,,,,,,,primary,1.0,6.068
SAMEA11123046,PRJEB49383,,,infant,,,GB,,,,,,,primary,1.0,2.381
SAMEA11123048,PRJEB49383,,,infant,,,GB,,,,,,,primary,1.0,4.179
SAMEA11123050,PRJEB49383,,,infant,,,GB,,,,,,,primary,1.0,4.559
SAMEA11123052,PRJEB49383,,,infant,,,GB,,,,,,,primary,1.0,2.839
SAMEA11123054,PRJEB49383,,,infant,,,GB,,,,,,,primary,1.0,7.256
SAMEA11123056,PRJEB49383,,,infant,,,GB,,,,,,,primary,1.0,4.959
SAMEA11123058,PRJEB49383,,,infant,,,GB,,,,,,,primary,1.0,2.403
SAMEA11123060,PRJEB49383,,,infant,,,GB,,,,,,,primary,1.0,3.137
SAMEA11123062,PRJEB49383,,,infant,,,GB,,,,,,,primary,1.0,6.621
SAMEA11123064,PRJEB49383,,,infant,,,GB,,,,,,,primary,1.0,3.501
SAMEA11123066,PRJEB49383,,,infant,,,GB,,,,,,,primary,1.0,0.932
SAMEA11123068,PRJEB49383,,,infant,,,GB,,,,,,,primary,1.0,4.358
SAMEA11123070,PRJEB49383,,,infant,,,GB,,,,,,,primary,1.0,5.878
SAMEA11123072,PRJEB49383,,,infant,,,GB,,,,,,,primary,1.0,3.477
SAMEA11123074,PRJEB49383,,,infant,,,GB,,,,,,,primary,1.0,4.693
SAMEA11123076,PRJEB49383,,,infant,,,GB,,,,,,,primary,1.0,3.096
SAMEA11123078,PRJEB49383,,,infant,,,GB,,,,,,,primary,1.0,4.685
SAMEA11123080,PRJEB49383,,,infant,,,GB,,,,,,,primary,1.0,7.482
SAMEA11123082,PRJEB49383,,,infant,,,GB,,,,,,,primary,1.0,13.057
SAMEA11123084,PRJEB49383,,,infant,,,GB,,,,,,,primary,1.0,70.113
SAMEA11123086,PRJEB49383,,,infant,,,GB,,,,,,,primary,1.0,0.008
SAMEA11123088,PRJEB49383,,,infant,,,GB,,,,,,,primary,1.0,3.836
SAMEA11123090,PRJEB49383,,,infant,,,GB,,,,,,,primary,1.0,4.192
SAMEA11123092,PRJEB49383,,,infant,,,GB,,,,,,,primary,1.0,1.163
SAMEA11123094,PRJEB49383,,,infant,,,GB,,,,,,,primary,1.0,6.032
SAMEA11123096,PRJEB49383,,,infant,,,GB,,,,,,,primary,1.0,0.489
SAMEA11123098,PRJEB49383,,,infant,,,GB,,,,,,,primary,1.0,10.798
SAMEA11123100,PRJEB49383,,,infant,,,GB,,,,,,,primary,1.0,0.682
SAMEA11123102,PRJEB49383,,,infant,,,GB,,,,,,,primary,1.0,2.342
SAMEA11123104,PRJEB49383,,,infant,,,GB,,,,,,,primary,1.0,6.102
SAMEA11123106,PRJEB49383,,,infant,,,GB,,,,,,,primary,1.0,3.363
SAMEA11123108,PRJEB49383,,,infant,,,GB,,,,,,,primary,1.0,6.135
SAMEA11123111,PRJEB49383,,,infant,,,GB,,,,,,,primary,1.0,4.027
SAMEA11123113,PRJEB49383,,,infant,,,GB,,,,,,,primary,1.0,8.004
SAMEA11123115,PRJEB49383,,,infant,,,GB,,,,,,,primary,1.0,9.12
SAMEA11123117,PRJEB49383,,,infant,,,GB,,,,,,,primary,1.0,0.007
SAMEA11123119,PRJEB49383,,,infant,,,GB,,,,,,,primary,1.0,4.86
SAMEA11123121,PRJEB49383,,,infant,,,GB,,,,,,,primary,1.0,2.629
SAMEA11123123,PRJEB49383,,,infant,,,GB,,,,,,,primary,1.0,2.685
SAMEA11123125,PRJEB49383,,,infant,,,GB,,,,,,,primary,1.0,1.043
SAMEA11123127,PRJEB49383,,,infant,,,GB,,,,,,,primary,1.0,3.953
SAMEA11123129,PRJEB49383,,,infant,,,GB,,,,,,,primary,1.0,6.686
SAMEA11123131,PRJEB49383,,,infant,,,GB,,,,,,,primary,1.0,0.0
SAMEA11123133,PRJEB49383,,,infant,,,GB,,,,,,,primary,1.0,4.929
SAMEA11123135,PRJEB49383,,,infant,,,GB,,,,,,,primary,1.0,0.562
SAMEA11123137,PRJEB49383,,,infant,,,GB,,,,,,,primary,1.0,1.071
SAMEA11123139,PRJEB49383,,,infant,,,GB,,,,,,,primary,1.0,0.011
SAMEA11123141,PRJEB49383,,,infant,,,GB,,,,,,,primary,1.0,3.168
SAMEA11123143,PRJEB49383,,,infant,,,GB,,,,,,,primary,1.0,5.253
SAMEA11123145,PRJEB49383,,,infant,,,GB,,,,,,,primary,1.0,4.488
SAMEA11123147,PRJEB49383,,,infant,,,GB,,,,,,,primary,1.0,0.539
SAMEA11123149,PRJEB49383,,,infant,,,GB,,,,,,,primary,1.0,1.727
SAMEA11123151,PRJEB49383,,,infant,,,GB,,,,,,,primary,1.0,6.405
SAMEA11123153,PRJEB49383,,,infant,,,GB,,,,,,,primary,1.0,1.535
SAMEA11123155,PRJEB49383,,,infant,,,GB,,,,,,,primary,1.0,8.597
SAMEA11123157,PRJEB49383,,,infant,,,GB,,,,,,,primary,1.0,2.72
SAMEA11123159,PRJEB49383,,,infant,,,GB,,,,,,,primary,1.0,2.537
SAMEA11123161,PRJEB49383,,,infant,,,GB,,,,,,,primary,1.0,10.439
SAMEA11123163,PRJEB49383,,,infant,,,GB,,,,,,,primary,1.0,4.892
SAMEA11123165,PRJEB49383,,,infant,,,GB,,,,,,,primary,1.0,0.01
SAMEA11123167,PRJEB49383,,,infant,,,GB,,,,,,,primary,1.0,5.256
SAMEA11123169,PRJEB49383,,,infant,,,GB,,,,,,,primary,1.0,8.252
SAMEA11123171,PRJEB49383,,,infant,,,GB,,,,,,,primary,1.0,6.308
SAMEA11123173,PRJEB49383,,,infant,,,GB,,,,,,,primary,1.0,4.536
SAMEA11123175,PRJEB49383,,,infant,,,GB,,,,,,,primary,1.0,4.039
SAMEA11123177,PRJEB49383,,,infant,,,GB,,,,,,,primary,1.0,3.176
SAMEA11123179,PRJEB49383,,,infant,,,GB,,,,,,,primary,1.0,3.112
SAMEA11123181,PRJEB49383,,,infant,,,GB,,,,,,,primary,1.0,6.232
SAMEA11123183,PRJEB49383,,,infant,,,GB,,,,,,,primary,1.0,5.203
SAMEA11123185,PRJEB49383,,,infant,,,GB,,,,,,,primary,1.0,9.904
SAMEA11123187,PRJEB49383,,,infant,,,GB,,,,,,,primary,1.0,5.669
SAMEA11123189,PRJEB49383,,,infant,,,GB,,,,,,,primary,1.0,1.07
SAMEA11123191,PRJEB49383,,,infant,,,GB,,,,,,,primary,1.0,0.842
SAMEA11123193,PRJEB49383,,,infant,,,GB,,,,,,,primary,1.0,0.272
SAMEA11123195,PRJEB49383,,,infant,,,GB,,,,,,,primary,1.0,5.248
SAMEA11123197,PRJEB49383,,,infant,,,GB,,,,,,,primary,1.0,6.438
SAMEA11123199,PRJEB49383,,,infant,,,GB,,,,,,,primary,1.0,1.856
SAMEA11123201,PRJEB49383,,,infant,,,GB,,,,,,,primary,1.0,1.59
SAMEA11123203,PRJEB49383,,,infant,,,GB,,,,,,,primary,1.0,4.068
SAMEA11123205,PRJEB49383,,,infant,,,GB,,,,,,,primary,1.0,2.9
SAMEA11123207,PRJEB49383,,,infant,,,GB,,,,,,,primary,1.0,2.459
SAMEA11123209,PRJEB49383,,,infant,,,GB,,,,,,,primary,1.0,2.767
SAMEA11123211,PRJEB49383,,,infant,,,GB,,,,,,,primary,1.0,3.253
SAMEA11123213,PRJEB49383,,,infant,,,GB,,,,,,,primary,1.0,3.032
SAMEA11123215,PRJEB49383,,,infant,,,GB,,,,,,,primary,1.0,4.262
SAMEA11123217,PRJEB49383,,,infant,,,GB,,,,,,,primary,1.0,3.334
SAMEA11123219,PRJEB49383,,,infant,,,GB,,,,,,,primary,1.0,4.197
SAMEA11123221,PRJEB49383,,,infant,,,GB,,,,,,,primary,1.0,2.945
SAMEA11123223,PRJEB49383,,,infant,,,GB,,,,,,,primary,1.0,0.973
SAMEA11123225,PRJEB49383,,,infant,,,GB,,,,,,,primary,1.0,4.058
SAMEA11123227,PRJEB49383,,,infant,,,GB,,,,,,,primary,1.0,1.731
SAMEA11123229,PRJEB49383,,,infant,,,GB,,,,,,,primary,1.0,0.22
SAMEA11123231,PRJEB49383,,,infant,,,GB,,,,,,,primary,1.0,0.671
SAMEA11123233,PRJEB49383,,,infant,,,GB,,,,,,,primary,1.0,5.606
SAMEA11123235,PRJEB49383,,,infant,,,GB,,,,,,,primary,1.0,3.002
SAMEA11123237,PRJEB49383,,,infant,,,GB,,,,,,,primary,1.0,1.489
SAMEA11123239,PRJEB49383,,,infant,,,GB,,,,,,,primary,1.0,3.643
SAMEA11123241,PRJEB49383,,,infant,,,GB,,,,,,,primary,1.0,3.264
SAMEA11123243,PRJEB49383,,,infant,,,GB,,,,,,,primary,1.0,2.676
SAMEA11123245,PRJEB49383,,,infant,,,GB,,,,,,,primary,1.0,2.313
SAMEA11123247,PRJEB49383,,,infant,,,GB,,,,,,,primary,1.0,7.426
SAMEA11123249,PRJEB49383,,,infant,,,GB,,,,,,,primary,1.0,0.004
SAMEA11123251,PRJEB49383,,,infant,,,GB,,,,,,,primary,1.0,3.597
SAMEA11123253,PRJEB49383,,,infant,,,GB,,,,,,,primary,1.0,0.082
SAMEA11123255,PRJEB49383,,,infant,,,GB,,,,,,,primary,1.0,0.562
SAMEA11123257,PRJEB49383,,,infant,,,GB,,,,,,,primary,1.0,35.505
SAMEA11123259,PRJEB49383,,,infant,,,GB,,,,,,,primary,1.0,1.132
SAMEA11123261,PRJEB49383,,,infant,,,GB,,,,,,,primary,1.0,3.562
SAMEA11123263,PRJEB49383,,,infant,,,GB,,,,,,,primary,1.0,2.206
SAMEA11123265,PRJEB49383,,,infant,,,GB,,,,,,,primary,1.0,4.142
SAMEA11123267,PRJEB49383,,,infant,,,GB,,,,,,,primary,1.0,3.683
SAMEA11123269,PRJEB49383,,,infant,,,GB,,,,,,,primary,1.0,0.633
SAMEA11123271,PRJEB49383,,,infant,,,GB,,,,,,,primary,1.0,4.779
SAMEA11123273,PRJEB49383,,,infant,,,GB,,,,,,,primary,1.0,7.624
SAMEA11123275,PRJEB49383,,,infant,,,GB,,,,,,,primary,1.0,3.078
SAMEA11123277,PRJEB49383,,,infant,,,GB,,,,,,,primary,1.0,3.266
SAMEA11123279,PRJEB49383,,,infant,,,GB,,,,,,,primary,1.0,2.834
SAMEA11123281,PRJEB49383,,,infant,,,GB,,,,,,,primary,1.0,0.765
SAMEA11123283,PRJEB49383,,,infant,,,GB,,,,,,,primary,1.0,4.861
SAMEA11123285,PRJEB49383,,,infant,,,GB,,,,,,,primary,1.0,6.151
SAMEA11123287,PRJEB49383,,,infant,,,GB,,,,,,,primary,1.0,2.44
SAMEA11123289,PRJEB49383,,,infant,,,GB,,,,,,,primary,1.0,3.029
SAMEA11123291,PRJEB49383,,,infant,,,GB,,,,,,,primary,1.0,10.922
SAMEA11123293,PRJEB49383,,,infant,,,GB,,,,,,,primary,1.0,4.889
SAMEA11123295,PRJEB49383,,,infant,,,GB,,,,,,,primary,1.0,5.255
SAMEA11123297,PRJEB49383,,,infant,,,GB,,,,,,,primary,1.0,1.832
SAMEA11123299,PRJEB49383,,,infant,,,GB,,,,,,,primary,1.0,4.649
SAMEA11123301,PRJEB49383,,,infant,,,GB,,,,,,,primary,1.0,5.434
SAMEA11123303,PRJEB49383,,,infant,,,GB,,,,,,,primary,1.0,3.331
SAMEA11123305,PRJEB49383,,,infant,,,GB,,,,,,,primary,1.0,3.038
SAMEA11123307,PRJEB49383,,,infant,,,GB,,,,,,,primary,1.0,9.914
SAMEA11123309,PRJEB49383,,,infant,,,GB,,,,,,,primary,1.0,4.109
SAMEA11123311,PRJEB49383,,,infant,,,GB,,,,,,,primary,1.0,0.056
SAMEA11123313,PRJEB49383,,,infant,,,GB,,,,,,,primary,1.0,1.121
SAMEA11123315,PRJEB49383,,,infant,,,GB,,,,,,,primary,1.0,4.348
SAMEA11123317,PRJEB49383,,,infant,,,GB,,,,,,,primary,1.0,2.332
SAMEA11123319,PRJEB49383,,,infant,,,GB,,,,,,,primary,1.0,2.646
SAMEA11123321,PRJEB49383,,,infant,,,GB,,,,,,,primary,1.0,52.649
SAMEA11123323,PRJEB49383,,,infant,,,GB,,,,,,,primary,1.0,3.668
SAMEA11123325,PRJEB49383,,,infant,,,GB,,,,,,,primary,1.0,5.074
SAMEA11123327,PRJEB49383,,,infant,,,GB,,,,,,,primary,1.0,2.3
SAMEA11123329,PRJEB49383,,,infant,,,GB,,,,,,,primary,1.0,4.332
SAMEA11123331,PRJEB49383,,,infant,,,GB,,,,,,,primary,1.0,2.736
SAMEA11123333,PRJEB49383,,,infant,,,GB,,,,,,,primary,1.0,0.443
SAMEA11123335,PRJEB49383,,,infant,,,GB,,,,,,,primary,1.0,18.005
SAMEA11123337,PRJEB49383,,,infant,,,GB,,,,,,,primary,1.0,3.141
SAMEA11123339,PRJEB49383,,,infant,,,GB,,,,,,,primary,1.0,2.433
SAMEA11123341,PRJEB49383,,,infant,,,GB,,,,,,,primary,1.0,6.279
SAMEA11123343,PRJEB49383,,,infant,,,GB,,,,,,,primary,1.0,0.687
SAMEA11123345,PRJEB49383,,,infant,,,GB,,,,,,,primary,1.0,6.257
SAMEA11123347,PRJEB49383,,,infant,,,GB,,,,,,,primary,1.0,1.495
SAMEA11123349,PRJEB49383,,,infant,,,GB,,,,,,,primary,1.0,0.935
SAMEA11123351,PRJEB49383,,,infant,,,GB,,,,,,,primary,1.0,1.245
SAMEA11123353,PRJEB49383,,,infant,,,GB,,,,,,,primary,1.0,3.714
SAMEA11123355,PRJEB49383,,,infant,,,GB,,,,,,,primary,1.0,1.826
SAMEA11123357,PRJEB49383,,,infant,,,GB,,,,,,,primary,1.0,1.768
SAMEA11123359,PRJEB49383,,,infant,,,GB,,,,,,,primary,1.0,0.666
SAMEA11123361,PRJEB49383,,,infant,,,GB,,,,,,,primary,1.0,0.9
SAMEA11123363,PRJEB49383,,,infant,,,GB,,,,,,,primary,1.0,1.692
SAMEA11123365,PRJEB49383,,,infant,,,GB,,,,,,,primary,1.0,1.067
SAMEA11123367,PRJEB49383,,,infant,,,GB,,,,,,,primary,1.0,1.585
SAMEA11123369,PRJEB49383,,,infant,,,GB,,,,,,,primary,1.0,1.293
SAMEA11123371,PRJEB49383,,,infant,,,GB,,,,,,,primary,1.0,2.93
SAMEA11123373,PRJEB49383,,,infant,,,GB,,,,,,,primary,1.0,3.367
SAMEA11123375,PRJEB49383,,,infant,,,GB,,,,,,,primary,1.0,2.667
SAMEA11123377,PRJEB49383,,,infant,,,GB,,,,,,,primary,1.0,2.459
SAMEA11123379,PRJEB49383,,,infant,,,GB,,,,,,,primary,1.0,3.759
SAMEA11123381,PRJEB49383,,,infant,,,GB,,,,,,,primary,1.0,4.101
SAMEA11123383,PRJEB49383,,,infant,,,GB,,,,,,,primary,1.0,6.021
SAMEA11123385,PRJEB49383,,,infant,,,GB,,,,,,,primary,1.0,6.197
SAMEA11123387,PRJEB49383,,,infant,,,GB,,,,,,,primary,1.0,5.987
SAMEA11123389,PRJEB49383,,,infant,,,GB,,,,,,,primary,1.0,8.638
SAMEA11123391,PRJEB49383,,,infant,,,GB,,,,,,,primary,1.0,5.337
SAMEA11123393,PRJEB49383,,,infant,,,GB,,,,,,,primary,1.0,3.592
SAMEA11123395,PRJEB49383,,,infant,,,GB,,,,,,,primary,1.0,2.74
SAMEA11123397,PRJEB49383,,,infant,,,GB,,,,,,,primary,1.0,6.749
SAMEA11123399,PRJEB49383,,,infant,,,GB,,,,,,,primary,1.0,1.092
SAMEA11123401,PRJEB49383,,,infant,,,GB,,,,,,,primary,1.0,0.888
SAMEA11123403,PRJEB49383,,,infant,,,GB,,,,,,,primary,1.0,3.283
SAMEA11123405,PRJEB49383,,,infant,,,GB,,,,,,,primary,1.0,5.769
SAMEA11123407,PRJEB49383,,,infant,,,GB,,,,,,,primary,1.0,4.134
SAMEA11123409,PRJEB49383,,,infant,,,GB,,,,,,,primary,1.0,2.451
SAMEA11123411,PRJEB49383,,,infant,,,GB,,,,,,,primary,1.0,2.674
SAMEA11123413,PRJEB49383,,,infant,,,GB,,,,,,,primary,1.0,3.294
SAMEA11123415,PRJEB49383,,,infant,,,GB,,,,,,,primary,1.0,2.731
SAMEA11123417,PRJEB49383,,,infant,,,GB,,,,,,,primary,1.0,2.239
SAMEA11123419,PRJEB49383,,,infant,,,GB,,,,,,,primary,1.0,2.61
SAMEA11123421,PRJEB49383,,,infant,,,GB,,,,,,,primary,1.0,3.729
SAMEA11123423,PRJEB49383,,,infant,,,GB,,,,,,,primary,1.0,3.176
SAMEA11123425,PRJEB49383,,,infant,,,GB,,,,,,,primary,1.0,1.292
SAMEA11123427,PRJEB49383,,,infant,,,GB,,,,,,,primary,1.0,5.015
SAMEA11123429,PRJEB49383,,,infant,,,GB,,,,,,,primary,1.0,4.876
SAMEA11123431,PRJEB49383,,,infant,,,GB,,,,,,,primary,1.0,2.83
SAMEA11123433,PRJEB49383,,,infant,,,GB,,,,,,,primary,1.0,2.287
SAMEA11123435,PRJEB49383,,,infant,,,GB,,,,,,,primary,1.0,3.355
SAMEA11123437,PRJEB49383,,,infant,,,GB,,,,,,,primary,1.0,2.573
SAMEA11123439,PRJEB49383,,,infant,,,GB,,,,,,,primary,1.0,2.855
SAMEA11123441,PRJEB49383,,,infant,,,GB,,,,,,,primary,1.0,4.342
SAMEA11123443,PRJEB49383,,,infant,,,GB,,,,,,,primary,1.0,4.913
SAMEA11123445,PRJEB49383,,,infant,,,GB,,,,,,,primary,1.0,4.625
SAMEA11123447,PRJEB49383,,,infant,,,GB,,,,,,,primary,1.0,1.861
SAMEA11123449,PRJEB49383,,,infant,,,GB,,,,,,,primary,1.0,0.874
SAMEA11123451,PRJEB49383,,,infant,,,GB,,,,,,,primary,1.0,4.126
SAMEA11123453,PRJEB49383,,,infant,,,GB,,,,,,,primary,1.0,4.565
SAMEA11123455,PRJEB49383,,,infant,,,GB,,,,,,,primary,1.0,2.866
SAMEA11123457,PRJEB49383,,,infant,,,GB,,,,,,,primary,1.0,2.514
SAMEA11123459,PRJEB49383,,,infant,,,GB,,,,,,,primary,1.0,1.217
SAMEA11123461,PRJEB49383,,,infant,,,GB,,,,,,,primary,1.0,2.443
SAMEA11123463,PRJEB49383,,,infant,,,GB,,,,,,,primary,1.0,1.591
SAMEA11123465,PRJEB49383,,,infant,,,GB,,,,,,,primary,1.0,2.303
SAMEA11123467,PRJEB49383,,,infant,,,GB,,,,,,,primary,1.0,12.77
SAMEA11123469,PRJEB49383,,,infant,,,GB,,,,,,,primary,1.0,12.128
SAMEA11123471,PRJEB49383,,,infant,,,GB,,,,,,,primary,1.0,3.125
SAMEA11123473,PRJEB49383,,,infant,,,GB,,,,,,,primary,1.0,4.044
SAMEA11123475,PRJEB49383,,,infant,,,GB,,,,,,,primary,1.0,3.043
SAMEA11123477,PRJEB49383,,,infant,,,GB,,,,,,,primary,1.0,9.694
SAMEA11123479,PRJEB49383,,,infant,,,GB,,,,,,,primary,1.0,0.795
SAMEA11123481,PRJEB49383,,,infant,,,GB,,,,,,,primary,1.0,0.244
SAMEA11123483,PRJEB49383,,,infant,,,GB,,,,,,,primary,1.0,2.105
SAMEA11123485,PRJEB49383,,,infant,,,GB,,,,,,,primary,1.0,3.444
SAMEA11123487,PRJEB49383,,,infant,,,GB,,,,,,,primary,1.0,0.527
SAMEA11123489,PRJEB49383,,,infant,,,GB,,,,,,,primary,1.0,1.66
SAMEA11123491,PRJEB49383,,,infant,,,GB,,,,,,,primary,1.0,2.982
SAMEA11123493,PRJEB49383,,,infant,,,GB,,,,,,,primary,1.0,3.71
SAMEA11123495,PRJEB49383,,,infant,,,GB,,,,,,,primary,1.0,3.146
SAMEA11123497,PRJEB49383,,,infant,,,GB,,,,,,,primary,1.0,2.654
SAMEA11123499,PRJEB49383,,,infant,,,GB,,,,,,,primary,1.0,1.635
SAMEA11123501,PRJEB49383,,,infant,,,GB,,,,,,,primary,1.0,6.285
SAMEA11123503,PRJEB49383,,,infant,,,GB,,,,,,,primary,1.0,6.501
SAMEA11123505,PRJEB49383,,,infant,,,GB,,,,,,,primary,1.0,8.564
SAMEA11123507,PRJEB49383,,,infant,,,GB,,,,,,,primary,1.0,8.804
SAMEA11123509,PRJEB49383,,,infant,,,GB,,,,,,,primary,1.0,6.433
SAMEA11123511,PRJEB49383,,,infant,,,GB,,,,,,,primary,1.0,8.502
SAMEA11123513,PRJEB49383,,,infant,,,GB,,,,,,,primary,1.0,0.006
SAMEA11123515,PRJEB49383,,,infant,,,GB,,,,,,,primary,1.0,18.406
SAMEA11123517,PRJEB49383,,,infant,,,GB,,,,,,,primary,1.0,0.003
SAMEA11123519,PRJEB49383,,,infant,,,GB,,,,,,,primary,1.0,0.036
SAMEA11123521,PRJEB49383,,,infant,,,GB,,,,,,,primary,1.0,6.208
SAMEA11123523,PRJEB49383,,,infant,,,GB,,,,,,,primary,1.0,7.063
SAMEA11123525,PRJEB49383,,,infant,,,GB,,,,,,,primary,1.0,0.7
SAMEA11123527,PRJEB49383,,,infant,,,GB,,,,,,,primary,1.0,0.852
SAMEA11123529,PRJEB49383,,,infant,,,GB,,,,,,,primary,1.0,3.399
SAMEA11123531,PRJEB49383,,,infant,,,GB,,,,,,,primary,1.0,1.038
SAMEA11123533,PRJEB49383,,,infant,,,GB,,,,,,,primary,1.0,0.814
SAMEA11123535,PRJEB49383,,,infant,,,GB,,,,,,,primary,1.0,2.73
SAMEA11123537,PRJEB49383,,,infant,,,GB,,,,,,,primary,1.0,3.974
SAMEA11123539,PRJEB49383,,,infant,,,GB,,,,,,,primary,1.0,3.278
SAMEA11123541,PRJEB49383,,,infant,,,GB,,,,,,,primary,1.0,3.4
SAMEA11123543,PRJEB49383,,,infant,,,GB,,,,,,,primary,1.0,1.266
SAMEA11123545,PRJEB49383,,,infant,,,GB,,,,,,,primary,1.0,0.569
SAMEA11123547,PRJEB49383,,,infant,,,GB,,,,,,,primary,1.0,0.007
SAMEA11123549,PRJEB49383,,,infant,,,GB,,,,,,,primary,1.0,2.048
SAMEA11123551,PRJEB49383,,,infant,,,GB,,,,,,,primary,1.0,4.577
SAMEA11123553,PRJEB49383,,,infant,,,GB,,,,,,,primary,1.0,4.419
SAMEA11123555,PRJEB49383,,,infant,,,GB,,,,,,,primary,1.0,8.07
SAMEA11123557,PRJEB49383,,,infant,,,GB,,,,,,,primary,1.0,1.528
SAMEA11123559,PRJEB49383,,,infant,,,GB,,,,,,,primary,1.0,2.603
SAMEA11123561,PRJEB49383,,,infant,,,GB,,,,,,,primary,1.0,1.734
SAMEA11123563,PRJEB49383,,,infant,,,GB,,,,,,,primary,1.0,2.473
SAMEA11123565,PRJEB49383,,,infant,,,GB,,,,,,,primary,1.0,0.121
SAMEA11123567,PRJEB49383,,,infant,,,GB,,,,,,,primary,1.0,3.803
SAMEA11123569,PRJEB49383,,,infant,,,GB,,,,,,,primary,1.0,1.83
SAMEA11123571,PRJEB49383,,,infant,,,GB,,,,,,,primary,1.0,0.046
SAMEA11123573,PRJEB49383,,,infant,,,GB,,,,,,,primary,1.0,1.434
SAMEA11123575,PRJEB49383,,,infant,,,GB,,,,,,,primary,1.0,8.216
SAMEA11123577,PRJEB49383,,,infant,,,GB,,,,,,,primary,1.0,1.949
SAMEA11123579,PRJEB49383,,,infant,,,GB,,,,,,,primary,1.0,2.465
SAMEA11123581,PRJEB49383,,,infant,,,GB,,,,,,,primary,1.0,2.97
SAMEA11123583,PRJEB49383,,,infant,,,GB,,,,,,,primary,1.0,1.979
SAMEA11123589,PRJEB49383,,,infant,,,GB,,,,,,,primary,1.0,4.624
SAMEA11123591,PRJEB49383,,,infant,,,GB,,,,,,,primary,1.0,0.006
SAMEA11123593,PRJEB49383,,,infant,,,GB,,,,,,,primary,1.0,3.357
SAMEA11123595,PRJEB49383,,,infant,,,GB,,,,,,,primary,1.0,2.397
SAMEA11123597,PRJEB49383,,,infant,,,GB,,,,,,,primary,1.0,0.249
SAMEA11123599,PRJEB49383,,,infant,,,GB,,,,,,,primary,1.0,12.477
SAMEA11123601,PRJEB49383,,,infant,,,GB,,,,,,,primary,1.0,1.794
SAMEA11123603,PRJEB49383,,,infant,,,GB,,,,,,,primary,1.0,5.13
SAMEA11123605,PRJEB49383,,,infant,,,GB,,,,,,,primary,1.0,3.565
SAMEA11123607,PRJEB49383,,,infant,,,GB,,,,,,,primary,1.0,10.545
SAMEA11123609,PRJEB49383,,,infant,,,GB,,,,,,,primary,1.0,2.496
SAMEA11123611,PRJEB49383,,,infant,,,GB,,,,,,,primary,1.0,3.856
SAMEA11123613,PRJEB49383,,,infant,,,GB,,,,,,,primary,1.0,0.316
SAMEA11123615,PRJEB49383,,,infant,,,GB,,,,,,,primary,1.0,1.592
SAMEA11123617,PRJEB49383,,,infant,,,GB,,,,,,,primary,1.0,10.878
SAMEA11123619,PRJEB49383,,,infant,,,GB,,,,,,,primary,1.0,4.744
SAMEA11123621,PRJEB49383,,,infant,,,GB,,,,,,,primary,1.0,5.113
SAMEA11123623,PRJEB49383,,,infant,,,GB,,,,,,,primary,1.0,0.702
SAMEA11123625,PRJEB49383,,,infant,,,GB,,,,,,,primary,1.0,0.073
SAMEA11123627,PRJEB49383,,,infant,,,GB,,,,,,,primary,1.0,2.111
SAMEA11123629,PRJEB49383,,,infant,,,GB,,,,,,,primary,1.0,9.145
SAMEA11123631,PRJEB49383,,,infant,,,GB,,,,,,,primary,1.0,0.002
SAMEA11123633,PRJEB49383,,,infant,,,GB,,,,,,,primary,1.0,4.914
SAMEA11123635,PRJEB49383,,,infant,,,GB,,,,,,,primary,1.0,8.038
SAMEA11123637,PRJEB49383,,,infant,,,GB,,,,,,,primary,1.0,4.901
SAMEA11123639,PRJEB49383,,,infant,,,GB,,,,,,,primary,1.0,4.422
SAMEA11123641,PRJEB49383,,,infant,,,GB,,,,,,,primary,1.0,0.014
SAMEA11123643,PRJEB49383,,,infant,,,GB,,,,,,,primary,1.0,0.778
SAMEA11123645,PRJEB49383,,,infant,,,GB,,,,,,,primary,1.0,1.526
SAMEA11123647,PRJEB49383,,,infant,,,GB,,,,,,,primary,1.0,4.179
SAMEA11123649,PRJEB49383,,,infant,,,GB,,,,,,,primary,1.0,14.711
SAMEA11123651,PRJEB49383,,,infant,,,GB,,,,,,,primary,1.0,0.006
SAMEA11123653,PRJEB49383,,,infant,,,GB,,,,,,,primary,1.0,1.132
SAMEA11123655,PRJEB49383,,,infant,,,GB,,,,,,,primary,1.0,1.858
SAMEA11123657,PRJEB49383,,,infant,,,GB,,,,,,,primary,1.0,3.043
SAMEA11123659,PRJEB49383,,,infant,,,GB,,,,,,,primary,1.0,2.68
SAMEA11123661,PRJEB49383,,,infant,,,GB,,,,,,,primary,1.0,2.291
SAMEA11123663,PRJEB49383,,,infant,,,GB,,,,,,,primary,1.0,3.831
SAMEA11123665,PRJEB49383,,,infant,,,GB,,,,,,,primary,1.0,0.014
SAMEA11123667,PRJEB49383,,,infant,,,GB,,,,,,,primary,1.0,16.707
SAMEA11123670,PRJEB49383,,,infant,,,GB,,,,,,,primary,1.0,0.013
SAMEA11123672,PRJEB49383,,,infant,,,GB,,,,,,,primary,1.0,5.509
SAMEA11123674,PRJEB49383,,,infant,,,GB,,,,,,,primary,1.0,0.007
SAMEA11123676,PRJEB49383,,,infant,,,GB,,,,,,,primary,1.0,2.242
SAMEA11123678,PRJEB49383,,,infant,,,GB,,,,,,,primary,1.0,3.27
SAMEA11123680,PRJEB49383,,,infant,,,GB,,,,,,,primary,1.0,6.772
SAMEA11123682,PRJEB49383,,,infant,,,GB,,,,,,,primary,1.0,4.307
SAMEA11123684,PRJEB49383,,,infant,,,GB,,,,,,,primary,1.0,1.982
SAMEA11123686,PRJEB49383,,,infant,,,GB,,,,,,,primary,1.0,0.277
SAMEA11123688,PRJEB49383,,,infant,,,GB,,,,,,,primary,1.0,2.869
SAMEA11123690,PRJEB49383,,,infant,,,GB,,,,,,,primary,1.0,3.08
SAMEA11123692,PRJEB49383,,,infant,,,GB,,,,,,,primary,1.0,4.546
SAMEA11123694,PRJEB49383,,,infant,,,GB,,,,,,,primary,1.0,14.594
SAMEA11123696,PRJEB49383,,,infant,,,GB,,,,,,,primary,1.0,4.224
SAMEA11123698,PRJEB49383,,,infant,,,GB,,,,,,,primary,1.0,3.38
SAMEA11123700,PRJEB49383,,,infant,,,GB,,,,,,,primary,1.0,2.043
SAMEA11123702,PRJEB49383,,,infant,,,GB,,,,,,,primary,1.0,8.154
SAMEA11123704,PRJEB49383,,,infant,,,GB,,,,,,,primary,1.0,1.563
SAMEA11123706,PRJEB49383,,,infant,,,GB,,,,,,,primary,1.0,1.794
SAMEA11123708,PRJEB49383,,,infant,,,GB,,,,,,,primary,1.0,2.019
SAMEA11123710,PRJEB49383,,,infant,,,GB,,,,,,,primary,1.0,2.752
SAMEA11123712,PRJEB49383,,,infant,,,GB,,,,,,,primary,1.0,10.821
SAMEA11123714,PRJEB49383,,,infant,,,GB,,,,,,,primary,1.0,2.566
SAMEA11123716,PRJEB49383,,,infant,,,GB,,,,,,,primary,1.0,2.808
SAMEA11123718,PRJEB49383,,,infant,,,GB,,,,,,,primary,1.0,0.777
SAMEA11123720,PRJEB49383,,,infant,,,GB,,,,,,,primary,1.0,1.778
SAMEA11123722,PRJEB49383,,,infant,,,GB,,,,,,,primary,1.0,1.687
SAMEA11123724,PRJEB49383,,,infant,,,GB,,,,,,,primary,1.0,4.826
SAMEA11123726,PRJEB49383,,,infant,,,GB,,,,,,,primary,1.0,4.997
SAMEA11123728,PRJEB49383,,,infant,,,GB,,,,,,,primary,1.0,7.04
SAMEA11123730,PRJEB49383,,,infant,,,GB,,,,,,,primary,1.0,7.301
SAMEA11123732,PRJEB49383,,,infant,,,GB,,,,,,,primary,1.0,15.479
SAMEA11123734,PRJEB49383,,,infant,,,GB,,,,,,,primary,1.0,6.969
SAMEA11123736,PRJEB49383,,,infant,,,GB,,,,,,,primary,1.0,2.12
SAMEA11123738,PRJEB49383,,,infant,,,GB,,,,,,,primary,1.0,1.783
SAMEA11123740,PRJEB49383,,,infant,,,GB,,,,,,,primary,1.0,1.736
SAMEA11123742,PRJEB49383,,,infant,,,GB,,,,,,,primary,1.0,5.201
SAMEA11123744,PRJEB49383,,,infant,,,GB,,,,,,,primary,1.0,4.098
SAMEA11123746,PRJEB49383,,,infant,,,GB,,,,,,,primary,1.0,10.364
SAMEA11123748,PRJEB49383,,,infant,,,GB,,,,,,,primary,1.0,7.787
SAMEA11123750,PRJEB49383,,,infant,,,GB,,,,,,,primary,1.0,0.648
SAMEA11123752,PRJEB49383,,,infant,,,GB,,,,,,,primary,1.0,9.583
SAMEA11123754,PRJEB49383,,,infant,,,GB,,,,,,,primary,1.0,0.308
SAMEA11123756,PRJEB49383,,,infant,,,GB,,,,,,,primary,1.0,0.622
SAMEA11123758,PRJEB49383,,,infant,,,GB,,,,,,,primary,1.0,6.842
SAMEA11123760,PRJEB49383,,,infant,,,GB,,,,,,,primary,1.0,1.95
SAMEA11123762,PRJEB49383,,,infant,,,GB,,,,,,,primary,1.0,0.618
SAMEA11123764,PRJEB49383,,,infant,,,GB,,,,,,,primary,1.0,13.333
SAMEA11123766,PRJEB49383,,,infant,,,GB,,,,,,,primary,1.0,4.958
SAMEA11123768,PRJEB49383,,,infant,,,GB,,,,,,,primary,1.0,2.055
SAMEA11123770,PRJEB49383,,,infant,,,GB,,,,,,,primary,1.0,12.436
SAMEA11123772,PRJEB49383,,,infant,,,GB,,,,,,,primary,1.0,0.026
SAMEA11123774,PRJEB49383,,,infant,,,GB,,,,,,,primary,1.0,17.223
SAMEA11123776,PRJEB49383,,,infant,,,GB,,,,,,,primary,1.0,0.298
SAMEA11123778,PRJEB49383,,,infant,,,GB,,,,,,,primary,1.0,10.598
SAMEA11123780,PRJEB49383,,,infant,,,GB,,,,,,,primary,1.0,9.097
SAMEA11123782,PRJEB49383,,,infant,,,GB,,,,,,,primary,1.0,0.174
SAMEA11123784,PRJEB49383,,,infant,,,GB,,,,,,,primary,1.0,5.116
SAMEA11123786,PRJEB49383,,,infant,,,GB,,,,,,,primary,1.0,3.833
SAMEA11123788,PRJEB49383,,,infant,,,GB,,,,,,,primary,1.0,4.295
SAMEA11123790,PRJEB49383,,,infant,,,GB,,,,,,,primary,1.0,5.473
SAMEA11123792,PRJEB49383,,,infant,,,GB,,,,,,,primary,1.0,10.069
SAMEA11123794,PRJEB49383,,,infant,,,GB,,,,,,,primary,1.0,1.335
SAMEA11123796,PRJEB49383,,,infant,,,GB,,,,,,,primary,1.0,4.081
SAMEA11123798,PRJEB49383,,,infant,,,GB,,,,,,,primary,1.0,4.004
SAMEA11123800,PRJEB49383,,,infant,,,GB,,,,,,,primary,1.0,3.022
SAMEA11123802,PRJEB49383,,,infant,,,GB,,,,,,,primary,1.0,5.923
SAMEA11123804,PRJEB49383,,,infant,,,GB,,,,,,,primary,1.0,1.866
SAMEA11123806,PRJEB49383,,,infant,,,GB,,,,,,,primary,1.0,8.19
SAMEA11123808,PRJEB49383,,,infant,,,GB,,,,,,,primary,1.0,3.695
SAMEA11123810,PRJEB49383,,,infant,,,GB,,,,,,,primary,1.0,4.209
SAMEA11123812,PRJEB49383,,,infant,,,GB,,,,,,,primary,1.0,3.177
SAMEA11123814,PRJEB49383,,,infant,,,GB,,,,,,,primary,1.0,2.41
SAMEA11123816,PRJEB49383,,,infant,,,GB,,,,,,,primary,1.0,19.343
SAMEA11123818,PRJEB49383,,,infant,,,GB,,,,,,,primary,1.0,2.737
SAMEA11123820,PRJEB49383,,,infant,,,GB,,,,,,,primary,1.0,0.117
SAMEA11123822,PRJEB49383,,,infant,,,GB,,,,,,,primary,1.0,1.192
SAMEA11123824,PRJEB49383,,,infant,,,GB,,,,,,,primary,1.0,0.842
SAMEA11123826,PRJEB49383,,,infant,,,GB,,,,,,,primary,1.0,13.194
SAMEA11123828,PRJEB49383,,,infant,,,GB,,,,,,,primary,1.0,8.787
SAMEA11123830,PRJEB49383,,,infant,,,GB,,,,,,,primary,1.0,4.475
SAMEA11123832,PRJEB49383,,,infant,,,GB,,,,,,,primary,1.0,2.7
SAMEA11123834,PRJEB49383,,,infant,,,GB,,,,,,,primary,1.0,8.418
SAMEA11123836,PRJEB49383,,,infant,,,GB,,,,,,,primary,1.0,3.576
SAMEA11123838,PRJEB49383,,,infant,,,GB,,,,,,,primary,1.0,6.096
SAMEA11123840,PRJEB49383,,,infant,,,GB,,,,,,,primary,1.0,3.435
SAMEA11123842,PRJEB49383,,,infant,,,GB,,,,,,,primary,1.0,2.806
SAMEA11123844,PRJEB49383,,,infant,,,GB,,,,,,,primary,1.0,10.912
SAMEA11123846,PRJEB49383,,,infant,,,GB,,,,,,,primary,1.0,4.157
SAMEA11123848,PRJEB49383,,,infant,,,GB,,,,,,,primary,1.0,6.783
SAMEA11123850,PRJEB49383,,,infant,,,GB,,,,,,,primary,1.0,0.926
SAMEA11123852,PRJEB49383,,,infant,,,GB,,,,,,,primary,1.0,9.237
SAMEA11123854,PRJEB49383,,,infant,,,GB,,,,,,,primary,1.0,3.419
SAMEA11123856,PRJEB49383,,,infant,,,GB,,,,,,,primary,1.0,5.073
SAMEA11123858,PRJEB49383,,,infant,,,GB,,,,,,,primary,1.0,5.817
SAMEA11123860,PRJEB49383,,,infant,,,GB,,,,,,,primary,1.0,0.661
SAMEA11123862,PRJEB49383,,,infant,,,GB,,,,,,,primary,1.0,7.343
SAMEA11123864,PRJEB49383,,,infant,,,GB,,,,,,,primary,1.0,0.988
SAMEA11123866,PRJEB49383,,,infant,,,GB,,,,,,,primary,1.0,1.406
SAMEA11123868,PRJEB49383,,,infant,,,GB,,,,,,,primary,1.0,3.25
SAMEA11123874,PRJEB49383,,,infant,,,GB,,,,,,,primary,1.0,5.587
SAMEA11123876,PRJEB49383,,,infant,,,GB,,,,,,,primary,1.0,2.163
SAMEA11123878,PRJEB49383,,,infant,,,GB,,,,,,,primary,1.0,1.194
SAMEA11123880,PRJEB49383,,,infant,,,GB,,,,,,,primary,1.0,6.62
SAMEA11123882,PRJEB49383,,,infant,,,GB,,,,,,,primary,1.0,3.511
SAMEA11123884,PRJEB49383,,,infant,,,GB,,,,,,,primary,1.0,1.031
SAMEA11123886,PRJEB49383,,,infant,,,GB,,,,,,,primary,1.0,1.127
SAMEA11123888,PRJEB49383,,,infant,,,GB,,,,,,,primary,1.0,4.9
SAMEA11123890,PRJEB49383,,,infant,,,GB,,,,,,,primary,1.0,3.386
SAMEA11123892,PRJEB49383,,,infant,,,GB,,,,,,,primary,1.0,2.332
SAMEA11123894,PRJEB49383,,,infant,,,GB,,,,,,,primary,1.0,1.745
SAMEA11123896,PRJEB49383,,,infant,,,GB,,,,,,,primary,1.0,1.524
SAMEA11123898,PRJEB49383,,,infant,,,GB,,,,,,,primary,1.0,1.149
SAMEA11123900,PRJEB49383,,,infant,,,GB,,,,,,,primary,1.0,1.338
SAMEA11123902,PRJEB49383,,,infant,,,GB,,,,,,,primary,1.0,6.017
SAMEA11123904,PRJEB49383,,,infant,,,GB,,,,,,,primary,1.0,1.073
SAMEA11123906,PRJEB49383,,,infant,,,GB,,,,,,,primary,1.0,5.458
SAMEA11123908,PRJEB49383,,,infant,,,GB,,,,,,,primary,1.0,5.939
SAMEA11123910,PRJEB49383,,,infant,,,GB,,,,,,,primary,1.0,3.74
SAMEA11123912,PRJEB49383,,,infant,,,GB,,,,,,,primary,1.0,2.09
SAMEA11123914,PRJEB49383,,,infant,,,GB,,,,,,,primary,1.0,3.027
SAMEA11123916,PRJEB49383,,,infant,,,GB,,,,,,,primary,1.0,2.58
SAMEA11123919,PRJEB49383,,,infant,,,GB,,,,,,,primary,1.0,3.1
SAMEA11123921,PRJEB49383,,,infant,,,GB,,,,,,,primary,1.0,2.24
SAMEA11123923,PRJEB49383,,,infant,,,GB,,,,,,,primary,1.0,5.994
SAMEA11123925,PRJEB49383,,,infant,,,GB,,,,,,,primary,1.0,2.328
SAMEA11123927,PRJEB49383,,,infant,,,GB,,,,,,,primary,1.0,1.243
SAMEA11123929,PRJEB49383,,,infant,,,GB,,,,,,,primary,1.0,3.613
SAMEA11123931,PRJEB49383,,,infant,,,GB,,,,,,,primary,1.0,3.19
SAMEA11123933,PRJEB49383,,,infant,,,GB,,,,,,,primary,1.0,4.149
SAMEA11123935,PRJEB49383,,,infant,,,GB,,,,,,,primary,1.0,2.322
SAMEA11123937,PRJEB49383,,,infant,,,GB,,,,,,,primary,1.0,3.214
SAMEA11123939,PRJEB49383,,,infant,,,GB,,,,,,,primary,1.0,1.661
SAMEA11123941,PRJEB49383,,,infant,,,GB,,,,,,,primary,1.0,2.266
SAMEA11123943,PRJEB49383,,,infant,,,GB,,,,,,,primary,1.0,2.999
SAMEA11123945,PRJEB49383,,,infant,,,GB,,,,,,,primary,1.0,2.866
SAMEA11123947,PRJEB49383,,,infant,,,GB,,,,,,,primary,1.0,2.592
SAMEA11123949,PRJEB49383,,,infant,,,GB,,,,,,,primary,1.0,2.539
SAMEA11123951,PRJEB49383,,,infant,,,GB,,,,,,,primary,1.0,1.438
SAMEA11123953,PRJEB49383,,,infant,,,GB,,,,,,,primary,1.0,3.467
SAMEA11123955,PRJEB49383,,,infant,,,GB,,,,,,,primary,1.0,0.958
SAMEA11123957,PRJEB49383,,,infant,,,GB,,,,,,,primary,1.0,3.279
SAMEA11123959,PRJEB49383,,,infant,,,GB,,,,,,,primary,1.0,6.218
SAMEA11123961,PRJEB49383,,,infant,,,GB,,,,,,,primary,1.0,7.725
SAMEA11123963,PRJEB49383,,,infant,,,GB,,,,,,,primary,1.0,3.211
SAMEA11123965,PRJEB49383,,,infant,,,GB,,,,,,,primary,1.0,4.348
SAMEA11123967,PRJEB49383,,,infant,,,GB,,,,,,,primary,1.0,1.043
SAMEA11123969,PRJEB49383,,,infant,,,GB,,,,,,,primary,1.0,2.701
SAMEA11123971,PRJEB49383,,,infant,,,GB,,,,,,,primary,1.0,2.143
SAMEA11123973,PRJEB49383,,,infant,,,GB,,,,,,,primary,1.0,2.352
SAMEA11123975,PRJEB49383,,,infant,,,GB,,,,,,,primary,1.0,5.84
SAMEA11123977,PRJEB49383,,,infant,,,GB,,,,,,,primary,1.0,2.602
SAMEA11123979,PRJEB49383,,,infant,,,GB,,,,,,,primary,1.0,2.045
SAMEA11123981,PRJEB49383,,,infant,,,GB,,,,,,,primary,1.0,5.269
SAMEA11123983,PRJEB49383,,,infant,,,GB,,,,,,,primary,1.0,2.526
SAMEA11123985,PRJEB49383,,,infant,,,GB,,,,,,,primary,1.0,3.103
SAMEA11123987,PRJEB49383,,,infant,,,GB,,,,,,,primary,1.0,2.995
SAMEA11123989,PRJEB49383,,,infant,,,GB,,,,,,,primary,1.0,2.004
SAMEA11123991,PRJEB49383,,,infant,,,GB,,,,,,,primary,1.0,1.858
SAMEA11123993,PRJEB49383,,,infant,,,GB,,,,,,,primary,1.0,2.191
SAMEA11123995,PRJEB49383,,,infant,,,GB,,,,,,,primary,1.0,4.26
SAMEA11123997,PRJEB49383,,,infant,,,GB,,,,,,,primary,1.0,3.965
SAMEA11123999,PRJEB49383,,,infant,,,GB,,,,,,,primary,1.0,2.635
SAMEA11124001,PRJEB49383,,,infant,,,GB,,,,,,,primary,1.0,2.297
SAMEA11124003,PRJEB49383,,,infant,,,GB,,,,,,,primary,1.0,3.692
SAMEA11124005,PRJEB49383,,,infant,,,GB,,,,,,,primary,1.0,3.982
SAMEA11124007,PRJEB49383,,,infant,,,GB,,,,,,,primary,1.0,1.206
SAMEA11124009,PRJEB49383,,,infant,,,GB,,,,,,,primary,1.0,1.978
SAMEA11124011,PRJEB49383,,,infant,,,GB,,,,,,,primary,1.0,2.34
SAMEA11124013,PRJEB49383,,,infant,,,GB,,,,,,,primary,1.0,0.748
SAMEA11124015,PRJEB49383,,,infant,,,GB,,,,,,,primary,1.0,6.933
SAMEA11124017,PRJEB49383,,,infant,,,GB,,,,,,,primary,1.0,2.703
SAMEA11124019,PRJEB49383,,,infant,,,GB,,,,,,,primary,1.0,3.06
SAMEA11124021,PRJEB49383,,,infant,,,GB,,,,,,,primary,1.0,1.602
SAMEA11124023,PRJEB49383,,,infant,,,GB,,,,,,,primary,1.0,6.0
SAMEA11124025,PRJEB49383,,,infant,,,GB,,,,,,,primary,1.0,1.572
SAMEA11124027,PRJEB49383,,,infant,,,GB,,,,,,,primary,1.0,0.962
SAMEA11124029,PRJEB49383,,,infant,,,GB,,,,,,,primary,1.0,0.544
SAMEA11124031,PRJEB49383,,,infant,,,GB,,,,,,,primary,1.0,1.997
SAMEA11124033,PRJEB49383,,,infant,,,GB,,,,,,,primary,1.0,17.229
SAMEA11124035,PRJEB49383,,,infant,,,GB,,,,,,,primary,1.0,3.63
SAMEA11124037,PRJEB49383,,,infant,,,GB,,,,,,,primary,1.0,1.574
SAMEA11124039,PRJEB49383,,,infant,,,GB,,,,,,,primary,1.0,2.807
SAMEA11124043,PRJEB49383,,,infant,,,GB,,,,,,,primary,1.0,0.773
SAMEA11124045,PRJEB49383,,,infant,,,GB,,,,,,,primary,1.0,6.23
SAMEA11124047,PRJEB49383,,,infant,,,GB,,,,,,,primary,1.0,2.123
SAMEA11124053,PRJEB49383,,,infant,,,GB,,,,,,,primary,1.0,5.85
SAMEA11124055,PRJEB49383,,,infant,,,GB,,,,,,,primary,1.0,2.63
SAMEA11124057,PRJEB49383,,,infant,,,GB,,,,,,,primary,1.0,1.941
SAMEA11124059,PRJEB49383,,,infant,,,GB,,,,,,,primary,1.0,4.012
SAMEA11124061,PRJEB49383,,,infant,,,GB,,,,,,,primary,1.0,5.558
SAMEA11124063,PRJEB49383,,,infant,,,GB,,,,,,,primary,1.0,2.669
SAMEA11124065,PRJEB49383,,,infant,,,GB,,,,,,,primary,1.0,2.178
SAMEA11124071,PRJEB49383,,,infant,,,GB,,,,,,,primary,1.0,4.416
SAMEA11124073,PRJEB49383,,,infant,,,GB,,,,,,,primary,1.0,1.975
SAMEA11124075,PRJEB49383,,,infant,,,GB,,,,,,,primary,1.0,6.415
SAMEA11124077,PRJEB49383,,,infant,,,GB,,,,,,,primary,1.0,1.519
SAMEA11124079,PRJEB49383,,,infant,,,GB,,,,,,,primary,1.0,7.273
SAMEA11124081,PRJEB49383,,,infant,,,GB,,,,,,,primary,1.0,1.484
SAMEA11124083,PRJEB49383,,,infant,,,GB,,,,,,,primary,1.0,1.349
SAMEA11124103,PRJEB49383,,,infant,,,GB,,,,,,,primary,1.0,2.3
SAMEA11124105,PRJEB49383,,,infant,,,GB,,,,,,,primary,1.0,2.393
SAMEA11124107,PRJEB49383,,,infant,,,GB,,,,,,,primary,1.0,2.493
SAMEA11124109,PRJEB49383,,,infant,,,GB,,,,,,,primary,1.0,1.872
SAMEA11124111,PRJEB49383,,,infant,,,GB,,,,,,,primary,1.0,1.371
SAMEA11124113,PRJEB49383,,,infant,,,GB,,,,,,,primary,1.0,2.41
SAMEA11124115,PRJEB49383,,,infant,,,GB,,,,,,,primary,1.0,4.445
SAMEA11124117,PRJEB49383,,,infant,,,GB,,,,,,,primary,1.0,2.594
SAMEA11124119,PRJEB49383,,,infant,,,GB,,,,,,,primary,1.0,2.517
SAMEA11124125,PRJEB49383,,,infant,,,GB,,,,,,,primary,1.0,6.268
SAMEA11124147,PRJEB49383,,,infant,,,GB,,,,,,,primary,1.0,1.409
SAMEA11124149,PRJEB49383,,,infant,,,GB,,,,,,,primary,1.0,4.948
SAMEA11124151,PRJEB49383,,,infant,,,GB,,,,,,,primary,1.0,3.246
SAMEA11124153,PRJEB49383,,,infant,,,GB,,,,,,,primary,1.0,5.86
SAMEA11124155,PRJEB49383,,,infant,,,GB,,,,,,,primary,1.0,1.854
SAMEA11124157,PRJEB49383,,,infant,,,GB,,,,,,,primary,1.0,2.463
SAMEA11124159,PRJEB49383,,,infant,,,GB,,,,,,,primary,1.0,4.784
SAMEA11124161,PRJEB49383,,,infant,,,GB,,,,,,,primary,1.0,1.732
SAMEA11124163,PRJEB49383,,,infant,,,GB,,,,,,,primary,1.0,2.998
SAMEA11124165,PRJEB49383,,,infant,,,GB,,,,,,,primary,1.0,4.744
SAMEA11124167,PRJEB49383,,,infant,,,GB,,,,,,,primary,1.0,3.204
SAMEA11124169,PRJEB49383,,,infant,,,GB,,,,,,,primary,1.0,2.209
SAMEA11124171,PRJEB49383,,,infant,,,GB,,,,,,,primary,1.0,3.402
SAMEA11124173,PRJEB49383,,,infant,,,GB,,,,,,,primary,1.0,3.327
SAMEA11124175,PRJEB49383,,,infant,,,GB,,,,,,,primary,1.0,18.431
SAMEA11124177,PRJEB49383,,,infant,,,GB,,,,,,,primary,1.0,4.303
SAMEA11124179,PRJEB49383,,,infant,,,GB,,,,,,,primary,1.0,1.533
SAMEA11124181,PRJEB49383,,,infant,,,GB,,,,,,,primary,1.0,2.162
SAMEA11124183,PRJEB49383,,,infant,,,GB,,,,,,,primary,1.0,3.161
SAMEA11124185,PRJEB49383,,,infant,,,GB,,,,,,,primary,1.0,0.214
SAMEA11124187,PRJEB49383,,,infant,,,GB,,,,,,,primary,1.0,1.076
SAMEA11124189,PRJEB49383,,,infant,,,GB,,,,,,,primary,1.0,2.845
SAMEA11124191,PRJEB49383,,,infant,,,GB,,,,,,,primary,1.0,2.816
SAMEA11124193,PRJEB49383,,,infant,,,GB,,,,,,,primary,1.0,3.358
SAMEA11124195,PRJEB49383,,,infant,,,GB,,,,,,,primary,1.0,1.976
SAMEA11124197,PRJEB49383,,,infant,,,GB,,,,,,,primary,1.0,7.619
SAMEA11124199,PRJEB49383,,,infant,,,GB,,,,,,,primary,1.0,2.58
SAMEA11124201,PRJEB49383,,,infant,,,GB,,,,,,,primary,1.0,9.346
SAMEA11124203,PRJEB49383,,,infant,,,GB,,,,,,,primary,1.0,1.961
SAMEA11124205,PRJEB49383,,,infant,,,GB,,,,,,,primary,1.0,2.172
SAMEA11124207,PRJEB49383,,,infant,,,GB,,,,,,,primary,1.0,0.535
SAMEA11124209,PRJEB49383,,,infant,,,GB,,,,,,,primary,1.0,4.809
SAMEA11124211,PRJEB49383,,,infant,,,GB,,,,,,,primary,1.0,1.942
SAMEA11124213,PRJEB49383,,,infant,,,GB,,,,,,,primary,1.0,0.277
SAMEA11124215,PRJEB49383,,,infant,,,GB,,,,,,,primary,1.0,0.304
SAMEA11124217,PRJEB49383,,,infant,,,GB,,,,,,,primary,1.0,7.116
SAMEA11124219,PRJEB49383,,,infant,,,GB,,,,,,,primary,1.0,0.897
SAMEA11124221,PRJEB49383,,,infant,,,GB,,,,,,,primary,1.0,0.42
SAMEA11124223,PRJEB49383,,,infant,,,GB,,,,,,,primary,1.0,0.727
SAMEA11124225,PRJEB49383,,,infant,,,GB,,,,,,,primary,1.0,1.746
SAMEA11124229,PRJEB49383,,,infant,,,GB,,,,,,,primary,1.0,6.49
SAMEA11124231,PRJEB49383,,,infant,,,GB,,,,,,,primary,1.0,2.06
SAMEA11124233,PRJEB49383,,,infant,,,GB,,,,,,,primary,1.0,1.981
SAMEA11124235,PRJEB49383,,,infant,,,GB,,,,,,,primary,1.0,3.341
SAMEA11124237,PRJEB49383,,,infant,,,GB,,,,,,,primary,1.0,3.756
SAMEA11124239,PRJEB49383,,,infant,,,GB,,,,,,,primary,1.0,1.817
SAMEA11124241,PRJEB49383,,,infant,,,GB,,,,,,,primary,1.0,1.816
SAMEA11124243,PRJEB49383,,,infant,,,GB,,,,,,,primary,1.0,1.159
SAMEA11124245,PRJEB49383,,,infant,,,GB,,,,,,,primary,1.0,3.405
SAMEA11124247,PRJEB49383,,,infant,,,GB,,,,,,,primary,1.0,6.192
SAMEA11124249,PRJEB49383,,,infant,,,GB,,,,,,,primary,1.0,3.602
SAMEA11124251,PRJEB49383,,,infant,,,GB,,,,,,,primary,1.0,7.034
SAMEA11124253,PRJEB49383,,,infant,,,GB,,,,,,,primary,1.0,3.407
SAMEA11124255,PRJEB49383,,,infant,,,GB,,,,,,,primary,1.0,9.479
SAMEA11124257,PRJEB49383,,,infant,,,GB,,,,,,,primary,1.0,7.583
SAMEA11124259,PRJEB49383,,,infant,,,GB,,,,,,,primary,1.0,4.57
SAMEA11124261,PRJEB49383,,,infant,,,GB,,,,,,,primary,1.0,6.896
SAMEA11124263,PRJEB49383,,,infant,,,GB,,,,,,,primary,1.0,2.889
SAMEA11124265,PRJEB49383,,,infant,,,GB,,,,,,,primary,1.0,4.343
SAMEA11124267,PRJEB49383,,,infant,,,GB,,,,,,,primary,1.0,7.415
SAMEA11124269,PRJEB49383,,,infant,,,GB,,,,,,,primary,1.0,2.832
SAMEA11124271,PRJEB49383,,,infant,,,GB,,,,,,,primary,1.0,9.124
SAMEA11124273,PRJEB49383,,,infant,,,GB,,,,,,,primary,1.0,2.116
SAMEA11124275,PRJEB49383,,,infant,,,GB,,,,,,,primary,1.0,9.149
SAMEA11124277,PRJEB49383,,,infant,,,GB,,,,,,,primary,1.0,5.213
SAMEA11124279,PRJEB49383,,,infant,,,GB,,,,,,,primary,1.0,6.291
SAMEA11124281,PRJEB49383,,,infant,,,GB,,,,,,,primary,1.0,3.934
SAMEA11124283,PRJEB49383,,,infant,,,GB,,,,,,,primary,1.0,5.127
SAMEA11124285,PRJEB49383,,,infant,,,GB,,,,,,,primary,1.0,4.159
SAMEA11124287,PRJEB49383,,,infant,,,GB,,,,,,,primary,1.0,2.708
SAMEA11124289,PRJEB49383,,,infant,,,GB,,,,,,,primary,1.0,2.055
SAMEA11124291,PRJEB49383,,,infant,,,GB,,,,,,,primary,1.0,4.127
SAMEA11124293,PRJEB49383,,,infant,,,GB,,,,,,,primary,1.0,3.318
SAMEA11124295,PRJEB49383,,,infant,,,GB,,,,,,,primary,1.0,2.814
SAMEA11124297,PRJEB49383,,,infant,,,GB,,,,,,,primary,2.0,0.425
SAMEA11124299,PRJEB49383,,,infant,,,GB,,,,,,,primary,1.0,5.271
SAMEA11124301,PRJEB49383,,,infant,,,GB,,,,,,,primary,1.0,1.595
SAMEA11124303,PRJEB49383,,,infant,,,GB,,,,,,,primary,1.0,0.919
SAMEA11124305,PRJEB49383,,,infant,,,GB,,,,,,,primary,1.0,1.907
SAMEA11124307,PRJEB49383,,,infant,,,GB,,,,,,,primary,1.0,0.585
SAMEA11124309,PRJEB49383,,,infant,,,GB,,,,,,,primary,1.0,4.294
SAMEA11124311,PRJEB49383,,,infant,,,GB,,,,,,,primary,1.0,6.235
SAMEA11124313,PRJEB49383,,,infant,,,GB,,,,,,,primary,1.0,3.205
SAMEA11124315,PRJEB49383,,,infant,,,GB,,,,,,,primary,1.0,3.393
SAMEA11124317,PRJEB49383,,,infant,,,GB,,,,,,,primary,1.0,2.669
SAMEA11124319,PRJEB49383,,,infant,,,GB,,,,,,,primary,1.0,1.107
SAMEA11124321,PRJEB49383,,,infant,,,GB,,,,,,,primary,1.0,0.637
SAMEA11124323,PRJEB49383,,,infant,,,GB,,,,,,,primary,1.0,0.175
SAMEA11124325,PRJEB49383,,,infant,,,GB,,,,,,,primary,1.0,6.274
SAMEA11124327,PRJEB49383,,,infant,,,GB,,,,,,,primary,1.0,4.393
SAMEA11124329,PRJEB49383,,,infant,,,GB,,,,,,,primary,1.0,3.104
SAMEA11124331,PRJEB49383,,,infant,,,GB,,,,,,,primary,1.0,2.868
SAMEA11124333,PRJEB49383,,,infant,,,GB,,,,,,,primary,1.0,3.269
SAMEA11124335,PRJEB49383,,,infant,,,GB,,,,,,,primary,1.0,1.917
SAMEA11124337,PRJEB49383,,,infant,,,GB,,,,,,,primary,1.0,2.64
SAMEA11124339,PRJEB49383,,,infant,,,GB,,,,,,,primary,1.0,0.268
SAMEA11124341,PRJEB49383,,,infant,,,GB,,,,,,,primary,1.0,3.34
SAMEA11124343,PRJEB49383,,,infant,,,GB,,,,,,,primary,1.0,1.068
SAMEA11124345,PRJEB49383,,,infant,,,GB,,,,,,,primary,1.0,0.883
SAMEA11124347,PRJEB49383,,,infant,,,GB,,,,,,,primary,1.0,0.549
SAMEA11124349,PRJEB49383,,,infant,,,GB,,,,,,,primary,1.0,10.381
SAMEA11124351,PRJEB49383,,,infant,,,GB,,,,,,,primary,1.0,1.974
SAMEA11124353,PRJEB49383,,,infant,,,GB,,,,,,,primary,1.0,0.181
SAMEA11124355,PRJEB49383,,,infant,,,GB,,,,,,,primary,1.0,4.852
SAMEA11124357,PRJEB49383,,,infant,,,GB,,,,,,,primary,1.0,1.873
SAMEA11124359,PRJEB49383,,,infant,,,GB,,,,,,,primary,1.0,3.102
SAMEA11124361,PRJEB49383,,,infant,,,GB,,,,,,,primary,1.0,8.922
SAMEA11124363,PRJEB49383,,,infant,,,GB,,,,,,,primary,1.0,6.936
SAMEA11124365,PRJEB49383,,,infant,,,GB,,,,,,,primary,1.0,5.161
SAMEA11124367,PRJEB49383,,,infant,,,GB,,,,,,,primary,1.0,2.879
SAMEA11124369,PRJEB49383,,,infant,,,GB,,,,,,,primary,1.0,1.944
SAMEA11124371,PRJEB49383,,,infant,,,GB,,,,,,,primary,1.0,2.676
SAMEA11124373,PRJEB49383,,,infant,,,GB,,,,,,,primary,1.0,1.181
SAMEA11124375,PRJEB49383,,,infant,,,GB,,,,,,,primary,1.0,1.618
SAMEA11124377,PRJEB49383,,,infant,,,GB,,,,,,,primary,1.0,2.352
SAMEA11124379,PRJEB49383,,,infant,,,GB,,,,,,,primary,1.0,4.45
SAMEA11124381,PRJEB49383,,,infant,,,GB,,,,,,,primary,1.0,2.282
SAMEA11124383,PRJEB49383,,,infant,,,GB,,,,,,,primary,1.0,1.241
SAMEA11124385,PRJEB49383,,,infant,,,GB,,,,,,,primary,1.0,0.005
SAMEA11124387,PRJEB49383,,,infant,,,GB,,,,,,,primary,1.0,2.152
SAMEA11124389,PRJEB49383,,,infant,,,GB,,,,,,,primary,1.0,0.14
SAMEA11124391,PRJEB49383,,,infant,,,GB,,,,,,,primary,1.0,1.333
SAMEA11124393,PRJEB49383,,,infant,,,GB,,,,,,,primary,1.0,0.399
SAMEA11124395,PRJEB49383,,,infant,,,GB,,,,,,,primary,1.0,5.064
SAMEA11124397,PRJEB49383,,,infant,,,GB,,,,,,,primary,1.0,3.823
SAMEA11124399,PRJEB49383,,,infant,,,GB,,,,,,,primary,1.0,2.609
SAMEA11124401,PRJEB49383,,,infant,,,GB,,,,,,,primary,1.0,1.842
SAMEA11124403,PRJEB49383,,,infant,,,GB,,,,,,,primary,1.0,1.163
SAMEA11124405,PRJEB49383,,,infant,,,GB,,,,,,,primary,1.0,7.988
SAMEA11124407,PRJEB49383,,,infant,,,GB,,,,,,,primary,1.0,3.904
SAMEA11124409,PRJEB49383,,,infant,,,GB,,,,,,,primary,1.0,5.487
SAMEA11124411,PRJEB49383,,,infant,,,GB,,,,,,,primary,1.0,11.051
SAMEA11124413,PRJEB49383,,,infant,,,GB,,,,,,,primary,1.0,1.611
SAMEA11124415,PRJEB49383,,,infant,,,GB,,,,,,,primary,1.0,5.018
SAMEA11124417,PRJEB49383,,,infant,,,GB,,,,,,,primary,1.0,1.879
SAMEA11124420,PRJEB49383,,,infant,,,GB,,,,,,,primary,1.0,12.019
SAMEA11124422,PRJEB49383,,,infant,,,GB,,,,,,,primary,1.0,3.396
SAMEA11124424,PRJEB49383,,,infant,,,GB,,,,,,,primary,1.0,7.224
SAMEA11124426,PRJEB49383,,,infant,,,GB,,,,,,,primary,1.0,1.376
SAMEA11124428,PRJEB49383,,,infant,,,GB,,,,,,,primary,1.0,0.971
SAMEA11124430,PRJEB49383,,,infant,,,GB,,,,,,,primary,1.0,6.637
SAMEA11124432,PRJEB49383,,,infant,,,GB,,,,,,,primary,1.0,3.809
SAMEA11124434,PRJEB49383,,,infant,,,GB,,,,,,,primary,1.0,2.526
SAMEA11124436,PRJEB49383,,,infant,,,GB,,,,,,,primary,1.0,0.004
SAMEA11124438,PRJEB49383,,,infant,,,GB,,,,,,,primary,1.0,1.254
SAMEA11124440,PRJEB49383,,,infant,,,GB,,,,,,,primary,1.0,1.462
SAMEA11124442,PRJEB49383,,,infant,,,GB,,,,,,,primary,1.0,0.117
SAMEA11124444,PRJEB49383,,,infant,,,GB,,,,,,,primary,1.0,3.692
SAMEA11124446,PRJEB49383,,,infant,,,GB,,,,,,,primary,1.0,1.092
SAMEA11124448,PRJEB49383,,,infant,,,GB,,,,,,,primary,1.0,3.718
SAMEA11124450,PRJEB49383,,,infant,,,GB,,,,,,,primary,1.0,1.334
SAMEA11124452,PRJEB49383,,,infant,,,GB,,,,,,,primary,1.0,1.169
SAMEA11124454,PRJEB49383,,,infant,,,GB,,,,,,,primary,1.0,2.892
SAMEA11124456,PRJEB49383,,,infant,,,GB,,,,,,,primary,1.0,6.71
SAMEA11124458,PRJEB49383,,,infant,,,GB,,,,,,,primary,1.0,3.151
SAMEA11124460,PRJEB49383,,,infant,,,GB,,,,,,,primary,1.0,1.295
SAMEA11124462,PRJEB49383,,,infant,,,GB,,,,,,,primary,1.0,3.937
SAMEA11124464,PRJEB49383,,,infant,,,GB,,,,,,,primary,1.0,0.98
SAMEA11124466,PRJEB49383,,,infant,,,GB,,,,,,,primary,1.0,1.605
SAMEA11124468,PRJEB49383,,,infant,,,GB,,,,,,,primary,1.0,0.181
SAMEA11124470,PRJEB49383,,,infant,,,GB,,,,,,,primary,1.0,1.364
SAMEA11124472,PRJEB49383,,,infant,,,GB,,,,,,,primary,1.0,0.746
SAMEA11124474,PRJEB49383,,,infant,,,GB,,,,,,,primary,1.0,1.428
SAMEA11124476,PRJEB49383,,,infant,,,GB,,,,,,,primary,1.0,0.815
SAMEA11124478,PRJEB49383,,,infant,,,GB,,,,,,,primary,1.0,2.208
SAMEA11124480,PRJEB49383,,,infant,,,GB,,,,,,,primary,1.0,5.83
SAMEA11124482,PRJEB49383,,,infant,,,GB,,,,,,,primary,1.0,1.851
SAMEA11124484,PRJEB49383,,,infant,,,GB,,,,,,,primary,1.0,1.81
SAMEA11124486,PRJEB49383,,,infant,,,GB,,,,,,,primary,1.0,5.208
SAMEA11124488,PRJEB49383,,,infant,,,GB,,,,,,,primary,1.0,7.292
SAMEA11124490,PRJEB49383,,,infant,,,GB,,,,,,,primary,1.0,5.294
SAMEA11124492,PRJEB49383,,,infant,,,GB,,,,,,,primary,1.0,4.166
SAMEA11124494,PRJEB49383,,,infant,,,GB,,,,,,,primary,1.0,2.707
SAMEA11124496,PRJEB49383,,,infant,,,GB,,,,,,,primary,1.0,2.518
SAMEA11124498,PRJEB49383,,,infant,,,GB,,,,,,,primary,1.0,2.144
SAMEA11124500,PRJEB49383,,,infant,,,GB,,,,,,,primary,1.0,0.001
SAMEA11124502,PRJEB49383,,,infant,,,GB,,,,,,,primary,1.0,3.338
SAMEA11124504,PRJEB49383,,,infant,,,GB,,,,,,,primary,1.0,3.585
SAMEA11124506,PRJEB49383,,,infant,,,GB,,,,,,,primary,1.0,2.625
SAMEA11124508,PRJEB49383,,,infant,,,GB,,,,,,,primary,1.0,2.918
SAMEA11124510,PRJEB49383,,,infant,,,GB,,,,,,,primary,1.0,0.387
SAMEA11124512,PRJEB49383,,,infant,,,GB,,,,,,,primary,1.0,1.548
SAMEA11124514,PRJEB49383,,,infant,,,GB,,,,,,,primary,1.0,4.972
SAMEA11124516,PRJEB49383,,,infant,,,GB,,,,,,,primary,1.0,3.871
SAMEA11124518,PRJEB49383,,,infant,,,GB,,,,,,,primary,1.0,0.008
SAMEA11124520,PRJEB49383,,,infant,,,GB,,,,,,,primary,1.0,2.771
SAMEA11124522,PRJEB49383,,,infant,,,GB,,,,,,,primary,1.0,2.851
SAMEA11124524,PRJEB49383,,,infant,,,GB,,,,,,,primary,1.0,3.745
SAMEA11124526,PRJEB49383,,,infant,,,GB,,,,,,,primary,1.0,4.881
SAMEA11124528,PRJEB49383,,,infant,,,GB,,,,,,,primary,1.0,2.941
SAMEA11124530,PRJEB49383,,,infant,,,GB,,,,,,,primary,1.0,1.118
SAMEA11124532,PRJEB49383,,,infant,,,GB,,,,,,,primary,1.0,10.372
SAMEA11124534,PRJEB49383,,,infant,,,GB,,,,,,,primary,1.0,5.143
SAMEA11124536,PRJEB49383,,,infant,,,GB,,,,,,,primary,1.0,3.783
SAMEA11124538,PRJEB49383,,,infant,,,GB,,,,,,,primary,1.0,5.795
SAMEA11124540,PRJEB49383,,,infant,,,GB,,,,,,,primary,1.0,1.965
SAMEA11124542,PRJEB49383,,,infant,,,GB,,,,,,,primary,1.0,4.62
SAMEA11124544,PRJEB49383,,,infant,,,GB,,,,,,,primary,1.0,4.911
SAMEA11124546,PRJEB49383,,,infant,,,GB,,,,,,,primary,1.0,4.566
SAMEA11124548,PRJEB49383,,,infant,,,GB,,,,,,,primary,1.0,2.863
SAMEA11124550,PRJEB49383,,,infant,,,GB,,,,,,,primary,1.0,8.917
SAMEA11124552,PRJEB49383,,,infant,,,GB,,,,,,,primary,1.0,4.473
SAMEA11124554,PRJEB49383,,,infant,,,GB,,,,,,,primary,1.0,0.135
SAMEA11124556,PRJEB49383,,,infant,,,GB,,,,,,,primary,1.0,4.769
SAMEA11124558,PRJEB49383,,,infant,,,GB,,,,,,,primary,1.0,9.666
SAMEA11124560,PRJEB49383,,,infant,,,GB,,,,,,,primary,1.0,4.209
SAMEA11124562,PRJEB49383,,,infant,,,GB,,,,,,,primary,1.0,0.608
SAMEA11124564,PRJEB49383,,,infant,,,GB,,,,,,,primary,1.0,0.687
SAMEA11124566,PRJEB49383,,,infant,,,GB,,,,,,,primary,1.0,1.891
SAMEA11124568,PRJEB49383,,,infant,,,GB,,,,,,,primary,1.0,6.579
SAMEA11124570,PRJEB49383,,,infant,,,GB,,,,,,,primary,1.0,5.175
SAMEA11124572,PRJEB49383,,,infant,,,GB,,,,,,,primary,1.0,6.154
SAMEA11124574,PRJEB49383,,,infant,,,GB,,,,,,,primary,1.0,6.431
SAMEA11124576,PRJEB49383,,,infant,,,GB,,,,,,,primary,1.0,4.322
SAMEA11124578,PRJEB49383,,,infant,,,GB,,,,,,,primary,1.0,5.337
SAMEA11124580,PRJEB49383,,,infant,,,GB,,,,,,,primary,1.0,4.362
SAMEA11124582,PRJEB49383,,,infant,,,GB,,,,,,,primary,1.0,3.313
SAMEA11124584,PRJEB49383,,,infant,,,GB,,,,,,,primary,1.0,5.833
SAMEA11124586,PRJEB49383,,,infant,,,GB,,,,,,,primary,1.0,3.648
SAMEA11124588,PRJEB49383,,,infant,,,GB,,,,,,,primary,1.0,0.764
SAMEA11124590,PRJEB49383,,,infant,,,GB,,,,,,,primary,1.0,5.06
SAMEA11124592,PRJEB49383,,,infant,,,GB,,,,,,,primary,1.0,8.109
SAMEA11124594,PRJEB49383,,,infant,,,GB,,,,,,,primary,1.0,13.222
SAMEA11124596,PRJEB49383,,,infant,,,GB,,,,,,,primary,1.0,4.308
SAMEA11124598,PRJEB49383,,,infant,,,GB,,,,,,,primary,1.0,13.005
SAMEA11124600,PRJEB49383,,,infant,,,GB,,,,,,,primary,1.0,0.005
SAMEA11124602,PRJEB49383,,,infant,,,GB,,,,,,,primary,1.0,5.718
SAMEA11124604,PRJEB49383,,,infant,,,GB,,,,,,,primary,1.0,0.004
SAMEA11124606,PRJEB49383,,,infant,,,GB,,,,,,,primary,1.0,6.088
SAMEA11124608,PRJEB49383,,,infant,,,GB,,,,,,,primary,1.0,5.264
SAMEA11124610,PRJEB49383,,,infant,,,GB,,,,,,,primary,1.0,3.925
SAMEA11124612,PRJEB49383,,,infant,,,GB,,,,,,,primary,1.0,1.982
SAMEA11124614,PRJEB49383,,,infant,,,GB,,,,,,,primary,1.0,6.872
SAMEA11124616,PRJEB49383,,,infant,,,GB,,,,,,,primary,1.0,1.138
SAMEA11124618,PRJEB49383,,,infant,,,GB,,,,,,,primary,1.0,5.305
SAMEA11124620,PRJEB49383,,,infant,,,GB,,,,,,,primary,1.0,5.494
SAMEA11124622,PRJEB49383,,,infant,,,GB,,,,,,,primary,1.0,3.819
SAMEA11124624,PRJEB49383,,,infant,,,GB,,,,,,,primary,1.0,0.005
SAMEA11124626,PRJEB49383,,,infant,,,GB,,,,,,,primary,1.0,6.54
SAMEA11124628,PRJEB49383,,,infant,,,GB,,,,,,,primary,1.0,5.979
SAMEA11124630,PRJEB49383,,,infant,,,GB,,,,,,,primary,1.0,7.36
SAMEA11124632,PRJEB49383,,,infant,,,GB,,,,,,,primary,1.0,4.256
SAMEA11124634,PRJEB49383,,,infant,,,GB,,,,,,,primary,1.0,7.408
SAMEA11124636,PRJEB49383,,,infant,,,GB,,,,,,,primary,1.0,3.034
SAMEA11124638,PRJEB49383,,,infant,,,GB,,,,,,,primary,1.0,4.355
SAMEA11124640,PRJEB49383,,,infant,,,GB,,,,,,,primary,1.0,0.005
SAMEA11124642,PRJEB49383,,,infant,,,GB,,,,,,,primary,1.0,2.663
SAMEA11124644,PRJEB49383,,,infant,,,GB,,,,,,,primary,1.0,3.246
SAMEA11124646,PRJEB49383,,,infant,,,GB,,,,,,,primary,1.0,6.073
SAMEA11124648,PRJEB49383,,,infant,,,GB,,,,,,,primary,1.0,6.069
SAMEA11124650,PRJEB49383,,,infant,,,GB,,,,,,,primary,1.0,9.505
SAMEA11124652,PRJEB49383,,,infant,,,GB,,,,,,,primary,1.0,3.781
SAMEA11124654,PRJEB49383,,,infant,,,GB,,,,,,,primary,1.0,5.763
SAMEA11124656,PRJEB49383,,,infant,,,GB,,,,,,,primary,1.0,5.313
SAMEA11124658,PRJEB49383,,,infant,,,GB,,,,,,,primary,1.0,6.189
SAMEA11124660,PRJEB49383,,,infant,,,GB,,,,,,,primary,1.0,6.51
SAMEA11124662,PRJEB49383,,,infant,,,GB,,,,,,,primary,1.0,3.21
SAMEA11124664,PRJEB49383,,,infant,,,GB,,,,,,,primary,1.0,3.794
SAMEA11124666,PRJEB49383,,,infant,,,GB,,,,,,,primary,1.0,0.288
SAMEA11124668,PRJEB49383,,,infant,,,GB,,,,,,,primary,1.0,7.293
SAMEA11124670,PRJEB49383,,,infant,,,GB,,,,,,,primary,1.0,0.786
SAMEA11124672,PRJEB49383,,,infant,,,GB,,,,,,,primary,1.0,9.413
SAMEA11124674,PRJEB49383,,,infant,,,GB,,,,,,,primary,1.0,1.701
SAMEA11124676,PRJEB49383,,,infant,,,GB,,,,,,,primary,1.0,6.991
SAMEA11124678,PRJEB49383,,,infant,,,GB,,,,,,,primary,1.0,3.453
SAMEA11124680,PRJEB49383,,,infant,,,GB,,,,,,,primary,1.0,1.032
SAMEA11124682,PRJEB49383,,,infant,,,GB,,,,,,,primary,1.0,0.019
SAMEA11124684,PRJEB49383,,,infant,,,GB,,,,,,,primary,1.0,20.041
SAMEA11124686,PRJEB49383,,,infant,,,GB,,,,,,,primary,1.0,3.583
SAMEA11124688,PRJEB49383,,,infant,,,GB,,,,,,,primary,1.0,3.162
SAMEA11124690,PRJEB49383,,,infant,,,GB,,,,,,,primary,1.0,5.034
SAMEA11124692,PRJEB49383,,,infant,,,GB,,,,,,,primary,1.0,2.171
SAMEA11124694,PRJEB49383,,,infant,,,GB,,,,,,,primary,1.0,2.088
SAMEA11124696,PRJEB49383,,,infant,,,GB,,,,,,,primary,1.0,1.255
SAMEA11124698,PRJEB49383,,,infant,,,GB,,,,,,,primary,1.0,0.306
SAMEA11124700,PRJEB49383,,,infant,,,GB,,,,,,,primary,1.0,2.592
SAMEA11124702,PRJEB49383,,,infant,,,GB,,,,,,,primary,1.0,4.103
SAMEA11124704,PRJEB49383,,,infant,,,GB,,,,,,,primary,1.0,4.753
SAMEA11124706,PRJEB49383,,,infant,,,GB,,,,,,,primary,1.0,6.527
SAMEA11124708,PRJEB49383,,,infant,,,GB,,,,,,,primary,1.0,2.94
SAMEA11124710,PRJEB49383,,,infant,,,GB,,,,,,,primary,1.0,0.01
SAMEA11124712,PRJEB49383,,,infant,,,GB,,,,,,,primary,1.0,2.955
SAMEA11124714,PRJEB49383,,,infant,,,GB,,,,,,,primary,1.0,6.082
SAMEA11124716,PRJEB49383,,,infant,,,GB,,,,,,,primary,1.0,4.003
SAMEA11124718,PRJEB49383,,,infant,,,GB,,,,,,,primary,1.0,4.841
SAMEA11124720,PRJEB49383,,,infant,,,GB,,,,,,,primary,1.0,1.021
SAMEA11124722,PRJEB49383,,,infant,,,GB,,,,,,,primary,1.0,8.887
SAMEA11124724,PRJEB49383,,,infant,,,GB,,,,,,,primary,1.0,2.436
SAMEA11124726,PRJEB49383,,,infant,,,GB,,,,,,,primary,1.0,1.794
SAMEA11124728,PRJEB49383,,,infant,,,GB,,,,,,,primary,1.0,1.275
SAMEA11124730,PRJEB49383,,,infant,,,GB,,,,,,,primary,1.0,3.363
SAMEA11124732,PRJEB49383,,,infant,,,GB,,,,,,,primary,1.0,0.009
SAMEA11124734,PRJEB49383,,,infant,,,GB,,,,,,,primary,1.0,0.006
SAMEA11124736,PRJEB49383,,,infant,,,GB,,,,,,,primary,1.0,3.74
SAMEA11124738,PRJEB49383,,,infant,,,GB,,,,,,,primary,1.0,3.115
SAMEA11124740,PRJEB49383,,,infant,,,GB,,,,,,,primary,1.0,2.38
SAMEA11124742,PRJEB49383,,,infant,,,GB,,,,,,,primary,1.0,2.007
SAMEA11124744,PRJEB49383,,,infant,,,GB,,,,,,,primary,1.0,4.19
SAMEA11124746,PRJEB49383,,,infant,,,GB,,,,,,,primary,1.0,2.535
SAMEA11124748,PRJEB49383,,,infant,,,GB,,,,,,,primary,1.0,9.391
SAMEA11124750,PRJEB49383,,,infant,,,GB,,,,,,,primary,1.0,5.746
SAMEA11124752,PRJEB49383,,,infant,,,GB,,,,,,,primary,1.0,4.242
SAMEA11124754,PRJEB49383,,,infant,,,GB,,,,,,,primary,1.0,2.539
SAMEA11124756,PRJEB49383,,,infant,,,GB,,,,,,,primary,1.0,2.292
SAMEA11124758,PRJEB49383,,,infant,,,GB,,,,,,,primary,1.0,3.09
SAMEA11124760,PRJEB49383,,,infant,,,GB,,,,,,,primary,1.0,8.565
SAMEA11124762,PRJEB49383,,,infant,,,GB,,,,,,,primary,1.0,3.389
SAMEA11124764,PRJEB49383,,,infant,,,GB,,,,,,,primary,1.0,3.694
SAMEA11124766,PRJEB49383,,,infant,,,GB,,,,,,,primary,1.0,2.761
SAMEA11124768,PRJEB49383,,,infant,,,GB,,,,,,,primary,1.0,0.278
SAMEA11124770,PRJEB49383,,,infant,,,GB,,,,,,,primary,1.0,1.087
SAMEA11124772,PRJEB49383,,,infant,,,GB,,,,,,,primary,1.0,5.968
SAMEA11124774,PRJEB49383,,,infant,,,GB,,,,,,,primary,1.0,2.291
SAMEA11124776,PRJEB49383,,,infant,,,GB,,,,,,,primary,1.0,0.223
SAMEA11124778,PRJEB49383,,,infant,,,GB,,,,,,,primary,1.0,4.524
SAMEA11124780,PRJEB49383,,,infant,,,GB,,,,,,,primary,1.0,4.379
SAMEA11124782,PRJEB49383,,,infant,,,GB,,,,,,,primary,1.0,1.763
SAMEA11124784,PRJEB49383,,,infant,,,GB,,,,,,,primary,1.0,3.461
SAMEA11124786,PRJEB49383,,,infant,,,GB,,,,,,,primary,1.0,3.733
SAMEA11124788,PRJEB49383,,,infant,,,GB,,,,,,,primary,1.0,2.697
SAMEA11124790,PRJEB49383,,,infant,,,GB,,,,,,,primary,1.0,0.641
SAMEA11124792,PRJEB49383,,,infant,,,GB,,,,,,,primary,1.0,1.098
SAMEA11124794,PRJEB49383,,,infant,,,GB,,,,,,,primary,1.0,3.422
SAMEA11124796,PRJEB49383,,,infant,,,GB,,,,,,,primary,1.0,2.536
SAMEA11124798,PRJEB49383,,,infant,,,GB,,,,,,,primary,1.0,4.355
SAMEA11124800,PRJEB49383,,,infant,,,GB,,,,,,,primary,1.0,4.099
SAMEA11124802,PRJEB49383,,,infant,,,GB,,,,,,,primary,1.0,6.442
SAMEA11124804,PRJEB49383,,,infant,,,GB,,,,,,,primary,1.0,4.508
SAMEA11124806,PRJEB49383,,,infant,,,GB,,,,,,,primary,1.0,1.78
SAMEA11124808,PRJEB49383,,,infant,,,GB,,,,,,,primary,1.0,9.197
SAMEA11124810,PRJEB49383,,,infant,,,GB,,,,,,,primary,1.0,13.941
SAMEA11124812,PRJEB49383,,,infant,,,GB,,,,,,,primary,1.0,0.037
SAMEA11124814,PRJEB49383,,,infant,,,GB,,,,,,,primary,1.0,0.841
SAMEA11124816,PRJEB49383,,,infant,,,GB,,,,,,,primary,1.0,3.696
SAMEA11124818,PRJEB49383,,,infant,,,GB,,,,,,,primary,1.0,3.666
SAMEA11124820,PRJEB49383,,,infant,,,GB,,,,,,,primary,1.0,5.748
SAMEA11124822,PRJEB49383,,,infant,,,GB,,,,,,,primary,1.0,2.897
SAMEA11124824,PRJEB49383,,,infant,,,GB,,,,,,,primary,1.0,8.806
SAMEA11124826,PRJEB49383,,,infant,,,GB,,,,,,,primary,1.0,1.232
SAMEA11124828,PRJEB49383,,,infant,,,GB,,,,,,,primary,1.0,9.581
SAMEA11124830,PRJEB49383,,,infant,,,GB,,,,,,,primary,1.0,4.529
SAMEA11124832,PRJEB49383,,,infant,,,GB,,,,,,,primary,1.0,3.544
SAMEA11124834,PRJEB49383,,,infant,,,GB,,,,,,,primary,1.0,6.307
SAMEA11124836,PRJEB49383,,,infant,,,GB,,,,,,,primary,1.0,3.123
SAMEA11124838,PRJEB49383,,,infant,,,GB,,,,,,,primary,1.0,3.675
SAMEA11124840,PRJEB49383,,,infant,,,GB,,,,,,,primary,1.0,3.728
SAMEA11124842,PRJEB49383,,,infant,,,GB,,,,,,,primary,1.0,5.214
SAMEA11124844,PRJEB49383,,,infant,,,GB,,,,,,,primary,1.0,3.71
SAMEA11124846,PRJEB49383,,,infant,,,GB,,,,,,,primary,1.0,2.755
SAMEA11124848,PRJEB49383,,,infant,,,GB,,,,,,,primary,1.0,2.22
SAMEA11124850,PRJEB49383,,,infant,,,GB,,,,,,,primary,1.0,6.263
SAMEA11124852,PRJEB49383,,,infant,,,GB,,,,,,,primary,1.0,7.94
SAMEA11124854,PRJEB49383,,,infant,,,GB,,,,,,,primary,1.0,3.81
SAMEA11124856,PRJEB49383,,,infant,,,GB,,,,,,,primary,1.0,4.251
SAMEA11124858,PRJEB49383,,,infant,,,GB,,,,,,,primary,1.0,7.867
SAMEA11124860,PRJEB49383,,,infant,,,GB,,,,,,,primary,1.0,6.033
SAMEA11124862,PRJEB49383,,,infant,,,GB,,,,,,,primary,1.0,0.367
SAMEA11124864,PRJEB49383,,,infant,,,GB,,,,,,,primary,1.0,2.779
SAMEA11124866,PRJEB49383,,,infant,,,GB,,,,,,,primary,1.0,4.401
SAMEA11124868,PRJEB49383,,,infant,,,GB,,,,,,,primary,1.0,5.402
SAMEA11124870,PRJEB49383,,,infant,,,GB,,,,,,,primary,1.0,1.643
SAMEA11124872,PRJEB49383,,,infant,,,GB,,,,,,,primary,1.0,0.445
SAMEA11124874,PRJEB49383,,,infant,,,GB,,,,,,,primary,1.0,0.031
SAMEA11124876,PRJEB49383,,,infant,,,GB,,,,,,,primary,1.0,1.805
SAMEA11124878,PRJEB49383,,,infant,,,GB,,,,,,,primary,1.0,1.28
SAMEA11124880,PRJEB49383,,,infant,,,GB,,,,,,,primary,1.0,0.521
SAMEA11124882,PRJEB49383,,,infant,,,GB,,,,,,,primary,1.0,4.029
SAMEA11124884,PRJEB49383,,,infant,,,GB,,,,,,,primary,1.0,1.911
SAMEA11124886,PRJEB49383,,,infant,,,GB,,,,,,,primary,1.0,0.353
SAMEA11124888,PRJEB49383,,,infant,,,GB,,,,,,,primary,1.0,3.568
SAMEA11124890,PRJEB49383,,,infant,,,GB,,,,,,,primary,1.0,0.448
SAMEA11124892,PRJEB49383,,,infant,,,GB,,,,,,,primary,1.0,1.014
SAMEA11124894,PRJEB49383,,,infant,,,GB,,,,,,,primary,1.0,4.723
SAMEA11124896,PRJEB49383,,,infant,,,GB,,,,,,,primary,1.0,6.045
SAMEA11124898,PRJEB49383,,,infant,,,GB,,,,,,,primary,1.0,0.005
SAMEA11124900,PRJEB49383,,,infant,,,GB,,,,,,,primary,1.0,1.641
SAMEA11124902,PRJEB49383,,,infant,,,GB,,,,,,,primary,1.0,2.777
SAMEA11124904,PRJEB49383,,,infant,,,GB,,,,,,,primary,1.0,2.548
SAMEA11124906,PRJEB49383,,,infant,,,GB,,,,,,,primary,1.0,0.01
SAMEA11124908,PRJEB49383,,,infant,,,GB,,,,,,,primary,1.0,4.537
SAMEA11124910,PRJEB49383,,,infant,,,GB,,,,,,,primary,1.0,5.24
SAMEA11124912,PRJEB49383,,,infant,,,GB,,,,,,,primary,1.0,5.981
SAMEA11124914,PRJEB49383,,,infant,,,GB,,,,,,,primary,1.0,7.802
SAMEA11124916,PRJEB49383,,,infant,,,GB,,,,,,,primary,1.0,3.896
SAMEA11124918,PRJEB49383,,,infant,,,GB,,,,,,,primary,1.0,4.666
SAMEA11124920,PRJEB49383,,,infant,,,GB,,,,,,,primary,1.0,2.197
SAMEA11124922,PRJEB49383,,,infant,,,GB,,,,,,,primary,1.0,2.875
SAMEA11124924,PRJEB49383,,,infant,,,GB,,,,,,,primary,1.0,2.877
SAMEA11124926,PRJEB49383,,,infant,,,GB,,,,,,,primary,1.0,3.61
SAMEA11124928,PRJEB49383,,,infant,,,GB,,,,,,,primary,1.0,4.136
SAMEA11124930,PRJEB49383,,,infant,,,GB,,,,,,,primary,1.0,3.199
SAMEA11124932,PRJEB49383,,,infant,,,GB,,,,,,,primary,1.0,3.986
SAMEA11124934,PRJEB49383,,,infant,,,GB,,,,,,,primary,1.0,4.566
SAMEA11124936,PRJEB49383,,,infant,,,GB,,,,,,,primary,1.0,0.785
SAMEA11124938,PRJEB49383,,,infant,,,GB,,,,,,,primary,1.0,2.516
SAMEA11124940,PRJEB49383,,,infant,,,GB,,,,,,,primary,1.0,2.916
SAMEA11124942,PRJEB49383,,,infant,,,GB,,,,,,,primary,1.0,3.662
SAMEA11124944,PRJEB49383,,,infant,,,GB,,,,,,,primary,1.0,4.071
SAMEA11124946,PRJEB49383,,,infant,,,GB,,,,,,,primary,1.0,3.457
SAMEA11124948,PRJEB49383,,,infant,,,GB,,,,,,,primary,1.0,3.59
SAMEA11124950,PRJEB49383,,,infant,,,GB,,,,,,,primary,1.0,2.074
SAMEA11124952,PRJEB49383,,,infant,,,GB,,,,,,,primary,1.0,5.008
SAMEA11124954,PRJEB49383,,,infant,,,GB,,,,,,,primary,1.0,4.097
SAMEA11124956,PRJEB49383,,,infant,,,GB,,,,,,,primary,1.0,1.243
SAMEA11124958,PRJEB49383,,,infant,,,GB,,,,,,,primary,1.0,3.614
SAMEA11124960,PRJEB49383,,,infant,,,GB,,,,,,,primary,1.0,2.47
SAMEA11124962,PRJEB49383,,,infant,,,GB,,,,,,,primary,1.0,13.196
SAMEA11124964,PRJEB49383,,,infant,,,GB,,,,,,,primary,1.0,7.369
SAMEA11124966,PRJEB49383,,,infant,,,GB,,,,,,,primary,1.0,0.324
SAMEA11124968,PRJEB49383,,,infant,,,GB,,,,,,,primary,1.0,4.223
SAMEA11124970,PRJEB49383,,,infant,,,GB,,,,,,,primary,1.0,6.714
SAMEA11124973,PRJEB49383,,,infant,,,GB,,,,,,,primary,1.0,4.743
SAMEA11124975,PRJEB49383,,,infant,,,GB,,,,,,,primary,1.0,3.643
SAMEA11124977,PRJEB49383,,,infant,,,GB,,,,,,,primary,1.0,9.311
SAMEA11124979,PRJEB49383,,,infant,,,GB,,,,,,,primary,1.0,6.126
SAMEA11124981,PRJEB49383,,,infant,,,GB,,,,,,,primary,1.0,1.191
SAMEA11124983,PRJEB49383,,,infant,,,GB,,,,,,,primary,1.0,6.215
SAMEA11124985,PRJEB49383,,,infant,,,GB,,,,,,,primary,1.0,9.503
SAMEA11124987,PRJEB49383,,,infant,,,GB,,,,,,,primary,1.0,1.028
SAMEA11124991,PRJEB49383,,,infant,,,GB,,,,,,,primary,1.0,7.544
SAMEA11124993,PRJEB49383,,,infant,,,GB,,,,,,,primary,1.0,5.849
SAMEA11125005,PRJEB49383,,,infant,,,GB,,,,,,,primary,1.0,3.956
SAMEA11125009,PRJEB49383,,,infant,,,GB,,,,,,,primary,1.0,4.761
SAMEA11125011,PRJEB49383,,,infant,,,GB,,,,,,,primary,1.0,9.813
SAMEA11125013,PRJEB49383,,,infant,,,GB,,,,,,,primary,1.0,2.415
SAMEA11125015,PRJEB49383,,,infant,,,GB,,,,,,,primary,1.0,2.757
SAMEA11125021,PRJEB49383,,,infant,,,GB,,,,,,,primary,1.0,5.113
SAMEA11125023,PRJEB49383,,,infant,,,GB,,,,,,,primary,1.0,6.154
SAMEA11125025,PRJEB49383,,,infant,,,GB,,,,,,,primary,1.0,2.671
SAMEA11125027,PRJEB49383,,,infant,,,GB,,,,,,,primary,1.0,4.107
SAMEA11125029,PRJEB49383,,,infant,,,GB,,,,,,,primary,1.0,3.91
SAMEA11125031,PRJEB49383,,,infant,,,GB,,,,,,,primary,1.0,3.702
SAMEA11125033,PRJEB49383,,,infant,,,GB,,,,,,,primary,1.0,1.906
SAMEA11125035,PRJEB49383,,,infant,,,GB,,,,,,,primary,1.0,1.258
SAMEA11125037,PRJEB49383,,,infant,,,GB,,,,,,,primary,1.0,3.163
SAMEA11125045,PRJEB49383,,,infant,,,GB,,,,,,,primary,1.0,0.962
SAMEA11125049,PRJEB49383,,,infant,,,GB,,,,,,,primary,1.0,3.16
SAMEA11125051,PRJEB49383,,,infant,,,GB,,,,,,,primary,1.0,2.626
SAMEA11125055,PRJEB49383,,,infant,,,GB,,,,,,,primary,1.0,6.139
SAMEA11125057,PRJEB49383,,,infant,,,GB,,,,,,,primary,1.0,4.443
SAMEA11125061,PRJEB49383,,,infant,,,GB,,,,,,,primary,1.0,4.926
SAMEA11125063,PRJEB49383,,,infant,,,GB,,,,,,,primary,1.0,1.881
SAMEA11125065,PRJEB49383,,,infant,,,GB,,,,,,,primary,1.0,0.563
SAMEA11125067,PRJEB49383,,,infant,,,GB,,,,,,,primary,1.0,1.476
SAMEA11125069,PRJEB49383,,,infant,,,GB,,,,,,,primary,1.0,2.091
SAMEA11125071,PRJEB49383,,,infant,,,GB,,,,,,,primary,1.0,1.86
SAMEA11125073,PRJEB49383,,,infant,,,GB,,,,,,,primary,1.0,6.042
SAMEA11125075,PRJEB49383,,,infant,,,GB,,,,,,,primary,1.0,5.163
SAMEA11125077,PRJEB49383,,,infant,,,GB,,,,,,,primary,1.0,2.836
SAMEA11125079,PRJEB49383,,,infant,,,GB,,,,,,,primary,1.0,0.011
SAMEA11125081,PRJEB49383,,,infant,,,GB,,,,,,,primary,1.0,2.453
SAMEA11125083,PRJEB49383,,,infant,,,GB,,,,,,,primary,1.0,2.51
SAMEA11125085,PRJEB49383,,,infant,,,GB,,,,,,,primary,1.0,5.129
SAMEA11125087,PRJEB49383,,,infant,,,GB,,,,,,,primary,1.0,1.532
SAMEA11125089,PRJEB49383,,,infant,,,GB,,,,,,,primary,1.0,2.817
SAMEA11125091,PRJEB49383,,,infant,,,GB,,,,,,,primary,1.0,10.191
SAMEA11125093,PRJEB49383,,,infant,,,GB,,,,,,,primary,1.0,1.04
SAMEA11125095,PRJEB49383,,,infant,,,GB,,,,,,,primary,1.0,3.09
SAMEA11125097,PRJEB49383,,,infant,,,GB,,,,,,,primary,1.0,5.939
SAMEA11125099,PRJEB49383,,,infant,,,GB,,,,,,,primary,1.0,4.151
SAMEA11125101,PRJEB49383,,,infant,,,GB,,,,,,,primary,1.0,2.054
SAMEA11125103,PRJEB49383,,,infant,,,GB,,,,,,,primary,1.0,2.472
SAMEA11125105,PRJEB49383,,,infant,,,GB,,,,,,,primary,1.0,3.753
SAMEA11125107,PRJEB49383,,,infant,,,GB,,,,,,,primary,1.0,4.445
SAMEA11125109,PRJEB49383,,,infant,,,GB,,,,,,,primary,1.0,1.475
SAMEA11125111,PRJEB49383,,,infant,,,GB,,,,,,,primary,1.0,1.906
SAMEA11125113,PRJEB49383,,,infant,,,GB,,,,,,,primary,1.0,2.047
SAMEA11125115,PRJEB49383,,,infant,,,GB,,,,,,,primary,1.0,3.75
SAMEA11125117,PRJEB49383,,,infant,,,GB,,,,,,,primary,1.0,4.311
SAMEA11125119,PRJEB49383,,,infant,,,GB,,,,,,,primary,1.0,3.975
SAMEA11125121,PRJEB49383,,,infant,,,GB,,,,,,,primary,1.0,3.456
SAMEA11125123,PRJEB49383,,,infant,,,GB,,,,,,,primary,1.0,0.365
SAMEA11125125,PRJEB49383,,,infant,,,GB,,,,,,,primary,1.0,6.869
SAMEA11125127,PRJEB49383,,,infant,,,GB,,,,,,,primary,1.0,4.01
SAMEA11125129,PRJEB49383,,,infant,,,GB,,,,,,,primary,1.0,1.422
SAMEA11125131,PRJEB49383,,,infant,,,GB,,,,,,,primary,1.0,4.726
SAMEA11125133,PRJEB49383,,,infant,,,GB,,,,,,,primary,1.0,4.054
SAMEA11125135,PRJEB49383,,,infant,,,GB,,,,,,,primary,1.0,6.323
SAMEA11125137,PRJEB49383,,,infant,,,GB,,,,,,,primary,1.0,10.448
SAMEA11125139,PRJEB49383,,,infant,,,GB,,,,,,,primary,1.0,2.077
SAMEA11125141,PRJEB49383,,,infant,,,GB,,,,,,,primary,1.0,3.461
SAMEA11125143,PRJEB49383,,,infant,,,GB,,,,,,,primary,1.0,2.53
SAMEA11125145,PRJEB49383,,,infant,,,GB,,,,,,,primary,1.0,0.536
SAMEA11125147,PRJEB49383,,,infant,,,GB,,,,,,,primary,1.0,0.743
SAMEA11125149,PRJEB49383,,,infant,,,GB,,,,,,,primary,1.0,1.054
SAMEA11125151,PRJEB49383,,,infant,,,GB,,,,,,,primary,1.0,0.159
SAMEA11125153,PRJEB49383,,,infant,,,GB,,,,,,,primary,1.0,1.444
SAMEA11125155,PRJEB49383,,,infant,,,GB,,,,,,,primary,1.0,2.855
SAMEA11125157,PRJEB49383,,,infant,,,GB,,,,,,,primary,1.0,4.41
SAMEA11125159,PRJEB49383,,,infant,,,GB,,,,,,,primary,1.0,4.264
SAMEA11125161,PRJEB49383,,,infant,,,GB,,,,,,,primary,1.0,5.236
SAMEA11125163,PRJEB49383,,,infant,,,GB,,,,,,,primary,1.0,0.054
SAMEA11125165,PRJEB49383,,,infant,,,GB,,,,,,,primary,1.0,7.345
SAMEA11125167,PRJEB49383,,,infant,,,GB,,,,,,,primary,1.0,3.074
SAMEA11125170,PRJEB49383,,,infant,,,GB,,,,,,,primary,1.0,3.999
SAMEA11125172,PRJEB49383,,,infant,,,GB,,,,,,,primary,1.0,0.169
SAMEA11125174,PRJEB49383,,,infant,,,GB,,,,,,,primary,1.0,1.854
SAMEA11125176,PRJEB49383,,,infant,,,GB,,,,,,,primary,1.0,1.338
SAMEA11125178,PRJEB49383,,,infant,,,GB,,,,,,,primary,1.0,2.101
SAMEA11125180,PRJEB49383,,,infant,,,GB,,,,,,,primary,1.0,0.023
SAMEA11125182,PRJEB49383,,,infant,,,GB,,,,,,,primary,1.0,0.006
SAMEA11125184,PRJEB49383,,,infant,,,GB,,,,,,,primary,1.0,2.946
SAMEA11125186,PRJEB49383,,,infant,,,GB,,,,,,,primary,1.0,2.653
SAMEA11125188,PRJEB49383,,,infant,,,GB,,,,,,,primary,1.0,3.725
SAMEA11125190,PRJEB49383,,,infant,,,GB,,,,,,,primary,1.0,2.622
SAMEA11125192,PRJEB49383,,,infant,,,GB,,,,,,,primary,1.0,6.544
SAMEA11125194,PRJEB49383,,,infant,,,GB,,,,,,,primary,1.0,3.074
SAMEA11125196,PRJEB49383,,,infant,,,GB,,,,,,,primary,1.0,7.5
SAMEA11125198,PRJEB49383,,,infant,,,GB,,,,,,,primary,1.0,5.787
SAMEA11125200,PRJEB49383,,,infant,,,GB,,,,,,,primary,1.0,5.04
SAMEA11125202,PRJEB49383,,,infant,,,GB,,,,,,,primary,1.0,2.146
SAMEA11125204,PRJEB49383,,,infant,,,GB,,,,,,,primary,1.0,8.127
SAMEA11125206,PRJEB49383,,,infant,,,GB,,,,,,,primary,1.0,5.46
SAMEA11125208,PRJEB49383,,,infant,,,GB,,,,,,,primary,1.0,3.857
SAMEA11125210,PRJEB49383,,,infant,,,GB,,,,,,,primary,1.0,0.478
SAMEA11125212,PRJEB49383,,,infant,,,GB,,,,,,,primary,1.0,2.31
SAMEA11125214,PRJEB49383,,,infant,,,GB,,,,,,,primary,1.0,3.004
SAMEA11125216,PRJEB49383,,,infant,,,GB,,,,,,,primary,1.0,2.762
SAMEA11125218,PRJEB49383,,,infant,,,GB,,,,,,,primary,1.0,2.829
SAMEA11125220,PRJEB49383,,,infant,,,GB,,,,,,,primary,1.0,11.031
SAMEA11125222,PRJEB49383,,,infant,,,GB,,,,,,,primary,1.0,1.98
SAMEA11125224,PRJEB49383,,,infant,,,GB,,,,,,,primary,1.0,0.814
SAMEA11125226,PRJEB49383,,,infant,,,GB,,,,,,,primary,1.0,4.398
SAMEA11125228,PRJEB49383,,,infant,,,GB,,,,,,,primary,1.0,7.247
SAMEA11125230,PRJEB49383,,,infant,,,GB,,,,,,,primary,1.0,3.613
SAMEA11125232,PRJEB49383,,,infant,,,GB,,,,,,,primary,1.0,6.533
SAMEA11125234,PRJEB49383,,,infant,,,GB,,,,,,,primary,1.0,4.468
SAMEA11125236,PRJEB49383,,,infant,,,GB,,,,,,,primary,1.0,2.647
SAMEA11125238,PRJEB49383,,,infant,,,GB,,,,,,,primary,1.0,1.505
SAMEA11125240,PRJEB49383,,,infant,,,GB,,,,,,,primary,1.0,3.733
SAMEA11125242,PRJEB49383,,,infant,,,GB,,,,,,,primary,1.0,1.007
SAMEA11125244,PRJEB49383,,,infant,,,GB,,,,,,,primary,1.0,2.984
SAMEA11125246,PRJEB49383,,,infant,,,GB,,,,,,,primary,1.0,6.563
SAMEA11125248,PRJEB49383,,,infant,,,GB,,,,,,,primary,1.0,2.01
SAMEA11125250,PRJEB49383,,,infant,,,GB,,,,,,,primary,1.0,6.967
SAMEA11125252,PRJEB49383,,,infant,,,GB,,,,,,,primary,1.0,5.103
SAMEA11125254,PRJEB49383,,,infant,,,GB,,,,,,,primary,1.0,1.479
SAMEA11125256,PRJEB49383,,,infant,,,GB,,,,,,,primary,1.0,4.985
SAMEA11125258,PRJEB49383,,,infant,,,GB,,,,,,,primary,1.0,2.507
SAMEA11125260,PRJEB49383,,,infant,,,GB,,,,,,,primary,1.0,5.539
SAMEA11125262,PRJEB49383,,,infant,,,GB,,,,,,,primary,1.0,1.495
SAMEA11125264,PRJEB49383,,,infant,,,GB,,,,,,,primary,1.0,3.387
SAMEA11125266,PRJEB49383,,,infant,,,GB,,,,,,,primary,1.0,4.582
SAMEA11125268,PRJEB49383,,,infant,,,GB,,,,,,,primary,1.0,5.575
SAMEA11125270,PRJEB49383,,,infant,,,GB,,,,,,,primary,1.0,0.282
SAMEA11125272,PRJEB49383,,,infant,,,GB,,,,,,,primary,1.0,8.66
SAMEA11125274,PRJEB49383,,,infant,,,GB,,,,,,,primary,1.0,4.582
SAMEA11125276,PRJEB49383,,,infant,,,GB,,,,,,,primary,1.0,4.857
SAMEA11125278,PRJEB49383,,,infant,,,GB,,,,,,,primary,1.0,3.162
SAMEA11125280,PRJEB49383,,,infant,,,GB,,,,,,,primary,1.0,3.388
SAMEA11125282,PRJEB49383,,,infant,,,GB,,,,,,,primary,1.0,1.061
SAMEA11125284,PRJEB49383,,,infant,,,GB,,,,,,,primary,1.0,3.548
SAMEA11125286,PRJEB49383,,,infant,,,GB,,,,,,,primary,1.0,2.251
SAMEA11125288,PRJEB49383,,,infant,,,GB,,,,,,,primary,1.0,17.831
SAMEA11125290,PRJEB49383,,,infant,,,GB,,,,,,,primary,1.0,0.003
SAMEA11125292,PRJEB49383,,,infant,,,GB,,,,,,,primary,1.0,1.526
SAMEA11125294,PRJEB49383,,,infant,,,GB,,,,,,,primary,1.0,5.013
SAMEA11125296,PRJEB49383,,,infant,,,GB,,,,,,,primary,1.0,3.062
SAMEA11125298,PRJEB49383,,,infant,,,GB,,,,,,,primary,1.0,3.811
SAMEA11125300,PRJEB49383,,,infant,,,GB,,,,,,,primary,1.0,2.229
SAMEA11125302,PRJEB49383,,,infant,,,GB,,,,,,,primary,1.0,3.699
SAMEA11125304,PRJEB49383,,,infant,,,GB,,,,,,,primary,1.0,2.747
SAMEA11125306,PRJEB49383,,,infant,,,GB,,,,,,,primary,1.0,6.715
SAMEA11125308,PRJEB49383,,,infant,,,GB,,,,,,,primary,1.0,4.038
SAMEA11125310,PRJEB49383,,,infant,,,GB,,,,,,,primary,1.0,4.701
SAMEA11125312,PRJEB49383,,,infant,,,GB,,,,,,,primary,1.0,4.464
SAMEA11125314,PRJEB49383,,,infant,,,GB,,,,,,,primary,1.0,1.682
SAMEA11125316,PRJEB49383,,,infant,,,GB,,,,,,,primary,1.0,3.15
SAMEA11125318,PRJEB49383,,,infant,,,GB,,,,,,,primary,1.0,4.269
SAMEA11125320,PRJEB49383,,,infant,,,GB,,,,,,,primary,1.0,2.728
SAMEA11125322,PRJEB49383,,,infant,,,GB,,,,,,,primary,1.0,0.007
SAMEA11125324,PRJEB49383,,,infant,,,GB,,,,,,,primary,1.0,4.545
SAMEA11125326,PRJEB49383,,,infant,,,GB,,,,,,,primary,1.0,4.628
SAMEA11125328,PRJEB49383,,,infant,,,GB,,,,,,,primary,1.0,2.497
SAMEA11125330,PRJEB49383,,,infant,,,GB,,,,,,,primary,1.0,2.71
SAMEA11125332,PRJEB49383,,,infant,,,GB,,,,,,,primary,1.0,2.658
SAMEA11125334,PRJEB49383,,,infant,,,GB,,,,,,,primary,1.0,5.355
SAMEA11125336,PRJEB49383,,,infant,,,GB,,,,,,,primary,1.0,4.253
SAMEA11125338,PRJEB49383,,,infant,,,GB,,,,,,,primary,1.0,4.875
SAMEA11125340,PRJEB49383,,,infant,,,GB,,,,,,,primary,1.0,4.406
SAMEA11125342,PRJEB49383,,,infant,,,GB,,,,,,,primary,1.0,2.929
SAMEA11125344,PRJEB49383,,,infant,,,GB,,,,,,,primary,1.0,2.467
SAMEA11125346,PRJEB49383,,,infant,,,GB,,,,,,,primary,1.0,0.008
SAMEA11125348,PRJEB49383,,,infant,,,GB,,,,,,,primary,1.0,5.154
SAMEA11125350,PRJEB49383,,,infant,,,GB,,,,,,,primary,1.0,5.58
SAMEA11125352,PRJEB49383,,,infant,,,GB,,,,,,,primary,1.0,5.238
SAMEA11125354,PRJEB49383,,,infant,,,GB,,,,,,,primary,1.0,8.571
SAMEA11125356,PRJEB49383,,,infant,,,GB,,,,,,,primary,1.0,1.242
SAMEA11125358,PRJEB49383,,,infant,,,GB,,,,,,,primary,1.0,4.797
SAMEA11125360,PRJEB49383,,,infant,,,GB,,,,,,,primary,1.0,0.83
SAMEA11125362,PRJEB49383,,,infant,,,GB,,,,,,,primary,1.0,4.138
SAMEA11125364,PRJEB49383,,,infant,,,GB,,,,,,,primary,1.0,1.734
SAMEA11125366,PRJEB49383,,,infant,,,GB,,,,,,,primary,1.0,3.952
SAMEA11125368,PRJEB49383,,,infant,,,GB,,,,,,,primary,1.0,6.724
SAMEA11125370,PRJEB49383,,,infant,,,GB,,,,,,,primary,1.0,5.104
SAMEA11125372,PRJEB49383,,,infant,,,GB,,,,,,,primary,1.0,5.801
SAMEA11125374,PRJEB49383,,,infant,,,GB,,,,,,,primary,1.0,2.947
SAMEA11125376,PRJEB49383,,,infant,,,GB,,,,,,,primary,1.0,4.471
SAMEA11125378,PRJEB49383,,,infant,,,GB,,,,,,,primary,1.0,4.536
SAMEA11125380,PRJEB49383,,,infant,,,GB,,,,,,,primary,1.0,5.361
SAMEA11125382,PRJEB49383,,,infant,,,GB,,,,,,,primary,1.0,5.249
SAMEA11125384,PRJEB49383,,,infant,,,GB,,,,,,,primary,1.0,2.441
SAMEA11125386,PRJEB49383,,,infant,,,GB,,,,,,,primary,1.0,6.173
SAMEA11125388,PRJEB49383,,,infant,,,GB,,,,,,,primary,1.0,2.265
SAMEA11125390,PRJEB49383,,,infant,,,GB,,,,,,,primary,1.0,5.303
SAMEA11125392,PRJEB49383,,,infant,,,GB,,,,,,,primary,1.0,6.112
SAMEA11125394,PRJEB49383,,,infant,,,GB,,,,,,,primary,1.0,1.46
SAMEA11125396,PRJEB49383,,,infant,,,GB,,,,,,,primary,1.0,7.493
SAMEA11125398,PRJEB49383,,,infant,,,GB,,,,,,,primary,1.0,4.701
SAMEA11125400,PRJEB49383,,,infant,,,GB,,,,,,,primary,1.0,9.047
SAMEA11125402,PRJEB49383,,,infant,,,GB,,,,,,,primary,1.0,1.39
SAMEA11125404,PRJEB49383,,,infant,,,GB,,,,,,,primary,1.0,4.113
SAMEA11125406,PRJEB49383,,,infant,,,GB,,,,,,,primary,1.0,5.333
SAMEA11125408,PRJEB49383,,,infant,,,GB,,,,,,,primary,1.0,3.194
SAMEA11125410,PRJEB49383,,,infant,,,GB,,,,,,,primary,1.0,2.775
SAMEA11125412,PRJEB49383,,,infant,,,GB,,,,,,,primary,1.0,0.873
SAMEA11125414,PRJEB49383,,,infant,,,GB,,,,,,,primary,1.0,4.065
SAMEA11125416,PRJEB49383,,,infant,,,GB,,,,,,,primary,1.0,3.024
SAMEA11125418,PRJEB49383,,,infant,,,GB,,,,,,,primary,1.0,2.759
SAMEA11125420,PRJEB49383,,,infant,,,GB,,,,,,,primary,1.0,1.664
SAMEA11125422,PRJEB49383,,,infant,,,GB,,,,,,,primary,1.0,1.185
SAMEA11125424,PRJEB49383,,,infant,,,GB,,,,,,,primary,1.0,2.58
SAMEA11125426,PRJEB49383,,,infant,,,GB,,,,,,,primary,1.0,5.622
SAMEA11125428,PRJEB49383,,,infant,,,GB,,,,,,,primary,1.0,1.515
SAMEA11125430,PRJEB49383,,,infant,,,GB,,,,,,,primary,1.0,6.643
SAMEA11125432,PRJEB49383,,,infant,,,GB,,,,,,,primary,1.0,9.544
SAMEA11125434,PRJEB49383,,,infant,,,GB,,,,,,,primary,1.0,2.768
SAMEA11125436,PRJEB49383,,,infant,,,GB,,,,,,,primary,1.0,2.187
SAMEA11125438,PRJEB49383,,,infant,,,GB,,,,,,,primary,1.0,1.252
SAMEA11125440,PRJEB49383,,,infant,,,GB,,,,,,,primary,1.0,2.955
SAMEA11125442,PRJEB49383,,,infant,,,GB,,,,,,,primary,1.0,1.381
SAMEA11125444,PRJEB49383,,,infant,,,GB,,,,,,,primary,1.0,11.85
SAMEA11125446,PRJEB49383,,,infant,,,GB,,,,,,,primary,1.0,3.896
SAMEA11125448,PRJEB49383,,,infant,,,GB,,,,,,,primary,1.0,6.239
SAMEA11125450,PRJEB49383,,,infant,,,GB,,,,,,,primary,1.0,5.639
SAMEA11125452,PRJEB49383,,,infant,,,GB,,,,,,,primary,1.0,3.994
SAMEA11125454,PRJEB49383,,,infant,,,GB,,,,,,,primary,1.0,1.463
SAMEA11125456,PRJEB49383,,,infant,,,GB,,,,,,,primary,1.0,6.731
SAMEA11125458,PRJEB49383,,,infant,,,GB,,,,,,,primary,1.0,0.003
SAMEA11125460,PRJEB49383,,,infant,,,GB,,,,,,,primary,1.0,2.737
SAMEA11125462,PRJEB49383,,,infant,,,GB,,,,,,,primary,1.0,3.846
SAMEA11125464,PRJEB49383,,,infant,,,GB,,,,,,,primary,1.0,3.94
SAMEA11125466,PRJEB49383,,,infant,,,GB,,,,,,,primary,1.0,3.311
SAMEA11125468,PRJEB49383,,,infant,,,GB,,,,,,,primary,1.0,4.41
SAMEA11125470,PRJEB49383,,,infant,,,GB,,,,,,,primary,1.0,4.496
SAMEA11125472,PRJEB49383,,,infant,,,GB,,,,,,,primary,1.0,3.694
SAMEA11125474,PRJEB49383,,,infant,,,GB,,,,,,,primary,1.0,1.215
SAMEA11125476,PRJEB49383,,,infant,,,GB,,,,,,,primary,1.0,5.47
SAMEA11125478,PRJEB49383,,,infant,,,GB,,,,,,,primary,1.0,4.576
SAMEA11125480,PRJEB49383,,,infant,,,GB,,,,,,,primary,1.0,4.141
SAMEA11125482,PRJEB49383,,,infant,,,GB,,,,,,,primary,1.0,6.097
SAMEA11125484,PRJEB49383,,,infant,,,GB,,,,,,,primary,1.0,0.948
SAMEA11125486,PRJEB49383,,,infant,,,GB,,,,,,,primary,1.0,0.184
SAMEA11125488,PRJEB49383,,,infant,,,GB,,,,,,,primary,1.0,4.844
SAMEA11125490,PRJEB49383,,,infant,,,GB,,,,,,,primary,1.0,0.003
SAMEA11125492,PRJEB49383,,,infant,,,GB,,,,,,,primary,1.0,0.002
SAMEA11125494,PRJEB49383,,,infant,,,GB,,,,,,,primary,1.0,1.312
SAMEA11125496,PRJEB49383,,,infant,,,GB,,,,,,,primary,1.0,2.533
SAMEA11125498,PRJEB49383,,,infant,,,GB,,,,,,,primary,1.0,4.113
SAMEA11125500,PRJEB49383,,,infant,,,GB,,,,,,,primary,1.0,4.963
SAMEA11125502,PRJEB49383,,,infant,,,GB,,,,,,,primary,1.0,4.035
SAMEA11125504,PRJEB49383,,,infant,,,GB,,,,,,,primary,1.0,4.784
SAMEA11125506,PRJEB49383,,,infant,,,GB,,,,,,,primary,1.0,4.423
SAMEA11125508,PRJEB49383,,,infant,,,GB,,,,,,,primary,1.0,6.049
SAMEA11125510,PRJEB49383,,,infant,,,GB,,,,,,,primary,1.0,0.109
SAMEA11125512,PRJEB49383,,,infant,,,GB,,,,,,,primary,1.0,0.57
SAMEA11125514,PRJEB49383,,,infant,,,GB,,,,,,,primary,1.0,4.013
SAMEA11125516,PRJEB49383,,,infant,,,GB,,,,,,,primary,1.0,0.487
SAMEA11125518,PRJEB49383,,,infant,,,GB,,,,,,,primary,1.0,1.644
SAMEA11125520,PRJEB49383,,,infant,,,GB,,,,,,,primary,1.0,1.511
SAMEA11125522,PRJEB49383,,,infant,,,GB,,,,,,,primary,1.0,2.061
SAMEA11125524,PRJEB49383,,,infant,,,GB,,,,,,,primary,1.0,2.593
SAMEA11125526,PRJEB49383,,,infant,,,GB,,,,,,,primary,1.0,12.686
SAMEA11125528,PRJEB49383,,,infant,,,GB,,,,,,,primary,1.0,2.445
SAMEA11125530,PRJEB49383,,,infant,,,GB,,,,,,,primary,1.0,3.846
SAMEA11125532,PRJEB49383,,,infant,,,GB,,,,,,,primary,1.0,3.828
SAMEA11125534,PRJEB49383,,,infant,,,GB,,,,,,,primary,1.0,1.88
SAMEA11125536,PRJEB49383,,,infant,,,GB,,,,,,,primary,1.0,4.634
SAMEA11125538,PRJEB49383,,,infant,,,GB,,,,,,,primary,1.0,0.625
SAMEA11125540,PRJEB49383,,,infant,,,GB,,,,,,,primary,1.0,0.919
SAMEA11125542,PRJEB49383,,,infant,,,GB,,,,,,,primary,1.0,2.496
SAMEA11125544,PRJEB49383,,,infant,,,GB,,,,,,,primary,1.0,0.326
SAMEA11125546,PRJEB49383,,,infant,,,GB,,,,,,,primary,1.0,3.185
SAMEA11125548,PRJEB49383,,,infant,,,GB,,,,,,,primary,1.0,1.662
SAMEA11125550,PRJEB49383,,,infant,,,GB,,,,,,,primary,1.0,1.094
SAMEA11125552,PRJEB49383,,,infant,,,GB,,,,,,,primary,1.0,1.775
SAMEA11125554,PRJEB49383,,,infant,,,GB,,,,,,,primary,1.0,3.832
SAMEA11125556,PRJEB49383,,,infant,,,GB,,,,,,,primary,1.0,2.128
SAMEA11125558,PRJEB49383,,,infant,,,GB,,,,,,,primary,1.0,2.561
SAMEA11125560,PRJEB49383,,,infant,,,GB,,,,,,,primary,1.0,2.989
SAMEA11125562,PRJEB49383,,,infant,,,GB,,,,,,,primary,1.0,2.854
SAMEA11125564,PRJEB49383,,,infant,,,GB,,,,,,,primary,1.0,2.986
SAMEA11125566,PRJEB49383,,,infant,,,GB,,,,,,,primary,1.0,0.613
SAMEA11125568,PRJEB49383,,,infant,,,GB,,,,,,,primary,1.0,1.193
SAMEA11125570,PRJEB49383,,,infant,,,GB,,,,,,,primary,1.0,4.298
SAMEA11125572,PRJEB49383,,,infant,,,GB,,,,,,,primary,1.0,1.418
SAMEA11125574,PRJEB49383,,,infant,,,GB,,,,,,,primary,1.0,0.743
SAMEA11125576,PRJEB49383,,,infant,,,GB,,,,,,,primary,1.0,4.449
SAMEA11125578,PRJEB49383,,,infant,,,GB,,,,,,,primary,1.0,2.57
SAMEA11125580,PRJEB49383,,,infant,,,GB,,,,,,,primary,1.0,2.151
SAMEA11125582,PRJEB49383,,,infant,,,GB,,,,,,,primary,1.0,11.778
SAMEA11125584,PRJEB49383,,,infant,,,GB,,,,,,,primary,1.0,0.083
SAMEA11125586,PRJEB49383,,,infant,,,GB,,,,,,,primary,1.0,2.911
SAMEA11125588,PRJEB49383,,,infant,,,GB,,,,,,,primary,1.0,1.895
SAMEA11125590,PRJEB49383,,,infant,,,GB,,,,,,,primary,1.0,0.544
SAMEA11125592,PRJEB49383,,,infant,,,GB,,,,,,,primary,1.0,1.518
SAMEA11125594,PRJEB49383,,,infant,,,GB,,,,,,,primary,1.0,1.307
SAMEA11125596,PRJEB49383,,,infant,,,GB,,,,,,,primary,1.0,2.646
SAMEA11125598,PRJEB49383,,,infant,,,GB,,,,,,,primary,1.0,1.008
SAMEA11125600,PRJEB49383,,,infant,,,GB,,,,,,,primary,1.0,1.048
SAMEA11125602,PRJEB49383,,,infant,,,GB,,,,,,,primary,1.0,3.218
SAMEA11125604,PRJEB49383,,,infant,,,GB,,,,,,,primary,1.0,2.892
SAMEA11125606,PRJEB49383,,,infant,,,GB,,,,,,,primary,1.0,1.739
SAMEA11125608,PRJEB49383,,,infant,,,GB,,,,,,,primary,1.0,1.429
SAMEA11125610,PRJEB49383,,,infant,,,GB,,,,,,,primary,1.0,1.739
SAMEA11125612,PRJEB49383,,,infant,,,GB,,,,,,,primary,1.0,10.483
SAMEA11125614,PRJEB49383,,,infant,,,GB,,,,,,,primary,1.0,0.165
SAMEA11125616,PRJEB49383,,,infant,,,GB,,,,,,,primary,1.0,2.139
SAMEA11125618,PRJEB49383,,,infant,,,GB,,,,,,,primary,1.0,3.109
SAMEA11125620,PRJEB49383,,,infant,,,GB,,,,,,,primary,1.0,0.707
SAMEA11125622,PRJEB49383,,,infant,,,GB,,,,,,,primary,1.0,1.275
SAMEA11125624,PRJEB49383,,,infant,,,GB,,,,,,,primary,1.0,2.892
SAMEA11125626,PRJEB49383,,,infant,,,GB,,,,,,,primary,1.0,1.917
SAMEA11125628,PRJEB49383,,,infant,,,GB,,,,,,,primary,1.0,0.333
SAMEA11125630,PRJEB49383,,,infant,,,GB,,,,,,,primary,1.0,1.005
SAMEA11125632,PRJEB49383,,,infant,,,GB,,,,,,,primary,1.0,2.606
SAMEA11125634,PRJEB49383,,,infant,,,GB,,,,,,,primary,1.0,2.173
SAMEA11125636,PRJEB49383,,,infant,,,GB,,,,,,,primary,1.0,2.813
SAMEA11125638,PRJEB49383,,,infant,,,GB,,,,,,,primary,1.0,1.366
SAMEA11125640,PRJEB49383,,,infant,,,GB,,,,,,,primary,1.0,2.319
SAMEA11125642,PRJEB49383,,,infant,,,GB,,,,,,,primary,1.0,2.322
SAMEA11125644,PRJEB49383,,,infant,,,GB,,,,,,,primary,1.0,0.051
SAMEA11125646,PRJEB49383,,,infant,,,GB,,,,,,,primary,1.0,5.983
SAMEA11125648,PRJEB49383,,,infant,,,GB,,,,,,,primary,1.0,3.942
SAMEA11125650,PRJEB49383,,,infant,,,GB,,,,,,,primary,1.0,1.807
SAMEA11125652,PRJEB49383,,,infant,,,GB,,,,,,,primary,1.0,4.015
SAMEA11125654,PRJEB49383,,,infant,,,GB,,,,,,,primary,1.0,0.015
SAMEA11125656,PRJEB49383,,,infant,,,GB,,,,,,,primary,1.0,0.945
SAMEA11125658,PRJEB49383,,,infant,,,GB,,,,,,,primary,1.0,0.414
SAMEA11125660,PRJEB49383,,,infant,,,GB,,,,,,,primary,1.0,7.64
SAMEA11125662,PRJEB49383,,,infant,,,GB,,,,,,,primary,1.0,3.269
SAMEA11125664,PRJEB49383,,,infant,,,GB,,,,,,,primary,1.0,1.8
SAMEA11125666,PRJEB49383,,,infant,,,GB,,,,,,,primary,1.0,2.545
SAMEA11125668,PRJEB49383,,,infant,,,GB,,,,,,,primary,1.0,2.176
SAMEA11125670,PRJEB49383,,,infant,,,GB,,,,,,,primary,1.0,13.089
SAMEA11125672,PRJEB49383,,,infant,,,GB,,,,,,,primary,1.0,0.178
SAMEA11125674,PRJEB49383,,,infant,,,GB,,,,,,,primary,1.0,2.007
SAMEA11125676,PRJEB49383,,,infant,,,GB,,,,,,,primary,1.0,2.04
SAMEA11125678,PRJEB49383,,,infant,,,GB,,,,,,,primary,1.0,4.432
SAMEA11125680,PRJEB49383,,,infant,,,GB,,,,,,,primary,1.0,1.379
SAMEA11125682,PRJEB49383,,,infant,,,GB,,,,,,,primary,1.0,2.866
SAMEA11125684,PRJEB49383,,,infant,,,GB,,,,,,,primary,1.0,1.208
SAMEA11125686,PRJEB49383,,,infant,,,GB,,,,,,,primary,1.0,2.956
SAMEA11125688,PRJEB49383,,,infant,,,GB,,,,,,,primary,1.0,0.023
SAMEA11125690,PRJEB49383,,,infant,,,GB,,,,,,,primary,1.0,3.996
SAMEA11125692,PRJEB49383,,,infant,,,GB,,,,,,,primary,1.0,2.724
SAMEA11125694,PRJEB49383,,,infant,,,GB,,,,,,,primary,1.0,3.199
SAMEA11125696,PRJEB49383,,,infant,,,GB,,,,,,,primary,1.0,3.832
SAMEA11125698,PRJEB49383,,,infant,,,GB,,,,,,,primary,1.0,4.203
SAMEA11125700,PRJEB49383,,,infant,,,GB,,,,,,,primary,1.0,3.296
SAMEA11125702,PRJEB49383,,,infant,,,GB,,,,,,,primary,1.0,1.513
SAMEA11125704,PRJEB49383,,,infant,,,GB,,,,,,,primary,1.0,2.297
SAMEA11125706,PRJEB49383,,,infant,,,GB,,,,,,,primary,1.0,3.213
SAMEA11125708,PRJEB49383,,,infant,,,GB,,,,,,,primary,1.0,2.261
SAMEA11125710,PRJEB49383,,,infant,,,GB,,,,,,,primary,1.0,3.168
SAMEA11125712,PRJEB49383,,,infant,,,GB,,,,,,,primary,1.0,2.805
SAMEA11125714,PRJEB49383,,,infant,,,GB,,,,,,,primary,1.0,3.498
SAMEA11125716,PRJEB49383,,,infant,,,GB,,,,,,,primary,1.0,3.538
SAMEA11125718,PRJEB49383,,,infant,,,GB,,,,,,,primary,1.0,3.422
SAMEA11125720,PRJEB49383,,,infant,,,GB,,,,,,,primary,1.0,3.838
SAMEA11125722,PRJEB49383,,,infant,,,GB,,,,,,,primary,1.0,4.902
SAMEA11125724,PRJEB49383,,,infant,,,GB,,,,,,,primary,1.0,3.541
SAMEA11125726,PRJEB49383,,,infant,,,GB,,,,,,,primary,1.0,3.221
SAMEA11125728,PRJEB49383,,,infant,,,GB,,,,,,,primary,1.0,12.247
SAMEA11125730,PRJEB49383,,,infant,,,GB,,,,,,,primary,1.0,0.109
SAMEA11125732,PRJEB49383,,,infant,,,GB,,,,,,,primary,1.0,3.206
SAMEA11125734,PRJEB49383,,,infant,,,GB,,,,,,,primary,1.0,3.127
SAMEA11125736,PRJEB49383,,,infant,,,GB,,,,,,,primary,1.0,1.582
SAMEA11125738,PRJEB49383,,,infant,,,GB,,,,,,,primary,1.0,0.806
SAMEA11125740,PRJEB49383,,,infant,,,GB,,,,,,,primary,1.0,3.223
SAMEA11125742,PRJEB49383,,,infant,,,GB,,,,,,,primary,1.0,0.404
SAMEA11125744,PRJEB49383,,,infant,,,GB,,,,,,,primary,1.0,5.904
SAMEA11125746,PRJEB49383,,,infant,,,GB,,,,,,,primary,1.0,0.813
SAMEA11125748,PRJEB49383,,,infant,,,GB,,,,,,,primary,1.0,1.937
SAMEA11125750,PRJEB49383,,,infant,,,GB,,,,,,,primary,1.0,2.959
SAMEA11125752,PRJEB49383,,,infant,,,GB,,,,,,,primary,1.0,4.791
SAMEA11125754,PRJEB49383,,,infant,,,GB,,,,,,,primary,1.0,0.492
SAMEA11125756,PRJEB49383,,,infant,,,GB,,,,,,,primary,1.0,2.705
SAMEA11125758,PRJEB49383,,,infant,,,GB,,,,,,,primary,1.0,2.721
SAMEA11125760,PRJEB49383,,,infant,,,GB,,,,,,,primary,1.0,2.765
SAMEA11125762,PRJEB49383,,,infant,,,GB,,,,,,,primary,1.0,2.857
SAMEA11125764,PRJEB49383,,,infant,,,GB,,,,,,,primary,1.0,1.871
SAMEA11125766,PRJEB49383,,,infant,,,GB,,,,,,,primary,1.0,2.393
SAMEA11125768,PRJEB49383,,,infant,,,GB,,,,,,,primary,1.0,2.072
SAMEA11125770,PRJEB49383,,,infant,,,GB,,,,,,,primary,1.0,1.161
SAMEA11125772,PRJEB49383,,,infant,,,GB,,,,,,,primary,1.0,0.014
SAMEA11125774,PRJEB49383,,,infant,,,GB,,,,,,,primary,1.0,2.04
SAMEA11125776,PRJEB49383,,,infant,,,GB,,,,,,,primary,1.0,2.671
SAMEA11125778,PRJEB49383,,,infant,,,GB,,,,,,,primary,1.0,4.32
SAMEA11125780,PRJEB49383,,,infant,,,GB,,,,,,,primary,1.0,15.291
SAMEA11125782,PRJEB49383,,,infant,,,GB,,,,,,,primary,1.0,0.071
SAMEA11125784,PRJEB49383,,,infant,,,GB,,,,,,,primary,1.0,1.878
SAMEA11125786,PRJEB49383,,,infant,,,GB,,,,,,,primary,1.0,4.187
SAMEA11125788,PRJEB49383,,,infant,,,GB,,,,,,,primary,1.0,4.01
SAMEA11125790,PRJEB49383,,,infant,,,GB,,,,,,,primary,1.0,0.779
SAMEA11125792,PRJEB49383,,,infant,,,GB,,,,,,,primary,1.0,2.714
SAMEA11125794,PRJEB49383,,,infant,,,GB,,,,,,,primary,1.0,3.05
SAMEA11125796,PRJEB49383,,,infant,,,GB,,,,,,,primary,1.0,1.872
SAMEA11125798,PRJEB49383,,,infant,,,GB,,,,,,,primary,1.0,6.45
SAMEA11125800,PRJEB49383,,,infant,,,GB,,,,,,,primary,1.0,4.759
SAMEA11125802,PRJEB49383,,,infant,,,GB,,,,,,,primary,1.0,6.137
SAMEA11125804,PRJEB49383,,,infant,,,GB,,,,,,,primary,1.0,1.708
SAMEA11125806,PRJEB49383,,,infant,,,GB,,,,,,,primary,1.0,2.571
SAMEA11125808,PRJEB49383,,,infant,,,GB,,,,,,,primary,1.0,3.898
SAMEA11125810,PRJEB49383,,,infant,,,GB,,,,,,,primary,1.0,3.845
SAMEA11125812,PRJEB49383,,,infant,,,GB,,,,,,,primary,1.0,3.506
SAMEA11125814,PRJEB49383,,,infant,,,GB,,,,,,,primary,1.0,0.758
SAMEA11125816,PRJEB49383,,,infant,,,GB,,,,,,,primary,1.0,4.271
SAMEA11125818,PRJEB49383,,,infant,,,GB,,,,,,,primary,1.0,1.324
SAMEA11125820,PRJEB49383,,,infant,,,GB,,,,,,,primary,1.0,1.628
SAMEA11125822,PRJEB49383,,,infant,,,GB,,,,,,,primary,1.0,3.965
SAMEA11125824,PRJEB49383,,,infant,,,GB,,,,,,,primary,1.0,3.51
SAMEA11125826,PRJEB49383,,,infant,,,GB,,,,,,,primary,1.0,1.034
SAMEA11125828,PRJEB49383,,,infant,,,GB,,,,,,,primary,1.0,0.051
SAMEA11125830,PRJEB49383,,,infant,,,GB,,,,,,,primary,1.0,3.904
SAMEA11125832,PRJEB49383,,,infant,,,GB,,,,,,,primary,1.0,3.177
SAMEA11125834,PRJEB49383,,,infant,,,GB,,,,,,,primary,1.0,3.115
SAMEA11125836,PRJEB49383,,,infant,,,GB,,,,,,,primary,1.0,3.063
SAMEA11125838,PRJEB49383,,,infant,,,GB,,,,,,,primary,1.0,0.629
SAMEA11125840,PRJEB49383,,,infant,,,GB,,,,,,,primary,1.0,2.84
SAMEA11125842,PRJEB49383,,,infant,,,GB,,,,,,,primary,1.0,2.373
SAMEA11125844,PRJEB49383,,,infant,,,GB,,,,,,,primary,1.0,3.713
SAMEA11125846,PRJEB49383,,,infant,,,GB,,,,,,,primary,1.0,4.615
SAMEA11125848,PRJEB49383,,,infant,,,GB,,,,,,,primary,1.0,3.975
SAMEA11125850,PRJEB49383,,,infant,,,GB,,,,,,,primary,1.0,0.172
SAMEA11125852,PRJEB49383,,,infant,,,GB,,,,,,,primary,1.0,2.096
SAMEA11125854,PRJEB49383,,,infant,,,GB,,,,,,,primary,1.0,4.309
SAMEA11125856,PRJEB49383,,,infant,,,GB,,,,,,,primary,1.0,2.726
SAMEA11125858,PRJEB49383,,,infant,,,GB,,,,,,,primary,1.0,4.472
SAMEA11125864,PRJEB49383,,,infant,,,GB,,,,,,,primary,1.0,4.008
SAMEA11125866,PRJEB49383,,,infant,,,GB,,,,,,,primary,1.0,2.831
SAMEA11125868,PRJEB49383,,,infant,,,GB,,,,,,,primary,1.0,4.831
SAMEA11125870,PRJEB49383,,,infant,,,GB,,,,,,,primary,1.0,2.115
SAMEA11125872,PRJEB49383,,,infant,,,GB,,,,,,,primary,1.0,3.99
SAMEA11125874,PRJEB49383,,,infant,,,GB,,,,,,,primary,1.0,5.026
SAMEA11125876,PRJEB49383,,,infant,,,GB,,,,,,,primary,1.0,0.387
SAMEA11125878,PRJEB49383,,,infant,,,GB,,,,,,,primary,1.0,3.84
SAMEA11125880,PRJEB49383,,,infant,,,GB,,,,,,,primary,1.0,2.087
SAMEA11125882,PRJEB49383,,,infant,,,GB,,,,,,,primary,1.0,2.199
SAMEA11125884,PRJEB49383,,,infant,,,GB,,,,,,,primary,1.0,1.29
SAMEA11125886,PRJEB49383,,,infant,,,GB,,,,,,,primary,1.0,3.672
SAMEA11125888,PRJEB49383,,,infant,,,GB,,,,,,,primary,1.0,1.71
SAMEA11125890,PRJEB49383,,,infant,,,GB,,,,,,,primary,1.0,5.626
SAMEA11125892,PRJEB49383,,,infant,,,GB,,,,,,,primary,1.0,7.419
SAMEA11125894,PRJEB49383,,,infant,,,GB,,,,,,,primary,1.0,0.005
SAMEA11125896,PRJEB49383,,,infant,,,GB,,,,,,,primary,1.0,6.17
SAMEA11125898,PRJEB49383,,,infant,,,GB,,,,,,,primary,1.0,1.68
SAMEA11125900,PRJEB49383,,,infant,,,GB,,,,,,,primary,1.0,2.714
SAMEA11125902,PRJEB49383,,,infant,,,GB,,,,,,,primary,1.0,3.229
SAMEA11125904,PRJEB49383,,,infant,,,GB,,,,,,,primary,1.0,5.175
SAMEA11125907,PRJEB49383,,,infant,,,GB,,,,,,,primary,1.0,2.243
SAMEA11125909,PRJEB49383,,,infant,,,GB,,,,,,,primary,1.0,1.951
SAMEA11125911,PRJEB49383,,,infant,,,GB,,,,,,,primary,1.0,2.179
SAMEA11125913,PRJEB49383,,,infant,,,GB,,,,,,,primary,1.0,5.259
SAMEA11125915,PRJEB49383,,,infant,,,GB,,,,,,,primary,1.0,2.636
SAMEA11125917,PRJEB49383,,,infant,,,GB,,,,,,,primary,1.0,2.759
SAMEA11125920,PRJEB49383,,,infant,,,GB,,,,,,,primary,1.0,3.109
SAMEA11125922,PRJEB49383,,,infant,,,GB,,,,,,,primary,1.0,6.847
SAMEA11125924,PRJEB49383,,,infant,,,GB,,,,,,,primary,1.0,0.154
SAMEA11125926,PRJEB49383,,,infant,,,GB,,,,,,,primary,1.0,1.742
SAMEA11125928,PRJEB49383,,,infant,,,GB,,,,,,,primary,1.0,0.995
SAMEA11125930,PRJEB49383,,,infant,,,GB,,,,,,,primary,1.0,2.294
SAMEA11125932,PRJEB49383,,,infant,,,GB,,,,,,,primary,1.0,3.186
SAMEA11125934,PRJEB49383,,,infant,,,GB,,,,,,,primary,1.0,1.297
SAMEA11125936,PRJEB49383,,,infant,,,GB,,,,,,,primary,1.0,2.763
SAMEA11125938,PRJEB49383,,,infant,,,GB,,,,,,,primary,1.0,8.025
SAMEA11125940,PRJEB49383,,,infant,,,GB,,,,,,,primary,1.0,0.283
SAMEA11125942,PRJEB49383,,,infant,,,GB,,,,,,,primary,1.0,1.977
SAMEA11125944,PRJEB49383,,,infant,,,GB,,,,,,,primary,1.0,5.011
SAMEA11125946,PRJEB49383,,,infant,,,GB,,,,,,,primary,1.0,2.48
SAMEA11125948,PRJEB49383,,,infant,,,GB,,,,,,,primary,1.0,2.248
SAMEA11125950,PRJEB49383,,,infant,,,GB,,,,,,,primary,1.0,4.322
SAMEA11125952,PRJEB49383,,,infant,,,GB,,,,,,,primary,1.0,10.857
SAMEA11125954,PRJEB49383,,,infant,,,GB,,,,,,,primary,1.0,4.269
SAMEA11125956,PRJEB49383,,,infant,,,GB,,,,,,,primary,1.0,2.675
SAMEA11125958,PRJEB49383,,,infant,,,GB,,,,,,,primary,1.0,2.28
SAMEA11125960,PRJEB49383,,,infant,,,GB,,,,,,,primary,1.0,0.853
SAMEA11125962,PRJEB49383,,,infant,,,GB,,,,,,,primary,1.0,1.45
SAMEA11125964,PRJEB49383,,,infant,,,GB,,,,,,,primary,1.0,2.002
SAMEA11125966,PRJEB49383,,,infant,,,GB,,,,,,,primary,1.0,2.338
SAMEA11125968,PRJEB49383,,,infant,,,GB,,,,,,,primary,1.0,0.962
SAMEA11125970,PRJEB49383,,,infant,,,GB,,,,,,,primary,1.0,1.653
SAMEA11125972,PRJEB49383,,,infant,,,GB,,,,,,,primary,1.0,1.55
SAMEA11125974,PRJEB49383,,,infant,,,GB,,,,,,,primary,1.0,3.285
SAMEA11125976,PRJEB49383,,,infant,,,GB,,,,,,,primary,1.0,1.626
SAMEA11125978,PRJEB49383,,,infant,,,GB,,,,,,,primary,1.0,7.181
SAMEA11125980,PRJEB49383,,,infant,,,GB,,,,,,,primary,1.0,0.435
SAMEA11125982,PRJEB49383,,,infant,,,GB,,,,,,,primary,1.0,4.903
SAMEA11125984,PRJEB49383,,,infant,,,GB,,,,,,,primary,1.0,11.031
SAMEA11125986,PRJEB49383,,,infant,,,GB,,,,,,,primary,1.0,1.791
SAMEA11125988,PRJEB49383,,,infant,,,GB,,,,,,,primary,1.0,3.497
SAMEA11125990,PRJEB49383,,,infant,,,GB,,,,,,,primary,1.0,3.417
SAMEA11125992,PRJEB49383,,,infant,,,GB,,,,,,,primary,1.0,2.606
SAMEA11125994,PRJEB49383,,,infant,,,GB,,,,,,,primary,1.0,5.646
SAMEA11125996,PRJEB49383,,,infant,,,GB,,,,,,,primary,1.0,2.16
SAMEA11125998,PRJEB49383,,,infant,,,GB,,,,,,,primary,1.0,1.572
SAMEA11126000,PRJEB49383,,,infant,,,GB,,,,,,,primary,1.0,3.188
SAMEA11126002,PRJEB49383,,,infant,,,GB,,,,,,,primary,1.0,2.824
SAMEA11126004,PRJEB49383,,,infant,,,GB,,,,,,,primary,1.0,4.207
SAMEA11126006,PRJEB49383,,,infant,,,GB,,,,,,,primary,1.0,2.866
SAMEA11126008,PRJEB49383,,,infant,,,GB,,,,,,,primary,1.0,2.088
SAMEA11126010,PRJEB49383,,,infant,,,GB,,,,,,,primary,1.0,1.912
SAMEA11126012,PRJEB49383,,,infant,,,GB,,,,,,,primary,1.0,2.812
SAMEA11126014,PRJEB49383,,,infant,,,GB,,,,,,,primary,1.0,3.927
SAMEA11126016,PRJEB49383,,,infant,,,GB,,,,,,,primary,1.0,10.363
SAMEA11126018,PRJEB49383,,,infant,,,GB,,,,,,,primary,1.0,5.008
SAMEA11126020,PRJEB49383,,,infant,,,GB,,,,,,,primary,1.0,5.193
SAMEA11126022,PRJEB49383,,,infant,,,GB,,,,,,,primary,1.0,2.226
SAMEA11126024,PRJEB49383,,,infant,,,GB,,,,,,,primary,1.0,4.834
SAMEA11126026,PRJEB49383,,,infant,,,GB,,,,,,,primary,1.0,6.026
SAMEA11126028,PRJEB49383,,,infant,,,GB,,,,,,,primary,1.0,9.717
SAMEA11126030,PRJEB49383,,,infant,,,GB,,,,,,,primary,1.0,5.204
SAMEA11126032,PRJEB49383,,,infant,,,GB,,,,,,,primary,1.0,7.026
SAMEA11126034,PRJEB49383,,,infant,,,GB,,,,,,,primary,1.0,4.543
SAMEA11126036,PRJEB49383,,,infant,,,GB,,,,,,,primary,1.0,3.729
SAMEA11126038,PRJEB49383,,,infant,,,GB,,,,,,,primary,1.0,0.111
SAMEA11126040,PRJEB49383,,,infant,,,GB,,,,,,,primary,1.0,1.385
SAMEA11126042,PRJEB49383,,,infant,,,GB,,,,,,,primary,1.0,1.556
SAMEA11126044,PRJEB49383,,,infant,,,GB,,,,,,,primary,1.0,1.555
SAMEA11126046,PRJEB49383,,,infant,,,GB,,,,,,,primary,1.0,4.24
SAMEA11126048,PRJEB49383,,,infant,,,GB,,,,,,,primary,1.0,2.941
SAMEA11126050,PRJEB49383,,,infant,,,GB,,,,,,,primary,1.0,2.349
SAMEA11126052,PRJEB49383,,,infant,,,GB,,,,,,,primary,1.0,2.318
SAMEA11126054,PRJEB49383,,,infant,,,GB,,,,,,,primary,1.0,2.588
SAMEA11126056,PRJEB49383,,,infant,,,GB,,,,,,,primary,1.0,0.571
SAMEA11126058,PRJEB49383,,,infant,,,GB,,,,,,,primary,1.0,4.349
SAMEA11126060,PRJEB49383,,,infant,,,GB,,,,,,,primary,1.0,3.388
SAMEA11126062,PRJEB49383,,,infant,,,GB,,,,,,,primary,1.0,1.504
SAMEA11126064,PRJEB49383,,,infant,,,GB,,,,,,,primary,1.0,3.745
SAMEA11126066,PRJEB49383,,,infant,,,GB,,,,,,,primary,1.0,2.553
SAMEA11126068,PRJEB49383,,,infant,,,GB,,,,,,,primary,1.0,3.362
SAMEA11126070,PRJEB49383,,,infant,,,GB,,,,,,,primary,1.0,4.406
SAMEA11126072,PRJEB49383,,,infant,,,GB,,,,,,,primary,1.0,3.674
SAMEA11126074,PRJEB49383,,,infant,,,GB,,,,,,,primary,1.0,3.25
SAMEA11126076,PRJEB49383,,,infant,,,GB,,,,,,,primary,1.0,3.752
SAMEA11126078,PRJEB49383,,,infant,,,GB,,,,,,,primary,1.0,1.719
SAMEA11126080,PRJEB49383,,,infant,,,GB,,,,,,,primary,1.0,4.246
SAMEA11126082,PRJEB49383,,,infant,,,GB,,,,,,,primary,1.0,3.707
SAMEA11126084,PRJEB49383,,,infant,,,GB,,,,,,,primary,1.0,3.682
SAMEA11126086,PRJEB49383,,,infant,,,GB,,,,,,,primary,1.0,4.578
SAMEA11126088,PRJEB49383,,,infant,,,GB,,,,,,,primary,1.0,3.019
SAMEA11126090,PRJEB49383,,,infant,,,GB,,,,,,,primary,1.0,3.729
SAMEA11126092,PRJEB49383,,,infant,,,GB,,,,,,,primary,1.0,4.887
SAMEA11126094,PRJEB49383,,,infant,,,GB,,,,,,,primary,1.0,1.063
SAMEA11126100,PRJEB49383,,,infant,,,GB,,,,,,,primary,1.0,0.891
SAMEA11126102,PRJEB49383,,,infant,,,GB,,,,,,,primary,1.0,0.629
SAMEA11126104,PRJEB49383,,,infant,,,GB,,,,,,,primary,1.0,4.263
SAMEA11126106,PRJEB49383,,,infant,,,GB,,,,,,,primary,1.0,0.883
SAMEA11126108,PRJEB49383,,,infant,,,GB,,,,,,,primary,1.0,2.596
SAMEA11126110,PRJEB49383,,,infant,,,GB,,,,,,,primary,1.0,4.179
SAMEA11126112,PRJEB49383,,,infant,,,GB,,,,,,,primary,1.0,4.852
SAMEA11126114,PRJEB49383,,,infant,,,GB,,,,,,,primary,1.0,0.215
SAMEA11126116,PRJEB49383,,,infant,,,GB,,,,,,,primary,1.0,4.929
SAMEA11126118,PRJEB49383,,,infant,,,GB,,,,,,,primary,1.0,1.656
SAMEA11126120,PRJEB49383,,,infant,,,GB,,,,,,,primary,1.0,3.383
SAMEA11126122,PRJEB49383,,,infant,,,GB,,,,,,,primary,1.0,3.018
SAMEA11126125,PRJEB49383,,,infant,,,GB,,,,,,,primary,1.0,2.918
SAMEA11126127,PRJEB49383,,,infant,,,GB,,,,,,,primary,1.0,0.073
SAMEA11126129,PRJEB49383,,,infant,,,GB,,,,,,,primary,1.0,2.245
SAMEA11126131,PRJEB49383,,,infant,,,GB,,,,,,,primary,1.0,1.297
SAMEA11126133,PRJEB49383,,,infant,,,GB,,,,,,,primary,1.0,3.222
SAMEA11126135,PRJEB49383,,,infant,,,GB,,,,,,,primary,1.0,0.058
SAMEA11126137,PRJEB49383,,,infant,,,GB,,,,,,,primary,1.0,5.278
SAMEA11126139,PRJEB49383,,,infant,,,GB,,,,,,,primary,1.0,2.405
SAMEA11126141,PRJEB49383,,,infant,,,GB,,,,,,,primary,1.0,2.227
SAMEA11126143,PRJEB49383,,,infant,,,GB,,,,,,,primary,1.0,3.909
SAMEA11126145,PRJEB49383,,,infant,,,GB,,,,,,,primary,1.0,2.678
SAMEA11126147,PRJEB49383,,,infant,,,GB,,,,,,,primary,1.0,6.051
SAMEA11126149,PRJEB49383,,,infant,,,GB,,,,,,,primary,1.0,5.98
SAMEA11126151,PRJEB49383,,,infant,,,GB,,,,,,,primary,1.0,1.751
SAMEA11126153,PRJEB49383,,,infant,,,GB,,,,,,,primary,1.0,5.881
SAMEA11126155,PRJEB49383,,,infant,,,GB,,,,,,,primary,1.0,2.098
SAMEA11126157,PRJEB49383,,,infant,,,GB,,,,,,,primary,1.0,5.604
SAMEA11126159,PRJEB49383,,,infant,,,GB,,,,,,,primary,1.0,2.937
SAMEA11126161,PRJEB49383,,,infant,,,GB,,,,,,,primary,1.0,5.65
SAMEA11126163,PRJEB49383,,,infant,,,GB,,,,,,,primary,1.0,3.74
SAMEA11126165,PRJEB49383,,,infant,,,GB,,,,,,,primary,1.0,5.289
SAMEA11126167,PRJEB49383,,,infant,,,GB,,,,,,,primary,1.0,3.009
SAMEA11126169,PRJEB49383,,,infant,,,GB,,,,,,,primary,1.0,5.389
SAMEA11126171,PRJEB49383,,,infant,,,GB,,,,,,,primary,1.0,3.419
SAMEA11126173,PRJEB49383,,,infant,,,GB,,,,,,,primary,1.0,3.726
SAMEA11126175,PRJEB49383,,,infant,,,GB,,,,,,,primary,1.0,2.629
SAMEA11126177,PRJEB49383,,,infant,,,GB,,,,,,,primary,1.0,3.949
SAMEA11126179,PRJEB49383,,,infant,,,GB,,,,,,,primary,1.0,3.975
SAMEA11126181,PRJEB49383,,,infant,,,GB,,,,,,,primary,1.0,1.905
SAMEA11126183,PRJEB49383,,,infant,,,GB,,,,,,,primary,1.0,0.68
SAMEA11126185,PRJEB49383,,,infant,,,GB,,,,,,,primary,1.0,0.586
SAMEA11126187,PRJEB49383,,,infant,,,GB,,,,,,,primary,1.0,6.323
SAMEA11126189,PRJEB49383,,,infant,,,GB,,,,,,,primary,1.0,2.574
SAMEA11126191,PRJEB49383,,,infant,,,GB,,,,,,,primary,1.0,3.296
SAMEA11126193,PRJEB49383,,,infant,,,GB,,,,,,,primary,1.0,4.272
SAMEA11126195,PRJEB49383,,,infant,,,GB,,,,,,,primary,1.0,2.306
SAMEA11126197,PRJEB49383,,,infant,,,GB,,,,,,,primary,1.0,3.131
SAMEA11126199,PRJEB49383,,,infant,,,GB,,,,,,,primary,1.0,3.78
SAMEA11126201,PRJEB49383,,,infant,,,GB,,,,,,,primary,1.0,2.332
SAMEA11126203,PRJEB49383,,,infant,,,GB,,,,,,,primary,1.0,2.656
SAMEA11126205,PRJEB49383,,,infant,,,GB,,,,,,,primary,1.0,3.122
SAMEA11126207,PRJEB49383,,,infant,,,GB,,,,,,,primary,1.0,3.432
SAMEA11126209,PRJEB49383,,,infant,,,GB,,,,,,,primary,1.0,3.891
SAMEA11126211,PRJEB49383,,,infant,,,GB,,,,,,,primary,1.0,4.276
SAMEA11126213,PRJEB49383,,,infant,,,GB,,,,,,,primary,1.0,7.95
SAMEA11126215,PRJEB49383,,,infant,,,GB,,,,,,,primary,1.0,4.572
SAMEA11126217,PRJEB49383,,,infant,,,GB,,,,,,,primary,1.0,0.511
SAMEA11126219,PRJEB49383,,,infant,,,GB,,,,,,,primary,1.0,0.506
SAMEA11126221,PRJEB49383,,,infant,,,GB,,,,,,,primary,1.0,2.024
SAMEA11126223,PRJEB49383,,,infant,,,GB,,,,,,,primary,1.0,0.951
SAMEA11126225,PRJEB49383,,,infant,,,GB,,,,,,,primary,1.0,3.537
SAMEA11126227,PRJEB49383,,,infant,,,GB,,,,,,,primary,1.0,5.46
SAMEA11126229,PRJEB49383,,,infant,,,GB,,,,,,,primary,1.0,3.255
SAMEA11126231,PRJEB49383,,,infant,,,GB,,,,,,,primary,1.0,3.633
SAMEA11126233,PRJEB49383,,,infant,,,GB,,,,,,,primary,1.0,6.423
SAMEA11126235,PRJEB49383,,,infant,,,GB,,,,,,,primary,1.0,7.003
SAMEA11126237,PRJEB49383,,,infant,,,GB,,,,,,,primary,1.0,8.217
SAMEA11126239,PRJEB49383,,,infant,,,GB,,,,,,,primary,1.0,5.457
SAMEA11126241,PRJEB49383,,,infant,,,GB,,,,,,,primary,1.0,2.47
SAMEA11126243,PRJEB49383,,,infant,,,GB,,,,,,,primary,1.0,3.887
SAMEA11126245,PRJEB49383,,,infant,,,GB,,,,,,,primary,1.0,8.267
SAMEA11126247,PRJEB49383,,,infant,,,GB,,,,,,,primary,1.0,5.66
SAMEA11126249,PRJEB49383,,,infant,,,GB,,,,,,,primary,1.0,0.866
SAMEA11126251,PRJEB49383,,,infant,,,GB,,,,,,,primary,1.0,5.961
SAMEA11126253,PRJEB49383,,,infant,,,GB,,,,,,,primary,1.0,2.644
SAMEA11126255,PRJEB49383,,,infant,,,GB,,,,,,,primary,1.0,4.314
SAMEA11126257,PRJEB49383,,,infant,,,GB,,,,,,,primary,1.0,1.299
SAMEA11126259,PRJEB49383,,,infant,,,GB,,,,,,,primary,1.0,8.3
SAMEA11126261,PRJEB49383,,,infant,,,GB,,,,,,,primary,1.0,3.178
SAMEA11126263,PRJEB49383,,,infant,,,GB,,,,,,,primary,1.0,4.927
SAMEA11126265,PRJEB49383,,,infant,,,GB,,,,,,,primary,1.0,2.196
SAMEA11126267,PRJEB49383,,,infant,,,GB,,,,,,,primary,1.0,3.271
SAMEA11126269,PRJEB49383,,,infant,,,GB,,,,,,,primary,1.0,3.119
SAMEA11126271,PRJEB49383,,,infant,,,GB,,,,,,,primary,1.0,6.765
SAMEA11126273,PRJEB49383,,,infant,,,GB,,,,,,,primary,1.0,1.819
SAMEA11126275,PRJEB49383,,,infant,,,GB,,,,,,,primary,1.0,3.818
SAMEA11126277,PRJEB49383,,,infant,,,GB,,,,,,,primary,1.0,4.824
SAMEA11126279,PRJEB49383,,,infant,,,GB,,,,,,,primary,1.0,2.557
SAMEA11126281,PRJEB49383,,,infant,,,GB,,,,,,,primary,1.0,2.265
SAMEA11126283,PRJEB49383,,,infant,,,GB,,,,,,,primary,1.0,5.674
SAMEA11126285,PRJEB49383,,,infant,,,GB,,,,,,,primary,1.0,4.409
SAMEA11126287,PRJEB49383,,,infant,,,GB,,,,,,,primary,1.0,5.081
SAMEA11126289,PRJEB49383,,,infant,,,GB,,,,,,,primary,1.0,1.495
SAMEA11126291,PRJEB49383,,,infant,,,GB,,,,,,,primary,1.0,1.423
SAMEA11126293,PRJEB49383,,,infant,,,GB,,,,,,,primary,1.0,1.803
SAMEA11126295,PRJEB49383,,,infant,,,GB,,,,,,,primary,1.0,1.961
SAMEA11126297,PRJEB49383,,,infant,,,GB,,,,,,,primary,1.0,3.376
SAMEA11126299,PRJEB49383,,,infant,,,GB,,,,,,,primary,1.0,2.038
SAMEA11126301,PRJEB49383,,,infant,,,GB,,,,,,,primary,1.0,1.203
SAMEA11126303,PRJEB49383,,,infant,,,GB,,,,,,,primary,1.0,4.754
SAMEA11126305,PRJEB49383,,,infant,,,GB,,,,,,,primary,1.0,1.942
SAMEA11126307,PRJEB49383,,,infant,,,GB,,,,,,,primary,1.0,2.879
SAMEA11126309,PRJEB49383,,,infant,,,GB,,,,,,,primary,1.0,5.436
SAMEA11126311,PRJEB49383,,,infant,,,GB,,,,,,,primary,1.0,5.836
SAMEA11126313,PRJEB49383,,,infant,,,GB,,,,,,,primary,1.0,2.103
SAMEA11126315,PRJEB49383,,,infant,,,GB,,,,,,,primary,1.0,1.768
SAMEA11126317,PRJEB49383,,,infant,,,GB,,,,,,,primary,1.0,5.372
SAMEA11126319,PRJEB49383,,,infant,,,GB,,,,,,,primary,1.0,4.58
SAMEA11126321,PRJEB49383,,,infant,,,GB,,,,,,,primary,1.0,4.551
SAMEA11126323,PRJEB49383,,,infant,,,GB,,,,,,,primary,1.0,2.641
SAMEA11126325,PRJEB49383,,,infant,,,GB,,,,,,,primary,1.0,4.988
SAMEA11126327,PRJEB49383,,,infant,,,GB,,,,,,,primary,1.0,2.525
SAMEA11126329,PRJEB49383,,,infant,,,GB,,,,,,,primary,1.0,3.194
SAMEA11126331,PRJEB49383,,,infant,,,GB,,,,,,,primary,1.0,3.948
SAMEA11126333,PRJEB49383,,,infant,,,GB,,,,,,,primary,1.0,3.389
SAMEA11126335,PRJEB49383,,,infant,,,GB,,,,,,,primary,1.0,4.086
SAMEA11126337,PRJEB49383,,,infant,,,GB,,,,,,,primary,1.0,4.179
SAMEA11126339,PRJEB49383,,,infant,,,GB,,,,,,,primary,1.0,1.503
SAMEA11126341,PRJEB49383,,,infant,,,GB,,,,,,,primary,1.0,8.268
SAMEA11126343,PRJEB49383,,,infant,,,GB,,,,,,,primary,1.0,4.616
SAMEA11126345,PRJEB49383,,,infant,,,GB,,,,,,,primary,1.0,4.904
SAMEA11126347,PRJEB49383,,,infant,,,GB,,,,,,,primary,1.0,3.489
SAMEA11126349,PRJEB49383,,,infant,,,GB,,,,,,,primary,1.0,2.989
SAMEA11126351,PRJEB49383,,,infant,,,GB,,,,,,,primary,1.0,4.905
SAMEA11126353,PRJEB49383,,,infant,,,GB,,,,,,,primary,1.0,3.026
SAMEA11126355,PRJEB49383,,,infant,,,GB,,,,,,,primary,1.0,4.0
SAMEA11126357,PRJEB49383,,,infant,,,GB,,,,,,,primary,1.0,4.8
SAMEA11126359,PRJEB49383,,,infant,,,GB,,,,,,,primary,1.0,3.739
SAMEA11126361,PRJEB49383,,,infant,,,GB,,,,,,,primary,1.0,3.263
SAMEA11126363,PRJEB49383,,,infant,,,GB,,,,,,,primary,1.0,3.196
SAMEA11126365,PRJEB49383,,,infant,,,GB,,,,,,,primary,1.0,4.335
SAMEA11126367,PRJEB49383,,,infant,,,GB,,,,,,,primary,1.0,3.578
SAMEA11126369,PRJEB49383,,,infant,,,GB,,,,,,,primary,1.0,3.684
SAMEA11126371,PRJEB49383,,,infant,,,GB,,,,,,,primary,1.0,3.455
SAMEA11126373,PRJEB49383,,,infant,,,GB,,,,,,,primary,1.0,4.943
SAMEA11126375,PRJEB49383,,,infant,,,GB,,,,,,,primary,1.0,3.709
SAMEA11126377,PRJEB49383,,,infant,,,GB,,,,,,,primary,1.0,3.406
SAMEA11126379,PRJEB49383,,,infant,,,GB,,,,,,,primary,1.0,5.625
SAMEA11126381,PRJEB49383,,,infant,,,GB,,,,,,,primary,1.0,4.783
SAMEA11126383,PRJEB49383,,,infant,,,GB,,,,,,,primary,1.0,5.335
SAMEA11126385,PRJEB49383,,,infant,,,GB,,,,,,,primary,1.0,2.436
SAMEA11126387,PRJEB49383,,,infant,,,GB,,,,,,,primary,1.0,1.933
SAMEA11126389,PRJEB49383,,,infant,,,GB,,,,,,,primary,1.0,4.028
SAMEA11126391,PRJEB49383,,,infant,,,GB,,,,,,,primary,1.0,2.543
SAMEA11126393,PRJEB49383,,,infant,,,GB,,,,,,,primary,1.0,3.79
SAMEA11126395,PRJEB49383,,,infant,,,GB,,,,,,,primary,1.0,3.714
SAMEA11126397,PRJEB49383,,,infant,,,GB,,,,,,,primary,1.0,3.699
SAMEA11126399,PRJEB49383,,,infant,,,GB,,,,,,,primary,1.0,1.623
SAMEA11126401,PRJEB49383,,,infant,,,GB,,,,,,,primary,1.0,3.474
SAMEA11126403,PRJEB49383,,,infant,,,GB,,,,,,,primary,1.0,4.185
SAMEA11126405,PRJEB49383,,,infant,,,GB,,,,,,,primary,1.0,3.888
SAMEA11126407,PRJEB49383,,,infant,,,GB,,,,,,,primary,1.0,2.386
SAMEA11126409,PRJEB49383,,,infant,,,GB,,,,,,,primary,1.0,3.626
SAMEA11126411,PRJEB49383,,,infant,,,GB,,,,,,,primary,1.0,2.567
SAMEA11126413,PRJEB49383,,,infant,,,GB,,,,,,,primary,1.0,4.214
SAMEA11126415,PRJEB49383,,,infant,,,GB,,,,,,,primary,1.0,3.74
SAMEA11126417,PRJEB49383,,,infant,,,GB,,,,,,,primary,1.0,2.814
SAMEA11126419,PRJEB49383,,,infant,,,GB,,,,,,,primary,1.0,0.031
SAMEA11126421,PRJEB49383,,,infant,,,GB,,,,,,,primary,1.0,2.421
SAMEA11126424,PRJEB49383,,,infant,,,GB,,,,,,,primary,1.0,0.648
SAMEA11126426,PRJEB49383,,,infant,,,GB,,,,,,,primary,1.0,1.772
SAMEA11126428,PRJEB49383,,,infant,,,GB,,,,,,,primary,1.0,2.167
SAMEA11126430,PRJEB49383,,,infant,,,GB,,,,,,,primary,1.0,1.89
SAMEA11126432,PRJEB49383,,,infant,,,GB,,,,,,,primary,1.0,6.704
SAMEA11126434,PRJEB49383,,,infant,,,GB,,,,,,,primary,1.0,2.817
SAMEA11126436,PRJEB49383,,,infant,,,GB,,,,,,,primary,1.0,3.252
SAMEA11126438,PRJEB49383,,,infant,,,GB,,,,,,,primary,1.0,4.55
SAMEA11126440,PRJEB49383,,,infant,,,GB,,,,,,,primary,1.0,4.389
SAMEA11126442,PRJEB49383,,,infant,,,GB,,,,,,,primary,1.0,4.616
SAMEA11126444,PRJEB49383,,,infant,,,GB,,,,,,,primary,1.0,1.153
SAMEA11126446,PRJEB49383,,,infant,,,GB,,,,,,,primary,1.0,2.614
SAMEA11126449,PRJEB49383,,,infant,,,GB,,,,,,,primary,1.0,2.519
SAMEA11126451,PRJEB49383,,,infant,,,GB,,,,,,,primary,1.0,2.588
SAMEA11126453,PRJEB49383,,,infant,,,GB,,,,,,,primary,1.0,3.898
SAMEA11126455,PRJEB49383,,,infant,,,GB,,,,,,,primary,1.0,14.038
SAMEA11126457,PRJEB49383,,,infant,,,GB,,,,,,,primary,1.0,4.299
SAMEA11126459,PRJEB49383,,,infant,,,GB,,,,,,,primary,1.0,12.579
SAMEA11126461,PRJEB49383,,,infant,,,GB,,,,,,,primary,1.0,4.125
SAMEA11126463,PRJEB49383,,,infant,,,GB,,,,,,,primary,1.0,1.402
SAMEA11126465,PRJEB49383,,,infant,,,GB,,,,,,,primary,1.0,4.156
SAMEA11126467,PRJEB49383,,,infant,,,GB,,,,,,,primary,1.0,1.135
SAMEA11126469,PRJEB49383,,,infant,,,GB,,,,,,,primary,1.0,7.88
SAMEA11126471,PRJEB49383,,,infant,,,GB,,,,,,,primary,1.0,8.007
SAMEA11126473,PRJEB49383,,,infant,,,GB,,,,,,,primary,1.0,3.706
SAMEA11126475,PRJEB49383,,,infant,,,GB,,,,,,,primary,1.0,3.547
SAMEA11126477,PRJEB49383,,,infant,,,GB,,,,,,,primary,1.0,2.939
SAMEA11126479,PRJEB49383,,,infant,,,GB,,,,,,,primary,1.0,10.689
SAMEA11126481,PRJEB49383,,,infant,,,GB,,,,,,,primary,1.0,6.002
SAMEA11126483,PRJEB49383,,,infant,,,GB,,,,,,,primary,1.0,4.457
SAMEA11126485,PRJEB49383,,,infant,,,GB,,,,,,,primary,1.0,6.413
SAMEA11126487,PRJEB49383,,,infant,,,GB,,,,,,,primary,1.0,0.021
SAMEA11126489,PRJEB49383,,,infant,,,GB,,,,,,,primary,1.0,5.038
SAMEA11126491,PRJEB49383,,,infant,,,GB,,,,,,,primary,1.0,8.258
SAMEA11126493,PRJEB49383,,,infant,,,GB,,,,,,,primary,1.0,4.147
SAMEA11126495,PRJEB49383,,,infant,,,GB,,,,,,,primary,1.0,5.299
SAMEA11126497,PRJEB49383,,,infant,,,GB,,,,,,,primary,1.0,0.027
SAMEA11126499,PRJEB49383,,,infant,,,GB,,,,,,,primary,1.0,0.035
SAMEA11126501,PRJEB49383,,,infant,,,GB,,,,,,,primary,1.0,2.376
SAMEA11126503,PRJEB49383,,,infant,,,GB,,,,,,,primary,1.0,1.68
SAMEA11126505,PRJEB49383,,,infant,,,GB,,,,,,,primary,1.0,2.356
SAMEA11126507,PRJEB49383,,,infant,,,GB,,,,,,,primary,1.0,4.546
SAMEA11126509,PRJEB49383,,,infant,,,GB,,,,,,,primary,1.0,6.062
SAMEA11126511,PRJEB49383,,,infant,,,GB,,,,,,,primary,1.0,6.433
SAMEA11126513,PRJEB49383,,,infant,,,GB,,,,,,,primary,1.0,3.61
SAMEA11126515,PRJEB49383,,,infant,,,GB,,,,,,,primary,1.0,7.02
SAMEA11126517,PRJEB49383,,,infant,,,GB,,,,,,,primary,1.0,1.211
SAMEA11126519,PRJEB49383,,,infant,,,GB,,,,,,,primary,1.0,3.723
SAMEA11126521,PRJEB49383,,,infant,,,GB,,,,,,,primary,1.0,1.953
SAMEA11126523,PRJEB49383,,,infant,,,GB,,,,,,,primary,1.0,1.823
SAMEA11126525,PRJEB49383,,,infant,,,GB,,,,,,,primary,1.0,3.23
SAMEA11126527,PRJEB49383,,,infant,,,GB,,,,,,,primary,1.0,3.277
SAMEA11126529,PRJEB49383,,,infant,,,GB,,,,,,,primary,1.0,2.641
SAMEA11126531,PRJEB49383,,,infant,,,GB,,,,,,,primary,1.0,5.837
SAMEA11126533,PRJEB49383,,,infant,,,GB,,,,,,,primary,1.0,5.917
SAMEA11126535,PRJEB49383,,,infant,,,GB,,,,,,,primary,1.0,4.631
SAMEA11126537,PRJEB49383,,,infant,,,GB,,,,,,,primary,1.0,3.527
SAMEA11126539,PRJEB49383,,,infant,,,GB,,,,,,,primary,1.0,3.454
SAMEA11126541,PRJEB49383,,,infant,,,GB,,,,,,,primary,1.0,6.878
SAMEA11126543,PRJEB49383,,,infant,,,GB,,,,,,,primary,1.0,7.023
SAMEA11126545,PRJEB49383,,,infant,,,GB,,,,,,,primary,1.0,5.268
SAMEA11126547,PRJEB49383,,,infant,,,GB,,,,,,,primary,1.0,3.939
SAMEA11126549,PRJEB49383,,,infant,,,GB,,,,,,,primary,1.0,2.264
SAMEA11126551,PRJEB49383,,,infant,,,GB,,,,,,,primary,1.0,4.346
SAMEA11126553,PRJEB49383,,,infant,,,GB,,,,,,,primary,1.0,4.299
SAMEA11126555,PRJEB49383,,,infant,,,GB,,,,,,,primary,1.0,4.832
SAMEA11126557,PRJEB49383,,,infant,,,GB,,,,,,,primary,1.0,1.556
SAMEA11126559,PRJEB49383,,,infant,,,GB,,,,,,,primary,1.0,5.822
SAMEA11126561,PRJEB49383,,,infant,,,GB,,,,,,,primary,1.0,4.221
SAMEA11126563,PRJEB49383,,,infant,,,GB,,,,,,,primary,1.0,0.778
SAMEA11126565,PRJEB49383,,,infant,,,GB,,,,,,,primary,1.0,5.476
SAMEA11126567,PRJEB49383,,,infant,,,GB,,,,,,,primary,1.0,4.356
SAMEA11126569,PRJEB49383,,,infant,,,GB,,,,,,,primary,1.0,10.945
SAMEA11126571,PRJEB49383,,,infant,,,GB,,,,,,,primary,1.0,0.459
SAMEA11126573,PRJEB49383,,,infant,,,GB,,,,,,,primary,1.0,1.437
SAMEA11126575,PRJEB49383,,,infant,,,GB,,,,,,,primary,1.0,0.765
SAMEA11126577,PRJEB49383,,,infant,,,GB,,,,,,,primary,1.0,0.493
SAMEA11126579,PRJEB49383,,,infant,,,GB,,,,,,,primary,1.0,4.577
SAMEA11126581,PRJEB49383,,,infant,,,GB,,,,,,,primary,1.0,2.988
SAMEA11126583,PRJEB49383,,,infant,,,GB,,,,,,,primary,1.0,3.451
SAMEA11126585,PRJEB49383,,,infant,,,GB,,,,,,,primary,1.0,2.066
SAMEA11126587,PRJEB49383,,,infant,,,GB,,,,,,,primary,1.0,4.894
SAMEA11126589,PRJEB49383,,,infant,,,GB,,,,,,,primary,1.0,0.037
SAMEA11126591,PRJEB49383,,,infant,,,GB,,,,,,,primary,1.0,3.799
SAMEA11126593,PRJEB49383,,,infant,,,GB,,,,,,,primary,1.0,5.119
SAMEA11126595,PRJEB49383,,,infant,,,GB,,,,,,,primary,1.0,4.63
SAMEA11126597,PRJEB49383,,,infant,,,GB,,,,,,,primary,1.0,5.637
SAMEA11126599,PRJEB49383,,,infant,,,GB,,,,,,,primary,1.0,3.232
SAMEA11126601,PRJEB49383,,,infant,,,GB,,,,,,,primary,1.0,4.295
SAMEA11126604,PRJEB49383,,,infant,,,GB,,,,,,,primary,1.0,2.331
SAMEA11126606,PRJEB49383,,,infant,,,GB,,,,,,,primary,1.0,2.813
SAMEA11126608,PRJEB49383,,,infant,,,GB,,,,,,,primary,1.0,0.23
SAMEA11126610,PRJEB49383,,,infant,,,GB,,,,,,,primary,1.0,7.082
SAMEA11126612,PRJEB49383,,,infant,,,GB,,,,,,,primary,1.0,3.053
SAMEA11126614,PRJEB49383,,,infant,,,GB,,,,,,,primary,1.0,2.526
SAMEA11126616,PRJEB49383,,,infant,,,GB,,,,,,,primary,1.0,2.841
SAMEA11126618,PRJEB49383,,,infant,,,GB,,,,,,,primary,1.0,3.09
SAMEA11126620,PRJEB49383,,,infant,,,GB,,,,,,,primary,1.0,3.472
SAMEA11126622,PRJEB49383,,,infant,,,GB,,,,,,,primary,1.0,4.227
SAMEA11126624,PRJEB49383,,,infant,,,GB,,,,,,,primary,1.0,5.4
SAMEA11126626,PRJEB49383,,,infant,,,GB,,,,,,,primary,1.0,3.382
SAMEA11126628,PRJEB49383,,,infant,,,GB,,,,,,,primary,1.0,3.252
SAMEA11126630,PRJEB49383,,,infant,,,GB,,,,,,,primary,1.0,3.913
SAMEA11126632,PRJEB49383,,,infant,,,GB,,,,,,,primary,1.0,2.316
SAMEA11126634,PRJEB49383,,,infant,,,GB,,,,,,,primary,1.0,3.035
SAMEA11126636,PRJEB49383,,,infant,,,GB,,,,,,,primary,1.0,5.527
SAMEA11126638,PRJEB49383,,,infant,,,GB,,,,,,,primary,1.0,6.425
SAMEA11126640,PRJEB49383,,,infant,,,GB,,,,,,,primary,1.0,4.641
SAMEA11126642,PRJEB49383,,,infant,,,GB,,,,,,,primary,1.0,4.263
SAMEA11126644,PRJEB49383,,,infant,,,GB,,,,,,,primary,1.0,2.898
SAMEA11126646,PRJEB49383,,,infant,,,GB,,,,,,,primary,1.0,4.349
SAMEA11126648,PRJEB49383,,,infant,,,GB,,,,,,,primary,1.0,3.129
SAMEA11126650,PRJEB49383,,,infant,,,GB,,,,,,,primary,1.0,0.002
SAMEA11126652,PRJEB49383,,,infant,,,GB,,,,,,,primary,1.0,0.002
SAMEA11126654,PRJEB49383,,,infant,,,GB,,,,,,,primary,1.0,4.345
SAMEA11126656,PRJEB49383,,,infant,,,GB,,,,,,,primary,1.0,4.466
SAMEA11126658,PRJEB49383,,,infant,,,GB,,,,,,,primary,1.0,3.042
SAMEA11126660,PRJEB49383,,,infant,,,GB,,,,,,,primary,1.0,5.29
SAMEA11126662,PRJEB49383,,,infant,,,GB,,,,,,,primary,1.0,4.274
SAMEA11126664,PRJEB49383,,,infant,,,GB,,,,,,,primary,1.0,0.456
SAMEA11126666,PRJEB49383,,,infant,,,GB,,,,,,,primary,1.0,3.138
SAMEA11126669,PRJEB49383,,,infant,,,GB,,,,,,,primary,1.0,0.654
SAMEA11126671,PRJEB49383,,,infant,,,GB,,,,,,,primary,1.0,3.434
SAMEA11126674,PRJEB49383,,,infant,,,GB,,,,,,,primary,1.0,3.605
SAMEA11126676,PRJEB49383,,,infant,,,GB,,,,,,,primary,1.0,1.554
SAMEA11126678,PRJEB49383,,,infant,,,GB,,,,,,,primary,1.0,3.321
SAMEA11126680,PRJEB49383,,,infant,,,GB,,,,,,,primary,1.0,2.277
SAMEA11126682,PRJEB49383,,,infant,,,GB,,,,,,,primary,1.0,3.808
SAMEA11126684,PRJEB49383,,,infant,,,GB,,,,,,,primary,1.0,3.769
SAMEA11126686,PRJEB49383,,,infant,,,GB,,,,,,,primary,1.0,2.386
SAMEA11126688,PRJEB49383,,,infant,,,GB,,,,,,,primary,1.0,2.46
SAMEA11126690,PRJEB49383,,,infant,,,GB,,,,,,,primary,1.0,3.03
SAMEA11126692,PRJEB49383,,,infant,,,GB,,,,,,,primary,1.0,3.401
SAMEA11126694,PRJEB49383,,,infant,,,GB,,,,,,,primary,1.0,4.587
SAMEA11126696,PRJEB49383,,,infant,,,GB,,,,,,,primary,1.0,4.315
SAMEA11126698,PRJEB49383,,,infant,,,GB,,,,,,,primary,1.0,6.494
SAMEA11126700,PRJEB49383,,,infant,,,GB,,,,,,,primary,1.0,4.02
SAMEA11126702,PRJEB49383,,,infant,,,GB,,,,,,,primary,1.0,4.061
SAMEA11126704,PRJEB49383,,,infant,,,GB,,,,,,,primary,1.0,5.396
SAMEA11126706,PRJEB49383,,,infant,,,GB,,,,,,,primary,1.0,0.333
SAMEA11126708,PRJEB49383,,,infant,,,GB,,,,,,,primary,1.0,2.317
SAMEA11126710,PRJEB49383,,,infant,,,GB,,,,,,,primary,1.0,1.856
SAMEA11126712,PRJEB49383,,,infant,,,GB,,,,,,,primary,1.0,4.291
SAMEA11126714,PRJEB49383,,,infant,,,GB,,,,,,,primary,1.0,2.848
SAMEA11126716,PRJEB49383,,,infant,,,GB,,,,,,,primary,1.0,7.242
SAMEA11126718,PRJEB49383,,,infant,,,GB,,,,,,,primary,1.0,5.494
SAMEA11126720,PRJEB49383,,,infant,,,GB,,,,,,,primary,1.0,2.008
SAMEA11126722,PRJEB49383,,,infant,,,GB,,,,,,,primary,1.0,0.808
SAMEA11126724,PRJEB49383,,,infant,,,GB,,,,,,,primary,1.0,2.945
SAMEA11126726,PRJEB49383,,,infant,,,GB,,,,,,,primary,1.0,0.467
SAMEA11126728,PRJEB49383,,,infant,,,GB,,,,,,,primary,1.0,2.292
SAMEA11126730,PRJEB49383,,,infant,,,GB,,,,,,,primary,1.0,7.555
SAMEA11126732,PRJEB49383,,,infant,,,GB,,,,,,,primary,1.0,3.778
SAMEA11126734,PRJEB49383,,,infant,,,GB,,,,,,,primary,1.0,2.854
SAMEA11126736,PRJEB49383,,,infant,,,GB,,,,,,,primary,1.0,3.516
SAMEA11126738,PRJEB49383,,,infant,,,GB,,,,,,,primary,1.0,0.663
SAMEA11126740,PRJEB49383,,,infant,,,GB,,,,,,,primary,1.0,3.47
SAMEA11126742,PRJEB49383,,,infant,,,GB,,,,,,,primary,1.0,3.331
SAMEA11126744,PRJEB49383,,,infant,,,GB,,,,,,,primary,1.0,1.017
SAMEA11126746,PRJEB49383,,,infant,,,GB,,,,,,,primary,1.0,5.365
SAMEA11126748,PRJEB49383,,,infant,,,GB,,,,,,,primary,1.0,2.292
SAMEA11126750,PRJEB49383,,,infant,,,GB,,,,,,,primary,1.0,3.933
SAMEA11126752,PRJEB49383,,,infant,,,GB,,,,,,,primary,1.0,1.35
SAMEA11126754,PRJEB49383,,,infant,,,GB,,,,,,,primary,1.0,3.021
SAMEA11126756,PRJEB49383,,,infant,,,GB,,,,,,,primary,1.0,1.271
SAMEA11126758,PRJEB49383,,,infant,,,GB,,,,,,,primary,1.0,1.511
SAMEA11126760,PRJEB49383,,,infant,,,GB,,,,,,,primary,1.0,0.992
SAMEA11126762,PRJEB49383,,,infant,,,GB,,,,,,,primary,1.0,0.386
SAMEA11126764,PRJEB49383,,,infant,,,GB,,,,,,,primary,1.0,7.789
SAMEA11126766,PRJEB49383,,,infant,,,GB,,,,,,,primary,1.0,6.023
SAMEA11126768,PRJEB49383,,,infant,,,GB,,,,,,,primary,1.0,1.836
SAMEA11126770,PRJEB49383,,,infant,,,GB,,,,,,,primary,1.0,5.871
SAMEA11126772,PRJEB49383,,,infant,,,GB,,,,,,,primary,1.0,6.977
SAMEA11126774,PRJEB49383,,,infant,,,GB,,,,,,,primary,1.0,4.622
SAMEA11126776,PRJEB49383,,,infant,,,GB,,,,,,,primary,1.0,5.94
SAMEA11126778,PRJEB49383,,,infant,,,GB,,,,,,,primary,1.0,5.942
SAMEA11126780,PRJEB49383,,,infant,,,GB,,,,,,,primary,1.0,4.259
SAMEA11126782,PRJEB49383,,,infant,,,GB,,,,,,,primary,1.0,3.458
SAMEA11126784,PRJEB49383,,,infant,,,GB,,,,,,,primary,1.0,0.672
SAMEA11126786,PRJEB49383,,,infant,,,GB,,,,,,,primary,1.0,9.631
SAMEA11126788,PRJEB49383,,,infant,,,GB,,,,,,,primary,1.0,1.211
SAMEA11126790,PRJEB49383,,,infant,,,GB,,,,,,,primary,1.0,1.984
SAMEA11126792,PRJEB49383,,,infant,,,GB,,,,,,,primary,1.0,4.534
SAMEA11126794,PRJEB49383,,,infant,,,GB,,,,,,,primary,1.0,5.724
SAMEA11126796,PRJEB49383,,,infant,,,GB,,,,,,,primary,1.0,0.935
SAMEA11126798,PRJEB49383,,,infant,,,GB,,,,,,,primary,1.0,2.845
SAMEA11126800,PRJEB49383,,,infant,,,GB,,,,,,,primary,1.0,1.076
SAMEA11126802,PRJEB49383,,,infant,,,GB,,,,,,,primary,1.0,4.723
SAMEA11126804,PRJEB49383,,,infant,,,GB,,,,,,,primary,1.0,5.213
SAMEA11126806,PRJEB49383,,,infant,,,GB,,,,,,,primary,1.0,2.531
SAMEA11126809,PRJEB49383,,,infant,,,GB,,,,,,,primary,1.0,1.583
SAMEA11126811,PRJEB49383,,,infant,,,GB,,,,,,,primary,1.0,2.866
SAMEA11126813,PRJEB49383,,,infant,,,GB,,,,,,,primary,1.0,1.545
SAMEA11126815,PRJEB49383,,,infant,,,GB,,,,,,,primary,1.0,9.566
SAMEA11126817,PRJEB49383,,,infant,,,GB,,,,,,,primary,1.0,0.483
SAMEA11126819,PRJEB49383,,,infant,,,GB,,,,,,,primary,1.0,3.4
SAMEA11126821,PRJEB49383,,,infant,,,GB,,,,,,,primary,1.0,3.638
SAMEA11126823,PRJEB49383,,,infant,,,GB,,,,,,,primary,1.0,5.619
SAMEA11126825,PRJEB49383,,,infant,,,GB,,,,,,,primary,1.0,10.436
SAMEA11126827,PRJEB49383,,,infant,,,GB,,,,,,,primary,1.0,1.507
SAMEA11126829,PRJEB49383,,,infant,,,GB,,,,,,,primary,1.0,6.388
SAMEA11126831,PRJEB49383,,,infant,,,GB,,,,,,,primary,1.0,3.487
SAMEA11126833,PRJEB49383,,,infant,,,GB,,,,,,,primary,1.0,0.359
SAMEA11126835,PRJEB49383,,,infant,,,GB,,,,,,,primary,1.0,3.122
SAMEA11126837,PRJEB49383,,,infant,,,GB,,,,,,,primary,1.0,6.216
SAMEA11126839,PRJEB49383,,,infant,,,GB,,,,,,,primary,1.0,2.344
SAMEA11126841,PRJEB49383,,,infant,,,GB,,,,,,,primary,1.0,8.972
SAMEA11126843,PRJEB49383,,,infant,,,GB,,,,,,,primary,1.0,2.874
SAMEA11126845,PRJEB49383,,,infant,,,GB,,,,,,,primary,1.0,5.818
SAMEA11126847,PRJEB49383,,,infant,,,GB,,,,,,,primary,1.0,1.264
SAMEA11126849,PRJEB49383,,,infant,,,GB,,,,,,,primary,1.0,4.065
SAMEA11126851,PRJEB49383,,,infant,,,GB,,,,,,,primary,1.0,5.408
SAMEA11126853,PRJEB49383,,,infant,,,GB,,,,,,,primary,1.0,3.296
SAMEA11126855,PRJEB49383,,,infant,,,GB,,,,,,,primary,1.0,4.357
SAMEA11126857,PRJEB49383,,,infant,,,GB,,,,,,,primary,1.0,3.077
SAMEA11126859,PRJEB49383,,,infant,,,GB,,,,,,,primary,1.0,2.165
SAMEA11126861,PRJEB49383,,,infant,,,GB,,,,,,,primary,1.0,3.863
SAMEA11126863,PRJEB49383,,,infant,,,GB,,,,,,,primary,1.0,1.563
SAMEA11126865,PRJEB49383,,,infant,,,GB,,,,,,,primary,1.0,2.27
SAMEA11126867,PRJEB49383,,,infant,,,GB,,,,,,,primary,1.0,1.618
SAMEA11126869,PRJEB49383,,,infant,,,GB,,,,,,,primary,1.0,6.782
SAMEA11126871,PRJEB49383,,,infant,,,GB,,,,,,,primary,1.0,6.365
SAMEA11126873,PRJEB49383,,,infant,,,GB,,,,,,,primary,1.0,0.011
SAMEA11126875,PRJEB49383,,,infant,,,GB,,,,,,,primary,1.0,4.163
SAMEA11126877,PRJEB49383,,,infant,,,GB,,,,,,,primary,1.0,5.253
SAMEA11126879,PRJEB49383,,,infant,,,GB,,,,,,,primary,1.0,0.965
SAMEA11126881,PRJEB49383,,,infant,,,GB,,,,,,,primary,1.0,3.611
SAMEA11126883,PRJEB49383,,,infant,,,GB,,,,,,,primary,1.0,4.753
SAMEA11126885,PRJEB49383,,,infant,,,GB,,,,,,,primary,1.0,11.08
SAMEA11126887,PRJEB49383,,,infant,,,GB,,,,,,,primary,1.0,1.861
SAMEA11126889,PRJEB49383,,,infant,,,GB,,,,,,,primary,1.0,1.414
SAMEA11126891,PRJEB49383,,,infant,,,GB,,,,,,,primary,1.0,2.741
SAMEA11126893,PRJEB49383,,,infant,,,GB,,,,,,,primary,1.0,1.635
SAMEA11126895,PRJEB49383,,,infant,,,GB,,,,,,,primary,1.0,2.302
SAMEA11126897,PRJEB49383,,,infant,,,GB,,,,,,,primary,1.0,0.002
SAMEA11126899,PRJEB49383,,,infant,,,GB,,,,,,,primary,1.0,0.95
SAMEA11126901,PRJEB49383,,,infant,,,GB,,,,,,,primary,1.0,1.547
SAMEA11126905,PRJEB49383,,,infant,,,GB,,,,,,,primary,1.0,4.032
SAMEA11126907,PRJEB49383,,,infant,,,GB,,,,,,,primary,1.0,3.876
SAMEA11126909,PRJEB49383,,,infant,,,GB,,,,,,,primary,1.0,4.964
SAMEA11126911,PRJEB49383,,,infant,,,GB,,,,,,,primary,1.0,2.775
SAMEA11126913,PRJEB49383,,,infant,,,GB,,,,,,,primary,1.0,7.965
SAMEA11126915,PRJEB49383,,,infant,,,GB,,,,,,,primary,1.0,6.1
SAMEA11126917,PRJEB49383,,,infant,,,GB,,,,,,,primary,1.0,2.868
SAMEA11126919,PRJEB49383,,,infant,,,GB,,,,,,,primary,1.0,3.216
SAMEA11126921,PRJEB49383,,,infant,,,GB,,,,,,,primary,1.0,4.943
SAMEA11126923,PRJEB49383,,,infant,,,GB,,,,,,,primary,1.0,4.808
SAMEA11126925,PRJEB49383,,,infant,,,GB,,,,,,,primary,1.0,2.475
SAMEA11126927,PRJEB49383,,,infant,,,GB,,,,,,,primary,1.0,3.39
SAMEA11126929,PRJEB49383,,,infant,,,GB,,,,,,,primary,1.0,3.013
SAMEA11126931,PRJEB49383,,,infant,,,GB,,,,,,,primary,1.0,3.306
SAMEA11126932,PRJEB49383,,,infant,,,GB,,,,,,,primary,1.0,3.062
SAMEA11126933,PRJEB49383,,,infant,,,GB,,,,,,,primary,1.0,3.33
SAMEA11126934,PRJEB49383,,,infant,,,GB,,,,,,,primary,1.0,3.245
SAMEA11126935,PRJEB49383,,,infant,,,GB,,,,,,,primary,1.0,3.232
SAMEA11126936,PRJEB49383,,,infant,,,GB,,,,,,,primary,1.0,1.932
SAMEA11126937,PRJEB49383,,,infant,,,GB,,,,,,,primary,1.0,1.889
SAMEA11126939,PRJEB49383,,,infant,,,GB,,,,,,,primary,1.0,3.372
SAMEA11126941,PRJEB49383,,,infant,,,GB,,,,,,,primary,1.0,2.343
SAMEA11126943,PRJEB49383,,,infant,,,GB,,,,,,,primary,1.0,2.718
SAMEA11126945,PRJEB49383,,,infant,,,GB,,,,,,,primary,1.0,6.917
SAMEA11126947,PRJEB49383,,,infant,,,GB,,,,,,,primary,1.0,1.907
SAMEA11126949,PRJEB49383,,,infant,,,GB,,,,,,,primary,1.0,8.775
SAMEA11126951,PRJEB49383,,,infant,,,GB,,,,,,,primary,1.0,6.544
SAMEA11126953,PRJEB49383,,,infant,,,GB,,,,,,,primary,1.0,3.069
SAMEA11126955,PRJEB49383,,,infant,,,GB,,,,,,,primary,1.0,3.885
SAMEA11126957,PRJEB49383,,,infant,,,GB,,,,,,,primary,1.0,3.005
SAMEA11126959,PRJEB49383,,,infant,,,GB,,,,,,,primary,1.0,2.291
SAMEA11126961,PRJEB49383,,,infant,,,GB,,,,,,,primary,1.0,7.317
SAMEA11126963,PRJEB49383,,,infant,,,GB,,,,,,,primary,1.0,17.19
SAMEA11126965,PRJEB49383,,,infant,,,GB,,,,,,,primary,1.0,3.811
SAMEA11126967,PRJEB49383,,,infant,,,GB,,,,,,,primary,1.0,3.179
SAMEA11126969,PRJEB49383,,,infant,,,GB,,,,,,,primary,1.0,3.527
SAMEA11126971,PRJEB49383,,,infant,,,GB,,,,,,,primary,1.0,5.523
SAMEA11126973,PRJEB49383,,,infant,,,GB,,,,,,,primary,1.0,6.337
SAMEA11126975,PRJEB49383,,,infant,,,GB,,,,,,,primary,1.0,3.261
SAMEA11126977,PRJEB49383,,,infant,,,GB,,,,,,,primary,1.0,3.628
SAMEA11126979,PRJEB49383,,,infant,,,GB,,,,,,,primary,1.0,2.693
SAMEA11126981,PRJEB49383,,,infant,,,GB,,,,,,,primary,1.0,3.377
SAMEA11126983,PRJEB49383,,,infant,,,GB,,,,,,,primary,1.0,2.391
SAMEA11126985,PRJEB49383,,,infant,,,GB,,,,,,,primary,1.0,3.787
SAMEA11126987,PRJEB49383,,,infant,,,GB,,,,,,,primary,1.0,6.097
SAMEA11126989,PRJEB49383,,,infant,,,GB,,,,,,,primary,1.0,9.38
SAMEA11126991,PRJEB49383,,,infant,,,GB,,,,,,,primary,1.0,2.002
SAMEA11126993,PRJEB49383,,,infant,,,GB,,,,,,,primary,1.0,4.281
SAMEA11126995,PRJEB49383,,,infant,,,GB,,,,,,,primary,1.0,4.638
SAMEA11126997,PRJEB49383,,,infant,,,GB,,,,,,,primary,1.0,3.317
SAMEA11126999,PRJEB49383,,,infant,,,GB,,,,,,,primary,1.0,2.49
SAMEA11127001,PRJEB49383,,,infant,,,GB,,,,,,,primary,1.0,6.084
SAMEA11127003,PRJEB49383,,,infant,,,GB,,,,,,,primary,1.0,3.717
SAMEA11127005,PRJEB49383,,,infant,,,GB,,,,,,,primary,1.0,3.345
SAMEA11127007,PRJEB49383,,,infant,,,GB,,,,,,,primary,1.0,4.075
SAMEA11127009,PRJEB49383,,,infant,,,GB,,,,,,,primary,1.0,3.385
SAMEA11127011,PRJEB49383,,,infant,,,GB,,,,,,,primary,1.0,1.97
SAMEA11127013,PRJEB49383,,,infant,,,GB,,,,,,,primary,1.0,3.622
SAMEA11127016,PRJEB49383,,,infant,,,GB,,,,,,,primary,1.0,2.815
SAMEA11127018,PRJEB49383,,,infant,,,GB,,,,,,,primary,1.0,2.905
SAMEA11127020,PRJEB49383,,,infant,,,GB,,,,,,,primary,1.0,2.552
SAMEA11127022,PRJEB49383,,,infant,,,GB,,,,,,,primary,1.0,4.326
SAMEA11127024,PRJEB49383,,,infant,,,GB,,,,,,,primary,1.0,3.893
SAMEA11127026,PRJEB49383,,,infant,,,GB,,,,,,,primary,1.0,4.718
SAMEA11127028,PRJEB49383,,,infant,,,GB,,,,,,,primary,1.0,1.692
SAMEA11127030,PRJEB49383,,,infant,,,GB,,,,,,,primary,1.0,4.041
SAMEA11127032,PRJEB49383,,,infant,,,GB,,,,,,,primary,1.0,3.364
SAMEA11127034,PRJEB49383,,,infant,,,GB,,,,,,,primary,1.0,3.095
SAMEA11127036,PRJEB49383,,,infant,,,GB,,,,,,,primary,1.0,3.994
SAMEA11127038,PRJEB49383,,,infant,,,GB,,,,,,,primary,1.0,7.35
SAMEA11127040,PRJEB49383,,,infant,,,GB,,,,,,,primary,1.0,3.688
SAMEA11127042,PRJEB49383,,,infant,,,GB,,,,,,,primary,1.0,2.232
SAMEA11127044,PRJEB49383,,,infant,,,GB,,,,,,,primary,1.0,4.445
SAMEA11127046,PRJEB49383,,,infant,,,GB,,,,,,,primary,1.0,3.141
SAMEA11127048,PRJEB49383,,,infant,,,GB,,,,,,,primary,1.0,3.397
SAMEA11127050,PRJEB49383,,,infant,,,GB,,,,,,,primary,1.0,3.953
SAMEA11127052,PRJEB49383,,,infant,,,GB,,,,,,,primary,1.0,1.047
SAMEA11127054,PRJEB49383,,,infant,,,GB,,,,,,,primary,1.0,2.769
SAMEA11127056,PRJEB49383,,,infant,,,GB,,,,,,,primary,1.0,3.938
SAMEA11127058,PRJEB49383,,,infant,,,GB,,,,,,,primary,1.0,3.475
SAMEA11127060,PRJEB49383,,,infant,,,GB,,,,,,,primary,1.0,3.501
SAMEA11127062,PRJEB49383,,,infant,,,GB,,,,,,,primary,1.0,2.887
SAMEA11127064,PRJEB49383,,,infant,,,GB,,,,,,,primary,1.0,0.76
SAMEA11127066,PRJEB49383,,,infant,,,GB,,,,,,,primary,1.0,2.987
SAMEA11127068,PRJEB49383,,,infant,,,GB,,,,,,,primary,1.0,5.508
SAMEA11127070,PRJEB49383,,,infant,,,GB,,,,,,,primary,1.0,3.128
SAMEA11127072,PRJEB49383,,,infant,,,GB,,,,,,,primary,1.0,3.64
SAMEA11127074,PRJEB49383,,,infant,,,GB,,,,,,,primary,1.0,5.03
SAMEA11127076,PRJEB49383,,,infant,,,GB,,,,,,,primary,1.0,4.296
SAMEA11127078,PRJEB49383,,,infant,,,GB,,,,,,,primary,1.0,1.734
SAMEA11127080,PRJEB49383,,,infant,,,GB,,,,,,,primary,1.0,1.659
SAMEA11127082,PRJEB49383,,,infant,,,GB,,,,,,,primary,1.0,4.397
SAMEA11127084,PRJEB49383,,,infant,,,GB,,,,,,,primary,1.0,3.637
SAMEA11127086,PRJEB49383,,,infant,,,GB,,,,,,,primary,1.0,6.699
SAMEA11127088,PRJEB49383,,,infant,,,GB,,,,,,,primary,1.0,3.579
SAMEA11127090,PRJEB49383,,,infant,,,GB,,,,,,,primary,1.0,9.632
SAMEA11127092,PRJEB49383,,,infant,,,GB,,,,,,,primary,1.0,0.003
SAMEA11127094,PRJEB49383,,,infant,,,GB,,,,,,,primary,1.0,4.622
SAMEA11127096,PRJEB49383,,,infant,,,GB,,,,,,,primary,1.0,4.282
SAMEA11127098,PRJEB49383,,,infant,,,GB,,,,,,,primary,1.0,15.693
SAMEA11127100,PRJEB49383,,,infant,,,GB,,,,,,,primary,1.0,4.543
SAMEA11127102,PRJEB49383,,,infant,,,GB,,,,,,,primary,1.0,1.057
SAMEA11127104,PRJEB49383,,,infant,,,GB,,,,,,,primary,1.0,0.868
SAMEA11127106,PRJEB49383,,,infant,,,GB,,,,,,,primary,1.0,1.055
SAMEA11127108,PRJEB49383,,,infant,,,GB,,,,,,,primary,1.0,1.879
SAMEA11127110,PRJEB49383,,,infant,,,GB,,,,,,,primary,1.0,11.934
SAMEA11127112,PRJEB49383,,,infant,,,GB,,,,,,,primary,1.0,4.294
SAMEA11127114,PRJEB49383,,,infant,,,GB,,,,,,,primary,1.0,4.731
SAMEA11127116,PRJEB49383,,,infant,,,GB,,,,,,,primary,1.0,3.517
SAMEA11127118,PRJEB49383,,,infant,,,GB,,,,,,,primary,1.0,0.322
SAMEA11127120,PRJEB49383,,,infant,,,GB,,,,,,,primary,1.0,6.064
SAMEA11127122,PRJEB49383,,,infant,,,GB,,,,,,,primary,1.0,4.203
SAMEA11127124,PRJEB49383,,,infant,,,GB,,,,,,,primary,1.0,3.001
SAMEA11127126,PRJEB49383,,,infant,,,GB,,,,,,,primary,1.0,1.582
SAMEA11127128,PRJEB49383,,,infant,,,GB,,,,,,,primary,1.0,7.316
SAMEA11127130,PRJEB49383,,,infant,,,GB,,,,,,,primary,1.0,7.428
SAMEA11127132,PRJEB49383,,,infant,,,GB,,,,,,,primary,1.0,4.451
SAMEA11127134,PRJEB49383,,,infant,,,GB,,,,,,,primary,1.0,1.523
SAMEA11127136,PRJEB49383,,,infant,,,GB,,,,,,,primary,1.0,2.016
SAMEA11127138,PRJEB49383,,,infant,,,GB,,,,,,,primary,1.0,0.003
SAMEA11127140,PRJEB49383,,,infant,,,GB,,,,,,,primary,1.0,0.001
SAMEA11127142,PRJEB49383,,,infant,,,GB,,,,,,,primary,1.0,3.074
SAMEA11127144,PRJEB49383,,,infant,,,GB,,,,,,,primary,1.0,0.938
SAMEA11127146,PRJEB49383,,,infant,,,GB,,,,,,,primary,1.0,5.625
SAMEA11127148,PRJEB49383,,,infant,,,GB,,,,,,,primary,1.0,4.016
SAMEA11127150,PRJEB49383,,,infant,,,GB,,,,,,,primary,1.0,8.597
SAMEA11127152,PRJEB49383,,,infant,,,GB,,,,,,,primary,1.0,6.506
SAMEA11127154,PRJEB49383,,,infant,,,GB,,,,,,,primary,1.0,12.773
SAMEA11127156,PRJEB49383,,,infant,,,GB,,,,,,,primary,1.0,2.543
SAMEA11127158,PRJEB49383,,,infant,,,GB,,,,,,,primary,1.0,6.172
SAMEA11127160,PRJEB49383,,,infant,,,GB,,,,,,,primary,1.0,2.555
SAMEA11127162,PRJEB49383,,,infant,,,GB,,,,,,,primary,1.0,3.355
SAMEA11127164,PRJEB49383,,,infant,,,GB,,,,,,,primary,1.0,2.13
SAMEA11127166,PRJEB49383,,,infant,,,GB,,,,,,,primary,1.0,3.457
SAMEA11127168,PRJEB49383,,,infant,,,GB,,,,,,,primary,1.0,1.24
SAMEA11127170,PRJEB49383,,,infant,,,GB,,,,,,,primary,1.0,6.635
SAMEA11127172,PRJEB49383,,,infant,,,GB,,,,,,,primary,1.0,2.721
SAMEA11127174,PRJEB49383,,,infant,,,GB,,,,,,,primary,1.0,4.401
SAMEA11127176,PRJEB49383,,,infant,,,GB,,,,,,,primary,1.0,3.73
SAMEA11127178,PRJEB49383,,,infant,,,GB,,,,,,,primary,1.0,8.858
SAMEA11127180,PRJEB49383,,,infant,,,GB,,,,,,,primary,1.0,3.515
SAMEA11127182,PRJEB49383,,,infant,,,GB,,,,,,,primary,1.0,2.506
SAMEA11127184,PRJEB49383,,,infant,,,GB,,,,,,,primary,1.0,4.235
SAMEA11127186,PRJEB49383,,,infant,,,GB,,,,,,,primary,1.0,1.135
SAMEA11127188,PRJEB49383,,,infant,,,GB,,,,,,,primary,1.0,7.06
SAMEA11127190,PRJEB49383,,,infant,,,GB,,,,,,,primary,1.0,7.105
SAMEA11127192,PRJEB49383,,,infant,,,GB,,,,,,,primary,1.0,2.884
SAMEA11127194,PRJEB49383,,,infant,,,GB,,,,,,,primary,1.0,0.991
SAMEA11127196,PRJEB49383,,,infant,,,GB,,,,,,,primary,1.0,6.539
SAMEA11127198,PRJEB49383,,,infant,,,GB,,,,,,,primary,1.0,1.892
SAMEA11127200,PRJEB49383,,,infant,,,GB,,,,,,,primary,1.0,8.5
SAMEA11127202,PRJEB49383,,,infant,,,GB,,,,,,,primary,1.0,3.545
SAMEA11127204,PRJEB49383,,,infant,,,GB,,,,,,,primary,1.0,33.352
SAMEA11127206,PRJEB49383,,,infant,,,GB,,,,,,,primary,1.0,0.001
SAMEA11127208,PRJEB49383,,,infant,,,GB,,,,,,,primary,1.0,2.019
SAMEA11127210,PRJEB49383,,,infant,,,GB,,,,,,,primary,1.0,6.27
SAMEA11127212,PRJEB49383,,,infant,,,GB,,,,,,,primary,1.0,0.003
SAMEA11127214,PRJEB49383,,,infant,,,GB,,,,,,,primary,1.0,3.018
SAMEA11127216,PRJEB49383,,,infant,,,GB,,,,,,,primary,1.0,3.967
SAMEA11127218,PRJEB49383,,,infant,,,GB,,,,,,,primary,1.0,2.413
SAMEA11127220,PRJEB49383,,,infant,,,GB,,,,,,,primary,1.0,1.679
SAMEA11127222,PRJEB49383,,,infant,,,GB,,,,,,,primary,1.0,4.008
SAMEA11127225,PRJEB49383,,,infant,,,GB,,,,,,,primary,1.0,4.451
SAMEA11127227,PRJEB49383,,,infant,,,GB,,,,,,,primary,1.0,2.655
SAMEA11127229,PRJEB49383,,,infant,,,GB,,,,,,,primary,1.0,0.004
SAMEA11127231,PRJEB49383,,,infant,,,GB,,,,,,,primary,1.0,49.658
SAMEA11127233,PRJEB49383,,,infant,,,GB,,,,,,,primary,1.0,5.707
SAMEA11127235,PRJEB49383,,,infant,,,GB,,,,,,,primary,1.0,0.006
SAMEA11127237,PRJEB49383,,,infant,,,GB,,,,,,,primary,1.0,22.599
SAMEA11127241,PRJEB49383,,,infant,,,GB,,,,,,,primary,1.0,4.276
SAMEA11127243,PRJEB49383,,,infant,,,GB,,,,,,,primary,1.0,6.732
SAMEA11127245,PRJEB49383,,,infant,,,GB,,,,,,,primary,1.0,4.917
SAMEA11127247,PRJEB49383,,,infant,,,GB,,,,,,,primary,1.0,3.115
SAMEA11127249,PRJEB49383,,,infant,,,GB,,,,,,,primary,1.0,3.744
SAMEA11127251,PRJEB49383,,,infant,,,GB,,,,,,,primary,1.0,0.002
SAMEA11127253,PRJEB49383,,,infant,,,GB,,,,,,,primary,1.0,0.518
SAMEA11127255,PRJEB49383,,,infant,,,GB,,,,,,,primary,1.0,1.023
SAMEA11127257,PRJEB49383,,,infant,,,GB,,,,,,,primary,1.0,4.27
SAMEA11127259,PRJEB49383,,,infant,,,GB,,,,,,,primary,1.0,8.059
SAMEA11127261,PRJEB49383,,,infant,,,GB,,,,,,,primary,1.0,3.851
SAMEA11127263,PRJEB49383,,,infant,,,GB,,,,,,,primary,1.0,3.409
SAMEA11127265,PRJEB49383,,,infant,,,GB,,,,,,,primary,1.0,2.895
SAMEA11127267,PRJEB49383,,,infant,,,GB,,,,,,,primary,1.0,3.082
SAMEA11127269,PRJEB49383,,,infant,,,GB,,,,,,,primary,1.0,2.347
SAMEA11127271,PRJEB49383,,,infant,,,GB,,,,,,,primary,1.0,3.233
SAMEA11127273,PRJEB49383,,,infant,,,GB,,,,,,,primary,1.0,3.77
SAMEA11127275,PRJEB49383,,,infant,,,GB,,,,,,,primary,1.0,3.638
SAMEA11127277,PRJEB49383,,,infant,,,GB,,,,,,,primary,1.0,5.406
SAMEA11127279,PRJEB49383,,,infant,,,GB,,,,,,,primary,1.0,2.626
SAMEA11127281,PRJEB49383,,,infant,,,GB,,,,,,,primary,1.0,4.731
SAMEA11127283,PRJEB49383,,,infant,,,GB,,,,,,,primary,1.0,7.391
SAMEA11127285,PRJEB49383,,,infant,,,GB,,,,,,,primary,1.0,8.262
SAMEA11127287,PRJEB49383,,,infant,,,GB,,,,,,,primary,1.0,8.381
SAMEA11127289,PRJEB49383,,,infant,,,GB,,,,,,,primary,1.0,3.382
SAMEA11127291,PRJEB49383,,,infant,,,GB,,,,,,,primary,1.0,3.286
SAMEA11127293,PRJEB49383,,,infant,,,GB,,,,,,,primary,1.0,2.004
SAMEA11127295,PRJEB49383,,,infant,,,GB,,,,,,,primary,1.0,3.866
SAMEA11127297,PRJEB49383,,,infant,,,GB,,,,,,,primary,1.0,0.93
SAMEA11127299,PRJEB49383,,,infant,,,GB,,,,,,,primary,1.0,2.249
SAMEA11127301,PRJEB49383,,,infant,,,GB,,,,,,,primary,1.0,2.711
SAMEA11127303,PRJEB49383,,,infant,,,GB,,,,,,,primary,1.0,1.825
SAMEA11127305,PRJEB49383,,,infant,,,GB,,,,,,,primary,1.0,9.969
SAMEA11127307,PRJEB49383,,,infant,,,GB,,,,,,,primary,1.0,1.426
SAMEA11127309,PRJEB49383,,,infant,,,GB,,,,,,,primary,1.0,5.391
SAMEA11127311,PRJEB49383,,,infant,,,GB,,,,,,,primary,1.0,0.488
SAMEA11127313,PRJEB49383,,,infant,,,GB,,,,,,,primary,1.0,0.005
SAMEA11127315,PRJEB49383,,,infant,,,GB,,,,,,,primary,1.0,0.844
SAMEA11127317,PRJEB49383,,,infant,,,GB,,,,,,,primary,1.0,4.241
SAMEA11127319,PRJEB49383,,,infant,,,GB,,,,,,,primary,1.0,15.973
SAMEA11127321,PRJEB49383,,,infant,,,GB,,,,,,,primary,1.0,3.189
SAMEA11127323,PRJEB49383,,,infant,,,GB,,,,,,,primary,1.0,2.867
SAMEA11127326,PRJEB49383,,,infant,,,GB,,,,,,,primary,1.0,6.928
SAMEA11127328,PRJEB49383,,,infant,,,GB,,,,,,,primary,1.0,3.255
SAMEA11127330,PRJEB49383,,,infant,,,GB,,,,,,,primary,1.0,1.364
SAMEA11127332,PRJEB49383,,,infant,,,GB,,,,,,,primary,1.0,4.206
SAMEA11127334,PRJEB49383,,,infant,,,GB,,,,,,,primary,1.0,4.249
SAMEA11127336,PRJEB49383,,,infant,,,GB,,,,,,,primary,1.0,4.722
SAMEA11127338,PRJEB49383,,,infant,,,GB,,,,,,,primary,1.0,4.9
SAMEA11127340,PRJEB49383,,,infant,,,GB,,,,,,,primary,1.0,3.022
SAMEA11127342,PRJEB49383,,,infant,,,GB,,,,,,,primary,1.0,1.308
SAMEA11127344,PRJEB49383,,,infant,,,GB,,,,,,,primary,1.0,1.921
SAMEA11127346,PRJEB49383,,,infant,,,GB,,,,,,,primary,1.0,0.728
SAMEA11127348,PRJEB49383,,,infant,,,GB,,,,,,,primary,1.0,3.465
SAMEA11127350,PRJEB49383,,,infant,,,GB,,,,,,,primary,1.0,2.187
SAMEA11127352,PRJEB49383,,,infant,,,GB,,,,,,,primary,1.0,3.503
SAMEA11127354,PRJEB49383,,,infant,,,GB,,,,,,,primary,1.0,2.222
SAMEA11127356,PRJEB49383,,,infant,,,GB,,,,,,,primary,1.0,2.726
SAMEA11127358,PRJEB49383,,,infant,,,GB,,,,,,,primary,1.0,7.252
SAMEA11127360,PRJEB49383,,,infant,,,GB,,,,,,,primary,1.0,7.245
SAMEA11127362,PRJEB49383,,,infant,,,GB,,,,,,,primary,1.0,1.024
SAMEA11127364,PRJEB49383,,,infant,,,GB,,,,,,,primary,1.0,3.68
SAMEA11127366,PRJEB49383,,,infant,,,GB,,,,,,,primary,1.0,2.943
SAMEA11127368,PRJEB49383,,,infant,,,GB,,,,,,,primary,1.0,4.536
SAMEA11127370,PRJEB49383,,,infant,,,GB,,,,,,,primary,1.0,4.374
SAMEA11127372,PRJEB49383,,,infant,,,GB,,,,,,,primary,1.0,0.282
SAMEA11127374,PRJEB49383,,,infant,,,GB,,,,,,,primary,1.0,0.024
SAMEA11127376,PRJEB49383,,,infant,,,GB,,,,,,,primary,1.0,0.521
SAMEA11127378,PRJEB49383,,,infant,,,GB,,,,,,,primary,1.0,6.498
SAMEA11127380,PRJEB49383,,,infant,,,GB,,,,,,,primary,1.0,3.724
SAMEA11127382,PRJEB49383,,,infant,,,GB,,,,,,,primary,1.0,5.808
SAMEA11127384,PRJEB49383,,,infant,,,GB,,,,,,,primary,1.0,6.4
SAMEA11127386,PRJEB49383,,,infant,,,GB,,,,,,,primary,1.0,3.975
SAMEA11127388,PRJEB49383,,,infant,,,GB,,,,,,,primary,1.0,4.285
SAMEA11127390,PRJEB49383,,,infant,,,GB,,,,,,,primary,1.0,0.57
SAMEA11127392,PRJEB49383,,,infant,,,GB,,,,,,,primary,1.0,6.993
SAMEA11127394,PRJEB49383,,,infant,,,GB,,,,,,,primary,1.0,2.998
SAMEA11127396,PRJEB49383,,,infant,,,GB,,,,,,,primary,1.0,1.373
SAMEA11127398,PRJEB49383,,,infant,,,GB,,,,,,,primary,1.0,0.873
SAMEA11127400,PRJEB49383,,,infant,,,GB,,,,,,,primary,1.0,4.713
SAMEA11127402,PRJEB49383,,,infant,,,GB,,,,,,,primary,1.0,5.454
SAMEA11127404,PRJEB49383,,,infant,,,GB,,,,,,,primary,1.0,3.514
SAMEA11127406,PRJEB49383,,,infant,,,GB,,,,,,,primary,1.0,6.784
SAMEA11127408,PRJEB49383,,,infant,,,GB,,,,,,,primary,1.0,4.527
SAMEA11127410,PRJEB49383,,,infant,,,GB,,,,,,,primary,1.0,6.491
SAMEA11127412,PRJEB49383,,,infant,,,GB,,,,,,,primary,1.0,4.228
SAMEA11127414,PRJEB49383,,,infant,,,GB,,,,,,,primary,1.0,3.795
SAMEA11127416,PRJEB49383,,,infant,,,GB,,,,,,,primary,1.0,5.362
SAMEA11127419,PRJEB49383,,,infant,,,GB,,,,,,,primary,1.0,5.957
SAMEA11127421,PRJEB49383,,,infant,,,GB,,,,,,,primary,1.0,7.885
SAMEA11127423,PRJEB49383,,,infant,,,GB,,,,,,,primary,1.0,0.878
SAMEA11127425,PRJEB49383,,,infant,,,GB,,,,,,,primary,1.0,7.058
SAMEA11127427,PRJEB49383,,,infant,,,GB,,,,,,,primary,1.0,2.565
SAMEA11127429,PRJEB49383,,,infant,,,GB,,,,,,,primary,1.0,3.244
SAMEA11127431,PRJEB49383,,,infant,,,GB,,,,,,,primary,1.0,1.773
SAMEA11127433,PRJEB49383,,,infant,,,GB,,,,,,,primary,1.0,0.485
SAMEA11127435,PRJEB49383,,,infant,,,GB,,,,,,,primary,1.0,2.447
SAMEA11127437,PRJEB49383,,,infant,,,GB,,,,,,,primary,1.0,4.88
SAMEA11127439,PRJEB49383,,,infant,,,GB,,,,,,,primary,1.0,1.635
SAMEA11127441,PRJEB49383,,,infant,,,GB,,,,,,,primary,1.0,1.376
SAMEA11127443,PRJEB49383,,,infant,,,GB,,,,,,,primary,1.0,0.962
SAMEA11127445,PRJEB49383,,,infant,,,GB,,,,,,,primary,1.0,1.28
SAMEA11127447,PRJEB49383,,,infant,,,GB,,,,,,,primary,1.0,4.302
SAMEA11127449,PRJEB49383,,,infant,,,GB,,,,,,,primary,1.0,4.591
SAMEA11127451,PRJEB49383,,,infant,,,GB,,,,,,,primary,1.0,1.592
SAMEA11127453,PRJEB49383,,,infant,,,GB,,,,,,,primary,1.0,3.876
SAMEA11127455,PRJEB49383,,,infant,,,GB,,,,,,,primary,1.0,0.014
SAMEA11127457,PRJEB49383,,,infant,,,GB,,,,,,,primary,1.0,0.013
SAMEA11127459,PRJEB49383,,,infant,,,GB,,,,,,,primary,1.0,1.53
SAMEA11127461,PRJEB49383,,,infant,,,GB,,,,,,,primary,1.0,17.934
SAMEA11127463,PRJEB49383,,,infant,,,GB,,,,,,,primary,1.0,26.622
SAMEA11127465,PRJEB49383,,,infant,,,GB,,,,,,,primary,1.0,14.887
SAMEA11127467,PRJEB49383,,,infant,,,GB,,,,,,,primary,1.0,9.773
SAMEA11127469,PRJEB49383,,,infant,,,GB,,,,,,,primary,1.0,2.138
SAMEA11127471,PRJEB49383,,,infant,,,GB,,,,,,,primary,1.0,0.234
SAMEA11127473,PRJEB49383,,,infant,,,GB,,,,,,,primary,1.0,1.966
SAMEA11127475,PRJEB49383,,,infant,,,GB,,,,,,,primary,1.0,4.518
SAMEA11127477,PRJEB49383,,,infant,,,GB,,,,,,,primary,1.0,0.167
SAMEA11127479,PRJEB49383,,,infant,,,GB,,,,,,,primary,1.0,3.196
SAMEA11127481,PRJEB49383,,,infant,,,GB,,,,,,,primary,1.0,14.072
SAMEA11127483,PRJEB49383,,,infant,,,GB,,,,,,,primary,1.0,1.192
SAMEA11127485,PRJEB49383,,,infant,,,GB,,,,,,,primary,1.0,0.133
SAMEA11127487,PRJEB49383,,,infant,,,GB,,,,,,,primary,1.0,0.807
SAMEA11127489,PRJEB49383,,,infant,,,GB,,,,,,,primary,1.0,0.792
SAMEA11127491,PRJEB49383,,,infant,,,GB,,,,,,,primary,1.0,0.479
SAMEA11127493,PRJEB49383,,,infant,,,GB,,,,,,,primary,1.0,0.998
SAMEA11127495,PRJEB49383,,,infant,,,GB,,,,,,,primary,1.0,2.278
SAMEA11127497,PRJEB49383,,,infant,,,GB,,,,,,,primary,1.0,0.436
SAMEA11127499,PRJEB49383,,,infant,,,GB,,,,,,,primary,1.0,0.851
SAMEA11127501,PRJEB49383,,,infant,,,GB,,,,,,,primary,1.0,1.165
SAMEA11127503,PRJEB49383,,,infant,,,GB,,,,,,,primary,1.0,4.937
SAMEA11127505,PRJEB49383,,,infant,,,GB,,,,,,,primary,1.0,0.771
SAMEA11127513,PRJEB49383,,,infant,,,GB,,,,,,,unknown,1.0,0.014
SAMEA11127515,PRJEB49383,,,infant,,,GB,,,,,,,unknown,1.0,0.013
SAMEA11127517,PRJEB49383,,,infant,,,GB,,,,,,,unknown,1.0,0.006
SAMEA11127519,PRJEB49383,,,infant,,,GB,,,,,,,unknown,1.0,8.154
SAMEA11127521,PRJEB49383,,,infant,,,GB,,,,,,,primary,1.0,1.164
SAMEA11127523,PRJEB49383,,,infant,,,GB,,,,,,,primary,1.0,3.405
SAMEA11127525,PRJEB49383,,,infant,,,GB,,,,,,,primary,1.0,2.922
SAMEA9973262,PRJEB49383,,,infant,,,GB,,,,,,,primary,1.0,1.723
SAMEA9973265,PRJEB49383,,,infant,,,GB,,,,,,,primary,1.0,3.318
