sample_key,study_accession,subject_id,timepoint_label,age_category,age_at_collection_days,sex,country,health_condition,health_condition_detail,intervention,intervention_detail,antibiotic_exposure,collection_date,body_site_class,n_runs,seq_gbp
SAMEA113534647,PRJEB51353,SAMEA113534647,,adult,,,SE,,,,,,2017,primary,1.0,8.476
SAMEA113534648,PRJEB51353,SAMEA113534648,,adult,,,SE,,,,,,2016,primary,1.0,6.541
SAMEA113534649,PRJEB51353,SAMEA113534649,,adult,,,SE,,,,,,2015,primary,1.0,6.128
SAMEA113534650,PRJEB51353,SAMEA113534650,,adult,,,SE,,,,,,2016,primary,1.0,8.195
SAMEA113534651,PRJEB51353,SAMEA113534651,,adult,,,SE,,,,,,2016,primary,1.0,10.446
SAMEA113534652,PRJEB51353,SAMEA113534652,,adult,,,SE,,,,,,2015,primary,1.0,6.616
SAMEA113534653,PRJEB51353,SAMEA113534653,,adult,,,SE,,,,,,2016,primary,1.0,6.526
SAMEA113534654,PRJEB51353,SAMEA113534654,,adult,,,SE,,,,,,2017,primary,1.0,8.836
SAMEA113534655,PRJEB51353,SAMEA113534655,,adult,,,SE,,,,,,2016,primary,1.0,6.269
SAMEA113534656,PRJEB51353,SAMEA113534656,,adult,,,SE,,,,,,2017,primary,1.0,7.116
SAMEA113534657,PRJEB51353,SAMEA113534657,,adult,,,SE,,,,,,2016,primary,1.0,6.328
SAMEA113534658,PRJEB51353,SAMEA113534658,,adult,,,SE,,,,,,2016,primary,1.0,7.773
SAMEA113534659,PRJEB51353,SAMEA113534659,,adult,,,SE,,,,,,2016,primary,1.0,8.033
SAMEA113534660,PRJEB51353,SAMEA113534660,,adult,,,SE,,,,,,2017,primary,1.0,7.738
SAMEA113534661,PRJEB51353,SAMEA113534661,,adult,,,SE,,,,,,2016,primary,1.0,11.176
SAMEA113534662,PRJEB51353,SAMEA113534662,,adult,,,SE,,,,,,2016,primary,1.0,6.314
SAMEA113534663,PRJEB51353,SAMEA113534663,,adult,,,SE,,,,,,2017,primary,1.0,7.378
SAMEA113534664,PRJEB51353,SAMEA113534664,,adult,,,SE,,,,,,2015,primary,1.0,6.168
SAMEA113534665,PRJEB51353,SAMEA113534665,,adult,,,SE,,,,,,2016,primary,1.0,10.177
SAMEA113534666,PRJEB51353,SAMEA113534666,,adult,,,SE,,,,,,2017,primary,1.0,6.147
SAMEA113534667,PRJEB51353,SAMEA113534667,,adult,,,SE,,,,,,2015,primary,1.0,8.276
SAMEA113534668,PRJEB51353,SAMEA113534668,,adult,,,SE,,,,,,2016,primary,1.0,7.161
SAMEA113534669,PRJEB51353,SAMEA113534669,,adult,,,SE,,,,,,2017,primary,1.0,6.394
SAMEA113534670,PRJEB51353,SAMEA113534670,,adult,,,SE,,,,,,2017,primary,1.0,6.82
SAMEA113534671,PRJEB51353,SAMEA113534671,,adult,,,SE,,,,,,2015,primary,1.0,7.993
SAMEA113534672,PRJEB51353,SAMEA113534672,,adult,,,SE,,,,,,2016,primary,1.0,8.514
SAMEA113534673,PRJEB51353,SAMEA113534673,,adult,,,SE,,,,,,2015,primary,1.0,6.893
SAMEA113534674,PRJEB51353,SAMEA113534674,,adult,,,SE,,,,,,2017,primary,1.0,6.425
SAMEA113534675,PRJEB51353,SAMEA113534675,,adult,,,SE,,,,,,2016,primary,1.0,6.664
SAMEA113534676,PRJEB51353,SAMEA113534676,,adult,,,SE,,,,,,2016,primary,1.0,7.838
SAMEA113534677,PRJEB51353,SAMEA113534677,,adult,,,SE,,,,,,2016,primary,1.0,8.446
SAMEA113534678,PRJEB51353,SAMEA113534678,,adult,,,SE,,,,,,2015,primary,1.0,8.78
SAMEA113534679,PRJEB51353,SAMEA113534679,,adult,,,SE,,,,,,2016,primary,1.0,10.449
SAMEA113534680,PRJEB51353,SAMEA113534680,,adult,,,SE,,,,,,2015,primary,1.0,7.729
SAMEA113534681,PRJEB51353,SAMEA113534681,,adult,,,SE,,,,,,2015,primary,1.0,6.277
SAMEA113534682,PRJEB51353,SAMEA113534682,,adult,,,SE,,,,,,2016,primary,1.0,8.732
SAMEA113534683,PRJEB51353,SAMEA113534683,,adult,,,SE,,,,,,2017,primary,1.0,6.648
SAMEA113534684,PRJEB51353,SAMEA113534684,,adult,,,SE,,,,,,2016,primary,1.0,7.819
SAMEA113534685,PRJEB51353,SAMEA113534685,,adult,,,SE,,,,,,2016,primary,1.0,7.535
SAMEA113534686,PRJEB51353,SAMEA113534686,,adult,,,SE,,,,,,2015,primary,1.0,6.162
SAMEA113534687,PRJEB51353,SAMEA113534687,,adult,,,SE,,,,,,2017,primary,1.0,7.167
SAMEA113534688,PRJEB51353,SAMEA113534688,,adult,,,SE,,,,,,2017,primary,1.0,6.927
SAMEA113534689,PRJEB51353,SAMEA113534689,,adult,,,SE,,,,,,2018,primary,1.0,11.382
SAMEA113534690,PRJEB51353,SAMEA113534690,,adult,,,SE,,,,,,2016,primary,1.0,6.194
SAMEA113534691,PRJEB51353,SAMEA113534691,,adult,,,SE,,,,,,2015,primary,1.0,8.418
SAMEA113534692,PRJEB51353,SAMEA113534692,,adult,,,SE,,,,,,2015,primary,1.0,7.582
SAMEA113534693,PRJEB51353,SAMEA113534693,,adult,,,SE,,,,,,2016,primary,1.0,7.933
SAMEA113534694,PRJEB51353,SAMEA113534694,,adult,,,SE,,,,,,2016,primary,1.0,7.086
SAMEA113534695,PRJEB51353,SAMEA113534695,,adult,,,SE,,,,,,2017,primary,1.0,6.772
SAMEA113534696,PRJEB51353,SAMEA113534696,,adult,,,SE,,,,,,2017,primary,1.0,6.813
SAMEA113534697,PRJEB51353,SAMEA113534697,,adult,,,SE,,,,,,2016,primary,1.0,6.332
SAMEA113534698,PRJEB51353,SAMEA113534698,,adult,,,SE,,,,,,2017,primary,1.0,6.031
SAMEA113534699,PRJEB51353,SAMEA113534699,,adult,,,SE,,,,,,2016,primary,1.0,7.627
SAMEA113534700,PRJEB51353,SAMEA113534700,,adult,,,SE,,,,,,2015,primary,1.0,8.197
SAMEA113534701,PRJEB51353,SAMEA113534701,,adult,,,SE,,,,,,2015,primary,1.0,6.862
SAMEA113534702,PRJEB51353,SAMEA113534702,,adult,,,SE,,,,,,2017,primary,1.0,9.569
SAMEA113534703,PRJEB51353,SAMEA113534703,,adult,,,SE,,,,,,2016,primary,1.0,11.979
SAMEA113534704,PRJEB51353,SAMEA113534704,,adult,,,SE,,,,,,2017,primary,1.0,6.45
SAMEA113534705,PRJEB51353,SAMEA113534705,,adult,,,SE,,,,,,2015,primary,1.0,8.472
SAMEA113534706,PRJEB51353,SAMEA113534706,,adult,,,SE,,,,,,2015,primary,1.0,7.086
SAMEA113534707,PRJEB51353,SAMEA113534707,,adult,,,SE,,,,,,2017,primary,1.0,8.508
SAMEA113534708,PRJEB51353,SAMEA113534708,,adult,,,SE,,,,,,2015,primary,1.0,7.344
SAMEA113534709,PRJEB51353,SAMEA113534709,,adult,,,SE,,,,,,2015,primary,1.0,7.67
SAMEA113534710,PRJEB51353,SAMEA113534710,,adult,,,SE,,,,,,2015,primary,1.0,6.457
SAMEA113534711,PRJEB51353,SAMEA113534711,,adult,,,SE,,,,,,2015,primary,1.0,6.031
SAMEA113534712,PRJEB51353,SAMEA113534712,,adult,,,SE,,,,,,2016,primary,1.0,6.91
SAMEA113534713,PRJEB51353,SAMEA113534713,,adult,,,SE,,,,,,2017,primary,1.0,7.228
SAMEA113534714,PRJEB51353,SAMEA113534714,,adult,,,SE,,,,,,2017,primary,1.0,8.008
SAMEA113534715,PRJEB51353,SAMEA113534715,,adult,,,SE,,,,,,2017,primary,1.0,8.326
SAMEA113534716,PRJEB51353,SAMEA113534716,,adult,,,SE,,,,,,2015,primary,1.0,8.745
SAMEA113534717,PRJEB51353,SAMEA113534717,,adult,,,SE,,,,,,2015,primary,1.0,7.753
SAMEA113534718,PRJEB51353,SAMEA113534718,,adult,,,SE,,,,,,2016,primary,1.0,8.349
SAMEA113534719,PRJEB51353,SAMEA113534719,,adult,,,SE,,,,,,2015,primary,1.0,12.357
SAMEA113534720,PRJEB51353,SAMEA113534720,,adult,,,SE,,,,,,2017,primary,1.0,6.87
SAMEA113534721,PRJEB51353,SAMEA113534721,,adult,,,SE,,,,,,2016,primary,1.0,7.214
SAMEA113534722,PRJEB51353,SAMEA113534722,,adult,,,SE,,,,,,2017,primary,1.0,6.868
SAMEA113534723,PRJEB51353,SAMEA113534723,,adult,,,SE,,,,,,2016,primary,1.0,7.397
SAMEA113534724,PRJEB51353,SAMEA113534724,,adult,,,SE,,,,,,2015,primary,1.0,6.288
SAMEA113534725,PRJEB51353,SAMEA113534725,,adult,,,SE,,,,,,2016,primary,1.0,8.984
SAMEA113534726,PRJEB51353,SAMEA113534726,,adult,,,SE,,,,,,2017,primary,1.0,9.633
SAMEA113534727,PRJEB51353,SAMEA113534727,,adult,,,SE,,,,,,2018,primary,1.0,6.812
SAMEA113534728,PRJEB51353,SAMEA113534728,,adult,,,SE,,,,,,2017,primary,1.0,7.292
SAMEA113534729,PRJEB51353,SAMEA113534729,,adult,,,SE,,,,,,2016,primary,1.0,7.549
SAMEA113534730,PRJEB51353,SAMEA113534730,,adult,,,SE,,,,,,2016,primary,1.0,7.592
SAMEA113534731,PRJEB51353,SAMEA113534731,,adult,,,SE,,,,,,2016,primary,1.0,7.747
SAMEA113534732,PRJEB51353,SAMEA113534732,,adult,,,SE,,,,,,2015,primary,1.0,6.559
SAMEA113534733,PRJEB51353,SAMEA113534733,,adult,,,SE,,,,,,2017,primary,1.0,7.761
SAMEA113534734,PRJEB51353,SAMEA113534734,,adult,,,SE,,,,,,2015,primary,1.0,9.696
SAMEA113534735,PRJEB51353,SAMEA113534735,,adult,,,SE,,,,,,2016,primary,1.0,6.816
SAMEA113534736,PRJEB51353,SAMEA113534736,,adult,,,SE,,,,,,2017,primary,1.0,11.513
SAMEA113534737,PRJEB51353,SAMEA113534737,,adult,,,SE,,,,,,2015,primary,1.0,7.696
SAMEA113534738,PRJEB51353,SAMEA113534738,,adult,,,SE,,,,,,2016,primary,1.0,6.637
SAMEA113534739,PRJEB51353,SAMEA113534739,,adult,,,SE,,,,,,2015,primary,1.0,7.798
SAMEA113534740,PRJEB51353,SAMEA113534740,,adult,,,SE,,,,,,2016,primary,1.0,7.016
SAMEA113534741,PRJEB51353,SAMEA113534741,,adult,,,SE,,,,,,2017,primary,1.0,10.425
SAMEA113534742,PRJEB51353,SAMEA113534742,,adult,,,SE,,,,,,2016,primary,1.0,6.565
SAMEA113534743,PRJEB51353,SAMEA113534743,,adult,,,SE,,,,,,2016,primary,1.0,7.811
SAMEA113534744,PRJEB51353,SAMEA113534744,,adult,,,SE,,,,,,2015,primary,1.0,8.286
SAMEA113534745,PRJEB51353,SAMEA113534745,,adult,,,SE,,,,,,2015,primary,1.0,6.814
SAMEA113534746,PRJEB51353,SAMEA113534746,,adult,,,SE,,,,,,2015,primary,1.0,6.775
SAMEA113534747,PRJEB51353,SAMEA113534747,,adult,,,SE,,,,,,2016,primary,1.0,7.853
SAMEA113534748,PRJEB51353,SAMEA113534748,,adult,,,SE,,,,,,2016,primary,1.0,6.883
SAMEA113534749,PRJEB51353,SAMEA113534749,,adult,,,SE,,,,,,2016,primary,1.0,9.506
SAMEA113534750,PRJEB51353,SAMEA113534750,,adult,,,SE,,,,,,2018,primary,1.0,11.121
SAMEA113534751,PRJEB51353,SAMEA113534751,,adult,,,SE,,,,,,2015,primary,1.0,6.48
SAMEA113534752,PRJEB51353,SAMEA113534752,,adult,,,SE,,,,,,2015,primary,1.0,9.69
SAMEA113534753,PRJEB51353,SAMEA113534753,,adult,,,SE,,,,,,2018,primary,1.0,7.261
SAMEA113534754,PRJEB51353,SAMEA113534754,,adult,,,SE,,,,,,2016,primary,1.0,6.939
SAMEA113534755,PRJEB51353,SAMEA113534755,,adult,,,SE,,,,,,2015,primary,1.0,8.031
SAMEA113534756,PRJEB51353,SAMEA113534756,,adult,,,SE,,,,,,2016,primary,1.0,8.193
SAMEA113534757,PRJEB51353,SAMEA113534757,,adult,,,SE,,,,,,2015,primary,1.0,7.2
SAMEA113534758,PRJEB51353,SAMEA113534758,,adult,,,SE,,,,,,2017,primary,1.0,8.439
SAMEA113534759,PRJEB51353,SAMEA113534759,,adult,,,SE,,,,,,2017,primary,1.0,7.551
SAMEA113534760,PRJEB51353,SAMEA113534760,,adult,,,SE,,,,,,2017,primary,1.0,8.039
SAMEA113534761,PRJEB51353,SAMEA113534761,,adult,,,SE,,,,,,2015,primary,1.0,6.604
SAMEA113534762,PRJEB51353,SAMEA113534762,,adult,,,SE,,,,,,2017,primary,1.0,6.821
SAMEA113534763,PRJEB51353,SAMEA113534763,,adult,,,SE,,,,,,2015,primary,1.0,5.973
SAMEA113534764,PRJEB51353,SAMEA113534764,,adult,,,SE,,,,,,2015,primary,1.0,7.867
SAMEA113534765,PRJEB51353,SAMEA113534765,,adult,,,SE,,,,,,2018,primary,1.0,7.776
SAMEA113534766,PRJEB51353,SAMEA113534766,,adult,,,SE,,,,,,2015,primary,1.0,7.317
SAMEA113534767,PRJEB51353,SAMEA113534767,,adult,,,SE,,,,,,2016,primary,1.0,8.911
SAMEA113534768,PRJEB51353,SAMEA113534768,,adult,,,SE,,,,,,2018,primary,1.0,6.821
SAMEA113534769,PRJEB51353,SAMEA113534769,,adult,,,SE,,,,,,2016,primary,1.0,8.14
SAMEA113534770,PRJEB51353,SAMEA113534770,,adult,,,SE,,,,,,2017,primary,1.0,8.446
SAMEA113534771,PRJEB51353,SAMEA113534771,,adult,,,SE,,,,,,2015,primary,1.0,7.487
SAMEA113534772,PRJEB51353,SAMEA113534772,,adult,,,SE,,,,,,2016,primary,1.0,6.587
SAMEA113534773,PRJEB51353,SAMEA113534773,,adult,,,SE,,,,,,2015,primary,1.0,7.226
SAMEA113534774,PRJEB51353,SAMEA113534774,,adult,,,SE,,,,,,2016,primary,1.0,6.816
SAMEA113534775,PRJEB51353,SAMEA113534775,,adult,,,SE,,,,,,2016,primary,1.0,8.108
SAMEA113534776,PRJEB51353,SAMEA113534776,,adult,,,SE,,,,,,2017,primary,1.0,7.2
SAMEA113534777,PRJEB51353,SAMEA113534777,,adult,,,SE,,,,,,2016,primary,1.0,9.331
SAMEA113534778,PRJEB51353,SAMEA113534778,,adult,,,SE,,,,,,2015,primary,1.0,6.928
SAMEA113534779,PRJEB51353,SAMEA113534779,,adult,,,SE,,,,,,2015,primary,1.0,6.743
SAMEA113534780,PRJEB51353,SAMEA113534780,,adult,,,SE,,,,,,2016,primary,1.0,10.831
SAMEA113534781,PRJEB51353,SAMEA113534781,,adult,,,SE,,,,,,2015,primary,1.0,5.954
SAMEA113534782,PRJEB51353,SAMEA113534782,,adult,,,SE,,,,,,2016,primary,1.0,6.982
SAMEA113534783,PRJEB51353,SAMEA113534783,,adult,,,SE,,,,,,2015,primary,1.0,15.063
SAMEA113534784,PRJEB51353,SAMEA113534784,,adult,,,SE,,,,,,2015,primary,1.0,6.841
SAMEA113534785,PRJEB51353,SAMEA113534785,,adult,,,SE,,,,,,2015,primary,1.0,7.732
SAMEA113534786,PRJEB51353,SAMEA113534786,,adult,,,SE,,,,,,2017,primary,1.0,8.266
SAMEA113534787,PRJEB51353,SAMEA113534787,,adult,,,SE,,,,,,2015,primary,1.0,8.212
SAMEA113534788,PRJEB51353,SAMEA113534788,,adult,,,SE,,,,,,2015,primary,1.0,7.088
SAMEA113534789,PRJEB51353,SAMEA113534789,,adult,,,SE,,,,,,2017,primary,1.0,9.23
SAMEA113534790,PRJEB51353,SAMEA113534790,,adult,,,SE,,,,,,2017,primary,1.0,8.646
SAMEA113534791,PRJEB51353,SAMEA113534791,,adult,,,SE,,,,,,2016,primary,1.0,7.336
SAMEA113534792,PRJEB51353,SAMEA113534792,,adult,,,SE,,,,,,2016,primary,1.0,6.795
SAMEA113534793,PRJEB51353,SAMEA113534793,,adult,,,SE,,,,,,2015,primary,1.0,7.744
SAMEA113534794,PRJEB51353,SAMEA113534794,,adult,,,SE,,,,,,2015,primary,1.0,6.646
SAMEA113534795,PRJEB51353,SAMEA113534795,,adult,,,SE,,,,,,2015,primary,1.0,8.316
SAMEA113534796,PRJEB51353,SAMEA113534796,,adult,,,SE,,,,,,2016,primary,1.0,8.721
SAMEA113534797,PRJEB51353,SAMEA113534797,,adult,,,SE,,,,,,2016,primary,1.0,7.191
SAMEA113534798,PRJEB51353,SAMEA113534798,,adult,,,SE,,,,,,2015,primary,1.0,7.099
SAMEA113534799,PRJEB51353,SAMEA113534799,,adult,,,SE,,,,,,2016,primary,1.0,6.822
SAMEA113534800,PRJEB51353,SAMEA113534800,,adult,,,SE,,,,,,2017,primary,1.0,6.939
SAMEA113534801,PRJEB51353,SAMEA113534801,,adult,,,SE,,,,,,2016,primary,1.0,9.75
SAMEA113534802,PRJEB51353,SAMEA113534802,,adult,,,SE,,,,,,2017,primary,1.0,8.575
SAMEA113534803,PRJEB51353,SAMEA113534803,,adult,,,SE,,,,,,2017,primary,1.0,7.965
SAMEA113534804,PRJEB51353,SAMEA113534804,,adult,,,SE,,,,,,2018,primary,1.0,7.793
SAMEA113534805,PRJEB51353,SAMEA113534805,,adult,,,SE,,,,,,2017,primary,1.0,9.743
SAMEA113534806,PRJEB51353,SAMEA113534806,,adult,,,SE,,,,,,2017,primary,1.0,8.037
SAMEA113534807,PRJEB51353,SAMEA113534807,,adult,,,SE,,,,,,2015,primary,1.0,9.952
SAMEA113534808,PRJEB51353,SAMEA113534808,,adult,,,SE,,,,,,2016,primary,1.0,7.7
SAMEA113534809,PRJEB51353,SAMEA113534809,,adult,,,SE,,,,,,2017,primary,1.0,7.788
SAMEA113534810,PRJEB51353,SAMEA113534810,,adult,,,SE,,,,,,2015,primary,1.0,8.682
SAMEA113534811,PRJEB51353,SAMEA113534811,,adult,,,SE,,,,,,2017,primary,1.0,8.272
SAMEA113534812,PRJEB51353,SAMEA113534812,,adult,,,SE,,,,,,2015,primary,1.0,6.252
SAMEA113534813,PRJEB51353,SAMEA113534813,,adult,,,SE,,,,,,2015,primary,1.0,7.509
SAMEA113534814,PRJEB51353,SAMEA113534814,,adult,,,SE,,,,,,2016,primary,1.0,8.096
SAMEA113534815,PRJEB51353,SAMEA113534815,,adult,,,SE,,,,,,2017,primary,1.0,6.389
SAMEA113534816,PRJEB51353,SAMEA113534816,,adult,,,SE,,,,,,2016,primary,1.0,8.281
SAMEA113534817,PRJEB51353,SAMEA113534817,,adult,,,SE,,,,,,2018,primary,1.0,8.034
SAMEA113534818,PRJEB51353,SAMEA113534818,,adult,,,SE,,,,,,2016,primary,1.0,10.037
SAMEA113534819,PRJEB51353,SAMEA113534819,,adult,,,SE,,,,,,2017,primary,1.0,6.897
SAMEA113534820,PRJEB51353,SAMEA113534820,,adult,,,SE,,,,,,2016,primary,1.0,6.268
SAMEA113534821,PRJEB51353,SAMEA113534821,,adult,,,SE,,,,,,2018,primary,1.0,10.485
SAMEA113534822,PRJEB51353,SAMEA113534822,,adult,,,SE,,,,,,2017,primary,1.0,16.365
SAMEA113534823,PRJEB51353,SAMEA113534823,,adult,,,SE,,,,,,2018,primary,1.0,6.947
SAMEA113534824,PRJEB51353,SAMEA113534824,,adult,,,SE,,,,,,2017,primary,1.0,6.231
SAMEA113534825,PRJEB51353,SAMEA113534825,,adult,,,SE,,,,,,2017,primary,1.0,8.307
SAMEA113534826,PRJEB51353,SAMEA113534826,,adult,,,SE,,,,,,2015,primary,1.0,8.774
SAMEA113534827,PRJEB51353,SAMEA113534827,,adult,,,SE,,,,,,2017,primary,1.0,6.356
SAMEA113534828,PRJEB51353,SAMEA113534828,,adult,,,SE,,,,,,2016,primary,1.0,6.71
SAMEA113534829,PRJEB51353,SAMEA113534829,,adult,,,SE,,,,,,2018,primary,1.0,7.295
SAMEA113534830,PRJEB51353,SAMEA113534830,,adult,,,SE,,,,,,2015,primary,1.0,9.183
SAMEA113534831,PRJEB51353,SAMEA113534831,,adult,,,SE,,,,,,2017,primary,1.0,7.439
SAMEA113534832,PRJEB51353,SAMEA113534832,,adult,,,SE,,,,,,2017,primary,1.0,8.472
SAMEA113534833,PRJEB51353,SAMEA113534833,,adult,,,SE,,,,,,2017,primary,1.0,9.006
SAMEA113534834,PRJEB51353,SAMEA113534834,,adult,,,SE,,,,,,2015,primary,1.0,6.849
SAMEA113534835,PRJEB51353,SAMEA113534835,,adult,,,SE,,,,,,2018,primary,1.0,8.534
SAMEA113534836,PRJEB51353,SAMEA113534836,,adult,,,SE,,,,,,2016,primary,1.0,7.02
SAMEA113534837,PRJEB51353,SAMEA113534837,,adult,,,SE,,,,,,2016,primary,1.0,7.671
SAMEA113534838,PRJEB51353,SAMEA113534838,,adult,,,SE,,,,,,2016,primary,1.0,9.309
SAMEA113534839,PRJEB51353,SAMEA113534839,,adult,,,SE,,,,,,2016,primary,1.0,6.379
SAMEA113534840,PRJEB51353,SAMEA113534840,,adult,,,SE,,,,,,2017,primary,1.0,11.77
SAMEA113534841,PRJEB51353,SAMEA113534841,,adult,,,SE,,,,,,2017,primary,1.0,9.715
SAMEA113534842,PRJEB51353,SAMEA113534842,,adult,,,SE,,,,,,2017,primary,1.0,7.922
SAMEA113534843,PRJEB51353,SAMEA113534843,,adult,,,SE,,,,,,2017,primary,1.0,10.216
SAMEA113534844,PRJEB51353,SAMEA113534844,,adult,,,SE,,,,,,2016,primary,1.0,7.079
SAMEA113534845,PRJEB51353,SAMEA113534845,,adult,,,SE,,,,,,2015,primary,1.0,9.066
SAMEA113534846,PRJEB51353,SAMEA113534846,,adult,,,SE,,,,,,2016,primary,1.0,7.286
SAMEA113534847,PRJEB51353,SAMEA113534847,,adult,,,SE,,,,,,2015,primary,1.0,8.641
SAMEA113534848,PRJEB51353,SAMEA113534848,,adult,,,SE,,,,,,2015,primary,1.0,7.026
SAMEA113534849,PRJEB51353,SAMEA113534849,,adult,,,SE,,,,,,2015,primary,1.0,6.612
SAMEA113534850,PRJEB51353,SAMEA113534850,,adult,,,SE,,,,,,2017,primary,1.0,8.022
SAMEA113534851,PRJEB51353,SAMEA113534851,,adult,,,SE,,,,,,2015,primary,1.0,7.755
SAMEA113534852,PRJEB51353,SAMEA113534852,,adult,,,SE,,,,,,2018,primary,1.0,7.104
SAMEA113534853,PRJEB51353,SAMEA113534853,,adult,,,SE,,,,,,2017,primary,1.0,7.627
SAMEA113534854,PRJEB51353,SAMEA113534854,,adult,,,SE,,,,,,2016,primary,1.0,6.502
SAMEA113534855,PRJEB51353,SAMEA113534855,,adult,,,SE,,,,,,2016,primary,1.0,6.529
SAMEA113534856,PRJEB51353,SAMEA113534856,,adult,,,SE,,,,,,2018,primary,1.0,8.213
SAMEA113534857,PRJEB51353,SAMEA113534857,,adult,,,SE,,,,,,2017,primary,1.0,6.683
SAMEA113534858,PRJEB51353,SAMEA113534858,,adult,,,SE,,,,,,2015,primary,1.0,6.701
SAMEA113534859,PRJEB51353,SAMEA113534859,,adult,,,SE,,,,,,2016,primary,1.0,9.377
SAMEA113534860,PRJEB51353,SAMEA113534860,,adult,,,SE,,,,,,2015,primary,1.0,7.09
SAMEA113534861,PRJEB51353,SAMEA113534861,,adult,,,SE,,,,,,2016,primary,1.0,6.884
SAMEA113534862,PRJEB51353,SAMEA113534862,,adult,,,SE,,,,,,2017,primary,1.0,6.922
SAMEA113534863,PRJEB51353,SAMEA113534863,,adult,,,SE,,,,,,2016,primary,1.0,7.517
SAMEA113534864,PRJEB51353,SAMEA113534864,,adult,,,SE,,,,,,2016,primary,1.0,7.283
SAMEA113534865,PRJEB51353,SAMEA113534865,,adult,,,SE,,,,,,2017,primary,1.0,10.14
SAMEA113534866,PRJEB51353,SAMEA113534866,,adult,,,SE,,,,,,2015,primary,1.0,6.22
SAMEA113534867,PRJEB51353,SAMEA113534867,,adult,,,SE,,,,,,2016,primary,1.0,6.262
SAMEA113534868,PRJEB51353,SAMEA113534868,,adult,,,SE,,,,,,2016,primary,1.0,7.455
SAMEA113534869,PRJEB51353,SAMEA113534869,,adult,,,SE,,,,,,2015,primary,1.0,6.472
SAMEA113534870,PRJEB51353,SAMEA113534870,,adult,,,SE,,,,,,2015,primary,1.0,5.913
SAMEA113534871,PRJEB51353,SAMEA113534871,,adult,,,SE,,,,,,2015,primary,1.0,7.636
SAMEA113534872,PRJEB51353,SAMEA113534872,,adult,,,SE,,,,,,2015,primary,1.0,8.928
SAMEA113534873,PRJEB51353,SAMEA113534873,,adult,,,SE,,,,,,2016,primary,1.0,8.751
SAMEA113534874,PRJEB51353,SAMEA113534874,,adult,,,SE,,,,,,2017,primary,1.0,6.419
SAMEA113534875,PRJEB51353,SAMEA113534875,,adult,,,SE,,,,,,2015,primary,1.0,7.751
SAMEA113534876,PRJEB51353,SAMEA113534876,,adult,,,SE,,,,,,2015,primary,1.0,7.601
SAMEA113534877,PRJEB51353,SAMEA113534877,,adult,,,SE,,,,,,2015,primary,1.0,13.249
SAMEA113534878,PRJEB51353,SAMEA113534878,,adult,,,SE,,,,,,2016,primary,1.0,6.801
SAMEA113534879,PRJEB51353,SAMEA113534879,,adult,,,SE,,,,,,2017,primary,1.0,7.247
SAMEA113534880,PRJEB51353,SAMEA113534880,,adult,,,SE,,,,,,2015,primary,1.0,8.099
SAMEA113534881,PRJEB51353,SAMEA113534881,,adult,,,SE,,,,,,2017,primary,1.0,10.818
SAMEA113534882,PRJEB51353,SAMEA113534882,,adult,,,SE,,,,,,2015,primary,1.0,8.032
SAMEA113534883,PRJEB51353,SAMEA113534883,,adult,,,SE,,,,,,2016,primary,1.0,7.95
SAMEA113534884,PRJEB51353,SAMEA113534884,,adult,,,SE,,,,,,2015,primary,1.0,8.404
SAMEA113534885,PRJEB51353,SAMEA113534885,,adult,,,SE,,,,,,2015,primary,1.0,7.578
SAMEA113534886,PRJEB51353,SAMEA113534886,,adult,,,SE,,,,,,2015,primary,1.0,7.919
SAMEA113534887,PRJEB51353,SAMEA113534887,,adult,,,SE,,,,,,2017,primary,1.0,6.479
SAMEA113534888,PRJEB51353,SAMEA113534888,,adult,,,SE,,,,,,2016,primary,1.0,8.341
SAMEA113534889,PRJEB51353,SAMEA113534889,,adult,,,SE,,,,,,2016,primary,1.0,8.55
SAMEA113534890,PRJEB51353,SAMEA113534890,,adult,,,SE,,,,,,2018,primary,1.0,6.217
SAMEA113534891,PRJEB51353,SAMEA113534891,,adult,,,SE,,,,,,2015,primary,1.0,6.616
SAMEA113534892,PRJEB51353,SAMEA113534892,,adult,,,SE,,,,,,2017,primary,1.0,7.133
SAMEA113534893,PRJEB51353,SAMEA113534893,,adult,,,SE,,,,,,2017,primary,1.0,8.374
SAMEA113534894,PRJEB51353,SAMEA113534894,,adult,,,SE,,,,,,2016,primary,1.0,15.066
SAMEA113534895,PRJEB51353,SAMEA113534895,,adult,,,SE,,,,,,2017,primary,1.0,6.297
SAMEA113534896,PRJEB51353,SAMEA113534896,,adult,,,SE,,,,,,2015,primary,1.0,9.17
SAMEA113534897,PRJEB51353,SAMEA113534897,,adult,,,SE,,,,,,2017,primary,1.0,8.746
SAMEA113534898,PRJEB51353,SAMEA113534898,,adult,,,SE,,,,,,2015,primary,1.0,11.465
SAMEA113534899,PRJEB51353,SAMEA113534899,,adult,,,SE,,,,,,2016,primary,1.0,7.928
SAMEA113534900,PRJEB51353,SAMEA113534900,,adult,,,SE,,,,,,2015,primary,1.0,7.854
SAMEA113534901,PRJEB51353,SAMEA113534901,,adult,,,SE,,,,,,2015,primary,1.0,9.524
SAMEA113534902,PRJEB51353,SAMEA113534902,,adult,,,SE,,,,,,2017,primary,1.0,6.968
SAMEA113534903,PRJEB51353,SAMEA113534903,,adult,,,SE,,,,,,2016,primary,1.0,7.466
SAMEA113534904,PRJEB51353,SAMEA113534904,,adult,,,SE,,,,,,2015,primary,1.0,8.153
SAMEA113534905,PRJEB51353,SAMEA113534905,,adult,,,SE,,,,,,2017,primary,1.0,5.786
SAMEA113534906,PRJEB51353,SAMEA113534906,,adult,,,SE,,,,,,2015,primary,1.0,6.895
SAMEA113534907,PRJEB51353,SAMEA113534907,,adult,,,SE,,,,,,2015,primary,1.0,6.606
SAMEA113534908,PRJEB51353,SAMEA113534908,,adult,,,SE,,,,,,2017,primary,1.0,7.502
SAMEA113534909,PRJEB51353,SAMEA113534909,,adult,,,SE,,,,,,2018,primary,1.0,10.124
SAMEA113534910,PRJEB51353,SAMEA113534910,,adult,,,SE,,,,,,2016,primary,1.0,6.584
SAMEA113534911,PRJEB51353,SAMEA113534911,,adult,,,SE,,,,,,2015,primary,1.0,7.24
SAMEA113534912,PRJEB51353,SAMEA113534912,,adult,,,SE,,,,,,2016,primary,1.0,7.484
SAMEA113534913,PRJEB51353,SAMEA113534913,,adult,,,SE,,,,,,2015,primary,1.0,10.115
SAMEA113534914,PRJEB51353,SAMEA113534914,,adult,,,SE,,,,,,2015,primary,1.0,9.125
SAMEA113534915,PRJEB51353,SAMEA113534915,,adult,,,SE,,,,,,2015,primary,1.0,8.619
SAMEA113534916,PRJEB51353,SAMEA113534916,,adult,,,SE,,,,,,2016,primary,1.0,7.453
SAMEA113534917,PRJEB51353,SAMEA113534917,,adult,,,SE,,,,,,2017,primary,1.0,7.526
SAMEA113534918,PRJEB51353,SAMEA113534918,,adult,,,SE,,,,,,2017,primary,1.0,7.243
SAMEA113534919,PRJEB51353,SAMEA113534919,,adult,,,SE,,,,,,2016,primary,1.0,6.529
SAMEA113534920,PRJEB51353,SAMEA113534920,,adult,,,SE,,,,,,2015,primary,1.0,6.023
SAMEA113534921,PRJEB51353,SAMEA113534921,,adult,,,SE,,,,,,2016,primary,1.0,6.697
SAMEA113534922,PRJEB51353,SAMEA113534922,,adult,,,SE,,,,,,2016,primary,1.0,8.376
SAMEA113534923,PRJEB51353,SAMEA113534923,,adult,,,SE,,,,,,2016,primary,1.0,8.541
SAMEA113534924,PRJEB51353,SAMEA113534924,,adult,,,SE,,,,,,2017,primary,1.0,9.285
SAMEA113534925,PRJEB51353,SAMEA113534925,,adult,,,SE,,,,,,2017,primary,1.0,6.512
SAMEA113534926,PRJEB51353,SAMEA113534926,,adult,,,SE,,,,,,2015,primary,1.0,9.599
SAMEA113534927,PRJEB51353,SAMEA113534927,,adult,,,SE,,,,,,2015,primary,1.0,7.522
SAMEA113534928,PRJEB51353,SAMEA113534928,,adult,,,SE,,,,,,2016,primary,1.0,8.481
SAMEA113534929,PRJEB51353,SAMEA113534929,,adult,,,SE,,,,,,2018,primary,1.0,7.523
SAMEA113534930,PRJEB51353,SAMEA113534930,,adult,,,SE,,,,,,2016,primary,1.0,8.042
SAMEA113534931,PRJEB51353,SAMEA113534931,,adult,,,SE,,,,,,2018,primary,1.0,7.539
SAMEA113534932,PRJEB51353,SAMEA113534932,,adult,,,SE,,,,,,2016,primary,1.0,9.728
SAMEA113534933,PRJEB51353,SAMEA113534933,,adult,,,SE,,,,,,2016,primary,1.0,7.625
SAMEA113534934,PRJEB51353,SAMEA113534934,,adult,,,SE,,,,,,2015,primary,1.0,7.627
SAMEA113534935,PRJEB51353,SAMEA113534935,,adult,,,SE,,,,,,2016,primary,1.0,8.839
SAMEA113534936,PRJEB51353,SAMEA113534936,,adult,,,SE,,,,,,2017,primary,1.0,7.32
SAMEA113534937,PRJEB51353,SAMEA113534937,,adult,,,SE,,,,,,2015,primary,1.0,6.254
SAMEA113534938,PRJEB51353,SAMEA113534938,,adult,,,SE,,,,,,2016,primary,1.0,7.299
SAMEA113534939,PRJEB51353,SAMEA113534939,,adult,,,SE,,,,,,2017,primary,1.0,6.269
SAMEA113534940,PRJEB51353,SAMEA113534940,,adult,,,SE,,,,,,2017,primary,1.0,7.339
SAMEA113534941,PRJEB51353,SAMEA113534941,,adult,,,SE,,,,,,2017,primary,1.0,7.2
SAMEA113534942,PRJEB51353,SAMEA113534942,,adult,,,SE,,,,,,2017,primary,1.0,8.153
SAMEA113534943,PRJEB51353,SAMEA113534943,,adult,,,SE,,,,,,2018,primary,1.0,8.134
SAMEA113534944,PRJEB51353,SAMEA113534944,,adult,,,SE,,,,,,2017,primary,1.0,6.206
SAMEA113534945,PRJEB51353,SAMEA113534945,,adult,,,SE,,,,,,2017,primary,1.0,7.284
SAMEA113534946,PRJEB51353,SAMEA113534946,,adult,,,SE,,,,,,2016,primary,1.0,6.975
SAMEA113534947,PRJEB51353,SAMEA113534947,,adult,,,SE,,,,,,2016,primary,1.0,8.459
SAMEA113534948,PRJEB51353,SAMEA113534948,,adult,,,SE,,,,,,2017,primary,1.0,6.405
SAMEA113534949,PRJEB51353,SAMEA113534949,,adult,,,SE,,,,,,2015,primary,1.0,7.196
SAMEA113534950,PRJEB51353,SAMEA113534950,,adult,,,SE,,,,,,2016,primary,1.0,6.837
SAMEA113534951,PRJEB51353,SAMEA113534951,,adult,,,SE,,,,,,2017,primary,1.0,6.752
SAMEA113534952,PRJEB51353,SAMEA113534952,,adult,,,SE,,,,,,2017,primary,1.0,9.236
SAMEA113534953,PRJEB51353,SAMEA113534953,,adult,,,SE,,,,,,2015,primary,1.0,6.984
SAMEA113534954,PRJEB51353,SAMEA113534954,,adult,,,SE,,,,,,2017,primary,1.0,7.096
SAMEA113534955,PRJEB51353,SAMEA113534955,,adult,,,SE,,,,,,2017,primary,1.0,8.729
SAMEA113534956,PRJEB51353,SAMEA113534956,,adult,,,SE,,,,,,2017,primary,1.0,6.77
SAMEA113534957,PRJEB51353,SAMEA113534957,,adult,,,SE,,,,,,2015,primary,1.0,9.985
SAMEA113534958,PRJEB51353,SAMEA113534958,,adult,,,SE,,,,,,2016,primary,1.0,7.73
SAMEA113534959,PRJEB51353,SAMEA113534959,,adult,,,SE,,,,,,2018,primary,1.0,8.01
SAMEA113534960,PRJEB51353,SAMEA113534960,,adult,,,SE,,,,,,2015,primary,1.0,8.035
SAMEA113534961,PRJEB51353,SAMEA113534961,,adult,,,SE,,,,,,2015,primary,1.0,10.56
SAMEA113534962,PRJEB51353,SAMEA113534962,,adult,,,SE,,,,,,2016,primary,1.0,6.642
SAMEA113534963,PRJEB51353,SAMEA113534963,,adult,,,SE,,,,,,2017,primary,1.0,7.256
SAMEA113534964,PRJEB51353,SAMEA113534964,,adult,,,SE,,,,,,2016,primary,1.0,7.856
SAMEA113534965,PRJEB51353,SAMEA113534965,,adult,,,SE,,,,,,2017,primary,1.0,6.013
SAMEA113534966,PRJEB51353,SAMEA113534966,,adult,,,SE,,,,,,2017,primary,1.0,9.027
SAMEA113534967,PRJEB51353,SAMEA113534967,,adult,,,SE,,,,,,2017,primary,1.0,6.019
SAMEA113534968,PRJEB51353,SAMEA113534968,,adult,,,SE,,,,,,2016,primary,1.0,8.621
SAMEA113534969,PRJEB51353,SAMEA113534969,,adult,,,SE,,,,,,2017,primary,1.0,7.811
SAMEA113534970,PRJEB51353,SAMEA113534970,,adult,,,SE,,,,,,2017,primary,1.0,7.7
SAMEA113534971,PRJEB51353,SAMEA113534971,,adult,,,SE,,,,,,2017,primary,1.0,6.487
SAMEA113534972,PRJEB51353,SAMEA113534972,,adult,,,SE,,,,,,2016,primary,1.0,6.076
SAMEA113534973,PRJEB51353,SAMEA113534973,,adult,,,SE,,,,,,2017,primary,1.0,6.456
SAMEA113534974,PRJEB51353,SAMEA113534974,,adult,,,SE,,,,,,2016,primary,1.0,6.551
SAMEA113534975,PRJEB51353,SAMEA113534975,,adult,,,SE,,,,,,2017,primary,1.0,7.236
SAMEA113534976,PRJEB51353,SAMEA113534976,,adult,,,SE,,,,,,2016,primary,1.0,7.308
SAMEA113534977,PRJEB51353,SAMEA113534977,,adult,,,SE,,,,,,2015,primary,1.0,8.239
SAMEA113534978,PRJEB51353,SAMEA113534978,,adult,,,SE,,,,,,2016,primary,1.0,7.983
SAMEA113534979,PRJEB51353,SAMEA113534979,,adult,,,SE,,,,,,2015,primary,1.0,8.495
SAMEA113534980,PRJEB51353,SAMEA113534980,,adult,,,SE,,,,,,2017,primary,1.0,7.388
SAMEA113534981,PRJEB51353,SAMEA113534981,,adult,,,SE,,,,,,2017,primary,1.0,8.107
SAMEA113534982,PRJEB51353,SAMEA113534982,,adult,,,SE,,,,,,2015,primary,1.0,9.044
SAMEA113534983,PRJEB51353,SAMEA113534983,,adult,,,SE,,,,,,2016,primary,1.0,6.824
SAMEA113534984,PRJEB51353,SAMEA113534984,,adult,,,SE,,,,,,2017,primary,1.0,6.66
SAMEA113534985,PRJEB51353,SAMEA113534985,,adult,,,SE,,,,,,2018,primary,1.0,8.201
SAMEA113534986,PRJEB51353,SAMEA113534986,,adult,,,SE,,,,,,2017,primary,1.0,8.332
SAMEA113534987,PRJEB51353,SAMEA113534987,,adult,,,SE,,,,,,2016,primary,1.0,7.997
SAMEA113534988,PRJEB51353,SAMEA113534988,,adult,,,SE,,,,,,2017,primary,1.0,7.652
SAMEA113534989,PRJEB51353,SAMEA113534989,,adult,,,SE,,,,,,2016,primary,1.0,6.856
SAMEA113534990,PRJEB51353,SAMEA113534990,,adult,,,SE,,,,,,2017,primary,1.0,8.705
SAMEA113534991,PRJEB51353,SAMEA113534991,,adult,,,SE,,,,,,2016,primary,1.0,6.376
SAMEA113534992,PRJEB51353,SAMEA113534992,,adult,,,SE,,,,,,2015,primary,1.0,7.441
SAMEA113534993,PRJEB51353,SAMEA113534993,,adult,,,SE,,,,,,2017,primary,1.0,8.007
SAMEA113534994,PRJEB51353,SAMEA113534994,,adult,,,SE,,,,,,2017,primary,1.0,7.053
SAMEA113534995,PRJEB51353,SAMEA113534995,,adult,,,SE,,,,,,2017,primary,1.0,11.473
SAMEA113534996,PRJEB51353,SAMEA113534996,,adult,,,SE,,,,,,2016,primary,1.0,7.207
SAMEA113534997,PRJEB51353,SAMEA113534997,,adult,,,SE,,,,,,2016,primary,1.0,6.549
SAMEA113534998,PRJEB51353,SAMEA113534998,,adult,,,SE,,,,,,2016,primary,1.0,8.193
SAMEA113534999,PRJEB51353,SAMEA113534999,,adult,,,SE,,,,,,2015,primary,1.0,7.748
SAMEA113535000,PRJEB51353,SAMEA113535000,,adult,,,SE,,,,,,2017,primary,1.0,6.308
SAMEA113535001,PRJEB51353,SAMEA113535001,,adult,,,SE,,,,,,2017,primary,1.0,6.469
SAMEA113535002,PRJEB51353,SAMEA113535002,,adult,,,SE,,,,,,2015,primary,1.0,9.432
SAMEA113535003,PRJEB51353,SAMEA113535003,,adult,,,SE,,,,,,2015,primary,1.0,6.714
SAMEA113535004,PRJEB51353,SAMEA113535004,,adult,,,SE,,,,,,2015,primary,1.0,9.245
SAMEA113535005,PRJEB51353,SAMEA113535005,,adult,,,SE,,,,,,2016,primary,1.0,7.785
SAMEA113535006,PRJEB51353,SAMEA113535006,,adult,,,SE,,,,,,2016,primary,1.0,9.357
SAMEA113535007,PRJEB51353,SAMEA113535007,,adult,,,SE,,,,,,2016,primary,1.0,10.513
SAMEA113535008,PRJEB51353,SAMEA113535008,,adult,,,SE,,,,,,2017,primary,1.0,6.408
SAMEA113535009,PRJEB51353,SAMEA113535009,,adult,,,SE,,,,,,2017,primary,1.0,6.342
SAMEA113535010,PRJEB51353,SAMEA113535010,,adult,,,SE,,,,,,2017,primary,1.0,9.967
SAMEA113535011,PRJEB51353,SAMEA113535011,,adult,,,SE,,,,,,2016,primary,1.0,6.723
SAMEA113535012,PRJEB51353,SAMEA113535012,,adult,,,SE,,,,,,2016,primary,1.0,6.95
SAMEA113535013,PRJEB51353,SAMEA113535013,,adult,,,SE,,,,,,2017,primary,1.0,6.498
SAMEA113535014,PRJEB51353,SAMEA113535014,,adult,,,SE,,,,,,2015,primary,1.0,7.584
SAMEA113535015,PRJEB51353,SAMEA113535015,,adult,,,SE,,,,,,2018,primary,1.0,6.965
SAMEA113535016,PRJEB51353,SAMEA113535016,,adult,,,SE,,,,,,2016,primary,1.0,6.693
SAMEA113535017,PRJEB51353,SAMEA113535017,,adult,,,SE,,,,,,2017,primary,1.0,8.316
SAMEA113535018,PRJEB51353,SAMEA113535018,,adult,,,SE,,,,,,2016,primary,1.0,7.399
SAMEA113535019,PRJEB51353,SAMEA113535019,,adult,,,SE,,,,,,2016,primary,1.0,6.506
SAMEA113535020,PRJEB51353,SAMEA113535020,,adult,,,SE,,,,,,2017,primary,1.0,8.834
SAMEA113535021,PRJEB51353,SAMEA113535021,,adult,,,SE,,,,,,2017,primary,1.0,7.421
SAMEA113535022,PRJEB51353,SAMEA113535022,,adult,,,SE,,,,,,2016,primary,1.0,9.201
SAMEA113535023,PRJEB51353,SAMEA113535023,,adult,,,SE,,,,,,2017,primary,1.0,8.613
SAMEA113535024,PRJEB51353,SAMEA113535024,,adult,,,SE,,,,,,2016,primary,1.0,9.392
SAMEA113535025,PRJEB51353,SAMEA113535025,,adult,,,SE,,,,,,2015,primary,1.0,6.862
SAMEA113535026,PRJEB51353,SAMEA113535026,,adult,,,SE,,,,,,2016,primary,1.0,7.822
SAMEA113535027,PRJEB51353,SAMEA113535027,,adult,,,SE,,,,,,2015,primary,1.0,7.655
SAMEA113535028,PRJEB51353,SAMEA113535028,,adult,,,SE,,,,,,2016,primary,1.0,12.996
SAMEA113535029,PRJEB51353,SAMEA113535029,,adult,,,SE,,,,,,2018,primary,1.0,8.238
SAMEA113535030,PRJEB51353,SAMEA113535030,,adult,,,SE,,,,,,2017,primary,1.0,9.027
SAMEA113535031,PRJEB51353,SAMEA113535031,,adult,,,SE,,,,,,2015,primary,1.0,7.392
SAMEA113535032,PRJEB51353,SAMEA113535032,,adult,,,SE,,,,,,2017,primary,1.0,8.425
SAMEA113535033,PRJEB51353,SAMEA113535033,,adult,,,SE,,,,,,2016,primary,1.0,8.258
SAMEA113535034,PRJEB51353,SAMEA113535034,,adult,,,SE,,,,,,2016,primary,1.0,7.717
SAMEA113535035,PRJEB51353,SAMEA113535035,,adult,,,SE,,,,,,2017,primary,1.0,8.927
SAMEA113535036,PRJEB51353,SAMEA113535036,,adult,,,SE,,,,,,2016,primary,1.0,7.182
SAMEA113535037,PRJEB51353,SAMEA113535037,,adult,,,SE,,,,,,2015,primary,1.0,9.026
SAMEA113535038,PRJEB51353,SAMEA113535038,,adult,,,SE,,,,,,2017,primary,1.0,8.689
SAMEA113535039,PRJEB51353,SAMEA113535039,,adult,,,SE,,,,,,2017,primary,1.0,6.986
SAMEA113535040,PRJEB51353,SAMEA113535040,,adult,,,SE,,,,,,2016,primary,1.0,6.499
SAMEA113535041,PRJEB51353,SAMEA113535041,,adult,,,SE,,,,,,2015,primary,1.0,6.387
SAMEA113535042,PRJEB51353,SAMEA113535042,,adult,,,SE,,,,,,2015,primary,1.0,6.511
SAMEA113535043,PRJEB51353,SAMEA113535043,,adult,,,SE,,,,,,2015,primary,1.0,7.18
SAMEA113535044,PRJEB51353,SAMEA113535044,,adult,,,SE,,,,,,2016,primary,1.0,7.733
SAMEA113535045,PRJEB51353,SAMEA113535045,,adult,,,SE,,,,,,2015,primary,1.0,8.959
SAMEA113535046,PRJEB51353,SAMEA113535046,,adult,,,SE,,,,,,2016,primary,1.0,10.439
SAMEA113535047,PRJEB51353,SAMEA113535047,,adult,,,SE,,,,,,2017,primary,1.0,8.008
SAMEA113535048,PRJEB51353,SAMEA113535048,,adult,,,SE,,,,,,2015,primary,1.0,10.372
SAMEA113535049,PRJEB51353,SAMEA113535049,,adult,,,SE,,,,,,2017,primary,1.0,8.741
SAMEA113535050,PRJEB51353,SAMEA113535050,,adult,,,SE,,,,,,2015,primary,1.0,7.955
SAMEA113535051,PRJEB51353,SAMEA113535051,,adult,,,SE,,,,,,2015,primary,1.0,6.68
SAMEA113535052,PRJEB51353,SAMEA113535052,,adult,,,SE,,,,,,2015,primary,1.0,7.279
SAMEA113535053,PRJEB51353,SAMEA113535053,,adult,,,SE,,,,,,2015,primary,1.0,9.481
SAMEA113535054,PRJEB51353,SAMEA113535054,,adult,,,SE,,,,,,2015,primary,1.0,7.905
SAMEA113535055,PRJEB51353,SAMEA113535055,,adult,,,SE,,,,,,2015,primary,1.0,7.279
SAMEA113535056,PRJEB51353,SAMEA113535056,,adult,,,SE,,,,,,2017,primary,1.0,15.976
SAMEA113535057,PRJEB51353,SAMEA113535057,,adult,,,SE,,,,,,2017,primary,1.0,6.565
SAMEA113535058,PRJEB51353,SAMEA113535058,,adult,,,SE,,,,,,2016,primary,1.0,6.989
SAMEA113535059,PRJEB51353,SAMEA113535059,,adult,,,SE,,,,,,2016,primary,1.0,7.076
SAMEA113535060,PRJEB51353,SAMEA113535060,,adult,,,SE,,,,,,2016,primary,1.0,6.784
SAMEA113535061,PRJEB51353,SAMEA113535061,,adult,,,SE,,,,,,2017,primary,1.0,7.413
SAMEA113535062,PRJEB51353,SAMEA113535062,,adult,,,SE,,,,,,2018,primary,1.0,6.218
SAMEA113535063,PRJEB51353,SAMEA113535063,,adult,,,SE,,,,,,2016,primary,1.0,6.739
SAMEA113535064,PRJEB51353,SAMEA113535064,,adult,,,SE,,,,,,2016,primary,1.0,9.897
SAMEA113535065,PRJEB51353,SAMEA113535065,,adult,,,SE,,,,,,2016,primary,1.0,6.695
SAMEA113535066,PRJEB51353,SAMEA113535066,,adult,,,SE,,,,,,2016,primary,1.0,10.51
SAMEA113535067,PRJEB51353,SAMEA113535067,,adult,,,SE,,,,,,2016,primary,1.0,7.876
SAMEA113535068,PRJEB51353,SAMEA113535068,,adult,,,SE,,,,,,2017,primary,1.0,7.653
SAMEA113535069,PRJEB51353,SAMEA113535069,,adult,,,SE,,,,,,2015,primary,1.0,7.797
SAMEA113535070,PRJEB51353,SAMEA113535070,,adult,,,SE,,,,,,2017,primary,1.0,6.186
SAMEA113535071,PRJEB51353,SAMEA113535071,,adult,,,SE,,,,,,2016,primary,1.0,7.778
SAMEA113535072,PRJEB51353,SAMEA113535072,,adult,,,SE,,,,,,2015,primary,1.0,6.618
SAMEA113535073,PRJEB51353,SAMEA113535073,,adult,,,SE,,,,,,2015,primary,1.0,8.37
SAMEA113535074,PRJEB51353,SAMEA113535074,,adult,,,SE,,,,,,2017,primary,1.0,7.596
SAMEA113535075,PRJEB51353,SAMEA113535075,,adult,,,SE,,,,,,2016,primary,1.0,7.638
SAMEA113535076,PRJEB51353,SAMEA113535076,,adult,,,SE,,,,,,2015,primary,1.0,8.011
SAMEA113535077,PRJEB51353,SAMEA113535077,,adult,,,SE,,,,,,2015,primary,1.0,7.512
SAMEA113535078,PRJEB51353,SAMEA113535078,,adult,,,SE,,,,,,2015,primary,1.0,8.633
SAMEA113535079,PRJEB51353,SAMEA113535079,,adult,,,SE,,,,,,2015,primary,1.0,8.0
SAMEA113535080,PRJEB51353,SAMEA113535080,,adult,,,SE,,,,,,2016,primary,1.0,7.952
SAMEA113535081,PRJEB51353,SAMEA113535081,,adult,,,SE,,,,,,2016,primary,1.0,5.973
SAMEA113535082,PRJEB51353,SAMEA113535082,,adult,,,SE,,,,,,2017,primary,1.0,6.273
SAMEA113535083,PRJEB51353,SAMEA113535083,,adult,,,SE,,,,,,2017,primary,1.0,9.338
SAMEA113535084,PRJEB51353,SAMEA113535084,,adult,,,SE,,,,,,2015,primary,1.0,6.061
SAMEA113535085,PRJEB51353,SAMEA113535085,,adult,,,SE,,,,,,2016,primary,1.0,6.595
SAMEA113535086,PRJEB51353,SAMEA113535086,,adult,,,SE,,,,,,2015,primary,1.0,8.539
SAMEA113535087,PRJEB51353,SAMEA113535087,,adult,,,SE,,,,,,2015,primary,1.0,12.129
SAMEA113535088,PRJEB51353,SAMEA113535088,,adult,,,SE,,,,,,2015,primary,1.0,8.655
SAMEA113535089,PRJEB51353,SAMEA113535089,,adult,,,SE,,,,,,2016,primary,1.0,8.486
SAMEA113535090,PRJEB51353,SAMEA113535090,,adult,,,SE,,,,,,2016,primary,1.0,6.668
SAMEA113535091,PRJEB51353,SAMEA113535091,,adult,,,SE,,,,,,2016,primary,1.0,6.039
SAMEA113535092,PRJEB51353,SAMEA113535092,,adult,,,SE,,,,,,2018,primary,1.0,7.333
SAMEA113535093,PRJEB51353,SAMEA113535093,,adult,,,SE,,,,,,2015,primary,1.0,7.418
SAMEA113535094,PRJEB51353,SAMEA113535094,,adult,,,SE,,,,,,2015,primary,1.0,16.908
SAMEA113535095,PRJEB51353,SAMEA113535095,,adult,,,SE,,,,,,2015,primary,1.0,6.274
SAMEA113535096,PRJEB51353,SAMEA113535096,,adult,,,SE,,,,,,2016,primary,1.0,6.793
SAMEA113535097,PRJEB51353,SAMEA113535097,,adult,,,SE,,,,,,2017,primary,1.0,7.864
SAMEA113535098,PRJEB51353,SAMEA113535098,,adult,,,SE,,,,,,2016,primary,1.0,8.855
SAMEA113535099,PRJEB51353,SAMEA113535099,,adult,,,SE,,,,,,2016,primary,1.0,7.273
SAMEA113535100,PRJEB51353,SAMEA113535100,,adult,,,SE,,,,,,2015,primary,1.0,6.471
SAMEA113535101,PRJEB51353,SAMEA113535101,,adult,,,SE,,,,,,2016,primary,1.0,9.205
SAMEA113535102,PRJEB51353,SAMEA113535102,,adult,,,SE,,,,,,2017,primary,1.0,8.674
SAMEA113535103,PRJEB51353,SAMEA113535103,,adult,,,SE,,,,,,2017,primary,1.0,8.489
SAMEA113535104,PRJEB51353,SAMEA113535104,,adult,,,SE,,,,,,2017,primary,1.0,8.542
SAMEA113535105,PRJEB51353,SAMEA113535105,,adult,,,SE,,,,,,2015,primary,1.0,7.238
SAMEA113535106,PRJEB51353,SAMEA113535106,,adult,,,SE,,,,,,2015,primary,1.0,8.746
SAMEA113535107,PRJEB51353,SAMEA113535107,,adult,,,SE,,,,,,2018,primary,1.0,7.814
SAMEA113535108,PRJEB51353,SAMEA113535108,,adult,,,SE,,,,,,2017,primary,1.0,6.772
SAMEA113535109,PRJEB51353,SAMEA113535109,,adult,,,SE,,,,,,2015,primary,1.0,11.176
SAMEA113535110,PRJEB51353,SAMEA113535110,,adult,,,SE,,,,,,2015,primary,1.0,8.682
SAMEA113535111,PRJEB51353,SAMEA113535111,,adult,,,SE,,,,,,2016,primary,1.0,6.056
SAMEA113535112,PRJEB51353,SAMEA113535112,,adult,,,SE,,,,,,2016,primary,1.0,12.463
SAMEA113535113,PRJEB51353,SAMEA113535113,,adult,,,SE,,,,,,2015,primary,1.0,7.201
SAMEA113535114,PRJEB51353,SAMEA113535114,,adult,,,SE,,,,,,2017,primary,1.0,7.735
SAMEA113535115,PRJEB51353,SAMEA113535115,,adult,,,SE,,,,,,2016,primary,1.0,11.802
SAMEA113535116,PRJEB51353,SAMEA113535116,,adult,,,SE,,,,,,2017,primary,1.0,7.238
SAMEA113535117,PRJEB51353,SAMEA113535117,,adult,,,SE,,,,,,2016,primary,1.0,9.282
SAMEA113535118,PRJEB51353,SAMEA113535118,,adult,,,SE,,,,,,2016,primary,1.0,6.194
SAMEA113535119,PRJEB51353,SAMEA113535119,,adult,,,SE,,,,,,2017,primary,1.0,11.014
SAMEA113535120,PRJEB51353,SAMEA113535120,,adult,,,SE,,,,,,2017,primary,1.0,6.609
SAMEA113535121,PRJEB51353,SAMEA113535121,,adult,,,SE,,,,,,2015,primary,1.0,6.58
SAMEA113535122,PRJEB51353,SAMEA113535122,,adult,,,SE,,,,,,2015,primary,1.0,8.706
SAMEA113535123,PRJEB51353,SAMEA113535123,,adult,,,SE,,,,,,2017,primary,1.0,9.667
SAMEA113535124,PRJEB51353,SAMEA113535124,,adult,,,SE,,,,,,2017,primary,1.0,7.692
SAMEA113535125,PRJEB51353,SAMEA113535125,,adult,,,SE,,,,,,2016,primary,1.0,6.105
SAMEA113535126,PRJEB51353,SAMEA113535126,,adult,,,SE,,,,,,2017,primary,1.0,7.937
SAMEA113535127,PRJEB51353,SAMEA113535127,,adult,,,SE,,,,,,2017,primary,1.0,9.071
SAMEA113535128,PRJEB51353,SAMEA113535128,,adult,,,SE,,,,,,2018,primary,1.0,10.577
SAMEA113535129,PRJEB51353,SAMEA113535129,,adult,,,SE,,,,,,2016,primary,1.0,6.47
SAMEA113535130,PRJEB51353,SAMEA113535130,,adult,,,SE,,,,,,2016,primary,1.0,9.148
SAMEA113535131,PRJEB51353,SAMEA113535131,,adult,,,SE,,,,,,2016,primary,1.0,7.931
SAMEA113535132,PRJEB51353,SAMEA113535132,,adult,,,SE,,,,,,2015,primary,1.0,8.868
SAMEA113535133,PRJEB51353,SAMEA113535133,,adult,,,SE,,,,,,2018,primary,1.0,7.509
SAMEA113535134,PRJEB51353,SAMEA113535134,,adult,,,SE,,,,,,2017,primary,1.0,8.361
SAMEA113535135,PRJEB51353,SAMEA113535135,,adult,,,SE,,,,,,2017,primary,1.0,7.609
SAMEA113535136,PRJEB51353,SAMEA113535136,,adult,,,SE,,,,,,2017,primary,1.0,10.32
SAMEA113535137,PRJEB51353,SAMEA113535137,,adult,,,SE,,,,,,2016,primary,1.0,6.471
SAMEA113535138,PRJEB51353,SAMEA113535138,,adult,,,SE,,,,,,2015,primary,1.0,9.129
SAMEA113535139,PRJEB51353,SAMEA113535139,,adult,,,SE,,,,,,2017,primary,1.0,6.406
SAMEA113535140,PRJEB51353,SAMEA113535140,,adult,,,SE,,,,,,2015,primary,1.0,7.956
SAMEA113535141,PRJEB51353,SAMEA113535141,,adult,,,SE,,,,,,2016,primary,1.0,7.763
SAMEA113535142,PRJEB51353,SAMEA113535142,,adult,,,SE,,,,,,2017,primary,1.0,7.37
SAMEA113535143,PRJEB51353,SAMEA113535143,,adult,,,SE,,,,,,2017,primary,1.0,7.613
SAMEA113535144,PRJEB51353,SAMEA113535144,,adult,,,SE,,,,,,2017,primary,1.0,7.693
SAMEA113535145,PRJEB51353,SAMEA113535145,,adult,,,SE,,,,,,2017,primary,1.0,8.188
SAMEA113535146,PRJEB51353,SAMEA113535146,,adult,,,SE,,,,,,2016,primary,1.0,7.114
SAMEA113535147,PRJEB51353,SAMEA113535147,,adult,,,SE,,,,,,2016,primary,1.0,6.365
SAMEA113535148,PRJEB51353,SAMEA113535148,,adult,,,SE,,,,,,2015,primary,1.0,7.484
SAMEA113535149,PRJEB51353,SAMEA113535149,,adult,,,SE,,,,,,2017,primary,1.0,6.733
SAMEA113535150,PRJEB51353,SAMEA113535150,,adult,,,SE,,,,,,2016,primary,1.0,8.421
SAMEA113535151,PRJEB51353,SAMEA113535151,,adult,,,SE,,,,,,2015,primary,1.0,9.08
SAMEA113535152,PRJEB51353,SAMEA113535152,,adult,,,SE,,,,,,2016,primary,1.0,7.499
SAMEA113535153,PRJEB51353,SAMEA113535153,,adult,,,SE,,,,,,2015,primary,1.0,7.968
SAMEA113535154,PRJEB51353,SAMEA113535154,,adult,,,SE,,,,,,2015,primary,1.0,7.122
SAMEA113535155,PRJEB51353,SAMEA113535155,,adult,,,SE,,,,,,2016,primary,1.0,8.5
SAMEA113535156,PRJEB51353,SAMEA113535156,,adult,,,SE,,,,,,2017,primary,1.0,7.389
SAMEA113535157,PRJEB51353,SAMEA113535157,,adult,,,SE,,,,,,2015,primary,1.0,6.547
SAMEA113535158,PRJEB51353,SAMEA113535158,,adult,,,SE,,,,,,2015,primary,1.0,7.297
SAMEA113535159,PRJEB51353,SAMEA113535159,,adult,,,SE,,,,,,2015,primary,1.0,7.967
SAMEA113535160,PRJEB51353,SAMEA113535160,,adult,,,SE,,,,,,2016,primary,1.0,7.13
SAMEA113535161,PRJEB51353,SAMEA113535161,,adult,,,SE,,,,,,2015,primary,1.0,11.745
SAMEA113535162,PRJEB51353,SAMEA113535162,,adult,,,SE,,,,,,2015,primary,1.0,8.335
SAMEA113535163,PRJEB51353,SAMEA113535163,,adult,,,SE,,,,,,2017,primary,1.0,6.517
SAMEA113535164,PRJEB51353,SAMEA113535164,,adult,,,SE,,,,,,2016,primary,1.0,6.648
SAMEA113535165,PRJEB51353,SAMEA113535165,,adult,,,SE,,,,,,2017,primary,1.0,6.305
SAMEA113535166,PRJEB51353,SAMEA113535166,,adult,,,SE,,,,,,2016,primary,1.0,10.144
SAMEA113535167,PRJEB51353,SAMEA113535167,,adult,,,SE,,,,,,2017,primary,1.0,8.338
SAMEA113535168,PRJEB51353,SAMEA113535168,,adult,,,SE,,,,,,2017,primary,1.0,8.501
SAMEA113535169,PRJEB51353,SAMEA113535169,,adult,,,SE,,,,,,2016,primary,1.0,8.778
SAMEA113535170,PRJEB51353,SAMEA113535170,,adult,,,SE,,,,,,2017,primary,1.0,10.032
SAMEA113535171,PRJEB51353,SAMEA113535171,,adult,,,SE,,,,,,2018,primary,1.0,7.774
SAMEA113535172,PRJEB51353,SAMEA113535172,,adult,,,SE,,,,,,2017,primary,1.0,6.38
SAMEA113535173,PRJEB51353,SAMEA113535173,,adult,,,SE,,,,,,2015,primary,1.0,9.269
SAMEA113535174,PRJEB51353,SAMEA113535174,,adult,,,SE,,,,,,2016,primary,1.0,7.181
SAMEA113535175,PRJEB51353,SAMEA113535175,,adult,,,SE,,,,,,2015,primary,1.0,8.2
SAMEA113535176,PRJEB51353,SAMEA113535176,,adult,,,SE,,,,,,2015,primary,1.0,7.476
SAMEA113535177,PRJEB51353,SAMEA113535177,,adult,,,SE,,,,,,2017,primary,1.0,11.58
SAMEA113535178,PRJEB51353,SAMEA113535178,,adult,,,SE,,,,,,2016,primary,1.0,6.821
SAMEA113535179,PRJEB51353,SAMEA113535179,,adult,,,SE,,,,,,2015,primary,1.0,8.797
SAMEA113535180,PRJEB51353,SAMEA113535180,,adult,,,SE,,,,,,2016,primary,1.0,7.921
SAMEA113535181,PRJEB51353,SAMEA113535181,,adult,,,SE,,,,,,2017,primary,1.0,10.58
SAMEA113535182,PRJEB51353,SAMEA113535182,,adult,,,SE,,,,,,2017,primary,1.0,7.991
SAMEA113535183,PRJEB51353,SAMEA113535183,,adult,,,SE,,,,,,2015,primary,1.0,6.883
SAMEA113535184,PRJEB51353,SAMEA113535184,,adult,,,SE,,,,,,2016,primary,1.0,6.686
SAMEA113535185,PRJEB51353,SAMEA113535185,,adult,,,SE,,,,,,2016,primary,1.0,6.797
SAMEA113535186,PRJEB51353,SAMEA113535186,,adult,,,SE,,,,,,2017,primary,1.0,9.05
SAMEA113535187,PRJEB51353,SAMEA113535187,,adult,,,SE,,,,,,2015,primary,1.0,9.043
SAMEA113535188,PRJEB51353,SAMEA113535188,,adult,,,SE,,,,,,2017,primary,1.0,6.511
SAMEA113535189,PRJEB51353,SAMEA113535189,,adult,,,SE,,,,,,2016,primary,1.0,7.292
SAMEA113535190,PRJEB51353,SAMEA113535190,,adult,,,SE,,,,,,2017,primary,1.0,9.396
SAMEA113535191,PRJEB51353,SAMEA113535191,,adult,,,SE,,,,,,2017,primary,1.0,7.934
SAMEA113535192,PRJEB51353,SAMEA113535192,,adult,,,SE,,,,,,2015,primary,1.0,8.052
SAMEA113535193,PRJEB51353,SAMEA113535193,,adult,,,SE,,,,,,2016,primary,1.0,8.025
SAMEA113535194,PRJEB51353,SAMEA113535194,,adult,,,SE,,,,,,2016,primary,1.0,6.964
SAMEA113535195,PRJEB51353,SAMEA113535195,,adult,,,SE,,,,,,2015,primary,1.0,6.123
SAMEA113535196,PRJEB51353,SAMEA113535196,,adult,,,SE,,,,,,2015,primary,1.0,7.954
SAMEA113535197,PRJEB51353,SAMEA113535197,,adult,,,SE,,,,,,2017,primary,1.0,9.611
SAMEA113535198,PRJEB51353,SAMEA113535198,,adult,,,SE,,,,,,2015,primary,1.0,8.283
SAMEA113535199,PRJEB51353,SAMEA113535199,,adult,,,SE,,,,,,2018,primary,1.0,8.759
SAMEA113535200,PRJEB51353,SAMEA113535200,,adult,,,SE,,,,,,2015,primary,1.0,7.672
SAMEA113535201,PRJEB51353,SAMEA113535201,,adult,,,SE,,,,,,2015,primary,1.0,8.666
SAMEA113535202,PRJEB51353,SAMEA113535202,,adult,,,SE,,,,,,2017,primary,1.0,7.756
SAMEA113535203,PRJEB51353,SAMEA113535203,,adult,,,SE,,,,,,2016,primary,1.0,9.973
SAMEA113535204,PRJEB51353,SAMEA113535204,,adult,,,SE,,,,,,2018,primary,1.0,7.323
SAMEA113535205,PRJEB51353,SAMEA113535205,,adult,,,SE,,,,,,2015,primary,1.0,7.217
SAMEA113535206,PRJEB51353,SAMEA113535206,,adult,,,SE,,,,,,2017,primary,1.0,7.617
SAMEA113535207,PRJEB51353,SAMEA113535207,,adult,,,SE,,,,,,2016,primary,1.0,11.233
SAMEA113535208,PRJEB51353,SAMEA113535208,,adult,,,SE,,,,,,2016,primary,1.0,8.424
SAMEA113535209,PRJEB51353,SAMEA113535209,,adult,,,SE,,,,,,2017,primary,1.0,6.087
SAMEA113535210,PRJEB51353,SAMEA113535210,,adult,,,SE,,,,,,2017,primary,1.0,7.354
SAMEA113535211,PRJEB51353,SAMEA113535211,,adult,,,SE,,,,,,2017,primary,1.0,6.556
SAMEA113535212,PRJEB51353,SAMEA113535212,,adult,,,SE,,,,,,2015,primary,1.0,8.288
SAMEA113535213,PRJEB51353,SAMEA113535213,,adult,,,SE,,,,,,2017,primary,1.0,9.559
SAMEA113535214,PRJEB51353,SAMEA113535214,,adult,,,SE,,,,,,2016,primary,1.0,11.578
SAMEA113535215,PRJEB51353,SAMEA113535215,,adult,,,SE,,,,,,2015,primary,1.0,8.966
SAMEA113535216,PRJEB51353,SAMEA113535216,,adult,,,SE,,,,,,2016,primary,1.0,6.647
SAMEA113535217,PRJEB51353,SAMEA113535217,,adult,,,SE,,,,,,2016,primary,1.0,6.999
SAMEA113535218,PRJEB51353,SAMEA113535218,,adult,,,SE,,,,,,2015,primary,1.0,8.545
SAMEA113535219,PRJEB51353,SAMEA113535219,,adult,,,SE,,,,,,2018,primary,1.0,6.167
SAMEA113535220,PRJEB51353,SAMEA113535220,,adult,,,SE,,,,,,2017,primary,1.0,6.993
SAMEA113535221,PRJEB51353,SAMEA113535221,,adult,,,SE,,,,,,2017,primary,1.0,6.251
SAMEA113535222,PRJEB51353,SAMEA113535222,,adult,,,SE,,,,,,2017,primary,1.0,7.797
SAMEA113535223,PRJEB51353,SAMEA113535223,,adult,,,SE,,,,,,2015,primary,1.0,8.058
SAMEA113535224,PRJEB51353,SAMEA113535224,,adult,,,SE,,,,,,2017,primary,1.0,8.106
SAMEA113535225,PRJEB51353,SAMEA113535225,,adult,,,SE,,,,,,2017,primary,1.0,6.515
SAMEA113535226,PRJEB51353,SAMEA113535226,,adult,,,SE,,,,,,2015,primary,1.0,9.778
SAMEA113535227,PRJEB51353,SAMEA113535227,,adult,,,SE,,,,,,2015,primary,1.0,9.404
SAMEA113535228,PRJEB51353,SAMEA113535228,,adult,,,SE,,,,,,2016,primary,1.0,7.136
SAMEA113535229,PRJEB51353,SAMEA113535229,,adult,,,SE,,,,,,2018,primary,1.0,7.643
SAMEA113535230,PRJEB51353,SAMEA113535230,,adult,,,SE,,,,,,2015,primary,1.0,8.802
SAMEA113535231,PRJEB51353,SAMEA113535231,,adult,,,SE,,,,,,2017,primary,1.0,7.124
SAMEA113535232,PRJEB51353,SAMEA113535232,,adult,,,SE,,,,,,2016,primary,1.0,6.515
SAMEA113535233,PRJEB51353,SAMEA113535233,,adult,,,SE,,,,,,2015,primary,1.0,6.321
SAMEA113535234,PRJEB51353,SAMEA113535234,,adult,,,SE,,,,,,2017,primary,1.0,7.92
SAMEA113535235,PRJEB51353,SAMEA113535235,,adult,,,SE,,,,,,2015,primary,1.0,7.744
SAMEA113535236,PRJEB51353,SAMEA113535236,,adult,,,SE,,,,,,2016,primary,1.0,8.147
SAMEA113535237,PRJEB51353,SAMEA113535237,,adult,,,SE,,,,,,2015,primary,1.0,10.118
SAMEA113535238,PRJEB51353,SAMEA113535238,,adult,,,SE,,,,,,2015,primary,1.0,7.721
SAMEA113535239,PRJEB51353,SAMEA113535239,,adult,,,SE,,,,,,2016,primary,1.0,8.259
SAMEA113535240,PRJEB51353,SAMEA113535240,,adult,,,SE,,,,,,2017,primary,1.0,7.726
SAMEA113535241,PRJEB51353,SAMEA113535241,,adult,,,SE,,,,,,2015,primary,1.0,6.698
SAMEA113535242,PRJEB51353,SAMEA113535242,,adult,,,SE,,,,,,2017,primary,1.0,7.481
SAMEA113535243,PRJEB51353,SAMEA113535243,,adult,,,SE,,,,,,2017,primary,1.0,8.034
SAMEA113535244,PRJEB51353,SAMEA113535244,,adult,,,SE,,,,,,2015,primary,1.0,7.902
SAMEA113535245,PRJEB51353,SAMEA113535245,,adult,,,SE,,,,,,2016,primary,1.0,6.972
SAMEA113535246,PRJEB51353,SAMEA113535246,,adult,,,SE,,,,,,2016,primary,1.0,6.819
SAMEA113535247,PRJEB51353,SAMEA113535247,,adult,,,SE,,,,,,2015,primary,1.0,10.124
SAMEA113535248,PRJEB51353,SAMEA113535248,,adult,,,SE,,,,,,2016,primary,1.0,8.559
SAMEA113535249,PRJEB51353,SAMEA113535249,,adult,,,SE,,,,,,2015,primary,1.0,9.305
SAMEA113535250,PRJEB51353,SAMEA113535250,,adult,,,SE,,,,,,2016,primary,1.0,6.764
SAMEA113535251,PRJEB51353,SAMEA113535251,,adult,,,SE,,,,,,2016,primary,1.0,7.15
SAMEA113535252,PRJEB51353,SAMEA113535252,,adult,,,SE,,,,,,2017,primary,1.0,8.799
SAMEA113535253,PRJEB51353,SAMEA113535253,,adult,,,SE,,,,,,2015,primary,1.0,7.844
SAMEA113535254,PRJEB51353,SAMEA113535254,,adult,,,SE,,,,,,2016,primary,1.0,8.69
SAMEA113535255,PRJEB51353,SAMEA113535255,,adult,,,SE,,,,,,2016,primary,1.0,7.904
SAMEA113535256,PRJEB51353,SAMEA113535256,,adult,,,SE,,,,,,2016,primary,1.0,10.682
SAMEA113535257,PRJEB51353,SAMEA113535257,,adult,,,SE,,,,,,2016,primary,1.0,8.114
SAMEA113535258,PRJEB51353,SAMEA113535258,,adult,,,SE,,,,,,2017,primary,1.0,7.928
SAMEA113535259,PRJEB51353,SAMEA113535259,,adult,,,SE,,,,,,2017,primary,1.0,7.284
SAMEA113535260,PRJEB51353,SAMEA113535260,,adult,,,SE,,,,,,2016,primary,1.0,7.03
SAMEA113535261,PRJEB51353,SAMEA113535261,,adult,,,SE,,,,,,2016,primary,1.0,7.419
SAMEA113535262,PRJEB51353,SAMEA113535262,,adult,,,SE,,,,,,2015,primary,1.0,8.449
SAMEA113535263,PRJEB51353,SAMEA113535263,,adult,,,SE,,,,,,2016,primary,1.0,8.376
SAMEA113535264,PRJEB51353,SAMEA113535264,,adult,,,SE,,,,,,2015,primary,1.0,9.186
SAMEA113535265,PRJEB51353,SAMEA113535265,,adult,,,SE,,,,,,2015,primary,1.0,7.657
SAMEA113535266,PRJEB51353,SAMEA113535266,,adult,,,SE,,,,,,2017,primary,1.0,9.958
SAMEA113535267,PRJEB51353,SAMEA113535267,,adult,,,SE,,,,,,2016,primary,1.0,9.629
SAMEA113535268,PRJEB51353,SAMEA113535268,,adult,,,SE,,,,,,2015,primary,1.0,7.59
SAMEA113535269,PRJEB51353,SAMEA113535269,,adult,,,SE,,,,,,2017,primary,1.0,6.356
SAMEA113535270,PRJEB51353,SAMEA113535270,,adult,,,SE,,,,,,2015,primary,1.0,8.601
SAMEA113535271,PRJEB51353,SAMEA113535271,,adult,,,SE,,,,,,2015,primary,1.0,7.196
SAMEA113535272,PRJEB51353,SAMEA113535272,,adult,,,SE,,,,,,2015,primary,1.0,9.34
SAMEA113535273,PRJEB51353,SAMEA113535273,,adult,,,SE,,,,,,2017,primary,1.0,6.551
SAMEA113535274,PRJEB51353,SAMEA113535274,,adult,,,SE,,,,,,2015,primary,1.0,8.975
SAMEA113535275,PRJEB51353,SAMEA113535275,,adult,,,SE,,,,,,2017,primary,1.0,6.704
SAMEA113535276,PRJEB51353,SAMEA113535276,,adult,,,SE,,,,,,2016,primary,1.0,9.38
SAMEA113535277,PRJEB51353,SAMEA113535277,,adult,,,SE,,,,,,2017,primary,1.0,9.386
SAMEA113535278,PRJEB51353,SAMEA113535278,,adult,,,SE,,,,,,2017,primary,1.0,8.938
SAMEA113535279,PRJEB51353,SAMEA113535279,,adult,,,SE,,,,,,2015,primary,1.0,7.844
SAMEA113535280,PRJEB51353,SAMEA113535280,,adult,,,SE,,,,,,2015,primary,1.0,9.522
SAMEA113535281,PRJEB51353,SAMEA113535281,,adult,,,SE,,,,,,2017,primary,1.0,6.308
SAMEA113535282,PRJEB51353,SAMEA113535282,,adult,,,SE,,,,,,2016,primary,1.0,6.881
SAMEA113535283,PRJEB51353,SAMEA113535283,,adult,,,SE,,,,,,2016,primary,1.0,7.737
SAMEA113535284,PRJEB51353,SAMEA113535284,,adult,,,SE,,,,,,2016,primary,1.0,6.657
SAMEA113535285,PRJEB51353,SAMEA113535285,,adult,,,SE,,,,,,2015,primary,1.0,6.874
SAMEA113535286,PRJEB51353,SAMEA113535286,,adult,,,SE,,,,,,2016,primary,1.0,8.817
SAMEA113535287,PRJEB51353,SAMEA113535287,,adult,,,SE,,,,,,2017,primary,1.0,10.777
SAMEA113535288,PRJEB51353,SAMEA113535288,,adult,,,SE,,,,,,2015,primary,1.0,6.654
SAMEA113535289,PRJEB51353,SAMEA113535289,,adult,,,SE,,,,,,2016,primary,1.0,6.763
SAMEA113535290,PRJEB51353,SAMEA113535290,,adult,,,SE,,,,,,2016,primary,1.0,12.329
SAMEA113535291,PRJEB51353,SAMEA113535291,,adult,,,SE,,,,,,2017,primary,1.0,10.002
SAMEA113535292,PRJEB51353,SAMEA113535292,,adult,,,SE,,,,,,2017,primary,1.0,6.866
SAMEA113535293,PRJEB51353,SAMEA113535293,,adult,,,SE,,,,,,2015,primary,1.0,7.291
SAMEA113535294,PRJEB51353,SAMEA113535294,,adult,,,SE,,,,,,2016,primary,1.0,6.653
SAMEA113535295,PRJEB51353,SAMEA113535295,,adult,,,SE,,,,,,2016,primary,1.0,10.017
SAMEA113535296,PRJEB51353,SAMEA113535296,,adult,,,SE,,,,,,2015,primary,1.0,8.596
SAMEA113535297,PRJEB51353,SAMEA113535297,,adult,,,SE,,,,,,2017,primary,1.0,6.174
SAMEA113535298,PRJEB51353,SAMEA113535298,,adult,,,SE,,,,,,2015,primary,1.0,6.674
SAMEA113535299,PRJEB51353,SAMEA113535299,,adult,,,SE,,,,,,2017,primary,1.0,7.489
SAMEA113535300,PRJEB51353,SAMEA113535300,,adult,,,SE,,,,,,2015,primary,1.0,6.513
SAMEA113535301,PRJEB51353,SAMEA113535301,,adult,,,SE,,,,,,2017,primary,1.0,6.659
SAMEA113535302,PRJEB51353,SAMEA113535302,,adult,,,SE,,,,,,2016,primary,1.0,8.47
SAMEA113535303,PRJEB51353,SAMEA113535303,,adult,,,SE,,,,,,2017,primary,1.0,7.488
SAMEA113535304,PRJEB51353,SAMEA113535304,,adult,,,SE,,,,,,2015,primary,1.0,8.698
SAMEA113535305,PRJEB51353,SAMEA113535305,,adult,,,SE,,,,,,2017,primary,1.0,10.019
SAMEA113535306,PRJEB51353,SAMEA113535306,,adult,,,SE,,,,,,2015,primary,1.0,9.053
SAMEA113535307,PRJEB51353,SAMEA113535307,,adult,,,SE,,,,,,2016,primary,1.0,6.863
SAMEA113535308,PRJEB51353,SAMEA113535308,,adult,,,SE,,,,,,2017,primary,1.0,8.021
SAMEA113535309,PRJEB51353,SAMEA113535309,,adult,,,SE,,,,,,2016,primary,1.0,9.188
SAMEA113535310,PRJEB51353,SAMEA113535310,,adult,,,SE,,,,,,2017,primary,1.0,6.787
SAMEA113535311,PRJEB51353,SAMEA113535311,,adult,,,SE,,,,,,2017,primary,1.0,7.664
SAMEA113535312,PRJEB51353,SAMEA113535312,,adult,,,SE,,,,,,2016,primary,1.0,8.39
SAMEA113535313,PRJEB51353,SAMEA113535313,,adult,,,SE,,,,,,2015,primary,1.0,7.079
SAMEA113535314,PRJEB51353,SAMEA113535314,,adult,,,SE,,,,,,2015,primary,1.0,11.158
SAMEA113535315,PRJEB51353,SAMEA113535315,,adult,,,SE,,,,,,2017,primary,1.0,8.85
SAMEA113535316,PRJEB51353,SAMEA113535316,,adult,,,SE,,,,,,2016,primary,1.0,6.788
SAMEA113535317,PRJEB51353,SAMEA113535317,,adult,,,SE,,,,,,2016,primary,1.0,8.123
SAMEA113535318,PRJEB51353,SAMEA113535318,,adult,,,SE,,,,,,2016,primary,1.0,17.443
SAMEA113535319,PRJEB51353,SAMEA113535319,,adult,,,SE,,,,,,2017,primary,1.0,8.259
SAMEA113535320,PRJEB51353,SAMEA113535320,,adult,,,SE,,,,,,2016,primary,1.0,9.672
SAMEA113535321,PRJEB51353,SAMEA113535321,,adult,,,SE,,,,,,2017,primary,1.0,9.372
SAMEA113535322,PRJEB51353,SAMEA113535322,,adult,,,SE,,,,,,2017,primary,1.0,7.819
SAMEA113535323,PRJEB51353,SAMEA113535323,,adult,,,SE,,,,,,2018,primary,1.0,7.941
SAMEA113535324,PRJEB51353,SAMEA113535324,,adult,,,SE,,,,,,2017,primary,1.0,7.907
SAMEA113535325,PRJEB51353,SAMEA113535325,,adult,,,SE,,,,,,2015,primary,1.0,7.129
SAMEA113535326,PRJEB51353,SAMEA113535326,,adult,,,SE,,,,,,2015,primary,1.0,11.954
SAMEA113535327,PRJEB51353,SAMEA113535327,,adult,,,SE,,,,,,2017,primary,1.0,6.715
SAMEA113535328,PRJEB51353,SAMEA113535328,,adult,,,SE,,,,,,2017,primary,1.0,7.231
SAMEA113535329,PRJEB51353,SAMEA113535329,,adult,,,SE,,,,,,2016,primary,1.0,5.993
SAMEA113535330,PRJEB51353,SAMEA113535330,,adult,,,SE,,,,,,2017,primary,1.0,7.609
SAMEA113535331,PRJEB51353,SAMEA113535331,,adult,,,SE,,,,,,2017,primary,1.0,7.084
SAMEA113535332,PRJEB51353,SAMEA113535332,,adult,,,SE,,,,,,2018,primary,1.0,7.1
SAMEA113535333,PRJEB51353,SAMEA113535333,,adult,,,SE,,,,,,2017,primary,1.0,6.204
SAMEA113535334,PRJEB51353,SAMEA113535334,,adult,,,SE,,,,,,2017,primary,1.0,10.515
SAMEA113535335,PRJEB51353,SAMEA113535335,,adult,,,SE,,,,,,2016,primary,1.0,7.278
SAMEA113535336,PRJEB51353,SAMEA113535336,,adult,,,SE,,,,,,2016,primary,1.0,7.65
SAMEA113535337,PRJEB51353,SAMEA113535337,,adult,,,SE,,,,,,2018,primary,1.0,5.986
SAMEA113535338,PRJEB51353,SAMEA113535338,,adult,,,SE,,,,,,2016,primary,1.0,11.569
SAMEA113535339,PRJEB51353,SAMEA113535339,,adult,,,SE,,,,,,2015,primary,1.0,8.223
SAMEA113535340,PRJEB51353,SAMEA113535340,,adult,,,SE,,,,,,2016,primary,1.0,12.335
SAMEA113535341,PRJEB51353,SAMEA113535341,,adult,,,SE,,,,,,2017,primary,1.0,8.37
SAMEA113535342,PRJEB51353,SAMEA113535342,,adult,,,SE,,,,,,2015,primary,1.0,6.239
SAMEA113535343,PRJEB51353,SAMEA113535343,,adult,,,SE,,,,,,2018,primary,1.0,8.557
SAMEA113535344,PRJEB51353,SAMEA113535344,,adult,,,SE,,,,,,2018,primary,1.0,7.288
SAMEA113535345,PRJEB51353,SAMEA113535345,,adult,,,SE,,,,,,2017,primary,1.0,8.625
SAMEA113535346,PRJEB51353,SAMEA113535346,,adult,,,SE,,,,,,2017,primary,1.0,7.202
SAMEA113535347,PRJEB51353,SAMEA113535347,,adult,,,SE,,,,,,2016,primary,1.0,6.339
SAMEA113535348,PRJEB51353,SAMEA113535348,,adult,,,SE,,,,,,2017,primary,1.0,7.059
SAMEA113535349,PRJEB51353,SAMEA113535349,,adult,,,SE,,,,,,2017,primary,1.0,10.064
SAMEA113535350,PRJEB51353,SAMEA113535350,,adult,,,SE,,,,,,2015,primary,1.0,7.259
SAMEA113535351,PRJEB51353,SAMEA113535351,,adult,,,SE,,,,,,2016,primary,1.0,7.472
SAMEA113535352,PRJEB51353,SAMEA113535352,,adult,,,SE,,,,,,2015,primary,1.0,8.402
SAMEA113535353,PRJEB51353,SAMEA113535353,,adult,,,SE,,,,,,2017,primary,1.0,7.16
SAMEA113535354,PRJEB51353,SAMEA113535354,,adult,,,SE,,,,,,2016,primary,1.0,7.946
SAMEA113535355,PRJEB51353,SAMEA113535355,,adult,,,SE,,,,,,2016,primary,1.0,7.814
SAMEA113535356,PRJEB51353,SAMEA113535356,,adult,,,SE,,,,,,2016,primary,1.0,7.116
SAMEA113535357,PRJEB51353,SAMEA113535357,,adult,,,SE,,,,,,2016,primary,1.0,7.695
SAMEA113535358,PRJEB51353,SAMEA113535358,,adult,,,SE,,,,,,2016,primary,1.0,7.863
SAMEA113535359,PRJEB51353,SAMEA113535359,,adult,,,SE,,,,,,2016,primary,1.0,8.742
SAMEA113535360,PRJEB51353,SAMEA113535360,,adult,,,SE,,,,,,2017,primary,1.0,7.738
SAMEA113535361,PRJEB51353,SAMEA113535361,,adult,,,SE,,,,,,2015,primary,1.0,9.025
SAMEA113535362,PRJEB51353,SAMEA113535362,,adult,,,SE,,,,,,2017,primary,1.0,6.973
SAMEA113535363,PRJEB51353,SAMEA113535363,,adult,,,SE,,,,,,2017,primary,1.0,6.929
SAMEA113535364,PRJEB51353,SAMEA113535364,,adult,,,SE,,,,,,2016,primary,1.0,6.937
SAMEA113535365,PRJEB51353,SAMEA113535365,,adult,,,SE,,,,,,2016,primary,1.0,6.48
SAMEA113535366,PRJEB51353,SAMEA113535366,,adult,,,SE,,,,,,2015,primary,1.0,9.034
SAMEA113535367,PRJEB51353,SAMEA113535367,,adult,,,SE,,,,,,2015,primary,1.0,9.371
SAMEA113535368,PRJEB51353,SAMEA113535368,,adult,,,SE,,,,,,2016,primary,1.0,8.241
SAMEA113535369,PRJEB51353,SAMEA113535369,,adult,,,SE,,,,,,2016,primary,1.0,7.264
SAMEA113535370,PRJEB51353,SAMEA113535370,,adult,,,SE,,,,,,2018,primary,1.0,7.532
SAMEA113535371,PRJEB51353,SAMEA113535371,,adult,,,SE,,,,,,2016,primary,1.0,6.982
SAMEA113535372,PRJEB51353,SAMEA113535372,,adult,,,SE,,,,,,2017,primary,1.0,6.94
SAMEA113535373,PRJEB51353,SAMEA113535373,,adult,,,SE,,,,,,2016,primary,1.0,7.203
SAMEA113535374,PRJEB51353,SAMEA113535374,,adult,,,SE,,,,,,2015,primary,1.0,7.283
SAMEA113535375,PRJEB51353,SAMEA113535375,,adult,,,SE,,,,,,2015,primary,1.0,7.022
SAMEA113535376,PRJEB51353,SAMEA113535376,,adult,,,SE,,,,,,2017,primary,1.0,8.055
SAMEA113535377,PRJEB51353,SAMEA113535377,,adult,,,SE,,,,,,2017,primary,1.0,6.535
SAMEA113535378,PRJEB51353,SAMEA113535378,,adult,,,SE,,,,,,2017,primary,1.0,8.071
SAMEA113535379,PRJEB51353,SAMEA113535379,,adult,,,SE,,,,,,2015,primary,1.0,9.189
SAMEA113535380,PRJEB51353,SAMEA113535380,,adult,,,SE,,,,,,2015,primary,1.0,6.923
SAMEA113535381,PRJEB51353,SAMEA113535381,,adult,,,SE,,,,,,2016,primary,1.0,7.12
SAMEA113535382,PRJEB51353,SAMEA113535382,,adult,,,SE,,,,,,2016,primary,1.0,7.607
SAMEA113535383,PRJEB51353,SAMEA113535383,,adult,,,SE,,,,,,2016,primary,1.0,8.818
SAMEA113535384,PRJEB51353,SAMEA113535384,,adult,,,SE,,,,,,2015,primary,1.0,6.553
SAMEA113535385,PRJEB51353,SAMEA113535385,,adult,,,SE,,,,,,2017,primary,1.0,6.623
SAMEA113535386,PRJEB51353,SAMEA113535386,,adult,,,SE,,,,,,2017,primary,1.0,7.699
SAMEA113535387,PRJEB51353,SAMEA113535387,,adult,,,SE,,,,,,2016,primary,1.0,8.536
SAMEA113535388,PRJEB51353,SAMEA113535388,,adult,,,SE,,,,,,2015,primary,1.0,9.008
SAMEA113535389,PRJEB51353,SAMEA113535389,,adult,,,SE,,,,,,2015,primary,1.0,8.31
SAMEA113535390,PRJEB51353,SAMEA113535390,,adult,,,SE,,,,,,2016,primary,1.0,6.365
SAMEA113535391,PRJEB51353,SAMEA113535391,,adult,,,SE,,,,,,2017,primary,1.0,6.829
SAMEA113535392,PRJEB51353,SAMEA113535392,,adult,,,SE,,,,,,2015,primary,1.0,7.406
SAMEA113535393,PRJEB51353,SAMEA113535393,,adult,,,SE,,,,,,2017,primary,1.0,6.789
SAMEA113535394,PRJEB51353,SAMEA113535394,,adult,,,SE,,,,,,2015,primary,1.0,6.948
SAMEA113535395,PRJEB51353,SAMEA113535395,,adult,,,SE,,,,,,2015,primary,1.0,6.579
SAMEA113535396,PRJEB51353,SAMEA113535396,,adult,,,SE,,,,,,2015,primary,1.0,6.979
SAMEA113535397,PRJEB51353,SAMEA113535397,,adult,,,SE,,,,,,2017,primary,1.0,7.233
SAMEA113535398,PRJEB51353,SAMEA113535398,,adult,,,SE,,,,,,2016,primary,1.0,7.703
SAMEA113535399,PRJEB51353,SAMEA113535399,,adult,,,SE,,,,,,2017,primary,1.0,9.401
SAMEA113535400,PRJEB51353,SAMEA113535400,,adult,,,SE,,,,,,2015,primary,1.0,13.976
SAMEA113535401,PRJEB51353,SAMEA113535401,,adult,,,SE,,,,,,2015,primary,1.0,6.836
SAMEA113535402,PRJEB51353,SAMEA113535402,,adult,,,SE,,,,,,2015,primary,1.0,8.747
SAMEA113535403,PRJEB51353,SAMEA113535403,,adult,,,SE,,,,,,2016,primary,1.0,6.631
SAMEA113535404,PRJEB51353,SAMEA113535404,,adult,,,SE,,,,,,2016,primary,1.0,8.771
SAMEA113535405,PRJEB51353,SAMEA113535405,,adult,,,SE,,,,,,2016,primary,1.0,8.2
SAMEA113535406,PRJEB51353,SAMEA113535406,,adult,,,SE,,,,,,2016,primary,1.0,8.405
SAMEA113535407,PRJEB51353,SAMEA113535407,,adult,,,SE,,,,,,2016,primary,1.0,7.027
SAMEA113535408,PRJEB51353,SAMEA113535408,,adult,,,SE,,,,,,2016,primary,1.0,6.03
SAMEA113535409,PRJEB51353,SAMEA113535409,,adult,,,SE,,,,,,2015,primary,1.0,6.76
SAMEA113535410,PRJEB51353,SAMEA113535410,,adult,,,SE,,,,,,2016,primary,1.0,8.347
SAMEA113535411,PRJEB51353,SAMEA113535411,,adult,,,SE,,,,,,2015,primary,1.0,7.099
SAMEA113535412,PRJEB51353,SAMEA113535412,,adult,,,SE,,,,,,2017,primary,1.0,6.559
SAMEA113535413,PRJEB51353,SAMEA113535413,,adult,,,SE,,,,,,2016,primary,1.0,6.414
SAMEA113535414,PRJEB51353,SAMEA113535414,,adult,,,SE,,,,,,2016,primary,1.0,6.603
SAMEA113535415,PRJEB51353,SAMEA113535415,,adult,,,SE,,,,,,2015,primary,1.0,8.957
SAMEA113535416,PRJEB51353,SAMEA113535416,,adult,,,SE,,,,,,2015,primary,1.0,8.586
SAMEA113535417,PRJEB51353,SAMEA113535417,,adult,,,SE,,,,,,2015,primary,1.0,9.365
SAMEA113535418,PRJEB51353,SAMEA113535418,,adult,,,SE,,,,,,2016,primary,1.0,7.538
SAMEA113535419,PRJEB51353,SAMEA113535419,,adult,,,SE,,,,,,2015,primary,1.0,11.409
SAMEA113535420,PRJEB51353,SAMEA113535420,,adult,,,SE,,,,,,2017,primary,1.0,15.163
SAMEA113535421,PRJEB51353,SAMEA113535421,,adult,,,SE,,,,,,2015,primary,1.0,7.182
SAMEA113535422,PRJEB51353,SAMEA113535422,,adult,,,SE,,,,,,2016,primary,1.0,7.854
SAMEA113535423,PRJEB51353,SAMEA113535423,,adult,,,SE,,,,,,2017,primary,1.0,7.647
SAMEA113535424,PRJEB51353,SAMEA113535424,,adult,,,SE,,,,,,2017,primary,1.0,6.124
SAMEA113535425,PRJEB51353,SAMEA113535425,,adult,,,SE,,,,,,2017,primary,1.0,7.42
SAMEA113535426,PRJEB51353,SAMEA113535426,,adult,,,SE,,,,,,2016,primary,1.0,8.663
SAMEA113535427,PRJEB51353,SAMEA113535427,,adult,,,SE,,,,,,2015,primary,1.0,8.803
SAMEA113535428,PRJEB51353,SAMEA113535428,,adult,,,SE,,,,,,2015,primary,1.0,7.48
SAMEA113535429,PRJEB51353,SAMEA113535429,,adult,,,SE,,,,,,2017,primary,1.0,8.576
SAMEA113535430,PRJEB51353,SAMEA113535430,,adult,,,SE,,,,,,2017,primary,1.0,8.543
SAMEA113535431,PRJEB51353,SAMEA113535431,,adult,,,SE,,,,,,2015,primary,1.0,8.833
SAMEA113535432,PRJEB51353,SAMEA113535432,,adult,,,SE,,,,,,2017,primary,1.0,10.812
SAMEA113535433,PRJEB51353,SAMEA113535433,,adult,,,SE,,,,,,2016,primary,1.0,6.912
SAMEA113535434,PRJEB51353,SAMEA113535434,,adult,,,SE,,,,,,2016,primary,1.0,10.058
SAMEA113535435,PRJEB51353,SAMEA113535435,,adult,,,SE,,,,,,2016,primary,1.0,6.081
SAMEA113535436,PRJEB51353,SAMEA113535436,,adult,,,SE,,,,,,2017,primary,1.0,6.868
SAMEA113535437,PRJEB51353,SAMEA113535437,,adult,,,SE,,,,,,2017,primary,1.0,9.384
SAMEA113535438,PRJEB51353,SAMEA113535438,,adult,,,SE,,,,,,2015,primary,1.0,7.738
SAMEA113535439,PRJEB51353,SAMEA113535439,,adult,,,SE,,,,,,2016,primary,1.0,9.07
SAMEA113535440,PRJEB51353,SAMEA113535440,,adult,,,SE,,,,,,2017,primary,1.0,7.194
SAMEA113535441,PRJEB51353,SAMEA113535441,,adult,,,SE,,,,,,2017,primary,1.0,6.394
SAMEA113535442,PRJEB51353,SAMEA113535442,,adult,,,SE,,,,,,2015,primary,1.0,6.603
SAMEA113535443,PRJEB51353,SAMEA113535443,,adult,,,SE,,,,,,2016,primary,1.0,9.648
SAMEA113535444,PRJEB51353,SAMEA113535444,,adult,,,SE,,,,,,2017,primary,1.0,7.042
SAMEA113535445,PRJEB51353,SAMEA113535445,,adult,,,SE,,,,,,2015,primary,1.0,6.44
SAMEA113535446,PRJEB51353,SAMEA113535446,,adult,,,SE,,,,,,2016,primary,1.0,9.343
SAMEA113535447,PRJEB51353,SAMEA113535447,,adult,,,SE,,,,,,2016,primary,1.0,7.519
SAMEA113535448,PRJEB51353,SAMEA113535448,,adult,,,SE,,,,,,2017,primary,1.0,11.09
SAMEA113535449,PRJEB51353,SAMEA113535449,,adult,,,SE,,,,,,2015,primary,1.0,6.935
SAMEA113535450,PRJEB51353,SAMEA113535450,,adult,,,SE,,,,,,2017,primary,1.0,8.894
SAMEA113535451,PRJEB51353,SAMEA113535451,,adult,,,SE,,,,,,2017,primary,1.0,6.78
SAMEA113535452,PRJEB51353,SAMEA113535452,,adult,,,SE,,,,,,2015,primary,1.0,8.16
SAMEA113535453,PRJEB51353,SAMEA113535453,,adult,,,SE,,,,,,2017,primary,1.0,7.277
SAMEA113535454,PRJEB51353,SAMEA113535454,,adult,,,SE,,,,,,2017,primary,1.0,8.331
SAMEA113535455,PRJEB51353,SAMEA113535455,,adult,,,SE,,,,,,2017,primary,1.0,11.399
SAMEA113535456,PRJEB51353,SAMEA113535456,,adult,,,SE,,,,,,2016,primary,1.0,7.018
SAMEA113535457,PRJEB51353,SAMEA113535457,,adult,,,SE,,,,,,2017,primary,1.0,8.141
SAMEA113535458,PRJEB51353,SAMEA113535458,,adult,,,SE,,,,,,2016,primary,1.0,10.157
SAMEA113535459,PRJEB51353,SAMEA113535459,,adult,,,SE,,,,,,2017,primary,1.0,7.944
SAMEA113535460,PRJEB51353,SAMEA113535460,,adult,,,SE,,,,,,2017,primary,1.0,6.228
SAMEA113535461,PRJEB51353,SAMEA113535461,,adult,,,SE,,,,,,2015,primary,1.0,6.357
SAMEA113535462,PRJEB51353,SAMEA113535462,,adult,,,SE,,,,,,2015,primary,1.0,7.168
SAMEA113535463,PRJEB51353,SAMEA113535463,,adult,,,SE,,,,,,2018,primary,1.0,12.113
SAMEA113535464,PRJEB51353,SAMEA113535464,,adult,,,SE,,,,,,2016,primary,1.0,7.302
SAMEA113535465,PRJEB51353,SAMEA113535465,,adult,,,SE,,,,,,2016,primary,1.0,7.241
SAMEA113535466,PRJEB51353,SAMEA113535466,,adult,,,SE,,,,,,2016,primary,1.0,8.497
SAMEA113535467,PRJEB51353,SAMEA113535467,,adult,,,SE,,,,,,2016,primary,1.0,7.38
SAMEA113535468,PRJEB51353,SAMEA113535468,,adult,,,SE,,,,,,2016,primary,1.0,7.815
SAMEA113535469,PRJEB51353,SAMEA113535469,,adult,,,SE,,,,,,2015,primary,1.0,7.346
SAMEA113535470,PRJEB51353,SAMEA113535470,,adult,,,SE,,,,,,2015,primary,1.0,9.308
SAMEA113535471,PRJEB51353,SAMEA113535471,,adult,,,SE,,,,,,2016,primary,1.0,6.505
SAMEA113535472,PRJEB51353,SAMEA113535472,,adult,,,SE,,,,,,2016,primary,1.0,6.728
SAMEA113535473,PRJEB51353,SAMEA113535473,,adult,,,SE,,,,,,2017,primary,1.0,6.558
SAMEA113535474,PRJEB51353,SAMEA113535474,,adult,,,SE,,,,,,2017,primary,1.0,6.926
SAMEA113535475,PRJEB51353,SAMEA113535475,,adult,,,SE,,,,,,2017,primary,1.0,8.14
SAMEA113535476,PRJEB51353,SAMEA113535476,,adult,,,SE,,,,,,2016,primary,1.0,6.456
SAMEA113535477,PRJEB51353,SAMEA113535477,,adult,,,SE,,,,,,2016,primary,1.0,6.629
SAMEA113535478,PRJEB51353,SAMEA113535478,,adult,,,SE,,,,,,2015,primary,1.0,7.804
SAMEA113535479,PRJEB51353,SAMEA113535479,,adult,,,SE,,,,,,2017,primary,1.0,6.611
SAMEA113535480,PRJEB51353,SAMEA113535480,,adult,,,SE,,,,,,2015,primary,1.0,8.129
SAMEA113535481,PRJEB51353,SAMEA113535481,,adult,,,SE,,,,,,2015,primary,1.0,8.538
SAMEA113535482,PRJEB51353,SAMEA113535482,,adult,,,SE,,,,,,2016,primary,1.0,9.136
SAMEA113535483,PRJEB51353,SAMEA113535483,,adult,,,SE,,,,,,2015,primary,1.0,9.11
SAMEA113535484,PRJEB51353,SAMEA113535484,,adult,,,SE,,,,,,2015,primary,1.0,7.355
SAMEA113535485,PRJEB51353,SAMEA113535485,,adult,,,SE,,,,,,2016,primary,1.0,8.087
SAMEA113535486,PRJEB51353,SAMEA113535486,,adult,,,SE,,,,,,2017,primary,1.0,5.981
SAMEA113535487,PRJEB51353,SAMEA113535487,,adult,,,SE,,,,,,2015,primary,1.0,6.429
SAMEA113535488,PRJEB51353,SAMEA113535488,,adult,,,SE,,,,,,2016,primary,1.0,7.543
SAMEA113535489,PRJEB51353,SAMEA113535489,,adult,,,SE,,,,,,2015,primary,1.0,8.074
SAMEA113535490,PRJEB51353,SAMEA113535490,,adult,,,SE,,,,,,2015,primary,1.0,6.688
SAMEA113535491,PRJEB51353,SAMEA113535491,,adult,,,SE,,,,,,2018,primary,1.0,6.858
SAMEA113535492,PRJEB51353,SAMEA113535492,,adult,,,SE,,,,,,2018,primary,1.0,5.973
SAMEA113535493,PRJEB51353,SAMEA113535493,,adult,,,SE,,,,,,2015,primary,1.0,9.911
SAMEA113535494,PRJEB51353,SAMEA113535494,,adult,,,SE,,,,,,2017,primary,1.0,8.636
SAMEA113535495,PRJEB51353,SAMEA113535495,,adult,,,SE,,,,,,2015,primary,1.0,10.667
SAMEA113535496,PRJEB51353,SAMEA113535496,,adult,,,SE,,,,,,2017,primary,1.0,7.56
SAMEA113535497,PRJEB51353,SAMEA113535497,,adult,,,SE,,,,,,2016,primary,1.0,7.499
SAMEA113535498,PRJEB51353,SAMEA113535498,,adult,,,SE,,,,,,2018,primary,1.0,6.441
SAMEA113535499,PRJEB51353,SAMEA113535499,,adult,,,SE,,,,,,2017,primary,1.0,7.894
SAMEA113535500,PRJEB51353,SAMEA113535500,,adult,,,SE,,,,,,2017,primary,1.0,7.721
SAMEA113535501,PRJEB51353,SAMEA113535501,,adult,,,SE,,,,,,2017,primary,1.0,8.205
SAMEA113535502,PRJEB51353,SAMEA113535502,,adult,,,SE,,,,,,2015,primary,1.0,6.788
SAMEA113535503,PRJEB51353,SAMEA113535503,,adult,,,SE,,,,,,2016,primary,1.0,9.404
SAMEA113535504,PRJEB51353,SAMEA113535504,,adult,,,SE,,,,,,2016,primary,1.0,8.321
SAMEA113535505,PRJEB51353,SAMEA113535505,,adult,,,SE,,,,,,2016,primary,1.0,8.056
SAMEA113535506,PRJEB51353,SAMEA113535506,,adult,,,SE,,,,,,2015,primary,1.0,7.558
SAMEA113535507,PRJEB51353,SAMEA113535507,,adult,,,SE,,,,,,2016,primary,1.0,6.96
SAMEA113535508,PRJEB51353,SAMEA113535508,,adult,,,SE,,,,,,2017,primary,1.0,6.891
SAMEA113535509,PRJEB51353,SAMEA113535509,,adult,,,SE,,,,,,2017,primary,1.0,10.056
SAMEA113535510,PRJEB51353,SAMEA113535510,,adult,,,SE,,,,,,2017,primary,1.0,7.626
SAMEA113535511,PRJEB51353,SAMEA113535511,,adult,,,SE,,,,,,2015,primary,1.0,6.453
SAMEA113535512,PRJEB51353,SAMEA113535512,,adult,,,SE,,,,,,2016,primary,1.0,6.581
SAMEA113535513,PRJEB51353,SAMEA113535513,,adult,,,SE,,,,,,2017,primary,1.0,7.441
SAMEA113535514,PRJEB51353,SAMEA113535514,,adult,,,SE,,,,,,2017,primary,1.0,9.407
SAMEA113535515,PRJEB51353,SAMEA113535515,,adult,,,SE,,,,,,2015,primary,1.0,6.913
SAMEA113535516,PRJEB51353,SAMEA113535516,,adult,,,SE,,,,,,2015,primary,1.0,6.044
SAMEA113535517,PRJEB51353,SAMEA113535517,,adult,,,SE,,,,,,2016,primary,1.0,8.385
SAMEA113535518,PRJEB51353,SAMEA113535518,,adult,,,SE,,,,,,2016,primary,1.0,7.657
SAMEA113535519,PRJEB51353,SAMEA113535519,,adult,,,SE,,,,,,2015,primary,1.0,6.332
SAMEA113535520,PRJEB51353,SAMEA113535520,,adult,,,SE,,,,,,2016,primary,1.0,7.302
SAMEA113535521,PRJEB51353,SAMEA113535521,,adult,,,SE,,,,,,2015,primary,1.0,9.565
SAMEA113535522,PRJEB51353,SAMEA113535522,,adult,,,SE,,,,,,2016,primary,1.0,7.224
SAMEA113535523,PRJEB51353,SAMEA113535523,,adult,,,SE,,,,,,2016,primary,1.0,8.405
SAMEA113535524,PRJEB51353,SAMEA113535524,,adult,,,SE,,,,,,2015,primary,1.0,8.03
SAMEA113535525,PRJEB51353,SAMEA113535525,,adult,,,SE,,,,,,2017,primary,1.0,9.638
SAMEA113535526,PRJEB51353,SAMEA113535526,,adult,,,SE,,,,,,2017,primary,1.0,7.365
SAMEA113535527,PRJEB51353,SAMEA113535527,,adult,,,SE,,,,,,2017,primary,1.0,8.558
SAMEA113535528,PRJEB51353,SAMEA113535528,,adult,,,SE,,,,,,2016,primary,1.0,7.49
SAMEA113535529,PRJEB51353,SAMEA113535529,,adult,,,SE,,,,,,2015,primary,1.0,6.374
SAMEA113535530,PRJEB51353,SAMEA113535530,,adult,,,SE,,,,,,2016,primary,1.0,7.287
SAMEA113535531,PRJEB51353,SAMEA113535531,,adult,,,SE,,,,,,2018,primary,1.0,6.815
SAMEA113535532,PRJEB51353,SAMEA113535532,,adult,,,SE,,,,,,2015,primary,1.0,7.141
SAMEA113535533,PRJEB51353,SAMEA113535533,,adult,,,SE,,,,,,2016,primary,1.0,7.719
SAMEA113535534,PRJEB51353,SAMEA113535534,,adult,,,SE,,,,,,2016,primary,1.0,7.48
SAMEA113535535,PRJEB51353,SAMEA113535535,,adult,,,SE,,,,,,2015,primary,1.0,6.698
SAMEA113535536,PRJEB51353,SAMEA113535536,,adult,,,SE,,,,,,2015,primary,1.0,7.754
SAMEA113535537,PRJEB51353,SAMEA113535537,,adult,,,SE,,,,,,2018,primary,1.0,8.403
SAMEA113535538,PRJEB51353,SAMEA113535538,,adult,,,SE,,,,,,2016,primary,1.0,7.992
SAMEA113535539,PRJEB51353,SAMEA113535539,,adult,,,SE,,,,,,2015,primary,1.0,9.515
SAMEA113535540,PRJEB51353,SAMEA113535540,,adult,,,SE,,,,,,2016,primary,1.0,8.292
SAMEA113535541,PRJEB51353,SAMEA113535541,,adult,,,SE,,,,,,2016,primary,1.0,5.915
SAMEA113535542,PRJEB51353,SAMEA113535542,,adult,,,SE,,,,,,2016,primary,1.0,10.266
SAMEA113535543,PRJEB51353,SAMEA113535543,,adult,,,SE,,,,,,2016,primary,1.0,6.223
SAMEA113535544,PRJEB51353,SAMEA113535544,,adult,,,SE,,,,,,2015,primary,1.0,9.453
SAMEA113535545,PRJEB51353,SAMEA113535545,,adult,,,SE,,,,,,2017,primary,1.0,7.926
SAMEA113535546,PRJEB51353,SAMEA113535546,,adult,,,SE,,,,,,2018,primary,1.0,7.518
SAMEA113535547,PRJEB51353,SAMEA113535547,,adult,,,SE,,,,,,2016,primary,1.0,7.334
SAMEA113535548,PRJEB51353,SAMEA113535548,,adult,,,SE,,,,,,2016,primary,1.0,8.056
SAMEA113535549,PRJEB51353,SAMEA113535549,,adult,,,SE,,,,,,2017,primary,1.0,6.721
SAMEA113535550,PRJEB51353,SAMEA113535550,,adult,,,SE,,,,,,2016,primary,1.0,10.245
SAMEA113535551,PRJEB51353,SAMEA113535551,,adult,,,SE,,,,,,2018,primary,1.0,7.627
SAMEA113535552,PRJEB51353,SAMEA113535552,,adult,,,SE,,,,,,2015,primary,1.0,6.167
SAMEA113535553,PRJEB51353,SAMEA113535553,,adult,,,SE,,,,,,2015,primary,1.0,12.019
SAMEA113535554,PRJEB51353,SAMEA113535554,,adult,,,SE,,,,,,2016,primary,1.0,7.469
SAMEA113535555,PRJEB51353,SAMEA113535555,,adult,,,SE,,,,,,2017,primary,1.0,8.0
SAMEA113535556,PRJEB51353,SAMEA113535556,,adult,,,SE,,,,,,2017,primary,1.0,10.905
SAMEA113535557,PRJEB51353,SAMEA113535557,,adult,,,SE,,,,,,2017,primary,1.0,8.181
SAMEA113535558,PRJEB51353,SAMEA113535558,,adult,,,SE,,,,,,2015,primary,1.0,8.697
SAMEA113535559,PRJEB51353,SAMEA113535559,,adult,,,SE,,,,,,2016,primary,1.0,7.588
SAMEA113535560,PRJEB51353,SAMEA113535560,,adult,,,SE,,,,,,2017,primary,1.0,8.501
SAMEA113535561,PRJEB51353,SAMEA113535561,,adult,,,SE,,,,,,2018,primary,1.0,8.794
SAMEA113535562,PRJEB51353,SAMEA113535562,,adult,,,SE,,,,,,2016,primary,1.0,7.323
SAMEA113535563,PRJEB51353,SAMEA113535563,,adult,,,SE,,,,,,2015,primary,1.0,7.164
SAMEA113535564,PRJEB51353,SAMEA113535564,,adult,,,SE,,,,,,2015,primary,1.0,6.165
SAMEA113535565,PRJEB51353,SAMEA113535565,,adult,,,SE,,,,,,2015,primary,1.0,8.667
SAMEA113535566,PRJEB51353,SAMEA113535566,,adult,,,SE,,,,,,2016,primary,1.0,6.992
SAMEA113535567,PRJEB51353,SAMEA113535567,,adult,,,SE,,,,,,2017,primary,1.0,9.733
SAMEA113535568,PRJEB51353,SAMEA113535568,,adult,,,SE,,,,,,2015,primary,1.0,9.348
SAMEA113535569,PRJEB51353,SAMEA113535569,,adult,,,SE,,,,,,2017,primary,1.0,6.188
SAMEA113535570,PRJEB51353,SAMEA113535570,,adult,,,SE,,,,,,2017,primary,1.0,10.421
SAMEA113535571,PRJEB51353,SAMEA113535571,,adult,,,SE,,,,,,2015,primary,1.0,6.092
SAMEA113535572,PRJEB51353,SAMEA113535572,,adult,,,SE,,,,,,2016,primary,1.0,6.834
SAMEA113535573,PRJEB51353,SAMEA113535573,,adult,,,SE,,,,,,2015,primary,1.0,12.139
SAMEA113535574,PRJEB51353,SAMEA113535574,,adult,,,SE,,,,,,2017,primary,1.0,6.61
SAMEA113535575,PRJEB51353,SAMEA113535575,,adult,,,SE,,,,,,2016,primary,1.0,6.647
SAMEA113535576,PRJEB51353,SAMEA113535576,,adult,,,SE,,,,,,2017,primary,1.0,7.84
SAMEA113535577,PRJEB51353,SAMEA113535577,,adult,,,SE,,,,,,2017,primary,1.0,6.541
SAMEA113535578,PRJEB51353,SAMEA113535578,,adult,,,SE,,,,,,2016,primary,1.0,6.689
SAMEA113535579,PRJEB51353,SAMEA113535579,,adult,,,SE,,,,,,2016,primary,1.0,8.317
SAMEA113535580,PRJEB51353,SAMEA113535580,,adult,,,SE,,,,,,2016,primary,1.0,8.359
SAMEA113535581,PRJEB51353,SAMEA113535581,,adult,,,SE,,,,,,2016,primary,1.0,7.489
SAMEA113535582,PRJEB51353,SAMEA113535582,,adult,,,SE,,,,,,2015,primary,1.0,6.69
SAMEA113535583,PRJEB51353,SAMEA113535583,,adult,,,SE,,,,,,2015,primary,1.0,7.207
SAMEA113535584,PRJEB51353,SAMEA113535584,,adult,,,SE,,,,,,2016,primary,1.0,6.768
SAMEA113535585,PRJEB51353,SAMEA113535585,,adult,,,SE,,,,,,2017,primary,1.0,8.782
SAMEA113535586,PRJEB51353,SAMEA113535586,,adult,,,SE,,,,,,2015,primary,1.0,6.084
SAMEA113535587,PRJEB51353,SAMEA113535587,,adult,,,SE,,,,,,2015,primary,1.0,8.218
SAMEA113535588,PRJEB51353,SAMEA113535588,,adult,,,SE,,,,,,2015,primary,1.0,7.823
SAMEA113535589,PRJEB51353,SAMEA113535589,,adult,,,SE,,,,,,2016,primary,1.0,6.304
SAMEA113535590,PRJEB51353,SAMEA113535590,,adult,,,SE,,,,,,2016,primary,1.0,6.649
SAMEA113535591,PRJEB51353,SAMEA113535591,,adult,,,SE,,,,,,2016,primary,1.0,7.418
SAMEA113535592,PRJEB51353,SAMEA113535592,,adult,,,SE,,,,,,2016,primary,1.0,6.287
SAMEA113535593,PRJEB51353,SAMEA113535593,,adult,,,SE,,,,,,2016,primary,1.0,6.811
SAMEA113535594,PRJEB51353,SAMEA113535594,,adult,,,SE,,,,,,2016,primary,1.0,7.855
SAMEA113535595,PRJEB51353,SAMEA113535595,,adult,,,SE,,,,,,2017,primary,1.0,6.955
SAMEA113535596,PRJEB51353,SAMEA113535596,,adult,,,SE,,,,,,2015,primary,1.0,8.623
SAMEA113535597,PRJEB51353,SAMEA113535597,,adult,,,SE,,,,,,2016,primary,1.0,6.531
SAMEA113535598,PRJEB51353,SAMEA113535598,,adult,,,SE,,,,,,2015,primary,1.0,6.237
SAMEA113535599,PRJEB51353,SAMEA113535599,,adult,,,SE,,,,,,2016,primary,1.0,6.374
SAMEA113535600,PRJEB51353,SAMEA113535600,,adult,,,SE,,,,,,2015,primary,1.0,14.696
SAMEA113535601,PRJEB51353,SAMEA113535601,,adult,,,SE,,,,,,2017,primary,1.0,7.623
SAMEA113535602,PRJEB51353,SAMEA113535602,,adult,,,SE,,,,,,2015,primary,1.0,7.425
SAMEA113535603,PRJEB51353,SAMEA113535603,,adult,,,SE,,,,,,2017,primary,1.0,7.092
SAMEA113535604,PRJEB51353,SAMEA113535604,,adult,,,SE,,,,,,2018,primary,1.0,8.89
SAMEA113535605,PRJEB51353,SAMEA113535605,,adult,,,SE,,,,,,2017,primary,1.0,7.94
SAMEA113535606,PRJEB51353,SAMEA113535606,,adult,,,SE,,,,,,2017,primary,1.0,9.463
SAMEA113535607,PRJEB51353,SAMEA113535607,,adult,,,SE,,,,,,2016,primary,1.0,5.999
SAMEA113535608,PRJEB51353,SAMEA113535608,,adult,,,SE,,,,,,2016,primary,1.0,7.612
SAMEA113535609,PRJEB51353,SAMEA113535609,,adult,,,SE,,,,,,2015,primary,1.0,6.876
SAMEA113535610,PRJEB51353,SAMEA113535610,,adult,,,SE,,,,,,2017,primary,1.0,8.458
SAMEA113535611,PRJEB51353,SAMEA113535611,,adult,,,SE,,,,,,2017,primary,1.0,7.74
SAMEA113535612,PRJEB51353,SAMEA113535612,,adult,,,SE,,,,,,2015,primary,1.0,8.983
SAMEA113535613,PRJEB51353,SAMEA113535613,,adult,,,SE,,,,,,2016,primary,1.0,7.553
SAMEA113535614,PRJEB51353,SAMEA113535614,,adult,,,SE,,,,,,2016,primary,1.0,7.806
SAMEA113535615,PRJEB51353,SAMEA113535615,,adult,,,SE,,,,,,2015,primary,1.0,6.89
SAMEA113535616,PRJEB51353,SAMEA113535616,,adult,,,SE,,,,,,2016,primary,1.0,6.729
SAMEA113535617,PRJEB51353,SAMEA113535617,,adult,,,SE,,,,,,2015,primary,1.0,6.629
SAMEA113535618,PRJEB51353,SAMEA113535618,,adult,,,SE,,,,,,2015,primary,1.0,7.125
SAMEA113535619,PRJEB51353,SAMEA113535619,,adult,,,SE,,,,,,2016,primary,1.0,6.939
SAMEA113535620,PRJEB51353,SAMEA113535620,,adult,,,SE,,,,,,2015,primary,1.0,6.874
SAMEA113535621,PRJEB51353,SAMEA113535621,,adult,,,SE,,,,,,2018,primary,1.0,8.674
SAMEA113535622,PRJEB51353,SAMEA113535622,,adult,,,SE,,,,,,2016,primary,1.0,6.819
SAMEA113535623,PRJEB51353,SAMEA113535623,,adult,,,SE,,,,,,2017,primary,1.0,7.884
SAMEA113535624,PRJEB51353,SAMEA113535624,,adult,,,SE,,,,,,2015,primary,1.0,7.128
SAMEA113535625,PRJEB51353,SAMEA113535625,,adult,,,SE,,,,,,2015,primary,1.0,6.042
SAMEA113535626,PRJEB51353,SAMEA113535626,,adult,,,SE,,,,,,2016,primary,1.0,6.99
SAMEA113535627,PRJEB51353,SAMEA113535627,,adult,,,SE,,,,,,2016,primary,1.0,11.329
SAMEA113535628,PRJEB51353,SAMEA113535628,,adult,,,SE,,,,,,2015,primary,1.0,6.967
SAMEA113535629,PRJEB51353,SAMEA113535629,,adult,,,SE,,,,,,2017,primary,1.0,6.339
SAMEA113535630,PRJEB51353,SAMEA113535630,,adult,,,SE,,,,,,2016,primary,1.0,6.967
SAMEA113535631,PRJEB51353,SAMEA113535631,,adult,,,SE,,,,,,2016,primary,1.0,6.776
SAMEA113535632,PRJEB51353,SAMEA113535632,,adult,,,SE,,,,,,2015,primary,1.0,10.611
SAMEA113535633,PRJEB51353,SAMEA113535633,,adult,,,SE,,,,,,2016,primary,1.0,10.563
SAMEA113535634,PRJEB51353,SAMEA113535634,,adult,,,SE,,,,,,2017,primary,1.0,6.536
SAMEA113535635,PRJEB51353,SAMEA113535635,,adult,,,SE,,,,,,2015,primary,1.0,9.704
SAMEA113535636,PRJEB51353,SAMEA113535636,,adult,,,SE,,,,,,2017,primary,1.0,10.379
SAMEA113535637,PRJEB51353,SAMEA113535637,,adult,,,SE,,,,,,2015,primary,1.0,7.076
SAMEA113535638,PRJEB51353,SAMEA113535638,,adult,,,SE,,,,,,2017,primary,1.0,7.889
SAMEA113535639,PRJEB51353,SAMEA113535639,,adult,,,SE,,,,,,2017,primary,1.0,7.33
SAMEA113535640,PRJEB51353,SAMEA113535640,,adult,,,SE,,,,,,2015,primary,1.0,6.774
SAMEA113535641,PRJEB51353,SAMEA113535641,,adult,,,SE,,,,,,2017,primary,1.0,8.355
SAMEA113535642,PRJEB51353,SAMEA113535642,,adult,,,SE,,,,,,2015,primary,1.0,6.382
SAMEA113535643,PRJEB51353,SAMEA113535643,,adult,,,SE,,,,,,2017,primary,1.0,7.023
SAMEA113535644,PRJEB51353,SAMEA113535644,,adult,,,SE,,,,,,2015,primary,1.0,8.066
SAMEA113535645,PRJEB51353,SAMEA113535645,,adult,,,SE,,,,,,2017,primary,1.0,12.411
SAMEA113535646,PRJEB51353,SAMEA113535646,,adult,,,SE,,,,,,2016,primary,1.0,6.305
SAMEA113535647,PRJEB51353,SAMEA113535647,,adult,,,SE,,,,,,2015,primary,1.0,7.89
SAMEA113535648,PRJEB51353,SAMEA113535648,,adult,,,SE,,,,,,2015,primary,1.0,7.447
SAMEA113535649,PRJEB51353,SAMEA113535649,,adult,,,SE,,,,,,2017,primary,1.0,7.414
SAMEA113535650,PRJEB51353,SAMEA113535650,,adult,,,SE,,,,,,2017,primary,1.0,7.46
SAMEA113535651,PRJEB51353,SAMEA113535651,,adult,,,SE,,,,,,2016,primary,1.0,8.716
SAMEA113535652,PRJEB51353,SAMEA113535652,,adult,,,SE,,,,,,2017,primary,1.0,7.603
SAMEA113535653,PRJEB51353,SAMEA113535653,,adult,,,SE,,,,,,2015,primary,1.0,9.162
SAMEA113535654,PRJEB51353,SAMEA113535654,,adult,,,SE,,,,,,2015,primary,1.0,7.014
SAMEA113535655,PRJEB51353,SAMEA113535655,,adult,,,SE,,,,,,2016,primary,1.0,6.796
SAMEA113535656,PRJEB51353,SAMEA113535656,,adult,,,SE,,,,,,2018,primary,1.0,7.047
SAMEA113535657,PRJEB51353,SAMEA113535657,,adult,,,SE,,,,,,2016,primary,1.0,6.329
SAMEA113535658,PRJEB51353,SAMEA113535658,,adult,,,SE,,,,,,2018,primary,1.0,13.139
SAMEA113535659,PRJEB51353,SAMEA113535659,,adult,,,SE,,,,,,2015,primary,1.0,6.604
SAMEA113535660,PRJEB51353,SAMEA113535660,,adult,,,SE,,,,,,2018,primary,1.0,8.676
SAMEA113535661,PRJEB51353,SAMEA113535661,,adult,,,SE,,,,,,2017,primary,1.0,6.608
SAMEA113535662,PRJEB51353,SAMEA113535662,,adult,,,SE,,,,,,2016,primary,1.0,6.701
SAMEA113535663,PRJEB51353,SAMEA113535663,,adult,,,SE,,,,,,2015,primary,1.0,7.639
SAMEA113535664,PRJEB51353,SAMEA113535664,,adult,,,SE,,,,,,2017,primary,1.0,7.58
SAMEA113535665,PRJEB51353,SAMEA113535665,,adult,,,SE,,,,,,2017,primary,1.0,6.299
SAMEA113535666,PRJEB51353,SAMEA113535666,,adult,,,SE,,,,,,2015,primary,1.0,8.937
SAMEA113535667,PRJEB51353,SAMEA113535667,,adult,,,SE,,,,,,2017,primary,1.0,6.993
SAMEA113535668,PRJEB51353,SAMEA113535668,,adult,,,SE,,,,,,2016,primary,1.0,9.364
SAMEA113535669,PRJEB51353,SAMEA113535669,,adult,,,SE,,,,,,2016,primary,1.0,8.413
SAMEA113535670,PRJEB51353,SAMEA113535670,,adult,,,SE,,,,,,2017,primary,1.0,9.492
SAMEA113535671,PRJEB51353,SAMEA113535671,,adult,,,SE,,,,,,2017,primary,1.0,8.117
SAMEA113535672,PRJEB51353,SAMEA113535672,,adult,,,SE,,,,,,2015,primary,1.0,6.232
SAMEA113535673,PRJEB51353,SAMEA113535673,,adult,,,SE,,,,,,2015,primary,1.0,7.579
SAMEA113535674,PRJEB51353,SAMEA113535674,,adult,,,SE,,,,,,2016,primary,1.0,7.432
SAMEA113535675,PRJEB51353,SAMEA113535675,,adult,,,SE,,,,,,2017,primary,1.0,6.995
SAMEA113535676,PRJEB51353,SAMEA113535676,,adult,,,SE,,,,,,2017,primary,1.0,7.526
SAMEA113535677,PRJEB51353,SAMEA113535677,,adult,,,SE,,,,,,2016,primary,1.0,6.501
SAMEA113535678,PRJEB51353,SAMEA113535678,,adult,,,SE,,,,,,2016,primary,1.0,6.303
SAMEA113535679,PRJEB51353,SAMEA113535679,,adult,,,SE,,,,,,2015,primary,1.0,6.723
SAMEA113535680,PRJEB51353,SAMEA113535680,,adult,,,SE,,,,,,2016,primary,1.0,6.724
SAMEA113535681,PRJEB51353,SAMEA113535681,,adult,,,SE,,,,,,2017,primary,1.0,8.044
SAMEA113535682,PRJEB51353,SAMEA113535682,,adult,,,SE,,,,,,2017,primary,1.0,7.377
SAMEA113535683,PRJEB51353,SAMEA113535683,,adult,,,SE,,,,,,2015,primary,1.0,7.628
SAMEA113535684,PRJEB51353,SAMEA113535684,,adult,,,SE,,,,,,2017,primary,1.0,8.413
SAMEA113535685,PRJEB51353,SAMEA113535685,,adult,,,SE,,,,,,2015,primary,1.0,7.304
SAMEA113535686,PRJEB51353,SAMEA113535686,,adult,,,SE,,,,,,2015,primary,1.0,7.674
SAMEA113535687,PRJEB51353,SAMEA113535687,,adult,,,SE,,,,,,2016,primary,1.0,6.846
SAMEA113535688,PRJEB51353,SAMEA113535688,,adult,,,SE,,,,,,2017,primary,1.0,7.909
SAMEA113535689,PRJEB51353,SAMEA113535689,,adult,,,SE,,,,,,2016,primary,1.0,8.655
SAMEA113535690,PRJEB51353,SAMEA113535690,,adult,,,SE,,,,,,2015,primary,1.0,8.434
SAMEA113535691,PRJEB51353,SAMEA113535691,,adult,,,SE,,,,,,2017,primary,1.0,8.72
SAMEA113535692,PRJEB51353,SAMEA113535692,,adult,,,SE,,,,,,2016,primary,1.0,8.122
SAMEA113535693,PRJEB51353,SAMEA113535693,,adult,,,SE,,,,,,2017,primary,1.0,8.948
SAMEA113535694,PRJEB51353,SAMEA113535694,,adult,,,SE,,,,,,2017,primary,1.0,7.967
SAMEA113535695,PRJEB51353,SAMEA113535695,,adult,,,SE,,,,,,2015,primary,1.0,7.281
SAMEA113535696,PRJEB51353,SAMEA113535696,,adult,,,SE,,,,,,2015,primary,1.0,7.57
SAMEA113535697,PRJEB51353,SAMEA113535697,,adult,,,SE,,,,,,2015,primary,1.0,6.95
SAMEA113535698,PRJEB51353,SAMEA113535698,,adult,,,SE,,,,,,2015,primary,1.0,7.072
SAMEA113535699,PRJEB51353,SAMEA113535699,,adult,,,SE,,,,,,2017,primary,1.0,8.665
SAMEA113535700,PRJEB51353,SAMEA113535700,,adult,,,SE,,,,,,2015,primary,1.0,6.223
SAMEA113535701,PRJEB51353,SAMEA113535701,,adult,,,SE,,,,,,2017,primary,1.0,8.541
SAMEA113535702,PRJEB51353,SAMEA113535702,,adult,,,SE,,,,,,2017,primary,1.0,8.375
SAMEA113535703,PRJEB51353,SAMEA113535703,,adult,,,SE,,,,,,2017,primary,1.0,6.62
SAMEA113535704,PRJEB51353,SAMEA113535704,,adult,,,SE,,,,,,2016,primary,1.0,6.4
SAMEA113535705,PRJEB51353,SAMEA113535705,,adult,,,SE,,,,,,2016,primary,1.0,7.808
SAMEA113535706,PRJEB51353,SAMEA113535706,,adult,,,SE,,,,,,2017,primary,1.0,6.018
SAMEA113535707,PRJEB51353,SAMEA113535707,,adult,,,SE,,,,,,2017,primary,1.0,9.212
SAMEA113535708,PRJEB51353,SAMEA113535708,,adult,,,SE,,,,,,2017,primary,1.0,8.631
SAMEA113535709,PRJEB51353,SAMEA113535709,,adult,,,SE,,,,,,2017,primary,1.0,8.025
SAMEA113535710,PRJEB51353,SAMEA113535710,,adult,,,SE,,,,,,2018,primary,1.0,6.787
SAMEA113535711,PRJEB51353,SAMEA113535711,,adult,,,SE,,,,,,2017,primary,1.0,7.372
SAMEA113535712,PRJEB51353,SAMEA113535712,,adult,,,SE,,,,,,2016,primary,1.0,8.76
SAMEA113535713,PRJEB51353,SAMEA113535713,,adult,,,SE,,,,,,2017,primary,1.0,8.114
SAMEA113535714,PRJEB51353,SAMEA113535714,,adult,,,SE,,,,,,2016,primary,1.0,19.458
SAMEA113535715,PRJEB51353,SAMEA113535715,,adult,,,SE,,,,,,2017,primary,1.0,8.135
SAMEA113535716,PRJEB51353,SAMEA113535716,,adult,,,SE,,,,,,2015,primary,1.0,6.634
SAMEA113535717,PRJEB51353,SAMEA113535717,,adult,,,SE,,,,,,2016,primary,1.0,7.096
SAMEA113535718,PRJEB51353,SAMEA113535718,,adult,,,SE,,,,,,2017,primary,1.0,8.193
SAMEA113535719,PRJEB51353,SAMEA113535719,,adult,,,SE,,,,,,2016,primary,1.0,7.327
SAMEA113535720,PRJEB51353,SAMEA113535720,,adult,,,SE,,,,,,2017,primary,1.0,6.548
SAMEA113535721,PRJEB51353,SAMEA113535721,,adult,,,SE,,,,,,2016,primary,1.0,9.078
SAMEA113535722,PRJEB51353,SAMEA113535722,,adult,,,SE,,,,,,2017,primary,1.0,6.194
SAMEA113535723,PRJEB51353,SAMEA113535723,,adult,,,SE,,,,,,2015,primary,1.0,7.12
SAMEA113535724,PRJEB51353,SAMEA113535724,,adult,,,SE,,,,,,2016,primary,1.0,6.774
SAMEA113535725,PRJEB51353,SAMEA113535725,,adult,,,SE,,,,,,2017,primary,1.0,7.171
SAMEA113535726,PRJEB51353,SAMEA113535726,,adult,,,SE,,,,,,2017,primary,1.0,8.269
SAMEA113535727,PRJEB51353,SAMEA113535727,,adult,,,SE,,,,,,2015,primary,1.0,6.904
SAMEA113535728,PRJEB51353,SAMEA113535728,,adult,,,SE,,,,,,2015,primary,1.0,7.264
SAMEA113535729,PRJEB51353,SAMEA113535729,,adult,,,SE,,,,,,2016,primary,1.0,7.155
SAMEA113535730,PRJEB51353,SAMEA113535730,,adult,,,SE,,,,,,2018,primary,1.0,6.21
SAMEA113535731,PRJEB51353,SAMEA113535731,,adult,,,SE,,,,,,2016,primary,1.0,6.559
SAMEA113535732,PRJEB51353,SAMEA113535732,,adult,,,SE,,,,,,2016,primary,1.0,6.746
SAMEA113535733,PRJEB51353,SAMEA113535733,,adult,,,SE,,,,,,2016,primary,1.0,6.677
SAMEA113535734,PRJEB51353,SAMEA113535734,,adult,,,SE,,,,,,2015,primary,1.0,7.929
SAMEA113535735,PRJEB51353,SAMEA113535735,,adult,,,SE,,,,,,2017,primary,1.0,6.628
SAMEA113535736,PRJEB51353,SAMEA113535736,,adult,,,SE,,,,,,2016,primary,1.0,6.233
SAMEA113535737,PRJEB51353,SAMEA113535737,,adult,,,SE,,,,,,2015,primary,1.0,7.162
SAMEA113535738,PRJEB51353,SAMEA113535738,,adult,,,SE,,,,,,2017,primary,1.0,6.481
SAMEA113535739,PRJEB51353,SAMEA113535739,,adult,,,SE,,,,,,2017,primary,1.0,8.624
SAMEA113535740,PRJEB51353,SAMEA113535740,,adult,,,SE,,,,,,2016,primary,1.0,6.414
SAMEA113535741,PRJEB51353,SAMEA113535741,,adult,,,SE,,,,,,2017,primary,1.0,6.011
SAMEA113535742,PRJEB51353,SAMEA113535742,,adult,,,SE,,,,,,2017,primary,1.0,6.375
SAMEA113535743,PRJEB51353,SAMEA113535743,,adult,,,SE,,,,,,2017,primary,1.0,7.148
SAMEA113535744,PRJEB51353,SAMEA113535744,,adult,,,SE,,,,,,2017,primary,1.0,6.852
SAMEA113535745,PRJEB51353,SAMEA113535745,,adult,,,SE,,,,,,2016,primary,1.0,6.836
SAMEA113535746,PRJEB51353,SAMEA113535746,,adult,,,SE,,,,,,2017,primary,1.0,7.726
SAMEA113535747,PRJEB51353,SAMEA113535747,,adult,,,SE,,,,,,2016,primary,1.0,7.008
SAMEA113535748,PRJEB51353,SAMEA113535748,,adult,,,SE,,,,,,2017,primary,1.0,8.304
SAMEA113535749,PRJEB51353,SAMEA113535749,,adult,,,SE,,,,,,2016,primary,1.0,7.082
SAMEA113535750,PRJEB51353,SAMEA113535750,,adult,,,SE,,,,,,2016,primary,1.0,7.279
SAMEA113535751,PRJEB51353,SAMEA113535751,,adult,,,SE,,,,,,2017,primary,1.0,7.459
SAMEA113535752,PRJEB51353,SAMEA113535752,,adult,,,SE,,,,,,2016,primary,1.0,6.526
SAMEA113535753,PRJEB51353,SAMEA113535753,,adult,,,SE,,,,,,2015,primary,1.0,6.386
SAMEA113535754,PRJEB51353,SAMEA113535754,,adult,,,SE,,,,,,2016,primary,1.0,6.058
SAMEA113535755,PRJEB51353,SAMEA113535755,,adult,,,SE,,,,,,2015,primary,1.0,7.664
SAMEA113535756,PRJEB51353,SAMEA113535756,,adult,,,SE,,,,,,2015,primary,1.0,6.958
SAMEA113535757,PRJEB51353,SAMEA113535757,,adult,,,SE,,,,,,2017,primary,1.0,7.155
SAMEA113535758,PRJEB51353,SAMEA113535758,,adult,,,SE,,,,,,2016,primary,1.0,7.112
SAMEA113535759,PRJEB51353,SAMEA113535759,,adult,,,SE,,,,,,2015,primary,1.0,7.807
SAMEA113535760,PRJEB51353,SAMEA113535760,,adult,,,SE,,,,,,2016,primary,1.0,10.046
SAMEA113535761,PRJEB51353,SAMEA113535761,,adult,,,SE,,,,,,2016,primary,1.0,6.321
SAMEA113535762,PRJEB51353,SAMEA113535762,,adult,,,SE,,,,,,2017,primary,1.0,7.614
SAMEA113535763,PRJEB51353,SAMEA113535763,,adult,,,SE,,,,,,2015,primary,1.0,7.662
SAMEA113535764,PRJEB51353,SAMEA113535764,,adult,,,SE,,,,,,2017,primary,1.0,6.624
SAMEA113535765,PRJEB51353,SAMEA113535765,,adult,,,SE,,,,,,2017,primary,1.0,8.36
SAMEA113535766,PRJEB51353,SAMEA113535766,,adult,,,SE,,,,,,2017,primary,1.0,6.777
SAMEA113535767,PRJEB51353,SAMEA113535767,,adult,,,SE,,,,,,2016,primary,1.0,6.218
SAMEA113535768,PRJEB51353,SAMEA113535768,,adult,,,SE,,,,,,2016,primary,1.0,6.323
SAMEA113535769,PRJEB51353,SAMEA113535769,,adult,,,SE,,,,,,2017,primary,1.0,6.867
SAMEA113535770,PRJEB51353,SAMEA113535770,,adult,,,SE,,,,,,2017,primary,1.0,7.298
SAMEA113535771,PRJEB51353,SAMEA113535771,,adult,,,SE,,,,,,2017,primary,1.0,6.726
SAMEA113535772,PRJEB51353,SAMEA113535772,,adult,,,SE,,,,,,2017,primary,1.0,8.264
SAMEA113535773,PRJEB51353,SAMEA113535773,,adult,,,SE,,,,,,2015,primary,1.0,7.443
SAMEA113535774,PRJEB51353,SAMEA113535774,,adult,,,SE,,,,,,2016,primary,1.0,6.263
SAMEA113535775,PRJEB51353,SAMEA113535775,,adult,,,SE,,,,,,2015,primary,1.0,7.251
SAMEA113535776,PRJEB51353,SAMEA113535776,,adult,,,SE,,,,,,2017,primary,1.0,6.309
SAMEA113535777,PRJEB51353,SAMEA113535777,,adult,,,SE,,,,,,2016,primary,1.0,6.546
SAMEA113535778,PRJEB51353,SAMEA113535778,,adult,,,SE,,,,,,2016,primary,1.0,9.521
SAMEA113535779,PRJEB51353,SAMEA113535779,,adult,,,SE,,,,,,2016,primary,1.0,9.67
SAMEA113535780,PRJEB51353,SAMEA113535780,,adult,,,SE,,,,,,2017,primary,1.0,8.171
SAMEA113535781,PRJEB51353,SAMEA113535781,,adult,,,SE,,,,,,2016,primary,1.0,6.671
SAMEA113535782,PRJEB51353,SAMEA113535782,,adult,,,SE,,,,,,2015,primary,1.0,7.595
SAMEA113535783,PRJEB51353,SAMEA113535783,,adult,,,SE,,,,,,2016,primary,1.0,8.332
SAMEA113535784,PRJEB51353,SAMEA113535784,,adult,,,SE,,,,,,2018,primary,1.0,7.441
SAMEA113535785,PRJEB51353,SAMEA113535785,,adult,,,SE,,,,,,2016,primary,1.0,6.109
SAMEA113535786,PRJEB51353,SAMEA113535786,,adult,,,SE,,,,,,2017,primary,1.0,11.282
SAMEA113535787,PRJEB51353,SAMEA113535787,,adult,,,SE,,,,,,2015,primary,1.0,7.212
SAMEA113535788,PRJEB51353,SAMEA113535788,,adult,,,SE,,,,,,2016,primary,1.0,7.23
SAMEA113535789,PRJEB51353,SAMEA113535789,,adult,,,SE,,,,,,2017,primary,1.0,9.506
SAMEA113535790,PRJEB51353,SAMEA113535790,,adult,,,SE,,,,,,2016,primary,1.0,8.987
SAMEA113535791,PRJEB51353,SAMEA113535791,,adult,,,SE,,,,,,2015,primary,1.0,9.568
SAMEA113535792,PRJEB51353,SAMEA113535792,,adult,,,SE,,,,,,2016,primary,1.0,7.126
SAMEA113535793,PRJEB51353,SAMEA113535793,,adult,,,SE,,,,,,2017,primary,1.0,9.026
SAMEA113535794,PRJEB51353,SAMEA113535794,,adult,,,SE,,,,,,2017,primary,1.0,8.422
SAMEA113535795,PRJEB51353,SAMEA113535795,,adult,,,SE,,,,,,2015,primary,1.0,7.221
SAMEA113535796,PRJEB51353,SAMEA113535796,,adult,,,SE,,,,,,2018,primary,1.0,9.147
SAMEA113535797,PRJEB51353,SAMEA113535797,,adult,,,SE,,,,,,2016,primary,1.0,7.372
SAMEA113535798,PRJEB51353,SAMEA113535798,,adult,,,SE,,,,,,2015,primary,1.0,7.512
SAMEA113535799,PRJEB51353,SAMEA113535799,,adult,,,SE,,,,,,2017,primary,1.0,7.515
SAMEA113535800,PRJEB51353,SAMEA113535800,,adult,,,SE,,,,,,2017,primary,1.0,7.133
SAMEA113535801,PRJEB51353,SAMEA113535801,,adult,,,SE,,,,,,2015,primary,1.0,7.244
SAMEA113535802,PRJEB51353,SAMEA113535802,,adult,,,SE,,,,,,2016,primary,1.0,6.541
SAMEA113535803,PRJEB51353,SAMEA113535803,,adult,,,SE,,,,,,2015,primary,1.0,6.501
SAMEA113535804,PRJEB51353,SAMEA113535804,,adult,,,SE,,,,,,2016,primary,1.0,7.049
SAMEA113535805,PRJEB51353,SAMEA113535805,,adult,,,SE,,,,,,2015,primary,1.0,8.252
SAMEA113535806,PRJEB51353,SAMEA113535806,,adult,,,SE,,,,,,2016,primary,1.0,8.436
SAMEA113535807,PRJEB51353,SAMEA113535807,,adult,,,SE,,,,,,2018,primary,1.0,6.375
SAMEA113535808,PRJEB51353,SAMEA113535808,,adult,,,SE,,,,,,2017,primary,1.0,9.265
SAMEA113535809,PRJEB51353,SAMEA113535809,,adult,,,SE,,,,,,2016,primary,1.0,7.022
SAMEA113535810,PRJEB51353,SAMEA113535810,,adult,,,SE,,,,,,2015,primary,1.0,12.595
SAMEA113535811,PRJEB51353,SAMEA113535811,,adult,,,SE,,,,,,2015,primary,1.0,9.642
SAMEA113535812,PRJEB51353,SAMEA113535812,,adult,,,SE,,,,,,2016,primary,1.0,7.18
SAMEA113535813,PRJEB51353,SAMEA113535813,,adult,,,SE,,,,,,2018,primary,1.0,7.55
SAMEA113535814,PRJEB51353,SAMEA113535814,,adult,,,SE,,,,,,2018,primary,1.0,7.847
SAMEA113535815,PRJEB51353,SAMEA113535815,,adult,,,SE,,,,,,2017,primary,1.0,6.382
SAMEA113535816,PRJEB51353,SAMEA113535816,,adult,,,SE,,,,,,2017,primary,1.0,8.165
SAMEA113535817,PRJEB51353,SAMEA113535817,,adult,,,SE,,,,,,2017,primary,1.0,9.32
SAMEA113535818,PRJEB51353,SAMEA113535818,,adult,,,SE,,,,,,2015,primary,1.0,6.093
SAMEA113535819,PRJEB51353,SAMEA113535819,,adult,,,SE,,,,,,2017,primary,1.0,11.755
SAMEA113535820,PRJEB51353,SAMEA113535820,,adult,,,SE,,,,,,2018,primary,1.0,11.795
SAMEA113535821,PRJEB51353,SAMEA113535821,,adult,,,SE,,,,,,2015,primary,1.0,6.947
SAMEA113535822,PRJEB51353,SAMEA113535822,,adult,,,SE,,,,,,2015,primary,1.0,8.109
SAMEA113535823,PRJEB51353,SAMEA113535823,,adult,,,SE,,,,,,2018,primary,1.0,10.289
SAMEA113535824,PRJEB51353,SAMEA113535824,,adult,,,SE,,,,,,2015,primary,1.0,12.158
SAMEA113535825,PRJEB51353,SAMEA113535825,,adult,,,SE,,,,,,2015,primary,1.0,6.382
SAMEA113535826,PRJEB51353,SAMEA113535826,,adult,,,SE,,,,,,2015,primary,1.0,14.299
SAMEA113535827,PRJEB51353,SAMEA113535827,,adult,,,SE,,,,,,2016,primary,1.0,7.457
SAMEA113535828,PRJEB51353,SAMEA113535828,,adult,,,SE,,,,,,2015,primary,1.0,8.23
SAMEA113535829,PRJEB51353,SAMEA113535829,,adult,,,SE,,,,,,2017,primary,1.0,6.631
SAMEA113535830,PRJEB51353,SAMEA113535830,,adult,,,SE,,,,,,2015,primary,1.0,7.618
SAMEA113535831,PRJEB51353,SAMEA113535831,,adult,,,SE,,,,,,2016,primary,1.0,6.494
SAMEA113535832,PRJEB51353,SAMEA113535832,,adult,,,SE,,,,,,2015,primary,1.0,7.201
SAMEA113535833,PRJEB51353,SAMEA113535833,,adult,,,SE,,,,,,2015,primary,1.0,7.704
SAMEA113535834,PRJEB51353,SAMEA113535834,,adult,,,SE,,,,,,2015,primary,1.0,9.09
SAMEA113535835,PRJEB51353,SAMEA113535835,,adult,,,SE,,,,,,2017,primary,1.0,11.752
SAMEA113535836,PRJEB51353,SAMEA113535836,,adult,,,SE,,,,,,2017,primary,1.0,7.758
SAMEA113535837,PRJEB51353,SAMEA113535837,,adult,,,SE,,,,,,2016,primary,1.0,10.705
SAMEA113535838,PRJEB51353,SAMEA113535838,,adult,,,SE,,,,,,2016,primary,1.0,7.837
SAMEA113535839,PRJEB51353,SAMEA113535839,,adult,,,SE,,,,,,2017,primary,1.0,8.372
SAMEA113535840,PRJEB51353,SAMEA113535840,,adult,,,SE,,,,,,2015,primary,1.0,8.121
SAMEA113535841,PRJEB51353,SAMEA113535841,,adult,,,SE,,,,,,2015,primary,1.0,8.111
SAMEA113535842,PRJEB51353,SAMEA113535842,,adult,,,SE,,,,,,2016,primary,1.0,7.797
SAMEA113535843,PRJEB51353,SAMEA113535843,,adult,,,SE,,,,,,2015,primary,1.0,6.585
SAMEA113535844,PRJEB51353,SAMEA113535844,,adult,,,SE,,,,,,2018,primary,1.0,6.543
SAMEA113535845,PRJEB51353,SAMEA113535845,,adult,,,SE,,,,,,2016,primary,1.0,8.261
SAMEA113535846,PRJEB51353,SAMEA113535846,,adult,,,SE,,,,,,2015,primary,1.0,8.063
SAMEA113535847,PRJEB51353,SAMEA113535847,,adult,,,SE,,,,,,2016,primary,1.0,6.17
SAMEA113535848,PRJEB51353,SAMEA113535848,,adult,,,SE,,,,,,2016,primary,1.0,7.239
SAMEA113535849,PRJEB51353,SAMEA113535849,,adult,,,SE,,,,,,2018,primary,1.0,8.084
SAMEA113535850,PRJEB51353,SAMEA113535850,,adult,,,SE,,,,,,2016,primary,1.0,6.165
SAMEA113535851,PRJEB51353,SAMEA113535851,,adult,,,SE,,,,,,2015,primary,1.0,7.774
SAMEA113535852,PRJEB51353,SAMEA113535852,,adult,,,SE,,,,,,2017,primary,1.0,7.384
SAMEA113535853,PRJEB51353,SAMEA113535853,,adult,,,SE,,,,,,2016,primary,1.0,7.426
SAMEA113535854,PRJEB51353,SAMEA113535854,,adult,,,SE,,,,,,2017,primary,1.0,7.595
SAMEA113535855,PRJEB51353,SAMEA113535855,,adult,,,SE,,,,,,2017,primary,1.0,7.045
SAMEA113535856,PRJEB51353,SAMEA113535856,,adult,,,SE,,,,,,2015,primary,1.0,9.155
SAMEA113535857,PRJEB51353,SAMEA113535857,,adult,,,SE,,,,,,2017,primary,1.0,8.636
SAMEA113535858,PRJEB51353,SAMEA113535858,,adult,,,SE,,,,,,2016,primary,1.0,7.421
SAMEA113535859,PRJEB51353,SAMEA113535859,,adult,,,SE,,,,,,2015,primary,1.0,5.844
SAMEA113535860,PRJEB51353,SAMEA113535860,,adult,,,SE,,,,,,2017,primary,1.0,8.192
SAMEA113535861,PRJEB51353,SAMEA113535861,,adult,,,SE,,,,,,2018,primary,1.0,6.383
SAMEA113535862,PRJEB51353,SAMEA113535862,,adult,,,SE,,,,,,2016,primary,1.0,6.724
SAMEA113535863,PRJEB51353,SAMEA113535863,,adult,,,SE,,,,,,2015,primary,1.0,6.906
SAMEA113535864,PRJEB51353,SAMEA113535864,,adult,,,SE,,,,,,2017,primary,1.0,10.437
SAMEA113535865,PRJEB51353,SAMEA113535865,,adult,,,SE,,,,,,2017,primary,1.0,10.002
SAMEA113535866,PRJEB51353,SAMEA113535866,,adult,,,SE,,,,,,2015,primary,1.0,6.7
SAMEA113535867,PRJEB51353,SAMEA113535867,,adult,,,SE,,,,,,2015,primary,1.0,8.16
SAMEA113535868,PRJEB51353,SAMEA113535868,,adult,,,SE,,,,,,2017,primary,1.0,7.224
SAMEA113535869,PRJEB51353,SAMEA113535869,,adult,,,SE,,,,,,2016,primary,1.0,9.101
SAMEA113535870,PRJEB51353,SAMEA113535870,,adult,,,SE,,,,,,2017,primary,1.0,6.62
SAMEA113535871,PRJEB51353,SAMEA113535871,,adult,,,SE,,,,,,2016,primary,1.0,6.274
SAMEA113535872,PRJEB51353,SAMEA113535872,,adult,,,SE,,,,,,2016,primary,1.0,6.392
SAMEA113535873,PRJEB51353,SAMEA113535873,,adult,,,SE,,,,,,2016,primary,1.0,6.383
SAMEA113535874,PRJEB51353,SAMEA113535874,,adult,,,SE,,,,,,2017,primary,1.0,8.948
SAMEA113535875,PRJEB51353,SAMEA113535875,,adult,,,SE,,,,,,2018,primary,1.0,10.152
SAMEA113535876,PRJEB51353,SAMEA113535876,,adult,,,SE,,,,,,2018,primary,1.0,7.856
SAMEA113535877,PRJEB51353,SAMEA113535877,,adult,,,SE,,,,,,2015,primary,1.0,8.316
SAMEA113535878,PRJEB51353,SAMEA113535878,,adult,,,SE,,,,,,2016,primary,1.0,9.73
SAMEA113535879,PRJEB51353,SAMEA113535879,,adult,,,SE,,,,,,2017,primary,1.0,8.715
SAMEA113535880,PRJEB51353,SAMEA113535880,,adult,,,SE,,,,,,2017,primary,1.0,6.994
SAMEA113535881,PRJEB51353,SAMEA113535881,,adult,,,SE,,,,,,2018,primary,1.0,7.212
SAMEA113535882,PRJEB51353,SAMEA113535882,,adult,,,SE,,,,,,2016,primary,1.0,7.598
SAMEA113535883,PRJEB51353,SAMEA113535883,,adult,,,SE,,,,,,2017,primary,1.0,10.114
SAMEA113535884,PRJEB51353,SAMEA113535884,,adult,,,SE,,,,,,2017,primary,1.0,7.857
SAMEA113535885,PRJEB51353,SAMEA113535885,,adult,,,SE,,,,,,2017,primary,1.0,6.58
SAMEA113535886,PRJEB51353,SAMEA113535886,,adult,,,SE,,,,,,2015,primary,1.0,6.374
SAMEA113535887,PRJEB51353,SAMEA113535887,,adult,,,SE,,,,,,2015,primary,1.0,7.459
SAMEA113535888,PRJEB51353,SAMEA113535888,,adult,,,SE,,,,,,2015,primary,1.0,7.152
SAMEA113535889,PRJEB51353,SAMEA113535889,,adult,,,SE,,,,,,2017,primary,1.0,7.351
SAMEA113535890,PRJEB51353,SAMEA113535890,,adult,,,SE,,,,,,2015,primary,1.0,9.946
SAMEA113535891,PRJEB51353,SAMEA113535891,,adult,,,SE,,,,,,2017,primary,1.0,6.798
SAMEA113535892,PRJEB51353,SAMEA113535892,,adult,,,SE,,,,,,2017,primary,1.0,7.318
SAMEA113535893,PRJEB51353,SAMEA113535893,,adult,,,SE,,,,,,2018,primary,1.0,7.386
SAMEA113535894,PRJEB51353,SAMEA113535894,,adult,,,SE,,,,,,2016,primary,1.0,7.456
SAMEA113535895,PRJEB51353,SAMEA113535895,,adult,,,SE,,,,,,2016,primary,1.0,7.534
SAMEA113535896,PRJEB51353,SAMEA113535896,,adult,,,SE,,,,,,2017,primary,1.0,6.873
SAMEA113535897,PRJEB51353,SAMEA113535897,,adult,,,SE,,,,,,2017,primary,1.0,7.063
SAMEA113535898,PRJEB51353,SAMEA113535898,,adult,,,SE,,,,,,2015,primary,1.0,9.267
SAMEA113535899,PRJEB51353,SAMEA113535899,,adult,,,SE,,,,,,2015,primary,1.0,6.991
SAMEA113535900,PRJEB51353,SAMEA113535900,,adult,,,SE,,,,,,2017,primary,1.0,7.09
SAMEA113535901,PRJEB51353,SAMEA113535901,,adult,,,SE,,,,,,2017,primary,1.0,7.557
SAMEA113535902,PRJEB51353,SAMEA113535902,,adult,,,SE,,,,,,2017,primary,1.0,7.122
SAMEA113535903,PRJEB51353,SAMEA113535903,,adult,,,SE,,,,,,2017,primary,1.0,7.187
SAMEA113535904,PRJEB51353,SAMEA113535904,,adult,,,SE,,,,,,2017,primary,1.0,6.958
SAMEA113535905,PRJEB51353,SAMEA113535905,,adult,,,SE,,,,,,2016,primary,1.0,7.158
SAMEA113535906,PRJEB51353,SAMEA113535906,,adult,,,SE,,,,,,2016,primary,1.0,8.648
SAMEA113535907,PRJEB51353,SAMEA113535907,,adult,,,SE,,,,,,2017,primary,1.0,8.3
SAMEA113535908,PRJEB51353,SAMEA113535908,,adult,,,SE,,,,,,2016,primary,1.0,6.784
SAMEA113535909,PRJEB51353,SAMEA113535909,,adult,,,SE,,,,,,2017,primary,1.0,5.987
SAMEA113535910,PRJEB51353,SAMEA113535910,,adult,,,SE,,,,,,2015,primary,1.0,7.968
SAMEA113535911,PRJEB51353,SAMEA113535911,,adult,,,SE,,,,,,2015,primary,1.0,10.232
SAMEA113535912,PRJEB51353,SAMEA113535912,,adult,,,SE,,,,,,2015,primary,1.0,6.619
SAMEA113535913,PRJEB51353,SAMEA113535913,,adult,,,SE,,,,,,2017,primary,1.0,7.325
SAMEA113535914,PRJEB51353,SAMEA113535914,,adult,,,SE,,,,,,2016,primary,1.0,6.445
SAMEA113535915,PRJEB51353,SAMEA113535915,,adult,,,SE,,,,,,2015,primary,1.0,8.913
SAMEA113535916,PRJEB51353,SAMEA113535916,,adult,,,SE,,,,,,2017,primary,1.0,7.571
SAMEA113535917,PRJEB51353,SAMEA113535917,,adult,,,SE,,,,,,2016,primary,1.0,7.44
SAMEA113535918,PRJEB51353,SAMEA113535918,,adult,,,SE,,,,,,2015,primary,1.0,8.385
SAMEA113535919,PRJEB51353,SAMEA113535919,,adult,,,SE,,,,,,2017,primary,1.0,7.186
SAMEA113535920,PRJEB51353,SAMEA113535920,,adult,,,SE,,,,,,2016,primary,1.0,9.224
SAMEA113535921,PRJEB51353,SAMEA113535921,,adult,,,SE,,,,,,2015,primary,1.0,7.031
SAMEA113535922,PRJEB51353,SAMEA113535922,,adult,,,SE,,,,,,2017,primary,1.0,7.49
SAMEA113535923,PRJEB51353,SAMEA113535923,,adult,,,SE,,,,,,2017,primary,1.0,8.711
SAMEA113535924,PRJEB51353,SAMEA113535924,,adult,,,SE,,,,,,2017,primary,1.0,7.861
SAMEA113535925,PRJEB51353,SAMEA113535925,,adult,,,SE,,,,,,2015,primary,1.0,7.374
SAMEA113535926,PRJEB51353,SAMEA113535926,,adult,,,SE,,,,,,2017,primary,1.0,7.499
SAMEA113535927,PRJEB51353,SAMEA113535927,,adult,,,SE,,,,,,2017,primary,1.0,10.4
SAMEA113535928,PRJEB51353,SAMEA113535928,,adult,,,SE,,,,,,2017,primary,1.0,8.411
SAMEA113535929,PRJEB51353,SAMEA113535929,,adult,,,SE,,,,,,2016,primary,1.0,6.694
SAMEA113535930,PRJEB51353,SAMEA113535930,,adult,,,SE,,,,,,2018,primary,1.0,9.478
SAMEA113535931,PRJEB51353,SAMEA113535931,,adult,,,SE,,,,,,2016,primary,1.0,6.283
SAMEA113535932,PRJEB51353,SAMEA113535932,,adult,,,SE,,,,,,2015,primary,1.0,8.738
SAMEA113535933,PRJEB51353,SAMEA113535933,,adult,,,SE,,,,,,2018,primary,1.0,8.387
SAMEA113535934,PRJEB51353,SAMEA113535934,,adult,,,SE,,,,,,2015,primary,1.0,9.906
SAMEA113535935,PRJEB51353,SAMEA113535935,,adult,,,SE,,,,,,2017,primary,1.0,7.803
SAMEA113535936,PRJEB51353,SAMEA113535936,,adult,,,SE,,,,,,2016,primary,1.0,7.812
SAMEA113535937,PRJEB51353,SAMEA113535937,,adult,,,SE,,,,,,2015,primary,1.0,8.329
SAMEA113535938,PRJEB51353,SAMEA113535938,,adult,,,SE,,,,,,2015,primary,1.0,8.07
SAMEA113535939,PRJEB51353,SAMEA113535939,,adult,,,SE,,,,,,2015,primary,1.0,7.126
SAMEA113535940,PRJEB51353,SAMEA113535940,,adult,,,SE,,,,,,2017,primary,1.0,10.321
SAMEA113535941,PRJEB51353,SAMEA113535941,,adult,,,SE,,,,,,2017,primary,1.0,9.435
SAMEA113535942,PRJEB51353,SAMEA113535942,,adult,,,SE,,,,,,2015,primary,1.0,8.126
SAMEA113535943,PRJEB51353,SAMEA113535943,,adult,,,SE,,,,,,2017,primary,1.0,8.754
SAMEA113535944,PRJEB51353,SAMEA113535944,,adult,,,SE,,,,,,2017,primary,1.0,7.847
SAMEA113535945,PRJEB51353,SAMEA113535945,,adult,,,SE,,,,,,2015,primary,1.0,7.886
SAMEA113535946,PRJEB51353,SAMEA113535946,,adult,,,SE,,,,,,2015,primary,1.0,6.739
SAMEA113535947,PRJEB51353,SAMEA113535947,,adult,,,SE,,,,,,2017,primary,1.0,6.642
SAMEA113535948,PRJEB51353,SAMEA113535948,,adult,,,SE,,,,,,2017,primary,1.0,8.883
SAMEA113535949,PRJEB51353,SAMEA113535949,,adult,,,SE,,,,,,2016,primary,1.0,7.623
SAMEA113535950,PRJEB51353,SAMEA113535950,,adult,,,SE,,,,,,2017,primary,1.0,8.296
SAMEA113535951,PRJEB51353,SAMEA113535951,,adult,,,SE,,,,,,2015,primary,1.0,9.142
SAMEA113535952,PRJEB51353,SAMEA113535952,,adult,,,SE,,,,,,2016,primary,1.0,6.699
SAMEA113535953,PRJEB51353,SAMEA113535953,,adult,,,SE,,,,,,2016,primary,1.0,9.676
SAMEA113535954,PRJEB51353,SAMEA113535954,,adult,,,SE,,,,,,2018,primary,1.0,6.709
SAMEA113535955,PRJEB51353,SAMEA113535955,,adult,,,SE,,,,,,2016,primary,1.0,7.877
SAMEA113535956,PRJEB51353,SAMEA113535956,,adult,,,SE,,,,,,2015,primary,1.0,6.766
SAMEA113535957,PRJEB51353,SAMEA113535957,,adult,,,SE,,,,,,2016,primary,1.0,11.231
SAMEA113535958,PRJEB51353,SAMEA113535958,,adult,,,SE,,,,,,2017,primary,1.0,7.202
SAMEA113535959,PRJEB51353,SAMEA113535959,,adult,,,SE,,,,,,2016,primary,1.0,6.521
SAMEA113535960,PRJEB51353,SAMEA113535960,,adult,,,SE,,,,,,2017,primary,1.0,7.996
SAMEA113535961,PRJEB51353,SAMEA113535961,,adult,,,SE,,,,,,2017,primary,1.0,7.69
SAMEA113535962,PRJEB51353,SAMEA113535962,,adult,,,SE,,,,,,2016,primary,1.0,8.663
SAMEA113535963,PRJEB51353,SAMEA113535963,,adult,,,SE,,,,,,2015,primary,1.0,9.667
SAMEA113535964,PRJEB51353,SAMEA113535964,,adult,,,SE,,,,,,2015,primary,1.0,10.173
SAMEA113535965,PRJEB51353,SAMEA113535965,,adult,,,SE,,,,,,2016,primary,1.0,8.226
SAMEA113535966,PRJEB51353,SAMEA113535966,,adult,,,SE,,,,,,2016,primary,1.0,8.577
SAMEA113535967,PRJEB51353,SAMEA113535967,,adult,,,SE,,,,,,2016,primary,1.0,8.832
SAMEA113535968,PRJEB51353,SAMEA113535968,,adult,,,SE,,,,,,2017,primary,1.0,7.653
SAMEA113535969,PRJEB51353,SAMEA113535969,,adult,,,SE,,,,,,2016,primary,1.0,7.834
SAMEA113535970,PRJEB51353,SAMEA113535970,,adult,,,SE,,,,,,2016,primary,1.0,7.133
SAMEA113535971,PRJEB51353,SAMEA113535971,,adult,,,SE,,,,,,2016,primary,1.0,7.953
SAMEA113535972,PRJEB51353,SAMEA113535972,,adult,,,SE,,,,,,2016,primary,1.0,8.422
SAMEA113535973,PRJEB51353,SAMEA113535973,,adult,,,SE,,,,,,2016,primary,1.0,9.222
SAMEA113535974,PRJEB51353,SAMEA113535974,,adult,,,SE,,,,,,2016,primary,1.0,7.116
SAMEA113535975,PRJEB51353,SAMEA113535975,,adult,,,SE,,,,,,2016,primary,1.0,7.914
SAMEA113535976,PRJEB51353,SAMEA113535976,,adult,,,SE,,,,,,2016,primary,1.0,7.813
SAMEA113535977,PRJEB51353,SAMEA113535977,,adult,,,SE,,,,,,2017,primary,1.0,7.31
SAMEA113535978,PRJEB51353,SAMEA113535978,,adult,,,SE,,,,,,2015,primary,1.0,8.682
SAMEA113535979,PRJEB51353,SAMEA113535979,,adult,,,SE,,,,,,2017,primary,1.0,7.834
SAMEA113535980,PRJEB51353,SAMEA113535980,,adult,,,SE,,,,,,2016,primary,1.0,9.682
SAMEA113535981,PRJEB51353,SAMEA113535981,,adult,,,SE,,,,,,2015,primary,1.0,8.245
SAMEA113535982,PRJEB51353,SAMEA113535982,,adult,,,SE,,,,,,2015,primary,1.0,9.126
SAMEA113535983,PRJEB51353,SAMEA113535983,,adult,,,SE,,,,,,2017,primary,1.0,8.056
SAMEA113535984,PRJEB51353,SAMEA113535984,,adult,,,SE,,,,,,2016,primary,1.0,7.294
SAMEA113535985,PRJEB51353,SAMEA113535985,,adult,,,SE,,,,,,2016,primary,1.0,6.5
SAMEA113535986,PRJEB51353,SAMEA113535986,,adult,,,SE,,,,,,2017,primary,1.0,9.787
SAMEA113535987,PRJEB51353,SAMEA113535987,,adult,,,SE,,,,,,2017,primary,1.0,7.726
SAMEA113535988,PRJEB51353,SAMEA113535988,,adult,,,SE,,,,,,2018,primary,1.0,6.054
SAMEA113535989,PRJEB51353,SAMEA113535989,,adult,,,SE,,,,,,2016,primary,1.0,7.294
SAMEA113535990,PRJEB51353,SAMEA113535990,,adult,,,SE,,,,,,2016,primary,1.0,7.133
SAMEA113535991,PRJEB51353,SAMEA113535991,,adult,,,SE,,,,,,2017,primary,1.0,8.134
SAMEA113535992,PRJEB51353,SAMEA113535992,,adult,,,SE,,,,,,2017,primary,1.0,8.787
SAMEA113535993,PRJEB51353,SAMEA113535993,,adult,,,SE,,,,,,2017,primary,1.0,6.798
SAMEA113535994,PRJEB51353,SAMEA113535994,,adult,,,SE,,,,,,2017,primary,1.0,7.801
SAMEA113535995,PRJEB51353,SAMEA113535995,,adult,,,SE,,,,,,2016,primary,1.0,7.288
SAMEA113535996,PRJEB51353,SAMEA113535996,,adult,,,SE,,,,,,2016,primary,1.0,7.507
SAMEA113535997,PRJEB51353,SAMEA113535997,,adult,,,SE,,,,,,2017,primary,1.0,8.163
SAMEA113535998,PRJEB51353,SAMEA113535998,,adult,,,SE,,,,,,2015,primary,1.0,7.743
SAMEA113535999,PRJEB51353,SAMEA113535999,,adult,,,SE,,,,,,2018,primary,1.0,8.502
SAMEA113536000,PRJEB51353,SAMEA113536000,,adult,,,SE,,,,,,2017,primary,1.0,7.656
SAMEA113536001,PRJEB51353,SAMEA113536001,,adult,,,SE,,,,,,2016,primary,1.0,7.944
SAMEA113536002,PRJEB51353,SAMEA113536002,,adult,,,SE,,,,,,2018,primary,1.0,7.006
SAMEA113536003,PRJEB51353,SAMEA113536003,,adult,,,SE,,,,,,2016,primary,1.0,6.349
SAMEA113536004,PRJEB51353,SAMEA113536004,,adult,,,SE,,,,,,2015,primary,1.0,10.533
SAMEA113536005,PRJEB51353,SAMEA113536005,,adult,,,SE,,,,,,2016,primary,1.0,8.765
SAMEA113536006,PRJEB51353,SAMEA113536006,,adult,,,SE,,,,,,2017,primary,1.0,9.447
SAMEA113536007,PRJEB51353,SAMEA113536007,,adult,,,SE,,,,,,2015,primary,1.0,8.288
SAMEA113536008,PRJEB51353,SAMEA113536008,,adult,,,SE,,,,,,2016,primary,1.0,5.993
SAMEA113536009,PRJEB51353,SAMEA113536009,,adult,,,SE,,,,,,2017,primary,1.0,7.461
SAMEA113536010,PRJEB51353,SAMEA113536010,,adult,,,SE,,,,,,2017,primary,1.0,7.839
SAMEA113536011,PRJEB51353,SAMEA113536011,,adult,,,SE,,,,,,2018,primary,1.0,6.802
SAMEA113536012,PRJEB51353,SAMEA113536012,,adult,,,SE,,,,,,2016,primary,1.0,7.348
SAMEA113536013,PRJEB51353,SAMEA113536013,,adult,,,SE,,,,,,2015,primary,1.0,7.834
SAMEA113536014,PRJEB51353,SAMEA113536014,,adult,,,SE,,,,,,2016,primary,1.0,7.842
SAMEA113536015,PRJEB51353,SAMEA113536015,,adult,,,SE,,,,,,2016,primary,1.0,7.143
SAMEA113536016,PRJEB51353,SAMEA113536016,,adult,,,SE,,,,,,2016,primary,1.0,7.417
SAMEA113536017,PRJEB51353,SAMEA113536017,,adult,,,SE,,,,,,2016,primary,1.0,7.313
SAMEA113536018,PRJEB51353,SAMEA113536018,,adult,,,SE,,,,,,2017,primary,1.0,7.985
SAMEA113536019,PRJEB51353,SAMEA113536019,,adult,,,SE,,,,,,2017,primary,1.0,9.451
SAMEA113536020,PRJEB51353,SAMEA113536020,,adult,,,SE,,,,,,2017,primary,1.0,13.738
SAMEA113536021,PRJEB51353,SAMEA113536021,,adult,,,SE,,,,,,2017,primary,1.0,10.241
SAMEA113536022,PRJEB51353,SAMEA113536022,,adult,,,SE,,,,,,2015,primary,1.0,7.06
SAMEA113536023,PRJEB51353,SAMEA113536023,,adult,,,SE,,,,,,2015,primary,1.0,8.16
SAMEA113536024,PRJEB51353,SAMEA113536024,,adult,,,SE,,,,,,2017,primary,1.0,7.291
SAMEA113536025,PRJEB51353,SAMEA113536025,,adult,,,SE,,,,,,2016,primary,1.0,10.073
SAMEA113536026,PRJEB51353,SAMEA113536026,,adult,,,SE,,,,,,2016,primary,1.0,6.454
SAMEA113536027,PRJEB51353,SAMEA113536027,,adult,,,SE,,,,,,2016,primary,1.0,7.57
SAMEA113536028,PRJEB51353,SAMEA113536028,,adult,,,SE,,,,,,2017,primary,1.0,7.3
SAMEA113536029,PRJEB51353,SAMEA113536029,,adult,,,SE,,,,,,2017,primary,1.0,8.027
SAMEA113536030,PRJEB51353,SAMEA113536030,,adult,,,SE,,,,,,2017,primary,1.0,9.95
SAMEA113536031,PRJEB51353,SAMEA113536031,,adult,,,SE,,,,,,2016,primary,1.0,6.874
SAMEA113536032,PRJEB51353,SAMEA113536032,,adult,,,SE,,,,,,2017,primary,1.0,8.741
SAMEA113536033,PRJEB51353,SAMEA113536033,,adult,,,SE,,,,,,2017,primary,1.0,10.099
SAMEA113536034,PRJEB51353,SAMEA113536034,,adult,,,SE,,,,,,2015,primary,1.0,7.755
SAMEA113536035,PRJEB51353,SAMEA113536035,,adult,,,SE,,,,,,2016,primary,1.0,9.004
SAMEA113536036,PRJEB51353,SAMEA113536036,,adult,,,SE,,,,,,2016,primary,1.0,8.148
SAMEA113536037,PRJEB51353,SAMEA113536037,,adult,,,SE,,,,,,2017,primary,1.0,7.703
SAMEA113536038,PRJEB51353,SAMEA113536038,,adult,,,SE,,,,,,2017,primary,1.0,8.923
SAMEA113536039,PRJEB51353,SAMEA113536039,,adult,,,SE,,,,,,2016,primary,1.0,6.36
SAMEA113536040,PRJEB51353,SAMEA113536040,,adult,,,SE,,,,,,2016,primary,1.0,7.032
SAMEA113536041,PRJEB51353,SAMEA113536041,,adult,,,SE,,,,,,2015,primary,1.0,7.358
SAMEA113536042,PRJEB51353,SAMEA113536042,,adult,,,SE,,,,,,2017,primary,1.0,9.752
SAMEA113536043,PRJEB51353,SAMEA113536043,,adult,,,SE,,,,,,2018,primary,1.0,6.491
SAMEA113536044,PRJEB51353,SAMEA113536044,,adult,,,SE,,,,,,2015,primary,1.0,7.461
SAMEA113536045,PRJEB51353,SAMEA113536045,,adult,,,SE,,,,,,2016,primary,1.0,7.631
SAMEA113536046,PRJEB51353,SAMEA113536046,,adult,,,SE,,,,,,2015,primary,1.0,8.588
SAMEA113536047,PRJEB51353,SAMEA113536047,,adult,,,SE,,,,,,2017,primary,1.0,8.237
SAMEA113536048,PRJEB51353,SAMEA113536048,,adult,,,SE,,,,,,2017,primary,1.0,7.589
SAMEA113536049,PRJEB51353,SAMEA113536049,,adult,,,SE,,,,,,2016,primary,1.0,7.197
SAMEA113536050,PRJEB51353,SAMEA113536050,,adult,,,SE,,,,,,2015,primary,1.0,9.402
SAMEA113536051,PRJEB51353,SAMEA113536051,,adult,,,SE,,,,,,2015,primary,1.0,7.198
SAMEA113536052,PRJEB51353,SAMEA113536052,,adult,,,SE,,,,,,2016,primary,1.0,6.178
SAMEA113536053,PRJEB51353,SAMEA113536053,,adult,,,SE,,,,,,2016,primary,1.0,6.208
SAMEA113536054,PRJEB51353,SAMEA113536054,,adult,,,SE,,,,,,2015,primary,1.0,10.08
SAMEA113536055,PRJEB51353,SAMEA113536055,,adult,,,SE,,,,,,2015,primary,1.0,7.233
SAMEA113536056,PRJEB51353,SAMEA113536056,,adult,,,SE,,,,,,2016,primary,1.0,10.532
SAMEA113536057,PRJEB51353,SAMEA113536057,,adult,,,SE,,,,,,2015,primary,1.0,8.294
SAMEA113536058,PRJEB51353,SAMEA113536058,,adult,,,SE,,,,,,2015,primary,1.0,6.93
SAMEA113536059,PRJEB51353,SAMEA113536059,,adult,,,SE,,,,,,2015,primary,1.0,8.511
SAMEA113536060,PRJEB51353,SAMEA113536060,,adult,,,SE,,,,,,2015,primary,1.0,12.006
SAMEA113536061,PRJEB51353,SAMEA113536061,,adult,,,SE,,,,,,2016,primary,1.0,9.986
SAMEA113536062,PRJEB51353,SAMEA113536062,,adult,,,SE,,,,,,2017,primary,1.0,10.072
SAMEA113536063,PRJEB51353,SAMEA113536063,,adult,,,SE,,,,,,2016,primary,1.0,12.676
SAMEA113536064,PRJEB51353,SAMEA113536064,,adult,,,SE,,,,,,2017,primary,1.0,6.053
SAMEA113536065,PRJEB51353,SAMEA113536065,,adult,,,SE,,,,,,2016,primary,1.0,6.025
SAMEA113536066,PRJEB51353,SAMEA113536066,,adult,,,SE,,,,,,2018,primary,1.0,8.423
SAMEA113536067,PRJEB51353,SAMEA113536067,,adult,,,SE,,,,,,2017,primary,1.0,7.349
SAMEA113536068,PRJEB51353,SAMEA113536068,,adult,,,SE,,,,,,2015,primary,1.0,7.145
SAMEA113536069,PRJEB51353,SAMEA113536069,,adult,,,SE,,,,,,2015,primary,1.0,8.44
SAMEA113536070,PRJEB51353,SAMEA113536070,,adult,,,SE,,,,,,2015,primary,1.0,7.742
SAMEA113536071,PRJEB51353,SAMEA113536071,,adult,,,SE,,,,,,2016,primary,1.0,9.511
SAMEA113536072,PRJEB51353,SAMEA113536072,,adult,,,SE,,,,,,2018,primary,1.0,10.849
SAMEA113536073,PRJEB51353,SAMEA113536073,,adult,,,SE,,,,,,2015,primary,1.0,9.381
SAMEA113536074,PRJEB51353,SAMEA113536074,,adult,,,SE,,,,,,2017,primary,1.0,8.27
SAMEA113536075,PRJEB51353,SAMEA113536075,,adult,,,SE,,,,,,2017,primary,1.0,7.991
SAMEA113536076,PRJEB51353,SAMEA113536076,,adult,,,SE,,,,,,2017,primary,1.0,9.552
SAMEA113536077,PRJEB51353,SAMEA113536077,,adult,,,SE,,,,,,2016,primary,1.0,7.367
SAMEA113536078,PRJEB51353,SAMEA113536078,,adult,,,SE,,,,,,2017,primary,1.0,9.855
SAMEA113536079,PRJEB51353,SAMEA113536079,,adult,,,SE,,,,,,2016,primary,1.0,8.059
SAMEA113536080,PRJEB51353,SAMEA113536080,,adult,,,SE,,,,,,2017,primary,1.0,7.762
SAMEA113536081,PRJEB51353,SAMEA113536081,,adult,,,SE,,,,,,2016,primary,1.0,6.661
SAMEA113536082,PRJEB51353,SAMEA113536082,,adult,,,SE,,,,,,2015,primary,1.0,8.278
SAMEA113536083,PRJEB51353,SAMEA113536083,,adult,,,SE,,,,,,2016,primary,1.0,8.806
SAMEA113536084,PRJEB51353,SAMEA113536084,,adult,,,SE,,,,,,2016,primary,1.0,9.78
SAMEA113536085,PRJEB51353,SAMEA113536085,,adult,,,SE,,,,,,2017,primary,1.0,6.544
SAMEA113536086,PRJEB51353,SAMEA113536086,,adult,,,SE,,,,,,2017,primary,1.0,8.21
SAMEA113536087,PRJEB51353,SAMEA113536087,,adult,,,SE,,,,,,2015,primary,1.0,6.467
SAMEA113536088,PRJEB51353,SAMEA113536088,,adult,,,SE,,,,,,2017,primary,1.0,8.859
SAMEA113536089,PRJEB51353,SAMEA113536089,,adult,,,SE,,,,,,2015,primary,1.0,7.169
SAMEA113536090,PRJEB51353,SAMEA113536090,,adult,,,SE,,,,,,2017,primary,1.0,9.334
SAMEA113536091,PRJEB51353,SAMEA113536091,,adult,,,SE,,,,,,2017,primary,1.0,8.084
SAMEA113536092,PRJEB51353,SAMEA113536092,,adult,,,SE,,,,,,2016,primary,1.0,10.587
SAMEA113536093,PRJEB51353,SAMEA113536093,,adult,,,SE,,,,,,2016,primary,1.0,7.972
SAMEA113536094,PRJEB51353,SAMEA113536094,,adult,,,SE,,,,,,2017,primary,1.0,6.477
SAMEA113536095,PRJEB51353,SAMEA113536095,,adult,,,SE,,,,,,2015,primary,1.0,8.127
SAMEA113536096,PRJEB51353,SAMEA113536096,,adult,,,SE,,,,,,2015,primary,1.0,12.716
SAMEA113536097,PRJEB51353,SAMEA113536097,,adult,,,SE,,,,,,2015,primary,1.0,6.809
SAMEA113536098,PRJEB51353,SAMEA113536098,,adult,,,SE,,,,,,2017,primary,1.0,9.173
SAMEA113536099,PRJEB51353,SAMEA113536099,,adult,,,SE,,,,,,2017,primary,1.0,8.022
SAMEA113536100,PRJEB51353,SAMEA113536100,,adult,,,SE,,,,,,2016,primary,1.0,8.156
SAMEA113536101,PRJEB51353,SAMEA113536101,,adult,,,SE,,,,,,2015,primary,1.0,6.947
SAMEA113536102,PRJEB51353,SAMEA113536102,,adult,,,SE,,,,,,2015,primary,1.0,7.712
SAMEA113536103,PRJEB51353,SAMEA113536103,,adult,,,SE,,,,,,2016,primary,1.0,9.302
SAMEA113536104,PRJEB51353,SAMEA113536104,,adult,,,SE,,,,,,2015,primary,1.0,6.652
SAMEA113536105,PRJEB51353,SAMEA113536105,,adult,,,SE,,,,,,2016,primary,1.0,9.88
SAMEA113536106,PRJEB51353,SAMEA113536106,,adult,,,SE,,,,,,2018,primary,1.0,9.002
SAMEA113536107,PRJEB51353,SAMEA113536107,,adult,,,SE,,,,,,2015,primary,1.0,8.248
SAMEA113536108,PRJEB51353,SAMEA113536108,,adult,,,SE,,,,,,2016,primary,1.0,10.229
SAMEA113536109,PRJEB51353,SAMEA113536109,,adult,,,SE,,,,,,2017,primary,1.0,7.418
SAMEA113536110,PRJEB51353,SAMEA113536110,,adult,,,SE,,,,,,2015,primary,1.0,7.593
SAMEA113536111,PRJEB51353,SAMEA113536111,,adult,,,SE,,,,,,2015,primary,1.0,7.031
SAMEA113536112,PRJEB51353,SAMEA113536112,,adult,,,SE,,,,,,2016,primary,1.0,7.665
SAMEA113536113,PRJEB51353,SAMEA113536113,,adult,,,SE,,,,,,2015,primary,1.0,7.97
SAMEA113536114,PRJEB51353,SAMEA113536114,,adult,,,SE,,,,,,2016,primary,1.0,6.815
SAMEA113536115,PRJEB51353,SAMEA113536115,,adult,,,SE,,,,,,2017,primary,1.0,6.938
SAMEA113536116,PRJEB51353,SAMEA113536116,,adult,,,SE,,,,,,2015,primary,1.0,8.51
SAMEA113536117,PRJEB51353,SAMEA113536117,,adult,,,SE,,,,,,2016,primary,1.0,7.798
SAMEA113536118,PRJEB51353,SAMEA113536118,,adult,,,SE,,,,,,2017,primary,1.0,8.464
SAMEA113536119,PRJEB51353,SAMEA113536119,,adult,,,SE,,,,,,2017,primary,1.0,7.393
SAMEA113536120,PRJEB51353,SAMEA113536120,,adult,,,SE,,,,,,2017,primary,1.0,6.241
SAMEA113536121,PRJEB51353,SAMEA113536121,,adult,,,SE,,,,,,2016,primary,1.0,6.248
SAMEA113536122,PRJEB51353,SAMEA113536122,,adult,,,SE,,,,,,2016,primary,1.0,6.274
SAMEA113536123,PRJEB51353,SAMEA113536123,,adult,,,SE,,,,,,2016,primary,1.0,6.619
SAMEA113536124,PRJEB51353,SAMEA113536124,,adult,,,SE,,,,,,2016,primary,1.0,6.935
SAMEA113536125,PRJEB51353,SAMEA113536125,,adult,,,SE,,,,,,2017,primary,1.0,10.457
SAMEA113536126,PRJEB51353,SAMEA113536126,,adult,,,SE,,,,,,2015,primary,1.0,7.571
SAMEA113536127,PRJEB51353,SAMEA113536127,,adult,,,SE,,,,,,2018,primary,1.0,7.367
SAMEA113536128,PRJEB51353,SAMEA113536128,,adult,,,SE,,,,,,2016,primary,1.0,7.321
SAMEA113536129,PRJEB51353,SAMEA113536129,,adult,,,SE,,,,,,2018,primary,1.0,8.871
SAMEA113536130,PRJEB51353,SAMEA113536130,,adult,,,SE,,,,,,2015,primary,1.0,7.54
SAMEA113536131,PRJEB51353,SAMEA113536131,,adult,,,SE,,,,,,2017,primary,1.0,7.486
SAMEA113536132,PRJEB51353,SAMEA113536132,,adult,,,SE,,,,,,2015,primary,1.0,9.03
SAMEA113536133,PRJEB51353,SAMEA113536133,,adult,,,SE,,,,,,2017,primary,1.0,6.633
SAMEA113536134,PRJEB51353,SAMEA113536134,,adult,,,SE,,,,,,2016,primary,1.0,8.299
SAMEA113536135,PRJEB51353,SAMEA113536135,,adult,,,SE,,,,,,2016,primary,1.0,8.324
SAMEA113536136,PRJEB51353,SAMEA113536136,,adult,,,SE,,,,,,2015,primary,1.0,9.401
SAMEA113536137,PRJEB51353,SAMEA113536137,,adult,,,SE,,,,,,2016,primary,1.0,7.431
SAMEA113536138,PRJEB51353,SAMEA113536138,,adult,,,SE,,,,,,2017,primary,1.0,6.851
SAMEA113536139,PRJEB51353,SAMEA113536139,,adult,,,SE,,,,,,2016,primary,1.0,6.371
SAMEA113536140,PRJEB51353,SAMEA113536140,,adult,,,SE,,,,,,2016,primary,1.0,6.017
SAMEA113536141,PRJEB51353,SAMEA113536141,,adult,,,SE,,,,,,2016,primary,1.0,9.778
SAMEA113536142,PRJEB51353,SAMEA113536142,,adult,,,SE,,,,,,2015,primary,1.0,7.589
SAMEA113536143,PRJEB51353,SAMEA113536143,,adult,,,SE,,,,,,2017,primary,1.0,9.183
SAMEA113536144,PRJEB51353,SAMEA113536144,,adult,,,SE,,,,,,2016,primary,1.0,6.741
SAMEA113536145,PRJEB51353,SAMEA113536145,,adult,,,SE,,,,,,2017,primary,1.0,7.516
SAMEA113536146,PRJEB51353,SAMEA113536146,,adult,,,SE,,,,,,2015,primary,1.0,9.162
SAMEA113536147,PRJEB51353,SAMEA113536147,,adult,,,SE,,,,,,2015,primary,1.0,10.863
SAMEA113536148,PRJEB51353,SAMEA113536148,,adult,,,SE,,,,,,2016,primary,1.0,6.653
SAMEA113536149,PRJEB51353,SAMEA113536149,,adult,,,SE,,,,,,2017,primary,1.0,7.714
SAMEA113536150,PRJEB51353,SAMEA113536150,,adult,,,SE,,,,,,2015,primary,1.0,7.88
SAMEA113536151,PRJEB51353,SAMEA113536151,,adult,,,SE,,,,,,2017,primary,1.0,7.12
SAMEA113536152,PRJEB51353,SAMEA113536152,,adult,,,SE,,,,,,2015,primary,1.0,7.304
SAMEA113536153,PRJEB51353,SAMEA113536153,,adult,,,SE,,,,,,2016,primary,1.0,9.821
SAMEA113536154,PRJEB51353,SAMEA113536154,,adult,,,SE,,,,,,2016,primary,1.0,11.321
SAMEA113536155,PRJEB51353,SAMEA113536155,,adult,,,SE,,,,,,2015,primary,1.0,8.418
SAMEA113536156,PRJEB51353,SAMEA113536156,,adult,,,SE,,,,,,2016,primary,1.0,7.257
SAMEA113536157,PRJEB51353,SAMEA113536157,,adult,,,SE,,,,,,2018,primary,1.0,8.001
SAMEA113536158,PRJEB51353,SAMEA113536158,,adult,,,SE,,,,,,2017,primary,1.0,8.891
SAMEA113536159,PRJEB51353,SAMEA113536159,,adult,,,SE,,,,,,2018,primary,1.0,8.722
SAMEA113536160,PRJEB51353,SAMEA113536160,,adult,,,SE,,,,,,2017,primary,1.0,9.25
SAMEA113536161,PRJEB51353,SAMEA113536161,,adult,,,SE,,,,,,2017,primary,1.0,7.873
SAMEA113536162,PRJEB51353,SAMEA113536162,,adult,,,SE,,,,,,2015,primary,1.0,8.198
SAMEA113536163,PRJEB51353,SAMEA113536163,,adult,,,SE,,,,,,2015,primary,1.0,7.511
SAMEA113536164,PRJEB51353,SAMEA113536164,,adult,,,SE,,,,,,2016,primary,1.0,6.7
SAMEA113536165,PRJEB51353,SAMEA113536165,,adult,,,SE,,,,,,2016,primary,1.0,6.566
SAMEA113536166,PRJEB51353,SAMEA113536166,,adult,,,SE,,,,,,2015,primary,1.0,8.069
SAMEA113536167,PRJEB51353,SAMEA113536167,,adult,,,SE,,,,,,2015,primary,1.0,7.317
SAMEA113536168,PRJEB51353,SAMEA113536168,,adult,,,SE,,,,,,2016,primary,1.0,9.388
SAMEA113536169,PRJEB51353,SAMEA113536169,,adult,,,SE,,,,,,2018,primary,1.0,9.035
SAMEA113536170,PRJEB51353,SAMEA113536170,,adult,,,SE,,,,,,2016,primary,1.0,7.416
SAMEA113536171,PRJEB51353,SAMEA113536171,,adult,,,SE,,,,,,2017,primary,1.0,7.669
SAMEA113536172,PRJEB51353,SAMEA113536172,,adult,,,SE,,,,,,2015,primary,1.0,7.598
SAMEA113536173,PRJEB51353,SAMEA113536173,,adult,,,SE,,,,,,2015,primary,1.0,10.381
SAMEA113536174,PRJEB51353,SAMEA113536174,,adult,,,SE,,,,,,2017,primary,1.0,6.705
SAMEA113536175,PRJEB51353,SAMEA113536175,,adult,,,SE,,,,,,2015,primary,1.0,7.112
SAMEA113536176,PRJEB51353,SAMEA113536176,,adult,,,SE,,,,,,2016,primary,1.0,8.645
SAMEA113536177,PRJEB51353,SAMEA113536177,,adult,,,SE,,,,,,2016,primary,1.0,7.593
SAMEA113536178,PRJEB51353,SAMEA113536178,,adult,,,SE,,,,,,2018,primary,1.0,8.547
SAMEA113536179,PRJEB51353,SAMEA113536179,,adult,,,SE,,,,,,2017,primary,1.0,6.775
SAMEA113536180,PRJEB51353,SAMEA113536180,,adult,,,SE,,,,,,2017,primary,1.0,7.616
SAMEA113536181,PRJEB51353,SAMEA113536181,,adult,,,SE,,,,,,2017,primary,1.0,10.36
SAMEA113536182,PRJEB51353,SAMEA113536182,,adult,,,SE,,,,,,2016,primary,1.0,10.856
SAMEA113536183,PRJEB51353,SAMEA113536183,,adult,,,SE,,,,,,2017,primary,1.0,7.493
SAMEA113536184,PRJEB51353,SAMEA113536184,,adult,,,SE,,,,,,2017,primary,1.0,8.152
SAMEA113536185,PRJEB51353,SAMEA113536185,,adult,,,SE,,,,,,2015,primary,1.0,7.526
SAMEA113536186,PRJEB51353,SAMEA113536186,,adult,,,SE,,,,,,2016,primary,1.0,8.532
SAMEA113536187,PRJEB51353,SAMEA113536187,,adult,,,SE,,,,,,2017,primary,1.0,7.222
SAMEA113536188,PRJEB51353,SAMEA113536188,,adult,,,SE,,,,,,2015,primary,1.0,9.085
SAMEA113536189,PRJEB51353,SAMEA113536189,,adult,,,SE,,,,,,2015,primary,1.0,6.793
SAMEA113536190,PRJEB51353,SAMEA113536190,,adult,,,SE,,,,,,2015,primary,1.0,7.574
SAMEA113536191,PRJEB51353,SAMEA113536191,,adult,,,SE,,,,,,2017,primary,1.0,7.584
SAMEA113536192,PRJEB51353,SAMEA113536192,,adult,,,SE,,,,,,2018,primary,1.0,7.428
SAMEA113536193,PRJEB51353,SAMEA113536193,,adult,,,SE,,,,,,2017,primary,1.0,7.135
SAMEA113536194,PRJEB51353,SAMEA113536194,,adult,,,SE,,,,,,2015,primary,1.0,7.035
SAMEA113536195,PRJEB51353,SAMEA113536195,,adult,,,SE,,,,,,2017,primary,1.0,11.917
SAMEA113536196,PRJEB51353,SAMEA113536196,,adult,,,SE,,,,,,2018,primary,1.0,7.954
SAMEA113536197,PRJEB51353,SAMEA113536197,,adult,,,SE,,,,,,2017,primary,1.0,6.166
SAMEA113536198,PRJEB51353,SAMEA113536198,,adult,,,SE,,,,,,2017,primary,1.0,8.053
SAMEA113536199,PRJEB51353,SAMEA113536199,,adult,,,SE,,,,,,2015,primary,1.0,8.634
SAMEA113536200,PRJEB51353,SAMEA113536200,,adult,,,SE,,,,,,2017,primary,1.0,7.185
SAMEA113536201,PRJEB51353,SAMEA113536201,,adult,,,SE,,,,,,2017,primary,1.0,7.416
SAMEA113536202,PRJEB51353,SAMEA113536202,,adult,,,SE,,,,,,2016,primary,1.0,7.931
SAMEA113536203,PRJEB51353,SAMEA113536203,,adult,,,SE,,,,,,2015,primary,1.0,7.399
SAMEA113536204,PRJEB51353,SAMEA113536204,,adult,,,SE,,,,,,2014,primary,1.0,6.168
SAMEA113536205,PRJEB51353,SAMEA113536205,,adult,,,SE,,,,,,2015,primary,1.0,9.742
SAMEA113536206,PRJEB51353,SAMEA113536206,,adult,,,SE,,,,,,2015,primary,1.0,7.842
SAMEA113536207,PRJEB51353,SAMEA113536207,,adult,,,SE,,,,,,2016,primary,1.0,8.82
SAMEA113536208,PRJEB51353,SAMEA113536208,,adult,,,SE,,,,,,2017,primary,1.0,7.474
SAMEA113536209,PRJEB51353,SAMEA113536209,,adult,,,SE,,,,,,2017,primary,1.0,7.85
SAMEA113536210,PRJEB51353,SAMEA113536210,,adult,,,SE,,,,,,2016,primary,1.0,7.236
SAMEA113536211,PRJEB51353,SAMEA113536211,,adult,,,SE,,,,,,2016,primary,1.0,8.25
SAMEA113536212,PRJEB51353,SAMEA113536212,,adult,,,SE,,,,,,2016,primary,1.0,9.853
SAMEA113536213,PRJEB51353,SAMEA113536213,,adult,,,SE,,,,,,2017,primary,1.0,8.557
SAMEA113536214,PRJEB51353,SAMEA113536214,,adult,,,SE,,,,,,2015,primary,1.0,6.998
SAMEA113536215,PRJEB51353,SAMEA113536215,,adult,,,SE,,,,,,2015,primary,1.0,8.538
SAMEA113536216,PRJEB51353,SAMEA113536216,,adult,,,SE,,,,,,2015,primary,1.0,7.241
SAMEA113536217,PRJEB51353,SAMEA113536217,,adult,,,SE,,,,,,2015,primary,1.0,6.674
SAMEA113536218,PRJEB51353,SAMEA113536218,,adult,,,SE,,,,,,2015,primary,1.0,6.651
SAMEA113536219,PRJEB51353,SAMEA113536219,,adult,,,SE,,,,,,2015,primary,1.0,7.617
SAMEA113536220,PRJEB51353,SAMEA113536220,,adult,,,SE,,,,,,2016,primary,1.0,7.489
SAMEA113536221,PRJEB51353,SAMEA113536221,,adult,,,SE,,,,,,2016,primary,1.0,7.426
SAMEA113536222,PRJEB51353,SAMEA113536222,,adult,,,SE,,,,,,2015,primary,1.0,7.49
SAMEA113536223,PRJEB51353,SAMEA113536223,,adult,,,SE,,,,,,2016,primary,1.0,8.498
SAMEA113536224,PRJEB51353,SAMEA113536224,,adult,,,SE,,,,,,2016,primary,1.0,7.551
SAMEA113536225,PRJEB51353,SAMEA113536225,,adult,,,SE,,,,,,2016,primary,1.0,8.707
SAMEA113536226,PRJEB51353,SAMEA113536226,,adult,,,SE,,,,,,2017,primary,1.0,7.868
SAMEA113536227,PRJEB51353,SAMEA113536227,,adult,,,SE,,,,,,2018,primary,1.0,6.081
SAMEA113536228,PRJEB51353,SAMEA113536228,,adult,,,SE,,,,,,2016,primary,1.0,7.319
SAMEA113536229,PRJEB51353,SAMEA113536229,,adult,,,SE,,,,,,2015,primary,1.0,9.387
SAMEA113536230,PRJEB51353,SAMEA113536230,,adult,,,SE,,,,,,2017,primary,1.0,6.81
SAMEA113536231,PRJEB51353,SAMEA113536231,,adult,,,SE,,,,,,2018,primary,1.0,6.861
SAMEA113536232,PRJEB51353,SAMEA113536232,,adult,,,SE,,,,,,2017,primary,1.0,8.379
SAMEA113536233,PRJEB51353,SAMEA113536233,,adult,,,SE,,,,,,2015,primary,1.0,7.19
SAMEA113536234,PRJEB51353,SAMEA113536234,,adult,,,SE,,,,,,2016,primary,1.0,6.499
SAMEA113536235,PRJEB51353,SAMEA113536235,,adult,,,SE,,,,,,2016,primary,1.0,6.909
SAMEA113536236,PRJEB51353,SAMEA113536236,,adult,,,SE,,,,,,2015,primary,1.0,6.748
SAMEA113536237,PRJEB51353,SAMEA113536237,,adult,,,SE,,,,,,2015,primary,1.0,7.966
SAMEA113536238,PRJEB51353,SAMEA113536238,,adult,,,SE,,,,,,2016,primary,1.0,8.016
SAMEA113536239,PRJEB51353,SAMEA113536239,,adult,,,SE,,,,,,2016,primary,1.0,6.973
SAMEA113536240,PRJEB51353,SAMEA113536240,,adult,,,SE,,,,,,2015,primary,1.0,8.621
SAMEA113536241,PRJEB51353,SAMEA113536241,,adult,,,SE,,,,,,2017,primary,1.0,7.135
SAMEA113536242,PRJEB51353,SAMEA113536242,,adult,,,SE,,,,,,2017,primary,1.0,7.335
SAMEA113536243,PRJEB51353,SAMEA113536243,,adult,,,SE,,,,,,2016,primary,1.0,8.027
SAMEA113536244,PRJEB51353,SAMEA113536244,,adult,,,SE,,,,,,2015,primary,1.0,7.502
SAMEA113536245,PRJEB51353,SAMEA113536245,,adult,,,SE,,,,,,2017,primary,1.0,9.609
SAMEA113536246,PRJEB51353,SAMEA113536246,,adult,,,SE,,,,,,2017,primary,1.0,6.362
SAMEA113536247,PRJEB51353,SAMEA113536247,,adult,,,SE,,,,,,2016,primary,1.0,12.531
SAMEA113536248,PRJEB51353,SAMEA113536248,,adult,,,SE,,,,,,2015,primary,1.0,8.608
SAMEA113536249,PRJEB51353,SAMEA113536249,,adult,,,SE,,,,,,2016,primary,1.0,8.146
SAMEA113536250,PRJEB51353,SAMEA113536250,,adult,,,SE,,,,,,2016,primary,1.0,8.599
SAMEA113536251,PRJEB51353,SAMEA113536251,,adult,,,SE,,,,,,2015,primary,1.0,7.26
SAMEA113536252,PRJEB51353,SAMEA113536252,,adult,,,SE,,,,,,2015,primary,1.0,8.241
SAMEA113536253,PRJEB51353,SAMEA113536253,,adult,,,SE,,,,,,2015,primary,1.0,8.02
SAMEA113536254,PRJEB51353,SAMEA113536254,,adult,,,SE,,,,,,2015,primary,1.0,7.14
SAMEA113536255,PRJEB51353,SAMEA113536255,,adult,,,SE,,,,,,2016,primary,1.0,11.243
SAMEA113536256,PRJEB51353,SAMEA113536256,,adult,,,SE,,,,,,2016,primary,1.0,6.732
SAMEA113536257,PRJEB51353,SAMEA113536257,,adult,,,SE,,,,,,2017,primary,1.0,8.295
SAMEA113536258,PRJEB51353,SAMEA113536258,,adult,,,SE,,,,,,2017,primary,1.0,6.84
SAMEA113536259,PRJEB51353,SAMEA113536259,,adult,,,SE,,,,,,2016,primary,1.0,6.209
SAMEA113536260,PRJEB51353,SAMEA113536260,,adult,,,SE,,,,,,2017,primary,1.0,8.842
SAMEA113536261,PRJEB51353,SAMEA113536261,,adult,,,SE,,,,,,2016,primary,1.0,6.953
SAMEA113536262,PRJEB51353,SAMEA113536262,,adult,,,SE,,,,,,2016,primary,1.0,7.466
SAMEA113536263,PRJEB51353,SAMEA113536263,,adult,,,SE,,,,,,2017,primary,1.0,6.676
SAMEA113536264,PRJEB51353,SAMEA113536264,,adult,,,SE,,,,,,2015,primary,1.0,6.575
SAMEA113536265,PRJEB51353,SAMEA113536265,,adult,,,SE,,,,,,2017,primary,1.0,6.436
SAMEA113536266,PRJEB51353,SAMEA113536266,,adult,,,SE,,,,,,2015,primary,1.0,7.222
SAMEA113536267,PRJEB51353,SAMEA113536267,,adult,,,SE,,,,,,2016,primary,1.0,9.267
SAMEA113536268,PRJEB51353,SAMEA113536268,,adult,,,SE,,,,,,2017,primary,1.0,8.305
SAMEA113536269,PRJEB51353,SAMEA113536269,,adult,,,SE,,,,,,2017,primary,1.0,9.243
SAMEA113536270,PRJEB51353,SAMEA113536270,,adult,,,SE,,,,,,2016,primary,1.0,6.758
SAMEA113536271,PRJEB51353,SAMEA113536271,,adult,,,SE,,,,,,2016,primary,1.0,8.831
SAMEA113536272,PRJEB51353,SAMEA113536272,,adult,,,SE,,,,,,2016,primary,1.0,6.187
SAMEA113536273,PRJEB51353,SAMEA113536273,,adult,,,SE,,,,,,2016,primary,1.0,7.205
SAMEA113536274,PRJEB51353,SAMEA113536274,,adult,,,SE,,,,,,2015,primary,1.0,7.584
SAMEA113536275,PRJEB51353,SAMEA113536275,,adult,,,SE,,,,,,2015,primary,1.0,8.082
SAMEA113536276,PRJEB51353,SAMEA113536276,,adult,,,SE,,,,,,2015,primary,1.0,8.488
SAMEA113536277,PRJEB51353,SAMEA113536277,,adult,,,SE,,,,,,2018,primary,1.0,6.238
SAMEA113536278,PRJEB51353,SAMEA113536278,,adult,,,SE,,,,,,2017,primary,1.0,9.041
SAMEA113536279,PRJEB51353,SAMEA113536279,,adult,,,SE,,,,,,2017,primary,1.0,9.367
SAMEA113536280,PRJEB51353,SAMEA113536280,,adult,,,SE,,,,,,2017,primary,1.0,8.06
SAMEA113536281,PRJEB51353,SAMEA113536281,,adult,,,SE,,,,,,2016,primary,1.0,9.295
SAMEA113536282,PRJEB51353,SAMEA113536282,,adult,,,SE,,,,,,2015,primary,1.0,8.504
SAMEA113536283,PRJEB51353,SAMEA113536283,,adult,,,SE,,,,,,2016,primary,1.0,7.056
SAMEA113536284,PRJEB51353,SAMEA113536284,,adult,,,SE,,,,,,2016,primary,1.0,6.107
SAMEA113536285,PRJEB51353,SAMEA113536285,,adult,,,SE,,,,,,2017,primary,1.0,8.169
SAMEA113536286,PRJEB51353,SAMEA113536286,,adult,,,SE,,,,,,2015,primary,1.0,8.229
SAMEA113536287,PRJEB51353,SAMEA113536287,,adult,,,SE,,,,,,2016,primary,1.0,7.73
SAMEA113536288,PRJEB51353,SAMEA113536288,,adult,,,SE,,,,,,2015,primary,1.0,6.758
SAMEA113536289,PRJEB51353,SAMEA113536289,,adult,,,SE,,,,,,2015,primary,1.0,7.86
SAMEA113536290,PRJEB51353,SAMEA113536290,,adult,,,SE,,,,,,2017,primary,1.0,14.46
SAMEA113536291,PRJEB51353,SAMEA113536291,,adult,,,SE,,,,,,2017,primary,1.0,9.436
SAMEA113536292,PRJEB51353,SAMEA113536292,,adult,,,SE,,,,,,2015,primary,1.0,7.378
SAMEA113536293,PRJEB51353,SAMEA113536293,,adult,,,SE,,,,,,2016,primary,1.0,7.85
SAMEA113536294,PRJEB51353,SAMEA113536294,,adult,,,SE,,,,,,2017,primary,1.0,8.466
SAMEA113536295,PRJEB51353,SAMEA113536295,,adult,,,SE,,,,,,2015,primary,1.0,7.159
SAMEA113536296,PRJEB51353,SAMEA113536296,,adult,,,SE,,,,,,2017,primary,1.0,7.162
SAMEA113536297,PRJEB51353,SAMEA113536297,,adult,,,SE,,,,,,2015,primary,1.0,6.968
SAMEA113536298,PRJEB51353,SAMEA113536298,,adult,,,SE,,,,,,2017,primary,1.0,7.855
SAMEA113536299,PRJEB51353,SAMEA113536299,,adult,,,SE,,,,,,2016,primary,1.0,6.432
SAMEA113536300,PRJEB51353,SAMEA113536300,,adult,,,SE,,,,,,2015,primary,1.0,8.761
SAMEA113536301,PRJEB51353,SAMEA113536301,,adult,,,SE,,,,,,2015,primary,1.0,6.553
SAMEA113536302,PRJEB51353,SAMEA113536302,,adult,,,SE,,,,,,2016,primary,1.0,8.094
SAMEA113536303,PRJEB51353,SAMEA113536303,,adult,,,SE,,,,,,2016,primary,1.0,6.888
SAMEA113536304,PRJEB51353,SAMEA113536304,,adult,,,SE,,,,,,2016,primary,1.0,8.435
SAMEA113536305,PRJEB51353,SAMEA113536305,,adult,,,SE,,,,,,2016,primary,1.0,7.398
SAMEA113536306,PRJEB51353,SAMEA113536306,,adult,,,SE,,,,,,2015,primary,1.0,7.5
SAMEA113536347,PRJEB51353,SAMEA113536347,,adult,,,SE,,,,,,2016,primary,1.0,8.096
SAMEA113536348,PRJEB51353,SAMEA113536348,,adult,,,SE,,,,,,2016,primary,1.0,7.102
SAMEA113536349,PRJEB51353,SAMEA113536349,,adult,,,SE,,,,,,2016,primary,1.0,7.343
SAMEA113543507,PRJEB51353,SAMEA113543507,,adult,,,SE,,,,,,2017,primary,1.0,8.29
SAMEA113543508,PRJEB51353,SAMEA113543508,,adult,,,SE,,,,,,2015,primary,1.0,6.095
SAMEA113543509,PRJEB51353,SAMEA113543509,,adult,,,SE,,,,,,2016,primary,1.0,8.007
SAMEA113543510,PRJEB51353,SAMEA113543510,,adult,,,SE,,,,,,2016,primary,1.0,10.293
SAMEA113543511,PRJEB51353,SAMEA113543511,,adult,,,SE,,,,,,2016,primary,1.0,8.855
SAMEA113543512,PRJEB51353,SAMEA113543512,,adult,,,SE,,,,,,2016,primary,1.0,6.289
SAMEA113543513,PRJEB51353,SAMEA113543513,,adult,,,SE,,,,,,2017,primary,1.0,9.327
SAMEA113543514,PRJEB51353,SAMEA113543514,,adult,,,SE,,,,,,2017,primary,1.0,7.507
SAMEA113543515,PRJEB51353,SAMEA113543515,,adult,,,SE,,,,,,2017,primary,1.0,8.532
SAMEA113543516,PRJEB51353,SAMEA113543516,,adult,,,SE,,,,,,2015,primary,1.0,6.394
SAMEA113543517,PRJEB51353,SAMEA113543517,,adult,,,SE,,,,,,2015,primary,1.0,16.043
SAMEA113543518,PRJEB51353,SAMEA113543518,,adult,,,SE,,,,,,2016,primary,1.0,7.918
SAMEA113543519,PRJEB51353,SAMEA113543519,,adult,,,SE,,,,,,2016,primary,1.0,8.197
SAMEA113543520,PRJEB51353,SAMEA113543520,,adult,,,SE,,,,,,2017,primary,1.0,8.534
SAMEA113543521,PRJEB51353,SAMEA113543521,,adult,,,SE,,,,,,2015,primary,1.0,8.565
SAMEA113543522,PRJEB51353,SAMEA113543522,,adult,,,SE,,,,,,2017,primary,1.0,9.062
SAMEA113543523,PRJEB51353,SAMEA113543523,,adult,,,SE,,,,,,2017,primary,1.0,7.852
SAMEA113543524,PRJEB51353,SAMEA113543524,,adult,,,SE,,,,,,2017,primary,1.0,9.506
SAMEA113543525,PRJEB51353,SAMEA113543525,,adult,,,SE,,,,,,2016,primary,1.0,10.554
SAMEA113543526,PRJEB51353,SAMEA113543526,,adult,,,SE,,,,,,2016,primary,1.0,7.904
SAMEA113543527,PRJEB51353,SAMEA113543527,,adult,,,SE,,,,,,2015,primary,1.0,7.338
SAMEA113543528,PRJEB51353,SAMEA113543528,,adult,,,SE,,,,,,2015,primary,1.0,6.914
SAMEA113543529,PRJEB51353,SAMEA113543529,,adult,,,SE,,,,,,2017,primary,1.0,10.941
SAMEA113543530,PRJEB51353,SAMEA113543530,,adult,,,SE,,,,,,2016,primary,1.0,8.01
SAMEA113543531,PRJEB51353,SAMEA113543531,,adult,,,SE,,,,,,2015,primary,1.0,9.046
SAMEA113543532,PRJEB51353,SAMEA113543532,,adult,,,SE,,,,,,2017,primary,1.0,7.967
SAMEA113543533,PRJEB51353,SAMEA113543533,,adult,,,SE,,,,,,2017,primary,1.0,6.392
SAMEA113543534,PRJEB51353,SAMEA113543534,,adult,,,SE,,,,,,2017,primary,1.0,7.4
SAMEA113543535,PRJEB51353,SAMEA113543535,,adult,,,SE,,,,,,2016,primary,1.0,9.372
SAMEA113543536,PRJEB51353,SAMEA113543536,,adult,,,SE,,,,,,2016,primary,1.0,7.012
SAMEA113543537,PRJEB51353,SAMEA113543537,,adult,,,SE,,,,,,2016,primary,1.0,9.272
SAMEA113543538,PRJEB51353,SAMEA113543538,,adult,,,SE,,,,,,2016,primary,1.0,8.453
SAMEA113543539,PRJEB51353,SAMEA113543539,,adult,,,SE,,,,,,2015,primary,1.0,9.956
SAMEA113543540,PRJEB51353,SAMEA113543540,,adult,,,SE,,,,,,2015,primary,1.0,6.73
SAMEA113543541,PRJEB51353,SAMEA113543541,,adult,,,SE,,,,,,2015,primary,1.0,6.533
SAMEA113543542,PRJEB51353,SAMEA113543542,,adult,,,SE,,,,,,2017,primary,1.0,8.013
SAMEA113543543,PRJEB51353,SAMEA113543543,,adult,,,SE,,,,,,2016,primary,1.0,9.104
SAMEA113543544,PRJEB51353,SAMEA113543544,,adult,,,SE,,,,,,2015,primary,1.0,8.182
SAMEA113543545,PRJEB51353,SAMEA113543545,,adult,,,SE,,,,,,2016,primary,1.0,7.065
SAMEA113543546,PRJEB51353,SAMEA113543546,,adult,,,SE,,,,,,2015,primary,1.0,8.502
SAMEA113543547,PRJEB51353,SAMEA113543547,,adult,,,SE,,,,,,2017,primary,1.0,9.877
SAMEA113543548,PRJEB51353,SAMEA113543548,,adult,,,SE,,,,,,2015,primary,1.0,10.176
SAMEA113543549,PRJEB51353,SAMEA113543549,,adult,,,SE,,,,,,2015,primary,1.0,8.269
SAMEA113543550,PRJEB51353,SAMEA113543550,,adult,,,SE,,,,,,2017,primary,1.0,9.393
SAMEA113543551,PRJEB51353,SAMEA113543551,,adult,,,SE,,,,,,2016,primary,1.0,11.497
SAMEA113543552,PRJEB51353,SAMEA113543552,,adult,,,SE,,,,,,2017,primary,1.0,6.328
SAMEA113543553,PRJEB51353,SAMEA113543553,,adult,,,SE,,,,,,2018,primary,1.0,7.872
SAMEA113543554,PRJEB51353,SAMEA113543554,,adult,,,SE,,,,,,2016,primary,1.0,7.735
SAMEA113543555,PRJEB51353,SAMEA113543555,,adult,,,SE,,,,,,2016,primary,1.0,8.154
SAMEA113543556,PRJEB51353,SAMEA113543556,,adult,,,SE,,,,,,2017,primary,1.0,7.875
SAMEA113543557,PRJEB51353,SAMEA113543557,,adult,,,SE,,,,,,2016,primary,1.0,8.8
SAMEA113543558,PRJEB51353,SAMEA113543558,,adult,,,SE,,,,,,2016,primary,1.0,6.494
SAMEA113543559,PRJEB51353,SAMEA113543559,,adult,,,SE,,,,,,2017,primary,1.0,7.72
SAMEA113543560,PRJEB51353,SAMEA113543560,,adult,,,SE,,,,,,2016,primary,1.0,7.191
SAMEA113543561,PRJEB51353,SAMEA113543561,,adult,,,SE,,,,,,2016,primary,1.0,10.817
SAMEA113543562,PRJEB51353,SAMEA113543562,,adult,,,SE,,,,,,2017,primary,1.0,7.515
SAMEA113543563,PRJEB51353,SAMEA113543563,,adult,,,SE,,,,,,2016,primary,1.0,8.198
SAMEA113543564,PRJEB51353,SAMEA113543564,,adult,,,SE,,,,,,2018,primary,1.0,7.158
SAMEA113543565,PRJEB51353,SAMEA113543565,,adult,,,SE,,,,,,2018,primary,1.0,9.87
SAMEA113543566,PRJEB51353,SAMEA113543566,,adult,,,SE,,,,,,2017,primary,1.0,8.444
SAMEA113543567,PRJEB51353,SAMEA113543567,,adult,,,SE,,,,,,2017,primary,1.0,8.498
SAMEA113543568,PRJEB51353,SAMEA113543568,,adult,,,SE,,,,,,2015,primary,1.0,8.176
SAMEA113543569,PRJEB51353,SAMEA113543569,,adult,,,SE,,,,,,2017,primary,1.0,6.549
SAMEA113543570,PRJEB51353,SAMEA113543570,,adult,,,SE,,,,,,2016,primary,1.0,8.336
SAMEA113543571,PRJEB51353,SAMEA113543571,,adult,,,SE,,,,,,2017,primary,1.0,9.651
SAMEA113543572,PRJEB51353,SAMEA113543572,,adult,,,SE,,,,,,2016,primary,1.0,11.92
SAMEA113543573,PRJEB51353,SAMEA113543573,,adult,,,SE,,,,,,2015,primary,1.0,8.099
SAMEA113543574,PRJEB51353,SAMEA113543574,,adult,,,SE,,,,,,2017,primary,1.0,6.78
SAMEA113543575,PRJEB51353,SAMEA113543575,,adult,,,SE,,,,,,2015,primary,1.0,6.726
SAMEA113543576,PRJEB51353,SAMEA113543576,,adult,,,SE,,,,,,2016,primary,1.0,8.447
SAMEA113543577,PRJEB51353,SAMEA113543577,,adult,,,SE,,,,,,2017,primary,1.0,12.016
SAMEA113543578,PRJEB51353,SAMEA113543578,,adult,,,SE,,,,,,2015,primary,1.0,7.473
SAMEA113543579,PRJEB51353,SAMEA113543579,,adult,,,SE,,,,,,2016,primary,1.0,6.46
SAMEA113543580,PRJEB51353,SAMEA113543580,,adult,,,SE,,,,,,2016,primary,1.0,8.588
SAMEA113543581,PRJEB51353,SAMEA113543581,,adult,,,SE,,,,,,2016,primary,1.0,37.554
SAMEA113543582,PRJEB51353,SAMEA113543582,,adult,,,SE,,,,,,2015,primary,1.0,7.098
SAMEA113543583,PRJEB51353,SAMEA113543583,,adult,,,SE,,,,,,2017,primary,1.0,9.371
SAMEA113543584,PRJEB51353,SAMEA113543584,,adult,,,SE,,,,,,2017,primary,1.0,8.438
SAMEA113543585,PRJEB51353,SAMEA113543585,,adult,,,SE,,,,,,2016,primary,1.0,5.976
SAMEA113543586,PRJEB51353,SAMEA113543586,,adult,,,SE,,,,,,2017,primary,1.0,6.752
SAMEA113543587,PRJEB51353,SAMEA113543587,,adult,,,SE,,,,,,2017,primary,1.0,9.469
SAMEA113543588,PRJEB51353,SAMEA113543588,,adult,,,SE,,,,,,2017,primary,1.0,7.882
SAMEA113543589,PRJEB51353,SAMEA113543589,,adult,,,SE,,,,,,2015,primary,1.0,7.989
SAMEA113543590,PRJEB51353,SAMEA113543590,,adult,,,SE,,,,,,2017,primary,1.0,8.122
SAMEA113543591,PRJEB51353,SAMEA113543591,,adult,,,SE,,,,,,2017,primary,1.0,6.123
SAMEA113543592,PRJEB51353,SAMEA113543592,,adult,,,SE,,,,,,2016,primary,1.0,6.233
SAMEA113543593,PRJEB51353,SAMEA113543593,,adult,,,SE,,,,,,2016,primary,1.0,6.561
SAMEA113543594,PRJEB51353,SAMEA113543594,,adult,,,SE,,,,,,2017,primary,1.0,8.806
SAMEA113543595,PRJEB51353,SAMEA113543595,,adult,,,SE,,,,,,2016,primary,1.0,7.423
SAMEA113543596,PRJEB51353,SAMEA113543596,,adult,,,SE,,,,,,2017,primary,1.0,7.271
SAMEA113543597,PRJEB51353,SAMEA113543597,,adult,,,SE,,,,,,2015,primary,1.0,8.58
SAMEA113543598,PRJEB51353,SAMEA113543598,,adult,,,SE,,,,,,2017,primary,1.0,8.26
SAMEA113543599,PRJEB51353,SAMEA113543599,,adult,,,SE,,,,,,2017,primary,1.0,8.524
SAMEA113543600,PRJEB51353,SAMEA113543600,,adult,,,SE,,,,,,2016,primary,1.0,7.02
SAMEA113543601,PRJEB51353,SAMEA113543601,,adult,,,SE,,,,,,2018,primary,1.0,6.153
SAMEA113543602,PRJEB51353,SAMEA113543602,,adult,,,SE,,,,,,2015,primary,1.0,6.572
SAMEA113543603,PRJEB51353,SAMEA113543603,,adult,,,SE,,,,,,2016,primary,1.0,11.333
SAMEA113543604,PRJEB51353,SAMEA113543604,,adult,,,SE,,,,,,2017,primary,1.0,7.547
SAMEA113543605,PRJEB51353,SAMEA113543605,,adult,,,SE,,,,,,2015,primary,1.0,9.207
SAMEA113543606,PRJEB51353,SAMEA113543606,,adult,,,SE,,,,,,2015,primary,1.0,7.367
SAMEA113543607,PRJEB51353,SAMEA113543607,,adult,,,SE,,,,,,2016,primary,1.0,8.043
SAMEA113543608,PRJEB51353,SAMEA113543608,,adult,,,SE,,,,,,2017,primary,1.0,7.58
SAMEA113543609,PRJEB51353,SAMEA113543609,,adult,,,SE,,,,,,2015,primary,1.0,8.404
SAMEA113543610,PRJEB51353,SAMEA113543610,,adult,,,SE,,,,,,2016,primary,1.0,8.474
SAMEA113543611,PRJEB51353,SAMEA113543611,,adult,,,SE,,,,,,2017,primary,1.0,9.352
SAMEA113543612,PRJEB51353,SAMEA113543612,,adult,,,SE,,,,,,2015,primary,1.0,7.795
SAMEA113543613,PRJEB51353,SAMEA113543613,,adult,,,SE,,,,,,2016,primary,1.0,10.126
SAMEA113543614,PRJEB51353,SAMEA113543614,,adult,,,SE,,,,,,2017,primary,1.0,6.172
SAMEA113543615,PRJEB51353,SAMEA113543615,,adult,,,SE,,,,,,2015,primary,1.0,6.369
SAMEA113543616,PRJEB51353,SAMEA113543616,,adult,,,SE,,,,,,2016,primary,1.0,6.36
SAMEA113543617,PRJEB51353,SAMEA113543617,,adult,,,SE,,,,,,2018,primary,1.0,11.478
SAMEA113543618,PRJEB51353,SAMEA113543618,,adult,,,SE,,,,,,2016,primary,1.0,10.08
SAMEA113543619,PRJEB51353,SAMEA113543619,,adult,,,SE,,,,,,2017,primary,1.0,6.532
SAMEA113543620,PRJEB51353,SAMEA113543620,,adult,,,SE,,,,,,2015,primary,1.0,6.885
SAMEA113543621,PRJEB51353,SAMEA113543621,,adult,,,SE,,,,,,2016,primary,1.0,9.13
SAMEA113543622,PRJEB51353,SAMEA113543622,,adult,,,SE,,,,,,2016,primary,1.0,10.51
SAMEA113543623,PRJEB51353,SAMEA113543623,,adult,,,SE,,,,,,2016,primary,1.0,8.763
SAMEA113543624,PRJEB51353,SAMEA113543624,,adult,,,SE,,,,,,2016,primary,1.0,13.057
SAMEA113543625,PRJEB51353,SAMEA113543625,,adult,,,SE,,,,,,2018,primary,1.0,8.098
SAMEA113543626,PRJEB51353,SAMEA113543626,,adult,,,SE,,,,,,2017,primary,1.0,9.374
SAMEA113543627,PRJEB51353,SAMEA113543627,,adult,,,SE,,,,,,2015,primary,1.0,7.047
SAMEA113543628,PRJEB51353,SAMEA113543628,,adult,,,SE,,,,,,2017,primary,1.0,9.179
SAMEA113543629,PRJEB51353,SAMEA113543629,,adult,,,SE,,,,,,2016,primary,1.0,10.703
SAMEA113543630,PRJEB51353,SAMEA113543630,,adult,,,SE,,,,,,2018,primary,1.0,6.77
SAMEA113543631,PRJEB51353,SAMEA113543631,,adult,,,SE,,,,,,2015,primary,1.0,6.967
SAMEA113543632,PRJEB51353,SAMEA113543632,,adult,,,SE,,,,,,2015,primary,1.0,9.2
SAMEA113543633,PRJEB51353,SAMEA113543633,,adult,,,SE,,,,,,2016,primary,1.0,6.356
SAMEA113543634,PRJEB51353,SAMEA113543634,,adult,,,SE,,,,,,2017,primary,1.0,7.884
SAMEA113543635,PRJEB51353,SAMEA113543635,,adult,,,SE,,,,,,2017,primary,1.0,8.79
SAMEA113543636,PRJEB51353,SAMEA113543636,,adult,,,SE,,,,,,2015,primary,1.0,6.484
SAMEA113543637,PRJEB51353,SAMEA113543637,,adult,,,SE,,,,,,2016,primary,1.0,8.262
SAMEA113543638,PRJEB51353,SAMEA113543638,,adult,,,SE,,,,,,2016,primary,1.0,7.03
SAMEA113543639,PRJEB51353,SAMEA113543639,,adult,,,SE,,,,,,2016,primary,1.0,8.639
SAMEA113543640,PRJEB51353,SAMEA113543640,,adult,,,SE,,,,,,2017,primary,1.0,6.975
SAMEA113543641,PRJEB51353,SAMEA113543641,,adult,,,SE,,,,,,2016,primary,1.0,6.777
SAMEA113543642,PRJEB51353,SAMEA113543642,,adult,,,SE,,,,,,2016,primary,1.0,6.986
SAMEA113543643,PRJEB51353,SAMEA113543643,,adult,,,SE,,,,,,2015,primary,1.0,9.313
SAMEA113543644,PRJEB51353,SAMEA113543644,,adult,,,SE,,,,,,2015,primary,1.0,8.79
SAMEA113543645,PRJEB51353,SAMEA113543645,,adult,,,SE,,,,,,2018,primary,1.0,7.796
SAMEA113543646,PRJEB51353,SAMEA113543646,,adult,,,SE,,,,,,2017,primary,1.0,9.561
SAMEA113543647,PRJEB51353,SAMEA113543647,,adult,,,SE,,,,,,2017,primary,1.0,6.892
SAMEA113543648,PRJEB51353,SAMEA113543648,,adult,,,SE,,,,,,2016,primary,1.0,6.493
SAMEA113543649,PRJEB51353,SAMEA113543649,,adult,,,SE,,,,,,2017,primary,1.0,6.942
SAMEA113543650,PRJEB51353,SAMEA113543650,,adult,,,SE,,,,,,2017,primary,1.0,7.035
SAMEA113543651,PRJEB51353,SAMEA113543651,,adult,,,SE,,,,,,2015,primary,1.0,6.757
SAMEA113543652,PRJEB51353,SAMEA113543652,,adult,,,SE,,,,,,2015,primary,1.0,6.364
SAMEA113543653,PRJEB51353,SAMEA113543653,,adult,,,SE,,,,,,2016,primary,1.0,8.054
SAMEA113543654,PRJEB51353,SAMEA113543654,,adult,,,SE,,,,,,2017,primary,1.0,6.688
SAMEA113543655,PRJEB51353,SAMEA113543655,,adult,,,SE,,,,,,2016,primary,1.0,8.052
SAMEA113543656,PRJEB51353,SAMEA113543656,,adult,,,SE,,,,,,2017,primary,1.0,6.618
SAMEA113543657,PRJEB51353,SAMEA113543657,,adult,,,SE,,,,,,2017,primary,1.0,10.474
SAMEA113543658,PRJEB51353,SAMEA113543658,,adult,,,SE,,,,,,2015,primary,1.0,6.366
SAMEA113543659,PRJEB51353,SAMEA113543659,,adult,,,SE,,,,,,2016,primary,1.0,7.162
SAMEA113543660,PRJEB51353,SAMEA113543660,,adult,,,SE,,,,,,2015,primary,1.0,7.19
SAMEA113543661,PRJEB51353,SAMEA113543661,,adult,,,SE,,,,,,2016,primary,1.0,6.539
SAMEA113543662,PRJEB51353,SAMEA113543662,,adult,,,SE,,,,,,2016,primary,1.0,7.347
SAMEA113543663,PRJEB51353,SAMEA113543663,,adult,,,SE,,,,,,2017,primary,1.0,9.289
SAMEA113543664,PRJEB51353,SAMEA113543664,,adult,,,SE,,,,,,2015,primary,1.0,7.691
SAMEA113543665,PRJEB51353,SAMEA113543665,,adult,,,SE,,,,,,2016,primary,1.0,7.451
SAMEA113543666,PRJEB51353,SAMEA113543666,,adult,,,SE,,,,,,2017,primary,1.0,9.529
SAMEA113543667,PRJEB51353,SAMEA113543667,,adult,,,SE,,,,,,2018,primary,1.0,7.959
SAMEA113543668,PRJEB51353,SAMEA113543668,,adult,,,SE,,,,,,2016,primary,1.0,7.194
SAMEA113543669,PRJEB51353,SAMEA113543669,,adult,,,SE,,,,,,2015,primary,1.0,6.591
SAMEA113543670,PRJEB51353,SAMEA113543670,,adult,,,SE,,,,,,2017,primary,1.0,8.046
SAMEA113543671,PRJEB51353,SAMEA113543671,,adult,,,SE,,,,,,2016,primary,1.0,6.268
SAMEA113543672,PRJEB51353,SAMEA113543672,,adult,,,SE,,,,,,2016,primary,1.0,6.575
SAMEA113543673,PRJEB51353,SAMEA113543673,,adult,,,SE,,,,,,2017,primary,1.0,6.389
SAMEA113543674,PRJEB51353,SAMEA113543674,,adult,,,SE,,,,,,2015,primary,1.0,6.176
SAMEA113543675,PRJEB51353,SAMEA113543675,,adult,,,SE,,,,,,2016,primary,1.0,8.295
SAMEA113543676,PRJEB51353,SAMEA113543676,,adult,,,SE,,,,,,2017,primary,1.0,6.906
SAMEA113543677,PRJEB51353,SAMEA113543677,,adult,,,SE,,,,,,2016,primary,1.0,7.226
SAMEA113543678,PRJEB51353,SAMEA113543678,,adult,,,SE,,,,,,2018,primary,1.0,7.333
SAMEA113543679,PRJEB51353,SAMEA113543679,,adult,,,SE,,,,,,2016,primary,1.0,8.076
SAMEA113543680,PRJEB51353,SAMEA113543680,,adult,,,SE,,,,,,2015,primary,1.0,7.648
SAMEA113543681,PRJEB51353,SAMEA113543681,,adult,,,SE,,,,,,2015,primary,1.0,8.992
SAMEA113543682,PRJEB51353,SAMEA113543682,,adult,,,SE,,,,,,2015,primary,1.0,9.85
SAMEA113543683,PRJEB51353,SAMEA113543683,,adult,,,SE,,,,,,2015,primary,1.0,8.181
SAMEA113543684,PRJEB51353,SAMEA113543684,,adult,,,SE,,,,,,2017,primary,1.0,7.281
SAMEA113543685,PRJEB51353,SAMEA113543685,,adult,,,SE,,,,,,2016,primary,1.0,6.116
SAMEA113543686,PRJEB51353,SAMEA113543686,,adult,,,SE,,,,,,2017,primary,1.0,6.047
SAMEA113543687,PRJEB51353,SAMEA113543687,,adult,,,SE,,,,,,2016,primary,1.0,9.221
SAMEA113543688,PRJEB51353,SAMEA113543688,,adult,,,SE,,,,,,2015,primary,1.0,7.315
SAMEA113543689,PRJEB51353,SAMEA113543689,,adult,,,SE,,,,,,2016,primary,1.0,9.85
SAMEA113543690,PRJEB51353,SAMEA113543690,,adult,,,SE,,,,,,2016,primary,1.0,8.601
SAMEA113543691,PRJEB51353,SAMEA113543691,,adult,,,SE,,,,,,2016,primary,1.0,7.125
SAMEA113543692,PRJEB51353,SAMEA113543692,,adult,,,SE,,,,,,2017,primary,1.0,10.782
SAMEA113543693,PRJEB51353,SAMEA113543693,,adult,,,SE,,,,,,2018,primary,1.0,7.293
SAMEA113543694,PRJEB51353,SAMEA113543694,,adult,,,SE,,,,,,2016,primary,1.0,5.951
SAMEA113543695,PRJEB51353,SAMEA113543695,,adult,,,SE,,,,,,2015,primary,1.0,6.128
SAMEA113543696,PRJEB51353,SAMEA113543696,,adult,,,SE,,,,,,2015,primary,1.0,7.667
SAMEA113543697,PRJEB51353,SAMEA113543697,,adult,,,SE,,,,,,2016,primary,1.0,6.456
SAMEA113543698,PRJEB51353,SAMEA113543698,,adult,,,SE,,,,,,2016,primary,1.0,9.001
SAMEA113543699,PRJEB51353,SAMEA113543699,,adult,,,SE,,,,,,2016,primary,1.0,6.895
SAMEA113543700,PRJEB51353,SAMEA113543700,,adult,,,SE,,,,,,2015,primary,1.0,9.962
SAMEA113543701,PRJEB51353,SAMEA113543701,,adult,,,SE,,,,,,2015,primary,1.0,7.562
SAMEA113543702,PRJEB51353,SAMEA113543702,,adult,,,SE,,,,,,2017,primary,1.0,7.109
SAMEA113543703,PRJEB51353,SAMEA113543703,,adult,,,SE,,,,,,2017,primary,1.0,7.197
SAMEA113543704,PRJEB51353,SAMEA113543704,,adult,,,SE,,,,,,2015,primary,1.0,10.068
SAMEA113543705,PRJEB51353,SAMEA113543705,,adult,,,SE,,,,,,2015,primary,1.0,6.175
SAMEA113543706,PRJEB51353,SAMEA113543706,,adult,,,SE,,,,,,2015,primary,1.0,7.547
SAMEA113543707,PRJEB51353,SAMEA113543707,,adult,,,SE,,,,,,2017,primary,1.0,6.191
SAMEA113543708,PRJEB51353,SAMEA113543708,,adult,,,SE,,,,,,2015,primary,1.0,8.346
SAMEA113543709,PRJEB51353,SAMEA113543709,,adult,,,SE,,,,,,2016,primary,1.0,12.163
SAMEA113543710,PRJEB51353,SAMEA113543710,,adult,,,SE,,,,,,2015,primary,1.0,7.945
SAMEA113543711,PRJEB51353,SAMEA113543711,,adult,,,SE,,,,,,2017,primary,1.0,6.84
SAMEA113543712,PRJEB51353,SAMEA113543712,,adult,,,SE,,,,,,2015,primary,1.0,7.434
SAMEA113543713,PRJEB51353,SAMEA113543713,,adult,,,SE,,,,,,2016,primary,1.0,7.102
SAMEA113543714,PRJEB51353,SAMEA113543714,,adult,,,SE,,,,,,2018,primary,1.0,6.648
SAMEA113543715,PRJEB51353,SAMEA113543715,,adult,,,SE,,,,,,2018,primary,1.0,7.064
SAMEA113543716,PRJEB51353,SAMEA113543716,,adult,,,SE,,,,,,2016,primary,1.0,7.812
SAMEA113543717,PRJEB51353,SAMEA113543717,,adult,,,SE,,,,,,2017,primary,1.0,8.239
SAMEA113543718,PRJEB51353,SAMEA113543718,,adult,,,SE,,,,,,2017,primary,1.0,10.313
SAMEA113543719,PRJEB51353,SAMEA113543719,,adult,,,SE,,,,,,2017,primary,1.0,10.769
SAMEA113543720,PRJEB51353,SAMEA113543720,,adult,,,SE,,,,,,2016,primary,1.0,10.162
SAMEA113543721,PRJEB51353,SAMEA113543721,,adult,,,SE,,,,,,2018,primary,1.0,15.771
SAMEA113543722,PRJEB51353,SAMEA113543722,,adult,,,SE,,,,,,2017,primary,1.0,12.642
SAMEA113543723,PRJEB51353,SAMEA113543723,,adult,,,SE,,,,,,2016,primary,1.0,7.33
SAMEA113543724,PRJEB51353,SAMEA113543724,,adult,,,SE,,,,,,2016,primary,1.0,7.932
SAMEA113543725,PRJEB51353,SAMEA113543725,,adult,,,SE,,,,,,2017,primary,1.0,5.987
SAMEA113543726,PRJEB51353,SAMEA113543726,,adult,,,SE,,,,,,2015,primary,1.0,7.671
SAMEA113543727,PRJEB51353,SAMEA113543727,,adult,,,SE,,,,,,2016,primary,1.0,6.806
SAMEA113543728,PRJEB51353,SAMEA113543728,,adult,,,SE,,,,,,2017,primary,1.0,10.425
SAMEA113543729,PRJEB51353,SAMEA113543729,,adult,,,SE,,,,,,2016,primary,1.0,11.441
SAMEA113543730,PRJEB51353,SAMEA113543730,,adult,,,SE,,,,,,2015,primary,1.0,10.906
SAMEA113543731,PRJEB51353,SAMEA113543731,,adult,,,SE,,,,,,2015,primary,1.0,9.59
SAMEA113543732,PRJEB51353,SAMEA113543732,,adult,,,SE,,,,,,2015,primary,1.0,7.039
SAMEA113543733,PRJEB51353,SAMEA113543733,,adult,,,SE,,,,,,2015,primary,1.0,6.492
SAMEA113543734,PRJEB51353,SAMEA113543734,,adult,,,SE,,,,,,2017,primary,1.0,12.351
SAMEA113543735,PRJEB51353,SAMEA113543735,,adult,,,SE,,,,,,2015,primary,1.0,9.41
SAMEA113543736,PRJEB51353,SAMEA113543736,,adult,,,SE,,,,,,2016,primary,1.0,6.951
SAMEA113543737,PRJEB51353,SAMEA113543737,,adult,,,SE,,,,,,2016,primary,1.0,8.124
SAMEA113543738,PRJEB51353,SAMEA113543738,,adult,,,SE,,,,,,2015,primary,1.0,8.637
SAMEA113543739,PRJEB51353,SAMEA113543739,,adult,,,SE,,,,,,2016,primary,1.0,12.245
SAMEA113543740,PRJEB51353,SAMEA113543740,,adult,,,SE,,,,,,2018,primary,1.0,6.095
SAMEA113543741,PRJEB51353,SAMEA113543741,,adult,,,SE,,,,,,2016,primary,1.0,8.77
SAMEA113543742,PRJEB51353,SAMEA113543742,,adult,,,SE,,,,,,2016,primary,1.0,6.533
SAMEA113543743,PRJEB51353,SAMEA113543743,,adult,,,SE,,,,,,2016,primary,1.0,7.726
SAMEA113543744,PRJEB51353,SAMEA113543744,,adult,,,SE,,,,,,2016,primary,1.0,7.821
SAMEA113543745,PRJEB51353,SAMEA113543745,,adult,,,SE,,,,,,2017,primary,1.0,6.055
SAMEA113543746,PRJEB51353,SAMEA113543746,,adult,,,SE,,,,,,2017,primary,1.0,9.66
SAMEA113543747,PRJEB51353,SAMEA113543747,,adult,,,SE,,,,,,2017,primary,1.0,8.941
SAMEA113543748,PRJEB51353,SAMEA113543748,,adult,,,SE,,,,,,2015,primary,1.0,7.383
SAMEA113543749,PRJEB51353,SAMEA113543749,,adult,,,SE,,,,,,2016,primary,1.0,6.929
SAMEA113543750,PRJEB51353,SAMEA113543750,,adult,,,SE,,,,,,2018,primary,1.0,7.786
SAMEA113543751,PRJEB51353,SAMEA113543751,,adult,,,SE,,,,,,2016,primary,1.0,10.347
SAMEA113543752,PRJEB51353,SAMEA113543752,,adult,,,SE,,,,,,2016,primary,1.0,11.124
SAMEA113543753,PRJEB51353,SAMEA113543753,,adult,,,SE,,,,,,2015,primary,1.0,7.409
SAMEA113543754,PRJEB51353,SAMEA113543754,,adult,,,SE,,,,,,2015,primary,1.0,6.635
SAMEA113543755,PRJEB51353,SAMEA113543755,,adult,,,SE,,,,,,2015,primary,1.0,6.853
SAMEA113543756,PRJEB51353,SAMEA113543756,,adult,,,SE,,,,,,2016,primary,1.0,6.965
SAMEA113543757,PRJEB51353,SAMEA113543757,,adult,,,SE,,,,,,2016,primary,1.0,8.242
SAMEA113543758,PRJEB51353,SAMEA113543758,,adult,,,SE,,,,,,2015,primary,1.0,9.27
SAMEA113543759,PRJEB51353,SAMEA113543759,,adult,,,SE,,,,,,2015,primary,1.0,6.516
SAMEA113543760,PRJEB51353,SAMEA113543760,,adult,,,SE,,,,,,2016,primary,1.0,6.861
SAMEA113543761,PRJEB51353,SAMEA113543761,,adult,,,SE,,,,,,2016,primary,1.0,8.79
SAMEA113543762,PRJEB51353,SAMEA113543762,,adult,,,SE,,,,,,2015,primary,1.0,6.877
SAMEA113543763,PRJEB51353,SAMEA113543763,,adult,,,SE,,,,,,2017,primary,1.0,7.86
SAMEA113543764,PRJEB51353,SAMEA113543764,,adult,,,SE,,,,,,2017,primary,1.0,6.569
SAMEA113543765,PRJEB51353,SAMEA113543765,,adult,,,SE,,,,,,2017,primary,1.0,7.59
SAMEA113543766,PRJEB51353,SAMEA113543766,,adult,,,SE,,,,,,2017,primary,1.0,6.544
SAMEA113543767,PRJEB51353,SAMEA113543767,,adult,,,SE,,,,,,2015,primary,1.0,6.658
SAMEA113543768,PRJEB51353,SAMEA113543768,,adult,,,SE,,,,,,2018,primary,1.0,6.757
SAMEA113543769,PRJEB51353,SAMEA113543769,,adult,,,SE,,,,,,2015,primary,1.0,10.288
SAMEA113543770,PRJEB51353,SAMEA113543770,,adult,,,SE,,,,,,2017,primary,1.0,7.744
SAMEA113543771,PRJEB51353,SAMEA113543771,,adult,,,SE,,,,,,2016,primary,1.0,6.546
SAMEA113543772,PRJEB51353,SAMEA113543772,,adult,,,SE,,,,,,2015,primary,1.0,8.487
SAMEA113543773,PRJEB51353,SAMEA113543773,,adult,,,SE,,,,,,2016,primary,1.0,7.361
SAMEA113543774,PRJEB51353,SAMEA113543774,,adult,,,SE,,,,,,2016,primary,1.0,7.42
SAMEA113543775,PRJEB51353,SAMEA113543775,,adult,,,SE,,,,,,2018,primary,1.0,6.695
SAMEA113543776,PRJEB51353,SAMEA113543776,,adult,,,SE,,,,,,2016,primary,1.0,6.232
SAMEA113543777,PRJEB51353,SAMEA113543777,,adult,,,SE,,,,,,2016,primary,1.0,6.309
SAMEA113543778,PRJEB51353,SAMEA113543778,,adult,,,SE,,,,,,2017,primary,1.0,7.87
SAMEA113543779,PRJEB51353,SAMEA113543779,,adult,,,SE,,,,,,2017,primary,1.0,9.434
SAMEA113543780,PRJEB51353,SAMEA113543780,,adult,,,SE,,,,,,2015,primary,1.0,6.58
SAMEA113543781,PRJEB51353,SAMEA113543781,,adult,,,SE,,,,,,2017,primary,1.0,11.18
SAMEA113543782,PRJEB51353,SAMEA113543782,,adult,,,SE,,,,,,2017,primary,1.0,6.229
SAMEA113543783,PRJEB51353,SAMEA113543783,,adult,,,SE,,,,,,2017,primary,1.0,6.883
SAMEA113543784,PRJEB51353,SAMEA113543784,,adult,,,SE,,,,,,2017,primary,1.0,7.569
SAMEA113543785,PRJEB51353,SAMEA113543785,,adult,,,SE,,,,,,2015,primary,1.0,8.015
SAMEA113543786,PRJEB51353,SAMEA113543786,,adult,,,SE,,,,,,2017,primary,1.0,6.328
SAMEA113543787,PRJEB51353,SAMEA113543787,,adult,,,SE,,,,,,2016,primary,1.0,8.338
SAMEA113543788,PRJEB51353,SAMEA113543788,,adult,,,SE,,,,,,2017,primary,1.0,6.428
SAMEA113543789,PRJEB51353,SAMEA113543789,,adult,,,SE,,,,,,2015,primary,1.0,7.423
SAMEA113543790,PRJEB51353,SAMEA113543790,,adult,,,SE,,,,,,2017,primary,1.0,8.722
SAMEA113543791,PRJEB51353,SAMEA113543791,,adult,,,SE,,,,,,2015,primary,1.0,15.756
SAMEA113543792,PRJEB51353,SAMEA113543792,,adult,,,SE,,,,,,2016,primary,1.0,7.908
SAMEA113543793,PRJEB51353,SAMEA113543793,,adult,,,SE,,,,,,2015,primary,1.0,7.958
SAMEA113543794,PRJEB51353,SAMEA113543794,,adult,,,SE,,,,,,2016,primary,1.0,7.685
SAMEA113543795,PRJEB51353,SAMEA113543795,,adult,,,SE,,,,,,2016,primary,1.0,10.723
SAMEA113543796,PRJEB51353,SAMEA113543796,,adult,,,SE,,,,,,2016,primary,1.0,8.419
SAMEA113543797,PRJEB51353,SAMEA113543797,,adult,,,SE,,,,,,2015,primary,1.0,8.538
SAMEA113543798,PRJEB51353,SAMEA113543798,,adult,,,SE,,,,,,2017,primary,1.0,9.566
SAMEA113543799,PRJEB51353,SAMEA113543799,,adult,,,SE,,,,,,2017,primary,1.0,7.849
SAMEA113543800,PRJEB51353,SAMEA113543800,,adult,,,SE,,,,,,2016,primary,1.0,7.049
SAMEA113543801,PRJEB51353,SAMEA113543801,,adult,,,SE,,,,,,2016,primary,1.0,6.985
SAMEA113543802,PRJEB51353,SAMEA113543802,,adult,,,SE,,,,,,2017,primary,1.0,7.507
SAMEA113543803,PRJEB51353,SAMEA113543803,,adult,,,SE,,,,,,2017,primary,1.0,6.048
SAMEA113543804,PRJEB51353,SAMEA113543804,,adult,,,SE,,,,,,2016,primary,1.0,6.046
SAMEA113543805,PRJEB51353,SAMEA113543805,,adult,,,SE,,,,,,2015,primary,1.0,6.547
SAMEA113543806,PRJEB51353,SAMEA113543806,,adult,,,SE,,,,,,2016,primary,1.0,8.968
SAMEA113543807,PRJEB51353,SAMEA113543807,,adult,,,SE,,,,,,2016,primary,1.0,7.158
SAMEA113543808,PRJEB51353,SAMEA113543808,,adult,,,SE,,,,,,2016,primary,1.0,6.195
SAMEA113543809,PRJEB51353,SAMEA113543809,,adult,,,SE,,,,,,2015,primary,1.0,6.281
SAMEA113543810,PRJEB51353,SAMEA113543810,,adult,,,SE,,,,,,2017,primary,1.0,9.101
SAMEA113543811,PRJEB51353,SAMEA113543811,,adult,,,SE,,,,,,2016,primary,1.0,8.799
SAMEA113543812,PRJEB51353,SAMEA113543812,,adult,,,SE,,,,,,2015,primary,1.0,6.776
SAMEA113543813,PRJEB51353,SAMEA113543813,,adult,,,SE,,,,,,2017,primary,1.0,6.994
SAMEA113543814,PRJEB51353,SAMEA113543814,,adult,,,SE,,,,,,2016,primary,1.0,9.461
SAMEA113543815,PRJEB51353,SAMEA113543815,,adult,,,SE,,,,,,2016,primary,1.0,7.521
SAMEA113543816,PRJEB51353,SAMEA113543816,,adult,,,SE,,,,,,2016,primary,1.0,7.093
SAMEA113543817,PRJEB51353,SAMEA113543817,,adult,,,SE,,,,,,2017,primary,1.0,6.581
SAMEA113543818,PRJEB51353,SAMEA113543818,,adult,,,SE,,,,,,2016,primary,1.0,7.639
SAMEA113543819,PRJEB51353,SAMEA113543819,,adult,,,SE,,,,,,2017,primary,1.0,7.138
SAMEA113543820,PRJEB51353,SAMEA113543820,,adult,,,SE,,,,,,2017,primary,1.0,6.63
SAMEA113543821,PRJEB51353,SAMEA113543821,,adult,,,SE,,,,,,2016,primary,1.0,7.863
SAMEA113543822,PRJEB51353,SAMEA113543822,,adult,,,SE,,,,,,2017,primary,1.0,10.703
SAMEA113543823,PRJEB51353,SAMEA113543823,,adult,,,SE,,,,,,2015,primary,1.0,9.503
SAMEA113543824,PRJEB51353,SAMEA113543824,,adult,,,SE,,,,,,2015,primary,1.0,8.793
SAMEA113543825,PRJEB51353,SAMEA113543825,,adult,,,SE,,,,,,2018,primary,1.0,5.874
SAMEA113543826,PRJEB51353,SAMEA113543826,,adult,,,SE,,,,,,2015,primary,1.0,7.917
SAMEA113543827,PRJEB51353,SAMEA113543827,,adult,,,SE,,,,,,2015,primary,1.0,5.922
SAMEA113543828,PRJEB51353,SAMEA113543828,,adult,,,SE,,,,,,2017,primary,1.0,11.213
SAMEA113543829,PRJEB51353,SAMEA113543829,,adult,,,SE,,,,,,2017,primary,1.0,8.169
SAMEA113543830,PRJEB51353,SAMEA113543830,,adult,,,SE,,,,,,2017,primary,1.0,11.022
SAMEA113543831,PRJEB51353,SAMEA113543831,,adult,,,SE,,,,,,2017,primary,1.0,8.225
SAMEA113543832,PRJEB51353,SAMEA113543832,,adult,,,SE,,,,,,2017,primary,1.0,7.852
SAMEA113543833,PRJEB51353,SAMEA113543833,,adult,,,SE,,,,,,2017,primary,1.0,8.3
SAMEA113543834,PRJEB51353,SAMEA113543834,,adult,,,SE,,,,,,2016,primary,1.0,7.626
SAMEA113543835,PRJEB51353,SAMEA113543835,,adult,,,SE,,,,,,2017,primary,1.0,6.505
SAMEA113543836,PRJEB51353,SAMEA113543836,,adult,,,SE,,,,,,2017,primary,1.0,10.593
SAMEA113543837,PRJEB51353,SAMEA113543837,,adult,,,SE,,,,,,2015,primary,1.0,8.163
SAMEA113543838,PRJEB51353,SAMEA113543838,,adult,,,SE,,,,,,2016,primary,1.0,10.026
SAMEA113543839,PRJEB51353,SAMEA113543839,,adult,,,SE,,,,,,2016,primary,1.0,7.695
SAMEA113543840,PRJEB51353,SAMEA113543840,,adult,,,SE,,,,,,2017,primary,1.0,8.027
SAMEA113543841,PRJEB51353,SAMEA113543841,,adult,,,SE,,,,,,2017,primary,1.0,6.334
SAMEA113543842,PRJEB51353,SAMEA113543842,,adult,,,SE,,,,,,2016,primary,1.0,6.719
SAMEA113543843,PRJEB51353,SAMEA113543843,,adult,,,SE,,,,,,2015,primary,1.0,6.787
SAMEA113543844,PRJEB51353,SAMEA113543844,,adult,,,SE,,,,,,2017,primary,1.0,8.185
SAMEA113543845,PRJEB51353,SAMEA113543845,,adult,,,SE,,,,,,2016,primary,1.0,8.652
SAMEA113543846,PRJEB51353,SAMEA113543846,,adult,,,SE,,,,,,2018,primary,1.0,7.773
SAMEA113543847,PRJEB51353,SAMEA113543847,,adult,,,SE,,,,,,2015,primary,1.0,8.112
SAMEA113543848,PRJEB51353,SAMEA113543848,,adult,,,SE,,,,,,2016,primary,1.0,6.466
SAMEA113543849,PRJEB51353,SAMEA113543849,,adult,,,SE,,,,,,2016,primary,1.0,9.21
SAMEA113543850,PRJEB51353,SAMEA113543850,,adult,,,SE,,,,,,2016,primary,1.0,7.832
SAMEA113543851,PRJEB51353,SAMEA113543851,,adult,,,SE,,,,,,2017,primary,1.0,6.043
SAMEA113543852,PRJEB51353,SAMEA113543852,,adult,,,SE,,,,,,2017,primary,1.0,8.11
SAMEA113543853,PRJEB51353,SAMEA113543853,,adult,,,SE,,,,,,2016,primary,1.0,7.577
SAMEA113543854,PRJEB51353,SAMEA113543854,,adult,,,SE,,,,,,2015,primary,1.0,9.238
SAMEA113543855,PRJEB51353,SAMEA113543855,,adult,,,SE,,,,,,2016,primary,1.0,10.032
SAMEA113543856,PRJEB51353,SAMEA113543856,,adult,,,SE,,,,,,2017,primary,1.0,9.452
SAMEA113543857,PRJEB51353,SAMEA113543857,,adult,,,SE,,,,,,2016,primary,1.0,8.217
SAMEA113543858,PRJEB51353,SAMEA113543858,,adult,,,SE,,,,,,2017,primary,1.0,9.758
SAMEA113543859,PRJEB51353,SAMEA113543859,,adult,,,SE,,,,,,2017,primary,1.0,12.268
SAMEA113543860,PRJEB51353,SAMEA113543860,,adult,,,SE,,,,,,2015,primary,1.0,7.432
SAMEA113543861,PRJEB51353,SAMEA113543861,,adult,,,SE,,,,,,2016,primary,1.0,6.084
SAMEA113543862,PRJEB51353,SAMEA113543862,,adult,,,SE,,,,,,2017,primary,1.0,6.871
SAMEA113543863,PRJEB51353,SAMEA113543863,,adult,,,SE,,,,,,2016,primary,1.0,9.886
SAMEA113543864,PRJEB51353,SAMEA113543864,,adult,,,SE,,,,,,2016,primary,1.0,5.962
SAMEA113543865,PRJEB51353,SAMEA113543865,,adult,,,SE,,,,,,2016,primary,1.0,8.897
SAMEA113543866,PRJEB51353,SAMEA113543866,,adult,,,SE,,,,,,2016,primary,1.0,7.711
SAMEA113543867,PRJEB51353,SAMEA113543867,,adult,,,SE,,,,,,2016,primary,1.0,10.158
SAMEA113543868,PRJEB51353,SAMEA113543868,,adult,,,SE,,,,,,2017,primary,1.0,7.353
SAMEA113543869,PRJEB51353,SAMEA113543869,,adult,,,SE,,,,,,2015,primary,1.0,6.399
SAMEA113543870,PRJEB51353,SAMEA113543870,,adult,,,SE,,,,,,2017,primary,1.0,6.544
SAMEA113543871,PRJEB51353,SAMEA113543871,,adult,,,SE,,,,,,2015,primary,1.0,6.526
SAMEA113543872,PRJEB51353,SAMEA113543872,,adult,,,SE,,,,,,2016,primary,1.0,8.418
SAMEA113543873,PRJEB51353,SAMEA113543873,,adult,,,SE,,,,,,2015,primary,1.0,6.566
SAMEA113543874,PRJEB51353,SAMEA113543874,,adult,,,SE,,,,,,2016,primary,1.0,9.825
SAMEA113543875,PRJEB51353,SAMEA113543875,,adult,,,SE,,,,,,2015,primary,1.0,7.513
SAMEA113543876,PRJEB51353,SAMEA113543876,,adult,,,SE,,,,,,2017,primary,1.0,7.981
SAMEA113543877,PRJEB51353,SAMEA113543877,,adult,,,SE,,,,,,2017,primary,1.0,8.668
SAMEA113543878,PRJEB51353,SAMEA113543878,,adult,,,SE,,,,,,2016,primary,1.0,9.073
SAMEA113543879,PRJEB51353,SAMEA113543879,,adult,,,SE,,,,,,2015,primary,1.0,6.67
SAMEA113543880,PRJEB51353,SAMEA113543880,,adult,,,SE,,,,,,2017,primary,1.0,5.883
SAMEA113543881,PRJEB51353,SAMEA113543881,,adult,,,SE,,,,,,2016,primary,1.0,6.799
SAMEA113543882,PRJEB51353,SAMEA113543882,,adult,,,SE,,,,,,2016,primary,1.0,6.897
SAMEA113543883,PRJEB51353,SAMEA113543883,,adult,,,SE,,,,,,2015,primary,1.0,6.93
SAMEA113543884,PRJEB51353,SAMEA113543884,,adult,,,SE,,,,,,2016,primary,1.0,8.979
SAMEA113543885,PRJEB51353,SAMEA113543885,,adult,,,SE,,,,,,2015,primary,1.0,6.304
SAMEA113543886,PRJEB51353,SAMEA113543886,,adult,,,SE,,,,,,2016,primary,1.0,8.699
SAMEA113543887,PRJEB51353,SAMEA113543887,,adult,,,SE,,,,,,2016,primary,1.0,8.075
SAMEA113543888,PRJEB51353,SAMEA113543888,,adult,,,SE,,,,,,2017,primary,1.0,6.44
SAMEA113543889,PRJEB51353,SAMEA113543889,,adult,,,SE,,,,,,2017,primary,1.0,8.096
SAMEA113543890,PRJEB51353,SAMEA113543890,,adult,,,SE,,,,,,2017,primary,1.0,6.046
SAMEA113543891,PRJEB51353,SAMEA113543891,,adult,,,SE,,,,,,2016,primary,1.0,8.774
SAMEA113543892,PRJEB51353,SAMEA113543892,,adult,,,SE,,,,,,2016,primary,1.0,7.95
SAMEA113543893,PRJEB51353,SAMEA113543893,,adult,,,SE,,,,,,2017,primary,1.0,7.9
SAMEA113543894,PRJEB51353,SAMEA113543894,,adult,,,SE,,,,,,2017,primary,1.0,7.071
SAMEA113543895,PRJEB51353,SAMEA113543895,,adult,,,SE,,,,,,2017,primary,1.0,6.709
SAMEA113543896,PRJEB51353,SAMEA113543896,,adult,,,SE,,,,,,2017,primary,1.0,8.055
SAMEA113543897,PRJEB51353,SAMEA113543897,,adult,,,SE,,,,,,2015,primary,1.0,6.275
SAMEA113543898,PRJEB51353,SAMEA113543898,,adult,,,SE,,,,,,2016,primary,1.0,8.866
SAMEA113543899,PRJEB51353,SAMEA113543899,,adult,,,SE,,,,,,2015,primary,1.0,8.448
SAMEA113543900,PRJEB51353,SAMEA113543900,,adult,,,SE,,,,,,2016,primary,1.0,7.82
SAMEA113543901,PRJEB51353,SAMEA113543901,,adult,,,SE,,,,,,2017,primary,1.0,9.624
SAMEA113543902,PRJEB51353,SAMEA113543902,,adult,,,SE,,,,,,2017,primary,1.0,8.322
SAMEA113543903,PRJEB51353,SAMEA113543903,,adult,,,SE,,,,,,2016,primary,1.0,8.496
SAMEA113543904,PRJEB51353,SAMEA113543904,,adult,,,SE,,,,,,2015,primary,1.0,7.569
SAMEA113543905,PRJEB51353,SAMEA113543905,,adult,,,SE,,,,,,2016,primary,1.0,5.953
SAMEA113543906,PRJEB51353,SAMEA113543906,,adult,,,SE,,,,,,2017,primary,1.0,7.622
SAMEA113543907,PRJEB51353,SAMEA113543907,,adult,,,SE,,,,,,2017,primary,1.0,5.996
SAMEA113543908,PRJEB51353,SAMEA113543908,,adult,,,SE,,,,,,2015,primary,1.0,6.925
SAMEA113543909,PRJEB51353,SAMEA113543909,,adult,,,SE,,,,,,2017,primary,1.0,6.429
SAMEA113543910,PRJEB51353,SAMEA113543910,,adult,,,SE,,,,,,2018,primary,1.0,7.182
SAMEA113543911,PRJEB51353,SAMEA113543911,,adult,,,SE,,,,,,2015,primary,1.0,12.912
SAMEA113543912,PRJEB51353,SAMEA113543912,,adult,,,SE,,,,,,2016,primary,1.0,7.513
SAMEA113543913,PRJEB51353,SAMEA113543913,,adult,,,SE,,,,,,2016,primary,1.0,6.308
SAMEA113543914,PRJEB51353,SAMEA113543914,,adult,,,SE,,,,,,2017,primary,1.0,11.967
SAMEA113543915,PRJEB51353,SAMEA113543915,,adult,,,SE,,,,,,2017,primary,1.0,6.149
SAMEA113543916,PRJEB51353,SAMEA113543916,,adult,,,SE,,,,,,2017,primary,1.0,7.172
SAMEA113543917,PRJEB51353,SAMEA113543917,,adult,,,SE,,,,,,2015,primary,1.0,7.865
SAMEA113543918,PRJEB51353,SAMEA113543918,,adult,,,SE,,,,,,2016,primary,1.0,9.56
SAMEA113543919,PRJEB51353,SAMEA113543919,,adult,,,SE,,,,,,2017,primary,1.0,7.594
SAMEA113543920,PRJEB51353,SAMEA113543920,,adult,,,SE,,,,,,2017,primary,1.0,9.721
SAMEA113543921,PRJEB51353,SAMEA113543921,,adult,,,SE,,,,,,2017,primary,1.0,7.472
SAMEA113543922,PRJEB51353,SAMEA113543922,,adult,,,SE,,,,,,2016,primary,1.0,6.001
SAMEA113543923,PRJEB51353,SAMEA113543923,,adult,,,SE,,,,,,2017,primary,1.0,7.231
SAMEA113543924,PRJEB51353,SAMEA113543924,,adult,,,SE,,,,,,2016,primary,1.0,6.552
SAMEA113543925,PRJEB51353,SAMEA113543925,,adult,,,SE,,,,,,2017,primary,1.0,7.507
SAMEA113543926,PRJEB51353,SAMEA113543926,,adult,,,SE,,,,,,2017,primary,1.0,6.727
SAMEA113543927,PRJEB51353,SAMEA113543927,,adult,,,SE,,,,,,2016,primary,1.0,6.259
SAMEA113543928,PRJEB51353,SAMEA113543928,,adult,,,SE,,,,,,2017,primary,1.0,8.079
SAMEA113543929,PRJEB51353,SAMEA113543929,,adult,,,SE,,,,,,2018,primary,1.0,8.746
SAMEA113543930,PRJEB51353,SAMEA113543930,,adult,,,SE,,,,,,2016,primary,1.0,7.448
SAMEA113543931,PRJEB51353,SAMEA113543931,,adult,,,SE,,,,,,2018,primary,1.0,7.634
SAMEA113543932,PRJEB51353,SAMEA113543932,,adult,,,SE,,,,,,2017,primary,1.0,7.456
SAMEA113543933,PRJEB51353,SAMEA113543933,,adult,,,SE,,,,,,2018,primary,1.0,7.671
SAMEA113543934,PRJEB51353,SAMEA113543934,,adult,,,SE,,,,,,2015,primary,1.0,9.059
SAMEA113543935,PRJEB51353,SAMEA113543935,,adult,,,SE,,,,,,2016,primary,1.0,10.255
SAMEA113543936,PRJEB51353,SAMEA113543936,,adult,,,SE,,,,,,2017,primary,1.0,7.166
SAMEA113543937,PRJEB51353,SAMEA113543937,,adult,,,SE,,,,,,2016,primary,1.0,6.883
SAMEA113543938,PRJEB51353,SAMEA113543938,,adult,,,SE,,,,,,2016,primary,1.0,12.952
SAMEA113543939,PRJEB51353,SAMEA113543939,,adult,,,SE,,,,,,2018,primary,1.0,8.317
SAMEA113543940,PRJEB51353,SAMEA113543940,,adult,,,SE,,,,,,2017,primary,1.0,7.303
SAMEA113543941,PRJEB51353,SAMEA113543941,,adult,,,SE,,,,,,2017,primary,1.0,6.685
SAMEA113543942,PRJEB51353,SAMEA113543942,,adult,,,SE,,,,,,2015,primary,1.0,8.313
SAMEA113543943,PRJEB51353,SAMEA113543943,,adult,,,SE,,,,,,2017,primary,1.0,12.795
SAMEA113543944,PRJEB51353,SAMEA113543944,,adult,,,SE,,,,,,2015,primary,1.0,6.41
SAMEA113543945,PRJEB51353,SAMEA113543945,,adult,,,SE,,,,,,2016,primary,1.0,7.536
SAMEA113543946,PRJEB51353,SAMEA113543946,,adult,,,SE,,,,,,2017,primary,1.0,6.751
SAMEA113543947,PRJEB51353,SAMEA113543947,,adult,,,SE,,,,,,2015,primary,1.0,6.705
SAMEA113543948,PRJEB51353,SAMEA113543948,,adult,,,SE,,,,,,2016,primary,1.0,7.011
SAMEA113543949,PRJEB51353,SAMEA113543949,,adult,,,SE,,,,,,2016,primary,1.0,7.156
SAMEA113543950,PRJEB51353,SAMEA113543950,,adult,,,SE,,,,,,2016,primary,1.0,7.284
SAMEA113543951,PRJEB51353,SAMEA113543951,,adult,,,SE,,,,,,2017,primary,1.0,7.257
SAMEA113543952,PRJEB51353,SAMEA113543952,,adult,,,SE,,,,,,2017,primary,1.0,9.022
SAMEA113543953,PRJEB51353,SAMEA113543953,,adult,,,SE,,,,,,2016,primary,1.0,8.581
SAMEA113543954,PRJEB51353,SAMEA113543954,,adult,,,SE,,,,,,2015,primary,1.0,7.693
SAMEA113543955,PRJEB51353,SAMEA113543955,,adult,,,SE,,,,,,2016,primary,1.0,7.759
SAMEA113543956,PRJEB51353,SAMEA113543956,,adult,,,SE,,,,,,2017,primary,1.0,7.441
SAMEA113543957,PRJEB51353,SAMEA113543957,,adult,,,SE,,,,,,2017,primary,1.0,7.28
SAMEA113543958,PRJEB51353,SAMEA113543958,,adult,,,SE,,,,,,2017,primary,1.0,8.121
SAMEA113543959,PRJEB51353,SAMEA113543959,,adult,,,SE,,,,,,2015,primary,1.0,8.528
SAMEA113543960,PRJEB51353,SAMEA113543960,,adult,,,SE,,,,,,2016,primary,1.0,6.601
SAMEA113543961,PRJEB51353,SAMEA113543961,,adult,,,SE,,,,,,2016,primary,1.0,6.861
SAMEA113543962,PRJEB51353,SAMEA113543962,,adult,,,SE,,,,,,2015,primary,1.0,8.118
SAMEA113543963,PRJEB51353,SAMEA113543963,,adult,,,SE,,,,,,2015,primary,1.0,7.699
SAMEA113543964,PRJEB51353,SAMEA113543964,,adult,,,SE,,,,,,2016,primary,1.0,6.23
SAMEA113543965,PRJEB51353,SAMEA113543965,,adult,,,SE,,,,,,2016,primary,1.0,7.188
SAMEA113543966,PRJEB51353,SAMEA113543966,,adult,,,SE,,,,,,2015,primary,1.0,12.038
SAMEA113543967,PRJEB51353,SAMEA113543967,,adult,,,SE,,,,,,2015,primary,1.0,7.658
SAMEA113543968,PRJEB51353,SAMEA113543968,,adult,,,SE,,,,,,2015,primary,1.0,8.529
SAMEA113543969,PRJEB51353,SAMEA113543969,,adult,,,SE,,,,,,2016,primary,1.0,13.934
SAMEA113543970,PRJEB51353,SAMEA113543970,,adult,,,SE,,,,,,2016,primary,1.0,8.581
SAMEA113543971,PRJEB51353,SAMEA113543971,,adult,,,SE,,,,,,2016,primary,1.0,8.467
SAMEA113543972,PRJEB51353,SAMEA113543972,,adult,,,SE,,,,,,2016,primary,1.0,8.89
SAMEA113543973,PRJEB51353,SAMEA113543973,,adult,,,SE,,,,,,2017,primary,1.0,7.615
SAMEA113543974,PRJEB51353,SAMEA113543974,,adult,,,SE,,,,,,2017,primary,1.0,7.885
SAMEA113543975,PRJEB51353,SAMEA113543975,,adult,,,SE,,,,,,2015,primary,1.0,7.079
SAMEA113543976,PRJEB51353,SAMEA113543976,,adult,,,SE,,,,,,2017,primary,1.0,8.053
SAMEA113543977,PRJEB51353,SAMEA113543977,,adult,,,SE,,,,,,2017,primary,1.0,7.063
SAMEA113543978,PRJEB51353,SAMEA113543978,,adult,,,SE,,,,,,2017,primary,1.0,11.097
SAMEA113543979,PRJEB51353,SAMEA113543979,,adult,,,SE,,,,,,2016,primary,1.0,6.739
SAMEA113543980,PRJEB51353,SAMEA113543980,,adult,,,SE,,,,,,2017,primary,1.0,7.1
SAMEA113543981,PRJEB51353,SAMEA113543981,,adult,,,SE,,,,,,2016,primary,1.0,5.985
SAMEA113543982,PRJEB51353,SAMEA113543982,,adult,,,SE,,,,,,2016,primary,1.0,9.258
SAMEA113543983,PRJEB51353,SAMEA113543983,,adult,,,SE,,,,,,2016,primary,1.0,7.274
SAMEA113543984,PRJEB51353,SAMEA113543984,,adult,,,SE,,,,,,2018,primary,1.0,6.875
SAMEA113543985,PRJEB51353,SAMEA113543985,,adult,,,SE,,,,,,2016,primary,1.0,8.389
SAMEA113543986,PRJEB51353,SAMEA113543986,,adult,,,SE,,,,,,2017,primary,1.0,8.791
SAMEA113543987,PRJEB51353,SAMEA113543987,,adult,,,SE,,,,,,2017,primary,1.0,6.917
SAMEA113543988,PRJEB51353,SAMEA113543988,,adult,,,SE,,,,,,2015,primary,1.0,7.044
SAMEA113543989,PRJEB51353,SAMEA113543989,,adult,,,SE,,,,,,2016,primary,1.0,8.827
SAMEA113543990,PRJEB51353,SAMEA113543990,,adult,,,SE,,,,,,2017,primary,1.0,7.631
SAMEA113543991,PRJEB51353,SAMEA113543991,,adult,,,SE,,,,,,2015,primary,1.0,8.381
SAMEA113543992,PRJEB51353,SAMEA113543992,,adult,,,SE,,,,,,2015,primary,1.0,6.576
SAMEA113543993,PRJEB51353,SAMEA113543993,,adult,,,SE,,,,,,2016,primary,1.0,7.656
SAMEA113543994,PRJEB51353,SAMEA113543994,,adult,,,SE,,,,,,2017,primary,1.0,9.354
SAMEA113543995,PRJEB51353,SAMEA113543995,,adult,,,SE,,,,,,2015,primary,1.0,8.554
SAMEA113543996,PRJEB51353,SAMEA113543996,,adult,,,SE,,,,,,2015,primary,1.0,6.599
SAMEA113543997,PRJEB51353,SAMEA113543997,,adult,,,SE,,,,,,2015,primary,1.0,7.962
SAMEA113543998,PRJEB51353,SAMEA113543998,,adult,,,SE,,,,,,2015,primary,1.0,7.455
SAMEA113543999,PRJEB51353,SAMEA113543999,,adult,,,SE,,,,,,2016,primary,1.0,7.296
SAMEA113544000,PRJEB51353,SAMEA113544000,,adult,,,SE,,,,,,2015,primary,1.0,8.444
SAMEA113544001,PRJEB51353,SAMEA113544001,,adult,,,SE,,,,,,2017,primary,1.0,6.544
SAMEA113544002,PRJEB51353,SAMEA113544002,,adult,,,SE,,,,,,2015,primary,1.0,7.246
SAMEA113544003,PRJEB51353,SAMEA113544003,,adult,,,SE,,,,,,2018,primary,1.0,7.144
SAMEA113544004,PRJEB51353,SAMEA113544004,,adult,,,SE,,,,,,2015,primary,1.0,7.319
SAMEA113544005,PRJEB51353,SAMEA113544005,,adult,,,SE,,,,,,2018,primary,1.0,7.088
SAMEA113544006,PRJEB51353,SAMEA113544006,,adult,,,SE,,,,,,2015,primary,1.0,9.561
SAMEA113544007,PRJEB51353,SAMEA113544007,,adult,,,SE,,,,,,2017,primary,1.0,7.217
SAMEA113544008,PRJEB51353,SAMEA113544008,,adult,,,SE,,,,,,2018,primary,1.0,8.898
SAMEA113544009,PRJEB51353,SAMEA113544009,,adult,,,SE,,,,,,2016,primary,1.0,6.753
SAMEA113544010,PRJEB51353,SAMEA113544010,,adult,,,SE,,,,,,2016,primary,1.0,6.139
SAMEA113544011,PRJEB51353,SAMEA113544011,,adult,,,SE,,,,,,2016,primary,1.0,6.945
SAMEA113544012,PRJEB51353,SAMEA113544012,,adult,,,SE,,,,,,2015,primary,1.0,7.096
SAMEA113544013,PRJEB51353,SAMEA113544013,,adult,,,SE,,,,,,2015,primary,1.0,6.575
SAMEA113544014,PRJEB51353,SAMEA113544014,,adult,,,SE,,,,,,2016,primary,1.0,6.3
SAMEA113544015,PRJEB51353,SAMEA113544015,,adult,,,SE,,,,,,2015,primary,1.0,7.269
SAMEA113544016,PRJEB51353,SAMEA113544016,,adult,,,SE,,,,,,2017,primary,1.0,7.409
SAMEA113544017,PRJEB51353,SAMEA113544017,,adult,,,SE,,,,,,2016,primary,1.0,7.056
SAMEA113544018,PRJEB51353,SAMEA113544018,,adult,,,SE,,,,,,2017,primary,1.0,6.575
SAMEA113544019,PRJEB51353,SAMEA113544019,,adult,,,SE,,,,,,2017,primary,1.0,8.448
SAMEA113544020,PRJEB51353,SAMEA113544020,,adult,,,SE,,,,,,2016,primary,1.0,7.626
SAMEA113544021,PRJEB51353,SAMEA113544021,,adult,,,SE,,,,,,2016,primary,1.0,7.642
SAMEA113544022,PRJEB51353,SAMEA113544022,,adult,,,SE,,,,,,2016,primary,1.0,8.345
SAMEA113544023,PRJEB51353,SAMEA113544023,,adult,,,SE,,,,,,2016,primary,1.0,8.276
SAMEA113544024,PRJEB51353,SAMEA113544024,,adult,,,SE,,,,,,2016,primary,1.0,6.366
SAMEA113544025,PRJEB51353,SAMEA113544025,,adult,,,SE,,,,,,2017,primary,1.0,7.124
SAMEA113544026,PRJEB51353,SAMEA113544026,,adult,,,SE,,,,,,2015,primary,1.0,7.304
SAMEA113544027,PRJEB51353,SAMEA113544027,,adult,,,SE,,,,,,2017,primary,1.0,9.035
SAMEA113544028,PRJEB51353,SAMEA113544028,,adult,,,SE,,,,,,2016,primary,1.0,9.14
SAMEA113544029,PRJEB51353,SAMEA113544029,,adult,,,SE,,,,,,2016,primary,1.0,6.503
SAMEA113544030,PRJEB51353,SAMEA113544030,,adult,,,SE,,,,,,2017,primary,1.0,15.155
SAMEA113544031,PRJEB51353,SAMEA113544031,,adult,,,SE,,,,,,2015,primary,1.0,9.116
SAMEA113544032,PRJEB51353,SAMEA113544032,,adult,,,SE,,,,,,2017,primary,1.0,8.805
SAMEA113544033,PRJEB51353,SAMEA113544033,,adult,,,SE,,,,,,2015,primary,1.0,8.401
SAMEA113544034,PRJEB51353,SAMEA113544034,,adult,,,SE,,,,,,2015,primary,1.0,7.225
SAMEA113544035,PRJEB51353,SAMEA113544035,,adult,,,SE,,,,,,2016,primary,1.0,8.396
SAMEA113544036,PRJEB51353,SAMEA113544036,,adult,,,SE,,,,,,2016,primary,1.0,7.571
SAMEA113544037,PRJEB51353,SAMEA113544037,,adult,,,SE,,,,,,2015,primary,1.0,7.487
SAMEA113544038,PRJEB51353,SAMEA113544038,,adult,,,SE,,,,,,2017,primary,1.0,7.077
SAMEA113544039,PRJEB51353,SAMEA113544039,,adult,,,SE,,,,,,2015,primary,1.0,7.842
SAMEA113544040,PRJEB51353,SAMEA113544040,,adult,,,SE,,,,,,2015,primary,1.0,6.781
SAMEA113544041,PRJEB51353,SAMEA113544041,,adult,,,SE,,,,,,2015,primary,1.0,6.677
SAMEA113544042,PRJEB51353,SAMEA113544042,,adult,,,SE,,,,,,2015,primary,1.0,6.99
SAMEA113544043,PRJEB51353,SAMEA113544043,,adult,,,SE,,,,,,2017,primary,1.0,8.48
SAMEA113544044,PRJEB51353,SAMEA113544044,,adult,,,SE,,,,,,2017,primary,1.0,7.205
SAMEA113544045,PRJEB51353,SAMEA113544045,,adult,,,SE,,,,,,2017,primary,1.0,9.523
SAMEA113544046,PRJEB51353,SAMEA113544046,,adult,,,SE,,,,,,2015,primary,1.0,6.835
SAMEA113544047,PRJEB51353,SAMEA113544047,,adult,,,SE,,,,,,2016,primary,1.0,6.989
SAMEA113544048,PRJEB51353,SAMEA113544048,,adult,,,SE,,,,,,2017,primary,1.0,7.386
SAMEA113544049,PRJEB51353,SAMEA113544049,,adult,,,SE,,,,,,2015,primary,1.0,7.919
SAMEA113544050,PRJEB51353,SAMEA113544050,,adult,,,SE,,,,,,2017,primary,1.0,8.354
SAMEA113544051,PRJEB51353,SAMEA113544051,,adult,,,SE,,,,,,2017,primary,1.0,7.663
SAMEA113544052,PRJEB51353,SAMEA113544052,,adult,,,SE,,,,,,2016,primary,1.0,6.03
SAMEA113544053,PRJEB51353,SAMEA113544053,,adult,,,SE,,,,,,2018,primary,1.0,7.452
SAMEA113544054,PRJEB51353,SAMEA113544054,,adult,,,SE,,,,,,2017,primary,1.0,9.036
SAMEA113544055,PRJEB51353,SAMEA113544055,,adult,,,SE,,,,,,2016,primary,1.0,7.489
SAMEA113544056,PRJEB51353,SAMEA113544056,,adult,,,SE,,,,,,2015,primary,1.0,7.084
SAMEA113544057,PRJEB51353,SAMEA113544057,,adult,,,SE,,,,,,2016,primary,1.0,7.209
SAMEA113544058,PRJEB51353,SAMEA113544058,,adult,,,SE,,,,,,2017,primary,1.0,6.999
SAMEA113544059,PRJEB51353,SAMEA113544059,,adult,,,SE,,,,,,2016,primary,1.0,8.304
SAMEA113544060,PRJEB51353,SAMEA113544060,,adult,,,SE,,,,,,2015,primary,1.0,6.155
SAMEA113544061,PRJEB51353,SAMEA113544061,,adult,,,SE,,,,,,2015,primary,1.0,9.636
SAMEA113544062,PRJEB51353,SAMEA113544062,,adult,,,SE,,,,,,2015,primary,1.0,7.84
SAMEA113544063,PRJEB51353,SAMEA113544063,,adult,,,SE,,,,,,2015,primary,1.0,14.468
SAMEA113544064,PRJEB51353,SAMEA113544064,,adult,,,SE,,,,,,2018,primary,1.0,8.715
SAMEA113544065,PRJEB51353,SAMEA113544065,,adult,,,SE,,,,,,2017,primary,1.0,9.24
SAMEA113544066,PRJEB51353,SAMEA113544066,,adult,,,SE,,,,,,2015,primary,1.0,8.072
SAMEA113544067,PRJEB51353,SAMEA113544067,,adult,,,SE,,,,,,2015,primary,1.0,8.454
SAMEA113544068,PRJEB51353,SAMEA113544068,,adult,,,SE,,,,,,2015,primary,1.0,9.567
SAMEA113544069,PRJEB51353,SAMEA113544069,,adult,,,SE,,,,,,2016,primary,1.0,6.26
SAMEA113544070,PRJEB51353,SAMEA113544070,,adult,,,SE,,,,,,2015,primary,1.0,7.714
SAMEA113544071,PRJEB51353,SAMEA113544071,,adult,,,SE,,,,,,2017,primary,1.0,6.247
SAMEA113544072,PRJEB51353,SAMEA113544072,,adult,,,SE,,,,,,2017,primary,1.0,6.373
SAMEA113544073,PRJEB51353,SAMEA113544073,,adult,,,SE,,,,,,2016,primary,1.0,7.617
SAMEA113544074,PRJEB51353,SAMEA113544074,,adult,,,SE,,,,,,2017,primary,1.0,6.69
SAMEA113544075,PRJEB51353,SAMEA113544075,,adult,,,SE,,,,,,2017,primary,1.0,8.209
SAMEA113544076,PRJEB51353,SAMEA113544076,,adult,,,SE,,,,,,2017,primary,1.0,7.048
SAMEA113544077,PRJEB51353,SAMEA113544077,,adult,,,SE,,,,,,2015,primary,1.0,6.305
SAMEA113544078,PRJEB51353,SAMEA113544078,,adult,,,SE,,,,,,2017,primary,1.0,9.928
SAMEA113544079,PRJEB51353,SAMEA113544079,,adult,,,SE,,,,,,2015,primary,1.0,8.554
SAMEA113544080,PRJEB51353,SAMEA113544080,,adult,,,SE,,,,,,2017,primary,1.0,8.332
SAMEA113544081,PRJEB51353,SAMEA113544081,,adult,,,SE,,,,,,2015,primary,1.0,6.068
SAMEA113544082,PRJEB51353,SAMEA113544082,,adult,,,SE,,,,,,2016,primary,1.0,7.623
SAMEA113544083,PRJEB51353,SAMEA113544083,,adult,,,SE,,,,,,2016,primary,1.0,6.78
SAMEA113544084,PRJEB51353,SAMEA113544084,,adult,,,SE,,,,,,2017,primary,1.0,9.652
SAMEA113544085,PRJEB51353,SAMEA113544085,,adult,,,SE,,,,,,2015,primary,1.0,7.4
SAMEA113544086,PRJEB51353,SAMEA113544086,,adult,,,SE,,,,,,2017,primary,1.0,6.841
SAMEA113544087,PRJEB51353,SAMEA113544087,,adult,,,SE,,,,,,2017,primary,1.0,7.95
SAMEA113544088,PRJEB51353,SAMEA113544088,,adult,,,SE,,,,,,2016,primary,1.0,7.335
SAMEA113544089,PRJEB51353,SAMEA113544089,,adult,,,SE,,,,,,2017,primary,1.0,6.852
SAMEA113544090,PRJEB51353,SAMEA113544090,,adult,,,SE,,,,,,2015,primary,1.0,7.641
SAMEA113544091,PRJEB51353,SAMEA113544091,,adult,,,SE,,,,,,2015,primary,1.0,6.976
SAMEA113544092,PRJEB51353,SAMEA113544092,,adult,,,SE,,,,,,2015,primary,1.0,12.195
SAMEA113544093,PRJEB51353,SAMEA113544093,,adult,,,SE,,,,,,2015,primary,1.0,7.106
SAMEA113544094,PRJEB51353,SAMEA113544094,,adult,,,SE,,,,,,2016,primary,1.0,7.451
SAMEA113544095,PRJEB51353,SAMEA113544095,,adult,,,SE,,,,,,2016,primary,1.0,6.252
SAMEA113544096,PRJEB51353,SAMEA113544096,,adult,,,SE,,,,,,2016,primary,1.0,7.953
SAMEA113544097,PRJEB51353,SAMEA113544097,,adult,,,SE,,,,,,2017,primary,1.0,6.248
SAMEA113544098,PRJEB51353,SAMEA113544098,,adult,,,SE,,,,,,2016,primary,1.0,7.644
SAMEA113544099,PRJEB51353,SAMEA113544099,,adult,,,SE,,,,,,2017,primary,1.0,8.112
SAMEA113544100,PRJEB51353,SAMEA113544100,,adult,,,SE,,,,,,2017,primary,1.0,6.484
SAMEA113544101,PRJEB51353,SAMEA113544101,,adult,,,SE,,,,,,2016,primary,1.0,6.219
SAMEA113544102,PRJEB51353,SAMEA113544102,,adult,,,SE,,,,,,2015,primary,1.0,6.711
SAMEA113544103,PRJEB51353,SAMEA113544103,,adult,,,SE,,,,,,2017,primary,1.0,8.645
SAMEA113544104,PRJEB51353,SAMEA113544104,,adult,,,SE,,,,,,2016,primary,1.0,6.885
SAMEA113544105,PRJEB51353,SAMEA113544105,,adult,,,SE,,,,,,2016,primary,1.0,7.398
SAMEA113544106,PRJEB51353,SAMEA113544106,,adult,,,SE,,,,,,2016,primary,1.0,8.69
SAMEA113544107,PRJEB51353,SAMEA113544107,,adult,,,SE,,,,,,2017,primary,1.0,7.285
SAMEA113544108,PRJEB51353,SAMEA113544108,,adult,,,SE,,,,,,2016,primary,1.0,9.981
SAMEA113544109,PRJEB51353,SAMEA113544109,,adult,,,SE,,,,,,2015,primary,1.0,8.591
SAMEA113544110,PRJEB51353,SAMEA113544110,,adult,,,SE,,,,,,2017,primary,1.0,7.091
SAMEA113544111,PRJEB51353,SAMEA113544111,,adult,,,SE,,,,,,2015,primary,1.0,7.336
SAMEA113544112,PRJEB51353,SAMEA113544112,,adult,,,SE,,,,,,2017,primary,1.0,9.205
SAMEA113544113,PRJEB51353,SAMEA113544113,,adult,,,SE,,,,,,2017,primary,1.0,7.677
SAMEA113544114,PRJEB51353,SAMEA113544114,,adult,,,SE,,,,,,2015,primary,1.0,7.762
SAMEA113544115,PRJEB51353,SAMEA113544115,,adult,,,SE,,,,,,2017,primary,1.0,7.301
SAMEA113544116,PRJEB51353,SAMEA113544116,,adult,,,SE,,,,,,2015,primary,1.0,8.364
SAMEA113544117,PRJEB51353,SAMEA113544117,,adult,,,SE,,,,,,2016,primary,1.0,7.081
SAMEA113544118,PRJEB51353,SAMEA113544118,,adult,,,SE,,,,,,2015,primary,1.0,6.275
SAMEA113544119,PRJEB51353,SAMEA113544119,,adult,,,SE,,,,,,2016,primary,1.0,8.472
SAMEA113544120,PRJEB51353,SAMEA113544120,,adult,,,SE,,,,,,2015,primary,1.0,8.349
SAMEA113544121,PRJEB51353,SAMEA113544121,,adult,,,SE,,,,,,2016,primary,1.0,8.213
SAMEA113544122,PRJEB51353,SAMEA113544122,,adult,,,SE,,,,,,2016,primary,1.0,7.873
SAMEA113544123,PRJEB51353,SAMEA113544123,,adult,,,SE,,,,,,2016,primary,1.0,7.26
SAMEA113544124,PRJEB51353,SAMEA113544124,,adult,,,SE,,,,,,2016,primary,1.0,9.079
SAMEA113544125,PRJEB51353,SAMEA113544125,,adult,,,SE,,,,,,2016,primary,1.0,7.145
SAMEA113544126,PRJEB51353,SAMEA113544126,,adult,,,SE,,,,,,2015,primary,1.0,7.957
SAMEA113544127,PRJEB51353,SAMEA113544127,,adult,,,SE,,,,,,2017,primary,1.0,9.705
SAMEA113544128,PRJEB51353,SAMEA113544128,,adult,,,SE,,,,,,2015,primary,1.0,6.839
SAMEA113544129,PRJEB51353,SAMEA113544129,,adult,,,SE,,,,,,2017,primary,1.0,9.519
SAMEA113544130,PRJEB51353,SAMEA113544130,,adult,,,SE,,,,,,2018,primary,1.0,8.43
SAMEA113544131,PRJEB51353,SAMEA113544131,,adult,,,SE,,,,,,2016,primary,1.0,6.455
SAMEA113544132,PRJEB51353,SAMEA113544132,,adult,,,SE,,,,,,2017,primary,1.0,6.022
SAMEA113544133,PRJEB51353,SAMEA113544133,,adult,,,SE,,,,,,2015,primary,1.0,7.325
SAMEA113544134,PRJEB51353,SAMEA113544134,,adult,,,SE,,,,,,2015,primary,1.0,7.893
SAMEA113544135,PRJEB51353,SAMEA113544135,,adult,,,SE,,,,,,2017,primary,1.0,7.144
SAMEA113544136,PRJEB51353,SAMEA113544136,,adult,,,SE,,,,,,2017,primary,1.0,9.106
SAMEA113544137,PRJEB51353,SAMEA113544137,,adult,,,SE,,,,,,2017,primary,1.0,6.251
SAMEA113544138,PRJEB51353,SAMEA113544138,,adult,,,SE,,,,,,2015,primary,1.0,7.136
SAMEA113544139,PRJEB51353,SAMEA113544139,,adult,,,SE,,,,,,2017,primary,1.0,7.893
SAMEA113544140,PRJEB51353,SAMEA113544140,,adult,,,SE,,,,,,2016,primary,1.0,6.785
SAMEA113544141,PRJEB51353,SAMEA113544141,,adult,,,SE,,,,,,2016,primary,1.0,7.924
SAMEA113544142,PRJEB51353,SAMEA113544142,,adult,,,SE,,,,,,2015,primary,1.0,8.235
SAMEA113544143,PRJEB51353,SAMEA113544143,,adult,,,SE,,,,,,2015,primary,1.0,9.304
SAMEA113544144,PRJEB51353,SAMEA113544144,,adult,,,SE,,,,,,2015,primary,1.0,7.752
SAMEA113544145,PRJEB51353,SAMEA113544145,,adult,,,SE,,,,,,2015,primary,1.0,10.099
SAMEA113544146,PRJEB51353,SAMEA113544146,,adult,,,SE,,,,,,2015,primary,1.0,9.881
SAMEA113544147,PRJEB51353,SAMEA113544147,,adult,,,SE,,,,,,2017,primary,1.0,7.605
SAMEA113544148,PRJEB51353,SAMEA113544148,,adult,,,SE,,,,,,2017,primary,1.0,9.925
SAMEA113544149,PRJEB51353,SAMEA113544149,,adult,,,SE,,,,,,2018,primary,1.0,8.626
SAMEA113544150,PRJEB51353,SAMEA113544150,,adult,,,SE,,,,,,2016,primary,1.0,10.44
SAMEA113544151,PRJEB51353,SAMEA113544151,,adult,,,SE,,,,,,2015,primary,1.0,10.006
SAMEA113544152,PRJEB51353,SAMEA113544152,,adult,,,SE,,,,,,2016,primary,1.0,6.451
SAMEA113544153,PRJEB51353,SAMEA113544153,,adult,,,SE,,,,,,2017,primary,1.0,8.108
SAMEA113544154,PRJEB51353,SAMEA113544154,,adult,,,SE,,,,,,2016,primary,1.0,7.134
SAMEA113544155,PRJEB51353,SAMEA113544155,,adult,,,SE,,,,,,2017,primary,1.0,9.313
SAMEA113544156,PRJEB51353,SAMEA113544156,,adult,,,SE,,,,,,2017,primary,1.0,7.101
SAMEA113544157,PRJEB51353,SAMEA113544157,,adult,,,SE,,,,,,2015,primary,1.0,9.44
SAMEA113544158,PRJEB51353,SAMEA113544158,,adult,,,SE,,,,,,2016,primary,1.0,10.065
SAMEA113544159,PRJEB51353,SAMEA113544159,,adult,,,SE,,,,,,2016,primary,1.0,12.266
SAMEA113544160,PRJEB51353,SAMEA113544160,,adult,,,SE,,,,,,2016,primary,1.0,8.857
SAMEA113544161,PRJEB51353,SAMEA113544161,,adult,,,SE,,,,,,2015,primary,1.0,7.55
SAMEA113544162,PRJEB51353,SAMEA113544162,,adult,,,SE,,,,,,2015,primary,1.0,8.142
SAMEA113544163,PRJEB51353,SAMEA113544163,,adult,,,SE,,,,,,2017,primary,1.0,5.776
SAMEA113544164,PRJEB51353,SAMEA113544164,,adult,,,SE,,,,,,2016,primary,1.0,6.549
SAMEA113544165,PRJEB51353,SAMEA113544165,,adult,,,SE,,,,,,2017,primary,1.0,15.46
SAMEA113544166,PRJEB51353,SAMEA113544166,,adult,,,SE,,,,,,2017,primary,1.0,6.452
SAMEA113544167,PRJEB51353,SAMEA113544167,,adult,,,SE,,,,,,2017,primary,1.0,7.069
SAMEA113544168,PRJEB51353,SAMEA113544168,,adult,,,SE,,,,,,2016,primary,1.0,8.561
SAMEA113544169,PRJEB51353,SAMEA113544169,,adult,,,SE,,,,,,2016,primary,1.0,7.17
SAMEA113544170,PRJEB51353,SAMEA113544170,,adult,,,SE,,,,,,2018,primary,1.0,5.952
SAMEA113544171,PRJEB51353,SAMEA113544171,,adult,,,SE,,,,,,2017,primary,1.0,6.186
SAMEA113544172,PRJEB51353,SAMEA113544172,,adult,,,SE,,,,,,2017,primary,1.0,9.511
SAMEA113544173,PRJEB51353,SAMEA113544173,,adult,,,SE,,,,,,2017,primary,1.0,15.816
SAMEA113544174,PRJEB51353,SAMEA113544174,,adult,,,SE,,,,,,2016,primary,1.0,6.541
SAMEA113544175,PRJEB51353,SAMEA113544175,,adult,,,SE,,,,,,2015,primary,1.0,8.274
SAMEA113544176,PRJEB51353,SAMEA113544176,,adult,,,SE,,,,,,2017,primary,1.0,7.345
SAMEA113544177,PRJEB51353,SAMEA113544177,,adult,,,SE,,,,,,2015,primary,1.0,7.955
SAMEA113544178,PRJEB51353,SAMEA113544178,,adult,,,SE,,,,,,2015,primary,1.0,8.631
SAMEA113544179,PRJEB51353,SAMEA113544179,,adult,,,SE,,,,,,2017,primary,1.0,6.399
SAMEA113544180,PRJEB51353,SAMEA113544180,,adult,,,SE,,,,,,2015,primary,1.0,6.615
SAMEA113544181,PRJEB51353,SAMEA113544181,,adult,,,SE,,,,,,2015,primary,1.0,6.333
SAMEA113544182,PRJEB51353,SAMEA113544182,,adult,,,SE,,,,,,2015,primary,1.0,7.893
SAMEA113544183,PRJEB51353,SAMEA113544183,,adult,,,SE,,,,,,2015,primary,1.0,7.95
SAMEA113544184,PRJEB51353,SAMEA113544184,,adult,,,SE,,,,,,2018,primary,1.0,6.396
SAMEA113544185,PRJEB51353,SAMEA113544185,,adult,,,SE,,,,,,2015,primary,1.0,8.672
SAMEA113544186,PRJEB51353,SAMEA113544186,,adult,,,SE,,,,,,2015,primary,1.0,8.532
SAMEA113544187,PRJEB51353,SAMEA113544187,,adult,,,SE,,,,,,2016,primary,1.0,8.74
SAMEA113544188,PRJEB51353,SAMEA113544188,,adult,,,SE,,,,,,2016,primary,1.0,8.612
SAMEA113544189,PRJEB51353,SAMEA113544189,,adult,,,SE,,,,,,2015,primary,1.0,11.689
SAMEA113544190,PRJEB51353,SAMEA113544190,,adult,,,SE,,,,,,2017,primary,1.0,13.955
SAMEA113544191,PRJEB51353,SAMEA113544191,,adult,,,SE,,,,,,2017,primary,1.0,7.658
SAMEA113544192,PRJEB51353,SAMEA113544192,,adult,,,SE,,,,,,2018,primary,1.0,6.487
SAMEA113544193,PRJEB51353,SAMEA113544193,,adult,,,SE,,,,,,2016,primary,1.0,6.229
SAMEA113544194,PRJEB51353,SAMEA113544194,,adult,,,SE,,,,,,2015,primary,1.0,10.696
SAMEA113544195,PRJEB51353,SAMEA113544195,,adult,,,SE,,,,,,2016,primary,1.0,8.723
SAMEA113544196,PRJEB51353,SAMEA113544196,,adult,,,SE,,,,,,2017,primary,1.0,7.318
SAMEA113544197,PRJEB51353,SAMEA113544197,,adult,,,SE,,,,,,2015,primary,1.0,11.301
SAMEA113544198,PRJEB51353,SAMEA113544198,,adult,,,SE,,,,,,2015,primary,1.0,8.765
SAMEA113544199,PRJEB51353,SAMEA113544199,,adult,,,SE,,,,,,2016,primary,1.0,12.692
SAMEA113544200,PRJEB51353,SAMEA113544200,,adult,,,SE,,,,,,2016,primary,1.0,7.438
SAMEA113544201,PRJEB51353,SAMEA113544201,,adult,,,SE,,,,,,2017,primary,1.0,8.546
SAMEA113544202,PRJEB51353,SAMEA113544202,,adult,,,SE,,,,,,2015,primary,1.0,6.774
SAMEA113544203,PRJEB51353,SAMEA113544203,,adult,,,SE,,,,,,2017,primary,1.0,7.121
SAMEA113544204,PRJEB51353,SAMEA113544204,,adult,,,SE,,,,,,2015,primary,1.0,10.188
SAMEA113544205,PRJEB51353,SAMEA113544205,,adult,,,SE,,,,,,2015,primary,1.0,6.758
SAMEA113544206,PRJEB51353,SAMEA113544206,,adult,,,SE,,,,,,2016,primary,1.0,6.567
SAMEA113544207,PRJEB51353,SAMEA113544207,,adult,,,SE,,,,,,2017,primary,1.0,6.694
SAMEA113544208,PRJEB51353,SAMEA113544208,,adult,,,SE,,,,,,2017,primary,1.0,7.738
SAMEA113544209,PRJEB51353,SAMEA113544209,,adult,,,SE,,,,,,2017,primary,1.0,7.634
SAMEA113544210,PRJEB51353,SAMEA113544210,,adult,,,SE,,,,,,2015,primary,1.0,9.881
SAMEA113544211,PRJEB51353,SAMEA113544211,,adult,,,SE,,,,,,2015,primary,1.0,7.426
SAMEA113544212,PRJEB51353,SAMEA113544212,,adult,,,SE,,,,,,2018,primary,1.0,9.894
SAMEA113544213,PRJEB51353,SAMEA113544213,,adult,,,SE,,,,,,2016,primary,1.0,7.938
SAMEA113544214,PRJEB51353,SAMEA113544214,,adult,,,SE,,,,,,2018,primary,1.0,8.471
SAMEA113544215,PRJEB51353,SAMEA113544215,,adult,,,SE,,,,,,2016,primary,1.0,9.065
SAMEA113544216,PRJEB51353,SAMEA113544216,,adult,,,SE,,,,,,2017,primary,1.0,7.462
SAMEA113544217,PRJEB51353,SAMEA113544217,,adult,,,SE,,,,,,2016,primary,1.0,8.303
SAMEA113544218,PRJEB51353,SAMEA113544218,,adult,,,SE,,,,,,2017,primary,1.0,7.653
SAMEA113544219,PRJEB51353,SAMEA113544219,,adult,,,SE,,,,,,2015,primary,1.0,8.132
SAMEA113544220,PRJEB51353,SAMEA113544220,,adult,,,SE,,,,,,2016,primary,1.0,7.826
SAMEA113544221,PRJEB51353,SAMEA113544221,,adult,,,SE,,,,,,2016,primary,1.0,7.114
SAMEA113544222,PRJEB51353,SAMEA113544222,,adult,,,SE,,,,,,2015,primary,1.0,7.285
SAMEA113544223,PRJEB51353,SAMEA113544223,,adult,,,SE,,,,,,2017,primary,1.0,7.937
SAMEA113544224,PRJEB51353,SAMEA113544224,,adult,,,SE,,,,,,2015,primary,1.0,7.89
SAMEA113544225,PRJEB51353,SAMEA113544225,,adult,,,SE,,,,,,2017,primary,1.0,7.37
SAMEA113544226,PRJEB51353,SAMEA113544226,,adult,,,SE,,,,,,2016,primary,1.0,7.938
SAMEA113544227,PRJEB51353,SAMEA113544227,,adult,,,SE,,,,,,2016,primary,1.0,6.179
SAMEA113544228,PRJEB51353,SAMEA113544228,,adult,,,SE,,,,,,2015,primary,1.0,7.381
SAMEA113544229,PRJEB51353,SAMEA113544229,,adult,,,SE,,,,,,2015,primary,1.0,6.229
SAMEA113544230,PRJEB51353,SAMEA113544230,,adult,,,SE,,,,,,2017,primary,1.0,11.901
SAMEA113544231,PRJEB51353,SAMEA113544231,,adult,,,SE,,,,,,2018,primary,1.0,7.232
SAMEA113544232,PRJEB51353,SAMEA113544232,,adult,,,SE,,,,,,2017,primary,1.0,8.895
SAMEA113544233,PRJEB51353,SAMEA113544233,,adult,,,SE,,,,,,2017,primary,1.0,7.256
SAMEA113544234,PRJEB51353,SAMEA113544234,,adult,,,SE,,,,,,2015,primary,1.0,7.984
SAMEA113544235,PRJEB51353,SAMEA113544235,,adult,,,SE,,,,,,2016,primary,1.0,6.486
SAMEA113544236,PRJEB51353,SAMEA113544236,,adult,,,SE,,,,,,2018,primary,1.0,9.744
SAMEA113544237,PRJEB51353,SAMEA113544237,,adult,,,SE,,,,,,2016,primary,1.0,8.746
SAMEA113544238,PRJEB51353,SAMEA113544238,,adult,,,SE,,,,,,2017,primary,1.0,9.692
SAMEA113544239,PRJEB51353,SAMEA113544239,,adult,,,SE,,,,,,2016,primary,1.0,7.883
SAMEA113544240,PRJEB51353,SAMEA113544240,,adult,,,SE,,,,,,2015,primary,1.0,6.366
SAMEA113544241,PRJEB51353,SAMEA113544241,,adult,,,SE,,,,,,2016,primary,1.0,8.672
SAMEA113544242,PRJEB51353,SAMEA113544242,,adult,,,SE,,,,,,2017,primary,1.0,9.663
SAMEA113544243,PRJEB51353,SAMEA113544243,,adult,,,SE,,,,,,2016,primary,1.0,24.793
SAMEA113544244,PRJEB51353,SAMEA113544244,,adult,,,SE,,,,,,2015,primary,1.0,6.766
SAMEA113544245,PRJEB51353,SAMEA113544245,,adult,,,SE,,,,,,2016,primary,1.0,7.179
SAMEA113544246,PRJEB51353,SAMEA113544246,,adult,,,SE,,,,,,2016,primary,1.0,24.917
SAMEA113544247,PRJEB51353,SAMEA113544247,,adult,,,SE,,,,,,2017,primary,1.0,6.981
SAMEA113544248,PRJEB51353,SAMEA113544248,,adult,,,SE,,,,,,2017,primary,1.0,9.929
SAMEA113544249,PRJEB51353,SAMEA113544249,,adult,,,SE,,,,,,2016,primary,1.0,7.762
SAMEA113544250,PRJEB51353,SAMEA113544250,,adult,,,SE,,,,,,2015,primary,1.0,6.577
SAMEA113544251,PRJEB51353,SAMEA113544251,,adult,,,SE,,,,,,2017,primary,1.0,9.835
SAMEA113544252,PRJEB51353,SAMEA113544252,,adult,,,SE,,,,,,2015,primary,1.0,7.51
SAMEA113544253,PRJEB51353,SAMEA113544253,,adult,,,SE,,,,,,2015,primary,1.0,8.289
SAMEA113544254,PRJEB51353,SAMEA113544254,,adult,,,SE,,,,,,2015,primary,1.0,6.405
SAMEA113544255,PRJEB51353,SAMEA113544255,,adult,,,SE,,,,,,2016,primary,1.0,6.931
SAMEA113544256,PRJEB51353,SAMEA113544256,,adult,,,SE,,,,,,2015,primary,1.0,6.02
SAMEA113544257,PRJEB51353,SAMEA113544257,,adult,,,SE,,,,,,2017,primary,1.0,11.217
SAMEA113544258,PRJEB51353,SAMEA113544258,,adult,,,SE,,,,,,2017,primary,1.0,6.562
SAMEA113544259,PRJEB51353,SAMEA113544259,,adult,,,SE,,,,,,2015,primary,1.0,7.336
SAMEA113544260,PRJEB51353,SAMEA113544260,,adult,,,SE,,,,,,2016,primary,1.0,7.769
SAMEA113544261,PRJEB51353,SAMEA113544261,,adult,,,SE,,,,,,2015,primary,1.0,8.296
SAMEA113544262,PRJEB51353,SAMEA113544262,,adult,,,SE,,,,,,2015,primary,1.0,7.74
SAMEA113544263,PRJEB51353,SAMEA113544263,,adult,,,SE,,,,,,2016,primary,1.0,6.351
SAMEA113544264,PRJEB51353,SAMEA113544264,,adult,,,SE,,,,,,2015,primary,1.0,7.905
SAMEA113544265,PRJEB51353,SAMEA113544265,,adult,,,SE,,,,,,2016,primary,1.0,9.18
SAMEA113544266,PRJEB51353,SAMEA113544266,,adult,,,SE,,,,,,2016,primary,1.0,6.204
SAMEA113544267,PRJEB51353,SAMEA113544267,,adult,,,SE,,,,,,2016,primary,1.0,7.93
SAMEA113544268,PRJEB51353,SAMEA113544268,,adult,,,SE,,,,,,2018,primary,1.0,6.044
SAMEA113544269,PRJEB51353,SAMEA113544269,,adult,,,SE,,,,,,2016,primary,1.0,6.88
SAMEA113544270,PRJEB51353,SAMEA113544270,,adult,,,SE,,,,,,2016,primary,1.0,4.867
SAMEA113544271,PRJEB51353,SAMEA113544271,,adult,,,SE,,,,,,2016,primary,1.0,9.021
SAMEA113544272,PRJEB51353,SAMEA113544272,,adult,,,SE,,,,,,2015,primary,1.0,6.189
SAMEA113544273,PRJEB51353,SAMEA113544273,,adult,,,SE,,,,,,2016,primary,1.0,6.812
SAMEA113544274,PRJEB51353,SAMEA113544274,,adult,,,SE,,,,,,2015,primary,1.0,7.01
SAMEA113544275,PRJEB51353,SAMEA113544275,,adult,,,SE,,,,,,2016,primary,1.0,11.442
SAMEA113544276,PRJEB51353,SAMEA113544276,,adult,,,SE,,,,,,2016,primary,1.0,6.618
SAMEA113544277,PRJEB51353,SAMEA113544277,,adult,,,SE,,,,,,2015,primary,1.0,6.992
SAMEA113544278,PRJEB51353,SAMEA113544278,,adult,,,SE,,,,,,2017,primary,1.0,7.367
SAMEA113544279,PRJEB51353,SAMEA113544279,,adult,,,SE,,,,,,2015,primary,1.0,6.825
SAMEA113544280,PRJEB51353,SAMEA113544280,,adult,,,SE,,,,,,2017,primary,1.0,8.637
SAMEA113544281,PRJEB51353,SAMEA113544281,,adult,,,SE,,,,,,2016,primary,1.0,6.741
SAMEA113544282,PRJEB51353,SAMEA113544282,,adult,,,SE,,,,,,2018,primary,1.0,9.328
SAMEA113544283,PRJEB51353,SAMEA113544283,,adult,,,SE,,,,,,2015,primary,1.0,8.176
SAMEA113544284,PRJEB51353,SAMEA113544284,,adult,,,SE,,,,,,2016,primary,1.0,8.088
SAMEA113544285,PRJEB51353,SAMEA113544285,,adult,,,SE,,,,,,2017,primary,1.0,7.928
SAMEA113544286,PRJEB51353,SAMEA113544286,,adult,,,SE,,,,,,2017,primary,1.0,8.932
SAMEA113544287,PRJEB51353,SAMEA113544287,,adult,,,SE,,,,,,2016,primary,1.0,9.364
SAMEA113544288,PRJEB51353,SAMEA113544288,,adult,,,SE,,,,,,2015,primary,1.0,7.142
SAMEA113544289,PRJEB51353,SAMEA113544289,,adult,,,SE,,,,,,2015,primary,1.0,6.597
SAMEA113544290,PRJEB51353,SAMEA113544290,,adult,,,SE,,,,,,2017,primary,1.0,8.187
SAMEA113544291,PRJEB51353,SAMEA113544291,,adult,,,SE,,,,,,2017,primary,1.0,6.834
SAMEA113544292,PRJEB51353,SAMEA113544292,,adult,,,SE,,,,,,2016,primary,1.0,10.559
SAMEA113544293,PRJEB51353,SAMEA113544293,,adult,,,SE,,,,,,2018,primary,1.0,10.751
SAMEA113544294,PRJEB51353,SAMEA113544294,,adult,,,SE,,,,,,2016,primary,1.0,9.784
SAMEA113544295,PRJEB51353,SAMEA113544295,,adult,,,SE,,,,,,2016,primary,1.0,6.711
SAMEA113544296,PRJEB51353,SAMEA113544296,,adult,,,SE,,,,,,2015,primary,1.0,9.164
SAMEA113544297,PRJEB51353,SAMEA113544297,,adult,,,SE,,,,,,2018,primary,1.0,6.885
SAMEA113544298,PRJEB51353,SAMEA113544298,,adult,,,SE,,,,,,2017,primary,1.0,7.947
SAMEA113544299,PRJEB51353,SAMEA113544299,,adult,,,SE,,,,,,2015,primary,1.0,8.346
SAMEA113544300,PRJEB51353,SAMEA113544300,,adult,,,SE,,,,,,2016,primary,1.0,8.156
SAMEA113544301,PRJEB51353,SAMEA113544301,,adult,,,SE,,,,,,2015,primary,1.0,6.975
SAMEA113544302,PRJEB51353,SAMEA113544302,,adult,,,SE,,,,,,2017,primary,1.0,9.378
SAMEA113544303,PRJEB51353,SAMEA113544303,,adult,,,SE,,,,,,2018,primary,1.0,6.706
SAMEA113544304,PRJEB51353,SAMEA113544304,,adult,,,SE,,,,,,2015,primary,1.0,8.628
SAMEA113544305,PRJEB51353,SAMEA113544305,,adult,,,SE,,,,,,2018,primary,1.0,6.414
SAMEA113544306,PRJEB51353,SAMEA113544306,,adult,,,SE,,,,,,2016,primary,1.0,7.133
SAMEA113544307,PRJEB51353,SAMEA113544307,,adult,,,SE,,,,,,2017,primary,1.0,7.039
SAMEA113544308,PRJEB51353,SAMEA113544308,,adult,,,SE,,,,,,2017,primary,1.0,8.121
SAMEA113544309,PRJEB51353,SAMEA113544309,,adult,,,SE,,,,,,2015,primary,1.0,9.029
SAMEA113544310,PRJEB51353,SAMEA113544310,,adult,,,SE,,,,,,2015,primary,1.0,8.051
SAMEA113544311,PRJEB51353,SAMEA113544311,,adult,,,SE,,,,,,2015,primary,1.0,7.638
SAMEA113544312,PRJEB51353,SAMEA113544312,,adult,,,SE,,,,,,2016,primary,1.0,6.544
SAMEA113544313,PRJEB51353,SAMEA113544313,,adult,,,SE,,,,,,2017,primary,1.0,7.549
SAMEA113544314,PRJEB51353,SAMEA113544314,,adult,,,SE,,,,,,2015,primary,1.0,6.972
SAMEA113544315,PRJEB51353,SAMEA113544315,,adult,,,SE,,,,,,2017,primary,1.0,10.947
SAMEA113544316,PRJEB51353,SAMEA113544316,,adult,,,SE,,,,,,2016,primary,1.0,8.638
SAMEA113544317,PRJEB51353,SAMEA113544317,,adult,,,SE,,,,,,2016,primary,1.0,7.846
SAMEA113544318,PRJEB51353,SAMEA113544318,,adult,,,SE,,,,,,2017,primary,1.0,6.062
SAMEA113544319,PRJEB51353,SAMEA113544319,,adult,,,SE,,,,,,2018,primary,1.0,7.636
SAMEA113544320,PRJEB51353,SAMEA113544320,,adult,,,SE,,,,,,2017,primary,1.0,7.193
SAMEA113544321,PRJEB51353,SAMEA113544321,,adult,,,SE,,,,,,2016,primary,1.0,9.553
SAMEA113544322,PRJEB51353,SAMEA113544322,,adult,,,SE,,,,,,2016,primary,1.0,6.67
SAMEA113544323,PRJEB51353,SAMEA113544323,,adult,,,SE,,,,,,2016,primary,1.0,7.002
SAMEA113544324,PRJEB51353,SAMEA113544324,,adult,,,SE,,,,,,2015,primary,1.0,9.417
SAMEA113544325,PRJEB51353,SAMEA113544325,,adult,,,SE,,,,,,2016,primary,1.0,6.478
SAMEA113544326,PRJEB51353,SAMEA113544326,,adult,,,SE,,,,,,2016,primary,1.0,8.643
SAMEA113544327,PRJEB51353,SAMEA113544327,,adult,,,SE,,,,,,2016,primary,1.0,9.303
SAMEA113544328,PRJEB51353,SAMEA113544328,,adult,,,SE,,,,,,2015,primary,1.0,7.453
SAMEA113544329,PRJEB51353,SAMEA113544329,,adult,,,SE,,,,,,2018,primary,1.0,7.56
SAMEA113544330,PRJEB51353,SAMEA113544330,,adult,,,SE,,,,,,2015,primary,1.0,8.32
SAMEA113544331,PRJEB51353,SAMEA113544331,,adult,,,SE,,,,,,2016,primary,1.0,6.466
SAMEA113544332,PRJEB51353,SAMEA113544332,,adult,,,SE,,,,,,2017,primary,1.0,9.788
SAMEA113544333,PRJEB51353,SAMEA113544333,,adult,,,SE,,,,,,2017,primary,1.0,8.264
SAMEA113544334,PRJEB51353,SAMEA113544334,,adult,,,SE,,,,,,2017,primary,1.0,10.635
SAMEA113544335,PRJEB51353,SAMEA113544335,,adult,,,SE,,,,,,2015,primary,1.0,6.197
SAMEA113544336,PRJEB51353,SAMEA113544336,,adult,,,SE,,,,,,2018,primary,1.0,9.194
SAMEA113544337,PRJEB51353,SAMEA113544337,,adult,,,SE,,,,,,2015,primary,1.0,8.256
SAMEA113544338,PRJEB51353,SAMEA113544338,,adult,,,SE,,,,,,2015,primary,1.0,7.393
SAMEA113544339,PRJEB51353,SAMEA113544339,,adult,,,SE,,,,,,2017,primary,1.0,7.106
SAMEA113544340,PRJEB51353,SAMEA113544340,,adult,,,SE,,,,,,2015,primary,1.0,7.73
SAMEA113544341,PRJEB51353,SAMEA113544341,,adult,,,SE,,,,,,2016,primary,1.0,9.173
SAMEA113544342,PRJEB51353,SAMEA113544342,,adult,,,SE,,,,,,2015,primary,1.0,8.595
SAMEA113544343,PRJEB51353,SAMEA113544343,,adult,,,SE,,,,,,2016,primary,1.0,7.712
SAMEA113544344,PRJEB51353,SAMEA113544344,,adult,,,SE,,,,,,2015,primary,1.0,8.655
SAMEA113544345,PRJEB51353,SAMEA113544345,,adult,,,SE,,,,,,2015,primary,1.0,8.275
SAMEA113544346,PRJEB51353,SAMEA113544346,,adult,,,SE,,,,,,2015,primary,1.0,8.639
SAMEA113544347,PRJEB51353,SAMEA113544347,,adult,,,SE,,,,,,2015,primary,1.0,8.205
SAMEA113544348,PRJEB51353,SAMEA113544348,,adult,,,SE,,,,,,2017,primary,1.0,7.874
SAMEA113544349,PRJEB51353,SAMEA113544349,,adult,,,SE,,,,,,2016,primary,1.0,7.613
SAMEA113544350,PRJEB51353,SAMEA113544350,,adult,,,SE,,,,,,2015,primary,1.0,6.495
SAMEA113544351,PRJEB51353,SAMEA113544351,,adult,,,SE,,,,,,2016,primary,1.0,7.52
SAMEA113544352,PRJEB51353,SAMEA113544352,,adult,,,SE,,,,,,2016,primary,1.0,6.197
SAMEA113544353,PRJEB51353,SAMEA113544353,,adult,,,SE,,,,,,2015,primary,1.0,9.254
SAMEA113544354,PRJEB51353,SAMEA113544354,,adult,,,SE,,,,,,2015,primary,1.0,10.446
SAMEA113544355,PRJEB51353,SAMEA113544355,,adult,,,SE,,,,,,2017,primary,1.0,8.115
SAMEA113544356,PRJEB51353,SAMEA113544356,,adult,,,SE,,,,,,2015,primary,1.0,8.768
SAMEA113544357,PRJEB51353,SAMEA113544357,,adult,,,SE,,,,,,2015,primary,1.0,7.804
SAMEA113544358,PRJEB51353,SAMEA113544358,,adult,,,SE,,,,,,2015,primary,1.0,9.266
SAMEA113544359,PRJEB51353,SAMEA113544359,,adult,,,SE,,,,,,2017,primary,1.0,9.709
SAMEA113544360,PRJEB51353,SAMEA113544360,,adult,,,SE,,,,,,2017,primary,1.0,6.276
SAMEA113544361,PRJEB51353,SAMEA113544361,,adult,,,SE,,,,,,2015,primary,1.0,9.756
SAMEA113544362,PRJEB51353,SAMEA113544362,,adult,,,SE,,,,,,2017,primary,1.0,27.801
SAMEA113544363,PRJEB51353,SAMEA113544363,,adult,,,SE,,,,,,2015,primary,1.0,7.759
SAMEA113544364,PRJEB51353,SAMEA113544364,,adult,,,SE,,,,,,2016,primary,1.0,7.896
SAMEA113544365,PRJEB51353,SAMEA113544365,,adult,,,SE,,,,,,2017,primary,1.0,7.482
SAMEA113544366,PRJEB51353,SAMEA113544366,,adult,,,SE,,,,,,2015,primary,1.0,6.865
SAMEA113544367,PRJEB51353,SAMEA113544367,,adult,,,SE,,,,,,2017,primary,1.0,8.819
SAMEA113544368,PRJEB51353,SAMEA113544368,,adult,,,SE,,,,,,2017,primary,1.0,7.341
SAMEA113544369,PRJEB51353,SAMEA113544369,,adult,,,SE,,,,,,2016,primary,1.0,7.508
SAMEA113544370,PRJEB51353,SAMEA113544370,,adult,,,SE,,,,,,2016,primary,1.0,6.851
SAMEA113544371,PRJEB51353,SAMEA113544371,,adult,,,SE,,,,,,2015,primary,1.0,8.664
SAMEA113544372,PRJEB51353,SAMEA113544372,,adult,,,SE,,,,,,2017,primary,1.0,9.421
SAMEA113544373,PRJEB51353,SAMEA113544373,,adult,,,SE,,,,,,2016,primary,1.0,6.78
SAMEA113544374,PRJEB51353,SAMEA113544374,,adult,,,SE,,,,,,2017,primary,1.0,8.077
SAMEA113544375,PRJEB51353,SAMEA113544375,,adult,,,SE,,,,,,2016,primary,1.0,6.959
SAMEA113544376,PRJEB51353,SAMEA113544376,,adult,,,SE,,,,,,2017,primary,1.0,7.237
SAMEA113544377,PRJEB51353,SAMEA113544377,,adult,,,SE,,,,,,2017,primary,1.0,8.678
SAMEA113544378,PRJEB51353,SAMEA113544378,,adult,,,SE,,,,,,2017,primary,1.0,6.07
SAMEA113544379,PRJEB51353,SAMEA113544379,,adult,,,SE,,,,,,2018,primary,1.0,7.593
SAMEA113544380,PRJEB51353,SAMEA113544380,,adult,,,SE,,,,,,2017,primary,1.0,6.742
SAMEA113544381,PRJEB51353,SAMEA113544381,,adult,,,SE,,,,,,2016,primary,1.0,10.274
SAMEA113544382,PRJEB51353,SAMEA113544382,,adult,,,SE,,,,,,2017,primary,1.0,7.99
SAMEA113544383,PRJEB51353,SAMEA113544383,,adult,,,SE,,,,,,2015,primary,1.0,8.479
SAMEA113544384,PRJEB51353,SAMEA113544384,,adult,,,SE,,,,,,2016,primary,1.0,8.505
SAMEA113544385,PRJEB51353,SAMEA113544385,,adult,,,SE,,,,,,2016,primary,1.0,6.478
SAMEA113544386,PRJEB51353,SAMEA113544386,,adult,,,SE,,,,,,2016,primary,1.0,10.215
SAMEA113544387,PRJEB51353,SAMEA113544387,,adult,,,SE,,,,,,2018,primary,1.0,6.761
SAMEA113544388,PRJEB51353,SAMEA113544388,,adult,,,SE,,,,,,2017,primary,1.0,9.888
SAMEA113544389,PRJEB51353,SAMEA113544389,,adult,,,SE,,,,,,2016,primary,1.0,8.457
SAMEA113544390,PRJEB51353,SAMEA113544390,,adult,,,SE,,,,,,2015,primary,1.0,8.802
SAMEA113544391,PRJEB51353,SAMEA113544391,,adult,,,SE,,,,,,2017,primary,1.0,6.293
SAMEA113544392,PRJEB51353,SAMEA113544392,,adult,,,SE,,,,,,2016,primary,1.0,6.85
SAMEA113544393,PRJEB51353,SAMEA113544393,,adult,,,SE,,,,,,2016,primary,1.0,7.537
SAMEA113544394,PRJEB51353,SAMEA113544394,,adult,,,SE,,,,,,2017,primary,1.0,6.631
SAMEA113544395,PRJEB51353,SAMEA113544395,,adult,,,SE,,,,,,2017,primary,1.0,7.129
SAMEA113544396,PRJEB51353,SAMEA113544396,,adult,,,SE,,,,,,2017,primary,1.0,8.711
SAMEA113544397,PRJEB51353,SAMEA113544397,,adult,,,SE,,,,,,2017,primary,1.0,8.208
SAMEA113544398,PRJEB51353,SAMEA113544398,,adult,,,SE,,,,,,2015,primary,1.0,9.66
SAMEA113544399,PRJEB51353,SAMEA113544399,,adult,,,SE,,,,,,2018,primary,1.0,8.111
SAMEA113544400,PRJEB51353,SAMEA113544400,,adult,,,SE,,,,,,2017,primary,1.0,9.833
SAMEA113544401,PRJEB51353,SAMEA113544401,,adult,,,SE,,,,,,2016,primary,1.0,6.836
SAMEA113544402,PRJEB51353,SAMEA113544402,,adult,,,SE,,,,,,2016,primary,1.0,8.975
SAMEA113544403,PRJEB51353,SAMEA113544403,,adult,,,SE,,,,,,2016,primary,1.0,9.11
SAMEA113544404,PRJEB51353,SAMEA113544404,,adult,,,SE,,,,,,2016,primary,1.0,6.781
SAMEA113544405,PRJEB51353,SAMEA113544405,,adult,,,SE,,,,,,2017,primary,1.0,6.163
SAMEA113544406,PRJEB51353,SAMEA113544406,,adult,,,SE,,,,,,2015,primary,1.0,6.838
SAMEA113544407,PRJEB51353,SAMEA113544407,,adult,,,SE,,,,,,2016,primary,1.0,8.322
SAMEA113544408,PRJEB51353,SAMEA113544408,,adult,,,SE,,,,,,2017,primary,1.0,7.362
SAMEA113544409,PRJEB51353,SAMEA113544409,,adult,,,SE,,,,,,2016,primary,1.0,6.67
SAMEA113544410,PRJEB51353,SAMEA113544410,,adult,,,SE,,,,,,2015,primary,1.0,6.167
SAMEA113544411,PRJEB51353,SAMEA113544411,,adult,,,SE,,,,,,2015,primary,1.0,6.532
SAMEA113544412,PRJEB51353,SAMEA113544412,,adult,,,SE,,,,,,2016,primary,1.0,8.276
SAMEA113544413,PRJEB51353,SAMEA113544413,,adult,,,SE,,,,,,2016,primary,1.0,9.884
SAMEA113544414,PRJEB51353,SAMEA113544414,,adult,,,SE,,,,,,2016,primary,1.0,9.224
SAMEA113544415,PRJEB51353,SAMEA113544415,,adult,,,SE,,,,,,2016,primary,1.0,7.532
SAMEA113544416,PRJEB51353,SAMEA113544416,,adult,,,SE,,,,,,2016,primary,1.0,9.456
SAMEA113544417,PRJEB51353,SAMEA113544417,,adult,,,SE,,,,,,2016,primary,1.0,9.577
SAMEA113544418,PRJEB51353,SAMEA113544418,,adult,,,SE,,,,,,2017,primary,1.0,7.586
SAMEA113544419,PRJEB51353,SAMEA113544419,,adult,,,SE,,,,,,2017,primary,1.0,10.147
SAMEA113544420,PRJEB51353,SAMEA113544420,,adult,,,SE,,,,,,2017,primary,1.0,7.26
SAMEA113544421,PRJEB51353,SAMEA113544421,,adult,,,SE,,,,,,2016,primary,1.0,8.106
SAMEA113544422,PRJEB51353,SAMEA113544422,,adult,,,SE,,,,,,2015,primary,1.0,7.128
SAMEA113544423,PRJEB51353,SAMEA113544423,,adult,,,SE,,,,,,2017,primary,1.0,6.943
SAMEA113544424,PRJEB51353,SAMEA113544424,,adult,,,SE,,,,,,2017,primary,1.0,7.944
SAMEA113544425,PRJEB51353,SAMEA113544425,,adult,,,SE,,,,,,2017,primary,1.0,12.035
SAMEA113544426,PRJEB51353,SAMEA113544426,,adult,,,SE,,,,,,2015,primary,1.0,5.991
SAMEA113544427,PRJEB51353,SAMEA113544427,,adult,,,SE,,,,,,2015,primary,1.0,10.761
SAMEA113544428,PRJEB51353,SAMEA113544428,,adult,,,SE,,,,,,2017,primary,1.0,7.715
SAMEA113544429,PRJEB51353,SAMEA113544429,,adult,,,SE,,,,,,2017,primary,1.0,7.961
SAMEA113544430,PRJEB51353,SAMEA113544430,,adult,,,SE,,,,,,2016,primary,1.0,6.168
SAMEA113544431,PRJEB51353,SAMEA113544431,,adult,,,SE,,,,,,2017,primary,1.0,7.373
SAMEA113544432,PRJEB51353,SAMEA113544432,,adult,,,SE,,,,,,2016,primary,1.0,8.255
SAMEA113544433,PRJEB51353,SAMEA113544433,,adult,,,SE,,,,,,2015,primary,1.0,7.52
SAMEA113544434,PRJEB51353,SAMEA113544434,,adult,,,SE,,,,,,2018,primary,1.0,8.663
SAMEA113544435,PRJEB51353,SAMEA113544435,,adult,,,SE,,,,,,2018,primary,1.0,7.28
SAMEA113544436,PRJEB51353,SAMEA113544436,,adult,,,SE,,,,,,2018,primary,1.0,9.572
SAMEA113544437,PRJEB51353,SAMEA113544437,,adult,,,SE,,,,,,2017,primary,1.0,6.934
SAMEA113544438,PRJEB51353,SAMEA113544438,,adult,,,SE,,,,,,2017,primary,1.0,7.522
SAMEA113544439,PRJEB51353,SAMEA113544439,,adult,,,SE,,,,,,2015,primary,1.0,7.16
SAMEA113544440,PRJEB51353,SAMEA113544440,,adult,,,SE,,,,,,2016,primary,1.0,6.936
SAMEA113544441,PRJEB51353,SAMEA113544441,,adult,,,SE,,,,,,2016,primary,1.0,6.114
SAMEA113544442,PRJEB51353,SAMEA113544442,,adult,,,SE,,,,,,2017,primary,1.0,7.963
SAMEA113544443,PRJEB51353,SAMEA113544443,,adult,,,SE,,,,,,2017,primary,1.0,7.776
SAMEA113544444,PRJEB51353,SAMEA113544444,,adult,,,SE,,,,,,2016,primary,1.0,7.014
SAMEA113544445,PRJEB51353,SAMEA113544445,,adult,,,SE,,,,,,2015,primary,1.0,7.412
SAMEA113544446,PRJEB51353,SAMEA113544446,,adult,,,SE,,,,,,2016,primary,1.0,7.517
SAMEA113544447,PRJEB51353,SAMEA113544447,,adult,,,SE,,,,,,2016,primary,1.0,7.007
SAMEA113544448,PRJEB51353,SAMEA113544448,,adult,,,SE,,,,,,2015,primary,1.0,11.877
SAMEA113544449,PRJEB51353,SAMEA113544449,,adult,,,SE,,,,,,2016,primary,1.0,7.461
SAMEA113544450,PRJEB51353,SAMEA113544450,,adult,,,SE,,,,,,2017,primary,1.0,7.307
SAMEA113544451,PRJEB51353,SAMEA113544451,,adult,,,SE,,,,,,2017,primary,1.0,8.303
SAMEA113544452,PRJEB51353,SAMEA113544452,,adult,,,SE,,,,,,2017,primary,1.0,8.326
SAMEA113544453,PRJEB51353,SAMEA113544453,,adult,,,SE,,,,,,2015,primary,1.0,7.214
SAMEA113544454,PRJEB51353,SAMEA113544454,,adult,,,SE,,,,,,2017,primary,1.0,7.581
SAMEA113544455,PRJEB51353,SAMEA113544455,,adult,,,SE,,,,,,2016,primary,1.0,7.792
SAMEA113544456,PRJEB51353,SAMEA113544456,,adult,,,SE,,,,,,2015,primary,1.0,9.984
SAMEA113544457,PRJEB51353,SAMEA113544457,,adult,,,SE,,,,,,2016,primary,1.0,6.711
SAMEA113544458,PRJEB51353,SAMEA113544458,,adult,,,SE,,,,,,2016,primary,1.0,7.287
SAMEA113544459,PRJEB51353,SAMEA113544459,,adult,,,SE,,,,,,2017,primary,1.0,7.175
SAMEA113544460,PRJEB51353,SAMEA113544460,,adult,,,SE,,,,,,2016,primary,1.0,7.301
SAMEA113544461,PRJEB51353,SAMEA113544461,,adult,,,SE,,,,,,2017,primary,1.0,7.682
SAMEA113544462,PRJEB51353,SAMEA113544462,,adult,,,SE,,,,,,2017,primary,1.0,6.3
SAMEA113544463,PRJEB51353,SAMEA113544463,,adult,,,SE,,,,,,2016,primary,1.0,6.542
SAMEA113544464,PRJEB51353,SAMEA113544464,,adult,,,SE,,,,,,2017,primary,1.0,9.048
SAMEA113544465,PRJEB51353,SAMEA113544465,,adult,,,SE,,,,,,2017,primary,1.0,10.247
SAMEA113544466,PRJEB51353,SAMEA113544466,,adult,,,SE,,,,,,2018,primary,1.0,7.481
SAMEA113544467,PRJEB51353,SAMEA113544467,,adult,,,SE,,,,,,2017,primary,1.0,9.742
SAMEA113544468,PRJEB51353,SAMEA113544468,,adult,,,SE,,,,,,2017,primary,1.0,7.148
SAMEA113544469,PRJEB51353,SAMEA113544469,,adult,,,SE,,,,,,2016,primary,1.0,7.128
SAMEA113544470,PRJEB51353,SAMEA113544470,,adult,,,SE,,,,,,2015,primary,1.0,14.365
SAMEA113544471,PRJEB51353,SAMEA113544471,,adult,,,SE,,,,,,2015,primary,1.0,6.49
SAMEA113544472,PRJEB51353,SAMEA113544472,,adult,,,SE,,,,,,2015,primary,1.0,9.868
SAMEA113544473,PRJEB51353,SAMEA113544473,,adult,,,SE,,,,,,2016,primary,1.0,6.824
SAMEA113544474,PRJEB51353,SAMEA113544474,,adult,,,SE,,,,,,2017,primary,1.0,7.844
SAMEA113544475,PRJEB51353,SAMEA113544475,,adult,,,SE,,,,,,2017,primary,1.0,7.489
SAMEA113544476,PRJEB51353,SAMEA113544476,,adult,,,SE,,,,,,2015,primary,1.0,11.714
SAMEA113544477,PRJEB51353,SAMEA113544477,,adult,,,SE,,,,,,2015,primary,1.0,7.883
SAMEA113544478,PRJEB51353,SAMEA113544478,,adult,,,SE,,,,,,2015,primary,1.0,10.515
SAMEA113544479,PRJEB51353,SAMEA113544479,,adult,,,SE,,,,,,2018,primary,1.0,8.764
SAMEA113544480,PRJEB51353,SAMEA113544480,,adult,,,SE,,,,,,2015,primary,1.0,9.438
SAMEA113544481,PRJEB51353,SAMEA113544481,,adult,,,SE,,,,,,2017,primary,1.0,8.308
SAMEA113544482,PRJEB51353,SAMEA113544482,,adult,,,SE,,,,,,2015,primary,1.0,7.598
SAMEA113544483,PRJEB51353,SAMEA113544483,,adult,,,SE,,,,,,2016,primary,1.0,6.423
SAMEA113544484,PRJEB51353,SAMEA113544484,,adult,,,SE,,,,,,2015,primary,1.0,10.11
SAMEA113544485,PRJEB51353,SAMEA113544485,,adult,,,SE,,,,,,2017,primary,1.0,8.205
SAMEA113544486,PRJEB51353,SAMEA113544486,,adult,,,SE,,,,,,2017,primary,1.0,13.102
SAMEA113544487,PRJEB51353,SAMEA113544487,,adult,,,SE,,,,,,2015,primary,1.0,7.87
SAMEA113544488,PRJEB51353,SAMEA113544488,,adult,,,SE,,,,,,2017,primary,1.0,8.79
SAMEA113544489,PRJEB51353,SAMEA113544489,,adult,,,SE,,,,,,2016,primary,1.0,6.791
SAMEA113544490,PRJEB51353,SAMEA113544490,,adult,,,SE,,,,,,2017,primary,1.0,8.722
SAMEA113544491,PRJEB51353,SAMEA113544491,,adult,,,SE,,,,,,2016,primary,1.0,7.552
SAMEA113544492,PRJEB51353,SAMEA113544492,,adult,,,SE,,,,,,2017,primary,1.0,6.348
SAMEA113544493,PRJEB51353,SAMEA113544493,,adult,,,SE,,,,,,2017,primary,1.0,7.649
SAMEA113544494,PRJEB51353,SAMEA113544494,,adult,,,SE,,,,,,2018,primary,1.0,6.076
SAMEA113544495,PRJEB51353,SAMEA113544495,,adult,,,SE,,,,,,2017,primary,1.0,6.231
SAMEA113544496,PRJEB51353,SAMEA113544496,,adult,,,SE,,,,,,2017,primary,1.0,7.23
SAMEA113544497,PRJEB51353,SAMEA113544497,,adult,,,SE,,,,,,2017,primary,1.0,9.383
SAMEA113544498,PRJEB51353,SAMEA113544498,,adult,,,SE,,,,,,2017,primary,1.0,6.652
SAMEA113544499,PRJEB51353,SAMEA113544499,,adult,,,SE,,,,,,2016,primary,1.0,8.474
SAMEA113544500,PRJEB51353,SAMEA113544500,,adult,,,SE,,,,,,2015,primary,1.0,9.191
SAMEA113544501,PRJEB51353,SAMEA113544501,,adult,,,SE,,,,,,2015,primary,1.0,10.211
SAMEA113544502,PRJEB51353,SAMEA113544502,,adult,,,SE,,,,,,2015,primary,1.0,7.895
SAMEA113544503,PRJEB51353,SAMEA113544503,,adult,,,SE,,,,,,2017,primary,1.0,8.042
SAMEA113544504,PRJEB51353,SAMEA113544504,,adult,,,SE,,,,,,2015,primary,1.0,8.603
SAMEA113544505,PRJEB51353,SAMEA113544505,,adult,,,SE,,,,,,2016,primary,1.0,21.824
SAMEA113544506,PRJEB51353,SAMEA113544506,,adult,,,SE,,,,,,2017,primary,1.0,8.253
SAMEA113544507,PRJEB51353,SAMEA113544507,,adult,,,SE,,,,,,2017,primary,1.0,7.603
SAMEA113544508,PRJEB51353,SAMEA113544508,,adult,,,SE,,,,,,2017,primary,1.0,10.634
SAMEA113544509,PRJEB51353,SAMEA113544509,,adult,,,SE,,,,,,2016,primary,1.0,8.444
SAMEA113544510,PRJEB51353,SAMEA113544510,,adult,,,SE,,,,,,2015,primary,1.0,9.054
SAMEA113544511,PRJEB51353,SAMEA113544511,,adult,,,SE,,,,,,2015,primary,1.0,7.679
SAMEA113544512,PRJEB51353,SAMEA113544512,,adult,,,SE,,,,,,2015,primary,1.0,8.21
SAMEA113544513,PRJEB51353,SAMEA113544513,,adult,,,SE,,,,,,2015,primary,1.0,7.203
SAMEA113544514,PRJEB51353,SAMEA113544514,,adult,,,SE,,,,,,2017,primary,1.0,6.796
SAMEA113544515,PRJEB51353,SAMEA113544515,,adult,,,SE,,,,,,2016,primary,1.0,6.677
SAMEA113544516,PRJEB51353,SAMEA113544516,,adult,,,SE,,,,,,2017,primary,1.0,8.458
SAMEA113544517,PRJEB51353,SAMEA113544517,,adult,,,SE,,,,,,2016,primary,1.0,7.795
SAMEA113544518,PRJEB51353,SAMEA113544518,,adult,,,SE,,,,,,2016,primary,1.0,10.755
SAMEA113544519,PRJEB51353,SAMEA113544519,,adult,,,SE,,,,,,2016,primary,1.0,7.3
SAMEA113544520,PRJEB51353,SAMEA113544520,,adult,,,SE,,,,,,2015,primary,1.0,7.802
SAMEA113544521,PRJEB51353,SAMEA113544521,,adult,,,SE,,,,,,2016,primary,1.0,6.863
SAMEA113544522,PRJEB51353,SAMEA113544522,,adult,,,SE,,,,,,2015,primary,1.0,8.188
SAMEA113544523,PRJEB51353,SAMEA113544523,,adult,,,SE,,,,,,2016,primary,1.0,6.105
SAMEA113544524,PRJEB51353,SAMEA113544524,,adult,,,SE,,,,,,2016,primary,1.0,11.204
SAMEA113544525,PRJEB51353,SAMEA113544525,,adult,,,SE,,,,,,2017,primary,1.0,8.578
SAMEA113544526,PRJEB51353,SAMEA113544526,,adult,,,SE,,,,,,2017,primary,1.0,7.91
SAMEA113544527,PRJEB51353,SAMEA113544527,,adult,,,SE,,,,,,2017,primary,1.0,7.165
SAMEA113544528,PRJEB51353,SAMEA113544528,,adult,,,SE,,,,,,2017,primary,1.0,10.204
SAMEA113544529,PRJEB51353,SAMEA113544529,,adult,,,SE,,,,,,2015,primary,1.0,6.983
SAMEA113544530,PRJEB51353,SAMEA113544530,,adult,,,SE,,,,,,2015,primary,1.0,8.09
SAMEA113544531,PRJEB51353,SAMEA113544531,,adult,,,SE,,,,,,2015,primary,1.0,8.183
SAMEA113544532,PRJEB51353,SAMEA113544532,,adult,,,SE,,,,,,2015,primary,1.0,8.28
SAMEA113544533,PRJEB51353,SAMEA113544533,,adult,,,SE,,,,,,2017,primary,1.0,7.555
SAMEA113544534,PRJEB51353,SAMEA113544534,,adult,,,SE,,,,,,2016,primary,1.0,6.997
SAMEA113544535,PRJEB51353,SAMEA113544535,,adult,,,SE,,,,,,2017,primary,1.0,7.653
SAMEA113544536,PRJEB51353,SAMEA113544536,,adult,,,SE,,,,,,2015,primary,1.0,7.068
SAMEA113544537,PRJEB51353,SAMEA113544537,,adult,,,SE,,,,,,2015,primary,1.0,7.11
SAMEA113544538,PRJEB51353,SAMEA113544538,,adult,,,SE,,,,,,2016,primary,1.0,10.979
SAMEA113544539,PRJEB51353,SAMEA113544539,,adult,,,SE,,,,,,2017,primary,1.0,7.006
SAMEA113544540,PRJEB51353,SAMEA113544540,,adult,,,SE,,,,,,2017,primary,1.0,8.02
SAMEA113544541,PRJEB51353,SAMEA113544541,,adult,,,SE,,,,,,2016,primary,1.0,10.313
SAMEA113544542,PRJEB51353,SAMEA113544542,,adult,,,SE,,,,,,2017,primary,1.0,8.225
SAMEA113544543,PRJEB51353,SAMEA113544543,,adult,,,SE,,,,,,2016,primary,1.0,8.95
SAMEA113544544,PRJEB51353,SAMEA113544544,,adult,,,SE,,,,,,2015,primary,1.0,8.233
SAMEA113544545,PRJEB51353,SAMEA113544545,,adult,,,SE,,,,,,2016,primary,1.0,14.824
SAMEA113544546,PRJEB51353,SAMEA113544546,,adult,,,SE,,,,,,2015,primary,1.0,8.558
SAMEA113544547,PRJEB51353,SAMEA113544547,,adult,,,SE,,,,,,2016,primary,1.0,6.964
SAMEA113544548,PRJEB51353,SAMEA113544548,,adult,,,SE,,,,,,2015,primary,1.0,7.77
SAMEA113544549,PRJEB51353,SAMEA113544549,,adult,,,SE,,,,,,2016,primary,1.0,8.2
SAMEA113544550,PRJEB51353,SAMEA113544550,,adult,,,SE,,,,,,2017,primary,1.0,6.245
SAMEA113544551,PRJEB51353,SAMEA113544551,,adult,,,SE,,,,,,2015,primary,1.0,7.218
SAMEA113544552,PRJEB51353,SAMEA113544552,,adult,,,SE,,,,,,2017,primary,1.0,8.949
SAMEA113544553,PRJEB51353,SAMEA113544553,,adult,,,SE,,,,,,2016,primary,1.0,9.439
SAMEA113544554,PRJEB51353,SAMEA113544554,,adult,,,SE,,,,,,2015,primary,1.0,8.468
SAMEA113544555,PRJEB51353,SAMEA113544555,,adult,,,SE,,,,,,2017,primary,1.0,6.402
SAMEA113544556,PRJEB51353,SAMEA113544556,,adult,,,SE,,,,,,2017,primary,1.0,8.196
SAMEA113544557,PRJEB51353,SAMEA113544557,,adult,,,SE,,,,,,2015,primary,1.0,6.747
SAMEA113544558,PRJEB51353,SAMEA113544558,,adult,,,SE,,,,,,2017,primary,1.0,7.224
SAMEA113544559,PRJEB51353,SAMEA113544559,,adult,,,SE,,,,,,2017,primary,1.0,9.062
SAMEA113544560,PRJEB51353,SAMEA113544560,,adult,,,SE,,,,,,2016,primary,1.0,7.294
SAMEA113544561,PRJEB51353,SAMEA113544561,,adult,,,SE,,,,,,2015,primary,1.0,6.634
SAMEA113544562,PRJEB51353,SAMEA113544562,,adult,,,SE,,,,,,2015,primary,1.0,13.622
SAMEA113544563,PRJEB51353,SAMEA113544563,,adult,,,SE,,,,,,2017,primary,1.0,7.017
SAMEA113544564,PRJEB51353,SAMEA113544564,,adult,,,SE,,,,,,2015,primary,1.0,7.136
SAMEA113544565,PRJEB51353,SAMEA113544565,,adult,,,SE,,,,,,2016,primary,1.0,9.156
SAMEA113544566,PRJEB51353,SAMEA113544566,,adult,,,SE,,,,,,2016,primary,1.0,6.435
SAMEA113544567,PRJEB51353,SAMEA113544567,,adult,,,SE,,,,,,2016,primary,1.0,6.137
SAMEA113544568,PRJEB51353,SAMEA113544568,,adult,,,SE,,,,,,2016,primary,1.0,7.18
SAMEA113544569,PRJEB51353,SAMEA113544569,,adult,,,SE,,,,,,2015,primary,1.0,5.995
SAMEA113544570,PRJEB51353,SAMEA113544570,,adult,,,SE,,,,,,2017,primary,1.0,8.765
SAMEA113544571,PRJEB51353,SAMEA113544571,,adult,,,SE,,,,,,2016,primary,1.0,7.693
SAMEA113544572,PRJEB51353,SAMEA113544572,,adult,,,SE,,,,,,2015,primary,1.0,8.311
SAMEA113544573,PRJEB51353,SAMEA113544573,,adult,,,SE,,,,,,2017,primary,1.0,6.802
SAMEA113544574,PRJEB51353,SAMEA113544574,,adult,,,SE,,,,,,2017,primary,1.0,9.093
SAMEA113544575,PRJEB51353,SAMEA113544575,,adult,,,SE,,,,,,2015,primary,1.0,9.437
SAMEA113544576,PRJEB51353,SAMEA113544576,,adult,,,SE,,,,,,2017,primary,1.0,7.679
SAMEA113544577,PRJEB51353,SAMEA113544577,,adult,,,SE,,,,,,2016,primary,1.0,6.59
SAMEA113544578,PRJEB51353,SAMEA113544578,,adult,,,SE,,,,,,2015,primary,1.0,7.216
SAMEA113544579,PRJEB51353,SAMEA113544579,,adult,,,SE,,,,,,2015,primary,1.0,6.389
SAMEA113544580,PRJEB51353,SAMEA113544580,,adult,,,SE,,,,,,2017,primary,1.0,8.78
SAMEA113544581,PRJEB51353,SAMEA113544581,,adult,,,SE,,,,,,2016,primary,1.0,8.061
SAMEA113544582,PRJEB51353,SAMEA113544582,,adult,,,SE,,,,,,2016,primary,1.0,7.935
SAMEA113544583,PRJEB51353,SAMEA113544583,,adult,,,SE,,,,,,2015,primary,1.0,7.277
SAMEA113544584,PRJEB51353,SAMEA113544584,,adult,,,SE,,,,,,2015,primary,1.0,7.287
SAMEA113544585,PRJEB51353,SAMEA113544585,,adult,,,SE,,,,,,2017,primary,1.0,6.256
SAMEA113544586,PRJEB51353,SAMEA113544586,,adult,,,SE,,,,,,2016,primary,1.0,7.124
SAMEA113544587,PRJEB51353,SAMEA113544587,,adult,,,SE,,,,,,2016,primary,1.0,6.876
SAMEA113544588,PRJEB51353,SAMEA113544588,,adult,,,SE,,,,,,2015,primary,1.0,8.513
SAMEA113544589,PRJEB51353,SAMEA113544589,,adult,,,SE,,,,,,2016,primary,1.0,6.718
SAMEA113544590,PRJEB51353,SAMEA113544590,,adult,,,SE,,,,,,2018,primary,1.0,7.519
SAMEA113544591,PRJEB51353,SAMEA113544591,,adult,,,SE,,,,,,2017,primary,1.0,8.895
SAMEA113544592,PRJEB51353,SAMEA113544592,,adult,,,SE,,,,,,2015,primary,1.0,6.85
SAMEA113544593,PRJEB51353,SAMEA113544593,,adult,,,SE,,,,,,2018,primary,1.0,7.63
SAMEA113544594,PRJEB51353,SAMEA113544594,,adult,,,SE,,,,,,2016,primary,1.0,7.368
SAMEA113544595,PRJEB51353,SAMEA113544595,,adult,,,SE,,,,,,2015,primary,1.0,8.331
SAMEA113544596,PRJEB51353,SAMEA113544596,,adult,,,SE,,,,,,2015,primary,1.0,7.352
SAMEA113544597,PRJEB51353,SAMEA113544597,,adult,,,SE,,,,,,2017,primary,1.0,6.669
SAMEA113544598,PRJEB51353,SAMEA113544598,,adult,,,SE,,,,,,2015,primary,1.0,6.393
SAMEA113544599,PRJEB51353,SAMEA113544599,,adult,,,SE,,,,,,2016,primary,1.0,6.59
SAMEA113544600,PRJEB51353,SAMEA113544600,,adult,,,SE,,,,,,2018,primary,1.0,6.668
SAMEA113544601,PRJEB51353,SAMEA113544601,,adult,,,SE,,,,,,2017,primary,1.0,7.025
SAMEA113544602,PRJEB51353,SAMEA113544602,,adult,,,SE,,,,,,2017,primary,1.0,8.475
SAMEA113544603,PRJEB51353,SAMEA113544603,,adult,,,SE,,,,,,2016,primary,1.0,7.106
SAMEA113544604,PRJEB51353,SAMEA113544604,,adult,,,SE,,,,,,2016,primary,1.0,11.469
SAMEA113544605,PRJEB51353,SAMEA113544605,,adult,,,SE,,,,,,2017,primary,1.0,7.808
SAMEA113544606,PRJEB51353,SAMEA113544606,,adult,,,SE,,,,,,2015,primary,1.0,8.974
SAMEA113544607,PRJEB51353,SAMEA113544607,,adult,,,SE,,,,,,2015,primary,1.0,7.464
SAMEA113544608,PRJEB51353,SAMEA113544608,,adult,,,SE,,,,,,2015,primary,1.0,7.82
SAMEA113544609,PRJEB51353,SAMEA113544609,,adult,,,SE,,,,,,2016,primary,1.0,9.038
SAMEA113544610,PRJEB51353,SAMEA113544610,,adult,,,SE,,,,,,2016,primary,1.0,6.851
SAMEA113544611,PRJEB51353,SAMEA113544611,,adult,,,SE,,,,,,2015,primary,1.0,28.306
SAMEA113544612,PRJEB51353,SAMEA113544612,,adult,,,SE,,,,,,2017,primary,1.0,8.353
SAMEA113544613,PRJEB51353,SAMEA113544613,,adult,,,SE,,,,,,2016,primary,1.0,7.736
SAMEA113544614,PRJEB51353,SAMEA113544614,,adult,,,SE,,,,,,2015,primary,1.0,8.172
SAMEA113544615,PRJEB51353,SAMEA113544615,,adult,,,SE,,,,,,2018,primary,1.0,9.465
SAMEA113544616,PRJEB51353,SAMEA113544616,,adult,,,SE,,,,,,2015,primary,1.0,8.925
SAMEA113544617,PRJEB51353,SAMEA113544617,,adult,,,SE,,,,,,2015,primary,1.0,7.576
SAMEA113544618,PRJEB51353,SAMEA113544618,,adult,,,SE,,,,,,2018,primary,1.0,8.464
SAMEA113544619,PRJEB51353,SAMEA113544619,,adult,,,SE,,,,,,2018,primary,1.0,11.945
SAMEA113544620,PRJEB51353,SAMEA113544620,,adult,,,SE,,,,,,2015,primary,1.0,7.954
SAMEA113544621,PRJEB51353,SAMEA113544621,,adult,,,SE,,,,,,2017,primary,1.0,6.653
SAMEA113544622,PRJEB51353,SAMEA113544622,,adult,,,SE,,,,,,2017,primary,1.0,8.594
SAMEA113544623,PRJEB51353,SAMEA113544623,,adult,,,SE,,,,,,2017,primary,1.0,8.878
SAMEA113544624,PRJEB51353,SAMEA113544624,,adult,,,SE,,,,,,2015,primary,1.0,6.843
SAMEA113544625,PRJEB51353,SAMEA113544625,,adult,,,SE,,,,,,2016,primary,1.0,6.999
SAMEA113544626,PRJEB51353,SAMEA113544626,,adult,,,SE,,,,,,2015,primary,1.0,6.62
SAMEA113544627,PRJEB51353,SAMEA113544627,,adult,,,SE,,,,,,2017,primary,1.0,8.859
SAMEA113544628,PRJEB51353,SAMEA113544628,,adult,,,SE,,,,,,2015,primary,1.0,7.793
SAMEA113544629,PRJEB51353,SAMEA113544629,,adult,,,SE,,,,,,2015,primary,1.0,8.838
SAMEA113544630,PRJEB51353,SAMEA113544630,,adult,,,SE,,,,,,2015,primary,1.0,10.052
SAMEA113544631,PRJEB51353,SAMEA113544631,,adult,,,SE,,,,,,2016,primary,1.0,7.241
SAMEA113544632,PRJEB51353,SAMEA113544632,,adult,,,SE,,,,,,2017,primary,1.0,7.59
SAMEA113544633,PRJEB51353,SAMEA113544633,,adult,,,SE,,,,,,2018,primary,1.0,11.284
SAMEA113544634,PRJEB51353,SAMEA113544634,,adult,,,SE,,,,,,2015,primary,1.0,7.21
SAMEA113544635,PRJEB51353,SAMEA113544635,,adult,,,SE,,,,,,2017,primary,1.0,8.256
SAMEA113544636,PRJEB51353,SAMEA113544636,,adult,,,SE,,,,,,2015,primary,1.0,6.31
SAMEA113544637,PRJEB51353,SAMEA113544637,,adult,,,SE,,,,,,2016,primary,1.0,6.881
SAMEA113544638,PRJEB51353,SAMEA113544638,,adult,,,SE,,,,,,2015,primary,1.0,80.335
SAMEA113544639,PRJEB51353,SAMEA113544639,,adult,,,SE,,,,,,2017,primary,1.0,6.619
SAMEA113544640,PRJEB51353,SAMEA113544640,,adult,,,SE,,,,,,2017,primary,1.0,6.477
SAMEA113544641,PRJEB51353,SAMEA113544641,,adult,,,SE,,,,,,2017,primary,1.0,7.236
SAMEA113544642,PRJEB51353,SAMEA113544642,,adult,,,SE,,,,,,2015,primary,1.0,6.802
SAMEA113544643,PRJEB51353,SAMEA113544643,,adult,,,SE,,,,,,2018,primary,1.0,6.693
SAMEA113544644,PRJEB51353,SAMEA113544644,,adult,,,SE,,,,,,2015,primary,1.0,6.943
SAMEA113544645,PRJEB51353,SAMEA113544645,,adult,,,SE,,,,,,2016,primary,1.0,11.912
SAMEA113544646,PRJEB51353,SAMEA113544646,,adult,,,SE,,,,,,2016,primary,1.0,8.733
SAMEA113544647,PRJEB51353,SAMEA113544647,,adult,,,SE,,,,,,2015,primary,1.0,8.745
SAMEA113544648,PRJEB51353,SAMEA113544648,,adult,,,SE,,,,,,2017,primary,1.0,7.486
SAMEA113544649,PRJEB51353,SAMEA113544649,,adult,,,SE,,,,,,2016,primary,1.0,7.401
SAMEA113544650,PRJEB51353,SAMEA113544650,,adult,,,SE,,,,,,2017,primary,1.0,7.581
SAMEA113544651,PRJEB51353,SAMEA113544651,,adult,,,SE,,,,,,2015,primary,1.0,6.036
SAMEA113544652,PRJEB51353,SAMEA113544652,,adult,,,SE,,,,,,2016,primary,1.0,7.322
SAMEA113544653,PRJEB51353,SAMEA113544653,,adult,,,SE,,,,,,2018,primary,1.0,8.68
SAMEA113544654,PRJEB51353,SAMEA113544654,,adult,,,SE,,,,,,2015,primary,1.0,8.619
SAMEA113544655,PRJEB51353,SAMEA113544655,,adult,,,SE,,,,,,2018,primary,1.0,8.013
SAMEA113544656,PRJEB51353,SAMEA113544656,,adult,,,SE,,,,,,2018,primary,1.0,6.772
SAMEA113544657,PRJEB51353,SAMEA113544657,,adult,,,SE,,,,,,2016,primary,1.0,7.017
SAMEA113544658,PRJEB51353,SAMEA113544658,,adult,,,SE,,,,,,2016,primary,1.0,8.597
SAMEA113544659,PRJEB51353,SAMEA113544659,,adult,,,SE,,,,,,2017,primary,1.0,6.715
SAMEA113544660,PRJEB51353,SAMEA113544660,,adult,,,SE,,,,,,2018,primary,1.0,8.191
SAMEA113544661,PRJEB51353,SAMEA113544661,,adult,,,SE,,,,,,2016,primary,1.0,7.173
SAMEA113544662,PRJEB51353,SAMEA113544662,,adult,,,SE,,,,,,2017,primary,1.0,7.116
SAMEA113544663,PRJEB51353,SAMEA113544663,,adult,,,SE,,,,,,2017,primary,1.0,6.917
SAMEA113544664,PRJEB51353,SAMEA113544664,,adult,,,SE,,,,,,2015,primary,1.0,8.952
SAMEA113544665,PRJEB51353,SAMEA113544665,,adult,,,SE,,,,,,2017,primary,1.0,9.719
SAMEA113544666,PRJEB51353,SAMEA113544666,,adult,,,SE,,,,,,2016,primary,1.0,7.311
SAMEA113544667,PRJEB51353,SAMEA113544667,,adult,,,SE,,,,,,2016,primary,1.0,11.283
SAMEA113544668,PRJEB51353,SAMEA113544668,,adult,,,SE,,,,,,2016,primary,1.0,7.313
SAMEA113544669,PRJEB51353,SAMEA113544669,,adult,,,SE,,,,,,2017,primary,1.0,6.94
SAMEA113544670,PRJEB51353,SAMEA113544670,,adult,,,SE,,,,,,2018,primary,1.0,7.398
SAMEA113544671,PRJEB51353,SAMEA113544671,,adult,,,SE,,,,,,2017,primary,1.0,6.962
SAMEA113544672,PRJEB51353,SAMEA113544672,,adult,,,SE,,,,,,2017,primary,1.0,6.577
SAMEA113544673,PRJEB51353,SAMEA113544673,,adult,,,SE,,,,,,2017,primary,1.0,8.72
SAMEA113544674,PRJEB51353,SAMEA113544674,,adult,,,SE,,,,,,2016,primary,1.0,10.239
SAMEA113544675,PRJEB51353,SAMEA113544675,,adult,,,SE,,,,,,2017,primary,1.0,7.215
SAMEA113544676,PRJEB51353,SAMEA113544676,,adult,,,SE,,,,,,2017,primary,1.0,8.123
SAMEA113544677,PRJEB51353,SAMEA113544677,,adult,,,SE,,,,,,2017,primary,1.0,5.964
SAMEA113544678,PRJEB51353,SAMEA113544678,,adult,,,SE,,,,,,2017,primary,1.0,7.587
SAMEA113544679,PRJEB51353,SAMEA113544679,,adult,,,SE,,,,,,2016,primary,1.0,7.949
SAMEA113544680,PRJEB51353,SAMEA113544680,,adult,,,SE,,,,,,2016,primary,1.0,8.813
SAMEA113544681,PRJEB51353,SAMEA113544681,,adult,,,SE,,,,,,2017,primary,1.0,8.267
SAMEA113544682,PRJEB51353,SAMEA113544682,,adult,,,SE,,,,,,2015,primary,1.0,8.647
SAMEA113544683,PRJEB51353,SAMEA113544683,,adult,,,SE,,,,,,2016,primary,1.0,7.315
SAMEA113544684,PRJEB51353,SAMEA113544684,,adult,,,SE,,,,,,2016,primary,1.0,7.165
SAMEA113544685,PRJEB51353,SAMEA113544685,,adult,,,SE,,,,,,2015,primary,1.0,8.866
SAMEA113544686,PRJEB51353,SAMEA113544686,,adult,,,SE,,,,,,2017,primary,1.0,8.904
SAMEA113544687,PRJEB51353,SAMEA113544687,,adult,,,SE,,,,,,2017,primary,1.0,7.547
SAMEA113544688,PRJEB51353,SAMEA113544688,,adult,,,SE,,,,,,2015,primary,1.0,7.01
SAMEA113544689,PRJEB51353,SAMEA113544689,,adult,,,SE,,,,,,2017,primary,1.0,9.442
SAMEA113544690,PRJEB51353,SAMEA113544690,,adult,,,SE,,,,,,2017,primary,1.0,6.965
SAMEA113544691,PRJEB51353,SAMEA113544691,,adult,,,SE,,,,,,2015,primary,1.0,6.397
SAMEA113544692,PRJEB51353,SAMEA113544692,,adult,,,SE,,,,,,2015,primary,1.0,8.8
SAMEA113544693,PRJEB51353,SAMEA113544693,,adult,,,SE,,,,,,2016,primary,1.0,8.053
SAMEA113544694,PRJEB51353,SAMEA113544694,,adult,,,SE,,,,,,2017,primary,1.0,6.613
SAMEA113544695,PRJEB51353,SAMEA113544695,,adult,,,SE,,,,,,2015,primary,1.0,7.527
SAMEA113544696,PRJEB51353,SAMEA113544696,,adult,,,SE,,,,,,2017,primary,1.0,7.671
SAMEA113544697,PRJEB51353,SAMEA113544697,,adult,,,SE,,,,,,2015,primary,1.0,10.434
SAMEA113544698,PRJEB51353,SAMEA113544698,,adult,,,SE,,,,,,2017,primary,1.0,8.326
SAMEA113544699,PRJEB51353,SAMEA113544699,,adult,,,SE,,,,,,2015,primary,1.0,8.066
SAMEA113544700,PRJEB51353,SAMEA113544700,,adult,,,SE,,,,,,2015,primary,1.0,8.435
SAMEA113544701,PRJEB51353,SAMEA113544701,,adult,,,SE,,,,,,2016,primary,1.0,7.754
SAMEA113544702,PRJEB51353,SAMEA113544702,,adult,,,SE,,,,,,2015,primary,1.0,7.202
SAMEA113544703,PRJEB51353,SAMEA113544703,,adult,,,SE,,,,,,2017,primary,1.0,6.914
SAMEA113544704,PRJEB51353,SAMEA113544704,,adult,,,SE,,,,,,2017,primary,1.0,7.384
SAMEA113544705,PRJEB51353,SAMEA113544705,,adult,,,SE,,,,,,2016,primary,1.0,7.496
SAMEA113544706,PRJEB51353,SAMEA113544706,,adult,,,SE,,,,,,2016,primary,1.0,8.186
SAMEA113544707,PRJEB51353,SAMEA113544707,,adult,,,SE,,,,,,2016,primary,1.0,13.948
SAMEA113544708,PRJEB51353,SAMEA113544708,,adult,,,SE,,,,,,2016,primary,1.0,7.256
SAMEA113544709,PRJEB51353,SAMEA113544709,,adult,,,SE,,,,,,2015,primary,1.0,8.391
SAMEA113544710,PRJEB51353,SAMEA113544710,,adult,,,SE,,,,,,2016,primary,1.0,5.968
SAMEA113544711,PRJEB51353,SAMEA113544711,,adult,,,SE,,,,,,2015,primary,1.0,13.123
SAMEA113544712,PRJEB51353,SAMEA113544712,,adult,,,SE,,,,,,2018,primary,1.0,14.556
SAMEA113544713,PRJEB51353,SAMEA113544713,,adult,,,SE,,,,,,2016,primary,1.0,7.644
SAMEA113544714,PRJEB51353,SAMEA113544714,,adult,,,SE,,,,,,2016,primary,1.0,8.142
SAMEA113544715,PRJEB51353,SAMEA113544715,,adult,,,SE,,,,,,2017,primary,1.0,6.346
SAMEA113544716,PRJEB51353,SAMEA113544716,,adult,,,SE,,,,,,2015,primary,1.0,7.938
SAMEA113544717,PRJEB51353,SAMEA113544717,,adult,,,SE,,,,,,2015,primary,1.0,9.381
SAMEA113544718,PRJEB51353,SAMEA113544718,,adult,,,SE,,,,,,2015,primary,1.0,7.942
SAMEA113544719,PRJEB51353,SAMEA113544719,,adult,,,SE,,,,,,2016,primary,1.0,8.029
SAMEA113544720,PRJEB51353,SAMEA113544720,,adult,,,SE,,,,,,2017,primary,1.0,6.67
SAMEA113544721,PRJEB51353,SAMEA113544721,,adult,,,SE,,,,,,2017,primary,1.0,7.411
SAMEA113544722,PRJEB51353,SAMEA113544722,,adult,,,SE,,,,,,2016,primary,1.0,7.477
SAMEA113544723,PRJEB51353,SAMEA113544723,,adult,,,SE,,,,,,2016,primary,1.0,6.746
SAMEA113544724,PRJEB51353,SAMEA113544724,,adult,,,SE,,,,,,2016,primary,1.0,12.172
SAMEA113544725,PRJEB51353,SAMEA113544725,,adult,,,SE,,,,,,2016,primary,1.0,11.406
SAMEA113544726,PRJEB51353,SAMEA113544726,,adult,,,SE,,,,,,2017,primary,1.0,9.364
SAMEA113544727,PRJEB51353,SAMEA113544727,,adult,,,SE,,,,,,2017,primary,1.0,7.772
SAMEA113544728,PRJEB51353,SAMEA113544728,,adult,,,SE,,,,,,2018,primary,1.0,7.044
SAMEA113544729,PRJEB51353,SAMEA113544729,,adult,,,SE,,,,,,2016,primary,1.0,8.032
SAMEA113544730,PRJEB51353,SAMEA113544730,,adult,,,SE,,,,,,2015,primary,1.0,8.348
SAMEA113544731,PRJEB51353,SAMEA113544731,,adult,,,SE,,,,,,2017,primary,1.0,7.102
SAMEA113544732,PRJEB51353,SAMEA113544732,,adult,,,SE,,,,,,2017,primary,1.0,9.27
SAMEA113544733,PRJEB51353,SAMEA113544733,,adult,,,SE,,,,,,2015,primary,1.0,8.22
SAMEA113544734,PRJEB51353,SAMEA113544734,,adult,,,SE,,,,,,2015,primary,1.0,6.142
SAMEA113544735,PRJEB51353,SAMEA113544735,,adult,,,SE,,,,,,2017,primary,1.0,10.37
SAMEA113544736,PRJEB51353,SAMEA113544736,,adult,,,SE,,,,,,2016,primary,1.0,6.283
SAMEA113544737,PRJEB51353,SAMEA113544737,,adult,,,SE,,,,,,2015,primary,1.0,6.852
SAMEA113544738,PRJEB51353,SAMEA113544738,,adult,,,SE,,,,,,2017,primary,1.0,8.049
SAMEA113544739,PRJEB51353,SAMEA113544739,,adult,,,SE,,,,,,2016,primary,1.0,9.297
SAMEA113544740,PRJEB51353,SAMEA113544740,,adult,,,SE,,,,,,2017,primary,1.0,6.521
SAMEA113544741,PRJEB51353,SAMEA113544741,,adult,,,SE,,,,,,2015,primary,1.0,8.296
SAMEA113544742,PRJEB51353,SAMEA113544742,,adult,,,SE,,,,,,2015,primary,1.0,8.784
SAMEA113544743,PRJEB51353,SAMEA113544743,,adult,,,SE,,,,,,2017,primary,1.0,6.131
SAMEA113544744,PRJEB51353,SAMEA113544744,,adult,,,SE,,,,,,2016,primary,1.0,9.01
SAMEA113544745,PRJEB51353,SAMEA113544745,,adult,,,SE,,,,,,2016,primary,1.0,6.275
SAMEA113544746,PRJEB51353,SAMEA113544746,,adult,,,SE,,,,,,2016,primary,1.0,6.21
SAMEA113544747,PRJEB51353,SAMEA113544747,,adult,,,SE,,,,,,2015,primary,1.0,8.106
SAMEA113544748,PRJEB51353,SAMEA113544748,,adult,,,SE,,,,,,2016,primary,1.0,7.315
SAMEA113544749,PRJEB51353,SAMEA113544749,,adult,,,SE,,,,,,2018,primary,1.0,9.276
SAMEA113544750,PRJEB51353,SAMEA113544750,,adult,,,SE,,,,,,2017,primary,1.0,7.169
SAMEA113544751,PRJEB51353,SAMEA113544751,,adult,,,SE,,,,,,2015,primary,1.0,9.101
SAMEA113544752,PRJEB51353,SAMEA113544752,,adult,,,SE,,,,,,2015,primary,1.0,8.488
SAMEA113544753,PRJEB51353,SAMEA113544753,,adult,,,SE,,,,,,2016,primary,1.0,8.488
SAMEA113544754,PRJEB51353,SAMEA113544754,,adult,,,SE,,,,,,2015,primary,1.0,8.021
SAMEA113544755,PRJEB51353,SAMEA113544755,,adult,,,SE,,,,,,2017,primary,1.0,8.727
SAMEA113544756,PRJEB51353,SAMEA113544756,,adult,,,SE,,,,,,2016,primary,1.0,5.997
SAMEA113544757,PRJEB51353,SAMEA113544757,,adult,,,SE,,,,,,2017,primary,1.0,8.656
SAMEA113544758,PRJEB51353,SAMEA113544758,,adult,,,SE,,,,,,2015,primary,1.0,8.624
SAMEA113544759,PRJEB51353,SAMEA113544759,,adult,,,SE,,,,,,2017,primary,1.0,9.408
SAMEA113544760,PRJEB51353,SAMEA113544760,,adult,,,SE,,,,,,2015,primary,1.0,22.916
SAMEA113544761,PRJEB51353,SAMEA113544761,,adult,,,SE,,,,,,2016,primary,1.0,6.39
SAMEA113544762,PRJEB51353,SAMEA113544762,,adult,,,SE,,,,,,2015,primary,1.0,6.442
SAMEA113544763,PRJEB51353,SAMEA113544763,,adult,,,SE,,,,,,2016,primary,1.0,10.506
SAMEA113544764,PRJEB51353,SAMEA113544764,,adult,,,SE,,,,,,2017,primary,1.0,7.767
SAMEA113544765,PRJEB51353,SAMEA113544765,,adult,,,SE,,,,,,2015,primary,1.0,7.314
SAMEA113544766,PRJEB51353,SAMEA113544766,,adult,,,SE,,,,,,2015,primary,1.0,7.388
SAMEA113544767,PRJEB51353,SAMEA113544767,,adult,,,SE,,,,,,2015,primary,1.0,7.967
SAMEA113544768,PRJEB51353,SAMEA113544768,,adult,,,SE,,,,,,2016,primary,1.0,6.081
SAMEA113544769,PRJEB51353,SAMEA113544769,,adult,,,SE,,,,,,2016,primary,1.0,7.445
SAMEA113544770,PRJEB51353,SAMEA113544770,,adult,,,SE,,,,,,2018,primary,1.0,7.357
SAMEA113544771,PRJEB51353,SAMEA113544771,,adult,,,SE,,,,,,2016,primary,1.0,9.696
SAMEA113544772,PRJEB51353,SAMEA113544772,,adult,,,SE,,,,,,2017,primary,1.0,7.387
SAMEA113544773,PRJEB51353,SAMEA113544773,,adult,,,SE,,,,,,2016,primary,1.0,6.739
SAMEA113544774,PRJEB51353,SAMEA113544774,,adult,,,SE,,,,,,2015,primary,1.0,7.064
SAMEA113544775,PRJEB51353,SAMEA113544775,,adult,,,SE,,,,,,2017,primary,1.0,8.026
SAMEA113544776,PRJEB51353,SAMEA113544776,,adult,,,SE,,,,,,2015,primary,1.0,7.788
SAMEA113544777,PRJEB51353,SAMEA113544777,,adult,,,SE,,,,,,2017,primary,1.0,8.613
SAMEA113544778,PRJEB51353,SAMEA113544778,,adult,,,SE,,,,,,2015,primary,1.0,6.672
SAMEA113544779,PRJEB51353,SAMEA113544779,,adult,,,SE,,,,,,2015,primary,1.0,6.493
SAMEA113544780,PRJEB51353,SAMEA113544780,,adult,,,SE,,,,,,2015,primary,1.0,6.842
SAMEA113544781,PRJEB51353,SAMEA113544781,,adult,,,SE,,,,,,2016,primary,1.0,8.14
SAMEA113544782,PRJEB51353,SAMEA113544782,,adult,,,SE,,,,,,2017,primary,1.0,6.689
SAMEA113544783,PRJEB51353,SAMEA113544783,,adult,,,SE,,,,,,2015,primary,1.0,6.399
SAMEA113544784,PRJEB51353,SAMEA113544784,,adult,,,SE,,,,,,2018,primary,1.0,6.45
SAMEA113544785,PRJEB51353,SAMEA113544785,,adult,,,SE,,,,,,2017,primary,1.0,10.425
SAMEA113544786,PRJEB51353,SAMEA113544786,,adult,,,SE,,,,,,2016,primary,1.0,6.565
SAMEA113544787,PRJEB51353,SAMEA113544787,,adult,,,SE,,,,,,2016,primary,1.0,8.45
SAMEA113544788,PRJEB51353,SAMEA113544788,,adult,,,SE,,,,,,2015,primary,1.0,11.314
SAMEA113544789,PRJEB51353,SAMEA113544789,,adult,,,SE,,,,,,2017,primary,1.0,7.747
SAMEA113544790,PRJEB51353,SAMEA113544790,,adult,,,SE,,,,,,2016,primary,1.0,10.051
SAMEA113544791,PRJEB51353,SAMEA113544791,,adult,,,SE,,,,,,2015,primary,1.0,8.443
SAMEA113544792,PRJEB51353,SAMEA113544792,,adult,,,SE,,,,,,2016,primary,1.0,11.163
SAMEA113544793,PRJEB51353,SAMEA113544793,,adult,,,SE,,,,,,2015,primary,1.0,10.771
SAMEA113544794,PRJEB51353,SAMEA113544794,,adult,,,SE,,,,,,2015,primary,1.0,7.688
SAMEA113544795,PRJEB51353,SAMEA113544795,,adult,,,SE,,,,,,2016,primary,1.0,6.902
SAMEA113544796,PRJEB51353,SAMEA113544796,,adult,,,SE,,,,,,2015,primary,1.0,7.604
SAMEA113544797,PRJEB51353,SAMEA113544797,,adult,,,SE,,,,,,2015,primary,1.0,6.255
SAMEA113544798,PRJEB51353,SAMEA113544798,,adult,,,SE,,,,,,2017,primary,1.0,8.904
SAMEA113544799,PRJEB51353,SAMEA113544799,,adult,,,SE,,,,,,2017,primary,1.0,8.134
SAMEA113544800,PRJEB51353,SAMEA113544800,,adult,,,SE,,,,,,2015,primary,1.0,6.506
SAMEA113544801,PRJEB51353,SAMEA113544801,,adult,,,SE,,,,,,2016,primary,1.0,8.71
SAMEA113544802,PRJEB51353,SAMEA113544802,,adult,,,SE,,,,,,2015,primary,1.0,7.91
SAMEA113544803,PRJEB51353,SAMEA113544803,,adult,,,SE,,,,,,2016,primary,1.0,6.011
SAMEA113544804,PRJEB51353,SAMEA113544804,,adult,,,SE,,,,,,2015,primary,1.0,8.046
SAMEA113544805,PRJEB51353,SAMEA113544805,,adult,,,SE,,,,,,2017,primary,1.0,7.553
SAMEA113544806,PRJEB51353,SAMEA113544806,,adult,,,SE,,,,,,2015,primary,1.0,6.88
SAMEA113544807,PRJEB51353,SAMEA113544807,,adult,,,SE,,,,,,2016,primary,1.0,6.914
SAMEA113544808,PRJEB51353,SAMEA113544808,,adult,,,SE,,,,,,2017,primary,1.0,7.614
SAMEA113544809,PRJEB51353,SAMEA113544809,,adult,,,SE,,,,,,2015,primary,1.0,8.79
SAMEA113544810,PRJEB51353,SAMEA113544810,,adult,,,SE,,,,,,2017,primary,1.0,9.666
SAMEA113544811,PRJEB51353,SAMEA113544811,,adult,,,SE,,,,,,2017,primary,1.0,8.673
SAMEA113544812,PRJEB51353,SAMEA113544812,,adult,,,SE,,,,,,2015,primary,1.0,6.761
SAMEA113544813,PRJEB51353,SAMEA113544813,,adult,,,SE,,,,,,2015,primary,1.0,7.057
SAMEA113544814,PRJEB51353,SAMEA113544814,,adult,,,SE,,,,,,2015,primary,1.0,7.359
SAMEA113544815,PRJEB51353,SAMEA113544815,,adult,,,SE,,,,,,2017,primary,1.0,8.288
SAMEA113544816,PRJEB51353,SAMEA113544816,,adult,,,SE,,,,,,2015,primary,1.0,7.045
SAMEA113544817,PRJEB51353,SAMEA113544817,,adult,,,SE,,,,,,2015,primary,1.0,10.053
SAMEA113544818,PRJEB51353,SAMEA113544818,,adult,,,SE,,,,,,2016,primary,1.0,6.73
SAMEA113544819,PRJEB51353,SAMEA113544819,,adult,,,SE,,,,,,2015,primary,1.0,9.27
SAMEA113544820,PRJEB51353,SAMEA113544820,,adult,,,SE,,,,,,2016,primary,1.0,7.84
SAMEA113544821,PRJEB51353,SAMEA113544821,,adult,,,SE,,,,,,2016,primary,1.0,10.191
SAMEA113544822,PRJEB51353,SAMEA113544822,,adult,,,SE,,,,,,2017,primary,1.0,6.728
SAMEA113544823,PRJEB51353,SAMEA113544823,,adult,,,SE,,,,,,2015,primary,1.0,8.524
SAMEA113544824,PRJEB51353,SAMEA113544824,,adult,,,SE,,,,,,2015,primary,1.0,7.86
SAMEA113544825,PRJEB51353,SAMEA113544825,,adult,,,SE,,,,,,2015,primary,1.0,8.086
SAMEA113544826,PRJEB51353,SAMEA113544826,,adult,,,SE,,,,,,2016,primary,1.0,7.738
SAMEA113544827,PRJEB51353,SAMEA113544827,,adult,,,SE,,,,,,2017,primary,1.0,6.887
SAMEA113544828,PRJEB51353,SAMEA113544828,,adult,,,SE,,,,,,2016,primary,1.0,7.215
SAMEA113544829,PRJEB51353,SAMEA113544829,,adult,,,SE,,,,,,2015,primary,1.0,7.69
SAMEA113544830,PRJEB51353,SAMEA113544830,,adult,,,SE,,,,,,2016,primary,1.0,7.786
SAMEA113544831,PRJEB51353,SAMEA113544831,,adult,,,SE,,,,,,2017,primary,1.0,8.754
SAMEA113544832,PRJEB51353,SAMEA113544832,,adult,,,SE,,,,,,2015,primary,1.0,6.371
SAMEA113544833,PRJEB51353,SAMEA113544833,,adult,,,SE,,,,,,2016,primary,1.0,7.677
SAMEA113544834,PRJEB51353,SAMEA113544834,,adult,,,SE,,,,,,2017,primary,1.0,8.134
SAMEA113544835,PRJEB51353,SAMEA113544835,,adult,,,SE,,,,,,2015,primary,1.0,6.474
SAMEA113544836,PRJEB51353,SAMEA113544836,,adult,,,SE,,,,,,2017,primary,1.0,6.839
SAMEA113544837,PRJEB51353,SAMEA113544837,,adult,,,SE,,,,,,2017,primary,1.0,8.678
SAMEA113544838,PRJEB51353,SAMEA113544838,,adult,,,SE,,,,,,2015,primary,1.0,7.043
SAMEA113544839,PRJEB51353,SAMEA113544839,,adult,,,SE,,,,,,2016,primary,1.0,6.767
SAMEA113544840,PRJEB51353,SAMEA113544840,,adult,,,SE,,,,,,2017,primary,1.0,8.991
SAMEA113544841,PRJEB51353,SAMEA113544841,,adult,,,SE,,,,,,2017,primary,1.0,8.108
SAMEA113544842,PRJEB51353,SAMEA113544842,,adult,,,SE,,,,,,2017,primary,1.0,7.468
SAMEA113544843,PRJEB51353,SAMEA113544843,,adult,,,SE,,,,,,2017,primary,1.0,8.276
SAMEA113544844,PRJEB51353,SAMEA113544844,,adult,,,SE,,,,,,2017,primary,1.0,9.185
SAMEA113544845,PRJEB51353,SAMEA113544845,,adult,,,SE,,,,,,2017,primary,1.0,7.617
SAMEA113544846,PRJEB51353,SAMEA113544846,,adult,,,SE,,,,,,2016,primary,1.0,6.082
SAMEA113544847,PRJEB51353,SAMEA113544847,,adult,,,SE,,,,,,2016,primary,1.0,8.918
SAMEA113544848,PRJEB51353,SAMEA113544848,,adult,,,SE,,,,,,2018,primary,1.0,7.278
SAMEA113544849,PRJEB51353,SAMEA113544849,,adult,,,SE,,,,,,2016,primary,1.0,8.144
SAMEA113544850,PRJEB51353,SAMEA113544850,,adult,,,SE,,,,,,2015,primary,1.0,6.794
SAMEA113544851,PRJEB51353,SAMEA113544851,,adult,,,SE,,,,,,2017,primary,1.0,8.785
SAMEA113544852,PRJEB51353,SAMEA113544852,,adult,,,SE,,,,,,2016,primary,1.0,6.934
SAMEA113544853,PRJEB51353,SAMEA113544853,,adult,,,SE,,,,,,2016,primary,1.0,6.629
SAMEA113544854,PRJEB51353,SAMEA113544854,,adult,,,SE,,,,,,2017,primary,1.0,7.214
SAMEA113544855,PRJEB51353,SAMEA113544855,,adult,,,SE,,,,,,2017,primary,1.0,7.123
SAMEA113544856,PRJEB51353,SAMEA113544856,,adult,,,SE,,,,,,2015,primary,1.0,7.066
SAMEA113544857,PRJEB51353,SAMEA113544857,,adult,,,SE,,,,,,2016,primary,1.0,6.374
SAMEA113544858,PRJEB51353,SAMEA113544858,,adult,,,SE,,,,,,2017,primary,1.0,10.262
SAMEA113544859,PRJEB51353,SAMEA113544859,,adult,,,SE,,,,,,2017,primary,1.0,7.278
SAMEA113544860,PRJEB51353,SAMEA113544860,,adult,,,SE,,,,,,2016,primary,1.0,7.013
SAMEA113544861,PRJEB51353,SAMEA113544861,,adult,,,SE,,,,,,2015,primary,1.0,9.884
SAMEA113544862,PRJEB51353,SAMEA113544862,,adult,,,SE,,,,,,2017,primary,1.0,6.8
SAMEA113544863,PRJEB51353,SAMEA113544863,,adult,,,SE,,,,,,2017,primary,1.0,11.8
SAMEA113544864,PRJEB51353,SAMEA113544864,,adult,,,SE,,,,,,2017,primary,1.0,7.143
SAMEA113544865,PRJEB51353,SAMEA113544865,,adult,,,SE,,,,,,2017,primary,1.0,7.057
SAMEA113544866,PRJEB51353,SAMEA113544866,,adult,,,SE,,,,,,2015,primary,1.0,7.777
SAMEA113544867,PRJEB51353,SAMEA113544867,,adult,,,SE,,,,,,2017,primary,1.0,6.461
SAMEA113544868,PRJEB51353,SAMEA113544868,,adult,,,SE,,,,,,2015,primary,1.0,6.998
SAMEA113544869,PRJEB51353,SAMEA113544869,,adult,,,SE,,,,,,2016,primary,1.0,8.273
SAMEA113544870,PRJEB51353,SAMEA113544870,,adult,,,SE,,,,,,2017,primary,1.0,6.735
SAMEA113544871,PRJEB51353,SAMEA113544871,,adult,,,SE,,,,,,2016,primary,1.0,13.019
SAMEA113544872,PRJEB51353,SAMEA113544872,,adult,,,SE,,,,,,2016,primary,1.0,7.367
SAMEA113544873,PRJEB51353,SAMEA113544873,,adult,,,SE,,,,,,2016,primary,1.0,10.162
SAMEA113544874,PRJEB51353,SAMEA113544874,,adult,,,SE,,,,,,2018,primary,1.0,7.729
SAMEA113544875,PRJEB51353,SAMEA113544875,,adult,,,SE,,,,,,2017,primary,1.0,9.826
SAMEA113544876,PRJEB51353,SAMEA113544876,,adult,,,SE,,,,,,2016,primary,1.0,6.867
SAMEA113544877,PRJEB51353,SAMEA113544877,,adult,,,SE,,,,,,2016,primary,1.0,8.145
SAMEA113544878,PRJEB51353,SAMEA113544878,,adult,,,SE,,,,,,2017,primary,1.0,10.505
SAMEA113544879,PRJEB51353,SAMEA113544879,,adult,,,SE,,,,,,2016,primary,1.0,10.124
SAMEA113544880,PRJEB51353,SAMEA113544880,,adult,,,SE,,,,,,2018,primary,1.0,9.195
SAMEA113544881,PRJEB51353,SAMEA113544881,,adult,,,SE,,,,,,2017,primary,1.0,8.5
SAMEA113544882,PRJEB51353,SAMEA113544882,,adult,,,SE,,,,,,2017,primary,1.0,8.635
SAMEA113544883,PRJEB51353,SAMEA113544883,,adult,,,SE,,,,,,2018,primary,1.0,7.335
SAMEA113544884,PRJEB51353,SAMEA113544884,,adult,,,SE,,,,,,2015,primary,1.0,10.168
SAMEA113544885,PRJEB51353,SAMEA113544885,,adult,,,SE,,,,,,2016,primary,1.0,7.574
SAMEA113544886,PRJEB51353,SAMEA113544886,,adult,,,SE,,,,,,2015,primary,1.0,6.663
SAMEA113544887,PRJEB51353,SAMEA113544887,,adult,,,SE,,,,,,2015,primary,1.0,6.916
SAMEA113544888,PRJEB51353,SAMEA113544888,,adult,,,SE,,,,,,2017,primary,1.0,7.795
SAMEA113544889,PRJEB51353,SAMEA113544889,,adult,,,SE,,,,,,2015,primary,1.0,6.942
SAMEA113544890,PRJEB51353,SAMEA113544890,,adult,,,SE,,,,,,2016,primary,1.0,8.454
SAMEA113544891,PRJEB51353,SAMEA113544891,,adult,,,SE,,,,,,2015,primary,1.0,8.258
SAMEA113544892,PRJEB51353,SAMEA113544892,,adult,,,SE,,,,,,2015,primary,1.0,5.989
SAMEA113544893,PRJEB51353,SAMEA113544893,,adult,,,SE,,,,,,2016,primary,1.0,6.79
SAMEA113544894,PRJEB51353,SAMEA113544894,,adult,,,SE,,,,,,2017,primary,1.0,6.687
SAMEA113544895,PRJEB51353,SAMEA113544895,,adult,,,SE,,,,,,2017,primary,1.0,6.738
SAMEA113544896,PRJEB51353,SAMEA113544896,,adult,,,SE,,,,,,2015,primary,1.0,7.089
SAMEA113544897,PRJEB51353,SAMEA113544897,,adult,,,SE,,,,,,2016,primary,1.0,10.017
SAMEA113544898,PRJEB51353,SAMEA113544898,,adult,,,SE,,,,,,2017,primary,1.0,6.357
SAMEA113544899,PRJEB51353,SAMEA113544899,,adult,,,SE,,,,,,2015,primary,1.0,7.059
SAMEA113544900,PRJEB51353,SAMEA113544900,,adult,,,SE,,,,,,2015,primary,1.0,7.227
SAMEA113544901,PRJEB51353,SAMEA113544901,,adult,,,SE,,,,,,2017,primary,1.0,7.033
SAMEA113544902,PRJEB51353,SAMEA113544902,,adult,,,SE,,,,,,2016,primary,1.0,11.705
SAMEA113544903,PRJEB51353,SAMEA113544903,,adult,,,SE,,,,,,2016,primary,1.0,10.062
SAMEA113544904,PRJEB51353,SAMEA113544904,,adult,,,SE,,,,,,2017,primary,1.0,8.063
SAMEA113544905,PRJEB51353,SAMEA113544905,,adult,,,SE,,,,,,2015,primary,1.0,9.557
SAMEA113544906,PRJEB51353,SAMEA113544906,,adult,,,SE,,,,,,2015,primary,1.0,8.634
SAMEA113544907,PRJEB51353,SAMEA113544907,,adult,,,SE,,,,,,2017,primary,1.0,15.355
SAMEA113544908,PRJEB51353,SAMEA113544908,,adult,,,SE,,,,,,2017,primary,1.0,8.379
SAMEA113544909,PRJEB51353,SAMEA113544909,,adult,,,SE,,,,,,2017,primary,1.0,9.505
SAMEA113544910,PRJEB51353,SAMEA113544910,,adult,,,SE,,,,,,2016,primary,1.0,11.53
SAMEA113544911,PRJEB51353,SAMEA113544911,,adult,,,SE,,,,,,2015,primary,1.0,10.951
SAMEA113544912,PRJEB51353,SAMEA113544912,,adult,,,SE,,,,,,2016,primary,1.0,11.01
SAMEA113544913,PRJEB51353,SAMEA113544913,,adult,,,SE,,,,,,2016,primary,1.0,7.685
SAMEA113544914,PRJEB51353,SAMEA113544914,,adult,,,SE,,,,,,2016,primary,1.0,6.37
SAMEA113544915,PRJEB51353,SAMEA113544915,,adult,,,SE,,,,,,2017,primary,1.0,6.054
SAMEA113544916,PRJEB51353,SAMEA113544916,,adult,,,SE,,,,,,2015,primary,1.0,7.103
SAMEA113544917,PRJEB51353,SAMEA113544917,,adult,,,SE,,,,,,2016,primary,1.0,7.913
SAMEA113544918,PRJEB51353,SAMEA113544918,,adult,,,SE,,,,,,2017,primary,1.0,8.525
SAMEA113544919,PRJEB51353,SAMEA113544919,,adult,,,SE,,,,,,2016,primary,1.0,6.446
SAMEA113544920,PRJEB51353,SAMEA113544920,,adult,,,SE,,,,,,2016,primary,1.0,6.777
SAMEA113544921,PRJEB51353,SAMEA113544921,,adult,,,SE,,,,,,2015,primary,1.0,10.079
SAMEA113544922,PRJEB51353,SAMEA113544922,,adult,,,SE,,,,,,2015,primary,1.0,13.643
SAMEA113544923,PRJEB51353,SAMEA113544923,,adult,,,SE,,,,,,2016,primary,1.0,8.669
SAMEA113544924,PRJEB51353,SAMEA113544924,,adult,,,SE,,,,,,2016,primary,1.0,8.536
SAMEA113544925,PRJEB51353,SAMEA113544925,,adult,,,SE,,,,,,2015,primary,1.0,6.105
SAMEA113544926,PRJEB51353,SAMEA113544926,,adult,,,SE,,,,,,2016,primary,1.0,6.765
SAMEA113544927,PRJEB51353,SAMEA113544927,,adult,,,SE,,,,,,2018,primary,1.0,8.713
SAMEA113544928,PRJEB51353,SAMEA113544928,,adult,,,SE,,,,,,2018,primary,1.0,6.647
SAMEA113544929,PRJEB51353,SAMEA113544929,,adult,,,SE,,,,,,2016,primary,1.0,6.186
SAMEA113544930,PRJEB51353,SAMEA113544930,,adult,,,SE,,,,,,2017,primary,1.0,6.7
SAMEA113544931,PRJEB51353,SAMEA113544931,,adult,,,SE,,,,,,2015,primary,1.0,8.243
SAMEA113544932,PRJEB51353,SAMEA113544932,,adult,,,SE,,,,,,2016,primary,1.0,6.609
SAMEA113544933,PRJEB51353,SAMEA113544933,,adult,,,SE,,,,,,2017,primary,1.0,7.956
SAMEA113544934,PRJEB51353,SAMEA113544934,,adult,,,SE,,,,,,2017,primary,1.0,7.467
SAMEA113544935,PRJEB51353,SAMEA113544935,,adult,,,SE,,,,,,2015,primary,1.0,6.008
SAMEA113544936,PRJEB51353,SAMEA113544936,,adult,,,SE,,,,,,2015,primary,1.0,6.9
SAMEA113544937,PRJEB51353,SAMEA113544937,,adult,,,SE,,,,,,2015,primary,1.0,7.352
SAMEA113544938,PRJEB51353,SAMEA113544938,,adult,,,SE,,,,,,2016,primary,1.0,9.81
SAMEA113544939,PRJEB51353,SAMEA113544939,,adult,,,SE,,,,,,2018,primary,1.0,11.269
SAMEA113544940,PRJEB51353,SAMEA113544940,,adult,,,SE,,,,,,2015,primary,1.0,8.318
SAMEA113544941,PRJEB51353,SAMEA113544941,,adult,,,SE,,,,,,2016,primary,1.0,7.971
SAMEA113544942,PRJEB51353,SAMEA113544942,,adult,,,SE,,,,,,2017,primary,1.0,6.754
SAMEA113544943,PRJEB51353,SAMEA113544943,,adult,,,SE,,,,,,2015,primary,1.0,9.544
SAMEA113544944,PRJEB51353,SAMEA113544944,,adult,,,SE,,,,,,2018,primary,1.0,9.8
SAMEA113544945,PRJEB51353,SAMEA113544945,,adult,,,SE,,,,,,2017,primary,1.0,8.735
SAMEA113544946,PRJEB51353,SAMEA113544946,,adult,,,SE,,,,,,2017,primary,1.0,7.134
SAMEA113544947,PRJEB51353,SAMEA113544947,,adult,,,SE,,,,,,2016,primary,1.0,6.841
SAMEA113544948,PRJEB51353,SAMEA113544948,,adult,,,SE,,,,,,2016,primary,1.0,6.392
SAMEA113544949,PRJEB51353,SAMEA113544949,,adult,,,SE,,,,,,2015,primary,1.0,9.185
SAMEA113544950,PRJEB51353,SAMEA113544950,,adult,,,SE,,,,,,2015,primary,1.0,6.309
SAMEA113544951,PRJEB51353,SAMEA113544951,,adult,,,SE,,,,,,2015,primary,1.0,7.443
SAMEA113544952,PRJEB51353,SAMEA113544952,,adult,,,SE,,,,,,2017,primary,1.0,8.976
SAMEA113544953,PRJEB51353,SAMEA113544953,,adult,,,SE,,,,,,2015,primary,1.0,9.82
SAMEA113544954,PRJEB51353,SAMEA113544954,,adult,,,SE,,,,,,2015,primary,1.0,7.656
SAMEA113544955,PRJEB51353,SAMEA113544955,,adult,,,SE,,,,,,2017,primary,1.0,8.091
SAMEA113544956,PRJEB51353,SAMEA113544956,,adult,,,SE,,,,,,2017,primary,1.0,8.267
SAMEA113544957,PRJEB51353,SAMEA113544957,,adult,,,SE,,,,,,2016,primary,1.0,6.103
SAMEA113544958,PRJEB51353,SAMEA113544958,,adult,,,SE,,,,,,2017,primary,1.0,7.595
SAMEA113544959,PRJEB51353,SAMEA113544959,,adult,,,SE,,,,,,2015,primary,1.0,5.925
SAMEA113544960,PRJEB51353,SAMEA113544960,,adult,,,SE,,,,,,2015,primary,1.0,7.038
SAMEA113544961,PRJEB51353,SAMEA113544961,,adult,,,SE,,,,,,2016,primary,1.0,6.921
SAMEA113544962,PRJEB51353,SAMEA113544962,,adult,,,SE,,,,,,2015,primary,1.0,6.8
SAMEA113544963,PRJEB51353,SAMEA113544963,,adult,,,SE,,,,,,2015,primary,1.0,7.098
SAMEA113544964,PRJEB51353,SAMEA113544964,,adult,,,SE,,,,,,2015,primary,1.0,7.145
SAMEA113544965,PRJEB51353,SAMEA113544965,,adult,,,SE,,,,,,2016,primary,1.0,9.84
SAMEA113544966,PRJEB51353,SAMEA113544966,,adult,,,SE,,,,,,2016,primary,1.0,6.696
SAMEA113544967,PRJEB51353,SAMEA113544967,,adult,,,SE,,,,,,2016,primary,1.0,6.059
SAMEA113544968,PRJEB51353,SAMEA113544968,,adult,,,SE,,,,,,2017,primary,1.0,7.683
SAMEA113544969,PRJEB51353,SAMEA113544969,,adult,,,SE,,,,,,2017,primary,1.0,6.094
SAMEA113544970,PRJEB51353,SAMEA113544970,,adult,,,SE,,,,,,2015,primary,1.0,6.055
SAMEA113544971,PRJEB51353,SAMEA113544971,,adult,,,SE,,,,,,2015,primary,1.0,6.566
SAMEA113544972,PRJEB51353,SAMEA113544972,,adult,,,SE,,,,,,2015,primary,1.0,16.014
SAMEA113544973,PRJEB51353,SAMEA113544973,,adult,,,SE,,,,,,2015,primary,1.0,8.13
SAMEA113544974,PRJEB51353,SAMEA113544974,,adult,,,SE,,,,,,2016,primary,1.0,7.058
SAMEA113544975,PRJEB51353,SAMEA113544975,,adult,,,SE,,,,,,2016,primary,1.0,7.108
SAMEA113544976,PRJEB51353,SAMEA113544976,,adult,,,SE,,,,,,2017,primary,1.0,9.253
SAMEA113544977,PRJEB51353,SAMEA113544977,,adult,,,SE,,,,,,2016,primary,1.0,6.624
SAMEA113544978,PRJEB51353,SAMEA113544978,,adult,,,SE,,,,,,2017,primary,1.0,7.732
SAMEA113544979,PRJEB51353,SAMEA113544979,,adult,,,SE,,,,,,2015,primary,1.0,8.432
SAMEA113544980,PRJEB51353,SAMEA113544980,,adult,,,SE,,,,,,2015,primary,1.0,9.075
SAMEA113544981,PRJEB51353,SAMEA113544981,,adult,,,SE,,,,,,2016,primary,1.0,6.223
SAMEA113544982,PRJEB51353,SAMEA113544982,,adult,,,SE,,,,,,2016,primary,1.0,7.218
SAMEA113544983,PRJEB51353,SAMEA113544983,,adult,,,SE,,,,,,2018,primary,1.0,7.595
SAMEA113544984,PRJEB51353,SAMEA113544984,,adult,,,SE,,,,,,2016,primary,1.0,7.026
SAMEA113544985,PRJEB51353,SAMEA113544985,,adult,,,SE,,,,,,2016,primary,1.0,7.392
SAMEA113544986,PRJEB51353,SAMEA113544986,,adult,,,SE,,,,,,2017,primary,1.0,6.471
SAMEA113544987,PRJEB51353,SAMEA113544987,,adult,,,SE,,,,,,2015,primary,1.0,9.147
SAMEA113544988,PRJEB51353,SAMEA113544988,,adult,,,SE,,,,,,2017,primary,1.0,6.782
SAMEA113544989,PRJEB51353,SAMEA113544989,,adult,,,SE,,,,,,2015,primary,1.0,7.039
SAMEA113544990,PRJEB51353,SAMEA113544990,,adult,,,SE,,,,,,2017,primary,1.0,7.176
SAMEA113544991,PRJEB51353,SAMEA113544991,,adult,,,SE,,,,,,2017,primary,1.0,8.36
SAMEA113544992,PRJEB51353,SAMEA113544992,,adult,,,SE,,,,,,2017,primary,1.0,6.68
SAMEA113544993,PRJEB51353,SAMEA113544993,,adult,,,SE,,,,,,2017,primary,1.0,9.909
SAMEA113544994,PRJEB51353,SAMEA113544994,,adult,,,SE,,,,,,2017,primary,1.0,9.781
SAMEA113544995,PRJEB51353,SAMEA113544995,,adult,,,SE,,,,,,2016,primary,1.0,7.537
SAMEA113544996,PRJEB51353,SAMEA113544996,,adult,,,SE,,,,,,2015,primary,1.0,8.416
SAMEA113544997,PRJEB51353,SAMEA113544997,,adult,,,SE,,,,,,2015,primary,1.0,7.27
SAMEA113544998,PRJEB51353,SAMEA113544998,,adult,,,SE,,,,,,2017,primary,1.0,7.152
SAMEA113544999,PRJEB51353,SAMEA113544999,,adult,,,SE,,,,,,2017,primary,1.0,10.114
SAMEA113545000,PRJEB51353,SAMEA113545000,,adult,,,SE,,,,,,2016,primary,1.0,7.139
SAMEA113545001,PRJEB51353,SAMEA113545001,,adult,,,SE,,,,,,2015,primary,1.0,9.331
SAMEA113545002,PRJEB51353,SAMEA113545002,,adult,,,SE,,,,,,2017,primary,1.0,7.736
SAMEA113545003,PRJEB51353,SAMEA113545003,,adult,,,SE,,,,,,2016,primary,1.0,7.679
SAMEA113545004,PRJEB51353,SAMEA113545004,,adult,,,SE,,,,,,2015,primary,1.0,6.781
SAMEA113545005,PRJEB51353,SAMEA113545005,,adult,,,SE,,,,,,2016,primary,1.0,7.439
SAMEA113545006,PRJEB51353,SAMEA113545006,,adult,,,SE,,,,,,2016,primary,1.0,7.201
SAMEA113545007,PRJEB51353,SAMEA113545007,,adult,,,SE,,,,,,2016,primary,1.0,7.856
SAMEA113545008,PRJEB51353,SAMEA113545008,,adult,,,SE,,,,,,2017,primary,1.0,8.051
SAMEA113545009,PRJEB51353,SAMEA113545009,,adult,,,SE,,,,,,2017,primary,1.0,7.591
SAMEA113545010,PRJEB51353,SAMEA113545010,,adult,,,SE,,,,,,2016,primary,1.0,6.316
SAMEA113545011,PRJEB51353,SAMEA113545011,,adult,,,SE,,,,,,2017,primary,1.0,8.648
SAMEA113545012,PRJEB51353,SAMEA113545012,,adult,,,SE,,,,,,2018,primary,1.0,6.949
SAMEA113545013,PRJEB51353,SAMEA113545013,,adult,,,SE,,,,,,2015,primary,1.0,8.023
SAMEA113545014,PRJEB51353,SAMEA113545014,,adult,,,SE,,,,,,2017,primary,1.0,8.304
SAMEA113545015,PRJEB51353,SAMEA113545015,,adult,,,SE,,,,,,2018,primary,1.0,7.566
SAMEA113545016,PRJEB51353,SAMEA113545016,,adult,,,SE,,,,,,2017,primary,1.0,6.569
SAMEA113545017,PRJEB51353,SAMEA113545017,,adult,,,SE,,,,,,2015,primary,1.0,6.739
SAMEA113545018,PRJEB51353,SAMEA113545018,,adult,,,SE,,,,,,2016,primary,1.0,6.286
SAMEA113545019,PRJEB51353,SAMEA113545019,,adult,,,SE,,,,,,2016,primary,1.0,6.866
SAMEA113545020,PRJEB51353,SAMEA113545020,,adult,,,SE,,,,,,2017,primary,1.0,8.003
SAMEA113545021,PRJEB51353,SAMEA113545021,,adult,,,SE,,,,,,2017,primary,1.0,7.078
SAMEA113545022,PRJEB51353,SAMEA113545022,,adult,,,SE,,,,,,2016,primary,1.0,7.173
SAMEA113545023,PRJEB51353,SAMEA113545023,,adult,,,SE,,,,,,2016,primary,1.0,6.203
SAMEA113545024,PRJEB51353,SAMEA113545024,,adult,,,SE,,,,,,2017,primary,1.0,8.163
SAMEA113545025,PRJEB51353,SAMEA113545025,,adult,,,SE,,,,,,2017,primary,1.0,11.746
SAMEA113545026,PRJEB51353,SAMEA113545026,,adult,,,SE,,,,,,2016,primary,1.0,8.118
SAMEA113545027,PRJEB51353,SAMEA113545027,,adult,,,SE,,,,,,2017,primary,1.0,7.198
SAMEA113545028,PRJEB51353,SAMEA113545028,,adult,,,SE,,,,,,2015,primary,1.0,6.388
SAMEA113545029,PRJEB51353,SAMEA113545029,,adult,,,SE,,,,,,2016,primary,1.0,10.038
SAMEA113545030,PRJEB51353,SAMEA113545030,,adult,,,SE,,,,,,2016,primary,1.0,6.478
SAMEA113545031,PRJEB51353,SAMEA113545031,,adult,,,SE,,,,,,2017,primary,1.0,9.332
SAMEA113545032,PRJEB51353,SAMEA113545032,,adult,,,SE,,,,,,2015,primary,1.0,7.329
SAMEA113545033,PRJEB51353,SAMEA113545033,,adult,,,SE,,,,,,2016,primary,1.0,7.539
SAMEA113545034,PRJEB51353,SAMEA113545034,,adult,,,SE,,,,,,2015,primary,1.0,6.414
SAMEA113545035,PRJEB51353,SAMEA113545035,,adult,,,SE,,,,,,2016,primary,1.0,6.898
SAMEA113545036,PRJEB51353,SAMEA113545036,,adult,,,SE,,,,,,2018,primary,1.0,8.31
SAMEA113545037,PRJEB51353,SAMEA113545037,,adult,,,SE,,,,,,2016,primary,1.0,6.605
SAMEA113545038,PRJEB51353,SAMEA113545038,,adult,,,SE,,,,,,2015,primary,1.0,6.691
SAMEA113545039,PRJEB51353,SAMEA113545039,,adult,,,SE,,,,,,2015,primary,1.0,6.987
SAMEA113545040,PRJEB51353,SAMEA113545040,,adult,,,SE,,,,,,2015,primary,1.0,6.89
SAMEA113545041,PRJEB51353,SAMEA113545041,,adult,,,SE,,,,,,2015,primary,1.0,8.907
SAMEA113545042,PRJEB51353,SAMEA113545042,,adult,,,SE,,,,,,2016,primary,1.0,10.935
SAMEA113545043,PRJEB51353,SAMEA113545043,,adult,,,SE,,,,,,2017,primary,1.0,8.793
SAMEA113545044,PRJEB51353,SAMEA113545044,,adult,,,SE,,,,,,2015,primary,1.0,6.068
SAMEA113545045,PRJEB51353,SAMEA113545045,,adult,,,SE,,,,,,2017,primary,1.0,6.689
SAMEA113545046,PRJEB51353,SAMEA113545046,,adult,,,SE,,,,,,2016,primary,1.0,8.896
SAMEA113545047,PRJEB51353,SAMEA113545047,,adult,,,SE,,,,,,2015,primary,1.0,7.901
SAMEA113545048,PRJEB51353,SAMEA113545048,,adult,,,SE,,,,,,2017,primary,1.0,7.221
SAMEA113545049,PRJEB51353,SAMEA113545049,,adult,,,SE,,,,,,2016,primary,1.0,7.106
SAMEA113545050,PRJEB51353,SAMEA113545050,,adult,,,SE,,,,,,2018,primary,1.0,6.945
SAMEA113545051,PRJEB51353,SAMEA113545051,,adult,,,SE,,,,,,2016,primary,1.0,6.912
SAMEA113545052,PRJEB51353,SAMEA113545052,,adult,,,SE,,,,,,2016,primary,1.0,7.998
SAMEA113545053,PRJEB51353,SAMEA113545053,,adult,,,SE,,,,,,2016,primary,1.0,8.36
SAMEA113545054,PRJEB51353,SAMEA113545054,,adult,,,SE,,,,,,2018,primary,1.0,7.89
SAMEA113545055,PRJEB51353,SAMEA113545055,,adult,,,SE,,,,,,2016,primary,1.0,9.54
SAMEA113545056,PRJEB51353,SAMEA113545056,,adult,,,SE,,,,,,2017,primary,1.0,9.155
SAMEA113545057,PRJEB51353,SAMEA113545057,,adult,,,SE,,,,,,2015,primary,1.0,6.034
SAMEA113545058,PRJEB51353,SAMEA113545058,,adult,,,SE,,,,,,2015,primary,1.0,7.137
SAMEA113545059,PRJEB51353,SAMEA113545059,,adult,,,SE,,,,,,2015,primary,1.0,8.207
SAMEA113545060,PRJEB51353,SAMEA113545060,,adult,,,SE,,,,,,2018,primary,1.0,7.704
SAMEA113545061,PRJEB51353,SAMEA113545061,,adult,,,SE,,,,,,2016,primary,1.0,6.401
SAMEA113545062,PRJEB51353,SAMEA113545062,,adult,,,SE,,,,,,2017,primary,1.0,7.358
SAMEA113545063,PRJEB51353,SAMEA113545063,,adult,,,SE,,,,,,2017,primary,1.0,7.665
SAMEA113545064,PRJEB51353,SAMEA113545064,,adult,,,SE,,,,,,2016,primary,1.0,6.746
SAMEA113545065,PRJEB51353,SAMEA113545065,,adult,,,SE,,,,,,2017,primary,1.0,7.002
SAMEA113545066,PRJEB51353,SAMEA113545066,,adult,,,SE,,,,,,2016,primary,1.0,8.556
SAMEA113545067,PRJEB51353,SAMEA113545067,,adult,,,SE,,,,,,2016,primary,1.0,8.662
SAMEA113545068,PRJEB51353,SAMEA113545068,,adult,,,SE,,,,,,2015,primary,1.0,11.775
SAMEA113545069,PRJEB51353,SAMEA113545069,,adult,,,SE,,,,,,2016,primary,1.0,6.779
SAMEA113545070,PRJEB51353,SAMEA113545070,,adult,,,SE,,,,,,2015,primary,1.0,8.576
SAMEA113545071,PRJEB51353,SAMEA113545071,,adult,,,SE,,,,,,2015,primary,1.0,6.589
SAMEA113545072,PRJEB51353,SAMEA113545072,,adult,,,SE,,,,,,2017,primary,1.0,6.736
SAMEA113545073,PRJEB51353,SAMEA113545073,,adult,,,SE,,,,,,2016,primary,1.0,10.048
SAMEA113545074,PRJEB51353,SAMEA113545074,,adult,,,SE,,,,,,2015,primary,1.0,6.635
SAMEA113545075,PRJEB51353,SAMEA113545075,,adult,,,SE,,,,,,2015,primary,1.0,7.597
SAMEA113545076,PRJEB51353,SAMEA113545076,,adult,,,SE,,,,,,2016,primary,1.0,10.679
SAMEA113545077,PRJEB51353,SAMEA113545077,,adult,,,SE,,,,,,2017,primary,1.0,6.847
SAMEA113545078,PRJEB51353,SAMEA113545078,,adult,,,SE,,,,,,2016,primary,1.0,6.865
SAMEA113545079,PRJEB51353,SAMEA113545079,,adult,,,SE,,,,,,2015,primary,1.0,6.274
SAMEA113545080,PRJEB51353,SAMEA113545080,,adult,,,SE,,,,,,2016,primary,1.0,7.29
SAMEA113545081,PRJEB51353,SAMEA113545081,,adult,,,SE,,,,,,2016,primary,1.0,7.014
SAMEA113545082,PRJEB51353,SAMEA113545082,,adult,,,SE,,,,,,2015,primary,1.0,6.953
SAMEA113545083,PRJEB51353,SAMEA113545083,,adult,,,SE,,,,,,2017,primary,1.0,6.616
SAMEA113545084,PRJEB51353,SAMEA113545084,,adult,,,SE,,,,,,2015,primary,1.0,9.629
SAMEA113545085,PRJEB51353,SAMEA113545085,,adult,,,SE,,,,,,2015,primary,1.0,6.762
SAMEA113545086,PRJEB51353,SAMEA113545086,,adult,,,SE,,,,,,2016,primary,1.0,8.683
SAMEA113545087,PRJEB51353,SAMEA113545087,,adult,,,SE,,,,,,2016,primary,1.0,9.636
SAMEA113545088,PRJEB51353,SAMEA113545088,,adult,,,SE,,,,,,2016,primary,1.0,10.061
SAMEA113545089,PRJEB51353,SAMEA113545089,,adult,,,SE,,,,,,2015,primary,1.0,5.966
SAMEA113545090,PRJEB51353,SAMEA113545090,,adult,,,SE,,,,,,2015,primary,1.0,8.242
SAMEA113545091,PRJEB51353,SAMEA113545091,,adult,,,SE,,,,,,2016,primary,1.0,6.494
SAMEA113545092,PRJEB51353,SAMEA113545092,,adult,,,SE,,,,,,2017,primary,1.0,9.485
SAMEA113545093,PRJEB51353,SAMEA113545093,,adult,,,SE,,,,,,2015,primary,1.0,7.601
SAMEA113545094,PRJEB51353,SAMEA113545094,,adult,,,SE,,,,,,2017,primary,1.0,9.309
SAMEA113545095,PRJEB51353,SAMEA113545095,,adult,,,SE,,,,,,2016,primary,1.0,6.399
SAMEA113545096,PRJEB51353,SAMEA113545096,,adult,,,SE,,,,,,2016,primary,1.0,6.004
SAMEA113545097,PRJEB51353,SAMEA113545097,,adult,,,SE,,,,,,2016,primary,1.0,7.292
SAMEA113545098,PRJEB51353,SAMEA113545098,,adult,,,SE,,,,,,2017,primary,1.0,6.634
SAMEA113545099,PRJEB51353,SAMEA113545099,,adult,,,SE,,,,,,2017,primary,1.0,6.868
SAMEA113545100,PRJEB51353,SAMEA113545100,,adult,,,SE,,,,,,2015,primary,1.0,12.736
SAMEA113545101,PRJEB51353,SAMEA113545101,,adult,,,SE,,,,,,2016,primary,1.0,8.264
SAMEA113545102,PRJEB51353,SAMEA113545102,,adult,,,SE,,,,,,2016,primary,1.0,7.352
SAMEA113545103,PRJEB51353,SAMEA113545103,,adult,,,SE,,,,,,2017,primary,1.0,8.242
SAMEA113545104,PRJEB51353,SAMEA113545104,,adult,,,SE,,,,,,2016,primary,1.0,6.285
SAMEA113545105,PRJEB51353,SAMEA113545105,,adult,,,SE,,,,,,2017,primary,1.0,9.524
SAMEA113545106,PRJEB51353,SAMEA113545106,,adult,,,SE,,,,,,2015,primary,1.0,8.723
SAMEA113545107,PRJEB51353,SAMEA113545107,,adult,,,SE,,,,,,2017,primary,1.0,8.679
SAMEA113545108,PRJEB51353,SAMEA113545108,,adult,,,SE,,,,,,2016,primary,1.0,6.249
SAMEA113545109,PRJEB51353,SAMEA113545109,,adult,,,SE,,,,,,2017,primary,1.0,8.415
SAMEA113545110,PRJEB51353,SAMEA113545110,,adult,,,SE,,,,,,2015,primary,1.0,8.242
SAMEA113545111,PRJEB51353,SAMEA113545111,,adult,,,SE,,,,,,2018,primary,1.0,7.258
SAMEA113545112,PRJEB51353,SAMEA113545112,,adult,,,SE,,,,,,2017,primary,1.0,6.663
SAMEA113545113,PRJEB51353,SAMEA113545113,,adult,,,SE,,,,,,2017,primary,1.0,7.738
SAMEA113545114,PRJEB51353,SAMEA113545114,,adult,,,SE,,,,,,2016,primary,1.0,6.48
SAMEA113545115,PRJEB51353,SAMEA113545115,,adult,,,SE,,,,,,2017,primary,1.0,7.651
SAMEA113545116,PRJEB51353,SAMEA113545116,,adult,,,SE,,,,,,2016,primary,1.0,6.119
SAMEA113545117,PRJEB51353,SAMEA113545117,,adult,,,SE,,,,,,2015,primary,1.0,6.1
SAMEA113545118,PRJEB51353,SAMEA113545118,,adult,,,SE,,,,,,2016,primary,1.0,9.327
SAMEA113545119,PRJEB51353,SAMEA113545119,,adult,,,SE,,,,,,2015,primary,1.0,6.681
SAMEA113545120,PRJEB51353,SAMEA113545120,,adult,,,SE,,,,,,2016,primary,1.0,7.098
SAMEA113545121,PRJEB51353,SAMEA113545121,,adult,,,SE,,,,,,2018,primary,1.0,8.883
SAMEA113545122,PRJEB51353,SAMEA113545122,,adult,,,SE,,,,,,2015,primary,1.0,10.863
SAMEA113545123,PRJEB51353,SAMEA113545123,,adult,,,SE,,,,,,2015,primary,1.0,7.33
SAMEA113545124,PRJEB51353,SAMEA113545124,,adult,,,SE,,,,,,2015,primary,1.0,8.344
SAMEA113545125,PRJEB51353,SAMEA113545125,,adult,,,SE,,,,,,2016,primary,1.0,6.105
SAMEA113545126,PRJEB51353,SAMEA113545126,,adult,,,SE,,,,,,2015,primary,1.0,7.389
SAMEA113545127,PRJEB51353,SAMEA113545127,,adult,,,SE,,,,,,2017,primary,1.0,7.049
SAMEA113545128,PRJEB51353,SAMEA113545128,,adult,,,SE,,,,,,2016,primary,1.0,7.215
SAMEA113545129,PRJEB51353,SAMEA113545129,,adult,,,SE,,,,,,2017,primary,1.0,12.848
SAMEA113545130,PRJEB51353,SAMEA113545130,,adult,,,SE,,,,,,2015,primary,1.0,9.886
SAMEA113545131,PRJEB51353,SAMEA113545131,,adult,,,SE,,,,,,2015,primary,1.0,7.612
SAMEA113545132,PRJEB51353,SAMEA113545132,,adult,,,SE,,,,,,2016,primary,1.0,9.441
SAMEA113545133,PRJEB51353,SAMEA113545133,,adult,,,SE,,,,,,2017,primary,1.0,6.531
SAMEA113545134,PRJEB51353,SAMEA113545134,,adult,,,SE,,,,,,2015,primary,1.0,6.003
SAMEA113545135,PRJEB51353,SAMEA113545135,,adult,,,SE,,,,,,2018,primary,1.0,10.449
SAMEA113545136,PRJEB51353,SAMEA113545136,,adult,,,SE,,,,,,2016,primary,1.0,6.97
SAMEA113545137,PRJEB51353,SAMEA113545137,,adult,,,SE,,,,,,2017,primary,1.0,6.816
SAMEA113545138,PRJEB51353,SAMEA113545138,,adult,,,SE,,,,,,2015,primary,1.0,6.701
SAMEA113545139,PRJEB51353,SAMEA113545139,,adult,,,SE,,,,,,2017,primary,1.0,7.948
SAMEA113545140,PRJEB51353,SAMEA113545140,,adult,,,SE,,,,,,2017,primary,1.0,8.042
SAMEA113545141,PRJEB51353,SAMEA113545141,,adult,,,SE,,,,,,2016,primary,1.0,8.187
SAMEA113545142,PRJEB51353,SAMEA113545142,,adult,,,SE,,,,,,2016,primary,1.0,9.449
SAMEA113545143,PRJEB51353,SAMEA113545143,,adult,,,SE,,,,,,2016,primary,1.0,7.42
SAMEA113545144,PRJEB51353,SAMEA113545144,,adult,,,SE,,,,,,2017,primary,1.0,6.583
SAMEA113545145,PRJEB51353,SAMEA113545145,,adult,,,SE,,,,,,2016,primary,1.0,9.202
SAMEA113545146,PRJEB51353,SAMEA113545146,,adult,,,SE,,,,,,2016,primary,1.0,14.655
SAMEA113545147,PRJEB51353,SAMEA113545147,,adult,,,SE,,,,,,2015,primary,1.0,7.893
SAMEA113545148,PRJEB51353,SAMEA113545148,,adult,,,SE,,,,,,2015,primary,1.0,7.755
SAMEA113545149,PRJEB51353,SAMEA113545149,,adult,,,SE,,,,,,2015,primary,1.0,10.718
SAMEA113545150,PRJEB51353,SAMEA113545150,,adult,,,SE,,,,,,2016,primary,1.0,9.347
SAMEA113545151,PRJEB51353,SAMEA113545151,,adult,,,SE,,,,,,2016,primary,1.0,7.803
SAMEA113545152,PRJEB51353,SAMEA113545152,,adult,,,SE,,,,,,2015,primary,1.0,11.285
SAMEA113545153,PRJEB51353,SAMEA113545153,,adult,,,SE,,,,,,2017,primary,1.0,8.553
SAMEA113545154,PRJEB51353,SAMEA113545154,,adult,,,SE,,,,,,2015,primary,1.0,10.832
SAMEA113545155,PRJEB51353,SAMEA113545155,,adult,,,SE,,,,,,2016,primary,1.0,6.112
SAMEA113545156,PRJEB51353,SAMEA113545156,,adult,,,SE,,,,,,2016,primary,1.0,8.236
SAMEA113545157,PRJEB51353,SAMEA113545157,,adult,,,SE,,,,,,2015,primary,1.0,11.27
SAMEA113545158,PRJEB51353,SAMEA113545158,,adult,,,SE,,,,,,2015,primary,1.0,6.983
SAMEA113545159,PRJEB51353,SAMEA113545159,,adult,,,SE,,,,,,2016,primary,1.0,8.05
SAMEA113545160,PRJEB51353,SAMEA113545160,,adult,,,SE,,,,,,2017,primary,1.0,8.902
SAMEA113545161,PRJEB51353,SAMEA113545161,,adult,,,SE,,,,,,2015,primary,1.0,6.598
SAMEA113545162,PRJEB51353,SAMEA113545162,,adult,,,SE,,,,,,2016,primary,1.0,8.039
SAMEA113545163,PRJEB51353,SAMEA113545163,,adult,,,SE,,,,,,2017,primary,1.0,10.893
SAMEA113547924,PRJEB51353,SAMEA113547924,,adult,,,SE,,,,,,2018,primary,1.0,5.96
SAMEA113547925,PRJEB51353,SAMEA113547925,,adult,,,SE,,,,,,2017,primary,1.0,12.684
SAMEA113547926,PRJEB51353,SAMEA113547926,,adult,,,SE,,,,,,2015,primary,1.0,7.523
SAMEA113547927,PRJEB51353,SAMEA113547927,,adult,,,SE,,,,,,2016,primary,1.0,7.221
SAMEA113547928,PRJEB51353,SAMEA113547928,,adult,,,SE,,,,,,2015,primary,1.0,6.589
SAMEA113547929,PRJEB51353,SAMEA113547929,,adult,,,SE,,,,,,2017,primary,1.0,7.321
SAMEA113547930,PRJEB51353,SAMEA113547930,,adult,,,SE,,,,,,2017,primary,1.0,6.134
SAMEA113547931,PRJEB51353,SAMEA113547931,,adult,,,SE,,,,,,2016,primary,1.0,7.045
SAMEA113547932,PRJEB51353,SAMEA113547932,,adult,,,SE,,,,,,2016,primary,1.0,7.085
SAMEA113547933,PRJEB51353,SAMEA113547933,,adult,,,SE,,,,,,2015,primary,1.0,9.524
SAMEA113547934,PRJEB51353,SAMEA113547934,,adult,,,SE,,,,,,2017,primary,1.0,6.859
SAMEA113547935,PRJEB51353,SAMEA113547935,,adult,,,SE,,,,,,2016,primary,1.0,7.992
SAMEA113547936,PRJEB51353,SAMEA113547936,,adult,,,SE,,,,,,2016,primary,1.0,6.693
SAMEA113547937,PRJEB51353,SAMEA113547937,,adult,,,SE,,,,,,2017,primary,1.0,6.62
SAMEA113547938,PRJEB51353,SAMEA113547938,,adult,,,SE,,,,,,2015,primary,1.0,8.177
SAMEA113547939,PRJEB51353,SAMEA113547939,,adult,,,SE,,,,,,2017,primary,1.0,9.03
SAMEA113547940,PRJEB51353,SAMEA113547940,,adult,,,SE,,,,,,2016,primary,1.0,7.739
SAMEA113547941,PRJEB51353,SAMEA113547941,,adult,,,SE,,,,,,2017,primary,1.0,6.199
SAMEA113547942,PRJEB51353,SAMEA113547942,,adult,,,SE,,,,,,2016,primary,1.0,7.544
SAMEA113547943,PRJEB51353,SAMEA113547943,,adult,,,SE,,,,,,2015,primary,1.0,8.151
SAMEA113547944,PRJEB51353,SAMEA113547944,,adult,,,SE,,,,,,2016,primary,1.0,9.402
SAMEA113547945,PRJEB51353,SAMEA113547945,,adult,,,SE,,,,,,2017,primary,1.0,6.34
SAMEA113547946,PRJEB51353,SAMEA113547946,,adult,,,SE,,,,,,2015,primary,1.0,6.927
SAMEA113547947,PRJEB51353,SAMEA113547947,,adult,,,SE,,,,,,2015,primary,1.0,7.434
SAMEA113547948,PRJEB51353,SAMEA113547948,,adult,,,SE,,,,,,2015,primary,1.0,16.747
SAMEA113547949,PRJEB51353,SAMEA113547949,,adult,,,SE,,,,,,2016,primary,1.0,9.325
SAMEA113547950,PRJEB51353,SAMEA113547950,,adult,,,SE,,,,,,2015,primary,1.0,7.616
SAMEA113547951,PRJEB51353,SAMEA113547951,,adult,,,SE,,,,,,2015,primary,1.0,7.258
SAMEA113547952,PRJEB51353,SAMEA113547952,,adult,,,SE,,,,,,2017,primary,1.0,8.313
SAMEA113547953,PRJEB51353,SAMEA113547953,,adult,,,SE,,,,,,2017,primary,1.0,11.085
SAMEA113547954,PRJEB51353,SAMEA113547954,,adult,,,SE,,,,,,2015,primary,1.0,7.52
SAMEA113547955,PRJEB51353,SAMEA113547955,,adult,,,SE,,,,,,2015,primary,1.0,7.977
SAMEA113547956,PRJEB51353,SAMEA113547956,,adult,,,SE,,,,,,2015,primary,1.0,9.209
SAMEA113547957,PRJEB51353,SAMEA113547957,,adult,,,SE,,,,,,2017,primary,1.0,8.784
SAMEA113547958,PRJEB51353,SAMEA113547958,,adult,,,SE,,,,,,2016,primary,1.0,6.898
SAMEA113547959,PRJEB51353,SAMEA113547959,,adult,,,SE,,,,,,2018,primary,1.0,6.969
SAMEA113547960,PRJEB51353,SAMEA113547960,,adult,,,SE,,,,,,2016,primary,1.0,7.835
SAMEA113547961,PRJEB51353,SAMEA113547961,,adult,,,SE,,,,,,2016,primary,1.0,7.188
SAMEA113547962,PRJEB51353,SAMEA113547962,,adult,,,SE,,,,,,2017,primary,1.0,8.488
SAMEA113547963,PRJEB51353,SAMEA113547963,,adult,,,SE,,,,,,2017,primary,1.0,7.686
SAMEA113547964,PRJEB51353,SAMEA113547964,,adult,,,SE,,,,,,2016,primary,1.0,6.521
SAMEA113547965,PRJEB51353,SAMEA113547965,,adult,,,SE,,,,,,2016,primary,1.0,9.13
SAMEA113547966,PRJEB51353,SAMEA113547966,,adult,,,SE,,,,,,2017,primary,1.0,8.291
SAMEA113547967,PRJEB51353,SAMEA113547967,,adult,,,SE,,,,,,2017,primary,1.0,7.416
SAMEA113547968,PRJEB51353,SAMEA113547968,,adult,,,SE,,,,,,2016,primary,1.0,7.167
SAMEA113547969,PRJEB51353,SAMEA113547969,,adult,,,SE,,,,,,2015,primary,1.0,6.171
SAMEA113547970,PRJEB51353,SAMEA113547970,,adult,,,SE,,,,,,2015,primary,1.0,6.875
SAMEA113547971,PRJEB51353,SAMEA113547971,,adult,,,SE,,,,,,2015,primary,1.0,8.803
SAMEA113547972,PRJEB51353,SAMEA113547972,,adult,,,SE,,,,,,2015,primary,1.0,8.146
SAMEA113547973,PRJEB51353,SAMEA113547973,,adult,,,SE,,,,,,2017,primary,1.0,7.677
SAMEA113547974,PRJEB51353,SAMEA113547974,,adult,,,SE,,,,,,2016,primary,1.0,8.004
SAMEA113547975,PRJEB51353,SAMEA113547975,,adult,,,SE,,,,,,2017,primary,1.0,8.487
SAMEA113547976,PRJEB51353,SAMEA113547976,,adult,,,SE,,,,,,2016,primary,1.0,6.684
SAMEA113547977,PRJEB51353,SAMEA113547977,,adult,,,SE,,,,,,2016,primary,1.0,7.313
SAMEA113547978,PRJEB51353,SAMEA113547978,,adult,,,SE,,,,,,2016,primary,1.0,7.415
SAMEA113547979,PRJEB51353,SAMEA113547979,,adult,,,SE,,,,,,2016,primary,1.0,5.967
SAMEA113547980,PRJEB51353,SAMEA113547980,,adult,,,SE,,,,,,2016,primary,1.0,9.151
SAMEA113547981,PRJEB51353,SAMEA113547981,,adult,,,SE,,,,,,2015,primary,1.0,6.516
SAMEA113547982,PRJEB51353,SAMEA113547982,,adult,,,SE,,,,,,2015,primary,1.0,9.253
SAMEA113547983,PRJEB51353,SAMEA113547983,,adult,,,SE,,,,,,2016,primary,1.0,6.417
SAMEA113547984,PRJEB51353,SAMEA113547984,,adult,,,SE,,,,,,2015,primary,1.0,10.634
SAMEA113547985,PRJEB51353,SAMEA113547985,,adult,,,SE,,,,,,2015,primary,1.0,10.551
SAMEA113547986,PRJEB51353,SAMEA113547986,,adult,,,SE,,,,,,2018,primary,1.0,8.611
SAMEA113547987,PRJEB51353,SAMEA113547987,,adult,,,SE,,,,,,2018,primary,1.0,6.847
SAMEA113547988,PRJEB51353,SAMEA113547988,,adult,,,SE,,,,,,2016,primary,1.0,9.519
SAMEA113547989,PRJEB51353,SAMEA113547989,,adult,,,SE,,,,,,2016,primary,1.0,8.146
SAMEA113547990,PRJEB51353,SAMEA113547990,,adult,,,SE,,,,,,2015,primary,1.0,6.909
SAMEA113547991,PRJEB51353,SAMEA113547991,,adult,,,SE,,,,,,2017,primary,1.0,7.779
SAMEA113547992,PRJEB51353,SAMEA113547992,,adult,,,SE,,,,,,2017,primary,1.0,7.073
SAMEA113547993,PRJEB51353,SAMEA113547993,,adult,,,SE,,,,,,2016,primary,1.0,7.519
SAMEA113547994,PRJEB51353,SAMEA113547994,,adult,,,SE,,,,,,2017,primary,1.0,9.399
SAMEA113547995,PRJEB51353,SAMEA113547995,,adult,,,SE,,,,,,2018,primary,1.0,9.601
SAMEA113547996,PRJEB51353,SAMEA113547996,,adult,,,SE,,,,,,2016,primary,1.0,7.05
SAMEA113547997,PRJEB51353,SAMEA113547997,,adult,,,SE,,,,,,2015,primary,1.0,7.463
SAMEA113547998,PRJEB51353,SAMEA113547998,,adult,,,SE,,,,,,2015,primary,1.0,8.014
SAMEA113547999,PRJEB51353,SAMEA113547999,,adult,,,SE,,,,,,2015,primary,1.0,7.525
SAMEA113548000,PRJEB51353,SAMEA113548000,,adult,,,SE,,,,,,2015,primary,1.0,8.28
SAMEA113548001,PRJEB51353,SAMEA113548001,,adult,,,SE,,,,,,2015,primary,1.0,9.783
SAMEA113548002,PRJEB51353,SAMEA113548002,,adult,,,SE,,,,,,2016,primary,1.0,9.829
SAMEA113548003,PRJEB51353,SAMEA113548003,,adult,,,SE,,,,,,2017,primary,1.0,7.895
SAMEA113548004,PRJEB51353,SAMEA113548004,,adult,,,SE,,,,,,2016,primary,1.0,13.89
SAMEA113548005,PRJEB51353,SAMEA113548005,,adult,,,SE,,,,,,2016,primary,1.0,7.505
SAMEA113548006,PRJEB51353,SAMEA113548006,,adult,,,SE,,,,,,2016,primary,1.0,7.031
SAMEA113548007,PRJEB51353,SAMEA113548007,,adult,,,SE,,,,,,2015,primary,1.0,8.661
SAMEA113548008,PRJEB51353,SAMEA113548008,,adult,,,SE,,,,,,2016,primary,1.0,6.714
SAMEA113548009,PRJEB51353,SAMEA113548009,,adult,,,SE,,,,,,2015,primary,1.0,6.874
SAMEA113548010,PRJEB51353,SAMEA113548010,,adult,,,SE,,,,,,2017,primary,1.0,9.438
SAMEA113548011,PRJEB51353,SAMEA113548011,,adult,,,SE,,,,,,2015,primary,1.0,8.803
SAMEA113548012,PRJEB51353,SAMEA113548012,,adult,,,SE,,,,,,2015,primary,1.0,6.545
SAMEA113548013,PRJEB51353,SAMEA113548013,,adult,,,SE,,,,,,2017,primary,1.0,7.099
SAMEA113548014,PRJEB51353,SAMEA113548014,,adult,,,SE,,,,,,2017,primary,1.0,7.401
SAMEA113548015,PRJEB51353,SAMEA113548015,,adult,,,SE,,,,,,2018,primary,1.0,8.929
SAMEA113548016,PRJEB51353,SAMEA113548016,,adult,,,SE,,,,,,2015,primary,1.0,6.451
SAMEA113548017,PRJEB51353,SAMEA113548017,,adult,,,SE,,,,,,2016,primary,1.0,8.864
SAMEA113548018,PRJEB51353,SAMEA113548018,,adult,,,SE,,,,,,2016,primary,1.0,8.872
SAMEA113548019,PRJEB51353,SAMEA113548019,,adult,,,SE,,,,,,2016,primary,1.0,7.829
SAMEA113548020,PRJEB51353,SAMEA113548020,,adult,,,SE,,,,,,2015,primary,1.0,9.867
SAMEA113548021,PRJEB51353,SAMEA113548021,,adult,,,SE,,,,,,2018,primary,1.0,8.342
SAMEA113548022,PRJEB51353,SAMEA113548022,,adult,,,SE,,,,,,2016,primary,1.0,7.834
SAMEA113548023,PRJEB51353,SAMEA113548023,,adult,,,SE,,,,,,2016,primary,1.0,7.897
SAMEA113548024,PRJEB51353,SAMEA113548024,,adult,,,SE,,,,,,2017,primary,1.0,7.937
SAMEA113548025,PRJEB51353,SAMEA113548025,,adult,,,SE,,,,,,2017,primary,1.0,8.445
SAMEA113548026,PRJEB51353,SAMEA113548026,,adult,,,SE,,,,,,2015,primary,1.0,8.887
SAMEA113548027,PRJEB51353,SAMEA113548027,,adult,,,SE,,,,,,2016,primary,1.0,7.288
SAMEA113548028,PRJEB51353,SAMEA113548028,,adult,,,SE,,,,,,2015,primary,1.0,6.614
SAMEA113548029,PRJEB51353,SAMEA113548029,,adult,,,SE,,,,,,2016,primary,1.0,7.094
SAMEA113548030,PRJEB51353,SAMEA113548030,,adult,,,SE,,,,,,2016,primary,1.0,7.321
SAMEA113548031,PRJEB51353,SAMEA113548031,,adult,,,SE,,,,,,2015,primary,1.0,6.342
SAMEA113548032,PRJEB51353,SAMEA113548032,,adult,,,SE,,,,,,2016,primary,1.0,7.565
SAMEA113548033,PRJEB51353,SAMEA113548033,,adult,,,SE,,,,,,2016,primary,1.0,8.146
SAMEA113548034,PRJEB51353,SAMEA113548034,,adult,,,SE,,,,,,2017,primary,1.0,13.851
SAMEA113548035,PRJEB51353,SAMEA113548035,,adult,,,SE,,,,,,2017,primary,1.0,7.71
SAMEA113548036,PRJEB51353,SAMEA113548036,,adult,,,SE,,,,,,2015,primary,1.0,11.192
SAMEA113548037,PRJEB51353,SAMEA113548037,,adult,,,SE,,,,,,2015,primary,1.0,11.458
SAMEA113548038,PRJEB51353,SAMEA113548038,,adult,,,SE,,,,,,2017,primary,1.0,7.765
SAMEA113548039,PRJEB51353,SAMEA113548039,,adult,,,SE,,,,,,2015,primary,1.0,7.174
SAMEA113548040,PRJEB51353,SAMEA113548040,,adult,,,SE,,,,,,2016,primary,1.0,8.115
SAMEA113548041,PRJEB51353,SAMEA113548041,,adult,,,SE,,,,,,2015,primary,1.0,8.11
SAMEA113548042,PRJEB51353,SAMEA113548042,,adult,,,SE,,,,,,2016,primary,1.0,7.982
SAMEA113548043,PRJEB51353,SAMEA113548043,,adult,,,SE,,,,,,2015,primary,1.0,8.295
SAMEA113548044,PRJEB51353,SAMEA113548044,,adult,,,SE,,,,,,2016,primary,1.0,7.204
SAMEA113548045,PRJEB51353,SAMEA113548045,,adult,,,SE,,,,,,2018,primary,1.0,14.092
SAMEA113548046,PRJEB51353,SAMEA113548046,,adult,,,SE,,,,,,2016,primary,1.0,10.168
SAMEA113548047,PRJEB51353,SAMEA113548047,,adult,,,SE,,,,,,2017,primary,1.0,6.357
SAMEA113548048,PRJEB51353,SAMEA113548048,,adult,,,SE,,,,,,2016,primary,1.0,6.2
SAMEA113548049,PRJEB51353,SAMEA113548049,,adult,,,SE,,,,,,2016,primary,1.0,8.002
SAMEA113548050,PRJEB51353,SAMEA113548050,,adult,,,SE,,,,,,2017,primary,1.0,8.516
SAMEA113548051,PRJEB51353,SAMEA113548051,,adult,,,SE,,,,,,2016,primary,1.0,8.926
SAMEA113548052,PRJEB51353,SAMEA113548052,,adult,,,SE,,,,,,2016,primary,1.0,8.427
SAMEA113548053,PRJEB51353,SAMEA113548053,,adult,,,SE,,,,,,2017,primary,1.0,6.98
SAMEA113548054,PRJEB51353,SAMEA113548054,,adult,,,SE,,,,,,2016,primary,1.0,7.204
SAMEA113548055,PRJEB51353,SAMEA113548055,,adult,,,SE,,,,,,2015,primary,1.0,8.004
SAMEA113548056,PRJEB51353,SAMEA113548056,,adult,,,SE,,,,,,2015,primary,1.0,7.542
SAMEA113548057,PRJEB51353,SAMEA113548057,,adult,,,SE,,,,,,2016,primary,1.0,7.283
SAMEA113548058,PRJEB51353,SAMEA113548058,,adult,,,SE,,,,,,2015,primary,1.0,8.241
SAMEA113548059,PRJEB51353,SAMEA113548059,,adult,,,SE,,,,,,2017,primary,1.0,9.999
SAMEA113548060,PRJEB51353,SAMEA113548060,,adult,,,SE,,,,,,2017,primary,1.0,6.19
SAMEA113548061,PRJEB51353,SAMEA113548061,,adult,,,SE,,,,,,2015,primary,1.0,7.86
SAMEA113548062,PRJEB51353,SAMEA113548062,,adult,,,SE,,,,,,2016,primary,1.0,8.519
SAMEA113548063,PRJEB51353,SAMEA113548063,,adult,,,SE,,,,,,2015,primary,1.0,6.805
SAMEA113548064,PRJEB51353,SAMEA113548064,,adult,,,SE,,,,,,2016,primary,1.0,7.851
SAMEA113548065,PRJEB51353,SAMEA113548065,,adult,,,SE,,,,,,2015,primary,1.0,8.522
SAMEA113548066,PRJEB51353,SAMEA113548066,,adult,,,SE,,,,,,2016,primary,1.0,8.511
SAMEA113548067,PRJEB51353,SAMEA113548067,,adult,,,SE,,,,,,2015,primary,1.0,8.41
SAMEA113548068,PRJEB51353,SAMEA113548068,,adult,,,SE,,,,,,2015,primary,1.0,8.447
SAMEA113548069,PRJEB51353,SAMEA113548069,,adult,,,SE,,,,,,2017,primary,1.0,6.411
SAMEA113548070,PRJEB51353,SAMEA113548070,,adult,,,SE,,,,,,2016,primary,1.0,8.044
SAMEA113548071,PRJEB51353,SAMEA113548071,,adult,,,SE,,,,,,2016,primary,1.0,6.48
SAMEA113548072,PRJEB51353,SAMEA113548072,,adult,,,SE,,,,,,2018,primary,1.0,9.181
SAMEA113548073,PRJEB51353,SAMEA113548073,,adult,,,SE,,,,,,2015,primary,1.0,8.355
SAMEA113548074,PRJEB51353,SAMEA113548074,,adult,,,SE,,,,,,2015,primary,1.0,8.591
SAMEA113548075,PRJEB51353,SAMEA113548075,,adult,,,SE,,,,,,2015,primary,1.0,11.181
SAMEA113548076,PRJEB51353,SAMEA113548076,,adult,,,SE,,,,,,2017,primary,1.0,8.703
SAMEA113548077,PRJEB51353,SAMEA113548077,,adult,,,SE,,,,,,2015,primary,1.0,9.154
SAMEA113548078,PRJEB51353,SAMEA113548078,,adult,,,SE,,,,,,2017,primary,1.0,6.265
SAMEA113548079,PRJEB51353,SAMEA113548079,,adult,,,SE,,,,,,2016,primary,1.0,7.847
SAMEA113548080,PRJEB51353,SAMEA113548080,,adult,,,SE,,,,,,2015,primary,1.0,6.429
SAMEA113548081,PRJEB51353,SAMEA113548081,,adult,,,SE,,,,,,2015,primary,1.0,6.257
SAMEA113548082,PRJEB51353,SAMEA113548082,,adult,,,SE,,,,,,2015,primary,1.0,8.082
SAMEA113548083,PRJEB51353,SAMEA113548083,,adult,,,SE,,,,,,2016,primary,1.0,8.971
SAMEA113548084,PRJEB51353,SAMEA113548084,,adult,,,SE,,,,,,2016,primary,1.0,8.614
SAMEA113548085,PRJEB51353,SAMEA113548085,,adult,,,SE,,,,,,2017,primary,1.0,6.485
SAMEA113548086,PRJEB51353,SAMEA113548086,,adult,,,SE,,,,,,2016,primary,1.0,7.453
SAMEA113548087,PRJEB51353,SAMEA113548087,,adult,,,SE,,,,,,2016,primary,1.0,8.784
SAMEA113548088,PRJEB51353,SAMEA113548088,,adult,,,SE,,,,,,2017,primary,1.0,9.011
SAMEA113548089,PRJEB51353,SAMEA113548089,,adult,,,SE,,,,,,2017,primary,1.0,9.945
SAMEA113548090,PRJEB51353,SAMEA113548090,,adult,,,SE,,,,,,2017,primary,1.0,7.401
SAMEA113548091,PRJEB51353,SAMEA113548091,,adult,,,SE,,,,,,2017,primary,1.0,9.146
SAMEA113548092,PRJEB51353,SAMEA113548092,,adult,,,SE,,,,,,2016,primary,1.0,6.55
SAMEA113548093,PRJEB51353,SAMEA113548093,,adult,,,SE,,,,,,2016,primary,1.0,6.615
SAMEA113548094,PRJEB51353,SAMEA113548094,,adult,,,SE,,,,,,2017,primary,1.0,10.506
SAMEA113548095,PRJEB51353,SAMEA113548095,,adult,,,SE,,,,,,2017,primary,1.0,8.303
SAMEA113548096,PRJEB51353,SAMEA113548096,,adult,,,SE,,,,,,2015,primary,1.0,6.326
SAMEA113548097,PRJEB51353,SAMEA113548097,,adult,,,SE,,,,,,2016,primary,1.0,6.547
SAMEA113548098,PRJEB51353,SAMEA113548098,,adult,,,SE,,,,,,2016,primary,1.0,12.09
SAMEA113548099,PRJEB51353,SAMEA113548099,,adult,,,SE,,,,,,2015,primary,1.0,7.531
SAMEA113548100,PRJEB51353,SAMEA113548100,,adult,,,SE,,,,,,2015,primary,1.0,6.455
SAMEA113548101,PRJEB51353,SAMEA113548101,,adult,,,SE,,,,,,2017,primary,1.0,6.907
SAMEA113548102,PRJEB51353,SAMEA113548102,,adult,,,SE,,,,,,2016,primary,1.0,8.416
SAMEA113548103,PRJEB51353,SAMEA113548103,,adult,,,SE,,,,,,2017,primary,1.0,6.157
SAMEA113548104,PRJEB51353,SAMEA113548104,,adult,,,SE,,,,,,2017,primary,1.0,6.294
SAMEA113548105,PRJEB51353,SAMEA113548105,,adult,,,SE,,,,,,2015,primary,1.0,10.958
SAMEA113548106,PRJEB51353,SAMEA113548106,,adult,,,SE,,,,,,2016,primary,1.0,9.431
SAMEA113548107,PRJEB51353,SAMEA113548107,,adult,,,SE,,,,,,2017,primary,1.0,7.654
SAMEA113548108,PRJEB51353,SAMEA113548108,,adult,,,SE,,,,,,2016,primary,1.0,9.285
SAMEA113548109,PRJEB51353,SAMEA113548109,,adult,,,SE,,,,,,2016,primary,1.0,9.291
SAMEA113548110,PRJEB51353,SAMEA113548110,,adult,,,SE,,,,,,2015,primary,1.0,7.005
SAMEA113548111,PRJEB51353,SAMEA113548111,,adult,,,SE,,,,,,2017,primary,1.0,7.33
SAMEA113548112,PRJEB51353,SAMEA113548112,,adult,,,SE,,,,,,2015,primary,1.0,8.161
SAMEA113548113,PRJEB51353,SAMEA113548113,,adult,,,SE,,,,,,2017,primary,1.0,8.841
SAMEA113548114,PRJEB51353,SAMEA113548114,,adult,,,SE,,,,,,2015,primary,1.0,6.501
SAMEA113548115,PRJEB51353,SAMEA113548115,,adult,,,SE,,,,,,2016,primary,1.0,6.88
SAMEA113548116,PRJEB51353,SAMEA113548116,,adult,,,SE,,,,,,2015,primary,1.0,7.013
SAMEA113548117,PRJEB51353,SAMEA113548117,,adult,,,SE,,,,,,2017,primary,1.0,8.563
SAMEA113548118,PRJEB51353,SAMEA113548118,,adult,,,SE,,,,,,2016,primary,1.0,8.192
SAMEA113548119,PRJEB51353,SAMEA113548119,,adult,,,SE,,,,,,2017,primary,1.0,10.1
SAMEA113548120,PRJEB51353,SAMEA113548120,,adult,,,SE,,,,,,2017,primary,1.0,6.559
SAMEA113548121,PRJEB51353,SAMEA113548121,,adult,,,SE,,,,,,2016,primary,1.0,15.457
SAMEA113548122,PRJEB51353,SAMEA113548122,,adult,,,SE,,,,,,2017,primary,1.0,7.945
SAMEA113548123,PRJEB51353,SAMEA113548123,,adult,,,SE,,,,,,2016,primary,1.0,7.946
SAMEA113548124,PRJEB51353,SAMEA113548124,,adult,,,SE,,,,,,2015,primary,1.0,7.312
SAMEA113548125,PRJEB51353,SAMEA113548125,,adult,,,SE,,,,,,2016,primary,1.0,8.963
SAMEA113548126,PRJEB51353,SAMEA113548126,,adult,,,SE,,,,,,2015,primary,1.0,8.286
SAMEA113548127,PRJEB51353,SAMEA113548127,,adult,,,SE,,,,,,2016,primary,1.0,9.673
SAMEA113548128,PRJEB51353,SAMEA113548128,,adult,,,SE,,,,,,2017,primary,1.0,7.155
SAMEA113548129,PRJEB51353,SAMEA113548129,,adult,,,SE,,,,,,2015,primary,1.0,6.839
SAMEA113548130,PRJEB51353,SAMEA113548130,,adult,,,SE,,,,,,2016,primary,1.0,6.384
SAMEA113548131,PRJEB51353,SAMEA113548131,,adult,,,SE,,,,,,2017,primary,1.0,7.107
SAMEA113548132,PRJEB51353,SAMEA113548132,,adult,,,SE,,,,,,2017,primary,1.0,6.853
SAMEA113548133,PRJEB51353,SAMEA113548133,,adult,,,SE,,,,,,2015,primary,1.0,7.526
SAMEA113548134,PRJEB51353,SAMEA113548134,,adult,,,SE,,,,,,2016,primary,1.0,8.697
SAMEA113548135,PRJEB51353,SAMEA113548135,,adult,,,SE,,,,,,2016,primary,1.0,6.559
SAMEA113548136,PRJEB51353,SAMEA113548136,,adult,,,SE,,,,,,2016,primary,1.0,6.973
SAMEA113548137,PRJEB51353,SAMEA113548137,,adult,,,SE,,,,,,2015,primary,1.0,7.932
SAMEA113548138,PRJEB51353,SAMEA113548138,,adult,,,SE,,,,,,2016,primary,1.0,6.864
SAMEA113548139,PRJEB51353,SAMEA113548139,,adult,,,SE,,,,,,2017,primary,1.0,9.316
SAMEA113548140,PRJEB51353,SAMEA113548140,,adult,,,SE,,,,,,2018,primary,1.0,7.695
SAMEA113548141,PRJEB51353,SAMEA113548141,,adult,,,SE,,,,,,2016,primary,1.0,8.715
SAMEA113548142,PRJEB51353,SAMEA113548142,,adult,,,SE,,,,,,2018,primary,1.0,6.16
SAMEA113548143,PRJEB51353,SAMEA113548143,,adult,,,SE,,,,,,2017,primary,1.0,7.106
SAMEA113548144,PRJEB51353,SAMEA113548144,,adult,,,SE,,,,,,2017,primary,1.0,7.902
SAMEA113548145,PRJEB51353,SAMEA113548145,,adult,,,SE,,,,,,2016,primary,1.0,6.092
SAMEA113548146,PRJEB51353,SAMEA113548146,,adult,,,SE,,,,,,2017,primary,1.0,8.671
SAMEA113548147,PRJEB51353,SAMEA113548147,,adult,,,SE,,,,,,2016,primary,1.0,6.7
SAMEA113548148,PRJEB51353,SAMEA113548148,,adult,,,SE,,,,,,2017,primary,1.0,6.531
SAMEA113548149,PRJEB51353,SAMEA113548149,,adult,,,SE,,,,,,2016,primary,1.0,9.02
SAMEA113548150,PRJEB51353,SAMEA113548150,,adult,,,SE,,,,,,2016,primary,1.0,6.781
SAMEA113548151,PRJEB51353,SAMEA113548151,,adult,,,SE,,,,,,2016,primary,1.0,6.506
SAMEA113548152,PRJEB51353,SAMEA113548152,,adult,,,SE,,,,,,2015,primary,1.0,7.082
SAMEA113548153,PRJEB51353,SAMEA113548153,,adult,,,SE,,,,,,2017,primary,1.0,7.109
SAMEA113548154,PRJEB51353,SAMEA113548154,,adult,,,SE,,,,,,2015,primary,1.0,7.819
SAMEA113548155,PRJEB51353,SAMEA113548155,,adult,,,SE,,,,,,2016,primary,1.0,6.882
SAMEA113548156,PRJEB51353,SAMEA113548156,,adult,,,SE,,,,,,2016,primary,1.0,10.318
SAMEA113548157,PRJEB51353,SAMEA113548157,,adult,,,SE,,,,,,2017,primary,1.0,7.302
SAMEA113548158,PRJEB51353,SAMEA113548158,,adult,,,SE,,,,,,2016,primary,1.0,8.381
SAMEA113548159,PRJEB51353,SAMEA113548159,,adult,,,SE,,,,,,2016,primary,1.0,7.971
SAMEA113548160,PRJEB51353,SAMEA113548160,,adult,,,SE,,,,,,2015,primary,1.0,6.657
SAMEA113548161,PRJEB51353,SAMEA113548161,,adult,,,SE,,,,,,2016,primary,1.0,6.815
SAMEA113548162,PRJEB51353,SAMEA113548162,,adult,,,SE,,,,,,2017,primary,1.0,10.45
SAMEA113548163,PRJEB51353,SAMEA113548163,,adult,,,SE,,,,,,2015,primary,1.0,6.183
SAMEA113548164,PRJEB51353,SAMEA113548164,,adult,,,SE,,,,,,2016,primary,1.0,6.552
SAMEA113548165,PRJEB51353,SAMEA113548165,,adult,,,SE,,,,,,2016,primary,1.0,9.207
SAMEA113548166,PRJEB51353,SAMEA113548166,,adult,,,SE,,,,,,2016,primary,1.0,9.366
SAMEA113548167,PRJEB51353,SAMEA113548167,,adult,,,SE,,,,,,2017,primary,1.0,7.147
SAMEA113548168,PRJEB51353,SAMEA113548168,,adult,,,SE,,,,,,2015,primary,1.0,7.454
SAMEA113548169,PRJEB51353,SAMEA113548169,,adult,,,SE,,,,,,2015,primary,1.0,7.65
SAMEA113548170,PRJEB51353,SAMEA113548170,,adult,,,SE,,,,,,2015,primary,1.0,7.885
SAMEA113548171,PRJEB51353,SAMEA113548171,,adult,,,SE,,,,,,2015,primary,1.0,8.183
SAMEA113548172,PRJEB51353,SAMEA113548172,,adult,,,SE,,,,,,2017,primary,1.0,6.959
SAMEA113548173,PRJEB51353,SAMEA113548173,,adult,,,SE,,,,,,2017,primary,1.0,7.931
SAMEA113548174,PRJEB51353,SAMEA113548174,,adult,,,SE,,,,,,2016,primary,1.0,6.891
SAMEA113548175,PRJEB51353,SAMEA113548175,,adult,,,SE,,,,,,2015,primary,1.0,8.193
SAMEA113548176,PRJEB51353,SAMEA113548176,,adult,,,SE,,,,,,2015,primary,1.0,7.972
SAMEA113548177,PRJEB51353,SAMEA113548177,,adult,,,SE,,,,,,2017,primary,1.0,8.207
SAMEA113548178,PRJEB51353,SAMEA113548178,,adult,,,SE,,,,,,2016,primary,1.0,9.549
SAMEA113548179,PRJEB51353,SAMEA113548179,,adult,,,SE,,,,,,2016,primary,1.0,6.855
SAMEA113548180,PRJEB51353,SAMEA113548180,,adult,,,SE,,,,,,2017,primary,1.0,7.956
SAMEA113548181,PRJEB51353,SAMEA113548181,,adult,,,SE,,,,,,2017,primary,1.0,6.338
SAMEA113548182,PRJEB51353,SAMEA113548182,,adult,,,SE,,,,,,2017,primary,1.0,6.923
SAMEA113548183,PRJEB51353,SAMEA113548183,,adult,,,SE,,,,,,2017,primary,1.0,6.497
SAMEA113548184,PRJEB51353,SAMEA113548184,,adult,,,SE,,,,,,2015,primary,1.0,7.634
SAMEA113548185,PRJEB51353,SAMEA113548185,,adult,,,SE,,,,,,2017,primary,1.0,7.393
SAMEA113548186,PRJEB51353,SAMEA113548186,,adult,,,SE,,,,,,2015,primary,1.0,7.618
SAMEA113548187,PRJEB51353,SAMEA113548187,,adult,,,SE,,,,,,2016,primary,1.0,6.711
SAMEA113548188,PRJEB51353,SAMEA113548188,,adult,,,SE,,,,,,2018,primary,1.0,8.093
SAMEA113548189,PRJEB51353,SAMEA113548189,,adult,,,SE,,,,,,2018,primary,1.0,9.589
SAMEA113548190,PRJEB51353,SAMEA113548190,,adult,,,SE,,,,,,2016,primary,1.0,7.487
SAMEA113548191,PRJEB51353,SAMEA113548191,,adult,,,SE,,,,,,2018,primary,1.0,7.265
SAMEA113548192,PRJEB51353,SAMEA113548192,,adult,,,SE,,,,,,2015,primary,1.0,6.669
SAMEA113548193,PRJEB51353,SAMEA113548193,,adult,,,SE,,,,,,2018,primary,1.0,8.907
SAMEA113548194,PRJEB51353,SAMEA113548194,,adult,,,SE,,,,,,2016,primary,1.0,7.742
SAMEA113548195,PRJEB51353,SAMEA113548195,,adult,,,SE,,,,,,2016,primary,1.0,6.963
SAMEA113548196,PRJEB51353,SAMEA113548196,,adult,,,SE,,,,,,2015,primary,1.0,6.748
SAMEA113548197,PRJEB51353,SAMEA113548197,,adult,,,SE,,,,,,2016,primary,1.0,7.083
SAMEA113548198,PRJEB51353,SAMEA113548198,,adult,,,SE,,,,,,2015,primary,1.0,8.101
SAMEA113548199,PRJEB51353,SAMEA113548199,,adult,,,SE,,,,,,2017,primary,1.0,7.376
SAMEA113548200,PRJEB51353,SAMEA113548200,,adult,,,SE,,,,,,2017,primary,1.0,7.652
SAMEA113548201,PRJEB51353,SAMEA113548201,,adult,,,SE,,,,,,2015,primary,1.0,6.985
SAMEA113548202,PRJEB51353,SAMEA113548202,,adult,,,SE,,,,,,2016,primary,1.0,10.003
SAMEA113548203,PRJEB51353,SAMEA113548203,,adult,,,SE,,,,,,2016,primary,1.0,7.338
SAMEA113548204,PRJEB51353,SAMEA113548204,,adult,,,SE,,,,,,2015,primary,1.0,7.757
SAMEA113548205,PRJEB51353,SAMEA113548205,,adult,,,SE,,,,,,2018,primary,1.0,7.564
SAMEA113548206,PRJEB51353,SAMEA113548206,,adult,,,SE,,,,,,2015,primary,1.0,7.936
SAMEA113548207,PRJEB51353,SAMEA113548207,,adult,,,SE,,,,,,2018,primary,1.0,7.471
SAMEA113548208,PRJEB51353,SAMEA113548208,,adult,,,SE,,,,,,2016,primary,1.0,5.955
SAMEA113548209,PRJEB51353,SAMEA113548209,,adult,,,SE,,,,,,2016,primary,1.0,7.833
SAMEA113548210,PRJEB51353,SAMEA113548210,,adult,,,SE,,,,,,2017,primary,1.0,7.369
SAMEA113548211,PRJEB51353,SAMEA113548211,,adult,,,SE,,,,,,2015,primary,1.0,7.625
SAMEA113548212,PRJEB51353,SAMEA113548212,,adult,,,SE,,,,,,2016,primary,1.0,8.004
SAMEA113548213,PRJEB51353,SAMEA113548213,,adult,,,SE,,,,,,2017,primary,1.0,7.976
SAMEA113548214,PRJEB51353,SAMEA113548214,,adult,,,SE,,,,,,2017,primary,1.0,7.391
SAMEA113548215,PRJEB51353,SAMEA113548215,,adult,,,SE,,,,,,2017,primary,1.0,8.165
SAMEA113548216,PRJEB51353,SAMEA113548216,,adult,,,SE,,,,,,2015,primary,1.0,6.372
SAMEA113548217,PRJEB51353,SAMEA113548217,,adult,,,SE,,,,,,2016,primary,1.0,9.648
SAMEA113548218,PRJEB51353,SAMEA113548218,,adult,,,SE,,,,,,2016,primary,1.0,6.749
SAMEA113548219,PRJEB51353,SAMEA113548219,,adult,,,SE,,,,,,2016,primary,1.0,8.53
SAMEA113548220,PRJEB51353,SAMEA113548220,,adult,,,SE,,,,,,2015,primary,1.0,8.696
SAMEA113548221,PRJEB51353,SAMEA113548221,,adult,,,SE,,,,,,2016,primary,1.0,6.366
SAMEA113548222,PRJEB51353,SAMEA113548222,,adult,,,SE,,,,,,2015,primary,1.0,8.374
SAMEA113548223,PRJEB51353,SAMEA113548223,,adult,,,SE,,,,,,2018,primary,1.0,9.022
SAMEA113548224,PRJEB51353,SAMEA113548224,,adult,,,SE,,,,,,2017,primary,1.0,9.502
SAMEA113548225,PRJEB51353,SAMEA113548225,,adult,,,SE,,,,,,2015,primary,1.0,6.428
SAMEA113548226,PRJEB51353,SAMEA113548226,,adult,,,SE,,,,,,2015,primary,1.0,7.518
SAMEA113548227,PRJEB51353,SAMEA113548227,,adult,,,SE,,,,,,2017,primary,1.0,7.18
SAMEA113548228,PRJEB51353,SAMEA113548228,,adult,,,SE,,,,,,2016,primary,1.0,7.915
SAMEA113548229,PRJEB51353,SAMEA113548229,,adult,,,SE,,,,,,2016,primary,1.0,9.29
SAMEA113548230,PRJEB51353,SAMEA113548230,,adult,,,SE,,,,,,2018,primary,1.0,7.902
SAMEA113548231,PRJEB51353,SAMEA113548231,,adult,,,SE,,,,,,2015,primary,1.0,8.366
SAMEA113548232,PRJEB51353,SAMEA113548232,,adult,,,SE,,,,,,2015,primary,1.0,10.003
SAMEA113548233,PRJEB51353,SAMEA113548233,,adult,,,SE,,,,,,2016,primary,1.0,7.136
SAMEA113548234,PRJEB51353,SAMEA113548234,,adult,,,SE,,,,,,2017,primary,1.0,8.206
SAMEA113548235,PRJEB51353,SAMEA113548235,,adult,,,SE,,,,,,2017,primary,1.0,6.006
SAMEA113548236,PRJEB51353,SAMEA113548236,,adult,,,SE,,,,,,2017,primary,1.0,8.214
SAMEA113548237,PRJEB51353,SAMEA113548237,,adult,,,SE,,,,,,2016,primary,1.0,9.978
SAMEA113548238,PRJEB51353,SAMEA113548238,,adult,,,SE,,,,,,2018,primary,1.0,8.436
SAMEA113548239,PRJEB51353,SAMEA113548239,,adult,,,SE,,,,,,2016,primary,1.0,7.3
SAMEA113548240,PRJEB51353,SAMEA113548240,,adult,,,SE,,,,,,2015,primary,1.0,6.582
SAMEA113548241,PRJEB51353,SAMEA113548241,,adult,,,SE,,,,,,2016,primary,1.0,7.421
SAMEA113548242,PRJEB51353,SAMEA113548242,,adult,,,SE,,,,,,2015,primary,1.0,9.643
SAMEA113548243,PRJEB51353,SAMEA113548243,,adult,,,SE,,,,,,2017,primary,1.0,8.439
SAMEA113548244,PRJEB51353,SAMEA113548244,,adult,,,SE,,,,,,2018,primary,1.0,7.107
SAMEA113548245,PRJEB51353,SAMEA113548245,,adult,,,SE,,,,,,2015,primary,1.0,6.719
SAMEA113548246,PRJEB51353,SAMEA113548246,,adult,,,SE,,,,,,2015,primary,1.0,7.176
SAMEA113548247,PRJEB51353,SAMEA113548247,,adult,,,SE,,,,,,2016,primary,1.0,7.474
SAMEA113548248,PRJEB51353,SAMEA113548248,,adult,,,SE,,,,,,2016,primary,1.0,6.433
SAMEA113548249,PRJEB51353,SAMEA113548249,,adult,,,SE,,,,,,2016,primary,1.0,8.276
SAMEA113548250,PRJEB51353,SAMEA113548250,,adult,,,SE,,,,,,2017,primary,1.0,8.031
SAMEA113548251,PRJEB51353,SAMEA113548251,,adult,,,SE,,,,,,2015,primary,1.0,6.761
SAMEA113548252,PRJEB51353,SAMEA113548252,,adult,,,SE,,,,,,2015,primary,1.0,6.968
SAMEA113548253,PRJEB51353,SAMEA113548253,,adult,,,SE,,,,,,2017,primary,1.0,6.952
SAMEA113548254,PRJEB51353,SAMEA113548254,,adult,,,SE,,,,,,2017,primary,1.0,8.212
SAMEA113548255,PRJEB51353,SAMEA113548255,,adult,,,SE,,,,,,2017,primary,1.0,8.257
SAMEA113548256,PRJEB51353,SAMEA113548256,,adult,,,SE,,,,,,2017,primary,1.0,6.907
SAMEA113548257,PRJEB51353,SAMEA113548257,,adult,,,SE,,,,,,2016,primary,1.0,7.636
SAMEA113548258,PRJEB51353,SAMEA113548258,,adult,,,SE,,,,,,2015,primary,1.0,6.228
SAMEA113548259,PRJEB51353,SAMEA113548259,,adult,,,SE,,,,,,2015,primary,1.0,7.536
SAMEA113548260,PRJEB51353,SAMEA113548260,,adult,,,SE,,,,,,2017,primary,1.0,9.46
SAMEA113548261,PRJEB51353,SAMEA113548261,,adult,,,SE,,,,,,2017,primary,1.0,7.903
SAMEA113548262,PRJEB51353,SAMEA113548262,,adult,,,SE,,,,,,2015,primary,1.0,6.517
SAMEA113548263,PRJEB51353,SAMEA113548263,,adult,,,SE,,,,,,2016,primary,1.0,7.302
SAMEA113548264,PRJEB51353,SAMEA113548264,,adult,,,SE,,,,,,2016,primary,1.0,6.455
SAMEA113548265,PRJEB51353,SAMEA113548265,,adult,,,SE,,,,,,2017,primary,1.0,7.542
SAMEA113548266,PRJEB51353,SAMEA113548266,,adult,,,SE,,,,,,2015,primary,1.0,7.765
SAMEA113548267,PRJEB51353,SAMEA113548267,,adult,,,SE,,,,,,2017,primary,1.0,6.451
SAMEA113548268,PRJEB51353,SAMEA113548268,,adult,,,SE,,,,,,2018,primary,1.0,7.329
SAMEA113548269,PRJEB51353,SAMEA113548269,,adult,,,SE,,,,,,2018,primary,1.0,6.663
SAMEA113548270,PRJEB51353,SAMEA113548270,,adult,,,SE,,,,,,2016,primary,1.0,5.96
SAMEA113548271,PRJEB51353,SAMEA113548271,,adult,,,SE,,,,,,2015,primary,1.0,7.624
SAMEA113548272,PRJEB51353,SAMEA113548272,,adult,,,SE,,,,,,2016,primary,1.0,6.288
SAMEA113548273,PRJEB51353,SAMEA113548273,,adult,,,SE,,,,,,2017,primary,1.0,8.703
SAMEA113548274,PRJEB51353,SAMEA113548274,,adult,,,SE,,,,,,2016,primary,1.0,7.532
SAMEA113548275,PRJEB51353,SAMEA113548275,,adult,,,SE,,,,,,2015,primary,1.0,8.564
SAMEA113548276,PRJEB51353,SAMEA113548276,,adult,,,SE,,,,,,2017,primary,1.0,10.553
SAMEA113548277,PRJEB51353,SAMEA113548277,,adult,,,SE,,,,,,2016,primary,1.0,8.596
SAMEA113548278,PRJEB51353,SAMEA113548278,,adult,,,SE,,,,,,2015,primary,1.0,7.023
SAMEA113548279,PRJEB51353,SAMEA113548279,,adult,,,SE,,,,,,2016,primary,1.0,8.93
SAMEA113548280,PRJEB51353,SAMEA113548280,,adult,,,SE,,,,,,2016,primary,1.0,6.95
SAMEA113548281,PRJEB51353,SAMEA113548281,,adult,,,SE,,,,,,2018,primary,1.0,7.543
SAMEA113548282,PRJEB51353,SAMEA113548282,,adult,,,SE,,,,,,2016,primary,1.0,9.193
SAMEA113548283,PRJEB51353,SAMEA113548283,,adult,,,SE,,,,,,2017,primary,1.0,8.952
SAMEA113548284,PRJEB51353,SAMEA113548284,,adult,,,SE,,,,,,2016,primary,1.0,7.357
SAMEA113548285,PRJEB51353,SAMEA113548285,,adult,,,SE,,,,,,2016,primary,1.0,8.469
SAMEA113548286,PRJEB51353,SAMEA113548286,,adult,,,SE,,,,,,2015,primary,1.0,6.667
SAMEA113548287,PRJEB51353,SAMEA113548287,,adult,,,SE,,,,,,2017,primary,1.0,7.446
SAMEA113548288,PRJEB51353,SAMEA113548288,,adult,,,SE,,,,,,2015,primary,1.0,7.644
SAMEA113548289,PRJEB51353,SAMEA113548289,,adult,,,SE,,,,,,2016,primary,1.0,7.614
SAMEA113548290,PRJEB51353,SAMEA113548290,,adult,,,SE,,,,,,2017,primary,1.0,9.892
SAMEA113548291,PRJEB51353,SAMEA113548291,,adult,,,SE,,,,,,2017,primary,1.0,8.497
SAMEA113548292,PRJEB51353,SAMEA113548292,,adult,,,SE,,,,,,2017,primary,1.0,7.645
SAMEA113548293,PRJEB51353,SAMEA113548293,,adult,,,SE,,,,,,2018,primary,1.0,8.815
SAMEA113548294,PRJEB51353,SAMEA113548294,,adult,,,SE,,,,,,2015,primary,1.0,9.12
SAMEA113548295,PRJEB51353,SAMEA113548295,,adult,,,SE,,,,,,2016,primary,1.0,6.717
SAMEA113548296,PRJEB51353,SAMEA113548296,,adult,,,SE,,,,,,2015,primary,1.0,7.63
SAMEA113548297,PRJEB51353,SAMEA113548297,,adult,,,SE,,,,,,2015,primary,1.0,7.34
SAMEA113548298,PRJEB51353,SAMEA113548298,,adult,,,SE,,,,,,2016,primary,1.0,7.587
SAMEA113548299,PRJEB51353,SAMEA113548299,,adult,,,SE,,,,,,2017,primary,1.0,8.147
SAMEA113548300,PRJEB51353,SAMEA113548300,,adult,,,SE,,,,,,2017,primary,1.0,6.423
SAMEA113548301,PRJEB51353,SAMEA113548301,,adult,,,SE,,,,,,2015,primary,1.0,9.4
SAMEA113548302,PRJEB51353,SAMEA113548302,,adult,,,SE,,,,,,2015,primary,1.0,6.893
SAMEA113548303,PRJEB51353,SAMEA113548303,,adult,,,SE,,,,,,2016,primary,1.0,9.08
SAMEA113548304,PRJEB51353,SAMEA113548304,,adult,,,SE,,,,,,2016,primary,1.0,7.987
SAMEA113548305,PRJEB51353,SAMEA113548305,,adult,,,SE,,,,,,2016,primary,1.0,8.758
SAMEA113548306,PRJEB51353,SAMEA113548306,,adult,,,SE,,,,,,2015,primary,1.0,8.345
SAMEA113548307,PRJEB51353,SAMEA113548307,,adult,,,SE,,,,,,2017,primary,1.0,6.982
SAMEA113548308,PRJEB51353,SAMEA113548308,,adult,,,SE,,,,,,2015,primary,1.0,7.85
SAMEA113548309,PRJEB51353,SAMEA113548309,,adult,,,SE,,,,,,2018,primary,1.0,9.36
SAMEA113548310,PRJEB51353,SAMEA113548310,,adult,,,SE,,,,,,2015,primary,1.0,7.359
SAMEA113548311,PRJEB51353,SAMEA113548311,,adult,,,SE,,,,,,2015,primary,1.0,10.822
SAMEA113548312,PRJEB51353,SAMEA113548312,,adult,,,SE,,,,,,2016,primary,1.0,6.769
SAMEA113548313,PRJEB51353,SAMEA113548313,,adult,,,SE,,,,,,2016,primary,1.0,7.123
SAMEA113548314,PRJEB51353,SAMEA113548314,,adult,,,SE,,,,,,2015,primary,1.0,6.566
SAMEA113548315,PRJEB51353,SAMEA113548315,,adult,,,SE,,,,,,2017,primary,1.0,9.277
SAMEA113548316,PRJEB51353,SAMEA113548316,,adult,,,SE,,,,,,2015,primary,1.0,6.412
SAMEA113548317,PRJEB51353,SAMEA113548317,,adult,,,SE,,,,,,2017,primary,1.0,8.089
SAMEA113548318,PRJEB51353,SAMEA113548318,,adult,,,SE,,,,,,2016,primary,1.0,9.179
SAMEA113548319,PRJEB51353,SAMEA113548319,,adult,,,SE,,,,,,2016,primary,1.0,7.754
SAMEA113548320,PRJEB51353,SAMEA113548320,,adult,,,SE,,,,,,2015,primary,1.0,7.397
SAMEA113548321,PRJEB51353,SAMEA113548321,,adult,,,SE,,,,,,2016,primary,1.0,10.483
SAMEA113548322,PRJEB51353,SAMEA113548322,,adult,,,SE,,,,,,2015,primary,1.0,7.148
SAMEA113548323,PRJEB51353,SAMEA113548323,,adult,,,SE,,,,,,2017,primary,1.0,8.847
SAMEA113548324,PRJEB51353,SAMEA113548324,,adult,,,SE,,,,,,2016,primary,1.0,7.322
SAMEA113548325,PRJEB51353,SAMEA113548325,,adult,,,SE,,,,,,2015,primary,1.0,7.066
SAMEA113548326,PRJEB51353,SAMEA113548326,,adult,,,SE,,,,,,2017,primary,1.0,8.306
SAMEA113548327,PRJEB51353,SAMEA113548327,,adult,,,SE,,,,,,2016,primary,1.0,7.409
SAMEA113548328,PRJEB51353,SAMEA113548328,,adult,,,SE,,,,,,2015,primary,1.0,7.549
SAMEA113548329,PRJEB51353,SAMEA113548329,,adult,,,SE,,,,,,2017,primary,1.0,6.58
SAMEA113548330,PRJEB51353,SAMEA113548330,,adult,,,SE,,,,,,2017,primary,1.0,9.255
SAMEA113548331,PRJEB51353,SAMEA113548331,,adult,,,SE,,,,,,2015,primary,1.0,8.02
SAMEA113548332,PRJEB51353,SAMEA113548332,,adult,,,SE,,,,,,2017,primary,1.0,7.627
SAMEA113548333,PRJEB51353,SAMEA113548333,,adult,,,SE,,,,,,2017,primary,1.0,8.16
SAMEA113548334,PRJEB51353,SAMEA113548334,,adult,,,SE,,,,,,2017,primary,1.0,8.335
SAMEA113548335,PRJEB51353,SAMEA113548335,,adult,,,SE,,,,,,2015,primary,1.0,6.166
SAMEA113548336,PRJEB51353,SAMEA113548336,,adult,,,SE,,,,,,2017,primary,1.0,8.489
SAMEA113548337,PRJEB51353,SAMEA113548337,,adult,,,SE,,,,,,2015,primary,1.0,9.006
SAMEA113548338,PRJEB51353,SAMEA113548338,,adult,,,SE,,,,,,2015,primary,1.0,7.611
SAMEA113548339,PRJEB51353,SAMEA113548339,,adult,,,SE,,,,,,2016,primary,1.0,9.506
SAMEA113548340,PRJEB51353,SAMEA113548340,,adult,,,SE,,,,,,2015,primary,1.0,9.266
SAMEA113548341,PRJEB51353,SAMEA113548341,,adult,,,SE,,,,,,2016,primary,1.0,7.905
SAMEA113548342,PRJEB51353,SAMEA113548342,,adult,,,SE,,,,,,2015,primary,1.0,8.097
SAMEA113548343,PRJEB51353,SAMEA113548343,,adult,,,SE,,,,,,2015,primary,1.0,7.473
SAMEA113548344,PRJEB51353,SAMEA113548344,,adult,,,SE,,,,,,2017,primary,1.0,9.745
SAMEA113548345,PRJEB51353,SAMEA113548345,,adult,,,SE,,,,,,2017,primary,1.0,8.517
SAMEA113548346,PRJEB51353,SAMEA113548346,,adult,,,SE,,,,,,2015,primary,1.0,7.356
SAMEA113548347,PRJEB51353,SAMEA113548347,,adult,,,SE,,,,,,2017,primary,1.0,7.034
SAMEA113548348,PRJEB51353,SAMEA113548348,,adult,,,SE,,,,,,2018,primary,1.0,6.964
SAMEA113548349,PRJEB51353,SAMEA113548349,,adult,,,SE,,,,,,2017,primary,1.0,8.136
SAMEA113548350,PRJEB51353,SAMEA113548350,,adult,,,SE,,,,,,2016,primary,1.0,8.435
SAMEA113548351,PRJEB51353,SAMEA113548351,,adult,,,SE,,,,,,2016,primary,1.0,7.103
SAMEA113548352,PRJEB51353,SAMEA113548352,,adult,,,SE,,,,,,2017,primary,1.0,7.417
SAMEA113548353,PRJEB51353,SAMEA113548353,,adult,,,SE,,,,,,2017,primary,1.0,6.718
SAMEA113548354,PRJEB51353,SAMEA113548354,,adult,,,SE,,,,,,2015,primary,1.0,7.348
SAMEA113548355,PRJEB51353,SAMEA113548355,,adult,,,SE,,,,,,2016,primary,1.0,8.916
SAMEA113548356,PRJEB51353,SAMEA113548356,,adult,,,SE,,,,,,2015,primary,1.0,11.096
SAMEA113548357,PRJEB51353,SAMEA113548357,,adult,,,SE,,,,,,2015,primary,1.0,12.003
SAMEA113548358,PRJEB51353,SAMEA113548358,,adult,,,SE,,,,,,2017,primary,1.0,8.934
SAMEA113548359,PRJEB51353,SAMEA113548359,,adult,,,SE,,,,,,2015,primary,1.0,6.189
SAMEA113548360,PRJEB51353,SAMEA113548360,,adult,,,SE,,,,,,2016,primary,1.0,6.852
SAMEA113548361,PRJEB51353,SAMEA113548361,,adult,,,SE,,,,,,2017,primary,1.0,6.515
SAMEA113548362,PRJEB51353,SAMEA113548362,,adult,,,SE,,,,,,2015,primary,1.0,8.465
SAMEA113548363,PRJEB51353,SAMEA113548363,,adult,,,SE,,,,,,2015,primary,1.0,7.245
SAMEA113548364,PRJEB51353,SAMEA113548364,,adult,,,SE,,,,,,2017,primary,1.0,9.484
SAMEA113548365,PRJEB51353,SAMEA113548365,,adult,,,SE,,,,,,2017,primary,1.0,7.694
SAMEA113548366,PRJEB51353,SAMEA113548366,,adult,,,SE,,,,,,2015,primary,1.0,6.855
SAMEA113548367,PRJEB51353,SAMEA113548367,,adult,,,SE,,,,,,2015,primary,1.0,7.661
SAMEA113548368,PRJEB51353,SAMEA113548368,,adult,,,SE,,,,,,2017,primary,1.0,7.347
SAMEA113548369,PRJEB51353,SAMEA113548369,,adult,,,SE,,,,,,2017,primary,1.0,7.364
SAMEA113548370,PRJEB51353,SAMEA113548370,,adult,,,SE,,,,,,2015,primary,1.0,9.121
SAMEA113548371,PRJEB51353,SAMEA113548371,,adult,,,SE,,,,,,2017,primary,1.0,6.108
SAMEA113548372,PRJEB51353,SAMEA113548372,,adult,,,SE,,,,,,2016,primary,1.0,11.351
SAMEA113548373,PRJEB51353,SAMEA113548373,,adult,,,SE,,,,,,2015,primary,1.0,7.092
SAMEA113548374,PRJEB51353,SAMEA113548374,,adult,,,SE,,,,,,2017,primary,1.0,5.3
SAMEA113548375,PRJEB51353,SAMEA113548375,,adult,,,SE,,,,,,2015,primary,1.0,6.061
SAMEA113548376,PRJEB51353,SAMEA113548376,,adult,,,SE,,,,,,2017,primary,1.0,6.776
SAMEA113548377,PRJEB51353,SAMEA113548377,,adult,,,SE,,,,,,2016,primary,1.0,9.448
SAMEA113548378,PRJEB51353,SAMEA113548378,,adult,,,SE,,,,,,2017,primary,1.0,9.944
SAMEA113548379,PRJEB51353,SAMEA113548379,,adult,,,SE,,,,,,2015,primary,1.0,8.125
SAMEA113548380,PRJEB51353,SAMEA113548380,,adult,,,SE,,,,,,2016,primary,1.0,6.498
SAMEA113548381,PRJEB51353,SAMEA113548381,,adult,,,SE,,,,,,2017,primary,1.0,7.126
SAMEA113548382,PRJEB51353,SAMEA113548382,,adult,,,SE,,,,,,2018,primary,1.0,7.904
SAMEA113548383,PRJEB51353,SAMEA113548383,,adult,,,SE,,,,,,2016,primary,1.0,7.16
SAMEA113548384,PRJEB51353,SAMEA113548384,,adult,,,SE,,,,,,2015,primary,1.0,8.631
SAMEA113548385,PRJEB51353,SAMEA113548385,,adult,,,SE,,,,,,2016,primary,1.0,9.104
SAMEA113548386,PRJEB51353,SAMEA113548386,,adult,,,SE,,,,,,2016,primary,1.0,6.785
SAMEA113548387,PRJEB51353,SAMEA113548387,,adult,,,SE,,,,,,2015,primary,1.0,9.0
SAMEA113548388,PRJEB51353,SAMEA113548388,,adult,,,SE,,,,,,2016,primary,1.0,6.539
SAMEA113548389,PRJEB51353,SAMEA113548389,,adult,,,SE,,,,,,2016,primary,1.0,7.142
SAMEA113548390,PRJEB51353,SAMEA113548390,,adult,,,SE,,,,,,2017,primary,1.0,6.775
SAMEA113548391,PRJEB51353,SAMEA113548391,,adult,,,SE,,,,,,2017,primary,1.0,6.452
SAMEA113548392,PRJEB51353,SAMEA113548392,,adult,,,SE,,,,,,2015,primary,1.0,6.743
SAMEA113548393,PRJEB51353,SAMEA113548393,,adult,,,SE,,,,,,2016,primary,1.0,7.598
SAMEA113548394,PRJEB51353,SAMEA113548394,,adult,,,SE,,,,,,2015,primary,1.0,7.559
SAMEA113548395,PRJEB51353,SAMEA113548395,,adult,,,SE,,,,,,2015,primary,1.0,5.962
SAMEA113548396,PRJEB51353,SAMEA113548396,,adult,,,SE,,,,,,2016,primary,1.0,6.596
SAMEA113548397,PRJEB51353,SAMEA113548397,,adult,,,SE,,,,,,2017,primary,1.0,9.345
SAMEA113548398,PRJEB51353,SAMEA113548398,,adult,,,SE,,,,,,2016,primary,1.0,5.957
SAMEA113548399,PRJEB51353,SAMEA113548399,,adult,,,SE,,,,,,2015,primary,1.0,8.249
SAMEA113548400,PRJEB51353,SAMEA113548400,,adult,,,SE,,,,,,2015,primary,1.0,7.285
SAMEA113548401,PRJEB51353,SAMEA113548401,,adult,,,SE,,,,,,2018,primary,1.0,7.425
SAMEA113548402,PRJEB51353,SAMEA113548402,,adult,,,SE,,,,,,2017,primary,1.0,8.081
SAMEA113548403,PRJEB51353,SAMEA113548403,,adult,,,SE,,,,,,2016,primary,1.0,9.739
SAMEA113548404,PRJEB51353,SAMEA113548404,,adult,,,SE,,,,,,2016,primary,1.0,10.564
SAMEA113548405,PRJEB51353,SAMEA113548405,,adult,,,SE,,,,,,2017,primary,1.0,7.351
SAMEA113548406,PRJEB51353,SAMEA113548406,,adult,,,SE,,,,,,2017,primary,1.0,9.008
SAMEA113548407,PRJEB51353,SAMEA113548407,,adult,,,SE,,,,,,2017,primary,1.0,8.953
SAMEA113548408,PRJEB51353,SAMEA113548408,,adult,,,SE,,,,,,2018,primary,1.0,7.376
SAMEA113548409,PRJEB51353,SAMEA113548409,,adult,,,SE,,,,,,2016,primary,1.0,6.344
SAMEA113548410,PRJEB51353,SAMEA113548410,,adult,,,SE,,,,,,2016,primary,1.0,6.317
SAMEA113548411,PRJEB51353,SAMEA113548411,,adult,,,SE,,,,,,2016,primary,1.0,6.885
SAMEA113548412,PRJEB51353,SAMEA113548412,,adult,,,SE,,,,,,2016,primary,1.0,6.008
SAMEA113548413,PRJEB51353,SAMEA113548413,,adult,,,SE,,,,,,2016,primary,1.0,6.889
SAMEA113548414,PRJEB51353,SAMEA113548414,,adult,,,SE,,,,,,2018,primary,1.0,7.104
SAMEA113548415,PRJEB51353,SAMEA113548415,,adult,,,SE,,,,,,2015,primary,1.0,7.237
SAMEA113548416,PRJEB51353,SAMEA113548416,,adult,,,SE,,,,,,2015,primary,1.0,6.318
SAMEA113548417,PRJEB51353,SAMEA113548417,,adult,,,SE,,,,,,2016,primary,1.0,7.018
SAMEA113548418,PRJEB51353,SAMEA113548418,,adult,,,SE,,,,,,2017,primary,1.0,6.919
SAMEA113548419,PRJEB51353,SAMEA113548419,,adult,,,SE,,,,,,2016,primary,1.0,6.179
SAMEA113548420,PRJEB51353,SAMEA113548420,,adult,,,SE,,,,,,2015,primary,1.0,8.348
SAMEA113548421,PRJEB51353,SAMEA113548421,,adult,,,SE,,,,,,2016,primary,1.0,9.468
SAMEA113548422,PRJEB51353,SAMEA113548422,,adult,,,SE,,,,,,2017,primary,1.0,7.942
SAMEA113548423,PRJEB51353,SAMEA113548423,,adult,,,SE,,,,,,2016,primary,1.0,6.629
SAMEA113548424,PRJEB51353,SAMEA113548424,,adult,,,SE,,,,,,2017,primary,1.0,7.655
SAMEA113548425,PRJEB51353,SAMEA113548425,,adult,,,SE,,,,,,2015,primary,1.0,10.506
SAMEA113548426,PRJEB51353,SAMEA113548426,,adult,,,SE,,,,,,2015,primary,1.0,6.898
SAMEA113548427,PRJEB51353,SAMEA113548427,,adult,,,SE,,,,,,2015,primary,1.0,6.623
SAMEA113548428,PRJEB51353,SAMEA113548428,,adult,,,SE,,,,,,2017,primary,1.0,8.241
SAMEA113548429,PRJEB51353,SAMEA113548429,,adult,,,SE,,,,,,2015,primary,1.0,8.923
SAMEA113548430,PRJEB51353,SAMEA113548430,,adult,,,SE,,,,,,2016,primary,1.0,6.844
SAMEA113548431,PRJEB51353,SAMEA113548431,,adult,,,SE,,,,,,2018,primary,1.0,9.574
SAMEA113548432,PRJEB51353,SAMEA113548432,,adult,,,SE,,,,,,2015,primary,1.0,8.161
SAMEA113548433,PRJEB51353,SAMEA113548433,,adult,,,SE,,,,,,2016,primary,1.0,9.151
SAMEA113548434,PRJEB51353,SAMEA113548434,,adult,,,SE,,,,,,2017,primary,1.0,8.147
SAMEA113548435,PRJEB51353,SAMEA113548435,,adult,,,SE,,,,,,2017,primary,1.0,8.292
SAMEA113548436,PRJEB51353,SAMEA113548436,,adult,,,SE,,,,,,2015,primary,1.0,6.68
SAMEA113548437,PRJEB51353,SAMEA113548437,,adult,,,SE,,,,,,2017,primary,1.0,7.111
SAMEA113548438,PRJEB51353,SAMEA113548438,,adult,,,SE,,,,,,2015,primary,1.0,7.42
SAMEA113548439,PRJEB51353,SAMEA113548439,,adult,,,SE,,,,,,2016,primary,1.0,9.11
SAMEA113548440,PRJEB51353,SAMEA113548440,,adult,,,SE,,,,,,2017,primary,1.0,6.639
SAMEA113548441,PRJEB51353,SAMEA113548441,,adult,,,SE,,,,,,2015,primary,1.0,8.17
SAMEA113548442,PRJEB51353,SAMEA113548442,,adult,,,SE,,,,,,2016,primary,1.0,10.212
SAMEA113548443,PRJEB51353,SAMEA113548443,,adult,,,SE,,,,,,2015,primary,1.0,6.856
SAMEA113548444,PRJEB51353,SAMEA113548444,,adult,,,SE,,,,,,2016,primary,1.0,8.511
SAMEA113548445,PRJEB51353,SAMEA113548445,,adult,,,SE,,,,,,2015,primary,1.0,7.034
SAMEA113548446,PRJEB51353,SAMEA113548446,,adult,,,SE,,,,,,2017,primary,1.0,7.02
SAMEA113548447,PRJEB51353,SAMEA113548447,,adult,,,SE,,,,,,2015,primary,1.0,6.674
SAMEA113548448,PRJEB51353,SAMEA113548448,,adult,,,SE,,,,,,2015,primary,1.0,7.594
SAMEA113548449,PRJEB51353,SAMEA113548449,,adult,,,SE,,,,,,2016,primary,1.0,7.9
SAMEA113548450,PRJEB51353,SAMEA113548450,,adult,,,SE,,,,,,2015,primary,1.0,6.175
SAMEA113548451,PRJEB51353,SAMEA113548451,,adult,,,SE,,,,,,2017,primary,1.0,6.991
SAMEA113548452,PRJEB51353,SAMEA113548452,,adult,,,SE,,,,,,2016,primary,1.0,9.432
SAMEA113548453,PRJEB51353,SAMEA113548453,,adult,,,SE,,,,,,2017,primary,1.0,8.918
SAMEA113548454,PRJEB51353,SAMEA113548454,,adult,,,SE,,,,,,2016,primary,1.0,11.197
SAMEA113548455,PRJEB51353,SAMEA113548455,,adult,,,SE,,,,,,2016,primary,1.0,8.417
SAMEA113548456,PRJEB51353,SAMEA113548456,,adult,,,SE,,,,,,2018,primary,1.0,8.2
SAMEA113548457,PRJEB51353,SAMEA113548457,,adult,,,SE,,,,,,2015,primary,1.0,6.385
SAMEA113548458,PRJEB51353,SAMEA113548458,,adult,,,SE,,,,,,2017,primary,1.0,6.013
SAMEA113548459,PRJEB51353,SAMEA113548459,,adult,,,SE,,,,,,2017,primary,1.0,7.272
SAMEA113548460,PRJEB51353,SAMEA113548460,,adult,,,SE,,,,,,2018,primary,1.0,6.75
SAMEA113548461,PRJEB51353,SAMEA113548461,,adult,,,SE,,,,,,2015,primary,1.0,8.825
SAMEA113548462,PRJEB51353,SAMEA113548462,,adult,,,SE,,,,,,2016,primary,1.0,7.326
SAMEA113548463,PRJEB51353,SAMEA113548463,,adult,,,SE,,,,,,2016,primary,1.0,6.624
SAMEA113548464,PRJEB51353,SAMEA113548464,,adult,,,SE,,,,,,2016,primary,1.0,6.251
SAMEA113548465,PRJEB51353,SAMEA113548465,,adult,,,SE,,,,,,2016,primary,1.0,10.19
SAMEA113548466,PRJEB51353,SAMEA113548466,,adult,,,SE,,,,,,2016,primary,1.0,7.662
SAMEA113548467,PRJEB51353,SAMEA113548467,,adult,,,SE,,,,,,2017,primary,1.0,7.501
SAMEA113548468,PRJEB51353,SAMEA113548468,,adult,,,SE,,,,,,2015,primary,1.0,8.284
SAMEA113548469,PRJEB51353,SAMEA113548469,,adult,,,SE,,,,,,2016,primary,1.0,8.53
SAMEA113548470,PRJEB51353,SAMEA113548470,,adult,,,SE,,,,,,2017,primary,1.0,7.379
SAMEA113548471,PRJEB51353,SAMEA113548471,,adult,,,SE,,,,,,2015,primary,1.0,7.584
SAMEA113548472,PRJEB51353,SAMEA113548472,,adult,,,SE,,,,,,2016,primary,1.0,7.736
SAMEA113548473,PRJEB51353,SAMEA113548473,,adult,,,SE,,,,,,2015,primary,1.0,7.412
SAMEA113548474,PRJEB51353,SAMEA113548474,,adult,,,SE,,,,,,2015,primary,1.0,8.305
SAMEA113548475,PRJEB51353,SAMEA113548475,,adult,,,SE,,,,,,2017,primary,1.0,6.697
SAMEA113548476,PRJEB51353,SAMEA113548476,,adult,,,SE,,,,,,2016,primary,1.0,6.644
SAMEA113548477,PRJEB51353,SAMEA113548477,,adult,,,SE,,,,,,2016,primary,1.0,10.374
SAMEA113548478,PRJEB51353,SAMEA113548478,,adult,,,SE,,,,,,2017,primary,1.0,7.442
SAMEA113548479,PRJEB51353,SAMEA113548479,,adult,,,SE,,,,,,2015,primary,1.0,7.749
SAMEA113548480,PRJEB51353,SAMEA113548480,,adult,,,SE,,,,,,2017,primary,1.0,6.351
SAMEA113548481,PRJEB51353,SAMEA113548481,,adult,,,SE,,,,,,2017,primary,1.0,6.826
SAMEA113548482,PRJEB51353,SAMEA113548482,,adult,,,SE,,,,,,2016,primary,1.0,8.153
SAMEA113548483,PRJEB51353,SAMEA113548483,,adult,,,SE,,,,,,2015,primary,1.0,6.858
SAMEA113548484,PRJEB51353,SAMEA113548484,,adult,,,SE,,,,,,2015,primary,1.0,11.527
SAMEA113548485,PRJEB51353,SAMEA113548485,,adult,,,SE,,,,,,2016,primary,1.0,9.654
SAMEA113548486,PRJEB51353,SAMEA113548486,,adult,,,SE,,,,,,2018,primary,1.0,6.633
SAMEA113548487,PRJEB51353,SAMEA113548487,,adult,,,SE,,,,,,2017,primary,1.0,9.582
SAMEA113548488,PRJEB51353,SAMEA113548488,,adult,,,SE,,,,,,2017,primary,1.0,7.618
SAMEA113548489,PRJEB51353,SAMEA113548489,,adult,,,SE,,,,,,2017,primary,1.0,7.486
SAMEA113548490,PRJEB51353,SAMEA113548490,,adult,,,SE,,,,,,2015,primary,1.0,7.116
SAMEA113548491,PRJEB51353,SAMEA113548491,,adult,,,SE,,,,,,2017,primary,1.0,9.313
SAMEA113548492,PRJEB51353,SAMEA113548492,,adult,,,SE,,,,,,2017,primary,1.0,7.562
SAMEA113548493,PRJEB51353,SAMEA113548493,,adult,,,SE,,,,,,2016,primary,1.0,7.323
SAMEA113548494,PRJEB51353,SAMEA113548494,,adult,,,SE,,,,,,2015,primary,1.0,6.774
SAMEA113548495,PRJEB51353,SAMEA113548495,,adult,,,SE,,,,,,2015,primary,1.0,6.686
SAMEA113548496,PRJEB51353,SAMEA113548496,,adult,,,SE,,,,,,2016,primary,1.0,7.847
SAMEA113548497,PRJEB51353,SAMEA113548497,,adult,,,SE,,,,,,2016,primary,1.0,6.976
SAMEA113548498,PRJEB51353,SAMEA113548498,,adult,,,SE,,,,,,2016,primary,1.0,9.979
SAMEA113548499,PRJEB51353,SAMEA113548499,,adult,,,SE,,,,,,2015,primary,1.0,7.418
SAMEA113548500,PRJEB51353,SAMEA113548500,,adult,,,SE,,,,,,2016,primary,1.0,6.101
SAMEA113548501,PRJEB51353,SAMEA113548501,,adult,,,SE,,,,,,2016,primary,1.0,8.626
SAMEA113548502,PRJEB51353,SAMEA113548502,,adult,,,SE,,,,,,2016,primary,1.0,7.179
SAMEA113548503,PRJEB51353,SAMEA113548503,,adult,,,SE,,,,,,2016,primary,1.0,7.416
SAMEA113548504,PRJEB51353,SAMEA113548504,,adult,,,SE,,,,,,2017,primary,1.0,10.085
SAMEA113548505,PRJEB51353,SAMEA113548505,,adult,,,SE,,,,,,2016,primary,1.0,6.617
SAMEA113548506,PRJEB51353,SAMEA113548506,,adult,,,SE,,,,,,2017,primary,1.0,6.059
SAMEA113548507,PRJEB51353,SAMEA113548507,,adult,,,SE,,,,,,2017,primary,1.0,7.062
SAMEA113548508,PRJEB51353,SAMEA113548508,,adult,,,SE,,,,,,2015,primary,1.0,7.895
SAMEA113548509,PRJEB51353,SAMEA113548509,,adult,,,SE,,,,,,2015,primary,1.0,6.843
SAMEA113548510,PRJEB51353,SAMEA113548510,,adult,,,SE,,,,,,2018,primary,1.0,8.132
SAMEA113548511,PRJEB51353,SAMEA113548511,,adult,,,SE,,,,,,2015,primary,1.0,7.549
SAMEA113548512,PRJEB51353,SAMEA113548512,,adult,,,SE,,,,,,2017,primary,1.0,6.696
SAMEA113548513,PRJEB51353,SAMEA113548513,,adult,,,SE,,,,,,2015,primary,1.0,7.203
SAMEA113548514,PRJEB51353,SAMEA113548514,,adult,,,SE,,,,,,2016,primary,1.0,6.925
SAMEA113548515,PRJEB51353,SAMEA113548515,,adult,,,SE,,,,,,2018,primary,1.0,7.675
SAMEA113548516,PRJEB51353,SAMEA113548516,,adult,,,SE,,,,,,2016,primary,1.0,7.753
SAMEA113548517,PRJEB51353,SAMEA113548517,,adult,,,SE,,,,,,2015,primary,1.0,7.383
SAMEA113548518,PRJEB51353,SAMEA113548518,,adult,,,SE,,,,,,2015,primary,1.0,8.303
SAMEA113548519,PRJEB51353,SAMEA113548519,,adult,,,SE,,,,,,2016,primary,1.0,7.253
SAMEA113548520,PRJEB51353,SAMEA113548520,,adult,,,SE,,,,,,2015,primary,1.0,7.501
SAMEA113548521,PRJEB51353,SAMEA113548521,,adult,,,SE,,,,,,2017,primary,1.0,8.289
SAMEA113548522,PRJEB51353,SAMEA113548522,,adult,,,SE,,,,,,2015,primary,1.0,8.075
SAMEA113548523,PRJEB51353,SAMEA113548523,,adult,,,SE,,,,,,2017,primary,1.0,6.696
SAMEA113548524,PRJEB51353,SAMEA113548524,,adult,,,SE,,,,,,2016,primary,1.0,8.812
SAMEA113548525,PRJEB51353,SAMEA113548525,,adult,,,SE,,,,,,2018,primary,1.0,10.9
SAMEA113548526,PRJEB51353,SAMEA113548526,,adult,,,SE,,,,,,2016,primary,1.0,9.34
SAMEA113548527,PRJEB51353,SAMEA113548527,,adult,,,SE,,,,,,2017,primary,1.0,6.248
SAMEA113548528,PRJEB51353,SAMEA113548528,,adult,,,SE,,,,,,2016,primary,1.0,6.915
SAMEA113548529,PRJEB51353,SAMEA113548529,,adult,,,SE,,,,,,2016,primary,1.0,7.253
SAMEA113548530,PRJEB51353,SAMEA113548530,,adult,,,SE,,,,,,2016,primary,1.0,7.185
SAMEA113548531,PRJEB51353,SAMEA113548531,,adult,,,SE,,,,,,2015,primary,1.0,6.881
SAMEA113548532,PRJEB51353,SAMEA113548532,,adult,,,SE,,,,,,2016,primary,1.0,8.505
SAMEA113548533,PRJEB51353,SAMEA113548533,,adult,,,SE,,,,,,2015,primary,1.0,9.261
SAMEA113548534,PRJEB51353,SAMEA113548534,,adult,,,SE,,,,,,2017,primary,1.0,7.535
SAMEA113548535,PRJEB51353,SAMEA113548535,,adult,,,SE,,,,,,2018,primary,1.0,7.152
SAMEA113548536,PRJEB51353,SAMEA113548536,,adult,,,SE,,,,,,2017,primary,1.0,8.498
SAMEA113548537,PRJEB51353,SAMEA113548537,,adult,,,SE,,,,,,2016,primary,1.0,8.684
SAMEA113548538,PRJEB51353,SAMEA113548538,,adult,,,SE,,,,,,2016,primary,1.0,7.102
SAMEA113548539,PRJEB51353,SAMEA113548539,,adult,,,SE,,,,,,2017,primary,1.0,7.043
SAMEA113548540,PRJEB51353,SAMEA113548540,,adult,,,SE,,,,,,2018,primary,1.0,6.876
SAMEA113548541,PRJEB51353,SAMEA113548541,,adult,,,SE,,,,,,2016,primary,1.0,7.966
SAMEA113548542,PRJEB51353,SAMEA113548542,,adult,,,SE,,,,,,2016,primary,1.0,6.341
SAMEA113548543,PRJEB51353,SAMEA113548543,,adult,,,SE,,,,,,2016,primary,1.0,7.486
SAMEA113548544,PRJEB51353,SAMEA113548544,,adult,,,SE,,,,,,2017,primary,1.0,7.596
SAMEA113548545,PRJEB51353,SAMEA113548545,,adult,,,SE,,,,,,2015,primary,1.0,9.958
SAMEA113548546,PRJEB51353,SAMEA113548546,,adult,,,SE,,,,,,2017,primary,1.0,6.532
SAMEA113548547,PRJEB51353,SAMEA113548547,,adult,,,SE,,,,,,2017,primary,1.0,7.803
SAMEA113548548,PRJEB51353,SAMEA113548548,,adult,,,SE,,,,,,2016,primary,1.0,7.43
SAMEA113548549,PRJEB51353,SAMEA113548549,,adult,,,SE,,,,,,2015,primary,1.0,8.15
SAMEA113548550,PRJEB51353,SAMEA113548550,,adult,,,SE,,,,,,2017,primary,1.0,16.209
SAMEA113548551,PRJEB51353,SAMEA113548551,,adult,,,SE,,,,,,2017,primary,1.0,8.495
SAMEA113548552,PRJEB51353,SAMEA113548552,,adult,,,SE,,,,,,2017,primary,1.0,8.002
SAMEA113548553,PRJEB51353,SAMEA113548553,,adult,,,SE,,,,,,2016,primary,1.0,7.566
SAMEA113548554,PRJEB51353,SAMEA113548554,,adult,,,SE,,,,,,2016,primary,1.0,7.77
SAMEA113548555,PRJEB51353,SAMEA113548555,,adult,,,SE,,,,,,2016,primary,1.0,10.259
SAMEA113548556,PRJEB51353,SAMEA113548556,,adult,,,SE,,,,,,2017,primary,1.0,7.701
SAMEA113548557,PRJEB51353,SAMEA113548557,,adult,,,SE,,,,,,2017,primary,1.0,10.228
SAMEA113548558,PRJEB51353,SAMEA113548558,,adult,,,SE,,,,,,2017,primary,1.0,7.184
SAMEA113548559,PRJEB51353,SAMEA113548559,,adult,,,SE,,,,,,2015,primary,1.0,8.085
SAMEA113548560,PRJEB51353,SAMEA113548560,,adult,,,SE,,,,,,2017,primary,1.0,10.518
SAMEA113548561,PRJEB51353,SAMEA113548561,,adult,,,SE,,,,,,2018,primary,1.0,6.08
SAMEA113548562,PRJEB51353,SAMEA113548562,,adult,,,SE,,,,,,2017,primary,1.0,9.305
SAMEA113548563,PRJEB51353,SAMEA113548563,,adult,,,SE,,,,,,2017,primary,1.0,7.583
SAMEA113548564,PRJEB51353,SAMEA113548564,,adult,,,SE,,,,,,2016,primary,1.0,7.014
SAMEA113548565,PRJEB51353,SAMEA113548565,,adult,,,SE,,,,,,2016,primary,1.0,8.707
SAMEA113548566,PRJEB51353,SAMEA113548566,,adult,,,SE,,,,,,2015,primary,1.0,6.169
SAMEA113548567,PRJEB51353,SAMEA113548567,,adult,,,SE,,,,,,2016,primary,1.0,8.004
SAMEA113548568,PRJEB51353,SAMEA113548568,,adult,,,SE,,,,,,2017,primary,1.0,6.558
SAMEA113548569,PRJEB51353,SAMEA113548569,,adult,,,SE,,,,,,2015,primary,1.0,6.652
SAMEA113548570,PRJEB51353,SAMEA113548570,,adult,,,SE,,,,,,2016,primary,1.0,6.982
SAMEA113548571,PRJEB51353,SAMEA113548571,,adult,,,SE,,,,,,2017,primary,1.0,6.901
SAMEA113548572,PRJEB51353,SAMEA113548572,,adult,,,SE,,,,,,2016,primary,1.0,7.025
SAMEA113548573,PRJEB51353,SAMEA113548573,,adult,,,SE,,,,,,2015,primary,1.0,8.351
SAMEA113548574,PRJEB51353,SAMEA113548574,,adult,,,SE,,,,,,2016,primary,1.0,8.973
SAMEA113548575,PRJEB51353,SAMEA113548575,,adult,,,SE,,,,,,2015,primary,1.0,6.67
SAMEA113548576,PRJEB51353,SAMEA113548576,,adult,,,SE,,,,,,2017,primary,1.0,9.189
SAMEA113548577,PRJEB51353,SAMEA113548577,,adult,,,SE,,,,,,2016,primary,1.0,7.641
SAMEA113548578,PRJEB51353,SAMEA113548578,,adult,,,SE,,,,,,2016,primary,1.0,10.329
SAMEA113548579,PRJEB51353,SAMEA113548579,,adult,,,SE,,,,,,2017,primary,1.0,9.927
SAMEA113548580,PRJEB51353,SAMEA113548580,,adult,,,SE,,,,,,2016,primary,1.0,7.082
SAMEA113548581,PRJEB51353,SAMEA113548581,,adult,,,SE,,,,,,2017,primary,1.0,7.315
SAMEA113548582,PRJEB51353,SAMEA113548582,,adult,,,SE,,,,,,2016,primary,1.0,6.604
SAMEA113548583,PRJEB51353,SAMEA113548583,,adult,,,SE,,,,,,2015,primary,1.0,7.404
SAMEA113548584,PRJEB51353,SAMEA113548584,,adult,,,SE,,,,,,2018,primary,1.0,7.546
SAMEA113548585,PRJEB51353,SAMEA113548585,,adult,,,SE,,,,,,2017,primary,1.0,6.61
SAMEA113548586,PRJEB51353,SAMEA113548586,,adult,,,SE,,,,,,2015,primary,1.0,7.313
SAMEA113548587,PRJEB51353,SAMEA113548587,,adult,,,SE,,,,,,2015,primary,1.0,9.067
SAMEA113548588,PRJEB51353,SAMEA113548588,,adult,,,SE,,,,,,2017,primary,1.0,7.425
SAMEA113548589,PRJEB51353,SAMEA113548589,,adult,,,SE,,,,,,2015,primary,1.0,7.033
SAMEA113548590,PRJEB51353,SAMEA113548590,,adult,,,SE,,,,,,2017,primary,1.0,7.186
SAMEA113548591,PRJEB51353,SAMEA113548591,,adult,,,SE,,,,,,2017,primary,1.0,5.97
SAMEA113548592,PRJEB51353,SAMEA113548592,,adult,,,SE,,,,,,2016,primary,1.0,6.725
SAMEA113548593,PRJEB51353,SAMEA113548593,,adult,,,SE,,,,,,2015,primary,1.0,7.447
SAMEA113548594,PRJEB51353,SAMEA113548594,,adult,,,SE,,,,,,2017,primary,1.0,8.212
SAMEA113548595,PRJEB51353,SAMEA113548595,,adult,,,SE,,,,,,2015,primary,1.0,10.549
SAMEA113548596,PRJEB51353,SAMEA113548596,,adult,,,SE,,,,,,2016,primary,1.0,8.296
SAMEA113548597,PRJEB51353,SAMEA113548597,,adult,,,SE,,,,,,2015,primary,1.0,6.259
SAMEA113548598,PRJEB51353,SAMEA113548598,,adult,,,SE,,,,,,2016,primary,1.0,6.988
SAMEA113548599,PRJEB51353,SAMEA113548599,,adult,,,SE,,,,,,2015,primary,1.0,5.999
SAMEA113548600,PRJEB51353,SAMEA113548600,,adult,,,SE,,,,,,2016,primary,1.0,9.422
SAMEA113548601,PRJEB51353,SAMEA113548601,,adult,,,SE,,,,,,2018,primary,1.0,8.244
SAMEA113548602,PRJEB51353,SAMEA113548602,,adult,,,SE,,,,,,2015,primary,1.0,9.227
SAMEA113548603,PRJEB51353,SAMEA113548603,,adult,,,SE,,,,,,2017,primary,1.0,7.08
SAMEA113548604,PRJEB51353,SAMEA113548604,,adult,,,SE,,,,,,2016,primary,1.0,8.348
SAMEA113548605,PRJEB51353,SAMEA113548605,,adult,,,SE,,,,,,2015,primary,1.0,7.425
SAMEA113548606,PRJEB51353,SAMEA113548606,,adult,,,SE,,,,,,2017,primary,1.0,8.315
SAMEA113548607,PRJEB51353,SAMEA113548607,,adult,,,SE,,,,,,2016,primary,1.0,8.043
SAMEA113548608,PRJEB51353,SAMEA113548608,,adult,,,SE,,,,,,2017,primary,1.0,6.449
SAMEA113548609,PRJEB51353,SAMEA113548609,,adult,,,SE,,,,,,2016,primary,1.0,6.793
SAMEA113548610,PRJEB51353,SAMEA113548610,,adult,,,SE,,,,,,2015,primary,1.0,7.679
SAMEA113548611,PRJEB51353,SAMEA113548611,,adult,,,SE,,,,,,2016,primary,1.0,6.327
SAMEA113548612,PRJEB51353,SAMEA113548612,,adult,,,SE,,,,,,2015,primary,1.0,7.152
SAMEA113548613,PRJEB51353,SAMEA113548613,,adult,,,SE,,,,,,2017,primary,1.0,9.342
SAMEA113548614,PRJEB51353,SAMEA113548614,,adult,,,SE,,,,,,2017,primary,1.0,9.222
SAMEA113548615,PRJEB51353,SAMEA113548615,,adult,,,SE,,,,,,2016,primary,1.0,7.545
SAMEA113548616,PRJEB51353,SAMEA113548616,,adult,,,SE,,,,,,2016,primary,1.0,8.984
SAMEA113548617,PRJEB51353,SAMEA113548617,,adult,,,SE,,,,,,2015,primary,1.0,9.122
SAMEA113548618,PRJEB51353,SAMEA113548618,,adult,,,SE,,,,,,2016,primary,1.0,9.736
SAMEA113548619,PRJEB51353,SAMEA113548619,,adult,,,SE,,,,,,2016,primary,1.0,9.747
SAMEA113548620,PRJEB51353,SAMEA113548620,,adult,,,SE,,,,,,2017,primary,1.0,10.609
SAMEA113548621,PRJEB51353,SAMEA113548621,,adult,,,SE,,,,,,2016,primary,1.0,9.324
SAMEA113548622,PRJEB51353,SAMEA113548622,,adult,,,SE,,,,,,2016,primary,1.0,6.094
SAMEA113548623,PRJEB51353,SAMEA113548623,,adult,,,SE,,,,,,2017,primary,1.0,6.085
SAMEA113548624,PRJEB51353,SAMEA113548624,,adult,,,SE,,,,,,2017,primary,1.0,6.501
SAMEA113548625,PRJEB51353,SAMEA113548625,,adult,,,SE,,,,,,2016,primary,1.0,7.426
SAMEA113548626,PRJEB51353,SAMEA113548626,,adult,,,SE,,,,,,2015,primary,1.0,7.443
SAMEA113548627,PRJEB51353,SAMEA113548627,,adult,,,SE,,,,,,2015,primary,1.0,9.547
SAMEA113548628,PRJEB51353,SAMEA113548628,,adult,,,SE,,,,,,2015,primary,1.0,8.845
SAMEA113548629,PRJEB51353,SAMEA113548629,,adult,,,SE,,,,,,2017,primary,1.0,8.466
SAMEA113548630,PRJEB51353,SAMEA113548630,,adult,,,SE,,,,,,2017,primary,1.0,9.797
SAMEA113548631,PRJEB51353,SAMEA113548631,,adult,,,SE,,,,,,2017,primary,1.0,7.361
SAMEA113548632,PRJEB51353,SAMEA113548632,,adult,,,SE,,,,,,2017,primary,1.0,7.882
SAMEA113548633,PRJEB51353,SAMEA113548633,,adult,,,SE,,,,,,2017,primary,1.0,7.291
SAMEA113548634,PRJEB51353,SAMEA113548634,,adult,,,SE,,,,,,2017,primary,1.0,9.086
SAMEA113548635,PRJEB51353,SAMEA113548635,,adult,,,SE,,,,,,2016,primary,1.0,7.195
SAMEA113548636,PRJEB51353,SAMEA113548636,,adult,,,SE,,,,,,2016,primary,1.0,8.221
SAMEA113548637,PRJEB51353,SAMEA113548637,,adult,,,SE,,,,,,2017,primary,1.0,8.46
SAMEA113548638,PRJEB51353,SAMEA113548638,,adult,,,SE,,,,,,2017,primary,1.0,9.559
SAMEA113548639,PRJEB51353,SAMEA113548639,,adult,,,SE,,,,,,2017,primary,1.0,6.247
SAMEA113548640,PRJEB51353,SAMEA113548640,,adult,,,SE,,,,,,2017,primary,1.0,8.34
SAMEA113548641,PRJEB51353,SAMEA113548641,,adult,,,SE,,,,,,2016,primary,1.0,7.698
SAMEA113548642,PRJEB51353,SAMEA113548642,,adult,,,SE,,,,,,2016,primary,1.0,7.171
SAMEA113548643,PRJEB51353,SAMEA113548643,,adult,,,SE,,,,,,2015,primary,1.0,6.446
SAMEA113548644,PRJEB51353,SAMEA113548644,,adult,,,SE,,,,,,2015,primary,1.0,7.113
SAMEA113548645,PRJEB51353,SAMEA113548645,,adult,,,SE,,,,,,2016,primary,1.0,7.662
SAMEA113548646,PRJEB51353,SAMEA113548646,,adult,,,SE,,,,,,2015,primary,1.0,7.245
SAMEA113548647,PRJEB51353,SAMEA113548647,,adult,,,SE,,,,,,2015,primary,1.0,7.868
SAMEA113548648,PRJEB51353,SAMEA113548648,,adult,,,SE,,,,,,2017,primary,1.0,6.068
SAMEA113548649,PRJEB51353,SAMEA113548649,,adult,,,SE,,,,,,2017,primary,1.0,8.099
SAMEA113548650,PRJEB51353,SAMEA113548650,,adult,,,SE,,,,,,2017,primary,1.0,6.601
SAMEA113548651,PRJEB51353,SAMEA113548651,,adult,,,SE,,,,,,2016,primary,1.0,7.727
SAMEA113548652,PRJEB51353,SAMEA113548652,,adult,,,SE,,,,,,2015,primary,1.0,9.465
SAMEA113548653,PRJEB51353,SAMEA113548653,,adult,,,SE,,,,,,2016,primary,1.0,10.072
SAMEA113548654,PRJEB51353,SAMEA113548654,,adult,,,SE,,,,,,2017,primary,1.0,6.933
SAMEA113548655,PRJEB51353,SAMEA113548655,,adult,,,SE,,,,,,2017,primary,1.0,6.111
SAMEA113548656,PRJEB51353,SAMEA113548656,,adult,,,SE,,,,,,2017,primary,1.0,7.679
SAMEA113548657,PRJEB51353,SAMEA113548657,,adult,,,SE,,,,,,2017,primary,1.0,10.509
SAMEA113548658,PRJEB51353,SAMEA113548658,,adult,,,SE,,,,,,2016,primary,1.0,7.482
SAMEA113548659,PRJEB51353,SAMEA113548659,,adult,,,SE,,,,,,2016,primary,1.0,7.81
SAMEA113548660,PRJEB51353,SAMEA113548660,,adult,,,SE,,,,,,2015,primary,1.0,9.791
SAMEA113548661,PRJEB51353,SAMEA113548661,,adult,,,SE,,,,,,2016,primary,1.0,7.276
SAMEA113548662,PRJEB51353,SAMEA113548662,,adult,,,SE,,,,,,2016,primary,1.0,8.194
SAMEA113548663,PRJEB51353,SAMEA113548663,,adult,,,SE,,,,,,2016,primary,1.0,6.895
SAMEA113548664,PRJEB51353,SAMEA113548664,,adult,,,SE,,,,,,2017,primary,1.0,7.475
SAMEA113548665,PRJEB51353,SAMEA113548665,,adult,,,SE,,,,,,2016,primary,1.0,7.124
SAMEA113548666,PRJEB51353,SAMEA113548666,,adult,,,SE,,,,,,2017,primary,1.0,6.865
SAMEA113548667,PRJEB51353,SAMEA113548667,,adult,,,SE,,,,,,2017,primary,1.0,7.049
SAMEA113548668,PRJEB51353,SAMEA113548668,,adult,,,SE,,,,,,2016,primary,1.0,8.247
SAMEA113548669,PRJEB51353,SAMEA113548669,,adult,,,SE,,,,,,2017,primary,1.0,6.406
SAMEA113548670,PRJEB51353,SAMEA113548670,,adult,,,SE,,,,,,2017,primary,1.0,7.006
SAMEA113548671,PRJEB51353,SAMEA113548671,,adult,,,SE,,,,,,2015,primary,1.0,8.229
SAMEA113548672,PRJEB51353,SAMEA113548672,,adult,,,SE,,,,,,2017,primary,1.0,7.494
SAMEA113548673,PRJEB51353,SAMEA113548673,,adult,,,SE,,,,,,2015,primary,1.0,6.963
SAMEA113548674,PRJEB51353,SAMEA113548674,,adult,,,SE,,,,,,2015,primary,1.0,6.38
SAMEA113548675,PRJEB51353,SAMEA113548675,,adult,,,SE,,,,,,2017,primary,1.0,7.255
SAMEA113548676,PRJEB51353,SAMEA113548676,,adult,,,SE,,,,,,2015,primary,1.0,6.159
SAMEA113548677,PRJEB51353,SAMEA113548677,,adult,,,SE,,,,,,2018,primary,1.0,9.35
SAMEA113548678,PRJEB51353,SAMEA113548678,,adult,,,SE,,,,,,2015,primary,1.0,10.7
SAMEA113548679,PRJEB51353,SAMEA113548679,,adult,,,SE,,,,,,2017,primary,1.0,6.26
SAMEA113548680,PRJEB51353,SAMEA113548680,,adult,,,SE,,,,,,2015,primary,1.0,7.375
SAMEA113548681,PRJEB51353,SAMEA113548681,,adult,,,SE,,,,,,2017,primary,1.0,7.494
SAMEA113548682,PRJEB51353,SAMEA113548682,,adult,,,SE,,,,,,2017,primary,1.0,5.996
SAMEA113548683,PRJEB51353,SAMEA113548683,,adult,,,SE,,,,,,2016,primary,1.0,7.62
SAMEA113548684,PRJEB51353,SAMEA113548684,,adult,,,SE,,,,,,2017,primary,1.0,8.163
SAMEA113548685,PRJEB51353,SAMEA113548685,,adult,,,SE,,,,,,2016,primary,1.0,6.988
SAMEA113548686,PRJEB51353,SAMEA113548686,,adult,,,SE,,,,,,2016,primary,1.0,7.609
SAMEA113548687,PRJEB51353,SAMEA113548687,,adult,,,SE,,,,,,2017,primary,1.0,7.702
SAMEA113548688,PRJEB51353,SAMEA113548688,,adult,,,SE,,,,,,2016,primary,1.0,10.845
SAMEA113548689,PRJEB51353,SAMEA113548689,,adult,,,SE,,,,,,2017,primary,1.0,6.498
SAMEA113548690,PRJEB51353,SAMEA113548690,,adult,,,SE,,,,,,2017,primary,1.0,6.929
SAMEA113548691,PRJEB51353,SAMEA113548691,,adult,,,SE,,,,,,2015,primary,1.0,7.232
SAMEA113548692,PRJEB51353,SAMEA113548692,,adult,,,SE,,,,,,2017,primary,1.0,9.47
SAMEA113548693,PRJEB51353,SAMEA113548693,,adult,,,SE,,,,,,2016,primary,1.0,8.469
SAMEA113548694,PRJEB51353,SAMEA113548694,,adult,,,SE,,,,,,2017,primary,1.0,8.048
SAMEA113548695,PRJEB51353,SAMEA113548695,,adult,,,SE,,,,,,2016,primary,1.0,6.739
SAMEA113548696,PRJEB51353,SAMEA113548696,,adult,,,SE,,,,,,2017,primary,1.0,11.412
SAMEA113548697,PRJEB51353,SAMEA113548697,,adult,,,SE,,,,,,2015,primary,1.0,7.12
SAMEA113548698,PRJEB51353,SAMEA113548698,,adult,,,SE,,,,,,2017,primary,1.0,6.076
SAMEA113548699,PRJEB51353,SAMEA113548699,,adult,,,SE,,,,,,2015,primary,1.0,7.48
SAMEA113548700,PRJEB51353,SAMEA113548700,,adult,,,SE,,,,,,2016,primary,1.0,7.008
SAMEA113548701,PRJEB51353,SAMEA113548701,,adult,,,SE,,,,,,2017,primary,1.0,7.159
SAMEA113548702,PRJEB51353,SAMEA113548702,,adult,,,SE,,,,,,2016,primary,1.0,10.083
SAMEA113548703,PRJEB51353,SAMEA113548703,,adult,,,SE,,,,,,2016,primary,1.0,8.027
SAMEA113548704,PRJEB51353,SAMEA113548704,,adult,,,SE,,,,,,2017,primary,1.0,7.422
SAMEA113548705,PRJEB51353,SAMEA113548705,,adult,,,SE,,,,,,2015,primary,1.0,6.931
SAMEA113548706,PRJEB51353,SAMEA113548706,,adult,,,SE,,,,,,2017,primary,1.0,7.42
SAMEA113548707,PRJEB51353,SAMEA113548707,,adult,,,SE,,,,,,2016,primary,1.0,7.907
SAMEA113548708,PRJEB51353,SAMEA113548708,,adult,,,SE,,,,,,2017,primary,1.0,6.022
SAMEA113548709,PRJEB51353,SAMEA113548709,,adult,,,SE,,,,,,2017,primary,1.0,6.542
SAMEA113548710,PRJEB51353,SAMEA113548710,,adult,,,SE,,,,,,2016,primary,1.0,7.878
SAMEA113548711,PRJEB51353,SAMEA113548711,,adult,,,SE,,,,,,2017,primary,1.0,7.389
SAMEA113548712,PRJEB51353,SAMEA113548712,,adult,,,SE,,,,,,2015,primary,1.0,7.831
SAMEA113548713,PRJEB51353,SAMEA113548713,,adult,,,SE,,,,,,2016,primary,1.0,6.768
SAMEA113548714,PRJEB51353,SAMEA113548714,,adult,,,SE,,,,,,2015,primary,1.0,7.421
SAMEA113548715,PRJEB51353,SAMEA113548715,,adult,,,SE,,,,,,2016,primary,1.0,6.457
SAMEA113548716,PRJEB51353,SAMEA113548716,,adult,,,SE,,,,,,2015,primary,1.0,8.063
SAMEA113548717,PRJEB51353,SAMEA113548717,,adult,,,SE,,,,,,2015,primary,1.0,8.09
SAMEA113548718,PRJEB51353,SAMEA113548718,,adult,,,SE,,,,,,2017,primary,1.0,7.881
SAMEA113548719,PRJEB51353,SAMEA113548719,,adult,,,SE,,,,,,2017,primary,1.0,6.444
SAMEA113548720,PRJEB51353,SAMEA113548720,,adult,,,SE,,,,,,2015,primary,1.0,8.318
SAMEA113548721,PRJEB51353,SAMEA113548721,,adult,,,SE,,,,,,2017,primary,1.0,6.42
SAMEA113548722,PRJEB51353,SAMEA113548722,,adult,,,SE,,,,,,2015,primary,1.0,6.88
SAMEA113548723,PRJEB51353,SAMEA113548723,,adult,,,SE,,,,,,2016,primary,1.0,7.042
SAMEA113548724,PRJEB51353,SAMEA113548724,,adult,,,SE,,,,,,2015,primary,1.0,6.411
SAMEA113548725,PRJEB51353,SAMEA113548725,,adult,,,SE,,,,,,2016,primary,1.0,9.549
SAMEA113548726,PRJEB51353,SAMEA113548726,,adult,,,SE,,,,,,2016,primary,1.0,6.244
SAMEA113548727,PRJEB51353,SAMEA113548727,,adult,,,SE,,,,,,2017,primary,1.0,8.545
SAMEA113548728,PRJEB51353,SAMEA113548728,,adult,,,SE,,,,,,2015,primary,1.0,6.757
SAMEA113548729,PRJEB51353,SAMEA113548729,,adult,,,SE,,,,,,2017,primary,1.0,6.691
SAMEA113548730,PRJEB51353,SAMEA113548730,,adult,,,SE,,,,,,2016,primary,1.0,8.329
SAMEA113548731,PRJEB51353,SAMEA113548731,,adult,,,SE,,,,,,2017,primary,1.0,8.096
SAMEA113548732,PRJEB51353,SAMEA113548732,,adult,,,SE,,,,,,2016,primary,1.0,9.825
SAMEA113548733,PRJEB51353,SAMEA113548733,,adult,,,SE,,,,,,2015,primary,1.0,7.81
SAMEA113548734,PRJEB51353,SAMEA113548734,,adult,,,SE,,,,,,2015,primary,1.0,7.159
SAMEA113548735,PRJEB51353,SAMEA113548735,,adult,,,SE,,,,,,2017,primary,1.0,6.105
SAMEA113548736,PRJEB51353,SAMEA113548736,,adult,,,SE,,,,,,2017,primary,1.0,7.019
SAMEA113548737,PRJEB51353,SAMEA113548737,,adult,,,SE,,,,,,2015,primary,1.0,7.953
SAMEA113548738,PRJEB51353,SAMEA113548738,,adult,,,SE,,,,,,2017,primary,1.0,6.686
SAMEA113548739,PRJEB51353,SAMEA113548739,,adult,,,SE,,,,,,2015,primary,1.0,10.379
SAMEA113548740,PRJEB51353,SAMEA113548740,,adult,,,SE,,,,,,2016,primary,1.0,7.499
SAMEA113548741,PRJEB51353,SAMEA113548741,,adult,,,SE,,,,,,2017,primary,1.0,9.364
SAMEA113548742,PRJEB51353,SAMEA113548742,,adult,,,SE,,,,,,2016,primary,1.0,10.67
SAMEA113548743,PRJEB51353,SAMEA113548743,,adult,,,SE,,,,,,2015,primary,1.0,7.988
SAMEA113548744,PRJEB51353,SAMEA113548744,,adult,,,SE,,,,,,2016,primary,1.0,6.814
SAMEA113548745,PRJEB51353,SAMEA113548745,,adult,,,SE,,,,,,2016,primary,1.0,10.354
SAMEA113548746,PRJEB51353,SAMEA113548746,,adult,,,SE,,,,,,2015,primary,1.0,6.93
SAMEA113548747,PRJEB51353,SAMEA113548747,,adult,,,SE,,,,,,2015,primary,1.0,10.232
SAMEA113548748,PRJEB51353,SAMEA113548748,,adult,,,SE,,,,,,2015,primary,1.0,7.399
SAMEA113548749,PRJEB51353,SAMEA113548749,,adult,,,SE,,,,,,2015,primary,1.0,7.413
SAMEA113548750,PRJEB51353,SAMEA113548750,,adult,,,SE,,,,,,2017,primary,1.0,9.758
SAMEA113548751,PRJEB51353,SAMEA113548751,,adult,,,SE,,,,,,2015,primary,1.0,8.043
SAMEA113548752,PRJEB51353,SAMEA113548752,,adult,,,SE,,,,,,2017,primary,1.0,7.733
SAMEA113548753,PRJEB51353,SAMEA113548753,,adult,,,SE,,,,,,2017,primary,1.0,10.889
SAMEA113548754,PRJEB51353,SAMEA113548754,,adult,,,SE,,,,,,2015,primary,1.0,6.984
SAMEA113548755,PRJEB51353,SAMEA113548755,,adult,,,SE,,,,,,2016,primary,1.0,8.82
SAMEA113548756,PRJEB51353,SAMEA113548756,,adult,,,SE,,,,,,2017,primary,1.0,7.308
SAMEA113548757,PRJEB51353,SAMEA113548757,,adult,,,SE,,,,,,2015,primary,1.0,9.211
SAMEA113548758,PRJEB51353,SAMEA113548758,,adult,,,SE,,,,,,2017,primary,1.0,7.492
SAMEA113548759,PRJEB51353,SAMEA113548759,,adult,,,SE,,,,,,2016,primary,1.0,8.902
SAMEA113548760,PRJEB51353,SAMEA113548760,,adult,,,SE,,,,,,2017,primary,1.0,6.193
SAMEA113548761,PRJEB51353,SAMEA113548761,,adult,,,SE,,,,,,2015,primary,1.0,6.526
SAMEA113548762,PRJEB51353,SAMEA113548762,,adult,,,SE,,,,,,2017,primary,1.0,6.969
SAMEA113548763,PRJEB51353,SAMEA113548763,,adult,,,SE,,,,,,2018,primary,1.0,7.434
SAMEA113548764,PRJEB51353,SAMEA113548764,,adult,,,SE,,,,,,2017,primary,1.0,7.745
SAMEA113548765,PRJEB51353,SAMEA113548765,,adult,,,SE,,,,,,2017,primary,1.0,8.091
SAMEA113548766,PRJEB51353,SAMEA113548766,,adult,,,SE,,,,,,2017,primary,1.0,7.388
SAMEA113548767,PRJEB51353,SAMEA113548767,,adult,,,SE,,,,,,2016,primary,1.0,8.586
SAMEA113548768,PRJEB51353,SAMEA113548768,,adult,,,SE,,,,,,2015,primary,1.0,7.065
SAMEA113548769,PRJEB51353,SAMEA113548769,,adult,,,SE,,,,,,2015,primary,1.0,6.774
SAMEA113548770,PRJEB51353,SAMEA113548770,,adult,,,SE,,,,,,2016,primary,1.0,6.85
SAMEA113548771,PRJEB51353,SAMEA113548771,,adult,,,SE,,,,,,2016,primary,1.0,7.501
SAMEA113548772,PRJEB51353,SAMEA113548772,,adult,,,SE,,,,,,2015,primary,1.0,7.81
SAMEA113548773,PRJEB51353,SAMEA113548773,,adult,,,SE,,,,,,2016,primary,1.0,8.27
SAMEA113548774,PRJEB51353,SAMEA113548774,,adult,,,SE,,,,,,2017,primary,1.0,8.713
SAMEA113548775,PRJEB51353,SAMEA113548775,,adult,,,SE,,,,,,2018,primary,1.0,7.218
SAMEA113548776,PRJEB51353,SAMEA113548776,,adult,,,SE,,,,,,2018,primary,1.0,6.937
SAMEA113548777,PRJEB51353,SAMEA113548777,,adult,,,SE,,,,,,2015,primary,1.0,8.189
SAMEA113548778,PRJEB51353,SAMEA113548778,,adult,,,SE,,,,,,2016,primary,1.0,8.961
SAMEA113548779,PRJEB51353,SAMEA113548779,,adult,,,SE,,,,,,2017,primary,1.0,8.185
SAMEA113548780,PRJEB51353,SAMEA113548780,,adult,,,SE,,,,,,2017,primary,1.0,7.545
SAMEA113548781,PRJEB51353,SAMEA113548781,,adult,,,SE,,,,,,2015,primary,1.0,6.717
SAMEA113548782,PRJEB51353,SAMEA113548782,,adult,,,SE,,,,,,2016,primary,1.0,9.178
SAMEA113548783,PRJEB51353,SAMEA113548783,,adult,,,SE,,,,,,2015,primary,1.0,6.6
SAMEA113548784,PRJEB51353,SAMEA113548784,,adult,,,SE,,,,,,2017,primary,1.0,7.067
SAMEA113548785,PRJEB51353,SAMEA113548785,,adult,,,SE,,,,,,2017,primary,1.0,6.626
SAMEA113548786,PRJEB51353,SAMEA113548786,,adult,,,SE,,,,,,2016,primary,1.0,9.704
SAMEA113548787,PRJEB51353,SAMEA113548787,,adult,,,SE,,,,,,2015,primary,1.0,6.827
SAMEA113548788,PRJEB51353,SAMEA113548788,,adult,,,SE,,,,,,2018,primary,1.0,7.587
SAMEA113548789,PRJEB51353,SAMEA113548789,,adult,,,SE,,,,,,2016,primary,1.0,8.649
SAMEA113548790,PRJEB51353,SAMEA113548790,,adult,,,SE,,,,,,2015,primary,1.0,9.669
SAMEA113548791,PRJEB51353,SAMEA113548791,,adult,,,SE,,,,,,2016,primary,1.0,8.267
SAMEA113548792,PRJEB51353,SAMEA113548792,,adult,,,SE,,,,,,2016,primary,1.0,6.232
SAMEA113548793,PRJEB51353,SAMEA113548793,,adult,,,SE,,,,,,2015,primary,1.0,7.474
SAMEA113548794,PRJEB51353,SAMEA113548794,,adult,,,SE,,,,,,2017,primary,1.0,7.942
SAMEA113548795,PRJEB51353,SAMEA113548795,,adult,,,SE,,,,,,2015,primary,1.0,9.019
SAMEA113548796,PRJEB51353,SAMEA113548796,,adult,,,SE,,,,,,2017,primary,1.0,8.196
SAMEA113548797,PRJEB51353,SAMEA113548797,,adult,,,SE,,,,,,2016,primary,1.0,8.07
SAMEA113548798,PRJEB51353,SAMEA113548798,,adult,,,SE,,,,,,2016,primary,1.0,7.588
SAMEA113548799,PRJEB51353,SAMEA113548799,,adult,,,SE,,,,,,2017,primary,1.0,7.37
SAMEA113548800,PRJEB51353,SAMEA113548800,,adult,,,SE,,,,,,2016,primary,1.0,6.364
SAMEA113548801,PRJEB51353,SAMEA113548801,,adult,,,SE,,,,,,2015,primary,1.0,7.374
SAMEA113548802,PRJEB51353,SAMEA113548802,,adult,,,SE,,,,,,2017,primary,1.0,6.612
SAMEA113548803,PRJEB51353,SAMEA113548803,,adult,,,SE,,,,,,2015,primary,1.0,7.324
SAMEA113548804,PRJEB51353,SAMEA113548804,,adult,,,SE,,,,,,2016,primary,1.0,6.578
SAMEA113548805,PRJEB51353,SAMEA113548805,,adult,,,SE,,,,,,2017,primary,1.0,8.801
SAMEA113548806,PRJEB51353,SAMEA113548806,,adult,,,SE,,,,,,2015,primary,1.0,7.388
SAMEA113548807,PRJEB51353,SAMEA113548807,,adult,,,SE,,,,,,2017,primary,1.0,8.207
SAMEA113548808,PRJEB51353,SAMEA113548808,,adult,,,SE,,,,,,2017,primary,1.0,12.432
SAMEA113548809,PRJEB51353,SAMEA113548809,,adult,,,SE,,,,,,2016,primary,1.0,6.247
SAMEA113548810,PRJEB51353,SAMEA113548810,,adult,,,SE,,,,,,2016,primary,1.0,7.596
SAMEA113548811,PRJEB51353,SAMEA113548811,,adult,,,SE,,,,,,2015,primary,1.0,7.374
SAMEA113548812,PRJEB51353,SAMEA113548812,,adult,,,SE,,,,,,2016,primary,1.0,7.133
SAMEA113548813,PRJEB51353,SAMEA113548813,,adult,,,SE,,,,,,2016,primary,1.0,8.078
SAMEA113548814,PRJEB51353,SAMEA113548814,,adult,,,SE,,,,,,2018,primary,1.0,6.371
SAMEA113548815,PRJEB51353,SAMEA113548815,,adult,,,SE,,,,,,2017,primary,1.0,7.355
SAMEA113548816,PRJEB51353,SAMEA113548816,,adult,,,SE,,,,,,2015,primary,1.0,9.728
SAMEA113548817,PRJEB51353,SAMEA113548817,,adult,,,SE,,,,,,2017,primary,1.0,7.155
SAMEA113548818,PRJEB51353,SAMEA113548818,,adult,,,SE,,,,,,2016,primary,1.0,6.423
SAMEA113548819,PRJEB51353,SAMEA113548819,,adult,,,SE,,,,,,2016,primary,1.0,5.952
SAMEA113548820,PRJEB51353,SAMEA113548820,,adult,,,SE,,,,,,2016,primary,1.0,9.624
SAMEA113548821,PRJEB51353,SAMEA113548821,,adult,,,SE,,,,,,2015,primary,1.0,7.267
SAMEA113548822,PRJEB51353,SAMEA113548822,,adult,,,SE,,,,,,2017,primary,1.0,8.668
SAMEA113548823,PRJEB51353,SAMEA113548823,,adult,,,SE,,,,,,2015,primary,1.0,7.174
SAMEA113548824,PRJEB51353,SAMEA113548824,,adult,,,SE,,,,,,2017,primary,1.0,8.661
SAMEA113548825,PRJEB51353,SAMEA113548825,,adult,,,SE,,,,,,2016,primary,1.0,6.45
SAMEA113548826,PRJEB51353,SAMEA113548826,,adult,,,SE,,,,,,2018,primary,1.0,7.371
SAMEA113548827,PRJEB51353,SAMEA113548827,,adult,,,SE,,,,,,2017,primary,1.0,7.442
SAMEA113548828,PRJEB51353,SAMEA113548828,,adult,,,SE,,,,,,2016,primary,1.0,7.2
SAMEA113548829,PRJEB51353,SAMEA113548829,,adult,,,SE,,,,,,2017,primary,1.0,7.658
SAMEA113548830,PRJEB51353,SAMEA113548830,,adult,,,SE,,,,,,2015,primary,1.0,7.251
SAMEA113548831,PRJEB51353,SAMEA113548831,,adult,,,SE,,,,,,2015,primary,1.0,10.48
SAMEA113548832,PRJEB51353,SAMEA113548832,,adult,,,SE,,,,,,2017,primary,1.0,7.263
SAMEA113548833,PRJEB51353,SAMEA113548833,,adult,,,SE,,,,,,2016,primary,1.0,7.52
SAMEA113548834,PRJEB51353,SAMEA113548834,,adult,,,SE,,,,,,2015,primary,1.0,7.035
SAMEA113548835,PRJEB51353,SAMEA113548835,,adult,,,SE,,,,,,2018,primary,1.0,6.249
SAMEA113548836,PRJEB51353,SAMEA113548836,,adult,,,SE,,,,,,2016,primary,1.0,10.592
SAMEA113548837,PRJEB51353,SAMEA113548837,,adult,,,SE,,,,,,2017,primary,1.0,7.216
SAMEA113548838,PRJEB51353,SAMEA113548838,,adult,,,SE,,,,,,2015,primary,1.0,7.581
SAMEA113548839,PRJEB51353,SAMEA113548839,,adult,,,SE,,,,,,2016,primary,1.0,6.615
SAMEA113548840,PRJEB51353,SAMEA113548840,,adult,,,SE,,,,,,2017,primary,1.0,8.449
SAMEA113548841,PRJEB51353,SAMEA113548841,,adult,,,SE,,,,,,2016,primary,1.0,9.436
SAMEA113548842,PRJEB51353,SAMEA113548842,,adult,,,SE,,,,,,2016,primary,1.0,5.961
SAMEA113548843,PRJEB51353,SAMEA113548843,,adult,,,SE,,,,,,2016,primary,1.0,8.142
SAMEA113548844,PRJEB51353,SAMEA113548844,,adult,,,SE,,,,,,2017,primary,1.0,9.687
SAMEA113548845,PRJEB51353,SAMEA113548845,,adult,,,SE,,,,,,2017,primary,1.0,6.963
SAMEA113548846,PRJEB51353,SAMEA113548846,,adult,,,SE,,,,,,2015,primary,1.0,7.815
SAMEA113548847,PRJEB51353,SAMEA113548847,,adult,,,SE,,,,,,2016,primary,1.0,8.6
SAMEA113548848,PRJEB51353,SAMEA113548848,,adult,,,SE,,,,,,2016,primary,1.0,8.424
SAMEA113548849,PRJEB51353,SAMEA113548849,,adult,,,SE,,,,,,2016,primary,1.0,10.31
SAMEA113548850,PRJEB51353,SAMEA113548850,,adult,,,SE,,,,,,2016,primary,1.0,7.08
SAMEA113548851,PRJEB51353,SAMEA113548851,,adult,,,SE,,,,,,2015,primary,1.0,8.258
SAMEA113548852,PRJEB51353,SAMEA113548852,,adult,,,SE,,,,,,2017,primary,1.0,6.859
SAMEA113548853,PRJEB51353,SAMEA113548853,,adult,,,SE,,,,,,2016,primary,1.0,7.379
SAMEA113548854,PRJEB51353,SAMEA113548854,,adult,,,SE,,,,,,2017,primary,1.0,6.839
SAMEA113548855,PRJEB51353,SAMEA113548855,,adult,,,SE,,,,,,2017,primary,1.0,7.578
SAMEA113548856,PRJEB51353,SAMEA113548856,,adult,,,SE,,,,,,2017,primary,1.0,8.109
SAMEA113548857,PRJEB51353,SAMEA113548857,,adult,,,SE,,,,,,2015,primary,1.0,6.332
SAMEA113548858,PRJEB51353,SAMEA113548858,,adult,,,SE,,,,,,2018,primary,1.0,6.084
SAMEA113548859,PRJEB51353,SAMEA113548859,,adult,,,SE,,,,,,2016,primary,1.0,6.912
SAMEA113548860,PRJEB51353,SAMEA113548860,,adult,,,SE,,,,,,2016,primary,1.0,7.23
SAMEA113548861,PRJEB51353,SAMEA113548861,,adult,,,SE,,,,,,2017,primary,1.0,7.099
SAMEA113548862,PRJEB51353,SAMEA113548862,,adult,,,SE,,,,,,2015,primary,1.0,7.756
SAMEA113548863,PRJEB51353,SAMEA113548863,,adult,,,SE,,,,,,2016,primary,1.0,7.004
SAMEA113548864,PRJEB51353,SAMEA113548864,,adult,,,SE,,,,,,2016,primary,1.0,8.022
SAMEA113548865,PRJEB51353,SAMEA113548865,,adult,,,SE,,,,,,2015,primary,1.0,6.137
SAMEA113548866,PRJEB51353,SAMEA113548866,,adult,,,SE,,,,,,2016,primary,1.0,6.892
SAMEA113548867,PRJEB51353,SAMEA113548867,,adult,,,SE,,,,,,2016,primary,1.0,9.066
SAMEA113548868,PRJEB51353,SAMEA113548868,,adult,,,SE,,,,,,2017,primary,1.0,7.397
SAMEA113548869,PRJEB51353,SAMEA113548869,,adult,,,SE,,,,,,2015,primary,1.0,6.081
SAMEA113548870,PRJEB51353,SAMEA113548870,,adult,,,SE,,,,,,2017,primary,1.0,9.151
SAMEA113548871,PRJEB51353,SAMEA113548871,,adult,,,SE,,,,,,2015,primary,1.0,6.457
SAMEA113548872,PRJEB51353,SAMEA113548872,,adult,,,SE,,,,,,2018,primary,1.0,8.176
SAMEA113548873,PRJEB51353,SAMEA113548873,,adult,,,SE,,,,,,2015,primary,1.0,7.411
SAMEA113548874,PRJEB51353,SAMEA113548874,,adult,,,SE,,,,,,2017,primary,1.0,7.008
SAMEA113548875,PRJEB51353,SAMEA113548875,,adult,,,SE,,,,,,2016,primary,1.0,6.799
SAMEA113548876,PRJEB51353,SAMEA113548876,,adult,,,SE,,,,,,2016,primary,1.0,6.704
SAMEA113548877,PRJEB51353,SAMEA113548877,,adult,,,SE,,,,,,2016,primary,1.0,9.912
SAMEA113548878,PRJEB51353,SAMEA113548878,,adult,,,SE,,,,,,2016,primary,1.0,9.298
SAMEA113548879,PRJEB51353,SAMEA113548879,,adult,,,SE,,,,,,2017,primary,1.0,6.089
SAMEA113548880,PRJEB51353,SAMEA113548880,,adult,,,SE,,,,,,2016,primary,1.0,6.002
SAMEA113548881,PRJEB51353,SAMEA113548881,,adult,,,SE,,,,,,2016,primary,1.0,8.485
SAMEA113548882,PRJEB51353,SAMEA113548882,,adult,,,SE,,,,,,2015,primary,1.0,11.175
SAMEA113548883,PRJEB51353,SAMEA113548883,,adult,,,SE,,,,,,2017,primary,1.0,10.618
SAMEA113548884,PRJEB51353,SAMEA113548884,,adult,,,SE,,,,,,2016,primary,1.0,7.418
SAMEA113548885,PRJEB51353,SAMEA113548885,,adult,,,SE,,,,,,2017,primary,1.0,7.035
SAMEA113548886,PRJEB51353,SAMEA113548886,,adult,,,SE,,,,,,2017,primary,1.0,7.712
SAMEA113548887,PRJEB51353,SAMEA113548887,,adult,,,SE,,,,,,2015,primary,1.0,9.36
SAMEA113548888,PRJEB51353,SAMEA113548888,,adult,,,SE,,,,,,2015,primary,1.0,6.547
SAMEA113548889,PRJEB51353,SAMEA113548889,,adult,,,SE,,,,,,2017,primary,1.0,6.085
SAMEA113548890,PRJEB51353,SAMEA113548890,,adult,,,SE,,,,,,2015,primary,1.0,10.816
SAMEA113548891,PRJEB51353,SAMEA113548891,,adult,,,SE,,,,,,2015,primary,1.0,6.664
SAMEA113548892,PRJEB51353,SAMEA113548892,,adult,,,SE,,,,,,2016,primary,1.0,8.532
SAMEA113548893,PRJEB51353,SAMEA113548893,,adult,,,SE,,,,,,2018,primary,1.0,7.682
SAMEA113548894,PRJEB51353,SAMEA113548894,,adult,,,SE,,,,,,2017,primary,1.0,8.282
SAMEA113548895,PRJEB51353,SAMEA113548895,,adult,,,SE,,,,,,2015,primary,1.0,8.742
SAMEA113548896,PRJEB51353,SAMEA113548896,,adult,,,SE,,,,,,2015,primary,1.0,6.557
SAMEA113548897,PRJEB51353,SAMEA113548897,,adult,,,SE,,,,,,2017,primary,1.0,7.716
SAMEA113548898,PRJEB51353,SAMEA113548898,,adult,,,SE,,,,,,2015,primary,1.0,7.619
SAMEA113548899,PRJEB51353,SAMEA113548899,,adult,,,SE,,,,,,2015,primary,1.0,7.712
SAMEA113548900,PRJEB51353,SAMEA113548900,,adult,,,SE,,,,,,2017,primary,1.0,9.638
SAMEA113548901,PRJEB51353,SAMEA113548901,,adult,,,SE,,,,,,2015,primary,1.0,7.219
SAMEA113548902,PRJEB51353,SAMEA113548902,,adult,,,SE,,,,,,2015,primary,1.0,7.218
SAMEA113548903,PRJEB51353,SAMEA113548903,,adult,,,SE,,,,,,2015,primary,1.0,6.24
SAMEA113548904,PRJEB51353,SAMEA113548904,,adult,,,SE,,,,,,2016,primary,1.0,7.831
SAMEA113548905,PRJEB51353,SAMEA113548905,,adult,,,SE,,,,,,2016,primary,1.0,7.989
SAMEA113548906,PRJEB51353,SAMEA113548906,,adult,,,SE,,,,,,2017,primary,1.0,8.274
SAMEA113548907,PRJEB51353,SAMEA113548907,,adult,,,SE,,,,,,2018,primary,1.0,11.198
SAMEA113548908,PRJEB51353,SAMEA113548908,,adult,,,SE,,,,,,2017,primary,1.0,8.566
SAMEA113548909,PRJEB51353,SAMEA113548909,,adult,,,SE,,,,,,2017,primary,1.0,7.567
SAMEA113548910,PRJEB51353,SAMEA113548910,,adult,,,SE,,,,,,2016,primary,1.0,8.635
SAMEA113548911,PRJEB51353,SAMEA113548911,,adult,,,SE,,,,,,2017,primary,1.0,7.738
SAMEA113548912,PRJEB51353,SAMEA113548912,,adult,,,SE,,,,,,2016,primary,1.0,7.958
SAMEA113548913,PRJEB51353,SAMEA113548913,,adult,,,SE,,,,,,2015,primary,1.0,8.121
SAMEA113548914,PRJEB51353,SAMEA113548914,,adult,,,SE,,,,,,2016,primary,1.0,6.772
SAMEA113548915,PRJEB51353,SAMEA113548915,,adult,,,SE,,,,,,2016,primary,1.0,7.922
SAMEA113548916,PRJEB51353,SAMEA113548916,,adult,,,SE,,,,,,2015,primary,1.0,9.736
SAMEA113548917,PRJEB51353,SAMEA113548917,,adult,,,SE,,,,,,2016,primary,1.0,7.506
SAMEA113548918,PRJEB51353,SAMEA113548918,,adult,,,SE,,,,,,2016,primary,1.0,10.769
SAMEA113548919,PRJEB51353,SAMEA113548919,,adult,,,SE,,,,,,2015,primary,1.0,6.731
SAMEA113548920,PRJEB51353,SAMEA113548920,,adult,,,SE,,,,,,2016,primary,1.0,7.742
SAMEA113548921,PRJEB51353,SAMEA113548921,,adult,,,SE,,,,,,2015,primary,1.0,6.131
SAMEA113548922,PRJEB51353,SAMEA113548922,,adult,,,SE,,,,,,2015,primary,1.0,7.896
SAMEA113548923,PRJEB51353,SAMEA113548923,,adult,,,SE,,,,,,2015,primary,1.0,9.957
SAMEA113548924,PRJEB51353,SAMEA113548924,,adult,,,SE,,,,,,2015,primary,1.0,8.363
SAMEA113548925,PRJEB51353,SAMEA113548925,,adult,,,SE,,,,,,2016,primary,1.0,6.263
SAMEA113548926,PRJEB51353,SAMEA113548926,,adult,,,SE,,,,,,2016,primary,1.0,7.071
SAMEA113548927,PRJEB51353,SAMEA113548927,,adult,,,SE,,,,,,2016,primary,1.0,6.699
SAMEA113548928,PRJEB51353,SAMEA113548928,,adult,,,SE,,,,,,2015,primary,1.0,7.127
SAMEA113548929,PRJEB51353,SAMEA113548929,,adult,,,SE,,,,,,2015,primary,1.0,7.898
SAMEA113548930,PRJEB51353,SAMEA113548930,,adult,,,SE,,,,,,2016,primary,1.0,10.151
SAMEA113548931,PRJEB51353,SAMEA113548931,,adult,,,SE,,,,,,2015,primary,1.0,6.761
SAMEA113548932,PRJEB51353,SAMEA113548932,,adult,,,SE,,,,,,2015,primary,1.0,6.296
SAMEA113548933,PRJEB51353,SAMEA113548933,,adult,,,SE,,,,,,2015,primary,1.0,9.175
SAMEA113548934,PRJEB51353,SAMEA113548934,,adult,,,SE,,,,,,2017,primary,1.0,9.757
SAMEA113548935,PRJEB51353,SAMEA113548935,,adult,,,SE,,,,,,2017,primary,1.0,8.852
SAMEA113548936,PRJEB51353,SAMEA113548936,,adult,,,SE,,,,,,2016,primary,1.0,7.173
SAMEA113548937,PRJEB51353,SAMEA113548937,,adult,,,SE,,,,,,2016,primary,1.0,6.673
SAMEA113548938,PRJEB51353,SAMEA113548938,,adult,,,SE,,,,,,2017,primary,1.0,9.032
SAMEA113548939,PRJEB51353,SAMEA113548939,,adult,,,SE,,,,,,2016,primary,1.0,6.635
SAMEA113548940,PRJEB51353,SAMEA113548940,,adult,,,SE,,,,,,2015,primary,1.0,7.354
SAMEA113548941,PRJEB51353,SAMEA113548941,,adult,,,SE,,,,,,2016,primary,1.0,7.49
SAMEA113548942,PRJEB51353,SAMEA113548942,,adult,,,SE,,,,,,2016,primary,1.0,7.526
SAMEA113548943,PRJEB51353,SAMEA113548943,,adult,,,SE,,,,,,2018,primary,1.0,7.01
SAMEA113548944,PRJEB51353,SAMEA113548944,,adult,,,SE,,,,,,2016,primary,1.0,7.961
SAMEA113548945,PRJEB51353,SAMEA113548945,,adult,,,SE,,,,,,2017,primary,1.0,7.879
SAMEA113548946,PRJEB51353,SAMEA113548946,,adult,,,SE,,,,,,2015,primary,1.0,11.505
SAMEA113548947,PRJEB51353,SAMEA113548947,,adult,,,SE,,,,,,2018,primary,1.0,8.427
SAMEA113548948,PRJEB51353,SAMEA113548948,,adult,,,SE,,,,,,2015,primary,1.0,8.206
SAMEA113548949,PRJEB51353,SAMEA113548949,,adult,,,SE,,,,,,2017,primary,1.0,15.094
SAMEA113548950,PRJEB51353,SAMEA113548950,,adult,,,SE,,,,,,2015,primary,1.0,11.375
SAMEA113548951,PRJEB51353,SAMEA113548951,,adult,,,SE,,,,,,2016,primary,1.0,7.784
SAMEA113548952,PRJEB51353,SAMEA113548952,,adult,,,SE,,,,,,2016,primary,1.0,7.259
SAMEA113548953,PRJEB51353,SAMEA113548953,,adult,,,SE,,,,,,2017,primary,1.0,6.604
SAMEA113548954,PRJEB51353,SAMEA113548954,,adult,,,SE,,,,,,2017,primary,1.0,9.771
SAMEA113548955,PRJEB51353,SAMEA113548955,,adult,,,SE,,,,,,2015,primary,1.0,8.7
SAMEA113548956,PRJEB51353,SAMEA113548956,,adult,,,SE,,,,,,2017,primary,1.0,6.698
SAMEA113548957,PRJEB51353,SAMEA113548957,,adult,,,SE,,,,,,2017,primary,1.0,8.996
SAMEA113548958,PRJEB51353,SAMEA113548958,,adult,,,SE,,,,,,2015,primary,1.0,8.044
SAMEA113548959,PRJEB51353,SAMEA113548959,,adult,,,SE,,,,,,2017,primary,1.0,7.837
SAMEA113548960,PRJEB51353,SAMEA113548960,,adult,,,SE,,,,,,2017,primary,1.0,7.204
SAMEA113548961,PRJEB51353,SAMEA113548961,,adult,,,SE,,,,,,2017,primary,1.0,6.993
SAMEA113548962,PRJEB51353,SAMEA113548962,,adult,,,SE,,,,,,2017,primary,1.0,7.352
SAMEA113548963,PRJEB51353,SAMEA113548963,,adult,,,SE,,,,,,2015,primary,1.0,6.681
SAMEA113548964,PRJEB51353,SAMEA113548964,,adult,,,SE,,,,,,2017,primary,1.0,10.486
SAMEA113548965,PRJEB51353,SAMEA113548965,,adult,,,SE,,,,,,2017,primary,1.0,7.594
SAMEA113548966,PRJEB51353,SAMEA113548966,,adult,,,SE,,,,,,2016,primary,1.0,7.79
SAMEA113548967,PRJEB51353,SAMEA113548967,,adult,,,SE,,,,,,2015,primary,1.0,7.219
SAMEA113548968,PRJEB51353,SAMEA113548968,,adult,,,SE,,,,,,2017,primary,1.0,8.07
SAMEA113548969,PRJEB51353,SAMEA113548969,,adult,,,SE,,,,,,2017,primary,1.0,7.291
SAMEA113548970,PRJEB51353,SAMEA113548970,,adult,,,SE,,,,,,2015,primary,1.0,8.895
SAMEA113548971,PRJEB51353,SAMEA113548971,,adult,,,SE,,,,,,2016,primary,1.0,6.592
SAMEA113548972,PRJEB51353,SAMEA113548972,,adult,,,SE,,,,,,2016,primary,1.0,9.183
SAMEA113548973,PRJEB51353,SAMEA113548973,,adult,,,SE,,,,,,2018,primary,1.0,8.391
SAMEA113548974,PRJEB51353,SAMEA113548974,,adult,,,SE,,,,,,2016,primary,1.0,7.124
SAMEA113548975,PRJEB51353,SAMEA113548975,,adult,,,SE,,,,,,2015,primary,1.0,10.104
SAMEA113548976,PRJEB51353,SAMEA113548976,,adult,,,SE,,,,,,2015,primary,1.0,7.856
SAMEA113548977,PRJEB51353,SAMEA113548977,,adult,,,SE,,,,,,2016,primary,1.0,6.711
SAMEA113548978,PRJEB51353,SAMEA113548978,,adult,,,SE,,,,,,2017,primary,1.0,6.277
SAMEA113548979,PRJEB51353,SAMEA113548979,,adult,,,SE,,,,,,2016,primary,1.0,9.289
SAMEA113548980,PRJEB51353,SAMEA113548980,,adult,,,SE,,,,,,2015,primary,1.0,8.705
SAMEA113548981,PRJEB51353,SAMEA113548981,,adult,,,SE,,,,,,2015,primary,1.0,7.33
SAMEA113548982,PRJEB51353,SAMEA113548982,,adult,,,SE,,,,,,2015,primary,1.0,6.749
SAMEA113548983,PRJEB51353,SAMEA113548983,,adult,,,SE,,,,,,2017,primary,1.0,6.909
SAMEA113548984,PRJEB51353,SAMEA113548984,,adult,,,SE,,,,,,2017,primary,1.0,7.836
SAMEA113548985,PRJEB51353,SAMEA113548985,,adult,,,SE,,,,,,2016,primary,1.0,8.265
SAMEA113548986,PRJEB51353,SAMEA113548986,,adult,,,SE,,,,,,2016,primary,1.0,7.337
SAMEA113548987,PRJEB51353,SAMEA113548987,,adult,,,SE,,,,,,2016,primary,1.0,6.081
SAMEA113548988,PRJEB51353,SAMEA113548988,,adult,,,SE,,,,,,2015,primary,1.0,6.06
SAMEA113548989,PRJEB51353,SAMEA113548989,,adult,,,SE,,,,,,2017,primary,1.0,9.396
SAMEA113548990,PRJEB51353,SAMEA113548990,,adult,,,SE,,,,,,2017,primary,1.0,6.105
SAMEA113548991,PRJEB51353,SAMEA113548991,,adult,,,SE,,,,,,2016,primary,1.0,10.823
SAMEA113548992,PRJEB51353,SAMEA113548992,,adult,,,SE,,,,,,2018,primary,1.0,6.026
SAMEA113548993,PRJEB51353,SAMEA113548993,,adult,,,SE,,,,,,2016,primary,1.0,10.343
SAMEA113548994,PRJEB51353,SAMEA113548994,,adult,,,SE,,,,,,2016,primary,1.0,8.224
SAMEA113548995,PRJEB51353,SAMEA113548995,,adult,,,SE,,,,,,2015,primary,1.0,8.295
SAMEA113548996,PRJEB51353,SAMEA113548996,,adult,,,SE,,,,,,2015,primary,1.0,6.055
SAMEA113548997,PRJEB51353,SAMEA113548997,,adult,,,SE,,,,,,2018,primary,1.0,14.25
SAMEA113548998,PRJEB51353,SAMEA113548998,,adult,,,SE,,,,,,2016,primary,1.0,6.923
SAMEA113548999,PRJEB51353,SAMEA113548999,,adult,,,SE,,,,,,2016,primary,1.0,7.731
SAMEA113549000,PRJEB51353,SAMEA113549000,,adult,,,SE,,,,,,2017,primary,1.0,6.937
SAMEA113549001,PRJEB51353,SAMEA113549001,,adult,,,SE,,,,,,2016,primary,1.0,6.939
SAMEA113549002,PRJEB51353,SAMEA113549002,,adult,,,SE,,,,,,2015,primary,1.0,7.636
SAMEA113549003,PRJEB51353,SAMEA113549003,,adult,,,SE,,,,,,2015,primary,1.0,14.164
SAMEA113549004,PRJEB51353,SAMEA113549004,,adult,,,SE,,,,,,2015,primary,1.0,5.794
SAMEA113549005,PRJEB51353,SAMEA113549005,,adult,,,SE,,,,,,2017,primary,1.0,7.294
SAMEA113549006,PRJEB51353,SAMEA113549006,,adult,,,SE,,,,,,2016,primary,1.0,7.553
SAMEA113549007,PRJEB51353,SAMEA113549007,,adult,,,SE,,,,,,2018,primary,1.0,8.222
SAMEA113549008,PRJEB51353,SAMEA113549008,,adult,,,SE,,,,,,2014/2018,primary,1.0,7.814
SAMEA113549009,PRJEB51353,SAMEA113549009,,adult,,,SE,,,,,,2015,primary,1.0,7.311
SAMEA113549010,PRJEB51353,SAMEA113549010,,adult,,,SE,,,,,,2017,primary,1.0,7.846
SAMEA113549011,PRJEB51353,SAMEA113549011,,adult,,,SE,,,,,,2015,primary,1.0,9.816
SAMEA113549012,PRJEB51353,SAMEA113549012,,adult,,,SE,,,,,,2015,primary,1.0,9.45
SAMEA113549013,PRJEB51353,SAMEA113549013,,adult,,,SE,,,,,,2017,primary,1.0,8.056
SAMEA113549014,PRJEB51353,SAMEA113549014,,adult,,,SE,,,,,,2015,primary,1.0,8.438
SAMEA113549015,PRJEB51353,SAMEA113549015,,adult,,,SE,,,,,,2017,primary,1.0,14.459
SAMEA113549016,PRJEB51353,SAMEA113549016,,adult,,,SE,,,,,,2016,primary,1.0,7.995
SAMEA113549017,PRJEB51353,SAMEA113549017,,adult,,,SE,,,,,,2017,primary,1.0,16.305
SAMEA113549018,PRJEB51353,SAMEA113549018,,adult,,,SE,,,,,,2017,primary,1.0,7.492
SAMEA113549019,PRJEB51353,SAMEA113549019,,adult,,,SE,,,,,,2016,primary,1.0,8.926
SAMEA113549020,PRJEB51353,SAMEA113549020,,adult,,,SE,,,,,,2016,primary,1.0,8.446
SAMEA113549021,PRJEB51353,SAMEA113549021,,adult,,,SE,,,,,,2015,primary,1.0,8.394
SAMEA113549022,PRJEB51353,SAMEA113549022,,adult,,,SE,,,,,,2015,primary,1.0,9.773
SAMEA113549023,PRJEB51353,SAMEA113549023,,adult,,,SE,,,,,,2016,primary,1.0,7.646
SAMEA113549024,PRJEB51353,SAMEA113549024,,adult,,,SE,,,,,,2015,primary,1.0,27.435
SAMEA113549025,PRJEB51353,SAMEA113549025,,adult,,,SE,,,,,,2017,primary,1.0,6.677
SAMEA113549026,PRJEB51353,SAMEA113549026,,adult,,,SE,,,,,,2015,primary,1.0,7.582
SAMEA113549027,PRJEB51353,SAMEA113549027,,adult,,,SE,,,,,,2016,primary,1.0,8.316
SAMEA113549028,PRJEB51353,SAMEA113549028,,adult,,,SE,,,,,,2017,primary,1.0,10.316
SAMEA113549029,PRJEB51353,SAMEA113549029,,adult,,,SE,,,,,,2016,primary,1.0,9.472
SAMEA113549030,PRJEB51353,SAMEA113549030,,adult,,,SE,,,,,,2015,primary,1.0,6.942
SAMEA113549031,PRJEB51353,SAMEA113549031,,adult,,,SE,,,,,,2015,primary,1.0,6.805
SAMEA113549032,PRJEB51353,SAMEA113549032,,adult,,,SE,,,,,,2015,primary,1.0,7.433
SAMEA113549033,PRJEB51353,SAMEA113549033,,adult,,,SE,,,,,,2016,primary,1.0,6.919
SAMEA113549034,PRJEB51353,SAMEA113549034,,adult,,,SE,,,,,,2016,primary,1.0,8.027
SAMEA113549035,PRJEB51353,SAMEA113549035,,adult,,,SE,,,,,,2018,primary,1.0,8.2
SAMEA113549036,PRJEB51353,SAMEA113549036,,adult,,,SE,,,,,,2015,primary,1.0,7.51
SAMEA113549037,PRJEB51353,SAMEA113549037,,adult,,,SE,,,,,,2016,primary,1.0,7.215
SAMEA113549038,PRJEB51353,SAMEA113549038,,adult,,,SE,,,,,,2017,primary,1.0,7.463
SAMEA113549039,PRJEB51353,SAMEA113549039,,adult,,,SE,,,,,,2017,primary,1.0,6.311
SAMEA113549040,PRJEB51353,SAMEA113549040,,adult,,,SE,,,,,,2016,primary,1.0,10.521
SAMEA113549041,PRJEB51353,SAMEA113549041,,adult,,,SE,,,,,,2017,primary,1.0,8.065
SAMEA113549042,PRJEB51353,SAMEA113549042,,adult,,,SE,,,,,,2015,primary,1.0,8.129
SAMEA113549043,PRJEB51353,SAMEA113549043,,adult,,,SE,,,,,,2018,primary,1.0,8.537
SAMEA113549044,PRJEB51353,SAMEA113549044,,adult,,,SE,,,,,,2018,primary,1.0,6.418
SAMEA113549045,PRJEB51353,SAMEA113549045,,adult,,,SE,,,,,,2015,primary,1.0,8.292
SAMEA113549046,PRJEB51353,SAMEA113549046,,adult,,,SE,,,,,,2017,primary,1.0,7.606
SAMEA113549047,PRJEB51353,SAMEA113549047,,adult,,,SE,,,,,,2017,primary,1.0,11.74
SAMEA113549048,PRJEB51353,SAMEA113549048,,adult,,,SE,,,,,,2017,primary,1.0,7.862
SAMEA113549049,PRJEB51353,SAMEA113549049,,adult,,,SE,,,,,,2015,primary,1.0,8.401
SAMEA113549050,PRJEB51353,SAMEA113549050,,adult,,,SE,,,,,,2015,primary,1.0,6.138
SAMEA113549051,PRJEB51353,SAMEA113549051,,adult,,,SE,,,,,,2015,primary,1.0,7.508
SAMEA113549052,PRJEB51353,SAMEA113549052,,adult,,,SE,,,,,,2015,primary,1.0,7.119
SAMEA113549053,PRJEB51353,SAMEA113549053,,adult,,,SE,,,,,,2017,primary,1.0,7.925
SAMEA113549054,PRJEB51353,SAMEA113549054,,adult,,,SE,,,,,,2015,primary,1.0,7.368
SAMEA113549055,PRJEB51353,SAMEA113549055,,adult,,,SE,,,,,,2015,primary,1.0,8.072
SAMEA113549056,PRJEB51353,SAMEA113549056,,adult,,,SE,,,,,,2015,primary,1.0,7.701
SAMEA113549057,PRJEB51353,SAMEA113549057,,adult,,,SE,,,,,,2016,primary,1.0,7.703
SAMEA113549058,PRJEB51353,SAMEA113549058,,adult,,,SE,,,,,,2015,primary,1.0,6.038
SAMEA113549059,PRJEB51353,SAMEA113549059,,adult,,,SE,,,,,,2016,primary,1.0,11.039
SAMEA113549060,PRJEB51353,SAMEA113549060,,adult,,,SE,,,,,,2016,primary,1.0,7.272
SAMEA113549061,PRJEB51353,SAMEA113549061,,adult,,,SE,,,,,,2017,primary,1.0,7.978
SAMEA113549062,PRJEB51353,SAMEA113549062,,adult,,,SE,,,,,,2017,primary,1.0,6.136
SAMEA113549063,PRJEB51353,SAMEA113549063,,adult,,,SE,,,,,,2016,primary,1.0,11.538
SAMEA113549064,PRJEB51353,SAMEA113549064,,adult,,,SE,,,,,,2017,primary,1.0,8.455
SAMEA113549065,PRJEB51353,SAMEA113549065,,adult,,,SE,,,,,,2016,primary,1.0,6.721
SAMEA113549066,PRJEB51353,SAMEA113549066,,adult,,,SE,,,,,,2017,primary,1.0,9.01
SAMEA113549067,PRJEB51353,SAMEA113549067,,adult,,,SE,,,,,,2016,primary,1.0,7.075
SAMEA113549068,PRJEB51353,SAMEA113549068,,adult,,,SE,,,,,,2017,primary,1.0,6.431
SAMEA113549069,PRJEB51353,SAMEA113549069,,adult,,,SE,,,,,,2016,primary,1.0,7.686
SAMEA113549070,PRJEB51353,SAMEA113549070,,adult,,,SE,,,,,,2016,primary,1.0,9.81
SAMEA113549071,PRJEB51353,SAMEA113549071,,adult,,,SE,,,,,,2016,primary,1.0,7.357
SAMEA113549072,PRJEB51353,SAMEA113549072,,adult,,,SE,,,,,,2015,primary,1.0,8.67
SAMEA113549073,PRJEB51353,SAMEA113549073,,adult,,,SE,,,,,,2015,primary,1.0,10.522
SAMEA113549074,PRJEB51353,SAMEA113549074,,adult,,,SE,,,,,,2016,primary,1.0,7.901
SAMEA113549075,PRJEB51353,SAMEA113549075,,adult,,,SE,,,,,,2015,primary,1.0,6.859
SAMEA113549076,PRJEB51353,SAMEA113549076,,adult,,,SE,,,,,,2018,primary,1.0,6.593
SAMEA113549077,PRJEB51353,SAMEA113549077,,adult,,,SE,,,,,,2017,primary,1.0,6.94
SAMEA113549078,PRJEB51353,SAMEA113549078,,adult,,,SE,,,,,,2016,primary,1.0,6.355
SAMEA113549079,PRJEB51353,SAMEA113549079,,adult,,,SE,,,,,,2017,primary,1.0,10.022
SAMEA113549080,PRJEB51353,SAMEA113549080,,adult,,,SE,,,,,,2016,primary,1.0,7.184
SAMEA113549081,PRJEB51353,SAMEA113549081,,adult,,,SE,,,,,,2017,primary,1.0,8.318
SAMEA113549082,PRJEB51353,SAMEA113549082,,adult,,,SE,,,,,,2017,primary,1.0,7.34
SAMEA113549083,PRJEB51353,SAMEA113549083,,adult,,,SE,,,,,,2017,primary,1.0,9.927
SAMEA113549084,PRJEB51353,SAMEA113549084,,adult,,,SE,,,,,,2016,primary,1.0,8.405
SAMEA113549085,PRJEB51353,SAMEA113549085,,adult,,,SE,,,,,,2016,primary,1.0,7.458
SAMEA113549086,PRJEB51353,SAMEA113549086,,adult,,,SE,,,,,,2017,primary,1.0,6.798
SAMEA113549087,PRJEB51353,SAMEA113549087,,adult,,,SE,,,,,,2015,primary,1.0,6.725
SAMEA113549088,PRJEB51353,SAMEA113549088,,adult,,,SE,,,,,,2016,primary,1.0,12.975
SAMEA113549089,PRJEB51353,SAMEA113549089,,adult,,,SE,,,,,,2015,primary,1.0,7.944
SAMEA113549090,PRJEB51353,SAMEA113549090,,adult,,,SE,,,,,,2015,primary,1.0,8.128
SAMEA113549091,PRJEB51353,SAMEA113549091,,adult,,,SE,,,,,,2016,primary,1.0,8.054
SAMEA113549092,PRJEB51353,SAMEA113549092,,adult,,,SE,,,,,,2017,primary,1.0,6.969
SAMEA113549093,PRJEB51353,SAMEA113549093,,adult,,,SE,,,,,,2017,primary,1.0,9.328
SAMEA113549094,PRJEB51353,SAMEA113549094,,adult,,,SE,,,,,,2015,primary,1.0,6.611
SAMEA113549095,PRJEB51353,SAMEA113549095,,adult,,,SE,,,,,,2017,primary,1.0,7.688
SAMEA113549096,PRJEB51353,SAMEA113549096,,adult,,,SE,,,,,,2016,primary,1.0,8.62
SAMEA113549097,PRJEB51353,SAMEA113549097,,adult,,,SE,,,,,,2016,primary,1.0,8.314
SAMEA113549098,PRJEB51353,SAMEA113549098,,adult,,,SE,,,,,,2015,primary,1.0,10.369
SAMEA113549099,PRJEB51353,SAMEA113549099,,adult,,,SE,,,,,,2017,primary,1.0,6.659
SAMEA113549100,PRJEB51353,SAMEA113549100,,adult,,,SE,,,,,,2017,primary,1.0,7.775
SAMEA113549101,PRJEB51353,SAMEA113549101,,adult,,,SE,,,,,,2017,primary,1.0,7.429
SAMEA113549102,PRJEB51353,SAMEA113549102,,adult,,,SE,,,,,,2017,primary,1.0,7.713
SAMEA113549103,PRJEB51353,SAMEA113549103,,adult,,,SE,,,,,,2015,primary,1.0,7.683
SAMEA113549104,PRJEB51353,SAMEA113549104,,adult,,,SE,,,,,,2015,primary,1.0,9.239
SAMEA113549105,PRJEB51353,SAMEA113549105,,adult,,,SE,,,,,,2017,primary,1.0,9.383
SAMEA113549106,PRJEB51353,SAMEA113549106,,adult,,,SE,,,,,,2017,primary,1.0,6.986
SAMEA113549107,PRJEB51353,SAMEA113549107,,adult,,,SE,,,,,,2017,primary,1.0,8.822
SAMEA113549108,PRJEB51353,SAMEA113549108,,adult,,,SE,,,,,,2015,primary,1.0,7.657
SAMEA113549109,PRJEB51353,SAMEA113549109,,adult,,,SE,,,,,,2017,primary,1.0,6.57
SAMEA113549110,PRJEB51353,SAMEA113549110,,adult,,,SE,,,,,,2016,primary,1.0,10.041
SAMEA113549111,PRJEB51353,SAMEA113549111,,adult,,,SE,,,,,,2017,primary,1.0,9.768
SAMEA113549112,PRJEB51353,SAMEA113549112,,adult,,,SE,,,,,,2018,primary,1.0,9.817
SAMEA113549113,PRJEB51353,SAMEA113549113,,adult,,,SE,,,,,,2017,primary,1.0,10.475
SAMEA113549114,PRJEB51353,SAMEA113549114,,adult,,,SE,,,,,,2018,primary,1.0,12.13
SAMEA113549115,PRJEB51353,SAMEA113549115,,adult,,,SE,,,,,,2015,primary,1.0,7.041
SAMEA113549116,PRJEB51353,SAMEA113549116,,adult,,,SE,,,,,,2017,primary,1.0,7.468
SAMEA113549117,PRJEB51353,SAMEA113549117,,adult,,,SE,,,,,,2015,primary,1.0,8.67
SAMEA113549118,PRJEB51353,SAMEA113549118,,adult,,,SE,,,,,,2016,primary,1.0,8.271
SAMEA113549119,PRJEB51353,SAMEA113549119,,adult,,,SE,,,,,,2017,primary,1.0,9.199
SAMEA113549120,PRJEB51353,SAMEA113549120,,adult,,,SE,,,,,,2015,primary,1.0,9.354
SAMEA113549121,PRJEB51353,SAMEA113549121,,adult,,,SE,,,,,,2016,primary,1.0,7.772
SAMEA113549122,PRJEB51353,SAMEA113549122,,adult,,,SE,,,,,,2017,primary,1.0,8.403
SAMEA113549123,PRJEB51353,SAMEA113549123,,adult,,,SE,,,,,,2016,primary,1.0,8.582
SAMEA113549124,PRJEB51353,SAMEA113549124,,adult,,,SE,,,,,,2015,primary,1.0,6.558
SAMEA113549125,PRJEB51353,SAMEA113549125,,adult,,,SE,,,,,,2015,primary,1.0,8.59
SAMEA113549126,PRJEB51353,SAMEA113549126,,adult,,,SE,,,,,,2015,primary,1.0,7.496
SAMEA113549127,PRJEB51353,SAMEA113549127,,adult,,,SE,,,,,,2016,primary,1.0,6.759
SAMEA113549128,PRJEB51353,SAMEA113549128,,adult,,,SE,,,,,,2016,primary,1.0,9.153
SAMEA113549129,PRJEB51353,SAMEA113549129,,adult,,,SE,,,,,,2015,primary,1.0,6.699
SAMEA113549130,PRJEB51353,SAMEA113549130,,adult,,,SE,,,,,,2015,primary,1.0,9.755
SAMEA113549131,PRJEB51353,SAMEA113549131,,adult,,,SE,,,,,,2017,primary,1.0,6.694
SAMEA113549132,PRJEB51353,SAMEA113549132,,adult,,,SE,,,,,,2015,primary,1.0,7.53
SAMEA113549133,PRJEB51353,SAMEA113549133,,adult,,,SE,,,,,,2016,primary,1.0,6.262
SAMEA113549134,PRJEB51353,SAMEA113549134,,adult,,,SE,,,,,,2017,primary,1.0,9.047
SAMEA113549135,PRJEB51353,SAMEA113549135,,adult,,,SE,,,,,,2015,primary,1.0,6.087
SAMEA113549136,PRJEB51353,SAMEA113549136,,adult,,,SE,,,,,,2015,primary,1.0,7.318
SAMEA113549137,PRJEB51353,SAMEA113549137,,adult,,,SE,,,,,,2016,primary,1.0,8.323
SAMEA113549138,PRJEB51353,SAMEA113549138,,adult,,,SE,,,,,,2017,primary,1.0,7.245
SAMEA113549139,PRJEB51353,SAMEA113549139,,adult,,,SE,,,,,,2017,primary,1.0,6.041
SAMEA113549140,PRJEB51353,SAMEA113549140,,adult,,,SE,,,,,,2017,primary,1.0,6.346
SAMEA113549141,PRJEB51353,SAMEA113549141,,adult,,,SE,,,,,,2016,primary,1.0,8.412
SAMEA113549142,PRJEB51353,SAMEA113549142,,adult,,,SE,,,,,,2017,primary,1.0,7.749
SAMEA113549143,PRJEB51353,SAMEA113549143,,adult,,,SE,,,,,,2015,primary,1.0,7.969
SAMEA113549144,PRJEB51353,SAMEA113549144,,adult,,,SE,,,,,,2016,primary,1.0,8.878
SAMEA113549145,PRJEB51353,SAMEA113549145,,adult,,,SE,,,,,,2016,primary,1.0,6.941
SAMEA113549146,PRJEB51353,SAMEA113549146,,adult,,,SE,,,,,,2016,primary,1.0,9.727
SAMEA113549147,PRJEB51353,SAMEA113549147,,adult,,,SE,,,,,,2018,primary,1.0,7.883
SAMEA113549148,PRJEB51353,SAMEA113549148,,adult,,,SE,,,,,,2016,primary,1.0,8.617
SAMEA113549149,PRJEB51353,SAMEA113549149,,adult,,,SE,,,,,,2017,primary,1.0,7.435
SAMEA113549150,PRJEB51353,SAMEA113549150,,adult,,,SE,,,,,,2017,primary,1.0,7.596
SAMEA113549151,PRJEB51353,SAMEA113549151,,adult,,,SE,,,,,,2015,primary,1.0,6.299
SAMEA113549152,PRJEB51353,SAMEA113549152,,adult,,,SE,,,,,,2017,primary,1.0,8.23
SAMEA113549153,PRJEB51353,SAMEA113549153,,adult,,,SE,,,,,,2016,primary,1.0,6.938
SAMEA113549154,PRJEB51353,SAMEA113549154,,adult,,,SE,,,,,,2017,primary,1.0,6.645
SAMEA113549155,PRJEB51353,SAMEA113549155,,adult,,,SE,,,,,,2015,primary,1.0,6.215
SAMEA113549156,PRJEB51353,SAMEA113549156,,adult,,,SE,,,,,,2017,primary,1.0,9.654
SAMEA113549157,PRJEB51353,SAMEA113549157,,adult,,,SE,,,,,,2017,primary,1.0,6.414
SAMEA113549158,PRJEB51353,SAMEA113549158,,adult,,,SE,,,,,,2017,primary,1.0,8.783
SAMEA113549159,PRJEB51353,SAMEA113549159,,adult,,,SE,,,,,,2015,primary,1.0,7.545
SAMEA113549160,PRJEB51353,SAMEA113549160,,adult,,,SE,,,,,,2015,primary,1.0,7.143
SAMEA113549161,PRJEB51353,SAMEA113549161,,adult,,,SE,,,,,,2015,primary,1.0,10.7
SAMEA113549162,PRJEB51353,SAMEA113549162,,adult,,,SE,,,,,,2017,primary,1.0,10.178
SAMEA113549163,PRJEB51353,SAMEA113549163,,adult,,,SE,,,,,,2018,primary,1.0,8.772
SAMEA113549164,PRJEB51353,SAMEA113549164,,adult,,,SE,,,,,,2016,primary,1.0,10.678
SAMEA113549165,PRJEB51353,SAMEA113549165,,adult,,,SE,,,,,,2016,primary,1.0,10.231
SAMEA113549166,PRJEB51353,SAMEA113549166,,adult,,,SE,,,,,,2016,primary,1.0,7.61
SAMEA113549167,PRJEB51353,SAMEA113549167,,adult,,,SE,,,,,,2017,primary,1.0,6.31
SAMEA113549168,PRJEB51353,SAMEA113549168,,adult,,,SE,,,,,,2016,primary,1.0,10.598
SAMEA113549169,PRJEB51353,SAMEA113549169,,adult,,,SE,,,,,,2017,primary,1.0,6.373
SAMEA113549170,PRJEB51353,SAMEA113549170,,adult,,,SE,,,,,,2015,primary,1.0,8.472
SAMEA113549171,PRJEB51353,SAMEA113549171,,adult,,,SE,,,,,,2015,primary,1.0,7.194
SAMEA113549172,PRJEB51353,SAMEA113549172,,adult,,,SE,,,,,,2015,primary,1.0,7.074
SAMEA113549173,PRJEB51353,SAMEA113549173,,adult,,,SE,,,,,,2017,primary,1.0,8.442
SAMEA113549174,PRJEB51353,SAMEA113549174,,adult,,,SE,,,,,,2015,primary,1.0,11.128
SAMEA113549175,PRJEB51353,SAMEA113549175,,adult,,,SE,,,,,,2017,primary,1.0,6.383
SAMEA113549176,PRJEB51353,SAMEA113549176,,adult,,,SE,,,,,,2016,primary,1.0,7.587
SAMEA113549177,PRJEB51353,SAMEA113549177,,adult,,,SE,,,,,,2015,primary,1.0,8.793
SAMEA113549178,PRJEB51353,SAMEA113549178,,adult,,,SE,,,,,,2015,primary,1.0,6.954
SAMEA113549179,PRJEB51353,SAMEA113549179,,adult,,,SE,,,,,,2017,primary,1.0,7.535
SAMEA113549180,PRJEB51353,SAMEA113549180,,adult,,,SE,,,,,,2017,primary,1.0,6.001
SAMEA113549181,PRJEB51353,SAMEA113549181,,adult,,,SE,,,,,,2017,primary,1.0,7.049
SAMEA113549182,PRJEB51353,SAMEA113549182,,adult,,,SE,,,,,,2017,primary,1.0,6.967
SAMEA113549183,PRJEB51353,SAMEA113549183,,adult,,,SE,,,,,,2016,primary,1.0,6.504
SAMEA113549184,PRJEB51353,SAMEA113549184,,adult,,,SE,,,,,,2016,primary,1.0,7.268
SAMEA113549185,PRJEB51353,SAMEA113549185,,adult,,,SE,,,,,,2015,primary,1.0,7.348
SAMEA113549186,PRJEB51353,SAMEA113549186,,adult,,,SE,,,,,,2015,primary,1.0,6.633
SAMEA113549187,PRJEB51353,SAMEA113549187,,adult,,,SE,,,,,,2017,primary,1.0,7.687
SAMEA113549188,PRJEB51353,SAMEA113549188,,adult,,,SE,,,,,,2015,primary,1.0,9.74
SAMEA113549189,PRJEB51353,SAMEA113549189,,adult,,,SE,,,,,,2017,primary,1.0,7.064
SAMEA113549190,PRJEB51353,SAMEA113549190,,adult,,,SE,,,,,,2016,primary,1.0,7.231
SAMEA113549191,PRJEB51353,SAMEA113549191,,adult,,,SE,,,,,,2016,primary,1.0,7.125
SAMEA113549192,PRJEB51353,SAMEA113549192,,adult,,,SE,,,,,,2016,primary,1.0,7.482
SAMEA113549193,PRJEB51353,SAMEA113549193,,adult,,,SE,,,,,,2017,primary,1.0,6.286
SAMEA113549194,PRJEB51353,SAMEA113549194,,adult,,,SE,,,,,,2016,primary,1.0,7.217
SAMEA113549195,PRJEB51353,SAMEA113549195,,adult,,,SE,,,,,,2017,primary,1.0,11.771
SAMEA113549196,PRJEB51353,SAMEA113549196,,adult,,,SE,,,,,,2015,primary,1.0,7.699
SAMEA113549197,PRJEB51353,SAMEA113549197,,adult,,,SE,,,,,,2017,primary,1.0,8.726
SAMEA113549198,PRJEB51353,SAMEA113549198,,adult,,,SE,,,,,,2018,primary,1.0,7.947
SAMEA113549199,PRJEB51353,SAMEA113549199,,adult,,,SE,,,,,,2015,primary,1.0,8.219
SAMEA113549200,PRJEB51353,SAMEA113549200,,adult,,,SE,,,,,,2018,primary,1.0,9.509
SAMEA113549201,PRJEB51353,SAMEA113549201,,adult,,,SE,,,,,,2016,primary,1.0,6.465
SAMEA113549202,PRJEB51353,SAMEA113549202,,adult,,,SE,,,,,,2017,primary,1.0,8.702
SAMEA113549203,PRJEB51353,SAMEA113549203,,adult,,,SE,,,,,,2018,primary,1.0,13.468
SAMEA113549204,PRJEB51353,SAMEA113549204,,adult,,,SE,,,,,,2017,primary,1.0,9.731
SAMEA113549205,PRJEB51353,SAMEA113549205,,adult,,,SE,,,,,,2017,primary,1.0,7.709
SAMEA113549206,PRJEB51353,SAMEA113549206,,adult,,,SE,,,,,,2016,primary,1.0,12.055
SAMEA113549207,PRJEB51353,SAMEA113549207,,adult,,,SE,,,,,,2016,primary,1.0,6.775
SAMEA113549208,PRJEB51353,SAMEA113549208,,adult,,,SE,,,,,,2015,primary,1.0,7.142
SAMEA113549209,PRJEB51353,SAMEA113549209,,adult,,,SE,,,,,,2015,primary,1.0,8.198
SAMEA113549210,PRJEB51353,SAMEA113549210,,adult,,,SE,,,,,,2016,primary,1.0,6.99
SAMEA113549211,PRJEB51353,SAMEA113549211,,adult,,,SE,,,,,,2015,primary,1.0,7.099
SAMEA113549212,PRJEB51353,SAMEA113549212,,adult,,,SE,,,,,,2018,primary,1.0,6.024
SAMEA113549213,PRJEB51353,SAMEA113549213,,adult,,,SE,,,,,,2015,primary,1.0,6.883
SAMEA113549214,PRJEB51353,SAMEA113549214,,adult,,,SE,,,,,,2016,primary,1.0,7.253
SAMEA113549215,PRJEB51353,SAMEA113549215,,adult,,,SE,,,,,,2016,primary,1.0,6.258
SAMEA113549216,PRJEB51353,SAMEA113549216,,adult,,,SE,,,,,,2017,primary,1.0,7.705
SAMEA113549217,PRJEB51353,SAMEA113549217,,adult,,,SE,,,,,,2017,primary,1.0,7.02
SAMEA113549218,PRJEB51353,SAMEA113549218,,adult,,,SE,,,,,,2017,primary,1.0,8.4
SAMEA113549219,PRJEB51353,SAMEA113549219,,adult,,,SE,,,,,,2016,primary,1.0,9.283
SAMEA113549220,PRJEB51353,SAMEA113549220,,adult,,,SE,,,,,,2017,primary,1.0,9.416
SAMEA113549221,PRJEB51353,SAMEA113549221,,adult,,,SE,,,,,,2017,primary,1.0,6.658
SAMEA113549222,PRJEB51353,SAMEA113549222,,adult,,,SE,,,,,,2015,primary,1.0,8.068
SAMEA113549223,PRJEB51353,SAMEA113549223,,adult,,,SE,,,,,,2016,primary,1.0,7.265
SAMEA113549224,PRJEB51353,SAMEA113549224,,adult,,,SE,,,,,,2017,primary,1.0,7.154
SAMEA113549225,PRJEB51353,SAMEA113549225,,adult,,,SE,,,,,,2018,primary,1.0,8.171
SAMEA113549226,PRJEB51353,SAMEA113549226,,adult,,,SE,,,,,,2016,primary,1.0,9.305
SAMEA113549227,PRJEB51353,SAMEA113549227,,adult,,,SE,,,,,,2017,primary,1.0,8.58
SAMEA113549228,PRJEB51353,SAMEA113549228,,adult,,,SE,,,,,,2016,primary,1.0,8.349
SAMEA113549229,PRJEB51353,SAMEA113549229,,adult,,,SE,,,,,,2016,primary,1.0,7.301
SAMEA113549230,PRJEB51353,SAMEA113549230,,adult,,,SE,,,,,,2015,primary,1.0,6.093
SAMEA113549231,PRJEB51353,SAMEA113549231,,adult,,,SE,,,,,,2017,primary,1.0,6.293
SAMEA113549232,PRJEB51353,SAMEA113549232,,adult,,,SE,,,,,,2015,primary,1.0,6.154
SAMEA113549233,PRJEB51353,SAMEA113549233,,adult,,,SE,,,,,,2017,primary,1.0,7.209
SAMEA113549234,PRJEB51353,SAMEA113549234,,adult,,,SE,,,,,,2015,primary,1.0,7.322
SAMEA113549235,PRJEB51353,SAMEA113549235,,adult,,,SE,,,,,,2017,primary,1.0,8.468
SAMEA113549236,PRJEB51353,SAMEA113549236,,adult,,,SE,,,,,,2017,primary,1.0,7.903
SAMEA113549237,PRJEB51353,SAMEA113549237,,adult,,,SE,,,,,,2016,primary,1.0,10.617
SAMEA113549238,PRJEB51353,SAMEA113549238,,adult,,,SE,,,,,,2017,primary,1.0,10.729
SAMEA113549239,PRJEB51353,SAMEA113549239,,adult,,,SE,,,,,,2016,primary,1.0,7.37
SAMEA113549240,PRJEB51353,SAMEA113549240,,adult,,,SE,,,,,,2016,primary,1.0,8.287
SAMEA113549241,PRJEB51353,SAMEA113549241,,adult,,,SE,,,,,,2015,primary,1.0,8.65
SAMEA113549242,PRJEB51353,SAMEA113549242,,adult,,,SE,,,,,,2015,primary,1.0,8.46
SAMEA113549243,PRJEB51353,SAMEA113549243,,adult,,,SE,,,,,,2015,primary,1.0,8.541
SAMEA113549244,PRJEB51353,SAMEA113549244,,adult,,,SE,,,,,,2017,primary,1.0,8.255
SAMEA113549245,PRJEB51353,SAMEA113549245,,adult,,,SE,,,,,,2016,primary,1.0,7.548
SAMEA113549246,PRJEB51353,SAMEA113549246,,adult,,,SE,,,,,,2017,primary,1.0,6.685
SAMEA113549247,PRJEB51353,SAMEA113549247,,adult,,,SE,,,,,,2017,primary,1.0,6.655
SAMEA113549248,PRJEB51353,SAMEA113549248,,adult,,,SE,,,,,,2016,primary,1.0,7.929
SAMEA113549249,PRJEB51353,SAMEA113549249,,adult,,,SE,,,,,,2015,primary,1.0,7.648
SAMEA113549250,PRJEB51353,SAMEA113549250,,adult,,,SE,,,,,,2015,primary,1.0,8.098
SAMEA113549251,PRJEB51353,SAMEA113549251,,adult,,,SE,,,,,,2015,primary,1.0,6.316
SAMEA113549252,PRJEB51353,SAMEA113549252,,adult,,,SE,,,,,,2015,primary,1.0,6.916
SAMEA113549253,PRJEB51353,SAMEA113549253,,adult,,,SE,,,,,,2016,primary,1.0,7.965
SAMEA113549254,PRJEB51353,SAMEA113549254,,adult,,,SE,,,,,,2015,primary,1.0,7.462
SAMEA113549255,PRJEB51353,SAMEA113549255,,adult,,,SE,,,,,,2018,primary,1.0,6.566
SAMEA113549256,PRJEB51353,SAMEA113549256,,adult,,,SE,,,,,,2015,primary,1.0,8.191
SAMEA113549257,PRJEB51353,SAMEA113549257,,adult,,,SE,,,,,,2015,primary,1.0,7.586
SAMEA113549258,PRJEB51353,SAMEA113549258,,adult,,,SE,,,,,,2017,primary,1.0,7.615
SAMEA113549259,PRJEB51353,SAMEA113549259,,adult,,,SE,,,,,,2017,primary,1.0,8.791
SAMEA113549260,PRJEB51353,SAMEA113549260,,adult,,,SE,,,,,,2018,primary,1.0,8.882
SAMEA113549261,PRJEB51353,SAMEA113549261,,adult,,,SE,,,,,,2018,primary,1.0,7.487
SAMEA113549262,PRJEB51353,SAMEA113549262,,adult,,,SE,,,,,,2017,primary,1.0,9.384
SAMEA113549263,PRJEB51353,SAMEA113549263,,adult,,,SE,,,,,,2015,primary,1.0,6.668
SAMEA113549264,PRJEB51353,SAMEA113549264,,adult,,,SE,,,,,,2015,primary,1.0,6.795
SAMEA113549265,PRJEB51353,SAMEA113549265,,adult,,,SE,,,,,,2015,primary,1.0,7.138
SAMEA113549266,PRJEB51353,SAMEA113549266,,adult,,,SE,,,,,,2018,primary,1.0,11.604
SAMEA113549267,PRJEB51353,SAMEA113549267,,adult,,,SE,,,,,,2016,primary,1.0,6.05
SAMEA113549268,PRJEB51353,SAMEA113549268,,adult,,,SE,,,,,,2016,primary,1.0,6.347
SAMEA113549269,PRJEB51353,SAMEA113549269,,adult,,,SE,,,,,,2016,primary,1.0,6.713
SAMEA113549270,PRJEB51353,SAMEA113549270,,adult,,,SE,,,,,,2016,primary,1.0,7.52
SAMEA113549271,PRJEB51353,SAMEA113549271,,adult,,,SE,,,,,,2017,primary,1.0,6.264
SAMEA113549272,PRJEB51353,SAMEA113549272,,adult,,,SE,,,,,,2017,primary,1.0,7.017
SAMEA113549273,PRJEB51353,SAMEA113549273,,adult,,,SE,,,,,,2016,primary,1.0,6.904
SAMEA113549274,PRJEB51353,SAMEA113549274,,adult,,,SE,,,,,,2017,primary,1.0,17.1
SAMEA113549275,PRJEB51353,SAMEA113549275,,adult,,,SE,,,,,,2017,primary,1.0,8.351
SAMEA113549276,PRJEB51353,SAMEA113549276,,adult,,,SE,,,,,,2015,primary,1.0,6.794
SAMEA113549277,PRJEB51353,SAMEA113549277,,adult,,,SE,,,,,,2015,primary,1.0,8.422
SAMEA113549278,PRJEB51353,SAMEA113549278,,adult,,,SE,,,,,,2017,primary,1.0,6.933
SAMEA113549279,PRJEB51353,SAMEA113549279,,adult,,,SE,,,,,,2016,primary,1.0,6.999
SAMEA113549280,PRJEB51353,SAMEA113549280,,adult,,,SE,,,,,,2018,primary,1.0,7.884
SAMEA113549281,PRJEB51353,SAMEA113549281,,adult,,,SE,,,,,,2015,primary,1.0,6.242
SAMEA113549282,PRJEB51353,SAMEA113549282,,adult,,,SE,,,,,,2017,primary,1.0,7.676
SAMEA113549283,PRJEB51353,SAMEA113549283,,adult,,,SE,,,,,,2016,primary,1.0,7.83
SAMEA113549284,PRJEB51353,SAMEA113549284,,adult,,,SE,,,,,,2015,primary,1.0,7.804
SAMEA113549285,PRJEB51353,SAMEA113549285,,adult,,,SE,,,,,,2017,primary,1.0,6.948
SAMEA113549286,PRJEB51353,SAMEA113549286,,adult,,,SE,,,,,,2016,primary,1.0,6.085
SAMEA113549287,PRJEB51353,SAMEA113549287,,adult,,,SE,,,,,,2015,primary,1.0,8.059
SAMEA113549288,PRJEB51353,SAMEA113549288,,adult,,,SE,,,,,,2017,primary,1.0,6.425
SAMEA113549289,PRJEB51353,SAMEA113549289,,adult,,,SE,,,,,,2017,primary,1.0,7.024
SAMEA113549290,PRJEB51353,SAMEA113549290,,adult,,,SE,,,,,,2015,primary,1.0,7.63
SAMEA113549291,PRJEB51353,SAMEA113549291,,adult,,,SE,,,,,,2017,primary,1.0,6.93
SAMEA113549292,PRJEB51353,SAMEA113549292,,adult,,,SE,,,,,,2016,primary,1.0,8.272
SAMEA113549293,PRJEB51353,SAMEA113549293,,adult,,,SE,,,,,,2017,primary,1.0,6.903
SAMEA113549294,PRJEB51353,SAMEA113549294,,adult,,,SE,,,,,,2015,primary,1.0,7.591
SAMEA113549295,PRJEB51353,SAMEA113549295,,adult,,,SE,,,,,,2015,primary,1.0,6.869
SAMEA113549296,PRJEB51353,SAMEA113549296,,adult,,,SE,,,,,,2017,primary,1.0,8.038
SAMEA113549297,PRJEB51353,SAMEA113549297,,adult,,,SE,,,,,,2015,primary,1.0,6.182
SAMEA113549298,PRJEB51353,SAMEA113549298,,adult,,,SE,,,,,,2015,primary,1.0,7.507
SAMEA113549299,PRJEB51353,SAMEA113549299,,adult,,,SE,,,,,,2017,primary,1.0,7.19
SAMEA113549300,PRJEB51353,SAMEA113549300,,adult,,,SE,,,,,,2017,primary,1.0,6.803
SAMEA113549301,PRJEB51353,SAMEA113549301,,adult,,,SE,,,,,,2016,primary,1.0,8.099
SAMEA113549302,PRJEB51353,SAMEA113549302,,adult,,,SE,,,,,,2017,primary,1.0,9.128
SAMEA113549303,PRJEB51353,SAMEA113549303,,adult,,,SE,,,,,,2016,primary,1.0,7.627
SAMEA113549304,PRJEB51353,SAMEA113549304,,adult,,,SE,,,,,,2017,primary,1.0,8.396
SAMEA113549305,PRJEB51353,SAMEA113549305,,adult,,,SE,,,,,,2017,primary,1.0,11.799
SAMEA113549306,PRJEB51353,SAMEA113549306,,adult,,,SE,,,,,,2015,primary,1.0,8.027
SAMEA113549307,PRJEB51353,SAMEA113549307,,adult,,,SE,,,,,,2015,primary,1.0,7.231
SAMEA113549308,PRJEB51353,SAMEA113549308,,adult,,,SE,,,,,,2016,primary,1.0,6.997
SAMEA113549309,PRJEB51353,SAMEA113549309,,adult,,,SE,,,,,,2016,primary,1.0,8.683
SAMEA113549310,PRJEB51353,SAMEA113549310,,adult,,,SE,,,,,,2017,primary,1.0,8.065
SAMEA113549311,PRJEB51353,SAMEA113549311,,adult,,,SE,,,,,,2017,primary,1.0,7.001
SAMEA113549312,PRJEB51353,SAMEA113549312,,adult,,,SE,,,,,,2017,primary,1.0,6.405
SAMEA113549313,PRJEB51353,SAMEA113549313,,adult,,,SE,,,,,,2016,primary,1.0,6.691
SAMEA113549314,PRJEB51353,SAMEA113549314,,adult,,,SE,,,,,,2015,primary,1.0,7.027
SAMEA113549315,PRJEB51353,SAMEA113549315,,adult,,,SE,,,,,,2015,primary,1.0,6.985
SAMEA113549316,PRJEB51353,SAMEA113549316,,adult,,,SE,,,,,,2016,primary,1.0,6.148
SAMEA113549317,PRJEB51353,SAMEA113549317,,adult,,,SE,,,,,,2015,primary,1.0,8.389
SAMEA113549318,PRJEB51353,SAMEA113549318,,adult,,,SE,,,,,,2017,primary,1.0,8.551
SAMEA113549319,PRJEB51353,SAMEA113549319,,adult,,,SE,,,,,,2016,primary,1.0,6.851
SAMEA113549320,PRJEB51353,SAMEA113549320,,adult,,,SE,,,,,,2015,primary,1.0,7.391
SAMEA113549321,PRJEB51353,SAMEA113549321,,adult,,,SE,,,,,,2016,primary,1.0,7.37
SAMEA113549322,PRJEB51353,SAMEA113549322,,adult,,,SE,,,,,,2016,primary,1.0,7.743
SAMEA113549323,PRJEB51353,SAMEA113549323,,adult,,,SE,,,,,,2015,primary,1.0,8.404
SAMEA113549324,PRJEB51353,SAMEA113549324,,adult,,,SE,,,,,,2016,primary,1.0,6.714
SAMEA113549325,PRJEB51353,SAMEA113549325,,adult,,,SE,,,,,,2016,primary,1.0,13.353
SAMEA113549326,PRJEB51353,SAMEA113549326,,adult,,,SE,,,,,,2016,primary,1.0,9.622
SAMEA113549327,PRJEB51353,SAMEA113549327,,adult,,,SE,,,,,,2017,primary,1.0,15.138
SAMEA113549328,PRJEB51353,SAMEA113549328,,adult,,,SE,,,,,,2017,primary,1.0,7.477
SAMEA113549329,PRJEB51353,SAMEA113549329,,adult,,,SE,,,,,,2017,primary,1.0,9.422
SAMEA113549330,PRJEB51353,SAMEA113549330,,adult,,,SE,,,,,,2016,primary,1.0,7.178
SAMEA113549331,PRJEB51353,SAMEA113549331,,adult,,,SE,,,,,,2016,primary,1.0,6.558
SAMEA113549332,PRJEB51353,SAMEA113549332,,adult,,,SE,,,,,,2015,primary,1.0,7.369
SAMEA113549333,PRJEB51353,SAMEA113549333,,adult,,,SE,,,,,,2016,primary,1.0,6.569
SAMEA113549334,PRJEB51353,SAMEA113549334,,adult,,,SE,,,,,,2017,primary,1.0,7.831
SAMEA113549335,PRJEB51353,SAMEA113549335,,adult,,,SE,,,,,,2015,primary,1.0,8.355
SAMEA113549336,PRJEB51353,SAMEA113549336,,adult,,,SE,,,,,,2015,primary,1.0,8.218
SAMEA113549337,PRJEB51353,SAMEA113549337,,adult,,,SE,,,,,,2016,primary,1.0,6.515
SAMEA113549338,PRJEB51353,SAMEA113549338,,adult,,,SE,,,,,,2016,primary,1.0,10.382
SAMEA113549339,PRJEB51353,SAMEA113549339,,adult,,,SE,,,,,,2015,primary,1.0,5.816
SAMEA113549340,PRJEB51353,SAMEA113549340,,adult,,,SE,,,,,,2016,primary,1.0,6.834
SAMEA113549341,PRJEB51353,SAMEA113549341,,adult,,,SE,,,,,,2017,primary,1.0,8.76
SAMEA113549342,PRJEB51353,SAMEA113549342,,adult,,,SE,,,,,,2016,primary,1.0,7.182
SAMEA113549343,PRJEB51353,SAMEA113549343,,adult,,,SE,,,,,,2016,primary,1.0,6.174
SAMEA113549344,PRJEB51353,SAMEA113549344,,adult,,,SE,,,,,,2016,primary,1.0,9.23
SAMEA113549345,PRJEB51353,SAMEA113549345,,adult,,,SE,,,,,,2016,primary,1.0,6.075
SAMEA113549346,PRJEB51353,SAMEA113549346,,adult,,,SE,,,,,,2017,primary,1.0,8.081
SAMEA113549347,PRJEB51353,SAMEA113549347,,adult,,,SE,,,,,,2016,primary,1.0,9.127
SAMEA113549348,PRJEB51353,SAMEA113549348,,adult,,,SE,,,,,,2018,primary,1.0,7.097
SAMEA113549349,PRJEB51353,SAMEA113549349,,adult,,,SE,,,,,,2016,primary,1.0,7.22
SAMEA113549350,PRJEB51353,SAMEA113549350,,adult,,,SE,,,,,,2015,primary,1.0,7.723
SAMEA113549351,PRJEB51353,SAMEA113549351,,adult,,,SE,,,,,,2015,primary,1.0,8.23
SAMEA113549352,PRJEB51353,SAMEA113549352,,adult,,,SE,,,,,,2015,primary,1.0,5.965
SAMEA113549353,PRJEB51353,SAMEA113549353,,adult,,,SE,,,,,,2017,primary,1.0,6.223
SAMEA113549354,PRJEB51353,SAMEA113549354,,adult,,,SE,,,,,,2016,primary,1.0,7.274
SAMEA113549355,PRJEB51353,SAMEA113549355,,adult,,,SE,,,,,,2015,primary,1.0,7.975
SAMEA113549356,PRJEB51353,SAMEA113549356,,adult,,,SE,,,,,,2017,primary,1.0,6.251
SAMEA113549357,PRJEB51353,SAMEA113549357,,adult,,,SE,,,,,,2015,primary,1.0,7.268
SAMEA113549358,PRJEB51353,SAMEA113549358,,adult,,,SE,,,,,,2015,primary,1.0,6.38
SAMEA113549359,PRJEB51353,SAMEA113549359,,adult,,,SE,,,,,,2015,primary,1.0,7.134
SAMEA113549360,PRJEB51353,SAMEA113549360,,adult,,,SE,,,,,,2016,primary,1.0,6.314
SAMEA113549361,PRJEB51353,SAMEA113549361,,adult,,,SE,,,,,,2017,primary,1.0,7.098
SAMEA113549362,PRJEB51353,SAMEA113549362,,adult,,,SE,,,,,,2015,primary,1.0,7.506
SAMEA113549363,PRJEB51353,SAMEA113549363,,adult,,,SE,,,,,,2017,primary,1.0,8.338
SAMEA113549364,PRJEB51353,SAMEA113549364,,adult,,,SE,,,,,,2016,primary,1.0,6.776
SAMEA113549365,PRJEB51353,SAMEA113549365,,adult,,,SE,,,,,,2015,primary,1.0,11.438
SAMEA113549366,PRJEB51353,SAMEA113549366,,adult,,,SE,,,,,,2017,primary,1.0,7.455
SAMEA113549367,PRJEB51353,SAMEA113549367,,adult,,,SE,,,,,,2015,primary,1.0,7.451
SAMEA113549368,PRJEB51353,SAMEA113549368,,adult,,,SE,,,,,,2016,primary,1.0,6.432
SAMEA113549369,PRJEB51353,SAMEA113549369,,adult,,,SE,,,,,,2015,primary,1.0,6.765
SAMEA113549370,PRJEB51353,SAMEA113549370,,adult,,,SE,,,,,,2017,primary,1.0,7.708
SAMEA113549371,PRJEB51353,SAMEA113549371,,adult,,,SE,,,,,,2016,primary,1.0,6.542
SAMEA113549372,PRJEB51353,SAMEA113549372,,adult,,,SE,,,,,,2015,primary,1.0,8.028
SAMEA113549373,PRJEB51353,SAMEA113549373,,adult,,,SE,,,,,,2017,primary,1.0,9.007
SAMEA113549374,PRJEB51353,SAMEA113549374,,adult,,,SE,,,,,,2016,primary,1.0,8.069
SAMEA113549375,PRJEB51353,SAMEA113549375,,adult,,,SE,,,,,,2016,primary,1.0,9.434
SAMEA113549376,PRJEB51353,SAMEA113549376,,adult,,,SE,,,,,,2015,primary,1.0,7.545
SAMEA113549377,PRJEB51353,SAMEA113549377,,adult,,,SE,,,,,,2015,primary,1.0,7.052
SAMEA113549378,PRJEB51353,SAMEA113549378,,adult,,,SE,,,,,,2016,primary,1.0,7.471
SAMEA113549379,PRJEB51353,SAMEA113549379,,adult,,,SE,,,,,,2016,primary,1.0,7.729
SAMEA113549380,PRJEB51353,SAMEA113549380,,adult,,,SE,,,,,,2015,primary,1.0,7.808
SAMEA113549381,PRJEB51353,SAMEA113549381,,adult,,,SE,,,,,,2016,primary,1.0,7.874
SAMEA113549382,PRJEB51353,SAMEA113549382,,adult,,,SE,,,,,,2016,primary,1.0,8.61
SAMEA113549383,PRJEB51353,SAMEA113549383,,adult,,,SE,,,,,,2017,primary,1.0,8.424
SAMEA113549384,PRJEB51353,SAMEA113549384,,adult,,,SE,,,,,,2017,primary,1.0,7.911
SAMEA113549385,PRJEB51353,SAMEA113549385,,adult,,,SE,,,,,,2016,primary,1.0,7.4
SAMEA113549386,PRJEB51353,SAMEA113549386,,adult,,,SE,,,,,,2016,primary,1.0,8.527
SAMEA113549387,PRJEB51353,SAMEA113549387,,adult,,,SE,,,,,,2014/2018,primary,1.0,7.953
SAMEA113549388,PRJEB51353,SAMEA113549388,,adult,,,SE,,,,,,2015,primary,1.0,6.905
SAMEA113549389,PRJEB51353,SAMEA113549389,,adult,,,SE,,,,,,2015,primary,1.0,11.225
SAMEA113549390,PRJEB51353,SAMEA113549390,,adult,,,SE,,,,,,2016,primary,1.0,6.031
SAMEA113549391,PRJEB51353,SAMEA113549391,,adult,,,SE,,,,,,2015,primary,1.0,7.757
SAMEA113549392,PRJEB51353,SAMEA113549392,,adult,,,SE,,,,,,2016,primary,1.0,8.248
SAMEA113549393,PRJEB51353,SAMEA113549393,,adult,,,SE,,,,,,2017,primary,1.0,11.537
SAMEA113549394,PRJEB51353,SAMEA113549394,,adult,,,SE,,,,,,2015,primary,1.0,8.386
SAMEA113549395,PRJEB51353,SAMEA113549395,,adult,,,SE,,,,,,2015,primary,1.0,6.634
SAMEA113549396,PRJEB51353,SAMEA113549396,,adult,,,SE,,,,,,2016,primary,1.0,7.771
SAMEA113549397,PRJEB51353,SAMEA113549397,,adult,,,SE,,,,,,2016,primary,1.0,10.236
SAMEA113549398,PRJEB51353,SAMEA113549398,,adult,,,SE,,,,,,2018,primary,1.0,6.848
SAMEA113549399,PRJEB51353,SAMEA113549399,,adult,,,SE,,,,,,2018,primary,1.0,7.239
SAMEA113549400,PRJEB51353,SAMEA113549400,,adult,,,SE,,,,,,2016,primary,1.0,6.456
SAMEA113549401,PRJEB51353,SAMEA113549401,,adult,,,SE,,,,,,2017,primary,1.0,6.887
SAMEA113549402,PRJEB51353,SAMEA113549402,,adult,,,SE,,,,,,2017,primary,1.0,7.558
SAMEA113549403,PRJEB51353,SAMEA113549403,,adult,,,SE,,,,,,2018,primary,1.0,10.92
SAMEA113549404,PRJEB51353,SAMEA113549404,,adult,,,SE,,,,,,2016,primary,1.0,7.191
SAMEA113549405,PRJEB51353,SAMEA113549405,,adult,,,SE,,,,,,2015,primary,1.0,6.914
SAMEA113549406,PRJEB51353,SAMEA113549406,,adult,,,SE,,,,,,2017,primary,1.0,6.666
SAMEA113549407,PRJEB51353,SAMEA113549407,,adult,,,SE,,,,,,2016,primary,1.0,7.352
SAMEA113549408,PRJEB51353,SAMEA113549408,,adult,,,SE,,,,,,2015,primary,1.0,8.009
SAMEA113549409,PRJEB51353,SAMEA113549409,,adult,,,SE,,,,,,2016,primary,1.0,7.679
SAMEA113549410,PRJEB51353,SAMEA113549410,,adult,,,SE,,,,,,2017,primary,1.0,8.268
SAMEA113549411,PRJEB51353,SAMEA113549411,,adult,,,SE,,,,,,2016,primary,1.0,7.39
SAMEA113549412,PRJEB51353,SAMEA113549412,,adult,,,SE,,,,,,2015,primary,1.0,9.412
SAMEA113549413,PRJEB51353,SAMEA113549413,,adult,,,SE,,,,,,2017,primary,1.0,6.523
SAMEA113549414,PRJEB51353,SAMEA113549414,,adult,,,SE,,,,,,2016,primary,1.0,6.285
SAMEA113549415,PRJEB51353,SAMEA113549415,,adult,,,SE,,,,,,2016,primary,1.0,9.186
SAMEA113549416,PRJEB51353,SAMEA113549416,,adult,,,SE,,,,,,2015,primary,1.0,7.658
SAMEA113549417,PRJEB51353,SAMEA113549417,,adult,,,SE,,,,,,2016,primary,1.0,9.684
SAMEA113549418,PRJEB51353,SAMEA113549418,,adult,,,SE,,,,,,2016,primary,1.0,7.007
SAMEA113549419,PRJEB51353,SAMEA113549419,,adult,,,SE,,,,,,2015,primary,1.0,7.801
SAMEA113549420,PRJEB51353,SAMEA113549420,,adult,,,SE,,,,,,2017,primary,1.0,10.16
SAMEA113549421,PRJEB51353,SAMEA113549421,,adult,,,SE,,,,,,2016,primary,1.0,7.395
SAMEA113549422,PRJEB51353,SAMEA113549422,,adult,,,SE,,,,,,2017,primary,1.0,7.004
SAMEA113549423,PRJEB51353,SAMEA113549423,,adult,,,SE,,,,,,2016,primary,1.0,9.78
SAMEA113549424,PRJEB51353,SAMEA113549424,,adult,,,SE,,,,,,2017,primary,1.0,8.607
SAMEA113549425,PRJEB51353,SAMEA113549425,,adult,,,SE,,,,,,2016,primary,1.0,8.05
SAMEA113549426,PRJEB51353,SAMEA113549426,,adult,,,SE,,,,,,2016,primary,1.0,7.536
SAMEA113549427,PRJEB51353,SAMEA113549427,,adult,,,SE,,,,,,2017,primary,1.0,6.052
SAMEA113549428,PRJEB51353,SAMEA113549428,,adult,,,SE,,,,,,2017,primary,1.0,8.18
SAMEA113549429,PRJEB51353,SAMEA113549429,,adult,,,SE,,,,,,2017,primary,1.0,5.964
SAMEA113549430,PRJEB51353,SAMEA113549430,,adult,,,SE,,,,,,2017,primary,1.0,8.888
SAMEA113549431,PRJEB51353,SAMEA113549431,,adult,,,SE,,,,,,2018,primary,1.0,8.314
SAMEA113549432,PRJEB51353,SAMEA113549432,,adult,,,SE,,,,,,2016,primary,1.0,7.208
SAMEA113549433,PRJEB51353,SAMEA113549433,,adult,,,SE,,,,,,2016,primary,1.0,6.233
SAMEA113549434,PRJEB51353,SAMEA113549434,,adult,,,SE,,,,,,2015,primary,1.0,6.372
SAMEA113549435,PRJEB51353,SAMEA113549435,,adult,,,SE,,,,,,2016,primary,1.0,8.338
SAMEA113549436,PRJEB51353,SAMEA113549436,,adult,,,SE,,,,,,2017,primary,1.0,7.047
SAMEA113549437,PRJEB51353,SAMEA113549437,,adult,,,SE,,,,,,2017,primary,1.0,7.237
SAMEA113549438,PRJEB51353,SAMEA113549438,,adult,,,SE,,,,,,2015,primary,1.0,6.802
SAMEA113549439,PRJEB51353,SAMEA113549439,,adult,,,SE,,,,,,2015,primary,1.0,8.742
SAMEA113549440,PRJEB51353,SAMEA113549440,,adult,,,SE,,,,,,2017,primary,1.0,6.55
SAMEA113549441,PRJEB51353,SAMEA113549441,,adult,,,SE,,,,,,2015,primary,1.0,8.342
SAMEA113549442,PRJEB51353,SAMEA113549442,,adult,,,SE,,,,,,2017,primary,1.0,6.675
SAMEA113549443,PRJEB51353,SAMEA113549443,,adult,,,SE,,,,,,2017,primary,1.0,6.66
SAMEA113549444,PRJEB51353,SAMEA113549444,,adult,,,SE,,,,,,2017,primary,1.0,6.445
SAMEA113549445,PRJEB51353,SAMEA113549445,,adult,,,SE,,,,,,2017,primary,1.0,7.103
SAMEA113549446,PRJEB51353,SAMEA113549446,,adult,,,SE,,,,,,2017,primary,1.0,7.009
SAMEA113549447,PRJEB51353,SAMEA113549447,,adult,,,SE,,,,,,2017,primary,1.0,9.826
SAMEA113549448,PRJEB51353,SAMEA113549448,,adult,,,SE,,,,,,2018,primary,1.0,7.384
SAMEA113549449,PRJEB51353,SAMEA113549449,,adult,,,SE,,,,,,2015,primary,1.0,6.263
SAMEA113549450,PRJEB51353,SAMEA113549450,,adult,,,SE,,,,,,2017,primary,1.0,16.565
SAMEA113549451,PRJEB51353,SAMEA113549451,,adult,,,SE,,,,,,2018,primary,1.0,7.517
SAMEA113549452,PRJEB51353,SAMEA113549452,,adult,,,SE,,,,,,2016,primary,1.0,9.68
SAMEA113549453,PRJEB51353,SAMEA113549453,,adult,,,SE,,,,,,2016,primary,1.0,7.567
SAMEA113549454,PRJEB51353,SAMEA113549454,,adult,,,SE,,,,,,2017,primary,1.0,16.841
SAMEA113549455,PRJEB51353,SAMEA113549455,,adult,,,SE,,,,,,2017,primary,1.0,7.05
SAMEA113549456,PRJEB51353,SAMEA113549456,,adult,,,SE,,,,,,2015,primary,1.0,7.58
SAMEA113549457,PRJEB51353,SAMEA113549457,,adult,,,SE,,,,,,2015,primary,1.0,7.025
SAMEA113549458,PRJEB51353,SAMEA113549458,,adult,,,SE,,,,,,2018,primary,1.0,6.919
SAMEA113549459,PRJEB51353,SAMEA113549459,,adult,,,SE,,,,,,2016,primary,1.0,6.682
SAMEA113549460,PRJEB51353,SAMEA113549460,,adult,,,SE,,,,,,2018,primary,1.0,10.983
SAMEA113549461,PRJEB51353,SAMEA113549461,,adult,,,SE,,,,,,2017,primary,1.0,13.99
SAMEA113549462,PRJEB51353,SAMEA113549462,,adult,,,SE,,,,,,2017,primary,1.0,7.506
SAMEA113549463,PRJEB51353,SAMEA113549463,,adult,,,SE,,,,,,2015,primary,1.0,6.812
SAMEA113549464,PRJEB51353,SAMEA113549464,,adult,,,SE,,,,,,2018,primary,1.0,6.869
SAMEA113549465,PRJEB51353,SAMEA113549465,,adult,,,SE,,,,,,2016,primary,1.0,7.621
SAMEA113549466,PRJEB51353,SAMEA113549466,,adult,,,SE,,,,,,2018,primary,1.0,6.308
SAMEA113549467,PRJEB51353,SAMEA113549467,,adult,,,SE,,,,,,2017,primary,1.0,7.488
SAMEA113549468,PRJEB51353,SAMEA113549468,,adult,,,SE,,,,,,2016,primary,1.0,7.413
SAMEA113549469,PRJEB51353,SAMEA113549469,,adult,,,SE,,,,,,2017,primary,1.0,6.173
SAMEA113549470,PRJEB51353,SAMEA113549470,,adult,,,SE,,,,,,2016,primary,1.0,10.486
SAMEA113549471,PRJEB51353,SAMEA113549471,,adult,,,SE,,,,,,2016,primary,1.0,6.913
SAMEA113549472,PRJEB51353,SAMEA113549472,,adult,,,SE,,,,,,2017,primary,1.0,7.885
SAMEA113549473,PRJEB51353,SAMEA113549473,,adult,,,SE,,,,,,2016,primary,1.0,7.155
SAMEA113549474,PRJEB51353,SAMEA113549474,,adult,,,SE,,,,,,2017,primary,1.0,7.296
SAMEA113549475,PRJEB51353,SAMEA113549475,,adult,,,SE,,,,,,2016,primary,1.0,6.34
SAMEA113549476,PRJEB51353,SAMEA113549476,,adult,,,SE,,,,,,2016,primary,1.0,8.304
SAMEA113549477,PRJEB51353,SAMEA113549477,,adult,,,SE,,,,,,2017,primary,1.0,7.074
SAMEA113549478,PRJEB51353,SAMEA113549478,,adult,,,SE,,,,,,2016,primary,1.0,6.564
SAMEA113549479,PRJEB51353,SAMEA113549479,,adult,,,SE,,,,,,2015,primary,1.0,6.147
SAMEA113549480,PRJEB51353,SAMEA113549480,,adult,,,SE,,,,,,2015,primary,1.0,8.364
SAMEA113549481,PRJEB51353,SAMEA113549481,,adult,,,SE,,,,,,2017,primary,1.0,6.676
SAMEA113549482,PRJEB51353,SAMEA113549482,,adult,,,SE,,,,,,2017,primary,1.0,10.857
SAMEA113549483,PRJEB51353,SAMEA113549483,,adult,,,SE,,,,,,2016,primary,1.0,7.225
SAMEA113549484,PRJEB51353,SAMEA113549484,,adult,,,SE,,,,,,2017,primary,1.0,6.705
SAMEA113549485,PRJEB51353,SAMEA113549485,,adult,,,SE,,,,,,2015,primary,1.0,7.581
SAMEA113549486,PRJEB51353,SAMEA113549486,,adult,,,SE,,,,,,2017,primary,1.0,7.017
SAMEA113549487,PRJEB51353,SAMEA113549487,,adult,,,SE,,,,,,2015,primary,1.0,6.851
SAMEA113549488,PRJEB51353,SAMEA113549488,,adult,,,SE,,,,,,2015,primary,1.0,7.717
SAMEA113549489,PRJEB51353,SAMEA113549489,,adult,,,SE,,,,,,2015,primary,1.0,5.961
SAMEA113549490,PRJEB51353,SAMEA113549490,,adult,,,SE,,,,,,2016,primary,1.0,9.023
SAMEA113549491,PRJEB51353,SAMEA113549491,,adult,,,SE,,,,,,2015,primary,1.0,7.722
SAMEA113549492,PRJEB51353,SAMEA113549492,,adult,,,SE,,,,,,2015,primary,1.0,8.646
SAMEA113549493,PRJEB51353,SAMEA113549493,,adult,,,SE,,,,,,2015,primary,1.0,6.725
SAMEA113549494,PRJEB51353,SAMEA113549494,,adult,,,SE,,,,,,2016,primary,1.0,7.861
SAMEA113549495,PRJEB51353,SAMEA113549495,,adult,,,SE,,,,,,2017,primary,1.0,7.455
SAMEA113549496,PRJEB51353,SAMEA113549496,,adult,,,SE,,,,,,2015,primary,1.0,7.491
SAMEA113549497,PRJEB51353,SAMEA113549497,,adult,,,SE,,,,,,2017,primary,1.0,7.25
SAMEA113549498,PRJEB51353,SAMEA113549498,,adult,,,SE,,,,,,2016,primary,1.0,7.884
SAMEA113549499,PRJEB51353,SAMEA113549499,,adult,,,SE,,,,,,2016,primary,1.0,6.774
SAMEA113549500,PRJEB51353,SAMEA113549500,,adult,,,SE,,,,,,2016,primary,1.0,6.683
SAMEA113549501,PRJEB51353,SAMEA113549501,,adult,,,SE,,,,,,2016,primary,1.0,9.99
SAMEA113549502,PRJEB51353,SAMEA113549502,,adult,,,SE,,,,,,2017,primary,1.0,8.838
SAMEA113549503,PRJEB51353,SAMEA113549503,,adult,,,SE,,,,,,2016,primary,1.0,10.218
SAMEA113549504,PRJEB51353,SAMEA113549504,,adult,,,SE,,,,,,2015,primary,1.0,8.788
SAMEA113549505,PRJEB51353,SAMEA113549505,,adult,,,SE,,,,,,2018,primary,1.0,8.346
SAMEA113549506,PRJEB51353,SAMEA113549506,,adult,,,SE,,,,,,2016,primary,1.0,6.771
SAMEA113549507,PRJEB51353,SAMEA113549507,,adult,,,SE,,,,,,2015,primary,1.0,8.286
SAMEA113549508,PRJEB51353,SAMEA113549508,,adult,,,SE,,,,,,2016,primary,1.0,7.753
SAMEA113549509,PRJEB51353,SAMEA113549509,,adult,,,SE,,,,,,2017,primary,1.0,7.852
SAMEA113549510,PRJEB51353,SAMEA113549510,,adult,,,SE,,,,,,2017,primary,1.0,7.116
SAMEA113549511,PRJEB51353,SAMEA113549511,,adult,,,SE,,,,,,2016,primary,1.0,8.261
SAMEA113549512,PRJEB51353,SAMEA113549512,,adult,,,SE,,,,,,2018,primary,1.0,8.822
SAMEA113549513,PRJEB51353,SAMEA113549513,,adult,,,SE,,,,,,2016,primary,1.0,6.714
SAMEA113549514,PRJEB51353,SAMEA113549514,,adult,,,SE,,,,,,2017,primary,1.0,6.486
SAMEA113549515,PRJEB51353,SAMEA113549515,,adult,,,SE,,,,,,2017,primary,1.0,6.362
SAMEA113549516,PRJEB51353,SAMEA113549516,,adult,,,SE,,,,,,2017,primary,1.0,9.117
SAMEA113549517,PRJEB51353,SAMEA113549517,,adult,,,SE,,,,,,2016,primary,1.0,9.745
SAMEA113549518,PRJEB51353,SAMEA113549518,,adult,,,SE,,,,,,2015,primary,1.0,7.028
SAMEA113549519,PRJEB51353,SAMEA113549519,,adult,,,SE,,,,,,2017,primary,1.0,10.169
SAMEA113549520,PRJEB51353,SAMEA113549520,,adult,,,SE,,,,,,2016,primary,1.0,6.049
SAMEA113549521,PRJEB51353,SAMEA113549521,,adult,,,SE,,,,,,2015,primary,1.0,7.265
SAMEA113549522,PRJEB51353,SAMEA113549522,,adult,,,SE,,,,,,2016,primary,1.0,9.735
SAMEA113549523,PRJEB51353,SAMEA113549523,,adult,,,SE,,,,,,2015,primary,1.0,7.292
SAMEA113549524,PRJEB51353,SAMEA113549524,,adult,,,SE,,,,,,2015,primary,1.0,8.295
SAMEA113549525,PRJEB51353,SAMEA113549525,,adult,,,SE,,,,,,2015,primary,1.0,7.972
SAMEA113549526,PRJEB51353,SAMEA113549526,,adult,,,SE,,,,,,2016,primary,1.0,7.106
SAMEA113549527,PRJEB51353,SAMEA113549527,,adult,,,SE,,,,,,2017,primary,1.0,7.744
SAMEA113549528,PRJEB51353,SAMEA113549528,,adult,,,SE,,,,,,2017,primary,1.0,7.382
SAMEA113549529,PRJEB51353,SAMEA113549529,,adult,,,SE,,,,,,2017,primary,1.0,6.271
SAMEA113549530,PRJEB51353,SAMEA113549530,,adult,,,SE,,,,,,2017,primary,1.0,6.949
SAMEA113549531,PRJEB51353,SAMEA113549531,,adult,,,SE,,,,,,2016,primary,1.0,7.18
SAMEA113549532,PRJEB51353,SAMEA113549532,,adult,,,SE,,,,,,2016,primary,1.0,9.997
SAMEA113549533,PRJEB51353,SAMEA113549533,,adult,,,SE,,,,,,2017,primary,1.0,6.6
SAMEA113549534,PRJEB51353,SAMEA113549534,,adult,,,SE,,,,,,2017,primary,1.0,8.191
SAMEA113549535,PRJEB51353,SAMEA113549535,,adult,,,SE,,,,,,2017,primary,1.0,6.174
SAMEA113549536,PRJEB51353,SAMEA113549536,,adult,,,SE,,,,,,2015,primary,1.0,10.882
SAMEA113549537,PRJEB51353,SAMEA113549537,,adult,,,SE,,,,,,2017,primary,1.0,8.751
SAMEA113549538,PRJEB51353,SAMEA113549538,,adult,,,SE,,,,,,2017,primary,1.0,8.412
SAMEA113549539,PRJEB51353,SAMEA113549539,,adult,,,SE,,,,,,2016,primary,1.0,8.642
SAMEA113549540,PRJEB51353,SAMEA113549540,,adult,,,SE,,,,,,2015,primary,1.0,7.935
SAMEA113549541,PRJEB51353,SAMEA113549541,,adult,,,SE,,,,,,2016,primary,1.0,7.647
SAMEA113549542,PRJEB51353,SAMEA113549542,,adult,,,SE,,,,,,2015,primary,1.0,10.005
SAMEA113549543,PRJEB51353,SAMEA113549543,,adult,,,SE,,,,,,2017,primary,1.0,6.931
SAMEA113549544,PRJEB51353,SAMEA113549544,,adult,,,SE,,,,,,2015,primary,1.0,7.485
SAMEA113549545,PRJEB51353,SAMEA113549545,,adult,,,SE,,,,,,2015,primary,1.0,8.895
SAMEA113549546,PRJEB51353,SAMEA113549546,,adult,,,SE,,,,,,2015,primary,1.0,8.189
SAMEA113549547,PRJEB51353,SAMEA113549547,,adult,,,SE,,,,,,2017,primary,1.0,6.133
SAMEA113549548,PRJEB51353,SAMEA113549548,,adult,,,SE,,,,,,2017,primary,1.0,6.994
SAMEA113549549,PRJEB51353,SAMEA113549549,,adult,,,SE,,,,,,2017,primary,1.0,7.701
SAMEA113549550,PRJEB51353,SAMEA113549550,,adult,,,SE,,,,,,2018,primary,1.0,7.61
SAMEA113549551,PRJEB51353,SAMEA113549551,,adult,,,SE,,,,,,2015,primary,1.0,10.826
SAMEA113549552,PRJEB51353,SAMEA113549552,,adult,,,SE,,,,,,2017,primary,1.0,7.333
SAMEA113549553,PRJEB51353,SAMEA113549553,,adult,,,SE,,,,,,2017,primary,1.0,10.271
SAMEA113549554,PRJEB51353,SAMEA113549554,,adult,,,SE,,,,,,2016,primary,1.0,6.801
SAMEA113549555,PRJEB51353,SAMEA113549555,,adult,,,SE,,,,,,2016,primary,1.0,10.305
SAMEA113549556,PRJEB51353,SAMEA113549556,,adult,,,SE,,,,,,2016,primary,1.0,6.201
SAMEA113549557,PRJEB51353,SAMEA113549557,,adult,,,SE,,,,,,2018,primary,1.0,7.956
SAMEA113549558,PRJEB51353,SAMEA113549558,,adult,,,SE,,,,,,2015,primary,1.0,6.216
SAMEA113549559,PRJEB51353,SAMEA113549559,,adult,,,SE,,,,,,2016,primary,1.0,10.169
SAMEA113549560,PRJEB51353,SAMEA113549560,,adult,,,SE,,,,,,2016,primary,1.0,6.302
SAMEA113549561,PRJEB51353,SAMEA113549561,,adult,,,SE,,,,,,2017,primary,1.0,8.837
SAMEA113549562,PRJEB51353,SAMEA113549562,,adult,,,SE,,,,,,2016,primary,1.0,7.434
SAMEA113549563,PRJEB51353,SAMEA113549563,,adult,,,SE,,,,,,2017,primary,1.0,7.219
SAMEA113549564,PRJEB51353,SAMEA113549564,,adult,,,SE,,,,,,2016,primary,1.0,6.347
SAMEA113549565,PRJEB51353,SAMEA113549565,,adult,,,SE,,,,,,2017,primary,1.0,10.331
SAMEA113549566,PRJEB51353,SAMEA113549566,,adult,,,SE,,,,,,2017,primary,1.0,8.743
SAMEA113549567,PRJEB51353,SAMEA113549567,,adult,,,SE,,,,,,2016,primary,1.0,8.207
SAMEA113549568,PRJEB51353,SAMEA113549568,,adult,,,SE,,,,,,2017,primary,1.0,7.713
SAMEA113549569,PRJEB51353,SAMEA113549569,,adult,,,SE,,,,,,2015,primary,1.0,7.977
SAMEA113549570,PRJEB51353,SAMEA113549570,,adult,,,SE,,,,,,2016,primary,1.0,7.465
SAMEA113549571,PRJEB51353,SAMEA113549571,,adult,,,SE,,,,,,2015,primary,1.0,7.984
SAMEA113549572,PRJEB51353,SAMEA113549572,,adult,,,SE,,,,,,2017,primary,1.0,8.069
SAMEA113549573,PRJEB51353,SAMEA113549573,,adult,,,SE,,,,,,2015,primary,1.0,7.845
SAMEA113549574,PRJEB51353,SAMEA113549574,,adult,,,SE,,,,,,2016,primary,1.0,6.904
SAMEA113549575,PRJEB51353,SAMEA113549575,,adult,,,SE,,,,,,2015,primary,1.0,7.271
SAMEA113549576,PRJEB51353,SAMEA113549576,,adult,,,SE,,,,,,2015,primary,1.0,7.375
SAMEA113549577,PRJEB51353,SAMEA113549577,,adult,,,SE,,,,,,2015,primary,1.0,7.269
SAMEA113549578,PRJEB51353,SAMEA113549578,,adult,,,SE,,,,,,2016,primary,1.0,7.344
SAMEA113549579,PRJEB51353,SAMEA113549579,,adult,,,SE,,,,,,2018,primary,1.0,6.618
SAMEA113549580,PRJEB51353,SAMEA113549580,,adult,,,SE,,,,,,2015,primary,1.0,6.786
SAMEA113549581,PRJEB51353,SAMEA113549581,,adult,,,SE,,,,,,2016,primary,1.0,6.956
SAMEA113549582,PRJEB51353,SAMEA113549582,,adult,,,SE,,,,,,2015,primary,1.0,6.271
SAMEA113549583,PRJEB51353,SAMEA113549583,,adult,,,SE,,,,,,2016,primary,1.0,6.388
SAMEA13256661,PRJEB51353,SAMEA13256661,,adult,,,SE,,,,,,2017,primary,1.0,9.331
SAMEA13256662,PRJEB51353,SAMEA13256662,,adult,,,SE,,,,,,2018,primary,1.0,7.098
SAMEA13256663,PRJEB51353,SAMEA13256663,,adult,,,SE,,,,,,2016,primary,1.0,5.977
SAMEA13256664,PRJEB51353,SAMEA13256664,,adult,,,SE,,,,,,2017,primary,1.0,8.21
SAMEA13256665,PRJEB51353,SAMEA13256665,,adult,,,SE,,,,,,2017,primary,1.0,9.262
SAMEA13256666,PRJEB51353,SAMEA13256666,,adult,,,SE,,,,,,2017,primary,1.0,6.072
SAMEA13256667,PRJEB51353,SAMEA13256667,,adult,,,SE,,,,,,2017,primary,1.0,6.568
SAMEA13256669,PRJEB51353,SAMEA13256669,,adult,,,SE,,,,,,2017,primary,1.0,9.318
SAMEA13256670,PRJEB51353,SAMEA13256670,,adult,,,SE,,,,,,2016,primary,1.0,9.071
SAMEA13256671,PRJEB51353,SAMEA13256671,,adult,,,SE,,,,,,2017,primary,1.0,7.414
SAMEA13256672,PRJEB51353,SAMEA13256672,,adult,,,SE,,,,,,2015,primary,2.0,14.205
SAMEA13256673,PRJEB51353,SAMEA13256673,,adult,,,SE,,,,,,2016,primary,1.0,7.323
SAMEA13256674,PRJEB51353,SAMEA13256674,,adult,,,SE,,,,,,2017,primary,1.0,6.167
SAMEA13256675,PRJEB51353,SAMEA13256675,,adult,,,SE,,,,,,2017,primary,1.0,10.167
SAMEA13256676,PRJEB51353,SAMEA13256676,,adult,,,SE,,,,,,2018,primary,1.0,6.421
SAMEA13256677,PRJEB51353,SAMEA13256677,,adult,,,SE,,,,,,2017,primary,1.0,7.966
SAMEA13256678,PRJEB51353,SAMEA13256678,,adult,,,SE,,,,,,2017,primary,1.0,8.315
SAMEA13256679,PRJEB51353,SAMEA13256679,,adult,,,SE,,,,,,2016,primary,1.0,8.605
SAMEA13256680,PRJEB51353,SAMEA13256680,,adult,,,SE,,,,,,2017,primary,1.0,7.754
SAMEA13256681,PRJEB51353,SAMEA13256681,,adult,,,SE,,,,,,2016,primary,1.0,6.081
SAMEA13256682,PRJEB51353,SAMEA13256682,,adult,,,SE,,,,,,2017,primary,1.0,8.547
SAMEA13256683,PRJEB51353,SAMEA13256683,,adult,,,SE,,,,,,2016,primary,1.0,7.241
SAMEA13256684,PRJEB51353,SAMEA13256684,,adult,,,SE,,,,,,2017,primary,1.0,10.616
SAMEA13256685,PRJEB51353,SAMEA13256685,,adult,,,SE,,,,,,2016,primary,1.0,8.51
SAMEA13256686,PRJEB51353,SAMEA13256686,,adult,,,SE,,,,,,2016,primary,2.0,14.806
SAMEA13256687,PRJEB51353,SAMEA13256687,,adult,,,SE,,,,,,2016,primary,1.0,9.012
SAMEA13256688,PRJEB51353,SAMEA13256688,,adult,,,SE,,,,,,2018,primary,1.0,7.098
SAMEA13256689,PRJEB51353,SAMEA13256689,,adult,,,SE,,,,,,2017,primary,1.0,7.033
SAMEA13256690,PRJEB51353,SAMEA13256690,,adult,,,SE,,,,,,2016,primary,1.0,6.629
SAMEA13256691,PRJEB51353,SAMEA13256691,,adult,,,SE,,,,,,2015,primary,1.0,9.472
SAMEA13256692,PRJEB51353,SAMEA13256692,,adult,,,SE,,,,,,2018,primary,1.0,7.853
SAMEA13256693,PRJEB51353,SAMEA13256693,,adult,,,SE,,,,,,2017,primary,1.0,6.743
SAMEA13256694,PRJEB51353,SAMEA13256694,,adult,,,SE,,,,,,2017,primary,1.0,6.894
SAMEA13256695,PRJEB51353,SAMEA13256695,,adult,,,SE,,,,,,2016,primary,2.0,14.567
SAMEA13256696,PRJEB51353,SAMEA13256696,,adult,,,SE,,,,,,2018,primary,1.0,8.235
SAMEA13256697,PRJEB51353,SAMEA13256697,,adult,,,SE,,,,,,2018,primary,1.0,7.486
SAMEA13256698,PRJEB51353,SAMEA13256698,,adult,,,SE,,,,,,2018,primary,1.0,6.139
SAMEA13256699,PRJEB51353,SAMEA13256699,,adult,,,SE,,,,,,2016,primary,1.0,6.816
SAMEA13256700,PRJEB51353,SAMEA13256700,,adult,,,SE,,,,,,2015,primary,1.0,6.711
SAMEA13256701,PRJEB51353,SAMEA13256701,,adult,,,SE,,,,,,2015,primary,2.0,14.807
SAMEA13256702,PRJEB51353,SAMEA13256702,,adult,,,SE,,,,,,2017,primary,1.0,6.874
SAMEA13256703,PRJEB51353,SAMEA13256703,,adult,,,SE,,,,,,2018,primary,1.0,6.828
SAMEA13256704,PRJEB51353,SAMEA13256704,,adult,,,SE,,,,,,2017,primary,1.0,7.274
SAMEA13256705,PRJEB51353,SAMEA13256705,,adult,,,SE,,,,,,2016,primary,1.0,6.306
SAMEA13256706,PRJEB51353,SAMEA13256706,,adult,,,SE,,,,,,2018,primary,1.0,6.361
SAMEA13256707,PRJEB51353,SAMEA13256707,,adult,,,SE,,,,,,2018,primary,1.0,7.246
SAMEA13256708,PRJEB51353,SAMEA13256708,,adult,,,SE,,,,,,2016,primary,1.0,7.231
SAMEA13256709,PRJEB51353,SAMEA13256709,,adult,,,SE,,,,,,2018,primary,1.0,7.883
SAMEA13256710,PRJEB51353,SAMEA13256710,,adult,,,SE,,,,,,2017,primary,1.0,6.88
SAMEA13256711,PRJEB51353,SAMEA13256711,,adult,,,SE,,,,,,2016,primary,1.0,6.749
SAMEA13256712,PRJEB51353,SAMEA13256712,,adult,,,SE,,,,,,2018,primary,1.0,7.997
SAMEA13256713,PRJEB51353,SAMEA13256713,,adult,,,SE,,,,,,2016,primary,1.0,7.826
SAMEA13256714,PRJEB51353,SAMEA13256714,,adult,,,SE,,,,,,2017,primary,1.0,9.28
SAMEA13256715,PRJEB51353,SAMEA13256715,,adult,,,SE,,,,,,2016,primary,1.0,8.699
SAMEA13256716,PRJEB51353,SAMEA13256716,,adult,,,SE,,,,,,2018,primary,1.0,6.936
SAMEA13256717,PRJEB51353,SAMEA13256717,,adult,,,SE,,,,,,2016,primary,1.0,7.202
SAMEA13256718,PRJEB51353,SAMEA13256718,,adult,,,SE,,,,,,2017,primary,1.0,8.971
SAMEA13256719,PRJEB51353,SAMEA13256719,,adult,,,SE,,,,,,2016,primary,1.0,7.08
SAMEA13256720,PRJEB51353,SAMEA13256720,,adult,,,SE,,,,,,2016,primary,1.0,6.723
SAMEA13256721,PRJEB51353,SAMEA13256721,,adult,,,SE,,,,,,2017,primary,1.0,13.393
SAMEA13256722,PRJEB51353,SAMEA13256722,,adult,,,SE,,,,,,2016,primary,1.0,8.165
SAMEA13256723,PRJEB51353,SAMEA13256723,,adult,,,SE,,,,,,2016,primary,1.0,6.935
SAMEA13256724,PRJEB51353,SAMEA13256724,,adult,,,SE,,,,,,2016,primary,1.0,7.469
SAMEA13256725,PRJEB51353,SAMEA13256725,,adult,,,SE,,,,,,2018,primary,1.0,9.737
SAMEA13256726,PRJEB51353,SAMEA13256726,,adult,,,SE,,,,,,2015,primary,2.0,15.914
SAMEA13256727,PRJEB51353,SAMEA13256727,,adult,,,SE,,,,,,2017,primary,1.0,8.221
SAMEA13256728,PRJEB51353,SAMEA13256728,,adult,,,SE,,,,,,2017,primary,1.0,6.298
SAMEA13256729,PRJEB51353,SAMEA13256729,,adult,,,SE,,,,,,2016,primary,1.0,7.241
SAMEA13256730,PRJEB51353,SAMEA13256730,,adult,,,SE,,,,,,2017,primary,1.0,7.512
SAMEA13256731,PRJEB51353,SAMEA13256731,,adult,,,SE,,,,,,2017,primary,1.0,7.116
SAMEA13256732,PRJEB51353,SAMEA13256732,,adult,,,SE,,,,,,2016,primary,1.0,9.63
SAMEA13256733,PRJEB51353,SAMEA13256733,,adult,,,SE,,,,,,2016,primary,1.0,7.575
SAMEA13256734,PRJEB51353,SAMEA13256734,,adult,,,SE,,,,,,2018,primary,1.0,8.222
SAMEA13256735,PRJEB51353,SAMEA13256735,,adult,,,SE,,,,,,2017,primary,1.0,8.151
SAMEA13256736,PRJEB51353,SAMEA13256736,,adult,,,SE,,,,,,2017,primary,1.0,9.101
SAMEA13256737,PRJEB51353,SAMEA13256737,,adult,,,SE,,,,,,2017,primary,1.0,6.564
SAMEA13256738,PRJEB51353,SAMEA13256738,,adult,,,SE,,,,,,2016,primary,1.0,8.55
SAMEA13256739,PRJEB51353,SAMEA13256739,,adult,,,SE,,,,,,2016,primary,1.0,8.692
SAMEA13256740,PRJEB51353,SAMEA13256740,,adult,,,SE,,,,,,2016,primary,1.0,6.451
SAMEA13256741,PRJEB51353,SAMEA13256741,,adult,,,SE,,,,,,2017,primary,1.0,6.357
SAMEA13256742,PRJEB51353,SAMEA13256742,,adult,,,SE,,,,,,2016,primary,1.0,6.8
SAMEA13256743,PRJEB51353,SAMEA13256743,,adult,,,SE,,,,,,2018,primary,1.0,8.102
SAMEA13256744,PRJEB51353,SAMEA13256744,,adult,,,SE,,,,,,2017,primary,1.0,6.863
SAMEA13256745,PRJEB51353,SAMEA13256745,,adult,,,SE,,,,,,2017,primary,1.0,10.227
SAMEA13256746,PRJEB51353,SAMEA13256746,,adult,,,SE,,,,,,2017,primary,1.0,6.4
SAMEA13256747,PRJEB51353,SAMEA13256747,,adult,,,SE,,,,,,2018,primary,1.0,7.567
SAMEA13256748,PRJEB51353,SAMEA13256748,,adult,,,SE,,,,,,2017,primary,1.0,7.035
SAMEA13256749,PRJEB51353,SAMEA13256749,,adult,,,SE,,,,,,2015,primary,2.0,17.067
SAMEA13256750,PRJEB51353,SAMEA13256750,,adult,,,SE,,,,,,2015,primary,1.0,8.654
SAMEA13256751,PRJEB51353,SAMEA13256751,,adult,,,SE,,,,,,2017,primary,1.0,6.912
SAMEA13256752,PRJEB51353,SAMEA13256752,,adult,,,SE,,,,,,2017,primary,1.0,8.019
SAMEA13256753,PRJEB51353,SAMEA13256753,,adult,,,SE,,,,,,2017,primary,1.0,11.063
SAMEA13256754,PRJEB51353,SAMEA13256754,,adult,,,SE,,,,,,2017,primary,1.0,7.88
SAMEA13256755,PRJEB51353,SAMEA13256755,,adult,,,SE,,,,,,2017,primary,1.0,7.456
SAMEA13256756,PRJEB51353,SAMEA13256756,,adult,,,SE,,,,,,2018,primary,1.0,7.715
SAMEA13256757,PRJEB51353,SAMEA13256757,,adult,,,SE,,,,,,2018,primary,1.0,8.214
SAMEA13256758,PRJEB51353,SAMEA13256758,,adult,,,SE,,,,,,2016,primary,1.0,7.391
SAMEA13256759,PRJEB51353,SAMEA13256759,,adult,,,SE,,,,,,2017,primary,1.0,6.177
SAMEA13256760,PRJEB51353,SAMEA13256760,,adult,,,SE,,,,,,2017,primary,1.0,6.777
SAMEA13256761,PRJEB51353,SAMEA13256761,,adult,,,SE,,,,,,2017,primary,1.0,6.15
SAMEA14100356,PRJEB51353,SAMEA14100356,,adult,,,SE,,,,,,2017,primary,1.0,7.728
SAMEA14100357,PRJEB51353,SAMEA14100357,,adult,,,SE,,,,,,2016,primary,1.0,9.669
SAMEA14100358,PRJEB51353,SAMEA14100358,,adult,,,SE,,,,,,2017,primary,1.0,6.471
SAMEA14100359,PRJEB51353,SAMEA14100359,,adult,,,SE,,,,,,2018,primary,1.0,6.07
SAMEA14100360,PRJEB51353,SAMEA14100360,,adult,,,SE,,,,,,2018,primary,1.0,9.909
SAMEA14100361,PRJEB51353,SAMEA14100361,,adult,,,SE,,,,,,2018,primary,1.0,6.264
SAMEA14100362,PRJEB51353,SAMEA14100362,,adult,,,SE,,,,,,2018,primary,1.0,6.8
SAMEA14100363,PRJEB51353,SAMEA14100363,,adult,,,SE,,,,,,2018,primary,1.0,7.006
SAMEA14100364,PRJEB51353,SAMEA14100364,,adult,,,SE,,,,,,2016,primary,1.0,6.299
SAMEA14100365,PRJEB51353,SAMEA14100365,,adult,,,SE,,,,,,2017,primary,1.0,9.54
SAMEA14100366,PRJEB51353,SAMEA14100366,,adult,,,SE,,,,,,2016,primary,1.0,6.935
SAMEA14100367,PRJEB51353,SAMEA14100367,,adult,,,SE,,,,,,2017,primary,1.0,7.074
SAMEA14100368,PRJEB51353,SAMEA14100368,,adult,,,SE,,,,,,2017,primary,1.0,8.573
SAMEA14100369,PRJEB51353,SAMEA14100369,,adult,,,SE,,,,,,2018,primary,1.0,7.227
SAMEA14100370,PRJEB51353,SAMEA14100370,,adult,,,SE,,,,,,2017,primary,1.0,6.202
SAMEA14100371,PRJEB51353,SAMEA14100371,,adult,,,SE,,,,,,2018,primary,1.0,8.545
SAMEA14100372,PRJEB51353,SAMEA14100372,,adult,,,SE,,,,,,2017,primary,1.0,7.253
SAMEA14100373,PRJEB51353,SAMEA14100373,,adult,,,SE,,,,,,2015,primary,1.0,8.357
SAMEA14100374,PRJEB51353,SAMEA14100374,,adult,,,SE,,,,,,2017,primary,1.0,6.325
SAMEA14100375,PRJEB51353,SAMEA14100375,,adult,,,SE,,,,,,2017,primary,1.0,7.479
SAMEA14100376,PRJEB51353,SAMEA14100376,,adult,,,SE,,,,,,2018,primary,1.0,7.97
SAMEA14100377,PRJEB51353,SAMEA14100377,,adult,,,SE,,,,,,2018,primary,1.0,6.074
SAMEA14100378,PRJEB51353,SAMEA14100378,,adult,,,SE,,,,,,2018,primary,1.0,7.878
SAMEA14100379,PRJEB51353,SAMEA14100379,,adult,,,SE,,,,,,2015,primary,2.0,19.496
SAMEA14100380,PRJEB51353,SAMEA14100380,,adult,,,SE,,,,,,2017,primary,1.0,9.528
SAMEA14100381,PRJEB51353,SAMEA14100381,,adult,,,SE,,,,,,2017,primary,1.0,7.258
SAMEA14100382,PRJEB51353,SAMEA14100382,,adult,,,SE,,,,,,2016,primary,1.0,6.363
SAMEA14100383,PRJEB51353,SAMEA14100383,,adult,,,SE,,,,,,2016,primary,1.0,8.849
SAMEA14100384,PRJEB51353,SAMEA14100384,,adult,,,SE,,,,,,2017,primary,1.0,6.64
SAMEA14100385,PRJEB51353,SAMEA14100385,,adult,,,SE,,,,,,2015,primary,2.0,13.404
SAMEA14100386,PRJEB51353,SAMEA14100386,,adult,,,SE,,,,,,2018,primary,1.0,6.834
SAMEA14100387,PRJEB51353,SAMEA14100387,,adult,,,SE,,,,,,2017,primary,1.0,8.266
SAMEA14100388,PRJEB51353,SAMEA14100388,,adult,,,SE,,,,,,2018,primary,1.0,7.093
SAMEA14100389,PRJEB51353,SAMEA14100389,,adult,,,SE,,,,,,2017,primary,1.0,6.158
SAMEA14100390,PRJEB51353,SAMEA14100390,,adult,,,SE,,,,,,2017,primary,1.0,7.561
SAMEA14100391,PRJEB51353,SAMEA14100391,,adult,,,SE,,,,,,2017,primary,1.0,10.701
SAMEA14100392,PRJEB51353,SAMEA14100392,,adult,,,SE,,,,,,2016,primary,1.0,7.133
SAMEA14100393,PRJEB51353,SAMEA14100393,,adult,,,SE,,,,,,2017,primary,1.0,6.663
SAMEA14100394,PRJEB51353,SAMEA14100394,,adult,,,SE,,,,,,2016,primary,1.0,7.62
SAMEA14100395,PRJEB51353,SAMEA14100395,,adult,,,SE,,,,,,2017,primary,1.0,6.16
SAMEA14100396,PRJEB51353,SAMEA14100396,,adult,,,SE,,,,,,2017,primary,1.0,6.658
SAMEA14100397,PRJEB51353,SAMEA14100397,,adult,,,SE,,,,,,2016,primary,1.0,7.376
SAMEA14100398,PRJEB51353,SAMEA14100398,,adult,,,SE,,,,,,2016,primary,1.0,6.469
SAMEA14100399,PRJEB51353,SAMEA14100399,,adult,,,SE,,,,,,2017,primary,1.0,6.302
SAMEA14100400,PRJEB51353,SAMEA14100400,,adult,,,SE,,,,,,2015,primary,2.0,14.615
SAMEA14100401,PRJEB51353,SAMEA14100401,,adult,,,SE,,,,,,2018,primary,1.0,7.085
SAMEA14100402,PRJEB51353,SAMEA14100402,,adult,,,SE,,,,,,2017,primary,1.0,8.357
SAMEA14100403,PRJEB51353,SAMEA14100403,,adult,,,SE,,,,,,2017,primary,1.0,7.202
SAMEA14100404,PRJEB51353,SAMEA14100404,,adult,,,SE,,,,,,2017,primary,1.0,7.259
SAMEA14100405,PRJEB51353,SAMEA14100405,,adult,,,SE,,,,,,2017,primary,1.0,6.426
SAMEA14100406,PRJEB51353,SAMEA14100406,,adult,,,SE,,,,,,2018,primary,1.0,7.233
SAMEA14100407,PRJEB51353,SAMEA14100407,,adult,,,SE,,,,,,2017,primary,1.0,12.035
SAMEA14100408,PRJEB51353,SAMEA14100408,,adult,,,SE,,,,,,2018,primary,1.0,6.99
SAMEA14100409,PRJEB51353,SAMEA14100409,,adult,,,SE,,,,,,2016,primary,2.0,13.28
SAMEA14100410,PRJEB51353,SAMEA14100410,,adult,,,SE,,,,,,2018,primary,1.0,8.276
SAMEA14100411,PRJEB51353,SAMEA14100411,,adult,,,SE,,,,,,2017,primary,1.0,7.466
SAMEA14100412,PRJEB51353,SAMEA14100412,,adult,,,SE,,,,,,2018,primary,1.0,6.311
SAMEA14100413,PRJEB51353,SAMEA14100413,,adult,,,SE,,,,,,2017,primary,1.0,6.209
SAMEA14100414,PRJEB51353,SAMEA14100414,,adult,,,SE,,,,,,2016,primary,1.0,7.292
SAMEA14100415,PRJEB51353,SAMEA14100415,,adult,,,SE,,,,,,2016,primary,1.0,6.967
SAMEA14100416,PRJEB51353,SAMEA14100416,,adult,,,SE,,,,,,2016,primary,1.0,7.992
SAMEA14100417,PRJEB51353,SAMEA14100417,,adult,,,SE,,,,,,2018,primary,1.0,6.627
SAMEA14100419,PRJEB51353,SAMEA14100419,,adult,,,SE,,,,,,2017,primary,1.0,7.521
SAMEA14100420,PRJEB51353,SAMEA14100420,,adult,,,SE,,,,,,2016,primary,1.0,8.955
SAMEA14100421,PRJEB51353,SAMEA14100421,,adult,,,SE,,,,,,2017,primary,1.0,6.616
SAMEA14100422,PRJEB51353,SAMEA14100422,,adult,,,SE,,,,,,2018,primary,1.0,6.956
SAMEA14100423,PRJEB51353,SAMEA14100423,,adult,,,SE,,,,,,2016,primary,1.0,8.124
SAMEA14100424,PRJEB51353,SAMEA14100424,,adult,,,SE,,,,,,2017,primary,1.0,8.699
SAMEA14100425,PRJEB51353,SAMEA14100425,,adult,,,SE,,,,,,2017,primary,1.0,7.741
SAMEA14100426,PRJEB51353,SAMEA14100426,,adult,,,SE,,,,,,2016,primary,1.0,6.663
SAMEA14100427,PRJEB51353,SAMEA14100427,,adult,,,SE,,,,,,2016,primary,2.0,13.788
SAMEA14100428,PRJEB51353,SAMEA14100428,,adult,,,SE,,,,,,2017,primary,1.0,7.882
SAMEA14100429,PRJEB51353,SAMEA14100429,,adult,,,SE,,,,,,2016,primary,1.0,7.363
SAMEA14100430,PRJEB51353,SAMEA14100430,,adult,,,SE,,,,,,2018,primary,1.0,7.047
SAMEA14100431,PRJEB51353,SAMEA14100431,,adult,,,SE,,,,,,2015,primary,2.0,13.971
SAMEA14100432,PRJEB51353,SAMEA14100432,,adult,,,SE,,,,,,2016,primary,1.0,7.801
SAMEA14100433,PRJEB51353,SAMEA14100433,,adult,,,SE,,,,,,2018,primary,1.0,8.271
SAMEA14100434,PRJEB51353,SAMEA14100434,,adult,,,SE,,,,,,2017,primary,1.0,7.486
SAMEA14100435,PRJEB51353,SAMEA14100435,,adult,,,SE,,,,,,2017,primary,1.0,7.092
SAMEA14100436,PRJEB51353,SAMEA14100436,,adult,,,SE,,,,,,2017,primary,1.0,7.667
SAMEA14100437,PRJEB51353,SAMEA14100437,,adult,,,SE,,,,,,2016,primary,1.0,9.103
SAMEA14100438,PRJEB51353,SAMEA14100438,,adult,,,SE,,,,,,2017,primary,1.0,7.285
SAMEA14100439,PRJEB51353,SAMEA14100439,,adult,,,SE,,,,,,2018,primary,1.0,9.325
SAMEA14100440,PRJEB51353,SAMEA14100440,,adult,,,SE,,,,,,2017,primary,1.0,7.499
SAMEA14100441,PRJEB51353,SAMEA14100441,,adult,,,SE,,,,,,2016,primary,1.0,6.793
SAMEA14100442,PRJEB51353,SAMEA14100442,,adult,,,SE,,,,,,2016,primary,1.0,8.275
SAMEA14100443,PRJEB51353,SAMEA14100443,,adult,,,SE,,,,,,2017,primary,1.0,8.633
SAMEA14100444,PRJEB51353,SAMEA14100444,,adult,,,SE,,,,,,2016,primary,1.0,7.555
SAMEA14100445,PRJEB51353,SAMEA14100445,,adult,,,SE,,,,,,2018,primary,1.0,6.425
SAMEA14100446,PRJEB51353,SAMEA14100446,,adult,,,SE,,,,,,2017,primary,1.0,9.722
SAMEA14100447,PRJEB51353,SAMEA14100447,,adult,,,SE,,,,,,2018,primary,1.0,7.504
SAMEA14100448,PRJEB51353,SAMEA14100448,,adult,,,SE,,,,,,2017,primary,1.0,6.674
SAMEA14100449,PRJEB51353,SAMEA14100449,,adult,,,SE,,,,,,2018,primary,1.0,7.072
SAMEA14100450,PRJEB51353,SAMEA14100450,,adult,,,SE,,,,,,2018,primary,1.0,8.347
SAMEA14100451,PRJEB51353,SAMEA14100451,,adult,,,SE,,,,,,2016,primary,1.0,6.926
SAMEA14100452,PRJEB51353,SAMEA14100452,,adult,,,SE,,,,,,2017,primary,1.0,7.113
SAMEA14100453,PRJEB51353,SAMEA14100453,,adult,,,SE,,,,,,2016,primary,1.0,6.717
SAMEA14100454,PRJEB51353,SAMEA14100454,,adult,,,SE,,,,,,2016,primary,1.0,11.241
SAMEA14100455,PRJEB51353,SAMEA14100455,,adult,,,SE,,,,,,2018,primary,1.0,6.915
SAMEA14100456,PRJEB51353,SAMEA14100456,,adult,,,SE,,,,,,2016,primary,1.0,6.602
SAMEA14100457,PRJEB51353,SAMEA14100457,,adult,,,SE,,,,,,2016,primary,1.0,7.207
SAMEA14100458,PRJEB51353,SAMEA14100458,,adult,,,SE,,,,,,2017,primary,1.0,7.844
SAMEA14100459,PRJEB51353,SAMEA14100459,,adult,,,SE,,,,,,2017,primary,1.0,8.521
SAMEA14100460,PRJEB51353,SAMEA14100460,,adult,,,SE,,,,,,2018,primary,1.0,7.244
SAMEA14100461,PRJEB51353,SAMEA14100461,,adult,,,SE,,,,,,2017,primary,1.0,8.38
SAMEA14100462,PRJEB51353,SAMEA14100462,,adult,,,SE,,,,,,2017,primary,1.0,6.929
SAMEA14100463,PRJEB51353,SAMEA14100463,,adult,,,SE,,,,,,2016,primary,1.0,6.356
SAMEA14100464,PRJEB51353,SAMEA14100464,,adult,,,SE,,,,,,2017,primary,1.0,11.689
SAMEA14100465,PRJEB51353,SAMEA14100465,,adult,,,SE,,,,,,2016,primary,1.0,6.68
SAMEA14100466,PRJEB51353,SAMEA14100466,,adult,,,SE,,,,,,2016,primary,1.0,6.244
SAMEA14100467,PRJEB51353,SAMEA14100467,,adult,,,SE,,,,,,2017,primary,1.0,8.916
SAMEA14100468,PRJEB51353,SAMEA14100468,,adult,,,SE,,,,,,2016,primary,1.0,8.924
SAMEA14100469,PRJEB51353,SAMEA14100469,,adult,,,SE,,,,,,2016,primary,2.0,15.982
SAMEA14100470,PRJEB51353,SAMEA14100470,,adult,,,SE,,,,,,2016,primary,1.0,7.298
SAMEA14100471,PRJEB51353,SAMEA14100471,,adult,,,SE,,,,,,2017,primary,1.0,7.011
SAMEA14100472,PRJEB51353,SAMEA14100472,,adult,,,SE,,,,,,2016,primary,1.0,7.045
SAMEA14100473,PRJEB51353,SAMEA14100473,,adult,,,SE,,,,,,2016,primary,1.0,7.258
SAMEA14100474,PRJEB51353,SAMEA14100474,,adult,,,SE,,,,,,2018,primary,1.0,6.294
SAMEA14100475,PRJEB51353,SAMEA14100475,,adult,,,SE,,,,,,2017,primary,1.0,7.637
SAMEA14100476,PRJEB51353,SAMEA14100476,,adult,,,SE,,,,,,2017,primary,1.0,9.131
SAMEA14100477,PRJEB51353,SAMEA14100477,,adult,,,SE,,,,,,2016,primary,1.0,7.248
SAMEA14100478,PRJEB51353,SAMEA14100478,,adult,,,SE,,,,,,2017,primary,1.0,6.512
SAMEA14100479,PRJEB51353,SAMEA14100479,,adult,,,SE,,,,,,2018,primary,1.0,6.99
SAMEA14100480,PRJEB51353,SAMEA14100480,,adult,,,SE,,,,,,2017,primary,1.0,6.79
SAMEA14100481,PRJEB51353,SAMEA14100481,,adult,,,SE,,,,,,2017,primary,1.0,7.574
SAMEA14100482,PRJEB51353,SAMEA14100482,,adult,,,SE,,,,,,2017,primary,1.0,6.551
SAMEA14100483,PRJEB51353,SAMEA14100483,,adult,,,SE,,,,,,2018,primary,1.0,8.436
SAMEA14100484,PRJEB51353,SAMEA14100484,,adult,,,SE,,,,,,2015,primary,1.0,7.568
SAMEA14100485,PRJEB51353,SAMEA14100485,,adult,,,SE,,,,,,2017,primary,1.0,6.51
SAMEA14100486,PRJEB51353,SAMEA14100486,,adult,,,SE,,,,,,2016,primary,2.0,15.999
SAMEA14100487,PRJEB51353,SAMEA14100487,,adult,,,SE,,,,,,2016,primary,1.0,6.908
SAMEA14100488,PRJEB51353,SAMEA14100488,,adult,,,SE,,,,,,2017,primary,1.0,7.753
SAMEA14100489,PRJEB51353,SAMEA14100489,,adult,,,SE,,,,,,2016,primary,1.0,6.534
SAMEA14100490,PRJEB51353,SAMEA14100490,,adult,,,SE,,,,,,2017,primary,1.0,6.8
SAMEA14100491,PRJEB51353,SAMEA14100491,,adult,,,SE,,,,,,2016,primary,1.0,7.595
SAMEA14100492,PRJEB51353,SAMEA14100492,,adult,,,SE,,,,,,2017,primary,1.0,7.217
SAMEA14100493,PRJEB51353,SAMEA14100493,,adult,,,SE,,,,,,2016,primary,1.0,6.815
SAMEA14100494,PRJEB51353,SAMEA14100494,,adult,,,SE,,,,,,2018,primary,1.0,6.549
SAMEA14100495,PRJEB51353,SAMEA14100495,,adult,,,SE,,,,,,2016,primary,1.0,9.931
SAMEA14100496,PRJEB51353,SAMEA14100496,,adult,,,SE,,,,,,2017,primary,1.0,6.029
SAMEA14100497,PRJEB51353,SAMEA14100497,,adult,,,SE,,,,,,2017,primary,1.0,7.352
SAMEA14100498,PRJEB51353,SAMEA14100498,,adult,,,SE,,,,,,2017,primary,1.0,6.571
SAMEA14100499,PRJEB51353,SAMEA14100499,,adult,,,SE,,,,,,2018,primary,1.0,8.592
SAMEA14100500,PRJEB51353,SAMEA14100500,,adult,,,SE,,,,,,2017,primary,1.0,6.996
SAMEA14100501,PRJEB51353,SAMEA14100501,,adult,,,SE,,,,,,2016,primary,2.0,15.191
SAMEA14100502,PRJEB51353,SAMEA14100502,,adult,,,SE,,,,,,2016,primary,1.0,8.328
SAMEA14100503,PRJEB51353,SAMEA14100503,,adult,,,SE,,,,,,2018,primary,1.0,8.086
SAMEA14100504,PRJEB51353,SAMEA14100504,,adult,,,SE,,,,,,2017,primary,1.0,6.238
SAMEA14100505,PRJEB51353,SAMEA14100505,,adult,,,SE,,,,,,2015,primary,2.0,14.51
SAMEA14100506,PRJEB51353,SAMEA14100506,,adult,,,SE,,,,,,2016,primary,1.0,9.256
SAMEA14100507,PRJEB51353,SAMEA14100507,,adult,,,SE,,,,,,2017,primary,1.0,7.797
SAMEA14100508,PRJEB51353,SAMEA14100508,,adult,,,SE,,,,,,2017,primary,1.0,7.629
SAMEA14100509,PRJEB51353,SAMEA14100509,,adult,,,SE,,,,,,2016,primary,1.0,7.643
SAMEA14100510,PRJEB51353,SAMEA14100510,,adult,,,SE,,,,,,2016,primary,1.0,8.092
SAMEA14100511,PRJEB51353,SAMEA14100511,,adult,,,SE,,,,,,2016,primary,1.0,6.978
SAMEA14100512,PRJEB51353,SAMEA14100512,,adult,,,SE,,,,,,2016,primary,1.0,8.064
SAMEA14100513,PRJEB51353,SAMEA14100513,,adult,,,SE,,,,,,2015,primary,2.0,14.125
SAMEA14100514,PRJEB51353,SAMEA14100514,,adult,,,SE,,,,,,2018,primary,1.0,9.142
SAMEA14100515,PRJEB51353,SAMEA14100515,,adult,,,SE,,,,,,2017,primary,1.0,7.103
SAMEA14100516,PRJEB51353,SAMEA14100516,,adult,,,SE,,,,,,2018,primary,1.0,8.98
SAMEA14100517,PRJEB51353,SAMEA14100517,,adult,,,SE,,,,,,2017,primary,1.0,7.207
SAMEA14100518,PRJEB51353,SAMEA14100518,,adult,,,SE,,,,,,2015,primary,2.0,15.292
SAMEA14100519,PRJEB51353,SAMEA14100519,,adult,,,SE,,,,,,2017,primary,1.0,8.866
SAMEA14100520,PRJEB51353,SAMEA14100520,,adult,,,SE,,,,,,2016,primary,1.0,7.329
SAMEA14100521,PRJEB51353,SAMEA14100521,,adult,,,SE,,,,,,2018,primary,1.0,7.448
SAMEA14100522,PRJEB51353,SAMEA14100522,,adult,,,SE,,,,,,2016,primary,1.0,8.219
SAMEA14100523,PRJEB51353,SAMEA14100523,,adult,,,SE,,,,,,2017,primary,1.0,6.654
SAMEA14100524,PRJEB51353,SAMEA14100524,,adult,,,SE,,,,,,2017,primary,1.0,6.068
SAMEA14100525,PRJEB51353,SAMEA14100525,,adult,,,SE,,,,,,2018,primary,1.0,6.931
SAMEA14100526,PRJEB51353,SAMEA14100526,,adult,,,SE,,,,,,2017,primary,1.0,7.21
SAMEA14100527,PRJEB51353,SAMEA14100527,,adult,,,SE,,,,,,2017,primary,1.0,8.376
SAMEA14100528,PRJEB51353,SAMEA14100528,,adult,,,SE,,,,,,2016,primary,1.0,8.448
SAMEA14100529,PRJEB51353,SAMEA14100529,,adult,,,SE,,,,,,2017,primary,1.0,6.029
SAMEA14100530,PRJEB51353,SAMEA14100530,,adult,,,SE,,,,,,2017,primary,1.0,6.705
SAMEA14100531,PRJEB51353,SAMEA14100531,,adult,,,SE,,,,,,2016,primary,1.0,8.68
SAMEA14100532,PRJEB51353,SAMEA14100532,,adult,,,SE,,,,,,2017,primary,1.0,6.455
SAMEA14100533,PRJEB51353,SAMEA14100533,,adult,,,SE,,,,,,2017,primary,1.0,7.462
SAMEA14100534,PRJEB51353,SAMEA14100534,,adult,,,SE,,,,,,2017,primary,1.0,6.202
SAMEA14100535,PRJEB51353,SAMEA14100535,,adult,,,SE,,,,,,2016,primary,2.0,15.487
SAMEA14100536,PRJEB51353,SAMEA14100536,,adult,,,SE,,,,,,2016,primary,1.0,8.94
SAMEA14100537,PRJEB51353,SAMEA14100537,,adult,,,SE,,,,,,2017,primary,1.0,6.354
SAMEA14100538,PRJEB51353,SAMEA14100538,,adult,,,SE,,,,,,2018,primary,1.0,7.23
SAMEA14100539,PRJEB51353,SAMEA14100539,,adult,,,SE,,,,,,2016,primary,1.0,6.321
SAMEA14100540,PRJEB51353,SAMEA14100540,,adult,,,SE,,,,,,2018,primary,1.0,7.501
SAMEA14100541,PRJEB51353,SAMEA14100541,,adult,,,SE,,,,,,2016,primary,1.0,7.606
SAMEA14100542,PRJEB51353,SAMEA14100542,,adult,,,SE,,,,,,2018,primary,1.0,11.003
SAMEA14100543,PRJEB51353,SAMEA14100543,,adult,,,SE,,,,,,2017,primary,1.0,8.555
SAMEA14100544,PRJEB51353,SAMEA14100544,,adult,,,SE,,,,,,2016,primary,2.0,15.249
SAMEA14100545,PRJEB51353,SAMEA14100545,,adult,,,SE,,,,,,2017,primary,1.0,6.94
SAMEA14100546,PRJEB51353,SAMEA14100546,,adult,,,SE,,,,,,2017,primary,1.0,6.545
SAMEA14100547,PRJEB51353,SAMEA14100547,,adult,,,SE,,,,,,2017,primary,1.0,6.093
SAMEA14100548,PRJEB51353,SAMEA14100548,,adult,,,SE,,,,,,2017,primary,1.0,9.027
SAMEA14100549,PRJEB51353,SAMEA14100549,,adult,,,SE,,,,,,2018,primary,1.0,8.526
SAMEA14100550,PRJEB51353,SAMEA14100550,,adult,,,SE,,,,,,2017,primary,1.0,6.559
SAMEA14100551,PRJEB51353,SAMEA14100551,,adult,,,SE,,,,,,2017,primary,1.0,7.278
SAMEA14100552,PRJEB51353,SAMEA14100552,,adult,,,SE,,,,,,2017,primary,1.0,6.312
SAMEA14100553,PRJEB51353,SAMEA14100553,,adult,,,SE,,,,,,2018,primary,1.0,7.632
SAMEA14100554,PRJEB51353,SAMEA14100554,,adult,,,SE,,,,,,2017,primary,1.0,6.655
SAMEA14100555,PRJEB51353,SAMEA14100555,,adult,,,SE,,,,,,2016,primary,1.0,7.65
SAMEA14100556,PRJEB51353,SAMEA14100556,,adult,,,SE,,,,,,2015,primary,1.0,7.909
SAMEA14100557,PRJEB51353,SAMEA14100557,,adult,,,SE,,,,,,2018,primary,1.0,7.151
SAMEA14100558,PRJEB51353,SAMEA14100558,,adult,,,SE,,,,,,2016,primary,1.0,7.732
SAMEA14100559,PRJEB51353,SAMEA14100559,,adult,,,SE,,,,,,2017,primary,1.0,7.469
SAMEA14100560,PRJEB51353,SAMEA14100560,,adult,,,SE,,,,,,2017,primary,1.0,7.367
SAMEA14100561,PRJEB51353,SAMEA14100561,,adult,,,SE,,,,,,2015,primary,1.0,6.345
SAMEA14100562,PRJEB51353,SAMEA14100562,,adult,,,SE,,,,,,2017,primary,1.0,7.64
SAMEA14100563,PRJEB51353,SAMEA14100563,,adult,,,SE,,,,,,2018,primary,1.0,6.587
SAMEA14100564,PRJEB51353,SAMEA14100564,,adult,,,SE,,,,,,2017,primary,1.0,6.976
SAMEA14100565,PRJEB51353,SAMEA14100565,,adult,,,SE,,,,,,2016,primary,1.0,9.238
SAMEA14100566,PRJEB51353,SAMEA14100566,,adult,,,SE,,,,,,2016,primary,1.0,6.27
SAMEA14100567,PRJEB51353,SAMEA14100567,,adult,,,SE,,,,,,2016,primary,2.0,14.181
SAMEA14100568,PRJEB51353,SAMEA14100568,,adult,,,SE,,,,,,2015,primary,1.0,7.075
SAMEA14100569,PRJEB51353,SAMEA14100569,,adult,,,SE,,,,,,2017,primary,1.0,8.269
SAMEA14100570,PRJEB51353,SAMEA14100570,,adult,,,SE,,,,,,2017,primary,1.0,6.221
SAMEA14100571,PRJEB51353,SAMEA14100571,,adult,,,SE,,,,,,2017,primary,1.0,7.385
SAMEA14100572,PRJEB51353,SAMEA14100572,,adult,,,SE,,,,,,2018,primary,1.0,6.999
SAMEA14100573,PRJEB51353,SAMEA14100573,,adult,,,SE,,,,,,2016,primary,1.0,7.552
SAMEA14100574,PRJEB51353,SAMEA14100574,,adult,,,SE,,,,,,2017,primary,1.0,7.173
SAMEA14100575,PRJEB51353,SAMEA14100575,,adult,,,SE,,,,,,2017,primary,1.0,9.276
SAMEA14100576,PRJEB51353,SAMEA14100576,,adult,,,SE,,,,,,2017,primary,1.0,6.454
SAMEA14100577,PRJEB51353,SAMEA14100577,,adult,,,SE,,,,,,2017,primary,1.0,8.272
SAMEA14100578,PRJEB51353,SAMEA14100578,,adult,,,SE,,,,,,2018,primary,1.0,6.811
SAMEA14100579,PRJEB51353,SAMEA14100579,,adult,,,SE,,,,,,2017,primary,1.0,6.178
SAMEA14100580,PRJEB51353,SAMEA14100580,,adult,,,SE,,,,,,2016,primary,1.0,7.953
SAMEA14100581,PRJEB51353,SAMEA14100581,,adult,,,SE,,,,,,2018,primary,1.0,7.977
SAMEA14100582,PRJEB51353,SAMEA14100582,,adult,,,SE,,,,,,2017,primary,1.0,8.206
SAMEA14100583,PRJEB51353,SAMEA14100583,,adult,,,SE,,,,,,2018,primary,1.0,6.486
SAMEA14100584,PRJEB51353,SAMEA14100584,,adult,,,SE,,,,,,2017,primary,1.0,9.399
SAMEA14100585,PRJEB51353,SAMEA14100585,,adult,,,SE,,,,,,2017,primary,1.0,6.547
SAMEA14100586,PRJEB51353,SAMEA14100586,,adult,,,SE,,,,,,2016,primary,1.0,6.798
SAMEA14100587,PRJEB51353,SAMEA14100587,,adult,,,SE,,,,,,2016,primary,1.0,7.407
SAMEA14100588,PRJEB51353,SAMEA14100588,,adult,,,SE,,,,,,2017,primary,1.0,6.204
SAMEA14100589,PRJEB51353,SAMEA14100589,,adult,,,SE,,,,,,2017,primary,1.0,6.985
SAMEA14100590,PRJEB51353,SAMEA14100590,,adult,,,SE,,,,,,2018,primary,1.0,6.586
SAMEA14100591,PRJEB51353,SAMEA14100591,,adult,,,SE,,,,,,2017,primary,1.0,8.141
SAMEA14100592,PRJEB51353,SAMEA14100592,,adult,,,SE,,,,,,2015,primary,1.0,9.069
SAMEA14100593,PRJEB51353,SAMEA14100593,,adult,,,SE,,,,,,2015,primary,1.0,6.626
SAMEA14100594,PRJEB51353,SAMEA14100594,,adult,,,SE,,,,,,2017,primary,1.0,7.86
SAMEA14100595,PRJEB51353,SAMEA14100595,,adult,,,SE,,,,,,2016,primary,1.0,6.511
SAMEA14100596,PRJEB51353,SAMEA14100596,,adult,,,SE,,,,,,2017,primary,1.0,6.838
SAMEA14100597,PRJEB51353,SAMEA14100597,,adult,,,SE,,,,,,2017,primary,1.0,7.654
SAMEA14100598,PRJEB51353,SAMEA14100598,,adult,,,SE,,,,,,2017,primary,1.0,8.369
SAMEA14100599,PRJEB51353,SAMEA14100599,,adult,,,SE,,,,,,2017,primary,1.0,6.97
SAMEA14100600,PRJEB51353,SAMEA14100600,,adult,,,SE,,,,,,2017,primary,1.0,7.265
SAMEA14100601,PRJEB51353,SAMEA14100601,,adult,,,SE,,,,,,2017,primary,1.0,6.63
SAMEA14100602,PRJEB51353,SAMEA14100602,,adult,,,SE,,,,,,2017,primary,1.0,6.459
SAMEA14100603,PRJEB51353,SAMEA14100603,,adult,,,SE,,,,,,2017,primary,1.0,7.947
SAMEA14100604,PRJEB51353,SAMEA14100604,,adult,,,SE,,,,,,2017,primary,1.0,8.477
SAMEA14100605,PRJEB51353,SAMEA14100605,,adult,,,SE,,,,,,2016,primary,1.0,7.796
SAMEA14100606,PRJEB51353,SAMEA14100606,,adult,,,SE,,,,,,2017,primary,1.0,7.076
SAMEA14100607,PRJEB51353,SAMEA14100607,,adult,,,SE,,,,,,2018,primary,1.0,6.592
SAMEA14100608,PRJEB51353,SAMEA14100608,,adult,,,SE,,,,,,2016,primary,1.0,6.894
SAMEA14100609,PRJEB51353,SAMEA14100609,,adult,,,SE,,,,,,2018,primary,1.0,7.782
SAMEA14100610,PRJEB51353,SAMEA14100610,,adult,,,SE,,,,,,2018,primary,1.0,8.538
SAMEA14100611,PRJEB51353,SAMEA14100611,,adult,,,SE,,,,,,2016,primary,1.0,7.057
SAMEA14100612,PRJEB51353,SAMEA14100612,,adult,,,SE,,,,,,2017,primary,1.0,6.95
SAMEA14100613,PRJEB51353,SAMEA14100613,,adult,,,SE,,,,,,2018,primary,1.0,7.611
SAMEA14100614,PRJEB51353,SAMEA14100614,,adult,,,SE,,,,,,2018,primary,1.0,6.697
SAMEA14100615,PRJEB51353,SAMEA14100615,,adult,,,SE,,,,,,2018,primary,1.0,6.887
SAMEA14100616,PRJEB51353,SAMEA14100616,,adult,,,SE,,,,,,2018,primary,1.0,7.604
SAMEA14100617,PRJEB51353,SAMEA14100617,,adult,,,SE,,,,,,2017,primary,1.0,7.568
SAMEA14100618,PRJEB51353,SAMEA14100618,,adult,,,SE,,,,,,2018,primary,1.0,7.239
SAMEA14100619,PRJEB51353,SAMEA14100619,,adult,,,SE,,,,,,2016,primary,1.0,8.9
SAMEA14100620,PRJEB51353,SAMEA14100620,,adult,,,SE,,,,,,2018,primary,1.0,8.51
SAMEA14100621,PRJEB51353,SAMEA14100621,,adult,,,SE,,,,,,2018,primary,1.0,6.531
SAMEA14100622,PRJEB51353,SAMEA14100622,,adult,,,SE,,,,,,2016,primary,1.0,6.444
SAMEA14100623,PRJEB51353,SAMEA14100623,,adult,,,SE,,,,,,2018,primary,1.0,10.711
SAMEA14100624,PRJEB51353,SAMEA14100624,,adult,,,SE,,,,,,2015,primary,2.0,14.125
SAMEA14100625,PRJEB51353,SAMEA14100625,,adult,,,SE,,,,,,2016,primary,1.0,9.135
SAMEA14100626,PRJEB51353,SAMEA14100626,,adult,,,SE,,,,,,2016,primary,2.0,13.45
SAMEA14100627,PRJEB51353,SAMEA14100627,,adult,,,SE,,,,,,2016,primary,1.0,6.677
SAMEA14100628,PRJEB51353,SAMEA14100628,,adult,,,SE,,,,,,2018,primary,1.0,9.241
SAMEA14100629,PRJEB51353,SAMEA14100629,,adult,,,SE,,,,,,2016,primary,1.0,8.027
SAMEA14100630,PRJEB51353,SAMEA14100630,,adult,,,SE,,,,,,2018,primary,1.0,6.552
SAMEA14100631,PRJEB51353,SAMEA14100631,,adult,,,SE,,,,,,2017,primary,1.0,7.71
SAMEA14100632,PRJEB51353,SAMEA14100632,,adult,,,SE,,,,,,2017,primary,1.0,8.864
SAMEA14100633,PRJEB51353,SAMEA14100633,,adult,,,SE,,,,,,2018,primary,1.0,7.591
SAMEA14100634,PRJEB51353,SAMEA14100634,,adult,,,SE,,,,,,2017,primary,1.0,6.075
SAMEA14100635,PRJEB51353,SAMEA14100635,,adult,,,SE,,,,,,2017,primary,1.0,7.396
SAMEA14100636,PRJEB51353,SAMEA14100636,,adult,,,SE,,,,,,2016,primary,1.0,6.162
SAMEA14100637,PRJEB51353,SAMEA14100637,,adult,,,SE,,,,,,2016,primary,1.0,7.019
SAMEA14100638,PRJEB51353,SAMEA14100638,,adult,,,SE,,,,,,2016,primary,1.0,6.928
SAMEA14100639,PRJEB51353,SAMEA14100639,,adult,,,SE,,,,,,2016,primary,1.0,6.802
SAMEA14100640,PRJEB51353,SAMEA14100640,,adult,,,SE,,,,,,2016,primary,1.0,7.865
SAMEA14100641,PRJEB51353,SAMEA14100641,,adult,,,SE,,,,,,2016,primary,1.0,9.404
SAMEA14100642,PRJEB51353,SAMEA14100642,,adult,,,SE,,,,,,2016,primary,1.0,8.481
SAMEA14100643,PRJEB51353,SAMEA14100643,,adult,,,SE,,,,,,2015,primary,2.0,15.038
SAMEA14100644,PRJEB51353,SAMEA14100644,,adult,,,SE,,,,,,2017,primary,1.0,7.452
SAMEA14100645,PRJEB51353,SAMEA14100645,,adult,,,SE,,,,,,2016,primary,2.0,18.278
SAMEA14100646,PRJEB51353,SAMEA14100646,,adult,,,SE,,,,,,2016,primary,1.0,6.998
SAMEA14100647,PRJEB51353,SAMEA14100647,,adult,,,SE,,,,,,2016,primary,1.0,6.635
SAMEA14100648,PRJEB51353,SAMEA14100648,,adult,,,SE,,,,,,2016,primary,2.0,15.497
SAMEA14100649,PRJEB51353,SAMEA14100649,,adult,,,SE,,,,,,2017,primary,1.0,7.597
SAMEA14100650,PRJEB51353,SAMEA14100650,,adult,,,SE,,,,,,2016,primary,1.0,9.866
SAMEA14100651,PRJEB51353,SAMEA14100651,,adult,,,SE,,,,,,2015,primary,1.0,7.323
SAMEA14100652,PRJEB51353,SAMEA14100652,,adult,,,SE,,,,,,2017,primary,1.0,7.78
SAMEA14100653,PRJEB51353,SAMEA14100653,,adult,,,SE,,,,,,2018,primary,1.0,6.706
SAMEA14100654,PRJEB51353,SAMEA14100654,,adult,,,SE,,,,,,2018,primary,1.0,8.056
SAMEA14100655,PRJEB51353,SAMEA14100655,,adult,,,SE,,,,,,2015,primary,2.0,13.973
SAMEA14100663,PRJEB51353,SAMEA14100663,,adult,,,SE,,,,,,2015,primary,1.0,8.334
SAMEA14100664,PRJEB51353,SAMEA14100664,,adult,,,SE,,,,,,2018,primary,1.0,6.703
SAMEA14100665,PRJEB51353,SAMEA14100665,,adult,,,SE,,,,,,2018,primary,1.0,9.657
SAMEA14100666,PRJEB51353,SAMEA14100666,,adult,,,SE,,,,,,2017,primary,1.0,6.44
SAMEA14100667,PRJEB51353,SAMEA14100667,,adult,,,SE,,,,,,2017,primary,1.0,8.193
SAMEA14100668,PRJEB51353,SAMEA14100668,,adult,,,SE,,,,,,2017,primary,1.0,7.769
SAMEA14100669,PRJEB51353,SAMEA14100669,,adult,,,SE,,,,,,2016,primary,1.0,6.304
SAMEA14100670,PRJEB51353,SAMEA14100670,,adult,,,SE,,,,,,2018,primary,1.0,7.166
SAMEA14100671,PRJEB51353,SAMEA14100671,,adult,,,SE,,,,,,2016,primary,1.0,9.642
SAMEA14100672,PRJEB51353,SAMEA14100672,,adult,,,SE,,,,,,2017,primary,1.0,7.278
SAMEA14100673,PRJEB51353,SAMEA14100673,,adult,,,SE,,,,,,2017,primary,1.0,7.963
SAMEA14100674,PRJEB51353,SAMEA14100674,,adult,,,SE,,,,,,2015,primary,1.0,6.659
SAMEA14100675,PRJEB51353,SAMEA14100675,,adult,,,SE,,,,,,2016,primary,1.0,6.321
SAMEA14100676,PRJEB51353,SAMEA14100676,,adult,,,SE,,,,,,2018,primary,1.0,8.279
SAMEA14100677,PRJEB51353,SAMEA14100677,,adult,,,SE,,,,,,2018,primary,1.0,6.977
SAMEA14100678,PRJEB51353,SAMEA14100678,,adult,,,SE,,,,,,2016,primary,1.0,6.751
SAMEA14100679,PRJEB51353,SAMEA14100679,,adult,,,SE,,,,,,2018,primary,1.0,7.988
SAMEA14100680,PRJEB51353,SAMEA14100680,,adult,,,SE,,,,,,2018,primary,1.0,7.232
SAMEA14100681,PRJEB51353,SAMEA14100681,,adult,,,SE,,,,,,2017,primary,1.0,7.42
SAMEA14100682,PRJEB51353,SAMEA14100682,,adult,,,SE,,,,,,2018,primary,1.0,6.907
SAMEA14100683,PRJEB51353,SAMEA14100683,,adult,,,SE,,,,,,2018,primary,1.0,7.054
SAMEA14100684,PRJEB51353,SAMEA14100684,,adult,,,SE,,,,,,2017,primary,1.0,7.23
SAMEA14100685,PRJEB51353,SAMEA14100685,,adult,,,SE,,,,,,2017,primary,1.0,6.918
SAMEA14100686,PRJEB51353,SAMEA14100686,,adult,,,SE,,,,,,2018,primary,1.0,6.697
SAMEA14100687,PRJEB51353,SAMEA14100687,,adult,,,SE,,,,,,2018,primary,1.0,9.085
SAMEA14100688,PRJEB51353,SAMEA14100688,,adult,,,SE,,,,,,2016,primary,1.0,7.715
SAMEA14100689,PRJEB51353,SAMEA14100689,,adult,,,SE,,,,,,2018,primary,1.0,7.949
SAMEA14100690,PRJEB51353,SAMEA14100690,,adult,,,SE,,,,,,2017,primary,1.0,7.768
SAMEA14100691,PRJEB51353,SAMEA14100691,,adult,,,SE,,,,,,2017,primary,1.0,7.691
SAMEA14100692,PRJEB51353,SAMEA14100692,,adult,,,SE,,,,,,2017,primary,1.0,6.701
SAMEA14100693,PRJEB51353,SAMEA14100693,,adult,,,SE,,,,,,2018,primary,1.0,7.23
SAMEA14100694,PRJEB51353,SAMEA14100694,,adult,,,SE,,,,,,2017,primary,1.0,6.018
SAMEA14100695,PRJEB51353,SAMEA14100695,,adult,,,SE,,,,,,2017,primary,1.0,7.681
SAMEA14100696,PRJEB51353,SAMEA14100696,,adult,,,SE,,,,,,2016,primary,1.0,5.969
SAMEA14100697,PRJEB51353,SAMEA14100697,,adult,,,SE,,,,,,2016,primary,1.0,7.912
SAMEA14100698,PRJEB51353,SAMEA14100698,,adult,,,SE,,,,,,2017,primary,1.0,6.083
SAMEA14100699,PRJEB51353,SAMEA14100699,,adult,,,SE,,,,,,2016,primary,1.0,7.199
SAMEA14100700,PRJEB51353,SAMEA14100700,,adult,,,SE,,,,,,2015,primary,1.0,9.091
SAMEA14100701,PRJEB51353,SAMEA14100701,,adult,,,SE,,,,,,2016,primary,1.0,7.208
SAMEA14100702,PRJEB51353,SAMEA14100702,,adult,,,SE,,,,,,2018,primary,1.0,7.388
SAMEA14100703,PRJEB51353,SAMEA14100703,,adult,,,SE,,,,,,2016,primary,1.0,7.014
SAMEA14100704,PRJEB51353,SAMEA14100704,,adult,,,SE,,,,,,2017,primary,1.0,7.023
SAMEA14100705,PRJEB51353,SAMEA14100705,,adult,,,SE,,,,,,2016,primary,1.0,6.688
SAMEA14100706,PRJEB51353,SAMEA14100706,,adult,,,SE,,,,,,2015,primary,2.0,16.013
SAMEA14100707,PRJEB51353,SAMEA14100707,,adult,,,SE,,,,,,2017,primary,1.0,7.576
SAMEA14100708,PRJEB51353,SAMEA14100708,,adult,,,SE,,,,,,2018,primary,1.0,6.662
SAMEA14100709,PRJEB51353,SAMEA14100709,,adult,,,SE,,,,,,2016,primary,1.0,8.235
SAMEA14100710,PRJEB51353,SAMEA14100710,,adult,,,SE,,,,,,2016,primary,1.0,6.774
SAMEA14100711,PRJEB51353,SAMEA14100711,,adult,,,SE,,,,,,2018,primary,1.0,8.632
SAMEA14100712,PRJEB51353,SAMEA14100712,,adult,,,SE,,,,,,2018,primary,1.0,8.191
SAMEA14100713,PRJEB51353,SAMEA14100713,,adult,,,SE,,,,,,2016,primary,1.0,6.672
SAMEA14100714,PRJEB51353,SAMEA14100714,,adult,,,SE,,,,,,2016,primary,1.0,6.173
SAMEA14100715,PRJEB51353,SAMEA14100715,,adult,,,SE,,,,,,2017,primary,1.0,8.428
SAMEA14100716,PRJEB51353,SAMEA14100716,,adult,,,SE,,,,,,2017,primary,1.0,7.527
SAMEA14100717,PRJEB51353,SAMEA14100717,,adult,,,SE,,,,,,2018,primary,1.0,9.375
SAMEA14100718,PRJEB51353,SAMEA14100718,,adult,,,SE,,,,,,2017,primary,1.0,8.037
SAMEA14100719,PRJEB51353,SAMEA14100719,,adult,,,SE,,,,,,2018,primary,1.0,7.463
SAMEA14100720,PRJEB51353,SAMEA14100720,,adult,,,SE,,,,,,2018,primary,1.0,6.216
SAMEA14100721,PRJEB51353,SAMEA14100721,,adult,,,SE,,,,,,2017,primary,1.0,7.626
SAMEA14100722,PRJEB51353,SAMEA14100722,,adult,,,SE,,,,,,2016,primary,1.0,8.156
SAMEA14100723,PRJEB51353,SAMEA14100723,,adult,,,SE,,,,,,2018,primary,1.0,8.225
SAMEA14100724,PRJEB51353,SAMEA14100724,,adult,,,SE,,,,,,2018,primary,1.0,6.382
SAMEA14100725,PRJEB51353,SAMEA14100725,,adult,,,SE,,,,,,2017,primary,1.0,6.45
SAMEA14100726,PRJEB51353,SAMEA14100726,,adult,,,SE,,,,,,2018,primary,1.0,7.74
SAMEA14100727,PRJEB51353,SAMEA14100727,,adult,,,SE,,,,,,2016,primary,1.0,8.523
SAMEA14100728,PRJEB51353,SAMEA14100728,,adult,,,SE,,,,,,2017,primary,1.0,6.603
SAMEA14100729,PRJEB51353,SAMEA14100729,,adult,,,SE,,,,,,2016,primary,1.0,7.518
SAMEA14100730,PRJEB51353,SAMEA14100730,,adult,,,SE,,,,,,2017,primary,1.0,7.646
SAMEA14100731,PRJEB51353,SAMEA14100731,,adult,,,SE,,,,,,2017,primary,1.0,8.483
SAMEA14100732,PRJEB51353,SAMEA14100732,,adult,,,SE,,,,,,2015,primary,2.0,15.038
SAMEA14100733,PRJEB51353,SAMEA14100733,,adult,,,SE,,,,,,2016,primary,1.0,7.036
SAMEA14100734,PRJEB51353,SAMEA14100734,,adult,,,SE,,,,,,2017,primary,1.0,7.269
SAMEA14100735,PRJEB51353,SAMEA14100735,,adult,,,SE,,,,,,2015,primary,2.0,15.085
SAMEA14100736,PRJEB51353,SAMEA14100736,,adult,,,SE,,,,,,2017,primary,1.0,6.234
SAMEA14100737,PRJEB51353,SAMEA14100737,,adult,,,SE,,,,,,2015,primary,2.0,13.319
SAMEA14100738,PRJEB51353,SAMEA14100738,,adult,,,SE,,,,,,2016,primary,1.0,7.925
SAMEA14100739,PRJEB51353,SAMEA14100739,,adult,,,SE,,,,,,2016,primary,1.0,7.048
SAMEA14100740,PRJEB51353,SAMEA14100740,,adult,,,SE,,,,,,2018,primary,1.0,7.58
SAMEA14100741,PRJEB51353,SAMEA14100741,,adult,,,SE,,,,,,2017,primary,1.0,7.805
SAMEA14100742,PRJEB51353,SAMEA14100742,,adult,,,SE,,,,,,2018,primary,1.0,6.744
SAMEA14100743,PRJEB51353,SAMEA14100743,,adult,,,SE,,,,,,2017,primary,1.0,6.023
SAMEA14100744,PRJEB51353,SAMEA14100744,,adult,,,SE,,,,,,2018,primary,1.0,7.771
SAMEA14100745,PRJEB51353,SAMEA14100745,,adult,,,SE,,,,,,2017,primary,1.0,7.043
SAMEA14100746,PRJEB51353,SAMEA14100746,,adult,,,SE,,,,,,2018,primary,1.0,7.42
SAMEA14100747,PRJEB51353,SAMEA14100747,,adult,,,SE,,,,,,2018,primary,1.0,8.414
SAMEA14100748,PRJEB51353,SAMEA14100748,,adult,,,SE,,,,,,2018,primary,1.0,6.86
SAMEA14100749,PRJEB51353,SAMEA14100749,,adult,,,SE,,,,,,2017,primary,1.0,6.692
SAMEA14100750,PRJEB51353,SAMEA14100750,,adult,,,SE,,,,,,2017,primary,1.0,6.802
SAMEA14100751,PRJEB51353,SAMEA14100751,,adult,,,SE,,,,,,2018,primary,1.0,9.195
SAMEA14100752,PRJEB51353,SAMEA14100752,,adult,,,SE,,,,,,2017,primary,1.0,6.578
SAMEA14100753,PRJEB51353,SAMEA14100753,,adult,,,SE,,,,,,2018,primary,1.0,7.41
SAMEA14100754,PRJEB51353,SAMEA14100754,,adult,,,SE,,,,,,2015,primary,2.0,14.866
SAMEA14100755,PRJEB51353,SAMEA14100755,,adult,,,SE,,,,,,2017,primary,1.0,7.417
SAMEA14100756,PRJEB51353,SAMEA14100756,,adult,,,SE,,,,,,2017,primary,1.0,6.058
SAMEA14100757,PRJEB51353,SAMEA14100757,,adult,,,SE,,,,,,2016,primary,1.0,5.993
SAMEA14100758,PRJEB51353,SAMEA14100758,,adult,,,SE,,,,,,2018,primary,1.0,7.022
SAMEA14100759,PRJEB51353,SAMEA14100759,,adult,,,SE,,,,,,2017,primary,1.0,6.936
SAMEA14100760,PRJEB51353,SAMEA14100760,,adult,,,SE,,,,,,2018,primary,1.0,7.68
SAMEA14100761,PRJEB51353,SAMEA14100761,,adult,,,SE,,,,,,2017,primary,1.0,7.943
SAMEA14100762,PRJEB51353,SAMEA14100762,,adult,,,SE,,,,,,2017,primary,1.0,7.726
SAMEA14100763,PRJEB51353,SAMEA14100763,,adult,,,SE,,,,,,2017,primary,1.0,7.348
SAMEA14100764,PRJEB51353,SAMEA14100764,,adult,,,SE,,,,,,2017,primary,1.0,6.588
SAMEA14100765,PRJEB51353,SAMEA14100765,,adult,,,SE,,,,,,2016,primary,1.0,7.291
SAMEA14100766,PRJEB51353,SAMEA14100766,,adult,,,SE,,,,,,2017,primary,1.0,8.58
SAMEA14100767,PRJEB51353,SAMEA14100767,,adult,,,SE,,,,,,2017,primary,1.0,6.182
SAMEA14100768,PRJEB51353,SAMEA14100768,,adult,,,SE,,,,,,2017,primary,1.0,7.735
SAMEA14100769,PRJEB51353,SAMEA14100769,,adult,,,SE,,,,,,2017,primary,1.0,8.455
SAMEA14100770,PRJEB51353,SAMEA14100770,,adult,,,SE,,,,,,2016,primary,1.0,8.003
SAMEA14100771,PRJEB51353,SAMEA14100771,,adult,,,SE,,,,,,2017,primary,1.0,6.213
SAMEA14100772,PRJEB51353,SAMEA14100772,,adult,,,SE,,,,,,2016,primary,1.0,6.779
SAMEA14100773,PRJEB51353,SAMEA14100773,,adult,,,SE,,,,,,2016,primary,1.0,9.783
SAMEA14100774,PRJEB51353,SAMEA14100774,,adult,,,SE,,,,,,2016,primary,1.0,7.959
SAMEA14100775,PRJEB51353,SAMEA14100775,,adult,,,SE,,,,,,2017,primary,1.0,7.121
SAMEA14100776,PRJEB51353,SAMEA14100776,,adult,,,SE,,,,,,2017,primary,1.0,7.396
SAMEA14100777,PRJEB51353,SAMEA14100777,,adult,,,SE,,,,,,2017,primary,1.0,7.408
SAMEA14100778,PRJEB51353,SAMEA14100778,,adult,,,SE,,,,,,2016,primary,1.0,7.682
SAMEA14100779,PRJEB51353,SAMEA14100779,,adult,,,SE,,,,,,2017,primary,1.0,8.533
SAMEA14100780,PRJEB51353,SAMEA14100780,,adult,,,SE,,,,,,2018,primary,1.0,7.907
SAMEA14100781,PRJEB51353,SAMEA14100781,,adult,,,SE,,,,,,2017,primary,1.0,6.997
SAMEA14100782,PRJEB51353,SAMEA14100782,,adult,,,SE,,,,,,2017,primary,1.0,7.902
SAMEA14100783,PRJEB51353,SAMEA14100783,,adult,,,SE,,,,,,2017,primary,1.0,8.488
SAMEA14100784,PRJEB51353,SAMEA14100784,,adult,,,SE,,,,,,2016,primary,1.0,7.832
SAMEA14100785,PRJEB51353,SAMEA14100785,,adult,,,SE,,,,,,2016,primary,1.0,8.682
SAMEA14100786,PRJEB51353,SAMEA14100786,,adult,,,SE,,,,,,2017,primary,1.0,6.802
SAMEA14100787,PRJEB51353,SAMEA14100787,,adult,,,SE,,,,,,2018,primary,1.0,9.85
SAMEA14100788,PRJEB51353,SAMEA14100788,,adult,,,SE,,,,,,2018,primary,1.0,7.496
SAMEA14100789,PRJEB51353,SAMEA14100789,,adult,,,SE,,,,,,2017,primary,1.0,7.67
SAMEA14100790,PRJEB51353,SAMEA14100790,,adult,,,SE,,,,,,2016,primary,1.0,8.438
SAMEA14100791,PRJEB51353,SAMEA14100791,,adult,,,SE,,,,,,2018,primary,1.0,9.438
SAMEA14100792,PRJEB51353,SAMEA14100792,,adult,,,SE,,,,,,2016,primary,1.0,7.69
SAMEA14100793,PRJEB51353,SAMEA14100793,,adult,,,SE,,,,,,2016,primary,1.0,7.611
SAMEA14100794,PRJEB51353,SAMEA14100794,,adult,,,SE,,,,,,2017,primary,1.0,8.426
SAMEA14100795,PRJEB51353,SAMEA14100795,,adult,,,SE,,,,,,2016,primary,1.0,6.152
SAMEA14100796,PRJEB51353,SAMEA14100796,,adult,,,SE,,,,,,2017,primary,1.0,7.328
SAMEA14100797,PRJEB51353,SAMEA14100797,,adult,,,SE,,,,,,2018,primary,1.0,6.347
SAMEA14100798,PRJEB51353,SAMEA14100798,,adult,,,SE,,,,,,2016,primary,1.0,8.769
SAMEA14100799,PRJEB51353,SAMEA14100799,,adult,,,SE,,,,,,2016,primary,1.0,6.923
SAMEA14100800,PRJEB51353,SAMEA14100800,,adult,,,SE,,,,,,2016,primary,1.0,9.893
SAMEA14100801,PRJEB51353,SAMEA14100801,,adult,,,SE,,,,,,2017,primary,1.0,7.341
SAMEA14100802,PRJEB51353,SAMEA14100802,,adult,,,SE,,,,,,2018,primary,1.0,8.79
SAMEA14100803,PRJEB51353,SAMEA14100803,,adult,,,SE,,,,,,2018,primary,1.0,6.298
SAMEA14100804,PRJEB51353,SAMEA14100804,,adult,,,SE,,,,,,2016,primary,1.0,6.484
SAMEA14100805,PRJEB51353,SAMEA14100805,,adult,,,SE,,,,,,2016,primary,1.0,7.584
SAMEA14100806,PRJEB51353,SAMEA14100806,,adult,,,SE,,,,,,2017,primary,1.0,6.112
SAMEA14100807,PRJEB51353,SAMEA14100807,,adult,,,SE,,,,,,2017,primary,1.0,6.082
SAMEA14100808,PRJEB51353,SAMEA14100808,,adult,,,SE,,,,,,2016,primary,2.0,16.421
SAMEA14100809,PRJEB51353,SAMEA14100809,,adult,,,SE,,,,,,2017,primary,1.0,7.747
SAMEA14100810,PRJEB51353,SAMEA14100810,,adult,,,SE,,,,,,2017,primary,1.0,6.51
SAMEA14100811,PRJEB51353,SAMEA14100811,,adult,,,SE,,,,,,2017,primary,1.0,6.885
SAMEA14100812,PRJEB51353,SAMEA14100812,,adult,,,SE,,,,,,2018,primary,1.0,9.596
SAMEA14100813,PRJEB51353,SAMEA14100813,,adult,,,SE,,,,,,2017,primary,1.0,7.274
SAMEA14100814,PRJEB51353,SAMEA14100814,,adult,,,SE,,,,,,2017,primary,1.0,6.623
SAMEA14100815,PRJEB51353,SAMEA14100815,,adult,,,SE,,,,,,2016,primary,1.0,6.721
SAMEA14100816,PRJEB51353,SAMEA14100816,,adult,,,SE,,,,,,2018,primary,1.0,7.678
SAMEA14100817,PRJEB51353,SAMEA14100817,,adult,,,SE,,,,,,2017,primary,1.0,7.155
SAMEA14100818,PRJEB51353,SAMEA14100818,,adult,,,SE,,,,,,2017,primary,1.0,7.261
SAMEA14100819,PRJEB51353,SAMEA14100819,,adult,,,SE,,,,,,2018,primary,1.0,7.714
SAMEA14100820,PRJEB51353,SAMEA14100820,,adult,,,SE,,,,,,2017,primary,1.0,6.683
SAMEA14100821,PRJEB51353,SAMEA14100821,,adult,,,SE,,,,,,2017,primary,1.0,6.3
SAMEA14100822,PRJEB51353,SAMEA14100822,,adult,,,SE,,,,,,2015,primary,2.0,13.609
SAMEA14100823,PRJEB51353,SAMEA14100823,,adult,,,SE,,,,,,2016,primary,1.0,7.212
SAMEA14100824,PRJEB51353,SAMEA14100824,,adult,,,SE,,,,,,2017,primary,1.0,8.59
SAMEA14100825,PRJEB51353,SAMEA14100825,,adult,,,SE,,,,,,2015,primary,1.0,7.71
SAMEA14100826,PRJEB51353,SAMEA14100826,,adult,,,SE,,,,,,2016,primary,1.0,6.287
SAMEA14100827,PRJEB51353,SAMEA14100827,,adult,,,SE,,,,,,2017,primary,1.0,6.533
SAMEA14100828,PRJEB51353,SAMEA14100828,,adult,,,SE,,,,,,2018,primary,1.0,7.351
SAMEA14100829,PRJEB51353,SAMEA14100829,,adult,,,SE,,,,,,2017,primary,1.0,9.033
SAMEA14100830,PRJEB51353,SAMEA14100830,,adult,,,SE,,,,,,2016,primary,1.0,6.777
SAMEA14100831,PRJEB51353,SAMEA14100831,,adult,,,SE,,,,,,2016,primary,1.0,6.737
SAMEA14100832,PRJEB51353,SAMEA14100832,,adult,,,SE,,,,,,2016,primary,1.0,6.074
SAMEA14100833,PRJEB51353,SAMEA14100833,,adult,,,SE,,,,,,2017,primary,1.0,7.668
SAMEA14100834,PRJEB51353,SAMEA14100834,,adult,,,SE,,,,,,2016,primary,1.0,8.328
SAMEA14100835,PRJEB51353,SAMEA14100835,,adult,,,SE,,,,,,2017,primary,1.0,7.132
SAMEA14100836,PRJEB51353,SAMEA14100836,,adult,,,SE,,,,,,2016,primary,1.0,6.024
SAMEA14100837,PRJEB51353,SAMEA14100837,,adult,,,SE,,,,,,2017,primary,1.0,7.751
SAMEA14100838,PRJEB51353,SAMEA14100838,,adult,,,SE,,,,,,2018,primary,1.0,7.616
SAMEA14100839,PRJEB51353,SAMEA14100839,,adult,,,SE,,,,,,2017,primary,1.0,8.345
SAMEA14100840,PRJEB51353,SAMEA14100840,,adult,,,SE,,,,,,2018,primary,1.0,6.822
SAMEA14100841,PRJEB51353,SAMEA14100841,,adult,,,SE,,,,,,2016,primary,1.0,6.115
SAMEA14100842,PRJEB51353,SAMEA14100842,,adult,,,SE,,,,,,2016,primary,1.0,6.447
SAMEA14100843,PRJEB51353,SAMEA14100843,,adult,,,SE,,,,,,2016,primary,1.0,7.581
SAMEA14100844,PRJEB51353,SAMEA14100844,,adult,,,SE,,,,,,2016,primary,2.0,14.126
SAMEA14100845,PRJEB51353,SAMEA14100845,,adult,,,SE,,,,,,2018,primary,1.0,6.863
SAMEA14100846,PRJEB51353,SAMEA14100846,,adult,,,SE,,,,,,2015,primary,2.0,14.362
SAMEA14100847,PRJEB51353,SAMEA14100847,,adult,,,SE,,,,,,2016,primary,1.0,7.182
SAMEA14100848,PRJEB51353,SAMEA14100848,,adult,,,SE,,,,,,2018,primary,1.0,7.345
SAMEA14100849,PRJEB51353,SAMEA14100849,,adult,,,SE,,,,,,2016,primary,1.0,7.56
SAMEA14100850,PRJEB51353,SAMEA14100850,,adult,,,SE,,,,,,2016,primary,1.0,7.367
SAMEA14100851,PRJEB51353,SAMEA14100851,,adult,,,SE,,,,,,2015,primary,1.0,6.868
SAMEA14100852,PRJEB51353,SAMEA14100852,,adult,,,SE,,,,,,2017,primary,1.0,7.108
SAMEA14100853,PRJEB51353,SAMEA14100853,,adult,,,SE,,,,,,2016,primary,1.0,7.851
SAMEA14100854,PRJEB51353,SAMEA14100854,,adult,,,SE,,,,,,2016,primary,1.0,6.196
SAMEA14100855,PRJEB51353,SAMEA14100855,,adult,,,SE,,,,,,2018,primary,1.0,9.02
SAMEA14100856,PRJEB51353,SAMEA14100856,,adult,,,SE,,,,,,2015,primary,2.0,13.29
SAMEA14100857,PRJEB51353,SAMEA14100857,,adult,,,SE,,,,,,2017,primary,1.0,7.79
SAMEA14100858,PRJEB51353,SAMEA14100858,,adult,,,SE,,,,,,2016,primary,1.0,7.482
SAMEA14100859,PRJEB51353,SAMEA14100859,,adult,,,SE,,,,,,2016,primary,1.0,6.593
SAMEA14100860,PRJEB51353,SAMEA14100860,,adult,,,SE,,,,,,2018,primary,1.0,9.375
SAMEA14100861,PRJEB51353,SAMEA14100861,,adult,,,SE,,,,,,2017,primary,1.0,7.063
SAMEA14100862,PRJEB51353,SAMEA14100862,,adult,,,SE,,,,,,2018,primary,1.0,7.543
SAMEA14100863,PRJEB51353,SAMEA14100863,,adult,,,SE,,,,,,2017,primary,1.0,7.35
SAMEA14100864,PRJEB51353,SAMEA14100864,,adult,,,SE,,,,,,2016,primary,1.0,7.691
SAMEA14100865,PRJEB51353,SAMEA14100865,,adult,,,SE,,,,,,2018,primary,1.0,7.055
SAMEA14100866,PRJEB51353,SAMEA14100866,,adult,,,SE,,,,,,2018,primary,1.0,8.259
SAMEA14100867,PRJEB51353,SAMEA14100867,,adult,,,SE,,,,,,2017,primary,1.0,8.603
SAMEA14100868,PRJEB51353,SAMEA14100868,,adult,,,SE,,,,,,2015,primary,1.0,9.225
SAMEA14100869,PRJEB51353,SAMEA14100869,,adult,,,SE,,,,,,2017,primary,1.0,6.829
SAMEA14100870,PRJEB51353,SAMEA14100870,,adult,,,SE,,,,,,2017,primary,1.0,8.841
SAMEA14100871,PRJEB51353,SAMEA14100871,,adult,,,SE,,,,,,2017,primary,1.0,7.367
SAMEA14100872,PRJEB51353,SAMEA14100872,,adult,,,SE,,,,,,2018,primary,1.0,7.103
SAMEA14100873,PRJEB51353,SAMEA14100873,,adult,,,SE,,,,,,2018,primary,1.0,7.23
SAMEA14100874,PRJEB51353,SAMEA14100874,,adult,,,SE,,,,,,2016,primary,1.0,9.316
SAMEA14100875,PRJEB51353,SAMEA14100875,,adult,,,SE,,,,,,2018,primary,1.0,8.94
SAMEA14100877,PRJEB51353,SAMEA14100877,,adult,,,SE,,,,,,2017,primary,1.0,8.497
SAMEA14100878,PRJEB51353,SAMEA14100878,,adult,,,SE,,,,,,2016,primary,1.0,6.086
SAMEA14100879,PRJEB51353,SAMEA14100879,,adult,,,SE,,,,,,2018,primary,1.0,7.434
SAMEA14100880,PRJEB51353,SAMEA14100880,,adult,,,SE,,,,,,2017,primary,1.0,7.345
SAMEA14100881,PRJEB51353,SAMEA14100881,,adult,,,SE,,,,,,2017,primary,1.0,6.135
SAMEA14100882,PRJEB51353,SAMEA14100882,,adult,,,SE,,,,,,2016,primary,1.0,8.147
SAMEA14100883,PRJEB51353,SAMEA14100883,,adult,,,SE,,,,,,2017,primary,1.0,7.193
SAMEA14100885,PRJEB51353,SAMEA14100885,,adult,,,SE,,,,,,2017,primary,1.0,6.348
SAMEA14100886,PRJEB51353,SAMEA14100886,,adult,,,SE,,,,,,2017,primary,1.0,7.815
SAMEA14100887,PRJEB51353,SAMEA14100887,,adult,,,SE,,,,,,2017,primary,1.0,6.495
SAMEA14100888,PRJEB51353,SAMEA14100888,,adult,,,SE,,,,,,2017,primary,1.0,9.061
SAMEA14100889,PRJEB51353,SAMEA14100889,,adult,,,SE,,,,,,2017,primary,1.0,7.501
SAMEA14100890,PRJEB51353,SAMEA14100890,,adult,,,SE,,,,,,2016,primary,1.0,7.99
SAMEA14100891,PRJEB51353,SAMEA14100891,,adult,,,SE,,,,,,2018,primary,1.0,6.4
SAMEA14100893,PRJEB51353,SAMEA14100893,,adult,,,SE,,,,,,2016,primary,1.0,6.463
SAMEA14100894,PRJEB51353,SAMEA14100894,,adult,,,SE,,,,,,2018,primary,1.0,9.652
SAMEA14100895,PRJEB51353,SAMEA14100895,,adult,,,SE,,,,,,2017,primary,1.0,7.399
SAMEA14100896,PRJEB51353,SAMEA14100896,,adult,,,SE,,,,,,2018,primary,1.0,6.913
SAMEA14100897,PRJEB51353,SAMEA14100897,,adult,,,SE,,,,,,2018,primary,1.0,6.625
SAMEA14100898,PRJEB51353,SAMEA14100898,,adult,,,SE,,,,,,2016,primary,1.0,6.16
SAMEA14100899,PRJEB51353,SAMEA14100899,,adult,,,SE,,,,,,2015,primary,2.0,17.772
SAMEA14100901,PRJEB51353,SAMEA14100901,,adult,,,SE,,,,,,2017,primary,1.0,7.614
SAMEA14100902,PRJEB51353,SAMEA14100902,,adult,,,SE,,,,,,2017,primary,1.0,8.334
SAMEA14100903,PRJEB51353,SAMEA14100903,,adult,,,SE,,,,,,2018,primary,1.0,10.031
SAMEA14100904,PRJEB51353,SAMEA14100904,,adult,,,SE,,,,,,2016,primary,1.0,6.924
SAMEA14100905,PRJEB51353,SAMEA14100905,,adult,,,SE,,,,,,2016,primary,1.0,6.987
SAMEA14100906,PRJEB51353,SAMEA14100906,,adult,,,SE,,,,,,2018,primary,1.0,7.994
SAMEA14100907,PRJEB51353,SAMEA14100907,,adult,,,SE,,,,,,2015,primary,2.0,15.034
SAMEA14100908,PRJEB51353,SAMEA14100908,,adult,,,SE,,,,,,2016,primary,1.0,6.639
SAMEA14100910,PRJEB51353,SAMEA14100910,,adult,,,SE,,,,,,2018,primary,1.0,6.32
SAMEA14100911,PRJEB51353,SAMEA14100911,,adult,,,SE,,,,,,2016,primary,1.0,6.453
SAMEA14100912,PRJEB51353,SAMEA14100912,,adult,,,SE,,,,,,2016,primary,1.0,6.031
SAMEA14100913,PRJEB51353,SAMEA14100913,,adult,,,SE,,,,,,2017,primary,1.0,7.842
SAMEA14100914,PRJEB51353,SAMEA14100914,,adult,,,SE,,,,,,2017,primary,1.0,8.202
SAMEA14100915,PRJEB51353,SAMEA14100915,,adult,,,SE,,,,,,2016,primary,2.0,16.215
SAMEA14100916,PRJEB51353,SAMEA14100916,,adult,,,SE,,,,,,2015,primary,1.0,7.323
SAMEA14100918,PRJEB51353,SAMEA14100918,,adult,,,SE,,,,,,2016,primary,1.0,7.822
SAMEA14100919,PRJEB51353,SAMEA14100919,,adult,,,SE,,,,,,2018,primary,1.0,6.528
SAMEA14100920,PRJEB51353,SAMEA14100920,,adult,,,SE,,,,,,2015,primary,1.0,8.063
SAMEA14100921,PRJEB51353,SAMEA14100921,,adult,,,SE,,,,,,2016,primary,1.0,7.325
SAMEA14100922,PRJEB51353,SAMEA14100922,,adult,,,SE,,,,,,2016,primary,1.0,6.618
SAMEA14100923,PRJEB51353,SAMEA14100923,,adult,,,SE,,,,,,2017,primary,1.0,6.923
SAMEA14100924,PRJEB51353,SAMEA14100924,,adult,,,SE,,,,,,2017,primary,1.0,6.306
SAMEA14100925,PRJEB51353,SAMEA14100925,,adult,,,SE,,,,,,2017,primary,1.0,7.82
SAMEA14100927,PRJEB51353,SAMEA14100927,,adult,,,SE,,,,,,2017,primary,1.0,7.012
SAMEA14100928,PRJEB51353,SAMEA14100928,,adult,,,SE,,,,,,2017,primary,1.0,8.083
SAMEA14100929,PRJEB51353,SAMEA14100929,,adult,,,SE,,,,,,2017,primary,1.0,7.245
SAMEA14100930,PRJEB51353,SAMEA14100930,,adult,,,SE,,,,,,2015,primary,2.0,16.733
SAMEA14100931,PRJEB51353,SAMEA14100931,,adult,,,SE,,,,,,2016,primary,1.0,6.533
SAMEA14100932,PRJEB51353,SAMEA14100932,,adult,,,SE,,,,,,2016,primary,1.0,8.663
SAMEA14100933,PRJEB51353,SAMEA14100933,,adult,,,SE,,,,,,2017,primary,1.0,7.898
SAMEA14100935,PRJEB51353,SAMEA14100935,,adult,,,SE,,,,,,2017,primary,1.0,7.682
SAMEA14100936,PRJEB51353,SAMEA14100936,,adult,,,SE,,,,,,2018,primary,1.0,7.03
SAMEA14100937,PRJEB51353,SAMEA14100937,,adult,,,SE,,,,,,2016,primary,1.0,6.647
SAMEA14100938,PRJEB51353,SAMEA14100938,,adult,,,SE,,,,,,2018,primary,1.0,7.206
SAMEA14100939,PRJEB51353,SAMEA14100939,,adult,,,SE,,,,,,2016,primary,2.0,14.782
SAMEA14100940,PRJEB51353,SAMEA14100940,,adult,,,SE,,,,,,2015,primary,2.0,15.589
SAMEA14100941,PRJEB51353,SAMEA14100941,,adult,,,SE,,,,,,2015,primary,1.0,8.308
SAMEA14100942,PRJEB51353,SAMEA14100942,,adult,,,SE,,,,,,2017,primary,1.0,8.069
SAMEA14100944,PRJEB51353,SAMEA14100944,,adult,,,SE,,,,,,2017,primary,1.0,8.148
SAMEA14100945,PRJEB51353,SAMEA14100945,,adult,,,SE,,,,,,2017,primary,1.0,9.028
SAMEA14100946,PRJEB51353,SAMEA14100946,,adult,,,SE,,,,,,2018,primary,1.0,8.852
SAMEA14100947,PRJEB51353,SAMEA14100947,,adult,,,SE,,,,,,2017,primary,1.0,6.701
SAMEA14100948,PRJEB51353,SAMEA14100948,,adult,,,SE,,,,,,2017,primary,1.0,7.706
SAMEA14100949,PRJEB51353,SAMEA14100949,,adult,,,SE,,,,,,2018,primary,1.0,8.276
SAMEA14100950,PRJEB51353,SAMEA14100950,,adult,,,SE,,,,,,2017,primary,1.0,8.348
SAMEA14100952,PRJEB51353,SAMEA14100952,,adult,,,SE,,,,,,2015,primary,1.0,9.217
SAMEA14100953,PRJEB51353,SAMEA14100953,,adult,,,SE,,,,,,2017,primary,1.0,7.365
SAMEA14100954,PRJEB51353,SAMEA14100954,,adult,,,SE,,,,,,2016,primary,1.0,7.158
SAMEA14100955,PRJEB51353,SAMEA14100955,,adult,,,SE,,,,,,2017,primary,1.0,7.877
SAMEA14100956,PRJEB51353,SAMEA14100956,,adult,,,SE,,,,,,2016,primary,1.0,8.05
SAMEA14100957,PRJEB51353,SAMEA14100957,,adult,,,SE,,,,,,2016,primary,1.0,6.982
SAMEA14100958,PRJEB51353,SAMEA14100958,,adult,,,SE,,,,,,2018,primary,1.0,8.209
SAMEA14100960,PRJEB51353,SAMEA14100960,,adult,,,SE,,,,,,2016,primary,1.0,7.535
SAMEA14100961,PRJEB51353,SAMEA14100961,,adult,,,SE,,,,,,2018,primary,1.0,7.249
SAMEA14100962,PRJEB51353,SAMEA14100962,,adult,,,SE,,,,,,2016,primary,1.0,7.136
SAMEA14100963,PRJEB51353,SAMEA14100963,,adult,,,SE,,,,,,2018,primary,1.0,6.641
SAMEA14100964,PRJEB51353,SAMEA14100964,,adult,,,SE,,,,,,2018,primary,1.0,8.44
SAMEA14100965,PRJEB51353,SAMEA14100965,,adult,,,SE,,,,,,2016,primary,1.0,9.299
SAMEA14100966,PRJEB51353,SAMEA14100966,,adult,,,SE,,,,,,2015,primary,2.0,15.499
SAMEA14100967,PRJEB51353,SAMEA14100967,,adult,,,SE,,,,,,2016,primary,1.0,6.863
SAMEA14100969,PRJEB51353,SAMEA14100969,,adult,,,SE,,,,,,2016,primary,1.0,6.946
SAMEA14100970,PRJEB51353,SAMEA14100970,,adult,,,SE,,,,,,2017,primary,1.0,9.467
SAMEA14100971,PRJEB51353,SAMEA14100971,,adult,,,SE,,,,,,2017,primary,1.0,7.278
SAMEA14100972,PRJEB51353,SAMEA14100972,,adult,,,SE,,,,,,2017,primary,1.0,10.803
SAMEA14100973,PRJEB51353,SAMEA14100973,,adult,,,SE,,,,,,2016,primary,1.0,7.038
SAMEA14100974,PRJEB51353,SAMEA14100974,,adult,,,SE,,,,,,2016,primary,1.0,7.414
SAMEA14100975,PRJEB51353,SAMEA14100975,,adult,,,SE,,,,,,2018,primary,1.0,6.376
SAMEA14100976,PRJEB51353,SAMEA14100976,,adult,,,SE,,,,,,2018,primary,1.0,7.611
SAMEA14100978,PRJEB51353,SAMEA14100978,,adult,,,SE,,,,,,2017,primary,1.0,7.195
SAMEA14100979,PRJEB51353,SAMEA14100979,,adult,,,SE,,,,,,2016,primary,1.0,9.109
SAMEA14100980,PRJEB51353,SAMEA14100980,,adult,,,SE,,,,,,2016,primary,1.0,7.741
SAMEA14100981,PRJEB51353,SAMEA14100981,,adult,,,SE,,,,,,2016,primary,1.0,8.252
SAMEA14100982,PRJEB51353,SAMEA14100982,,adult,,,SE,,,,,,2016,primary,1.0,6.461
SAMEA14100983,PRJEB51353,SAMEA14100983,,adult,,,SE,,,,,,2016,primary,1.0,8.578
SAMEA14100984,PRJEB51353,SAMEA14100984,,adult,,,SE,,,,,,2016,primary,1.0,7.0
SAMEA14100986,PRJEB51353,SAMEA14100986,,adult,,,SE,,,,,,2017,primary,1.0,7.124
SAMEA14100987,PRJEB51353,SAMEA14100987,,adult,,,SE,,,,,,2017,primary,1.0,8.916
SAMEA14100988,PRJEB51353,SAMEA14100988,,adult,,,SE,,,,,,2016,primary,1.0,6.699
SAMEA14100989,PRJEB51353,SAMEA14100989,,adult,,,SE,,,,,,2016,primary,1.0,6.114
SAMEA14100990,PRJEB51353,SAMEA14100990,,adult,,,SE,,,,,,2017,primary,1.0,6.246
SAMEA14100991,PRJEB51353,SAMEA14100991,,adult,,,SE,,,,,,2017,primary,1.0,14.32
SAMEA14100992,PRJEB51353,SAMEA14100992,,adult,,,SE,,,,,,2018,primary,1.0,8.293
SAMEA14100994,PRJEB51353,SAMEA14100994,,adult,,,SE,,,,,,2017,primary,1.0,7.806
SAMEA14100995,PRJEB51353,SAMEA14100995,,adult,,,SE,,,,,,2017,primary,1.0,7.89
SAMEA14100996,PRJEB51353,SAMEA14100996,,adult,,,SE,,,,,,2017,primary,1.0,6.698
SAMEA14100997,PRJEB51353,SAMEA14100997,,adult,,,SE,,,,,,2016,primary,1.0,6.084
SAMEA14100998,PRJEB51353,SAMEA14100998,,adult,,,SE,,,,,,2016,primary,1.0,7.09
SAMEA14100999,PRJEB51353,SAMEA14100999,,adult,,,SE,,,,,,2016,primary,1.0,7.551
SAMEA14101000,PRJEB51353,SAMEA14101000,,adult,,,SE,,,,,,2016,primary,2.0,20.213
SAMEA14101001,PRJEB51353,SAMEA14101001,,adult,,,SE,,,,,,2017,primary,1.0,7.942
SAMEA14101003,PRJEB51353,SAMEA14101003,,adult,,,SE,,,,,,2016,primary,1.0,10.473
SAMEA14101004,PRJEB51353,SAMEA14101004,,adult,,,SE,,,,,,2018,primary,1.0,7.663
SAMEA14101005,PRJEB51353,SAMEA14101005,,adult,,,SE,,,,,,2018,primary,1.0,6.999
SAMEA14101006,PRJEB51353,SAMEA14101006,,adult,,,SE,,,,,,2016,primary,2.0,15.471
SAMEA14101007,PRJEB51353,SAMEA14101007,,adult,,,SE,,,,,,2018,primary,1.0,8.535
SAMEA14101008,PRJEB51353,SAMEA14101008,,adult,,,SE,,,,,,2016,primary,1.0,7.098
SAMEA14101010,PRJEB51353,SAMEA14101010,,adult,,,SE,,,,,,2017,primary,1.0,5.974
SAMEA14101011,PRJEB51353,SAMEA14101011,,adult,,,SE,,,,,,2017,primary,1.0,9.482
SAMEA14101012,PRJEB51353,SAMEA14101012,,adult,,,SE,,,,,,2018,primary,1.0,7.06
SAMEA14101013,PRJEB51353,SAMEA14101013,,adult,,,SE,,,,,,2016,primary,1.0,7.154
SAMEA14101014,PRJEB51353,SAMEA14101014,,adult,,,SE,,,,,,2017,primary,1.0,7.233
SAMEA14101015,PRJEB51353,SAMEA14101015,,adult,,,SE,,,,,,2017,primary,1.0,7.895
SAMEA14101016,PRJEB51353,SAMEA14101016,,adult,,,SE,,,,,,2017,primary,1.0,7.443
SAMEA14101017,PRJEB51353,SAMEA14101017,,adult,,,SE,,,,,,2015,primary,2.0,14.679
SAMEA14101019,PRJEB51353,SAMEA14101019,,adult,,,SE,,,,,,2017,primary,1.0,8.798
SAMEA14101020,PRJEB51353,SAMEA14101020,,adult,,,SE,,,,,,2016,primary,1.0,9.064
SAMEA14101021,PRJEB51353,SAMEA14101021,,adult,,,SE,,,,,,2017,primary,1.0,6.315
SAMEA14101022,PRJEB51353,SAMEA14101022,,adult,,,SE,,,,,,2018,primary,1.0,9.886
SAMEA14101023,PRJEB51353,SAMEA14101023,,adult,,,SE,,,,,,2016,primary,1.0,7.698
SAMEA14101024,PRJEB51353,SAMEA14101024,,adult,,,SE,,,,,,2016,primary,1.0,6.486
SAMEA14101025,PRJEB51353,SAMEA14101025,,adult,,,SE,,,,,,2017,primary,1.0,6.861
SAMEA14101027,PRJEB51353,SAMEA14101027,,adult,,,SE,,,,,,2015,primary,2.0,15.479
SAMEA14101028,PRJEB51353,SAMEA14101028,,adult,,,SE,,,,,,2017,primary,1.0,6.116
SAMEA14101029,PRJEB51353,SAMEA14101029,,adult,,,SE,,,,,,2016,primary,1.0,6.077
SAMEA14101030,PRJEB51353,SAMEA14101030,,adult,,,SE,,,,,,2018,primary,1.0,7.697
SAMEA14101031,PRJEB51353,SAMEA14101031,,adult,,,SE,,,,,,2016,primary,1.0,7.263
SAMEA14101032,PRJEB51353,SAMEA14101032,,adult,,,SE,,,,,,2017,primary,1.0,7.726
SAMEA14101033,PRJEB51353,SAMEA14101033,,adult,,,SE,,,,,,2017,primary,1.0,6.174
SAMEA14101034,PRJEB51353,SAMEA14101034,,adult,,,SE,,,,,,2016,primary,1.0,6.564
SAMEA14101036,PRJEB51353,SAMEA14101036,,adult,,,SE,,,,,,2017,primary,1.0,7.66
SAMEA14101037,PRJEB51353,SAMEA14101037,,adult,,,SE,,,,,,2017,primary,1.0,7.46
SAMEA14101038,PRJEB51353,SAMEA14101038,,adult,,,SE,,,,,,2018,primary,1.0,6.171
SAMEA14101039,PRJEB51353,SAMEA14101039,,adult,,,SE,,,,,,2017,primary,1.0,7.145
SAMEA14101040,PRJEB51353,SAMEA14101040,,adult,,,SE,,,,,,2017,primary,1.0,7.624
SAMEA14101041,PRJEB51353,SAMEA14101041,,adult,,,SE,,,,,,2016,primary,1.0,6.889
SAMEA14101042,PRJEB51353,SAMEA14101042,,adult,,,SE,,,,,,2017,primary,1.0,7.31
SAMEA14101043,PRJEB51353,SAMEA14101043,,adult,,,SE,,,,,,2018,primary,1.0,6.331
SAMEA14101045,PRJEB51353,SAMEA14101045,,adult,,,SE,,,,,,2017,primary,1.0,7.96
SAMEA14101046,PRJEB51353,SAMEA14101046,,adult,,,SE,,,,,,2017,primary,1.0,8.602
SAMEA14101047,PRJEB51353,SAMEA14101047,,adult,,,SE,,,,,,2017,primary,1.0,6.529
SAMEA14101048,PRJEB51353,SAMEA14101048,,adult,,,SE,,,,,,2017,primary,1.0,6.384
SAMEA14101049,PRJEB51353,SAMEA14101049,,adult,,,SE,,,,,,2017,primary,1.0,8.483
SAMEA14101050,PRJEB51353,SAMEA14101050,,adult,,,SE,,,,,,2017,primary,1.0,8.476
SAMEA14101051,PRJEB51353,SAMEA14101051,,adult,,,SE,,,,,,2016,primary,1.0,8.199
SAMEA14101053,PRJEB51353,SAMEA14101053,,adult,,,SE,,,,,,2016,primary,1.0,6.828
SAMEA14101054,PRJEB51353,SAMEA14101054,,adult,,,SE,,,,,,2017,primary,1.0,6.778
SAMEA14101055,PRJEB51353,SAMEA14101055,,adult,,,SE,,,,,,2018,primary,1.0,9.465
SAMEA14101056,PRJEB51353,SAMEA14101056,,adult,,,SE,,,,,,2017,primary,1.0,6.861
SAMEA14101057,PRJEB51353,SAMEA14101057,,adult,,,SE,,,,,,2016,primary,1.0,6.617
SAMEA14101058,PRJEB51353,SAMEA14101058,,adult,,,SE,,,,,,2017,primary,1.0,6.711
SAMEA14101059,PRJEB51353,SAMEA14101059,,adult,,,SE,,,,,,2018,primary,1.0,7.262
SAMEA14101060,PRJEB51353,SAMEA14101060,,adult,,,SE,,,,,,2017,primary,1.0,7.173
SAMEA14101062,PRJEB51353,SAMEA14101062,,adult,,,SE,,,,,,2017,primary,1.0,8.123
SAMEA14101063,PRJEB51353,SAMEA14101063,,adult,,,SE,,,,,,2016,primary,1.0,8.528
SAMEA14101064,PRJEB51353,SAMEA14101064,,adult,,,SE,,,,,,2017,primary,1.0,7.393
SAMEA14101065,PRJEB51353,SAMEA14101065,,adult,,,SE,,,,,,2017,primary,1.0,8.105
SAMEA14101066,PRJEB51353,SAMEA14101066,,adult,,,SE,,,,,,2018,primary,1.0,9.417
SAMEA14101067,PRJEB51353,SAMEA14101067,,adult,,,SE,,,,,,2018,primary,1.0,6.986
SAMEA14101068,PRJEB51353,SAMEA14101068,,adult,,,SE,,,,,,2018,primary,1.0,7.219
SAMEA14101070,PRJEB51353,SAMEA14101070,,adult,,,SE,,,,,,2016,primary,1.0,6.881
SAMEA14101071,PRJEB51353,SAMEA14101071,,adult,,,SE,,,,,,2017,primary,1.0,7.209
SAMEA14101072,PRJEB51353,SAMEA14101072,,adult,,,SE,,,,,,2015,primary,1.0,6.413
SAMEA14101073,PRJEB51353,SAMEA14101073,,adult,,,SE,,,,,,2017,primary,1.0,10.026
SAMEA14101074,PRJEB51353,SAMEA14101074,,adult,,,SE,,,,,,2017,primary,1.0,6.991
SAMEA14101075,PRJEB51353,SAMEA14101075,,adult,,,SE,,,,,,2016,primary,1.0,8.197
SAMEA14101076,PRJEB51353,SAMEA14101076,,adult,,,SE,,,,,,2018,primary,1.0,7.761
SAMEA14101078,PRJEB51353,SAMEA14101078,,adult,,,SE,,,,,,2016,primary,1.0,6.468
SAMEA14101079,PRJEB51353,SAMEA14101079,,adult,,,SE,,,,,,2016,primary,1.0,7.334
SAMEA14101080,PRJEB51353,SAMEA14101080,,adult,,,SE,,,,,,2016,primary,1.0,9.348
SAMEA14101081,PRJEB51353,SAMEA14101081,,adult,,,SE,,,,,,2015,primary,2.0,16.078
SAMEA14101082,PRJEB51353,SAMEA14101082,,adult,,,SE,,,,,,2018,primary,1.0,7.756
SAMEA14101083,PRJEB51353,SAMEA14101083,,adult,,,SE,,,,,,2016,primary,1.0,7.9
SAMEA14101084,PRJEB51353,SAMEA14101084,,adult,,,SE,,,,,,2017,primary,1.0,7.118
SAMEA14101085,PRJEB51353,SAMEA14101085,,adult,,,SE,,,,,,2017,primary,1.0,7.086
SAMEA14101087,PRJEB51353,SAMEA14101087,,adult,,,SE,,,,,,2018,primary,1.0,6.784
SAMEA14101088,PRJEB51353,SAMEA14101088,,adult,,,SE,,,,,,2018,primary,1.0,7.405
SAMEA14101089,PRJEB51353,SAMEA14101089,,adult,,,SE,,,,,,2017,primary,1.0,7.41
SAMEA14101090,PRJEB51353,SAMEA14101090,,adult,,,SE,,,,,,2018,primary,1.0,8.581
SAMEA14101091,PRJEB51353,SAMEA14101091,,adult,,,SE,,,,,,2017,primary,1.0,7.753
SAMEA14101092,PRJEB51353,SAMEA14101092,,adult,,,SE,,,,,,2016,primary,1.0,6.802
SAMEA14101093,PRJEB51353,SAMEA14101093,,adult,,,SE,,,,,,2017,primary,1.0,6.754
SAMEA14101094,PRJEB51353,SAMEA14101094,,adult,,,SE,,,,,,2016,primary,1.0,5.99
SAMEA14101096,PRJEB51353,SAMEA14101096,,adult,,,SE,,,,,,2016,primary,2.0,16.375
SAMEA14101097,PRJEB51353,SAMEA14101097,,adult,,,SE,,,,,,2017,primary,1.0,7.65
SAMEA14101098,PRJEB51353,SAMEA14101098,,adult,,,SE,,,,,,2016,primary,1.0,7.272
SAMEA14101099,PRJEB51353,SAMEA14101099,,adult,,,SE,,,,,,2017,primary,1.0,6.853
SAMEA14101100,PRJEB51353,SAMEA14101100,,adult,,,SE,,,,,,2016,primary,1.0,6.53
SAMEA14101101,PRJEB51353,SAMEA14101101,,adult,,,SE,,,,,,2018,primary,1.0,7.565
SAMEA14101102,PRJEB51353,SAMEA14101102,,adult,,,SE,,,,,,2016,primary,1.0,7.169
SAMEA14101104,PRJEB51353,SAMEA14101104,,adult,,,SE,,,,,,2017,primary,1.0,8.29
SAMEA14101105,PRJEB51353,SAMEA14101105,,adult,,,SE,,,,,,2018,primary,1.0,7.655
SAMEA14101106,PRJEB51353,SAMEA14101106,,adult,,,SE,,,,,,2016,primary,1.0,9.26
SAMEA14101107,PRJEB51353,SAMEA14101107,,adult,,,SE,,,,,,2017,primary,1.0,8.034
SAMEA14101108,PRJEB51353,SAMEA14101108,,adult,,,SE,,,,,,2018,primary,1.0,6.51
SAMEA14101109,PRJEB51353,SAMEA14101109,,adult,,,SE,,,,,,2016,primary,1.0,7.655
SAMEA14101110,PRJEB51353,SAMEA14101110,,adult,,,SE,,,,,,2016,primary,1.0,7.925
SAMEA14101112,PRJEB51353,SAMEA14101112,,adult,,,SE,,,,,,2018,primary,1.0,7.843
SAMEA14101113,PRJEB51353,SAMEA14101113,,adult,,,SE,,,,,,2018,primary,1.0,6.606
SAMEA14101114,PRJEB51353,SAMEA14101114,,adult,,,SE,,,,,,2016,primary,1.0,7.078
SAMEA14101115,PRJEB51353,SAMEA14101115,,adult,,,SE,,,,,,2017,primary,1.0,6.464
SAMEA14101116,PRJEB51353,SAMEA14101116,,adult,,,SE,,,,,,2016,primary,1.0,7.58
SAMEA14101117,PRJEB51353,SAMEA14101117,,adult,,,SE,,,,,,2017,primary,1.0,7.997
SAMEA14101118,PRJEB51353,SAMEA14101118,,adult,,,SE,,,,,,2017,primary,1.0,7.376
SAMEA14101119,PRJEB51353,SAMEA14101119,,adult,,,SE,,,,,,2017,primary,1.0,8.3
SAMEA14101121,PRJEB51353,SAMEA14101121,,adult,,,SE,,,,,,2016,primary,1.0,7.609
SAMEA14101122,PRJEB51353,SAMEA14101122,,adult,,,SE,,,,,,2016,primary,1.0,7.023
SAMEA14101123,PRJEB51353,SAMEA14101123,,adult,,,SE,,,,,,2015,primary,2.0,15.243
SAMEA14101124,PRJEB51353,SAMEA14101124,,adult,,,SE,,,,,,2016,primary,1.0,6.529
SAMEA14101125,PRJEB51353,SAMEA14101125,,adult,,,SE,,,,,,2017,primary,1.0,8.615
SAMEA14101126,PRJEB51353,SAMEA14101126,,adult,,,SE,,,,,,2017,primary,1.0,8.124
SAMEA14101127,PRJEB51353,SAMEA14101127,,adult,,,SE,,,,,,2017,primary,1.0,7.225
SAMEA14101129,PRJEB51353,SAMEA14101129,,adult,,,SE,,,,,,2017,primary,1.0,7.58
SAMEA14101130,PRJEB51353,SAMEA14101130,,adult,,,SE,,,,,,2018,primary,1.0,7.023
SAMEA14101131,PRJEB51353,SAMEA14101131,,adult,,,SE,,,,,,2017,primary,1.0,8.819
SAMEA14101132,PRJEB51353,SAMEA14101132,,adult,,,SE,,,,,,2016,primary,1.0,7.255
SAMEA14101133,PRJEB51353,SAMEA14101133,,adult,,,SE,,,,,,2017,primary,1.0,7.031
SAMEA14101134,PRJEB51353,SAMEA14101134,,adult,,,SE,,,,,,2017,primary,1.0,8.755
SAMEA14101135,PRJEB51353,SAMEA14101135,,adult,,,SE,,,,,,2018,primary,1.0,6.936
SAMEA14101137,PRJEB51353,SAMEA14101137,,adult,,,SE,,,,,,2018,primary,1.0,6.777
SAMEA14101138,PRJEB51353,SAMEA14101138,,adult,,,SE,,,,,,2016,primary,2.0,13.056
SAMEA14101139,PRJEB51353,SAMEA14101139,,adult,,,SE,,,,,,2017,primary,1.0,6.068
SAMEA14101140,PRJEB51353,SAMEA14101140,,adult,,,SE,,,,,,2018,primary,1.0,8.196
SAMEA14101141,PRJEB51353,SAMEA14101141,,adult,,,SE,,,,,,2016,primary,1.0,7.199
SAMEA14101142,PRJEB51353,SAMEA14101142,,adult,,,SE,,,,,,2015,primary,1.0,7.245
SAMEA14101143,PRJEB51353,SAMEA14101143,,adult,,,SE,,,,,,2015,primary,2.0,13.29
SAMEA14101145,PRJEB51353,SAMEA14101145,,adult,,,SE,,,,,,2016,primary,1.0,7.74
SAMEA14101146,PRJEB51353,SAMEA14101146,,adult,,,SE,,,,,,2015,primary,1.0,6.91
SAMEA14101147,PRJEB51353,SAMEA14101147,,adult,,,SE,,,,,,2017,primary,1.0,8.086
SAMEA14101148,PRJEB51353,SAMEA14101148,,adult,,,SE,,,,,,2018,primary,1.0,7.934
SAMEA14101149,PRJEB51353,SAMEA14101149,,adult,,,SE,,,,,,2018,primary,1.0,7.628
SAMEA14101150,PRJEB51353,SAMEA14101150,,adult,,,SE,,,,,,2017,primary,1.0,5.964
SAMEA14101151,PRJEB51353,SAMEA14101151,,adult,,,SE,,,,,,2016,primary,1.0,6.67
SAMEA14101153,PRJEB51353,SAMEA14101153,,adult,,,SE,,,,,,2017,primary,1.0,8.152
SAMEA14101154,PRJEB51353,SAMEA14101154,,adult,,,SE,,,,,,2016,primary,1.0,7.074
SAMEA14101155,PRJEB51353,SAMEA14101155,,adult,,,SE,,,,,,2018,primary,1.0,6.688
SAMEA14101156,PRJEB51353,SAMEA14101156,,adult,,,SE,,,,,,2017,primary,1.0,6.495
SAMEA14101157,PRJEB51353,SAMEA14101157,,adult,,,SE,,,,,,2016,primary,1.0,14.433
SAMEA14101158,PRJEB51353,SAMEA14101158,,adult,,,SE,,,,,,2017,primary,1.0,7.484
SAMEA14101159,PRJEB51353,SAMEA14101159,,adult,,,SE,,,,,,2017,primary,1.0,6.796
SAMEA14101160,PRJEB51353,SAMEA14101160,,adult,,,SE,,,,,,2017,primary,1.0,6.681
SAMEA14101162,PRJEB51353,SAMEA14101162,,adult,,,SE,,,,,,2018,primary,1.0,6.456
SAMEA14101163,PRJEB51353,SAMEA14101163,,adult,,,SE,,,,,,2018,primary,1.0,8.215
SAMEA14101164,PRJEB51353,SAMEA14101164,,adult,,,SE,,,,,,2016,primary,1.0,8.145
SAMEA14101165,PRJEB51353,SAMEA14101165,,adult,,,SE,,,,,,2016,primary,1.0,7.291
SAMEA14101166,PRJEB51353,SAMEA14101166,,adult,,,SE,,,,,,2015,primary,2.0,16.492
SAMEA14101167,PRJEB51353,SAMEA14101167,,adult,,,SE,,,,,,2016,primary,1.0,6.652
SAMEA14101169,PRJEB51353,SAMEA14101169,,adult,,,SE,,,,,,2016,primary,1.0,7.923
SAMEA14101171,PRJEB51353,SAMEA14101171,,adult,,,SE,,,,,,2016,primary,1.0,7.003
SAMEA14101172,PRJEB51353,SAMEA14101172,,adult,,,SE,,,,,,2015,primary,2.0,15.196
SAMEA14101173,PRJEB51353,SAMEA14101173,,adult,,,SE,,,,,,2018,primary,1.0,8.215
SAMEA14101174,PRJEB51353,SAMEA14101174,,adult,,,SE,,,,,,2016,primary,1.0,9.134
SAMEA14101175,PRJEB51353,SAMEA14101175,,adult,,,SE,,,,,,2017,primary,1.0,6.719
SAMEA14101176,PRJEB51353,SAMEA14101176,,adult,,,SE,,,,,,2015,primary,1.0,11.373
SAMEA14101177,PRJEB51353,SAMEA14101177,,adult,,,SE,,,,,,2017,primary,1.0,5.982
SAMEA14101178,PRJEB51353,SAMEA14101178,,adult,,,SE,,,,,,2017,primary,1.0,8.681
SAMEA14101179,PRJEB51353,SAMEA14101179,,adult,,,SE,,,,,,2018,primary,1.0,7.471
SAMEA14101181,PRJEB51353,SAMEA14101181,,adult,,,SE,,,,,,2018,primary,1.0,6.221
SAMEA14101182,PRJEB51353,SAMEA14101182,,adult,,,SE,,,,,,2017,primary,1.0,6.729
SAMEA14101183,PRJEB51353,SAMEA14101183,,adult,,,SE,,,,,,2016,primary,1.0,7.459
SAMEA14101184,PRJEB51353,SAMEA14101184,,adult,,,SE,,,,,,2017,primary,1.0,7.719
SAMEA14101185,PRJEB51353,SAMEA14101185,,adult,,,SE,,,,,,2018,primary,1.0,7.27
SAMEA14101186,PRJEB51353,SAMEA14101186,,adult,,,SE,,,,,,2016,primary,1.0,6.55
SAMEA14101187,PRJEB51353,SAMEA14101187,,adult,,,SE,,,,,,2017,primary,1.0,7.235
SAMEA14101188,PRJEB51353,SAMEA14101188,,adult,,,SE,,,,,,2017,primary,1.0,8.434
SAMEA14101190,PRJEB51353,SAMEA14101190,,adult,,,SE,,,,,,2017,primary,1.0,6.048
SAMEA14101191,PRJEB51353,SAMEA14101191,,adult,,,SE,,,,,,2018,primary,1.0,7.662
SAMEA14101192,PRJEB51353,SAMEA14101192,,adult,,,SE,,,,,,2016,primary,1.0,7.965
SAMEA14101193,PRJEB51353,SAMEA14101193,,adult,,,SE,,,,,,2017,primary,1.0,7.323
SAMEA14101194,PRJEB51353,SAMEA14101194,,adult,,,SE,,,,,,2016,primary,1.0,8.037
SAMEA14101195,PRJEB51353,SAMEA14101195,,adult,,,SE,,,,,,2018,primary,1.0,6.989
SAMEA14101196,PRJEB51353,SAMEA14101196,,adult,,,SE,,,,,,2018,primary,1.0,8.627
SAMEA14101197,PRJEB51353,SAMEA14101197,,adult,,,SE,,,,,,2016,primary,1.0,6.103
SAMEA14101199,PRJEB51353,SAMEA14101199,,adult,,,SE,,,,,,2018,primary,1.0,7.077
SAMEA14101200,PRJEB51353,SAMEA14101200,,adult,,,SE,,,,,,2017,primary,1.0,7.509
SAMEA14101201,PRJEB51353,SAMEA14101201,,adult,,,SE,,,,,,2018,primary,1.0,7.869
SAMEA14101202,PRJEB51353,SAMEA14101202,,adult,,,SE,,,,,,2018,primary,1.0,9.415
SAMEA14101203,PRJEB51353,SAMEA14101203,,adult,,,SE,,,,,,2018,primary,1.0,6.495
SAMEA14101204,PRJEB51353,SAMEA14101204,,adult,,,SE,,,,,,2017,primary,1.0,6.584
SAMEA14101205,PRJEB51353,SAMEA14101205,,adult,,,SE,,,,,,2015,primary,1.0,7.664
SAMEA14101206,PRJEB51353,SAMEA14101206,,adult,,,SE,,,,,,2016,primary,1.0,6.952
SAMEA14101208,PRJEB51353,SAMEA14101208,,adult,,,SE,,,,,,2017,primary,1.0,7.284
SAMEA14101209,PRJEB51353,SAMEA14101209,,adult,,,SE,,,,,,2016,primary,1.0,8.246
SAMEA14101210,PRJEB51353,SAMEA14101210,,adult,,,SE,,,,,,2018,primary,1.0,6.631
SAMEA14101211,PRJEB51353,SAMEA14101211,,adult,,,SE,,,,,,2016,primary,1.0,6.528
SAMEA14101212,PRJEB51353,SAMEA14101212,,adult,,,SE,,,,,,2017,primary,1.0,6.289
SAMEA14101213,PRJEB51353,SAMEA14101213,,adult,,,SE,,,,,,2018,primary,1.0,8.187
SAMEA14101214,PRJEB51353,SAMEA14101214,,adult,,,SE,,,,,,2018,primary,1.0,6.688
SAMEA14101215,PRJEB51353,SAMEA14101215,,adult,,,SE,,,,,,2017,primary,1.0,6.681
SAMEA14101216,PRJEB51353,SAMEA14101216,,adult,,,SE,,,,,,2015,primary,1.0,7.407
SAMEA14101217,PRJEB51353,SAMEA14101217,,adult,,,SE,,,,,,2018,primary,1.0,6.542
SAMEA14101218,PRJEB51353,SAMEA14101218,,adult,,,SE,,,,,,2016,primary,2.0,14.177
SAMEA14101219,PRJEB51353,SAMEA14101219,,adult,,,SE,,,,,,2017,primary,1.0,7.959
SAMEA14101220,PRJEB51353,SAMEA14101220,,adult,,,SE,,,,,,2018,primary,1.0,5.962
SAMEA14101221,PRJEB51353,SAMEA14101221,,adult,,,SE,,,,,,2016,primary,1.0,6.852
SAMEA14101222,PRJEB51353,SAMEA14101222,,adult,,,SE,,,,,,2017,primary,1.0,7.623
SAMEA14101223,PRJEB51353,SAMEA14101223,,adult,,,SE,,,,,,2017,primary,1.0,6.631
SAMEA14101224,PRJEB51353,SAMEA14101224,,adult,,,SE,,,,,,2016,primary,1.0,7.023
SAMEA14101225,PRJEB51353,SAMEA14101225,,adult,,,SE,,,,,,2017,primary,1.0,7.63
SAMEA14101226,PRJEB51353,SAMEA14101226,,adult,,,SE,,,,,,2018,primary,1.0,8.519
SAMEA14101227,PRJEB51353,SAMEA14101227,,adult,,,SE,,,,,,2016,primary,1.0,6.492
SAMEA14101228,PRJEB51353,SAMEA14101228,,adult,,,SE,,,,,,2017,primary,1.0,8.413
SAMEA14101229,PRJEB51353,SAMEA14101229,,adult,,,SE,,,,,,2017,primary,1.0,6.711
SAMEA14101230,PRJEB51353,SAMEA14101230,,adult,,,SE,,,,,,2017,primary,1.0,7.421
SAMEA14101231,PRJEB51353,SAMEA14101231,,adult,,,SE,,,,,,2017,primary,1.0,10.216
SAMEA14101232,PRJEB51353,SAMEA14101232,,adult,,,SE,,,,,,2017,primary,1.0,6.457
SAMEA14101233,PRJEB51353,SAMEA14101233,,adult,,,SE,,,,,,2018,primary,1.0,8.843
SAMEA14101234,PRJEB51353,SAMEA14101234,,adult,,,SE,,,,,,2017,primary,1.0,7.524
SAMEA14101235,PRJEB51353,SAMEA14101235,,adult,,,SE,,,,,,2016,primary,1.0,6.518
SAMEA14101236,PRJEB51353,SAMEA14101236,,adult,,,SE,,,,,,2016,primary,1.0,6.822
SAMEA14101237,PRJEB51353,SAMEA14101237,,adult,,,SE,,,,,,2016,primary,1.0,6.066
SAMEA14101238,PRJEB51353,SAMEA14101238,,adult,,,SE,,,,,,2016,primary,1.0,6.922
SAMEA14101239,PRJEB51353,SAMEA14101239,,adult,,,SE,,,,,,2017,primary,1.0,7.148
SAMEA14101240,PRJEB51353,SAMEA14101240,,adult,,,SE,,,,,,2018,primary,1.0,6.106
SAMEA14101241,PRJEB51353,SAMEA14101241,,adult,,,SE,,,,,,2017,primary,1.0,7.319
SAMEA14101242,PRJEB51353,SAMEA14101242,,adult,,,SE,,,,,,2017,primary,1.0,8.324
SAMEA14101243,PRJEB51353,SAMEA14101243,,adult,,,SE,,,,,,2018,primary,1.0,7.414
SAMEA14101244,PRJEB51353,SAMEA14101244,,adult,,,SE,,,,,,2016,primary,1.0,6.775
SAMEA14101245,PRJEB51353,SAMEA14101245,,adult,,,SE,,,,,,2016,primary,1.0,7.988
SAMEA14101246,PRJEB51353,SAMEA14101246,,adult,,,SE,,,,,,2016,primary,1.0,5.992
SAMEA14101247,PRJEB51353,SAMEA14101247,,adult,,,SE,,,,,,2018,primary,1.0,8.88
SAMEA14101248,PRJEB51353,SAMEA14101248,,adult,,,SE,,,,,,2016,primary,1.0,6.342
SAMEA14101249,PRJEB51353,SAMEA14101249,,adult,,,SE,,,,,,2017,primary,1.0,7.924
SAMEA14101250,PRJEB51353,SAMEA14101250,,adult,,,SE,,,,,,2017,primary,1.0,7.979
SAMEA14101251,PRJEB51353,SAMEA14101251,,adult,,,SE,,,,,,2017,primary,1.0,6.781
SAMEA14101252,PRJEB51353,SAMEA14101252,,adult,,,SE,,,,,,2016,primary,1.0,7.941
SAMEA14101253,PRJEB51353,SAMEA14101253,,adult,,,SE,,,,,,2017,primary,1.0,8.061
SAMEA14101254,PRJEB51353,SAMEA14101254,,adult,,,SE,,,,,,2017,primary,1.0,7.223
SAMEA14101255,PRJEB51353,SAMEA14101255,,adult,,,SE,,,,,,2015,primary,2.0,17.282
SAMEA14101256,PRJEB51353,SAMEA14101256,,adult,,,SE,,,,,,2016,primary,2.0,14.611
SAMEA14101257,PRJEB51353,SAMEA14101257,,adult,,,SE,,,,,,2018,primary,1.0,8.638
SAMEA14101258,PRJEB51353,SAMEA14101258,,adult,,,SE,,,,,,2018,primary,1.0,7.985
SAMEA14101259,PRJEB51353,SAMEA14101259,,adult,,,SE,,,,,,2016,primary,1.0,7.862
SAMEA14101260,PRJEB51353,SAMEA14101260,,adult,,,SE,,,,,,2018,primary,1.0,7.968
SAMEA14101261,PRJEB51353,SAMEA14101261,,adult,,,SE,,,,,,2018,primary,1.0,8.425
SAMEA14101262,PRJEB51353,SAMEA14101262,,adult,,,SE,,,,,,2016,primary,1.0,7.151
SAMEA14101263,PRJEB51353,SAMEA14101263,,adult,,,SE,,,,,,2017,primary,1.0,6.675
SAMEA14101264,PRJEB51353,SAMEA14101264,,adult,,,SE,,,,,,2016,primary,1.0,6.541
SAMEA14101265,PRJEB51353,SAMEA14101265,,adult,,,SE,,,,,,2017,primary,1.0,7.125
SAMEA14101266,PRJEB51353,SAMEA14101266,,adult,,,SE,,,,,,2018,primary,1.0,11.19
SAMEA14101267,PRJEB51353,SAMEA14101267,,adult,,,SE,,,,,,2016,primary,1.0,8.4
SAMEA14101268,PRJEB51353,SAMEA14101268,,adult,,,SE,,,,,,2018,primary,1.0,7.564
SAMEA14101269,PRJEB51353,SAMEA14101269,,adult,,,SE,,,,,,2016,primary,1.0,7.296
SAMEA14101270,PRJEB51353,SAMEA14101270,,adult,,,SE,,,,,,2018,primary,1.0,7.167
SAMEA14101271,PRJEB51353,SAMEA14101271,,adult,,,SE,,,,,,2016,primary,1.0,6.279
SAMEA14101272,PRJEB51353,SAMEA14101272,,adult,,,SE,,,,,,2017,primary,1.0,7.809
SAMEA14101273,PRJEB51353,SAMEA14101273,,adult,,,SE,,,,,,2017,primary,1.0,7.859
SAMEA14101274,PRJEB51353,SAMEA14101274,,adult,,,SE,,,,,,2016,primary,1.0,7.39
SAMEA14101275,PRJEB51353,SAMEA14101275,,adult,,,SE,,,,,,2016,primary,1.0,6.718
SAMEA14101276,PRJEB51353,SAMEA14101276,,adult,,,SE,,,,,,2017,primary,1.0,7.359
SAMEA14101277,PRJEB51353,SAMEA14101277,,adult,,,SE,,,,,,2016,primary,2.0,16.549
SAMEA14101278,PRJEB51353,SAMEA14101278,,adult,,,SE,,,,,,2018,primary,1.0,6.991
SAMEA14101279,PRJEB51353,SAMEA14101279,,adult,,,SE,,,,,,2016,primary,1.0,7.259
SAMEA14101280,PRJEB51353,SAMEA14101280,,adult,,,SE,,,,,,2016,primary,1.0,6.741
SAMEA14101281,PRJEB51353,SAMEA14101281,,adult,,,SE,,,,,,2018,primary,1.0,6.092
SAMEA14101282,PRJEB51353,SAMEA14101282,,adult,,,SE,,,,,,2018,primary,1.0,8.309
SAMEA14101283,PRJEB51353,SAMEA14101283,,adult,,,SE,,,,,,2017,primary,1.0,8.521
SAMEA14101284,PRJEB51353,SAMEA14101284,,adult,,,SE,,,,,,2017,primary,1.0,10.093
SAMEA14101285,PRJEB51353,SAMEA14101285,,adult,,,SE,,,,,,2018,primary,1.0,6.354
SAMEA14101286,PRJEB51353,SAMEA14101286,,adult,,,SE,,,,,,2016,primary,1.0,7.747
SAMEA14101288,PRJEB51353,SAMEA14101288,,adult,,,SE,,,,,,2018,primary,1.0,6.78
SAMEA14101289,PRJEB51353,SAMEA14101289,,adult,,,SE,,,,,,2017,primary,1.0,8.624
SAMEA14101290,PRJEB51353,SAMEA14101290,,adult,,,SE,,,,,,2016,primary,1.0,6.582
SAMEA14101291,PRJEB51353,SAMEA14101291,,adult,,,SE,,,,,,2017,primary,1.0,6.951
SAMEA14101292,PRJEB51353,SAMEA14101292,,adult,,,SE,,,,,,2017,primary,1.0,7.71
SAMEA14101293,PRJEB51353,SAMEA14101293,,adult,,,SE,,,,,,2016,primary,1.0,7.44
SAMEA14101294,PRJEB51353,SAMEA14101294,,adult,,,SE,,,,,,2017,primary,1.0,7.685
SAMEA14101295,PRJEB51353,SAMEA14101295,,adult,,,SE,,,,,,2017,primary,1.0,7.574
SAMEA14101296,PRJEB51353,SAMEA14101296,,adult,,,SE,,,,,,2018,primary,1.0,7.989
SAMEA14101298,PRJEB51353,SAMEA14101298,,adult,,,SE,,,,,,2018,primary,1.0,6.558
SAMEA14101299,PRJEB51353,SAMEA14101299,,adult,,,SE,,,,,,2018,primary,1.0,6.969
SAMEA14101300,PRJEB51353,SAMEA14101300,,adult,,,SE,,,,,,2016,primary,1.0,6.856
SAMEA14101301,PRJEB51353,SAMEA14101301,,adult,,,SE,,,,,,2017,primary,1.0,6.657
SAMEA14101302,PRJEB51353,SAMEA14101302,,adult,,,SE,,,,,,2017,primary,1.0,6.378
SAMEA14101303,PRJEB51353,SAMEA14101303,,adult,,,SE,,,,,,2017,primary,1.0,7.364
SAMEA14101304,PRJEB51353,SAMEA14101304,,adult,,,SE,,,,,,2017,primary,1.0,7.01
SAMEA14101305,PRJEB51353,SAMEA14101305,,adult,,,SE,,,,,,2017,primary,1.0,7.574
SAMEA14101306,PRJEB51353,SAMEA14101306,,adult,,,SE,,,,,,2017,primary,1.0,8.344
SAMEA14101308,PRJEB51353,SAMEA14101308,,adult,,,SE,,,,,,2017,primary,1.0,8.192
SAMEA14101309,PRJEB51353,SAMEA14101309,,adult,,,SE,,,,,,2018,primary,1.0,8.039
SAMEA14101310,PRJEB51353,SAMEA14101310,,adult,,,SE,,,,,,2017,primary,1.0,6.438
SAMEA14101311,PRJEB51353,SAMEA14101311,,adult,,,SE,,,,,,2017,primary,1.0,8.299
SAMEA14101312,PRJEB51353,SAMEA14101312,,adult,,,SE,,,,,,2016,primary,1.0,6.691
SAMEA14101313,PRJEB51353,SAMEA14101313,,adult,,,SE,,,,,,2018,primary,1.0,7.485
SAMEA14101314,PRJEB51353,SAMEA14101314,,adult,,,SE,,,,,,2016,primary,1.0,6.578
SAMEA14101315,PRJEB51353,SAMEA14101315,,adult,,,SE,,,,,,2017,primary,1.0,7.21
SAMEA14101316,PRJEB51353,SAMEA14101316,,adult,,,SE,,,,,,2018,primary,1.0,9.843
SAMEA14101317,PRJEB51353,SAMEA14101317,,adult,,,SE,,,,,,2017,primary,1.0,6.705
SAMEA14101318,PRJEB51353,SAMEA14101318,,adult,,,SE,,,,,,2017,primary,1.0,6.102
SAMEA14101319,PRJEB51353,SAMEA14101319,,adult,,,SE,,,,,,2017,primary,1.0,6.536
SAMEA14101320,PRJEB51353,SAMEA14101320,,adult,,,SE,,,,,,2016,primary,1.0,8.291
SAMEA14101321,PRJEB51353,SAMEA14101321,,adult,,,SE,,,,,,2017,primary,1.0,8.37
SAMEA14101322,PRJEB51353,SAMEA14101322,,adult,,,SE,,,,,,2018,primary,1.0,8.836
SAMEA14101323,PRJEB51353,SAMEA14101323,,adult,,,SE,,,,,,2016,primary,1.0,7.195
SAMEA14101324,PRJEB51353,SAMEA14101324,,adult,,,SE,,,,,,2017,primary,1.0,8.679
SAMEA14101325,PRJEB51353,SAMEA14101325,,adult,,,SE,,,,,,2017,primary,1.0,8.46
SAMEA14101326,PRJEB51353,SAMEA14101326,,adult,,,SE,,,,,,2017,primary,1.0,6.23
SAMEA14101327,PRJEB51353,SAMEA14101327,,adult,,,SE,,,,,,2018,primary,1.0,7.448
SAMEA14101328,PRJEB51353,SAMEA14101328,,adult,,,SE,,,,,,2017,primary,1.0,6.922
SAMEA14101329,PRJEB51353,SAMEA14101329,,adult,,,SE,,,,,,2018,primary,1.0,8.173
SAMEA14101330,PRJEB51353,SAMEA14101330,,adult,,,SE,,,,,,2017,primary,1.0,7.558
SAMEA14101331,PRJEB51353,SAMEA14101331,,adult,,,SE,,,,,,2017,primary,1.0,7.882
SAMEA14101332,PRJEB51353,SAMEA14101332,,adult,,,SE,,,,,,2016,primary,1.0,7.516
SAMEA14101333,PRJEB51353,SAMEA14101333,,adult,,,SE,,,,,,2015,primary,2.0,17.142
SAMEA14101334,PRJEB51353,SAMEA14101334,,adult,,,SE,,,,,,2017,primary,1.0,7.269
SAMEA14101335,PRJEB51353,SAMEA14101335,,adult,,,SE,,,,,,2015,primary,2.0,13.409
SAMEA14101336,PRJEB51353,SAMEA14101336,,adult,,,SE,,,,,,2017,primary,1.0,8.234
SAMEA14101337,PRJEB51353,SAMEA14101337,,adult,,,SE,,,,,,2017,primary,1.0,7.333
SAMEA14101338,PRJEB51353,SAMEA14101338,,adult,,,SE,,,,,,2017,primary,1.0,6.627
SAMEA14101339,PRJEB51353,SAMEA14101339,,adult,,,SE,,,,,,2017,primary,1.0,7.515
SAMEA14101340,PRJEB51353,SAMEA14101340,,adult,,,SE,,,,,,2017,primary,1.0,9.573
SAMEA14101341,PRJEB51353,SAMEA14101341,,adult,,,SE,,,,,,2017,primary,1.0,6.011
SAMEA14101342,PRJEB51353,SAMEA14101342,,adult,,,SE,,,,,,2017,primary,1.0,10.648
SAMEA14101343,PRJEB51353,SAMEA14101343,,adult,,,SE,,,,,,2018,primary,1.0,6.746
SAMEA14101344,PRJEB51353,SAMEA14101344,,adult,,,SE,,,,,,2018,primary,1.0,6.228
SAMEA14101345,PRJEB51353,SAMEA14101345,,adult,,,SE,,,,,,2018,primary,1.0,6.307
SAMEA14101346,PRJEB51353,SAMEA14101346,,adult,,,SE,,,,,,2016,primary,1.0,5.975
SAMEA14101347,PRJEB51353,SAMEA14101347,,adult,,,SE,,,,,,2017,primary,1.0,7.435
SAMEA14101348,PRJEB51353,SAMEA14101348,,adult,,,SE,,,,,,2016,primary,1.0,7.564
SAMEA14101349,PRJEB51353,SAMEA14101349,,adult,,,SE,,,,,,2016,primary,1.0,7.441
SAMEA14101350,PRJEB51353,SAMEA14101350,,adult,,,SE,,,,,,2016,primary,1.0,8.151
SAMEA14101351,PRJEB51353,SAMEA14101351,,adult,,,SE,,,,,,2017,primary,1.0,7.009
SAMEA14101352,PRJEB51353,SAMEA14101352,,adult,,,SE,,,,,,2018,primary,1.0,6.801
SAMEA14101353,PRJEB51353,SAMEA14101353,,adult,,,SE,,,,,,2017,primary,1.0,6.969
SAMEA14101354,PRJEB51353,SAMEA14101354,,adult,,,SE,,,,,,2017,primary,1.0,8.669
SAMEA14101355,PRJEB51353,SAMEA14101355,,adult,,,SE,,,,,,2017,primary,1.0,8.952
SAMEA14101356,PRJEB51353,SAMEA14101356,,adult,,,SE,,,,,,2017,primary,1.0,6.204
SAMEA14101357,PRJEB51353,SAMEA14101357,,adult,,,SE,,,,,,2017,primary,1.0,7.366
SAMEA14101358,PRJEB51353,SAMEA14101358,,adult,,,SE,,,,,,2017,primary,1.0,8.047
SAMEA14101359,PRJEB51353,SAMEA14101359,,adult,,,SE,,,,,,2016,primary,1.0,8.956
SAMEA14101360,PRJEB51353,SAMEA14101360,,adult,,,SE,,,,,,2017,primary,1.0,8.792
SAMEA14101361,PRJEB51353,SAMEA14101361,,adult,,,SE,,,,,,2018,primary,1.0,7.172
SAMEA14101362,PRJEB51353,SAMEA14101362,,adult,,,SE,,,,,,2016,primary,1.0,7.967
SAMEA14101363,PRJEB51353,SAMEA14101363,,adult,,,SE,,,,,,2016,primary,1.0,6.55
SAMEA14101364,PRJEB51353,SAMEA14101364,,adult,,,SE,,,,,,2017,primary,1.0,6.774
SAMEA14101365,PRJEB51353,SAMEA14101365,,adult,,,SE,,,,,,2017,primary,1.0,6.855
SAMEA14101366,PRJEB51353,SAMEA14101366,,adult,,,SE,,,,,,2016,primary,1.0,8.719
SAMEA14101367,PRJEB51353,SAMEA14101367,,adult,,,SE,,,,,,2018,primary,1.0,11.944
SAMEA14101368,PRJEB51353,SAMEA14101368,,adult,,,SE,,,,,,2016,primary,2.0,14.068
SAMEA14101369,PRJEB51353,SAMEA14101369,,adult,,,SE,,,,,,2017,primary,1.0,8.85
SAMEA14101370,PRJEB51353,SAMEA14101370,,adult,,,SE,,,,,,2016,primary,1.0,9.324
SAMEA14101371,PRJEB51353,SAMEA14101371,,adult,,,SE,,,,,,2018,primary,1.0,7.402
SAMEA14101372,PRJEB51353,SAMEA14101372,,adult,,,SE,,,,,,2017,primary,1.0,6.974
SAMEA14101373,PRJEB51353,SAMEA14101373,,adult,,,SE,,,,,,2016,primary,1.0,8.424
SAMEA14101374,PRJEB51353,SAMEA14101374,,adult,,,SE,,,,,,2017,primary,1.0,6.546
SAMEA14101375,PRJEB51353,SAMEA14101375,,adult,,,SE,,,,,,2015,primary,2.0,14.409
SAMEA14101376,PRJEB51353,SAMEA14101376,,adult,,,SE,,,,,,2018,primary,1.0,6.413
SAMEA14101377,PRJEB51353,SAMEA14101377,,adult,,,SE,,,,,,2017,primary,1.0,7.646
SAMEA14101378,PRJEB51353,SAMEA14101378,,adult,,,SE,,,,,,2018,primary,1.0,8.078
SAMEA14101379,PRJEB51353,SAMEA14101379,,adult,,,SE,,,,,,2017,primary,1.0,7.801
SAMEA14101380,PRJEB51353,SAMEA14101380,,adult,,,SE,,,,,,2015,primary,2.0,15.604
SAMEA14101381,PRJEB51353,SAMEA14101381,,adult,,,SE,,,,,,2017,primary,1.0,6.769
SAMEA14101382,PRJEB51353,SAMEA14101382,,adult,,,SE,,,,,,2016,primary,1.0,6.45
SAMEA14101383,PRJEB51353,SAMEA14101383,,adult,,,SE,,,,,,2017,primary,1.0,7.051
SAMEA14101384,PRJEB51353,SAMEA14101384,,adult,,,SE,,,,,,2017,primary,1.0,6.175
SAMEA14101385,PRJEB51353,SAMEA14101385,,adult,,,SE,,,,,,2017,primary,1.0,6.663
SAMEA14101386,PRJEB51353,SAMEA14101386,,adult,,,SE,,,,,,2018,primary,1.0,6.387
SAMEA14101387,PRJEB51353,SAMEA14101387,,adult,,,SE,,,,,,2018,primary,1.0,7.459
SAMEA14101388,PRJEB51353,SAMEA14101388,,adult,,,SE,,,,,,2017,primary,1.0,7.16
SAMEA14101389,PRJEB51353,SAMEA14101389,,adult,,,SE,,,,,,2018,primary,1.0,7.037
SAMEA14101391,PRJEB51353,SAMEA14101391,,adult,,,SE,,,,,,2016,primary,1.0,6.518
SAMEA14101392,PRJEB51353,SAMEA14101392,,adult,,,SE,,,,,,2016,primary,1.0,7.456
SAMEA14101393,PRJEB51353,SAMEA14101393,,adult,,,SE,,,,,,2016,primary,1.0,7.591
SAMEA14101394,PRJEB51353,SAMEA14101394,,adult,,,SE,,,,,,2017,primary,1.0,6.417
SAMEA14101395,PRJEB51353,SAMEA14101395,,adult,,,SE,,,,,,2016,primary,1.0,7.003
SAMEA14101396,PRJEB51353,SAMEA14101396,,adult,,,SE,,,,,,2018,primary,1.0,8.245
SAMEA14101397,PRJEB51353,SAMEA14101397,,adult,,,SE,,,,,,2017,primary,1.0,7.073
SAMEA14101398,PRJEB51353,SAMEA14101398,,adult,,,SE,,,,,,2017,primary,1.0,6.379
SAMEA14101399,PRJEB51353,SAMEA14101399,,adult,,,SE,,,,,,2017,primary,1.0,7.16
SAMEA14101400,PRJEB51353,SAMEA14101400,,adult,,,SE,,,,,,2017,primary,1.0,8.581
SAMEA14101401,PRJEB51353,SAMEA14101401,,adult,,,SE,,,,,,2016,primary,1.0,6.643
SAMEA14101402,PRJEB51353,SAMEA14101402,,adult,,,SE,,,,,,2018,primary,1.0,7.009
SAMEA14101403,PRJEB51353,SAMEA14101403,,adult,,,SE,,,,,,2017,primary,1.0,8.204
SAMEA14101405,PRJEB51353,SAMEA14101405,,adult,,,SE,,,,,,2016,primary,1.0,6.881
SAMEA14101406,PRJEB51353,SAMEA14101406,,adult,,,SE,,,,,,2017,primary,1.0,8.341
SAMEA14101407,PRJEB51353,SAMEA14101407,,adult,,,SE,,,,,,2016,primary,1.0,7.239
SAMEA14101408,PRJEB51353,SAMEA14101408,,adult,,,SE,,,,,,2016,primary,1.0,7.103
SAMEA14101409,PRJEB51353,SAMEA14101409,,adult,,,SE,,,,,,2018,primary,1.0,6.276
SAMEA14101410,PRJEB51353,SAMEA14101410,,adult,,,SE,,,,,,2018,primary,1.0,7.1
SAMEA14101411,PRJEB51353,SAMEA14101411,,adult,,,SE,,,,,,2016,primary,1.0,9.877
SAMEA14101412,PRJEB51353,SAMEA14101412,,adult,,,SE,,,,,,2017,primary,1.0,9.774
SAMEA14101413,PRJEB51353,SAMEA14101413,,adult,,,SE,,,,,,2017,primary,1.0,6.446
SAMEA14101414,PRJEB51353,SAMEA14101414,,adult,,,SE,,,,,,2017,primary,1.0,6.01
SAMEA14101415,PRJEB51353,SAMEA14101415,,adult,,,SE,,,,,,2016,primary,2.0,16.328
SAMEA14101416,PRJEB51353,SAMEA14101416,,adult,,,SE,,,,,,2017,primary,1.0,6.817
SAMEA14101417,PRJEB51353,SAMEA14101417,,adult,,,SE,,,,,,2018,primary,1.0,8.511
SAMEA14101418,PRJEB51353,SAMEA14101418,,adult,,,SE,,,,,,2016,primary,1.0,6.642
SAMEA14101419,PRJEB51353,SAMEA14101419,,adult,,,SE,,,,,,2017,primary,1.0,6.02
SAMEA14101420,PRJEB51353,SAMEA14101420,,adult,,,SE,,,,,,2016,primary,1.0,6.746
SAMEA14101422,PRJEB51353,SAMEA14101422,,adult,,,SE,,,,,,2017,primary,1.0,6.519
SAMEA14101423,PRJEB51353,SAMEA14101423,,adult,,,SE,,,,,,2018,primary,1.0,7.225
SAMEA14101424,PRJEB51353,SAMEA14101424,,adult,,,SE,,,,,,2016,primary,1.0,7.912
SAMEA14101425,PRJEB51353,SAMEA14101425,,adult,,,SE,,,,,,2016,primary,1.0,9.275
SAMEA14101426,PRJEB51353,SAMEA14101426,,adult,,,SE,,,,,,2016,primary,1.0,7.027
SAMEA14101427,PRJEB51353,SAMEA14101427,,adult,,,SE,,,,,,2016,primary,1.0,6.756
SAMEA14101428,PRJEB51353,SAMEA14101428,,adult,,,SE,,,,,,2015,primary,1.0,8.121
SAMEA14101429,PRJEB51353,SAMEA14101429,,adult,,,SE,,,,,,2017,primary,1.0,8.163
SAMEA14101430,PRJEB51353,SAMEA14101430,,adult,,,SE,,,,,,2018,primary,1.0,7.031
SAMEA14101431,PRJEB51353,SAMEA14101431,,adult,,,SE,,,,,,2017,primary,1.0,8.071
SAMEA14101432,PRJEB51353,SAMEA14101432,,adult,,,SE,,,,,,2017,primary,1.0,7.905
SAMEA14101433,PRJEB51353,SAMEA14101433,,adult,,,SE,,,,,,2016,primary,1.0,7.685
SAMEA14101434,PRJEB51353,SAMEA14101434,,adult,,,SE,,,,,,2016,primary,1.0,9.738
SAMEA14101435,PRJEB51353,SAMEA14101435,,adult,,,SE,,,,,,2017,primary,1.0,7.937
SAMEA14101437,PRJEB51353,SAMEA14101437,,adult,,,SE,,,,,,2017,primary,1.0,6.397
SAMEA14101438,PRJEB51353,SAMEA14101438,,adult,,,SE,,,,,,2018,primary,1.0,7.136
SAMEA14101439,PRJEB51353,SAMEA14101439,,adult,,,SE,,,,,,2017,primary,1.0,7.318
SAMEA14101440,PRJEB51353,SAMEA14101440,,adult,,,SE,,,,,,2016,primary,1.0,6.958
SAMEA14101441,PRJEB51353,SAMEA14101441,,adult,,,SE,,,,,,2018,primary,1.0,6.468
SAMEA14101442,PRJEB51353,SAMEA14101442,,adult,,,SE,,,,,,2016,primary,1.0,7.521
SAMEA14101443,PRJEB51353,SAMEA14101443,,adult,,,SE,,,,,,2018,primary,1.0,8.135
SAMEA14101444,PRJEB51353,SAMEA14101444,,adult,,,SE,,,,,,2018,primary,1.0,6.629
SAMEA14101445,PRJEB51353,SAMEA14101445,,adult,,,SE,,,,,,2016,primary,1.0,7.931
SAMEA14101446,PRJEB51353,SAMEA14101446,,adult,,,SE,,,,,,2016,primary,1.0,8.138
SAMEA14101448,PRJEB51353,SAMEA14101448,,adult,,,SE,,,,,,2017,primary,1.0,7.746
SAMEA14101449,PRJEB51353,SAMEA14101449,,adult,,,SE,,,,,,2017,primary,1.0,7.12
SAMEA14101450,PRJEB51353,SAMEA14101450,,adult,,,SE,,,,,,2018,primary,1.0,5.983
SAMEA14101451,PRJEB51353,SAMEA14101451,,adult,,,SE,,,,,,2017,primary,1.0,7.193
SAMEA14101452,PRJEB51353,SAMEA14101452,,adult,,,SE,,,,,,2017,primary,1.0,9.297
SAMEA14101453,PRJEB51353,SAMEA14101453,,adult,,,SE,,,,,,2017,primary,1.0,7.204
SAMEA14101454,PRJEB51353,SAMEA14101454,,adult,,,SE,,,,,,2016,primary,1.0,6.535
SAMEA14101456,PRJEB51353,SAMEA14101456,,adult,,,SE,,,,,,2017,primary,1.0,6.339
SAMEA14101457,PRJEB51353,SAMEA14101457,,adult,,,SE,,,,,,2017,primary,1.0,7.199
SAMEA14101458,PRJEB51353,SAMEA14101458,,adult,,,SE,,,,,,2017,primary,1.0,6.854
SAMEA14101459,PRJEB51353,SAMEA14101459,,adult,,,SE,,,,,,2018,primary,1.0,6.879
SAMEA14101460,PRJEB51353,SAMEA14101460,,adult,,,SE,,,,,,2016,primary,1.0,7.421
SAMEA14101461,PRJEB51353,SAMEA14101461,,adult,,,SE,,,,,,2018,primary,1.0,7.41
SAMEA14101462,PRJEB51353,SAMEA14101462,,adult,,,SE,,,,,,2018,primary,1.0,7.383
SAMEA14101463,PRJEB51353,SAMEA14101463,,adult,,,SE,,,,,,2016,primary,1.0,8.335
SAMEA14101464,PRJEB51353,SAMEA14101464,,adult,,,SE,,,,,,2018,primary,1.0,5.981
SAMEA14101466,PRJEB51353,SAMEA14101466,,adult,,,SE,,,,,,2018,primary,1.0,7.175
SAMEA14101467,PRJEB51353,SAMEA14101467,,adult,,,SE,,,,,,2016,primary,1.0,6.548
SAMEA14101468,PRJEB51353,SAMEA14101468,,adult,,,SE,,,,,,2016,primary,1.0,8.476
SAMEA14101469,PRJEB51353,SAMEA14101469,,adult,,,SE,,,,,,2017,primary,1.0,8.079
SAMEA14101470,PRJEB51353,SAMEA14101470,,adult,,,SE,,,,,,2016,primary,1.0,7.891
SAMEA14101471,PRJEB51353,SAMEA14101471,,adult,,,SE,,,,,,2018,primary,1.0,7.277
SAMEA14101472,PRJEB51353,SAMEA14101472,,adult,,,SE,,,,,,2018,primary,1.0,7.592
SAMEA14101474,PRJEB51353,SAMEA14101474,,adult,,,SE,,,,,,2018,primary,1.0,10.642
SAMEA14101475,PRJEB51353,SAMEA14101475,,adult,,,SE,,,,,,2016,primary,1.0,7.088
SAMEA14101476,PRJEB51353,SAMEA14101476,,adult,,,SE,,,,,,2017,primary,1.0,8.311
SAMEA14101477,PRJEB51353,SAMEA14101477,,adult,,,SE,,,,,,2017,primary,1.0,7.261
SAMEA14101478,PRJEB51353,SAMEA14101478,,adult,,,SE,,,,,,2018,primary,1.0,8.162
SAMEA14101479,PRJEB51353,SAMEA14101479,,adult,,,SE,,,,,,2017,primary,1.0,7.787
SAMEA14101480,PRJEB51353,SAMEA14101480,,adult,,,SE,,,,,,2016,primary,1.0,8.451
SAMEA14101481,PRJEB51353,SAMEA14101481,,adult,,,SE,,,,,,2018,primary,1.0,7.51
SAMEA14101482,PRJEB51353,SAMEA14101482,,adult,,,SE,,,,,,2017,primary,1.0,6.428
SAMEA14101483,PRJEB51353,SAMEA14101483,,adult,,,SE,,,,,,2018,primary,1.0,7.822
SAMEA14101484,PRJEB51353,SAMEA14101484,,adult,,,SE,,,,,,2016,primary,1.0,7.576
SAMEA14101485,PRJEB51353,SAMEA14101485,,adult,,,SE,,,,,,2018,primary,1.0,7.199
SAMEA14101486,PRJEB51353,SAMEA14101486,,adult,,,SE,,,,,,2017,primary,1.0,8.276
SAMEA14101487,PRJEB51353,SAMEA14101487,,adult,,,SE,,,,,,2017,primary,1.0,7.393
SAMEA14101488,PRJEB51353,SAMEA14101488,,adult,,,SE,,,,,,2016,primary,2.0,14.078
SAMEA14101490,PRJEB51353,SAMEA14101490,,adult,,,SE,,,,,,2015,primary,2.0,15.638
SAMEA14101491,PRJEB51353,SAMEA14101491,,adult,,,SE,,,,,,2017,primary,1.0,7.186
SAMEA14101492,PRJEB51353,SAMEA14101492,,adult,,,SE,,,,,,2016,primary,1.0,6.722
SAMEA14101493,PRJEB51353,SAMEA14101493,,adult,,,SE,,,,,,2016,primary,1.0,9.843
SAMEA14101494,PRJEB51353,SAMEA14101494,,adult,,,SE,,,,,,2015,primary,2.0,16.666
SAMEA14101495,PRJEB51353,SAMEA14101495,,adult,,,SE,,,,,,2016,primary,2.0,17.095
SAMEA14101496,PRJEB51353,SAMEA14101496,,adult,,,SE,,,,,,2017,primary,1.0,6.661
SAMEA14101497,PRJEB51353,SAMEA14101497,,adult,,,SE,,,,,,2016,primary,1.0,9.288
SAMEA14101498,PRJEB51353,SAMEA14101498,,adult,,,SE,,,,,,2018,primary,1.0,6.823
SAMEA14101499,PRJEB51353,SAMEA14101499,,adult,,,SE,,,,,,2016,primary,1.0,9.296
SAMEA14101500,PRJEB51353,SAMEA14101500,,adult,,,SE,,,,,,2016,primary,1.0,6.922
SAMEA14101501,PRJEB51353,SAMEA14101501,,adult,,,SE,,,,,,2018,primary,1.0,6.015
SAMEA14101502,PRJEB51353,SAMEA14101502,,adult,,,SE,,,,,,2018,primary,1.0,6.785
SAMEA14101503,PRJEB51353,SAMEA14101503,,adult,,,SE,,,,,,2018,primary,1.0,7.288
SAMEA14101504,PRJEB51353,SAMEA14101504,,adult,,,SE,,,,,,2017,primary,1.0,2.796
SAMEA14101505,PRJEB51353,SAMEA14101505,,adult,,,SE,,,,,,2018,primary,1.0,5.966
SAMEA14101507,PRJEB51353,SAMEA14101507,,adult,,,SE,,,,,,2017,primary,1.0,6.374
SAMEA14101508,PRJEB51353,SAMEA14101508,,adult,,,SE,,,,,,2016,primary,1.0,7.343
SAMEA14101509,PRJEB51353,SAMEA14101509,,adult,,,SE,,,,,,2017,primary,1.0,9.05
SAMEA14101510,PRJEB51353,SAMEA14101510,,adult,,,SE,,,,,,2017,primary,1.0,9.72
SAMEA14101511,PRJEB51353,SAMEA14101511,,adult,,,SE,,,,,,2017,primary,1.0,6.931
SAMEA14101512,PRJEB51353,SAMEA14101512,,adult,,,SE,,,,,,2018,primary,1.0,10.198
SAMEA14101513,PRJEB51353,SAMEA14101513,,adult,,,SE,,,,,,2018,primary,1.0,7.462
SAMEA14101515,PRJEB51353,SAMEA14101515,,adult,,,SE,,,,,,2016,primary,1.0,8.065
SAMEA14101516,PRJEB51353,SAMEA14101516,,adult,,,SE,,,,,,2018,primary,1.0,8.689
SAMEA14101517,PRJEB51353,SAMEA14101517,,adult,,,SE,,,,,,2016,primary,1.0,6.936
SAMEA14101518,PRJEB51353,SAMEA14101518,,adult,,,SE,,,,,,2015,primary,2.0,15.284
SAMEA14101519,PRJEB51353,SAMEA14101519,,adult,,,SE,,,,,,2017,primary,1.0,6.855
SAMEA14101520,PRJEB51353,SAMEA14101520,,adult,,,SE,,,,,,2016,primary,1.0,9.751
SAMEA14101521,PRJEB51353,SAMEA14101521,,adult,,,SE,,,,,,2017,primary,1.0,6.663
SAMEA14101522,PRJEB51353,SAMEA14101522,,adult,,,SE,,,,,,2018,primary,1.0,6.639
SAMEA14101523,PRJEB51353,SAMEA14101523,,adult,,,SE,,,,,,2017,primary,1.0,7.242
SAMEA14101524,PRJEB51353,SAMEA14101524,,adult,,,SE,,,,,,2017,primary,1.0,7.449
SAMEA14101525,PRJEB51353,SAMEA14101525,,adult,,,SE,,,,,,2015,primary,2.0,15.557
SAMEA14101526,PRJEB51353,SAMEA14101526,,adult,,,SE,,,,,,2016,primary,1.0,6.827
SAMEA14101527,PRJEB51353,SAMEA14101527,,adult,,,SE,,,,,,2016,primary,1.0,7.29
SAMEA14101528,PRJEB51353,SAMEA14101528,,adult,,,SE,,,,,,2018,primary,1.0,7.019
SAMEA14101529,PRJEB51353,SAMEA14101529,,adult,,,SE,,,,,,2017,primary,1.0,7.78
SAMEA14101530,PRJEB51353,SAMEA14101530,,adult,,,SE,,,,,,2018,primary,1.0,8.621
SAMEA14101531,PRJEB51353,SAMEA14101531,,adult,,,SE,,,,,,2017,primary,1.0,7.476
SAMEA14101532,PRJEB51353,SAMEA14101532,,adult,,,SE,,,,,,2017,primary,1.0,7.948
SAMEA14101533,PRJEB51353,SAMEA14101533,,adult,,,SE,,,,,,2017,primary,1.0,6.765
SAMEA14101534,PRJEB51353,SAMEA14101534,,adult,,,SE,,,,,,2017,primary,1.0,6.982
SAMEA14101535,PRJEB51353,SAMEA14101535,,adult,,,SE,,,,,,2016,primary,1.0,7.058
SAMEA14101536,PRJEB51353,SAMEA14101536,,adult,,,SE,,,,,,2017,primary,1.0,8.928
SAMEA14101537,PRJEB51353,SAMEA14101537,,adult,,,SE,,,,,,2015,primary,2.0,15.0
SAMEA14101538,PRJEB51353,SAMEA14101538,,adult,,,SE,,,,,,2018,primary,1.0,8.401
SAMEA14101539,PRJEB51353,SAMEA14101539,,adult,,,SE,,,,,,2016,primary,1.0,7.384
SAMEA14101540,PRJEB51353,SAMEA14101540,,adult,,,SE,,,,,,2018,primary,1.0,6.329
SAMEA14101541,PRJEB51353,SAMEA14101541,,adult,,,SE,,,,,,2017,primary,1.0,7.313
SAMEA14101542,PRJEB51353,SAMEA14101542,,adult,,,SE,,,,,,2016,primary,1.0,7.445
SAMEA14101543,PRJEB51353,SAMEA14101543,,adult,,,SE,,,,,,2017,primary,1.0,8.098
SAMEA14101544,PRJEB51353,SAMEA14101544,,adult,,,SE,,,,,,2018,primary,1.0,9.83
SAMEA14101545,PRJEB51353,SAMEA14101545,,adult,,,SE,,,,,,2016,primary,1.0,7.697
SAMEA14101546,PRJEB51353,SAMEA14101546,,adult,,,SE,,,,,,2017,primary,1.0,9.265
SAMEA14101547,PRJEB51353,SAMEA14101547,,adult,,,SE,,,,,,2017,primary,1.0,8.497
SAMEA14101548,PRJEB51353,SAMEA14101548,,adult,,,SE,,,,,,2015,primary,1.0,8.096
SAMEA14101549,PRJEB51353,SAMEA14101549,,adult,,,SE,,,,,,2017,primary,1.0,8.521
SAMEA14101550,PRJEB51353,SAMEA14101550,,adult,,,SE,,,,,,2016,primary,1.0,7.971
SAMEA14101551,PRJEB51353,SAMEA14101551,,adult,,,SE,,,,,,2015,primary,1.0,6.496
SAMEA14101552,PRJEB51353,SAMEA14101552,,adult,,,SE,,,,,,2016,primary,1.0,6.445
SAMEA14101553,PRJEB51353,SAMEA14101553,,adult,,,SE,,,,,,2017,primary,1.0,6.116
SAMEA14101554,PRJEB51353,SAMEA14101554,,adult,,,SE,,,,,,2017,primary,1.0,7.595
SAMEA14101555,PRJEB51353,SAMEA14101555,,adult,,,SE,,,,,,2017,primary,1.0,7.951
SAMEA14101556,PRJEB51353,SAMEA14101556,,adult,,,SE,,,,,,2016,primary,1.0,7.083
SAMEA14101557,PRJEB51353,SAMEA14101557,,adult,,,SE,,,,,,2016,primary,1.0,6.12
SAMEA14101558,PRJEB51353,SAMEA14101558,,adult,,,SE,,,,,,2017,primary,1.0,7.403
SAMEA14101559,PRJEB51353,SAMEA14101559,,adult,,,SE,,,,,,2017,primary,1.0,8.435
SAMEA14101560,PRJEB51353,SAMEA14101560,,adult,,,SE,,,,,,2018,primary,1.0,7.948
SAMEA14101561,PRJEB51353,SAMEA14101561,,adult,,,SE,,,,,,2017,primary,1.0,8.383
SAMEA14101562,PRJEB51353,SAMEA14101562,,adult,,,SE,,,,,,2018,primary,1.0,7.337
SAMEA14101563,PRJEB51353,SAMEA14101563,,adult,,,SE,,,,,,2017,primary,1.0,6.472
SAMEA14101564,PRJEB51353,SAMEA14101564,,adult,,,SE,,,,,,2016,primary,1.0,7.0
SAMEA14101565,PRJEB51353,SAMEA14101565,,adult,,,SE,,,,,,2017,primary,1.0,8.705
SAMEA14101566,PRJEB51353,SAMEA14101566,,adult,,,SE,,,,,,2016,primary,1.0,6.812
SAMEA14101567,PRJEB51353,SAMEA14101567,,adult,,,SE,,,,,,2016,primary,1.0,9.138
SAMEA14101568,PRJEB51353,SAMEA14101568,,adult,,,SE,,,,,,2017,primary,1.0,6.957
SAMEA14101569,PRJEB51353,SAMEA14101569,,adult,,,SE,,,,,,2018,primary,1.0,7.473
SAMEA14101570,PRJEB51353,SAMEA14101570,,adult,,,SE,,,,,,2018,primary,1.0,8.274
SAMEA14101571,PRJEB51353,SAMEA14101571,,adult,,,SE,,,,,,2016,primary,1.0,6.723
SAMEA14101572,PRJEB51353,SAMEA14101572,,adult,,,SE,,,,,,2018,primary,1.0,7.576
SAMEA14101573,PRJEB51353,SAMEA14101573,,adult,,,SE,,,,,,2017,primary,1.0,7.889
SAMEA14101574,PRJEB51353,SAMEA14101574,,adult,,,SE,,,,,,2018,primary,1.0,8.173
SAMEA14101575,PRJEB51353,SAMEA14101575,,adult,,,SE,,,,,,2018,primary,1.0,5.953
SAMEA14101576,PRJEB51353,SAMEA14101576,,adult,,,SE,,,,,,2017,primary,1.0,7.021
SAMEA14101577,PRJEB51353,SAMEA14101577,,adult,,,SE,,,,,,2016,primary,1.0,6.839
SAMEA14101578,PRJEB51353,SAMEA14101578,,adult,,,SE,,,,,,2017,primary,1.0,6.254
SAMEA14101579,PRJEB51353,SAMEA14101579,,adult,,,SE,,,,,,2017,primary,1.0,6.909
SAMEA14101580,PRJEB51353,SAMEA14101580,,adult,,,SE,,,,,,2017,primary,1.0,7.216
SAMEA14101581,PRJEB51353,SAMEA14101581,,adult,,,SE,,,,,,2017,primary,1.0,10.328
SAMEA14101582,PRJEB51353,SAMEA14101582,,adult,,,SE,,,,,,2017,primary,1.0,8.31
SAMEA14101583,PRJEB51353,SAMEA14101583,,adult,,,SE,,,,,,2016,primary,2.0,13.036
SAMEA14101584,PRJEB51353,SAMEA14101584,,adult,,,SE,,,,,,2017,primary,1.0,6.317
SAMEA14101585,PRJEB51353,SAMEA14101585,,adult,,,SE,,,,,,2018,primary,1.0,6.012
SAMEA14101586,PRJEB51353,SAMEA14101586,,adult,,,SE,,,,,,2018,primary,1.0,7.421
SAMEA14101587,PRJEB51353,SAMEA14101587,,adult,,,SE,,,,,,2017,primary,1.0,8.05
SAMEA14101589,PRJEB51353,SAMEA14101589,,adult,,,SE,,,,,,2017,primary,1.0,6.171
SAMEA14101590,PRJEB51353,SAMEA14101590,,adult,,,SE,,,,,,2018,primary,1.0,8.49
SAMEA14101591,PRJEB51353,SAMEA14101591,,adult,,,SE,,,,,,2017,primary,1.0,8.204
SAMEA14101592,PRJEB51353,SAMEA14101592,,adult,,,SE,,,,,,2016,primary,1.0,6.875
SAMEA14101593,PRJEB51353,SAMEA14101593,,adult,,,SE,,,,,,2016,primary,1.0,8.228
SAMEA14101594,PRJEB51353,SAMEA14101594,,adult,,,SE,,,,,,2016,primary,1.0,7.104
SAMEA14101595,PRJEB51353,SAMEA14101595,,adult,,,SE,,,,,,2018,primary,1.0,6.555
SAMEA14101596,PRJEB51353,SAMEA14101596,,adult,,,SE,,,,,,2018,primary,1.0,6.389
SAMEA14101598,PRJEB51353,SAMEA14101598,,adult,,,SE,,,,,,2016,primary,1.0,9.213
SAMEA14101599,PRJEB51353,SAMEA14101599,,adult,,,SE,,,,,,2016,primary,1.0,7.221
SAMEA14101600,PRJEB51353,SAMEA14101600,,adult,,,SE,,,,,,2018,primary,1.0,7.759
SAMEA14101601,PRJEB51353,SAMEA14101601,,adult,,,SE,,,,,,2016,primary,1.0,6.155
SAMEA14101602,PRJEB51353,SAMEA14101602,,adult,,,SE,,,,,,2016,primary,1.0,8.396
SAMEA14101603,PRJEB51353,SAMEA14101603,,adult,,,SE,,,,,,2016,primary,1.0,6.826
SAMEA14101604,PRJEB51353,SAMEA14101604,,adult,,,SE,,,,,,2018,primary,1.0,7.429
SAMEA14101605,PRJEB51353,SAMEA14101605,,adult,,,SE,,,,,,2016,primary,1.0,6.062
SAMEA14101607,PRJEB51353,SAMEA14101607,,adult,,,SE,,,,,,2018,primary,1.0,7.325
SAMEA14101608,PRJEB51353,SAMEA14101608,,adult,,,SE,,,,,,2017,primary,1.0,7.438
SAMEA14101609,PRJEB51353,SAMEA14101609,,adult,,,SE,,,,,,2016,primary,1.0,8.045
SAMEA14101610,PRJEB51353,SAMEA14101610,,adult,,,SE,,,,,,2016,primary,1.0,8.614
SAMEA14101611,PRJEB51353,SAMEA14101611,,adult,,,SE,,,,,,2018,primary,1.0,6.635
SAMEA14101612,PRJEB51353,SAMEA14101612,,adult,,,SE,,,,,,2018,primary,1.0,7.109
SAMEA14101613,PRJEB51353,SAMEA14101613,,adult,,,SE,,,,,,2017,primary,1.0,7.767
SAMEA14101614,PRJEB51353,SAMEA14101614,,adult,,,SE,,,,,,2017,primary,1.0,7.17
SAMEA14101616,PRJEB51353,SAMEA14101616,,adult,,,SE,,,,,,2017,primary,1.0,6.75
SAMEA14101617,PRJEB51353,SAMEA14101617,,adult,,,SE,,,,,,2017,primary,1.0,7.428
SAMEA14101618,PRJEB51353,SAMEA14101618,,adult,,,SE,,,,,,2018,primary,1.0,6.574
SAMEA14101619,PRJEB51353,SAMEA14101619,,adult,,,SE,,,,,,2016,primary,2.0,14.886
SAMEA14101620,PRJEB51353,SAMEA14101620,,adult,,,SE,,,,,,2018,primary,1.0,7.019
SAMEA14101621,PRJEB51353,SAMEA14101621,,adult,,,SE,,,,,,2017,primary,1.0,7.286
SAMEA14101622,PRJEB51353,SAMEA14101622,,adult,,,SE,,,,,,2017,primary,1.0,6.676
SAMEA14101623,PRJEB51353,SAMEA14101623,,adult,,,SE,,,,,,2018,primary,1.0,7.397
SAMEA14101624,PRJEB51353,SAMEA14101624,,adult,,,SE,,,,,,2017,primary,1.0,8.823
SAMEA14101625,PRJEB51353,SAMEA14101625,,adult,,,SE,,,,,,2017,primary,1.0,7.361
SAMEA14101626,PRJEB51353,SAMEA14101626,,adult,,,SE,,,,,,2018,primary,1.0,9.96
SAMEA14101628,PRJEB51353,SAMEA14101628,,adult,,,SE,,,,,,2018,primary,1.0,7.715
SAMEA14101629,PRJEB51353,SAMEA14101629,,adult,,,SE,,,,,,2018,primary,1.0,7.274
SAMEA14101630,PRJEB51353,SAMEA14101630,,adult,,,SE,,,,,,2017,primary,1.0,6.54
SAMEA14101631,PRJEB51353,SAMEA14101631,,adult,,,SE,,,,,,2016,primary,1.0,6.68
SAMEA14101632,PRJEB51353,SAMEA14101632,,adult,,,SE,,,,,,2018,primary,1.0,9.516
SAMEA14101633,PRJEB51353,SAMEA14101633,,adult,,,SE,,,,,,2016,primary,1.0,7.619
SAMEA14101634,PRJEB51353,SAMEA14101634,,adult,,,SE,,,,,,2018,primary,1.0,7.572
SAMEA14101635,PRJEB51353,SAMEA14101635,,adult,,,SE,,,,,,2018,primary,1.0,7.528
SAMEA14101636,PRJEB51353,SAMEA14101636,,adult,,,SE,,,,,,2016,primary,2.0,18.178
SAMEA14101637,PRJEB51353,SAMEA14101637,,adult,,,SE,,,,,,2018,primary,1.0,6.848
SAMEA14101638,PRJEB51353,SAMEA14101638,,adult,,,SE,,,,,,2017,primary,1.0,8.572
SAMEA14101639,PRJEB51353,SAMEA14101639,,adult,,,SE,,,,,,2016,primary,2.0,14.704
SAMEA14101640,PRJEB51353,SAMEA14101640,,adult,,,SE,,,,,,2016,primary,1.0,7.9
SAMEA14101641,PRJEB51353,SAMEA14101641,,adult,,,SE,,,,,,2017,primary,1.0,7.606
SAMEA14101642,PRJEB51353,SAMEA14101642,,adult,,,SE,,,,,,2018,primary,1.0,7.937
SAMEA14101644,PRJEB51353,SAMEA14101644,,adult,,,SE,,,,,,2016,primary,1.0,8.913
SAMEA14101645,PRJEB51353,SAMEA14101645,,adult,,,SE,,,,,,2016,primary,1.0,7.413
SAMEA14101646,PRJEB51353,SAMEA14101646,,adult,,,SE,,,,,,2017,primary,1.0,7.754
SAMEA14101647,PRJEB51353,SAMEA14101647,,adult,,,SE,,,,,,2017,primary,1.0,6.993
SAMEA14101648,PRJEB51353,SAMEA14101648,,adult,,,SE,,,,,,2018,primary,1.0,8.795
SAMEA14101649,PRJEB51353,SAMEA14101649,,adult,,,SE,,,,,,2017,primary,1.0,7.897
SAMEA14101650,PRJEB51353,SAMEA14101650,,adult,,,SE,,,,,,2017,primary,1.0,6.766
SAMEA14101651,PRJEB51353,SAMEA14101651,,adult,,,SE,,,,,,2016,primary,1.0,8.325
SAMEA14101653,PRJEB51353,SAMEA14101653,,adult,,,SE,,,,,,2017,primary,1.0,7.21
SAMEA14101654,PRJEB51353,SAMEA14101654,,adult,,,SE,,,,,,2017,primary,1.0,8.539
SAMEA14101655,PRJEB51353,SAMEA14101655,,adult,,,SE,,,,,,2016,primary,1.0,7.254
SAMEA14101656,PRJEB51353,SAMEA14101656,,adult,,,SE,,,,,,2017,primary,1.0,8.729
SAMEA14101657,PRJEB51353,SAMEA14101657,,adult,,,SE,,,,,,2016,primary,2.0,17.381
SAMEA14101658,PRJEB51353,SAMEA14101658,,adult,,,SE,,,,,,2016,primary,1.0,6.694
SAMEA14101659,PRJEB51353,SAMEA14101659,,adult,,,SE,,,,,,2017,primary,1.0,7.014
SAMEA14101660,PRJEB51353,SAMEA14101660,,adult,,,SE,,,,,,2018,primary,1.0,7.441
SAMEA14101661,PRJEB51353,SAMEA14101661,,adult,,,SE,,,,,,2018,primary,1.0,7.533
SAMEA14101662,PRJEB51353,SAMEA14101662,,adult,,,SE,,,,,,2018,primary,1.0,7.384
SAMEA14101663,PRJEB51353,SAMEA14101663,,adult,,,SE,,,,,,2018,primary,1.0,6.934
SAMEA14101665,PRJEB51353,SAMEA14101665,,adult,,,SE,,,,,,2017,primary,1.0,7.88
SAMEA14101666,PRJEB51353,SAMEA14101666,,adult,,,SE,,,,,,2017,primary,1.0,6.783
SAMEA14101667,PRJEB51353,SAMEA14101667,,adult,,,SE,,,,,,2017,primary,1.0,10.263
SAMEA14101668,PRJEB51353,SAMEA14101668,,adult,,,SE,,,,,,2018,primary,1.0,8.053
SAMEA14101669,PRJEB51353,SAMEA14101669,,adult,,,SE,,,,,,2017,primary,1.0,8.455
SAMEA14101670,PRJEB51353,SAMEA14101670,,adult,,,SE,,,,,,2017,primary,1.0,7.114
SAMEA14101671,PRJEB51353,SAMEA14101671,,adult,,,SE,,,,,,2017,primary,1.0,6.003
SAMEA14101672,PRJEB51353,SAMEA14101672,,adult,,,SE,,,,,,2016,primary,1.0,6.587
SAMEA14101673,PRJEB51353,SAMEA14101673,,adult,,,SE,,,,,,2016,primary,1.0,6.696
SAMEA14101674,PRJEB51353,SAMEA14101674,,adult,,,SE,,,,,,2017,primary,1.0,7.284
SAMEA14101675,PRJEB51353,SAMEA14101675,,adult,,,SE,,,,,,2017,primary,1.0,6.378
SAMEA14101677,PRJEB51353,SAMEA14101677,,adult,,,SE,,,,,,2017,primary,1.0,9.16
SAMEA14101678,PRJEB51353,SAMEA14101678,,adult,,,SE,,,,,,2016,primary,2.0,12.421
SAMEA14101679,PRJEB51353,SAMEA14101679,,adult,,,SE,,,,,,2017,primary,1.0,7.724
SAMEA14101680,PRJEB51353,SAMEA14101680,,adult,,,SE,,,,,,2017,primary,1.0,9.385
SAMEA14101681,PRJEB51353,SAMEA14101681,,adult,,,SE,,,,,,2018,primary,1.0,7.271
SAMEA14101682,PRJEB51353,SAMEA14101682,,adult,,,SE,,,,,,2017,primary,1.0,8.631
SAMEA14101683,PRJEB51353,SAMEA14101683,,adult,,,SE,,,,,,2016,primary,1.0,7.973
SAMEA14101684,PRJEB51353,SAMEA14101684,,adult,,,SE,,,,,,2016,primary,1.0,8.28
SAMEA14101685,PRJEB51353,SAMEA14101685,,adult,,,SE,,,,,,2017,primary,1.0,6.831
SAMEA14101686,PRJEB51353,SAMEA14101686,,adult,,,SE,,,,,,2018,primary,1.0,6.42
SAMEA14101687,PRJEB51353,SAMEA14101687,,adult,,,SE,,,,,,2018,primary,1.0,6.608
SAMEA14101688,PRJEB51353,SAMEA14101688,,adult,,,SE,,,,,,2017,primary,1.0,8.053
SAMEA14101689,PRJEB51353,SAMEA14101689,,adult,,,SE,,,,,,2017,primary,1.0,10.535
SAMEA14101690,PRJEB51353,SAMEA14101690,,adult,,,SE,,,,,,2017,primary,1.0,6.964
SAMEA14101691,PRJEB51353,SAMEA14101691,,adult,,,SE,,,,,,2017,primary,1.0,5.992
SAMEA14101692,PRJEB51353,SAMEA14101692,,adult,,,SE,,,,,,2016,primary,1.0,6.163
SAMEA14101693,PRJEB51353,SAMEA14101693,,adult,,,SE,,,,,,2016,primary,1.0,6.89
SAMEA14101694,PRJEB51353,SAMEA14101694,,adult,,,SE,,,,,,2018,primary,1.0,7.969
SAMEA14101695,PRJEB51353,SAMEA14101695,,adult,,,SE,,,,,,2018,primary,1.0,6.179
SAMEA14101696,PRJEB51353,SAMEA14101696,,adult,,,SE,,,,,,2016,primary,1.0,6.874
SAMEA14101697,PRJEB51353,SAMEA14101697,,adult,,,SE,,,,,,2016,primary,1.0,6.579
SAMEA14101698,PRJEB51353,SAMEA14101698,,adult,,,SE,,,,,,2017,primary,1.0,7.417
SAMEA14101699,PRJEB51353,SAMEA14101699,,adult,,,SE,,,,,,2017,primary,1.0,7.724
SAMEA14101700,PRJEB51353,SAMEA14101700,,adult,,,SE,,,,,,2016,primary,1.0,7.203
SAMEA14101701,PRJEB51353,SAMEA14101701,,adult,,,SE,,,,,,2017,primary,1.0,7.108
SAMEA14101702,PRJEB51353,SAMEA14101702,,adult,,,SE,,,,,,2017,primary,1.0,7.985
SAMEA14101703,PRJEB51353,SAMEA14101703,,adult,,,SE,,,,,,2016,primary,1.0,6.688
SAMEA14101704,PRJEB51353,SAMEA14101704,,adult,,,SE,,,,,,2018,primary,1.0,6.443
SAMEA14101705,PRJEB51353,SAMEA14101705,,adult,,,SE,,,,,,2016,primary,1.0,7.098
SAMEA14101706,PRJEB51353,SAMEA14101706,,adult,,,SE,,,,,,2018,primary,1.0,6.799
SAMEA14101707,PRJEB51353,SAMEA14101707,,adult,,,SE,,,,,,2017,primary,1.0,7.949
SAMEA14101708,PRJEB51353,SAMEA14101708,,adult,,,SE,,,,,,2017,primary,1.0,6.714
SAMEA14101709,PRJEB51353,SAMEA14101709,,adult,,,SE,,,,,,2015,primary,2.0,14.759
SAMEA14101710,PRJEB51353,SAMEA14101710,,adult,,,SE,,,,,,2017,primary,1.0,8.452
SAMEA14101711,PRJEB51353,SAMEA14101711,,adult,,,SE,,,,,,2018,primary,1.0,6.151
SAMEA14101712,PRJEB51353,SAMEA14101712,,adult,,,SE,,,,,,2015,primary,2.0,13.592
SAMEA14101713,PRJEB51353,SAMEA14101713,,adult,,,SE,,,,,,2018,primary,1.0,6.542
SAMEA14101714,PRJEB51353,SAMEA14101714,,adult,,,SE,,,,,,2018,primary,1.0,6.762
SAMEA14101715,PRJEB51353,SAMEA14101715,,adult,,,SE,,,,,,2018,primary,1.0,8.067
SAMEA14101716,PRJEB51353,SAMEA14101716,,adult,,,SE,,,,,,2016,primary,1.0,7.488
SAMEA14101717,PRJEB51353,SAMEA14101717,,adult,,,SE,,,,,,2015,primary,2.0,15.012
SAMEA14101718,PRJEB51353,SAMEA14101718,,adult,,,SE,,,,,,2016,primary,1.0,6.402
SAMEA14101719,PRJEB51353,SAMEA14101719,,adult,,,SE,,,,,,2016,primary,1.0,7.289
SAMEA14101720,PRJEB51353,SAMEA14101720,,adult,,,SE,,,,,,2016,primary,1.0,7.051
SAMEA14101721,PRJEB51353,SAMEA14101721,,adult,,,SE,,,,,,2016,primary,1.0,6.955
SAMEA14101722,PRJEB51353,SAMEA14101722,,adult,,,SE,,,,,,2017,primary,1.0,9.61
SAMEA14101723,PRJEB51353,SAMEA14101723,,adult,,,SE,,,,,,2016,primary,1.0,6.378
SAMEA14101724,PRJEB51353,SAMEA14101724,,adult,,,SE,,,,,,2015,primary,1.0,8.48
SAMEA14101725,PRJEB51353,SAMEA14101725,,adult,,,SE,,,,,,2017,primary,1.0,7.492
SAMEA14101726,PRJEB51353,SAMEA14101726,,adult,,,SE,,,,,,2018,primary,1.0,6.176
SAMEA14101727,PRJEB51353,SAMEA14101727,,adult,,,SE,,,,,,2016,primary,1.0,7.738
SAMEA14101728,PRJEB51353,SAMEA14101728,,adult,,,SE,,,,,,2017,primary,1.0,6.553
SAMEA14101729,PRJEB51353,SAMEA14101729,,adult,,,SE,,,,,,2016,primary,1.0,8.02
SAMEA14101730,PRJEB51353,SAMEA14101730,,adult,,,SE,,,,,,2017,primary,1.0,6.665
SAMEA14101731,PRJEB51353,SAMEA14101731,,adult,,,SE,,,,,,2018,primary,1.0,12.6
SAMEA14101732,PRJEB51353,SAMEA14101732,,adult,,,SE,,,,,,2016,primary,1.0,6.98
SAMEA14101733,PRJEB51353,SAMEA14101733,,adult,,,SE,,,,,,2017,primary,1.0,5.999
SAMEA14101734,PRJEB51353,SAMEA14101734,,adult,,,SE,,,,,,2016,primary,1.0,7.305
SAMEA14101735,PRJEB51353,SAMEA14101735,,adult,,,SE,,,,,,2017,primary,1.0,7.41
SAMEA14101736,PRJEB51353,SAMEA14101736,,adult,,,SE,,,,,,2016,primary,1.0,7.888
SAMEA14101737,PRJEB51353,SAMEA14101737,,adult,,,SE,,,,,,2017,primary,1.0,7.949
SAMEA14101738,PRJEB51353,SAMEA14101738,,adult,,,SE,,,,,,2016,primary,1.0,8.569
SAMEA14101739,PRJEB51353,SAMEA14101739,,adult,,,SE,,,,,,2015,primary,1.0,7.725
SAMEA14101740,PRJEB51353,SAMEA14101740,,adult,,,SE,,,,,,2016,primary,1.0,6.157
SAMEA14101741,PRJEB51353,SAMEA14101741,,adult,,,SE,,,,,,2018,primary,1.0,7.585
SAMEA14101742,PRJEB51353,SAMEA14101742,,adult,,,SE,,,,,,2017,primary,1.0,7.254
SAMEA14101743,PRJEB51353,SAMEA14101743,,adult,,,SE,,,,,,2018,primary,1.0,7.175
SAMEA14101744,PRJEB51353,SAMEA14101744,,adult,,,SE,,,,,,2017,primary,1.0,7.989
SAMEA14101745,PRJEB51353,SAMEA14101745,,adult,,,SE,,,,,,2017,primary,1.0,8.322
SAMEA14101746,PRJEB51353,SAMEA14101746,,adult,,,SE,,,,,,2016,primary,1.0,8.906
SAMEA14101747,PRJEB51353,SAMEA14101747,,adult,,,SE,,,,,,2017,primary,1.0,7.363
SAMEA14101749,PRJEB51353,SAMEA14101749,,adult,,,SE,,,,,,2017,primary,1.0,6.258
SAMEA14101750,PRJEB51353,SAMEA14101750,,adult,,,SE,,,,,,2017,primary,1.0,6.224
SAMEA14101751,PRJEB51353,SAMEA14101751,,adult,,,SE,,,,,,2018,primary,1.0,6.079
SAMEA14101752,PRJEB51353,SAMEA14101752,,adult,,,SE,,,,,,2016,primary,1.0,7.578
SAMEA14101753,PRJEB51353,SAMEA14101753,,adult,,,SE,,,,,,2016,primary,1.0,7.64
SAMEA14101754,PRJEB51353,SAMEA14101754,,adult,,,SE,,,,,,2018,primary,1.0,6.431
SAMEA14101755,PRJEB51353,SAMEA14101755,,adult,,,SE,,,,,,2017,primary,1.0,7.089
SAMEA14101756,PRJEB51353,SAMEA14101756,,adult,,,SE,,,,,,2018,primary,1.0,8.814
SAMEA14101757,PRJEB51353,SAMEA14101757,,adult,,,SE,,,,,,2016,primary,1.0,8.298
SAMEA14101758,PRJEB51353,SAMEA14101758,,adult,,,SE,,,,,,2018,primary,1.0,6.528
SAMEA14101760,PRJEB51353,SAMEA14101760,,adult,,,SE,,,,,,2018,primary,1.0,7.55
SAMEA14101761,PRJEB51353,SAMEA14101761,,adult,,,SE,,,,,,2017,primary,1.0,6.493
SAMEA14101762,PRJEB51353,SAMEA14101762,,adult,,,SE,,,,,,2017,primary,1.0,7.257
SAMEA14101763,PRJEB51353,SAMEA14101763,,adult,,,SE,,,,,,2016,primary,1.0,6.934
SAMEA14101764,PRJEB51353,SAMEA14101764,,adult,,,SE,,,,,,2017,primary,1.0,7.016
SAMEA14101765,PRJEB51353,SAMEA14101765,,adult,,,SE,,,,,,2017,primary,1.0,6.638
SAMEA14101767,PRJEB51353,SAMEA14101767,,adult,,,SE,,,,,,2017,primary,1.0,6.659
SAMEA14101768,PRJEB51353,SAMEA14101768,,adult,,,SE,,,,,,2016,primary,1.0,7.297
SAMEA14101769,PRJEB51353,SAMEA14101769,,adult,,,SE,,,,,,2017,primary,1.0,8.388
SAMEA14101770,PRJEB51353,SAMEA14101770,,adult,,,SE,,,,,,2016,primary,1.0,6.43
SAMEA14101771,PRJEB51353,SAMEA14101771,,adult,,,SE,,,,,,2017,primary,1.0,9.218
SAMEA14101772,PRJEB51353,SAMEA14101772,,adult,,,SE,,,,,,2018,primary,1.0,9.685
SAMEA14101773,PRJEB51353,SAMEA14101773,,adult,,,SE,,,,,,2017,primary,1.0,7.986
SAMEA14101774,PRJEB51353,SAMEA14101774,,adult,,,SE,,,,,,2017,primary,1.0,7.327
SAMEA14101775,PRJEB51353,SAMEA14101775,,adult,,,SE,,,,,,2018,primary,1.0,8.985
SAMEA14101776,PRJEB51353,SAMEA14101776,,adult,,,SE,,,,,,2018,primary,1.0,7.962
SAMEA14101777,PRJEB51353,SAMEA14101777,,adult,,,SE,,,,,,2017,primary,1.0,8.584
SAMEA14101778,PRJEB51353,SAMEA14101778,,adult,,,SE,,,,,,2017,primary,1.0,7.826
SAMEA14101779,PRJEB51353,SAMEA14101779,,adult,,,SE,,,,,,2015,primary,1.0,9.088
SAMEA14101780,PRJEB51353,SAMEA14101780,,adult,,,SE,,,,,,2018,primary,1.0,6.635
SAMEA14101781,PRJEB51353,SAMEA14101781,,adult,,,SE,,,,,,2017,primary,1.0,6.588
SAMEA14101783,PRJEB51353,SAMEA14101783,,adult,,,SE,,,,,,2018,primary,1.0,6.956
SAMEA14101784,PRJEB51353,SAMEA14101784,,adult,,,SE,,,,,,2016,primary,1.0,6.609
SAMEA14101785,PRJEB51353,SAMEA14101785,,adult,,,SE,,,,,,2017,primary,1.0,7.782
SAMEA14101786,PRJEB51353,SAMEA14101786,,adult,,,SE,,,,,,2017,primary,1.0,7.95
SAMEA14101787,PRJEB51353,SAMEA14101787,,adult,,,SE,,,,,,2018,primary,1.0,6.827
SAMEA14101788,PRJEB51353,SAMEA14101788,,adult,,,SE,,,,,,2017,primary,1.0,9.704
SAMEA14101789,PRJEB51353,SAMEA14101789,,adult,,,SE,,,,,,2016,primary,1.0,9.104
SAMEA14101790,PRJEB51353,SAMEA14101790,,adult,,,SE,,,,,,2016,primary,1.0,8.526
SAMEA14101791,PRJEB51353,SAMEA14101791,,adult,,,SE,,,,,,2016,primary,1.0,7.726
SAMEA14101792,PRJEB51353,SAMEA14101792,,adult,,,SE,,,,,,2015,primary,2.0,17.494
SAMEA14101793,PRJEB51353,SAMEA14101793,,adult,,,SE,,,,,,2016,primary,1.0,6.098
SAMEA14101794,PRJEB51353,SAMEA14101794,,adult,,,SE,,,,,,2016,primary,1.0,6.564
SAMEA14101795,PRJEB51353,SAMEA14101795,,adult,,,SE,,,,,,2016,primary,1.0,9.066
SAMEA14101796,PRJEB51353,SAMEA14101796,,adult,,,SE,,,,,,2016,primary,1.0,8.608
SAMEA14101797,PRJEB51353,SAMEA14101797,,adult,,,SE,,,,,,2016,primary,1.0,7.031
SAMEA14101798,PRJEB51353,SAMEA14101798,,adult,,,SE,,,,,,2016,primary,2.0,15.059
SAMEA14101799,PRJEB51353,SAMEA14101799,,adult,,,SE,,,,,,2015,primary,2.0,13.536
SAMEA14101800,PRJEB51353,SAMEA14101800,,adult,,,SE,,,,,,2016,primary,1.0,10.821
SAMEA14101801,PRJEB51353,SAMEA14101801,,adult,,,SE,,,,,,2016,primary,1.0,10.666
SAMEA14101802,PRJEB51353,SAMEA14101802,,adult,,,SE,,,,,,2018,primary,1.0,7.496
SAMEA14101803,PRJEB51353,SAMEA14101803,,adult,,,SE,,,,,,2018,primary,1.0,9.628
SAMEA14101804,PRJEB51353,SAMEA14101804,,adult,,,SE,,,,,,2018,primary,1.0,8.8
SAMEA14101806,PRJEB51353,SAMEA14101806,,adult,,,SE,,,,,,2016,primary,1.0,7.229
SAMEA14101807,PRJEB51353,SAMEA14101807,,adult,,,SE,,,,,,2018,primary,1.0,7.088
SAMEA14101808,PRJEB51353,SAMEA14101808,,adult,,,SE,,,,,,2018,primary,1.0,6.468
SAMEA14101809,PRJEB51353,SAMEA14101809,,adult,,,SE,,,,,,2017,primary,1.0,8.863
SAMEA14101810,PRJEB51353,SAMEA14101810,,adult,,,SE,,,,,,2016,primary,1.0,8.499
SAMEA14101811,PRJEB51353,SAMEA14101811,,adult,,,SE,,,,,,2017,primary,1.0,7.262
SAMEA14101812,PRJEB51353,SAMEA14101812,,adult,,,SE,,,,,,2018,primary,1.0,8.596
SAMEA14101814,PRJEB51353,SAMEA14101814,,adult,,,SE,,,,,,2016,primary,1.0,6.279
SAMEA14101815,PRJEB51353,SAMEA14101815,,adult,,,SE,,,,,,2016,primary,1.0,6.606
SAMEA14101816,PRJEB51353,SAMEA14101816,,adult,,,SE,,,,,,2015,primary,1.0,12.117
SAMEA14101817,PRJEB51353,SAMEA14101817,,adult,,,SE,,,,,,2017,primary,1.0,8.337
SAMEA14101818,PRJEB51353,SAMEA14101818,,adult,,,SE,,,,,,2017,primary,1.0,7.743
SAMEA14101819,PRJEB51353,SAMEA14101819,,adult,,,SE,,,,,,2018,primary,1.0,6.42
SAMEA14101820,PRJEB51353,SAMEA14101820,,adult,,,SE,,,,,,2017,primary,1.0,7.866
SAMEA14101821,PRJEB51353,SAMEA14101821,,adult,,,SE,,,,,,2017,primary,1.0,7.477
SAMEA14101822,PRJEB51353,SAMEA14101822,,adult,,,SE,,,,,,2016,primary,1.0,6.569
SAMEA14101823,PRJEB51353,SAMEA14101823,,adult,,,SE,,,,,,2017,primary,1.0,6.913
SAMEA14101825,PRJEB51353,SAMEA14101825,,adult,,,SE,,,,,,2016,primary,1.0,6.285
SAMEA14101826,PRJEB51353,SAMEA14101826,,adult,,,SE,,,,,,2017,primary,1.0,7.646
SAMEA14101827,PRJEB51353,SAMEA14101827,,adult,,,SE,,,,,,2018,primary,1.0,7.087
SAMEA14101828,PRJEB51353,SAMEA14101828,,adult,,,SE,,,,,,2018,primary,1.0,6.991
SAMEA14101829,PRJEB51353,SAMEA14101829,,adult,,,SE,,,,,,2016,primary,1.0,7.92
SAMEA14101830,PRJEB51353,SAMEA14101830,,adult,,,SE,,,,,,2016,primary,1.0,8.19
SAMEA14101831,PRJEB51353,SAMEA14101831,,adult,,,SE,,,,,,2016,primary,1.0,6.952
SAMEA14101832,PRJEB51353,SAMEA14101832,,adult,,,SE,,,,,,2017,primary,1.0,8.743
SAMEA14101833,PRJEB51353,SAMEA14101833,,adult,,,SE,,,,,,2017,primary,1.0,6.852
SAMEA14101835,PRJEB51353,SAMEA14101835,,adult,,,SE,,,,,,2016,primary,1.0,7.551
SAMEA14101836,PRJEB51353,SAMEA14101836,,adult,,,SE,,,,,,2018,primary,1.0,8.517
SAMEA14101837,PRJEB51353,SAMEA14101837,,adult,,,SE,,,,,,2018,primary,1.0,7.634
SAMEA14101838,PRJEB51353,SAMEA14101838,,adult,,,SE,,,,,,2015,primary,2.0,16.881
SAMEA14101839,PRJEB51353,SAMEA14101839,,adult,,,SE,,,,,,2017,primary,1.0,9.497
SAMEA14101840,PRJEB51353,SAMEA14101840,,adult,,,SE,,,,,,2017,primary,1.0,8.273
SAMEA14101841,PRJEB51353,SAMEA14101841,,adult,,,SE,,,,,,2016,primary,1.0,9.393
SAMEA14101843,PRJEB51353,SAMEA14101843,,adult,,,SE,,,,,,2018,primary,1.0,8.848
SAMEA14101844,PRJEB51353,SAMEA14101844,,adult,,,SE,,,,,,2017,primary,1.0,9.046
SAMEA14101845,PRJEB51353,SAMEA14101845,,adult,,,SE,,,,,,2016,primary,1.0,7.602
SAMEA14101846,PRJEB51353,SAMEA14101846,,adult,,,SE,,,,,,2016,primary,1.0,8.111
SAMEA14101847,PRJEB51353,SAMEA14101847,,adult,,,SE,,,,,,2017,primary,1.0,7.506
SAMEA14101848,PRJEB51353,SAMEA14101848,,adult,,,SE,,,,,,2018,primary,1.0,8.627
SAMEA14101849,PRJEB51353,SAMEA14101849,,adult,,,SE,,,,,,2018,primary,1.0,7.415
SAMEA14101850,PRJEB51353,SAMEA14101850,,adult,,,SE,,,,,,2016,primary,1.0,6.604
SAMEA14101852,PRJEB51353,SAMEA14101852,,adult,,,SE,,,,,,2017,primary,1.0,6.176
SAMEA14101853,PRJEB51353,SAMEA14101853,,adult,,,SE,,,,,,2017,primary,1.0,6.533
SAMEA14101854,PRJEB51353,SAMEA14101854,,adult,,,SE,,,,,,2017,primary,1.0,7.752
SAMEA14101855,PRJEB51353,SAMEA14101855,,adult,,,SE,,,,,,2017,primary,1.0,6.733
SAMEA14101856,PRJEB51353,SAMEA14101856,,adult,,,SE,,,,,,2018,primary,1.0,8.332
SAMEA14101857,PRJEB51353,SAMEA14101857,,adult,,,SE,,,,,,2018,primary,1.0,7.647
SAMEA14101858,PRJEB51353,SAMEA14101858,,adult,,,SE,,,,,,2018,primary,1.0,7.954
SAMEA14101859,PRJEB51353,SAMEA14101859,,adult,,,SE,,,,,,2017,primary,1.0,7.582
SAMEA14101861,PRJEB51353,SAMEA14101861,,adult,,,SE,,,,,,2016,primary,1.0,9.89
SAMEA14101862,PRJEB51353,SAMEA14101862,,adult,,,SE,,,,,,2017,primary,1.0,8.132
SAMEA14101863,PRJEB51353,SAMEA14101863,,adult,,,SE,,,,,,2017,primary,1.0,7.208
SAMEA14101864,PRJEB51353,SAMEA14101864,,adult,,,SE,,,,,,2018,primary,1.0,8.076
SAMEA14101865,PRJEB51353,SAMEA14101865,,adult,,,SE,,,,,,2018,primary,1.0,7.276
SAMEA14101866,PRJEB51353,SAMEA14101866,,adult,,,SE,,,,,,2016,primary,2.0,15.073
SAMEA14101867,PRJEB51353,SAMEA14101867,,adult,,,SE,,,,,,2016,primary,1.0,11.755
SAMEA14101868,PRJEB51353,SAMEA14101868,,adult,,,SE,,,,,,2016,primary,1.0,6.98
SAMEA14101869,PRJEB51353,SAMEA14101869,,adult,,,SE,,,,,,2018,primary,1.0,9.335
SAMEA14101871,PRJEB51353,SAMEA14101871,,adult,,,SE,,,,,,2018,primary,1.0,7.376
SAMEA14101872,PRJEB51353,SAMEA14101872,,adult,,,SE,,,,,,2016,primary,1.0,7.238
SAMEA14101873,PRJEB51353,SAMEA14101873,,adult,,,SE,,,,,,2016,primary,1.0,7.072
SAMEA14101874,PRJEB51353,SAMEA14101874,,adult,,,SE,,,,,,2015,primary,1.0,7.652
SAMEA14101875,PRJEB51353,SAMEA14101875,,adult,,,SE,,,,,,2018,primary,1.0,7.822
SAMEA14101876,PRJEB51353,SAMEA14101876,,adult,,,SE,,,,,,2017,primary,1.0,5.71
SAMEA14101877,PRJEB51353,SAMEA14101877,,adult,,,SE,,,,,,2017,primary,1.0,5.996
SAMEA14101878,PRJEB51353,SAMEA14101878,,adult,,,SE,,,,,,2017,primary,1.0,8.744
SAMEA14101880,PRJEB51353,SAMEA14101880,,adult,,,SE,,,,,,2017,primary,1.0,6.839
SAMEA14101881,PRJEB51353,SAMEA14101881,,adult,,,SE,,,,,,2018,primary,1.0,7.119
SAMEA14101882,PRJEB51353,SAMEA14101882,,adult,,,SE,,,,,,2017,primary,1.0,10.882
SAMEA14101883,PRJEB51353,SAMEA14101883,,adult,,,SE,,,,,,2018,primary,1.0,6.825
SAMEA14101884,PRJEB51353,SAMEA14101884,,adult,,,SE,,,,,,2017,primary,1.0,7.158
SAMEA14101885,PRJEB51353,SAMEA14101885,,adult,,,SE,,,,,,2018,primary,1.0,7.825
SAMEA14101886,PRJEB51353,SAMEA14101886,,adult,,,SE,,,,,,2016,primary,1.0,6.287
SAMEA14101888,PRJEB51353,SAMEA14101888,,adult,,,SE,,,,,,2017,primary,1.0,7.447
SAMEA14101889,PRJEB51353,SAMEA14101889,,adult,,,SE,,,,,,2018,primary,1.0,6.594
SAMEA14101890,PRJEB51353,SAMEA14101890,,adult,,,SE,,,,,,2017,primary,1.0,6.808
SAMEA14101891,PRJEB51353,SAMEA14101891,,adult,,,SE,,,,,,2016,primary,1.0,8.959
SAMEA14101892,PRJEB51353,SAMEA14101892,,adult,,,SE,,,,,,2018,primary,1.0,9.95
SAMEA14101893,PRJEB51353,SAMEA14101893,,adult,,,SE,,,,,,2016,primary,1.0,8.268
SAMEA14101895,PRJEB51353,SAMEA14101895,,adult,,,SE,,,,,,2017,primary,1.0,6.102
SAMEA14101896,PRJEB51353,SAMEA14101896,,adult,,,SE,,,,,,2018,primary,1.0,7.063
SAMEA14101897,PRJEB51353,SAMEA14101897,,adult,,,SE,,,,,,2016,primary,1.0,6.122
SAMEA14101898,PRJEB51353,SAMEA14101898,,adult,,,SE,,,,,,2017,primary,1.0,18.537
SAMEA14101899,PRJEB51353,SAMEA14101899,,adult,,,SE,,,,,,2017,primary,1.0,6.943
SAMEA14101900,PRJEB51353,SAMEA14101900,,adult,,,SE,,,,,,2017,primary,1.0,7.299
SAMEA14101901,PRJEB51353,SAMEA14101901,,adult,,,SE,,,,,,2018,primary,1.0,6.52
SAMEA14101903,PRJEB51353,SAMEA14101903,,adult,,,SE,,,,,,2018,primary,1.0,7.883
SAMEA14101904,PRJEB51353,SAMEA14101904,,adult,,,SE,,,,,,2017,primary,1.0,8.657
SAMEA14101905,PRJEB51353,SAMEA14101905,,adult,,,SE,,,,,,2017,primary,1.0,8.595
SAMEA14101906,PRJEB51353,SAMEA14101906,,adult,,,SE,,,,,,2017,primary,1.0,6.167
SAMEA14101907,PRJEB51353,SAMEA14101907,,adult,,,SE,,,,,,2017,primary,1.0,8.46
SAMEA14101908,PRJEB51353,SAMEA14101908,,adult,,,SE,,,,,,2017,primary,1.0,8.424
SAMEA14101910,PRJEB51353,SAMEA14101910,,adult,,,SE,,,,,,2016,primary,1.0,12.199
SAMEA14101911,PRJEB51353,SAMEA14101911,,adult,,,SE,,,,,,2018,primary,1.0,10.133
SAMEA14101912,PRJEB51353,SAMEA14101912,,adult,,,SE,,,,,,2018,primary,1.0,6.953
SAMEA14101913,PRJEB51353,SAMEA14101913,,adult,,,SE,,,,,,2017,primary,1.0,12.962
SAMEA14101914,PRJEB51353,SAMEA14101914,,adult,,,SE,,,,,,2017,primary,1.0,7.938
SAMEA14101915,PRJEB51353,SAMEA14101915,,adult,,,SE,,,,,,2016,primary,1.0,7.185
SAMEA14101916,PRJEB51353,SAMEA14101916,,adult,,,SE,,,,,,2016,primary,1.0,6.933
SAMEA14101919,PRJEB51353,SAMEA14101919,,adult,,,SE,,,,,,2018,primary,1.0,6.725
SAMEA14101920,PRJEB51353,SAMEA14101920,,adult,,,SE,,,,,,2017,primary,1.0,12.346
SAMEA14101921,PRJEB51353,SAMEA14101921,,adult,,,SE,,,,,,2017,primary,1.0,8.153
SAMEA14101922,PRJEB51353,SAMEA14101922,,adult,,,SE,,,,,,2016,primary,1.0,9.381
SAMEA14101923,PRJEB51353,SAMEA14101923,,adult,,,SE,,,,,,2016,primary,1.0,8.823
SAMEA14101924,PRJEB51353,SAMEA14101924,,adult,,,SE,,,,,,2017,primary,1.0,7.155
SAMEA14101925,PRJEB51353,SAMEA14101925,,adult,,,SE,,,,,,2016,primary,1.0,8.831
SAMEA14101926,PRJEB51353,SAMEA14101926,,adult,,,SE,,,,,,2017,primary,1.0,6.618
SAMEA14101927,PRJEB51353,SAMEA14101927,,adult,,,SE,,,,,,2016,primary,1.0,5.996
SAMEA14101929,PRJEB51353,SAMEA14101929,,adult,,,SE,,,,,,2017,primary,1.0,6.596
SAMEA14101930,PRJEB51353,SAMEA14101930,,adult,,,SE,,,,,,2017,primary,1.0,8.131
SAMEA14101931,PRJEB51353,SAMEA14101931,,adult,,,SE,,,,,,2018,primary,1.0,6.98
SAMEA14101932,PRJEB51353,SAMEA14101932,,adult,,,SE,,,,,,2018,primary,1.0,9.557
SAMEA14101933,PRJEB51353,SAMEA14101933,,adult,,,SE,,,,,,2017,primary,1.0,8.401
SAMEA14101934,PRJEB51353,SAMEA14101934,,adult,,,SE,,,,,,2017,primary,1.0,7.663
SAMEA14101935,PRJEB51353,SAMEA14101935,,adult,,,SE,,,,,,2016,primary,1.0,7.057
SAMEA14101936,PRJEB51353,SAMEA14101936,,adult,,,SE,,,,,,2016,primary,1.0,7.085
SAMEA14101937,PRJEB51353,SAMEA14101937,,adult,,,SE,,,,,,2016,primary,1.0,6.565
SAMEA14101939,PRJEB51353,SAMEA14101939,,adult,,,SE,,,,,,2017,primary,1.0,6.752
SAMEA14101940,PRJEB51353,SAMEA14101940,,adult,,,SE,,,,,,2016,primary,1.0,8.169
SAMEA14101941,PRJEB51353,SAMEA14101941,,adult,,,SE,,,,,,2016,primary,1.0,7.166
SAMEA14101942,PRJEB51353,SAMEA14101942,,adult,,,SE,,,,,,2017,primary,1.0,7.723
SAMEA14101943,PRJEB51353,SAMEA14101943,,adult,,,SE,,,,,,2018,primary,1.0,7.878
SAMEA14101944,PRJEB51353,SAMEA14101944,,adult,,,SE,,,,,,2018,primary,1.0,8.078
SAMEA14101945,PRJEB51353,SAMEA14101945,,adult,,,SE,,,,,,2018,primary,1.0,7.734
SAMEA14101947,PRJEB51353,SAMEA14101947,,adult,,,SE,,,,,,2015,primary,2.0,14.816
SAMEA14101948,PRJEB51353,SAMEA14101948,,adult,,,SE,,,,,,2016,primary,1.0,6.853
SAMEA14101949,PRJEB51353,SAMEA14101949,,adult,,,SE,,,,,,2015,primary,2.0,15.466
SAMEA14101950,PRJEB51353,SAMEA14101950,,adult,,,SE,,,,,,2017,primary,1.0,7.085
SAMEA14101951,PRJEB51353,SAMEA14101951,,adult,,,SE,,,,,,2017,primary,1.0,6.884
SAMEA14101952,PRJEB51353,SAMEA14101952,,adult,,,SE,,,,,,2016,primary,1.0,8.735
SAMEA14101953,PRJEB51353,SAMEA14101953,,adult,,,SE,,,,,,2016,primary,2.0,16.852
SAMEA14101954,PRJEB51353,SAMEA14101954,,adult,,,SE,,,,,,2017,primary,1.0,7.654
SAMEA14101956,PRJEB51353,SAMEA14101956,,adult,,,SE,,,,,,2016,primary,1.0,7.095
SAMEA14101957,PRJEB51353,SAMEA14101957,,adult,,,SE,,,,,,2017,primary,1.0,8.891
SAMEA14101958,PRJEB51353,SAMEA14101958,,adult,,,SE,,,,,,2016,primary,1.0,7.315
SAMEA14101959,PRJEB51353,SAMEA14101959,,adult,,,SE,,,,,,2016,primary,1.0,6.204
SAMEA14101960,PRJEB51353,SAMEA14101960,,adult,,,SE,,,,,,2017,primary,1.0,7.45
SAMEA14101961,PRJEB51353,SAMEA14101961,,adult,,,SE,,,,,,2017,primary,1.0,8.329
SAMEA14101962,PRJEB51353,SAMEA14101962,,adult,,,SE,,,,,,2017,primary,1.0,6.65
SAMEA14101963,PRJEB51353,SAMEA14101963,,adult,,,SE,,,,,,2018,primary,1.0,10.229
SAMEA14101965,PRJEB51353,SAMEA14101965,,adult,,,SE,,,,,,2016,primary,1.0,6.618
SAMEA14101966,PRJEB51353,SAMEA14101966,,adult,,,SE,,,,,,2018,primary,1.0,7.152
SAMEA14101967,PRJEB51353,SAMEA14101967,,adult,,,SE,,,,,,2016,primary,1.0,7.657
SAMEA14101968,PRJEB51353,SAMEA14101968,,adult,,,SE,,,,,,2016,primary,1.0,6.486
SAMEA14101969,PRJEB51353,SAMEA14101969,,adult,,,SE,,,,,,2016,primary,1.0,6.707
SAMEA14101970,PRJEB51353,SAMEA14101970,,adult,,,SE,,,,,,2017,primary,1.0,7.425
SAMEA14101971,PRJEB51353,SAMEA14101971,,adult,,,SE,,,,,,2017,primary,1.0,7.281
SAMEA14101972,PRJEB51353,SAMEA14101972,,adult,,,SE,,,,,,2017,primary,1.0,7.428
SAMEA14101974,PRJEB51353,SAMEA14101974,,adult,,,SE,,,,,,2016,primary,1.0,9.14
SAMEA14101975,PRJEB51353,SAMEA14101975,,adult,,,SE,,,,,,2016,primary,1.0,6.636
SAMEA14101976,PRJEB51353,SAMEA14101976,,adult,,,SE,,,,,,2017,primary,1.0,6.987
SAMEA14101977,PRJEB51353,SAMEA14101977,,adult,,,SE,,,,,,2017,primary,1.0,7.734
SAMEA14101978,PRJEB51353,SAMEA14101978,,adult,,,SE,,,,,,2016,primary,1.0,7.57
SAMEA14101979,PRJEB51353,SAMEA14101979,,adult,,,SE,,,,,,2017,primary,1.0,7.265
SAMEA14101980,PRJEB51353,SAMEA14101980,,adult,,,SE,,,,,,2017,primary,1.0,8.281
SAMEA14101981,PRJEB51353,SAMEA14101981,,adult,,,SE,,,,,,2016,primary,2.0,14.404
SAMEA14101982,PRJEB51353,SAMEA14101982,,adult,,,SE,,,,,,2017,primary,1.0,9.76
SAMEA14101984,PRJEB51353,SAMEA14101984,,adult,,,SE,,,,,,2016,primary,1.0,6.953
SAMEA14101985,PRJEB51353,SAMEA14101985,,adult,,,SE,,,,,,2016,primary,1.0,7.644
SAMEA14101986,PRJEB51353,SAMEA14101986,,adult,,,SE,,,,,,2017,primary,1.0,10.361
SAMEA14101987,PRJEB51353,SAMEA14101987,,adult,,,SE,,,,,,2017,primary,1.0,7.485
SAMEA14101988,PRJEB51353,SAMEA14101988,,adult,,,SE,,,,,,2017,primary,1.0,8.935
SAMEA14101989,PRJEB51353,SAMEA14101989,,adult,,,SE,,,,,,2017,primary,1.0,7.643
SAMEA14101991,PRJEB51353,SAMEA14101991,,adult,,,SE,,,,,,2018,primary,1.0,9.492
SAMEA14101992,PRJEB51353,SAMEA14101992,,adult,,,SE,,,,,,2017,primary,1.0,6.209
SAMEA14101993,PRJEB51353,SAMEA14101993,,adult,,,SE,,,,,,2017,primary,1.0,6.179
SAMEA14101994,PRJEB51353,SAMEA14101994,,adult,,,SE,,,,,,2016,primary,1.0,6.974
SAMEA14101995,PRJEB51353,SAMEA14101995,,adult,,,SE,,,,,,2017,primary,1.0,7.519
SAMEA14101996,PRJEB51353,SAMEA14101996,,adult,,,SE,,,,,,2016,primary,1.0,8.444
SAMEA14101997,PRJEB51353,SAMEA14101997,,adult,,,SE,,,,,,2018,primary,1.0,7.181
SAMEA14101998,PRJEB51353,SAMEA14101998,,adult,,,SE,,,,,,2017,primary,1.0,7.586
SAMEA14102000,PRJEB51353,SAMEA14102000,,adult,,,SE,,,,,,2017,primary,1.0,8.55
SAMEA14102001,PRJEB51353,SAMEA14102001,,adult,,,SE,,,,,,2018,primary,1.0,12.084
SAMEA14102002,PRJEB51353,SAMEA14102002,,adult,,,SE,,,,,,2016,primary,1.0,7.199
SAMEA14102003,PRJEB51353,SAMEA14102003,,adult,,,SE,,,,,,2016,primary,1.0,8.176
SAMEA14102004,PRJEB51353,SAMEA14102004,,adult,,,SE,,,,,,2017,primary,1.0,6.81
SAMEA14102005,PRJEB51353,SAMEA14102005,,adult,,,SE,,,,,,2017,primary,1.0,8.098
SAMEA14102006,PRJEB51353,SAMEA14102006,,adult,,,SE,,,,,,2018,primary,1.0,7.348
SAMEA14102007,PRJEB51353,SAMEA14102007,,adult,,,SE,,,,,,2017,primary,1.0,5.951
SAMEA14102008,PRJEB51353,SAMEA14102008,,adult,,,SE,,,,,,2016,primary,1.0,6.948
SAMEA14102009,PRJEB51353,SAMEA14102009,,adult,,,SE,,,,,,2016,primary,1.0,6.96
SAMEA14102010,PRJEB51353,SAMEA14102010,,adult,,,SE,,,,,,2018,primary,1.0,8.572
SAMEA14102012,PRJEB51353,SAMEA14102012,,adult,,,SE,,,,,,2017,primary,1.0,7.108
SAMEA14102013,PRJEB51353,SAMEA14102013,,adult,,,SE,,,,,,2016,primary,1.0,7.575
SAMEA14102014,PRJEB51353,SAMEA14102014,,adult,,,SE,,,,,,2015,primary,1.0,7.311
SAMEA14102015,PRJEB51353,SAMEA14102015,,adult,,,SE,,,,,,2018,primary,1.0,6.027
SAMEA14102016,PRJEB51353,SAMEA14102016,,adult,,,SE,,,,,,2016,primary,1.0,7.908
SAMEA14102017,PRJEB51353,SAMEA14102017,,adult,,,SE,,,,,,2015,primary,2.0,16.551
SAMEA14102018,PRJEB51353,SAMEA14102018,,adult,,,SE,,,,,,2018,primary,1.0,9.022
SAMEA14102020,PRJEB51353,SAMEA14102020,,adult,,,SE,,,,,,2016,primary,1.0,8.285
SAMEA14102021,PRJEB51353,SAMEA14102021,,adult,,,SE,,,,,,2017,primary,1.0,7.015
SAMEA14102022,PRJEB51353,SAMEA14102022,,adult,,,SE,,,,,,2017,primary,1.0,6.75
SAMEA14102023,PRJEB51353,SAMEA14102023,,adult,,,SE,,,,,,2016,primary,1.0,7.405
SAMEA14102024,PRJEB51353,SAMEA14102024,,adult,,,SE,,,,,,2016,primary,1.0,7.727
SAMEA14102025,PRJEB51353,SAMEA14102025,,adult,,,SE,,,,,,2017,primary,1.0,7.495
SAMEA14102026,PRJEB51353,SAMEA14102026,,adult,,,SE,,,,,,2018,primary,1.0,6.521
SAMEA14102028,PRJEB51353,SAMEA14102028,,adult,,,SE,,,,,,2016,primary,1.0,6.323
SAMEA14102029,PRJEB51353,SAMEA14102029,,adult,,,SE,,,,,,2017,primary,1.0,8.187
SAMEA14102030,PRJEB51353,SAMEA14102030,,adult,,,SE,,,,,,2016,primary,1.0,8.759
SAMEA14102031,PRJEB51353,SAMEA14102031,,adult,,,SE,,,,,,2015,primary,2.0,14.577
SAMEA14102032,PRJEB51353,SAMEA14102032,,adult,,,SE,,,,,,2016,primary,1.0,7.004
SAMEA14102033,PRJEB51353,SAMEA14102033,,adult,,,SE,,,,,,2017,primary,1.0,7.812
SAMEA14102034,PRJEB51353,SAMEA14102034,,adult,,,SE,,,,,,2015,primary,1.0,6.347
SAMEA14102035,PRJEB51353,SAMEA14102035,,adult,,,SE,,,,,,2017,primary,1.0,6.085
SAMEA14102037,PRJEB51353,SAMEA14102037,,adult,,,SE,,,,,,2015,primary,1.0,6.654
SAMEA14102038,PRJEB51353,SAMEA14102038,,adult,,,SE,,,,,,2017,primary,1.0,7.395
SAMEA14102039,PRJEB51353,SAMEA14102039,,adult,,,SE,,,,,,2018,primary,1.0,6.241
SAMEA14102040,PRJEB51353,SAMEA14102040,,adult,,,SE,,,,,,2018,primary,1.0,8.235
SAMEA14102041,PRJEB51353,SAMEA14102041,,adult,,,SE,,,,,,2017,primary,1.0,7.447
SAMEA14102042,PRJEB51353,SAMEA14102042,,adult,,,SE,,,,,,2017,primary,1.0,7.401
SAMEA14102043,PRJEB51353,SAMEA14102043,,adult,,,SE,,,,,,2018,primary,1.0,6.054
SAMEA14102044,PRJEB51353,SAMEA14102044,,adult,,,SE,,,,,,2017,primary,1.0,8.583
SAMEA14102046,PRJEB51353,SAMEA14102046,,adult,,,SE,,,,,,2016,primary,1.0,6.943
SAMEA14102047,PRJEB51353,SAMEA14102047,,adult,,,SE,,,,,,2017,primary,1.0,6.64
SAMEA14102048,PRJEB51353,SAMEA14102048,,adult,,,SE,,,,,,2015,primary,1.0,6.076
SAMEA14102049,PRJEB51353,SAMEA14102049,,adult,,,SE,,,,,,2017,primary,1.0,10.312
SAMEA14102050,PRJEB51353,SAMEA14102050,,adult,,,SE,,,,,,2017,primary,1.0,8.556
SAMEA14102051,PRJEB51353,SAMEA14102051,,adult,,,SE,,,,,,2018,primary,1.0,8.19
SAMEA14102052,PRJEB51353,SAMEA14102052,,adult,,,SE,,,,,,2018,primary,1.0,8.71
SAMEA14102053,PRJEB51353,SAMEA14102053,,adult,,,SE,,,,,,2017,primary,1.0,7.006
SAMEA14102055,PRJEB51353,SAMEA14102055,,adult,,,SE,,,,,,2017,primary,1.0,6.457
SAMEA14102056,PRJEB51353,SAMEA14102056,,adult,,,SE,,,,,,2016,primary,1.0,8.683
SAMEA14102057,PRJEB51353,SAMEA14102057,,adult,,,SE,,,,,,2018,primary,1.0,6.001
SAMEA14102058,PRJEB51353,SAMEA14102058,,adult,,,SE,,,,,,2016,primary,1.0,6.502
SAMEA14102059,PRJEB51353,SAMEA14102059,,adult,,,SE,,,,,,2018,primary,1.0,8.565
SAMEA14102060,PRJEB51353,SAMEA14102060,,adult,,,SE,,,,,,2017,primary,1.0,8.344
SAMEA14102061,PRJEB51353,SAMEA14102061,,adult,,,SE,,,,,,2016,primary,1.0,10.077
SAMEA14102062,PRJEB51353,SAMEA14102062,,adult,,,SE,,,,,,2017,primary,1.0,8.361
SAMEA14102063,PRJEB51353,SAMEA14102063,,adult,,,SE,,,,,,2017,primary,1.0,6.381
SAMEA14102065,PRJEB51353,SAMEA14102065,,adult,,,SE,,,,,,2017,primary,1.0,7.023
SAMEA14102066,PRJEB51353,SAMEA14102066,,adult,,,SE,,,,,,2018,primary,1.0,6.799
SAMEA14102067,PRJEB51353,SAMEA14102067,,adult,,,SE,,,,,,2017,primary,1.0,7.717
SAMEA14102068,PRJEB51353,SAMEA14102068,,adult,,,SE,,,,,,2017,primary,1.0,7.08
SAMEA14102069,PRJEB51353,SAMEA14102069,,adult,,,SE,,,,,,2017,primary,1.0,6.903
SAMEA14102070,PRJEB51353,SAMEA14102070,,adult,,,SE,,,,,,2017,primary,1.0,6.839
SAMEA14102071,PRJEB51353,SAMEA14102071,,adult,,,SE,,,,,,2016,primary,2.0,12.272
SAMEA14102072,PRJEB51353,SAMEA14102072,,adult,,,SE,,,,,,2016,primary,1.0,9.689
SAMEA14102073,PRJEB51353,SAMEA14102073,,adult,,,SE,,,,,,2018,primary,1.0,8.465
SAMEA14102075,PRJEB51353,SAMEA14102075,,adult,,,SE,,,,,,2018,primary,1.0,7.686
SAMEA14102076,PRJEB51353,SAMEA14102076,,adult,,,SE,,,,,,2016,primary,1.0,7.143
SAMEA14102077,PRJEB51353,SAMEA14102077,,adult,,,SE,,,,,,2018,primary,1.0,6.568
SAMEA14102078,PRJEB51353,SAMEA14102078,,adult,,,SE,,,,,,2017,primary,1.0,7.673
SAMEA14102079,PRJEB51353,SAMEA14102079,,adult,,,SE,,,,,,2015,primary,2.0,19.292
SAMEA14102080,PRJEB51353,SAMEA14102080,,adult,,,SE,,,,,,2017,primary,1.0,6.654
SAMEA14102081,PRJEB51353,SAMEA14102081,,adult,,,SE,,,,,,2016,primary,1.0,6.369
SAMEA14102082,PRJEB51353,SAMEA14102082,,adult,,,SE,,,,,,2015,primary,1.0,7.117
SAMEA14102084,PRJEB51353,SAMEA14102084,,adult,,,SE,,,,,,2017,primary,1.0,7.539
SAMEA14102085,PRJEB51353,SAMEA14102085,,adult,,,SE,,,,,,2016,primary,1.0,6.825
SAMEA14102086,PRJEB51353,SAMEA14102086,,adult,,,SE,,,,,,2016,primary,2.0,15.003
SAMEA14102087,PRJEB51353,SAMEA14102087,,adult,,,SE,,,,,,2018,primary,1.0,7.614
SAMEA14102088,PRJEB51353,SAMEA14102088,,adult,,,SE,,,,,,2017,primary,1.0,8.531
SAMEA14102089,PRJEB51353,SAMEA14102089,,adult,,,SE,,,,,,2017,primary,1.0,7.532
SAMEA14102090,PRJEB51353,SAMEA14102090,,adult,,,SE,,,,,,2016,primary,1.0,7.462
SAMEA14102092,PRJEB51353,SAMEA14102092,,adult,,,SE,,,,,,2016,primary,1.0,7.348
SAMEA14102093,PRJEB51353,SAMEA14102093,,adult,,,SE,,,,,,2016,primary,1.0,7.576
SAMEA14102094,PRJEB51353,SAMEA14102094,,adult,,,SE,,,,,,2018,primary,1.0,6.095
SAMEA14102095,PRJEB51353,SAMEA14102095,,adult,,,SE,,,,,,2018,primary,1.0,6.493
SAMEA14102096,PRJEB51353,SAMEA14102096,,adult,,,SE,,,,,,2017,primary,1.0,7.982
SAMEA14102097,PRJEB51353,SAMEA14102097,,adult,,,SE,,,,,,2016,primary,1.0,6.273
SAMEA14102098,PRJEB51353,SAMEA14102098,,adult,,,SE,,,,,,2016,primary,1.0,7.478
SAMEA14102099,PRJEB51353,SAMEA14102099,,adult,,,SE,,,,,,2016,primary,1.0,8.226
SAMEA14102100,PRJEB51353,SAMEA14102100,,adult,,,SE,,,,,,2018,primary,1.0,7.003
SAMEA14102101,PRJEB51353,SAMEA14102101,,adult,,,SE,,,,,,2018,primary,1.0,8.258
SAMEA14102103,PRJEB51353,SAMEA14102103,,adult,,,SE,,,,,,2018,primary,1.0,8.833
SAMEA14102104,PRJEB51353,SAMEA14102104,,adult,,,SE,,,,,,2015,primary,1.0,7.974
SAMEA14102105,PRJEB51353,SAMEA14102105,,adult,,,SE,,,,,,2016,primary,1.0,6.784
SAMEA14102106,PRJEB51353,SAMEA14102106,,adult,,,SE,,,,,,2016,primary,1.0,7.775
SAMEA14102107,PRJEB51353,SAMEA14102107,,adult,,,SE,,,,,,2017,primary,1.0,8.004
SAMEA14102108,PRJEB51353,SAMEA14102108,,adult,,,SE,,,,,,2018,primary,1.0,6.877
SAMEA14102110,PRJEB51353,SAMEA14102110,,adult,,,SE,,,,,,2017,primary,1.0,6.791
SAMEA14102111,PRJEB51353,SAMEA14102111,,adult,,,SE,,,,,,2017,primary,1.0,7.299
SAMEA14102112,PRJEB51353,SAMEA14102112,,adult,,,SE,,,,,,2017,primary,1.0,6.354
SAMEA14102113,PRJEB51353,SAMEA14102113,,adult,,,SE,,,,,,2016,primary,2.0,13.925
SAMEA14102114,PRJEB51353,SAMEA14102114,,adult,,,SE,,,,,,2018,primary,1.0,8.439
SAMEA14102115,PRJEB51353,SAMEA14102115,,adult,,,SE,,,,,,2017,primary,1.0,7.042
SAMEA14102116,PRJEB51353,SAMEA14102116,,adult,,,SE,,,,,,2016,primary,1.0,7.649
SAMEA14102117,PRJEB51353,SAMEA14102117,,adult,,,SE,,,,,,2016,primary,1.0,7.898
SAMEA14102118,PRJEB51353,SAMEA14102118,,adult,,,SE,,,,,,2016,primary,1.0,8.962
SAMEA14102120,PRJEB51353,SAMEA14102120,,adult,,,SE,,,,,,2018,primary,1.0,9.969
SAMEA14102121,PRJEB51353,SAMEA14102121,,adult,,,SE,,,,,,2017,primary,1.0,8.085
SAMEA14102122,PRJEB51353,SAMEA14102122,,adult,,,SE,,,,,,2017,primary,1.0,7.909
SAMEA14102123,PRJEB51353,SAMEA14102123,,adult,,,SE,,,,,,2017,primary,1.0,8.822
SAMEA14102124,PRJEB51353,SAMEA14102124,,adult,,,SE,,,,,,2017,primary,1.0,7.689
SAMEA14102126,PRJEB51353,SAMEA14102126,,adult,,,SE,,,,,,2016,primary,1.0,6.615
SAMEA14102127,PRJEB51353,SAMEA14102127,,adult,,,SE,,,,,,2017,primary,1.0,6.396
SAMEA14102128,PRJEB51353,SAMEA14102128,,adult,,,SE,,,,,,2015,primary,2.0,13.93
SAMEA14102129,PRJEB51353,SAMEA14102129,,adult,,,SE,,,,,,2016,primary,1.0,6.884
SAMEA14102130,PRJEB51353,SAMEA14102130,,adult,,,SE,,,,,,2015,primary,1.0,7.359
SAMEA14102131,PRJEB51353,SAMEA14102131,,adult,,,SE,,,,,,2017,primary,1.0,8.701
SAMEA14102132,PRJEB51353,SAMEA14102132,,adult,,,SE,,,,,,2017,primary,1.0,8.449
SAMEA14102133,PRJEB51353,SAMEA14102133,,adult,,,SE,,,,,,2018,primary,1.0,7.166
SAMEA14102135,PRJEB51353,SAMEA14102135,,adult,,,SE,,,,,,2016,primary,1.0,7.278
SAMEA14102136,PRJEB51353,SAMEA14102136,,adult,,,SE,,,,,,2018,primary,1.0,10.513
SAMEA14102137,PRJEB51353,SAMEA14102137,,adult,,,SE,,,,,,2016,primary,1.0,8.274
SAMEA14102138,PRJEB51353,SAMEA14102138,,adult,,,SE,,,,,,2018,primary,1.0,8.084
SAMEA14102139,PRJEB51353,SAMEA14102139,,adult,,,SE,,,,,,2015,primary,2.0,16.37
SAMEA14102140,PRJEB51353,SAMEA14102140,,adult,,,SE,,,,,,2016,primary,1.0,5.953
SAMEA14102141,PRJEB51353,SAMEA14102141,,adult,,,SE,,,,,,2018,primary,1.0,6.381
SAMEA14102143,PRJEB51353,SAMEA14102143,,adult,,,SE,,,,,,2018,primary,1.0,7.134
SAMEA14102144,PRJEB51353,SAMEA14102144,,adult,,,SE,,,,,,2016,primary,1.0,7.587
SAMEA14102145,PRJEB51353,SAMEA14102145,,adult,,,SE,,,,,,2018,primary,1.0,10.406
SAMEA14102146,PRJEB51353,SAMEA14102146,,adult,,,SE,,,,,,2018,primary,1.0,8.274
SAMEA14102147,PRJEB51353,SAMEA14102147,,adult,,,SE,,,,,,2018,primary,1.0,7.436
SAMEA14102148,PRJEB51353,SAMEA14102148,,adult,,,SE,,,,,,2015,primary,2.0,14.255
SAMEA14102149,PRJEB51353,SAMEA14102149,,adult,,,SE,,,,,,2017,primary,1.0,8.804
SAMEA14102150,PRJEB51353,SAMEA14102150,,adult,,,SE,,,,,,2016,primary,1.0,6.486
SAMEA14102152,PRJEB51353,SAMEA14102152,,adult,,,SE,,,,,,2016,primary,1.0,6.584
SAMEA14102153,PRJEB51353,SAMEA14102153,,adult,,,SE,,,,,,2017,primary,1.0,6.592
SAMEA14102154,PRJEB51353,SAMEA14102154,,adult,,,SE,,,,,,2016,primary,1.0,6.871
SAMEA14102155,PRJEB51353,SAMEA14102155,,adult,,,SE,,,,,,2017,primary,1.0,7.013
SAMEA14102156,PRJEB51353,SAMEA14102156,,adult,,,SE,,,,,,2018,primary,1.0,6.319
SAMEA14102157,PRJEB51353,SAMEA14102157,,adult,,,SE,,,,,,2018,primary,1.0,6.596
SAMEA14102158,PRJEB51353,SAMEA14102158,,adult,,,SE,,,,,,2018,primary,1.0,7.419
SAMEA14102160,PRJEB51353,SAMEA14102160,,adult,,,SE,,,,,,2016,primary,1.0,6.717
SAMEA14102161,PRJEB51353,SAMEA14102161,,adult,,,SE,,,,,,2017,primary,1.0,7.082
SAMEA14102162,PRJEB51353,SAMEA14102162,,adult,,,SE,,,,,,2016,primary,2.0,14.495
SAMEA14102163,PRJEB51353,SAMEA14102163,,adult,,,SE,,,,,,2017,primary,1.0,6.969
SAMEA14102164,PRJEB51353,SAMEA14102164,,adult,,,SE,,,,,,2018,primary,1.0,9.77
SAMEA14102165,PRJEB51353,SAMEA14102165,,adult,,,SE,,,,,,2017,primary,1.0,6.625
SAMEA14102166,PRJEB51353,SAMEA14102166,,adult,,,SE,,,,,,2015,primary,2.0,14.026
SAMEA14102167,PRJEB51353,SAMEA14102167,,adult,,,SE,,,,,,2017,primary,1.0,7.335
SAMEA14102169,PRJEB51353,SAMEA14102169,,adult,,,SE,,,,,,2017,primary,1.0,8.273
SAMEA14102170,PRJEB51353,SAMEA14102170,,adult,,,SE,,,,,,2018,primary,1.0,8.019
SAMEA14102171,PRJEB51353,SAMEA14102171,,adult,,,SE,,,,,,2018,primary,1.0,7.59
SAMEA14102172,PRJEB51353,SAMEA14102172,,adult,,,SE,,,,,,2017,primary,1.0,8.025
SAMEA14102173,PRJEB51353,SAMEA14102173,,adult,,,SE,,,,,,2017,primary,1.0,6.837
SAMEA14102174,PRJEB51353,SAMEA14102174,,adult,,,SE,,,,,,2016,primary,1.0,7.937
SAMEA14102175,PRJEB51353,SAMEA14102175,,adult,,,SE,,,,,,2017,primary,1.0,7.704
SAMEA14102176,PRJEB51353,SAMEA14102176,,adult,,,SE,,,,,,2016,primary,1.0,9.149
SAMEA14102177,PRJEB51353,SAMEA14102177,,adult,,,SE,,,,,,2017,primary,1.0,7.396
SAMEA14102179,PRJEB51353,SAMEA14102179,,adult,,,SE,,,,,,2017,primary,1.0,7.774
SAMEA14102180,PRJEB51353,SAMEA14102180,,adult,,,SE,,,,,,2016,primary,1.0,7.152
SAMEA14102181,PRJEB51353,SAMEA14102181,,adult,,,SE,,,,,,2017,primary,1.0,8.322
SAMEA14102182,PRJEB51353,SAMEA14102182,,adult,,,SE,,,,,,2017,primary,1.0,7.774
SAMEA14102183,PRJEB51353,SAMEA14102183,,adult,,,SE,,,,,,2018,primary,1.0,7.02
SAMEA14102184,PRJEB51353,SAMEA14102184,,adult,,,SE,,,,,,2016,primary,1.0,7.203
SAMEA14102185,PRJEB51353,SAMEA14102185,,adult,,,SE,,,,,,2016,primary,2.0,15.654
SAMEA14102186,PRJEB51353,SAMEA14102186,,adult,,,SE,,,,,,2016,primary,1.0,8.583
SAMEA14102187,PRJEB51353,SAMEA14102187,,adult,,,SE,,,,,,2017,primary,1.0,8.45
SAMEA14102189,PRJEB51353,SAMEA14102189,,adult,,,SE,,,,,,2018,primary,1.0,7.404
SAMEA14102190,PRJEB51353,SAMEA14102190,,adult,,,SE,,,,,,2015,primary,2.0,18.131
SAMEA14102191,PRJEB51353,SAMEA14102191,,adult,,,SE,,,,,,2018,primary,1.0,7.181
SAMEA14102192,PRJEB51353,SAMEA14102192,,adult,,,SE,,,,,,2017,primary,1.0,7.388
SAMEA14102193,PRJEB51353,SAMEA14102193,,adult,,,SE,,,,,,2017,primary,1.0,8.247
SAMEA14102194,PRJEB51353,SAMEA14102194,,adult,,,SE,,,,,,2018,primary,1.0,7.97
SAMEA14102195,PRJEB51353,SAMEA14102195,,adult,,,SE,,,,,,2018,primary,1.0,8.923
SAMEA14102196,PRJEB51353,SAMEA14102196,,adult,,,SE,,,,,,2016,primary,1.0,7.504
SAMEA14102197,PRJEB51353,SAMEA14102197,,adult,,,SE,,,,,,2017,primary,1.0,6.892
SAMEA14102198,PRJEB51353,SAMEA14102198,,adult,,,SE,,,,,,2017,primary,1.0,11.029
SAMEA14102199,PRJEB51353,SAMEA14102199,,adult,,,SE,,,,,,2018,primary,1.0,6.325
SAMEA14102200,PRJEB51353,SAMEA14102200,,adult,,,SE,,,,,,2018,primary,1.0,8.902
SAMEA14102201,PRJEB51353,SAMEA14102201,,adult,,,SE,,,,,,2018,primary,1.0,7.87
SAMEA14102202,PRJEB51353,SAMEA14102202,,adult,,,SE,,,,,,2015,primary,2.0,17.0
SAMEA14102203,PRJEB51353,SAMEA14102203,,adult,,,SE,,,,,,2016,primary,1.0,8.574
SAMEA14102204,PRJEB51353,SAMEA14102204,,adult,,,SE,,,,,,2016,primary,1.0,8.087
SAMEA14102205,PRJEB51353,SAMEA14102205,,adult,,,SE,,,,,,2017,primary,1.0,6.164
SAMEA14102207,PRJEB51353,SAMEA14102207,,adult,,,SE,,,,,,2018,primary,1.0,6.904
SAMEA14102208,PRJEB51353,SAMEA14102208,,adult,,,SE,,,,,,2018,primary,1.0,7.107
SAMEA14102209,PRJEB51353,SAMEA14102209,,adult,,,SE,,,,,,2018,primary,1.0,7.032
SAMEA14102210,PRJEB51353,SAMEA14102210,,adult,,,SE,,,,,,2017,primary,1.0,7.81
SAMEA14102211,PRJEB51353,SAMEA14102211,,adult,,,SE,,,,,,2018,primary,1.0,8.156
SAMEA14102212,PRJEB51353,SAMEA14102212,,adult,,,SE,,,,,,2017,primary,1.0,8.518
SAMEA14102213,PRJEB51353,SAMEA14102213,,adult,,,SE,,,,,,2017,primary,1.0,8.714
SAMEA14102214,PRJEB51353,SAMEA14102214,,adult,,,SE,,,,,,2016,primary,1.0,6.609
SAMEA14102216,PRJEB51353,SAMEA14102216,,adult,,,SE,,,,,,2015,primary,2.0,15.765
SAMEA14102217,PRJEB51353,SAMEA14102217,,adult,,,SE,,,,,,2017,primary,1.0,9.744
SAMEA14102218,PRJEB51353,SAMEA14102218,,adult,,,SE,,,,,,2017,primary,1.0,7.098
SAMEA14102219,PRJEB51353,SAMEA14102219,,adult,,,SE,,,,,,2017,primary,1.0,6.532
SAMEA14102220,PRJEB51353,SAMEA14102220,,adult,,,SE,,,,,,2017,primary,1.0,8.457
SAMEA14102221,PRJEB51353,SAMEA14102221,,adult,,,SE,,,,,,2016,primary,1.0,7.318
SAMEA14102223,PRJEB51353,SAMEA14102223,,adult,,,SE,,,,,,2015,primary,2.0,17.089
SAMEA14102224,PRJEB51353,SAMEA14102224,,adult,,,SE,,,,,,2015,primary,1.0,6.656
SAMEA14102225,PRJEB51353,SAMEA14102225,,adult,,,SE,,,,,,2017,primary,1.0,8.195
SAMEA14102226,PRJEB51353,SAMEA14102226,,adult,,,SE,,,,,,2016,primary,1.0,12.578
SAMEA14102227,PRJEB51353,SAMEA14102227,,adult,,,SE,,,,,,2018,primary,1.0,6.849
SAMEA14102228,PRJEB51353,SAMEA14102228,,adult,,,SE,,,,,,2016,primary,1.0,6.161
SAMEA14102229,PRJEB51353,SAMEA14102229,,adult,,,SE,,,,,,2018,primary,1.0,7.818
SAMEA14102230,PRJEB51353,SAMEA14102230,,adult,,,SE,,,,,,2018,primary,1.0,7.446
SAMEA14102232,PRJEB51353,SAMEA14102232,,adult,,,SE,,,,,,2017,primary,1.0,6.534
SAMEA14102233,PRJEB51353,SAMEA14102233,,adult,,,SE,,,,,,2017,primary,1.0,6.749
SAMEA14102234,PRJEB51353,SAMEA14102234,,adult,,,SE,,,,,,2017,primary,1.0,6.176
SAMEA14102235,PRJEB51353,SAMEA14102235,,adult,,,SE,,,,,,2016,primary,1.0,6.721
SAMEA14102236,PRJEB51353,SAMEA14102236,,adult,,,SE,,,,,,2016,primary,1.0,6.533
SAMEA14102237,PRJEB51353,SAMEA14102237,,adult,,,SE,,,,,,2017,primary,1.0,6.909
SAMEA14102239,PRJEB51353,SAMEA14102239,,adult,,,SE,,,,,,2017,primary,1.0,6.606
SAMEA14102240,PRJEB51353,SAMEA14102240,,adult,,,SE,,,,,,2017,primary,1.0,7.548
SAMEA14102241,PRJEB51353,SAMEA14102241,,adult,,,SE,,,,,,2018,primary,1.0,9.539
SAMEA14102242,PRJEB51353,SAMEA14102242,,adult,,,SE,,,,,,2017,primary,1.0,8.033
SAMEA14102243,PRJEB51353,SAMEA14102243,,adult,,,SE,,,,,,2017,primary,1.0,7.7
SAMEA14102244,PRJEB51353,SAMEA14102244,,adult,,,SE,,,,,,2017,primary,1.0,7.136
SAMEA14102245,PRJEB51353,SAMEA14102245,,adult,,,SE,,,,,,2017,primary,1.0,7.557
SAMEA14102246,PRJEB51353,SAMEA14102246,,adult,,,SE,,,,,,2016,primary,1.0,9.999
SAMEA14102248,PRJEB51353,SAMEA14102248,,adult,,,SE,,,,,,2016,primary,1.0,6.672
SAMEA14102249,PRJEB51353,SAMEA14102249,,adult,,,SE,,,,,,2018,primary,1.0,8.491
SAMEA14102250,PRJEB51353,SAMEA14102250,,adult,,,SE,,,,,,2017,primary,1.0,8.71
SAMEA14102251,PRJEB51353,SAMEA14102251,,adult,,,SE,,,,,,2017,primary,1.0,7.609
SAMEA14102252,PRJEB51353,SAMEA14102252,,adult,,,SE,,,,,,2016,primary,1.0,6.911
SAMEA14102253,PRJEB51353,SAMEA14102253,,adult,,,SE,,,,,,2016,primary,1.0,8.051
SAMEA14102254,PRJEB51353,SAMEA14102254,,adult,,,SE,,,,,,2018,primary,1.0,6.604
SAMEA14102255,PRJEB51353,SAMEA14102255,,adult,,,SE,,,,,,2018,primary,1.0,6.823
SAMEA14102257,PRJEB51353,SAMEA14102257,,adult,,,SE,,,,,,2017,primary,1.0,6.689
SAMEA14102258,PRJEB51353,SAMEA14102258,,adult,,,SE,,,,,,2016,primary,1.0,6.883
SAMEA14102259,PRJEB51353,SAMEA14102259,,adult,,,SE,,,,,,2017,primary,1.0,8.098
SAMEA14102260,PRJEB51353,SAMEA14102260,,adult,,,SE,,,,,,2017,primary,1.0,7.672
SAMEA14102261,PRJEB51353,SAMEA14102261,,adult,,,SE,,,,,,2018,primary,1.0,9.1
SAMEA14102262,PRJEB51353,SAMEA14102262,,adult,,,SE,,,,,,2016,primary,1.0,7.537
SAMEA14102263,PRJEB51353,SAMEA14102263,,adult,,,SE,,,,,,2016,primary,1.0,9.342
SAMEA14102264,PRJEB51353,SAMEA14102264,,adult,,,SE,,,,,,2016,primary,1.0,10.712
SAMEA14102265,PRJEB51353,SAMEA14102265,,adult,,,SE,,,,,,2018,primary,1.0,6.58
SAMEA14102267,PRJEB51353,SAMEA14102267,,adult,,,SE,,,,,,2017,primary,1.0,7.399
SAMEA14102268,PRJEB51353,SAMEA14102268,,adult,,,SE,,,,,,2016,primary,1.0,8.918
SAMEA14102269,PRJEB51353,SAMEA14102269,,adult,,,SE,,,,,,2017,primary,1.0,9.86
SAMEA14102270,PRJEB51353,SAMEA14102270,,adult,,,SE,,,,,,2016,primary,1.0,7.882
SAMEA14102271,PRJEB51353,SAMEA14102271,,adult,,,SE,,,,,,2017,primary,1.0,6.571
SAMEA14102272,PRJEB51353,SAMEA14102272,,adult,,,SE,,,,,,2018,primary,1.0,7.723
SAMEA14102273,PRJEB51353,SAMEA14102273,,adult,,,SE,,,,,,2016,primary,2.0,12.817
SAMEA14102274,PRJEB51353,SAMEA14102274,,adult,,,SE,,,,,,2017,primary,1.0,8.627
SAMEA14102275,PRJEB51353,SAMEA14102275,,adult,,,SE,,,,,,2017,primary,1.0,6.118
SAMEA14102276,PRJEB51353,SAMEA14102276,,adult,,,SE,,,,,,2016,primary,2.0,13.641
SAMEA14102277,PRJEB51353,SAMEA14102277,,adult,,,SE,,,,,,2015,primary,1.0,6.68
SAMEA14102278,PRJEB51353,SAMEA14102278,,adult,,,SE,,,,,,2018,primary,1.0,7.306
SAMEA14102279,PRJEB51353,SAMEA14102279,,adult,,,SE,,,,,,2016,primary,1.0,7.622
SAMEA14102280,PRJEB51353,SAMEA14102280,,adult,,,SE,,,,,,2018,primary,1.0,7.055
SAMEA14102281,PRJEB51353,SAMEA14102281,,adult,,,SE,,,,,,2016,primary,1.0,7.92
SAMEA14102282,PRJEB51353,SAMEA14102282,,adult,,,SE,,,,,,2016,primary,1.0,6.899
SAMEA14102283,PRJEB51353,SAMEA14102283,,adult,,,SE,,,,,,2018,primary,1.0,8.374
SAMEA14102284,PRJEB51353,SAMEA14102284,,adult,,,SE,,,,,,2018,primary,1.0,7.128
SAMEA14102285,PRJEB51353,SAMEA14102285,,adult,,,SE,,,,,,2017,primary,1.0,7.503
SAMEA14102286,PRJEB51353,SAMEA14102286,,adult,,,SE,,,,,,2018,primary,1.0,7.306
SAMEA14102287,PRJEB51353,SAMEA14102287,,adult,,,SE,,,,,,2017,primary,1.0,6.552
SAMEA14102288,PRJEB51353,SAMEA14102288,,adult,,,SE,,,,,,2015,primary,2.0,14.294
SAMEA14102289,PRJEB51353,SAMEA14102289,,adult,,,SE,,,,,,2016,primary,1.0,7.068
SAMEA14102290,PRJEB51353,SAMEA14102290,,adult,,,SE,,,,,,2016,primary,1.0,13.863
SAMEA14102291,PRJEB51353,SAMEA14102291,,adult,,,SE,,,,,,2016,primary,1.0,6.81
SAMEA14102292,PRJEB51353,SAMEA14102292,,adult,,,SE,,,,,,2016,primary,1.0,6.708
SAMEA14102293,PRJEB51353,SAMEA14102293,,adult,,,SE,,,,,,2017,primary,1.0,6.516
SAMEA14102294,PRJEB51353,SAMEA14102294,,adult,,,SE,,,,,,2017,primary,1.0,9.069
SAMEA14102295,PRJEB51353,SAMEA14102295,,adult,,,SE,,,,,,2017,primary,1.0,7.347
SAMEA14102296,PRJEB51353,SAMEA14102296,,adult,,,SE,,,,,,2017,primary,1.0,7.682
SAMEA14102297,PRJEB51353,SAMEA14102297,,adult,,,SE,,,,,,2016,primary,2.0,15.679
SAMEA14102298,PRJEB51353,SAMEA14102298,,adult,,,SE,,,,,,2018,primary,1.0,7.115
SAMEA14102299,PRJEB51353,SAMEA14102299,,adult,,,SE,,,,,,2018,primary,1.0,7.826
SAMEA14102300,PRJEB51353,SAMEA14102300,,adult,,,SE,,,,,,2016,primary,1.0,7.674
SAMEA14102301,PRJEB51353,SAMEA14102301,,adult,,,SE,,,,,,2016,primary,1.0,6.042
SAMEA14102302,PRJEB51353,SAMEA14102302,,adult,,,SE,,,,,,2017,primary,1.0,8.721
SAMEA14102303,PRJEB51353,SAMEA14102303,,adult,,,SE,,,,,,2017,primary,1.0,8.725
SAMEA14102304,PRJEB51353,SAMEA14102304,,adult,,,SE,,,,,,2018,primary,1.0,6.615
SAMEA14102305,PRJEB51353,SAMEA14102305,,adult,,,SE,,,,,,2018,primary,1.0,7.673
SAMEA14102306,PRJEB51353,SAMEA14102306,,adult,,,SE,,,,,,2018,primary,1.0,7.11
SAMEA14102307,PRJEB51353,SAMEA14102307,,adult,,,SE,,,,,,2017,primary,1.0,7.047
SAMEA14102308,PRJEB51353,SAMEA14102308,,adult,,,SE,,,,,,2016,primary,1.0,6.932
SAMEA14102309,PRJEB51353,SAMEA14102309,,adult,,,SE,,,,,,2018,primary,1.0,8.053
SAMEA14102310,PRJEB51353,SAMEA14102310,,adult,,,SE,,,,,,2016,primary,1.0,6.503
SAMEA14102311,PRJEB51353,SAMEA14102311,,adult,,,SE,,,,,,2017,primary,1.0,6.857
SAMEA14102312,PRJEB51353,SAMEA14102312,,adult,,,SE,,,,,,2018,primary,1.0,7.37
SAMEA14102313,PRJEB51353,SAMEA14102313,,adult,,,SE,,,,,,2016,primary,1.0,7.413
SAMEA14102314,PRJEB51353,SAMEA14102314,,adult,,,SE,,,,,,2018,primary,1.0,6.769
SAMEA14102315,PRJEB51353,SAMEA14102315,,adult,,,SE,,,,,,2018,primary,1.0,6.486
SAMEA14102316,PRJEB51353,SAMEA14102316,,adult,,,SE,,,,,,2018,primary,1.0,7.9
SAMEA14102317,PRJEB51353,SAMEA14102317,,adult,,,SE,,,,,,2017,primary,1.0,6.32
SAMEA14102318,PRJEB51353,SAMEA14102318,,adult,,,SE,,,,,,2016,primary,1.0,10.55
SAMEA14102319,PRJEB51353,SAMEA14102319,,adult,,,SE,,,,,,2018,primary,1.0,6.657
SAMEA14102320,PRJEB51353,SAMEA14102320,,adult,,,SE,,,,,,2017,primary,1.0,6.036
SAMEA14102321,PRJEB51353,SAMEA14102321,,adult,,,SE,,,,,,2018,primary,1.0,8.269
SAMEA14102322,PRJEB51353,SAMEA14102322,,adult,,,SE,,,,,,2018,primary,1.0,7.579
SAMEA14102323,PRJEB51353,SAMEA14102323,,adult,,,SE,,,,,,2015,primary,1.0,6.759
SAMEA14102324,PRJEB51353,SAMEA14102324,,adult,,,SE,,,,,,2018,primary,1.0,7.148
SAMEA14102325,PRJEB51353,SAMEA14102325,,adult,,,SE,,,,,,2015,primary,2.0,15.248
SAMEA14102326,PRJEB51353,SAMEA14102326,,adult,,,SE,,,,,,2016,primary,1.0,7.077
SAMEA14102327,PRJEB51353,SAMEA14102327,,adult,,,SE,,,,,,2017,primary,1.0,8.461
SAMEA14102328,PRJEB51353,SAMEA14102328,,adult,,,SE,,,,,,2018,primary,1.0,8.465
SAMEA14102329,PRJEB51353,SAMEA14102329,,adult,,,SE,,,,,,2016,primary,1.0,7.386
SAMEA14102330,PRJEB51353,SAMEA14102330,,adult,,,SE,,,,,,2018,primary,1.0,9.084
SAMEA14102331,PRJEB51353,SAMEA14102331,,adult,,,SE,,,,,,2018,primary,1.0,7.581
SAMEA14102332,PRJEB51353,SAMEA14102332,,adult,,,SE,,,,,,2017,primary,1.0,8.635
SAMEA14102333,PRJEB51353,SAMEA14102333,,adult,,,SE,,,,,,2018,primary,1.0,8.617
SAMEA14102334,PRJEB51353,SAMEA14102334,,adult,,,SE,,,,,,2016,primary,1.0,7.41
SAMEA14102335,PRJEB51353,SAMEA14102335,,adult,,,SE,,,,,,2018,primary,1.0,7.274
SAMEA14102336,PRJEB51353,SAMEA14102336,,adult,,,SE,,,,,,2018,primary,1.0,6.959
SAMEA14102337,PRJEB51353,SAMEA14102337,,adult,,,SE,,,,,,2017,primary,1.0,7.954
SAMEA14102338,PRJEB51353,SAMEA14102338,,adult,,,SE,,,,,,2016,primary,1.0,7.282
SAMEA14102339,PRJEB51353,SAMEA14102339,,adult,,,SE,,,,,,2018,primary,1.0,7.656
SAMEA14102340,PRJEB51353,SAMEA14102340,,adult,,,SE,,,,,,2018,primary,1.0,6.903
SAMEA14102341,PRJEB51353,SAMEA14102341,,adult,,,SE,,,,,,2015,primary,1.0,7.074
SAMEA14102342,PRJEB51353,SAMEA14102342,,adult,,,SE,,,,,,2016,primary,1.0,10.776
SAMEA14102343,PRJEB51353,SAMEA14102343,,adult,,,SE,,,,,,2017,primary,1.0,7.662
SAMEA14102344,PRJEB51353,SAMEA14102344,,adult,,,SE,,,,,,2017,primary,1.0,7.537
SAMEA14102345,PRJEB51353,SAMEA14102345,,adult,,,SE,,,,,,2017,primary,1.0,7.195
SAMEA14102346,PRJEB51353,SAMEA14102346,,adult,,,SE,,,,,,2016,primary,1.0,8.276
SAMEA14102347,PRJEB51353,SAMEA14102347,,adult,,,SE,,,,,,2016,primary,1.0,6.708
SAMEA14102348,PRJEB51353,SAMEA14102348,,adult,,,SE,,,,,,2017,primary,1.0,6.711
SAMEA14102349,PRJEB51353,SAMEA14102349,,adult,,,SE,,,,,,2018,primary,1.0,8.123
SAMEA14102350,PRJEB51353,SAMEA14102350,,adult,,,SE,,,,,,2018,primary,1.0,7.798
SAMEA14102351,PRJEB51353,SAMEA14102351,,adult,,,SE,,,,,,2016,primary,1.0,8.589
SAMEA14102352,PRJEB51353,SAMEA14102352,,adult,,,SE,,,,,,2018,primary,1.0,7.169
SAMEA14102353,PRJEB51353,SAMEA14102353,,adult,,,SE,,,,,,2017,primary,1.0,7.188
SAMEA14102354,PRJEB51353,SAMEA14102354,,adult,,,SE,,,,,,2017,primary,1.0,6.501
SAMEA14102355,PRJEB51353,SAMEA14102355,,adult,,,SE,,,,,,2018,primary,1.0,8.254
SAMEA14102356,PRJEB51353,SAMEA14102356,,adult,,,SE,,,,,,2016,primary,1.0,8.249
SAMEA14102357,PRJEB51353,SAMEA14102357,,adult,,,SE,,,,,,2017,primary,1.0,6.174
SAMEA14102358,PRJEB51353,SAMEA14102358,,adult,,,SE,,,,,,2016,primary,1.0,6.882
SAMEA14102359,PRJEB51353,SAMEA14102359,,adult,,,SE,,,,,,2016,primary,1.0,7.358
SAMEA14102360,PRJEB51353,SAMEA14102360,,adult,,,SE,,,,,,2017,primary,1.0,6.732
SAMEA14102361,PRJEB51353,SAMEA14102361,,adult,,,SE,,,,,,2015,primary,1.0,7.179
SAMEA14102362,PRJEB51353,SAMEA14102362,,adult,,,SE,,,,,,2018,primary,1.0,8.111
SAMEA14102363,PRJEB51353,SAMEA14102363,,adult,,,SE,,,,,,2018,primary,1.0,6.817
SAMEA14102364,PRJEB51353,SAMEA14102364,,adult,,,SE,,,,,,2017,primary,1.0,8.24
SAMEA14102365,PRJEB51353,SAMEA14102365,,adult,,,SE,,,,,,2015,primary,2.0,14.668
SAMEA14102366,PRJEB51353,SAMEA14102366,,adult,,,SE,,,,,,2017,primary,1.0,7.29
SAMEA14102367,PRJEB51353,SAMEA14102367,,adult,,,SE,,,,,,2015,primary,2.0,16.65
SAMEA14102368,PRJEB51353,SAMEA14102368,,adult,,,SE,,,,,,2016,primary,1.0,6.715
SAMEA14102369,PRJEB51353,SAMEA14102369,,adult,,,SE,,,,,,2016,primary,1.0,8.566
SAMEA14102370,PRJEB51353,SAMEA14102370,,adult,,,SE,,,,,,2017,primary,1.0,7.7
SAMEA14102371,PRJEB51353,SAMEA14102371,,adult,,,SE,,,,,,2017,primary,1.0,6.722
SAMEA14102372,PRJEB51353,SAMEA14102372,,adult,,,SE,,,,,,2018,primary,1.0,6.296
SAMEA14102373,PRJEB51353,SAMEA14102373,,adult,,,SE,,,,,,2016,primary,1.0,6.701
SAMEA14102374,PRJEB51353,SAMEA14102374,,adult,,,SE,,,,,,2017,primary,1.0,7.35
SAMEA14102375,PRJEB51353,SAMEA14102375,,adult,,,SE,,,,,,2016,primary,1.0,8.369
SAMEA14102376,PRJEB51353,SAMEA14102376,,adult,,,SE,,,,,,2018,primary,1.0,7.041
SAMEA14102377,PRJEB51353,SAMEA14102377,,adult,,,SE,,,,,,2018,primary,1.0,7.655
SAMEA14102378,PRJEB51353,SAMEA14102378,,adult,,,SE,,,,,,2018,primary,1.0,7.48
SAMEA14102379,PRJEB51353,SAMEA14102379,,adult,,,SE,,,,,,2017,primary,1.0,11.819
SAMEA14102380,PRJEB51353,SAMEA14102380,,adult,,,SE,,,,,,2016,primary,1.0,6.077
SAMEA14102381,PRJEB51353,SAMEA14102381,,adult,,,SE,,,,,,2018,primary,1.0,7.233
SAMEA14102382,PRJEB51353,SAMEA14102382,,adult,,,SE,,,,,,2017,primary,1.0,7.244
SAMEA14102383,PRJEB51353,SAMEA14102383,,adult,,,SE,,,,,,2017,primary,1.0,5.974
SAMEA14102384,PRJEB51353,SAMEA14102384,,adult,,,SE,,,,,,2018,primary,1.0,7.863
SAMEA14102385,PRJEB51353,SAMEA14102385,,adult,,,SE,,,,,,2016,primary,1.0,7.019
SAMEA14102386,PRJEB51353,SAMEA14102386,,adult,,,SE,,,,,,2017,primary,1.0,6.737
SAMEA14102387,PRJEB51353,SAMEA14102387,,adult,,,SE,,,,,,2018,primary,1.0,6.949
SAMEA14102388,PRJEB51353,SAMEA14102388,,adult,,,SE,,,,,,2018,primary,1.0,8.197
SAMEA14102389,PRJEB51353,SAMEA14102389,,adult,,,SE,,,,,,2017,primary,1.0,8.135
SAMEA14102390,PRJEB51353,SAMEA14102390,,adult,,,SE,,,,,,2018,primary,1.0,8.055
SAMEA14102391,PRJEB51353,SAMEA14102391,,adult,,,SE,,,,,,2018,primary,1.0,6.198
SAMEA14102392,PRJEB51353,SAMEA14102392,,adult,,,SE,,,,,,2016,primary,1.0,7.64
SAMEA14102393,PRJEB51353,SAMEA14102393,,adult,,,SE,,,,,,2016,primary,1.0,6.425
SAMEA14102394,PRJEB51353,SAMEA14102394,,adult,,,SE,,,,,,2016,primary,1.0,6.887
SAMEA14102395,PRJEB51353,SAMEA14102395,,adult,,,SE,,,,,,2017,primary,1.0,7.962
SAMEA14102396,PRJEB51353,SAMEA14102396,,adult,,,SE,,,,,,2017,primary,1.0,7.941
SAMEA14102397,PRJEB51353,SAMEA14102397,,adult,,,SE,,,,,,2016,primary,1.0,6.318
SAMEA14102398,PRJEB51353,SAMEA14102398,,adult,,,SE,,,,,,2016,primary,1.0,6.874
SAMEA14102399,PRJEB51353,SAMEA14102399,,adult,,,SE,,,,,,2016,primary,1.0,6.469
SAMEA14102400,PRJEB51353,SAMEA14102400,,adult,,,SE,,,,,,2017,primary,1.0,8.683
SAMEA14102401,PRJEB51353,SAMEA14102401,,adult,,,SE,,,,,,2017,primary,1.0,8.147
SAMEA14102402,PRJEB51353,SAMEA14102402,,adult,,,SE,,,,,,2015,primary,1.0,6.116
SAMEA14102403,PRJEB51353,SAMEA14102403,,adult,,,SE,,,,,,2016,primary,2.0,14.357
SAMEA14102404,PRJEB51353,SAMEA14102404,,adult,,,SE,,,,,,2018,primary,1.0,8.618
SAMEA14102405,PRJEB51353,SAMEA14102405,,adult,,,SE,,,,,,2017,primary,1.0,6.502
SAMEA14102406,PRJEB51353,SAMEA14102406,,adult,,,SE,,,,,,2017,primary,1.0,8.125
SAMEA14102407,PRJEB51353,SAMEA14102407,,adult,,,SE,,,,,,2018,primary,1.0,6.759
SAMEA14102408,PRJEB51353,SAMEA14102408,,adult,,,SE,,,,,,2017,primary,1.0,8.583
SAMEA14102409,PRJEB51353,SAMEA14102409,,adult,,,SE,,,,,,2018,primary,1.0,6.788
SAMEA14102410,PRJEB51353,SAMEA14102410,,adult,,,SE,,,,,,2017,primary,1.0,7.049
SAMEA14102411,PRJEB51353,SAMEA14102411,,adult,,,SE,,,,,,2015,primary,1.0,8.147
SAMEA14102412,PRJEB51353,SAMEA14102412,,adult,,,SE,,,,,,2017,primary,1.0,7.102
SAMEA14102413,PRJEB51353,SAMEA14102413,,adult,,,SE,,,,,,2018,primary,1.0,6.852
SAMEA14102414,PRJEB51353,SAMEA14102414,,adult,,,SE,,,,,,2017,primary,1.0,7.351
SAMEA14102415,PRJEB51353,SAMEA14102415,,adult,,,SE,,,,,,2016,primary,1.0,7.833
SAMEA14102416,PRJEB51353,SAMEA14102416,,adult,,,SE,,,,,,2015,primary,1.0,7.881
SAMEA14102417,PRJEB51353,SAMEA14102417,,adult,,,SE,,,,,,2017,primary,1.0,7.063
SAMEA14102418,PRJEB51353,SAMEA14102418,,adult,,,SE,,,,,,2017,primary,1.0,7.223
SAMEA14102419,PRJEB51353,SAMEA14102419,,adult,,,SE,,,,,,2017,primary,1.0,7.747
SAMEA14102420,PRJEB51353,SAMEA14102420,,adult,,,SE,,,,,,2017,primary,1.0,7.749
SAMEA14102421,PRJEB51353,SAMEA14102421,,adult,,,SE,,,,,,2015,primary,2.0,12.706
SAMEA14102422,PRJEB51353,SAMEA14102422,,adult,,,SE,,,,,,2018,primary,1.0,6.055
SAMEA14102423,PRJEB51353,SAMEA14102423,,adult,,,SE,,,,,,2017,primary,1.0,7.014
SAMEA14102424,PRJEB51353,SAMEA14102424,,adult,,,SE,,,,,,2017,primary,1.0,7.519
SAMEA14102425,PRJEB51353,SAMEA14102425,,adult,,,SE,,,,,,2017,primary,1.0,9.564
SAMEA14102426,PRJEB51353,SAMEA14102426,,adult,,,SE,,,,,,2016,primary,1.0,9.68
SAMEA14102427,PRJEB51353,SAMEA14102427,,adult,,,SE,,,,,,2017,primary,1.0,8.141
SAMEA14102428,PRJEB51353,SAMEA14102428,,adult,,,SE,,,,,,2017,primary,1.0,5.923
SAMEA14102429,PRJEB51353,SAMEA14102429,,adult,,,SE,,,,,,2017,primary,1.0,6.9
SAMEA14102430,PRJEB51353,SAMEA14102430,,adult,,,SE,,,,,,2016,primary,1.0,6.774
SAMEA14102431,PRJEB51353,SAMEA14102431,,adult,,,SE,,,,,,2017,primary,1.0,8.726
SAMEA14102432,PRJEB51353,SAMEA14102432,,adult,,,SE,,,,,,2018,primary,1.0,8.007
SAMEA14102433,PRJEB51353,SAMEA14102433,,adult,,,SE,,,,,,2017,primary,1.0,7.061
SAMEA14102434,PRJEB51353,SAMEA14102434,,adult,,,SE,,,,,,2018,primary,1.0,7.173
SAMEA14102435,PRJEB51353,SAMEA14102435,,adult,,,SE,,,,,,2017,primary,1.0,6.901
SAMEA14102436,PRJEB51353,SAMEA14102436,,adult,,,SE,,,,,,2016,primary,1.0,7.992
SAMEA14102437,PRJEB51353,SAMEA14102437,,adult,,,SE,,,,,,2015,primary,1.0,7.795
SAMEA14102438,PRJEB51353,SAMEA14102438,,adult,,,SE,,,,,,2017,primary,1.0,6.511
SAMEA14102439,PRJEB51353,SAMEA14102439,,adult,,,SE,,,,,,2017,primary,1.0,6.134
SAMEA14102440,PRJEB51353,SAMEA14102440,,adult,,,SE,,,,,,2017,primary,1.0,8.231
SAMEA14102441,PRJEB51353,SAMEA14102441,,adult,,,SE,,,,,,2018,primary,1.0,6.281
SAMEA14102442,PRJEB51353,SAMEA14102442,,adult,,,SE,,,,,,2016,primary,1.0,8.972
SAMEA14102443,PRJEB51353,SAMEA14102443,,adult,,,SE,,,,,,2018,primary,1.0,7.04
SAMEA14102444,PRJEB51353,SAMEA14102444,,adult,,,SE,,,,,,2016,primary,1.0,8.454
SAMEA14102445,PRJEB51353,SAMEA14102445,,adult,,,SE,,,,,,2018,primary,1.0,7.952
SAMEA14102446,PRJEB51353,SAMEA14102446,,adult,,,SE,,,,,,2017,primary,1.0,10.626
SAMEA14102447,PRJEB51353,SAMEA14102447,,adult,,,SE,,,,,,2018,primary,1.0,7.054
SAMEA14102448,PRJEB51353,SAMEA14102448,,adult,,,SE,,,,,,2017,primary,1.0,9.758
SAMEA14102449,PRJEB51353,SAMEA14102449,,adult,,,SE,,,,,,2017,primary,1.0,7.453
SAMEA14102450,PRJEB51353,SAMEA14102450,,adult,,,SE,,,,,,2016,primary,1.0,7.41
SAMEA14102451,PRJEB51353,SAMEA14102451,,adult,,,SE,,,,,,2016,primary,1.0,6.204
SAMEA14102452,PRJEB51353,SAMEA14102452,,adult,,,SE,,,,,,2017,primary,1.0,6.799
SAMEA14102453,PRJEB51353,SAMEA14102453,,adult,,,SE,,,,,,2017,primary,1.0,6.848
SAMEA14102454,PRJEB51353,SAMEA14102454,,adult,,,SE,,,,,,2016,primary,1.0,8.25
SAMEA14102455,PRJEB51353,SAMEA14102455,,adult,,,SE,,,,,,2017,primary,1.0,6.262
SAMEA14102456,PRJEB51353,SAMEA14102456,,adult,,,SE,,,,,,2016,primary,1.0,6.716
SAMEA14102457,PRJEB51353,SAMEA14102457,,adult,,,SE,,,,,,2017,primary,1.0,8.673
SAMEA14102458,PRJEB51353,SAMEA14102458,,adult,,,SE,,,,,,2017,primary,1.0,7.153
SAMEA14102459,PRJEB51353,SAMEA14102459,,adult,,,SE,,,,,,2016,primary,1.0,7.741
SAMEA14102460,PRJEB51353,SAMEA14102460,,adult,,,SE,,,,,,2018,primary,1.0,6.132
SAMEA14102461,PRJEB51353,SAMEA14102461,,adult,,,SE,,,,,,2017,primary,1.0,8.719
SAMEA14102462,PRJEB51353,SAMEA14102462,,adult,,,SE,,,,,,2017,primary,1.0,6.506
SAMEA14102463,PRJEB51353,SAMEA14102463,,adult,,,SE,,,,,,2017,primary,1.0,9.016
SAMEA14102464,PRJEB51353,SAMEA14102464,,adult,,,SE,,,,,,2018,primary,1.0,6.734
SAMEA14102465,PRJEB51353,SAMEA14102465,,adult,,,SE,,,,,,2017,primary,1.0,7.626
SAMEA14102466,PRJEB51353,SAMEA14102466,,adult,,,SE,,,,,,2017,primary,1.0,8.565
SAMEA14102467,PRJEB51353,SAMEA14102467,,adult,,,SE,,,,,,2018,primary,1.0,7.6
SAMEA14102468,PRJEB51353,SAMEA14102468,,adult,,,SE,,,,,,2017,primary,1.0,6.899
SAMEA14102469,PRJEB51353,SAMEA14102469,,adult,,,SE,,,,,,2017,primary,1.0,7.673
SAMEA14102470,PRJEB51353,SAMEA14102470,,adult,,,SE,,,,,,2018,primary,1.0,7.058
SAMEA14102471,PRJEB51353,SAMEA14102471,,adult,,,SE,,,,,,2016,primary,1.0,6.95
SAMEA14102472,PRJEB51353,SAMEA14102472,,adult,,,SE,,,,,,2018,primary,1.0,6.365
SAMEA14102473,PRJEB51353,SAMEA14102473,,adult,,,SE,,,,,,2017,primary,1.0,6.282
SAMEA14102474,PRJEB51353,SAMEA14102474,,adult,,,SE,,,,,,2016,primary,1.0,8.108
SAMEA14102475,PRJEB51353,SAMEA14102475,,adult,,,SE,,,,,,2018,primary,1.0,6.129
SAMEA14102476,PRJEB51353,SAMEA14102476,,adult,,,SE,,,,,,2017,primary,1.0,7.265
SAMEA14102477,PRJEB51353,SAMEA14102477,,adult,,,SE,,,,,,2016,primary,1.0,7.042
SAMEA14102478,PRJEB51353,SAMEA14102478,,adult,,,SE,,,,,,2017,primary,1.0,10.14
SAMEA14102479,PRJEB51353,SAMEA14102479,,adult,,,SE,,,,,,2017,primary,1.0,8.396
SAMEA14102480,PRJEB51353,SAMEA14102480,,adult,,,SE,,,,,,2018,primary,1.0,8.337
SAMEA14102481,PRJEB51353,SAMEA14102481,,adult,,,SE,,,,,,2017,primary,1.0,6.841
SAMEA14102482,PRJEB51353,SAMEA14102482,,adult,,,SE,,,,,,2018,primary,1.0,6.127
SAMEA14102483,PRJEB51353,SAMEA14102483,,adult,,,SE,,,,,,2016,primary,1.0,7.109
SAMEA14102484,PRJEB51353,SAMEA14102484,,adult,,,SE,,,,,,2018,primary,1.0,12.23
SAMEA14102485,PRJEB51353,SAMEA14102485,,adult,,,SE,,,,,,2017,primary,1.0,6.258
SAMEA14102486,PRJEB51353,SAMEA14102486,,adult,,,SE,,,,,,2017,primary,1.0,9.455
SAMEA14102487,PRJEB51353,SAMEA14102487,,adult,,,SE,,,,,,2015,primary,2.0,14.072
SAMEA14102488,PRJEB51353,SAMEA14102488,,adult,,,SE,,,,,,2018,primary,1.0,10.679
SAMEA14102489,PRJEB51353,SAMEA14102489,,adult,,,SE,,,,,,2017,primary,1.0,7.454
SAMEA14102490,PRJEB51353,SAMEA14102490,,adult,,,SE,,,,,,2018,primary,1.0,10.062
SAMEA14102491,PRJEB51353,SAMEA14102491,,adult,,,SE,,,,,,2017,primary,1.0,7.762
SAMEA14102492,PRJEB51353,SAMEA14102492,,adult,,,SE,,,,,,2017,primary,1.0,8.305
SAMEA14102493,PRJEB51353,SAMEA14102493,,adult,,,SE,,,,,,2018,primary,1.0,7.782
SAMEA14102494,PRJEB51353,SAMEA14102494,,adult,,,SE,,,,,,2018,primary,1.0,8.262
SAMEA14102495,PRJEB51353,SAMEA14102495,,adult,,,SE,,,,,,2018,primary,1.0,6.996
SAMEA14102496,PRJEB51353,SAMEA14102496,,adult,,,SE,,,,,,2016,primary,1.0,7.837
SAMEA14102497,PRJEB51353,SAMEA14102497,,adult,,,SE,,,,,,2016,primary,1.0,6.933
SAMEA14102498,PRJEB51353,SAMEA14102498,,adult,,,SE,,,,,,2017,primary,1.0,7.569
SAMEA14102499,PRJEB51353,SAMEA14102499,,adult,,,SE,,,,,,2017,primary,1.0,6.876
SAMEA14102500,PRJEB51353,SAMEA14102500,,adult,,,SE,,,,,,2016,primary,1.0,7.354
SAMEA14102501,PRJEB51353,SAMEA14102501,,adult,,,SE,,,,,,2016,primary,1.0,6.662
SAMEA14102502,PRJEB51353,SAMEA14102502,,adult,,,SE,,,,,,2016,primary,1.0,7.63
SAMEA14102503,PRJEB51353,SAMEA14102503,,adult,,,SE,,,,,,2016,primary,1.0,7.488
SAMEA14102504,PRJEB51353,SAMEA14102504,,adult,,,SE,,,,,,2016,primary,1.0,8.276
SAMEA14102505,PRJEB51353,SAMEA14102505,,adult,,,SE,,,,,,2018,primary,1.0,9.217
SAMEA14102506,PRJEB51353,SAMEA14102506,,adult,,,SE,,,,,,2016,primary,1.0,6.029
SAMEA14102507,PRJEB51353,SAMEA14102507,,adult,,,SE,,,,,,2017,primary,1.0,7.843
SAMEA14102508,PRJEB51353,SAMEA14102508,,adult,,,SE,,,,,,2017,primary,1.0,6.827
SAMEA14102509,PRJEB51353,SAMEA14102509,,adult,,,SE,,,,,,2018,primary,1.0,8.08
SAMEA14102510,PRJEB51353,SAMEA14102510,,adult,,,SE,,,,,,2017,primary,1.0,6.793
SAMEA14102511,PRJEB51353,SAMEA14102511,,adult,,,SE,,,,,,2017,primary,1.0,7.13
SAMEA14102512,PRJEB51353,SAMEA14102512,,adult,,,SE,,,,,,2018,primary,1.0,7.408
SAMEA14102513,PRJEB51353,SAMEA14102513,,adult,,,SE,,,,,,2018,primary,1.0,8.591
SAMEA14102514,PRJEB51353,SAMEA14102514,,adult,,,SE,,,,,,2016,primary,1.0,7.052
SAMEA14102515,PRJEB51353,SAMEA14102515,,adult,,,SE,,,,,,2018,primary,1.0,8.418
SAMEA14102516,PRJEB51353,SAMEA14102516,,adult,,,SE,,,,,,2017,primary,1.0,8.111
SAMEA14102517,PRJEB51353,SAMEA14102517,,adult,,,SE,,,,,,2017,primary,1.0,7.81
SAMEA14102518,PRJEB51353,SAMEA14102518,,adult,,,SE,,,,,,2017,primary,1.0,6.396
SAMEA14102519,PRJEB51353,SAMEA14102519,,adult,,,SE,,,,,,2017,primary,1.0,8.686
SAMEA14102520,PRJEB51353,SAMEA14102520,,adult,,,SE,,,,,,2017,primary,1.0,6.008
SAMEA14102521,PRJEB51353,SAMEA14102521,,adult,,,SE,,,,,,2016,primary,1.0,6.889
SAMEA14102522,PRJEB51353,SAMEA14102522,,adult,,,SE,,,,,,2018,primary,1.0,7.542
SAMEA14102523,PRJEB51353,SAMEA14102523,,adult,,,SE,,,,,,2016,primary,1.0,6.382
SAMEA14102524,PRJEB51353,SAMEA14102524,,adult,,,SE,,,,,,2017,primary,1.0,6.82
SAMEA14102525,PRJEB51353,SAMEA14102525,,adult,,,SE,,,,,,2015,primary,1.0,11.286
SAMEA14102526,PRJEB51353,SAMEA14102526,,adult,,,SE,,,,,,2017,primary,1.0,7.672
SAMEA14102527,PRJEB51353,SAMEA14102527,,adult,,,SE,,,,,,2017,primary,1.0,7.355
SAMEA14102528,PRJEB51353,SAMEA14102528,,adult,,,SE,,,,,,2017,primary,1.0,8.238
SAMEA14102529,PRJEB51353,SAMEA14102529,,adult,,,SE,,,,,,2018,primary,1.0,7.365
SAMEA14102530,PRJEB51353,SAMEA14102530,,adult,,,SE,,,,,,2015,primary,1.0,14.018
SAMEA14102531,PRJEB51353,SAMEA14102531,,adult,,,SE,,,,,,2016,primary,1.0,6.797
SAMEA14102532,PRJEB51353,SAMEA14102532,,adult,,,SE,,,,,,2018,primary,1.0,6.879
SAMEA14102533,PRJEB51353,SAMEA14102533,,adult,,,SE,,,,,,2016,primary,1.0,7.445
SAMEA14102534,PRJEB51353,SAMEA14102534,,adult,,,SE,,,,,,2017,primary,1.0,7.569
SAMEA14102535,PRJEB51353,SAMEA14102535,,adult,,,SE,,,,,,2017,primary,1.0,9.204
SAMEA14102536,PRJEB51353,SAMEA14102536,,adult,,,SE,,,,,,2018,primary,1.0,6.978
SAMEA14102537,PRJEB51353,SAMEA14102537,,adult,,,SE,,,,,,2018,primary,1.0,6.911
SAMEA14102538,PRJEB51353,SAMEA14102538,,adult,,,SE,,,,,,2018,primary,1.0,6.755
SAMEA14102539,PRJEB51353,SAMEA14102539,,adult,,,SE,,,,,,2017,primary,1.0,9.373
SAMEA14102540,PRJEB51353,SAMEA14102540,,adult,,,SE,,,,,,2016,primary,1.0,7.158
SAMEA14102541,PRJEB51353,SAMEA14102541,,adult,,,SE,,,,,,2017,primary,1.0,8.409
SAMEA14102542,PRJEB51353,SAMEA14102542,,adult,,,SE,,,,,,2017,primary,1.0,6.658
SAMEA14102543,PRJEB51353,SAMEA14102543,,adult,,,SE,,,,,,2016,primary,1.0,8.436
SAMEA14102544,PRJEB51353,SAMEA14102544,,adult,,,SE,,,,,,2018,primary,1.0,7.425
SAMEA14102545,PRJEB51353,SAMEA14102545,,adult,,,SE,,,,,,2016,primary,1.0,6.056
SAMEA14102546,PRJEB51353,SAMEA14102546,,adult,,,SE,,,,,,2017,primary,1.0,8.983
SAMEA14102547,PRJEB51353,SAMEA14102547,,adult,,,SE,,,,,,2018,primary,1.0,7.726
SAMEA14102548,PRJEB51353,SAMEA14102548,,adult,,,SE,,,,,,2015,primary,1.0,6.101
SAMEA14102549,PRJEB51353,SAMEA14102549,,adult,,,SE,,,,,,2016,primary,1.0,7.737
SAMEA14102550,PRJEB51353,SAMEA14102550,,adult,,,SE,,,,,,2018,primary,1.0,8.132
SAMEA14102551,PRJEB51353,SAMEA14102551,,adult,,,SE,,,,,,2017,primary,1.0,6.023
SAMEA14102552,PRJEB51353,SAMEA14102552,,adult,,,SE,,,,,,2016,primary,1.0,7.257
SAMEA14102553,PRJEB51353,SAMEA14102553,,adult,,,SE,,,,,,2016,primary,1.0,6.981
SAMEA14102554,PRJEB51353,SAMEA14102554,,adult,,,SE,,,,,,2017,primary,1.0,8.678
SAMEA14102555,PRJEB51353,SAMEA14102555,,adult,,,SE,,,,,,2016,primary,1.0,7.761
SAMEA14102556,PRJEB51353,SAMEA14102556,,adult,,,SE,,,,,,2017,primary,1.0,7.754
SAMEA14102557,PRJEB51353,SAMEA14102557,,adult,,,SE,,,,,,2018,primary,1.0,9.981
SAMEA14102558,PRJEB51353,SAMEA14102558,,adult,,,SE,,,,,,2018,primary,1.0,7.629
SAMEA14102559,PRJEB51353,SAMEA14102559,,adult,,,SE,,,,,,2016,primary,1.0,6.039
SAMEA14102560,PRJEB51353,SAMEA14102560,,adult,,,SE,,,,,,2017,primary,1.0,7.25
SAMEA14102561,PRJEB51353,SAMEA14102561,,adult,,,SE,,,,,,2016,primary,1.0,8.165
SAMEA14102562,PRJEB51353,SAMEA14102562,,adult,,,SE,,,,,,2016,primary,1.0,7.135
SAMEA14102563,PRJEB51353,SAMEA14102563,,adult,,,SE,,,,,,2016,primary,1.0,8.974
SAMEA14102564,PRJEB51353,SAMEA14102564,,adult,,,SE,,,,,,2016,primary,1.0,6.404
SAMEA14102565,PRJEB51353,SAMEA14102565,,adult,,,SE,,,,,,2017,primary,1.0,6.9
SAMEA14102566,PRJEB51353,SAMEA14102566,,adult,,,SE,,,,,,2016,primary,1.0,6.92
SAMEA14102567,PRJEB51353,SAMEA14102567,,adult,,,SE,,,,,,2018,primary,1.0,7.364
SAMEA14102568,PRJEB51353,SAMEA14102568,,adult,,,SE,,,,,,2017,primary,1.0,6.97
SAMEA14102569,PRJEB51353,SAMEA14102569,,adult,,,SE,,,,,,2018,primary,1.0,7.219
SAMEA14102570,PRJEB51353,SAMEA14102570,,adult,,,SE,,,,,,2017,primary,1.0,9.095
SAMEA14102571,PRJEB51353,SAMEA14102571,,adult,,,SE,,,,,,2018,primary,1.0,6.375
SAMEA14102572,PRJEB51353,SAMEA14102572,,adult,,,SE,,,,,,2018,primary,1.0,6.633
SAMEA14102573,PRJEB51353,SAMEA14102573,,adult,,,SE,,,,,,2016,primary,1.0,7.297
SAMEA14102574,PRJEB51353,SAMEA14102574,,adult,,,SE,,,,,,2016,primary,1.0,12.006
SAMEA14102575,PRJEB51353,SAMEA14102575,,adult,,,SE,,,,,,2017,primary,1.0,7.208
SAMEA14102576,PRJEB51353,SAMEA14102576,,adult,,,SE,,,,,,2018,primary,1.0,9.657
SAMEA14102577,PRJEB51353,SAMEA14102577,,adult,,,SE,,,,,,2018,primary,1.0,6.317
SAMEA14102578,PRJEB51353,SAMEA14102578,,adult,,,SE,,,,,,2017,primary,1.0,7.295
SAMEA14102579,PRJEB51353,SAMEA14102579,,adult,,,SE,,,,,,2018,primary,1.0,6.957
SAMEA14102580,PRJEB51353,SAMEA14102580,,adult,,,SE,,,,,,2016,primary,1.0,6.606
SAMEA14102581,PRJEB51353,SAMEA14102581,,adult,,,SE,,,,,,2017,primary,1.0,6.939
SAMEA14102582,PRJEB51353,SAMEA14102582,,adult,,,SE,,,,,,2016,primary,1.0,8.839
SAMEA14102583,PRJEB51353,SAMEA14102583,,adult,,,SE,,,,,,2018,primary,1.0,6.973
SAMEA14102584,PRJEB51353,SAMEA14102584,,adult,,,SE,,,,,,2017,primary,1.0,7.945
SAMEA14102585,PRJEB51353,SAMEA14102585,,adult,,,SE,,,,,,2017,primary,1.0,9.017
SAMEA14102586,PRJEB51353,SAMEA14102586,,adult,,,SE,,,,,,2016,primary,1.0,6.904
SAMEA14102587,PRJEB51353,SAMEA14102587,,adult,,,SE,,,,,,2016,primary,1.0,7.443
SAMEA14102588,PRJEB51353,SAMEA14102588,,adult,,,SE,,,,,,2016,primary,1.0,6.473
SAMEA14102589,PRJEB51353,SAMEA14102589,,adult,,,SE,,,,,,2016,primary,1.0,8.945
SAMEA14102590,PRJEB51353,SAMEA14102590,,adult,,,SE,,,,,,2016,primary,1.0,7.057
SAMEA14102591,PRJEB51353,SAMEA14102591,,adult,,,SE,,,,,,2018,primary,1.0,7.089
SAMEA14102592,PRJEB51353,SAMEA14102592,,adult,,,SE,,,,,,2016,primary,1.0,6.392
SAMEA14102593,PRJEB51353,SAMEA14102593,,adult,,,SE,,,,,,2018,primary,1.0,7.661
SAMEA14102594,PRJEB51353,SAMEA14102594,,adult,,,SE,,,,,,2016,primary,2.0,13.59
SAMEA14102595,PRJEB51353,SAMEA14102595,,adult,,,SE,,,,,,2017,primary,1.0,6.955
SAMEA14102596,PRJEB51353,SAMEA14102596,,adult,,,SE,,,,,,2016,primary,1.0,6.857
SAMEA14102597,PRJEB51353,SAMEA14102597,,adult,,,SE,,,,,,2017,primary,1.0,6.856
SAMEA14102598,PRJEB51353,SAMEA14102598,,adult,,,SE,,,,,,2018,primary,1.0,7.005
SAMEA14102599,PRJEB51353,SAMEA14102599,,adult,,,SE,,,,,,2017,primary,1.0,6.793
SAMEA14102600,PRJEB51353,SAMEA14102600,,adult,,,SE,,,,,,2018,primary,1.0,6.46
SAMEA14102601,PRJEB51353,SAMEA14102601,,adult,,,SE,,,,,,2018,primary,1.0,10.474
SAMEA14102602,PRJEB51353,SAMEA14102602,,adult,,,SE,,,,,,2018,primary,1.0,6.127
SAMEA14102603,PRJEB51353,SAMEA14102603,,adult,,,SE,,,,,,2017,primary,1.0,6.366
SAMEA14102604,PRJEB51353,SAMEA14102604,,adult,,,SE,,,,,,2017,primary,1.0,6.511
SAMEA14102605,PRJEB51353,SAMEA14102605,,adult,,,SE,,,,,,2016,primary,1.0,7.257
SAMEA14102606,PRJEB51353,SAMEA14102606,,adult,,,SE,,,,,,2016,primary,1.0,8.598
SAMEA14102607,PRJEB51353,SAMEA14102607,,adult,,,SE,,,,,,2018,primary,1.0,7.004
SAMEA14102608,PRJEB51353,SAMEA14102608,,adult,,,SE,,,,,,2016,primary,1.0,7.941
SAMEA14102609,PRJEB51353,SAMEA14102609,,adult,,,SE,,,,,,2016,primary,1.0,8.848
SAMEA14102610,PRJEB51353,SAMEA14102610,,adult,,,SE,,,,,,2017,primary,1.0,8.017
SAMEA14102611,PRJEB51353,SAMEA14102611,,adult,,,SE,,,,,,2018,primary,1.0,7.095
SAMEA14102612,PRJEB51353,SAMEA14102612,,adult,,,SE,,,,,,2017,primary,1.0,6.448
SAMEA14102613,PRJEB51353,SAMEA14102613,,adult,,,SE,,,,,,2017,primary,1.0,7.558
SAMEA14102614,PRJEB51353,SAMEA14102614,,adult,,,SE,,,,,,2018,primary,1.0,7.245
SAMEA14102615,PRJEB51353,SAMEA14102615,,adult,,,SE,,,,,,2017,primary,1.0,9.057
SAMEA14102616,PRJEB51353,SAMEA14102616,,adult,,,SE,,,,,,2017,primary,1.0,6.291
SAMEA14102617,PRJEB51353,SAMEA14102617,,adult,,,SE,,,,,,2018,primary,1.0,7.151
SAMEA14102618,PRJEB51353,SAMEA14102618,,adult,,,SE,,,,,,2018,primary,1.0,7.653
SAMEA14102619,PRJEB51353,SAMEA14102619,,adult,,,SE,,,,,,2017,primary,1.0,7.534
SAMEA14102620,PRJEB51353,SAMEA14102620,,adult,,,SE,,,,,,2017,primary,1.0,7.199
SAMEA14102621,PRJEB51353,SAMEA14102621,,adult,,,SE,,,,,,2018,primary,1.0,7.852
SAMEA14102622,PRJEB51353,SAMEA14102622,,adult,,,SE,,,,,,2016,primary,1.0,7.364
SAMEA14102623,PRJEB51353,SAMEA14102623,,adult,,,SE,,,,,,2016,primary,1.0,6.901
SAMEA14102624,PRJEB51353,SAMEA14102624,,adult,,,SE,,,,,,2016,primary,1.0,10.079
SAMEA14102625,PRJEB51353,SAMEA14102625,,adult,,,SE,,,,,,2016,primary,1.0,6.309
SAMEA14102626,PRJEB51353,SAMEA14102626,,adult,,,SE,,,,,,2016,primary,1.0,8.131
SAMEA14102627,PRJEB51353,SAMEA14102627,,adult,,,SE,,,,,,2018,primary,1.0,6.828
SAMEA14102628,PRJEB51353,SAMEA14102628,,adult,,,SE,,,,,,2016,primary,1.0,6.295
SAMEA14102629,PRJEB51353,SAMEA14102629,,adult,,,SE,,,,,,2017,primary,1.0,8.084
SAMEA14102630,PRJEB51353,SAMEA14102630,,adult,,,SE,,,,,,2017,primary,1.0,6.696
SAMEA14102631,PRJEB51353,SAMEA14102631,,adult,,,SE,,,,,,2017,primary,1.0,7.168
SAMEA14102632,PRJEB51353,SAMEA14102632,,adult,,,SE,,,,,,2017,primary,1.0,7.862
SAMEA14102633,PRJEB51353,SAMEA14102633,,adult,,,SE,,,,,,2017,primary,1.0,6.435
SAMEA14102634,PRJEB51353,SAMEA14102634,,adult,,,SE,,,,,,2016,primary,1.0,8.895
SAMEA14102635,PRJEB51353,SAMEA14102635,,adult,,,SE,,,,,,2017,primary,1.0,6.096
SAMEA14102636,PRJEB51353,SAMEA14102636,,adult,,,SE,,,,,,2018,primary,1.0,8.51
SAMEA14102637,PRJEB51353,SAMEA14102637,,adult,,,SE,,,,,,2018,primary,1.0,7.387
SAMEA14102638,PRJEB51353,SAMEA14102638,,adult,,,SE,,,,,,2017,primary,1.0,8.418
SAMEA14102639,PRJEB51353,SAMEA14102639,,adult,,,SE,,,,,,2018,primary,1.0,7.106
SAMEA14102640,PRJEB51353,SAMEA14102640,,adult,,,SE,,,,,,2018,primary,1.0,8.952
SAMEA14102641,PRJEB51353,SAMEA14102641,,adult,,,SE,,,,,,2017,primary,1.0,7.611
SAMEA14102642,PRJEB51353,SAMEA14102642,,adult,,,SE,,,,,,2018,primary,1.0,6.702
SAMEA14102643,PRJEB51353,SAMEA14102643,,adult,,,SE,,,,,,2015,primary,2.0,24.037
SAMEA14102644,PRJEB51353,SAMEA14102644,,adult,,,SE,,,,,,2017,primary,1.0,9.044
SAMEA14102645,PRJEB51353,SAMEA14102645,,adult,,,SE,,,,,,2017,primary,1.0,7.401
SAMEA14102646,PRJEB51353,SAMEA14102646,,adult,,,SE,,,,,,2017,primary,1.0,6.784
SAMEA14102647,PRJEB51353,SAMEA14102647,,adult,,,SE,,,,,,2017,primary,1.0,8.225
SAMEA14102648,PRJEB51353,SAMEA14102648,,adult,,,SE,,,,,,2016,primary,1.0,8.215
SAMEA14102649,PRJEB51353,SAMEA14102649,,adult,,,SE,,,,,,2017,primary,1.0,8.004
SAMEA14102650,PRJEB51353,SAMEA14102650,,adult,,,SE,,,,,,2018,primary,1.0,7.524
SAMEA14102651,PRJEB51353,SAMEA14102651,,adult,,,SE,,,,,,2017,primary,1.0,7.925
SAMEA14102652,PRJEB51353,SAMEA14102652,,adult,,,SE,,,,,,2018,primary,1.0,10.124
SAMEA14102653,PRJEB51353,SAMEA14102653,,adult,,,SE,,,,,,2017,primary,1.0,7.643
SAMEA14102654,PRJEB51353,SAMEA14102654,,adult,,,SE,,,,,,2017,primary,1.0,7.492
SAMEA14102655,PRJEB51353,SAMEA14102655,,adult,,,SE,,,,,,2018,primary,1.0,6.362
SAMEA14102656,PRJEB51353,SAMEA14102656,,adult,,,SE,,,,,,2018,primary,1.0,6.737
SAMEA14102657,PRJEB51353,SAMEA14102657,,adult,,,SE,,,,,,2017,primary,1.0,7.686
SAMEA14102658,PRJEB51353,SAMEA14102658,,adult,,,SE,,,,,,2017,primary,1.0,7.183
SAMEA14102659,PRJEB51353,SAMEA14102659,,adult,,,SE,,,,,,2018,primary,1.0,8.249
SAMEA14102660,PRJEB51353,SAMEA14102660,,adult,,,SE,,,,,,2018,primary,1.0,9.051
SAMEA14102661,PRJEB51353,SAMEA14102661,,adult,,,SE,,,,,,2017,primary,1.0,11.617
SAMEA14102662,PRJEB51353,SAMEA14102662,,adult,,,SE,,,,,,2016,primary,2.0,15.286
SAMEA14102663,PRJEB51353,SAMEA14102663,,adult,,,SE,,,,,,2016,primary,1.0,7.064
SAMEA14102664,PRJEB51353,SAMEA14102664,,adult,,,SE,,,,,,2018,primary,1.0,7.617
SAMEA14102665,PRJEB51353,SAMEA14102665,,adult,,,SE,,,,,,2018,primary,1.0,7.566
SAMEA14102666,PRJEB51353,SAMEA14102666,,adult,,,SE,,,,,,2017,primary,1.0,7.515
SAMEA14102667,PRJEB51353,SAMEA14102667,,adult,,,SE,,,,,,2017,primary,1.0,6.387
SAMEA14102669,PRJEB51353,SAMEA14102669,,adult,,,SE,,,,,,2018,primary,1.0,8.088
SAMEA14102670,PRJEB51353,SAMEA14102670,,adult,,,SE,,,,,,2018,primary,1.0,6.188
SAMEA14102671,PRJEB51353,SAMEA14102671,,adult,,,SE,,,,,,2017,primary,1.0,7.512
SAMEA14102672,PRJEB51353,SAMEA14102672,,adult,,,SE,,,,,,2016,primary,1.0,7.18
SAMEA14102673,PRJEB51353,SAMEA14102673,,adult,,,SE,,,,,,2016,primary,1.0,6.999
SAMEA14102674,PRJEB51353,SAMEA14102674,,adult,,,SE,,,,,,2018,primary,1.0,7.905
SAMEA14102675,PRJEB51353,SAMEA14102675,,adult,,,SE,,,,,,2018,primary,1.0,6.413
SAMEA14102676,PRJEB51353,SAMEA14102676,,adult,,,SE,,,,,,2017,primary,1.0,6.095
SAMEA14102677,PRJEB51353,SAMEA14102677,,adult,,,SE,,,,,,2017,primary,1.0,6.02
SAMEA14102678,PRJEB51353,SAMEA14102678,,adult,,,SE,,,,,,2017,primary,1.0,7.401
SAMEA14102679,PRJEB51353,SAMEA14102679,,adult,,,SE,,,,,,2016,primary,1.0,7.716
SAMEA14102680,PRJEB51353,SAMEA14102680,,adult,,,SE,,,,,,2016,primary,1.0,6.919
SAMEA14102681,PRJEB51353,SAMEA14102681,,adult,,,SE,,,,,,2018,primary,1.0,7.44
SAMEA14102682,PRJEB51353,SAMEA14102682,,adult,,,SE,,,,,,2017,primary,1.0,6.819
SAMEA14102683,PRJEB51353,SAMEA14102683,,adult,,,SE,,,,,,2018,primary,1.0,7.512
SAMEA14102684,PRJEB51353,SAMEA14102684,,adult,,,SE,,,,,,2016,primary,1.0,6.818
SAMEA14102685,PRJEB51353,SAMEA14102685,,adult,,,SE,,,,,,2018,primary,1.0,6.856
SAMEA14102686,PRJEB51353,SAMEA14102686,,adult,,,SE,,,,,,2016,primary,1.0,7.193
SAMEA14102687,PRJEB51353,SAMEA14102687,,adult,,,SE,,,,,,2016,primary,1.0,8.656
SAMEA14102688,PRJEB51353,SAMEA14102688,,adult,,,SE,,,,,,2017,primary,1.0,8.835
SAMEA14102689,PRJEB51353,SAMEA14102689,,adult,,,SE,,,,,,2017,primary,1.0,7.145
SAMEA14102690,PRJEB51353,SAMEA14102690,,adult,,,SE,,,,,,2016,primary,1.0,8.665
SAMEA14102691,PRJEB51353,SAMEA14102691,,adult,,,SE,,,,,,2018,primary,1.0,6.36
SAMEA14102692,PRJEB51353,SAMEA14102692,,adult,,,SE,,,,,,2018,primary,1.0,8.216
SAMEA14102693,PRJEB51353,SAMEA14102693,,adult,,,SE,,,,,,2016,primary,1.0,7.182
SAMEA14102694,PRJEB51353,SAMEA14102694,,adult,,,SE,,,,,,2018,primary,1.0,7.137
SAMEA14102695,PRJEB51353,SAMEA14102695,,adult,,,SE,,,,,,2018,primary,1.0,7.584
SAMEA14102696,PRJEB51353,SAMEA14102696,,adult,,,SE,,,,,,2016,primary,1.0,7.034
SAMEA14102697,PRJEB51353,SAMEA14102697,,adult,,,SE,,,,,,2017,primary,1.0,5.94
SAMEA14102698,PRJEB51353,SAMEA14102698,,adult,,,SE,,,,,,2017,primary,1.0,7.122
SAMEA14102699,PRJEB51353,SAMEA14102699,,adult,,,SE,,,,,,2017,primary,1.0,12.732
SAMEA14102700,PRJEB51353,SAMEA14102700,,adult,,,SE,,,,,,2016,primary,1.0,8.121
SAMEA14102701,PRJEB51353,SAMEA14102701,,adult,,,SE,,,,,,2016,primary,1.0,9.949
SAMEA14102702,PRJEB51353,SAMEA14102702,,adult,,,SE,,,,,,2018,primary,1.0,8.845
SAMEA14102703,PRJEB51353,SAMEA14102703,,adult,,,SE,,,,,,2018,primary,1.0,7.821
SAMEA14102704,PRJEB51353,SAMEA14102704,,adult,,,SE,,,,,,2018,primary,1.0,8.217
SAMEA14102705,PRJEB51353,SAMEA14102705,,adult,,,SE,,,,,,2018,primary,1.0,7.6
SAMEA14102706,PRJEB51353,SAMEA14102706,,adult,,,SE,,,,,,2016,primary,1.0,7.025
SAMEA14102707,PRJEB51353,SAMEA14102707,,adult,,,SE,,,,,,2017,primary,1.0,7.783
SAMEA14102708,PRJEB51353,SAMEA14102708,,adult,,,SE,,,,,,2017,primary,1.0,6.089
SAMEA14102709,PRJEB51353,SAMEA14102709,,adult,,,SE,,,,,,2016,primary,1.0,7.018
SAMEA14102710,PRJEB51353,SAMEA14102710,,adult,,,SE,,,,,,2017,primary,1.0,7.666
SAMEA14102711,PRJEB51353,SAMEA14102711,,adult,,,SE,,,,,,2018,primary,1.0,8.344
SAMEA14102712,PRJEB51353,SAMEA14102712,,adult,,,SE,,,,,,2017,primary,1.0,7.998
SAMEA14102713,PRJEB51353,SAMEA14102713,,adult,,,SE,,,,,,2018,primary,1.0,8.696
SAMEA14102714,PRJEB51353,SAMEA14102714,,adult,,,SE,,,,,,2017,primary,1.0,8.47
SAMEA14102715,PRJEB51353,SAMEA14102715,,adult,,,SE,,,,,,2017,primary,1.0,7.63
SAMEA14102716,PRJEB51353,SAMEA14102716,,adult,,,SE,,,,,,2017,primary,1.0,8.784
SAMEA14102717,PRJEB51353,SAMEA14102717,,adult,,,SE,,,,,,2017,primary,1.0,7.037
SAMEA14102718,PRJEB51353,SAMEA14102718,,adult,,,SE,,,,,,2017,primary,1.0,6.594
SAMEA14102719,PRJEB51353,SAMEA14102719,,adult,,,SE,,,,,,2016,primary,1.0,9.207
SAMEA14102720,PRJEB51353,SAMEA14102720,,adult,,,SE,,,,,,2016,primary,1.0,9.427
SAMEA14102721,PRJEB51353,SAMEA14102721,,adult,,,SE,,,,,,2016,primary,1.0,6.947
SAMEA14102722,PRJEB51353,SAMEA14102722,,adult,,,SE,,,,,,2017,primary,1.0,10.236
SAMEA14102723,PRJEB51353,SAMEA14102723,,adult,,,SE,,,,,,2018,primary,1.0,7.387
SAMEA14102724,PRJEB51353,SAMEA14102724,,adult,,,SE,,,,,,2017,primary,1.0,6.003
SAMEA14102725,PRJEB51353,SAMEA14102725,,adult,,,SE,,,,,,2017,primary,1.0,6.027
SAMEA14102726,PRJEB51353,SAMEA14102726,,adult,,,SE,,,,,,2018,primary,1.0,7.596
SAMEA14102727,PRJEB51353,SAMEA14102727,,adult,,,SE,,,,,,2017,primary,1.0,6.109
SAMEA14102728,PRJEB51353,SAMEA14102728,,adult,,,SE,,,,,,2016,primary,1.0,6.986
SAMEA14102729,PRJEB51353,SAMEA14102729,,adult,,,SE,,,,,,2017,primary,1.0,6.674
SAMEA14102730,PRJEB51353,SAMEA14102730,,adult,,,SE,,,,,,2018,primary,1.0,12.036
SAMEA14102731,PRJEB51353,SAMEA14102731,,adult,,,SE,,,,,,2017,primary,1.0,7.603
SAMEA14102732,PRJEB51353,SAMEA14102732,,adult,,,SE,,,,,,2018,primary,1.0,7.026
SAMEA14102733,PRJEB51353,SAMEA14102733,,adult,,,SE,,,,,,2017,primary,1.0,7.047
SAMEA14102734,PRJEB51353,SAMEA14102734,,adult,,,SE,,,,,,2017,primary,1.0,9.885
SAMEA14102735,PRJEB51353,SAMEA14102735,,adult,,,SE,,,,,,2016,primary,2.0,17.271
SAMEA14102736,PRJEB51353,SAMEA14102736,,adult,,,SE,,,,,,2017,primary,1.0,8.783
SAMEA14102737,PRJEB51353,SAMEA14102737,,adult,,,SE,,,,,,2017,primary,1.0,7.022
SAMEA14102738,PRJEB51353,SAMEA14102738,,adult,,,SE,,,,,,2018,primary,1.0,6.663
SAMEA14102739,PRJEB51353,SAMEA14102739,,adult,,,SE,,,,,,2015,primary,1.0,6.663
SAMEA14102740,PRJEB51353,SAMEA14102740,,adult,,,SE,,,,,,2017,primary,1.0,7.745
SAMEA14102741,PRJEB51353,SAMEA14102741,,adult,,,SE,,,,,,2017,primary,1.0,8.537
SAMEA14102742,PRJEB51353,SAMEA14102742,,adult,,,SE,,,,,,2018,primary,1.0,6.363
SAMEA14102743,PRJEB51353,SAMEA14102743,,adult,,,SE,,,,,,2017,primary,1.0,10.38
SAMEA14102744,PRJEB51353,SAMEA14102744,,adult,,,SE,,,,,,2016,primary,1.0,7.439
SAMEA14102745,PRJEB51353,SAMEA14102745,,adult,,,SE,,,,,,2017,primary,1.0,6.885
SAMEA14102746,PRJEB51353,SAMEA14102746,,adult,,,SE,,,,,,2016,primary,1.0,7.519
SAMEA14102747,PRJEB51353,SAMEA14102747,,adult,,,SE,,,,,,2017,primary,1.0,7.535
SAMEA14102748,PRJEB51353,SAMEA14102748,,adult,,,SE,,,,,,2016,primary,1.0,9.264
SAMEA14102749,PRJEB51353,SAMEA14102749,,adult,,,SE,,,,,,2017,primary,1.0,6.465
SAMEA14102750,PRJEB51353,SAMEA14102750,,adult,,,SE,,,,,,2017,primary,1.0,7.115
SAMEA14102751,PRJEB51353,SAMEA14102751,,adult,,,SE,,,,,,2018,primary,1.0,6.966
SAMEA14102752,PRJEB51353,SAMEA14102752,,adult,,,SE,,,,,,2017,primary,1.0,8.22
SAMEA14102753,PRJEB51353,SAMEA14102753,,adult,,,SE,,,,,,2018,primary,1.0,6.422
SAMEA14102754,PRJEB51353,SAMEA14102754,,adult,,,SE,,,,,,2016,primary,1.0,7.04
SAMEA14102755,PRJEB51353,SAMEA14102755,,adult,,,SE,,,,,,2017,primary,1.0,8.017
SAMEA14102756,PRJEB51353,SAMEA14102756,,adult,,,SE,,,,,,2017,primary,1.0,7.337
SAMEA14102757,PRJEB51353,SAMEA14102757,,adult,,,SE,,,,,,2016,primary,1.0,7.642
SAMEA14102758,PRJEB51353,SAMEA14102758,,adult,,,SE,,,,,,2017,primary,1.0,6.617
SAMEA14102759,PRJEB51353,SAMEA14102759,,adult,,,SE,,,,,,2016,primary,1.0,7.467
SAMEA14102760,PRJEB51353,SAMEA14102760,,adult,,,SE,,,,,,2017,primary,1.0,6.652
SAMEA14102761,PRJEB51353,SAMEA14102761,,adult,,,SE,,,,,,2016,primary,1.0,8.923
SAMEA14102762,PRJEB51353,SAMEA14102762,,adult,,,SE,,,,,,2017,primary,1.0,8.527
SAMEA14102763,PRJEB51353,SAMEA14102763,,adult,,,SE,,,,,,2018,primary,1.0,7.417
SAMEA14102764,PRJEB51353,SAMEA14102764,,adult,,,SE,,,,,,2015,primary,1.0,8.551
SAMEA14102765,PRJEB51353,SAMEA14102765,,adult,,,SE,,,,,,2017,primary,1.0,8.598
SAMEA14102766,PRJEB51353,SAMEA14102766,,adult,,,SE,,,,,,2018,primary,1.0,7.672
SAMEA14102767,PRJEB51353,SAMEA14102767,,adult,,,SE,,,,,,2017,primary,1.0,6.904
SAMEA14102768,PRJEB51353,SAMEA14102768,,adult,,,SE,,,,,,2017,primary,1.0,7.077
SAMEA14102769,PRJEB51353,SAMEA14102769,,adult,,,SE,,,,,,2017,primary,1.0,7.347
SAMEA14102770,PRJEB51353,SAMEA14102770,,adult,,,SE,,,,,,2017,primary,1.0,9.372
SAMEA14102771,PRJEB51353,SAMEA14102771,,adult,,,SE,,,,,,2016,primary,1.0,6.987
SAMEA14102772,PRJEB51353,SAMEA14102772,,adult,,,SE,,,,,,2018,primary,1.0,6.768
SAMEA14102773,PRJEB51353,SAMEA14102773,,adult,,,SE,,,,,,2017,primary,1.0,6.672
SAMEA14102774,PRJEB51353,SAMEA14102774,,adult,,,SE,,,,,,2018,primary,1.0,8.28
SAMEA14102775,PRJEB51353,SAMEA14102775,,adult,,,SE,,,,,,2017,primary,1.0,6.386
SAMEA14102776,PRJEB51353,SAMEA14102776,,adult,,,SE,,,,,,2015,primary,1.0,6.792
SAMEA14102777,PRJEB51353,SAMEA14102777,,adult,,,SE,,,,,,2015,primary,1.0,8.489
SAMEA14102778,PRJEB51353,SAMEA14102778,,adult,,,SE,,,,,,2016,primary,2.0,15.319
SAMEA14102779,PRJEB51353,SAMEA14102779,,adult,,,SE,,,,,,2018,primary,1.0,9.633
SAMEA14102780,PRJEB51353,SAMEA14102780,,adult,,,SE,,,,,,2016,primary,1.0,7.256
SAMEA14102781,PRJEB51353,SAMEA14102781,,adult,,,SE,,,,,,2017,primary,1.0,6.938
SAMEA14102782,PRJEB51353,SAMEA14102782,,adult,,,SE,,,,,,2018,primary,1.0,8.118
SAMEA14102783,PRJEB51353,SAMEA14102783,,adult,,,SE,,,,,,2018,primary,1.0,7.23
SAMEA14102784,PRJEB51353,SAMEA14102784,,adult,,,SE,,,,,,2017,primary,1.0,7.687
SAMEA14102785,PRJEB51353,SAMEA14102785,,adult,,,SE,,,,,,2015,primary,2.0,15.034
SAMEA14102786,PRJEB51353,SAMEA14102786,,adult,,,SE,,,,,,2016,primary,1.0,6.938
SAMEA14102787,PRJEB51353,SAMEA14102787,,adult,,,SE,,,,,,2017,primary,1.0,6.652
SAMEA14102788,PRJEB51353,SAMEA14102788,,adult,,,SE,,,,,,2017,primary,1.0,7.001
SAMEA14102789,PRJEB51353,SAMEA14102789,,adult,,,SE,,,,,,2016,primary,1.0,15.258
SAMEA14102790,PRJEB51353,SAMEA14102790,,adult,,,SE,,,,,,2017,primary,1.0,8.058
SAMEA14102791,PRJEB51353,SAMEA14102791,,adult,,,SE,,,,,,2018,primary,1.0,8.534
SAMEA14102792,PRJEB51353,SAMEA14102792,,adult,,,SE,,,,,,2017,primary,1.0,7.871
SAMEA14102793,PRJEB51353,SAMEA14102793,,adult,,,SE,,,,,,2017,primary,1.0,7.839
SAMEA14102794,PRJEB51353,SAMEA14102794,,adult,,,SE,,,,,,2017,primary,1.0,6.103
SAMEA14102795,PRJEB51353,SAMEA14102795,,adult,,,SE,,,,,,2018,primary,1.0,8.082
SAMEA14102796,PRJEB51353,SAMEA14102796,,adult,,,SE,,,,,,2016,primary,1.0,7.684
SAMEA14102797,PRJEB51353,SAMEA14102797,,adult,,,SE,,,,,,2016,primary,1.0,6.55
SAMEA14102798,PRJEB51353,SAMEA14102798,,adult,,,SE,,,,,,2016,primary,1.0,6.192
SAMEA14102799,PRJEB51353,SAMEA14102799,,adult,,,SE,,,,,,2016,primary,1.0,6.933
SAMEA14102800,PRJEB51353,SAMEA14102800,,adult,,,SE,,,,,,2016,primary,1.0,7.685
SAMEA14102801,PRJEB51353,SAMEA14102801,,adult,,,SE,,,,,,2016,primary,2.0,19.866
SAMEA14102802,PRJEB51353,SAMEA14102802,,adult,,,SE,,,,,,2017,primary,1.0,6.763
SAMEA14102803,PRJEB51353,SAMEA14102803,,adult,,,SE,,,,,,2017,primary,1.0,8.393
SAMEA14102804,PRJEB51353,SAMEA14102804,,adult,,,SE,,,,,,2016,primary,1.0,6.122
SAMEA14102805,PRJEB51353,SAMEA14102805,,adult,,,SE,,,,,,2017,primary,1.0,8.974
SAMEA14102806,PRJEB51353,SAMEA14102806,,adult,,,SE,,,,,,2017,primary,1.0,9.799
SAMEA14102807,PRJEB51353,SAMEA14102807,,adult,,,SE,,,,,,2018,primary,1.0,7.814
SAMEA14102808,PRJEB51353,SAMEA14102808,,adult,,,SE,,,,,,2017,primary,1.0,8.665
SAMEA14102809,PRJEB51353,SAMEA14102809,,adult,,,SE,,,,,,2017,primary,1.0,9.062
SAMEA14102810,PRJEB51353,SAMEA14102810,,adult,,,SE,,,,,,2017,primary,1.0,7.671
SAMEA14102811,PRJEB51353,SAMEA14102811,,adult,,,SE,,,,,,2017,primary,1.0,8.268
SAMEA14102812,PRJEB51353,SAMEA14102812,,adult,,,SE,,,,,,2016,primary,1.0,8.1
SAMEA14102813,PRJEB51353,SAMEA14102813,,adult,,,SE,,,,,,2017,primary,1.0,7.994
SAMEA14102814,PRJEB51353,SAMEA14102814,,adult,,,SE,,,,,,2017,primary,1.0,7.807
SAMEA14102815,PRJEB51353,SAMEA14102815,,adult,,,SE,,,,,,2017,primary,1.0,8.392
SAMEA14102816,PRJEB51353,SAMEA14102816,,adult,,,SE,,,,,,2015,primary,2.0,18.58
SAMEA14102817,PRJEB51353,SAMEA14102817,,adult,,,SE,,,,,,2018,primary,1.0,7.387
SAMEA14102818,PRJEB51353,SAMEA14102818,,adult,,,SE,,,,,,2018,primary,1.0,7.115
SAMEA14102819,PRJEB51353,SAMEA14102819,,adult,,,SE,,,,,,2017,primary,1.0,6.045
SAMEA14102820,PRJEB51353,SAMEA14102820,,adult,,,SE,,,,,,2016,primary,1.0,8.279
SAMEA14102821,PRJEB51353,SAMEA14102821,,adult,,,SE,,,,,,2018,primary,1.0,8.312
SAMEA14102822,PRJEB51353,SAMEA14102822,,adult,,,SE,,,,,,2018,primary,1.0,7.371
SAMEA14102823,PRJEB51353,SAMEA14102823,,adult,,,SE,,,,,,2017,primary,1.0,6.314
SAMEA14102824,PRJEB51353,SAMEA14102824,,adult,,,SE,,,,,,2017,primary,1.0,6.434
SAMEA14102825,PRJEB51353,SAMEA14102825,,adult,,,SE,,,,,,2017,primary,1.0,7.625
SAMEA14102826,PRJEB51353,SAMEA14102826,,adult,,,SE,,,,,,2018,primary,1.0,7.542
SAMEA14102827,PRJEB51353,SAMEA14102827,,adult,,,SE,,,,,,2017,primary,1.0,9.816
SAMEA14102828,PRJEB51353,SAMEA14102828,,adult,,,SE,,,,,,2016,primary,1.0,7.938
SAMEA14102829,PRJEB51353,SAMEA14102829,,adult,,,SE,,,,,,2017,primary,1.0,8.291
SAMEA14102830,PRJEB51353,SAMEA14102830,,adult,,,SE,,,,,,2017,primary,1.0,7.665
SAMEA14102831,PRJEB51353,SAMEA14102831,,adult,,,SE,,,,,,2016,primary,1.0,10.878
SAMEA14102832,PRJEB51353,SAMEA14102832,,adult,,,SE,,,,,,2015,primary,1.0,7.971
SAMEA14102833,PRJEB51353,SAMEA14102833,,adult,,,SE,,,,,,2016,primary,1.0,6.468
SAMEA14102834,PRJEB51353,SAMEA14102834,,adult,,,SE,,,,,,2016,primary,2.0,20.072
SAMEA14102835,PRJEB51353,SAMEA14102835,,adult,,,SE,,,,,,2017,primary,1.0,7.058
SAMEA14102836,PRJEB51353,SAMEA14102836,,adult,,,SE,,,,,,2016,primary,1.0,8.258
SAMEA14102837,PRJEB51353,SAMEA14102837,,adult,,,SE,,,,,,2017,primary,1.0,7.217
SAMEA14102838,PRJEB51353,SAMEA14102838,,adult,,,SE,,,,,,2018,primary,1.0,6.081
SAMEA14102839,PRJEB51353,SAMEA14102839,,adult,,,SE,,,,,,2018,primary,1.0,6.704
SAMEA14102840,PRJEB51353,SAMEA14102840,,adult,,,SE,,,,,,2017,primary,1.0,6.839
SAMEA14102841,PRJEB51353,SAMEA14102841,,adult,,,SE,,,,,,2016,primary,1.0,7.148
SAMEA14102842,PRJEB51353,SAMEA14102842,,adult,,,SE,,,,,,2017,primary,1.0,8.366
SAMEA14102843,PRJEB51353,SAMEA14102843,,adult,,,SE,,,,,,2017,primary,1.0,8.091
SAMEA14102844,PRJEB51353,SAMEA14102844,,adult,,,SE,,,,,,2016,primary,1.0,6.204
SAMEA14102845,PRJEB51353,SAMEA14102845,,adult,,,SE,,,,,,2017,primary,1.0,7.106
SAMEA14102846,PRJEB51353,SAMEA14102846,,adult,,,SE,,,,,,2015,primary,1.0,7.648
SAMEA14102847,PRJEB51353,SAMEA14102847,,adult,,,SE,,,,,,2016,primary,1.0,7.194
SAMEA14102848,PRJEB51353,SAMEA14102848,,adult,,,SE,,,,,,2016,primary,1.0,8.016
SAMEA14102849,PRJEB51353,SAMEA14102849,,adult,,,SE,,,,,,2018,primary,1.0,6.581
SAMEA14102850,PRJEB51353,SAMEA14102850,,adult,,,SE,,,,,,2018,primary,1.0,8.966
SAMEA14102851,PRJEB51353,SAMEA14102851,,adult,,,SE,,,,,,2018,primary,1.0,7.149
SAMEA14102852,PRJEB51353,SAMEA14102852,,adult,,,SE,,,,,,2017,primary,1.0,8.178
SAMEA14102853,PRJEB51353,SAMEA14102853,,adult,,,SE,,,,,,2018,primary,1.0,7.292
SAMEA14102854,PRJEB51353,SAMEA14102854,,adult,,,SE,,,,,,2016,primary,1.0,7.594
SAMEA14102855,PRJEB51353,SAMEA14102855,,adult,,,SE,,,,,,2017,primary,1.0,6.744
SAMEA14102856,PRJEB51353,SAMEA14102856,,adult,,,SE,,,,,,2017,primary,1.0,6.789
SAMEA14102857,PRJEB51353,SAMEA14102857,,adult,,,SE,,,,,,2016,primary,1.0,7.586
SAMEA14102858,PRJEB51353,SAMEA14102858,,adult,,,SE,,,,,,2018,primary,1.0,8.901
SAMEA14102859,PRJEB51353,SAMEA14102859,,adult,,,SE,,,,,,2017,primary,1.0,8.652
SAMEA14102860,PRJEB51353,SAMEA14102860,,adult,,,SE,,,,,,2017,primary,1.0,8.256
SAMEA14102861,PRJEB51353,SAMEA14102861,,adult,,,SE,,,,,,2017,primary,1.0,7.794
SAMEA14102862,PRJEB51353,SAMEA14102862,,adult,,,SE,,,,,,2016,primary,1.0,7.768
SAMEA14102863,PRJEB51353,SAMEA14102863,,adult,,,SE,,,,,,2016,primary,1.0,6.948
SAMEA14102864,PRJEB51353,SAMEA14102864,,adult,,,SE,,,,,,2018,primary,1.0,8.449
SAMEA14102865,PRJEB51353,SAMEA14102865,,adult,,,SE,,,,,,2016,primary,1.0,9.572
SAMEA14102866,PRJEB51353,SAMEA14102866,,adult,,,SE,,,,,,2017,primary,1.0,7.233
SAMEA14102867,PRJEB51353,SAMEA14102867,,adult,,,SE,,,,,,2017,primary,1.0,7.943
SAMEA14102868,PRJEB51353,SAMEA14102868,,adult,,,SE,,,,,,2017,primary,1.0,8.564
SAMEA14102869,PRJEB51353,SAMEA14102869,,adult,,,SE,,,,,,2016,primary,1.0,7.5
SAMEA14102870,PRJEB51353,SAMEA14102870,,adult,,,SE,,,,,,2017,primary,1.0,7.079
SAMEA14102871,PRJEB51353,SAMEA14102871,,adult,,,SE,,,,,,2017,primary,1.0,6.992
SAMEA14102872,PRJEB51353,SAMEA14102872,,adult,,,SE,,,,,,2017,primary,1.0,6.898
SAMEA14102873,PRJEB51353,SAMEA14102873,,adult,,,SE,,,,,,2016,primary,1.0,7.351
SAMEA14102874,PRJEB51353,SAMEA14102874,,adult,,,SE,,,,,,2017,primary,1.0,6.138
SAMEA14102875,PRJEB51353,SAMEA14102875,,adult,,,SE,,,,,,2016,primary,1.0,8.282
SAMEA14102876,PRJEB51353,SAMEA14102876,,adult,,,SE,,,,,,2017,primary,1.0,6.936
SAMEA14102877,PRJEB51353,SAMEA14102877,,adult,,,SE,,,,,,2017,primary,1.0,7.467
SAMEA14102878,PRJEB51353,SAMEA14102878,,adult,,,SE,,,,,,2017,primary,1.0,7.227
SAMEA14102879,PRJEB51353,SAMEA14102879,,adult,,,SE,,,,,,2017,primary,1.0,8.044
SAMEA14102880,PRJEB51353,SAMEA14102880,,adult,,,SE,,,,,,2017,primary,1.0,6.146
SAMEA14102881,PRJEB51353,SAMEA14102881,,adult,,,SE,,,,,,2016,primary,2.0,18.956
SAMEA14102882,PRJEB51353,SAMEA14102882,,adult,,,SE,,,,,,2016,primary,1.0,11.626
SAMEA14102883,PRJEB51353,SAMEA14102883,,adult,,,SE,,,,,,2016,primary,1.0,7.239
SAMEA14102884,PRJEB51353,SAMEA14102884,,adult,,,SE,,,,,,2016,primary,1.0,7.228
SAMEA14102885,PRJEB51353,SAMEA14102885,,adult,,,SE,,,,,,2018,primary,1.0,8.807
SAMEA14102886,PRJEB51353,SAMEA14102886,,adult,,,SE,,,,,,2017,primary,1.0,6.186
SAMEA14102887,PRJEB51353,SAMEA14102887,,adult,,,SE,,,,,,2017,primary,1.0,7.776
SAMEA14102888,PRJEB51353,SAMEA14102888,,adult,,,SE,,,,,,2016,primary,1.0,7.34
SAMEA14102889,PRJEB51353,SAMEA14102889,,adult,,,SE,,,,,,2016,primary,1.0,12.11
SAMEA14102890,PRJEB51353,SAMEA14102890,,adult,,,SE,,,,,,2017,primary,1.0,6.844
SAMEA14102891,PRJEB51353,SAMEA14102891,,adult,,,SE,,,,,,2018,primary,1.0,7.159
SAMEA14102892,PRJEB51353,SAMEA14102892,,adult,,,SE,,,,,,2018,primary,1.0,6.564
SAMEA14102893,PRJEB51353,SAMEA14102893,,adult,,,SE,,,,,,2018,primary,1.0,6.28
SAMEA14102894,PRJEB51353,SAMEA14102894,,adult,,,SE,,,,,,2018,primary,1.0,7.936
SAMEA14102895,PRJEB51353,SAMEA14102895,,adult,,,SE,,,,,,2016,primary,1.0,6.095
SAMEA14102896,PRJEB51353,SAMEA14102896,,adult,,,SE,,,,,,2018,primary,1.0,9.516
SAMEA14102897,PRJEB51353,SAMEA14102897,,adult,,,SE,,,,,,2017,primary,1.0,7.722
SAMEA14102898,PRJEB51353,SAMEA14102898,,adult,,,SE,,,,,,2016,primary,1.0,8.114
SAMEA14102899,PRJEB51353,SAMEA14102899,,adult,,,SE,,,,,,2016,primary,1.0,6.033
SAMEA14102900,PRJEB51353,SAMEA14102900,,adult,,,SE,,,,,,2017,primary,1.0,8.213
SAMEA14102901,PRJEB51353,SAMEA14102901,,adult,,,SE,,,,,,2018,primary,1.0,8.657
SAMEA14102902,PRJEB51353,SAMEA14102902,,adult,,,SE,,,,,,2017,primary,1.0,7.182
SAMEA14102903,PRJEB51353,SAMEA14102903,,adult,,,SE,,,,,,2018,primary,1.0,7.884
SAMEA14102904,PRJEB51353,SAMEA14102904,,adult,,,SE,,,,,,2017,primary,1.0,10.801
SAMEA14102905,PRJEB51353,SAMEA14102905,,adult,,,SE,,,,,,2018,primary,1.0,7.902
SAMEA14102906,PRJEB51353,SAMEA14102906,,adult,,,SE,,,,,,2015,primary,1.0,6.997
SAMEA14102907,PRJEB51353,SAMEA14102907,,adult,,,SE,,,,,,2017,primary,1.0,6.857
SAMEA14102908,PRJEB51353,SAMEA14102908,,adult,,,SE,,,,,,2017,primary,1.0,8.218
SAMEA14102909,PRJEB51353,SAMEA14102909,,adult,,,SE,,,,,,2017,primary,1.0,8.782
SAMEA14102910,PRJEB51353,SAMEA14102910,,adult,,,SE,,,,,,2017,primary,1.0,6.641
SAMEA14102911,PRJEB51353,SAMEA14102911,,adult,,,SE,,,,,,2016,primary,1.0,6.878
SAMEA14102912,PRJEB51353,SAMEA14102912,,adult,,,SE,,,,,,2018,primary,1.0,8.874
SAMEA14102913,PRJEB51353,SAMEA14102913,,adult,,,SE,,,,,,2016,primary,1.0,7.186
SAMEA14102914,PRJEB51353,SAMEA14102914,,adult,,,SE,,,,,,2016,primary,1.0,5.973
SAMEA14102915,PRJEB51353,SAMEA14102915,,adult,,,SE,,,,,,2017,primary,1.0,7.077
SAMEA14102916,PRJEB51353,SAMEA14102916,,adult,,,SE,,,,,,2017,primary,1.0,8.933
SAMEA14102917,PRJEB51353,SAMEA14102917,,adult,,,SE,,,,,,2016,primary,1.0,6.735
SAMEA14102918,PRJEB51353,SAMEA14102918,,adult,,,SE,,,,,,2016,primary,1.0,7.332
SAMEA14102919,PRJEB51353,SAMEA14102919,,adult,,,SE,,,,,,2016,primary,1.0,9.161
SAMEA14102920,PRJEB51353,SAMEA14102920,,adult,,,SE,,,,,,2018,primary,1.0,6.953
SAMEA14102921,PRJEB51353,SAMEA14102921,,adult,,,SE,,,,,,2018,primary,1.0,6.399
SAMEA14102922,PRJEB51353,SAMEA14102922,,adult,,,SE,,,,,,2017,primary,1.0,8.017
SAMEA14102923,PRJEB51353,SAMEA14102923,,adult,,,SE,,,,,,2016,primary,1.0,6.499
SAMEA14102924,PRJEB51353,SAMEA14102924,,adult,,,SE,,,,,,2016,primary,1.0,6.758
SAMEA14102925,PRJEB51353,SAMEA14102925,,adult,,,SE,,,,,,2016,primary,1.0,7.005
SAMEA14102926,PRJEB51353,SAMEA14102926,,adult,,,SE,,,,,,2016,primary,1.0,6.928
SAMEA14102927,PRJEB51353,SAMEA14102927,,adult,,,SE,,,,,,2017,primary,1.0,6.068
SAMEA14102928,PRJEB51353,SAMEA14102928,,adult,,,SE,,,,,,2017,primary,1.0,7.001
SAMEA14102929,PRJEB51353,SAMEA14102929,,adult,,,SE,,,,,,2017,primary,1.0,6.359
SAMEA14102930,PRJEB51353,SAMEA14102930,,adult,,,SE,,,,,,2017,primary,1.0,9.249
SAMEA14102931,PRJEB51353,SAMEA14102931,,adult,,,SE,,,,,,2018,primary,1.0,8.183
SAMEA14102932,PRJEB51353,SAMEA14102932,,adult,,,SE,,,,,,2017,primary,1.0,9.04
SAMEA14102933,PRJEB51353,SAMEA14102933,,adult,,,SE,,,,,,2016,primary,1.0,8.382
SAMEA14102934,PRJEB51353,SAMEA14102934,,adult,,,SE,,,,,,2017,primary,1.0,7.696
SAMEA14102935,PRJEB51353,SAMEA14102935,,adult,,,SE,,,,,,2017,primary,1.0,8.075
SAMEA14102936,PRJEB51353,SAMEA14102936,,adult,,,SE,,,,,,2016,primary,1.0,7.92
SAMEA14102937,PRJEB51353,SAMEA14102937,,adult,,,SE,,,,,,2016,primary,1.0,6.105
SAMEA14102938,PRJEB51353,SAMEA14102938,,adult,,,SE,,,,,,2018,primary,1.0,6.174
SAMEA14102939,PRJEB51353,SAMEA14102939,,adult,,,SE,,,,,,2017,primary,1.0,6.4
SAMEA14102940,PRJEB51353,SAMEA14102940,,adult,,,SE,,,,,,2018,primary,1.0,6.218
SAMEA14102941,PRJEB51353,SAMEA14102941,,adult,,,SE,,,,,,2018,primary,1.0,6.562
SAMEA14102942,PRJEB51353,SAMEA14102942,,adult,,,SE,,,,,,2015,primary,2.0,14.548
SAMEA14102943,PRJEB51353,SAMEA14102943,,adult,,,SE,,,,,,2016,primary,2.0,16.767
SAMEA14102944,PRJEB51353,SAMEA14102944,,adult,,,SE,,,,,,2017,primary,1.0,6.379
SAMEA14102945,PRJEB51353,SAMEA14102945,,adult,,,SE,,,,,,2017,primary,1.0,7.713
SAMEA14102946,PRJEB51353,SAMEA14102946,,adult,,,SE,,,,,,2016,primary,1.0,7.679
SAMEA14102947,PRJEB51353,SAMEA14102947,,adult,,,SE,,,,,,2016,primary,1.0,6.986
SAMEA14102948,PRJEB51353,SAMEA14102948,,adult,,,SE,,,,,,2018,primary,1.0,11.978
SAMEA14102949,PRJEB51353,SAMEA14102949,,adult,,,SE,,,,,,2018,primary,1.0,7.556
SAMEA14102950,PRJEB51353,SAMEA14102950,,adult,,,SE,,,,,,2017,primary,1.0,6.263
SAMEA14102951,PRJEB51353,SAMEA14102951,,adult,,,SE,,,,,,2017,primary,1.0,6.104
SAMEA14102952,PRJEB51353,SAMEA14102952,,adult,,,SE,,,,,,2018,primary,1.0,6.35
SAMEA14102953,PRJEB51353,SAMEA14102953,,adult,,,SE,,,,,,2016,primary,1.0,9.89
SAMEA14102954,PRJEB51353,SAMEA14102954,,adult,,,SE,,,,,,2017,primary,1.0,7.062
SAMEA14102955,PRJEB51353,SAMEA14102955,,adult,,,SE,,,,,,2016,primary,1.0,6.721
SAMEA14102956,PRJEB51353,SAMEA14102956,,adult,,,SE,,,,,,2017,primary,1.0,6.709
SAMEA14102957,PRJEB51353,SAMEA14102957,,adult,,,SE,,,,,,2016,primary,1.0,11.638
SAMEA14102958,PRJEB51353,SAMEA14102958,,adult,,,SE,,,,,,2017,primary,1.0,6.785
SAMEA14102959,PRJEB51353,SAMEA14102959,,adult,,,SE,,,,,,2016,primary,1.0,6.814
SAMEA14102960,PRJEB51353,SAMEA14102960,,adult,,,SE,,,,,,2016,primary,1.0,6.757
SAMEA14102961,PRJEB51353,SAMEA14102961,,adult,,,SE,,,,,,2016,primary,1.0,5.99
SAMEA14102962,PRJEB51353,SAMEA14102962,,adult,,,SE,,,,,,2016,primary,1.0,8.061
SAMEA14102963,PRJEB51353,SAMEA14102963,,adult,,,SE,,,,,,2016,primary,1.0,7.709
SAMEA14102964,PRJEB51353,SAMEA14102964,,adult,,,SE,,,,,,2017,primary,1.0,7.004
SAMEA14102965,PRJEB51353,SAMEA14102965,,adult,,,SE,,,,,,2017,primary,1.0,8.101
SAMEA14102966,PRJEB51353,SAMEA14102966,,adult,,,SE,,,,,,2017,primary,1.0,6.553
SAMEA14102967,PRJEB51353,SAMEA14102967,,adult,,,SE,,,,,,2017,primary,1.0,7.353
SAMEA14102968,PRJEB51353,SAMEA14102968,,adult,,,SE,,,,,,2017,primary,1.0,8.636
SAMEA14102969,PRJEB51353,SAMEA14102969,,adult,,,SE,,,,,,2017,primary,1.0,6.717
SAMEA14102970,PRJEB51353,SAMEA14102970,,adult,,,SE,,,,,,2017,primary,1.0,6.829
SAMEA14102971,PRJEB51353,SAMEA14102971,,adult,,,SE,,,,,,2015,primary,2.0,12.896
SAMEA14102972,PRJEB51353,SAMEA14102972,,adult,,,SE,,,,,,2018,primary,1.0,8.287
SAMEA14102973,PRJEB51353,SAMEA14102973,,adult,,,SE,,,,,,2017,primary,1.0,6.68
SAMEA14102974,PRJEB51353,SAMEA14102974,,adult,,,SE,,,,,,2018,primary,1.0,6.719
SAMEA14102975,PRJEB51353,SAMEA14102975,,adult,,,SE,,,,,,2017,primary,1.0,8.311
SAMEA14102976,PRJEB51353,SAMEA14102976,,adult,,,SE,,,,,,2018,primary,1.0,10.87
SAMEA14102977,PRJEB51353,SAMEA14102977,,adult,,,SE,,,,,,2017,primary,1.0,6.235
SAMEA14102978,PRJEB51353,SAMEA14102978,,adult,,,SE,,,,,,2018,primary,1.0,6.367
SAMEA14102979,PRJEB51353,SAMEA14102979,,adult,,,SE,,,,,,2016,primary,1.0,5.954
SAMEA14102980,PRJEB51353,SAMEA14102980,,adult,,,SE,,,,,,2017,primary,1.0,7.562
SAMEA14102981,PRJEB51353,SAMEA14102981,,adult,,,SE,,,,,,2018,primary,1.0,7.226
SAMEA14102982,PRJEB51353,SAMEA14102982,,adult,,,SE,,,,,,2017,primary,1.0,8.743
SAMEA14102983,PRJEB51353,SAMEA14102983,,adult,,,SE,,,,,,2016,primary,1.0,9.816
SAMEA14102984,PRJEB51353,SAMEA14102984,,adult,,,SE,,,,,,2017,primary,1.0,6.424
SAMEA14102985,PRJEB51353,SAMEA14102985,,adult,,,SE,,,,,,2017,primary,1.0,8.328
SAMEA14102986,PRJEB51353,SAMEA14102986,,adult,,,SE,,,,,,2017,primary,1.0,7.078
SAMEA14102987,PRJEB51353,SAMEA14102987,,adult,,,SE,,,,,,2016,primary,1.0,8.554
SAMEA14102988,PRJEB51353,SAMEA14102988,,adult,,,SE,,,,,,2016,primary,1.0,6.685
SAMEA14102989,PRJEB51353,SAMEA14102989,,adult,,,SE,,,,,,2018,primary,1.0,7.211
SAMEA14102990,PRJEB51353,SAMEA14102990,,adult,,,SE,,,,,,2016,primary,2.0,18.82
SAMEA14102991,PRJEB51353,SAMEA14102991,,adult,,,SE,,,,,,2018,primary,1.0,6.311
SAMEA14102992,PRJEB51353,SAMEA14102992,,adult,,,SE,,,,,,2018,primary,1.0,7.046
SAMEA14102993,PRJEB51353,SAMEA14102993,,adult,,,SE,,,,,,2016,primary,1.0,7.96
SAMEA14102994,PRJEB51353,SAMEA14102994,,adult,,,SE,,,,,,2017,primary,1.0,8.755
SAMEA14102995,PRJEB51353,SAMEA14102995,,adult,,,SE,,,,,,2016,primary,1.0,6.579
SAMEA14102996,PRJEB51353,SAMEA14102996,,adult,,,SE,,,,,,2015,primary,1.0,9.205
SAMEA14102997,PRJEB51353,SAMEA14102997,,adult,,,SE,,,,,,2016,primary,1.0,8.691
SAMEA14102998,PRJEB51353,SAMEA14102998,,adult,,,SE,,,,,,2016,primary,1.0,8.266
SAMEA14102999,PRJEB51353,SAMEA14102999,,adult,,,SE,,,,,,2016,primary,1.0,7.678
SAMEA14103000,PRJEB51353,SAMEA14103000,,adult,,,SE,,,,,,2017,primary,1.0,7.923
SAMEA14103001,PRJEB51353,SAMEA14103001,,adult,,,SE,,,,,,2016,primary,1.0,6.739
SAMEA14103002,PRJEB51353,SAMEA14103002,,adult,,,SE,,,,,,2017,primary,1.0,8.606
SAMEA14103003,PRJEB51353,SAMEA14103003,,adult,,,SE,,,,,,2018,primary,1.0,8.23
SAMEA14103004,PRJEB51353,SAMEA14103004,,adult,,,SE,,,,,,2016,primary,1.0,8.271
SAMEA14103005,PRJEB51353,SAMEA14103005,,adult,,,SE,,,,,,2018,primary,1.0,7.454
SAMEA14103006,PRJEB51353,SAMEA14103006,,adult,,,SE,,,,,,2016,primary,2.0,20.175
SAMEA14103007,PRJEB51353,SAMEA14103007,,adult,,,SE,,,,,,2017,primary,1.0,8.001
SAMEA14103008,PRJEB51353,SAMEA14103008,,adult,,,SE,,,,,,2018,primary,1.0,8.03
SAMEA14103009,PRJEB51353,SAMEA14103009,,adult,,,SE,,,,,,2016,primary,1.0,8.279
SAMEA14103010,PRJEB51353,SAMEA14103010,,adult,,,SE,,,,,,2016,primary,1.0,6.803
SAMEA14103011,PRJEB51353,SAMEA14103011,,adult,,,SE,,,,,,2016,primary,1.0,6.58
SAMEA14103012,PRJEB51353,SAMEA14103012,,adult,,,SE,,,,,,2017,primary,1.0,12.257
SAMEA14103013,PRJEB51353,SAMEA14103013,,adult,,,SE,,,,,,2016,primary,1.0,7.049
SAMEA14103014,PRJEB51353,SAMEA14103014,,adult,,,SE,,,,,,2017,primary,1.0,7.702
SAMEA14103015,PRJEB51353,SAMEA14103015,,adult,,,SE,,,,,,2018,primary,1.0,8.179
SAMEA14103016,PRJEB51353,SAMEA14103016,,adult,,,SE,,,,,,2017,primary,1.0,7.564
SAMEA14103017,PRJEB51353,SAMEA14103017,,adult,,,SE,,,,,,2017,primary,1.0,8.049
SAMEA14103018,PRJEB51353,SAMEA14103018,,adult,,,SE,,,,,,2018,primary,1.0,11.762
SAMEA14103019,PRJEB51353,SAMEA14103019,,adult,,,SE,,,,,,2018,primary,1.0,7.117
SAMEA14103020,PRJEB51353,SAMEA14103020,,adult,,,SE,,,,,,2018,primary,1.0,8.832
SAMEA14103021,PRJEB51353,SAMEA14103021,,adult,,,SE,,,,,,2017,primary,1.0,7.899
SAMEA14103022,PRJEB51353,SAMEA14103022,,adult,,,SE,,,,,,2018,primary,1.0,9.144
SAMEA14103023,PRJEB51353,SAMEA14103023,,adult,,,SE,,,,,,2018,primary,1.0,7.567
SAMEA14103024,PRJEB51353,SAMEA14103024,,adult,,,SE,,,,,,2017,primary,1.0,7.061
SAMEA14103025,PRJEB51353,SAMEA14103025,,adult,,,SE,,,,,,2016,primary,1.0,7.374
SAMEA14103026,PRJEB51353,SAMEA14103026,,adult,,,SE,,,,,,2017,primary,1.0,7.128
SAMEA14103027,PRJEB51353,SAMEA14103027,,adult,,,SE,,,,,,2018,primary,1.0,6.635
SAMEA14103028,PRJEB51353,SAMEA14103028,,adult,,,SE,,,,,,2016,primary,1.0,6.982
SAMEA14103029,PRJEB51353,SAMEA14103029,,adult,,,SE,,,,,,2016,primary,1.0,9.116
SAMEA14103030,PRJEB51353,SAMEA14103030,,adult,,,SE,,,,,,2017,primary,1.0,10.218
SAMEA14103031,PRJEB51353,SAMEA14103031,,adult,,,SE,,,,,,2018,primary,1.0,7.096
SAMEA14103032,PRJEB51353,SAMEA14103032,,adult,,,SE,,,,,,2016,primary,1.0,6.252
SAMEA14103033,PRJEB51353,SAMEA14103033,,adult,,,SE,,,,,,2016,primary,1.0,7.246
SAMEA14103034,PRJEB51353,SAMEA14103034,,adult,,,SE,,,,,,2017,primary,1.0,6.648
SAMEA14103035,PRJEB51353,SAMEA14103035,,adult,,,SE,,,,,,2018,primary,1.0,5.944
SAMEA14103036,PRJEB51353,SAMEA14103036,,adult,,,SE,,,,,,2018,primary,1.0,7.241
SAMEA14103037,PRJEB51353,SAMEA14103037,,adult,,,SE,,,,,,2017,primary,1.0,6.888
SAMEA14103038,PRJEB51353,SAMEA14103038,,adult,,,SE,,,,,,2017,primary,1.0,7.632
SAMEA14103039,PRJEB51353,SAMEA14103039,,adult,,,SE,,,,,,2018,primary,1.0,7.198
SAMEA14103040,PRJEB51353,SAMEA14103040,,adult,,,SE,,,,,,2017,primary,1.0,6.675
SAMEA14103041,PRJEB51353,SAMEA14103041,,adult,,,SE,,,,,,2016,primary,1.0,6.915
SAMEA14103042,PRJEB51353,SAMEA14103042,,adult,,,SE,,,,,,2017,primary,1.0,6.534
SAMEA14103043,PRJEB51353,SAMEA14103043,,adult,,,SE,,,,,,2017,primary,1.0,6.955
SAMEA14103044,PRJEB51353,SAMEA14103044,,adult,,,SE,,,,,,2017,primary,1.0,7.758
SAMEA14103045,PRJEB51353,SAMEA14103045,,adult,,,SE,,,,,,2018,primary,1.0,7.236
SAMEA14103046,PRJEB51353,SAMEA14103046,,adult,,,SE,,,,,,2016,primary,1.0,6.853
SAMEA14103047,PRJEB51353,SAMEA14103047,,adult,,,SE,,,,,,2017,primary,1.0,8.436
SAMEA14103048,PRJEB51353,SAMEA14103048,,adult,,,SE,,,,,,2017,primary,1.0,7.561
SAMEA14103049,PRJEB51353,SAMEA14103049,,adult,,,SE,,,,,,2017,primary,1.0,7.308
SAMEA14103050,PRJEB51353,SAMEA14103050,,adult,,,SE,,,,,,2016,primary,1.0,7.213
SAMEA14103051,PRJEB51353,SAMEA14103051,,adult,,,SE,,,,,,2018,primary,1.0,9.142
SAMEA14103052,PRJEB51353,SAMEA14103052,,adult,,,SE,,,,,,2016,primary,1.0,7.572
SAMEA14103053,PRJEB51353,SAMEA14103053,,adult,,,SE,,,,,,2018,primary,1.0,7.662
SAMEA14103054,PRJEB51353,SAMEA14103054,,adult,,,SE,,,,,,2015,primary,1.0,8.195
SAMEA14103055,PRJEB51353,SAMEA14103055,,adult,,,SE,,,,,,2017,primary,1.0,7.163
SAMEA14103056,PRJEB51353,SAMEA14103056,,adult,,,SE,,,,,,2017,primary,1.0,8.496
SAMEA14103057,PRJEB51353,SAMEA14103057,,adult,,,SE,,,,,,2017,primary,1.0,6.442
SAMEA14103058,PRJEB51353,SAMEA14103058,,adult,,,SE,,,,,,2016,primary,1.0,7.05
SAMEA14103059,PRJEB51353,SAMEA14103059,,adult,,,SE,,,,,,2016,primary,1.0,8.306
SAMEA14103060,PRJEB51353,SAMEA14103060,,adult,,,SE,,,,,,2016,primary,1.0,8.549
SAMEA14103061,PRJEB51353,SAMEA14103061,,adult,,,SE,,,,,,2017,primary,1.0,7.18
SAMEA14103062,PRJEB51353,SAMEA14103062,,adult,,,SE,,,,,,2017,primary,1.0,6.86
SAMEA14103063,PRJEB51353,SAMEA14103063,,adult,,,SE,,,,,,2016,primary,1.0,7.62
SAMEA14103064,PRJEB51353,SAMEA14103064,,adult,,,SE,,,,,,2017,primary,1.0,6.95
SAMEA14103065,PRJEB51353,SAMEA14103065,,adult,,,SE,,,,,,2017,primary,1.0,9.077
SAMEA14103066,PRJEB51353,SAMEA14103066,,adult,,,SE,,,,,,2017,primary,1.0,7.505
SAMEA14103067,PRJEB51353,SAMEA14103067,,adult,,,SE,,,,,,2017,primary,1.0,7.162
SAMEA14103068,PRJEB51353,SAMEA14103068,,adult,,,SE,,,,,,2016,primary,1.0,6.168
SAMEA14103069,PRJEB51353,SAMEA14103069,,adult,,,SE,,,,,,2017,primary,1.0,7.09
SAMEA14103070,PRJEB51353,SAMEA14103070,,adult,,,SE,,,,,,2016,primary,1.0,7.357
SAMEA14103071,PRJEB51353,SAMEA14103071,,adult,,,SE,,,,,,2017,primary,1.0,12.369
SAMEA14103072,PRJEB51353,SAMEA14103072,,adult,,,SE,,,,,,2018,primary,1.0,7.287
SAMEA14103073,PRJEB51353,SAMEA14103073,,adult,,,SE,,,,,,2017,primary,1.0,7.709
SAMEA14103074,PRJEB51353,SAMEA14103074,,adult,,,SE,,,,,,2017,primary,1.0,7.266
SAMEA14103075,PRJEB51353,SAMEA14103075,,adult,,,SE,,,,,,2017,primary,1.0,7.136
SAMEA14103076,PRJEB51353,SAMEA14103076,,adult,,,SE,,,,,,2016,primary,1.0,6.21
SAMEA14103077,PRJEB51353,SAMEA14103077,,adult,,,SE,,,,,,2017,primary,1.0,7.483
SAMEA14103078,PRJEB51353,SAMEA14103078,,adult,,,SE,,,,,,2017,primary,1.0,7.502
SAMEA14103079,PRJEB51353,SAMEA14103079,,adult,,,SE,,,,,,2017,primary,1.0,6.892
SAMEA14103080,PRJEB51353,SAMEA14103080,,adult,,,SE,,,,,,2016,primary,1.0,6.241
SAMEA14103081,PRJEB51353,SAMEA14103081,,adult,,,SE,,,,,,2018,primary,1.0,7.853
SAMEA14103082,PRJEB51353,SAMEA14103082,,adult,,,SE,,,,,,2017,primary,1.0,8.574
SAMEA14103083,PRJEB51353,SAMEA14103083,,adult,,,SE,,,,,,2017,primary,1.0,9.432
SAMEA14103084,PRJEB51353,SAMEA14103084,,adult,,,SE,,,,,,2017,primary,1.0,8.376
SAMEA14103085,PRJEB51353,SAMEA14103085,,adult,,,SE,,,,,,2017,primary,1.0,7.653
SAMEA14103086,PRJEB51353,SAMEA14103086,,adult,,,SE,,,,,,2018,primary,1.0,6.427
SAMEA14103087,PRJEB51353,SAMEA14103087,,adult,,,SE,,,,,,2017,primary,1.0,8.299
SAMEA14103088,PRJEB51353,SAMEA14103088,,adult,,,SE,,,,,,2017,primary,1.0,7.431
SAMEA14103089,PRJEB51353,SAMEA14103089,,adult,,,SE,,,,,,2017,primary,1.0,6.738
SAMEA14103090,PRJEB51353,SAMEA14103090,,adult,,,SE,,,,,,2017,primary,1.0,7.262
SAMEA14103091,PRJEB51353,SAMEA14103091,,adult,,,SE,,,,,,2018,primary,1.0,7.696
SAMEA14103092,PRJEB51353,SAMEA14103092,,adult,,,SE,,,,,,2016,primary,1.0,8.023
SAMEA14103093,PRJEB51353,SAMEA14103093,,adult,,,SE,,,,,,2017,primary,1.0,6.28
SAMEA14103094,PRJEB51353,SAMEA14103094,,adult,,,SE,,,,,,2016,primary,1.0,7.146
SAMEA14103095,PRJEB51353,SAMEA14103095,,adult,,,SE,,,,,,2017,primary,1.0,7.272
SAMEA14103096,PRJEB51353,SAMEA14103096,,adult,,,SE,,,,,,2017,primary,1.0,9.518
SAMEA14103097,PRJEB51353,SAMEA14103097,,adult,,,SE,,,,,,2016,primary,1.0,7.653
SAMEA14103098,PRJEB51353,SAMEA14103098,,adult,,,SE,,,,,,2017,primary,1.0,7.424
SAMEA14103099,PRJEB51353,SAMEA14103099,,adult,,,SE,,,,,,2016,primary,1.0,9.413
SAMEA14103100,PRJEB51353,SAMEA14103100,,adult,,,SE,,,,,,2017,primary,1.0,7.723
SAMEA14103101,PRJEB51353,SAMEA14103101,,adult,,,SE,,,,,,2018,primary,1.0,9.751
SAMEA14103102,PRJEB51353,SAMEA14103102,,adult,,,SE,,,,,,2018,primary,1.0,6.249
SAMEA14103103,PRJEB51353,SAMEA14103103,,adult,,,SE,,,,,,2016,primary,2.0,14.252
SAMEA14103104,PRJEB51353,SAMEA14103104,,adult,,,SE,,,,,,2018,primary,1.0,6.732
SAMEA14103105,PRJEB51353,SAMEA14103105,,adult,,,SE,,,,,,2016,primary,1.0,6.54
SAMEA14103106,PRJEB51353,SAMEA14103106,,adult,,,SE,,,,,,2017,primary,1.0,6.597
SAMEA14103107,PRJEB51353,SAMEA14103107,,adult,,,SE,,,,,,2016,primary,2.0,14.919
SAMEA14103108,PRJEB51353,SAMEA14103108,,adult,,,SE,,,,,,2017,primary,1.0,6.113
SAMEA14103109,PRJEB51353,SAMEA14103109,,adult,,,SE,,,,,,2017,primary,1.0,8.243
SAMEA14103110,PRJEB51353,SAMEA14103110,,adult,,,SE,,,,,,2018,primary,1.0,7.64
SAMEA14103111,PRJEB51353,SAMEA14103111,,adult,,,SE,,,,,,2017,primary,1.0,8.142
SAMEA14103112,PRJEB51353,SAMEA14103112,,adult,,,SE,,,,,,2017,primary,1.0,8.37
SAMEA14103113,PRJEB51353,SAMEA14103113,,adult,,,SE,,,,,,2016,primary,1.0,7.568
SAMEA14103114,PRJEB51353,SAMEA14103114,,adult,,,SE,,,,,,2016,primary,1.0,7.489
SAMEA14103115,PRJEB51353,SAMEA14103115,,adult,,,SE,,,,,,2017,primary,1.0,6.827
SAMEA14103116,PRJEB51353,SAMEA14103116,,adult,,,SE,,,,,,2017,primary,1.0,12.317
SAMEA14103117,PRJEB51353,SAMEA14103117,,adult,,,SE,,,,,,2018,primary,1.0,8.896
SAMEA14103118,PRJEB51353,SAMEA14103118,,adult,,,SE,,,,,,2018,primary,1.0,6.204
SAMEA14103119,PRJEB51353,SAMEA14103119,,adult,,,SE,,,,,,2018,primary,1.0,7.212
SAMEA14103120,PRJEB51353,SAMEA14103120,,adult,,,SE,,,,,,2018,primary,1.0,8.483
SAMEA14103121,PRJEB51353,SAMEA14103121,,adult,,,SE,,,,,,2017,primary,1.0,7.056
SAMEA14103122,PRJEB51353,SAMEA14103122,,adult,,,SE,,,,,,2016,primary,1.0,6.656
SAMEA14103123,PRJEB51353,SAMEA14103123,,adult,,,SE,,,,,,2018,primary,1.0,11.375
SAMEA14103124,PRJEB51353,SAMEA14103124,,adult,,,SE,,,,,,2017,primary,1.0,9.315
SAMEA14103125,PRJEB51353,SAMEA14103125,,adult,,,SE,,,,,,2017,primary,1.0,6.601
SAMEA14103126,PRJEB51353,SAMEA14103126,,adult,,,SE,,,,,,2018,primary,1.0,7.697
SAMEA14103127,PRJEB51353,SAMEA14103127,,adult,,,SE,,,,,,2017,primary,1.0,7.276
SAMEA14103128,PRJEB51353,SAMEA14103128,,adult,,,SE,,,,,,2015,primary,1.0,7.372
SAMEA14103129,PRJEB51353,SAMEA14103129,,adult,,,SE,,,,,,2016,primary,1.0,6.277
SAMEA14103130,PRJEB51353,SAMEA14103130,,adult,,,SE,,,,,,2016,primary,1.0,8.32
SAMEA14103131,PRJEB51353,SAMEA14103131,,adult,,,SE,,,,,,2017,primary,1.0,6.247
SAMEA14103132,PRJEB51353,SAMEA14103132,,adult,,,SE,,,,,,2016,primary,1.0,7.885
SAMEA14103133,PRJEB51353,SAMEA14103133,,adult,,,SE,,,,,,2016,primary,1.0,6.471
SAMEA14103134,PRJEB51353,SAMEA14103134,,adult,,,SE,,,,,,2017,primary,1.0,7.158
SAMEA14103135,PRJEB51353,SAMEA14103135,,adult,,,SE,,,,,,2017,primary,1.0,8.133
SAMEA14103136,PRJEB51353,SAMEA14103136,,adult,,,SE,,,,,,2016,primary,1.0,8.445
SAMEA14103137,PRJEB51353,SAMEA14103137,,adult,,,SE,,,,,,2017,primary,1.0,7.859
SAMEA14103138,PRJEB51353,SAMEA14103138,,adult,,,SE,,,,,,2016,primary,1.0,7.857
SAMEA14103139,PRJEB51353,SAMEA14103139,,adult,,,SE,,,,,,2017,primary,1.0,7.06
SAMEA14103140,PRJEB51353,SAMEA14103140,,adult,,,SE,,,,,,2016,primary,1.0,7.161
SAMEA14103141,PRJEB51353,SAMEA14103141,,adult,,,SE,,,,,,2017,primary,1.0,7.446
SAMEA14103142,PRJEB51353,SAMEA14103142,,adult,,,SE,,,,,,2018,primary,1.0,7.103
SAMEA14103143,PRJEB51353,SAMEA14103143,,adult,,,SE,,,,,,2017,primary,1.0,7.229
SAMEA14103144,PRJEB51353,SAMEA14103144,,adult,,,SE,,,,,,2016,primary,1.0,6.833
SAMEA14103145,PRJEB51353,SAMEA14103145,,adult,,,SE,,,,,,2017,primary,1.0,9.135
SAMEA14103146,PRJEB51353,SAMEA14103146,,adult,,,SE,,,,,,2017,primary,1.0,9.133
SAMEA14103147,PRJEB51353,SAMEA14103147,,adult,,,SE,,,,,,2017,primary,1.0,6.863
SAMEA14103148,PRJEB51353,SAMEA14103148,,adult,,,SE,,,,,,2015,primary,1.0,8.164
SAMEA14103149,PRJEB51353,SAMEA14103149,,adult,,,SE,,,,,,2018,primary,1.0,7.506
SAMEA14103150,PRJEB51353,SAMEA14103150,,adult,,,SE,,,,,,2016,primary,1.0,8.375
SAMEA14103151,PRJEB51353,SAMEA14103151,,adult,,,SE,,,,,,2018,primary,1.0,5.971
SAMEA14103152,PRJEB51353,SAMEA14103152,,adult,,,SE,,,,,,2016,primary,1.0,7.123
SAMEA14103153,PRJEB51353,SAMEA14103153,,adult,,,SE,,,,,,2018,primary,1.0,7.864
SAMEA14103154,PRJEB51353,SAMEA14103154,,adult,,,SE,,,,,,2018,primary,1.0,6.398
SAMEA14103155,PRJEB51353,SAMEA14103155,,adult,,,SE,,,,,,2016,primary,1.0,7.931
SAMEA14103156,PRJEB51353,SAMEA14103156,,adult,,,SE,,,,,,2017,primary,1.0,9.282
SAMEA14103157,PRJEB51353,SAMEA14103157,,adult,,,SE,,,,,,2016,primary,1.0,8.765
SAMEA14103158,PRJEB51353,SAMEA14103158,,adult,,,SE,,,,,,2016,primary,2.0,15.639
SAMEA14103159,PRJEB51353,SAMEA14103159,,adult,,,SE,,,,,,2017,primary,1.0,6.425
SAMEA14103160,PRJEB51353,SAMEA14103160,,adult,,,SE,,,,,,2017,primary,1.0,6.548
SAMEA14103161,PRJEB51353,SAMEA14103161,,adult,,,SE,,,,,,2017,primary,1.0,7.246
SAMEA14103162,PRJEB51353,SAMEA14103162,,adult,,,SE,,,,,,2018,primary,1.0,7.911
SAMEA14103163,PRJEB51353,SAMEA14103163,,adult,,,SE,,,,,,2018,primary,1.0,7.047
SAMEA14103164,PRJEB51353,SAMEA14103164,,adult,,,SE,,,,,,2017,primary,1.0,7.074
SAMEA14103165,PRJEB51353,SAMEA14103165,,adult,,,SE,,,,,,2016,primary,1.0,8.18
SAMEA14103166,PRJEB51353,SAMEA14103166,,adult,,,SE,,,,,,2016,primary,1.0,7.477
SAMEA14103167,PRJEB51353,SAMEA14103167,,adult,,,SE,,,,,,2018,primary,1.0,7.861
SAMEA14103168,PRJEB51353,SAMEA14103168,,adult,,,SE,,,,,,2016,primary,1.0,8.809
SAMEA14103169,PRJEB51353,SAMEA14103169,,adult,,,SE,,,,,,2017,primary,1.0,9.969
SAMEA14103170,PRJEB51353,SAMEA14103170,,adult,,,SE,,,,,,2015,primary,2.0,13.541
SAMEA14103171,PRJEB51353,SAMEA14103171,,adult,,,SE,,,,,,2016,primary,1.0,6.987
SAMEA14103172,PRJEB51353,SAMEA14103172,,adult,,,SE,,,,,,2018,primary,1.0,7.353
SAMEA14103173,PRJEB51353,SAMEA14103173,,adult,,,SE,,,,,,2016,primary,1.0,7.891
SAMEA14103174,PRJEB51353,SAMEA14103174,,adult,,,SE,,,,,,2017,primary,1.0,6.911
SAMEA14103175,PRJEB51353,SAMEA14103175,,adult,,,SE,,,,,,2015,primary,1.0,6.84
SAMEA14103176,PRJEB51353,SAMEA14103176,,adult,,,SE,,,,,,2015,primary,2.0,15.735
SAMEA14103177,PRJEB51353,SAMEA14103177,,adult,,,SE,,,,,,2017,primary,1.0,7.377
SAMEA14103178,PRJEB51353,SAMEA14103178,,adult,,,SE,,,,,,2017,primary,1.0,8.995
SAMEA14103179,PRJEB51353,SAMEA14103179,,adult,,,SE,,,,,,2018,primary,1.0,6.563
SAMEA14103180,PRJEB51353,SAMEA14103180,,adult,,,SE,,,,,,2017,primary,1.0,9.365
SAMEA14103181,PRJEB51353,SAMEA14103181,,adult,,,SE,,,,,,2017,primary,1.0,6.331
SAMEA14103182,PRJEB51353,SAMEA14103182,,adult,,,SE,,,,,,2017,primary,1.0,6.462
SAMEA14103183,PRJEB51353,SAMEA14103183,,adult,,,SE,,,,,,2018,primary,1.0,7.024
SAMEA14103184,PRJEB51353,SAMEA14103184,,adult,,,SE,,,,,,2018,primary,1.0,6.174
SAMEA14103185,PRJEB51353,SAMEA14103185,,adult,,,SE,,,,,,2018,primary,1.0,6.489
SAMEA14103186,PRJEB51353,SAMEA14103186,,adult,,,SE,,,,,,2018,primary,1.0,7.406
SAMEA14103187,PRJEB51353,SAMEA14103187,,adult,,,SE,,,,,,2017,primary,1.0,7.455
SAMEA14103188,PRJEB51353,SAMEA14103188,,adult,,,SE,,,,,,2017,primary,1.0,7.729
SAMEA14103189,PRJEB51353,SAMEA14103189,,adult,,,SE,,,,,,2017,primary,1.0,6.533
SAMEA14103190,PRJEB51353,SAMEA14103190,,adult,,,SE,,,,,,2017,primary,1.0,7.093
SAMEA14103191,PRJEB51353,SAMEA14103191,,adult,,,SE,,,,,,2016,primary,1.0,9.421
SAMEA14103192,PRJEB51353,SAMEA14103192,,adult,,,SE,,,,,,2018,primary,1.0,8.79
SAMEA14103193,PRJEB51353,SAMEA14103193,,adult,,,SE,,,,,,2018,primary,1.0,8.242
SAMEA14103194,PRJEB51353,SAMEA14103194,,adult,,,SE,,,,,,2017,primary,1.0,5.96
SAMEA14103195,PRJEB51353,SAMEA14103195,,adult,,,SE,,,,,,2016,primary,1.0,8.081
SAMEA14103196,PRJEB51353,SAMEA14103196,,adult,,,SE,,,,,,2018,primary,1.0,6.499
SAMEA14103197,PRJEB51353,SAMEA14103197,,adult,,,SE,,,,,,2017,primary,1.0,5.976
SAMEA14103198,PRJEB51353,SAMEA14103198,,adult,,,SE,,,,,,2017,primary,1.0,6.846
SAMEA14103199,PRJEB51353,SAMEA14103199,,adult,,,SE,,,,,,2016,primary,1.0,7.451
SAMEA14103200,PRJEB51353,SAMEA14103200,,adult,,,SE,,,,,,2016,primary,1.0,7.808
SAMEA14103201,PRJEB51353,SAMEA14103201,,adult,,,SE,,,,,,2017,primary,1.0,6.076
SAMEA14103202,PRJEB51353,SAMEA14103202,,adult,,,SE,,,,,,2017,primary,1.0,6.956
SAMEA14103203,PRJEB51353,SAMEA14103203,,adult,,,SE,,,,,,2018,primary,1.0,9.091
SAMEA14103204,PRJEB51353,SAMEA14103204,,adult,,,SE,,,,,,2018,primary,1.0,6.775
SAMEA14103205,PRJEB51353,SAMEA14103205,,adult,,,SE,,,,,,2017,primary,1.0,6.898
SAMEA14103206,PRJEB51353,SAMEA14103206,,adult,,,SE,,,,,,2016,primary,1.0,8.712
SAMEA14103207,PRJEB51353,SAMEA14103207,,adult,,,SE,,,,,,2017,primary,1.0,7.175
SAMEA14103208,PRJEB51353,SAMEA14103208,,adult,,,SE,,,,,,2016,primary,1.0,9.069
SAMEA14103209,PRJEB51353,SAMEA14103209,,adult,,,SE,,,,,,2017,primary,1.0,10.745
SAMEA14103210,PRJEB51353,SAMEA14103210,,adult,,,SE,,,,,,2017,primary,1.0,7.683
SAMEA14103211,PRJEB51353,SAMEA14103211,,adult,,,SE,,,,,,2017,primary,1.0,6.222
SAMEA14103212,PRJEB51353,SAMEA14103212,,adult,,,SE,,,,,,2017,primary,1.0,8.346
SAMEA14103213,PRJEB51353,SAMEA14103213,,adult,,,SE,,,,,,2016,primary,1.0,7.327
SAMEA14103214,PRJEB51353,SAMEA14103214,,adult,,,SE,,,,,,2018,primary,1.0,8.483
SAMEA14103215,PRJEB51353,SAMEA14103215,,adult,,,SE,,,,,,2018,primary,1.0,5.953
SAMEA14103216,PRJEB51353,SAMEA14103216,,adult,,,SE,,,,,,2016,primary,1.0,7.572
SAMEA14103217,PRJEB51353,SAMEA14103217,,adult,,,SE,,,,,,2018,primary,1.0,6.715
SAMEA14103218,PRJEB51353,SAMEA14103218,,adult,,,SE,,,,,,2017,primary,1.0,7.122
SAMEA14103219,PRJEB51353,SAMEA14103219,,adult,,,SE,,,,,,2016,primary,1.0,6.58
SAMEA14103220,PRJEB51353,SAMEA14103220,,adult,,,SE,,,,,,2016,primary,1.0,7.456
SAMEA14103221,PRJEB51353,SAMEA14103221,,adult,,,SE,,,,,,2016,primary,1.0,8.142
SAMEA14103222,PRJEB51353,SAMEA14103222,,adult,,,SE,,,,,,2017,primary,1.0,6.833
SAMEA14103223,PRJEB51353,SAMEA14103223,,adult,,,SE,,,,,,2017,primary,1.0,6.792
SAMEA14103224,PRJEB51353,SAMEA14103224,,adult,,,SE,,,,,,2017,primary,1.0,7.867
SAMEA14103225,PRJEB51353,SAMEA14103225,,adult,,,SE,,,,,,2016,primary,1.0,6.405
SAMEA14103226,PRJEB51353,SAMEA14103226,,adult,,,SE,,,,,,2017,primary,1.0,6.797
SAMEA14103227,PRJEB51353,SAMEA14103227,,adult,,,SE,,,,,,2017,primary,1.0,7.904
SAMEA14103228,PRJEB51353,SAMEA14103228,,adult,,,SE,,,,,,2016,primary,1.0,9.188
SAMEA14103229,PRJEB51353,SAMEA14103229,,adult,,,SE,,,,,,2018,primary,1.0,8.436
SAMEA14103230,PRJEB51353,SAMEA14103230,,adult,,,SE,,,,,,2015,primary,1.0,6.017
SAMEA14103231,PRJEB51353,SAMEA14103231,,adult,,,SE,,,,,,2018,primary,1.0,7.601
SAMEA14103232,PRJEB51353,SAMEA14103232,,adult,,,SE,,,,,,2018,primary,1.0,8.037
SAMEA14103233,PRJEB51353,SAMEA14103233,,adult,,,SE,,,,,,2017,primary,1.0,8.293
SAMEA14103234,PRJEB51353,SAMEA14103234,,adult,,,SE,,,,,,2017,primary,1.0,7.366
SAMEA14103235,PRJEB51353,SAMEA14103235,,adult,,,SE,,,,,,2017,primary,1.0,7.662
SAMEA14103236,PRJEB51353,SAMEA14103236,,adult,,,SE,,,,,,2016,primary,1.0,6.947
SAMEA14103237,PRJEB51353,SAMEA14103237,,adult,,,SE,,,,,,2017,primary,1.0,7.441
SAMEA14103238,PRJEB51353,SAMEA14103238,,adult,,,SE,,,,,,2017,primary,1.0,8.353
SAMEA14103239,PRJEB51353,SAMEA14103239,,adult,,,SE,,,,,,2018,primary,1.0,7.277
SAMEA14103240,PRJEB51353,SAMEA14103240,,adult,,,SE,,,,,,2016,primary,1.0,7.203
SAMEA14103241,PRJEB51353,SAMEA14103241,,adult,,,SE,,,,,,2016,primary,1.0,8.212
SAMEA14103242,PRJEB51353,SAMEA14103242,,adult,,,SE,,,,,,2017,primary,1.0,6.721
SAMEA14103243,PRJEB51353,SAMEA14103243,,adult,,,SE,,,,,,2016,primary,1.0,7.016
SAMEA14103244,PRJEB51353,SAMEA14103244,,adult,,,SE,,,,,,2017,primary,1.0,7.859
SAMEA14103245,PRJEB51353,SAMEA14103245,,adult,,,SE,,,,,,2018,primary,1.0,8.012
SAMEA14103246,PRJEB51353,SAMEA14103246,,adult,,,SE,,,,,,2016,primary,2.0,16.968
SAMEA14103247,PRJEB51353,SAMEA14103247,,adult,,,SE,,,,,,2016,primary,1.0,7.426
SAMEA14103248,PRJEB51353,SAMEA14103248,,adult,,,SE,,,,,,2017,primary,1.0,6.963
SAMEA14103249,PRJEB51353,SAMEA14103249,,adult,,,SE,,,,,,2017,primary,1.0,9.501
SAMEA14103250,PRJEB51353,SAMEA14103250,,adult,,,SE,,,,,,2018,primary,1.0,7.531
SAMEA14103251,PRJEB51353,SAMEA14103251,,adult,,,SE,,,,,,2017,primary,1.0,6.178
SAMEA14103252,PRJEB51353,SAMEA14103252,,adult,,,SE,,,,,,2018,primary,1.0,8.514
SAMEA14103253,PRJEB51353,SAMEA14103253,,adult,,,SE,,,,,,2016,primary,1.0,7.912
SAMEA14103254,PRJEB51353,SAMEA14103254,,adult,,,SE,,,,,,2017,primary,1.0,8.318
SAMEA14103255,PRJEB51353,SAMEA14103255,,adult,,,SE,,,,,,2016,primary,1.0,8.07
SAMEA14103256,PRJEB51353,SAMEA14103256,,adult,,,SE,,,,,,2017,primary,1.0,9.731
SAMEA14103257,PRJEB51353,SAMEA14103257,,adult,,,SE,,,,,,2017,primary,1.0,6.639
SAMEA14103258,PRJEB51353,SAMEA14103258,,adult,,,SE,,,,,,2016,primary,1.0,7.621
SAMEA14103259,PRJEB51353,SAMEA14103259,,adult,,,SE,,,,,,2016,primary,1.0,7.001
SAMEA14103260,PRJEB51353,SAMEA14103260,,adult,,,SE,,,,,,2018,primary,1.0,7.499
SAMEA14103261,PRJEB51353,SAMEA14103261,,adult,,,SE,,,,,,2016,primary,1.0,7.883
SAMEA14103262,PRJEB51353,SAMEA14103262,,adult,,,SE,,,,,,2017,primary,1.0,7.943
SAMEA14103263,PRJEB51353,SAMEA14103263,,adult,,,SE,,,,,,2016,primary,1.0,6.218
SAMEA14103264,PRJEB51353,SAMEA14103264,,adult,,,SE,,,,,,2016,primary,1.0,8.29
SAMEA14103265,PRJEB51353,SAMEA14103265,,adult,,,SE,,,,,,2016,primary,1.0,7.069
SAMEA14103266,PRJEB51353,SAMEA14103266,,adult,,,SE,,,,,,2018,primary,1.0,7.134
SAMEA14103267,PRJEB51353,SAMEA14103267,,adult,,,SE,,,,,,2015,primary,1.0,7.171
SAMEA14103268,PRJEB51353,SAMEA14103268,,adult,,,SE,,,,,,2017,primary,1.0,6.981
SAMEA14103269,PRJEB51353,SAMEA14103269,,adult,,,SE,,,,,,2017,primary,1.0,6.934
SAMEA14103270,PRJEB51353,SAMEA14103270,,adult,,,SE,,,,,,2017,primary,1.0,9.628
SAMEA14103271,PRJEB51353,SAMEA14103271,,adult,,,SE,,,,,,2017,primary,1.0,6.992
SAMEA14103272,PRJEB51353,SAMEA14103272,,adult,,,SE,,,,,,2017,primary,1.0,7.088
SAMEA14103273,PRJEB51353,SAMEA14103273,,adult,,,SE,,,,,,2016,primary,1.0,6.361
SAMEA14103274,PRJEB51353,SAMEA14103274,,adult,,,SE,,,,,,2018,primary,1.0,6.197
SAMEA14103275,PRJEB51353,SAMEA14103275,,adult,,,SE,,,,,,2016,primary,2.0,13.971
SAMEA14103276,PRJEB51353,SAMEA14103276,,adult,,,SE,,,,,,2017,primary,1.0,7.883
SAMEA14103277,PRJEB51353,SAMEA14103277,,adult,,,SE,,,,,,2017,primary,1.0,6.114
SAMEA14103278,PRJEB51353,SAMEA14103278,,adult,,,SE,,,,,,2018,primary,1.0,7.55
SAMEA14103279,PRJEB51353,SAMEA14103279,,adult,,,SE,,,,,,2017,primary,1.0,6.559
SAMEA14103280,PRJEB51353,SAMEA14103280,,adult,,,SE,,,,,,2017,primary,1.0,7.877
SAMEA14103281,PRJEB51353,SAMEA14103281,,adult,,,SE,,,,,,2018,primary,1.0,6.521
SAMEA14103282,PRJEB51353,SAMEA14103282,,adult,,,SE,,,,,,2016,primary,1.0,6.569
SAMEA14103283,PRJEB51353,SAMEA14103283,,adult,,,SE,,,,,,2017,primary,1.0,7.425
SAMEA14103284,PRJEB51353,SAMEA14103284,,adult,,,SE,,,,,,2017,primary,1.0,7.541
SAMEA14103285,PRJEB51353,SAMEA14103285,,adult,,,SE,,,,,,2017,primary,1.0,7.723
SAMEA14103286,PRJEB51353,SAMEA14103286,,adult,,,SE,,,,,,2017,primary,1.0,7.431
SAMEA14103287,PRJEB51353,SAMEA14103287,,adult,,,SE,,,,,,2016,primary,1.0,7.223
SAMEA14103288,PRJEB51353,SAMEA14103288,,adult,,,SE,,,,,,2015,primary,1.0,6.901
SAMEA14103289,PRJEB51353,SAMEA14103289,,adult,,,SE,,,,,,2016,primary,1.0,8.924
SAMEA14103290,PRJEB51353,SAMEA14103290,,adult,,,SE,,,,,,2018,primary,1.0,7.843
SAMEA14103291,PRJEB51353,SAMEA14103291,,adult,,,SE,,,,,,2017,primary,1.0,9.832
SAMEA14103292,PRJEB51353,SAMEA14103292,,adult,,,SE,,,,,,2018,primary,1.0,9.447
SAMEA14103293,PRJEB51353,SAMEA14103293,,adult,,,SE,,,,,,2018,primary,1.0,9.038
SAMEA14103294,PRJEB51353,SAMEA14103294,,adult,,,SE,,,,,,2016,primary,1.0,6.505
SAMEA14103295,PRJEB51353,SAMEA14103295,,adult,,,SE,,,,,,2017,primary,1.0,6.298
SAMEA14103296,PRJEB51353,SAMEA14103296,,adult,,,SE,,,,,,2017,primary,1.0,8.957
SAMEA14103297,PRJEB51353,SAMEA14103297,,adult,,,SE,,,,,,2016,primary,1.0,6.666
SAMEA14103298,PRJEB51353,SAMEA14103298,,adult,,,SE,,,,,,2017,primary,1.0,6.775
SAMEA14103299,PRJEB51353,SAMEA14103299,,adult,,,SE,,,,,,2017,primary,1.0,8.646
SAMEA14103300,PRJEB51353,SAMEA14103300,,adult,,,SE,,,,,,2015,primary,1.0,6.627
SAMEA14103301,PRJEB51353,SAMEA14103301,,adult,,,SE,,,,,,2017,primary,1.0,8.218
SAMEA14103302,PRJEB51353,SAMEA14103302,,adult,,,SE,,,,,,2018,primary,1.0,6.502
SAMEA14103303,PRJEB51353,SAMEA14103303,,adult,,,SE,,,,,,2017,primary,1.0,10.916
SAMEA14103304,PRJEB51353,SAMEA14103304,,adult,,,SE,,,,,,2016,primary,1.0,6.609
SAMEA14103305,PRJEB51353,SAMEA14103305,,adult,,,SE,,,,,,2017,primary,1.0,6.11
SAMEA14103306,PRJEB51353,SAMEA14103306,,adult,,,SE,,,,,,2017,primary,1.0,8.098
SAMEA14103307,PRJEB51353,SAMEA14103307,,adult,,,SE,,,,,,2016,primary,1.0,8.148
SAMEA14103308,PRJEB51353,SAMEA14103308,,adult,,,SE,,,,,,2018,primary,1.0,7.552
SAMEA14103309,PRJEB51353,SAMEA14103309,,adult,,,SE,,,,,,2016,primary,1.0,8.17
SAMEA14103310,PRJEB51353,SAMEA14103310,,adult,,,SE,,,,,,2017,primary,1.0,8.2
SAMEA14103311,PRJEB51353,SAMEA14103311,,adult,,,SE,,,,,,2016,primary,1.0,7.655
SAMEA14103312,PRJEB51353,SAMEA14103312,,adult,,,SE,,,,,,2018,primary,1.0,7.176
SAMEA14103313,PRJEB51353,SAMEA14103313,,adult,,,SE,,,,,,2016,primary,1.0,6.391
SAMEA14103314,PRJEB51353,SAMEA14103314,,adult,,,SE,,,,,,2016,primary,1.0,8.681
SAMEA14103315,PRJEB51353,SAMEA14103315,,adult,,,SE,,,,,,2017,primary,1.0,9.264
SAMEA14103316,PRJEB51353,SAMEA14103316,,adult,,,SE,,,,,,2017,primary,1.0,7.853
SAMEA14103317,PRJEB51353,SAMEA14103317,,adult,,,SE,,,,,,2017,primary,1.0,9.995
SAMEA14103318,PRJEB51353,SAMEA14103318,,adult,,,SE,,,,,,2016,primary,1.0,7.617
SAMEA14103319,PRJEB51353,SAMEA14103319,,adult,,,SE,,,,,,2017,primary,1.0,7.649
SAMEA14103320,PRJEB51353,SAMEA14103320,,adult,,,SE,,,,,,2016,primary,1.0,6.931
SAMEA14103321,PRJEB51353,SAMEA14103321,,adult,,,SE,,,,,,2018,primary,1.0,8.248
SAMEA14103322,PRJEB51353,SAMEA14103322,,adult,,,SE,,,,,,2018,primary,1.0,7.549
SAMEA14103323,PRJEB51353,SAMEA14103323,,adult,,,SE,,,,,,2016,primary,1.0,6.385
SAMEA14103324,PRJEB51353,SAMEA14103324,,adult,,,SE,,,,,,2016,primary,2.0,17.086
SAMEA14103325,PRJEB51353,SAMEA14103325,,adult,,,SE,,,,,,2016,primary,1.0,6.733
SAMEA14103326,PRJEB51353,SAMEA14103326,,adult,,,SE,,,,,,2017,primary,1.0,8.191
SAMEA14103327,PRJEB51353,SAMEA14103327,,adult,,,SE,,,,,,2017,primary,1.0,7.795
SAMEA14103328,PRJEB51353,SAMEA14103328,,adult,,,SE,,,,,,2016,primary,1.0,8.744
SAMEA14103329,PRJEB51353,SAMEA14103329,,adult,,,SE,,,,,,2018,primary,1.0,8.108
SAMEA14103330,PRJEB51353,SAMEA14103330,,adult,,,SE,,,,,,2018,primary,1.0,8.17
SAMEA14103331,PRJEB51353,SAMEA14103331,,adult,,,SE,,,,,,2016,primary,1.0,7.025
SAMEA14103332,PRJEB51353,SAMEA14103332,,adult,,,SE,,,,,,2016,primary,1.0,6.445
SAMEA14103333,PRJEB51353,SAMEA14103333,,adult,,,SE,,,,,,2017,primary,1.0,6.604
SAMEA14103334,PRJEB51353,SAMEA14103334,,adult,,,SE,,,,,,2016,primary,1.0,7.833
SAMEA14103335,PRJEB51353,SAMEA14103335,,adult,,,SE,,,,,,2017,primary,1.0,7.786
SAMEA14103336,PRJEB51353,SAMEA14103336,,adult,,,SE,,,,,,2017,primary,1.0,8.181
SAMEA14103337,PRJEB51353,SAMEA14103337,,adult,,,SE,,,,,,2017,primary,1.0,7.79
SAMEA14103338,PRJEB51353,SAMEA14103338,,adult,,,SE,,,,,,2018,primary,1.0,6.917
SAMEA14103339,PRJEB51353,SAMEA14103339,,adult,,,SE,,,,,,2018,primary,1.0,6.665
SAMEA14103340,PRJEB51353,SAMEA14103340,,adult,,,SE,,,,,,2017,primary,1.0,6.57
SAMEA14103341,PRJEB51353,SAMEA14103341,,adult,,,SE,,,,,,2016,primary,1.0,7.757
SAMEA14103342,PRJEB51353,SAMEA14103342,,adult,,,SE,,,,,,2016,primary,1.0,7.102
SAMEA14103343,PRJEB51353,SAMEA14103343,,adult,,,SE,,,,,,2017,primary,1.0,6.485
SAMEA14103344,PRJEB51353,SAMEA14103344,,adult,,,SE,,,,,,2018,primary,1.0,6.672
SAMEA14103345,PRJEB51353,SAMEA14103345,,adult,,,SE,,,,,,2017,primary,1.0,7.411
SAMEA14103346,PRJEB51353,SAMEA14103346,,adult,,,SE,,,,,,2016,primary,1.0,9.063
SAMEA14103347,PRJEB51353,SAMEA14103347,,adult,,,SE,,,,,,2017,primary,1.0,7.629
SAMEA14103348,PRJEB51353,SAMEA14103348,,adult,,,SE,,,,,,2018,primary,1.0,6.597
SAMEA14103349,PRJEB51353,SAMEA14103349,,adult,,,SE,,,,,,2018,primary,1.0,10.567
SAMEA14103350,PRJEB51353,SAMEA14103350,,adult,,,SE,,,,,,2017,primary,1.0,6.657
SAMEA14103351,PRJEB51353,SAMEA14103351,,adult,,,SE,,,,,,2017,primary,1.0,7.307
SAMEA14103352,PRJEB51353,SAMEA14103352,,adult,,,SE,,,,,,2018,primary,1.0,8.099
SAMEA14103353,PRJEB51353,SAMEA14103353,,adult,,,SE,,,,,,2016,primary,1.0,7.331
SAMEA14103354,PRJEB51353,SAMEA14103354,,adult,,,SE,,,,,,2017,primary,1.0,8.059
SAMEA14103355,PRJEB51353,SAMEA14103355,,adult,,,SE,,,,,,2016,primary,1.0,9.244
SAMEA14103356,PRJEB51353,SAMEA14103356,,adult,,,SE,,,,,,2018,primary,1.0,7.074
SAMEA14103357,PRJEB51353,SAMEA14103357,,adult,,,SE,,,,,,2017,primary,1.0,7.598
SAMEA14103358,PRJEB51353,SAMEA14103358,,adult,,,SE,,,,,,2016,primary,1.0,7.424
SAMEA14103359,PRJEB51353,SAMEA14103359,,adult,,,SE,,,,,,2017,primary,1.0,6.094
SAMEA14103360,PRJEB51353,SAMEA14103360,,adult,,,SE,,,,,,2018,primary,1.0,8.155
SAMEA14103361,PRJEB51353,SAMEA14103361,,adult,,,SE,,,,,,2018,primary,1.0,9.111
SAMEA14103362,PRJEB51353,SAMEA14103362,,adult,,,SE,,,,,,2017,primary,1.0,6.901
SAMEA14103363,PRJEB51353,SAMEA14103363,,adult,,,SE,,,,,,2017,primary,1.0,7.15
SAMEA14103364,PRJEB51353,SAMEA14103364,,adult,,,SE,,,,,,2016,primary,1.0,7.409
SAMEA14103365,PRJEB51353,SAMEA14103365,,adult,,,SE,,,,,,2016,primary,1.0,7.09
SAMEA14103366,PRJEB51353,SAMEA14103366,,adult,,,SE,,,,,,2016,primary,2.0,13.974
SAMEA14103367,PRJEB51353,SAMEA14103367,,adult,,,SE,,,,,,2017,primary,1.0,8.525
SAMEA14103368,PRJEB51353,SAMEA14103368,,adult,,,SE,,,,,,2017,primary,1.0,6.42
SAMEA14103369,PRJEB51353,SAMEA14103369,,adult,,,SE,,,,,,2016,primary,1.0,7.102
SAMEA14103370,PRJEB51353,SAMEA14103370,,adult,,,SE,,,,,,2016,primary,1.0,6.623
SAMEA14103371,PRJEB51353,SAMEA14103371,,adult,,,SE,,,,,,2018,primary,1.0,6.386
SAMEA14103372,PRJEB51353,SAMEA14103372,,adult,,,SE,,,,,,2016,primary,1.0,6.71
SAMEA14103373,PRJEB51353,SAMEA14103373,,adult,,,SE,,,,,,2017,primary,1.0,8.186
SAMEA14103374,PRJEB51353,SAMEA14103374,,adult,,,SE,,,,,,2017,primary,1.0,8.958
SAMEA14103375,PRJEB51353,SAMEA14103375,,adult,,,SE,,,,,,2017,primary,1.0,6.927
SAMEA14103376,PRJEB51353,SAMEA14103376,,adult,,,SE,,,,,,2016,primary,1.0,6.392
SAMEA14103377,PRJEB51353,SAMEA14103377,,adult,,,SE,,,,,,2017,primary,1.0,7.599
SAMEA14103378,PRJEB51353,SAMEA14103378,,adult,,,SE,,,,,,2018,primary,1.0,7.367
SAMEA14103379,PRJEB51353,SAMEA14103379,,adult,,,SE,,,,,,2017,primary,1.0,7.689
SAMEA14103380,PRJEB51353,SAMEA14103380,,adult,,,SE,,,,,,2017,primary,1.0,8.567
SAMEA14103381,PRJEB51353,SAMEA14103381,,adult,,,SE,,,,,,2017,primary,1.0,7.101
SAMEA14103382,PRJEB51353,SAMEA14103382,,adult,,,SE,,,,,,2018,primary,1.0,6.862
SAMEA14103383,PRJEB51353,SAMEA14103383,,adult,,,SE,,,,,,2018,primary,1.0,6.584
SAMEA14103384,PRJEB51353,SAMEA14103384,,adult,,,SE,,,,,,2018,primary,1.0,7.358
SAMEA14103385,PRJEB51353,SAMEA14103385,,adult,,,SE,,,,,,2017,primary,1.0,6.038
SAMEA14103386,PRJEB51353,SAMEA14103386,,adult,,,SE,,,,,,2017,primary,1.0,9.115
SAMEA14103387,PRJEB51353,SAMEA14103387,,adult,,,SE,,,,,,2018,primary,1.0,9.199
SAMEA14103388,PRJEB51353,SAMEA14103388,,adult,,,SE,,,,,,2018,primary,1.0,7.101
SAMEA14103389,PRJEB51353,SAMEA14103389,,adult,,,SE,,,,,,2017,primary,1.0,7.984
SAMEA14103390,PRJEB51353,SAMEA14103390,,adult,,,SE,,,,,,2018,primary,1.0,8.138
SAMEA14103391,PRJEB51353,SAMEA14103391,,adult,,,SE,,,,,,2016,primary,1.0,6.689
SAMEA14103392,PRJEB51353,SAMEA14103392,,adult,,,SE,,,,,,2017,primary,1.0,7.084
SAMEA14103393,PRJEB51353,SAMEA14103393,,adult,,,SE,,,,,,2016,primary,1.0,7.295
SAMEA14103394,PRJEB51353,SAMEA14103394,,adult,,,SE,,,,,,2016,primary,1.0,8.239
SAMEA14103395,PRJEB51353,SAMEA14103395,,adult,,,SE,,,,,,2017,primary,1.0,7.268
SAMEA14103396,PRJEB51353,SAMEA14103396,,adult,,,SE,,,,,,2017,primary,1.0,6.537
SAMEA14103397,PRJEB51353,SAMEA14103397,,adult,,,SE,,,,,,2017,primary,1.0,7.418
SAMEA14103398,PRJEB51353,SAMEA14103398,,adult,,,SE,,,,,,2018,primary,1.0,8.102
SAMEA14103399,PRJEB51353,SAMEA14103399,,adult,,,SE,,,,,,2016,primary,2.0,12.847
SAMEA14103400,PRJEB51353,SAMEA14103400,,adult,,,SE,,,,,,2017,primary,1.0,7.338
SAMEA14103401,PRJEB51353,SAMEA14103401,,adult,,,SE,,,,,,2017,primary,1.0,6.408
SAMEA14103402,PRJEB51353,SAMEA14103402,,adult,,,SE,,,,,,2016,primary,1.0,7.521
SAMEA14103403,PRJEB51353,SAMEA14103403,,adult,,,SE,,,,,,2017,primary,1.0,6.92
SAMEA14103404,PRJEB51353,SAMEA14103404,,adult,,,SE,,,,,,2018,primary,1.0,8.326
SAMEA14103405,PRJEB51353,SAMEA14103405,,adult,,,SE,,,,,,2017,primary,1.0,6.755
SAMEA14103406,PRJEB51353,SAMEA14103406,,adult,,,SE,,,,,,2017,primary,1.0,6.98
SAMEA14103407,PRJEB51353,SAMEA14103407,,adult,,,SE,,,,,,2017,primary,1.0,6.543
SAMEA14103408,PRJEB51353,SAMEA14103408,,adult,,,SE,,,,,,2016,primary,1.0,8.777
SAMEA14103409,PRJEB51353,SAMEA14103409,,adult,,,SE,,,,,,2016,primary,1.0,7.653
SAMEA14103410,PRJEB51353,SAMEA14103410,,adult,,,SE,,,,,,2018,primary,1.0,8.416
SAMEA14103411,PRJEB51353,SAMEA14103411,,adult,,,SE,,,,,,2018,primary,1.0,7.045
SAMEA14103412,PRJEB51353,SAMEA14103412,,adult,,,SE,,,,,,2016,primary,1.0,6.027
SAMEA14103413,PRJEB51353,SAMEA14103413,,adult,,,SE,,,,,,2018,primary,1.0,6.606
SAMEA14103414,PRJEB51353,SAMEA14103414,,adult,,,SE,,,,,,2018,primary,1.0,6.69
SAMEA14103415,PRJEB51353,SAMEA14103415,,adult,,,SE,,,,,,2016,primary,1.0,7.282
SAMEA14103416,PRJEB51353,SAMEA14103416,,adult,,,SE,,,,,,2018,primary,1.0,7.24
SAMEA14103417,PRJEB51353,SAMEA14103417,,adult,,,SE,,,,,,2016,primary,1.0,7.456
SAMEA14103419,PRJEB51353,SAMEA14103419,,adult,,,SE,,,,,,2017,primary,1.0,7.672
SAMEA14103420,PRJEB51353,SAMEA14103420,,adult,,,SE,,,,,,2018,primary,1.0,7.589
SAMEA14103421,PRJEB51353,SAMEA14103421,,adult,,,SE,,,,,,2017,primary,1.0,8.182
SAMEA14103422,PRJEB51353,SAMEA14103422,,adult,,,SE,,,,,,2017,primary,1.0,6.448
SAMEA14103423,PRJEB51353,SAMEA14103423,,adult,,,SE,,,,,,2016,primary,1.0,9.146
SAMEA14103424,PRJEB51353,SAMEA14103424,,adult,,,SE,,,,,,2017,primary,1.0,6.719
SAMEA14103425,PRJEB51353,SAMEA14103425,,adult,,,SE,,,,,,2016,primary,1.0,6.576
SAMEA14103426,PRJEB51353,SAMEA14103426,,adult,,,SE,,,,,,2016,primary,1.0,7.088
SAMEA14103427,PRJEB51353,SAMEA14103427,,adult,,,SE,,,,,,2016,primary,1.0,6.927
SAMEA14103428,PRJEB51353,SAMEA14103428,,adult,,,SE,,,,,,2018,primary,1.0,8.295
SAMEA14103429,PRJEB51353,SAMEA14103429,,adult,,,SE,,,,,,2017,primary,1.0,13.068
SAMEA14103430,PRJEB51353,SAMEA14103430,,adult,,,SE,,,,,,2015,primary,1.0,6.406
SAMEA14103431,PRJEB51353,SAMEA14103431,,adult,,,SE,,,,,,2017,primary,1.0,6.073
SAMEA14103432,PRJEB51353,SAMEA14103432,,adult,,,SE,,,,,,2017,primary,1.0,7.6
SAMEA14103433,PRJEB51353,SAMEA14103433,,adult,,,SE,,,,,,2017,primary,1.0,6.545
SAMEA14103434,PRJEB51353,SAMEA14103434,,adult,,,SE,,,,,,2017,primary,1.0,6.666
SAMEA14103435,PRJEB51353,SAMEA14103435,,adult,,,SE,,,,,,2015,primary,2.0,14.02
SAMEA14103436,PRJEB51353,SAMEA14103436,,adult,,,SE,,,,,,2017,primary,1.0,6.983
SAMEA14103437,PRJEB51353,SAMEA14103437,,adult,,,SE,,,,,,2018,primary,1.0,7.616
SAMEA14103438,PRJEB51353,SAMEA14103438,,adult,,,SE,,,,,,2018,primary,1.0,6.711
SAMEA14103439,PRJEB51353,SAMEA14103439,,adult,,,SE,,,,,,2016,primary,1.0,10.286
SAMEA14103440,PRJEB51353,SAMEA14103440,,adult,,,SE,,,,,,2017,primary,1.0,8.413
SAMEA14103441,PRJEB51353,SAMEA14103441,,adult,,,SE,,,,,,2017,primary,1.0,7.033
SAMEA14103442,PRJEB51353,SAMEA14103442,,adult,,,SE,,,,,,2017,primary,1.0,6.273
SAMEA14103443,PRJEB51353,SAMEA14103443,,adult,,,SE,,,,,,2016,primary,1.0,7.037
SAMEA14103444,PRJEB51353,SAMEA14103444,,adult,,,SE,,,,,,2016,primary,1.0,6.858
SAMEA14103445,PRJEB51353,SAMEA14103445,,adult,,,SE,,,,,,2017,primary,1.0,6.812
SAMEA14103446,PRJEB51353,SAMEA14103446,,adult,,,SE,,,,,,2016,primary,1.0,7.01
SAMEA14103447,PRJEB51353,SAMEA14103447,,adult,,,SE,,,,,,2016,primary,1.0,7.689
SAMEA14103448,PRJEB51353,SAMEA14103448,,adult,,,SE,,,,,,2017,primary,1.0,7.705
SAMEA14103449,PRJEB51353,SAMEA14103449,,adult,,,SE,,,,,,2018,primary,1.0,9.46
SAMEA14103450,PRJEB51353,SAMEA14103450,,adult,,,SE,,,,,,2016,primary,1.0,7.902
SAMEA14103451,PRJEB51353,SAMEA14103451,,adult,,,SE,,,,,,2018,primary,1.0,6.154
SAMEA14103452,PRJEB51353,SAMEA14103452,,adult,,,SE,,,,,,2016,primary,1.0,6.47
SAMEA14103453,PRJEB51353,SAMEA14103453,,adult,,,SE,,,,,,2018,primary,1.0,7.253
SAMEA14103454,PRJEB51353,SAMEA14103454,,adult,,,SE,,,,,,2018,primary,1.0,6.822
SAMEA14103455,PRJEB51353,SAMEA14103455,,adult,,,SE,,,,,,2018,primary,1.0,6.508
SAMEA14103456,PRJEB51353,SAMEA14103456,,adult,,,SE,,,,,,2017,primary,1.0,8.372
SAMEA14103457,PRJEB51353,SAMEA14103457,,adult,,,SE,,,,,,2016,primary,1.0,8.053
SAMEA14103458,PRJEB51353,SAMEA14103458,,adult,,,SE,,,,,,2015,primary,1.0,8.328
SAMEA14103459,PRJEB51353,SAMEA14103459,,adult,,,SE,,,,,,2017,primary,1.0,7.299
SAMEA14103460,PRJEB51353,SAMEA14103460,,adult,,,SE,,,,,,2016,primary,1.0,6.993
SAMEA14103461,PRJEB51353,SAMEA14103461,,adult,,,SE,,,,,,2017,primary,1.0,8.372
SAMEA14103462,PRJEB51353,SAMEA14103462,,adult,,,SE,,,,,,2017,primary,1.0,6.931
SAMEA14103463,PRJEB51353,SAMEA14103463,,adult,,,SE,,,,,,2017,primary,1.0,8.531
SAMEA14103464,PRJEB51353,SAMEA14103464,,adult,,,SE,,,,,,2016,primary,1.0,8.192
SAMEA14103465,PRJEB51353,SAMEA14103465,,adult,,,SE,,,,,,2017,primary,1.0,7.672
SAMEA14103466,PRJEB51353,SAMEA14103466,,adult,,,SE,,,,,,2017,primary,1.0,8.147
SAMEA14103467,PRJEB51353,SAMEA14103467,,adult,,,SE,,,,,,2017,primary,1.0,10.081
SAMEA14103468,PRJEB51353,SAMEA14103468,,adult,,,SE,,,,,,2018,primary,1.0,8.449
SAMEA14103469,PRJEB51353,SAMEA14103469,,adult,,,SE,,,,,,2017,primary,1.0,6.841
SAMEA14103470,PRJEB51353,SAMEA14103470,,adult,,,SE,,,,,,2017,primary,1.0,9.201
SAMEA14103471,PRJEB51353,SAMEA14103471,,adult,,,SE,,,,,,2017,primary,1.0,7.9
SAMEA14103472,PRJEB51353,SAMEA14103472,,adult,,,SE,,,,,,2018,primary,1.0,8.167
SAMEA14103473,PRJEB51353,SAMEA14103473,,adult,,,SE,,,,,,2015,primary,1.0,8.445
SAMEA14103474,PRJEB51353,SAMEA14103474,,adult,,,SE,,,,,,2017,primary,1.0,7.505
SAMEA14103475,PRJEB51353,SAMEA14103475,,adult,,,SE,,,,,,2017,primary,1.0,7.978
SAMEA14103476,PRJEB51353,SAMEA14103476,,adult,,,SE,,,,,,2017,primary,1.0,6.758
SAMEA14103477,PRJEB51353,SAMEA14103477,,adult,,,SE,,,,,,2017,primary,1.0,6.504
SAMEA14103478,PRJEB51353,SAMEA14103478,,adult,,,SE,,,,,,2016,primary,1.0,7.134
SAMEA14103479,PRJEB51353,SAMEA14103479,,adult,,,SE,,,,,,2017,primary,1.0,7.413
SAMEA14103480,PRJEB51353,SAMEA14103480,,adult,,,SE,,,,,,2018,primary,1.0,6.839
SAMEA14103481,PRJEB51353,SAMEA14103481,,adult,,,SE,,,,,,2017,primary,1.0,8.752
SAMEA14103482,PRJEB51353,SAMEA14103482,,adult,,,SE,,,,,,2016,primary,1.0,9.843
SAMEA14103483,PRJEB51353,SAMEA14103483,,adult,,,SE,,,,,,2017,primary,1.0,6.348
SAMEA14103484,PRJEB51353,SAMEA14103484,,adult,,,SE,,,,,,2018,primary,1.0,7.694
SAMEA14103485,PRJEB51353,SAMEA14103485,,adult,,,SE,,,,,,2017,primary,1.0,6.191
SAMEA14103486,PRJEB51353,SAMEA14103486,,adult,,,SE,,,,,,2017,primary,1.0,7.34
SAMEA14103487,PRJEB51353,SAMEA14103487,,adult,,,SE,,,,,,2017,primary,1.0,9.51
SAMEA14103488,PRJEB51353,SAMEA14103488,,adult,,,SE,,,,,,2017,primary,1.0,6.807
SAMEA14103489,PRJEB51353,SAMEA14103489,,adult,,,SE,,,,,,2016,primary,1.0,7.285
SAMEA14103490,PRJEB51353,SAMEA14103490,,adult,,,SE,,,,,,2017,primary,1.0,12.368
SAMEA14103491,PRJEB51353,SAMEA14103491,,adult,,,SE,,,,,,2016,primary,1.0,7.512
SAMEA14103492,PRJEB51353,SAMEA14103492,,adult,,,SE,,,,,,2018,primary,1.0,6.146
SAMEA14103493,PRJEB51353,SAMEA14103493,,adult,,,SE,,,,,,2016,primary,1.0,7.432
SAMEA14103494,PRJEB51353,SAMEA14103494,,adult,,,SE,,,,,,2018,primary,1.0,6.985
SAMEA14103495,PRJEB51353,SAMEA14103495,,adult,,,SE,,,,,,2018,primary,1.0,8.132
SAMEA14103496,PRJEB51353,SAMEA14103496,,adult,,,SE,,,,,,2018,primary,1.0,7.129
SAMEA14103497,PRJEB51353,SAMEA14103497,,adult,,,SE,,,,,,2017,primary,1.0,6.956
SAMEA14103498,PRJEB51353,SAMEA14103498,,adult,,,SE,,,,,,2017,primary,1.0,7.401
SAMEA14103499,PRJEB51353,SAMEA14103499,,adult,,,SE,,,,,,2018,primary,1.0,6.801
SAMEA14103500,PRJEB51353,SAMEA14103500,,adult,,,SE,,,,,,2017,primary,1.0,7.502
SAMEA14103501,PRJEB51353,SAMEA14103501,,adult,,,SE,,,,,,2016,primary,1.0,7.716
SAMEA14103502,PRJEB51353,SAMEA14103502,,adult,,,SE,,,,,,2018,primary,1.0,7.306
SAMEA14103503,PRJEB51353,SAMEA14103503,,adult,,,SE,,,,,,2017,primary,1.0,8.469
SAMEA14103504,PRJEB51353,SAMEA14103504,,adult,,,SE,,,,,,2018,primary,1.0,8.896
SAMEA14103505,PRJEB51353,SAMEA14103505,,adult,,,SE,,,,,,2016,primary,1.0,6.141
SAMEA14103506,PRJEB51353,SAMEA14103506,,adult,,,SE,,,,,,2018,primary,1.0,6.574
SAMEA14103507,PRJEB51353,SAMEA14103507,,adult,,,SE,,,,,,2016,primary,1.0,8.671
SAMEA14103508,PRJEB51353,SAMEA14103508,,adult,,,SE,,,,,,2017,primary,1.0,7.652
SAMEA14103509,PRJEB51353,SAMEA14103509,,adult,,,SE,,,,,,2018,primary,1.0,7.563
SAMEA14103510,PRJEB51353,SAMEA14103510,,adult,,,SE,,,,,,2016,primary,1.0,6.522
SAMEA14103511,PRJEB51353,SAMEA14103511,,adult,,,SE,,,,,,2017,primary,1.0,7.415
SAMEA14103512,PRJEB51353,SAMEA14103512,,adult,,,SE,,,,,,2016,primary,1.0,7.216
SAMEA14103513,PRJEB51353,SAMEA14103513,,adult,,,SE,,,,,,2017,primary,1.0,8.328
SAMEA14103514,PRJEB51353,SAMEA14103514,,adult,,,SE,,,,,,2016,primary,1.0,7.396
SAMEA14103515,PRJEB51353,SAMEA14103515,,adult,,,SE,,,,,,2017,primary,1.0,9.021
SAMEA14103516,PRJEB51353,SAMEA14103516,,adult,,,SE,,,,,,2017,primary,1.0,8.636
SAMEA14103517,PRJEB51353,SAMEA14103517,,adult,,,SE,,,,,,2017,primary,1.0,6.926
SAMEA14103518,PRJEB51353,SAMEA14103518,,adult,,,SE,,,,,,2016,primary,1.0,11.56
SAMEA14103519,PRJEB51353,SAMEA14103519,,adult,,,SE,,,,,,2017,primary,1.0,6.35
SAMEA14103520,PRJEB51353,SAMEA14103520,,adult,,,SE,,,,,,2018,primary,1.0,6.385
SAMEA14103521,PRJEB51353,SAMEA14103521,,adult,,,SE,,,,,,2018,primary,1.0,6.616
SAMEA14103522,PRJEB51353,SAMEA14103522,,adult,,,SE,,,,,,2017,primary,1.0,7.754
SAMEA14103523,PRJEB51353,SAMEA14103523,,adult,,,SE,,,,,,2017,primary,1.0,8.208
SAMEA14103524,PRJEB51353,SAMEA14103524,,adult,,,SE,,,,,,2018,primary,1.0,7.554
SAMEA14103525,PRJEB51353,SAMEA14103525,,adult,,,SE,,,,,,2016,primary,2.0,18.568
SAMEA14103526,PRJEB51353,SAMEA14103526,,adult,,,SE,,,,,,2017,primary,1.0,6.768
SAMEA14103527,PRJEB51353,SAMEA14103527,,adult,,,SE,,,,,,2017,primary,1.0,9.428
SAMEA14103528,PRJEB51353,SAMEA14103528,,adult,,,SE,,,,,,2017,primary,1.0,7.211
SAMEA14103529,PRJEB51353,SAMEA14103529,,adult,,,SE,,,,,,2017,primary,1.0,7.903
SAMEA14103530,PRJEB51353,SAMEA14103530,,adult,,,SE,,,,,,2018,primary,1.0,7.956
SAMEA14103531,PRJEB51353,SAMEA14103531,,adult,,,SE,,,,,,2018,primary,1.0,6.74
SAMEA14103532,PRJEB51353,SAMEA14103532,,adult,,,SE,,,,,,2017,primary,1.0,8.357
SAMEA14103533,PRJEB51353,SAMEA14103533,,adult,,,SE,,,,,,2017,primary,1.0,8.358
SAMEA14103534,PRJEB51353,SAMEA14103534,,adult,,,SE,,,,,,2016,primary,1.0,7.261
SAMEA14103535,PRJEB51353,SAMEA14103535,,adult,,,SE,,,,,,2017,primary,1.0,6.236
SAMEA14103536,PRJEB51353,SAMEA14103536,,adult,,,SE,,,,,,2017,primary,1.0,8.795
SAMEA14103537,PRJEB51353,SAMEA14103537,,adult,,,SE,,,,,,2018,primary,1.0,7.272
SAMEA14103538,PRJEB51353,SAMEA14103538,,adult,,,SE,,,,,,2018,primary,1.0,10.232
SAMEA14103539,PRJEB51353,SAMEA14103539,,adult,,,SE,,,,,,2015,primary,2.0,13.096
SAMEA14103540,PRJEB51353,SAMEA14103540,,adult,,,SE,,,,,,2018,primary,1.0,6.146
SAMEA14103541,PRJEB51353,SAMEA14103541,,adult,,,SE,,,,,,2016,primary,1.0,6.908
SAMEA14103542,PRJEB51353,SAMEA14103542,,adult,,,SE,,,,,,2016,primary,1.0,7.111
SAMEA14103543,PRJEB51353,SAMEA14103543,,adult,,,SE,,,,,,2018,primary,1.0,6.595
SAMEA14103544,PRJEB51353,SAMEA14103544,,adult,,,SE,,,,,,2016,primary,1.0,6.706
SAMEA14103545,PRJEB51353,SAMEA14103545,,adult,,,SE,,,,,,2017,primary,1.0,7.737
SAMEA14103546,PRJEB51353,SAMEA14103546,,adult,,,SE,,,,,,2017,primary,1.0,6.621
SAMEA14103547,PRJEB51353,SAMEA14103547,,adult,,,SE,,,,,,2016,primary,1.0,7.935
SAMEA14103548,PRJEB51353,SAMEA14103548,,adult,,,SE,,,,,,2018,primary,1.0,7.545
SAMEA14103549,PRJEB51353,SAMEA14103549,,adult,,,SE,,,,,,2017,primary,1.0,6.504
SAMEA14103550,PRJEB51353,SAMEA14103550,,adult,,,SE,,,,,,2017,primary,1.0,7.778
SAMEA14103551,PRJEB51353,SAMEA14103551,,adult,,,SE,,,,,,2017,primary,1.0,9.341
SAMEA14103552,PRJEB51353,SAMEA14103552,,adult,,,SE,,,,,,2017,primary,1.0,7.517
SAMEA14103553,PRJEB51353,SAMEA14103553,,adult,,,SE,,,,,,2017,primary,1.0,7.752
SAMEA14103554,PRJEB51353,SAMEA14103554,,adult,,,SE,,,,,,2018,primary,1.0,7.778
SAMEA14103555,PRJEB51353,SAMEA14103555,,adult,,,SE,,,,,,2017,primary,1.0,7.043
SAMEA14103556,PRJEB51353,SAMEA14103556,,adult,,,SE,,,,,,2017,primary,1.0,6.672
SAMEA14103557,PRJEB51353,SAMEA14103557,,adult,,,SE,,,,,,2017,primary,1.0,7.056
SAMEA14103558,PRJEB51353,SAMEA14103558,,adult,,,SE,,,,,,2016,primary,1.0,10.623
SAMEA14103559,PRJEB51353,SAMEA14103559,,adult,,,SE,,,,,,2018,primary,1.0,9.381
SAMEA14103560,PRJEB51353,SAMEA14103560,,adult,,,SE,,,,,,2017,primary,1.0,6.592
SAMEA14103561,PRJEB51353,SAMEA14103561,,adult,,,SE,,,,,,2017,primary,1.0,7.501
SAMEA14103562,PRJEB51353,SAMEA14103562,,adult,,,SE,,,,,,2017,primary,1.0,7.179
SAMEA14103563,PRJEB51353,SAMEA14103563,,adult,,,SE,,,,,,2018,primary,1.0,6.772
SAMEA14103564,PRJEB51353,SAMEA14103564,,adult,,,SE,,,,,,2016,primary,1.0,7.434
SAMEA14103565,PRJEB51353,SAMEA14103565,,adult,,,SE,,,,,,2017,primary,1.0,6.32
SAMEA14103566,PRJEB51353,SAMEA14103566,,adult,,,SE,,,,,,2017,primary,1.0,6.907
SAMEA14103567,PRJEB51353,SAMEA14103567,,adult,,,SE,,,,,,2018,primary,1.0,9.36
SAMEA14103568,PRJEB51353,SAMEA14103568,,adult,,,SE,,,,,,2018,primary,1.0,8.958
SAMEA14103569,PRJEB51353,SAMEA14103569,,adult,,,SE,,,,,,2016,primary,1.0,8.755
SAMEA14103570,PRJEB51353,SAMEA14103570,,adult,,,SE,,,,,,2017,primary,1.0,7.922
SAMEA14103571,PRJEB51353,SAMEA14103571,,adult,,,SE,,,,,,2017,primary,1.0,7.396
SAMEA14103572,PRJEB51353,SAMEA14103572,,adult,,,SE,,,,,,2016,primary,1.0,6.493
SAMEA14103573,PRJEB51353,SAMEA14103573,,adult,,,SE,,,,,,2018,primary,1.0,6.218
SAMEA14103574,PRJEB51353,SAMEA14103574,,adult,,,SE,,,,,,2016,primary,1.0,7.658
SAMEA14103575,PRJEB51353,SAMEA14103575,,adult,,,SE,,,,,,2018,primary,1.0,7.47
SAMEA14103576,PRJEB51353,SAMEA14103576,,adult,,,SE,,,,,,2016,primary,1.0,7.603
SAMEA14103577,PRJEB51353,SAMEA14103577,,adult,,,SE,,,,,,2018,primary,1.0,6.507
SAMEA14103578,PRJEB51353,SAMEA14103578,,adult,,,SE,,,,,,2016,primary,1.0,6.816
SAMEA14103579,PRJEB51353,SAMEA14103579,,adult,,,SE,,,,,,2018,primary,1.0,6.038
SAMEA14103580,PRJEB51353,SAMEA14103580,,adult,,,SE,,,,,,2016,primary,1.0,6.157
SAMEA14103581,PRJEB51353,SAMEA14103581,,adult,,,SE,,,,,,2017,primary,1.0,8.126
SAMEA14103582,PRJEB51353,SAMEA14103582,,adult,,,SE,,,,,,2018,primary,1.0,8.658
SAMEA14103583,PRJEB51353,SAMEA14103583,,adult,,,SE,,,,,,2018,primary,1.0,7.551
SAMEA14103584,PRJEB51353,SAMEA14103584,,adult,,,SE,,,,,,2017,primary,1.0,6.724
SAMEA14103585,PRJEB51353,SAMEA14103585,,adult,,,SE,,,,,,2017,primary,1.0,8.484
SAMEA14103586,PRJEB51353,SAMEA14103586,,adult,,,SE,,,,,,2016,primary,1.0,7.187
SAMEA14103587,PRJEB51353,SAMEA14103587,,adult,,,SE,,,,,,2016,primary,1.0,8.715
SAMEA14103588,PRJEB51353,SAMEA14103588,,adult,,,SE,,,,,,2017,primary,1.0,6.874
SAMEA14103589,PRJEB51353,SAMEA14103589,,adult,,,SE,,,,,,2018,primary,1.0,8.313
SAMEA14103590,PRJEB51353,SAMEA14103590,,adult,,,SE,,,,,,2018,primary,1.0,6.488
SAMEA14103591,PRJEB51353,SAMEA14103591,,adult,,,SE,,,,,,2017,primary,1.0,8.023
SAMEA14103592,PRJEB51353,SAMEA14103592,,adult,,,SE,,,,,,2016,primary,1.0,7.928
SAMEA14103593,PRJEB51353,SAMEA14103593,,adult,,,SE,,,,,,2016,primary,1.0,9.018
SAMEA14103594,PRJEB51353,SAMEA14103594,,adult,,,SE,,,,,,2017,primary,1.0,7.26
SAMEA14103595,PRJEB51353,SAMEA14103595,,adult,,,SE,,,,,,2018,primary,1.0,6.985
SAMEA14103596,PRJEB51353,SAMEA14103596,,adult,,,SE,,,,,,2017,primary,1.0,7.847
SAMEA14103597,PRJEB51353,SAMEA14103597,,adult,,,SE,,,,,,2017,primary,1.0,6.415
SAMEA14103598,PRJEB51353,SAMEA14103598,,adult,,,SE,,,,,,2017,primary,1.0,7.583
SAMEA14103599,PRJEB51353,SAMEA14103599,,adult,,,SE,,,,,,2016,primary,1.0,8.157
SAMEA14103600,PRJEB51353,SAMEA14103600,,adult,,,SE,,,,,,2016,primary,1.0,6.537
SAMEA14103601,PRJEB51353,SAMEA14103601,,adult,,,SE,,,,,,2017,primary,1.0,7.724
SAMEA14103602,PRJEB51353,SAMEA14103602,,adult,,,SE,,,,,,2018,primary,1.0,7.14
SAMEA14103603,PRJEB51353,SAMEA14103603,,adult,,,SE,,,,,,2016,primary,1.0,9.315
SAMEA14103604,PRJEB51353,SAMEA14103604,,adult,,,SE,,,,,,2017,primary,1.0,8.171
SAMEA14103605,PRJEB51353,SAMEA14103605,,adult,,,SE,,,,,,2017,primary,1.0,8.164
SAMEA14103606,PRJEB51353,SAMEA14103606,,adult,,,SE,,,,,,2016,primary,1.0,7.471
SAMEA14103607,PRJEB51353,SAMEA14103607,,adult,,,SE,,,,,,2018,primary,1.0,7.279
SAMEA14103608,PRJEB51353,SAMEA14103608,,adult,,,SE,,,,,,2016,primary,1.0,8.239
SAMEA14103609,PRJEB51353,SAMEA14103609,,adult,,,SE,,,,,,2017,primary,1.0,6.34
SAMEA14103610,PRJEB51353,SAMEA14103610,,adult,,,SE,,,,,,2018,primary,1.0,7.115
SAMEA14103611,PRJEB51353,SAMEA14103611,,adult,,,SE,,,,,,2016,primary,1.0,6.856
SAMEA14103612,PRJEB51353,SAMEA14103612,,adult,,,SE,,,,,,2017,primary,1.0,6.819
SAMEA14103613,PRJEB51353,SAMEA14103613,,adult,,,SE,,,,,,2018,primary,1.0,8.952
SAMEA14103614,PRJEB51353,SAMEA14103614,,adult,,,SE,,,,,,2017,primary,1.0,9.92
SAMEA14103615,PRJEB51353,SAMEA14103615,,adult,,,SE,,,,,,2016,primary,2.0,17.009
SAMEA14103616,PRJEB51353,SAMEA14103616,,adult,,,SE,,,,,,2018,primary,1.0,6.746
SAMEA14103617,PRJEB51353,SAMEA14103617,,adult,,,SE,,,,,,2016,primary,1.0,7.204
SAMEA14103618,PRJEB51353,SAMEA14103618,,adult,,,SE,,,,,,2017,primary,1.0,6.458
SAMEA14103619,PRJEB51353,SAMEA14103619,,adult,,,SE,,,,,,2018,primary,1.0,5.971
SAMEA14103620,PRJEB51353,SAMEA14103620,,adult,,,SE,,,,,,2017,primary,1.0,7.678
SAMEA14103621,PRJEB51353,SAMEA14103621,,adult,,,SE,,,,,,2018,primary,1.0,6.962
SAMEA14103622,PRJEB51353,SAMEA14103622,,adult,,,SE,,,,,,2016,primary,1.0,7.013
SAMEA14103623,PRJEB51353,SAMEA14103623,,adult,,,SE,,,,,,2017,primary,1.0,7.563
SAMEA14103624,PRJEB51353,SAMEA14103624,,adult,,,SE,,,,,,2017,primary,1.0,8.468
SAMEA14103625,PRJEB51353,SAMEA14103625,,adult,,,SE,,,,,,2017,primary,1.0,6.908
SAMEA14103626,PRJEB51353,SAMEA14103626,,adult,,,SE,,,,,,2016,primary,1.0,10.128
SAMEA14103627,PRJEB51353,SAMEA14103627,,adult,,,SE,,,,,,2017,primary,1.0,9.68
SAMEA14103628,PRJEB51353,SAMEA14103628,,adult,,,SE,,,,,,2018,primary,1.0,7.298
SAMEA14103629,PRJEB51353,SAMEA14103629,,adult,,,SE,,,,,,2018,primary,1.0,7.156
SAMEA14103630,PRJEB51353,SAMEA14103630,,adult,,,SE,,,,,,2017,primary,1.0,7.494
SAMEA14103631,PRJEB51353,SAMEA14103631,,adult,,,SE,,,,,,2018,primary,1.0,6.311
SAMEA14103632,PRJEB51353,SAMEA14103632,,adult,,,SE,,,,,,2018,primary,1.0,7.73
SAMEA14103633,PRJEB51353,SAMEA14103633,,adult,,,SE,,,,,,2017,primary,1.0,6.409
SAMEA14103634,PRJEB51353,SAMEA14103634,,adult,,,SE,,,,,,2016,primary,1.0,6.952
SAMEA14103635,PRJEB51353,SAMEA14103635,,adult,,,SE,,,,,,2017,primary,1.0,6.862
SAMEA14103636,PRJEB51353,SAMEA14103636,,adult,,,SE,,,,,,2017,primary,1.0,6.487
SAMEA14103637,PRJEB51353,SAMEA14103637,,adult,,,SE,,,,,,2016,primary,1.0,7.2
SAMEA14103638,PRJEB51353,SAMEA14103638,,adult,,,SE,,,,,,2018,primary,1.0,7.463
SAMEA14103639,PRJEB51353,SAMEA14103639,,adult,,,SE,,,,,,2016,primary,1.0,8.553
SAMEA14103640,PRJEB51353,SAMEA14103640,,adult,,,SE,,,,,,2017,primary,1.0,8.545
SAMEA14103641,PRJEB51353,SAMEA14103641,,adult,,,SE,,,,,,2016,primary,1.0,6.769
SAMEA14103642,PRJEB51353,SAMEA14103642,,adult,,,SE,,,,,,2017,primary,1.0,6.374
SAMEA14103643,PRJEB51353,SAMEA14103643,,adult,,,SE,,,,,,2018,primary,1.0,7.471
SAMEA14103644,PRJEB51353,SAMEA14103644,,adult,,,SE,,,,,,2017,primary,1.0,7.039
SAMEA14103645,PRJEB51353,SAMEA14103645,,adult,,,SE,,,,,,2018,primary,1.0,7.541
SAMEA14103646,PRJEB51353,SAMEA14103646,,adult,,,SE,,,,,,2017,primary,1.0,6.493
SAMEA14103647,PRJEB51353,SAMEA14103647,,adult,,,SE,,,,,,2017,primary,1.0,7.579
SAMEA14103648,PRJEB51353,SAMEA14103648,,adult,,,SE,,,,,,2016,primary,1.0,7.519
SAMEA14103649,PRJEB51353,SAMEA14103649,,adult,,,SE,,,,,,2017,primary,1.0,6.541
SAMEA14103650,PRJEB51353,SAMEA14103650,,adult,,,SE,,,,,,2018,primary,1.0,7.043
SAMEA14103651,PRJEB51353,SAMEA14103651,,adult,,,SE,,,,,,2017,primary,1.0,6.16
SAMEA14103652,PRJEB51353,SAMEA14103652,,adult,,,SE,,,,,,2017,primary,1.0,6.844
SAMEA14103653,PRJEB51353,SAMEA14103653,,adult,,,SE,,,,,,2017,primary,1.0,7.875
SAMEA14103654,PRJEB51353,SAMEA14103654,,adult,,,SE,,,,,,2015,primary,1.0,6.787
SAMEA14103655,PRJEB51353,SAMEA14103655,,adult,,,SE,,,,,,2016,primary,1.0,6.662
SAMEA14103656,PRJEB51353,SAMEA14103656,,adult,,,SE,,,,,,2016,primary,1.0,7.748
SAMEA14103657,PRJEB51353,SAMEA14103657,,adult,,,SE,,,,,,2017,primary,1.0,7.465
SAMEA14103658,PRJEB51353,SAMEA14103658,,adult,,,SE,,,,,,2016,primary,1.0,7.476
SAMEA14103659,PRJEB51353,SAMEA14103659,,adult,,,SE,,,,,,2016,primary,1.0,8.349
SAMEA14103660,PRJEB51353,SAMEA14103660,,adult,,,SE,,,,,,2018,primary,1.0,8.105
SAMEA14103661,PRJEB51353,SAMEA14103661,,adult,,,SE,,,,,,2018,primary,1.0,7.914
SAMEA14103662,PRJEB51353,SAMEA14103662,,adult,,,SE,,,,,,2017,primary,1.0,6.087
SAMEA14103663,PRJEB51353,SAMEA14103663,,adult,,,SE,,,,,,2017,primary,1.0,8.002
SAMEA14103664,PRJEB51353,SAMEA14103664,,adult,,,SE,,,,,,2016,primary,1.0,7.704
SAMEA14103665,PRJEB51353,SAMEA14103665,,adult,,,SE,,,,,,2017,primary,1.0,7.197
SAMEA14103666,PRJEB51353,SAMEA14103666,,adult,,,SE,,,,,,2016,primary,1.0,7.398
SAMEA14103667,PRJEB51353,SAMEA14103667,,adult,,,SE,,,,,,2016,primary,1.0,7.07
SAMEA14103668,PRJEB51353,SAMEA14103668,,adult,,,SE,,,,,,2015,primary,1.0,6.542
SAMEA14103669,PRJEB51353,SAMEA14103669,,adult,,,SE,,,,,,2017,primary,1.0,7.058
SAMEA14103670,PRJEB51353,SAMEA14103670,,adult,,,SE,,,,,,2017,primary,1.0,6.336
SAMEA14103671,PRJEB51353,SAMEA14103671,,adult,,,SE,,,,,,2016,primary,1.0,7.146
SAMEA14103672,PRJEB51353,SAMEA14103672,,adult,,,SE,,,,,,2018,primary,1.0,7.516
SAMEA14103673,PRJEB51353,SAMEA14103673,,adult,,,SE,,,,,,2017,primary,1.0,6.262
SAMEA14103674,PRJEB51353,SAMEA14103674,,adult,,,SE,,,,,,2017,primary,1.0,7.398
SAMEA14103675,PRJEB51353,SAMEA14103675,,adult,,,SE,,,,,,2018,primary,1.0,6.316
SAMEA14103676,PRJEB51353,SAMEA14103676,,adult,,,SE,,,,,,2018,primary,1.0,8.468
SAMEA14103677,PRJEB51353,SAMEA14103677,,adult,,,SE,,,,,,2017,primary,1.0,7.605
SAMEA14103678,PRJEB51353,SAMEA14103678,,adult,,,SE,,,,,,2017,primary,1.0,7.249
SAMEA14103679,PRJEB51353,SAMEA14103679,,adult,,,SE,,,,,,2015,primary,2.0,13.424
SAMEA14103680,PRJEB51353,SAMEA14103680,,adult,,,SE,,,,,,2017,primary,1.0,6.866
SAMEA14103681,PRJEB51353,SAMEA14103681,,adult,,,SE,,,,,,2017,primary,1.0,6.487
SAMEA14103682,PRJEB51353,SAMEA14103682,,adult,,,SE,,,,,,2017,primary,1.0,6.556
SAMEA14103683,PRJEB51353,SAMEA14103683,,adult,,,SE,,,,,,2017,primary,1.0,7.183
SAMEA14103684,PRJEB51353,SAMEA14103684,,adult,,,SE,,,,,,2016,primary,1.0,9.063
SAMEA14103685,PRJEB51353,SAMEA14103685,,adult,,,SE,,,,,,2017,primary,1.0,7.93
SAMEA14103686,PRJEB51353,SAMEA14103686,,adult,,,SE,,,,,,2017,primary,1.0,6.21
SAMEA14103687,PRJEB51353,SAMEA14103687,,adult,,,SE,,,,,,2018,primary,1.0,6.519
SAMEA14103688,PRJEB51353,SAMEA14103688,,adult,,,SE,,,,,,2017,primary,1.0,6.924
SAMEA14103689,PRJEB51353,SAMEA14103689,,adult,,,SE,,,,,,2016,primary,1.0,7.79
SAMEA14103690,PRJEB51353,SAMEA14103690,,adult,,,SE,,,,,,2016,primary,1.0,7.855
SAMEA14103691,PRJEB51353,SAMEA14103691,,adult,,,SE,,,,,,2018,primary,1.0,6.402
SAMEA14103692,PRJEB51353,SAMEA14103692,,adult,,,SE,,,,,,2017,primary,1.0,7.287
SAMEA14103693,PRJEB51353,SAMEA14103693,,adult,,,SE,,,,,,2016,primary,1.0,7.922
SAMEA14103694,PRJEB51353,SAMEA14103694,,adult,,,SE,,,,,,2017,primary,1.0,8.228
SAMEA14103695,PRJEB51353,SAMEA14103695,,adult,,,SE,,,,,,2016,primary,1.0,6.093
SAMEA14103696,PRJEB51353,SAMEA14103696,,adult,,,SE,,,,,,2017,primary,1.0,9.074
SAMEA14103697,PRJEB51353,SAMEA14103697,,adult,,,SE,,,,,,2018,primary,1.0,6.836
SAMEA14103698,PRJEB51353,SAMEA14103698,,adult,,,SE,,,,,,2018,primary,1.0,7.734
SAMEA14103699,PRJEB51353,SAMEA14103699,,adult,,,SE,,,,,,2016,primary,1.0,6.99
SAMEA14103700,PRJEB51353,SAMEA14103700,,adult,,,SE,,,,,,2017,primary,1.0,8.031
SAMEA14103701,PRJEB51353,SAMEA14103701,,adult,,,SE,,,,,,2017,primary,1.0,8.423
SAMEA14103702,PRJEB51353,SAMEA14103702,,adult,,,SE,,,,,,2017,primary,1.0,8.131
SAMEA14103703,PRJEB51353,SAMEA14103703,,adult,,,SE,,,,,,2017,primary,1.0,6.669
SAMEA14103704,PRJEB51353,SAMEA14103704,,adult,,,SE,,,,,,2017,primary,1.0,7.731
SAMEA14103705,PRJEB51353,SAMEA14103705,,adult,,,SE,,,,,,2016,primary,1.0,7.27
SAMEA14103706,PRJEB51353,SAMEA14103706,,adult,,,SE,,,,,,2018,primary,1.0,6.726
SAMEA14103707,PRJEB51353,SAMEA14103707,,adult,,,SE,,,,,,2016,primary,1.0,6.75
SAMEA14103708,PRJEB51353,SAMEA14103708,,adult,,,SE,,,,,,2018,primary,1.0,7.864
SAMEA14103709,PRJEB51353,SAMEA14103709,,adult,,,SE,,,,,,2016,primary,1.0,8.612
SAMEA14103710,PRJEB51353,SAMEA14103710,,adult,,,SE,,,,,,2018,primary,1.0,7.131
SAMEA14103711,PRJEB51353,SAMEA14103711,,adult,,,SE,,,,,,2017,primary,1.0,6.214
SAMEA14103712,PRJEB51353,SAMEA14103712,,adult,,,SE,,,,,,2018,primary,1.0,6.215
SAMEA14103713,PRJEB51353,SAMEA14103713,,adult,,,SE,,,,,,2016,primary,2.0,21.741
SAMEA14103714,PRJEB51353,SAMEA14103714,,adult,,,SE,,,,,,2017,primary,1.0,8.074
SAMEA14103715,PRJEB51353,SAMEA14103715,,adult,,,SE,,,,,,2017,primary,1.0,6.389
SAMEA14103716,PRJEB51353,SAMEA14103716,,adult,,,SE,,,,,,2016,primary,1.0,7.931
SAMEA14103717,PRJEB51353,SAMEA14103717,,adult,,,SE,,,,,,2016,primary,1.0,5.973
SAMEA14103718,PRJEB51353,SAMEA14103718,,adult,,,SE,,,,,,2016,primary,1.0,8.267
SAMEA14103719,PRJEB51353,SAMEA14103719,,adult,,,SE,,,,,,2018,primary,1.0,7.139
SAMEA14103720,PRJEB51353,SAMEA14103720,,adult,,,SE,,,,,,2017,primary,1.0,6.908
SAMEA14103721,PRJEB51353,SAMEA14103721,,adult,,,SE,,,,,,2018,primary,1.0,6.136
SAMEA14103722,PRJEB51353,SAMEA14103722,,adult,,,SE,,,,,,2016,primary,1.0,6.51
SAMEA14103723,PRJEB51353,SAMEA14103723,,adult,,,SE,,,,,,2016,primary,1.0,6.611
SAMEA14103724,PRJEB51353,SAMEA14103724,,adult,,,SE,,,,,,2016,primary,1.0,8.745
SAMEA14103725,PRJEB51353,SAMEA14103725,,adult,,,SE,,,,,,2018,primary,1.0,7.739
SAMEA14103726,PRJEB51353,SAMEA14103726,,adult,,,SE,,,,,,2018,primary,1.0,8.769
SAMEA14103727,PRJEB51353,SAMEA14103727,,adult,,,SE,,,,,,2017,primary,1.0,8.111
SAMEA14103728,PRJEB51353,SAMEA14103728,,adult,,,SE,,,,,,2017,primary,1.0,6.419
SAMEA14103729,PRJEB51353,SAMEA14103729,,adult,,,SE,,,,,,2017,primary,1.0,7.584
SAMEA14103730,PRJEB51353,SAMEA14103730,,adult,,,SE,,,,,,2016,primary,1.0,7.492
SAMEA14103731,PRJEB51353,SAMEA14103731,,adult,,,SE,,,,,,2016,primary,1.0,7.949
SAMEA14103732,PRJEB51353,SAMEA14103732,,adult,,,SE,,,,,,2016,primary,1.0,9.038
SAMEA14103733,PRJEB51353,SAMEA14103733,,adult,,,SE,,,,,,2017,primary,1.0,8.289
SAMEA14103734,PRJEB51353,SAMEA14103734,,adult,,,SE,,,,,,2018,primary,1.0,7.187
SAMEA14103735,PRJEB51353,SAMEA14103735,,adult,,,SE,,,,,,2018,primary,1.0,7.182
SAMEA14103736,PRJEB51353,SAMEA14103736,,adult,,,SE,,,,,,2018,primary,1.0,7.738
SAMEA14103737,PRJEB51353,SAMEA14103737,,adult,,,SE,,,,,,2016,primary,1.0,7.156
SAMEA14103738,PRJEB51353,SAMEA14103738,,adult,,,SE,,,,,,2017,primary,1.0,6.151
SAMEA14103739,PRJEB51353,SAMEA14103739,,adult,,,SE,,,,,,2017,primary,1.0,6.281
SAMEA14103740,PRJEB51353,SAMEA14103740,,adult,,,SE,,,,,,2017,primary,1.0,8.324
SAMEA14103741,PRJEB51353,SAMEA14103741,,adult,,,SE,,,,,,2018,primary,1.0,8.059
SAMEA14103742,PRJEB51353,SAMEA14103742,,adult,,,SE,,,,,,2017,primary,1.0,7.587
SAMEA14103743,PRJEB51353,SAMEA14103743,,adult,,,SE,,,,,,2017,primary,1.0,8.093
SAMEA14103744,PRJEB51353,SAMEA14103744,,adult,,,SE,,,,,,2017,primary,1.0,7.3
SAMEA14103745,PRJEB51353,SAMEA14103745,,adult,,,SE,,,,,,2017,primary,1.0,7.494
SAMEA14103746,PRJEB51353,SAMEA14103746,,adult,,,SE,,,,,,2017,primary,1.0,8.232
SAMEA14103747,PRJEB51353,SAMEA14103747,,adult,,,SE,,,,,,2017,primary,1.0,6.098
SAMEA14103748,PRJEB51353,SAMEA14103748,,adult,,,SE,,,,,,2018,primary,1.0,7.361
SAMEA14103749,PRJEB51353,SAMEA14103749,,adult,,,SE,,,,,,2017,primary,1.0,7.494
SAMEA14103750,PRJEB51353,SAMEA14103750,,adult,,,SE,,,,,,2015,primary,1.0,6.838
SAMEA14103751,PRJEB51353,SAMEA14103751,,adult,,,SE,,,,,,2015,primary,2.0,17.579
SAMEA14103752,PRJEB51353,SAMEA14103752,,adult,,,SE,,,,,,2017,primary,1.0,6.477
SAMEA14103753,PRJEB51353,SAMEA14103753,,adult,,,SE,,,,,,2016,primary,1.0,9.979
SAMEA14103754,PRJEB51353,SAMEA14103754,,adult,,,SE,,,,,,2017,primary,1.0,9.113
SAMEA14103755,PRJEB51353,SAMEA14103755,,adult,,,SE,,,,,,2017,primary,1.0,7.427
SAMEA14103756,PRJEB51353,SAMEA14103756,,adult,,,SE,,,,,,2016,primary,1.0,7.295
SAMEA14103757,PRJEB51353,SAMEA14103757,,adult,,,SE,,,,,,2016,primary,1.0,7.759
SAMEA14103758,PRJEB51353,SAMEA14103758,,adult,,,SE,,,,,,2016,primary,1.0,10.236
SAMEA14103759,PRJEB51353,SAMEA14103759,,adult,,,SE,,,,,,2017,primary,1.0,7.791
SAMEA14103760,PRJEB51353,SAMEA14103760,,adult,,,SE,,,,,,2018,primary,1.0,6.415
SAMEA14103761,PRJEB51353,SAMEA14103761,,adult,,,SE,,,,,,2016,primary,1.0,7.296
SAMEA14103762,PRJEB51353,SAMEA14103762,,adult,,,SE,,,,,,2017,primary,1.0,6.874
SAMEA14103763,PRJEB51353,SAMEA14103763,,adult,,,SE,,,,,,2018,primary,1.0,12.035
SAMEA14103764,PRJEB51353,SAMEA14103764,,adult,,,SE,,,,,,2018,primary,1.0,6.035
SAMEA14103765,PRJEB51353,SAMEA14103765,,adult,,,SE,,,,,,2016,primary,1.0,6.177
SAMEA14103766,PRJEB51353,SAMEA14103766,,adult,,,SE,,,,,,2018,primary,1.0,7.243
SAMEA14103767,PRJEB51353,SAMEA14103767,,adult,,,SE,,,,,,2017,primary,1.0,7.362
SAMEA14103768,PRJEB51353,SAMEA14103768,,adult,,,SE,,,,,,2017,primary,1.0,7.733
SAMEA14103769,PRJEB51353,SAMEA14103769,,adult,,,SE,,,,,,2018,primary,1.0,7.464
SAMEA14103770,PRJEB51353,SAMEA14103770,,adult,,,SE,,,,,,2016,primary,1.0,6.379
SAMEA14103771,PRJEB51353,SAMEA14103771,,adult,,,SE,,,,,,2017,primary,1.0,7.233
SAMEA14103772,PRJEB51353,SAMEA14103772,,adult,,,SE,,,,,,2017,primary,1.0,7.216
SAMEA14103773,PRJEB51353,SAMEA14103773,,adult,,,SE,,,,,,2017,primary,1.0,8.175
SAMEA14103774,PRJEB51353,SAMEA14103774,,adult,,,SE,,,,,,2017,primary,1.0,6.426
SAMEA14103775,PRJEB51353,SAMEA14103775,,adult,,,SE,,,,,,2017,primary,1.0,8.29
SAMEA14103776,PRJEB51353,SAMEA14103776,,adult,,,SE,,,,,,2018,primary,1.0,7.616
SAMEA14103777,PRJEB51353,SAMEA14103777,,adult,,,SE,,,,,,2018,primary,1.0,7.396
SAMEA14103778,PRJEB51353,SAMEA14103778,,adult,,,SE,,,,,,2017,primary,1.0,7.391
SAMEA14103779,PRJEB51353,SAMEA14103779,,adult,,,SE,,,,,,2017,primary,1.0,7.262
SAMEA14103780,PRJEB51353,SAMEA14103780,,adult,,,SE,,,,,,2016,primary,1.0,6.25
SAMEA14103781,PRJEB51353,SAMEA14103781,,adult,,,SE,,,,,,2017,primary,1.0,7.765
SAMEA14103782,PRJEB51353,SAMEA14103782,,adult,,,SE,,,,,,2018,primary,1.0,8.005
SAMEA14103783,PRJEB51353,SAMEA14103783,,adult,,,SE,,,,,,2018,primary,1.0,6.978
SAMEA14103784,PRJEB51353,SAMEA14103784,,adult,,,SE,,,,,,2018,primary,1.0,9.13
SAMEA14103785,PRJEB51353,SAMEA14103785,,adult,,,SE,,,,,,2016,primary,1.0,6.413
SAMEA14103786,PRJEB51353,SAMEA14103786,,adult,,,SE,,,,,,2018,primary,1.0,7.828
SAMEA14103787,PRJEB51353,SAMEA14103787,,adult,,,SE,,,,,,2018,primary,1.0,6.429
SAMEA14103788,PRJEB51353,SAMEA14103788,,adult,,,SE,,,,,,2018,primary,1.0,8.909
SAMEA14103789,PRJEB51353,SAMEA14103789,,adult,,,SE,,,,,,2018,primary,1.0,8.73
SAMEA14103790,PRJEB51353,SAMEA14103790,,adult,,,SE,,,,,,2017,primary,1.0,7.518
SAMEA14103791,PRJEB51353,SAMEA14103791,,adult,,,SE,,,,,,2018,primary,1.0,7.686
SAMEA14103792,PRJEB51353,SAMEA14103792,,adult,,,SE,,,,,,2017,primary,1.0,8.945
SAMEA14103793,PRJEB51353,SAMEA14103793,,adult,,,SE,,,,,,2016,primary,1.0,6.565
SAMEA14103794,PRJEB51353,SAMEA14103794,,adult,,,SE,,,,,,2016,primary,1.0,7.307
SAMEA14103795,PRJEB51353,SAMEA14103795,,adult,,,SE,,,,,,2018,primary,1.0,9.794
SAMEA14103796,PRJEB51353,SAMEA14103796,,adult,,,SE,,,,,,2018,primary,1.0,8.041
SAMEA14103797,PRJEB51353,SAMEA14103797,,adult,,,SE,,,,,,2018,primary,1.0,6.361
SAMEA14103798,PRJEB51353,SAMEA14103798,,adult,,,SE,,,,,,2016,primary,1.0,7.02
SAMEA14103799,PRJEB51353,SAMEA14103799,,adult,,,SE,,,,,,2018,primary,1.0,6.461
SAMEA14103800,PRJEB51353,SAMEA14103800,,adult,,,SE,,,,,,2017,primary,1.0,9.339
SAMEA14103801,PRJEB51353,SAMEA14103801,,adult,,,SE,,,,,,2017,primary,1.0,7.312
SAMEA14103802,PRJEB51353,SAMEA14103802,,adult,,,SE,,,,,,2017,primary,1.0,7.652
SAMEA14103803,PRJEB51353,SAMEA14103803,,adult,,,SE,,,,,,2016,primary,1.0,8.473
SAMEA14103804,PRJEB51353,SAMEA14103804,,adult,,,SE,,,,,,2018,primary,1.0,7.729
SAMEA14103805,PRJEB51353,SAMEA14103805,,adult,,,SE,,,,,,2018,primary,1.0,7.693
SAMEA14103806,PRJEB51353,SAMEA14103806,,adult,,,SE,,,,,,2017,primary,1.0,7.633
SAMEA14103807,PRJEB51353,SAMEA14103807,,adult,,,SE,,,,,,2016,primary,1.0,7.566
SAMEA14103808,PRJEB51353,SAMEA14103808,,adult,,,SE,,,,,,2017,primary,1.0,6.875
SAMEA14103809,PRJEB51353,SAMEA14103809,,adult,,,SE,,,,,,2016,primary,1.0,6.982
SAMEA14103810,PRJEB51353,SAMEA14103810,,adult,,,SE,,,,,,2017,primary,1.0,6.76
SAMEA14103811,PRJEB51353,SAMEA14103811,,adult,,,SE,,,,,,2018,primary,1.0,7.598
SAMEA14103812,PRJEB51353,SAMEA14103812,,adult,,,SE,,,,,,2017,primary,1.0,6.831
SAMEA14103813,PRJEB51353,SAMEA14103813,,adult,,,SE,,,,,,2018,primary,1.0,7.709
SAMEA14103814,PRJEB51353,SAMEA14103814,,adult,,,SE,,,,,,2018,primary,1.0,7.904
SAMEA14103815,PRJEB51353,SAMEA14103815,,adult,,,SE,,,,,,2016,primary,1.0,7.918
SAMEA14103816,PRJEB51353,SAMEA14103816,,adult,,,SE,,,,,,2018,primary,1.0,6.969
SAMEA14103817,PRJEB51353,SAMEA14103817,,adult,,,SE,,,,,,2017,primary,1.0,7.517
SAMEA14103818,PRJEB51353,SAMEA14103818,,adult,,,SE,,,,,,2018,primary,1.0,7.696
SAMEA14103819,PRJEB51353,SAMEA14103819,,adult,,,SE,,,,,,2017,primary,1.0,6.31
SAMEA14103820,PRJEB51353,SAMEA14103820,,adult,,,SE,,,,,,2017,primary,1.0,8.286
SAMEA14103821,PRJEB51353,SAMEA14103821,,adult,,,SE,,,,,,2016,primary,1.0,6.205
SAMEA14103822,PRJEB51353,SAMEA14103822,,adult,,,SE,,,,,,2017,primary,1.0,8.386
SAMEA14103823,PRJEB51353,SAMEA14103823,,adult,,,SE,,,,,,2017,primary,1.0,7.003
SAMEA14103824,PRJEB51353,SAMEA14103824,,adult,,,SE,,,,,,2018,primary,1.0,7.49
SAMEA14103825,PRJEB51353,SAMEA14103825,,adult,,,SE,,,,,,2016,primary,1.0,7.276
SAMEA14103826,PRJEB51353,SAMEA14103826,,adult,,,SE,,,,,,2017,primary,1.0,6.842
SAMEA14103827,PRJEB51353,SAMEA14103827,,adult,,,SE,,,,,,2016,primary,1.0,6.666
SAMEA14103828,PRJEB51353,SAMEA14103828,,adult,,,SE,,,,,,2017,primary,1.0,9.479
SAMEA14103829,PRJEB51353,SAMEA14103829,,adult,,,SE,,,,,,2017,primary,1.0,7.811
SAMEA14103830,PRJEB51353,SAMEA14103830,,adult,,,SE,,,,,,2016,primary,1.0,6.483
SAMEA14103831,PRJEB51353,SAMEA14103831,,adult,,,SE,,,,,,2016,primary,1.0,6.306
SAMEA14103832,PRJEB51353,SAMEA14103832,,adult,,,SE,,,,,,2016,primary,1.0,8.403
SAMEA14103833,PRJEB51353,SAMEA14103833,,adult,,,SE,,,,,,2016,primary,1.0,8.74
SAMEA14103834,PRJEB51353,SAMEA14103834,,adult,,,SE,,,,,,2018,primary,1.0,7.54
SAMEA14103835,PRJEB51353,SAMEA14103835,,adult,,,SE,,,,,,2018,primary,1.0,6.882
SAMEA14103836,PRJEB51353,SAMEA14103836,,adult,,,SE,,,,,,2018,primary,1.0,7.19
SAMEA14103837,PRJEB51353,SAMEA14103837,,adult,,,SE,,,,,,2016,primary,1.0,6.466
SAMEA14103838,PRJEB51353,SAMEA14103838,,adult,,,SE,,,,,,2017,primary,1.0,9.773
SAMEA14103839,PRJEB51353,SAMEA14103839,,adult,,,SE,,,,,,2018,primary,1.0,7.593
SAMEA14103840,PRJEB51353,SAMEA14103840,,adult,,,SE,,,,,,2017,primary,1.0,8.297
SAMEA14103841,PRJEB51353,SAMEA14103841,,adult,,,SE,,,,,,2017,primary,1.0,6.76
SAMEA14103842,PRJEB51353,SAMEA14103842,,adult,,,SE,,,,,,2016,primary,1.0,5.985
SAMEA14103843,PRJEB51353,SAMEA14103843,,adult,,,SE,,,,,,2018,primary,1.0,8.281
SAMEA14103844,PRJEB51353,SAMEA14103844,,adult,,,SE,,,,,,2018,primary,1.0,7.776
SAMEA14103845,PRJEB51353,SAMEA14103845,,adult,,,SE,,,,,,2018,primary,1.0,8.308
SAMEA14103846,PRJEB51353,SAMEA14103846,,adult,,,SE,,,,,,2016,primary,2.0,14.855
SAMEA14103847,PRJEB51353,SAMEA14103847,,adult,,,SE,,,,,,2017,primary,1.0,9.238
SAMEA14103848,PRJEB51353,SAMEA14103848,,adult,,,SE,,,,,,2016,primary,1.0,8.583
SAMEA14103849,PRJEB51353,SAMEA14103849,,adult,,,SE,,,,,,2018,primary,1.0,6.775
SAMEA14103850,PRJEB51353,SAMEA14103850,,adult,,,SE,,,,,,2016,primary,1.0,7.757
SAMEA14103851,PRJEB51353,SAMEA14103851,,adult,,,SE,,,,,,2017,primary,1.0,6.31
SAMEA14103852,PRJEB51353,SAMEA14103852,,adult,,,SE,,,,,,2018,primary,1.0,6.44
SAMEA14103853,PRJEB51353,SAMEA14103853,,adult,,,SE,,,,,,2017,primary,1.0,7.194
SAMEA14103854,PRJEB51353,SAMEA14103854,,adult,,,SE,,,,,,2016,primary,1.0,9.097
SAMEA14103855,PRJEB51353,SAMEA14103855,,adult,,,SE,,,,,,2016,primary,1.0,7.579
SAMEA14103856,PRJEB51353,SAMEA14103856,,adult,,,SE,,,,,,2016,primary,1.0,6.636
SAMEA14103857,PRJEB51353,SAMEA14103857,,adult,,,SE,,,,,,2017,primary,1.0,7.445
SAMEA14103858,PRJEB51353,SAMEA14103858,,adult,,,SE,,,,,,2018,primary,1.0,7.349
SAMEA14103859,PRJEB51353,SAMEA14103859,,adult,,,SE,,,,,,2015,primary,1.0,9.283
SAMEA14103860,PRJEB51353,SAMEA14103860,,adult,,,SE,,,,,,2017,primary,1.0,7.404
SAMEA14103861,PRJEB51353,SAMEA14103861,,adult,,,SE,,,,,,2018,primary,1.0,8.473
SAMEA14103862,PRJEB51353,SAMEA14103862,,adult,,,SE,,,,,,2017,primary,1.0,7.121
SAMEA14103863,PRJEB51353,SAMEA14103863,,adult,,,SE,,,,,,2017,primary,1.0,7.298
SAMEA14103864,PRJEB51353,SAMEA14103864,,adult,,,SE,,,,,,2016,primary,1.0,8.081
SAMEA14103865,PRJEB51353,SAMEA14103865,,adult,,,SE,,,,,,2016,primary,1.0,7.454
SAMEA14103866,PRJEB51353,SAMEA14103866,,adult,,,SE,,,,,,2016,primary,1.0,9.349
SAMEA14103867,PRJEB51353,SAMEA14103867,,adult,,,SE,,,,,,2017,primary,1.0,6.569
SAMEA14103868,PRJEB51353,SAMEA14103868,,adult,,,SE,,,,,,2016,primary,1.0,8.488
SAMEA14103869,PRJEB51353,SAMEA14103869,,adult,,,SE,,,,,,2017,primary,1.0,7.038
SAMEA14103870,PRJEB51353,SAMEA14103870,,adult,,,SE,,,,,,2016,primary,1.0,6.659
SAMEA14103871,PRJEB51353,SAMEA14103871,,adult,,,SE,,,,,,2017,primary,1.0,7.21
SAMEA14103872,PRJEB51353,SAMEA14103872,,adult,,,SE,,,,,,2017,primary,1.0,7.219
SAMEA14103873,PRJEB51353,SAMEA14103873,,adult,,,SE,,,,,,2017,primary,1.0,7.897
SAMEA14103874,PRJEB51353,SAMEA14103874,,adult,,,SE,,,,,,2016,primary,1.0,7.433
SAMEA14103875,PRJEB51353,SAMEA14103875,,adult,,,SE,,,,,,2017,primary,1.0,7.986
SAMEA14103876,PRJEB51353,SAMEA14103876,,adult,,,SE,,,,,,2018,primary,1.0,8.221
SAMEA14103877,PRJEB51353,SAMEA14103877,,adult,,,SE,,,,,,2016,primary,1.0,5.97
SAMEA14103878,PRJEB51353,SAMEA14103878,,adult,,,SE,,,,,,2017,primary,1.0,7.983
SAMEA14103879,PRJEB51353,SAMEA14103879,,adult,,,SE,,,,,,2017,primary,1.0,6.515
SAMEA14103880,PRJEB51353,SAMEA14103880,,adult,,,SE,,,,,,2016,primary,1.0,7.449
SAMEA14103881,PRJEB51353,SAMEA14103881,,adult,,,SE,,,,,,2017,primary,1.0,6.485
SAMEA14103882,PRJEB51353,SAMEA14103882,,adult,,,SE,,,,,,2016,primary,1.0,7.53
SAMEA14103883,PRJEB51353,SAMEA14103883,,adult,,,SE,,,,,,2018,primary,1.0,8.832
SAMEA14103884,PRJEB51353,SAMEA14103884,,adult,,,SE,,,,,,2016,primary,1.0,8.614
SAMEA14103885,PRJEB51353,SAMEA14103885,,adult,,,SE,,,,,,2016,primary,1.0,6.676
SAMEA14103886,PRJEB51353,SAMEA14103886,,adult,,,SE,,,,,,2016,primary,1.0,6.45
SAMEA14103887,PRJEB51353,SAMEA14103887,,adult,,,SE,,,,,,2016,primary,1.0,6.058
SAMEA14103888,PRJEB51353,SAMEA14103888,,adult,,,SE,,,,,,2016,primary,1.0,8.677
SAMEA14103889,PRJEB51353,SAMEA14103889,,adult,,,SE,,,,,,2016,primary,1.0,7.905
SAMEA14103890,PRJEB51353,SAMEA14103890,,adult,,,SE,,,,,,2016,primary,1.0,7.498
SAMEA14103891,PRJEB51353,SAMEA14103891,,adult,,,SE,,,,,,2018,primary,1.0,7.085
SAMEA14103892,PRJEB51353,SAMEA14103892,,adult,,,SE,,,,,,2017,primary,1.0,6.6
SAMEA14103893,PRJEB51353,SAMEA14103893,,adult,,,SE,,,,,,2017,primary,1.0,6.686
SAMEA14103894,PRJEB51353,SAMEA14103894,,adult,,,SE,,,,,,2018,primary,1.0,7.349
SAMEA14103895,PRJEB51353,SAMEA14103895,,adult,,,SE,,,,,,2018,primary,1.0,9.818
SAMEA14103896,PRJEB51353,SAMEA14103896,,adult,,,SE,,,,,,2017,primary,1.0,6.783
SAMEA14103897,PRJEB51353,SAMEA14103897,,adult,,,SE,,,,,,2018,primary,1.0,6.61
SAMEA14103898,PRJEB51353,SAMEA14103898,,adult,,,SE,,,,,,2017,primary,1.0,7.412
SAMEA14103899,PRJEB51353,SAMEA14103899,,adult,,,SE,,,,,,2017,primary,1.0,8.429
SAMEA14103900,PRJEB51353,SAMEA14103900,,adult,,,SE,,,,,,2017,primary,1.0,8.841
SAMEA14103901,PRJEB51353,SAMEA14103901,,adult,,,SE,,,,,,2017,primary,1.0,8.526
SAMEA14103902,PRJEB51353,SAMEA14103902,,adult,,,SE,,,,,,2016,primary,1.0,7.884
SAMEA14103903,PRJEB51353,SAMEA14103903,,adult,,,SE,,,,,,2016,primary,1.0,6.76
SAMEA14103904,PRJEB51353,SAMEA14103904,,adult,,,SE,,,,,,2017,primary,1.0,7.428
SAMEA14103905,PRJEB51353,SAMEA14103905,,adult,,,SE,,,,,,2016,primary,1.0,8.806
SAMEA14103906,PRJEB51353,SAMEA14103906,,adult,,,SE,,,,,,2017,primary,1.0,6.956
SAMEA14103907,PRJEB51353,SAMEA14103907,,adult,,,SE,,,,,,2017,primary,1.0,8.742
SAMEA14103908,PRJEB51353,SAMEA14103908,,adult,,,SE,,,,,,2016,primary,1.0,7.44
SAMEA14103909,PRJEB51353,SAMEA14103909,,adult,,,SE,,,,,,2018,primary,1.0,11.572
SAMEA14103910,PRJEB51353,SAMEA14103910,,adult,,,SE,,,,,,2017,primary,1.0,7.266
SAMEA14103911,PRJEB51353,SAMEA14103911,,adult,,,SE,,,,,,2018,primary,1.0,6.791
SAMEA14103912,PRJEB51353,SAMEA14103912,,adult,,,SE,,,,,,2017,primary,1.0,6.944
SAMEA14103913,PRJEB51353,SAMEA14103913,,adult,,,SE,,,,,,2016,primary,1.0,7.657
SAMEA14103914,PRJEB51353,SAMEA14103914,,adult,,,SE,,,,,,2016,primary,1.0,6.843
SAMEA14103915,PRJEB51353,SAMEA14103915,,adult,,,SE,,,,,,2017,primary,1.0,7.219
SAMEA14103916,PRJEB51353,SAMEA14103916,,adult,,,SE,,,,,,2017,primary,1.0,9.675
SAMEA14103917,PRJEB51353,SAMEA14103917,,adult,,,SE,,,,,,2017,primary,1.0,9.128
SAMEA14103918,PRJEB51353,SAMEA14103918,,adult,,,SE,,,,,,2017,primary,1.0,7.133
SAMEA14103919,PRJEB51353,SAMEA14103919,,adult,,,SE,,,,,,2016,primary,1.0,7.868
SAMEA14103920,PRJEB51353,SAMEA14103920,,adult,,,SE,,,,,,2017,primary,1.0,7.106
SAMEA14103921,PRJEB51353,SAMEA14103921,,adult,,,SE,,,,,,2017,primary,1.0,7.729
SAMEA14103922,PRJEB51353,SAMEA14103922,,adult,,,SE,,,,,,2017,primary,1.0,6.049
SAMEA14103923,PRJEB51353,SAMEA14103923,,adult,,,SE,,,,,,2016,primary,2.0,14.123
SAMEA14103924,PRJEB51353,SAMEA14103924,,adult,,,SE,,,,,,2016,primary,1.0,7.294
SAMEA14103925,PRJEB51353,SAMEA14103925,,adult,,,SE,,,,,,2016,primary,1.0,6.834
SAMEA14103926,PRJEB51353,SAMEA14103926,,adult,,,SE,,,,,,2017,primary,1.0,7.971
SAMEA14103927,PRJEB51353,SAMEA14103927,,adult,,,SE,,,,,,2017,primary,1.0,6.963
SAMEA14103928,PRJEB51353,SAMEA14103928,,adult,,,SE,,,,,,2017,primary,1.0,8.616
SAMEA14103929,PRJEB51353,SAMEA14103929,,adult,,,SE,,,,,,2018,primary,1.0,7.179
SAMEA14103930,PRJEB51353,SAMEA14103930,,adult,,,SE,,,,,,2017,primary,1.0,7.41
SAMEA14103931,PRJEB51353,SAMEA14103931,,adult,,,SE,,,,,,2018,primary,1.0,8.28
SAMEA14103932,PRJEB51353,SAMEA14103932,,adult,,,SE,,,,,,2018,primary,1.0,8.157
SAMEA14103933,PRJEB51353,SAMEA14103933,,adult,,,SE,,,,,,2018,primary,1.0,9.268
SAMEA14103934,PRJEB51353,SAMEA14103934,,adult,,,SE,,,,,,2018,primary,1.0,8.586
SAMEA14103935,PRJEB51353,SAMEA14103935,,adult,,,SE,,,,,,2017,primary,1.0,7.528
SAMEA14103936,PRJEB51353,SAMEA14103936,,adult,,,SE,,,,,,2017,primary,1.0,8.319
SAMEA14103937,PRJEB51353,SAMEA14103937,,adult,,,SE,,,,,,2016,primary,1.0,8.591
SAMEA14103938,PRJEB51353,SAMEA14103938,,adult,,,SE,,,,,,2018,primary,1.0,6.012
SAMEA14103939,PRJEB51353,SAMEA14103939,,adult,,,SE,,,,,,2018,primary,1.0,9.044
SAMEA14103940,PRJEB51353,SAMEA14103940,,adult,,,SE,,,,,,2017,primary,1.0,7.313
SAMEA14103941,PRJEB51353,SAMEA14103941,,adult,,,SE,,,,,,2018,primary,1.0,8.461
SAMEA14103942,PRJEB51353,SAMEA14103942,,adult,,,SE,,,,,,2018,primary,1.0,7.025
SAMEA14103943,PRJEB51353,SAMEA14103943,,adult,,,SE,,,,,,2018,primary,1.0,6.606
SAMEA14103944,PRJEB51353,SAMEA14103944,,adult,,,SE,,,,,,2016,primary,1.0,6.461
SAMEA14103945,PRJEB51353,SAMEA14103945,,adult,,,SE,,,,,,2018,primary,1.0,6.931
SAMEA14103946,PRJEB51353,SAMEA14103946,,adult,,,SE,,,,,,2017,primary,1.0,6.64
SAMEA14103947,PRJEB51353,SAMEA14103947,,adult,,,SE,,,,,,2016,primary,1.0,9.435
SAMEA14103948,PRJEB51353,SAMEA14103948,,adult,,,SE,,,,,,2017,primary,1.0,7.704
SAMEA14103949,PRJEB51353,SAMEA14103949,,adult,,,SE,,,,,,2016,primary,1.0,7.936
SAMEA14103950,PRJEB51353,SAMEA14103950,,adult,,,SE,,,,,,2017,primary,1.0,6.676
SAMEA14103951,PRJEB51353,SAMEA14103951,,adult,,,SE,,,,,,2018,primary,1.0,9.742
SAMEA14103952,PRJEB51353,SAMEA14103952,,adult,,,SE,,,,,,2016,primary,1.0,6.76
SAMEA14103953,PRJEB51353,SAMEA14103953,,adult,,,SE,,,,,,2016,primary,1.0,6.779
SAMEA14103954,PRJEB51353,SAMEA14103954,,adult,,,SE,,,,,,2016,primary,1.0,7.069
SAMEA14103955,PRJEB51353,SAMEA14103955,,adult,,,SE,,,,,,2017,primary,1.0,17.4
SAMEA14103956,PRJEB51353,SAMEA14103956,,adult,,,SE,,,,,,2017,primary,1.0,7.397
SAMEA14103957,PRJEB51353,SAMEA14103957,,adult,,,SE,,,,,,2017,primary,1.0,6.758
SAMEA14103958,PRJEB51353,SAMEA14103958,,adult,,,SE,,,,,,2018,primary,1.0,7.519
SAMEA14103959,PRJEB51353,SAMEA14103959,,adult,,,SE,,,,,,2016,primary,1.0,6.696
SAMEA14103960,PRJEB51353,SAMEA14103960,,adult,,,SE,,,,,,2017,primary,1.0,7.575
SAMEA14103961,PRJEB51353,SAMEA14103961,,adult,,,SE,,,,,,2018,primary,1.0,7.012
SAMEA14103962,PRJEB51353,SAMEA14103962,,adult,,,SE,,,,,,2018,primary,1.0,8.393
SAMEA14103963,PRJEB51353,SAMEA14103963,,adult,,,SE,,,,,,2017,primary,1.0,7.561
SAMEA14103964,PRJEB51353,SAMEA14103964,,adult,,,SE,,,,,,2017,primary,1.0,6.476
SAMEA14103965,PRJEB51353,SAMEA14103965,,adult,,,SE,,,,,,2016,primary,1.0,9.745
SAMEA14103966,PRJEB51353,SAMEA14103966,,adult,,,SE,,,,,,2016,primary,1.0,7.236
SAMEA14103967,PRJEB51353,SAMEA14103967,,adult,,,SE,,,,,,2017,primary,1.0,10.394
SAMEA14103968,PRJEB51353,SAMEA14103968,,adult,,,SE,,,,,,2017,primary,1.0,7.912
SAMEA14103969,PRJEB51353,SAMEA14103969,,adult,,,SE,,,,,,2018,primary,1.0,8.893
SAMEA14103970,PRJEB51353,SAMEA14103970,,adult,,,SE,,,,,,2016,primary,1.0,7.688
SAMEA14103971,PRJEB51353,SAMEA14103971,,adult,,,SE,,,,,,2017,primary,1.0,9.346
SAMEA14103972,PRJEB51353,SAMEA14103972,,adult,,,SE,,,,,,2017,primary,1.0,9.155
SAMEA14103973,PRJEB51353,SAMEA14103973,,adult,,,SE,,,,,,2016,primary,1.0,7.039
SAMEA14103974,PRJEB51353,SAMEA14103974,,adult,,,SE,,,,,,2016,primary,1.0,6.497
SAMEA14103975,PRJEB51353,SAMEA14103975,,adult,,,SE,,,,,,2017,primary,1.0,7.554
SAMEA14103976,PRJEB51353,SAMEA14103976,,adult,,,SE,,,,,,2016,primary,1.0,8.29
SAMEA14103977,PRJEB51353,SAMEA14103977,,adult,,,SE,,,,,,2017,primary,1.0,8.418
SAMEA14103978,PRJEB51353,SAMEA14103978,,adult,,,SE,,,,,,2018,primary,1.0,6.256
SAMEA14103979,PRJEB51353,SAMEA14103979,,adult,,,SE,,,,,,2017,primary,1.0,7.902
SAMEA14103980,PRJEB51353,SAMEA14103980,,adult,,,SE,,,,,,2017,primary,1.0,6.991
SAMEA14103981,PRJEB51353,SAMEA14103981,,adult,,,SE,,,,,,2017,primary,1.0,7.165
SAMEA14103982,PRJEB51353,SAMEA14103982,,adult,,,SE,,,,,,2017,primary,1.0,8.106
SAMEA14103983,PRJEB51353,SAMEA14103983,,adult,,,SE,,,,,,2017,primary,1.0,7.396
SAMEA14103984,PRJEB51353,SAMEA14103984,,adult,,,SE,,,,,,2016,primary,1.0,6.633
SAMEA14103985,PRJEB51353,SAMEA14103985,,adult,,,SE,,,,,,2017,primary,1.0,7.498
SAMEA14103986,PRJEB51353,SAMEA14103986,,adult,,,SE,,,,,,2018,primary,1.0,11.992
SAMEA14103987,PRJEB51353,SAMEA14103987,,adult,,,SE,,,,,,2017,primary,1.0,8.204
SAMEA14103988,PRJEB51353,SAMEA14103988,,adult,,,SE,,,,,,2016,primary,1.0,6.755
SAMEA14103989,PRJEB51353,SAMEA14103989,,adult,,,SE,,,,,,2016,primary,1.0,10.997
SAMEA14103990,PRJEB51353,SAMEA14103990,,adult,,,SE,,,,,,2018,primary,1.0,6.17
SAMEA14103991,PRJEB51353,SAMEA14103991,,adult,,,SE,,,,,,2017,primary,1.0,7.321
SAMEA14103992,PRJEB51353,SAMEA14103992,,adult,,,SE,,,,,,2016,primary,1.0,10.979
SAMEA14103993,PRJEB51353,SAMEA14103993,,adult,,,SE,,,,,,2017,primary,1.0,8.206
SAMEA14103994,PRJEB51353,SAMEA14103994,,adult,,,SE,,,,,,2018,primary,1.0,8.187
SAMEA14103995,PRJEB51353,SAMEA14103995,,adult,,,SE,,,,,,2018,primary,1.0,7.331
SAMEA14103996,PRJEB51353,SAMEA14103996,,adult,,,SE,,,,,,2017,primary,1.0,6.851
SAMEA14103997,PRJEB51353,SAMEA14103997,,adult,,,SE,,,,,,2017,primary,1.0,6.427
SAMEA14103998,PRJEB51353,SAMEA14103998,,adult,,,SE,,,,,,2017,primary,1.0,7.64
SAMEA14103999,PRJEB51353,SAMEA14103999,,adult,,,SE,,,,,,2017,primary,1.0,6.659
SAMEA14104000,PRJEB51353,SAMEA14104000,,adult,,,SE,,,,,,2016,primary,1.0,7.91
SAMEA14104001,PRJEB51353,SAMEA14104001,,adult,,,SE,,,,,,2018,primary,1.0,7.458
SAMEA14104002,PRJEB51353,SAMEA14104002,,adult,,,SE,,,,,,2016,primary,1.0,6.701
SAMEA14104003,PRJEB51353,SAMEA14104003,,adult,,,SE,,,,,,2016,primary,1.0,6.471
SAMEA14104004,PRJEB51353,SAMEA14104004,,adult,,,SE,,,,,,2017,primary,1.0,6.607
SAMEA14104005,PRJEB51353,SAMEA14104005,,adult,,,SE,,,,,,2018,primary,1.0,8.512
SAMEA14104006,PRJEB51353,SAMEA14104006,,adult,,,SE,,,,,,2016,primary,1.0,6.361
SAMEA14104007,PRJEB51353,SAMEA14104007,,adult,,,SE,,,,,,2017,primary,1.0,7.511
SAMEA14104008,PRJEB51353,SAMEA14104008,,adult,,,SE,,,,,,2017,primary,1.0,8.221
SAMEA14104009,PRJEB51353,SAMEA14104009,,adult,,,SE,,,,,,2018,primary,1.0,8.544
SAMEA14104010,PRJEB51353,SAMEA14104010,,adult,,,SE,,,,,,2018,primary,1.0,7.795
SAMEA14104011,PRJEB51353,SAMEA14104011,,adult,,,SE,,,,,,2017,primary,1.0,8.028
SAMEA14104012,PRJEB51353,SAMEA14104012,,adult,,,SE,,,,,,2016,primary,1.0,6.668
SAMEA14104013,PRJEB51353,SAMEA14104013,,adult,,,SE,,,,,,2015,primary,1.0,6.862
SAMEA14104014,PRJEB51353,SAMEA14104014,,adult,,,SE,,,,,,2018,primary,1.0,6.244
SAMEA14104015,PRJEB51353,SAMEA14104015,,adult,,,SE,,,,,,2016,primary,1.0,6.343
SAMEA14104016,PRJEB51353,SAMEA14104016,,adult,,,SE,,,,,,2018,primary,1.0,6.392
SAMEA14104017,PRJEB51353,SAMEA14104017,,adult,,,SE,,,,,,2017,primary,1.0,8.399
SAMEA14104018,PRJEB51353,SAMEA14104018,,adult,,,SE,,,,,,2018,primary,1.0,7.062
SAMEA14104019,PRJEB51353,SAMEA14104019,,adult,,,SE,,,,,,2018,primary,1.0,7.611
SAMEA14104020,PRJEB51353,SAMEA14104020,,adult,,,SE,,,,,,2017,primary,1.0,6.832
SAMEA14104021,PRJEB51353,SAMEA14104021,,adult,,,SE,,,,,,2017,primary,1.0,8.542
SAMEA14104022,PRJEB51353,SAMEA14104022,,adult,,,SE,,,,,,2016,primary,1.0,6.212
SAMEA14104023,PRJEB51353,SAMEA14104023,,adult,,,SE,,,,,,2015,primary,1.0,7.209
SAMEA14104024,PRJEB51353,SAMEA14104024,,adult,,,SE,,,,,,2017,primary,1.0,7.205
SAMEA14104025,PRJEB51353,SAMEA14104025,,adult,,,SE,,,,,,2016,primary,1.0,9.279
SAMEA14104026,PRJEB51353,SAMEA14104026,,adult,,,SE,,,,,,2017,primary,1.0,7.282
SAMEA14104027,PRJEB51353,SAMEA14104027,,adult,,,SE,,,,,,2016,primary,1.0,8.718
SAMEA14104028,PRJEB51353,SAMEA14104028,,adult,,,SE,,,,,,2017,primary,1.0,8.045
SAMEA14104029,PRJEB51353,SAMEA14104029,,adult,,,SE,,,,,,2017,primary,1.0,7.811
SAMEA14104030,PRJEB51353,SAMEA14104030,,adult,,,SE,,,,,,2016,primary,1.0,7.473
SAMEA14104031,PRJEB51353,SAMEA14104031,,adult,,,SE,,,,,,2017,primary,1.0,7.915
SAMEA14104032,PRJEB51353,SAMEA14104032,,adult,,,SE,,,,,,2016,primary,1.0,7.148
SAMEA14104033,PRJEB51353,SAMEA14104033,,adult,,,SE,,,,,,2017,primary,1.0,6.476
SAMEA14104034,PRJEB51353,SAMEA14104034,,adult,,,SE,,,,,,2017,primary,1.0,7.395
SAMEA14104035,PRJEB51353,SAMEA14104035,,adult,,,SE,,,,,,2016,primary,1.0,7.917
SAMEA14104036,PRJEB51353,SAMEA14104036,,adult,,,SE,,,,,,2016,primary,1.0,7.057
SAMEA14104037,PRJEB51353,SAMEA14104037,,adult,,,SE,,,,,,2016,primary,1.0,6.954
SAMEA14104038,PRJEB51353,SAMEA14104038,,adult,,,SE,,,,,,2018,primary,1.0,7.208
SAMEA14104039,PRJEB51353,SAMEA14104039,,adult,,,SE,,,,,,2016,primary,1.0,7.776
SAMEA14104040,PRJEB51353,SAMEA14104040,,adult,,,SE,,,,,,2017,primary,1.0,7.555
SAMEA14104041,PRJEB51353,SAMEA14104041,,adult,,,SE,,,,,,2018,primary,1.0,9.707
SAMEA14104042,PRJEB51353,SAMEA14104042,,adult,,,SE,,,,,,2016,primary,1.0,6.456
SAMEA14104043,PRJEB51353,SAMEA14104043,,adult,,,SE,,,,,,2017,primary,1.0,7.274
SAMEA14104044,PRJEB51353,SAMEA14104044,,adult,,,SE,,,,,,2017,primary,1.0,7.766
SAMEA14104045,PRJEB51353,SAMEA14104045,,adult,,,SE,,,,,,2018,primary,1.0,8.165
SAMEA14104046,PRJEB51353,SAMEA14104046,,adult,,,SE,,,,,,2016,primary,2.0,17.613
SAMEA14104047,PRJEB51353,SAMEA14104047,,adult,,,SE,,,,,,2017,primary,1.0,7.269
SAMEA14104048,PRJEB51353,SAMEA14104048,,adult,,,SE,,,,,,2017,primary,1.0,5.97
SAMEA14104049,PRJEB51353,SAMEA14104049,,adult,,,SE,,,,,,2017,primary,1.0,7.366
SAMEA14104050,PRJEB51353,SAMEA14104050,,adult,,,SE,,,,,,2017,primary,1.0,8.738
SAMEA14104051,PRJEB51353,SAMEA14104051,,adult,,,SE,,,,,,2017,primary,1.0,7.374
SAMEA14104052,PRJEB51353,SAMEA14104052,,adult,,,SE,,,,,,2017,primary,1.0,6.294
SAMEA14104053,PRJEB51353,SAMEA14104053,,adult,,,SE,,,,,,2017,primary,1.0,9.063
SAMEA14104054,PRJEB51353,SAMEA14104054,,adult,,,SE,,,,,,2016,primary,1.0,7.735
SAMEA14104055,PRJEB51353,SAMEA14104055,,adult,,,SE,,,,,,2017,primary,1.0,6.954
SAMEA14104056,PRJEB51353,SAMEA14104056,,adult,,,SE,,,,,,2017,primary,1.0,7.469
SAMEA14104057,PRJEB51353,SAMEA14104057,,adult,,,SE,,,,,,2017,primary,1.0,8.198
SAMEA14104058,PRJEB51353,SAMEA14104058,,adult,,,SE,,,,,,2016,primary,1.0,8.547
SAMEA14104059,PRJEB51353,SAMEA14104059,,adult,,,SE,,,,,,2016,primary,1.0,6.737
SAMEA14104060,PRJEB51353,SAMEA14104060,,adult,,,SE,,,,,,2017,primary,1.0,6.395
SAMEA14104061,PRJEB51353,SAMEA14104061,,adult,,,SE,,,,,,2016,primary,1.0,8.59
SAMEA14104062,PRJEB51353,SAMEA14104062,,adult,,,SE,,,,,,2017,primary,1.0,6.643
SAMEA14104063,PRJEB51353,SAMEA14104063,,adult,,,SE,,,,,,2018,primary,1.0,13.352
SAMEA14104064,PRJEB51353,SAMEA14104064,,adult,,,SE,,,,,,2018,primary,1.0,6.432
SAMEA14104065,PRJEB51353,SAMEA14104065,,adult,,,SE,,,,,,2016,primary,1.0,7.036
SAMEA14104066,PRJEB51353,SAMEA14104066,,adult,,,SE,,,,,,2017,primary,1.0,8.528
SAMEA14104067,PRJEB51353,SAMEA14104067,,adult,,,SE,,,,,,2017,primary,1.0,6.945
SAMEA14104068,PRJEB51353,SAMEA14104068,,adult,,,SE,,,,,,2017,primary,1.0,6.255
SAMEA14104069,PRJEB51353,SAMEA14104069,,adult,,,SE,,,,,,2017,primary,1.0,7.579
SAMEA14104070,PRJEB51353,SAMEA14104070,,adult,,,SE,,,,,,2018,primary,1.0,6.782
SAMEA14104071,PRJEB51353,SAMEA14104071,,adult,,,SE,,,,,,2017,primary,1.0,8.846
SAMEA14104072,PRJEB51353,SAMEA14104072,,adult,,,SE,,,,,,2016,primary,1.0,8.724
SAMEA14104073,PRJEB51353,SAMEA14104073,,adult,,,SE,,,,,,2017,primary,1.0,9.127
SAMEA14104074,PRJEB51353,SAMEA14104074,,adult,,,SE,,,,,,2016,primary,1.0,6.19
SAMEA14104075,PRJEB51353,SAMEA14104075,,adult,,,SE,,,,,,2017,primary,1.0,6.913
SAMEA14104076,PRJEB51353,SAMEA14104076,,adult,,,SE,,,,,,2017,primary,1.0,7.802
SAMEA14104077,PRJEB51353,SAMEA14104077,,adult,,,SE,,,,,,2017,primary,1.0,7.257
SAMEA14104078,PRJEB51353,SAMEA14104078,,adult,,,SE,,,,,,2018,primary,1.0,9.123
SAMEA14104079,PRJEB51353,SAMEA14104079,,adult,,,SE,,,,,,2018,primary,1.0,7.389
SAMEA14104080,PRJEB51353,SAMEA14104080,,adult,,,SE,,,,,,2018,primary,1.0,6.87
SAMEA14104081,PRJEB51353,SAMEA14104081,,adult,,,SE,,,,,,2016,primary,1.0,7.441
SAMEA14104082,PRJEB51353,SAMEA14104082,,adult,,,SE,,,,,,2016,primary,1.0,9.104
SAMEA14104083,PRJEB51353,SAMEA14104083,,adult,,,SE,,,,,,2016,primary,1.0,6.515
SAMEA14104084,PRJEB51353,SAMEA14104084,,adult,,,SE,,,,,,2017,primary,1.0,7.023
SAMEA14104085,PRJEB51353,SAMEA14104085,,adult,,,SE,,,,,,2016,primary,1.0,6.606
SAMEA14104086,PRJEB51353,SAMEA14104086,,adult,,,SE,,,,,,2018,primary,1.0,7.28
SAMEA14104087,PRJEB51353,SAMEA14104087,,adult,,,SE,,,,,,2018,primary,1.0,6.549
SAMEA14104088,PRJEB51353,SAMEA14104088,,adult,,,SE,,,,,,2015,primary,1.0,6.943
SAMEA14104089,PRJEB51353,SAMEA14104089,,adult,,,SE,,,,,,2016,primary,1.0,7.61
SAMEA14104090,PRJEB51353,SAMEA14104090,,adult,,,SE,,,,,,2015,primary,1.0,8.441
SAMEA14104091,PRJEB51353,SAMEA14104091,,adult,,,SE,,,,,,2018,primary,1.0,10.44
SAMEA14104092,PRJEB51353,SAMEA14104092,,adult,,,SE,,,,,,2017,primary,1.0,8.581
SAMEA14104093,PRJEB51353,SAMEA14104093,,adult,,,SE,,,,,,2017,primary,1.0,6.723
SAMEA14104094,PRJEB51353,SAMEA14104094,,adult,,,SE,,,,,,2018,primary,1.0,7.201
SAMEA14104095,PRJEB51353,SAMEA14104095,,adult,,,SE,,,,,,2016,primary,1.0,7.141
SAMEA14104096,PRJEB51353,SAMEA14104096,,adult,,,SE,,,,,,2018,primary,1.0,9.014
SAMEA14104097,PRJEB51353,SAMEA14104097,,adult,,,SE,,,,,,2018,primary,1.0,6.617
SAMEA14104098,PRJEB51353,SAMEA14104098,,adult,,,SE,,,,,,2018,primary,1.0,7.77
SAMEA14104099,PRJEB51353,SAMEA14104099,,adult,,,SE,,,,,,2016,primary,1.0,7.415
SAMEA14104100,PRJEB51353,SAMEA14104100,,adult,,,SE,,,,,,2016,primary,1.0,7.796
SAMEA14104101,PRJEB51353,SAMEA14104101,,adult,,,SE,,,,,,2016,primary,1.0,6.542
SAMEA14104102,PRJEB51353,SAMEA14104102,,adult,,,SE,,,,,,2016,primary,1.0,10.763
SAMEA14104103,PRJEB51353,SAMEA14104103,,adult,,,SE,,,,,,2017,primary,1.0,6.32
SAMEA14104104,PRJEB51353,SAMEA14104104,,adult,,,SE,,,,,,2018,primary,1.0,6.021
SAMEA14104105,PRJEB51353,SAMEA14104105,,adult,,,SE,,,,,,2017,primary,1.0,5.971
SAMEA14104106,PRJEB51353,SAMEA14104106,,adult,,,SE,,,,,,2018,primary,1.0,8.014
SAMEA14104107,PRJEB51353,SAMEA14104107,,adult,,,SE,,,,,,2016,primary,1.0,6.489
SAMEA14104108,PRJEB51353,SAMEA14104108,,adult,,,SE,,,,,,2018,primary,1.0,6.941
SAMEA14104109,PRJEB51353,SAMEA14104109,,adult,,,SE,,,,,,2017,primary,1.0,7.166
SAMEA14104110,PRJEB51353,SAMEA14104110,,adult,,,SE,,,,,,2017,primary,1.0,7.222
SAMEA14104111,PRJEB51353,SAMEA14104111,,adult,,,SE,,,,,,2016,primary,1.0,6.414
SAMEA14104112,PRJEB51353,SAMEA14104112,,adult,,,SE,,,,,,2018,primary,1.0,7.174
SAMEA14104113,PRJEB51353,SAMEA14104113,,adult,,,SE,,,,,,2017,primary,1.0,6.12
SAMEA14104114,PRJEB51353,SAMEA14104114,,adult,,,SE,,,,,,2018,primary,1.0,9.916
SAMEA14104115,PRJEB51353,SAMEA14104115,,adult,,,SE,,,,,,2017,primary,1.0,7.408
SAMEA14104116,PRJEB51353,SAMEA14104116,,adult,,,SE,,,,,,2018,primary,1.0,7.28
SAMEA14104117,PRJEB51353,SAMEA14104117,,adult,,,SE,,,,,,2017,primary,1.0,8.027
SAMEA14104118,PRJEB51353,SAMEA14104118,,adult,,,SE,,,,,,2018,primary,1.0,7.511
SAMEA14104119,PRJEB51353,SAMEA14104119,,adult,,,SE,,,,,,2016,primary,1.0,6.608
SAMEA14104120,PRJEB51353,SAMEA14104120,,adult,,,SE,,,,,,2016,primary,1.0,6.655
SAMEA14104121,PRJEB51353,SAMEA14104121,,adult,,,SE,,,,,,2018,primary,1.0,8.453
SAMEA14104122,PRJEB51353,SAMEA14104122,,adult,,,SE,,,,,,2017,primary,1.0,7.578
SAMEA14104123,PRJEB51353,SAMEA14104123,,adult,,,SE,,,,,,2017,primary,1.0,6.255
SAMEA14104124,PRJEB51353,SAMEA14104124,,adult,,,SE,,,,,,2016,primary,1.0,7.611
SAMEA14104125,PRJEB51353,SAMEA14104125,,adult,,,SE,,,,,,2017,primary,1.0,6.931
SAMEA14104126,PRJEB51353,SAMEA14104126,,adult,,,SE,,,,,,2016,primary,1.0,7.527
SAMEA14104127,PRJEB51353,SAMEA14104127,,adult,,,SE,,,,,,2017,primary,1.0,9.002
SAMEA14104128,PRJEB51353,SAMEA14104128,,adult,,,SE,,,,,,2018,primary,1.0,6.985
SAMEA14104129,PRJEB51353,SAMEA14104129,,adult,,,SE,,,,,,2016,primary,1.0,7.057
SAMEA14104130,PRJEB51353,SAMEA14104130,,adult,,,SE,,,,,,2017,primary,1.0,7.456
SAMEA14104131,PRJEB51353,SAMEA14104131,,adult,,,SE,,,,,,2018,primary,1.0,7.898
SAMEA14104132,PRJEB51353,SAMEA14104132,,adult,,,SE,,,,,,2018,primary,1.0,8.396
SAMEA14104133,PRJEB51353,SAMEA14104133,,adult,,,SE,,,,,,2017,primary,1.0,6.672
SAMEA14104134,PRJEB51353,SAMEA14104134,,adult,,,SE,,,,,,2016,primary,1.0,7.385
SAMEA14104135,PRJEB51353,SAMEA14104135,,adult,,,SE,,,,,,2017,primary,1.0,8.617
SAMEA14104136,PRJEB51353,SAMEA14104136,,adult,,,SE,,,,,,2018,primary,1.0,8.374
SAMEA14104137,PRJEB51353,SAMEA14104137,,adult,,,SE,,,,,,2017,primary,1.0,11.636
SAMEA14104138,PRJEB51353,SAMEA14104138,,adult,,,SE,,,,,,2018,primary,1.0,6.629
SAMEA14104139,PRJEB51353,SAMEA14104139,,adult,,,SE,,,,,,2017,primary,1.0,8.824
SAMEA14104140,PRJEB51353,SAMEA14104140,,adult,,,SE,,,,,,2016,primary,1.0,7.017
SAMEA14104141,PRJEB51353,SAMEA14104141,,adult,,,SE,,,,,,2017,primary,1.0,7.979
SAMEA14104142,PRJEB51353,SAMEA14104142,,adult,,,SE,,,,,,2016,primary,1.0,8.819
SAMEA14104143,PRJEB51353,SAMEA14104143,,adult,,,SE,,,,,,2017,primary,1.0,7.372
SAMEA14104144,PRJEB51353,SAMEA14104144,,adult,,,SE,,,,,,2017,primary,1.0,9.447
SAMEA14104145,PRJEB51353,SAMEA14104145,,adult,,,SE,,,,,,2017,primary,1.0,9.905
SAMEA14104146,PRJEB51353,SAMEA14104146,,adult,,,SE,,,,,,2016,primary,1.0,6.174
SAMEA14104147,PRJEB51353,SAMEA14104147,,adult,,,SE,,,,,,2017,primary,1.0,6.622
SAMEA14104148,PRJEB51353,SAMEA14104148,,adult,,,SE,,,,,,2018,primary,1.0,7.076
SAMEA14104149,PRJEB51353,SAMEA14104149,,adult,,,SE,,,,,,2017,primary,1.0,7.237
SAMEA14104150,PRJEB51353,SAMEA14104150,,adult,,,SE,,,,,,2016,primary,1.0,8.316
SAMEA14104262,PRJEB51353,SAMEA14104262,,adult,,,SE,,,,,,2017,primary,1.0,8.563
SAMEA14104339,PRJEB51353,SAMEA14104339,,adult,,,SE,,,,,,2016,primary,1.0,8.451
SAMEA14104398,PRJEB51353,SAMEA14104398,,adult,,,SE,,,,,,2017,primary,1.0,6.129
SAMEA14104479,PRJEB51353,SAMEA14104479,,adult,,,SE,,,,,,2016,primary,1.0,6.199
SAMEA14104480,PRJEB51353,SAMEA14104480,,adult,,,SE,,,,,,2017,primary,1.0,8.77
SAMEA14104481,PRJEB51353,SAMEA14104481,,adult,,,SE,,,,,,2017,primary,1.0,6.886
SAMEA14104482,PRJEB51353,SAMEA14104482,,adult,,,SE,,,,,,2017,primary,1.0,7.229
SAMEA14104483,PRJEB51353,SAMEA14104483,,adult,,,SE,,,,,,2017,primary,1.0,7.839
SAMEA14104484,PRJEB51353,SAMEA14104484,,adult,,,SE,,,,,,2016,primary,1.0,6.935
SAMEA14104485,PRJEB51353,SAMEA14104485,,adult,,,SE,,,,,,2018,primary,1.0,6.27
SAMEA14104486,PRJEB51353,SAMEA14104486,,adult,,,SE,,,,,,2017,primary,1.0,6.664
SAMEA14104487,PRJEB51353,SAMEA14104487,,adult,,,SE,,,,,,2016,primary,1.0,7.562
SAMEA14104488,PRJEB51353,SAMEA14104488,,adult,,,SE,,,,,,2017,primary,1.0,6.917
SAMEA14104489,PRJEB51353,SAMEA14104489,,adult,,,SE,,,,,,2017,primary,1.0,6.942
SAMEA14104490,PRJEB51353,SAMEA14104490,,adult,,,SE,,,,,,2016,primary,1.0,6.771
SAMEA14104491,PRJEB51353,SAMEA14104491,,adult,,,SE,,,,,,2016,primary,1.0,9.502
SAMEA14104492,PRJEB51353,SAMEA14104492,,adult,,,SE,,,,,,2016,primary,1.0,7.285
SAMEA14104493,PRJEB51353,SAMEA14104493,,adult,,,SE,,,,,,2016,primary,1.0,7.34
SAMEA14104494,PRJEB51353,SAMEA14104494,,adult,,,SE,,,,,,2016,primary,1.0,8.007
SAMEA14104495,PRJEB51353,SAMEA14104495,,adult,,,SE,,,,,,2018,primary,1.0,6.815
SAMEA14104496,PRJEB51353,SAMEA14104496,,adult,,,SE,,,,,,2016,primary,1.0,7.946
SAMEA14104497,PRJEB51353,SAMEA14104497,,adult,,,SE,,,,,,2016,primary,1.0,8.36
SAMEA14104498,PRJEB51353,SAMEA14104498,,adult,,,SE,,,,,,2018,primary,1.0,6.287
SAMEA14104499,PRJEB51353,SAMEA14104499,,adult,,,SE,,,,,,2018,primary,1.0,6.552
SAMEA14104500,PRJEB51353,SAMEA14104500,,adult,,,SE,,,,,,2017,primary,1.0,7.603
SAMEA14104501,PRJEB51353,SAMEA14104501,,adult,,,SE,,,,,,2016,primary,1.0,23.794
SAMEA14104502,PRJEB51353,SAMEA14104502,,adult,,,SE,,,,,,2016,primary,1.0,8.597
SAMEA14104503,PRJEB51353,SAMEA14104503,,adult,,,SE,,,,,,2016,primary,1.0,8.556
SAMEA14104504,PRJEB51353,SAMEA14104504,,adult,,,SE,,,,,,2018,primary,1.0,6.912
SAMEA14104505,PRJEB51353,SAMEA14104505,,adult,,,SE,,,,,,2018,primary,1.0,8.862
SAMEA14104506,PRJEB51353,SAMEA14104506,,adult,,,SE,,,,,,2016,primary,1.0,6.866
SAMEA14104507,PRJEB51353,SAMEA14104507,,adult,,,SE,,,,,,2016,primary,1.0,6.841
SAMEA14104508,PRJEB51353,SAMEA14104508,,adult,,,SE,,,,,,2018,primary,1.0,6.91
SAMEA14104509,PRJEB51353,SAMEA14104509,,adult,,,SE,,,,,,2017,primary,1.0,7.994
SAMEA14104510,PRJEB51353,SAMEA14104510,,adult,,,SE,,,,,,2016,primary,1.0,8.268
SAMEA14104511,PRJEB51353,SAMEA14104511,,adult,,,SE,,,,,,2017,primary,1.0,8.548
SAMEA14104512,PRJEB51353,SAMEA14104512,,adult,,,SE,,,,,,2017,primary,1.0,8.522
SAMEA14104513,PRJEB51353,SAMEA14104513,,adult,,,SE,,,,,,2018,primary,1.0,6.942
SAMEA14104514,PRJEB51353,SAMEA14104514,,adult,,,SE,,,,,,2017,primary,1.0,6.507
SAMEA14104515,PRJEB51353,SAMEA14104515,,adult,,,SE,,,,,,2018,primary,1.0,9.497
SAMEA14104516,PRJEB51353,SAMEA14104516,,adult,,,SE,,,,,,2017,primary,1.0,8.493
SAMEA14104517,PRJEB51353,SAMEA14104517,,adult,,,SE,,,,,,2017,primary,1.0,7.907
SAMEA14104518,PRJEB51353,SAMEA14104518,,adult,,,SE,,,,,,2018,primary,1.0,10.447
SAMEA14104519,PRJEB51353,SAMEA14104519,,adult,,,SE,,,,,,2016,primary,1.0,6.68
SAMEA14104520,PRJEB51353,SAMEA14104520,,adult,,,SE,,,,,,2017,primary,1.0,7.76
SAMEA14104521,PRJEB51353,SAMEA14104521,,adult,,,SE,,,,,,2018,primary,1.0,6.853
SAMEA14104522,PRJEB51353,SAMEA14104522,,adult,,,SE,,,,,,2016,primary,1.0,7.911
SAMEA14104523,PRJEB51353,SAMEA14104523,,adult,,,SE,,,,,,2017,primary,1.0,7.153
SAMEA14104524,PRJEB51353,SAMEA14104524,,adult,,,SE,,,,,,2017,primary,1.0,7.313
SAMEA14104525,PRJEB51353,SAMEA14104525,,adult,,,SE,,,,,,2018,primary,1.0,10.487
SAMEA14104526,PRJEB51353,SAMEA14104526,,adult,,,SE,,,,,,2016,primary,1.0,9.476
SAMEA14104527,PRJEB51353,SAMEA14104527,,adult,,,SE,,,,,,2018,primary,1.0,8.113
SAMEA14104528,PRJEB51353,SAMEA14104528,,adult,,,SE,,,,,,2017,primary,1.0,6.604
SAMEA14104529,PRJEB51353,SAMEA14104529,,adult,,,SE,,,,,,2016,primary,1.0,8.078
SAMEA14104530,PRJEB51353,SAMEA14104530,,adult,,,SE,,,,,,2017,primary,1.0,7.105
SAMEA14104531,PRJEB51353,SAMEA14104531,,adult,,,SE,,,,,,2017,primary,1.0,6.674
SAMEA14104532,PRJEB51353,SAMEA14104532,,adult,,,SE,,,,,,2017,primary,1.0,6.599
SAMEA14104533,PRJEB51353,SAMEA14104533,,adult,,,SE,,,,,,2017,primary,1.0,7.587
SAMEA14104534,PRJEB51353,SAMEA14104534,,adult,,,SE,,,,,,2017,primary,1.0,7.19
SAMEA14104535,PRJEB51353,SAMEA14104535,,adult,,,SE,,,,,,2018,primary,1.0,7.954
SAMEA14104536,PRJEB51353,SAMEA14104536,,adult,,,SE,,,,,,2018,primary,1.0,7.302
SAMEA14104537,PRJEB51353,SAMEA14104537,,adult,,,SE,,,,,,2017,primary,1.0,7.574
SAMEA14104538,PRJEB51353,SAMEA14104538,,adult,,,SE,,,,,,2016,primary,1.0,6.324
SAMEA14104539,PRJEB51353,SAMEA14104539,,adult,,,SE,,,,,,2016,primary,1.0,7.492
SAMEA14104540,PRJEB51353,SAMEA14104540,,adult,,,SE,,,,,,2018,primary,1.0,7.923
SAMEA14104541,PRJEB51353,SAMEA14104541,,adult,,,SE,,,,,,2017,primary,1.0,9.914
SAMEA14104542,PRJEB51353,SAMEA14104542,,adult,,,SE,,,,,,2017,primary,1.0,12.018
SAMEA14104543,PRJEB51353,SAMEA14104543,,adult,,,SE,,,,,,2018,primary,1.0,7.294
SAMEA14104544,PRJEB51353,SAMEA14104544,,adult,,,SE,,,,,,2017,primary,1.0,8.486
SAMEA14104545,PRJEB51353,SAMEA14104545,,adult,,,SE,,,,,,2018,primary,1.0,8.954
SAMEA14104546,PRJEB51353,SAMEA14104546,,adult,,,SE,,,,,,2018,primary,1.0,6.559
SAMEA14104547,PRJEB51353,SAMEA14104547,,adult,,,SE,,,,,,2018,primary,1.0,9.615
SAMEA14104548,PRJEB51353,SAMEA14104548,,adult,,,SE,,,,,,2018,primary,1.0,7.681
SAMEA14104549,PRJEB51353,SAMEA14104549,,adult,,,SE,,,,,,2017,primary,1.0,6.994
SAMEA14104550,PRJEB51353,SAMEA14104550,,adult,,,SE,,,,,,2017,primary,1.0,6.244
SAMEA14104551,PRJEB51353,SAMEA14104551,,adult,,,SE,,,,,,2015,primary,1.0,7.199
SAMEA14104552,PRJEB51353,SAMEA14104552,,adult,,,SE,,,,,,2018,primary,1.0,7.113
SAMEA14104553,PRJEB51353,SAMEA14104553,,adult,,,SE,,,,,,2018,primary,1.0,7.887
SAMEA14104554,PRJEB51353,SAMEA14104554,,adult,,,SE,,,,,,2018,primary,1.0,6.538
SAMEA14104555,PRJEB51353,SAMEA14104555,,adult,,,SE,,,,,,2017,primary,1.0,6.077
SAMEA14104556,PRJEB51353,SAMEA14104556,,adult,,,SE,,,,,,2017,primary,1.0,7.855
SAMEA14104557,PRJEB51353,SAMEA14104557,,adult,,,SE,,,,,,2016,primary,1.0,10.773
SAMEA14104558,PRJEB51353,SAMEA14104558,,adult,,,SE,,,,,,2018,primary,1.0,6.79
SAMEA14104559,PRJEB51353,SAMEA14104559,,adult,,,SE,,,,,,2016,primary,1.0,6.994
SAMEA14104560,PRJEB51353,SAMEA14104560,,adult,,,SE,,,,,,2016,primary,1.0,6.191
SAMEA14104561,PRJEB51353,SAMEA14104561,,adult,,,SE,,,,,,2018,primary,1.0,6.345
SAMEA14104562,PRJEB51353,SAMEA14104562,,adult,,,SE,,,,,,2018,primary,1.0,7.176
SAMEA14104563,PRJEB51353,SAMEA14104563,,adult,,,SE,,,,,,2018,primary,1.0,6.937
SAMEA14104564,PRJEB51353,SAMEA14104564,,adult,,,SE,,,,,,2017,primary,1.0,6.67
SAMEA14104565,PRJEB51353,SAMEA14104565,,adult,,,SE,,,,,,2017,primary,1.0,7.202
SAMEA14104566,PRJEB51353,SAMEA14104566,,adult,,,SE,,,,,,2018,primary,1.0,7.395
SAMEA14104567,PRJEB51353,SAMEA14104567,,adult,,,SE,,,,,,2016,primary,1.0,8.223
SAMEA14104568,PRJEB51353,SAMEA14104568,,adult,,,SE,,,,,,2017,primary,1.0,9.871
SAMEA14104569,PRJEB51353,SAMEA14104569,,adult,,,SE,,,,,,2017,primary,1.0,7.636
SAMEA14104570,PRJEB51353,SAMEA14104570,,adult,,,SE,,,,,,2017,primary,1.0,7.124
SAMEA14104571,PRJEB51353,SAMEA14104571,,adult,,,SE,,,,,,2016,primary,1.0,8.357
SAMEA14104572,PRJEB51353,SAMEA14104572,,adult,,,SE,,,,,,2017,primary,1.0,6.982
SAMEA14104573,PRJEB51353,SAMEA14104573,,adult,,,SE,,,,,,2016,primary,2.0,18.066
SAMEA14104574,PRJEB51353,SAMEA14104574,,adult,,,SE,,,,,,2017,primary,1.0,6.627
SAMEA14104575,PRJEB51353,SAMEA14104575,,adult,,,SE,,,,,,2017,primary,1.0,7.648
SAMEA14104576,PRJEB51353,SAMEA14104576,,adult,,,SE,,,,,,2017,primary,1.0,6.928
SAMEA14104577,PRJEB51353,SAMEA14104577,,adult,,,SE,,,,,,2017,primary,1.0,6.887
SAMEA14104578,PRJEB51353,SAMEA14104578,,adult,,,SE,,,,,,2018,primary,1.0,7.798
SAMEA14104579,PRJEB51353,SAMEA14104579,,adult,,,SE,,,,,,2016,primary,1.0,9.301
SAMEA14104580,PRJEB51353,SAMEA14104580,,adult,,,SE,,,,,,2017,primary,1.0,7.233
SAMEA14104581,PRJEB51353,SAMEA14104581,,adult,,,SE,,,,,,2018,primary,1.0,11.061
SAMEA14104582,PRJEB51353,SAMEA14104582,,adult,,,SE,,,,,,2017,primary,1.0,6.538
SAMEA14104583,PRJEB51353,SAMEA14104583,,adult,,,SE,,,,,,2017,primary,1.0,6.893
SAMEA14104584,PRJEB51353,SAMEA14104584,,adult,,,SE,,,,,,2018,primary,1.0,9.242
SAMEA14104585,PRJEB51353,SAMEA14104585,,adult,,,SE,,,,,,2018,primary,1.0,8.264
SAMEA14104586,PRJEB51353,SAMEA14104586,,adult,,,SE,,,,,,2018,primary,1.0,7.639
SAMEA14104587,PRJEB51353,SAMEA14104587,,adult,,,SE,,,,,,2018,primary,1.0,9.623
SAMEA14104588,PRJEB51353,SAMEA14104588,,adult,,,SE,,,,,,2016,primary,1.0,6.781
SAMEA14104589,PRJEB51353,SAMEA14104589,,adult,,,SE,,,,,,2016,primary,1.0,7.738
SAMEA14104590,PRJEB51353,SAMEA14104590,,adult,,,SE,,,,,,2015,primary,1.0,9.218
SAMEA14104591,PRJEB51353,SAMEA14104591,,adult,,,SE,,,,,,2018,primary,1.0,6.724
SAMEA14104592,PRJEB51353,SAMEA14104592,,adult,,,SE,,,,,,2016,primary,1.0,7.123
SAMEA14104593,PRJEB51353,SAMEA14104593,,adult,,,SE,,,,,,2018,primary,1.0,6.698
SAMEA14104594,PRJEB51353,SAMEA14104594,,adult,,,SE,,,,,,2016,primary,1.0,6.545
SAMEA14104595,PRJEB51353,SAMEA14104595,,adult,,,SE,,,,,,2017,primary,1.0,8.265
SAMEA14104596,PRJEB51353,SAMEA14104596,,adult,,,SE,,,,,,2017,primary,1.0,6.934
SAMEA14104597,PRJEB51353,SAMEA14104597,,adult,,,SE,,,,,,2017,primary,1.0,6.069
SAMEA14104598,PRJEB51353,SAMEA14104598,,adult,,,SE,,,,,,2017,primary,1.0,7.855
SAMEA14104599,PRJEB51353,SAMEA14104599,,adult,,,SE,,,,,,2017,primary,1.0,6.833
SAMEA14104600,PRJEB51353,SAMEA14104600,,adult,,,SE,,,,,,2018,primary,1.0,7.445
SAMEA14104601,PRJEB51353,SAMEA14104601,,adult,,,SE,,,,,,2016,primary,1.0,9.301
SAMEA14104602,PRJEB51353,SAMEA14104602,,adult,,,SE,,,,,,2017,primary,1.0,7.596
SAMEA14104603,PRJEB51353,SAMEA14104603,,adult,,,SE,,,,,,2018,primary,1.0,6.76
SAMEA14104604,PRJEB51353,SAMEA14104604,,adult,,,SE,,,,,,2017,primary,1.0,9.03
SAMEA14104605,PRJEB51353,SAMEA14104605,,adult,,,SE,,,,,,2017,primary,1.0,7.79
SAMEA14104606,PRJEB51353,SAMEA14104606,,adult,,,SE,,,,,,2018,primary,1.0,5.98
SAMEA14104607,PRJEB51353,SAMEA14104607,,adult,,,SE,,,,,,2018,primary,1.0,6.709
SAMEA14104608,PRJEB51353,SAMEA14104608,,adult,,,SE,,,,,,2018,primary,1.0,7.874
SAMEA14104609,PRJEB51353,SAMEA14104609,,adult,,,SE,,,,,,2017,primary,1.0,9.255
SAMEA14104610,PRJEB51353,SAMEA14104610,,adult,,,SE,,,,,,2016,primary,1.0,7.01
SAMEA14104611,PRJEB51353,SAMEA14104611,,adult,,,SE,,,,,,2016,primary,1.0,8.915
SAMEA14104612,PRJEB51353,SAMEA14104612,,adult,,,SE,,,,,,2017,primary,1.0,7.093
SAMEA14104613,PRJEB51353,SAMEA14104613,,adult,,,SE,,,,,,2017,primary,1.0,7.341
SAMEA14104614,PRJEB51353,SAMEA14104614,,adult,,,SE,,,,,,2017,primary,1.0,7.099
SAMEA14104615,PRJEB51353,SAMEA14104615,,adult,,,SE,,,,,,2018,primary,1.0,7.101
SAMEA14104616,PRJEB51353,SAMEA14104616,,adult,,,SE,,,,,,2016,primary,1.0,6.279
SAMEA14104617,PRJEB51353,SAMEA14104617,,adult,,,SE,,,,,,2016,primary,1.0,8.647
SAMEA14104618,PRJEB51353,SAMEA14104618,,adult,,,SE,,,,,,2016,primary,1.0,7.208
SAMEA14104619,PRJEB51353,SAMEA14104619,,adult,,,SE,,,,,,2018,primary,1.0,8.6
SAMEA14104620,PRJEB51353,SAMEA14104620,,adult,,,SE,,,,,,2018,primary,1.0,8.165
SAMEA14104621,PRJEB51353,SAMEA14104621,,adult,,,SE,,,,,,2017,primary,1.0,7.874
SAMEA14104622,PRJEB51353,SAMEA14104622,,adult,,,SE,,,,,,2016,primary,1.0,8.01
SAMEA14104623,PRJEB51353,SAMEA14104623,,adult,,,SE,,,,,,2017,primary,1.0,7.656
SAMEA14104624,PRJEB51353,SAMEA14104624,,adult,,,SE,,,,,,2017,primary,1.0,6.329
SAMEA14104625,PRJEB51353,SAMEA14104625,,adult,,,SE,,,,,,2017,primary,1.0,6.592
SAMEA14104626,PRJEB51353,SAMEA14104626,,adult,,,SE,,,,,,2018,primary,1.0,8.06
SAMEA14104627,PRJEB51353,SAMEA14104627,,adult,,,SE,,,,,,2018,primary,1.0,8.452
SAMEA14104628,PRJEB51353,SAMEA14104628,,adult,,,SE,,,,,,2016,primary,1.0,7.792
SAMEA14104629,PRJEB51353,SAMEA14104629,,adult,,,SE,,,,,,2016,primary,1.0,6.751
SAMEA14104630,PRJEB51353,SAMEA14104630,,adult,,,SE,,,,,,2016,primary,1.0,9.037
SAMEA14104631,PRJEB51353,SAMEA14104631,,adult,,,SE,,,,,,2017,primary,1.0,6.716
SAMEA14104632,PRJEB51353,SAMEA14104632,,adult,,,SE,,,,,,2017,primary,1.0,7.923
SAMEA14104633,PRJEB51353,SAMEA14104633,,adult,,,SE,,,,,,2016,primary,1.0,8.926
SAMEA14104634,PRJEB51353,SAMEA14104634,,adult,,,SE,,,,,,2016,primary,1.0,7.665
SAMEA14104635,PRJEB51353,SAMEA14104635,,adult,,,SE,,,,,,2018,primary,1.0,7.045
SAMEA14104636,PRJEB51353,SAMEA14104636,,adult,,,SE,,,,,,2016,primary,1.0,9.471
SAMEA14104637,PRJEB51353,SAMEA14104637,,adult,,,SE,,,,,,2015,primary,1.0,6.71
SAMEA14104638,PRJEB51353,SAMEA14104638,,adult,,,SE,,,,,,2017,primary,1.0,6.96
SAMEA14104639,PRJEB51353,SAMEA14104639,,adult,,,SE,,,,,,2018,primary,1.0,6.546
SAMEA14104640,PRJEB51353,SAMEA14104640,,adult,,,SE,,,,,,2017,primary,1.0,9.506
SAMEA14104641,PRJEB51353,SAMEA14104641,,adult,,,SE,,,,,,2017,primary,1.0,7.324
SAMEA14104642,PRJEB51353,SAMEA14104642,,adult,,,SE,,,,,,2017,primary,1.0,7.311
SAMEA14104643,PRJEB51353,SAMEA14104643,,adult,,,SE,,,,,,2017,primary,1.0,7.753
SAMEA14104644,PRJEB51353,SAMEA14104644,,adult,,,SE,,,,,,2016,primary,1.0,7.321
SAMEA14104645,PRJEB51353,SAMEA14104645,,adult,,,SE,,,,,,2018,primary,1.0,7.274
SAMEA14104646,PRJEB51353,SAMEA14104646,,adult,,,SE,,,,,,2018,primary,1.0,7.407
SAMEA14104647,PRJEB51353,SAMEA14104647,,adult,,,SE,,,,,,2016,primary,1.0,7.789
SAMEA14104648,PRJEB51353,SAMEA14104648,,adult,,,SE,,,,,,2018,primary,1.0,8.008
SAMEA14104649,PRJEB51353,SAMEA14104649,,adult,,,SE,,,,,,2018,primary,1.0,6.736
SAMEA14104650,PRJEB51353,SAMEA14104650,,adult,,,SE,,,,,,2017,primary,1.0,6.398
SAMEA14104651,PRJEB51353,SAMEA14104651,,adult,,,SE,,,,,,2016,primary,1.0,6.552
SAMEA14104652,PRJEB51353,SAMEA14104652,,adult,,,SE,,,,,,2017,primary,1.0,6.93
SAMEA14104653,PRJEB51353,SAMEA14104653,,adult,,,SE,,,,,,2017,primary,1.0,9.105
SAMEA14104654,PRJEB51353,SAMEA14104654,,adult,,,SE,,,,,,2018,primary,1.0,6.752
SAMEA14104655,PRJEB51353,SAMEA14104655,,adult,,,SE,,,,,,2018,primary,1.0,7.107
SAMEA14104656,PRJEB51353,SAMEA14104656,,adult,,,SE,,,,,,2017,primary,1.0,7.529
SAMEA14104657,PRJEB51353,SAMEA14104657,,adult,,,SE,,,,,,2017,primary,1.0,8.723
SAMEA14104658,PRJEB51353,SAMEA14104658,,adult,,,SE,,,,,,2017,primary,1.0,7.15
SAMEA14104659,PRJEB51353,SAMEA14104659,,adult,,,SE,,,,,,2018,primary,1.0,7.152
SAMEA14104660,PRJEB51353,SAMEA14104660,,adult,,,SE,,,,,,2017,primary,1.0,7.863
SAMEA14104661,PRJEB51353,SAMEA14104661,,adult,,,SE,,,,,,2017,primary,1.0,6.394
SAMEA14104662,PRJEB51353,SAMEA14104662,,adult,,,SE,,,,,,2016,primary,1.0,7.75
SAMEA14104663,PRJEB51353,SAMEA14104663,,adult,,,SE,,,,,,2017,primary,1.0,6.749
SAMEA14104664,PRJEB51353,SAMEA14104664,,adult,,,SE,,,,,,2017,primary,1.0,6.304
SAMEA14104665,PRJEB51353,SAMEA14104665,,adult,,,SE,,,,,,2016,primary,1.0,7.449
SAMEA14104666,PRJEB51353,SAMEA14104666,,adult,,,SE,,,,,,2017,primary,1.0,9.793
SAMEA14104667,PRJEB51353,SAMEA14104667,,adult,,,SE,,,,,,2016,primary,1.0,7.905
SAMEA14104668,PRJEB51353,SAMEA14104668,,adult,,,SE,,,,,,2016,primary,1.0,6.168
SAMEA14104669,PRJEB51353,SAMEA14104669,,adult,,,SE,,,,,,2017,primary,1.0,6.682
SAMEA14104670,PRJEB51353,SAMEA14104670,,adult,,,SE,,,,,,2016,primary,1.0,6.262
SAMEA14104671,PRJEB51353,SAMEA14104671,,adult,,,SE,,,,,,2017,primary,1.0,6.945
SAMEA14104672,PRJEB51353,SAMEA14104672,,adult,,,SE,,,,,,2018,primary,1.0,12.072
SAMEA14104673,PRJEB51353,SAMEA14104673,,adult,,,SE,,,,,,2017,primary,1.0,9.474
SAMEA14104674,PRJEB51353,SAMEA14104674,,adult,,,SE,,,,,,2017,primary,1.0,8.785
SAMEA14104675,PRJEB51353,SAMEA14104675,,adult,,,SE,,,,,,2016,primary,1.0,8.424
SAMEA14104676,PRJEB51353,SAMEA14104676,,adult,,,SE,,,,,,2017,primary,1.0,6.907
SAMEA14104677,PRJEB51353,SAMEA14104677,,adult,,,SE,,,,,,2016,primary,1.0,6.945
SAMEA14104678,PRJEB51353,SAMEA14104678,,adult,,,SE,,,,,,2018,primary,1.0,7.847
SAMEA14104679,PRJEB51353,SAMEA14104679,,adult,,,SE,,,,,,2016,primary,1.0,7.993
SAMEA14104680,PRJEB51353,SAMEA14104680,,adult,,,SE,,,,,,2018,primary,1.0,7.695
SAMEA14104681,PRJEB51353,SAMEA14104681,,adult,,,SE,,,,,,2016,primary,1.0,9.404
SAMEA14104682,PRJEB51353,SAMEA14104682,,adult,,,SE,,,,,,2017,primary,1.0,6.812
SAMEA14104683,PRJEB51353,SAMEA14104683,,adult,,,SE,,,,,,2017,primary,1.0,7.068
SAMEA14104684,PRJEB51353,SAMEA14104684,,adult,,,SE,,,,,,2016,primary,1.0,6.5
SAMEA14104685,PRJEB51353,SAMEA14104685,,adult,,,SE,,,,,,2017,primary,1.0,6.401
SAMEA14104686,PRJEB51353,SAMEA14104686,,adult,,,SE,,,,,,2018,primary,1.0,8.911
SAMEA14104687,PRJEB51353,SAMEA14104687,,adult,,,SE,,,,,,2016,primary,1.0,9.88
SAMEA14104688,PRJEB51353,SAMEA14104688,,adult,,,SE,,,,,,2016,primary,1.0,7.379
SAMEA14104689,PRJEB51353,SAMEA14104689,,adult,,,SE,,,,,,2018,primary,1.0,7.733
SAMEA14104690,PRJEB51353,SAMEA14104690,,adult,,,SE,,,,,,2017,primary,1.0,7.235
SAMEA14104691,PRJEB51353,SAMEA14104691,,adult,,,SE,,,,,,2016,primary,1.0,8.303
SAMEA14104692,PRJEB51353,SAMEA14104692,,adult,,,SE,,,,,,2015,primary,1.0,5.782
SAMEA14104693,PRJEB51353,SAMEA14104693,,adult,,,SE,,,,,,2016,primary,1.0,6.856
SAMEA14104694,PRJEB51353,SAMEA14104694,,adult,,,SE,,,,,,2016,primary,1.0,7.688
SAMEA14104695,PRJEB51353,SAMEA14104695,,adult,,,SE,,,,,,2017,primary,1.0,9.778
SAMEA14104696,PRJEB51353,SAMEA14104696,,adult,,,SE,,,,,,2017,primary,1.0,7.054
SAMEA14104697,PRJEB51353,SAMEA14104697,,adult,,,SE,,,,,,2017,primary,1.0,6.844
SAMEA14104698,PRJEB51353,SAMEA14104698,,adult,,,SE,,,,,,2016,primary,1.0,7.592
SAMEA14104699,PRJEB51353,SAMEA14104699,,adult,,,SE,,,,,,2018,primary,1.0,7.19
SAMEA14104700,PRJEB51353,SAMEA14104700,,adult,,,SE,,,,,,2017,primary,1.0,6.741
SAMEA14104701,PRJEB51353,SAMEA14104701,,adult,,,SE,,,,,,2017,primary,1.0,9.11
SAMEA14104702,PRJEB51353,SAMEA14104702,,adult,,,SE,,,,,,2017,primary,1.0,7.686
SAMEA14104703,PRJEB51353,SAMEA14104703,,adult,,,SE,,,,,,2017,primary,1.0,8.006
SAMEA14104704,PRJEB51353,SAMEA14104704,,adult,,,SE,,,,,,2018,primary,1.0,9.214
SAMEA14104705,PRJEB51353,SAMEA14104705,,adult,,,SE,,,,,,2016,primary,1.0,7.391
SAMEA14104706,PRJEB51353,SAMEA14104706,,adult,,,SE,,,,,,2017,primary,1.0,7.53
SAMEA14104707,PRJEB51353,SAMEA14104707,,adult,,,SE,,,,,,2018,primary,1.0,6.906
SAMEA14104708,PRJEB51353,SAMEA14104708,,adult,,,SE,,,,,,2018,primary,1.0,9.022
SAMEA14104709,PRJEB51353,SAMEA14104709,,adult,,,SE,,,,,,2018,primary,1.0,7.711
SAMEA14104710,PRJEB51353,SAMEA14104710,,adult,,,SE,,,,,,2018,primary,1.0,7.192
SAMEA14104711,PRJEB51353,SAMEA14104711,,adult,,,SE,,,,,,2016,primary,1.0,7.675
SAMEA14104712,PRJEB51353,SAMEA14104712,,adult,,,SE,,,,,,2017,primary,1.0,7.427
SAMEA14104713,PRJEB51353,SAMEA14104713,,adult,,,SE,,,,,,2016,primary,1.0,8.168
SAMEA14104714,PRJEB51353,SAMEA14104714,,adult,,,SE,,,,,,2018,primary,1.0,7.89
SAMEA14104715,PRJEB51353,SAMEA14104715,,adult,,,SE,,,,,,2016,primary,1.0,6.162
SAMEA14104716,PRJEB51353,SAMEA14104716,,adult,,,SE,,,,,,2017,primary,1.0,7.144
SAMEA14104717,PRJEB51353,SAMEA14104717,,adult,,,SE,,,,,,2018,primary,1.0,7.309
SAMEA14104718,PRJEB51353,SAMEA14104718,,adult,,,SE,,,,,,2018,primary,1.0,7.314
SAMEA14104719,PRJEB51353,SAMEA14104719,,adult,,,SE,,,,,,2016,primary,1.0,8.184
SAMEA14104720,PRJEB51353,SAMEA14104720,,adult,,,SE,,,,,,2016,primary,1.0,6.101
SAMEA14104721,PRJEB51353,SAMEA14104721,,adult,,,SE,,,,,,2017,primary,1.0,7.476
SAMEA14104722,PRJEB51353,SAMEA14104722,,adult,,,SE,,,,,,2018,primary,1.0,6.293
SAMEA14104723,PRJEB51353,SAMEA14104723,,adult,,,SE,,,,,,2016,primary,1.0,8.1
SAMEA14104724,PRJEB51353,SAMEA14104724,,adult,,,SE,,,,,,2017,primary,1.0,7.587
SAMEA14104725,PRJEB51353,SAMEA14104725,,adult,,,SE,,,,,,2015,primary,1.0,9.911
SAMEA14104726,PRJEB51353,SAMEA14104726,,adult,,,SE,,,,,,2017,primary,1.0,6.29
SAMEA14104727,PRJEB51353,SAMEA14104727,,adult,,,SE,,,,,,2017,primary,1.0,8.415
SAMEA14104728,PRJEB51353,SAMEA14104728,,adult,,,SE,,,,,,2018,primary,1.0,7.579
SAMEA14104729,PRJEB51353,SAMEA14104729,,adult,,,SE,,,,,,2018,primary,1.0,6.892
SAMEA14104730,PRJEB51353,SAMEA14104730,,adult,,,SE,,,,,,2017,primary,1.0,7.718
SAMEA14104731,PRJEB51353,SAMEA14104731,,adult,,,SE,,,,,,2017,primary,1.0,7.806
SAMEA14104732,PRJEB51353,SAMEA14104732,,adult,,,SE,,,,,,2016,primary,1.0,7.196
SAMEA14104733,PRJEB51353,SAMEA14104733,,adult,,,SE,,,,,,2017,primary,1.0,6.636
SAMEA14104734,PRJEB51353,SAMEA14104734,,adult,,,SE,,,,,,2016,primary,1.0,6.101
SAMEA14104735,PRJEB51353,SAMEA14104735,,adult,,,SE,,,,,,2016,primary,1.0,8.026
SAMEA14104736,PRJEB51353,SAMEA14104736,,adult,,,SE,,,,,,2018,primary,1.0,6.98
SAMEA14104737,PRJEB51353,SAMEA14104737,,adult,,,SE,,,,,,2016,primary,1.0,7.247
SAMEA14104738,PRJEB51353,SAMEA14104738,,adult,,,SE,,,,,,2016,primary,1.0,7.389
SAMEA14104739,PRJEB51353,SAMEA14104739,,adult,,,SE,,,,,,2017,primary,1.0,6.156
SAMEA14104740,PRJEB51353,SAMEA14104740,,adult,,,SE,,,,,,2017,primary,1.0,10.574
SAMEA14104741,PRJEB51353,SAMEA14104741,,adult,,,SE,,,,,,2017,primary,1.0,7.529
SAMEA14104742,PRJEB51353,SAMEA14104742,,adult,,,SE,,,,,,2017,primary,1.0,6.778
SAMEA14104743,PRJEB51353,SAMEA14104743,,adult,,,SE,,,,,,2017,primary,1.0,7.367
SAMEA14104744,PRJEB51353,SAMEA14104744,,adult,,,SE,,,,,,2016,primary,1.0,8.027
SAMEA14104745,PRJEB51353,SAMEA14104745,,adult,,,SE,,,,,,2016,primary,1.0,6.729
SAMEA14104746,PRJEB51353,SAMEA14104746,,adult,,,SE,,,,,,2017,primary,1.0,6.116
SAMEA14104747,PRJEB51353,SAMEA14104747,,adult,,,SE,,,,,,2018,primary,1.0,9.55
SAMEA14104748,PRJEB51353,SAMEA14104748,,adult,,,SE,,,,,,2017,primary,1.0,6.478
SAMEA14104749,PRJEB51353,SAMEA14104749,,adult,,,SE,,,,,,2018,primary,1.0,8.958
SAMEA14104750,PRJEB51353,SAMEA14104750,,adult,,,SE,,,,,,2016,primary,1.0,6.739
SAMEA14104751,PRJEB51353,SAMEA14104751,,adult,,,SE,,,,,,2016,primary,1.0,6.676
SAMEA14104752,PRJEB51353,SAMEA14104752,,adult,,,SE,,,,,,2017,primary,1.0,6.178
SAMEA14104753,PRJEB51353,SAMEA14104753,,adult,,,SE,,,,,,2017,primary,1.0,7.606
SAMEA14104754,PRJEB51353,SAMEA14104754,,adult,,,SE,,,,,,2016,primary,1.0,6.519
SAMEA14104755,PRJEB51353,SAMEA14104755,,adult,,,SE,,,,,,2018,primary,1.0,6.436
SAMEA14104756,PRJEB51353,SAMEA14104756,,adult,,,SE,,,,,,2016,primary,1.0,8.167
SAMEA14104757,PRJEB51353,SAMEA14104757,,adult,,,SE,,,,,,2017,primary,1.0,7.894
SAMEA14104758,PRJEB51353,SAMEA14104758,,adult,,,SE,,,,,,2016,primary,1.0,7.519
SAMEA14104759,PRJEB51353,SAMEA14104759,,adult,,,SE,,,,,,2016,primary,1.0,6.977
SAMEA14104760,PRJEB51353,SAMEA14104760,,adult,,,SE,,,,,,2018,primary,1.0,8.731
SAMEA14104761,PRJEB51353,SAMEA14104761,,adult,,,SE,,,,,,2017,primary,1.0,8.039
SAMEA14104762,PRJEB51353,SAMEA14104762,,adult,,,SE,,,,,,2016,primary,1.0,8.818
SAMEA14104763,PRJEB51353,SAMEA14104763,,adult,,,SE,,,,,,2018,primary,1.0,6.946
SAMEA14104764,PRJEB51353,SAMEA14104764,,adult,,,SE,,,,,,2017,primary,1.0,6.33
SAMEA14104765,PRJEB51353,SAMEA14104765,,adult,,,SE,,,,,,2017,primary,1.0,7.094
SAMEA14104766,PRJEB51353,SAMEA14104766,,adult,,,SE,,,,,,2018,primary,1.0,8.895
SAMEA14104767,PRJEB51353,SAMEA14104767,,adult,,,SE,,,,,,2017,primary,1.0,7.303
SAMEA14104768,PRJEB51353,SAMEA14104768,,adult,,,SE,,,,,,2016,primary,1.0,8.365
SAMEA14104769,PRJEB51353,SAMEA14104769,,adult,,,SE,,,,,,2017,primary,1.0,7.341
SAMEA14104770,PRJEB51353,SAMEA14104770,,adult,,,SE,,,,,,2016,primary,1.0,7.227
SAMEA14104771,PRJEB51353,SAMEA14104771,,adult,,,SE,,,,,,2018,primary,1.0,9.34
SAMEA14104772,PRJEB51353,SAMEA14104772,,adult,,,SE,,,,,,2016,primary,1.0,6.969
SAMEA14104773,PRJEB51353,SAMEA14104773,,adult,,,SE,,,,,,2018,primary,1.0,7.243
SAMEA14104774,PRJEB51353,SAMEA14104774,,adult,,,SE,,,,,,2017,primary,1.0,7.454
SAMEA14104775,PRJEB51353,SAMEA14104775,,adult,,,SE,,,,,,2017,primary,1.0,6.949
SAMEA14104776,PRJEB51353,SAMEA14104776,,adult,,,SE,,,,,,2017,primary,1.0,7.084
SAMEA14104777,PRJEB51353,SAMEA14104777,,adult,,,SE,,,,,,2017,primary,1.0,6.295
SAMEA14104778,PRJEB51353,SAMEA14104778,,adult,,,SE,,,,,,2018,primary,1.0,7.629
SAMEA14104779,PRJEB51353,SAMEA14104779,,adult,,,SE,,,,,,2018,primary,1.0,6.698
SAMEA14104780,PRJEB51353,SAMEA14104780,,adult,,,SE,,,,,,2018,primary,1.0,7.126
SAMEA14104781,PRJEB51353,SAMEA14104781,,adult,,,SE,,,,,,2016,primary,2.0,16.299
SAMEA14104782,PRJEB51353,SAMEA14104782,,adult,,,SE,,,,,,2017,primary,1.0,6.846
SAMEA14104783,PRJEB51353,SAMEA14104783,,adult,,,SE,,,,,,2016,primary,1.0,7.153
SAMEA14104784,PRJEB51353,SAMEA14104784,,adult,,,SE,,,,,,2018,primary,1.0,7.837
SAMEA14104785,PRJEB51353,SAMEA14104785,,adult,,,SE,,,,,,2017,primary,1.0,6.714
SAMEA14104786,PRJEB51353,SAMEA14104786,,adult,,,SE,,,,,,2018,primary,1.0,7.742
SAMEA14104787,PRJEB51353,SAMEA14104787,,adult,,,SE,,,,,,2018,primary,1.0,7.177
SAMEA14104788,PRJEB51353,SAMEA14104788,,adult,,,SE,,,,,,2018,primary,1.0,8.214
SAMEA14104789,PRJEB51353,SAMEA14104789,,adult,,,SE,,,,,,2018,primary,1.0,7.179
SAMEA14104790,PRJEB51353,SAMEA14104790,,adult,,,SE,,,,,,2018,primary,1.0,7.145
SAMEA14104791,PRJEB51353,SAMEA14104791,,adult,,,SE,,,,,,2018,primary,1.0,7.126
SAMEA14104792,PRJEB51353,SAMEA14104792,,adult,,,SE,,,,,,2017,primary,1.0,8.8
SAMEA14104793,PRJEB51353,SAMEA14104793,,adult,,,SE,,,,,,2017,primary,1.0,7.991
SAMEA14104794,PRJEB51353,SAMEA14104794,,adult,,,SE,,,,,,2018,primary,1.0,8.638
SAMEA14104795,PRJEB51353,SAMEA14104795,,adult,,,SE,,,,,,2017,primary,1.0,7.063
SAMEA14104796,PRJEB51353,SAMEA14104796,,adult,,,SE,,,,,,2017,primary,1.0,6.129
SAMEA14104797,PRJEB51353,SAMEA14104797,,adult,,,SE,,,,,,2017,primary,1.0,8.785
SAMEA14104798,PRJEB51353,SAMEA14104798,,adult,,,SE,,,,,,2016,primary,2.0,22.876
SAMEA14104799,PRJEB51353,SAMEA14104799,,adult,,,SE,,,,,,2018,primary,1.0,6.524
SAMEA14104800,PRJEB51353,SAMEA14104800,,adult,,,SE,,,,,,2017,primary,1.0,6.312
SAMEA14104801,PRJEB51353,SAMEA14104801,,adult,,,SE,,,,,,2017,primary,1.0,6.491
SAMEA14104802,PRJEB51353,SAMEA14104802,,adult,,,SE,,,,,,2016,primary,1.0,6.77
SAMEA14104803,PRJEB51353,SAMEA14104803,,adult,,,SE,,,,,,2018,primary,1.0,7.66
SAMEA14104804,PRJEB51353,SAMEA14104804,,adult,,,SE,,,,,,2018,primary,1.0,6.17
SAMEA14104805,PRJEB51353,SAMEA14104805,,adult,,,SE,,,,,,2016,primary,1.0,7.104
SAMEA14104806,PRJEB51353,SAMEA14104806,,adult,,,SE,,,,,,2017,primary,1.0,8.262
SAMEA14104807,PRJEB51353,SAMEA14104807,,adult,,,SE,,,,,,2017,primary,1.0,8.952
SAMEA14104808,PRJEB51353,SAMEA14104808,,adult,,,SE,,,,,,2018,primary,1.0,8.441
SAMEA14104809,PRJEB51353,SAMEA14104809,,adult,,,SE,,,,,,2017,primary,1.0,7.873
SAMEA14104810,PRJEB51353,SAMEA14104810,,adult,,,SE,,,,,,2017,primary,1.0,8.657
SAMEA14104811,PRJEB51353,SAMEA14104811,,adult,,,SE,,,,,,2015,primary,1.0,8.401
SAMEA14104812,PRJEB51353,SAMEA14104812,,adult,,,SE,,,,,,2016,primary,1.0,6.992
SAMEA14104813,PRJEB51353,SAMEA14104813,,adult,,,SE,,,,,,2017,primary,1.0,7.114
SAMEA14104814,PRJEB51353,SAMEA14104814,,adult,,,SE,,,,,,2017,primary,1.0,6.429
SAMEA14104815,PRJEB51353,SAMEA14104815,,adult,,,SE,,,,,,2017,primary,1.0,6.937
SAMEA14104816,PRJEB51353,SAMEA14104816,,adult,,,SE,,,,,,2017,primary,1.0,7.562
SAMEA14104817,PRJEB51353,SAMEA14104817,,adult,,,SE,,,,,,2016,primary,1.0,6.973
SAMEA14104818,PRJEB51353,SAMEA14104818,,adult,,,SE,,,,,,2016,primary,1.0,8.999
SAMEA14104819,PRJEB51353,SAMEA14104819,,adult,,,SE,,,,,,2018,primary,1.0,7.135
SAMEA14104820,PRJEB51353,SAMEA14104820,,adult,,,SE,,,,,,2017,primary,1.0,6.261
SAMEA14104821,PRJEB51353,SAMEA14104821,,adult,,,SE,,,,,,2017,primary,1.0,7.005
SAMEA14104822,PRJEB51353,SAMEA14104822,,adult,,,SE,,,,,,2017,primary,1.0,6.645
SAMEA14104823,PRJEB51353,SAMEA14104823,,adult,,,SE,,,,,,2016,primary,1.0,8.963
SAMEA14104824,PRJEB51353,SAMEA14104824,,adult,,,SE,,,,,,2016,primary,1.0,6.871
SAMEA14104825,PRJEB51353,SAMEA14104825,,adult,,,SE,,,,,,2018,primary,1.0,8.135
SAMEA14104826,PRJEB51353,SAMEA14104826,,adult,,,SE,,,,,,2018,primary,1.0,8.044
SAMEA14104827,PRJEB51353,SAMEA14104827,,adult,,,SE,,,,,,2018,primary,1.0,6.855
SAMEA14104828,PRJEB51353,SAMEA14104828,,adult,,,SE,,,,,,2016,primary,1.0,6.643
SAMEA14104829,PRJEB51353,SAMEA14104829,,adult,,,SE,,,,,,2016,primary,1.0,7.201
SAMEA14104830,PRJEB51353,SAMEA14104830,,adult,,,SE,,,,,,2016,primary,1.0,5.953
SAMEA14104831,PRJEB51353,SAMEA14104831,,adult,,,SE,,,,,,2017,primary,1.0,6.932
SAMEA14104832,PRJEB51353,SAMEA14104832,,adult,,,SE,,,,,,2018,primary,1.0,7.158
SAMEA14104833,PRJEB51353,SAMEA14104833,,adult,,,SE,,,,,,2017,primary,1.0,6.74
SAMEA14104834,PRJEB51353,SAMEA14104834,,adult,,,SE,,,,,,2017,primary,1.0,7.368
SAMEA14104835,PRJEB51353,SAMEA14104835,,adult,,,SE,,,,,,2016,primary,1.0,7.472
SAMEA14104836,PRJEB51353,SAMEA14104836,,adult,,,SE,,,,,,2018,primary,1.0,9.669
SAMEA14104837,PRJEB51353,SAMEA14104837,,adult,,,SE,,,,,,2018,primary,1.0,8.672
SAMEA14104838,PRJEB51353,SAMEA14104838,,adult,,,SE,,,,,,2018,primary,1.0,8.703
SAMEA14104839,PRJEB51353,SAMEA14104839,,adult,,,SE,,,,,,2018,primary,1.0,11.078
SAMEA14104840,PRJEB51353,SAMEA14104840,,adult,,,SE,,,,,,2016,primary,1.0,14.068
SAMEA14104841,PRJEB51353,SAMEA14104841,,adult,,,SE,,,,,,2018,primary,1.0,6.766
SAMEA14104842,PRJEB51353,SAMEA14104842,,adult,,,SE,,,,,,2017,primary,1.0,6.962
SAMEA14104843,PRJEB51353,SAMEA14104843,,adult,,,SE,,,,,,2018,primary,1.0,6.925
SAMEA14104844,PRJEB51353,SAMEA14104844,,adult,,,SE,,,,,,2016,primary,1.0,8.691
SAMEA14104845,PRJEB51353,SAMEA14104845,,adult,,,SE,,,,,,2018,primary,1.0,9.705
SAMEA14104846,PRJEB51353,SAMEA14104846,,adult,,,SE,,,,,,2017,primary,1.0,7.07
SAMEA14104847,PRJEB51353,SAMEA14104847,,adult,,,SE,,,,,,2016,primary,1.0,8.685
SAMEA14104848,PRJEB51353,SAMEA14104848,,adult,,,SE,,,,,,2018,primary,1.0,9.246
SAMEA14104849,PRJEB51353,SAMEA14104849,,adult,,,SE,,,,,,2017,primary,1.0,6.364
SAMEA14104850,PRJEB51353,SAMEA14104850,,adult,,,SE,,,,,,2017,primary,1.0,8.453
SAMEA14104851,PRJEB51353,SAMEA14104851,,adult,,,SE,,,,,,2017,primary,1.0,7.514
SAMEA14104852,PRJEB51353,SAMEA14104852,,adult,,,SE,,,,,,2016,primary,1.0,10.814
SAMEA14104853,PRJEB51353,SAMEA14104853,,adult,,,SE,,,,,,2018,primary,1.0,7.579
SAMEA14104854,PRJEB51353,SAMEA14104854,,adult,,,SE,,,,,,2017,primary,1.0,7.205
SAMEA14104855,PRJEB51353,SAMEA14104855,,adult,,,SE,,,,,,2016,primary,1.0,7.429
SAMEA14104856,PRJEB51353,SAMEA14104856,,adult,,,SE,,,,,,2018,primary,1.0,6.594
SAMEA14104857,PRJEB51353,SAMEA14104857,,adult,,,SE,,,,,,2017,primary,1.0,8.532
SAMEA14104858,PRJEB51353,SAMEA14104858,,adult,,,SE,,,,,,2017,primary,1.0,7.109
SAMEA14104859,PRJEB51353,SAMEA14104859,,adult,,,SE,,,,,,2018,primary,1.0,10.352
SAMEA14104860,PRJEB51353,SAMEA14104860,,adult,,,SE,,,,,,2016,primary,1.0,6.619
SAMEA14104861,PRJEB51353,SAMEA14104861,,adult,,,SE,,,,,,2017,primary,1.0,7.147
SAMEA14104862,PRJEB51353,SAMEA14104862,,adult,,,SE,,,,,,2017,primary,1.0,9.704
SAMEA14104863,PRJEB51353,SAMEA14104863,,adult,,,SE,,,,,,2016,primary,1.0,6.529
SAMEA14104864,PRJEB51353,SAMEA14104864,,adult,,,SE,,,,,,2018,primary,1.0,8.207
SAMEA14104865,PRJEB51353,SAMEA14104865,,adult,,,SE,,,,,,2018,primary,1.0,7.878
SAMEA14104866,PRJEB51353,SAMEA14104866,,adult,,,SE,,,,,,2018,primary,1.0,5.984
SAMEA14104867,PRJEB51353,SAMEA14104867,,adult,,,SE,,,,,,2017,primary,1.0,6.92
SAMEA14104868,PRJEB51353,SAMEA14104868,,adult,,,SE,,,,,,2017,primary,1.0,8.423
SAMEA14104869,PRJEB51353,SAMEA14104869,,adult,,,SE,,,,,,2017,primary,1.0,6.799
SAMEA14104870,PRJEB51353,SAMEA14104870,,adult,,,SE,,,,,,2016,primary,1.0,7.402
SAMEA14104871,PRJEB51353,SAMEA14104871,,adult,,,SE,,,,,,2017,primary,1.0,6.091
SAMEA14104872,PRJEB51353,SAMEA14104872,,adult,,,SE,,,,,,2017,primary,1.0,8.465
SAMEA14104873,PRJEB51353,SAMEA14104873,,adult,,,SE,,,,,,2018,primary,1.0,8.923
SAMEA14104874,PRJEB51353,SAMEA14104874,,adult,,,SE,,,,,,2017,primary,1.0,7.937
SAMEA14104875,PRJEB51353,SAMEA14104875,,adult,,,SE,,,,,,2016,primary,1.0,7.813
SAMEA14104876,PRJEB51353,SAMEA14104876,,adult,,,SE,,,,,,2018,primary,1.0,7.567
SAMEA14104877,PRJEB51353,SAMEA14104877,,adult,,,SE,,,,,,2016,primary,1.0,8.478
SAMEA14104878,PRJEB51353,SAMEA14104878,,adult,,,SE,,,,,,2016,primary,1.0,7.19
SAMEA14104879,PRJEB51353,SAMEA14104879,,adult,,,SE,,,,,,2018,primary,1.0,7.204
SAMEA14104880,PRJEB51353,SAMEA14104880,,adult,,,SE,,,,,,2017,primary,1.0,8.113
SAMEA14104881,PRJEB51353,SAMEA14104881,,adult,,,SE,,,,,,2016,primary,1.0,7.587
SAMEA14104882,PRJEB51353,SAMEA14104882,,adult,,,SE,,,,,,2016,primary,1.0,6.981
SAMEA14104883,PRJEB51353,SAMEA14104883,,adult,,,SE,,,,,,2018,primary,1.0,2.535
SAMEA14104884,PRJEB51353,SAMEA14104884,,adult,,,SE,,,,,,2017,primary,1.0,7.157
SAMEA14104885,PRJEB51353,SAMEA14104885,,adult,,,SE,,,,,,2017,primary,1.0,6.325
SAMEA14104886,PRJEB51353,SAMEA14104886,,adult,,,SE,,,,,,2017,primary,1.0,8.896
SAMEA14104887,PRJEB51353,SAMEA14104887,,adult,,,SE,,,,,,2016,primary,1.0,8.641
SAMEA14104888,PRJEB51353,SAMEA14104888,,adult,,,SE,,,,,,2018,primary,1.0,7.198
SAMEA14104889,PRJEB51353,SAMEA14104889,,adult,,,SE,,,,,,2018,primary,1.0,7.256
SAMEA14104890,PRJEB51353,SAMEA14104890,,adult,,,SE,,,,,,2018,primary,1.0,7.97
SAMEA14104891,PRJEB51353,SAMEA14104891,,adult,,,SE,,,,,,2018,primary,1.0,6.672
SAMEA14104892,PRJEB51353,SAMEA14104892,,adult,,,SE,,,,,,2018,primary,1.0,7.27
SAMEA14104893,PRJEB51353,SAMEA14104893,,adult,,,SE,,,,,,2016,primary,1.0,6.878
SAMEA14104894,PRJEB51353,SAMEA14104894,,adult,,,SE,,,,,,2017,primary,1.0,8.709
SAMEA14104895,PRJEB51353,SAMEA14104895,,adult,,,SE,,,,,,2018,primary,1.0,7.9
SAMEA14104896,PRJEB51353,SAMEA14104896,,adult,,,SE,,,,,,2018,primary,1.0,6.493
SAMEA14104897,PRJEB51353,SAMEA14104897,,adult,,,SE,,,,,,2017,primary,1.0,6.467
SAMEA14104898,PRJEB51353,SAMEA14104898,,adult,,,SE,,,,,,2016,primary,1.0,8.728
SAMEA14104899,PRJEB51353,SAMEA14104899,,adult,,,SE,,,,,,2016,primary,1.0,7.863
SAMEA14104900,PRJEB51353,SAMEA14104900,,adult,,,SE,,,,,,2017,primary,1.0,9.103
SAMEA14104901,PRJEB51353,SAMEA14104901,,adult,,,SE,,,,,,2017,primary,1.0,7.512
SAMEA14104902,PRJEB51353,SAMEA14104902,,adult,,,SE,,,,,,2018,primary,1.0,6.66
SAMEA14104903,PRJEB51353,SAMEA14104903,,adult,,,SE,,,,,,2018,primary,1.0,7.397
SAMEA14104904,PRJEB51353,SAMEA14104904,,adult,,,SE,,,,,,2017,primary,1.0,7.294
SAMEA14104905,PRJEB51353,SAMEA14104905,,adult,,,SE,,,,,,2018,primary,1.0,7.262
SAMEA14104906,PRJEB51353,SAMEA14104906,,adult,,,SE,,,,,,2017,primary,1.0,7.974
SAMEA14104907,PRJEB51353,SAMEA14104907,,adult,,,SE,,,,,,2017,primary,1.0,6.852
SAMEA14104908,PRJEB51353,SAMEA14104908,,adult,,,SE,,,,,,2017,primary,1.0,8.938
SAMEA14104909,PRJEB51353,SAMEA14104909,,adult,,,SE,,,,,,2018,primary,1.0,7.897
SAMEA14104910,PRJEB51353,SAMEA14104910,,adult,,,SE,,,,,,2016,primary,1.0,7.677
SAMEA14104911,PRJEB51353,SAMEA14104911,,adult,,,SE,,,,,,2016,primary,1.0,8.227
SAMEA14104912,PRJEB51353,SAMEA14104912,,adult,,,SE,,,,,,2018,primary,1.0,6.596
SAMEA14104913,PRJEB51353,SAMEA14104913,,adult,,,SE,,,,,,2017,primary,1.0,6.5
SAMEA14104914,PRJEB51353,SAMEA14104914,,adult,,,SE,,,,,,2016,primary,1.0,13.201
SAMEA14104915,PRJEB51353,SAMEA14104915,,adult,,,SE,,,,,,2017,primary,1.0,7.544
SAMEA14104916,PRJEB51353,SAMEA14104916,,adult,,,SE,,,,,,2017,primary,1.0,7.824
SAMEA14104917,PRJEB51353,SAMEA14104917,,adult,,,SE,,,,,,2016,primary,1.0,6.858
SAMEA14104919,PRJEB51353,SAMEA14104919,,adult,,,SE,,,,,,2018,primary,1.0,6.632
SAMEA14104920,PRJEB51353,SAMEA14104920,,adult,,,SE,,,,,,2016,primary,1.0,8.583
SAMEA14104921,PRJEB51353,SAMEA14104921,,adult,,,SE,,,,,,2018,primary,1.0,6.747
SAMEA14104922,PRJEB51353,SAMEA14104922,,adult,,,SE,,,,,,2016,primary,1.0,6.93
SAMEA14104923,PRJEB51353,SAMEA14104923,,adult,,,SE,,,,,,2017,primary,1.0,6.715
SAMEA14104924,PRJEB51353,SAMEA14104924,,adult,,,SE,,,,,,2016,primary,1.0,8.672
SAMEA14104925,PRJEB51353,SAMEA14104925,,adult,,,SE,,,,,,2016,primary,1.0,6.573
SAMEA14104926,PRJEB51353,SAMEA14104926,,adult,,,SE,,,,,,2017,primary,1.0,6.823
SAMEA14104927,PRJEB51353,SAMEA14104927,,adult,,,SE,,,,,,2016,primary,1.0,7.568
SAMEA14104928,PRJEB51353,SAMEA14104928,,adult,,,SE,,,,,,2018,primary,1.0,8.226
SAMEA14104929,PRJEB51353,SAMEA14104929,,adult,,,SE,,,,,,2017,primary,1.0,6.801
SAMEA14104930,PRJEB51353,SAMEA14104930,,adult,,,SE,,,,,,2017,primary,1.0,7.203
SAMEA14104931,PRJEB51353,SAMEA14104931,,adult,,,SE,,,,,,2016,primary,1.0,8.085
SAMEA14104932,PRJEB51353,SAMEA14104932,,adult,,,SE,,,,,,2016,primary,1.0,7.213
SAMEA14104933,PRJEB51353,SAMEA14104933,,adult,,,SE,,,,,,2018,primary,1.0,7.205
SAMEA14104934,PRJEB51353,SAMEA14104934,,adult,,,SE,,,,,,2016,primary,1.0,6.777
SAMEA14104935,PRJEB51353,SAMEA14104935,,adult,,,SE,,,,,,2017,primary,1.0,7.783
SAMEA14104936,PRJEB51353,SAMEA14104936,,adult,,,SE,,,,,,2016,primary,1.0,8.26
SAMEA14104937,PRJEB51353,SAMEA14104937,,adult,,,SE,,,,,,2017,primary,1.0,8.11
SAMEA14104938,PRJEB51353,SAMEA14104938,,adult,,,SE,,,,,,2017,primary,1.0,7.029
SAMEA14104939,PRJEB51353,SAMEA14104939,,adult,,,SE,,,,,,2018,primary,1.0,6.486
SAMEA14104940,PRJEB51353,SAMEA14104940,,adult,,,SE,,,,,,2017,primary,1.0,7.769
SAMEA14104941,PRJEB51353,SAMEA14104941,,adult,,,SE,,,,,,2017,primary,1.0,7.609
SAMEA14104942,PRJEB51353,SAMEA14104942,,adult,,,SE,,,,,,2017,primary,1.0,6.997
SAMEA14104943,PRJEB51353,SAMEA14104943,,adult,,,SE,,,,,,2018,primary,1.0,7.105
SAMEA14104944,PRJEB51353,SAMEA14104944,,adult,,,SE,,,,,,2016,primary,1.0,6.314
SAMEA14104945,PRJEB51353,SAMEA14104945,,adult,,,SE,,,,,,2016,primary,1.0,7.943
SAMEA14104946,PRJEB51353,SAMEA14104946,,adult,,,SE,,,,,,2018,primary,1.0,6.22
SAMEA14104947,PRJEB51353,SAMEA14104947,,adult,,,SE,,,,,,2017,primary,1.0,8.247
SAMEA14104948,PRJEB51353,SAMEA14104948,,adult,,,SE,,,,,,2018,primary,1.0,9.136
SAMEA14104949,PRJEB51353,SAMEA14104949,,adult,,,SE,,,,,,2017,primary,1.0,7.558
SAMEA14104950,PRJEB51353,SAMEA14104950,,adult,,,SE,,,,,,2017,primary,1.0,6.648
SAMEA14104951,PRJEB51353,SAMEA14104951,,adult,,,SE,,,,,,2018,primary,1.0,8.228
SAMEA14104952,PRJEB51353,SAMEA14104952,,adult,,,SE,,,,,,2017,primary,1.0,7.986
SAMEA14104953,PRJEB51353,SAMEA14104953,,adult,,,SE,,,,,,2016,primary,1.0,7.954
SAMEA14104954,PRJEB51353,SAMEA14104954,,adult,,,SE,,,,,,2017,primary,1.0,8.889
SAMEA14104955,PRJEB51353,SAMEA14104955,,adult,,,SE,,,,,,2018,primary,1.0,6.468
SAMEA14104956,PRJEB51353,SAMEA14104956,,adult,,,SE,,,,,,2016,primary,1.0,10.147
SAMEA14104957,PRJEB51353,SAMEA14104957,,adult,,,SE,,,,,,2016,primary,1.0,8.059
SAMEA14104958,PRJEB51353,SAMEA14104958,,adult,,,SE,,,,,,2016,primary,1.0,7.171
SAMEA14104959,PRJEB51353,SAMEA14104959,,adult,,,SE,,,,,,2017,primary,1.0,7.849
SAMEA14104960,PRJEB51353,SAMEA14104960,,adult,,,SE,,,,,,2018,primary,1.0,6.246
SAMEA14104961,PRJEB51353,SAMEA14104961,,adult,,,SE,,,,,,2018,primary,1.0,9.196
SAMEA14104962,PRJEB51353,SAMEA14104962,,adult,,,SE,,,,,,2017,primary,1.0,7.215
SAMEA14104963,PRJEB51353,SAMEA14104963,,adult,,,SE,,,,,,2017,primary,1.0,6.851
SAMEA14104964,PRJEB51353,SAMEA14104964,,adult,,,SE,,,,,,2017,primary,1.0,6.498
SAMEA14104965,PRJEB51353,SAMEA14104965,,adult,,,SE,,,,,,2017,primary,1.0,6.228
SAMEA14104966,PRJEB51353,SAMEA14104966,,adult,,,SE,,,,,,2017,primary,1.0,6.694
SAMEA14104967,PRJEB51353,SAMEA14104967,,adult,,,SE,,,,,,2016,primary,1.0,6.706
SAMEA14104968,PRJEB51353,SAMEA14104968,,adult,,,SE,,,,,,2017,primary,1.0,7.651
SAMEA14104969,PRJEB51353,SAMEA14104969,,adult,,,SE,,,,,,2016,primary,1.0,7.846
SAMEA14104970,PRJEB51353,SAMEA14104970,,adult,,,SE,,,,,,2017,primary,1.0,6.794
SAMEA14104971,PRJEB51353,SAMEA14104971,,adult,,,SE,,,,,,2017,primary,1.0,8.434
SAMEA14104972,PRJEB51353,SAMEA14104972,,adult,,,SE,,,,,,2016,primary,1.0,7.363
SAMEA14104973,PRJEB51353,SAMEA14104973,,adult,,,SE,,,,,,2016,primary,1.0,9.531
SAMEA14104974,PRJEB51353,SAMEA14104974,,adult,,,SE,,,,,,2017,primary,1.0,9.138
SAMEA14104975,PRJEB51353,SAMEA14104975,,adult,,,SE,,,,,,2017,primary,1.0,7.884
SAMEA14104976,PRJEB51353,SAMEA14104976,,adult,,,SE,,,,,,2018,primary,1.0,7.075
SAMEA14104977,PRJEB51353,SAMEA14104977,,adult,,,SE,,,,,,2017,primary,1.0,7.307
SAMEA14104978,PRJEB51353,SAMEA14104978,,adult,,,SE,,,,,,2017,primary,1.0,8.713
SAMEA14104979,PRJEB51353,SAMEA14104979,,adult,,,SE,,,,,,2017,primary,1.0,6.455
SAMEA14104980,PRJEB51353,SAMEA14104980,,adult,,,SE,,,,,,2016,primary,1.0,6.225
SAMEA14104981,PRJEB51353,SAMEA14104981,,adult,,,SE,,,,,,2017,primary,1.0,7.481
SAMEA14104982,PRJEB51353,SAMEA14104982,,adult,,,SE,,,,,,2018,primary,1.0,7.146
SAMEA14104983,PRJEB51353,SAMEA14104983,,adult,,,SE,,,,,,2018,primary,1.0,6.753
SAMEA14104984,PRJEB51353,SAMEA14104984,,adult,,,SE,,,,,,2016,primary,1.0,6.622
SAMEA14104985,PRJEB51353,SAMEA14104985,,adult,,,SE,,,,,,2017,primary,1.0,7.523
SAMEA14104986,PRJEB51353,SAMEA14104986,,adult,,,SE,,,,,,2017,primary,1.0,7.658
SAMEA14104987,PRJEB51353,SAMEA14104987,,adult,,,SE,,,,,,2018,primary,1.0,8.709
SAMEA14104988,PRJEB51353,SAMEA14104988,,adult,,,SE,,,,,,2016,primary,1.0,6.834
SAMEA14104989,PRJEB51353,SAMEA14104989,,adult,,,SE,,,,,,2017,primary,1.0,8.109
SAMEA14104990,PRJEB51353,SAMEA14104990,,adult,,,SE,,,,,,2016,primary,1.0,6.444
SAMEA14104991,PRJEB51353,SAMEA14104991,,adult,,,SE,,,,,,2017,primary,1.0,7.626
SAMEA14104992,PRJEB51353,SAMEA14104992,,adult,,,SE,,,,,,2018,primary,1.0,7.605
SAMEA14104993,PRJEB51353,SAMEA14104993,,adult,,,SE,,,,,,2016,primary,1.0,7.057
SAMEA14104994,PRJEB51353,SAMEA14104994,,adult,,,SE,,,,,,2017,primary,1.0,6.587
SAMEA14104995,PRJEB51353,SAMEA14104995,,adult,,,SE,,,,,,2016,primary,1.0,7.379
SAMEA14104996,PRJEB51353,SAMEA14104996,,adult,,,SE,,,,,,2017,primary,1.0,6.702
SAMEA14104997,PRJEB51353,SAMEA14104997,,adult,,,SE,,,,,,2018,primary,1.0,9.785
SAMEA14104998,PRJEB51353,SAMEA14104998,,adult,,,SE,,,,,,2018,primary,1.0,6.889
SAMEA14104999,PRJEB51353,SAMEA14104999,,adult,,,SE,,,,,,2017,primary,1.0,7.454
SAMEA14105000,PRJEB51353,SAMEA14105000,,adult,,,SE,,,,,,2017,primary,1.0,8.472
SAMEA14105001,PRJEB51353,SAMEA14105001,,adult,,,SE,,,,,,2018,primary,1.0,6.952
SAMEA14105002,PRJEB51353,SAMEA14105002,,adult,,,SE,,,,,,2016,primary,1.0,8.702
SAMEA14105003,PRJEB51353,SAMEA14105003,,adult,,,SE,,,,,,2016,primary,1.0,6.394
SAMEA14105004,PRJEB51353,SAMEA14105004,,adult,,,SE,,,,,,2016,primary,1.0,7.294
SAMEA14105005,PRJEB51353,SAMEA14105005,,adult,,,SE,,,,,,2017,primary,1.0,6.489
SAMEA14105006,PRJEB51353,SAMEA14105006,,adult,,,SE,,,,,,2016,primary,1.0,6.658
SAMEA14105007,PRJEB51353,SAMEA14105007,,adult,,,SE,,,,,,2018,primary,1.0,7.537
SAMEA14105008,PRJEB51353,SAMEA14105008,,adult,,,SE,,,,,,2017,primary,1.0,6.926
SAMEA14105009,PRJEB51353,SAMEA14105009,,adult,,,SE,,,,,,2018,primary,1.0,7.538
SAMEA14105010,PRJEB51353,SAMEA14105010,,adult,,,SE,,,,,,2017,primary,1.0,7.504
SAMEA14105011,PRJEB51353,SAMEA14105011,,adult,,,SE,,,,,,2016,primary,1.0,8.302
SAMEA14105012,PRJEB51353,SAMEA14105012,,adult,,,SE,,,,,,2016,primary,1.0,6.692
SAMEA14105013,PRJEB51353,SAMEA14105013,,adult,,,SE,,,,,,2017,primary,1.0,7.834
SAMEA14105014,PRJEB51353,SAMEA14105014,,adult,,,SE,,,,,,2017,primary,1.0,7.487
SAMEA14105015,PRJEB51353,SAMEA14105015,,adult,,,SE,,,,,,2018,primary,1.0,7.463
SAMEA14105016,PRJEB51353,SAMEA14105016,,adult,,,SE,,,,,,2017,primary,1.0,6.96
SAMEA14105017,PRJEB51353,SAMEA14105017,,adult,,,SE,,,,,,2018,primary,1.0,7.09
SAMEA14105018,PRJEB51353,SAMEA14105018,,adult,,,SE,,,,,,2018,primary,1.0,7.939
SAMEA14105019,PRJEB51353,SAMEA14105019,,adult,,,SE,,,,,,2017,primary,1.0,6.919
SAMEA14105020,PRJEB51353,SAMEA14105020,,adult,,,SE,,,,,,2016,primary,1.0,7.527
SAMEA14105021,PRJEB51353,SAMEA14105021,,adult,,,SE,,,,,,2016,primary,1.0,7.832
SAMEA14105022,PRJEB51353,SAMEA14105022,,adult,,,SE,,,,,,2017,primary,1.0,8.287
SAMEA14105023,PRJEB51353,SAMEA14105023,,adult,,,SE,,,,,,2015,primary,1.0,10.421
SAMEA14105024,PRJEB51353,SAMEA14105024,,adult,,,SE,,,,,,2016,primary,1.0,7.1
SAMEA14105025,PRJEB51353,SAMEA14105025,,adult,,,SE,,,,,,2017,primary,1.0,7.093
SAMEA14105026,PRJEB51353,SAMEA14105026,,adult,,,SE,,,,,,2017,primary,1.0,6.578
SAMEA14105027,PRJEB51353,SAMEA14105027,,adult,,,SE,,,,,,2017,primary,1.0,7.8
SAMEA14105028,PRJEB51353,SAMEA14105028,,adult,,,SE,,,,,,2016,primary,1.0,7.432
SAMEA14105029,PRJEB51353,SAMEA14105029,,adult,,,SE,,,,,,2016,primary,1.0,6.653
SAMEA14105030,PRJEB51353,SAMEA14105030,,adult,,,SE,,,,,,2017,primary,1.0,6.832
SAMEA14105031,PRJEB51353,SAMEA14105031,,adult,,,SE,,,,,,2016,primary,1.0,6.78
SAMEA14105032,PRJEB51353,SAMEA14105032,,adult,,,SE,,,,,,2016,primary,1.0,8.253
SAMEA14105033,PRJEB51353,SAMEA14105033,,adult,,,SE,,,,,,2016,primary,1.0,7.067
SAMEA14105034,PRJEB51353,SAMEA14105034,,adult,,,SE,,,,,,2017,primary,1.0,7.123
SAMEA14105035,PRJEB51353,SAMEA14105035,,adult,,,SE,,,,,,2018,primary,1.0,7.729
SAMEA14105036,PRJEB51353,SAMEA14105036,,adult,,,SE,,,,,,2018,primary,1.0,8.059
SAMEA14105037,PRJEB51353,SAMEA14105037,,adult,,,SE,,,,,,2017,primary,1.0,6.347
SAMEA14105038,PRJEB51353,SAMEA14105038,,adult,,,SE,,,,,,2018,primary,1.0,7.463
SAMEA14105039,PRJEB51353,SAMEA14105039,,adult,,,SE,,,,,,2016,primary,1.0,7.062
SAMEA14105040,PRJEB51353,SAMEA14105040,,adult,,,SE,,,,,,2018,primary,1.0,7.987
SAMEA14105041,PRJEB51353,SAMEA14105041,,adult,,,SE,,,,,,2017,primary,1.0,7.498
SAMEA14105042,PRJEB51353,SAMEA14105042,,adult,,,SE,,,,,,2017,primary,1.0,7.808
SAMEA14105043,PRJEB51353,SAMEA14105043,,adult,,,SE,,,,,,2016,primary,1.0,7.544
SAMEA14105044,PRJEB51353,SAMEA14105044,,adult,,,SE,,,,,,2016,primary,1.0,6.923
SAMEA14105045,PRJEB51353,SAMEA14105045,,adult,,,SE,,,,,,2017,primary,1.0,9.078
SAMEA14105046,PRJEB51353,SAMEA14105046,,adult,,,SE,,,,,,2016,primary,1.0,7.113
SAMEA14105047,PRJEB51353,SAMEA14105047,,adult,,,SE,,,,,,2017,primary,1.0,7.83
SAMEA14105048,PRJEB51353,SAMEA14105048,,adult,,,SE,,,,,,2017,primary,1.0,7.444
SAMEA14105049,PRJEB51353,SAMEA14105049,,adult,,,SE,,,,,,2016,primary,1.0,9.614
SAMEA14105050,PRJEB51353,SAMEA14105050,,adult,,,SE,,,,,,2017,primary,1.0,5.975
SAMEA14105051,PRJEB51353,SAMEA14105051,,adult,,,SE,,,,,,2018,primary,1.0,6.724
SAMEA14105052,PRJEB51353,SAMEA14105052,,adult,,,SE,,,,,,2016,primary,1.0,6.46
SAMEA14105053,PRJEB51353,SAMEA14105053,,adult,,,SE,,,,,,2017,primary,1.0,7.396
SAMEA14105054,PRJEB51353,SAMEA14105054,,adult,,,SE,,,,,,2017,primary,1.0,6.852
SAMEA14105055,PRJEB51353,SAMEA14105055,,adult,,,SE,,,,,,2017,primary,1.0,6.424
SAMEA14105056,PRJEB51353,SAMEA14105056,,adult,,,SE,,,,,,2017,primary,1.0,9.807
SAMEA14105057,PRJEB51353,SAMEA14105057,,adult,,,SE,,,,,,2016,primary,1.0,7.082
SAMEA14105058,PRJEB51353,SAMEA14105058,,adult,,,SE,,,,,,2018,primary,1.0,6.994
SAMEA14105059,PRJEB51353,SAMEA14105059,,adult,,,SE,,,,,,2016,primary,1.0,7.292
SAMEA14105060,PRJEB51353,SAMEA14105060,,adult,,,SE,,,,,,2018,primary,1.0,6.13
SAMEA14105061,PRJEB51353,SAMEA14105061,,adult,,,SE,,,,,,2016,primary,1.0,6.552
SAMEA14105062,PRJEB51353,SAMEA14105062,,adult,,,SE,,,,,,2017,primary,1.0,8.62
SAMEA14105063,PRJEB51353,SAMEA14105063,,adult,,,SE,,,,,,2016,primary,1.0,6.525
SAMEA14105064,PRJEB51353,SAMEA14105064,,adult,,,SE,,,,,,2016,primary,1.0,8.78
SAMEA14105065,PRJEB51353,SAMEA14105065,,adult,,,SE,,,,,,2017,primary,1.0,11.983
SAMEA14105066,PRJEB51353,SAMEA14105066,,adult,,,SE,,,,,,2018,primary,1.0,8.843
SAMEA14105067,PRJEB51353,SAMEA14105067,,adult,,,SE,,,,,,2016,primary,2.0,15.514
SAMEA14105068,PRJEB51353,SAMEA14105068,,adult,,,SE,,,,,,2017,primary,1.0,6.245
SAMEA14105069,PRJEB51353,SAMEA14105069,,adult,,,SE,,,,,,2017,primary,1.0,8.394
SAMEA14105070,PRJEB51353,SAMEA14105070,,adult,,,SE,,,,,,2018,primary,1.0,7.23
SAMEA14105071,PRJEB51353,SAMEA14105071,,adult,,,SE,,,,,,2016,primary,1.0,6.816
SAMEA14105072,PRJEB51353,SAMEA14105072,,adult,,,SE,,,,,,2016,primary,1.0,7.379
SAMEA14105073,PRJEB51353,SAMEA14105073,,adult,,,SE,,,,,,2018,primary,1.0,6.639
SAMEA14105074,PRJEB51353,SAMEA14105074,,adult,,,SE,,,,,,2016,primary,1.0,8.006
SAMEA14105075,PRJEB51353,SAMEA14105075,,adult,,,SE,,,,,,2017,primary,1.0,7.145
SAMEA14105076,PRJEB51353,SAMEA14105076,,adult,,,SE,,,,,,2016,primary,1.0,6.019
SAMEA14105077,PRJEB51353,SAMEA14105077,,adult,,,SE,,,,,,2016,primary,1.0,7.036
SAMEA14105078,PRJEB51353,SAMEA14105078,,adult,,,SE,,,,,,2017,primary,1.0,8.788
SAMEA14105079,PRJEB51353,SAMEA14105079,,adult,,,SE,,,,,,2017,primary,1.0,8.984
SAMEA14105080,PRJEB51353,SAMEA14105080,,adult,,,SE,,,,,,2018,primary,1.0,6.101
SAMEA14105081,PRJEB51353,SAMEA14105081,,adult,,,SE,,,,,,2018,primary,1.0,7.964
SAMEA14105082,PRJEB51353,SAMEA14105082,,adult,,,SE,,,,,,2018,primary,1.0,9.133
SAMEA14105083,PRJEB51353,SAMEA14105083,,adult,,,SE,,,,,,2017,primary,1.0,7.391
SAMEA14105084,PRJEB51353,SAMEA14105084,,adult,,,SE,,,,,,2017,primary,1.0,8.334
SAMEA14105085,PRJEB51353,SAMEA14105085,,adult,,,SE,,,,,,2017,primary,1.0,7.089
SAMEA14105086,PRJEB51353,SAMEA14105086,,adult,,,SE,,,,,,2017,primary,1.0,7.392
SAMEA14105087,PRJEB51353,SAMEA14105087,,adult,,,SE,,,,,,2016,primary,1.0,7.601
SAMEA14105088,PRJEB51353,SAMEA14105088,,adult,,,SE,,,,,,2018,primary,1.0,5.98
SAMEA14105089,PRJEB51353,SAMEA14105089,,adult,,,SE,,,,,,2018,primary,1.0,7.233
SAMEA14105090,PRJEB51353,SAMEA14105090,,adult,,,SE,,,,,,2017,primary,1.0,6.699
SAMEA14105091,PRJEB51353,SAMEA14105091,,adult,,,SE,,,,,,2017,primary,1.0,8.61
SAMEA14105092,PRJEB51353,SAMEA14105092,,adult,,,SE,,,,,,2017,primary,1.0,8.27
SAMEA14105093,PRJEB51353,SAMEA14105093,,adult,,,SE,,,,,,2016,primary,1.0,7.849
SAMEA14105094,PRJEB51353,SAMEA14105094,,adult,,,SE,,,,,,2016,primary,1.0,10.375
SAMEA14105095,PRJEB51353,SAMEA14105095,,adult,,,SE,,,,,,2016,primary,1.0,6.938
SAMEA14105096,PRJEB51353,SAMEA14105096,,adult,,,SE,,,,,,2017,primary,1.0,6.865
SAMEA14105097,PRJEB51353,SAMEA14105097,,adult,,,SE,,,,,,2015,primary,1.0,7.546
SAMEA14105098,PRJEB51353,SAMEA14105098,,adult,,,SE,,,,,,2018,primary,1.0,8.139
SAMEA14105099,PRJEB51353,SAMEA14105099,,adult,,,SE,,,,,,2018,primary,1.0,6.631
SAMEA14105100,PRJEB51353,SAMEA14105100,,adult,,,SE,,,,,,2016,primary,1.0,7.422
SAMEA14105101,PRJEB51353,SAMEA14105101,,adult,,,SE,,,,,,2016,primary,1.0,7.157
SAMEA14105102,PRJEB51353,SAMEA14105102,,adult,,,SE,,,,,,2017,primary,1.0,6.543
SAMEA14105103,PRJEB51353,SAMEA14105103,,adult,,,SE,,,,,,2016,primary,1.0,7.995
SAMEA14105104,PRJEB51353,SAMEA14105104,,adult,,,SE,,,,,,2017,primary,1.0,6.84
SAMEA14105105,PRJEB51353,SAMEA14105105,,adult,,,SE,,,,,,2016,primary,1.0,9.072
SAMEA14105106,PRJEB51353,SAMEA14105106,,adult,,,SE,,,,,,2016,primary,1.0,7.476
SAMEA14105107,PRJEB51353,SAMEA14105107,,adult,,,SE,,,,,,2018,primary,1.0,7.634
SAMEA14105108,PRJEB51353,SAMEA14105108,,adult,,,SE,,,,,,2017,primary,1.0,6.03
SAMEA14105109,PRJEB51353,SAMEA14105109,,adult,,,SE,,,,,,2017,primary,1.0,7.794
SAMEA14105110,PRJEB51353,SAMEA14105110,,adult,,,SE,,,,,,2018,primary,1.0,7.002
SAMEA14105111,PRJEB51353,SAMEA14105111,,adult,,,SE,,,,,,2018,primary,1.0,6.593
SAMEA14105112,PRJEB51353,SAMEA14105112,,adult,,,SE,,,,,,2016,primary,1.0,8.863
SAMEA14105113,PRJEB51353,SAMEA14105113,,adult,,,SE,,,,,,2018,primary,1.0,9.02
SAMEA14105114,PRJEB51353,SAMEA14105114,,adult,,,SE,,,,,,2017,primary,1.0,6.169
SAMEA14105115,PRJEB51353,SAMEA14105115,,adult,,,SE,,,,,,2016,primary,1.0,7.051
SAMEA14105116,PRJEB51353,SAMEA14105116,,adult,,,SE,,,,,,2017,primary,1.0,8.275
SAMEA14105117,PRJEB51353,SAMEA14105117,,adult,,,SE,,,,,,2017,primary,1.0,8.133
SAMEA14105118,PRJEB51353,SAMEA14105118,,adult,,,SE,,,,,,2016,primary,1.0,6.243
SAMEA14105119,PRJEB51353,SAMEA14105119,,adult,,,SE,,,,,,2016,primary,1.0,7.231
SAMEA14105120,PRJEB51353,SAMEA14105120,,adult,,,SE,,,,,,2016,primary,1.0,7.783
SAMEA14105121,PRJEB51353,SAMEA14105121,,adult,,,SE,,,,,,2018,primary,1.0,7.456
SAMEA14105122,PRJEB51353,SAMEA14105122,,adult,,,SE,,,,,,2017,primary,1.0,6.262
SAMEA14105123,PRJEB51353,SAMEA14105123,,adult,,,SE,,,,,,2017,primary,1.0,7.03
SAMEA14105124,PRJEB51353,SAMEA14105124,,adult,,,SE,,,,,,2017,primary,1.0,7.746
SAMEA14105125,PRJEB51353,SAMEA14105125,,adult,,,SE,,,,,,2018,primary,1.0,10.101
SAMEA14105126,PRJEB51353,SAMEA14105126,,adult,,,SE,,,,,,2016,primary,1.0,8.992
SAMEA14105127,PRJEB51353,SAMEA14105127,,adult,,,SE,,,,,,2017,primary,1.0,6.229
SAMEA14105128,PRJEB51353,SAMEA14105128,,adult,,,SE,,,,,,2018,primary,1.0,10.663
SAMEA14105129,PRJEB51353,SAMEA14105129,,adult,,,SE,,,,,,2017,primary,1.0,7.147
SAMEA14105130,PRJEB51353,SAMEA14105130,,adult,,,SE,,,,,,2017,primary,1.0,7.352
SAMEA14105131,PRJEB51353,SAMEA14105131,,adult,,,SE,,,,,,2016,primary,1.0,8.94
SAMEA14105132,PRJEB51353,SAMEA14105132,,adult,,,SE,,,,,,2017,primary,1.0,6.934
SAMEA14105133,PRJEB51353,SAMEA14105133,,adult,,,SE,,,,,,2016,primary,1.0,7.353
SAMEA14105134,PRJEB51353,SAMEA14105134,,adult,,,SE,,,,,,2017,primary,1.0,8.75
SAMEA14105135,PRJEB51353,SAMEA14105135,,adult,,,SE,,,,,,2017,primary,1.0,6.208
SAMEA14105136,PRJEB51353,SAMEA14105136,,adult,,,SE,,,,,,2017,primary,1.0,6.604
SAMEA14105137,PRJEB51353,SAMEA14105137,,adult,,,SE,,,,,,2018,primary,1.0,7.236
SAMEA14105138,PRJEB51353,SAMEA14105138,,adult,,,SE,,,,,,2017,primary,1.0,6.116
SAMEA14105139,PRJEB51353,SAMEA14105139,,adult,,,SE,,,,,,2017,primary,1.0,8.406
SAMEA14105140,PRJEB51353,SAMEA14105140,,adult,,,SE,,,,,,2016,primary,1.0,10.452
SAMEA14105141,PRJEB51353,SAMEA14105141,,adult,,,SE,,,,,,2018,primary,1.0,7.995
SAMEA14105142,PRJEB51353,SAMEA14105142,,adult,,,SE,,,,,,2016,primary,1.0,7.398
SAMEA14105143,PRJEB51353,SAMEA14105143,,adult,,,SE,,,,,,2016,primary,1.0,7.714
SAMEA14105144,PRJEB51353,SAMEA14105144,,adult,,,SE,,,,,,2017,primary,1.0,6.25
SAMEA14105145,PRJEB51353,SAMEA14105145,,adult,,,SE,,,,,,2018,primary,1.0,8.223
SAMEA14105146,PRJEB51353,SAMEA14105146,,adult,,,SE,,,,,,2018,primary,1.0,7.145
SAMEA14105147,PRJEB51353,SAMEA14105147,,adult,,,SE,,,,,,2018,primary,1.0,6.415
SAMEA14105148,PRJEB51353,SAMEA14105148,,adult,,,SE,,,,,,2017,primary,1.0,6.988
SAMEA14105149,PRJEB51353,SAMEA14105149,,adult,,,SE,,,,,,2016,primary,1.0,8.033
SAMEA14105150,PRJEB51353,SAMEA14105150,,adult,,,SE,,,,,,2016,primary,1.0,7.539
SAMEA14105151,PRJEB51353,SAMEA14105151,,adult,,,SE,,,,,,2017,primary,1.0,6.985
SAMEA14105152,PRJEB51353,SAMEA14105152,,adult,,,SE,,,,,,2017,primary,1.0,6.365
SAMEA14105153,PRJEB51353,SAMEA14105153,,adult,,,SE,,,,,,2018,primary,1.0,6.746
SAMEA14105154,PRJEB51353,SAMEA14105154,,adult,,,SE,,,,,,2017,primary,1.0,7.534
SAMEA14105155,PRJEB51353,SAMEA14105155,,adult,,,SE,,,,,,2016,primary,1.0,8.544
SAMEA14105156,PRJEB51353,SAMEA14105156,,adult,,,SE,,,,,,2017,primary,1.0,7.097
SAMEA14105157,PRJEB51353,SAMEA14105157,,adult,,,SE,,,,,,2017,primary,1.0,6.429
SAMEA14105158,PRJEB51353,SAMEA14105158,,adult,,,SE,,,,,,2018,primary,1.0,6.281
SAMEA14105159,PRJEB51353,SAMEA14105159,,adult,,,SE,,,,,,2016,primary,1.0,6.364
SAMEA14105160,PRJEB51353,SAMEA14105160,,adult,,,SE,,,,,,2016,primary,1.0,6.053
SAMEA14105161,PRJEB51353,SAMEA14105161,,adult,,,SE,,,,,,2017,primary,1.0,7.78
SAMEA14105162,PRJEB51353,SAMEA14105162,,adult,,,SE,,,,,,2016,primary,1.0,8.384
SAMEA14105163,PRJEB51353,SAMEA14105163,,adult,,,SE,,,,,,2017,primary,1.0,6.16
SAMEA14105164,PRJEB51353,SAMEA14105164,,adult,,,SE,,,,,,2018,primary,1.0,6.738
SAMEA14105165,PRJEB51353,SAMEA14105165,,adult,,,SE,,,,,,2017,primary,1.0,9.425
SAMEA14105166,PRJEB51353,SAMEA14105166,,adult,,,SE,,,,,,2017,primary,1.0,9.168
SAMEA14105167,PRJEB51353,SAMEA14105167,,adult,,,SE,,,,,,2016,primary,1.0,8.254
SAMEA14105168,PRJEB51353,SAMEA14105168,,adult,,,SE,,,,,,2017,primary,1.0,8.721
SAMEA14105169,PRJEB51353,SAMEA14105169,,adult,,,SE,,,,,,2016,primary,1.0,8.766
SAMEA14105170,PRJEB51353,SAMEA14105170,,adult,,,SE,,,,,,2016,primary,1.0,8.231
SAMEA14105171,PRJEB51353,SAMEA14105171,,adult,,,SE,,,,,,2017,primary,1.0,6.989
SAMEA14105172,PRJEB51353,SAMEA14105172,,adult,,,SE,,,,,,2017,primary,1.0,7.502
SAMEA14105173,PRJEB51353,SAMEA14105173,,adult,,,SE,,,,,,2016,primary,1.0,6.589
SAMEA14105174,PRJEB51353,SAMEA14105174,,adult,,,SE,,,,,,2017,primary,1.0,8.485
SAMEA14105175,PRJEB51353,SAMEA14105175,,adult,,,SE,,,,,,2016,primary,1.0,6.696
SAMEA14105176,PRJEB51353,SAMEA14105176,,adult,,,SE,,,,,,2016,primary,1.0,7.925
SAMEA14105177,PRJEB51353,SAMEA14105177,,adult,,,SE,,,,,,2017,primary,1.0,8.791
SAMEA14105178,PRJEB51353,SAMEA14105178,,adult,,,SE,,,,,,2018,primary,1.0,7.489
SAMEA14105179,PRJEB51353,SAMEA14105179,,adult,,,SE,,,,,,2018,primary,1.0,7.516
SAMEA14105180,PRJEB51353,SAMEA14105180,,adult,,,SE,,,,,,2018,primary,1.0,7.5
SAMEA14105181,PRJEB51353,SAMEA14105181,,adult,,,SE,,,,,,2017,primary,1.0,7.566
SAMEA14105202,PRJEB51353,SAMEA14105202,,adult,,,SE,,,,,,2018,primary,1.0,7.912
SAMEA14105203,PRJEB51353,SAMEA14105203,,adult,,,SE,,,,,,2018,primary,1.0,6.644
SAMEA14105204,PRJEB51353,SAMEA14105204,,adult,,,SE,,,,,,2018,primary,1.0,7.533
SAMEA14105205,PRJEB51353,SAMEA14105205,,adult,,,SE,,,,,,2017,primary,1.0,8.426
SAMEA14105206,PRJEB51353,SAMEA14105206,,adult,,,SE,,,,,,2018,primary,1.0,7.405
SAMEA14105207,PRJEB51353,SAMEA14105207,,adult,,,SE,,,,,,2017,primary,1.0,7.853
SAMEA14105208,PRJEB51353,SAMEA14105208,,adult,,,SE,,,,,,2018,primary,1.0,7.022
SAMEA14105209,PRJEB51353,SAMEA14105209,,adult,,,SE,,,,,,2017,primary,1.0,6.663
SAMEA14105210,PRJEB51353,SAMEA14105210,,adult,,,SE,,,,,,2017,primary,1.0,7.35
SAMEA14105211,PRJEB51353,SAMEA14105211,,adult,,,SE,,,,,,2016,primary,1.0,6.661
SAMEA14105212,PRJEB51353,SAMEA14105212,,adult,,,SE,,,,,,2017,primary,1.0,6.705
SAMEA14105213,PRJEB51353,SAMEA14105213,,adult,,,SE,,,,,,2017,primary,1.0,7.803
SAMEA14105214,PRJEB51353,SAMEA14105214,,adult,,,SE,,,,,,2018,primary,1.0,7.277
SAMEA14105215,PRJEB51353,SAMEA14105215,,adult,,,SE,,,,,,2017,primary,1.0,8.6
SAMEA14105216,PRJEB51353,SAMEA14105216,,adult,,,SE,,,,,,2018,primary,1.0,6.743
SAMEA14105217,PRJEB51353,SAMEA14105217,,adult,,,SE,,,,,,2017,primary,1.0,8.169
SAMEA14105218,PRJEB51353,SAMEA14105218,,adult,,,SE,,,,,,2018,primary,1.0,7.456
SAMEA14105219,PRJEB51353,SAMEA14105219,,adult,,,SE,,,,,,2017,primary,1.0,7.243
SAMEA14105220,PRJEB51353,SAMEA14105220,,adult,,,SE,,,,,,2018,primary,1.0,8.009
SAMEA14105221,PRJEB51353,SAMEA14105221,,adult,,,SE,,,,,,2018,primary,1.0,8.162
SAMEA14105222,PRJEB51353,SAMEA14105222,,adult,,,SE,,,,,,2017,primary,1.0,7.263
SAMEA14105223,PRJEB51353,SAMEA14105223,,adult,,,SE,,,,,,2016,primary,1.0,8.272
SAMEA14105224,PRJEB51353,SAMEA14105224,,adult,,,SE,,,,,,2017,primary,1.0,8.693
SAMEA14105225,PRJEB51353,SAMEA14105225,,adult,,,SE,,,,,,2018,primary,1.0,9.065
SAMEA14105226,PRJEB51353,SAMEA14105226,,adult,,,SE,,,,,,2018,primary,1.0,6.598
SAMEA14105227,PRJEB51353,SAMEA14105227,,adult,,,SE,,,,,,2015,primary,1.0,6.913
SAMEA14105228,PRJEB51353,SAMEA14105228,,adult,,,SE,,,,,,2018,primary,1.0,8.209
SAMEA14105229,PRJEB51353,SAMEA14105229,,adult,,,SE,,,,,,2017,primary,1.0,7.298
SAMEA14105230,PRJEB51353,SAMEA14105230,,adult,,,SE,,,,,,2017,primary,1.0,7.152
SAMEA14105231,PRJEB51353,SAMEA14105231,,adult,,,SE,,,,,,2016,primary,1.0,9.87
SAMEA14105232,PRJEB51353,SAMEA14105232,,adult,,,SE,,,,,,2017,primary,1.0,7.687
SAMEA14105233,PRJEB51353,SAMEA14105233,,adult,,,SE,,,,,,2017,primary,1.0,6.72
SAMEA14105234,PRJEB51353,SAMEA14105234,,adult,,,SE,,,,,,2016,primary,1.0,6.307
SAMEA14105235,PRJEB51353,SAMEA14105235,,adult,,,SE,,,,,,2017,primary,1.0,8.184
SAMEA14105236,PRJEB51353,SAMEA14105236,,adult,,,SE,,,,,,2015,primary,2.0,17.164
SAMEA14105237,PRJEB51353,SAMEA14105237,,adult,,,SE,,,,,,2017,primary,1.0,7.379
SAMEA14105238,PRJEB51353,SAMEA14105238,,adult,,,SE,,,,,,2016,primary,1.0,6.089
SAMEA14105239,PRJEB51353,SAMEA14105239,,adult,,,SE,,,,,,2016,primary,1.0,8.288
SAMEA14105240,PRJEB51353,SAMEA14105240,,adult,,,SE,,,,,,2016,primary,1.0,7.543
SAMEA14105241,PRJEB51353,SAMEA14105241,,adult,,,SE,,,,,,2016,primary,1.0,7.657
SAMEA14105242,PRJEB51353,SAMEA14105242,,adult,,,SE,,,,,,2016,primary,1.0,7.993
SAMEA14105243,PRJEB51353,SAMEA14105243,,adult,,,SE,,,,,,2018,primary,1.0,7.906
SAMEA14105244,PRJEB51353,SAMEA14105244,,adult,,,SE,,,,,,2016,primary,1.0,7.768
SAMEA14105245,PRJEB51353,SAMEA14105245,,adult,,,SE,,,,,,2016,primary,1.0,6.569
SAMEA14105246,PRJEB51353,SAMEA14105246,,adult,,,SE,,,,,,2016,primary,1.0,6.192
SAMEA14105247,PRJEB51353,SAMEA14105247,,adult,,,SE,,,,,,2018,primary,1.0,6.965
SAMEA14105248,PRJEB51353,SAMEA14105248,,adult,,,SE,,,,,,2017,primary,1.0,6.75
SAMEA14105249,PRJEB51353,SAMEA14105249,,adult,,,SE,,,,,,2017,primary,1.0,6.343
SAMEA14105250,PRJEB51353,SAMEA14105250,,adult,,,SE,,,,,,2017,primary,1.0,6.42
SAMEA14105251,PRJEB51353,SAMEA14105251,,adult,,,SE,,,,,,2016,primary,1.0,7.084
SAMEA14105252,PRJEB51353,SAMEA14105252,,adult,,,SE,,,,,,2017,primary,1.0,6.861
SAMEA14105253,PRJEB51353,SAMEA14105253,,adult,,,SE,,,,,,2017,primary,1.0,6.653
SAMEA14105254,PRJEB51353,SAMEA14105254,,adult,,,SE,,,,,,2018,primary,1.0,8.195
SAMEA14105255,PRJEB51353,SAMEA14105255,,adult,,,SE,,,,,,2016,primary,1.0,7.395
SAMEA14105256,PRJEB51353,SAMEA14105256,,adult,,,SE,,,,,,2017,primary,1.0,6.341
SAMEA14105257,PRJEB51353,SAMEA14105257,,adult,,,SE,,,,,,2017,primary,1.0,6.368
SAMEA14105258,PRJEB51353,SAMEA14105258,,adult,,,SE,,,,,,2015,primary,1.0,7.974
SAMEA14105259,PRJEB51353,SAMEA14105259,,adult,,,SE,,,,,,2018,primary,1.0,7.36
SAMEA14105260,PRJEB51353,SAMEA14105260,,adult,,,SE,,,,,,2016,primary,1.0,6.035
SAMEA14105261,PRJEB51353,SAMEA14105261,,adult,,,SE,,,,,,2018,primary,1.0,7.124
SAMEA14105262,PRJEB51353,SAMEA14105262,,adult,,,SE,,,,,,2018,primary,1.0,6.768
SAMEA14105263,PRJEB51353,SAMEA14105263,,adult,,,SE,,,,,,2018,primary,1.0,7.248
SAMEA14105264,PRJEB51353,SAMEA14105264,,adult,,,SE,,,,,,2016,primary,1.0,7.224
SAMEA14105265,PRJEB51353,SAMEA14105265,,adult,,,SE,,,,,,2016,primary,2.0,14.371
SAMEA14105266,PRJEB51353,SAMEA14105266,,adult,,,SE,,,,,,2018,primary,1.0,6.286
SAMEA14105267,PRJEB51353,SAMEA14105267,,adult,,,SE,,,,,,2017,primary,1.0,6.641
SAMEA14105268,PRJEB51353,SAMEA14105268,,adult,,,SE,,,,,,2017,primary,1.0,7.672
SAMEA14105269,PRJEB51353,SAMEA14105269,,adult,,,SE,,,,,,2016,primary,1.0,7.696
SAMEA14105270,PRJEB51353,SAMEA14105270,,adult,,,SE,,,,,,2016,primary,1.0,5.986
SAMEA14105271,PRJEB51353,SAMEA14105271,,adult,,,SE,,,,,,2016,primary,1.0,8.51
SAMEA14105272,PRJEB51353,SAMEA14105272,,adult,,,SE,,,,,,2016,primary,1.0,7.005
SAMEA14105273,PRJEB51353,SAMEA14105273,,adult,,,SE,,,,,,2015,primary,1.0,7.493
SAMEA14105274,PRJEB51353,SAMEA14105274,,adult,,,SE,,,,,,2018,primary,1.0,7.054
SAMEA14105275,PRJEB51353,SAMEA14105275,,adult,,,SE,,,,,,2016,primary,1.0,9.662
SAMEA14105276,PRJEB51353,SAMEA14105276,,adult,,,SE,,,,,,2017,primary,1.0,6.831
SAMEA14105277,PRJEB51353,SAMEA14105277,,adult,,,SE,,,,,,2017,primary,1.0,7.775
SAMEA14105278,PRJEB51353,SAMEA14105278,,adult,,,SE,,,,,,2017,primary,1.0,7.115
SAMEA14105279,PRJEB51353,SAMEA14105279,,adult,,,SE,,,,,,2017,primary,1.0,7.396
SAMEA14105280,PRJEB51353,SAMEA14105280,,adult,,,SE,,,,,,2018,primary,1.0,7.707
SAMEA14105281,PRJEB51353,SAMEA14105281,,adult,,,SE,,,,,,2015,primary,1.0,7.393
SAMEA14105282,PRJEB51353,SAMEA14105282,,adult,,,SE,,,,,,2016,primary,1.0,7.669
SAMEA14105283,PRJEB51353,SAMEA14105283,,adult,,,SE,,,,,,2017,primary,1.0,6.142
SAMEA14105284,PRJEB51353,SAMEA14105284,,adult,,,SE,,,,,,2016,primary,1.0,7.459
SAMEA14105285,PRJEB51353,SAMEA14105285,,adult,,,SE,,,,,,2016,primary,1.0,7.287
SAMEA14105286,PRJEB51353,SAMEA14105286,,adult,,,SE,,,,,,2016,primary,1.0,8.587
SAMEA14105287,PRJEB51353,SAMEA14105287,,adult,,,SE,,,,,,2017,primary,1.0,6.72
SAMEA14105288,PRJEB51353,SAMEA14105288,,adult,,,SE,,,,,,2016,primary,1.0,6.501
SAMEA14105289,PRJEB51353,SAMEA14105289,,adult,,,SE,,,,,,2017,primary,1.0,7.281
SAMEA14105290,PRJEB51353,SAMEA14105290,,adult,,,SE,,,,,,2018,primary,1.0,7.964
SAMEA14105291,PRJEB51353,SAMEA14105291,,adult,,,SE,,,,,,2016,primary,1.0,6.571
SAMEA14105292,PRJEB51353,SAMEA14105292,,adult,,,SE,,,,,,2017,primary,1.0,7.187
SAMEA14105293,PRJEB51353,SAMEA14105293,,adult,,,SE,,,,,,2017,primary,1.0,7.442
SAMEA14105294,PRJEB51353,SAMEA14105294,,adult,,,SE,,,,,,2017,primary,1.0,8.274
SAMEA14105295,PRJEB51353,SAMEA14105295,,adult,,,SE,,,,,,2018,primary,1.0,7.604
SAMEA14105296,PRJEB51353,SAMEA14105296,,adult,,,SE,,,,,,2018,primary,1.0,8.301
SAMEA14105297,PRJEB51353,SAMEA14105297,,adult,,,SE,,,,,,2017,primary,1.0,9.836
SAMEA14105298,PRJEB51353,SAMEA14105298,,adult,,,SE,,,,,,2017,primary,1.0,8.062
SAMEA14105299,PRJEB51353,SAMEA14105299,,adult,,,SE,,,,,,2016,primary,1.0,10.688
SAMEA14105300,PRJEB51353,SAMEA14105300,,adult,,,SE,,,,,,2017,primary,1.0,7.575
SAMEA14105301,PRJEB51353,SAMEA14105301,,adult,,,SE,,,,,,2016,primary,1.0,7.866
SAMEA14105302,PRJEB51353,SAMEA14105302,,adult,,,SE,,,,,,2016,primary,1.0,6.63
SAMEA14105303,PRJEB51353,SAMEA14105303,,adult,,,SE,,,,,,2017,primary,1.0,7.769
SAMEA14105304,PRJEB51353,SAMEA14105304,,adult,,,SE,,,,,,2017,primary,1.0,6.381
SAMEA14105305,PRJEB51353,SAMEA14105305,,adult,,,SE,,,,,,2016,primary,2.0,14.359
SAMEA14105306,PRJEB51353,SAMEA14105306,,adult,,,SE,,,,,,2017,primary,1.0,6.494
SAMEA14105307,PRJEB51353,SAMEA14105307,,adult,,,SE,,,,,,2018,primary,1.0,7.37
SAMEA14105308,PRJEB51353,SAMEA14105308,,adult,,,SE,,,,,,2016,primary,1.0,8.077
SAMEA14105309,PRJEB51353,SAMEA14105309,,adult,,,SE,,,,,,2018,primary,1.0,6.358
SAMEA14105310,PRJEB51353,SAMEA14105310,,adult,,,SE,,,,,,2017,primary,1.0,6.937
SAMEA14105311,PRJEB51353,SAMEA14105311,,adult,,,SE,,,,,,2017,primary,1.0,9.07
SAMEA14105312,PRJEB51353,SAMEA14105312,,adult,,,SE,,,,,,2016,primary,1.0,8.143
SAMEA14105313,PRJEB51353,SAMEA14105313,,adult,,,SE,,,,,,2018,primary,1.0,6.088
SAMEA14105314,PRJEB51353,SAMEA14105314,,adult,,,SE,,,,,,2018,primary,1.0,7.872
SAMEA14105315,PRJEB51353,SAMEA14105315,,adult,,,SE,,,,,,2016,primary,1.0,8.625
SAMEA14105316,PRJEB51353,SAMEA14105316,,adult,,,SE,,,,,,2017,primary,1.0,8.903
SAMEA14105317,PRJEB51353,SAMEA14105317,,adult,,,SE,,,,,,2017,primary,1.0,6.547
SAMEA14105318,PRJEB51353,SAMEA14105318,,adult,,,SE,,,,,,2017,primary,1.0,7.171
SAMEA14105319,PRJEB51353,SAMEA14105319,,adult,,,SE,,,,,,2018,primary,1.0,8.953
SAMEA14105320,PRJEB51353,SAMEA14105320,,adult,,,SE,,,,,,2018,primary,1.0,8.327
SAMEA14105321,PRJEB51353,SAMEA14105321,,adult,,,SE,,,,,,2017,primary,1.0,8.965
SAMEA14105322,PRJEB51353,SAMEA14105322,,adult,,,SE,,,,,,2016,primary,1.0,12.677
SAMEA14105323,PRJEB51353,SAMEA14105323,,adult,,,SE,,,,,,2017,primary,1.0,7.276
SAMEA14105324,PRJEB51353,SAMEA14105324,,adult,,,SE,,,,,,2016,primary,1.0,7.018
SAMEA14105325,PRJEB51353,SAMEA14105325,,adult,,,SE,,,,,,2018,primary,1.0,7.755
SAMEA14105326,PRJEB51353,SAMEA14105326,,adult,,,SE,,,,,,2016,primary,1.0,6.577
SAMEA14105327,PRJEB51353,SAMEA14105327,,adult,,,SE,,,,,,2017,primary,1.0,8.061
SAMEA14105328,PRJEB51353,SAMEA14105328,,adult,,,SE,,,,,,2016,primary,1.0,8.114
SAMEA14105329,PRJEB51353,SAMEA14105329,,adult,,,SE,,,,,,2016,primary,1.0,7.149
SAMEA14105330,PRJEB51353,SAMEA14105330,,adult,,,SE,,,,,,2018,primary,1.0,8.391
SAMEA14105331,PRJEB51353,SAMEA14105331,,adult,,,SE,,,,,,2018,primary,1.0,7.648
SAMEA14105332,PRJEB51353,SAMEA14105332,,adult,,,SE,,,,,,2018,primary,1.0,7.01
SAMEA14105333,PRJEB51353,SAMEA14105333,,adult,,,SE,,,,,,2017,primary,1.0,8.48
SAMEA14105334,PRJEB51353,SAMEA14105334,,adult,,,SE,,,,,,2016,primary,1.0,6.068
SAMEA14105335,PRJEB51353,SAMEA14105335,,adult,,,SE,,,,,,2017,primary,1.0,6.725
SAMEA14105336,PRJEB51353,SAMEA14105336,,adult,,,SE,,,,,,2017,primary,1.0,6.841
SAMEA14105337,PRJEB51353,SAMEA14105337,,adult,,,SE,,,,,,2017,primary,1.0,7.848
SAMEA14105338,PRJEB51353,SAMEA14105338,,adult,,,SE,,,,,,2017,primary,1.0,6.962
SAMEA14105339,PRJEB51353,SAMEA14105339,,adult,,,SE,,,,,,2017,primary,1.0,6.031
SAMEA14105340,PRJEB51353,SAMEA14105340,,adult,,,SE,,,,,,2018,primary,1.0,8.047
SAMEA14105341,PRJEB51353,SAMEA14105341,,adult,,,SE,,,,,,2017,primary,1.0,6.522
SAMEA14105342,PRJEB51353,SAMEA14105342,,adult,,,SE,,,,,,2015,primary,1.0,7.009
SAMEA14105343,PRJEB51353,SAMEA14105343,,adult,,,SE,,,,,,2018,primary,1.0,10.654
SAMEA14105344,PRJEB51353,SAMEA14105344,,adult,,,SE,,,,,,2017,primary,1.0,6.892
SAMEA14105345,PRJEB51353,SAMEA14105345,,adult,,,SE,,,,,,2018,primary,1.0,7.748
SAMEA14105346,PRJEB51353,SAMEA14105346,,adult,,,SE,,,,,,2017,primary,1.0,6.402
SAMEA14105347,PRJEB51353,SAMEA14105347,,adult,,,SE,,,,,,2016,primary,1.0,12.671
SAMEA14105348,PRJEB51353,SAMEA14105348,,adult,,,SE,,,,,,2016,primary,1.0,7.976
SAMEA14105349,PRJEB51353,SAMEA14105349,,adult,,,SE,,,,,,2017,primary,1.0,9.109
SAMEA14105350,PRJEB51353,SAMEA14105350,,adult,,,SE,,,,,,2017,primary,1.0,7.118
SAMEA14105351,PRJEB51353,SAMEA14105351,,adult,,,SE,,,,,,2017,primary,1.0,6.565
SAMEA14105352,PRJEB51353,SAMEA14105352,,adult,,,SE,,,,,,2018,primary,1.0,6.748
SAMEA14105353,PRJEB51353,SAMEA14105353,,adult,,,SE,,,,,,2017,primary,1.0,6.72
SAMEA14105354,PRJEB51353,SAMEA14105354,,adult,,,SE,,,,,,2018,primary,1.0,7.709
SAMEA14105355,PRJEB51353,SAMEA14105355,,adult,,,SE,,,,,,2016,primary,1.0,12.53
SAMEA14105356,PRJEB51353,SAMEA14105356,,adult,,,SE,,,,,,2018,primary,1.0,7.43
SAMEA14105357,PRJEB51353,SAMEA14105357,,adult,,,SE,,,,,,2016,primary,1.0,7.394
SAMEA14105358,PRJEB51353,SAMEA14105358,,adult,,,SE,,,,,,2017,primary,1.0,6.27
SAMEA14105359,PRJEB51353,SAMEA14105359,,adult,,,SE,,,,,,2016,primary,1.0,6.997
SAMEA14105360,PRJEB51353,SAMEA14105360,,adult,,,SE,,,,,,2017,primary,1.0,6.714
SAMEA14105361,PRJEB51353,SAMEA14105361,,adult,,,SE,,,,,,2017,primary,1.0,8.481
SAMEA14105362,PRJEB51353,SAMEA14105362,,adult,,,SE,,,,,,2017,primary,1.0,6.473
SAMEA14105363,PRJEB51353,SAMEA14105363,,adult,,,SE,,,,,,2018,primary,1.0,12.272
SAMEA14105364,PRJEB51353,SAMEA14105364,,adult,,,SE,,,,,,2017,primary,1.0,9.498
SAMEA14105365,PRJEB51353,SAMEA14105365,,adult,,,SE,,,,,,2018,primary,1.0,7.98
SAMEA14105366,PRJEB51353,SAMEA14105366,,adult,,,SE,,,,,,2017,primary,1.0,6.839
SAMEA14105367,PRJEB51353,SAMEA14105367,,adult,,,SE,,,,,,2018,primary,1.0,6.184
SAMEA14105368,PRJEB51353,SAMEA14105368,,adult,,,SE,,,,,,2018,primary,1.0,6.817
SAMEA14105369,PRJEB51353,SAMEA14105369,,adult,,,SE,,,,,,2016,primary,1.0,9.194
SAMEA14105370,PRJEB51353,SAMEA14105370,,adult,,,SE,,,,,,2015,primary,1.0,8.95
SAMEA14105371,PRJEB51353,SAMEA14105371,,adult,,,SE,,,,,,2015,primary,1.0,7.913
SAMEA14105372,PRJEB51353,SAMEA14105372,,adult,,,SE,,,,,,2018,primary,1.0,7.779
SAMEA14105373,PRJEB51353,SAMEA14105373,,adult,,,SE,,,,,,2018,primary,1.0,6.241
SAMEA14105374,PRJEB51353,SAMEA14105374,,adult,,,SE,,,,,,2018,primary,1.0,7.78
SAMEA14105375,PRJEB51353,SAMEA14105375,,adult,,,SE,,,,,,2016,primary,1.0,7.651
SAMEA14105376,PRJEB51353,SAMEA14105376,,adult,,,SE,,,,,,2017,primary,1.0,7.822
SAMEA14105377,PRJEB51353,SAMEA14105377,,adult,,,SE,,,,,,2016,primary,1.0,6.594
SAMEA14105378,PRJEB51353,SAMEA14105378,,adult,,,SE,,,,,,2017,primary,1.0,7.8
SAMEA14105379,PRJEB51353,SAMEA14105379,,adult,,,SE,,,,,,2015,primary,1.0,7.151
SAMEA14105380,PRJEB51353,SAMEA14105380,,adult,,,SE,,,,,,2016,primary,1.0,8.296
SAMEA14105381,PRJEB51353,SAMEA14105381,,adult,,,SE,,,,,,2016,primary,1.0,6.886
SAMEA14105382,PRJEB51353,SAMEA14105382,,adult,,,SE,,,,,,2016,primary,1.0,7.295
SAMEA14105383,PRJEB51353,SAMEA14105383,,adult,,,SE,,,,,,2017,primary,1.0,7.048
SAMEA14105384,PRJEB51353,SAMEA14105384,,adult,,,SE,,,,,,2018,primary,1.0,8.095
SAMEA14105385,PRJEB51353,SAMEA14105385,,adult,,,SE,,,,,,2016,primary,1.0,10.743
SAMEA14105386,PRJEB51353,SAMEA14105386,,adult,,,SE,,,,,,2018,primary,1.0,6.756
SAMEA14105387,PRJEB51353,SAMEA14105387,,adult,,,SE,,,,,,2017,primary,1.0,7.384
SAMEA14105388,PRJEB51353,SAMEA14105388,,adult,,,SE,,,,,,2015,primary,1.0,6.866
SAMEA14105389,PRJEB51353,SAMEA14105389,,adult,,,SE,,,,,,2017,primary,1.0,6.323
SAMEA14105390,PRJEB51353,SAMEA14105390,,adult,,,SE,,,,,,2016,primary,1.0,7.354
SAMEA14105391,PRJEB51353,SAMEA14105391,,adult,,,SE,,,,,,2017,primary,1.0,6.211
SAMEA14105392,PRJEB51353,SAMEA14105392,,adult,,,SE,,,,,,2017,primary,1.0,6.515
SAMEA14105393,PRJEB51353,SAMEA14105393,,adult,,,SE,,,,,,2018,primary,1.0,7.929
SAMEA14105394,PRJEB51353,SAMEA14105394,,adult,,,SE,,,,,,2016,primary,1.0,6.172
SAMEA14105395,PRJEB51353,SAMEA14105395,,adult,,,SE,,,,,,2018,primary,1.0,7.52
SAMEA14105396,PRJEB51353,SAMEA14105396,,adult,,,SE,,,,,,2017,primary,1.0,6.472
SAMEA14105397,PRJEB51353,SAMEA14105397,,adult,,,SE,,,,,,2017,primary,1.0,6.76
SAMEA14105398,PRJEB51353,SAMEA14105398,,adult,,,SE,,,,,,2016,primary,1.0,12.706
SAMEA14105399,PRJEB51353,SAMEA14105399,,adult,,,SE,,,,,,2016,primary,1.0,8.433
SAMEA14105400,PRJEB51353,SAMEA14105400,,adult,,,SE,,,,,,2017,primary,1.0,6.962
SAMEA14105401,PRJEB51353,SAMEA14105401,,adult,,,SE,,,,,,2017,primary,1.0,7.152
SAMEA14105402,PRJEB51353,SAMEA14105402,,adult,,,SE,,,,,,2016,primary,1.0,6.02
SAMEA14105403,PRJEB51353,SAMEA14105403,,adult,,,SE,,,,,,2017,primary,1.0,8.047
SAMEA14105404,PRJEB51353,SAMEA14105404,,adult,,,SE,,,,,,2018,primary,1.0,6.72
SAMEA14105405,PRJEB51353,SAMEA14105405,,adult,,,SE,,,,,,2017,primary,1.0,7.462
SAMEA14105406,PRJEB51353,SAMEA14105406,,adult,,,SE,,,,,,2017,primary,1.0,6.408
SAMEA14105407,PRJEB51353,SAMEA14105407,,adult,,,SE,,,,,,2018,primary,1.0,10.008
SAMEA14105408,PRJEB51353,SAMEA14105408,,adult,,,SE,,,,,,2018,primary,1.0,7.709
SAMEA14105409,PRJEB51353,SAMEA14105409,,adult,,,SE,,,,,,2018,primary,1.0,6.578
SAMEA14105410,PRJEB51353,SAMEA14105410,,adult,,,SE,,,,,,2016,primary,1.0,7.319
SAMEA14105411,PRJEB51353,SAMEA14105411,,adult,,,SE,,,,,,2015,primary,1.0,6.033
SAMEA14105412,PRJEB51353,SAMEA14105412,,adult,,,SE,,,,,,2018,primary,1.0,8.211
SAMEA14105413,PRJEB51353,SAMEA14105413,,adult,,,SE,,,,,,2017,primary,1.0,7.947
SAMEA14105414,PRJEB51353,SAMEA14105414,,adult,,,SE,,,,,,2017,primary,1.0,6.489
SAMEA14105415,PRJEB51353,SAMEA14105415,,adult,,,SE,,,,,,2017,primary,1.0,6.408
SAMEA14105416,PRJEB51353,SAMEA14105416,,adult,,,SE,,,,,,2017,primary,1.0,8.275
SAMEA14105417,PRJEB51353,SAMEA14105417,,adult,,,SE,,,,,,2018,primary,1.0,10.482
SAMEA14105418,PRJEB51353,SAMEA14105418,,adult,,,SE,,,,,,2018,primary,1.0,6.428
SAMEA14105419,PRJEB51353,SAMEA14105419,,adult,,,SE,,,,,,2015,primary,1.0,6.489
SAMEA14105420,PRJEB51353,SAMEA14105420,,adult,,,SE,,,,,,2018,primary,1.0,6.434
SAMEA14105421,PRJEB51353,SAMEA14105421,,adult,,,SE,,,,,,2016,primary,1.0,7.554
SAMEA14105422,PRJEB51353,SAMEA14105422,,adult,,,SE,,,,,,2017,primary,1.0,8.865
SAMEA14105423,PRJEB51353,SAMEA14105423,,adult,,,SE,,,,,,2017,primary,1.0,7.875
SAMEA14105424,PRJEB51353,SAMEA14105424,,adult,,,SE,,,,,,2017,primary,1.0,7.178
SAMEA14105425,PRJEB51353,SAMEA14105425,,adult,,,SE,,,,,,2017,primary,1.0,7.789
SAMEA14105426,PRJEB51353,SAMEA14105426,,adult,,,SE,,,,,,2017,primary,1.0,7.174
SAMEA14105427,PRJEB51353,SAMEA14105427,,adult,,,SE,,,,,,2016,primary,1.0,7.045
SAMEA14105428,PRJEB51353,SAMEA14105428,,adult,,,SE,,,,,,2016,primary,1.0,7.533
SAMEA14105429,PRJEB51353,SAMEA14105429,,adult,,,SE,,,,,,2017,primary,1.0,7.845
SAMEA14105430,PRJEB51353,SAMEA14105430,,adult,,,SE,,,,,,2017,primary,1.0,8.359
SAMEA14105431,PRJEB51353,SAMEA14105431,,adult,,,SE,,,,,,2016,primary,1.0,6.633
SAMEA14105432,PRJEB51353,SAMEA14105432,,adult,,,SE,,,,,,2017,primary,1.0,7.753
SAMEA14105433,PRJEB51353,SAMEA14105433,,adult,,,SE,,,,,,2017,primary,1.0,7.607
SAMEA14105434,PRJEB51353,SAMEA14105434,,adult,,,SE,,,,,,2017,primary,1.0,7.496
SAMEA14105435,PRJEB51353,SAMEA14105435,,adult,,,SE,,,,,,2017,primary,1.0,7.613
SAMEA14105436,PRJEB51353,SAMEA14105436,,adult,,,SE,,,,,,2016,primary,1.0,5.958
SAMEA14105437,PRJEB51353,SAMEA14105437,,adult,,,SE,,,,,,2017,primary,1.0,7.334
SAMEA14105438,PRJEB51353,SAMEA14105438,,adult,,,SE,,,,,,2016,primary,1.0,7.458
SAMEA14105439,PRJEB51353,SAMEA14105439,,adult,,,SE,,,,,,2017,primary,1.0,6.704
SAMEA14105440,PRJEB51353,SAMEA14105440,,adult,,,SE,,,,,,2017,primary,1.0,10.389
SAMEA14105441,PRJEB51353,SAMEA14105441,,adult,,,SE,,,,,,2018,primary,1.0,8.269
SAMEA14105442,PRJEB51353,SAMEA14105442,,adult,,,SE,,,,,,2018,primary,1.0,8.23
SAMEA14105443,PRJEB51353,SAMEA14105443,,adult,,,SE,,,,,,2018,primary,1.0,9.72
SAMEA14105444,PRJEB51353,SAMEA14105444,,adult,,,SE,,,,,,2018,primary,1.0,11.505
SAMEA14105445,PRJEB51353,SAMEA14105445,,adult,,,SE,,,,,,2017,primary,1.0,7.448
SAMEA14105446,PRJEB51353,SAMEA14105446,,adult,,,SE,,,,,,2016,primary,1.0,7.444
SAMEA14105447,PRJEB51353,SAMEA14105447,,adult,,,SE,,,,,,2017,primary,1.0,8.413
SAMEA14105448,PRJEB51353,SAMEA14105448,,adult,,,SE,,,,,,2018,primary,1.0,6.438
SAMEA14105449,PRJEB51353,SAMEA14105449,,adult,,,SE,,,,,,2016,primary,1.0,7.871
SAMEA14105450,PRJEB51353,SAMEA14105450,,adult,,,SE,,,,,,2017,primary,1.0,6.515
SAMEA14105451,PRJEB51353,SAMEA14105451,,adult,,,SE,,,,,,2017,primary,1.0,6.989
SAMEA14105452,PRJEB51353,SAMEA14105452,,adult,,,SE,,,,,,2016,primary,1.0,6.341
SAMEA14105453,PRJEB51353,SAMEA14105453,,adult,,,SE,,,,,,2017,primary,1.0,6.004
SAMEA14105454,PRJEB51353,SAMEA14105454,,adult,,,SE,,,,,,2017,primary,1.0,8.468
SAMEA14105455,PRJEB51353,SAMEA14105455,,adult,,,SE,,,,,,2017,primary,1.0,6.792
SAMEA14105456,PRJEB51353,SAMEA14105456,,adult,,,SE,,,,,,2015,primary,1.0,6.792
SAMEA14105457,PRJEB51353,SAMEA14105457,,adult,,,SE,,,,,,2018,primary,1.0,7.029
SAMEA14105458,PRJEB51353,SAMEA14105458,,adult,,,SE,,,,,,2017,primary,1.0,7.443
SAMEA14105459,PRJEB51353,SAMEA14105459,,adult,,,SE,,,,,,2017,primary,1.0,6.066
SAMEA14105460,PRJEB51353,SAMEA14105460,,adult,,,SE,,,,,,2016,primary,1.0,6.926
SAMEA14105461,PRJEB51353,SAMEA14105461,,adult,,,SE,,,,,,2018,primary,1.0,7.894
SAMEA14105462,PRJEB51353,SAMEA14105462,,adult,,,SE,,,,,,2016,primary,1.0,6.841
SAMEA14105463,PRJEB51353,SAMEA14105463,,adult,,,SE,,,,,,2018,primary,1.0,6.709
SAMEA14105464,PRJEB51353,SAMEA14105464,,adult,,,SE,,,,,,2016,primary,1.0,9.046
SAMEA14105465,PRJEB51353,SAMEA14105465,,adult,,,SE,,,,,,2018,primary,1.0,7.156
SAMEA14105466,PRJEB51353,SAMEA14105466,,adult,,,SE,,,,,,2017,primary,1.0,7.096
SAMEA14105467,PRJEB51353,SAMEA14105467,,adult,,,SE,,,,,,2016,primary,1.0,6.481
SAMEA14105468,PRJEB51353,SAMEA14105468,,adult,,,SE,,,,,,2017,primary,1.0,8.449
SAMEA14105469,PRJEB51353,SAMEA14105469,,adult,,,SE,,,,,,2015,primary,1.0,7.926
SAMEA14105470,PRJEB51353,SAMEA14105470,,adult,,,SE,,,,,,2017,primary,1.0,6.815
SAMEA14105471,PRJEB51353,SAMEA14105471,,adult,,,SE,,,,,,2018,primary,1.0,8.898
SAMEA14105472,PRJEB51353,SAMEA14105472,,adult,,,SE,,,,,,2016,primary,1.0,6.984
SAMEA14105473,PRJEB51353,SAMEA14105473,,adult,,,SE,,,,,,2017,primary,1.0,6.958
SAMEA14105474,PRJEB51353,SAMEA14105474,,adult,,,SE,,,,,,2018,primary,1.0,6.048
SAMEA14105475,PRJEB51353,SAMEA14105475,,adult,,,SE,,,,,,2016,primary,1.0,8.415
SAMEA14105476,PRJEB51353,SAMEA14105476,,adult,,,SE,,,,,,2018,primary,1.0,6.706
SAMEA14105477,PRJEB51353,SAMEA14105477,,adult,,,SE,,,,,,2017,primary,1.0,7.13
SAMEA14105478,PRJEB51353,SAMEA14105478,,adult,,,SE,,,,,,2017,primary,1.0,7.663
SAMEA14105479,PRJEB51353,SAMEA14105479,,adult,,,SE,,,,,,2015,primary,1.0,7.213
SAMEA14105480,PRJEB51353,SAMEA14105480,,adult,,,SE,,,,,,2017,primary,1.0,7.956
SAMEA14105481,PRJEB51353,SAMEA14105481,,adult,,,SE,,,,,,2017,primary,1.0,7.175
SAMEA14105482,PRJEB51353,SAMEA14105482,,adult,,,SE,,,,,,2017,primary,1.0,6.974
SAMEA14105483,PRJEB51353,SAMEA14105483,,adult,,,SE,,,,,,2016,primary,1.0,7.035
SAMEA14105484,PRJEB51353,SAMEA14105484,,adult,,,SE,,,,,,2018,primary,1.0,8.519
SAMEA14105485,PRJEB51353,SAMEA14105485,,adult,,,SE,,,,,,2017,primary,1.0,7.973
SAMEA14105486,PRJEB51353,SAMEA14105486,,adult,,,SE,,,,,,2016,primary,1.0,7.843
SAMEA14105487,PRJEB51353,SAMEA14105487,,adult,,,SE,,,,,,2017,primary,1.0,6.473
SAMEA14105488,PRJEB51353,SAMEA14105488,,adult,,,SE,,,,,,2017,primary,1.0,6.552
SAMEA14105489,PRJEB51353,SAMEA14105489,,adult,,,SE,,,,,,2018,primary,1.0,7.009
SAMEA14105490,PRJEB51353,SAMEA14105490,,adult,,,SE,,,,,,2017,primary,1.0,6.928
SAMEA14105491,PRJEB51353,SAMEA14105491,,adult,,,SE,,,,,,2017,primary,1.0,7.116
SAMEA14105492,PRJEB51353,SAMEA14105492,,adult,,,SE,,,,,,2016,primary,1.0,8.318
SAMEA14105493,PRJEB51353,SAMEA14105493,,adult,,,SE,,,,,,2016,primary,1.0,7.029
SAMEA14105494,PRJEB51353,SAMEA14105494,,adult,,,SE,,,,,,2018,primary,1.0,7.986
SAMEA14105495,PRJEB51353,SAMEA14105495,,adult,,,SE,,,,,,2018,primary,1.0,6.925
SAMEA14105496,PRJEB51353,SAMEA14105496,,adult,,,SE,,,,,,2018,primary,1.0,8.836
SAMEA14105497,PRJEB51353,SAMEA14105497,,adult,,,SE,,,,,,2018,primary,1.0,6.615
SAMEA14105498,PRJEB51353,SAMEA14105498,,adult,,,SE,,,,,,2016,primary,1.0,6.062
SAMEA14105499,PRJEB51353,SAMEA14105499,,adult,,,SE,,,,,,2016,primary,1.0,7.035
SAMEA14105500,PRJEB51353,SAMEA14105500,,adult,,,SE,,,,,,2015,primary,1.0,7.884
SAMEA14105501,PRJEB51353,SAMEA14105501,,adult,,,SE,,,,,,2016,primary,1.0,7.18
SAMEA14105502,PRJEB51353,SAMEA14105502,,adult,,,SE,,,,,,2017,primary,1.0,7.656
SAMEA14105503,PRJEB51353,SAMEA14105503,,adult,,,SE,,,,,,2018,primary,1.0,7.017
SAMEA14105504,PRJEB51353,SAMEA14105504,,adult,,,SE,,,,,,2017,primary,1.0,7.123
SAMEA14105505,PRJEB51353,SAMEA14105505,,adult,,,SE,,,,,,2017,primary,1.0,6.552
SAMEA14105506,PRJEB51353,SAMEA14105506,,adult,,,SE,,,,,,2017,primary,1.0,6.751
SAMEA14105507,PRJEB51353,SAMEA14105507,,adult,,,SE,,,,,,2017,primary,1.0,8.469
SAMEA14105508,PRJEB51353,SAMEA14105508,,adult,,,SE,,,,,,2018,primary,1.0,6.995
SAMEA14105509,PRJEB51353,SAMEA14105509,,adult,,,SE,,,,,,2016,primary,1.0,7.204
SAMEA14105510,PRJEB51353,SAMEA14105510,,adult,,,SE,,,,,,2016,primary,1.0,6.141
SAMEA14105511,PRJEB51353,SAMEA14105511,,adult,,,SE,,,,,,2017,primary,1.0,6.981
SAMEA14105512,PRJEB51353,SAMEA14105512,,adult,,,SE,,,,,,2017,primary,1.0,8.387
SAMEA14105513,PRJEB51353,SAMEA14105513,,adult,,,SE,,,,,,2018,primary,1.0,6.449
SAMEA14105514,PRJEB51353,SAMEA14105514,,adult,,,SE,,,,,,2015,primary,1.0,7.426
SAMEA14105515,PRJEB51353,SAMEA14105515,,adult,,,SE,,,,,,2016,primary,1.0,7.436
SAMEA14105516,PRJEB51353,SAMEA14105516,,adult,,,SE,,,,,,2018,primary,1.0,7.404
SAMEA14105517,PRJEB51353,SAMEA14105517,,adult,,,SE,,,,,,2018,primary,1.0,6.964
SAMEA14105518,PRJEB51353,SAMEA14105518,,adult,,,SE,,,,,,2017,primary,1.0,8.356
SAMEA14105519,PRJEB51353,SAMEA14105519,,adult,,,SE,,,,,,2017,primary,1.0,7.151
SAMEA14105520,PRJEB51353,SAMEA14105520,,adult,,,SE,,,,,,2018,primary,1.0,7.088
SAMEA14105521,PRJEB51353,SAMEA14105521,,adult,,,SE,,,,,,2018,primary,1.0,6.458
SAMEA14105522,PRJEB51353,SAMEA14105522,,adult,,,SE,,,,,,2016,primary,1.0,6.6
SAMEA14105523,PRJEB51353,SAMEA14105523,,adult,,,SE,,,,,,2018,primary,1.0,6.33
SAMEA14105524,PRJEB51353,SAMEA14105524,,adult,,,SE,,,,,,2016,primary,1.0,7.919
SAMEA14105525,PRJEB51353,SAMEA14105525,,adult,,,SE,,,,,,2018,primary,1.0,6.939
SAMEA14105526,PRJEB51353,SAMEA14105526,,adult,,,SE,,,,,,2017,primary,1.0,8.279
SAMEA14105527,PRJEB51353,SAMEA14105527,,adult,,,SE,,,,,,2016,primary,1.0,6.759
SAMEA14105528,PRJEB51353,SAMEA14105528,,adult,,,SE,,,,,,2017,primary,1.0,7.054
SAMEA14105529,PRJEB51353,SAMEA14105529,,adult,,,SE,,,,,,2016,primary,1.0,7.846
SAMEA14105530,PRJEB51353,SAMEA14105530,,adult,,,SE,,,,,,2017,primary,1.0,7.442
SAMEA14105531,PRJEB51353,SAMEA14105531,,adult,,,SE,,,,,,2018,primary,1.0,7.672
SAMEA14105532,PRJEB51353,SAMEA14105532,,adult,,,SE,,,,,,2018,primary,1.0,7.068
SAMEA14105533,PRJEB51353,SAMEA14105533,,adult,,,SE,,,,,,2016,primary,1.0,7.576
SAMEA14105534,PRJEB51353,SAMEA14105534,,adult,,,SE,,,,,,2018,primary,1.0,7.56
SAMEA14105535,PRJEB51353,SAMEA14105535,,adult,,,SE,,,,,,2016,primary,1.0,8.775
SAMEA14105536,PRJEB51353,SAMEA14105536,,adult,,,SE,,,,,,2016,primary,1.0,7.107
SAMEA14105537,PRJEB51353,SAMEA14105537,,adult,,,SE,,,,,,2016,primary,1.0,9.967
SAMEA14105538,PRJEB51353,SAMEA14105538,,adult,,,SE,,,,,,2017,primary,1.0,6.939
SAMEA14105539,PRJEB51353,SAMEA14105539,,adult,,,SE,,,,,,2017,primary,1.0,10.193
SAMEA14105540,PRJEB51353,SAMEA14105540,,adult,,,SE,,,,,,2017,primary,1.0,9.125
SAMEA14105541,PRJEB51353,SAMEA14105541,,adult,,,SE,,,,,,2018,primary,1.0,7.841
SAMEA14105542,PRJEB51353,SAMEA14105542,,adult,,,SE,,,,,,2017,primary,1.0,6.956
SAMEA14105543,PRJEB51353,SAMEA14105543,,adult,,,SE,,,,,,2018,primary,1.0,6.085
SAMEA14105544,PRJEB51353,SAMEA14105544,,adult,,,SE,,,,,,2017,primary,1.0,6.858
SAMEA14105545,PRJEB51353,SAMEA14105545,,adult,,,SE,,,,,,2016,primary,1.0,8.149
SAMEA14105546,PRJEB51353,SAMEA14105546,,adult,,,SE,,,,,,2017,primary,1.0,6.871
SAMEA14105547,PRJEB51353,SAMEA14105547,,adult,,,SE,,,,,,2018,primary,1.0,7.242
SAMEA14105548,PRJEB51353,SAMEA14105548,,adult,,,SE,,,,,,2016,primary,1.0,12.402
SAMEA14105549,PRJEB51353,SAMEA14105549,,adult,,,SE,,,,,,2018,primary,1.0,8.128
SAMEA14105550,PRJEB51353,SAMEA14105550,,adult,,,SE,,,,,,2016,primary,1.0,8.408
SAMEA14105551,PRJEB51353,SAMEA14105551,,adult,,,SE,,,,,,2018,primary,1.0,7.13
SAMEA14105552,PRJEB51353,SAMEA14105552,,adult,,,SE,,,,,,2017,primary,1.0,6.399
SAMEA14105553,PRJEB51353,SAMEA14105553,,adult,,,SE,,,,,,2017,primary,1.0,7.442
SAMEA14105554,PRJEB51353,SAMEA14105554,,adult,,,SE,,,,,,2018,primary,1.0,6.561
SAMEA14105555,PRJEB51353,SAMEA14105555,,adult,,,SE,,,,,,2016,primary,1.0,7.554
SAMEA14105556,PRJEB51353,SAMEA14105556,,adult,,,SE,,,,,,2017,primary,1.0,6.992
SAMEA14105557,PRJEB51353,SAMEA14105557,,adult,,,SE,,,,,,2016,primary,1.0,10.694
SAMEA14105558,PRJEB51353,SAMEA14105558,,adult,,,SE,,,,,,2018,primary,1.0,7.188
SAMEA14105559,PRJEB51353,SAMEA14105559,,adult,,,SE,,,,,,2016,primary,1.0,8.818
SAMEA14105560,PRJEB51353,SAMEA14105560,,adult,,,SE,,,,,,2018,primary,1.0,8.438
SAMEA14105561,PRJEB51353,SAMEA14105561,,adult,,,SE,,,,,,2016,primary,1.0,8.657
SAMEA14105562,PRJEB51353,SAMEA14105562,,adult,,,SE,,,,,,2017,primary,1.0,7.229
SAMEA14105563,PRJEB51353,SAMEA14105563,,adult,,,SE,,,,,,2018,primary,1.0,6.437
SAMEA14105564,PRJEB51353,SAMEA14105564,,adult,,,SE,,,,,,2016,primary,1.0,8.973
SAMEA14105565,PRJEB51353,SAMEA14105565,,adult,,,SE,,,,,,2016,primary,1.0,7.796
SAMEA14105566,PRJEB51353,SAMEA14105566,,adult,,,SE,,,,,,2017,primary,1.0,7.095
SAMEA14105567,PRJEB51353,SAMEA14105567,,adult,,,SE,,,,,,2018,primary,1.0,6.76
SAMEA14105568,PRJEB51353,SAMEA14105568,,adult,,,SE,,,,,,2017,primary,1.0,7.167
SAMEA14105569,PRJEB51353,SAMEA14105569,,adult,,,SE,,,,,,2016,primary,1.0,8.997
SAMEA14105570,PRJEB51353,SAMEA14105570,,adult,,,SE,,,,,,2017,primary,1.0,6.564
SAMEA14105571,PRJEB51353,SAMEA14105571,,adult,,,SE,,,,,,2018,primary,1.0,7.049
