sample_key,study_accession,subject_id,timepoint_label,age_category,age_at_collection_days,sex,country,health_condition,health_condition_detail,intervention,intervention_detail,antibiotic_exposure,collection_date,body_site_class,n_runs,seq_gbp
SAMEA117509153,PRJEB83552,200381,,infant,96.0,male,BD,,,,,,2022-01/2022-04,primary,1.0,1.698
SAMEA117508672,PRJEB83552,200651,,infant,47.0,female,BD,,,,,,2022-01/2022-04,primary,1.0,2.317
SAMEA117509009,PRJEB83552,200651,,neonate,28.0,female,BD,,,,,,2022-01/2022-04,primary,1.0,1.584
SAMEA117558713,PRJEB83552,200651,,infant,91.0,female,BD,,,,,,2022-01/2022-04,primary,1.0,7.375
SAMEA117508718,PRJEB83552,200830,,neonate,4.0,female,BD,,,,,,2022-01/2022-04,primary,1.0,2.211
SAMEA117508801,PRJEB83552,200830,,infant,56.0,female,BD,,,,,,2022-01/2022-04,primary,1.0,0.644
SAMEA117509139,PRJEB83552,200831,,infant,42.0,male,BD,,,,,,2022-01/2022-04,primary,1.0,2.054
SAMEA117511348,PRJEB83552,200831,,neonate,28.0,male,BD,,,,,,2022-01/2022-04,primary,1.0,2.611
SAMEA117511395,PRJEB83552,200831,,infant,90.0,male,BD,,,,,,2022-01/2022-04,primary,1.0,2.779
SAMEA117511787,PRJEB83552,200831,,neonate,6.0,male,BD,,,,,,2022-01/2022-04,primary,1.0,4.054
SAMEA117511797,PRJEB83552,200831,,neonate,14.0,male,BD,,,,,,2022-01/2022-04,primary,1.0,0.934
SAMEA117511866,PRJEB83552,200831,,infant,61.0,male,BD,,,,,,2022-01/2022-04,primary,1.0,0.775
SAMEA117511907,PRJEB83552,200831,,infant,185.0,male,BD,,,,,,2022-01/2022-04,primary,1.0,0.778
SAMEA117508537,PRJEB83552,200910,,neonate,6.0,female,BD,,,,,,2022-01/2022-04,primary,1.0,1.574
SAMEA117511143,PRJEB83552,200911,,neonate,4.0,female,BD,,,,,,2022-01/2022-04,primary,1.0,2.157
SAMEA117511230,PRJEB83552,200911,,infant,30.0,female,BD,,,,,,2022-01/2022-04,primary,1.0,2.494
SAMEA117511768,PRJEB83552,200911,,infant,60.0,female,BD,,,,,,2022-01/2022-04,primary,1.0,0.226
SAMEA117511929,PRJEB83552,200911,,infant,108.0,female,BD,,,,,,2022-01/2022-04,primary,1.0,3.004
SAMEA117509028,PRJEB83552,200921,,neonate,7.0,female,BD,,,,,,2022-01/2022-04,primary,1.0,2.779
SAMEA117511200,PRJEB83552,200921,,neonate,2.0,female,BD,,,,,,2022-01/2022-04,primary,1.0,2.481
SAMEA117511299,PRJEB83552,200921,,infant,35.0,female,BD,,,,,,2022-01/2022-04,primary,1.0,2.224
SAMEA117511655,PRJEB83552,200921,,neonate,14.0,female,BD,,,,,,2022-01/2022-04,primary,1.0,1.181
SAMEA117511821,PRJEB83552,200921,,infant,65.0,female,BD,,,,,,2022-01/2022-04,primary,1.0,0.005
SAMEA117511872,PRJEB83552,200921,,infant,95.0,female,BD,,,,,,2022-01/2022-04,primary,1.0,2.008
SAMEA117558799,PRJEB83552,200921,,infant,181.0,female,BD,,,,,,2022-01/2022-04,primary,1.0,0.433
SAMEA117508464,PRJEB83552,200941,,neonate,14.0,male,BD,,,,,,2022-01/2022-04,primary,1.0,3.427
SAMEA117508883,PRJEB83552,200941,,neonate,28.0,male,BD,,,,,,2022-01/2022-04,primary,1.0,1.615
SAMEA117508914,PRJEB83552,200941,,infant,48.0,male,BD,,,,,,2022-01/2022-04,primary,1.0,2.134
SAMEA117508916,PRJEB83552,200941,,infant,64.0,male,BD,,,,,,2022-01/2022-04,primary,1.0,1.216
SAMEA117509091,PRJEB83552,200941,,infant,90.0,male,BD,,,,,,2022-01/2022-04,primary,1.0,1.159
SAMEA117508723,PRJEB83552,200951,,infant,90.0,male,BD,,,,,,2022-01/2022-04,primary,1.0,2.563
SAMEA117508873,PRJEB83552,200951,,neonate,5.0,male,BD,,,,,,2022-01/2022-04,primary,1.0,2.556
SAMEA117508906,PRJEB83552,200951,,infant,42.0,male,BD,,,,,,2022-01/2022-04,primary,1.0,1.728
SAMEA117508918,PRJEB83552,200951,,infant,60.0,male,BD,,,,,,2022-01/2022-04,primary,1.0,2.312
SAMEA117558782,PRJEB83552,200951,,infant,180.0,male,BD,,,,,,2022-01/2022-04,primary,1.0,0.154
SAMEA117508535,PRJEB83552,200960,,neonate,3.0,female,BD,,,,,,2022-01/2022-04,primary,1.0,2.197
SAMEA117508549,PRJEB83552,200960,,neonate,28.0,female,BD,,,,,,2022-01/2022-04,primary,1.0,1.978
SAMEA117511135,PRJEB83552,200961,,neonate,15.0,male,BD,,,,,,2022-01/2022-04,primary,1.0,2.338
SAMEA117511192,PRJEB83552,200961,,neonate,28.0,male,BD,,,,,,2022-01/2022-04,primary,1.0,3.137
SAMEA117511286,PRJEB83552,200961,,infant,60.0,male,BD,,,,,,2022-01/2022-04,primary,1.0,1.649
SAMEA117511423,PRJEB83552,200961,,infant,180.0,male,BD,,,,,,2022-01/2022-04,primary,1.0,2.991
SAMEA117511663,PRJEB83552,200961,,neonate,7.0,male,BD,,,,,,2022-01/2022-04,primary,1.0,0.249
SAMEA117511793,PRJEB83552,200961,,infant,95.0,male,BD,,,,,,2022-01/2022-04,primary,1.0,0.173
SAMEA117508784,PRJEB83552,201011,,infant,67.0,female,BD,,,,,,2022-01/2022-04,primary,1.0,2.579
SAMEA117508937,PRJEB83552,201011,,neonate,10.0,female,BD,,,,,,2022-01/2022-04,primary,1.0,1.988
SAMEA117508981,PRJEB83552,201011,,neonate,4.0,female,BD,,,,,,2022-01/2022-04,primary,1.0,1.981
SAMEA117509215,PRJEB83552,201011,,infant,182.0,female,BD,,,,,,2022-01/2022-04,primary,1.0,2.25
SAMEA117509004,PRJEB83552,201021,,neonate,28.0,male,BD,,,,,,2022-01/2022-04,primary,1.0,1.634
SAMEA117508467,PRJEB83552,201071,,infant,42.0,female,BD,,,,,,2022-01/2022-04,primary,1.0,0.307
SAMEA117509102,PRJEB83552,201071,,infant,94.0,female,BD,,,,,,2022-01/2022-04,primary,1.0,1.477
SAMEA117508489,PRJEB83552,201110,,neonate,7.0,female,BD,,,,,,2022-01/2022-04,primary,1.0,2.325
SAMEA117511261,PRJEB83552,201111,,infant,61.0,female,BD,,,,,,2022-01/2022-04,primary,1.0,2.249
SAMEA117511357,PRJEB83552,201111,,infant,110.0,female,BD,,,,,,2022-01/2022-04,primary,1.0,2.321
SAMEA117511638,PRJEB83552,201111,,neonate,1.0,female,BD,,,,,,2022-01/2022-04,primary,1.0,0.071
SAMEA117511650,PRJEB83552,201111,,neonate,15.0,female,BD,,,,,,2022-01/2022-04,primary,1.0,1.421
SAMEA117511698,PRJEB83552,201111,,neonate,28.0,female,BD,,,,,,2022-01/2022-04,primary,1.0,0.554
SAMEA117558753,PRJEB83552,201111,,infant,180.0,female,BD,,,,,,2022-01/2022-04,primary,1.0,3.292
SAMEA117508556,PRJEB83552,201171,,infant,42.0,male,BD,,,,,,2022-01/2022-04,primary,1.0,2.391
SAMEA117509024,PRJEB83552,201171,,infant,60.0,male,BD,,,,,,2022-01/2022-04,primary,1.0,2.712
SAMEA117508929,PRJEB83552,201301,,infant,60.0,male,BD,,,,,,2022-01/2022-04,primary,1.0,1.736
SAMEA117509094,PRJEB83552,201301,,neonate,14.0,male,BD,,,,,,2022-01/2022-04,primary,1.0,3.786
SAMEA117509097,PRJEB83552,201301,,neonate,5.0,male,BD,,,,,,2022-01/2022-04,primary,1.0,3.607
SAMEA117558584,PRJEB83552,201301,,infant,98.0,male,BD,,,,,,2022-01/2022-04,primary,1.0,0.433
SAMEA117558810,PRJEB83552,201301,,infant,180.0,male,BD,,,,,,2022-01/2022-04,primary,1.0,0.351
SAMEA117508594,PRJEB83552,201310,,neonate,2.0,female,BD,,,,,,2022-01/2022-04,primary,1.0,2.226
SAMEA117508756,PRJEB83552,201310,,infant,74.0,female,BD,,,,,,2022-01/2022-04,primary,1.0,2.849
SAMEA117508689,PRJEB83552,201311,,infant,42.0,male,BD,,,,,,2022-01/2022-04,primary,1.0,2.558
SAMEA117508898,PRJEB83552,201311,,neonate,10.0,male,BD,,,,,,2022-01/2022-04,primary,1.0,1.86
SAMEA117511139,PRJEB83552,201311,,neonate,2.0,male,BD,,,,,,2022-01/2022-04,primary,1.0,0.034
SAMEA117511253,PRJEB83552,201311,,neonate,28.0,male,BD,,,,,,2022-01/2022-04,primary,1.0,2.449
SAMEA117511349,PRJEB83552,201311,,infant,73.0,male,BD,,,,,,2022-01/2022-04,primary,1.0,2.093
SAMEA117511449,PRJEB83552,201311,,infant,184.0,male,BD,,,,,,2022-01/2022-04,primary,1.0,1.874
SAMEA117511733,PRJEB83552,201311,,neonate,15.0,male,BD,,,,,,2022-01/2022-04,primary,1.0,2.906
SAMEA117511853,PRJEB83552,201311,,infant,90.0,male,BD,,,,,,2022-01/2022-04,primary,1.0,0.889
SAMEA117508803,PRJEB83552,201350,,infant,60.0,female,BD,,,,,,2022-01/2022-04,primary,1.0,2.038
SAMEA117508795,PRJEB83552,201351,,infant,42.0,female,BD,,,,,,2022-01/2022-04,primary,1.0,2.8
SAMEA117511330,PRJEB83552,201351,,neonate,18.0,female,BD,,,,,,2022-01/2022-04,primary,1.0,2.538
SAMEA117511360,PRJEB83552,201351,,infant,29.0,female,BD,,,,,,2022-01/2022-04,primary,1.0,1.92
SAMEA117511375,PRJEB83552,201351,,infant,60.0,female,BD,,,,,,2022-01/2022-04,primary,1.0,2.276
SAMEA117511415,PRJEB83552,201351,,infant,98.0,female,BD,,,,,,2022-01/2022-04,primary,1.0,2.495
SAMEA117558670,PRJEB83552,201351,,neonate,6.0,female,BD,,,,,,2022-01/2022-04,primary,1.0,4.721
SAMEA117558807,PRJEB83552,201351,,infant,195.0,female,BD,,,,,,2022-01/2022-04,primary,1.0,0.764
SAMEA117508712,PRJEB83552,201381,,infant,42.0,female,BD,,,,,,2022-01/2022-04,primary,1.0,2.444
SAMEA117508958,PRJEB83552,201381,,neonate,6.0,female,BD,,,,,,2022-01/2022-04,primary,1.0,1.551
SAMEA117509045,PRJEB83552,201381,,neonate,14.0,female,BD,,,,,,2022-01/2022-04,primary,1.0,1.636
SAMEA117508633,PRJEB83552,201391,,neonate,28.0,female,BD,,,,,,2022-01/2022-04,primary,1.0,2.131
SAMEA117508662,PRJEB83552,201391,,infant,42.0,female,BD,,,,,,2022-01/2022-04,primary,1.0,2.295
SAMEA117509005,PRJEB83552,201391,,neonate,16.0,female,BD,,,,,,2022-01/2022-04,primary,1.0,1.205
SAMEA117508563,PRJEB83552,201401,,neonate,10.0,female,BD,,,,,,2022-01/2022-04,primary,1.0,1.871
SAMEA117558534,PRJEB83552,201401,,neonate,1.0,female,BD,,,,,,2022-01/2022-04,primary,1.0,0.005
SAMEA117508490,PRJEB83552,201440,,neonate,3.0,female,BD,,,,,,2022-01/2022-04,primary,1.0,2.703
SAMEA117508543,PRJEB83552,201440,,neonate,14.0,female,BD,,,,,,2022-01/2022-04,primary,1.0,2.291
SAMEA117508999,PRJEB83552,201441,,infant,42.0,female,BD,,,,,,2022-01/2022-04,primary,1.0,1.836
SAMEA117511231,PRJEB83552,201441,,infant,35.0,female,BD,,,,,,2022-01/2022-04,primary,1.0,2.136
SAMEA117511379,PRJEB83552,201441,,infant,114.0,female,BD,,,,,,2022-01/2022-04,primary,1.0,1.695
SAMEA117511467,PRJEB83552,201441,,infant,61.0,female,BD,,,,,,2022-01/2022-04,primary,1.0,1.532
SAMEA117511651,PRJEB83552,201441,,neonate,3.0,female,BD,,,,,,2022-01/2022-04,primary,1.0,4.119
SAMEA117511701,PRJEB83552,201441,,neonate,18.0,female,BD,,,,,,2022-01/2022-04,primary,1.0,4.672
SAMEA117558529,PRJEB83552,201441,,neonate,5.0,female,BD,,,,,,2022-01/2022-04,primary,1.0,0.216
SAMEA117508805,PRJEB83552,201481,,neonate,1.0,male,BD,,,,,,2022-01/2022-04,primary,1.0,0.01
SAMEA117508928,PRJEB83552,201481,,neonate,28.0,male,BD,,,,,,2022-01/2022-04,primary,1.0,1.764
SAMEA117509098,PRJEB83552,201481,,infant,42.0,male,BD,,,,,,2022-01/2022-04,primary,1.0,1.454
SAMEA117509146,PRJEB83552,201481,,infant,74.0,male,BD,,,,,,2022-01/2022-04,primary,1.0,1.027
SAMEA117509209,PRJEB83552,201481,,infant,183.0,male,BD,,,,,,2022-01/2022-04,primary,1.0,1.12
SAMEA117558721,PRJEB83552,201481,,infant,90.0,male,BD,,,,,,2022-01/2022-04,primary,1.0,3.732
SAMEA117508867,PRJEB83552,201531,,neonate,0.0,male,BD,,,,,,2022-01/2022-04,primary,1.0,1.13
SAMEA117508874,PRJEB83552,201531,,neonate,28.0,male,BD,,,,,,2022-01/2022-04,primary,1.0,1.489
SAMEA117508884,PRJEB83552,201531,,infant,60.0,male,BD,,,,,,2022-01/2022-04,primary,1.0,1.918
SAMEA117509182,PRJEB83552,201531,,infant,194.0,male,BD,,,,,,2022-01/2022-04,primary,1.0,4.767
SAMEA117558548,PRJEB83552,201531,,infant,42.0,male,BD,,,,,,2022-01/2022-04,primary,1.0,0.612
SAMEA117508697,PRJEB83552,201550,,infant,36.0,female,BD,,,,,,2022-01/2022-04,primary,1.0,3.085
SAMEA117509069,PRJEB83552,201551,,infant,45.0,female,BD,,,,,,2022-01/2022-04,primary,1.0,2.232
SAMEA117511271,PRJEB83552,201551,,neonate,2.0,female,BD,,,,,,2022-01/2022-04,primary,1.0,1.037
SAMEA117511377,PRJEB83552,201551,,infant,64.0,female,BD,,,,,,2022-01/2022-04,primary,1.0,2.427
SAMEA117511382,PRJEB83552,201551,,infant,90.0,female,BD,,,,,,2022-01/2022-04,primary,1.0,1.807
SAMEA117511767,PRJEB83552,201551,,neonate,15.0,female,BD,,,,,,2022-01/2022-04,primary,1.0,0.866
SAMEA117511785,PRJEB83552,201551,,neonate,28.0,female,BD,,,,,,2022-01/2022-04,primary,1.0,2.947
SAMEA117558804,PRJEB83552,201551,,infant,181.0,female,BD,,,,,,2022-01/2022-04,primary,1.0,0.725
SAMEA117508559,PRJEB83552,201581,,neonate,2.0,female,BD,,,,,,2022-01/2022-04,primary,1.0,0.559
SAMEA117508566,PRJEB83552,201581,,neonate,6.0,female,BD,,,,,,2022-01/2022-04,primary,1.0,0.98
SAMEA117508648,PRJEB83552,201581,,infant,43.0,female,BD,,,,,,2022-01/2022-04,primary,1.0,2.341
SAMEA117508956,PRJEB83552,201581,,neonate,14.0,female,BD,,,,,,2022-01/2022-04,primary,1.0,2.421
SAMEA117508945,PRJEB83552,201591,,neonate,3.0,male,BD,,,,,,2022-01/2022-04,primary,1.0,2.277
SAMEA117508954,PRJEB83552,201591,,infant,29.0,male,BD,,,,,,2022-01/2022-04,primary,1.0,1.608
SAMEA117508973,PRJEB83552,201591,,neonate,10.0,male,BD,,,,,,2022-01/2022-04,primary,1.0,2.116
SAMEA117508499,PRJEB83552,201600,,neonate,4.0,female,BD,,,,,,2022-01/2022-04,primary,1.0,1.134
SAMEA117508579,PRJEB83552,201600,,neonate,10.0,female,BD,,,,,,2022-01/2022-04,primary,1.0,2.317
SAMEA117508969,PRJEB83552,201601,,neonate,8.0,male,BD,,,,,,2022-01/2022-04,primary,1.0,1.909
SAMEA117511692,PRJEB83552,201601,,neonate,2.0,male,BD,,,,,,2022-01/2022-04,primary,1.0,0.831
SAMEA117511729,PRJEB83552,201601,,neonate,17.0,male,BD,,,,,,2022-01/2022-04,primary,1.0,1.592
SAMEA117511739,PRJEB83552,201601,,neonate,27.0,male,BD,,,,,,2022-01/2022-04,primary,1.0,1.818
SAMEA117511774,PRJEB83552,201601,,infant,63.0,male,BD,,,,,,2022-01/2022-04,primary,1.0,0.002
SAMEA117511887,PRJEB83552,201601,,infant,197.0,male,BD,,,,,,2022-01/2022-04,primary,1.0,1.459
SAMEA117508587,PRJEB83552,201681,,neonate,6.0,male,BD,,,,,,2022-01/2022-04,primary,1.0,2.656
SAMEA117511196,PRJEB83552,201681,,neonate,1.0,male,BD,,,,,,2022-01/2022-04,primary,1.0,0.008
SAMEA117511391,PRJEB83552,201681,,infant,94.0,male,BD,,,,,,2022-01/2022-04,primary,1.0,2.185
SAMEA117511451,PRJEB83552,201681,,infant,183.0,male,BD,,,,,,2022-01/2022-04,primary,1.0,1.56
SAMEA117511760,PRJEB83552,201681,,infant,29.0,male,BD,,,,,,2022-01/2022-04,primary,1.0,1.141
SAMEA117558598,PRJEB83552,201681,,neonate,14.0,male,BD,,,,,,2022-01/2022-04,primary,1.0,0.801
SAMEA117558674,PRJEB83552,201681,,infant,61.0,male,BD,,,,,,2022-01/2022-04,primary,1.0,1.844
SAMEA117508496,PRJEB83552,201700,,neonate,6.0,female,BD,,,,,,2022-01/2022-04,primary,1.0,1.893
SAMEA117508683,PRJEB83552,201700,,infant,50.0,female,BD,,,,,,2022-01/2022-04,primary,1.0,2.217
SAMEA117508478,PRJEB83552,201701,,neonate,5.0,female,BD,,,,,,2022-01/2022-04,primary,1.0,1.101
SAMEA117509036,PRJEB83552,201701,,infant,42.0,female,BD,,,,,,2022-01/2022-04,primary,1.0,1.339
SAMEA117511154,PRJEB83552,201701,,neonate,2.0,female,BD,,,,,,2022-01/2022-04,primary,1.0,2.284
SAMEA117511219,PRJEB83552,201701,,infant,30.0,female,BD,,,,,,2022-01/2022-04,primary,1.0,2.903
SAMEA117511247,PRJEB83552,201701,,infant,90.0,female,BD,,,,,,2022-01/2022-04,primary,1.0,2.738
SAMEA117511432,PRJEB83552,201701,,infant,180.0,female,BD,,,,,,2022-01/2022-04,primary,1.0,1.287
SAMEA117511704,PRJEB83552,201701,,neonate,14.0,female,BD,,,,,,2022-01/2022-04,primary,1.0,2.564
SAMEA117558609,PRJEB83552,201701,,infant,60.0,female,BD,,,,,,2022-01/2022-04,primary,1.0,7.243
SAMEA117508507,PRJEB83552,201720,,neonate,3.0,female,BD,,,,,,2022-01/2022-04,primary,1.0,2.147
SAMEA117558544,PRJEB83552,201720,,infant,60.0,female,BD,,,,,,2022-01/2022-04,primary,1.0,0.451
SAMEA117511127,PRJEB83552,201721,,neonate,28.0,female,BD,,,,,,2022-01/2022-04,primary,1.0,2.592
SAMEA117511209,PRJEB83552,201721,,infant,60.0,female,BD,,,,,,2022-01/2022-04,primary,1.0,2.059
SAMEA117511671,PRJEB83552,201721,,neonate,14.0,female,BD,,,,,,2022-01/2022-04,primary,1.0,1.287
SAMEA117511673,PRJEB83552,201721,,neonate,4.0,female,BD,,,,,,2022-01/2022-04,primary,1.0,0.764
SAMEA117558508,PRJEB83552,201721,,infant,180.0,female,BD,,,,,,2022-01/2022-04,primary,1.0,4.983
SAMEA117558648,PRJEB83552,201721,,infant,91.0,female,BD,,,,,,2022-01/2022-04,primary,1.0,4.426
SAMEA117508747,PRJEB83552,201940,,infant,58.0,female,BD,,,,,,2022-01/2022-04,primary,1.0,2.443
SAMEA117508685,PRJEB83552,201941,,neonate,10.0,male,BD,,,,,,2022-01/2022-04,primary,1.0,0.847
SAMEA117511243,PRJEB83552,201941,,neonate,2.0,male,BD,,,,,,2022-01/2022-04,primary,1.0,2.889
SAMEA117511838,PRJEB83552,201941,,infant,60.0,male,BD,,,,,,2022-01/2022-04,primary,1.0,1.655
SAMEA117511876,PRJEB83552,201941,,infant,91.0,male,BD,,,,,,2022-01/2022-04,primary,1.0,7.074
SAMEA117558679,PRJEB83552,201941,,neonate,28.0,male,BD,,,,,,2022-01/2022-04,primary,1.0,2.072
SAMEA117558800,PRJEB83552,201941,,infant,181.0,male,BD,,,,,,2022-01/2022-04,primary,1.0,0.526
SAMEA117508710,PRJEB83552,201961,,neonate,28.0,male,BD,,,,,,2022-01/2022-04,primary,1.0,1.867
SAMEA117509016,PRJEB83552,201961,,neonate,11.0,male,BD,,,,,,2022-01/2022-04,primary,1.0,1.621
SAMEA117509204,PRJEB83552,201961,,infant,192.0,male,BD,,,,,,2022-01/2022-04,primary,1.0,1.944
SAMEA117508763,PRJEB83552,201970,,infant,56.0,female,BD,,,,,,2022-01/2022-04,primary,1.0,1.266
SAMEA117511292,PRJEB83552,201971,,neonate,28.0,female,BD,,,,,,2022-01/2022-04,primary,1.0,2.011
SAMEA117511378,PRJEB83552,201971,,infant,96.0,female,BD,,,,,,2022-01/2022-04,primary,1.0,3.085
SAMEA117511429,PRJEB83552,201971,,infant,180.0,female,BD,,,,,,2022-01/2022-04,primary,1.0,2.903
SAMEA117511738,PRJEB83552,201971,,neonate,3.0,female,BD,,,,,,2022-01/2022-04,primary,1.0,4.037
SAMEA117511748,PRJEB83552,201971,,neonate,15.0,female,BD,,,,,,2022-01/2022-04,primary,1.0,1.343
SAMEA117511807,PRJEB83552,201971,,infant,60.0,female,BD,,,,,,2022-01/2022-04,primary,1.0,2.686
SAMEA117508635,PRJEB83552,202050,,neonate,10.0,female,BD,,,,,,2022-01/2022-04,primary,1.0,2.214
SAMEA117509032,PRJEB83552,202051,,neonate,12.0,female,BD,,,,,,2022-01/2022-04,primary,1.0,1.717
SAMEA117511762,PRJEB83552,202051,,infant,30.0,female,BD,,,,,,2022-01/2022-04,primary,1.0,2.786
SAMEA117511868,PRJEB83552,202051,,infant,96.0,female,BD,,,,,,2022-01/2022-04,primary,1.0,1.638
SAMEA117511879,PRJEB83552,202051,,infant,181.0,female,BD,,,,,,2022-01/2022-04,primary,1.0,1.799
SAMEA117558597,PRJEB83552,202051,,neonate,15.0,female,BD,,,,,,2022-01/2022-04,primary,1.0,1.226
SAMEA117558698,PRJEB83552,202051,,infant,65.0,female,BD,,,,,,2022-01/2022-04,primary,1.0,4.904
SAMEA117508773,PRJEB83552,202071,,infant,40.0,female,BD,,,,,,2022-01/2022-04,primary,1.0,3.163
SAMEA117508627,PRJEB83552,202121,,neonate,6.0,male,BD,,,,,,2022-01/2022-04,primary,1.0,2.061
SAMEA117509071,PRJEB83552,202121,,neonate,28.0,male,BD,,,,,,2022-01/2022-04,primary,1.0,1.909
SAMEA117558708,PRJEB83552,202121,,infant,60.0,male,BD,,,,,,2022-01/2022-04,primary,1.0,1.466
SAMEA117509022,PRJEB83552,202141,,neonate,14.0,male,BD,,,,,,2022-01/2022-04,primary,1.0,1.925
SAMEA117509063,PRJEB83552,202141,,infant,29.0,male,BD,,,,,,2022-01/2022-04,primary,1.0,1.785
SAMEA117509193,PRJEB83552,202141,,infant,181.0,male,BD,,,,,,2022-01/2022-04,primary,1.0,1.688
SAMEA117558754,PRJEB83552,202141,,infant,90.0,male,BD,,,,,,2022-01/2022-04,primary,1.0,0.088
SAMEA117508778,PRJEB83552,202240,,infant,61.0,female,BD,,,,,,2022-01/2022-04,primary,1.0,2.45
SAMEA117511389,PRJEB83552,202241,,infant,61.0,female,BD,,,,,,2022-01/2022-04,primary,1.0,2.985
SAMEA117511417,PRJEB83552,202241,,infant,95.0,female,BD,,,,,,2022-01/2022-04,primary,1.0,1.417
SAMEA117511822,PRJEB83552,202241,,infant,29.0,female,BD,,,,,,2022-01/2022-04,primary,1.0,2.17
SAMEA117511909,PRJEB83552,202241,,infant,181.0,female,BD,,,,,,2022-01/2022-04,primary,1.0,2.466
SAMEA117558677,PRJEB83552,202241,,neonate,8.0,female,BD,,,,,,2022-01/2022-04,primary,1.0,5.82
SAMEA117558702,PRJEB83552,202241,,neonate,25.0,female,BD,,,,,,2022-01/2022-04,primary,1.0,0.54
SAMEA117508606,PRJEB83552,202291,,neonate,2.0,female,BD,,,,,,2022-01/2022-04,primary,1.0,1.817
SAMEA117509121,PRJEB83552,202291,,infant,49.0,female,BD,,,,,,2022-01/2022-04,primary,1.0,1.938
SAMEA117509130,PRJEB83552,202291,,infant,60.0,female,BD,,,,,,2022-01/2022-04,primary,1.0,1.564
SAMEA117508548,PRJEB83552,202340,,neonate,4.0,female,BD,,,,,,2022-01/2022-04,primary,1.0,2.089
SAMEA117508638,PRJEB83552,202340,,neonate,20.0,female,BD,,,,,,2022-01/2022-04,primary,1.0,2.123
SAMEA117511276,PRJEB83552,202341,,infant,31.0,male,BD,,,,,,2022-01/2022-04,primary,1.0,2.477
SAMEA117511339,PRJEB83552,202341,,infant,63.0,male,BD,,,,,,2022-01/2022-04,primary,1.0,2.729
SAMEA117511386,PRJEB83552,202341,,infant,92.0,male,BD,,,,,,2022-01/2022-04,primary,1.0,1.549
SAMEA117511448,PRJEB83552,202341,,infant,183.0,male,BD,,,,,,2022-01/2022-04,primary,1.0,1.164
SAMEA117511717,PRJEB83552,202341,,neonate,1.0,male,BD,,,,,,2022-01/2022-04,primary,1.0,1.189
SAMEA117511740,PRJEB83552,202341,,neonate,15.0,male,BD,,,,,,2022-01/2022-04,primary,1.0,1.643
SAMEA117508694,PRJEB83552,202490,,neonate,3.0,female,BD,,,,,,2022-01/2022-04,primary,1.0,2.119
SAMEA117508802,PRJEB83552,202490,,infant,61.0,female,BD,,,,,,2022-01/2022-04,primary,1.0,2.243
SAMEA117511288,PRJEB83552,202491,,neonate,2.0,male,BD,,,,,,2022-01/2022-04,primary,1.0,2.39
SAMEA117511404,PRJEB83552,202491,,infant,98.0,male,BD,,,,,,2022-01/2022-04,primary,1.0,1.504
SAMEA117511916,PRJEB83552,202491,,infant,190.0,male,BD,,,,,,2022-01/2022-04,primary,1.0,4.272
SAMEA117558680,PRJEB83552,202491,,neonate,14.0,male,BD,,,,,,2022-01/2022-04,primary,1.0,3.974
SAMEA117558704,PRJEB83552,202491,,infant,30.0,male,BD,,,,,,2022-01/2022-04,primary,1.0,2.995
SAMEA117558715,PRJEB83552,202491,,infant,61.0,male,BD,,,,,,2022-01/2022-04,primary,1.0,5.489
SAMEA117509104,PRJEB83552,202571,,infant,42.0,female,BD,,,,,,2022-01/2022-04,primary,1.0,2.277
SAMEA117511237,PRJEB83552,202571,,neonate,6.0,female,BD,,,,,,2022-01/2022-04,primary,1.0,1.987
SAMEA117511260,PRJEB83552,202571,,infant,30.0,female,BD,,,,,,2022-01/2022-04,primary,1.0,2.607
SAMEA117511857,PRJEB83552,202571,,infant,98.0,female,BD,,,,,,2022-01/2022-04,primary,1.0,0.476
SAMEA117511878,PRJEB83552,202571,,infant,182.0,female,BD,,,,,,2022-01/2022-04,primary,1.0,3.451
SAMEA117558596,PRJEB83552,202571,,neonate,14.0,female,BD,,,,,,2022-01/2022-04,primary,1.0,7.617
SAMEA117558667,PRJEB83552,202571,,infant,63.0,female,BD,,,,,,2022-01/2022-04,primary,1.0,5.906
SAMEA117508669,PRJEB83552,202611,,neonate,14.0,male,BD,,,,,,2022-01/2022-04,primary,1.0,2.139
SAMEA117509054,PRJEB83552,202611,,neonate,6.0,male,BD,,,,,,2022-01/2022-04,primary,1.0,1.142
SAMEA117509167,PRJEB83552,202611,,infant,96.0,male,BD,,,,,,2022-01/2022-04,primary,1.0,0.823
SAMEA117508610,PRJEB83552,202651,,infant,60.0,male,BD,,,,,,2022-01/2022-04,primary,1.0,2.623
SAMEA117508985,PRJEB83552,202651,,infant,42.0,male,BD,,,,,,2022-01/2022-04,primary,1.0,0.376
SAMEA117558787,PRJEB83552,202651,,infant,183.0,male,BD,,,,,,2022-01/2022-04,primary,1.0,0.558
SAMEA117508486,PRJEB83552,202660,,neonate,1.0,female,BD,,,,,,2022-01/2022-04,primary,1.0,1.918
SAMEA117508955,PRJEB83552,202661,,neonate,6.0,male,BD,,,,,,2022-01/2022-04,primary,1.0,1.858
SAMEA117511176,PRJEB83552,202661,,neonate,2.0,male,BD,,,,,,2022-01/2022-04,primary,1.0,2.48
SAMEA117511208,PRJEB83552,202661,,neonate,14.0,male,BD,,,,,,2022-01/2022-04,primary,1.0,1.616
SAMEA117511246,PRJEB83552,202661,,neonate,28.0,male,BD,,,,,,2022-01/2022-04,primary,1.0,2.838
SAMEA117511380,PRJEB83552,202661,,infant,100.0,male,BD,,,,,,2022-01/2022-04,primary,1.0,1.622
SAMEA117558638,PRJEB83552,202661,,infant,62.0,male,BD,,,,,,2022-01/2022-04,primary,1.0,6.429
SAMEA117509049,PRJEB83552,202671,,neonate,7.0,female,BD,,,,,,2022-01/2022-04,primary,1.0,1.97
SAMEA117509172,PRJEB83552,202671,,infant,99.0,female,BD,,,,,,2022-01/2022-04,primary,1.0,2.226
SAMEA117508893,PRJEB83552,202721,,neonate,0.0,female,BD,,,,,,2022-01/2022-04,primary,1.0,0.054
SAMEA117508649,PRJEB83552,202810,,neonate,2.0,female,BD,,,,,,2022-01/2022-04,primary,1.0,2.185
SAMEA117508768,PRJEB83552,202810,,infant,43.0,female,BD,,,,,,2022-01/2022-04,primary,1.0,1.298
SAMEA117511751,PRJEB83552,202811,,neonate,4.0,female,BD,,,,,,2022-01/2022-04,primary,1.0,3.472
SAMEA117511824,PRJEB83552,202811,,infant,62.0,female,BD,,,,,,2022-01/2022-04,primary,1.0,4.867
SAMEA117511874,PRJEB83552,202811,,infant,92.0,female,BD,,,,,,2022-01/2022-04,primary,1.0,0.576
SAMEA117558615,PRJEB83552,202811,,neonate,14.0,female,BD,,,,,,2022-01/2022-04,primary,1.0,0.736
SAMEA117558662,PRJEB83552,202811,,neonate,28.0,female,BD,,,,,,2022-01/2022-04,primary,1.0,3.962
SAMEA117558673,PRJEB83552,202811,,infant,43.0,female,BD,,,,,,2022-01/2022-04,primary,1.0,3.585
SAMEA117558793,PRJEB83552,202811,,infant,180.0,female,BD,,,,,,2022-01/2022-04,primary,1.0,0.545
SAMEA117508902,PRJEB83552,202871,,neonate,0.0,male,BD,,,,,,2022-01/2022-04,primary,1.0,0.017
SAMEA117508993,PRJEB83552,202871,,infant,35.0,male,BD,,,,,,2022-01/2022-04,primary,1.0,3.445
SAMEA117508500,PRJEB83552,203010,,neonate,5.0,female,BD,,,,,,2022-01/2022-04,primary,1.0,2.449
SAMEA117508653,PRJEB83552,203010,,infant,56.0,female,BD,,,,,,2022-01/2022-04,primary,1.0,2.238
SAMEA117511182,PRJEB83552,203011,,neonate,17.0,male,BD,,,,,,2022-01/2022-04,primary,1.0,2.404
SAMEA117511412,PRJEB83552,203011,,infant,188.0,male,BD,,,,,,2022-01/2022-04,primary,1.0,1.93
SAMEA117511649,PRJEB83552,203011,,neonate,3.0,male,BD,,,,,,2022-01/2022-04,primary,1.0,1.644
SAMEA117511662,PRJEB83552,203011,,neonate,11.0,male,BD,,,,,,2022-01/2022-04,primary,1.0,0.856
SAMEA117511723,PRJEB83552,203011,,neonate,28.0,male,BD,,,,,,2022-01/2022-04,primary,1.0,3.461
SAMEA117558665,PRJEB83552,203011,,infant,78.0,male,BD,,,,,,2022-01/2022-04,primary,1.0,4.673
SAMEA117509015,PRJEB83552,203221,,neonate,0.0,female,BD,,,,,,2022-01/2022-04,primary,1.0,1.091
SAMEA117558761,PRJEB83552,203221,,infant,90.0,female,BD,,,,,,2022-01/2022-04,primary,1.0,3.363
SAMEA117508877,PRJEB83552,203231,,neonate,28.0,female,BD,,,,,,2022-01/2022-04,primary,1.0,1.688
SAMEA117508977,PRJEB83552,203231,,infant,60.0,female,BD,,,,,,2022-01/2022-04,primary,1.0,1.494
SAMEA117509145,PRJEB83552,203231,,infant,180.0,female,BD,,,,,,2022-01/2022-04,primary,1.0,2.265
SAMEA117558510,PRJEB83552,203231,,infant,42.0,female,BD,,,,,,2022-01/2022-04,primary,1.0,0.61
SAMEA117508624,PRJEB83552,203281,,neonate,12.0,female,BD,,,,,,2022-01/2022-04,primary,1.0,2.418
SAMEA117508798,PRJEB83552,203281,,infant,95.0,female,BD,,,,,,2022-01/2022-04,primary,1.0,2.849
SAMEA117508995,PRJEB83552,203281,,neonate,3.0,female,BD,,,,,,2022-01/2022-04,primary,1.0,2.935
SAMEA117509026,PRJEB83552,203281,,neonate,15.0,female,BD,,,,,,2022-01/2022-04,primary,1.0,1.46
SAMEA117508715,PRJEB83552,203331,,neonate,14.0,male,BD,,,,,,2022-01/2022-04,primary,1.0,1.301
SAMEA117509046,PRJEB83552,203331,,neonate,7.0,male,BD,,,,,,2022-01/2022-04,primary,1.0,3.097
SAMEA117508620,PRJEB83552,203371,,neonate,7.0,female,BD,,,,,,2022-01/2022-04,primary,1.0,0.799
SAMEA117509199,PRJEB83552,203371,,infant,193.0,female,BD,,,,,,2022-01/2022-04,primary,1.0,2.145
SAMEA117508951,PRJEB83552,203471,,neonate,16.0,male,BD,,,,,,2022-01/2022-04,primary,1.0,2.73
SAMEA117508996,PRJEB83552,203471,,neonate,28.0,male,BD,,,,,,2022-01/2022-04,primary,1.0,3.434
SAMEA117508593,PRJEB83552,203600,,neonate,1.0,female,BD,,,,,,2022-01/2022-04,primary,1.0,2.478
SAMEA117511714,PRJEB83552,203601,,neonate,14.0,male,BD,,,,,,2022-01/2022-04,primary,1.0,0.448
SAMEA117511744,PRJEB83552,203601,,neonate,27.0,male,BD,,,,,,2022-01/2022-04,primary,1.0,2.848
SAMEA117511794,PRJEB83552,203601,,infant,65.0,male,BD,,,,,,2022-01/2022-04,primary,1.0,0.416
SAMEA117511896,PRJEB83552,203601,,infant,213.0,male,BD,,,,,,2022-01/2022-04,primary,1.0,0.768
SAMEA117558580,PRJEB83552,203601,,neonate,2.0,male,BD,,,,,,2022-01/2022-04,primary,1.0,0.162
SAMEA117508461,PRJEB83552,203661,,neonate,14.0,female,BD,,,,,,2022-01/2022-04,primary,1.0,2.612
SAMEA117508729,PRJEB83552,203661,,infant,90.0,female,BD,,,,,,2022-01/2022-04,primary,1.0,2.201
SAMEA117508930,PRJEB83552,203791,,neonate,2.0,female,BD,,,,,,2022-01/2022-04,primary,1.0,1.82
SAMEA117509090,PRJEB83552,203791,,neonate,28.0,female,BD,,,,,,2022-01/2022-04,primary,1.0,2.657
SAMEA117558739,PRJEB83552,203791,,infant,93.0,female,BD,,,,,,2022-01/2022-04,primary,1.0,2.539
SAMEA117508474,PRJEB83552,203860,,neonate,7.0,female,BD,,,,,,2022-01/2022-04,primary,1.0,1.876
SAMEA117508964,PRJEB83552,203861,,infant,42.0,male,BD,,,,,,2022-01/2022-04,primary,1.0,1.199
SAMEA117511303,PRJEB83552,203861,,infant,93.0,male,BD,,,,,,2022-01/2022-04,primary,1.0,2.395
SAMEA117511411,PRJEB83552,203861,,infant,180.0,male,BD,,,,,,2022-01/2022-04,primary,1.0,2.096
SAMEA117511644,PRJEB83552,203861,,neonate,3.0,male,BD,,,,,,2022-01/2022-04,primary,1.0,0.974
SAMEA117511660,PRJEB83552,203861,,neonate,28.0,male,BD,,,,,,2022-01/2022-04,primary,1.0,1.276
SAMEA117558518,PRJEB83552,203861,,neonate,20.0,male,BD,,,,,,2022-01/2022-04,primary,1.0,2.248
SAMEA117508580,PRJEB83552,203870,,neonate,3.0,female,BD,,,,,,2022-01/2022-04,primary,1.0,2.016
SAMEA117508744,PRJEB83552,203870,,infant,63.0,female,BD,,,,,,2022-01/2022-04,primary,1.0,2.146
SAMEA117508946,PRJEB83552,203871,,neonate,6.0,female,BD,,,,,,2022-01/2022-04,primary,1.0,1.824
SAMEA117511190,PRJEB83552,203871,,neonate,4.0,female,BD,,,,,,2022-01/2022-04,primary,1.0,2.004
SAMEA117511201,PRJEB83552,203871,,neonate,28.0,female,BD,,,,,,2022-01/2022-04,primary,1.0,2.339
SAMEA117511426,PRJEB83552,203871,,infant,182.0,female,BD,,,,,,2022-01/2022-04,primary,1.0,2.23
SAMEA117511814,PRJEB83552,203871,,infant,97.0,female,BD,,,,,,2022-01/2022-04,primary,1.0,1.203
SAMEA117558581,PRJEB83552,203871,,neonate,14.0,female,BD,,,,,,2022-01/2022-04,primary,1.0,6.598
SAMEA117558605,PRJEB83552,203871,,infant,49.0,female,BD,,,,,,2022-01/2022-04,primary,1.0,4.954
SAMEA117508495,PRJEB83552,203880,,neonate,7.0,female,BD,,,,,,2022-01/2022-04,primary,1.0,2.674
SAMEA117508670,PRJEB83552,203880,,infant,58.0,female,BD,,,,,,2022-01/2022-04,primary,1.0,2.015
SAMEA117508561,PRJEB83552,203881,,neonate,5.0,female,BD,,,,,,2022-01/2022-04,primary,1.0,1.681
SAMEA117509035,PRJEB83552,203881,,infant,43.0,female,BD,,,,,,2022-01/2022-04,primary,1.0,1.642
SAMEA117511172,PRJEB83552,203881,,neonate,3.0,female,BD,,,,,,2022-01/2022-04,primary,1.0,2.749
SAMEA117511198,PRJEB83552,203881,,neonate,15.0,female,BD,,,,,,2022-01/2022-04,primary,1.0,2.251
SAMEA117511235,PRJEB83552,203881,,neonate,28.0,female,BD,,,,,,2022-01/2022-04,primary,1.0,1.694
SAMEA117511431,PRJEB83552,203881,,infant,181.0,female,BD,,,,,,2022-01/2022-04,primary,1.0,0.138
SAMEA117511810,PRJEB83552,203881,,infant,90.0,female,BD,,,,,,2022-01/2022-04,primary,1.0,8.982
SAMEA117558641,PRJEB83552,203881,,infant,67.0,female,BD,,,,,,2022-01/2022-04,primary,1.0,5.012
SAMEA117508774,PRJEB83552,203890,,infant,66.0,female,BD,,,,,,2022-01/2022-04,primary,1.0,1.94
SAMEA117509076,PRJEB83552,203891,,infant,43.0,male,BD,,,,,,2022-01/2022-04,primary,1.0,1.618
SAMEA117511222,PRJEB83552,203891,,neonate,14.0,male,BD,,,,,,2022-01/2022-04,primary,1.0,2.581
SAMEA117511711,PRJEB83552,203891,,neonate,0.0,male,BD,,,,,,2022-01/2022-04,primary,1.0,2.771
SAMEA117511820,PRJEB83552,203891,,infant,69.0,male,BD,,,,,,2022-01/2022-04,primary,1.0,4.179
SAMEA117511832,PRJEB83552,203891,,infant,90.0,male,BD,,,,,,2022-01/2022-04,primary,1.0,2.544
SAMEA117511883,PRJEB83552,203891,,infant,182.0,male,BD,,,,,,2022-01/2022-04,primary,1.0,1.337
SAMEA117508603,PRJEB83552,203930,,neonate,2.0,female,BD,,,,,,2022-01/2022-04,primary,1.0,2.034
SAMEA117509001,PRJEB83552,203931,,neonate,10.0,male,BD,,,,,,2022-01/2022-04,primary,1.0,1.962
SAMEA117511242,PRJEB83552,203931,,neonate,14.0,male,BD,,,,,,2022-01/2022-04,primary,1.0,2.042
SAMEA117511708,PRJEB83552,203931,,neonate,2.0,male,BD,,,,,,2022-01/2022-04,primary,1.0,0.017
SAMEA117511825,PRJEB83552,203931,,infant,93.0,male,BD,,,,,,2022-01/2022-04,primary,1.0,4.708
SAMEA117511889,PRJEB83552,203931,,infant,193.0,male,BD,,,,,,2022-01/2022-04,primary,1.0,1.978
SAMEA117558599,PRJEB83552,203931,,infant,30.0,male,BD,,,,,,2022-01/2022-04,primary,1.0,4.872
SAMEA117558608,PRJEB83552,203931,,infant,43.0,male,BD,,,,,,2022-01/2022-04,primary,1.0,0.128
SAMEA117558668,PRJEB83552,203931,,infant,60.0,male,BD,,,,,,2022-01/2022-04,primary,1.0,7.475
SAMEA117508788,PRJEB83552,204220,,infant,56.0,female,BD,,,,,,2022-01/2022-04,primary,1.0,2.458
SAMEA117558556,PRJEB83552,204220,,neonate,5.0,female,BD,,,,,,2022-01/2022-04,primary,1.0,0.229
SAMEA117511318,PRJEB83552,204221,,neonate,14.0,female,BD,,,,,,2022-01/2022-04,primary,1.0,2.277
SAMEA117511374,PRJEB83552,204221,,neonate,28.0,female,BD,,,,,,2022-01/2022-04,primary,1.0,2.444
SAMEA117511672,PRJEB83552,204221,,neonate,2.0,female,BD,,,,,,2022-01/2022-04,primary,1.0,0.835
SAMEA117511840,PRJEB83552,204221,,infant,90.0,female,BD,,,,,,2022-01/2022-04,primary,1.0,2.174
SAMEA117511842,PRJEB83552,204221,,infant,60.0,female,BD,,,,,,2022-01/2022-04,primary,1.0,1.812
SAMEA117511926,PRJEB83552,204221,,infant,183.0,female,BD,,,,,,2022-01/2022-04,primary,1.0,5.533
SAMEA117508574,PRJEB83552,204381,,neonate,22.0,female,BD,,,,,,2022-01/2022-04,primary,1.0,2.411
SAMEA117508526,PRJEB83552,204411,,neonate,1.0,female,BD,,,,,,2022-01/2022-04,primary,1.0,0.045
SAMEA117508727,PRJEB83552,204411,,neonate,28.0,female,BD,,,,,,2022-01/2022-04,primary,1.0,2.583
SAMEA117508911,PRJEB83552,204411,,infant,42.0,female,BD,,,,,,2022-01/2022-04,primary,1.0,1.589
SAMEA117508974,PRJEB83552,204411,,neonate,5.0,female,BD,,,,,,2022-01/2022-04,primary,1.0,1.616
SAMEA117509147,PRJEB83552,204411,,infant,60.0,female,BD,,,,,,2022-01/2022-04,primary,1.0,3.498
SAMEA117509175,PRJEB83552,204411,,infant,106.0,female,BD,,,,,,2022-01/2022-04,primary,1.0,2.157
SAMEA117508749,PRJEB83552,204441,,infant,49.0,male,BD,,,,,,2022-01/2022-04,primary,1.0,2.232
SAMEA117509014,PRJEB83552,204441,,neonate,4.0,male,BD,,,,,,2022-01/2022-04,primary,1.0,1.89
SAMEA117509055,PRJEB83552,204441,,neonate,14.0,male,BD,,,,,,2022-01/2022-04,primary,1.0,2.678
SAMEA117509206,PRJEB83552,204441,,infant,188.0,male,BD,,,,,,2022-01/2022-04,primary,1.0,2.759
SAMEA117558571,PRJEB83552,204441,,neonate,5.0,male,BD,,,,,,2022-01/2022-04,primary,1.0,0.367
SAMEA117509041,PRJEB83552,204491,,neonate,13.0,female,BD,,,,,,2022-01/2022-04,primary,1.0,1.579
SAMEA117509118,PRJEB83552,204491,,infant,36.0,female,BD,,,,,,2022-01/2022-04,primary,1.0,2.468
SAMEA117508589,PRJEB83552,204581,,neonate,4.0,female,BD,,,,,,2022-01/2022-04,primary,1.0,2.149
SAMEA117508886,PRJEB83552,204581,,neonate,6.0,female,BD,,,,,,2022-01/2022-04,primary,1.0,3.13
SAMEA117509200,PRJEB83552,204581,,infant,201.0,female,BD,,,,,,2022-01/2022-04,primary,1.0,3.08
SAMEA117558563,PRJEB83552,204730,,neonate,6.0,female,BD,,,,,,2022-01/2022-04,primary,1.0,0.322
SAMEA117509025,PRJEB83552,204731,,infant,45.0,female,BD,,,,,,2022-01/2022-04,primary,1.0,2.502
SAMEA117511141,PRJEB83552,204731,,neonate,2.0,female,BD,,,,,,2022-01/2022-04,primary,1.0,0.209
SAMEA117511180,PRJEB83552,204731,,neonate,16.0,female,BD,,,,,,2022-01/2022-04,primary,1.0,1.781
SAMEA117511207,PRJEB83552,204731,,infant,29.0,female,BD,,,,,,2022-01/2022-04,primary,1.0,1.785
SAMEA117511430,PRJEB83552,204731,,infant,192.0,female,BD,,,,,,2022-01/2022-04,primary,1.0,1.219
SAMEA117558606,PRJEB83552,204731,,infant,60.0,female,BD,,,,,,2022-01/2022-04,primary,1.0,2.472
SAMEA117558696,PRJEB83552,204731,,infant,90.0,female,BD,,,,,,2022-01/2022-04,primary,1.0,4.02
SAMEA117509000,PRJEB83552,204751,,infant,29.0,male,BD,,,,,,2022-01/2022-04,primary,1.0,2.637
SAMEA117509056,PRJEB83552,204751,,infant,46.0,male,BD,,,,,,2022-01/2022-04,primary,1.0,1.978
SAMEA117509138,PRJEB83552,204751,,infant,105.0,male,BD,,,,,,2022-01/2022-04,primary,1.0,0.715
SAMEA117558631,PRJEB83552,204751,,infant,63.0,male,BD,,,,,,2022-01/2022-04,primary,1.0,0.079
SAMEA117508466,PRJEB83552,204880,,neonate,3.0,female,BD,,,,,,2022-01/2022-04,primary,1.0,2.739
SAMEA117508726,PRJEB83552,204880,,infant,60.0,female,BD,,,,,,2022-01/2022-04,primary,1.0,1.195
SAMEA117508983,PRJEB83552,204881,,infant,42.0,female,BD,,,,,,2022-01/2022-04,primary,1.0,1.839
SAMEA117511116,PRJEB83552,204881,,neonate,28.0,female,BD,,,,,,2022-01/2022-04,primary,1.0,2.114
SAMEA117511307,PRJEB83552,204881,,infant,60.0,female,BD,,,,,,2022-01/2022-04,primary,1.0,2.523
SAMEA117511674,PRJEB83552,204881,,neonate,4.0,female,BD,,,,,,2022-01/2022-04,primary,1.0,4.502
SAMEA117511917,PRJEB83552,204881,,infant,180.0,female,BD,,,,,,2022-01/2022-04,primary,1.0,1.666
SAMEA117558747,PRJEB83552,204881,,infant,90.0,female,BD,,,,,,2022-01/2022-04,primary,1.0,4.467
SAMEA117508743,PRJEB83552,204910,,neonate,5.0,female,BD,,,,,,2022-01/2022-04,primary,1.0,2.185
SAMEA117508800,PRJEB83552,204910,,infant,50.0,female,BD,,,,,,2022-01/2022-04,primary,1.0,2.468
SAMEA117508740,PRJEB83552,204911,,neonate,10.0,female,BD,,,,,,2022-01/2022-04,primary,1.0,2.351
SAMEA117511290,PRJEB83552,204911,,neonate,4.0,female,BD,,,,,,2022-01/2022-04,primary,1.0,2.314
SAMEA117511351,PRJEB83552,204911,,neonate,28.0,female,BD,,,,,,2022-01/2022-04,primary,1.0,2.605
SAMEA117511790,PRJEB83552,204911,,neonate,17.0,female,BD,,,,,,2022-01/2022-04,primary,1.0,4.523
SAMEA117511867,PRJEB83552,204911,,infant,60.0,female,BD,,,,,,2022-01/2022-04,primary,1.0,0.885
SAMEA117558762,PRJEB83552,204911,,infant,90.0,female,BD,,,,,,2022-01/2022-04,primary,1.0,4.952
SAMEA117558806,PRJEB83552,204911,,infant,195.0,female,BD,,,,,,2022-01/2022-04,primary,1.0,0.642
SAMEA117508698,PRJEB83552,204990,,neonate,6.0,female,BD,,,,,,2022-01/2022-04,primary,1.0,2.351
SAMEA117558695,PRJEB83552,204990,,infant,35.0,female,BD,,,,,,2022-01/2022-04,primary,1.0,0.344
SAMEA117511184,PRJEB83552,204991,,neonate,2.0,male,BD,,,,,,2022-01/2022-04,primary,1.0,1.037
SAMEA117511340,PRJEB83552,204991,,infant,29.0,male,BD,,,,,,2022-01/2022-04,primary,1.0,2.04
SAMEA117511910,PRJEB83552,204991,,infant,199.0,male,BD,,,,,,2022-01/2022-04,primary,1.0,3.775
SAMEA117558636,PRJEB83552,204991,,neonate,10.0,male,BD,,,,,,2022-01/2022-04,primary,1.0,1.064
SAMEA117558669,PRJEB83552,204991,,neonate,19.0,male,BD,,,,,,2022-01/2022-04,primary,1.0,2.745
SAMEA117558743,PRJEB83552,204991,,infant,91.0,male,BD,,,,,,2022-01/2022-04,primary,1.0,3.515
SAMEA117558756,PRJEB83552,204991,,infant,63.0,male,BD,,,,,,2022-01/2022-04,primary,1.0,2.881
SAMEA117508735,PRJEB83552,205000,,neonate,6.0,female,BD,,,,,,2022-01/2022-04,primary,1.0,2.298
SAMEA117508804,PRJEB83552,205000,,infant,51.0,female,BD,,,,,,2022-01/2022-04,primary,1.0,1.621
SAMEA117509114,PRJEB83552,205001,,neonate,10.0,male,BD,,,,,,2022-01/2022-04,primary,1.0,2.653
SAMEA117511418,PRJEB83552,205001,,infant,106.0,male,BD,,,,,,2022-01/2022-04,primary,1.0,2.491
SAMEA117511804,PRJEB83552,205001,,neonate,16.0,male,BD,,,,,,2022-01/2022-04,primary,1.0,1.238
SAMEA117511808,PRJEB83552,205001,,neonate,26.0,male,BD,,,,,,2022-01/2022-04,primary,1.0,0.93
SAMEA117511875,PRJEB83552,205001,,infant,66.0,male,BD,,,,,,2022-01/2022-04,primary,1.0,2.386
SAMEA117511894,PRJEB83552,205001,,infant,185.0,male,BD,,,,,,2022-01/2022-04,primary,1.0,1.784
SAMEA117558640,PRJEB83552,205001,,neonate,4.0,male,BD,,,,,,2022-01/2022-04,primary,1.0,5.501
SAMEA117508779,PRJEB83552,205021,,infant,63.0,female,BD,,,,,,2022-01/2022-04,primary,1.0,3.182
SAMEA117509062,PRJEB83552,205021,,neonate,14.0,female,BD,,,,,,2022-01/2022-04,primary,1.0,0.719
SAMEA117558689,PRJEB83552,205021,,infant,42.0,female,BD,,,,,,2022-01/2022-04,primary,1.0,0.217
SAMEA117558765,PRJEB83552,205021,,infant,90.0,female,BD,,,,,,2022-01/2022-04,primary,1.0,1.95
SAMEA117508573,PRJEB83552,205161,,neonate,28.0,female,BD,,,,,,2022-01/2022-04,primary,1.0,2.635
SAMEA117508677,PRJEB83552,205161,,infant,60.0,female,BD,,,,,,2022-01/2022-04,primary,1.0,2.626
SAMEA117509019,PRJEB83552,205161,,infant,42.0,female,BD,,,,,,2022-01/2022-04,primary,1.0,2.368
SAMEA117509115,PRJEB83552,205161,,infant,98.0,female,BD,,,,,,2022-01/2022-04,primary,1.0,1.602
SAMEA117558527,PRJEB83552,205161,,neonate,0.0,female,BD,,,,,,2022-01/2022-04,primary,1.0,0.001
SAMEA117558531,PRJEB83552,205161,,neonate,5.0,female,BD,,,,,,2022-01/2022-04,primary,1.0,1.522
SAMEA117511755,PRJEB83552,205381,,neonate,2.0,male,BD,,,,,,2022-01/2022-04,primary,1.0,0.02
SAMEA117511861,PRJEB83552,205381,,infant,62.0,male,BD,,,,,,2022-01/2022-04,primary,1.0,0.846
SAMEA117511905,PRJEB83552,205381,,infant,181.0,male,BD,,,,,,2022-01/2022-04,primary,1.0,3.184
SAMEA117558567,PRJEB83552,205381,,neonate,14.0,male,BD,,,,,,2022-01/2022-04,primary,1.0,1.184
SAMEA117558682,PRJEB83552,205381,,infant,30.0,male,BD,,,,,,2022-01/2022-04,primary,1.0,2.343
SAMEA117558703,PRJEB83552,205381,,infant,47.0,male,BD,,,,,,2022-01/2022-04,primary,1.0,2.615
SAMEA117508529,PRJEB83552,205391,,neonate,3.0,male,BD,,,,,,2022-01/2022-04,primary,1.0,0.213
SAMEA117558540,PRJEB83552,205391,,infant,60.0,male,BD,,,,,,2022-01/2022-04,primary,1.0,1.264
SAMEA117508475,PRJEB83552,205481,,neonate,0.0,female,BD,,,,,,2022-01/2022-04,primary,1.0,0.201
SAMEA117508611,PRJEB83552,205481,,neonate,14.0,female,BD,,,,,,2022-01/2022-04,primary,1.0,2.225
SAMEA117508959,PRJEB83552,205481,,neonate,5.0,female,BD,,,,,,2022-01/2022-04,primary,1.0,2.281
SAMEA117509164,PRJEB83552,205481,,infant,96.0,female,BD,,,,,,2022-01/2022-04,primary,1.0,1.741
SAMEA117508696,PRJEB83552,205510,,neonate,11.0,female,BD,,,,,,2022-01/2022-04,primary,1.0,2.624
SAMEA117511716,PRJEB83552,205511,,neonate,16.0,female,BD,,,,,,2022-01/2022-04,primary,1.0,3.153
SAMEA117511789,PRJEB83552,205511,,neonate,28.0,female,BD,,,,,,2022-01/2022-04,primary,1.0,1.797
SAMEA117511854,PRJEB83552,205511,,infant,60.0,female,BD,,,,,,2022-01/2022-04,primary,1.0,1.839
SAMEA117511902,PRJEB83552,205511,,infant,182.0,female,BD,,,,,,2022-01/2022-04,primary,1.0,3.97
SAMEA117558771,PRJEB83552,205511,,infant,94.0,female,BD,,,,,,2022-01/2022-04,primary,1.0,3.927
SAMEA117508645,PRJEB83552,205721,,infant,60.0,male,BD,,,,,,2022-01/2022-04,primary,1.0,1.98
SAMEA117508957,PRJEB83552,205721,,infant,44.0,male,BD,,,,,,2022-01/2022-04,primary,1.0,1.481
SAMEA117509105,PRJEB83552,205721,,infant,91.0,male,BD,,,,,,2022-01/2022-04,primary,1.0,1.684
SAMEA117508897,PRJEB83552,205981,,neonate,7.0,female,BD,,,,,,2022-01/2022-04,primary,1.0,0.599
SAMEA117509198,PRJEB83552,205981,,infant,187.0,female,BD,,,,,,2022-01/2022-04,primary,1.0,1.626
SAMEA117558760,PRJEB83552,205981,,infant,92.0,female,BD,,,,,,2022-01/2022-04,primary,1.0,3.143
SAMEA117508630,PRJEB83552,205991,,neonate,28.0,female,BD,,,,,,2022-01/2022-04,primary,1.0,2.48
SAMEA117508719,PRJEB83552,205991,,infant,60.0,female,BD,,,,,,2022-01/2022-04,primary,1.0,0.268
SAMEA117509188,PRJEB83552,205991,,infant,182.0,female,BD,,,,,,2022-01/2022-04,primary,1.0,2.397
SAMEA117508674,PRJEB83552,206131,,neonate,3.0,female,BD,,,,,,2022-01/2022-04,primary,1.0,3.647
SAMEA117508641,PRJEB83552,206271,,infant,64.0,female,BD,,,,,,2022-01/2022-04,primary,1.0,3.369
SAMEA117508990,PRJEB83552,206271,,infant,47.0,female,BD,,,,,,2022-01/2022-04,primary,1.0,1.518
SAMEA117558519,PRJEB83552,206271,,neonate,2.0,female,BD,,,,,,2022-01/2022-04,primary,1.0,0.198
SAMEA117558530,PRJEB83552,206271,,neonate,7.0,female,BD,,,,,,2022-01/2022-04,primary,1.0,1.586
SAMEA117508692,PRJEB83552,206300,,neonate,4.0,female,BD,,,,,,2022-01/2022-04,primary,1.0,1.872
SAMEA117508761,PRJEB83552,206300,,infant,35.0,female,BD,,,,,,2022-01/2022-04,primary,1.0,1.9
SAMEA117511293,PRJEB83552,206301,,neonate,2.0,female,BD,,,,,,2022-01/2022-04,primary,1.0,0.373
SAMEA117511341,PRJEB83552,206301,,neonate,27.0,female,BD,,,,,,2022-01/2022-04,primary,1.0,2.334
SAMEA117511458,PRJEB83552,206301,,infant,184.0,female,BD,,,,,,2022-01/2022-04,primary,1.0,1.255
SAMEA117558757,PRJEB83552,206301,,infant,61.0,female,BD,,,,,,2022-01/2022-04,primary,1.0,5.389
SAMEA117558779,PRJEB83552,206301,,infant,100.0,female,BD,,,,,,2022-01/2022-04,primary,1.0,1.47
SAMEA117558790,PRJEB83552,206301,,neonate,15.0,female,BD,,,,,,2022-01/2022-04,primary,1.0,0.607
SAMEA117508470,PRJEB83552,206370,,neonate,4.0,female,BD,,,,,,2022-01/2022-04,primary,1.0,2.056
SAMEA117558560,PRJEB83552,206370,,infant,49.0,female,BD,,,,,,2022-01/2022-04,primary,1.0,0.454
SAMEA117508907,PRJEB83552,206371,,neonate,10.0,female,BD,,,,,,2022-01/2022-04,primary,1.0,1.672
SAMEA117508931,PRJEB83552,206371,,infant,42.0,female,BD,,,,,,2022-01/2022-04,primary,1.0,2.391
SAMEA117511123,PRJEB83552,206371,,neonate,4.0,female,BD,,,,,,2022-01/2022-04,primary,1.0,2.099
SAMEA117511159,PRJEB83552,206371,,neonate,28.0,female,BD,,,,,,2022-01/2022-04,primary,1.0,2.924
SAMEA117511460,PRJEB83552,206371,,infant,183.0,female,BD,,,,,,2022-01/2022-04,primary,1.0,1.332
SAMEA117511676,PRJEB83552,206371,,neonate,16.0,female,BD,,,,,,2022-01/2022-04,primary,1.0,4.091
SAMEA117511843,PRJEB83552,206371,,infant,90.0,female,BD,,,,,,2022-01/2022-04,primary,1.0,5.297
SAMEA117508895,PRJEB83552,206591,,neonate,1.0,female,BD,,,,,,2022-01/2022-04,primary,1.0,1.78
SAMEA117509170,PRJEB83552,206591,,infant,91.0,female,BD,,,,,,2022-01/2022-04,primary,1.0,0.003
SAMEA117508652,PRJEB83552,206671,,neonate,11.0,female,BD,,,,,,2022-01/2022-04,primary,1.0,2.126
SAMEA117508755,PRJEB83552,206671,,infant,43.0,female,BD,,,,,,2022-01/2022-04,primary,1.0,2.525
SAMEA117509020,PRJEB83552,206671,,neonate,1.0,female,BD,,,,,,2022-01/2022-04,primary,1.0,0.041
SAMEA117508885,PRJEB83552,206681,,neonate,28.0,male,BD,,,,,,2022-01/2022-04,primary,1.0,2.569
SAMEA117508758,PRJEB83552,206770,,infant,63.0,female,BD,,,,,,2022-01/2022-04,primary,1.0,1.812
SAMEA117511289,PRJEB83552,206771,,infant,31.0,female,BD,,,,,,2022-01/2022-04,primary,1.0,1.796
SAMEA117511329,PRJEB83552,206771,,infant,47.0,female,BD,,,,,,2022-01/2022-04,primary,1.0,3.177
SAMEA117511745,PRJEB83552,206771,,neonate,5.0,female,BD,,,,,,2022-01/2022-04,primary,1.0,4.611
SAMEA117511759,PRJEB83552,206771,,neonate,14.0,female,BD,,,,,,2022-01/2022-04,primary,1.0,3.449
SAMEA117511858,PRJEB83552,206771,,infant,76.0,female,BD,,,,,,2022-01/2022-04,primary,1.0,1.789
SAMEA117508673,PRJEB83552,206921,,neonate,12.0,female,BD,,,,,,2022-01/2022-04,primary,1.0,3.401
SAMEA117509124,PRJEB83552,206921,,infant,61.0,female,BD,,,,,,2022-01/2022-04,primary,1.0,2.868
SAMEA117509203,PRJEB83552,206921,,infant,189.0,female,BD,,,,,,2022-01/2022-04,primary,1.0,2.015
SAMEA117508550,PRJEB83552,206950,,neonate,3.0,female,BD,,,,,,2022-01/2022-04,primary,1.0,1.774
SAMEA117509006,PRJEB83552,206951,,neonate,12.0,female,BD,,,,,,2022-01/2022-04,primary,1.0,2.439
SAMEA117511216,PRJEB83552,206951,,neonate,4.0,female,BD,,,,,,2022-01/2022-04,primary,1.0,2.992
SAMEA117511281,PRJEB83552,206951,,infant,32.0,female,BD,,,,,,2022-01/2022-04,primary,1.0,1.736
SAMEA117511447,PRJEB83552,206951,,infant,194.0,female,BD,,,,,,2022-01/2022-04,primary,1.0,2.139
SAMEA117511634,PRJEB83552,206951,,infant,92.0,female,BD,,,,,,2022-01/2022-04,primary,1.0,6.416
SAMEA117511709,PRJEB83552,206951,,neonate,14.0,female,BD,,,,,,2022-01/2022-04,primary,1.0,4.608
SAMEA117558642,PRJEB83552,206951,,infant,60.0,female,BD,,,,,,2022-01/2022-04,primary,1.0,1.902
SAMEA117508661,PRJEB83552,207011,,neonate,6.0,female,BD,,,,,,2022-01/2022-04,primary,1.0,2.876
SAMEA117508695,PRJEB83552,207011,,neonate,19.0,female,BD,,,,,,2022-01/2022-04,primary,1.0,2.328
SAMEA117508892,PRJEB83552,207011,,neonate,3.0,female,BD,,,,,,2022-01/2022-04,primary,1.0,2.984
SAMEA117508724,PRJEB83552,207081,,infant,92.0,female,BD,,,,,,2022-01/2022-04,primary,1.0,2.609
SAMEA117558778,PRJEB83552,207081,,infant,180.0,female,BD,,,,,,2022-01/2022-04,primary,1.0,1.993
SAMEA117508711,PRJEB83552,207200,,neonate,4.0,female,BD,,,,,,2022-01/2022-04,primary,1.0,1.904
SAMEA117508765,PRJEB83552,207200,,infant,53.0,female,BD,,,,,,2022-01/2022-04,primary,1.0,2.043
SAMEA117509137,PRJEB83552,207201,,infant,49.0,male,BD,,,,,,2022-01/2022-04,primary,1.0,2.585
SAMEA117511385,PRJEB83552,207201,,infant,60.0,male,BD,,,,,,2022-01/2022-04,primary,1.0,2.267
SAMEA117511393,PRJEB83552,207201,,infant,90.0,male,BD,,,,,,2022-01/2022-04,primary,1.0,1.802
SAMEA117511757,PRJEB83552,207201,,neonate,4.0,male,BD,,,,,,2022-01/2022-04,primary,1.0,0.153
SAMEA117511893,PRJEB83552,207201,,infant,184.0,male,BD,,,,,,2022-01/2022-04,primary,1.0,3.575
SAMEA117558630,PRJEB83552,207201,,neonate,14.0,male,BD,,,,,,2022-01/2022-04,primary,1.0,1.713
SAMEA117558692,PRJEB83552,207201,,neonate,28.0,male,BD,,,,,,2022-01/2022-04,primary,1.0,0.939
SAMEA117508678,PRJEB83552,207261,,neonate,3.0,male,BD,,,,,,2022-01/2022-04,primary,1.0,2.638
SAMEA117508721,PRJEB83552,207261,,neonate,14.0,male,BD,,,,,,2022-01/2022-04,primary,1.0,2.47
SAMEA117508794,PRJEB83552,207261,,infant,62.0,male,BD,,,,,,2022-01/2022-04,primary,1.0,2.25
SAMEA117509066,PRJEB83552,207261,,neonate,5.0,male,BD,,,,,,2022-01/2022-04,primary,1.0,2.04
SAMEA117509179,PRJEB83552,207261,,infant,108.0,male,BD,,,,,,2022-01/2022-04,primary,1.0,2.002
SAMEA117508700,PRJEB83552,207291,,neonate,13.0,female,BD,,,,,,2022-01/2022-04,primary,1.0,1.888
SAMEA117509113,PRJEB83552,207291,,neonate,26.0,female,BD,,,,,,2022-01/2022-04,primary,1.0,3.002
SAMEA117509159,PRJEB83552,207291,,infant,60.0,female,BD,,,,,,2022-01/2022-04,primary,1.0,2.616
SAMEA117508494,PRJEB83552,207300,,neonate,9.0,female,BD,,,,,,2022-01/2022-04,primary,1.0,3.221
SAMEA117508534,PRJEB83552,207300,,neonate,14.0,female,BD,,,,,,2022-01/2022-04,primary,1.0,1.997
SAMEA117511185,PRJEB83552,207301,,infant,55.0,male,BD,,,,,,2022-01/2022-04,primary,1.0,2.056
SAMEA117511346,PRJEB83552,207301,,infant,116.0,male,BD,,,,,,2022-01/2022-04,primary,1.0,1.443
SAMEA117511416,PRJEB83552,207301,,infant,181.0,male,BD,,,,,,2022-01/2022-04,primary,1.0,1.816
SAMEA117511636,PRJEB83552,207301,,neonate,14.0,male,BD,,,,,,2022-01/2022-04,primary,1.0,1.937
SAMEA117511647,PRJEB83552,207301,,neonate,3.0,male,BD,,,,,,2022-01/2022-04,primary,1.0,1.837
SAMEA117511697,PRJEB83552,207301,,neonate,28.0,male,BD,,,,,,2022-01/2022-04,primary,1.0,2.503
SAMEA117508484,PRJEB83552,207311,,neonate,0.0,female,BD,,,,,,2022-01/2022-04,primary,1.0,0.026
SAMEA117508617,PRJEB83552,207311,,neonate,28.0,female,BD,,,,,,2022-01/2022-04,primary,1.0,2.336
SAMEA117508949,PRJEB83552,207311,,neonate,10.0,female,BD,,,,,,2022-01/2022-04,primary,1.0,1.342
SAMEA117508971,PRJEB83552,207311,,neonate,14.0,female,BD,,,,,,2022-01/2022-04,primary,1.0,1.977
SAMEA117508991,PRJEB83552,207311,,infant,43.0,female,BD,,,,,,2022-01/2022-04,primary,1.0,2.369
SAMEA117558705,PRJEB83552,207311,,infant,90.0,female,BD,,,,,,2022-01/2022-04,primary,1.0,2.858
SAMEA117508738,PRJEB83552,207351,,neonate,14.0,male,BD,,,,,,2022-01/2022-04,primary,1.0,3.599
SAMEA117509079,PRJEB83552,207351,,neonate,3.0,male,BD,,,,,,2022-01/2022-04,primary,1.0,2.283
SAMEA117558699,PRJEB83552,207351,,neonate,28.0,male,BD,,,,,,2022-01/2022-04,primary,1.0,0.124
SAMEA117558763,PRJEB83552,207351,,infant,91.0,male,BD,,,,,,2022-01/2022-04,primary,1.0,4.099
SAMEA117508666,PRJEB83552,207441,,infant,42.0,male,BD,,,,,,2022-01/2022-04,primary,1.0,2.409
SAMEA117508688,PRJEB83552,207441,,neonate,5.0,male,BD,,,,,,2022-01/2022-04,primary,1.0,2.336
SAMEA117508717,PRJEB83552,207441,,neonate,28.0,male,BD,,,,,,2022-01/2022-04,primary,1.0,2.08
SAMEA117508660,PRJEB83552,207520,,neonate,2.0,female,BD,,,,,,2022-01/2022-04,primary,1.0,1.906
SAMEA117508680,PRJEB83552,207521,,neonate,5.0,male,BD,,,,,,2022-01/2022-04,primary,1.0,1.388
SAMEA117511381,PRJEB83552,207521,,infant,60.0,male,BD,,,,,,2022-01/2022-04,primary,1.0,1.19
SAMEA117511455,PRJEB83552,207521,,infant,181.0,male,BD,,,,,,2022-01/2022-04,primary,1.0,1.978
SAMEA117511737,PRJEB83552,207521,,neonate,1.0,male,BD,,,,,,2022-01/2022-04,primary,1.0,0.405
SAMEA117558622,PRJEB83552,207521,,neonate,14.0,male,BD,,,,,,2022-01/2022-04,primary,1.0,0.363
SAMEA117558671,PRJEB83552,207521,,infant,29.0,male,BD,,,,,,2022-01/2022-04,primary,1.0,3.102
SAMEA117558707,PRJEB83552,207521,,infant,42.0,male,BD,,,,,,2022-01/2022-04,primary,1.0,0.293
SAMEA117558769,PRJEB83552,207521,,infant,98.0,male,BD,,,,,,2022-01/2022-04,primary,1.0,3.294
SAMEA117508493,PRJEB83552,207590,,neonate,3.0,female,BD,,,,,,2022-01/2022-04,primary,1.0,1.656
SAMEA117508647,PRJEB83552,207591,,infant,45.0,male,BD,,,,,,2022-01/2022-04,primary,1.0,2.235
SAMEA117508940,PRJEB83552,207591,,neonate,6.0,male,BD,,,,,,2022-01/2022-04,primary,1.0,1.295
SAMEA117511173,PRJEB83552,207591,,neonate,3.0,male,BD,,,,,,2022-01/2022-04,primary,1.0,3.013
SAMEA117511194,PRJEB83552,207591,,neonate,14.0,male,BD,,,,,,2022-01/2022-04,primary,1.0,2.322
SAMEA117511245,PRJEB83552,207591,,neonate,28.0,male,BD,,,,,,2022-01/2022-04,primary,1.0,2.031
SAMEA117511300,PRJEB83552,207591,,infant,62.0,male,BD,,,,,,2022-01/2022-04,primary,1.0,1.25
SAMEA117511359,PRJEB83552,207591,,infant,90.0,male,BD,,,,,,2022-01/2022-04,primary,1.0,2.902
SAMEA117511882,PRJEB83552,207591,,infant,183.0,male,BD,,,,,,2022-01/2022-04,primary,1.0,2.538
SAMEA117508887,PRJEB83552,207661,,neonate,5.0,female,BD,,,,,,2022-01/2022-04,primary,1.0,4.002
SAMEA117508889,PRJEB83552,207661,,neonate,20.0,female,BD,,,,,,2022-01/2022-04,primary,1.0,2.447
SAMEA117508987,PRJEB83552,207661,,infant,74.0,female,BD,,,,,,2022-01/2022-04,primary,1.0,1.854
SAMEA117558773,PRJEB83552,207661,,infant,180.0,female,BD,,,,,,2022-01/2022-04,primary,1.0,2.011
SAMEA117508651,PRJEB83552,207870,,neonate,5.0,female,BD,,,,,,2022-01/2022-04,primary,1.0,1.531
SAMEA117508775,PRJEB83552,207870,,infant,53.0,female,BD,,,,,,2022-01/2022-04,primary,1.0,1.913
SAMEA117511262,PRJEB83552,207871,,neonate,6.0,female,BD,,,,,,2022-01/2022-04,primary,1.0,2.949
SAMEA117511335,PRJEB83552,207871,,infant,94.0,female,BD,,,,,,2022-01/2022-04,primary,1.0,2.54
SAMEA117511376,PRJEB83552,207871,,infant,63.0,female,BD,,,,,,2022-01/2022-04,primary,1.0,1.379
SAMEA117511457,PRJEB83552,207871,,infant,208.0,female,BD,,,,,,2022-01/2022-04,primary,1.0,1.523
SAMEA117558603,PRJEB83552,207871,,neonate,14.0,female,BD,,,,,,2022-01/2022-04,primary,1.0,1.633
SAMEA117558613,PRJEB83552,207871,,infant,34.0,female,BD,,,,,,2022-01/2022-04,primary,1.0,0.527
SAMEA117508546,PRJEB83552,207901,,neonate,1.0,female,BD,,,,,,2022-01/2022-04,primary,1.0,0.171
SAMEA117508972,PRJEB83552,207901,,neonate,17.0,female,BD,,,,,,2022-01/2022-04,primary,1.0,1.805
SAMEA117509011,PRJEB83552,207901,,neonate,11.0,female,BD,,,,,,2022-01/2022-04,primary,1.0,1.608
SAMEA117509192,PRJEB83552,207901,,infant,184.0,female,BD,,,,,,2022-01/2022-04,primary,1.0,2.207
SAMEA117558513,PRJEB83552,207901,,infant,96.0,female,BD,,,,,,2022-01/2022-04,primary,1.0,1.146
SAMEA117508706,PRJEB83552,208010,,neonate,3.0,female,BD,,,,,,2022-01/2022-04,primary,1.0,2.112
SAMEA117508782,PRJEB83552,208010,,infant,42.0,female,BD,,,,,,2022-01/2022-04,primary,1.0,3.03
SAMEA117509112,PRJEB83552,208011,,neonate,10.0,male,BD,,,,,,2022-01/2022-04,primary,1.0,2.032
SAMEA117509161,PRJEB83552,208011,,infant,42.0,male,BD,,,,,,2022-01/2022-04,primary,1.0,2.301
SAMEA117511304,PRJEB83552,208011,,neonate,4.0,male,BD,,,,,,2022-01/2022-04,primary,1.0,1.57
SAMEA117511355,PRJEB83552,208011,,neonate,28.0,male,BD,,,,,,2022-01/2022-04,primary,1.0,1.923
SAMEA117511407,PRJEB83552,208011,,infant,90.0,male,BD,,,,,,2022-01/2022-04,primary,1.0,2.776
SAMEA117511826,PRJEB83552,208011,,infant,61.0,male,BD,,,,,,2022-01/2022-04,primary,1.0,1.079
SAMEA117511904,PRJEB83552,208011,,infant,189.0,male,BD,,,,,,2022-01/2022-04,primary,1.0,0.465
SAMEA117558683,PRJEB83552,208011,,neonate,14.0,male,BD,,,,,,2022-01/2022-04,primary,1.0,3.562
SAMEA117508707,PRJEB83552,208410,,neonate,5.0,female,BD,,,,,,2022-01/2022-04,primary,1.0,2.17
SAMEA117558767,PRJEB83552,208410,,infant,71.0,female,BD,,,,,,2022-01/2022-04,primary,1.0,0.276
SAMEA117511792,PRJEB83552,208411,,neonate,14.0,male,BD,,,,,,2022-01/2022-04,primary,1.0,2.667
SAMEA117558710,PRJEB83552,208411,,infant,37.0,male,BD,,,,,,2022-01/2022-04,primary,1.0,1.642
SAMEA117558801,PRJEB83552,208411,,infant,208.0,male,BD,,,,,,2022-01/2022-04,primary,1.0,0.61
SAMEA117558814,PRJEB83552,208411,,neonate,0.0,male,BD,,,,,,2022-01/2022-04,primary,1.0,0.002
SAMEA117508654,PRJEB83552,208431,,neonate,4.0,male,BD,,,,,,2022-01/2022-04,primary,1.0,2.152
SAMEA117508799,PRJEB83552,208431,,infant,62.0,male,BD,,,,,,2022-01/2022-04,primary,1.0,2.458
SAMEA117509120,PRJEB83552,208431,,infant,29.0,male,BD,,,,,,2022-01/2022-04,primary,1.0,2.201
SAMEA117509125,PRJEB83552,208431,,infant,43.0,male,BD,,,,,,2022-01/2022-04,primary,1.0,1.306
SAMEA117509176,PRJEB83552,208431,,infant,101.0,male,BD,,,,,,2022-01/2022-04,primary,1.0,0.96
SAMEA117508691,PRJEB83552,208470,,infant,35.0,female,BD,,,,,,2022-01/2022-04,primary,1.0,1.747
SAMEA117511250,PRJEB83552,208471,,neonate,6.0,male,BD,,,,,,2022-01/2022-04,primary,1.0,1.862
SAMEA117511259,PRJEB83552,208471,,neonate,14.0,male,BD,,,,,,2022-01/2022-04,primary,1.0,1.793
SAMEA117511282,PRJEB83552,208471,,infant,29.0,male,BD,,,,,,2022-01/2022-04,primary,1.0,1.919
SAMEA117511337,PRJEB83552,208471,,infant,65.0,male,BD,,,,,,2022-01/2022-04,primary,1.0,2.415
SAMEA117511388,PRJEB83552,208471,,infant,92.0,male,BD,,,,,,2022-01/2022-04,primary,1.0,1.73
SAMEA117511899,PRJEB83552,208471,,infant,183.0,male,BD,,,,,,2022-01/2022-04,primary,1.0,1.292
SAMEA117508944,PRJEB83552,208571,,infant,49.0,female,BD,,,,,,2022-01/2022-04,primary,1.0,2.211
SAMEA117558528,PRJEB83552,208571,,neonate,24.0,female,BD,,,,,,2022-01/2022-04,primary,1.0,0.975
SAMEA117508720,PRJEB83552,208721,,neonate,6.0,female,BD,,,,,,2022-01/2022-04,primary,1.0,2.607
SAMEA117509108,PRJEB83552,208721,,neonate,14.0,female,BD,,,,,,2022-01/2022-04,primary,1.0,2.009
SAMEA117509140,PRJEB83552,208721,,infant,40.0,female,BD,,,,,,2022-01/2022-04,primary,1.0,1.737
SAMEA117558784,PRJEB83552,208721,,infant,98.0,female,BD,,,,,,2022-01/2022-04,primary,1.0,4.588
SAMEA117508568,PRJEB83552,208760,,neonate,7.0,female,BD,,,,,,2022-01/2022-04,primary,1.0,2.5
SAMEA117509051,PRJEB83552,208761,,infant,42.0,female,BD,,,,,,2022-01/2022-04,primary,1.0,2.056
SAMEA117511226,PRJEB83552,208761,,infant,31.0,female,BD,,,,,,2022-01/2022-04,primary,1.0,2.079
SAMEA117511301,PRJEB83552,208761,,infant,67.0,female,BD,,,,,,2022-01/2022-04,primary,1.0,1.506
SAMEA117511659,PRJEB83552,208761,,neonate,1.0,female,BD,,,,,,2022-01/2022-04,primary,1.0,2.775
SAMEA117511691,PRJEB83552,208761,,neonate,14.0,female,BD,,,,,,2022-01/2022-04,primary,1.0,3.819
SAMEA117511827,PRJEB83552,208761,,infant,103.0,female,BD,,,,,,2022-01/2022-04,primary,1.0,3.614
SAMEA117508608,PRJEB83552,208841,,neonate,16.0,female,BD,,,,,,2022-01/2022-04,primary,1.0,2.557
SAMEA117508625,PRJEB83552,208841,,neonate,6.0,female,BD,,,,,,2022-01/2022-04,primary,1.0,2.377
SAMEA117508679,PRJEB83552,208841,,infant,29.0,female,BD,,,,,,2022-01/2022-04,primary,1.0,1.996
SAMEA117509010,PRJEB83552,208841,,neonate,1.0,female,BD,,,,,,2022-01/2022-04,primary,1.0,0.31
SAMEA117509201,PRJEB83552,208841,,infant,193.0,female,BD,,,,,,2022-01/2022-04,primary,1.0,0.381
SAMEA117508754,PRJEB83552,208871,,infant,43.0,female,BD,,,,,,2022-01/2022-04,primary,1.0,2.737
SAMEA117509084,PRJEB83552,208871,,neonate,10.0,female,BD,,,,,,2022-01/2022-04,primary,1.0,3.378
SAMEA117509163,PRJEB83552,208871,,infant,60.0,female,BD,,,,,,2022-01/2022-04,primary,1.0,3.394
SAMEA117558774,PRJEB83552,208871,,infant,102.0,female,BD,,,,,,2022-01/2022-04,primary,1.0,0.589
SAMEA117508634,PRJEB83552,208921,,neonate,10.0,female,BD,,,,,,2022-01/2022-04,primary,1.0,2.796
SAMEA117509058,PRJEB83552,208921,,infant,91.0,female,BD,,,,,,2022-01/2022-04,primary,1.0,7.176
SAMEA117509074,PRJEB83552,208921,,neonate,28.0,female,BD,,,,,,2022-01/2022-04,primary,1.0,2.862
SAMEA117509129,PRJEB83552,208921,,infant,61.0,female,BD,,,,,,2022-01/2022-04,primary,1.0,0.493
SAMEA117509195,PRJEB83552,208921,,infant,183.0,female,BD,,,,,,2022-01/2022-04,primary,1.0,2.485
SAMEA117508516,PRJEB83552,208991,,neonate,14.0,male,BD,,,,,,2022-01/2022-04,primary,1.0,2.75
SAMEA117508915,PRJEB83552,208991,,neonate,10.0,male,BD,,,,,,2022-01/2022-04,primary,1.0,1.746
SAMEA117508932,PRJEB83552,208991,,neonate,28.0,male,BD,,,,,,2022-01/2022-04,primary,1.0,2.085
SAMEA117558650,PRJEB83552,208991,,infant,42.0,male,BD,,,,,,2022-01/2022-04,primary,1.0,0.531
SAMEA117558737,PRJEB83552,208991,,infant,90.0,male,BD,,,,,,2022-01/2022-04,primary,1.0,0.705
SAMEA117558610,PRJEB83552,209061,,infant,32.0,male,BD,,,,,,2022-01/2022-04,primary,1.0,1.957
SAMEA117558672,PRJEB83552,209061,,neonate,15.0,male,BD,,,,,,2022-01/2022-04,primary,1.0,1.33
SAMEA117508528,PRJEB83552,209071,,neonate,10.0,female,BD,,,,,,2022-01/2022-04,primary,1.0,2.416
SAMEA117509100,PRJEB83552,209071,,neonate,14.0,female,BD,,,,,,2022-01/2022-04,primary,1.0,1.633
SAMEA117509143,PRJEB83552,209071,,infant,60.0,female,BD,,,,,,2022-01/2022-04,primary,1.0,3.154
SAMEA117558644,PRJEB83552,209071,,infant,90.0,female,BD,,,,,,2022-01/2022-04,primary,1.0,3.367
SAMEA117558740,PRJEB83552,209071,,infant,49.0,female,BD,,,,,,2022-01/2022-04,primary,1.0,4.262
SAMEA117508541,PRJEB83552,209090,,neonate,4.0,female,BD,,,,,,2022-01/2022-04,primary,1.0,1.737
SAMEA117508592,PRJEB83552,209090,,neonate,15.0,female,BD,,,,,,2022-01/2022-04,primary,1.0,2.356
SAMEA117508562,PRJEB83552,209091,,neonate,10.0,female,BD,,,,,,2022-01/2022-04,primary,1.0,2.252
SAMEA117511169,PRJEB83552,209091,,neonate,3.0,female,BD,,,,,,2022-01/2022-04,primary,1.0,2.223
SAMEA117511189,PRJEB83552,209091,,neonate,15.0,female,BD,,,,,,2022-01/2022-04,primary,1.0,2.345
SAMEA117511227,PRJEB83552,209091,,neonate,28.0,female,BD,,,,,,2022-01/2022-04,primary,1.0,2.417
SAMEA117511344,PRJEB83552,209091,,infant,90.0,female,BD,,,,,,2022-01/2022-04,primary,1.0,2.161
SAMEA117511433,PRJEB83552,209091,,infant,182.0,female,BD,,,,,,2022-01/2022-04,primary,1.0,2.609
SAMEA117558633,PRJEB83552,209091,,infant,62.0,female,BD,,,,,,2022-01/2022-04,primary,1.0,3.181
SAMEA117508752,PRJEB83552,209161,,neonate,12.0,male,BD,,,,,,2022-01/2022-04,primary,1.0,3.082
SAMEA117508776,PRJEB83552,209161,,infant,31.0,male,BD,,,,,,2022-01/2022-04,primary,1.0,3.048
SAMEA117508796,PRJEB83552,209161,,infant,41.0,male,BD,,,,,,2022-01/2022-04,primary,1.0,2.522
SAMEA117509136,PRJEB83552,209161,,infant,61.0,male,BD,,,,,,2022-01/2022-04,primary,1.0,3.267
SAMEA117509178,PRJEB83552,209161,,infant,90.0,male,BD,,,,,,2022-01/2022-04,primary,1.0,2.414
SAMEA117508792,PRJEB83552,209181,,neonate,28.0,male,BD,,,,,,2022-01/2022-04,primary,1.0,3.483
SAMEA117509096,PRJEB83552,209181,,neonate,14.0,male,BD,,,,,,2022-01/2022-04,primary,1.0,2.582
SAMEA117509168,PRJEB83552,209181,,infant,104.0,male,BD,,,,,,2022-01/2022-04,primary,1.0,2.842
SAMEA117558738,PRJEB83552,209181,,infant,60.0,male,BD,,,,,,2022-01/2022-04,primary,1.0,1.952
SAMEA117558748,PRJEB83552,209181,,infant,42.0,male,BD,,,,,,2022-01/2022-04,primary,1.0,3.258
SAMEA117508491,PRJEB83552,209280,,neonate,7.0,female,BD,,,,,,2022-01/2022-04,primary,1.0,2.231
SAMEA117511236,PRJEB83552,209281,,infant,91.0,male,BD,,,,,,2022-01/2022-04,primary,1.0,2.337
SAMEA117511285,PRJEB83552,209281,,infant,69.0,male,BD,,,,,,2022-01/2022-04,primary,1.0,1.33
SAMEA117511641,PRJEB83552,209281,,neonate,1.0,male,BD,,,,,,2022-01/2022-04,primary,1.0,0.787
SAMEA117511705,PRJEB83552,209281,,neonate,28.0,male,BD,,,,,,2022-01/2022-04,primary,1.0,1.064
SAMEA117558595,PRJEB83552,209281,,infant,42.0,male,BD,,,,,,2022-01/2022-04,primary,1.0,0.892
SAMEA117508504,PRJEB83552,209310,,neonate,7.0,female,BD,,,,,,2022-01/2022-04,primary,1.0,2.497
SAMEA117558505,PRJEB83552,209310,,neonate,14.0,female,BD,,,,,,2022-01/2022-04,primary,1.0,0.363
SAMEA117511129,PRJEB83552,209311,,neonate,27.0,female,BD,,,,,,2022-01/2022-04,primary,1.0,1.892
SAMEA117511311,PRJEB83552,209311,,infant,90.0,female,BD,,,,,,2022-01/2022-04,primary,1.0,2.974
SAMEA117511419,PRJEB83552,209311,,infant,185.0,female,BD,,,,,,2022-01/2022-04,primary,1.0,1.611
SAMEA117511667,PRJEB83552,209311,,neonate,2.0,female,BD,,,,,,2022-01/2022-04,primary,1.0,3.357
SAMEA117511722,PRJEB83552,209311,,infant,60.0,female,BD,,,,,,2022-01/2022-04,primary,1.0,1.127
SAMEA117508558,PRJEB83552,209361,,neonate,1.0,female,BD,,,,,,2022-01/2022-04,primary,1.0,0.737
SAMEA117508560,PRJEB83552,209361,,neonate,14.0,female,BD,,,,,,2022-01/2022-04,primary,1.0,1.835
SAMEA117509003,PRJEB83552,209361,,neonate,5.0,female,BD,,,,,,2022-01/2022-04,primary,1.0,2.549
SAMEA117509061,PRJEB83552,209361,,infant,29.0,female,BD,,,,,,2022-01/2022-04,primary,1.0,7.933
SAMEA117509131,PRJEB83552,209361,,infant,70.0,female,BD,,,,,,2022-01/2022-04,primary,1.0,2.472
SAMEA117508628,PRJEB83552,209431,,neonate,28.0,female,BD,,,,,,2022-01/2022-04,primary,1.0,0.893
SAMEA117508953,PRJEB83552,209431,,neonate,10.0,female,BD,,,,,,2022-01/2022-04,primary,1.0,2.016
SAMEA117509187,PRJEB83552,209431,,infant,196.0,female,BD,,,,,,2022-01/2022-04,primary,1.0,2.367
SAMEA117508525,PRJEB83552,209521,,neonate,14.0,male,BD,,,,,,2022-01/2022-04,primary,1.0,2.729
SAMEA117508869,PRJEB83552,209521,,neonate,1.0,male,BD,,,,,,2022-01/2022-04,primary,1.0,0.18
SAMEA117508917,PRJEB83552,209521,,neonate,10.0,male,BD,,,,,,2022-01/2022-04,primary,1.0,2.532
SAMEA117509095,PRJEB83552,209521,,neonate,28.0,male,BD,,,,,,2022-01/2022-04,primary,1.0,2.483
SAMEA117509099,PRJEB83552,209521,,infant,42.0,male,BD,,,,,,2022-01/2022-04,primary,1.0,2.474
SAMEA117558730,PRJEB83552,209521,,infant,90.0,male,BD,,,,,,2022-01/2022-04,primary,1.0,0.307
SAMEA117508704,PRJEB83552,209700,,neonate,2.0,female,BD,,,,,,2022-01/2022-04,primary,1.0,1.623
SAMEA117508780,PRJEB83552,209701,,infant,42.0,male,BD,,,,,,2022-01/2022-04,primary,1.0,2.38
SAMEA117511328,PRJEB83552,209701,,neonate,14.0,male,BD,,,,,,2022-01/2022-04,primary,1.0,2.209
SAMEA117511367,PRJEB83552,209701,,infant,35.0,male,BD,,,,,,2022-01/2022-04,primary,1.0,1.996
SAMEA117511403,PRJEB83552,209701,,infant,90.0,male,BD,,,,,,2022-01/2022-04,primary,1.0,1.721
SAMEA117511795,PRJEB83552,209701,,neonate,7.0,male,BD,,,,,,2022-01/2022-04,primary,1.0,3.534
SAMEA117511834,PRJEB83552,209701,,infant,60.0,male,BD,,,,,,2022-01/2022-04,primary,1.0,1.51
SAMEA117511914,PRJEB83552,209701,,infant,187.0,male,BD,,,,,,2022-01/2022-04,primary,1.0,2.017
SAMEA117511144,PRJEB83552,209711,,neonate,0.0,female,BD,,,,,,2022-01/2022-04,primary,1.0,0.002
SAMEA117511297,PRJEB83552,209711,,infant,29.0,female,BD,,,,,,2022-01/2022-04,primary,1.0,1.789
SAMEA117511803,PRJEB83552,209711,,infant,62.0,female,BD,,,,,,2022-01/2022-04,primary,1.0,2.711
SAMEA117558614,PRJEB83552,209711,,neonate,14.0,female,BD,,,,,,2022-01/2022-04,primary,1.0,3.62
SAMEA117558797,PRJEB83552,209711,,infant,184.0,female,BD,,,,,,2022-01/2022-04,primary,1.0,0.409
SAMEA117508584,PRJEB83552,209740,,neonate,6.0,female,BD,,,,,,2022-01/2022-04,primary,1.0,1.674
SAMEA117508703,PRJEB83552,209740,,infant,60.0,female,BD,,,,,,2022-01/2022-04,primary,1.0,2.083
SAMEA117508655,PRJEB83552,209741,,infant,42.0,female,BD,,,,,,2022-01/2022-04,primary,1.0,2.142
SAMEA117511171,PRJEB83552,209741,,neonate,3.0,female,BD,,,,,,2022-01/2022-04,primary,1.0,2.541
SAMEA117511217,PRJEB83552,209741,,neonate,14.0,female,BD,,,,,,2022-01/2022-04,primary,1.0,2.462
SAMEA117511239,PRJEB83552,209741,,neonate,28.0,female,BD,,,,,,2022-01/2022-04,primary,1.0,2.574
SAMEA117511298,PRJEB83552,209741,,infant,60.0,female,BD,,,,,,2022-01/2022-04,primary,1.0,2.151
SAMEA117511438,PRJEB83552,209741,,infant,181.0,female,BD,,,,,,2022-01/2022-04,primary,1.0,1.571
SAMEA117511830,PRJEB83552,209741,,infant,98.0,female,BD,,,,,,2022-01/2022-04,primary,1.0,6.134
SAMEA117508612,PRJEB83552,209851,,neonate,14.0,female,BD,,,,,,2022-01/2022-04,primary,1.0,2.31
SAMEA117509052,PRJEB83552,209851,,infant,29.0,female,BD,,,,,,2022-01/2022-04,primary,1.0,2.129
SAMEA117509047,PRJEB83552,209901,,neonate,10.0,male,BD,,,,,,2022-01/2022-04,primary,1.0,1.828
SAMEA117509085,PRJEB83552,209901,,infant,42.0,male,BD,,,,,,2022-01/2022-04,primary,1.0,1.828
SAMEA117509141,PRJEB83552,209901,,infant,74.0,male,BD,,,,,,2022-01/2022-04,primary,1.0,2.164
SAMEA117558637,PRJEB83552,209901,,infant,29.0,male,BD,,,,,,2022-01/2022-04,primary,1.0,0.487
SAMEA117508510,PRJEB83552,210000,,neonate,4.0,female,BD,,,,,,2022-01/2022-04,primary,1.0,2.342
SAMEA117558751,PRJEB83552,210000,,infant,56.0,female,BD,,,,,,2022-01/2022-04,primary,1.0,0.214
SAMEA117511124,PRJEB83552,210001,,neonate,10.0,male,BD,,,,,,2022-01/2022-04,primary,1.0,2.028
SAMEA117511465,PRJEB83552,210001,,infant,180.0,male,BD,,,,,,2022-01/2022-04,primary,1.0,1.609
SAMEA117511686,PRJEB83552,210001,,neonate,28.0,male,BD,,,,,,2022-01/2022-04,primary,1.0,1.356
SAMEA117511844,PRJEB83552,210001,,infant,90.0,male,BD,,,,,,2022-01/2022-04,primary,1.0,0.891
SAMEA117558659,PRJEB83552,210001,,infant,60.0,male,BD,,,,,,2022-01/2022-04,primary,1.0,7.465
SAMEA117508463,PRJEB83552,210010,,neonate,4.0,female,BD,,,,,,2022-01/2022-04,primary,1.0,2.268
SAMEA117508513,PRJEB83552,210010,,infant,56.0,female,BD,,,,,,2022-01/2022-04,primary,1.0,2.758
SAMEA117511122,PRJEB83552,210011,,neonate,4.0,female,BD,,,,,,2022-01/2022-04,primary,1.0,1.771
SAMEA117511629,PRJEB83552,210011,,neonate,28.0,female,BD,,,,,,2022-01/2022-04,primary,1.0,3.305
SAMEA117511669,PRJEB83552,210011,,neonate,15.0,female,BD,,,,,,2022-01/2022-04,primary,1.0,1.151
SAMEA117511681,PRJEB83552,210011,,infant,60.0,female,BD,,,,,,2022-01/2022-04,primary,1.0,3.452
SAMEA117508505,PRJEB83552,210050,,neonate,3.0,female,BD,,,,,,2022-01/2022-04,primary,1.0,2.92
SAMEA117558552,PRJEB83552,210050,,infant,40.0,female,BD,,,,,,2022-01/2022-04,primary,1.0,0.51
SAMEA117511166,PRJEB83552,210051,,infant,42.0,male,BD,,,,,,2022-01/2022-04,primary,1.0,2.009
SAMEA117511168,PRJEB83552,210051,,infant,60.0,male,BD,,,,,,2022-01/2022-04,primary,1.0,2.346
SAMEA117511310,PRJEB83552,210051,,infant,98.0,male,BD,,,,,,2022-01/2022-04,primary,1.0,2.935
SAMEA117511409,PRJEB83552,210051,,infant,187.0,male,BD,,,,,,2022-01/2022-04,primary,1.0,1.965
SAMEA117558539,PRJEB83552,210051,,neonate,3.0,male,BD,,,,,,2022-01/2022-04,primary,1.0,3.905
SAMEA117508520,PRJEB83552,210100,,neonate,2.0,female,BD,,,,,,2022-01/2022-04,primary,1.0,2.164
SAMEA117508523,PRJEB83552,210100,,neonate,10.0,female,BD,,,,,,2022-01/2022-04,primary,1.0,2.143
SAMEA117508924,PRJEB83552,210101,,neonate,10.0,female,BD,,,,,,2022-01/2022-04,primary,1.0,1.774
SAMEA117511162,PRJEB83552,210101,,neonate,14.0,female,BD,,,,,,2022-01/2022-04,primary,1.0,1.422
SAMEA117511212,PRJEB83552,210101,,neonate,28.0,female,BD,,,,,,2022-01/2022-04,primary,1.0,1.855
SAMEA117511309,PRJEB83552,210101,,infant,67.0,female,BD,,,,,,2022-01/2022-04,primary,1.0,2.238
SAMEA117511841,PRJEB83552,210101,,infant,90.0,female,BD,,,,,,2022-01/2022-04,primary,1.0,2.099
SAMEA117511922,PRJEB83552,210101,,infant,180.0,female,BD,,,,,,2022-01/2022-04,primary,1.0,1.111
SAMEA117558507,PRJEB83552,210101,,neonate,1.0,female,BD,,,,,,2022-01/2022-04,primary,1.0,0.004
SAMEA117508875,PRJEB83552,210371,,neonate,0.0,male,BD,,,,,,2022-01/2022-04,primary,1.0,0.013
SAMEA117508979,PRJEB83552,210371,,neonate,10.0,male,BD,,,,,,2022-01/2022-04,primary,1.0,1.607
SAMEA117509214,PRJEB83552,210371,,infant,187.0,male,BD,,,,,,2022-01/2022-04,primary,1.0,4.003
SAMEA117508585,PRJEB83552,210390,,neonate,3.0,female,BD,,,,,,2022-01/2022-04,primary,1.0,2.446
SAMEA117508602,PRJEB83552,210390,,neonate,10.0,female,BD,,,,,,2022-01/2022-04,primary,1.0,2.959
SAMEA117508686,PRJEB83552,210391,,infant,43.0,female,BD,,,,,,2022-01/2022-04,primary,1.0,0.19
SAMEA117508970,PRJEB83552,210391,,neonate,6.0,female,BD,,,,,,2022-01/2022-04,primary,1.0,2.063
SAMEA117511232,PRJEB83552,210391,,neonate,14.0,female,BD,,,,,,2022-01/2022-04,primary,1.0,1.723
SAMEA117511251,PRJEB83552,210391,,neonate,28.0,female,BD,,,,,,2022-01/2022-04,primary,1.0,2.57
SAMEA117511320,PRJEB83552,210391,,infant,61.0,female,BD,,,,,,2022-01/2022-04,primary,1.0,2.437
SAMEA117511427,PRJEB83552,210391,,infant,183.0,female,BD,,,,,,2022-01/2022-04,primary,1.0,1.332
SAMEA117511695,PRJEB83552,210391,,neonate,1.0,female,BD,,,,,,2022-01/2022-04,primary,1.0,0.129
SAMEA117511783,PRJEB83552,210391,,infant,93.0,female,BD,,,,,,2022-01/2022-04,primary,1.0,0.575
SAMEA117508626,PRJEB83552,210491,,neonate,10.0,male,BD,,,,,,2022-01/2022-04,primary,1.0,3.033
SAMEA117511255,PRJEB83552,210491,,neonate,15.0,male,BD,,,,,,2022-01/2022-04,primary,1.0,1.74
SAMEA117511325,PRJEB83552,210491,,infant,62.0,male,BD,,,,,,2022-01/2022-04,primary,1.0,2.084
SAMEA117511699,PRJEB83552,210491,,neonate,1.0,male,BD,,,,,,2022-01/2022-04,primary,1.0,0.004
SAMEA117511851,PRJEB83552,210491,,infant,92.0,male,BD,,,,,,2022-01/2022-04,primary,1.0,3.224
SAMEA117511884,PRJEB83552,210491,,infant,181.0,male,BD,,,,,,2022-01/2022-04,primary,1.0,0.807
SAMEA117558625,PRJEB83552,210491,,infant,35.0,male,BD,,,,,,2022-01/2022-04,primary,1.0,4.119
SAMEA117508716,PRJEB83552,210571,,neonate,16.0,female,BD,,,,,,2022-01/2022-04,primary,1.0,2.226
SAMEA117508745,PRJEB83552,210571,,neonate,26.0,female,BD,,,,,,2022-01/2022-04,primary,1.0,2.247
SAMEA117558727,PRJEB83552,210571,,infant,91.0,female,BD,,,,,,2022-01/2022-04,primary,1.0,0.966
SAMEA117558752,PRJEB83552,210571,,infant,62.0,female,BD,,,,,,2022-01/2022-04,primary,1.0,0.57
SAMEA117508456,PRJEB83552,210620,,neonate,14.0,female,BD,,,,,,2022-01/2022-04,primary,1.0,2.715
SAMEA117508502,PRJEB83552,210620,,neonate,4.0,female,BD,,,,,,2022-01/2022-04,primary,1.0,3.112
SAMEA117511164,PRJEB83552,210621,,infant,42.0,male,BD,,,,,,2022-01/2022-04,primary,1.0,2.49
SAMEA117511631,PRJEB83552,210621,,neonate,14.0,male,BD,,,,,,2022-01/2022-04,primary,1.0,2.945
SAMEA117511918,PRJEB83552,210621,,infant,206.0,male,BD,,,,,,2022-01/2022-04,primary,1.0,0.682
SAMEA117558561,PRJEB83552,210621,,infant,72.0,male,BD,,,,,,2022-01/2022-04,primary,1.0,3.438
SAMEA117558741,PRJEB83552,210621,,infant,109.0,male,BD,,,,,,2022-01/2022-04,primary,1.0,2.982
SAMEA117558791,PRJEB83552,210621,,neonate,5.0,male,BD,,,,,,2022-01/2022-04,primary,1.0,2.055
SAMEA117508472,PRJEB83552,210701,,neonate,5.0,female,BD,,,,,,2022-01/2022-04,primary,1.0,2.134
SAMEA117508527,PRJEB83552,210701,,infant,42.0,female,BD,,,,,,2022-01/2022-04,primary,1.0,1.504
SAMEA117508868,PRJEB83552,210701,,neonate,4.0,female,BD,,,,,,2022-01/2022-04,primary,1.0,1.638
SAMEA117558550,PRJEB83552,210701,,neonate,14.0,female,BD,,,,,,2022-01/2022-04,primary,1.0,0.086
SAMEA117558746,PRJEB83552,210701,,infant,90.0,female,BD,,,,,,2022-01/2022-04,primary,1.0,5.919
SAMEA117508938,PRJEB83552,210721,,infant,30.0,female,BD,,,,,,2022-01/2022-04,primary,1.0,1.745
SAMEA117508515,PRJEB83552,210761,,neonate,14.0,male,BD,,,,,,2022-01/2022-04,primary,1.0,3.347
SAMEA117508982,PRJEB83552,210761,,neonate,13.0,male,BD,,,,,,2022-01/2022-04,primary,1.0,2.686
SAMEA117508465,PRJEB83552,210840,,neonate,1.0,female,BD,,,,,,2022-01/2022-04,primary,1.0,1.435
SAMEA117508514,PRJEB83552,210840,,neonate,14.0,female,BD,,,,,,2022-01/2022-04,primary,1.0,1.836
SAMEA117511121,PRJEB83552,210841,,neonate,14.0,female,BD,,,,,,2022-01/2022-04,primary,1.0,1.767
SAMEA117511167,PRJEB83552,210841,,neonate,28.0,female,BD,,,,,,2022-01/2022-04,primary,1.0,2.62
SAMEA117511845,PRJEB83552,210841,,infant,91.0,female,BD,,,,,,2022-01/2022-04,primary,1.0,0.004
SAMEA117511920,PRJEB83552,210841,,infant,180.0,female,BD,,,,,,2022-01/2022-04,primary,1.0,1.548
SAMEA117558643,PRJEB83552,210841,,infant,60.0,female,BD,,,,,,2022-01/2022-04,primary,1.0,2.813
SAMEA117509077,PRJEB83552,210891,,neonate,14.0,male,BD,,,,,,2022-01/2022-04,primary,1.0,1.841
SAMEA117508565,PRJEB83552,210961,,neonate,6.0,female,BD,,,,,,2022-01/2022-04,primary,1.0,2.199
SAMEA117508714,PRJEB83552,210961,,infant,62.0,female,BD,,,,,,2022-01/2022-04,primary,1.0,2.438
SAMEA117508952,PRJEB83552,210961,,neonate,14.0,female,BD,,,,,,2022-01/2022-04,primary,1.0,2.461
SAMEA117509018,PRJEB83552,210961,,infant,29.0,female,BD,,,,,,2022-01/2022-04,primary,1.0,1.928
SAMEA117509048,PRJEB83552,210961,,infant,42.0,female,BD,,,,,,2022-01/2022-04,primary,1.0,2.982
SAMEA117509106,PRJEB83552,210961,,infant,91.0,female,BD,,,,,,2022-01/2022-04,primary,1.0,2.382
SAMEA117509196,PRJEB83552,210961,,infant,190.0,female,BD,,,,,,2022-01/2022-04,primary,1.0,1.779
SAMEA117508705,PRJEB83552,210990,,neonate,6.0,female,BD,,,,,,2022-01/2022-04,primary,1.0,2.107
SAMEA117511291,PRJEB83552,210991,,neonate,3.0,female,BD,,,,,,2022-01/2022-04,primary,1.0,1.378
SAMEA117511829,PRJEB83552,210991,,infant,49.0,female,BD,,,,,,2022-01/2022-04,primary,1.0,0.067
SAMEA117511906,PRJEB83552,210991,,infant,191.0,female,BD,,,,,,2022-01/2022-04,primary,1.0,4.066
SAMEA117558663,PRJEB83552,210991,,neonate,15.0,female,BD,,,,,,2022-01/2022-04,primary,1.0,2.078
SAMEA117558684,PRJEB83552,210991,,neonate,27.0,female,BD,,,,,,2022-01/2022-04,primary,1.0,2.251
SAMEA117508786,PRJEB83552,211020,,infant,56.0,female,BD,,,,,,2022-01/2022-04,primary,1.0,2.181
SAMEA117558655,PRJEB83552,211020,,neonate,2.0,female,BD,,,,,,2022-01/2022-04,primary,1.0,0.503
SAMEA117511372,PRJEB83552,211021,,neonate,26.0,female,BD,,,,,,2022-01/2022-04,primary,1.0,2.459
SAMEA117558654,PRJEB83552,211021,,neonate,2.0,female,BD,,,,,,2022-01/2022-04,primary,1.0,0.14
SAMEA117558720,PRJEB83552,211021,,infant,60.0,female,BD,,,,,,2022-01/2022-04,primary,1.0,3.182
SAMEA117558764,PRJEB83552,211021,,infant,90.0,female,BD,,,,,,2022-01/2022-04,primary,1.0,4.852
SAMEA117508598,PRJEB83552,211141,,infant,71.0,male,BD,,,,,,2022-01/2022-04,primary,1.0,1.873
SAMEA117508878,PRJEB83552,211141,,neonate,28.0,male,BD,,,,,,2022-01/2022-04,primary,1.0,1.917
SAMEA117509092,PRJEB83552,211141,,infant,97.0,male,BD,,,,,,2022-01/2022-04,primary,1.0,2.508
SAMEA117508967,PRJEB83552,211441,,infant,49.0,female,BD,,,,,,2022-01/2022-04,primary,1.0,1.579
SAMEA117509044,PRJEB83552,211441,,infant,60.0,female,BD,,,,,,2022-01/2022-04,primary,1.0,1.406
SAMEA117558524,PRJEB83552,211441,,neonate,7.0,female,BD,,,,,,2022-01/2022-04,primary,1.0,2.749
SAMEA117508591,PRJEB83552,211450,,neonate,3.0,female,BD,,,,,,2022-01/2022-04,primary,1.0,1.898
SAMEA117508734,PRJEB83552,211450,,infant,60.0,female,BD,,,,,,2022-01/2022-04,primary,1.0,2.706
SAMEA117511148,PRJEB83552,211451,,neonate,1.0,female,BD,,,,,,2022-01/2022-04,primary,1.0,2.543
SAMEA117511263,PRJEB83552,211451,,neonate,28.0,female,BD,,,,,,2022-01/2022-04,primary,1.0,1.909
SAMEA117511327,PRJEB83552,211451,,infant,62.0,female,BD,,,,,,2022-01/2022-04,primary,1.0,1.818
SAMEA117511450,PRJEB83552,211451,,infant,192.0,female,BD,,,,,,2022-01/2022-04,primary,1.0,2.947
SAMEA117511732,PRJEB83552,211451,,neonate,15.0,female,BD,,,,,,2022-01/2022-04,primary,1.0,2.765
SAMEA117511855,PRJEB83552,211451,,infant,92.0,female,BD,,,,,,2022-01/2022-04,primary,1.0,1.088
SAMEA117508488,PRJEB83552,211501,,neonate,2.0,male,BD,,,,,,2022-01/2022-04,primary,1.0,2.358
SAMEA117558592,PRJEB83552,211501,,neonate,21.0,male,BD,,,,,,2022-01/2022-04,primary,1.0,2.689
SAMEA117508595,PRJEB83552,211520,,neonate,5.0,female,BD,,,,,,2022-01/2022-04,primary,1.0,2.099
SAMEA117508667,PRJEB83552,211521,,infant,43.0,female,BD,,,,,,2022-01/2022-04,primary,1.0,2.288
SAMEA117511186,PRJEB83552,211521,,neonate,28.0,female,BD,,,,,,2022-01/2022-04,primary,1.0,2.139
SAMEA117511225,PRJEB83552,211521,,neonate,16.0,female,BD,,,,,,2022-01/2022-04,primary,1.0,2.162
SAMEA117511332,PRJEB83552,211521,,infant,62.0,female,BD,,,,,,2022-01/2022-04,primary,1.0,2.013
SAMEA117511635,PRJEB83552,211521,,infant,99.0,female,BD,,,,,,2022-01/2022-04,primary,1.0,2.165
SAMEA117511927,PRJEB83552,211521,,neonate,0.0,female,BD,,,,,,2022-01/2022-04,primary,1.0,0.074
SAMEA117509059,PRJEB83552,211691,,neonate,8.0,male,BD,,,,,,2022-01/2022-04,primary,1.0,2.025
SAMEA117509103,PRJEB83552,211691,,infant,29.0,male,BD,,,,,,2022-01/2022-04,primary,1.0,2.611
SAMEA117509207,PRJEB83552,211691,,infant,181.0,male,BD,,,,,,2022-01/2022-04,primary,1.0,1.923
SAMEA117558693,PRJEB83552,211691,,infant,45.0,male,BD,,,,,,2022-01/2022-04,primary,1.0,3.369
SAMEA117511324,PRJEB83552,211721,,neonate,28.0,male,BD,,,,,,2022-01/2022-04,primary,1.0,2.226
SAMEA117511837,PRJEB83552,211721,,infant,60.0,male,BD,,,,,,2022-01/2022-04,primary,1.0,2.709
SAMEA117511898,PRJEB83552,211721,,infant,184.0,male,BD,,,,,,2022-01/2022-04,primary,1.0,0.643
SAMEA117558618,PRJEB83552,211721,,neonate,10.0,male,BD,,,,,,2022-01/2022-04,primary,1.0,4.249
SAMEA117558623,PRJEB83552,211721,,neonate,15.0,male,BD,,,,,,2022-01/2022-04,primary,1.0,2.534
SAMEA117558768,PRJEB83552,211721,,infant,91.0,male,BD,,,,,,2022-01/2022-04,primary,1.0,5.058
SAMEA117508547,PRJEB83552,211730,,neonate,10.0,female,BD,,,,,,2022-01/2022-04,primary,1.0,1.126
SAMEA117508596,PRJEB83552,211730,,neonate,5.0,female,BD,,,,,,2022-01/2022-04,primary,1.0,1.727
SAMEA117511131,PRJEB83552,211731,,neonate,15.0,female,BD,,,,,,2022-01/2022-04,primary,1.0,2.522
SAMEA117511152,PRJEB83552,211731,,neonate,2.0,female,BD,,,,,,2022-01/2022-04,primary,1.0,1.686
SAMEA117511756,PRJEB83552,211731,,infant,35.0,female,BD,,,,,,2022-01/2022-04,primary,1.0,10.397
SAMEA117511850,PRJEB83552,211731,,infant,92.0,female,BD,,,,,,2022-01/2022-04,primary,1.0,1.899
SAMEA117558666,PRJEB83552,211731,,infant,62.0,female,BD,,,,,,2022-01/2022-04,primary,1.0,3.315
SAMEA117558795,PRJEB83552,211731,,infant,201.0,female,BD,,,,,,2022-01/2022-04,primary,1.0,0.764
SAMEA117558656,PRJEB83552,211780,,neonate,7.0,female,BD,,,,,,2022-01/2022-04,primary,1.0,0.263
SAMEA117558660,PRJEB83552,211780,,neonate,10.0,female,BD,,,,,,2022-01/2022-04,primary,1.0,0.47
SAMEA117511117,PRJEB83552,211781,,infant,60.0,male,BD,,,,,,2022-01/2022-04,primary,1.0,1.492
SAMEA117511317,PRJEB83552,211781,,neonate,10.0,male,BD,,,,,,2022-01/2022-04,primary,1.0,1.737
SAMEA117511777,PRJEB83552,211781,,neonate,14.0,male,BD,,,,,,2022-01/2022-04,primary,1.0,1.257
SAMEA117511924,PRJEB83552,211781,,infant,200.0,male,BD,,,,,,2022-01/2022-04,primary,1.0,1.287
SAMEA117558651,PRJEB83552,211781,,neonate,28.0,male,BD,,,,,,2022-01/2022-04,primary,1.0,3.194
SAMEA117558776,PRJEB83552,211781,,infant,90.0,male,BD,,,,,,2022-01/2022-04,primary,1.0,0.574
SAMEA117508524,PRJEB83552,211850,,neonate,2.0,female,BD,,,,,,2022-01/2022-04,primary,1.0,2.163
SAMEA117558547,PRJEB83552,211850,,neonate,10.0,female,BD,,,,,,2022-01/2022-04,primary,1.0,0.333
SAMEA117511156,PRJEB83552,211851,,neonate,14.0,female,BD,,,,,,2022-01/2022-04,primary,1.0,1.972
SAMEA117511160,PRJEB83552,211851,,neonate,0.0,female,BD,,,,,,2022-01/2022-04,primary,1.0,0.0
SAMEA117511369,PRJEB83552,211851,,infant,90.0,female,BD,,,,,,2022-01/2022-04,primary,1.0,2.371
SAMEA117511463,PRJEB83552,211851,,infant,180.0,female,BD,,,,,,2022-01/2022-04,primary,1.0,1.161
SAMEA117511778,PRJEB83552,211851,,infant,60.0,female,BD,,,,,,2022-01/2022-04,primary,1.0,5.605
SAMEA117558553,PRJEB83552,211851,,neonate,28.0,female,BD,,,,,,2022-01/2022-04,primary,1.0,4.987
SAMEA117558649,PRJEB83552,211851,,infant,42.0,female,BD,,,,,,2022-01/2022-04,primary,1.0,1.704
SAMEA117508644,PRJEB83552,211881,,infant,60.0,male,BD,,,,,,2022-01/2022-04,primary,1.0,0.47
SAMEA117508739,PRJEB83552,211881,,infant,94.0,male,BD,,,,,,2022-01/2022-04,primary,1.0,0.694
SAMEA117558523,PRJEB83552,211881,,neonate,9.0,male,BD,,,,,,2022-01/2022-04,primary,1.0,7.28
SAMEA117558577,PRJEB83552,211881,,infant,43.0,male,BD,,,,,,2022-01/2022-04,primary,1.0,0.558
SAMEA117508455,PRJEB83552,211970,,neonate,2.0,female,BD,,,,,,2022-01/2022-04,primary,1.0,2.101
SAMEA117558559,PRJEB83552,211970,,infant,60.0,female,BD,,,,,,2022-01/2022-04,primary,1.0,0.287
SAMEA117508870,PRJEB83552,211971,,neonate,10.0,female,BD,,,,,,2022-01/2022-04,primary,1.0,2.062
SAMEA117508980,PRJEB83552,211971,,infant,42.0,female,BD,,,,,,2022-01/2022-04,primary,1.0,1.929
SAMEA117511370,PRJEB83552,211971,,infant,105.0,female,BD,,,,,,2022-01/2022-04,primary,1.0,1.476
SAMEA117511461,PRJEB83552,211971,,infant,189.0,female,BD,,,,,,2022-01/2022-04,primary,1.0,1.48
SAMEA117511632,PRJEB83552,211971,,neonate,2.0,female,BD,,,,,,2022-01/2022-04,primary,1.0,0.256
SAMEA117511683,PRJEB83552,211971,,infant,32.0,female,BD,,,,,,2022-01/2022-04,primary,1.0,6.782
SAMEA117511687,PRJEB83552,211971,,infant,60.0,female,BD,,,,,,2022-01/2022-04,primary,1.0,2.688
SAMEA117558512,PRJEB83552,211971,,neonate,14.0,female,BD,,,,,,2022-01/2022-04,primary,1.0,4.143
SAMEA117508639,PRJEB83552,212190,,neonate,11.0,female,BD,,,,,,2022-01/2022-04,primary,1.0,2.131
SAMEA117511436,PRJEB83552,212191,,infant,181.0,female,BD,,,,,,2022-01/2022-04,primary,1.0,1.928
SAMEA117511741,PRJEB83552,212191,,neonate,16.0,female,BD,,,,,,2022-01/2022-04,primary,1.0,1.013
SAMEA117511802,PRJEB83552,212191,,infant,65.0,female,BD,,,,,,2022-01/2022-04,primary,1.0,3.766
SAMEA117558678,PRJEB83552,212191,,infant,42.0,female,BD,,,,,,2022-01/2022-04,primary,1.0,1.747
SAMEA117558725,PRJEB83552,212191,,infant,112.0,female,BD,,,,,,2022-01/2022-04,primary,1.0,2.105
SAMEA117508553,PRJEB83552,212200,,neonate,4.0,female,BD,,,,,,2022-01/2022-04,primary,1.0,2.819
SAMEA117508702,PRJEB83552,212201,,infant,42.0,male,BD,,,,,,2022-01/2022-04,primary,1.0,2.228
SAMEA117508984,PRJEB83552,212201,,neonate,10.0,male,BD,,,,,,2022-01/2022-04,primary,1.0,1.469
SAMEA117511347,PRJEB83552,212201,,infant,69.0,male,BD,,,,,,2022-01/2022-04,primary,1.0,3.221
SAMEA117511707,PRJEB83552,212201,,neonate,14.0,male,BD,,,,,,2022-01/2022-04,primary,1.0,5.035
SAMEA117511710,PRJEB83552,212201,,neonate,0.0,male,BD,,,,,,2022-01/2022-04,primary,1.0,0.458
SAMEA117511862,PRJEB83552,212201,,infant,90.0,male,BD,,,,,,2022-01/2022-04,primary,1.0,2.511
SAMEA117558621,PRJEB83552,212201,,infant,35.0,male,BD,,,,,,2022-01/2022-04,primary,1.0,3.296
SAMEA117508509,PRJEB83552,212210,,neonate,2.0,female,BD,,,,,,2022-01/2022-04,primary,1.0,2.424
SAMEA117558588,PRJEB83552,212210,,infant,56.0,female,BD,,,,,,2022-01/2022-04,primary,1.0,0.358
SAMEA117511213,PRJEB83552,212211,,infant,60.0,female,BD,,,,,,2022-01/2022-04,primary,1.0,2.577
SAMEA117511399,PRJEB83552,212211,,infant,180.0,female,BD,,,,,,2022-01/2022-04,primary,1.0,1.636
SAMEA117511633,PRJEB83552,212211,,neonate,14.0,female,BD,,,,,,2022-01/2022-04,primary,1.0,0.006
SAMEA117511668,PRJEB83552,212211,,neonate,1.0,female,BD,,,,,,2022-01/2022-04,primary,1.0,2.689
SAMEA117511675,PRJEB83552,212211,,neonate,28.0,female,BD,,,,,,2022-01/2022-04,primary,1.0,3.203
SAMEA117558646,PRJEB83552,212211,,infant,90.0,female,BD,,,,,,2022-01/2022-04,primary,1.0,0.508
SAMEA117508539,PRJEB83552,212250,,neonate,6.0,female,BD,,,,,,2022-01/2022-04,primary,1.0,2.213
SAMEA117508962,PRJEB83552,212251,,infant,32.0,female,BD,,,,,,2022-01/2022-04,primary,1.0,2.272
SAMEA117511191,PRJEB83552,212251,,neonate,13.0,female,BD,,,,,,2022-01/2022-04,primary,1.0,2.777
SAMEA117511215,PRJEB83552,212251,,neonate,25.0,female,BD,,,,,,2022-01/2022-04,primary,1.0,1.965
SAMEA117511442,PRJEB83552,212251,,infant,183.0,female,BD,,,,,,2022-01/2022-04,primary,1.0,1.662
SAMEA117511833,PRJEB83552,212251,,infant,110.0,female,BD,,,,,,2022-01/2022-04,primary,1.0,1.636
SAMEA117508760,PRJEB83552,212280,,neonate,28.0,female,BD,,,,,,2022-01/2022-04,primary,1.0,1.695
SAMEA117511221,PRJEB83552,212281,,infant,66.0,male,BD,,,,,,2022-01/2022-04,primary,1.0,2.078
SAMEA117511353,PRJEB83552,212281,,neonate,27.0,male,BD,,,,,,2022-01/2022-04,primary,1.0,1.647
SAMEA117511915,PRJEB83552,212281,,infant,183.0,male,BD,,,,,,2022-01/2022-04,primary,1.0,3.965
SAMEA117558526,PRJEB83552,212281,,neonate,1.0,male,BD,,,,,,2022-01/2022-04,primary,1.0,0.011
SAMEA117558690,PRJEB83552,212281,,neonate,18.0,male,BD,,,,,,2022-01/2022-04,primary,1.0,3.189
SAMEA117508482,PRJEB83552,212290,,neonate,2.0,female,BD,,,,,,2022-01/2022-04,primary,1.0,2.366
SAMEA117508531,PRJEB83552,212290,,neonate,12.0,female,BD,,,,,,2022-01/2022-04,primary,1.0,2.58
SAMEA117511136,PRJEB83552,212291,,infant,29.0,male,BD,,,,,,2022-01/2022-04,primary,1.0,2.393
SAMEA117511746,PRJEB83552,212291,,infant,61.0,male,BD,,,,,,2022-01/2022-04,primary,1.0,1.831
SAMEA117558687,PRJEB83552,212291,,infant,93.0,male,BD,,,,,,2022-01/2022-04,primary,1.0,1.675
SAMEA117558788,PRJEB83552,212291,,infant,181.0,male,BD,,,,,,2022-01/2022-04,primary,1.0,7.766
SAMEA117508713,PRJEB83552,212341,,neonate,10.0,female,BD,,,,,,2022-01/2022-04,primary,1.0,2.22
SAMEA117511268,PRJEB83552,212491,,neonate,7.0,male,BD,,,,,,2022-01/2022-04,primary,1.0,1.17
SAMEA117511322,PRJEB83552,212491,,neonate,28.0,male,BD,,,,,,2022-01/2022-04,primary,1.0,2.544
SAMEA117511446,PRJEB83552,212491,,infant,210.0,male,BD,,,,,,2022-01/2022-04,primary,1.0,1.907
SAMEA117511835,PRJEB83552,212491,,infant,91.0,male,BD,,,,,,2022-01/2022-04,primary,1.0,0.598
SAMEA117511836,PRJEB83552,212491,,infant,62.0,male,BD,,,,,,2022-01/2022-04,primary,1.0,1.594
SAMEA117558607,PRJEB83552,212491,,neonate,14.0,male,BD,,,,,,2022-01/2022-04,primary,1.0,3.214
SAMEA117508785,PRJEB83552,212520,,infant,56.0,female,BD,,,,,,2022-01/2022-04,primary,1.0,2.48
SAMEA117558661,PRJEB83552,212520,,neonate,3.0,female,BD,,,,,,2022-01/2022-04,primary,1.0,0.431
SAMEA117511316,PRJEB83552,212521,,neonate,2.0,male,BD,,,,,,2022-01/2022-04,primary,1.0,0.17
SAMEA117511410,PRJEB83552,212521,,infant,97.0,male,BD,,,,,,2022-01/2022-04,primary,1.0,2.072
SAMEA117511846,PRJEB83552,212521,,neonate,28.0,male,BD,,,,,,2022-01/2022-04,primary,1.0,4.436
SAMEA117511849,PRJEB83552,212521,,neonate,14.0,male,BD,,,,,,2022-01/2022-04,primary,1.0,0.807
SAMEA117558542,PRJEB83552,212521,,infant,60.0,male,BD,,,,,,2022-01/2022-04,primary,1.0,5.773
SAMEA117558811,PRJEB83552,212521,,infant,193.0,male,BD,,,,,,2022-01/2022-04,primary,1.0,0.737
SAMEA117558718,PRJEB83552,212560,,infant,63.0,female,BD,,,,,,2022-01/2022-04,primary,1.0,0.305
SAMEA117511132,PRJEB83552,212561,,infant,63.0,male,BD,,,,,,2022-01/2022-04,primary,1.0,1.977
SAMEA117511140,PRJEB83552,212561,,neonate,1.0,male,BD,,,,,,2022-01/2022-04,primary,1.0,0.187
SAMEA117511336,PRJEB83552,212561,,infant,34.0,male,BD,,,,,,2022-01/2022-04,primary,1.0,1.964
SAMEA117511775,PRJEB83552,212561,,neonate,14.0,male,BD,,,,,,2022-01/2022-04,primary,1.0,3.627
SAMEA117511886,PRJEB83552,212561,,infant,184.0,male,BD,,,,,,2022-01/2022-04,primary,1.0,0.69
SAMEA117558770,PRJEB83552,212561,,infant,90.0,male,BD,,,,,,2022-01/2022-04,primary,1.0,6.664
SAMEA117508687,PRJEB83552,212621,,infant,37.0,male,BD,,,,,,2022-01/2022-04,primary,1.0,2.402
SAMEA117509081,PRJEB83552,212621,,infant,49.0,male,BD,,,,,,2022-01/2022-04,primary,1.0,2.452
SAMEA117508880,PRJEB83552,212711,,neonate,28.0,female,BD,,,,,,2022-01/2022-04,primary,1.0,7.05
SAMEA117558506,PRJEB83552,212711,,neonate,1.0,female,BD,,,,,,2022-01/2022-04,primary,1.0,0.002
SAMEA117558511,PRJEB83552,212711,,neonate,5.0,female,BD,,,,,,2022-01/2022-04,primary,1.0,1.677
SAMEA117508508,PRJEB83552,212740,,neonate,4.0,female,BD,,,,,,2022-01/2022-04,primary,1.0,2.866
SAMEA117508517,PRJEB83552,212740,,infant,42.0,female,BD,,,,,,2022-01/2022-04,primary,1.0,2.78
SAMEA117511120,PRJEB83552,212741,,neonate,14.0,male,BD,,,,,,2022-01/2022-04,primary,1.0,2.194
SAMEA117511421,PRJEB83552,212741,,infant,180.0,male,BD,,,,,,2022-01/2022-04,primary,1.0,1.62
SAMEA117511626,PRJEB83552,212741,,neonate,4.0,male,BD,,,,,,2022-01/2022-04,primary,1.0,3.778
SAMEA117511630,PRJEB83552,212741,,neonate,28.0,male,BD,,,,,,2022-01/2022-04,primary,1.0,2.669
SAMEA117511720,PRJEB83552,212741,,infant,60.0,male,BD,,,,,,2022-01/2022-04,primary,1.0,3.756
SAMEA117558744,PRJEB83552,212741,,infant,100.0,male,BD,,,,,,2022-01/2022-04,primary,1.0,0.623
SAMEA117508564,PRJEB83552,212801,,neonate,28.0,female,BD,,,,,,2022-01/2022-04,primary,1.0,3.688
SAMEA117508894,PRJEB83552,212801,,neonate,2.0,female,BD,,,,,,2022-01/2022-04,primary,1.0,2.126
SAMEA117508997,PRJEB83552,212801,,infant,44.0,female,BD,,,,,,2022-01/2022-04,primary,1.0,2.263
SAMEA117509033,PRJEB83552,212801,,infant,61.0,female,BD,,,,,,2022-01/2022-04,primary,1.0,1.02
SAMEA117509119,PRJEB83552,212801,,infant,102.0,female,BD,,,,,,2022-01/2022-04,primary,1.0,1.64
SAMEA117558515,PRJEB83552,212801,,neonate,6.0,female,BD,,,,,,2022-01/2022-04,primary,1.0,0.248
SAMEA117508757,PRJEB83552,212810,,infant,63.0,female,BD,,,,,,2022-01/2022-04,primary,1.0,1.786
SAMEA117508621,PRJEB83552,212811,,neonate,8.0,female,BD,,,,,,2022-01/2022-04,primary,1.0,2.986
SAMEA117511256,PRJEB83552,212811,,neonate,16.0,female,BD,,,,,,2022-01/2022-04,primary,1.0,2.783
SAMEA117511273,PRJEB83552,212811,,neonate,26.0,female,BD,,,,,,2022-01/2022-04,primary,1.0,2.568
SAMEA117511358,PRJEB83552,212811,,infant,69.0,female,BD,,,,,,2022-01/2022-04,primary,1.0,2.484
SAMEA117511390,PRJEB83552,212811,,infant,91.0,female,BD,,,,,,2022-01/2022-04,primary,1.0,2.565
SAMEA117511718,PRJEB83552,212811,,neonate,1.0,female,BD,,,,,,2022-01/2022-04,primary,1.0,0.005
SAMEA117511880,PRJEB83552,212811,,infant,185.0,female,BD,,,,,,2022-01/2022-04,primary,1.0,2.806
SAMEA117508741,PRJEB83552,213130,,infant,49.0,female,BD,,,,,,2022-01/2022-04,primary,1.0,1.481
SAMEA117511223,PRJEB83552,213131,,neonate,3.0,female,BD,,,,,,2022-01/2022-04,primary,1.0,1.521
SAMEA117511257,PRJEB83552,213131,,neonate,14.0,female,BD,,,,,,2022-01/2022-04,primary,1.0,1.858
SAMEA117511394,PRJEB83552,213131,,infant,95.0,female,BD,,,,,,2022-01/2022-04,primary,1.0,2.657
SAMEA117511892,PRJEB83552,213131,,infant,183.0,female,BD,,,,,,2022-01/2022-04,primary,1.0,1.983
SAMEA117558700,PRJEB83552,213131,,infant,63.0,female,BD,,,,,,2022-01/2022-04,primary,1.0,6.99
SAMEA117508762,PRJEB83552,213140,,neonate,19.0,female,BD,,,,,,2022-01/2022-04,primary,1.0,2.507
SAMEA117509072,PRJEB83552,213141,,neonate,5.0,female,BD,,,,,,2022-01/2022-04,primary,1.0,1.973
SAMEA117511665,PRJEB83552,213141,,neonate,2.0,female,BD,,,,,,2022-01/2022-04,primary,1.0,1.548
SAMEA117511805,PRJEB83552,213141,,neonate,19.0,female,BD,,,,,,2022-01/2022-04,primary,1.0,2.127
SAMEA117511816,PRJEB83552,213141,,infant,29.0,female,BD,,,,,,2022-01/2022-04,primary,1.0,1.014
SAMEA117511869,PRJEB83552,213141,,infant,61.0,female,BD,,,,,,2022-01/2022-04,primary,1.0,4.633
SAMEA117511913,PRJEB83552,213141,,infant,194.0,female,BD,,,,,,2022-01/2022-04,primary,1.0,0.427
SAMEA117558723,PRJEB83552,213141,,infant,90.0,female,BD,,,,,,2022-01/2022-04,primary,1.0,8.984
SAMEA117508457,PRJEB83552,213160,,neonate,2.0,female,BD,,,,,,2022-01/2022-04,primary,1.0,1.638
SAMEA117508511,PRJEB83552,213160,,neonate,21.0,female,BD,,,,,,2022-01/2022-04,primary,1.0,2.324
SAMEA117508876,PRJEB83552,213161,,neonate,5.0,female,BD,,,,,,2022-01/2022-04,primary,1.0,1.512
SAMEA117511118,PRJEB83552,213161,,neonate,2.0,female,BD,,,,,,2022-01/2022-04,primary,1.0,1.871
SAMEA117511165,PRJEB83552,213161,,neonate,28.0,female,BD,,,,,,2022-01/2022-04,primary,1.0,2.14
SAMEA117511315,PRJEB83552,213161,,infant,60.0,female,BD,,,,,,2022-01/2022-04,primary,1.0,1.541
SAMEA117511625,PRJEB83552,213161,,neonate,14.0,female,BD,,,,,,2022-01/2022-04,primary,1.0,2.062
SAMEA117511921,PRJEB83552,213161,,infant,182.0,female,BD,,,,,,2022-01/2022-04,primary,1.0,0.825
SAMEA117558742,PRJEB83552,213161,,infant,97.0,female,BD,,,,,,2022-01/2022-04,primary,1.0,4.801
SAMEA117508613,PRJEB83552,213231,,neonate,28.0,female,BD,,,,,,2022-01/2022-04,primary,1.0,2.921
SAMEA117508671,PRJEB83552,213231,,infant,42.0,female,BD,,,,,,2022-01/2022-04,primary,1.0,1.874
SAMEA117508943,PRJEB83552,213231,,neonate,1.0,female,BD,,,,,,2022-01/2022-04,primary,1.0,2.589
SAMEA117509134,PRJEB83552,213231,,infant,99.0,female,BD,,,,,,2022-01/2022-04,primary,1.0,2.169
SAMEA117509191,PRJEB83552,213231,,infant,182.0,female,BD,,,,,,2022-01/2022-04,primary,1.0,1.149
SAMEA117508629,PRJEB83552,213351,,infant,60.0,male,BD,,,,,,2022-01/2022-04,primary,1.0,2.159
SAMEA117508948,PRJEB83552,213351,,infant,35.0,male,BD,,,,,,2022-01/2022-04,primary,1.0,1.419
SAMEA117509110,PRJEB83552,213351,,infant,98.0,male,BD,,,,,,2022-01/2022-04,primary,1.0,1.701
SAMEA117509180,PRJEB83552,213351,,infant,188.0,male,BD,,,,,,2022-01/2022-04,primary,1.0,1.257
SAMEA117558813,PRJEB83552,213351,,neonate,13.0,male,BD,,,,,,2022-01/2022-04,primary,1.0,0.321
SAMEA117509133,PRJEB83552,213461,,infant,40.0,female,BD,,,,,,2022-01/2022-04,primary,1.0,2.114
SAMEA117558706,PRJEB83552,213461,,infant,37.0,female,BD,,,,,,2022-01/2022-04,primary,1.0,0.838
SAMEA117558719,PRJEB83552,213470,,infant,61.0,female,BD,,,,,,2022-01/2022-04,primary,1.0,0.378
SAMEA117511326,PRJEB83552,213471,,infant,29.0,male,BD,,,,,,2022-01/2022-04,primary,1.0,3.134
SAMEA117511366,PRJEB83552,213471,,infant,61.0,male,BD,,,,,,2022-01/2022-04,primary,1.0,2.356
SAMEA117511454,PRJEB83552,213471,,infant,190.0,male,BD,,,,,,2022-01/2022-04,primary,1.0,2.85
SAMEA117511772,PRJEB83552,213471,,neonate,14.0,male,BD,,,,,,2022-01/2022-04,primary,1.0,1.206
SAMEA117558591,PRJEB83552,213471,,neonate,3.0,male,BD,,,,,,2022-01/2022-04,primary,1.0,1.547
SAMEA117508722,PRJEB83552,213520,,neonate,4.0,female,BD,,,,,,2022-01/2022-04,primary,1.0,2.735
SAMEA117508746,PRJEB83552,213521,,neonate,10.0,male,BD,,,,,,2022-01/2022-04,primary,1.0,1.988
SAMEA117511302,PRJEB83552,213521,,neonate,3.0,male,BD,,,,,,2022-01/2022-04,primary,1.0,0.969
SAMEA117511424,PRJEB83552,213521,,infant,103.0,male,BD,,,,,,2022-01/2022-04,primary,1.0,1.904
SAMEA117511791,PRJEB83552,213521,,neonate,19.0,male,BD,,,,,,2022-01/2022-04,primary,1.0,1.351
SAMEA117511799,PRJEB83552,213521,,infant,56.0,male,BD,,,,,,2022-01/2022-04,primary,1.0,5.643
SAMEA117511818,PRJEB83552,213521,,infant,29.0,male,BD,,,,,,2022-01/2022-04,primary,1.0,1.629
SAMEA117558794,PRJEB83552,213521,,infant,195.0,male,BD,,,,,,2022-01/2022-04,primary,1.0,0.469
SAMEA117508783,PRJEB83552,213600,,infant,60.0,female,BD,,,,,,2022-01/2022-04,primary,1.0,1.915
SAMEA117508888,PRJEB83552,213601,,neonate,10.0,male,BD,,,,,,2022-01/2022-04,primary,1.0,1.533
SAMEA117509126,PRJEB83552,213601,,infant,49.0,male,BD,,,,,,2022-01/2022-04,primary,1.0,2.028
SAMEA117511267,PRJEB83552,213601,,neonate,4.0,male,BD,,,,,,2022-01/2022-04,primary,1.0,1.46
SAMEA117511769,PRJEB83552,213601,,neonate,14.0,male,BD,,,,,,2022-01/2022-04,primary,1.0,1.862
SAMEA117511856,PRJEB83552,213601,,infant,60.0,male,BD,,,,,,2022-01/2022-04,primary,1.0,1.048
SAMEA117511901,PRJEB83552,213601,,infant,184.0,male,BD,,,,,,2022-01/2022-04,primary,1.0,0.001
SAMEA117558685,PRJEB83552,213601,,infant,35.0,male,BD,,,,,,2022-01/2022-04,primary,1.0,2.659
SAMEA117558777,PRJEB83552,213601,,infant,95.0,male,BD,,,,,,2022-01/2022-04,primary,1.0,3.73
SAMEA117508600,PRJEB83552,213721,,infant,60.0,female,BD,,,,,,2022-01/2022-04,primary,1.0,2.646
SAMEA117508790,PRJEB83552,213721,,infant,120.0,female,BD,,,,,,2022-01/2022-04,primary,1.0,2.677
SAMEA117508925,PRJEB83552,213721,,infant,42.0,female,BD,,,,,,2022-01/2022-04,primary,1.0,2.008
SAMEA117508986,PRJEB83552,213781,,neonate,0.0,male,BD,,,,,,2022-01/2022-04,primary,1.0,0.002
SAMEA117509205,PRJEB83552,213781,,infant,182.0,male,BD,,,,,,2022-01/2022-04,primary,1.0,2.419
SAMEA117508690,PRJEB83552,213800,,infant,51.0,female,BD,,,,,,2022-01/2022-04,primary,1.0,1.938
SAMEA117508607,PRJEB83552,213801,,neonate,5.0,female,BD,,,,,,2022-01/2022-04,primary,1.0,2.176
SAMEA117511279,PRJEB83552,213801,,neonate,28.0,female,BD,,,,,,2022-01/2022-04,primary,1.0,2.64
SAMEA117511392,PRJEB83552,213801,,infant,91.0,female,BD,,,,,,2022-01/2022-04,primary,1.0,2.183
SAMEA117511693,PRJEB83552,213801,,neonate,1.0,female,BD,,,,,,2022-01/2022-04,primary,1.0,0.004
SAMEA117511809,PRJEB83552,213801,,infant,62.0,female,BD,,,,,,2022-01/2022-04,primary,1.0,1.22
SAMEA117511895,PRJEB83552,213801,,infant,181.0,female,BD,,,,,,2022-01/2022-04,primary,1.0,0.953
SAMEA117558601,PRJEB83552,213801,,neonate,14.0,female,BD,,,,,,2022-01/2022-04,primary,1.0,7.619
SAMEA117508693,PRJEB83552,213970,,neonate,21.0,female,BD,,,,,,2022-01/2022-04,primary,1.0,1.764
SAMEA117511202,PRJEB83552,213971,,neonate,2.0,female,BD,,,,,,2022-01/2022-04,primary,1.0,2.064
SAMEA117511362,PRJEB83552,213971,,infant,63.0,female,BD,,,,,,2022-01/2022-04,primary,1.0,1.752
SAMEA117511743,PRJEB83552,213971,,neonate,14.0,female,BD,,,,,,2022-01/2022-04,primary,1.0,5.685
SAMEA117558634,PRJEB83552,213971,,infant,29.0,female,BD,,,,,,2022-01/2022-04,primary,1.0,1.374
SAMEA117558711,PRJEB83552,213971,,infant,90.0,female,BD,,,,,,2022-01/2022-04,primary,1.0,3.252
SAMEA117558803,PRJEB83552,213971,,infant,188.0,female,BD,,,,,,2022-01/2022-04,primary,1.0,0.287
SAMEA117558565,PRJEB83552,213980,,neonate,3.0,female,BD,,,,,,2022-01/2022-04,primary,1.0,0.364
SAMEA117509023,PRJEB83552,213981,,infant,42.0,male,BD,,,,,,2022-01/2022-04,primary,1.0,2.277
SAMEA117511384,PRJEB83552,213981,,infant,120.0,male,BD,,,,,,2022-01/2022-04,primary,1.0,2.085
SAMEA117511639,PRJEB83552,213981,,neonate,1.0,male,BD,,,,,,2022-01/2022-04,primary,1.0,1.421
SAMEA117511730,PRJEB83552,213981,,neonate,28.0,male,BD,,,,,,2022-01/2022-04,primary,1.0,0.946
SAMEA117511764,PRJEB83552,213981,,infant,60.0,male,BD,,,,,,2022-01/2022-04,primary,1.0,1.445
SAMEA117511881,PRJEB83552,213981,,infant,193.0,male,BD,,,,,,2022-01/2022-04,primary,1.0,3.215
SAMEA117558572,PRJEB83552,213981,,neonate,14.0,male,BD,,,,,,2022-01/2022-04,primary,1.0,2.785
SAMEA117508480,PRJEB83552,214110,,neonate,6.0,female,BD,,,,,,2022-01/2022-04,primary,1.0,2.548
SAMEA117511155,PRJEB83552,214111,,neonate,28.0,male,BD,,,,,,2022-01/2022-04,primary,1.0,2.121
SAMEA117511252,PRJEB83552,214111,,infant,60.0,male,BD,,,,,,2022-01/2022-04,primary,1.0,1.769
SAMEA117511645,PRJEB83552,214111,,neonate,0.0,male,BD,,,,,,2022-01/2022-04,primary,1.0,2.386
SAMEA117511652,PRJEB83552,214111,,neonate,15.0,male,BD,,,,,,2022-01/2022-04,primary,1.0,3.637
SAMEA117558514,PRJEB83552,214111,,neonate,11.0,male,BD,,,,,,2022-01/2022-04,primary,1.0,2.224
SAMEA117558620,PRJEB83552,214111,,infant,92.0,male,BD,,,,,,2022-01/2022-04,primary,1.0,2.527
SAMEA117558772,PRJEB83552,214111,,infant,186.0,male,BD,,,,,,2022-01/2022-04,primary,1.0,1.993
SAMEA117508582,PRJEB83552,214140,,neonate,2.0,female,BD,,,,,,2022-01/2022-04,primary,1.0,2.76
SAMEA117508742,PRJEB83552,214140,,infant,60.0,female,BD,,,,,,2022-01/2022-04,primary,1.0,2.283
SAMEA117508640,PRJEB83552,214141,,infant,42.0,female,BD,,,,,,2022-01/2022-04,primary,1.0,2.025
SAMEA117508998,PRJEB83552,214141,,neonate,16.0,female,BD,,,,,,2022-01/2022-04,primary,1.0,1.964
SAMEA117511197,PRJEB83552,214141,,neonate,13.0,female,BD,,,,,,2022-01/2022-04,primary,1.0,2.799
SAMEA117511229,PRJEB83552,214141,,neonate,26.0,female,BD,,,,,,2022-01/2022-04,primary,1.0,2.33
SAMEA117511305,PRJEB83552,214141,,infant,60.0,female,BD,,,,,,2022-01/2022-04,primary,1.0,2.388
SAMEA117511877,PRJEB83552,214141,,infant,183.0,female,BD,,,,,,2022-01/2022-04,primary,1.0,1.573
SAMEA117558566,PRJEB83552,214141,,neonate,0.0,female,BD,,,,,,2022-01/2022-04,primary,1.0,0.002
SAMEA117509075,PRJEB83552,214211,,infant,43.0,female,BD,,,,,,2022-01/2022-04,primary,1.0,0.973
SAMEA117511224,PRJEB83552,214211,,neonate,5.0,female,BD,,,,,,2022-01/2022-04,primary,1.0,0.653
SAMEA117511258,PRJEB83552,214211,,neonate,17.0,female,BD,,,,,,2022-01/2022-04,primary,1.0,2.611
SAMEA117511284,PRJEB83552,214211,,infant,29.0,female,BD,,,,,,2022-01/2022-04,primary,1.0,2.04
SAMEA117511891,PRJEB83552,214211,,infant,180.0,female,BD,,,,,,2022-01/2022-04,primary,1.0,1.631
SAMEA117558697,PRJEB83552,214211,,infant,64.0,female,BD,,,,,,2022-01/2022-04,primary,1.0,2.025
SAMEA117508637,PRJEB83552,214280,,infant,35.0,female,BD,,,,,,2022-01/2022-04,primary,1.0,2.041
SAMEA117511249,PRJEB83552,214281,,neonate,15.0,female,BD,,,,,,2022-01/2022-04,primary,1.0,1.265
SAMEA117511275,PRJEB83552,214281,,neonate,28.0,female,BD,,,,,,2022-01/2022-04,primary,1.0,1.437
SAMEA117511342,PRJEB83552,214281,,infant,67.0,female,BD,,,,,,2022-01/2022-04,primary,1.0,2.042
SAMEA117511361,PRJEB83552,214281,,infant,95.0,female,BD,,,,,,2022-01/2022-04,primary,1.0,2.042
SAMEA117511735,PRJEB83552,214281,,neonate,10.0,female,BD,,,,,,2022-01/2022-04,primary,1.0,4.162
SAMEA117511890,PRJEB83552,214281,,infant,191.0,female,BD,,,,,,2022-01/2022-04,primary,1.0,3.071
SAMEA117508530,PRJEB83552,214461,,neonate,14.0,male,BD,,,,,,2022-01/2022-04,primary,1.0,2.061
SAMEA117508789,PRJEB83552,214461,,infant,60.0,male,BD,,,,,,2022-01/2022-04,primary,1.0,2.67
SAMEA117508933,PRJEB83552,214461,,neonate,5.0,male,BD,,,,,,2022-01/2022-04,primary,1.0,5.414
SAMEA117509177,PRJEB83552,214461,,infant,97.0,male,BD,,,,,,2022-01/2022-04,primary,1.0,1.626
SAMEA117509217,PRJEB83552,214461,,neonate,1.0,male,BD,,,,,,2022-01/2022-04,primary,1.0,0.125
SAMEA117558734,PRJEB83552,214461,,infant,42.0,male,BD,,,,,,2022-01/2022-04,primary,1.0,3.016
SAMEA117508771,PRJEB83552,214511,,infant,42.0,male,BD,,,,,,2022-01/2022-04,primary,1.0,0.914
SAMEA117509067,PRJEB83552,214511,,neonate,28.0,male,BD,,,,,,2022-01/2022-04,primary,1.0,2.173
SAMEA117509157,PRJEB83552,214511,,infant,61.0,male,BD,,,,,,2022-01/2022-04,primary,1.0,2.737
SAMEA117509171,PRJEB83552,214511,,infant,102.0,male,BD,,,,,,2022-01/2022-04,primary,1.0,3.213
SAMEA117508601,PRJEB83552,214521,,neonate,4.0,female,BD,,,,,,2022-01/2022-04,primary,1.0,2.354
SAMEA117508927,PRJEB83552,214521,,neonate,10.0,female,BD,,,,,,2022-01/2022-04,primary,1.0,1.595
SAMEA117558653,PRJEB83552,214521,,infant,49.0,female,BD,,,,,,2022-01/2022-04,primary,1.0,0.349
SAMEA117508567,PRJEB83552,214600,,neonate,3.0,female,BD,,,,,,2022-01/2022-04,primary,1.0,1.866
SAMEA117508941,PRJEB83552,214601,,neonate,5.0,male,BD,,,,,,2022-01/2022-04,primary,1.0,2.187
SAMEA117511181,PRJEB83552,214601,,neonate,2.0,male,BD,,,,,,2022-01/2022-04,primary,1.0,0.656
SAMEA117511234,PRJEB83552,214601,,neonate,28.0,male,BD,,,,,,2022-01/2022-04,primary,1.0,3.385
SAMEA117511280,PRJEB83552,214601,,infant,62.0,male,BD,,,,,,2022-01/2022-04,primary,1.0,1.874
SAMEA117511931,PRJEB83552,214601,,infant,101.0,male,BD,,,,,,2022-01/2022-04,primary,1.0,2.951
SAMEA117558593,PRJEB83552,214601,,neonate,14.0,male,BD,,,,,,2022-01/2022-04,primary,1.0,8.439
SAMEA117508767,PRJEB83552,214640,,infant,70.0,female,BD,,,,,,2022-01/2022-04,primary,1.0,2.608
SAMEA117511151,PRJEB83552,214641,,neonate,6.0,female,BD,,,,,,2022-01/2022-04,primary,1.0,2.417
SAMEA117511277,PRJEB83552,214641,,neonate,26.0,female,BD,,,,,,2022-01/2022-04,primary,1.0,2.24
SAMEA117511752,PRJEB83552,214641,,neonate,14.0,female,BD,,,,,,2022-01/2022-04,primary,1.0,1.665
SAMEA117511784,PRJEB83552,214641,,infant,68.0,female,BD,,,,,,2022-01/2022-04,primary,1.0,1.217
SAMEA117511859,PRJEB83552,214641,,infant,90.0,female,BD,,,,,,2022-01/2022-04,primary,1.0,2.278
SAMEA117511897,PRJEB83552,214641,,infant,183.0,female,BD,,,,,,2022-01/2022-04,primary,1.0,0.78
SAMEA117508501,PRJEB83552,214660,,neonate,3.0,female,BD,,,,,,2022-01/2022-04,primary,1.0,2.227
SAMEA117511177,PRJEB83552,214661,,neonate,15.0,female,BD,,,,,,2022-01/2022-04,primary,1.0,2.742
SAMEA117511199,PRJEB83552,214661,,infant,29.0,female,BD,,,,,,2022-01/2022-04,primary,1.0,2.75
SAMEA117511266,PRJEB83552,214661,,infant,50.0,female,BD,,,,,,2022-01/2022-04,primary,1.0,2.309
SAMEA117511437,PRJEB83552,214661,,infant,191.0,female,BD,,,,,,2022-01/2022-04,primary,1.0,2.221
SAMEA117558533,PRJEB83552,214661,,neonate,4.0,female,BD,,,,,,2022-01/2022-04,primary,1.0,2.257
SAMEA117558714,PRJEB83552,214661,,infant,107.0,female,BD,,,,,,2022-01/2022-04,primary,1.0,4.68
SAMEA117508871,PRJEB83552,214731,,neonate,1.0,male,BD,,,,,,2022-01/2022-04,primary,1.0,0.018
SAMEA117508908,PRJEB83552,214731,,neonate,10.0,male,BD,,,,,,2022-01/2022-04,primary,1.0,1.734
SAMEA117508934,PRJEB83552,214731,,neonate,28.0,male,BD,,,,,,2022-01/2022-04,primary,1.0,1.739
SAMEA117511295,PRJEB83552,214751,,neonate,4.0,male,BD,,,,,,2022-01/2022-04,primary,1.0,2.241
SAMEA117511801,PRJEB83552,214751,,neonate,28.0,male,BD,,,,,,2022-01/2022-04,primary,1.0,0.048
SAMEA117511870,PRJEB83552,214751,,infant,60.0,male,BD,,,,,,2022-01/2022-04,primary,1.0,1.602
SAMEA117511903,PRJEB83552,214751,,infant,184.0,male,BD,,,,,,2022-01/2022-04,primary,1.0,0.959
SAMEA117509008,PRJEB83552,214761,,infant,60.0,female,BD,,,,,,2022-01/2022-04,primary,1.0,1.578
SAMEA117558535,PRJEB83552,214761,,neonate,28.0,female,BD,,,,,,2022-01/2022-04,primary,1.0,2.817
SAMEA117558786,PRJEB83552,214761,,infant,191.0,female,BD,,,,,,2022-01/2022-04,primary,1.0,4.081
SAMEA117508588,PRJEB83552,214831,,neonate,4.0,male,BD,,,,,,2022-01/2022-04,primary,1.0,1.947
SAMEA117508772,PRJEB83552,214831,,infant,91.0,male,BD,,,,,,2022-01/2022-04,primary,1.0,2.147
SAMEA117508966,PRJEB83552,214831,,neonate,5.0,male,BD,,,,,,2022-01/2022-04,primary,1.0,7.219
SAMEA117509030,PRJEB83552,214831,,neonate,28.0,male,BD,,,,,,2022-01/2022-04,primary,1.0,1.301
SAMEA117509183,PRJEB83552,214831,,infant,182.0,male,BD,,,,,,2022-01/2022-04,primary,1.0,1.674
SAMEA117508701,PRJEB83552,214920,,neonate,22.0,female,BD,,,,,,2022-01/2022-04,primary,1.0,2.245
SAMEA117511742,PRJEB83552,214921,,neonate,3.0,male,BD,,,,,,2022-01/2022-04,primary,1.0,4.767
SAMEA117511813,PRJEB83552,214921,,infant,63.0,male,BD,,,,,,2022-01/2022-04,primary,1.0,2.319
SAMEA117558612,PRJEB83552,214921,,neonate,28.0,male,BD,,,,,,2022-01/2022-04,primary,1.0,1.695
SAMEA117558619,PRJEB83552,214921,,neonate,14.0,male,BD,,,,,,2022-01/2022-04,primary,1.0,9.592
SAMEA117558766,PRJEB83552,214921,,infant,94.0,male,BD,,,,,,2022-01/2022-04,primary,1.0,2.905
SAMEA117558802,PRJEB83552,214921,,infant,182.0,male,BD,,,,,,2022-01/2022-04,primary,1.0,0.36
SAMEA117508733,PRJEB83552,214990,,neonate,3.0,female,BD,,,,,,2022-01/2022-04,primary,1.0,1.805
SAMEA117558735,PRJEB83552,214990,,infant,49.0,female,BD,,,,,,2022-01/2022-04,primary,1.0,0.28
SAMEA117509088,PRJEB83552,214991,,neonate,5.0,female,BD,,,,,,2022-01/2022-04,primary,1.0,1.476
SAMEA117509149,PRJEB83552,214991,,infant,42.0,female,BD,,,,,,2022-01/2022-04,primary,1.0,2.524
SAMEA117511312,PRJEB83552,214991,,neonate,28.0,female,BD,,,,,,2022-01/2022-04,primary,1.0,1.956
SAMEA117511405,PRJEB83552,214991,,infant,90.0,female,BD,,,,,,2022-01/2022-04,primary,1.0,2.547
SAMEA117511466,PRJEB83552,214991,,infant,180.0,female,BD,,,,,,2022-01/2022-04,primary,1.0,1.55
SAMEA117511781,PRJEB83552,214991,,neonate,14.0,female,BD,,,,,,2022-01/2022-04,primary,1.0,5.714
SAMEA117558554,PRJEB83552,214991,,neonate,3.0,female,BD,,,,,,2022-01/2022-04,primary,1.0,1.565
SAMEA117558726,PRJEB83552,214991,,infant,60.0,female,BD,,,,,,2022-01/2022-04,primary,1.0,1.526
SAMEA117508904,PRJEB83552,215071,,neonate,2.0,female,BD,,,,,,2022-01/2022-04,primary,1.0,2.831
SAMEA117508905,PRJEB83552,215071,,neonate,10.0,female,BD,,,,,,2022-01/2022-04,primary,1.0,1.68
SAMEA117509087,PRJEB83552,215071,,infant,67.0,female,BD,,,,,,2022-01/2022-04,primary,1.0,7.012
SAMEA117509181,PRJEB83552,215071,,infant,181.0,female,BD,,,,,,2022-01/2022-04,primary,1.0,2.445
SAMEA117558647,PRJEB83552,215071,,infant,101.0,female,BD,,,,,,2022-01/2022-04,primary,1.0,0.001
SAMEA117509086,PRJEB83552,215221,,neonate,10.0,female,BD,,,,,,2022-01/2022-04,primary,1.0,1.73
SAMEA117509089,PRJEB83552,215221,,neonate,14.0,female,BD,,,,,,2022-01/2022-04,primary,1.0,2.065
SAMEA117509151,PRJEB83552,215221,,neonate,28.0,female,BD,,,,,,2022-01/2022-04,primary,1.0,2.903
SAMEA117558728,PRJEB83552,215221,,infant,69.0,female,BD,,,,,,2022-01/2022-04,primary,1.0,1.513
SAMEA117558780,PRJEB83552,215221,,infant,99.0,female,BD,,,,,,2022-01/2022-04,primary,1.0,1.888
SAMEA117509173,PRJEB83552,215371,,infant,91.0,male,BD,,,,,,2022-01/2022-04,primary,1.0,2.365
SAMEA117508797,PRJEB83552,215421,,infant,90.0,female,BD,,,,,,2022-01/2022-04,primary,1.0,3.284
SAMEA117508899,PRJEB83552,215421,,neonate,1.0,female,BD,,,,,,2022-01/2022-04,primary,1.0,0.083
SAMEA117509155,PRJEB83552,215491,,infant,60.0,male,BD,,,,,,2022-01/2022-04,primary,1.0,2.862
SAMEA117508503,PRJEB83552,215530,,neonate,2.0,female,BD,,,,,,2022-01/2022-04,primary,1.0,2.141
SAMEA117558589,PRJEB83552,215530,,infant,60.0,female,BD,,,,,,2022-01/2022-04,primary,1.0,0.233
SAMEA117511161,PRJEB83552,215531,,infant,42.0,female,BD,,,,,,2022-01/2022-04,primary,1.0,1.912
SAMEA117511422,PRJEB83552,215531,,infant,180.0,female,BD,,,,,,2022-01/2022-04,primary,1.0,0.013
SAMEA117511627,PRJEB83552,215531,,neonate,14.0,female,BD,,,,,,2022-01/2022-04,primary,1.0,1.716
SAMEA117511670,PRJEB83552,215531,,neonate,3.0,female,BD,,,,,,2022-01/2022-04,primary,1.0,1.833
SAMEA117511684,PRJEB83552,215531,,infant,60.0,female,BD,,,,,,2022-01/2022-04,primary,1.0,0.738
SAMEA117558652,PRJEB83552,215531,,infant,90.0,female,BD,,,,,,2022-01/2022-04,primary,1.0,3.346
SAMEA117508656,PRJEB83552,215661,,neonate,5.0,female,BD,,,,,,2022-01/2022-04,primary,1.0,2.058
SAMEA117509132,PRJEB83552,215661,,infant,45.0,female,BD,,,,,,2022-01/2022-04,primary,1.0,0.83
SAMEA117509162,PRJEB83552,215661,,infant,66.0,female,BD,,,,,,2022-01/2022-04,primary,1.0,1.2
SAMEA117509202,PRJEB83552,215661,,infant,182.0,female,BD,,,,,,2022-01/2022-04,primary,1.0,1.684
SAMEA117508544,PRJEB83552,215731,,neonate,4.0,female,BD,,,,,,2022-01/2022-04,primary,1.0,1.939
SAMEA117508968,PRJEB83552,215731,,neonate,14.0,female,BD,,,,,,2022-01/2022-04,primary,1.0,3.071
SAMEA117508994,PRJEB83552,215731,,infant,35.0,female,BD,,,,,,2022-01/2022-04,primary,1.0,3.155
SAMEA117509012,PRJEB83552,215731,,neonate,8.0,female,BD,,,,,,2022-01/2022-04,primary,1.0,2.084
SAMEA117509057,PRJEB83552,215731,,infant,42.0,female,BD,,,,,,2022-01/2022-04,primary,1.0,2.031
SAMEA117509165,PRJEB83552,215731,,infant,93.0,female,BD,,,,,,2022-01/2022-04,primary,1.0,1.315
SAMEA117509185,PRJEB83552,215731,,infant,183.0,female,BD,,,,,,2022-01/2022-04,primary,1.0,2.096
SAMEA117508732,PRJEB83552,215881,,neonate,3.0,male,BD,,,,,,2022-01/2022-04,primary,1.0,2.034
SAMEA117508791,PRJEB83552,215881,,neonate,28.0,male,BD,,,,,,2022-01/2022-04,primary,1.0,3.182
SAMEA117508975,PRJEB83552,215881,,infant,90.0,male,BD,,,,,,2022-01/2022-04,primary,1.0,1.931
SAMEA117509144,PRJEB83552,215881,,infant,60.0,male,BD,,,,,,2022-01/2022-04,primary,1.0,1.139
SAMEA117509150,PRJEB83552,215881,,infant,42.0,male,BD,,,,,,2022-01/2022-04,primary,1.0,1.838
SAMEA117509152,PRJEB83552,215881,,neonate,14.0,male,BD,,,,,,2022-01/2022-04,primary,1.0,2.728
SAMEA117558538,PRJEB83552,215881,,neonate,10.0,male,BD,,,,,,2022-01/2022-04,primary,1.0,6.436
SAMEA117508485,PRJEB83552,215900,,neonate,4.0,female,BD,,,,,,2022-01/2022-04,primary,1.0,2.303
SAMEA117508604,PRJEB83552,215900,,infant,35.0,female,BD,,,,,,2022-01/2022-04,primary,1.0,2.547
SAMEA117509002,PRJEB83552,215901,,infant,45.0,female,BD,,,,,,2022-01/2022-04,primary,1.0,2.073
SAMEA117511188,PRJEB83552,215901,,neonate,28.0,female,BD,,,,,,2022-01/2022-04,primary,1.0,2.537
SAMEA117511265,PRJEB83552,215901,,infant,92.0,female,BD,,,,,,2022-01/2022-04,primary,1.0,2.306
SAMEA117511648,PRJEB83552,215901,,neonate,2.0,female,BD,,,,,,2022-01/2022-04,primary,1.0,0.014
SAMEA117511666,PRJEB83552,215901,,neonate,14.0,female,BD,,,,,,2022-01/2022-04,primary,1.0,0.861
SAMEA117511750,PRJEB83552,215901,,infant,62.0,female,BD,,,,,,2022-01/2022-04,primary,1.0,3.973
SAMEA117508615,PRJEB83552,216061,,infant,52.0,female,BD,,,,,,2022-01/2022-04,primary,1.0,1.756
SAMEA117508965,PRJEB83552,216061,,infant,35.0,female,BD,,,,,,2022-01/2022-04,primary,1.0,1.275
SAMEA117558521,PRJEB83552,216061,,neonate,5.0,female,BD,,,,,,2022-01/2022-04,primary,1.0,0.189
SAMEA117508540,PRJEB83552,216110,,neonate,7.0,female,BD,,,,,,2022-01/2022-04,primary,1.0,1.891
SAMEA117508737,PRJEB83552,216110,,infant,60.0,female,BD,,,,,,2022-01/2022-04,primary,1.0,1.957
SAMEA117508590,PRJEB83552,216111,,neonate,5.0,female,BD,,,,,,2022-01/2022-04,primary,1.0,1.213
SAMEA117511204,PRJEB83552,216111,,neonate,3.0,female,BD,,,,,,2022-01/2022-04,primary,1.0,1.892
SAMEA117511323,PRJEB83552,216111,,infant,60.0,female,BD,,,,,,2022-01/2022-04,primary,1.0,2.568
SAMEA117511761,PRJEB83552,216111,,neonate,28.0,female,BD,,,,,,2022-01/2022-04,primary,1.0,4.484
SAMEA117511786,PRJEB83552,216111,,infant,90.0,female,BD,,,,,,2022-01/2022-04,primary,1.0,0.514
SAMEA117558594,PRJEB83552,216111,,neonate,14.0,female,BD,,,,,,2022-01/2022-04,primary,1.0,3.632
SAMEA117558798,PRJEB83552,216111,,infant,181.0,female,BD,,,,,,2022-01/2022-04,primary,1.0,0.495
SAMEA117508476,PRJEB83552,216130,,neonate,3.0,female,BD,,,,,,2022-01/2022-04,primary,1.0,2.548
SAMEA117508605,PRJEB83552,216130,,infant,49.0,female,BD,,,,,,2022-01/2022-04,primary,1.0,2.555
SAMEA117508896,PRJEB83552,216131,,neonate,11.0,male,BD,,,,,,2022-01/2022-04,primary,1.0,2.443
SAMEA117511175,PRJEB83552,216131,,infant,35.0,male,BD,,,,,,2022-01/2022-04,primary,1.0,2.74
SAMEA117511270,PRJEB83552,216131,,infant,68.0,male,BD,,,,,,2022-01/2022-04,primary,1.0,2.64
SAMEA117511930,PRJEB83552,216131,,neonate,1.0,male,BD,,,,,,2022-01/2022-04,primary,1.0,1.893
SAMEA117558517,PRJEB83552,216131,,neonate,15.0,male,BD,,,,,,2022-01/2022-04,primary,1.0,0.574
SAMEA117558632,PRJEB83552,216131,,infant,90.0,male,BD,,,,,,2022-01/2022-04,primary,1.0,4.066
SAMEA117558785,PRJEB83552,216131,,infant,185.0,male,BD,,,,,,2022-01/2022-04,primary,1.0,1.207
SAMEA117558887,PRJEB83552,216131,,neonate,15.0,male,BD,,,,,,2022-01/2022-04,primary,1.0,0.692
SAMEA117508682,PRJEB83552,216210,,neonate,6.0,female,BD,,,,,,2022-01/2022-04,primary,1.0,2.677
SAMEA117508636,PRJEB83552,216211,,neonate,7.0,male,BD,,,,,,2022-01/2022-04,primary,1.0,2.034
SAMEA117509122,PRJEB83552,216211,,infant,42.0,male,BD,,,,,,2022-01/2022-04,primary,1.0,0.668
SAMEA117511321,PRJEB83552,216211,,neonate,28.0,male,BD,,,,,,2022-01/2022-04,primary,1.0,2.115
SAMEA117511345,PRJEB83552,216211,,infant,60.0,male,BD,,,,,,2022-01/2022-04,primary,1.0,2.345
SAMEA117511364,PRJEB83552,216211,,infant,93.0,male,BD,,,,,,2022-01/2022-04,primary,1.0,2.669
SAMEA117511749,PRJEB83552,216211,,neonate,2.0,male,BD,,,,,,2022-01/2022-04,primary,1.0,2.673
SAMEA117511900,PRJEB83552,216211,,infant,182.0,male,BD,,,,,,2022-01/2022-04,primary,1.0,2.654
SAMEA117558616,PRJEB83552,216211,,neonate,15.0,male,BD,,,,,,2022-01/2022-04,primary,1.0,0.516
SAMEA117508521,PRJEB83552,216280,,neonate,4.0,female,BD,,,,,,2022-01/2022-04,primary,1.0,2.037
SAMEA117558558,PRJEB83552,216280,,infant,42.0,female,BD,,,,,,2022-01/2022-04,primary,1.0,0.476
SAMEA117508909,PRJEB83552,216281,,neonate,5.0,male,BD,,,,,,2022-01/2022-04,primary,1.0,1.443
SAMEA117511158,PRJEB83552,216281,,neonate,15.0,male,BD,,,,,,2022-01/2022-04,primary,1.0,2.782
SAMEA117511211,PRJEB83552,216281,,infant,29.0,male,BD,,,,,,2022-01/2022-04,primary,1.0,2.611
SAMEA117511308,PRJEB83552,216281,,infant,60.0,male,BD,,,,,,2022-01/2022-04,primary,1.0,2.833
SAMEA117558537,PRJEB83552,216281,,neonate,3.0,male,BD,,,,,,2022-01/2022-04,primary,1.0,5.417
SAMEA117558658,PRJEB83552,216281,,infant,119.0,male,BD,,,,,,2022-01/2022-04,primary,1.0,2.191
SAMEA117508554,PRJEB83552,216300,,neonate,4.0,female,BD,,,,,,2022-01/2022-04,primary,1.0,2.27
SAMEA117508586,PRJEB83552,216300,,neonate,14.0,female,BD,,,,,,2022-01/2022-04,primary,1.0,2.008
SAMEA117509040,PRJEB83552,216301,,infant,44.0,female,BD,,,,,,2022-01/2022-04,primary,1.0,2.249
SAMEA117511240,PRJEB83552,216301,,infant,30.0,female,BD,,,,,,2022-01/2022-04,primary,1.0,1.388
SAMEA117511435,PRJEB83552,216301,,infant,183.0,female,BD,,,,,,2022-01/2022-04,primary,1.0,2.01
SAMEA117511696,PRJEB83552,216301,,neonate,3.0,female,BD,,,,,,2022-01/2022-04,primary,1.0,0.003
SAMEA117511770,PRJEB83552,216301,,infant,62.0,female,BD,,,,,,2022-01/2022-04,primary,1.0,4.087
SAMEA117511852,PRJEB83552,216301,,infant,105.0,female,BD,,,,,,2022-01/2022-04,primary,1.0,9.016
SAMEA117558575,PRJEB83552,216301,,neonate,17.0,female,BD,,,,,,2022-01/2022-04,primary,1.0,5.389
SAMEA117508581,PRJEB83552,216360,,neonate,4.0,female,BD,,,,,,2022-01/2022-04,primary,1.0,1.375
SAMEA117508681,PRJEB83552,216360,,infant,29.0,female,BD,,,,,,2022-01/2022-04,primary,1.0,2.211
SAMEA117508961,PRJEB83552,216361,,neonate,5.0,female,BD,,,,,,2022-01/2022-04,primary,1.0,1.502
SAMEA117511274,PRJEB83552,216361,,infant,31.0,female,BD,,,,,,2022-01/2022-04,primary,1.0,2.058
SAMEA117511445,PRJEB83552,216361,,infant,186.0,female,BD,,,,,,2022-01/2022-04,primary,1.0,2.287
SAMEA117511713,PRJEB83552,216361,,neonate,0.0,female,BD,,,,,,2022-01/2022-04,primary,1.0,3.873
SAMEA117511727,PRJEB83552,216361,,neonate,15.0,female,BD,,,,,,2022-01/2022-04,primary,1.0,2.194
SAMEA117511863,PRJEB83552,216361,,infant,94.0,female,BD,,,,,,2022-01/2022-04,primary,1.0,1.694
SAMEA117558686,PRJEB83552,216361,,infant,65.0,female,BD,,,,,,2022-01/2022-04,primary,1.0,0.284
SAMEA117508699,PRJEB83552,216611,,neonate,6.0,male,BD,,,,,,2022-01/2022-04,primary,1.0,2.351
SAMEA117509109,PRJEB83552,216611,,neonate,15.0,male,BD,,,,,,2022-01/2022-04,primary,1.0,1.803
SAMEA117509128,PRJEB83552,216611,,infant,32.0,male,BD,,,,,,2022-01/2022-04,primary,1.0,1.287
SAMEA117509169,PRJEB83552,216611,,infant,98.0,male,BD,,,,,,2022-01/2022-04,primary,1.0,1.019
SAMEA117558759,PRJEB83552,216611,,infant,65.0,male,BD,,,,,,2022-01/2022-04,primary,1.0,2.443
SAMEA117508545,PRJEB83552,216671,,infant,31.0,female,BD,,,,,,2022-01/2022-04,primary,1.0,2.632
SAMEA117508618,PRJEB83552,216671,,infant,43.0,female,BD,,,,,,2022-01/2022-04,primary,1.0,1.855
SAMEA117558570,PRJEB83552,216671,,neonate,14.0,female,BD,,,,,,2022-01/2022-04,primary,1.0,0.282
SAMEA117558688,PRJEB83552,216671,,infant,91.0,female,BD,,,,,,2022-01/2022-04,primary,1.0,1.32
SAMEA117508708,PRJEB83552,216690,,neonate,5.0,female,BD,,,,,,2022-01/2022-04,primary,1.0,2.548
SAMEA117509156,PRJEB83552,216691,,infant,42.0,female,BD,,,,,,2022-01/2022-04,primary,1.0,2.575
SAMEA117511354,PRJEB83552,216691,,neonate,28.0,female,BD,,,,,,2022-01/2022-04,primary,1.0,0.309
SAMEA117511402,PRJEB83552,216691,,infant,92.0,female,BD,,,,,,2022-01/2022-04,primary,1.0,1.661
SAMEA117511828,PRJEB83552,216691,,infant,60.0,female,BD,,,,,,2022-01/2022-04,primary,1.0,2.767
SAMEA117511912,PRJEB83552,216691,,infant,182.0,female,BD,,,,,,2022-01/2022-04,primary,1.0,0.77
SAMEA117558628,PRJEB83552,216691,,neonate,2.0,female,BD,,,,,,2022-01/2022-04,primary,1.0,4.537
SAMEA117508462,PRJEB83552,216700,,neonate,21.0,female,BD,,,,,,2022-01/2022-04,primary,1.0,2.737
SAMEA117508506,PRJEB83552,216700,,neonate,3.0,female,BD,,,,,,2022-01/2022-04,primary,1.0,1.822
SAMEA117508923,PRJEB83552,216701,,infant,42.0,male,BD,,,,,,2022-01/2022-04,primary,1.0,2.063
SAMEA117511126,PRJEB83552,216701,,infant,60.0,male,BD,,,,,,2022-01/2022-04,primary,1.0,2.486
SAMEA117511128,PRJEB83552,216701,,neonate,28.0,male,BD,,,,,,2022-01/2022-04,primary,1.0,2.631
SAMEA117511313,PRJEB83552,216701,,infant,90.0,male,BD,,,,,,2022-01/2022-04,primary,1.0,1.943
SAMEA117511628,PRJEB83552,216701,,neonate,14.0,male,BD,,,,,,2022-01/2022-04,primary,1.0,0.004
SAMEA117511928,PRJEB83552,216701,,neonate,3.0,male,BD,,,,,,2022-01/2022-04,primary,1.0,3.179
SAMEA117508569,PRJEB83552,216720,,neonate,8.0,female,BD,,,,,,2022-01/2022-04,primary,1.0,2.557
SAMEA117508939,PRJEB83552,216721,,neonate,8.0,male,BD,,,,,,2022-01/2022-04,primary,1.0,1.303
SAMEA117509042,PRJEB83552,216721,,infant,44.0,male,BD,,,,,,2022-01/2022-04,primary,1.0,1.755
SAMEA117511153,PRJEB83552,216721,,infant,32.0,male,BD,,,,,,2022-01/2022-04,primary,1.0,2.456
SAMEA117511396,PRJEB83552,216721,,infant,180.0,male,BD,,,,,,2022-01/2022-04,primary,1.0,2.111
SAMEA117511653,PRJEB83552,216721,,neonate,14.0,male,BD,,,,,,2022-01/2022-04,primary,1.0,3.299
SAMEA117511694,PRJEB83552,216721,,neonate,2.0,male,BD,,,,,,2022-01/2022-04,primary,1.0,3.177
SAMEA117511815,PRJEB83552,216721,,infant,104.0,male,BD,,,,,,2022-01/2022-04,primary,1.0,1.911
SAMEA117558629,PRJEB83552,216721,,infant,67.0,male,BD,,,,,,2022-01/2022-04,primary,1.0,1.642
SAMEA117508458,PRJEB83552,216741,,neonate,4.0,female,BD,,,,,,2022-01/2022-04,primary,1.0,2.645
SAMEA117508728,PRJEB83552,216741,,infant,42.0,female,BD,,,,,,2022-01/2022-04,primary,1.0,2.797
SAMEA117508731,PRJEB83552,216741,,infant,35.0,female,BD,,,,,,2022-01/2022-04,primary,1.0,2.506
SAMEA117508926,PRJEB83552,216741,,neonate,14.0,female,BD,,,,,,2022-01/2022-04,primary,1.0,1.934
SAMEA117558732,PRJEB83552,216741,,infant,90.0,female,BD,,,,,,2022-01/2022-04,primary,1.0,2.978
SAMEA117508538,PRJEB83552,216930,,neonate,21.0,female,BD,,,,,,2022-01/2022-04,primary,1.0,2.285
SAMEA117508571,PRJEB83552,216930,,neonate,6.0,female,BD,,,,,,2022-01/2022-04,primary,1.0,1.996
SAMEA117508675,PRJEB83552,216931,,infant,47.0,female,BD,,,,,,2022-01/2022-04,primary,1.0,3.085
SAMEA117511142,PRJEB83552,216931,,neonate,1.0,female,BD,,,,,,2022-01/2022-04,primary,1.0,0.017
SAMEA117511195,PRJEB83552,216931,,neonate,15.0,female,BD,,,,,,2022-01/2022-04,primary,1.0,2.414
SAMEA117511248,PRJEB83552,216931,,infant,35.0,female,BD,,,,,,2022-01/2022-04,primary,1.0,1.286
SAMEA117511365,PRJEB83552,216931,,infant,90.0,female,BD,,,,,,2022-01/2022-04,primary,1.0,1.664
SAMEA117511428,PRJEB83552,216931,,infant,185.0,female,BD,,,,,,2022-01/2022-04,primary,1.0,1.958
SAMEA117558635,PRJEB83552,216931,,infant,60.0,female,BD,,,,,,2022-01/2022-04,primary,1.0,3.606
SAMEA117508753,PRJEB83552,216961,,neonate,14.0,female,BD,,,,,,2022-01/2022-04,primary,1.0,2.283
SAMEA117509111,PRJEB83552,216961,,neonate,4.0,female,BD,,,,,,2022-01/2022-04,primary,1.0,3.718
SAMEA117508709,PRJEB83552,217420,,neonate,21.0,female,BD,,,,,,2022-01/2022-04,primary,1.0,2.444
SAMEA117511278,PRJEB83552,217421,,neonate,7.0,male,BD,,,,,,2022-01/2022-04,primary,1.0,2.24
SAMEA117511363,PRJEB83552,217421,,infant,66.0,male,BD,,,,,,2022-01/2022-04,primary,1.0,2.668
SAMEA117511400,PRJEB83552,217421,,infant,102.0,male,BD,,,,,,2022-01/2022-04,primary,1.0,1.94
SAMEA117511771,PRJEB83552,217421,,neonate,20.0,male,BD,,,,,,2022-01/2022-04,primary,1.0,1.757
SAMEA117511796,PRJEB83552,217421,,neonate,28.0,male,BD,,,,,,2022-01/2022-04,primary,1.0,1.215
SAMEA117511911,PRJEB83552,217421,,infant,208.0,male,BD,,,,,,2022-01/2022-04,primary,1.0,1.012
SAMEA117508730,PRJEB83552,217491,,neonate,28.0,female,BD,,,,,,2022-01/2022-04,primary,1.0,0.642
SAMEA117509148,PRJEB83552,217491,,infant,60.0,female,BD,,,,,,2022-01/2022-04,primary,1.0,2.233
SAMEA117558729,PRJEB83552,217491,,infant,90.0,female,BD,,,,,,2022-01/2022-04,primary,1.0,2.765
SAMEA117509068,PRJEB83552,217511,,infant,91.0,male,BD,,,,,,2022-01/2022-04,primary,1.0,1.923
SAMEA117558731,PRJEB83552,217511,,infant,184.0,male,BD,,,,,,2022-01/2022-04,primary,1.0,2.037
SAMEA117511241,PRJEB83552,217581,,neonate,14.0,male,BD,,,,,,2022-01/2022-04,primary,1.0,2.735
SAMEA117511334,PRJEB83552,217581,,infant,64.0,male,BD,,,,,,2022-01/2022-04,primary,1.0,2.167
SAMEA117511452,PRJEB83552,217581,,infant,192.0,male,BD,,,,,,2022-01/2022-04,primary,1.0,1.992
SAMEA117511734,PRJEB83552,217581,,neonate,10.0,male,BD,,,,,,2022-01/2022-04,primary,1.0,5.207
SAMEA117511765,PRJEB83552,217581,,infant,35.0,male,BD,,,,,,2022-01/2022-04,primary,1.0,2.666
SAMEA117558755,PRJEB83552,217581,,infant,96.0,male,BD,,,,,,2022-01/2022-04,primary,1.0,5.354
SAMEA117508663,PRJEB83552,217601,,infant,50.0,female,BD,,,,,,2022-01/2022-04,primary,1.0,1.868
SAMEA117508764,PRJEB83552,217800,,infant,56.0,female,BD,,,,,,2022-01/2022-04,primary,1.0,1.001
SAMEA117508646,PRJEB83552,217801,,neonate,5.0,female,BD,,,,,,2022-01/2022-04,primary,1.0,2.693
SAMEA117511218,PRJEB83552,217801,,neonate,1.0,female,BD,,,,,,2022-01/2022-04,primary,1.0,0.016
SAMEA117511456,PRJEB83552,217801,,infant,208.0,female,BD,,,,,,2022-01/2022-04,primary,1.0,1.304
SAMEA117511763,PRJEB83552,217801,,neonate,14.0,female,BD,,,,,,2022-01/2022-04,primary,1.0,0.807
SAMEA117511782,PRJEB83552,217801,,neonate,28.0,female,BD,,,,,,2022-01/2022-04,primary,1.0,1.794
SAMEA117511860,PRJEB83552,217801,,infant,66.0,female,BD,,,,,,2022-01/2022-04,primary,1.0,2.431
SAMEA117511873,PRJEB83552,217801,,infant,90.0,female,BD,,,,,,2022-01/2022-04,primary,1.0,1.896
SAMEA117558709,PRJEB83552,217801,,infant,49.0,female,BD,,,,,,2022-01/2022-04,primary,1.0,3.428
SAMEA117509070,PRJEB83552,217901,,neonate,4.0,male,BD,,,,,,2022-01/2022-04,primary,1.0,2.484
SAMEA117509083,PRJEB83552,217901,,neonate,11.0,male,BD,,,,,,2022-01/2022-04,primary,1.0,1.664
SAMEA117508492,PRJEB83552,217970,,neonate,4.0,female,BD,,,,,,2022-01/2022-04,primary,1.0,1.826
SAMEA117508609,PRJEB83552,217971,,infant,43.0,male,BD,,,,,,2022-01/2022-04,primary,1.0,2.209
SAMEA117508900,PRJEB83552,217971,,neonate,6.0,male,BD,,,,,,2022-01/2022-04,primary,1.0,0.006
SAMEA117511130,PRJEB83552,217971,,neonate,28.0,male,BD,,,,,,2022-01/2022-04,primary,1.0,2.552
SAMEA117511269,PRJEB83552,217971,,infant,60.0,male,BD,,,,,,2022-01/2022-04,primary,1.0,1.607
SAMEA117511350,PRJEB83552,217971,,infant,106.0,male,BD,,,,,,2022-01/2022-04,primary,1.0,3.187
SAMEA117511406,PRJEB83552,217971,,infant,182.0,male,BD,,,,,,2022-01/2022-04,primary,1.0,2.034
SAMEA117511642,PRJEB83552,217971,,neonate,2.0,male,BD,,,,,,2022-01/2022-04,primary,1.0,2.496
SAMEA117511664,PRJEB83552,217971,,neonate,15.0,male,BD,,,,,,2022-01/2022-04,primary,1.0,1.719
SAMEA117508881,PRJEB83552,217991,,neonate,5.0,female,BD,,,,,,2022-01/2022-04,primary,1.0,2.164
SAMEA117508913,PRJEB83552,217991,,neonate,0.0,female,BD,,,,,,2022-01/2022-04,primary,1.0,3.571
SAMEA117508936,PRJEB83552,217991,,neonate,28.0,female,BD,,,,,,2022-01/2022-04,primary,1.0,2.377
SAMEA117508976,PRJEB83552,217991,,infant,90.0,female,BD,,,,,,2022-01/2022-04,primary,1.0,1.466
SAMEA117509213,PRJEB83552,217991,,infant,184.0,female,BD,,,,,,2022-01/2022-04,primary,1.0,10.107
SAMEA117508518,PRJEB83552,218030,,neonate,5.0,female,BD,,,,,,2022-01/2022-04,primary,1.0,2.601
SAMEA117558545,PRJEB83552,218030,,neonate,10.0,female,BD,,,,,,2022-01/2022-04,primary,1.0,0.408
SAMEA117508725,PRJEB83552,218031,,infant,42.0,male,BD,,,,,,2022-01/2022-04,primary,1.0,2.29
SAMEA117511125,PRJEB83552,218031,,neonate,0.0,male,BD,,,,,,2022-01/2022-04,primary,1.0,0.003
SAMEA117511314,PRJEB83552,218031,,infant,60.0,male,BD,,,,,,2022-01/2022-04,primary,1.0,2.277
SAMEA117511371,PRJEB83552,218031,,infant,97.0,male,BD,,,,,,2022-01/2022-04,primary,1.0,2.02
SAMEA117511464,PRJEB83552,218031,,infant,180.0,male,BD,,,,,,2022-01/2022-04,primary,1.0,1.677
SAMEA117511680,PRJEB83552,218031,,neonate,14.0,male,BD,,,,,,2022-01/2022-04,primary,1.0,1.08
SAMEA117558586,PRJEB83552,218031,,neonate,28.0,male,BD,,,,,,2022-01/2022-04,primary,1.0,1.742
SAMEA117508497,PRJEB83552,218180,,neonate,9.0,female,BD,,,,,,2022-01/2022-04,primary,1.0,2.745
SAMEA117511150,PRJEB83552,218181,,neonate,8.0,male,BD,,,,,,2022-01/2022-04,primary,1.0,2.148
SAMEA117511228,PRJEB83552,218181,,neonate,28.0,male,BD,,,,,,2022-01/2022-04,primary,1.0,2.502
SAMEA117511888,PRJEB83552,218181,,infant,210.0,male,BD,,,,,,2022-01/2022-04,primary,1.0,1.002
SAMEA117558590,PRJEB83552,218181,,neonate,25.0,male,BD,,,,,,2022-01/2022-04,primary,1.0,0.216
SAMEA117508658,PRJEB83552,218270,,infant,48.0,female,BD,,,,,,2022-01/2022-04,primary,1.0,2.03
SAMEA117558568,PRJEB83552,218270,,neonate,3.0,female,BD,,,,,,2022-01/2022-04,primary,1.0,0.263
SAMEA117511193,PRJEB83552,218271,,neonate,14.0,female,BD,,,,,,2022-01/2022-04,primary,1.0,3.016
SAMEA117511238,PRJEB83552,218271,,infant,30.0,female,BD,,,,,,2022-01/2022-04,primary,1.0,1.797
SAMEA117511439,PRJEB83552,218271,,infant,185.0,female,BD,,,,,,2022-01/2022-04,primary,1.0,1.435
SAMEA117511656,PRJEB83552,218271,,neonate,1.0,female,BD,,,,,,2022-01/2022-04,primary,1.0,4.864
SAMEA117511700,PRJEB83552,218271,,infant,61.0,female,BD,,,,,,2022-01/2022-04,primary,1.0,0.979
SAMEA117558701,PRJEB83552,218271,,infant,90.0,female,BD,,,,,,2022-01/2022-04,primary,1.0,2.53
SAMEA117508487,PRJEB83552,218450,,neonate,3.0,female,BD,,,,,,2022-01/2022-04,primary,1.0,2.572
SAMEA117558536,PRJEB83552,218450,,neonate,17.0,female,BD,,,,,,2022-01/2022-04,primary,1.0,0.361
SAMEA117511138,PRJEB83552,218451,,neonate,4.0,female,BD,,,,,,2022-01/2022-04,primary,1.0,1.889
SAMEA117511206,PRJEB83552,218451,,infant,35.0,female,BD,,,,,,2022-01/2022-04,primary,1.0,2.761
SAMEA117511414,PRJEB83552,218451,,infant,187.0,female,BD,,,,,,2022-01/2022-04,primary,1.0,2.107
SAMEA117511688,PRJEB83552,218451,,neonate,15.0,female,BD,,,,,,2022-01/2022-04,primary,1.0,2.068
SAMEA117511747,PRJEB83552,218451,,infant,61.0,female,BD,,,,,,2022-01/2022-04,primary,1.0,0.831
SAMEA117558691,PRJEB83552,218451,,infant,104.0,female,BD,,,,,,2022-01/2022-04,primary,1.0,4.235
SAMEA117509166,PRJEB83552,218471,,infant,91.0,male,BD,,,,,,2022-01/2022-04,primary,1.0,1.489
SAMEA117508684,PRJEB83552,218490,,neonate,4.0,female,BD,,,,,,2022-01/2022-04,primary,1.0,2.557
SAMEA117511383,PRJEB83552,218491,,infant,63.0,male,BD,,,,,,2022-01/2022-04,primary,1.0,2.304
SAMEA117511398,PRJEB83552,218491,,infant,97.0,male,BD,,,,,,2022-01/2022-04,primary,1.0,1.862
SAMEA117511712,PRJEB83552,218491,,neonate,3.0,male,BD,,,,,,2022-01/2022-04,primary,1.0,3.377
SAMEA117511908,PRJEB83552,218491,,infant,190.0,male,BD,,,,,,2022-01/2022-04,primary,1.0,1.911
SAMEA117558624,PRJEB83552,218491,,neonate,14.0,male,BD,,,,,,2022-01/2022-04,primary,1.0,3.556
SAMEA117558676,PRJEB83552,218491,,infant,30.0,male,BD,,,,,,2022-01/2022-04,primary,1.0,1.708
SAMEA117508910,PRJEB83552,218601,,neonate,14.0,female,BD,,,,,,2022-01/2022-04,primary,1.0,1.886
SAMEA117508919,PRJEB83552,218601,,neonate,4.0,female,BD,,,,,,2022-01/2022-04,primary,1.0,2.69
SAMEA117508978,PRJEB83552,218601,,neonate,28.0,female,BD,,,,,,2022-01/2022-04,primary,1.0,2.24
SAMEA117509210,PRJEB83552,218601,,infant,196.0,female,BD,,,,,,2022-01/2022-04,primary,1.0,1.418
SAMEA117558549,PRJEB83552,218601,,neonate,10.0,female,BD,,,,,,2022-01/2022-04,primary,1.0,0.031
SAMEA117508787,PRJEB83552,218610,,infant,60.0,female,BD,,,,,,2022-01/2022-04,primary,1.0,1.869
SAMEA117558587,PRJEB83552,218610,,neonate,4.0,female,BD,,,,,,2022-01/2022-04,primary,1.0,0.216
SAMEA117511678,PRJEB83552,218611,,neonate,14.0,male,BD,,,,,,2022-01/2022-04,primary,1.0,1.592
SAMEA117511719,PRJEB83552,218611,,neonate,1.0,male,BD,,,,,,2022-01/2022-04,primary,1.0,2.515
SAMEA117511847,PRJEB83552,218611,,infant,60.0,male,BD,,,,,,2022-01/2022-04,primary,1.0,1.377
SAMEA117511919,PRJEB83552,218611,,infant,180.0,male,BD,,,,,,2022-01/2022-04,primary,1.0,1.094
SAMEA117558583,PRJEB83552,218611,,neonate,10.0,male,BD,,,,,,2022-01/2022-04,primary,1.0,3.492
SAMEA117558585,PRJEB83552,218611,,infant,42.0,male,BD,,,,,,2022-01/2022-04,primary,1.0,0.241
SAMEA117558645,PRJEB83552,218611,,neonate,28.0,male,BD,,,,,,2022-01/2022-04,primary,1.0,4.942
SAMEA117558724,PRJEB83552,218611,,infant,90.0,male,BD,,,,,,2022-01/2022-04,primary,1.0,0.2
SAMEA117509034,PRJEB83552,218751,,neonate,6.0,male,BD,,,,,,2022-01/2022-04,primary,1.0,2.787
SAMEA117509064,PRJEB83552,218751,,neonate,28.0,male,BD,,,,,,2022-01/2022-04,primary,1.0,2.292
SAMEA117509154,PRJEB83552,218751,,infant,60.0,male,BD,,,,,,2022-01/2022-04,primary,1.0,1.306
SAMEA117508912,PRJEB83552,218861,,neonate,14.0,male,BD,,,,,,2022-01/2022-04,primary,1.0,1.593
SAMEA117509208,PRJEB83552,218861,,infant,180.0,male,BD,,,,,,2022-01/2022-04,primary,1.0,2.052
SAMEA117508469,PRJEB83552,218871,,neonate,12.0,female,BD,,,,,,2022-01/2022-04,primary,1.0,2.059
SAMEA117508882,PRJEB83552,218871,,neonate,14.0,female,BD,,,,,,2022-01/2022-04,primary,1.0,1.9
SAMEA117558509,PRJEB83552,218871,,neonate,2.0,female,BD,,,,,,2022-01/2022-04,primary,1.0,1.185
SAMEA117508890,PRJEB83552,219081,,neonate,10.0,female,BD,,,,,,2022-01/2022-04,primary,1.0,2.696
SAMEA117508942,PRJEB83552,219081,,infant,34.0,female,BD,,,,,,2022-01/2022-04,primary,1.0,2.128
SAMEA117558522,PRJEB83552,219081,,neonate,14.0,female,BD,,,,,,2022-01/2022-04,primary,1.0,3.582
SAMEA117558578,PRJEB83552,219081,,infant,42.0,female,BD,,,,,,2022-01/2022-04,primary,1.0,0.517
SAMEA117508498,PRJEB83552,219220,,neonate,14.0,female,BD,,,,,,2022-01/2022-04,primary,1.0,1.218
SAMEA117558569,PRJEB83552,219220,,neonate,4.0,female,BD,,,,,,2022-01/2022-04,primary,1.0,0.573
SAMEA117508623,PRJEB83552,219221,,infant,42.0,male,BD,,,,,,2022-01/2022-04,primary,1.0,1.739
SAMEA117511149,PRJEB83552,219221,,neonate,14.0,male,BD,,,,,,2022-01/2022-04,primary,1.0,1.727
SAMEA117511205,PRJEB83552,219221,,infant,33.0,male,BD,,,,,,2022-01/2022-04,primary,1.0,1.643
SAMEA117511413,PRJEB83552,219221,,infant,180.0,male,BD,,,,,,2022-01/2022-04,primary,1.0,1.958
SAMEA117511643,PRJEB83552,219221,,neonate,0.0,male,BD,,,,,,2022-01/2022-04,primary,1.0,0.108
SAMEA117511758,PRJEB83552,219221,,infant,96.0,male,BD,,,,,,2022-01/2022-04,primary,1.0,4.549
SAMEA117508471,PRJEB83552,219251,,neonate,10.0,male,BD,,,,,,2022-01/2022-04,primary,1.0,2.58
SAMEA117508599,PRJEB83552,219251,,infant,60.0,male,BD,,,,,,2022-01/2022-04,primary,1.0,2.489
SAMEA117508872,PRJEB83552,219251,,neonate,14.0,male,BD,,,,,,2022-01/2022-04,primary,1.0,1.739
SAMEA117508879,PRJEB83552,219251,,neonate,3.0,male,BD,,,,,,2022-01/2022-04,primary,1.0,2.658
SAMEA117558749,PRJEB83552,219251,,infant,97.0,male,BD,,,,,,2022-01/2022-04,primary,1.0,9.37
SAMEA117509216,PRJEB83552,219361,,infant,180.0,male,BD,,,,,,2022-01/2022-04,primary,1.0,2.585
SAMEA117508533,PRJEB83552,219490,,neonate,5.0,female,BD,,,,,,2022-01/2022-04,primary,1.0,2.04
SAMEA117508664,PRJEB83552,219490,,infant,62.0,female,BD,,,,,,2022-01/2022-04,primary,1.0,1.035
SAMEA117508619,PRJEB83552,219491,,infant,42.0,female,BD,,,,,,2022-01/2022-04,primary,1.0,2.957
SAMEA117511420,PRJEB83552,219491,,infant,183.0,female,BD,,,,,,2022-01/2022-04,primary,1.0,1.542
SAMEA117511689,PRJEB83552,219491,,neonate,14.0,female,BD,,,,,,2022-01/2022-04,primary,1.0,4.089
SAMEA117558516,PRJEB83552,219491,,neonate,4.0,female,BD,,,,,,2022-01/2022-04,primary,1.0,4.006
SAMEA117558573,PRJEB83552,219491,,neonate,28.0,female,BD,,,,,,2022-01/2022-04,primary,1.0,5.035
SAMEA117558617,PRJEB83552,219491,,infant,64.0,female,BD,,,,,,2022-01/2022-04,primary,1.0,10.608
SAMEA117558694,PRJEB83552,219491,,infant,93.0,female,BD,,,,,,2022-01/2022-04,primary,1.0,1.001
SAMEA117508766,PRJEB83552,219500,,infant,45.0,female,BD,,,,,,2022-01/2022-04,primary,1.0,1.685
SAMEA117509082,PRJEB83552,219501,,neonate,5.0,female,BD,,,,,,2022-01/2022-04,primary,1.0,1.117
SAMEA117509158,PRJEB83552,219501,,infant,42.0,female,BD,,,,,,2022-01/2022-04,primary,1.0,2.095
SAMEA117511133,PRJEB83552,219501,,infant,62.0,female,BD,,,,,,2022-01/2022-04,primary,1.0,3.032
SAMEA117511338,PRJEB83552,219501,,neonate,14.0,female,BD,,,,,,2022-01/2022-04,primary,1.0,1.296
SAMEA117511343,PRJEB83552,219501,,neonate,28.0,female,BD,,,,,,2022-01/2022-04,primary,1.0,2.151
SAMEA117511885,PRJEB83552,219501,,infant,186.0,female,BD,,,,,,2022-01/2022-04,primary,1.0,2.515
SAMEA117558604,PRJEB83552,219501,,neonate,2.0,female,BD,,,,,,2022-01/2022-04,primary,1.0,0.927
SAMEA117558775,PRJEB83552,219501,,infant,90.0,female,BD,,,,,,2022-01/2022-04,primary,1.0,2.721
SAMEA117508759,PRJEB83552,219670,,infant,61.0,female,BD,,,,,,2022-01/2022-04,primary,1.0,2.206
SAMEA117509031,PRJEB83552,219671,,neonate,6.0,male,BD,,,,,,2022-01/2022-04,primary,1.0,1.947
SAMEA117511296,PRJEB83552,219671,,neonate,28.0,male,BD,,,,,,2022-01/2022-04,primary,1.0,2.162
SAMEA117511440,PRJEB83552,219671,,infant,180.0,male,BD,,,,,,2022-01/2022-04,primary,1.0,2.414
SAMEA117511736,PRJEB83552,219671,,neonate,0.0,male,BD,,,,,,2022-01/2022-04,primary,1.0,0.002
SAMEA117511817,PRJEB83552,219671,,infant,61.0,male,BD,,,,,,2022-01/2022-04,primary,1.0,3.536
SAMEA117511831,PRJEB83552,219671,,infant,90.0,male,BD,,,,,,2022-01/2022-04,primary,1.0,0.007
SAMEA117558602,PRJEB83552,219671,,neonate,14.0,male,BD,,,,,,2022-01/2022-04,primary,1.0,0.087
SAMEA117508751,PRJEB83552,219701,,infant,95.0,male,BD,,,,,,2022-01/2022-04,primary,1.0,3.604
SAMEA117508901,PRJEB83552,219701,,neonate,3.0,male,BD,,,,,,2022-01/2022-04,primary,1.0,3.249
SAMEA117509017,PRJEB83552,219701,,infant,44.0,male,BD,,,,,,2022-01/2022-04,primary,1.0,2.53
SAMEA117558532,PRJEB83552,219701,,neonate,7.0,male,BD,,,,,,2022-01/2022-04,primary,1.0,0.179
SAMEA117558576,PRJEB83552,219701,,neonate,28.0,male,BD,,,,,,2022-01/2022-04,primary,1.0,0.545
SAMEA117508616,PRJEB83552,219730,,neonate,3.0,female,BD,,,,,,2022-01/2022-04,primary,1.0,2.51
SAMEA117509050,PRJEB83552,219731,,neonate,13.0,female,BD,,,,,,2022-01/2022-04,primary,1.0,3.908
SAMEA117511170,PRJEB83552,219731,,neonate,1.0,female,BD,,,,,,2022-01/2022-04,primary,1.0,3.0
SAMEA117511453,PRJEB83552,219731,,infant,180.0,female,BD,,,,,,2022-01/2022-04,primary,1.0,1.879
SAMEA117511654,PRJEB83552,219731,,infant,90.0,female,BD,,,,,,2022-01/2022-04,primary,1.0,4.876
SAMEA117511753,PRJEB83552,219731,,neonate,14.0,female,BD,,,,,,2022-01/2022-04,primary,1.0,3.591
SAMEA117511811,PRJEB83552,219731,,infant,60.0,female,BD,,,,,,2022-01/2022-04,primary,1.0,1.163
SAMEA117558812,PRJEB83552,219731,,infant,29.0,female,BD,,,,,,2022-01/2022-04,primary,1.0,1.265
SAMEA117508668,PRJEB83552,219800,,infant,60.0,female,BD,,,,,,2022-01/2022-04,primary,1.0,1.411
SAMEA117558562,PRJEB83552,219800,,neonate,6.0,female,BD,,,,,,2022-01/2022-04,primary,1.0,0.368
SAMEA117509039,PRJEB83552,219801,,infant,47.0,male,BD,,,,,,2022-01/2022-04,primary,1.0,2.466
SAMEA117511179,PRJEB83552,219801,,neonate,14.0,male,BD,,,,,,2022-01/2022-04,primary,1.0,3.209
SAMEA117511203,PRJEB83552,219801,,neonate,28.0,male,BD,,,,,,2022-01/2022-04,primary,1.0,1.854
SAMEA117511434,PRJEB83552,219801,,infant,201.0,male,BD,,,,,,2022-01/2022-04,primary,1.0,1.36
SAMEA117511661,PRJEB83552,219801,,neonate,8.0,male,BD,,,,,,2022-01/2022-04,primary,1.0,0.624
SAMEA117511766,PRJEB83552,219801,,infant,60.0,male,BD,,,,,,2022-01/2022-04,primary,1.0,2.826
SAMEA117508781,PRJEB83552,220120,,infant,35.0,female,BD,,,,,,2022-01/2022-04,primary,1.0,1.931
SAMEA117511823,PRJEB83552,220121,,infant,30.0,male,BD,,,,,,2022-01/2022-04,primary,1.0,4.399
SAMEA117511871,PRJEB83552,220121,,infant,60.0,male,BD,,,,,,2022-01/2022-04,primary,1.0,1.67
SAMEA117558664,PRJEB83552,220121,,neonate,7.0,male,BD,,,,,,2022-01/2022-04,primary,1.0,9.128
SAMEA117558781,PRJEB83552,220121,,infant,92.0,male,BD,,,,,,2022-01/2022-04,primary,1.0,2.586
SAMEA117558805,PRJEB83552,220121,,infant,194.0,male,BD,,,,,,2022-01/2022-04,primary,1.0,0.628
SAMEA117508578,PRJEB83552,220160,,neonate,3.0,female,BD,,,,,,2022-01/2022-04,primary,1.0,2.238
SAMEA117508650,PRJEB83552,220161,,infant,44.0,female,BD,,,,,,2022-01/2022-04,primary,1.0,2.053
SAMEA117511134,PRJEB83552,220161,,neonate,12.0,female,BD,,,,,,2022-01/2022-04,primary,1.0,2.41
SAMEA117511658,PRJEB83552,220161,,neonate,2.0,female,BD,,,,,,2022-01/2022-04,primary,1.0,0.691
SAMEA117511715,PRJEB83552,220161,,neonate,16.0,female,BD,,,,,,2022-01/2022-04,primary,1.0,1.006
SAMEA117511798,PRJEB83552,220161,,infant,66.0,female,BD,,,,,,2022-01/2022-04,primary,1.0,1.095
SAMEA117558600,PRJEB83552,220161,,infant,31.0,female,BD,,,,,,2022-01/2022-04,primary,1.0,1.072
SAMEA117558792,PRJEB83552,220161,,infant,184.0,female,BD,,,,,,2022-01/2022-04,primary,1.0,0.398
SAMEA117508632,PRJEB83552,220231,,neonate,28.0,male,BD,,,,,,2022-01/2022-04,primary,1.0,2.055
SAMEA117508665,PRJEB83552,220231,,infant,42.0,male,BD,,,,,,2022-01/2022-04,primary,1.0,1.852
SAMEA117508770,PRJEB83552,220231,,infant,91.0,male,BD,,,,,,2022-01/2022-04,primary,1.0,1.775
SAMEA117508960,PRJEB83552,220231,,neonate,7.0,male,BD,,,,,,2022-01/2022-04,primary,1.0,1.921
SAMEA117509190,PRJEB83552,220231,,infant,196.0,male,BD,,,,,,2022-01/2022-04,primary,1.0,2.296
SAMEA117508551,PRJEB83552,220240,,neonate,7.0,female,BD,,,,,,2022-01/2022-04,primary,1.0,1.906
SAMEA117508642,PRJEB83552,220241,,infant,42.0,male,BD,,,,,,2022-01/2022-04,primary,1.0,0.558
SAMEA117508963,PRJEB83552,220241,,neonate,5.0,male,BD,,,,,,2022-01/2022-04,primary,1.0,1.936
SAMEA117511264,PRJEB83552,220241,,neonate,28.0,male,BD,,,,,,2022-01/2022-04,primary,1.0,2.033
SAMEA117511331,PRJEB83552,220241,,infant,61.0,male,BD,,,,,,2022-01/2022-04,primary,1.0,1.676
SAMEA117511425,PRJEB83552,220241,,infant,182.0,male,BD,,,,,,2022-01/2022-04,primary,1.0,1.013
SAMEA117511646,PRJEB83552,220241,,neonate,2.0,male,BD,,,,,,2022-01/2022-04,primary,1.0,0.935
SAMEA117511724,PRJEB83552,220241,,neonate,14.0,male,BD,,,,,,2022-01/2022-04,primary,1.0,1.059
SAMEA117558717,PRJEB83552,220241,,infant,90.0,male,BD,,,,,,2022-01/2022-04,primary,1.0,2.495
SAMEA117508479,PRJEB83552,220360,,neonate,7.0,female,BD,,,,,,2022-01/2022-04,primary,1.0,2.863
SAMEA117508597,PRJEB83552,220361,,infant,42.0,female,BD,,,,,,2022-01/2022-04,primary,1.0,3.391
SAMEA117511147,PRJEB83552,220361,,neonate,15.0,female,BD,,,,,,2022-01/2022-04,primary,1.0,2.126
SAMEA117511637,PRJEB83552,220361,,neonate,1.0,female,BD,,,,,,2022-01/2022-04,primary,1.0,4.76
SAMEA117511703,PRJEB83552,220361,,infant,35.0,female,BD,,,,,,2022-01/2022-04,primary,1.0,7.997
SAMEA117511754,PRJEB83552,220361,,infant,71.0,female,BD,,,,,,2022-01/2022-04,primary,1.0,5.716
SAMEA117558783,PRJEB83552,220361,,infant,180.0,female,BD,,,,,,2022-01/2022-04,primary,1.0,4.91
SAMEA117508522,PRJEB83552,220540,,neonate,2.0,female,BD,,,,,,2022-01/2022-04,primary,1.0,2.883
SAMEA117558543,PRJEB83552,220540,,neonate,28.0,female,BD,,,,,,2022-01/2022-04,primary,1.0,0.372
SAMEA117508920,PRJEB83552,220541,,neonate,5.0,male,BD,,,,,,2022-01/2022-04,primary,1.0,1.403
SAMEA117511210,PRJEB83552,220541,,neonate,28.0,male,BD,,,,,,2022-01/2022-04,primary,1.0,2.114
SAMEA117511462,PRJEB83552,220541,,infant,184.0,male,BD,,,,,,2022-01/2022-04,primary,1.0,0.911
SAMEA117511682,PRJEB83552,220541,,neonate,15.0,male,BD,,,,,,2022-01/2022-04,primary,1.0,1.226
SAMEA117511848,PRJEB83552,220541,,infant,90.0,male,BD,,,,,,2022-01/2022-04,primary,1.0,2.557
SAMEA117558541,PRJEB83552,220541,,neonate,0.0,male,BD,,,,,,2022-01/2022-04,primary,1.0,0.001
SAMEA117558582,PRJEB83552,220541,,infant,60.0,male,BD,,,,,,2022-01/2022-04,primary,1.0,4.75
SAMEA117508935,PRJEB83552,220571,,infant,42.0,female,BD,,,,,,2022-01/2022-04,primary,1.0,1.914
SAMEA117509037,PRJEB83552,220631,,infant,62.0,male,BD,,,,,,2022-01/2022-04,primary,1.0,2.098
SAMEA117509107,PRJEB83552,220631,,infant,90.0,male,BD,,,,,,2022-01/2022-04,primary,1.0,2.58
SAMEA117509160,PRJEB83552,220631,,infant,180.0,male,BD,,,,,,2022-01/2022-04,primary,1.0,1.318
SAMEA117509218,PRJEB83552,220631,,neonate,4.0,male,BD,,,,,,2022-01/2022-04,primary,1.0,2.574
SAMEA117558525,PRJEB83552,220631,,neonate,10.0,male,BD,,,,,,2022-01/2022-04,primary,1.0,0.422
SAMEA117508659,PRJEB83552,220940,,neonate,3.0,female,BD,,,,,,2022-01/2022-04,primary,1.0,2.269
SAMEA117508769,PRJEB83552,220940,,infant,63.0,female,BD,,,,,,2022-01/2022-04,primary,1.0,2.084
SAMEA117509117,PRJEB83552,220941,,infant,42.0,male,BD,,,,,,2022-01/2022-04,primary,1.0,2.362
SAMEA117511244,PRJEB83552,220941,,neonate,1.0,male,BD,,,,,,2022-01/2022-04,primary,1.0,0.079
SAMEA117511287,PRJEB83552,220941,,neonate,16.0,male,BD,,,,,,2022-01/2022-04,primary,1.0,2.065
SAMEA117511839,PRJEB83552,220941,,infant,63.0,male,BD,,,,,,2022-01/2022-04,primary,1.0,1.242
SAMEA117558627,PRJEB83552,220941,,infant,29.0,male,BD,,,,,,2022-01/2022-04,primary,1.0,0.479
SAMEA117508570,PRJEB83552,220950,,neonate,3.0,female,BD,,,,,,2022-01/2022-04,primary,1.0,2.091
SAMEA117511333,PRJEB83552,220951,,infant,63.0,female,BD,,,,,,2022-01/2022-04,primary,1.0,1.683
SAMEA117511444,PRJEB83552,220951,,infant,182.0,female,BD,,,,,,2022-01/2022-04,primary,1.0,2.278
SAMEA117511657,PRJEB83552,220951,,neonate,0.0,female,BD,,,,,,2022-01/2022-04,primary,1.0,0.003
SAMEA117511728,PRJEB83552,220951,,neonate,18.0,female,BD,,,,,,2022-01/2022-04,primary,1.0,1.37
SAMEA117511819,PRJEB83552,220951,,infant,92.0,female,BD,,,,,,2022-01/2022-04,primary,1.0,0.98
SAMEA117508481,PRJEB83552,221190,,neonate,3.0,female,BD,,,,,,2022-01/2022-04,primary,1.0,2.055
SAMEA117508555,PRJEB83552,221190,,neonate,21.0,female,BD,,,,,,2022-01/2022-04,primary,1.0,2.795
SAMEA117508557,PRJEB83552,221191,,neonate,6.0,male,BD,,,,,,2022-01/2022-04,primary,1.0,2.724
SAMEA117511137,PRJEB83552,221191,,neonate,0.0,male,BD,,,,,,2022-01/2022-04,primary,1.0,0.109
SAMEA117511272,PRJEB83552,221191,,infant,38.0,male,BD,,,,,,2022-01/2022-04,primary,1.0,2.093
SAMEA117511294,PRJEB83552,221191,,infant,60.0,male,BD,,,,,,2022-01/2022-04,primary,1.0,2.513
SAMEA117511352,PRJEB83552,221191,,infant,92.0,male,BD,,,,,,2022-01/2022-04,primary,1.0,1.435
SAMEA117511706,PRJEB83552,221191,,neonate,14.0,male,BD,,,,,,2022-01/2022-04,primary,1.0,1.566
SAMEA117558564,PRJEB83552,221350,,neonate,3.0,female,BD,,,,,,2022-01/2022-04,primary,1.0,0.362
SAMEA117509043,PRJEB83552,221351,,infant,48.0,male,BD,,,,,,2022-01/2022-04,primary,1.0,1.548
SAMEA117511690,PRJEB83552,221351,,neonate,3.0,male,BD,,,,,,2022-01/2022-04,primary,1.0,1.212
SAMEA117511702,PRJEB83552,221351,,neonate,16.0,male,BD,,,,,,2022-01/2022-04,primary,1.0,1.48
SAMEA117511731,PRJEB83552,221351,,neonate,28.0,male,BD,,,,,,2022-01/2022-04,primary,1.0,1.781
SAMEA117511806,PRJEB83552,221351,,infant,98.0,male,BD,,,,,,2022-01/2022-04,primary,1.0,2.679
SAMEA117558626,PRJEB83552,221351,,infant,62.0,male,BD,,,,,,2022-01/2022-04,primary,1.0,3.108
SAMEA117558796,PRJEB83552,221351,,infant,202.0,male,BD,,,,,,2022-01/2022-04,primary,1.0,0.429
SAMEA117508460,PRJEB83552,221481,,neonate,14.0,male,BD,,,,,,2022-01/2022-04,primary,1.0,2.48
SAMEA117508468,PRJEB83552,221481,,neonate,10.0,male,BD,,,,,,2022-01/2022-04,primary,1.0,1.909
SAMEA117509211,PRJEB83552,221481,,infant,180.0,male,BD,,,,,,2022-01/2022-04,primary,1.0,1.903
SAMEA117508459,PRJEB83552,221540,,neonate,3.0,female,BD,,,,,,2022-01/2022-04,primary,1.0,2.136
SAMEA117508512,PRJEB83552,221540,,neonate,21.0,female,BD,,,,,,2022-01/2022-04,primary,1.0,2.263
SAMEA117508454,PRJEB83552,221541,,neonate,10.0,female,BD,,,,,,2022-01/2022-04,primary,1.0,2.307
SAMEA117511119,PRJEB83552,221541,,neonate,2.0,female,BD,,,,,,2022-01/2022-04,primary,1.0,2.477
SAMEA117511157,PRJEB83552,221541,,infant,90.0,female,BD,,,,,,2022-01/2022-04,primary,1.0,1.873
SAMEA117511163,PRJEB83552,221541,,neonate,28.0,female,BD,,,,,,2022-01/2022-04,primary,1.0,2.06
SAMEA117511459,PRJEB83552,221541,,infant,180.0,female,BD,,,,,,2022-01/2022-04,primary,1.0,1.703
SAMEA117511677,PRJEB83552,221541,,infant,60.0,female,BD,,,,,,2022-01/2022-04,primary,1.0,1.746
SAMEA117511679,PRJEB83552,221541,,neonate,17.0,female,BD,,,,,,2022-01/2022-04,primary,1.0,4.611
SAMEA117508922,PRJEB83552,221551,,neonate,14.0,male,BD,,,,,,2022-01/2022-04,primary,1.0,2.12
SAMEA117509093,PRJEB83552,221551,,infant,30.0,male,BD,,,,,,2022-01/2022-04,primary,1.0,2.436
SAMEA117509101,PRJEB83552,221551,,infant,42.0,male,BD,,,,,,2022-01/2022-04,primary,1.0,3.921
SAMEA117509142,PRJEB83552,221551,,infant,90.0,male,BD,,,,,,2022-01/2022-04,primary,1.0,0.871
SAMEA117509212,PRJEB83552,221551,,infant,180.0,male,BD,,,,,,2022-01/2022-04,primary,1.0,1.838
SAMEA117508736,PRJEB83552,221971,,neonate,11.0,male,BD,,,,,,2022-01/2022-04,primary,1.0,2.072
SAMEA117508750,PRJEB83552,221971,,infant,30.0,male,BD,,,,,,2022-01/2022-04,primary,1.0,2.117
SAMEA117509116,PRJEB83552,221971,,neonate,14.0,male,BD,,,,,,2022-01/2022-04,primary,1.0,1.653
SAMEA117508532,PRJEB83552,222070,,neonate,3.0,female,BD,,,,,,2022-01/2022-04,primary,1.0,2.22
SAMEA117508542,PRJEB83552,222070,,neonate,10.0,female,BD,,,,,,2022-01/2022-04,primary,1.0,3.159
SAMEA117508903,PRJEB83552,222071,,neonate,5.0,female,BD,,,,,,2022-01/2022-04,primary,1.0,1.526
SAMEA117509027,PRJEB83552,222071,,infant,42.0,female,BD,,,,,,2022-01/2022-04,primary,1.0,2.007
SAMEA117511183,PRJEB83552,222071,,neonate,14.0,female,BD,,,,,,2022-01/2022-04,primary,1.0,2.154
SAMEA117511214,PRJEB83552,222071,,neonate,28.0,female,BD,,,,,,2022-01/2022-04,primary,1.0,1.87
SAMEA117511397,PRJEB83552,222071,,infant,181.0,female,BD,,,,,,2022-01/2022-04,primary,1.0,1.333
SAMEA117511812,PRJEB83552,222071,,infant,94.0,female,BD,,,,,,2022-01/2022-04,primary,1.0,0.866
SAMEA117558520,PRJEB83552,222071,,neonate,2.0,female,BD,,,,,,2022-01/2022-04,primary,1.0,0.133
SAMEA117558657,PRJEB83552,222130,,neonate,3.0,female,BD,,,,,,2022-01/2022-04,primary,1.0,0.365
SAMEA117558722,PRJEB83552,222130,,infant,56.0,female,BD,,,,,,2022-01/2022-04,primary,1.0,0.369
SAMEA117511319,PRJEB83552,222131,,neonate,14.0,female,BD,,,,,,2022-01/2022-04,primary,1.0,1.925
SAMEA117511373,PRJEB83552,222131,,infant,60.0,female,BD,,,,,,2022-01/2022-04,primary,1.0,2.421
SAMEA117511408,PRJEB83552,222131,,infant,97.0,female,BD,,,,,,2022-01/2022-04,primary,1.0,2.145
SAMEA117511780,PRJEB83552,222131,,neonate,4.0,female,BD,,,,,,2022-01/2022-04,primary,1.0,0.983
SAMEA117511925,PRJEB83552,222131,,infant,188.0,female,BD,,,,,,2022-01/2022-04,primary,1.0,0.202
SAMEA117508552,PRJEB83552,222230,,neonate,3.0,female,BD,,,,,,2022-01/2022-04,primary,1.0,2.622
SAMEA117508989,PRJEB83552,222231,,neonate,6.0,male,BD,,,,,,2022-01/2022-04,primary,1.0,2.148
SAMEA117511220,PRJEB83552,222231,,neonate,2.0,male,BD,,,,,,2022-01/2022-04,primary,1.0,2.521
SAMEA117511254,PRJEB83552,222231,,neonate,14.0,male,BD,,,,,,2022-01/2022-04,primary,1.0,3.241
SAMEA117511283,PRJEB83552,222231,,neonate,28.0,male,BD,,,,,,2022-01/2022-04,primary,1.0,2.046
SAMEA117511387,PRJEB83552,222231,,infant,95.0,male,BD,,,,,,2022-01/2022-04,primary,1.0,2.19
SAMEA117511443,PRJEB83552,222231,,infant,185.0,male,BD,,,,,,2022-01/2022-04,primary,1.0,2.323
SAMEA117511800,PRJEB83552,222231,,infant,64.0,male,BD,,,,,,2022-01/2022-04,primary,1.0,3.462
SAMEA117558546,PRJEB83552,222410,,neonate,3.0,female,BD,,,,,,2022-01/2022-04,primary,1.0,0.527
SAMEA117558750,PRJEB83552,222410,,infant,53.0,female,BD,,,,,,2022-01/2022-04,primary,1.0,0.356
SAMEA117511685,PRJEB83552,222411,,neonate,14.0,male,BD,,,,,,2022-01/2022-04,primary,1.0,6.671
SAMEA117511776,PRJEB83552,222411,,infant,32.0,male,BD,,,,,,2022-01/2022-04,primary,1.0,3.824
SAMEA117558551,PRJEB83552,222411,,neonate,1.0,male,BD,,,,,,2022-01/2022-04,primary,1.0,0.001
SAMEA117558733,PRJEB83552,222411,,infant,90.0,male,BD,,,,,,2022-01/2022-04,primary,1.0,4.765
SAMEA117558745,PRJEB83552,222411,,infant,60.0,male,BD,,,,,,2022-01/2022-04,primary,1.0,3.449
SAMEA117558809,PRJEB83552,222411,,infant,186.0,male,BD,,,,,,2022-01/2022-04,primary,1.0,0.529
SAMEA117508614,PRJEB83552,222481,,neonate,10.0,male,BD,,,,,,2022-01/2022-04,primary,1.0,1.317
SAMEA117508793,PRJEB83552,222481,,infant,91.0,male,BD,,,,,,2022-01/2022-04,primary,1.0,2.073
SAMEA117508992,PRJEB83552,222481,,neonate,15.0,male,BD,,,,,,2022-01/2022-04,primary,1.0,2.673
SAMEA117509065,PRJEB83552,222481,,infant,36.0,male,BD,,,,,,2022-01/2022-04,primary,1.0,1.271
SAMEA117509184,PRJEB83552,222481,,infant,186.0,male,BD,,,,,,2022-01/2022-04,primary,1.0,2.617
SAMEA117508536,PRJEB83552,222540,,neonate,3.0,female,BD,,,,,,2022-01/2022-04,primary,1.0,1.798
SAMEA117509053,PRJEB83552,222541,,infant,42.0,male,BD,,,,,,2022-01/2022-04,primary,1.0,1.671
SAMEA117511174,PRJEB83552,222541,,neonate,4.0,male,BD,,,,,,2022-01/2022-04,primary,1.0,2.255
SAMEA117511187,PRJEB83552,222541,,neonate,15.0,male,BD,,,,,,2022-01/2022-04,primary,1.0,2.179
SAMEA117511441,PRJEB83552,222541,,infant,182.0,male,BD,,,,,,2022-01/2022-04,primary,1.0,0.251
SAMEA117511726,PRJEB83552,222541,,neonate,28.0,male,BD,,,,,,2022-01/2022-04,primary,1.0,1.513
SAMEA117511773,PRJEB83552,222541,,infant,63.0,male,BD,,,,,,2022-01/2022-04,primary,1.0,2.925
SAMEA117511864,PRJEB83552,222541,,infant,119.0,male,BD,,,,,,2022-01/2022-04,primary,1.0,1.142
SAMEA117558555,PRJEB83552,222730,,neonate,4.0,female,BD,,,,,,2022-01/2022-04,primary,1.0,0.42
SAMEA117558557,PRJEB83552,222730,,neonate,10.0,female,BD,,,,,,2022-01/2022-04,primary,1.0,0.224
SAMEA117511306,PRJEB83552,222731,,neonate,20.0,female,BD,,,,,,2022-01/2022-04,primary,1.0,2.44
SAMEA117511368,PRJEB83552,222731,,infant,60.0,female,BD,,,,,,2022-01/2022-04,primary,1.0,0.58
SAMEA117511721,PRJEB83552,222731,,neonate,2.0,female,BD,,,,,,2022-01/2022-04,primary,1.0,0.625
SAMEA117511779,PRJEB83552,222731,,neonate,28.0,female,BD,,,,,,2022-01/2022-04,primary,1.0,0.435
SAMEA117511923,PRJEB83552,222731,,infant,194.0,female,BD,,,,,,2022-01/2022-04,primary,1.0,2.291
SAMEA117558736,PRJEB83552,222731,,infant,90.0,female,BD,,,,,,2022-01/2022-04,primary,1.0,6.562
SAMEA117508473,PRJEB83552,222921,,neonate,1.0,male,BD,,,,,,2022-01/2022-04,primary,1.0,0.11
SAMEA117508657,PRJEB83552,222921,,infant,43.0,male,BD,,,,,,2022-01/2022-04,primary,1.0,2.31
SAMEA117508950,PRJEB83552,222921,,neonate,5.0,male,BD,,,,,,2022-01/2022-04,primary,1.0,2.26
SAMEA117509080,PRJEB83552,222921,,infant,60.0,male,BD,,,,,,2022-01/2022-04,primary,1.0,0.001
SAMEA117509123,PRJEB83552,222921,,infant,90.0,male,BD,,,,,,2022-01/2022-04,primary,1.0,0.3
SAMEA117509186,PRJEB83552,222921,,infant,184.0,male,BD,,,,,,2022-01/2022-04,primary,1.0,1.347
SAMEA117508583,PRJEB83552,223180,,neonate,7.0,female,BD,,,,,,2022-01/2022-04,primary,1.0,1.864
SAMEA117508676,PRJEB83552,223181,,infant,43.0,male,BD,,,,,,2022-01/2022-04,primary,1.0,2.058
SAMEA117511145,PRJEB83552,223181,,neonate,0.0,male,BD,,,,,,2022-01/2022-04,primary,1.0,0.005
SAMEA117511178,PRJEB83552,223181,,infant,33.0,male,BD,,,,,,2022-01/2022-04,primary,1.0,1.816
SAMEA117558579,PRJEB83552,223181,,neonate,14.0,male,BD,,,,,,2022-01/2022-04,primary,1.0,6.304
SAMEA117558611,PRJEB83552,223181,,infant,61.0,male,BD,,,,,,2022-01/2022-04,primary,1.0,2.547
SAMEA117558716,PRJEB83552,223181,,infant,93.0,male,BD,,,,,,2022-01/2022-04,primary,1.0,4.233
SAMEA117508777,PRJEB83552,223200,,infant,65.0,female,BD,,,,,,2022-01/2022-04,primary,1.0,2.17
SAMEA117511356,PRJEB83552,223201,,infant,29.0,female,BD,,,,,,2022-01/2022-04,primary,1.0,2.093
SAMEA117511725,PRJEB83552,223201,,neonate,3.0,female,BD,,,,,,2022-01/2022-04,primary,1.0,5.255
SAMEA117511865,PRJEB83552,223201,,infant,62.0,female,BD,,,,,,2022-01/2022-04,primary,1.0,2.404
SAMEA117558639,PRJEB83552,223201,,neonate,14.0,female,BD,,,,,,2022-01/2022-04,primary,1.0,4.374
SAMEA117558681,PRJEB83552,223201,,neonate,10.0,female,BD,,,,,,2022-01/2022-04,primary,1.0,2.119
SAMEA117558789,PRJEB83552,223201,,infant,100.0,female,BD,,,,,,2022-01/2022-04,primary,1.0,4.083
SAMEA117558808,PRJEB83552,223201,,infant,193.0,female,BD,,,,,,2022-01/2022-04,primary,1.0,0.525
SAMEA117508575,PRJEB83552,223271,,neonate,28.0,female,BD,,,,,,2022-01/2022-04,primary,1.0,2.285
SAMEA117509060,PRJEB83552,223271,,infant,45.0,female,BD,,,,,,2022-01/2022-04,primary,1.0,2.029
SAMEA117558574,PRJEB83552,223271,,neonate,15.0,female,BD,,,,,,2022-01/2022-04,primary,1.0,0.427
SAMEA117508577,PRJEB83552,223741,,neonate,10.0,female,BD,,,,,,2022-01/2022-04,primary,1.0,2.339
SAMEA117508748,PRJEB83552,223741,,infant,60.0,female,BD,,,,,,2022-01/2022-04,primary,1.0,2.946
SAMEA117509013,PRJEB83552,223741,,neonate,2.0,female,BD,,,,,,2022-01/2022-04,primary,1.0,2.764
SAMEA117509194,PRJEB83552,223741,,infant,180.0,female,BD,,,,,,2022-01/2022-04,primary,1.0,1.488
SAMEA117509073,PRJEB83552,224011,,neonate,10.0,male,BD,,,,,,2022-01/2022-04,primary,1.0,2.514
SAMEA117558675,PRJEB83552,224011,,neonate,28.0,male,BD,,,,,,2022-01/2022-04,primary,1.0,0.5
SAMEA117508519,PRJEB83552,224061,,infant,35.0,female,BD,,,,,,2022-01/2022-04,primary,1.0,2.657
SAMEA117508921,PRJEB83552,224061,,neonate,18.0,female,BD,,,,,,2022-01/2022-04,primary,1.0,2.69
SAMEA117508477,PRJEB83552,224070,,neonate,4.0,female,BD,,,,,,2022-01/2022-04,primary,1.0,1.876
SAMEA117508483,PRJEB83552,224070,,neonate,13.0,female,BD,,,,,,2022-01/2022-04,primary,1.0,2.53
SAMEA117508891,PRJEB83552,224071,,neonate,13.0,male,BD,,,,,,2022-01/2022-04,primary,1.0,2.463
SAMEA117511146,PRJEB83552,224071,,infant,35.0,male,BD,,,,,,2022-01/2022-04,primary,1.0,1.962
SAMEA117511233,PRJEB83552,224071,,infant,66.0,male,BD,,,,,,2022-01/2022-04,primary,1.0,1.647
SAMEA117511401,PRJEB83552,224071,,infant,186.0,male,BD,,,,,,2022-01/2022-04,primary,1.0,2.418
SAMEA117511640,PRJEB83552,224071,,neonate,2.0,male,BD,,,,,,2022-01/2022-04,primary,1.0,0.409
SAMEA117511788,PRJEB83552,224071,,infant,102.0,male,BD,,,,,,2022-01/2022-04,primary,1.0,1.158
SAMEA117508576,PRJEB83552,224111,,neonate,28.0,male,BD,,,,,,2022-01/2022-04,primary,1.0,1.901
SAMEA117508643,PRJEB83552,224111,,infant,42.0,male,BD,,,,,,2022-01/2022-04,primary,1.0,2.543
SAMEA117509135,PRJEB83552,224111,,infant,111.0,male,BD,,,,,,2022-01/2022-04,primary,1.0,3.17
SAMEA117509189,PRJEB83552,224111,,infant,186.0,male,BD,,,,,,2022-01/2022-04,primary,1.0,1.799
SAMEA117508631,PRJEB83552,224151,,neonate,13.0,female,BD,,,,,,2022-01/2022-04,primary,1.0,2.163
SAMEA117509127,PRJEB83552,224151,,infant,96.0,female,BD,,,,,,2022-01/2022-04,primary,1.0,0.769
SAMEA117508572,PRJEB83552,224251,,neonate,28.0,male,BD,,,,,,2022-01/2022-04,primary,1.0,2.935
SAMEA117508622,PRJEB83552,224251,,neonate,14.0,male,BD,,,,,,2022-01/2022-04,primary,1.0,0.191
SAMEA117508988,PRJEB83552,224251,,neonate,7.0,male,BD,,,,,,2022-01/2022-04,primary,1.0,3.025
SAMEA117509078,PRJEB83552,224251,,infant,42.0,male,BD,,,,,,2022-01/2022-04,primary,1.0,1.547
SAMEA117509197,PRJEB83552,224251,,infant,187.0,male,BD,,,,,,2022-01/2022-04,primary,1.0,1.861
SAMEA117558712,PRJEB83552,224251,,infant,94.0,male,BD,,,,,,2022-01/2022-04,primary,1.0,0.024
SAMEA117508947,PRJEB83552,224411,,neonate,15.0,male,BD,,,,,,2022-01/2022-04,primary,1.0,2.055
SAMEA117509007,PRJEB83552,224411,,neonate,28.0,male,BD,,,,,,2022-01/2022-04,primary,1.0,2.113
SAMEA117509029,PRJEB83552,224411,,infant,43.0,male,BD,,,,,,2022-01/2022-04,primary,1.0,2.327
SAMEA117509174,PRJEB83552,224411,,infant,181.0,male,BD,,,,,,2022-01/2022-04,primary,1.0,3.745
SAMEA117509021,PRJEB83552,224421,,neonate,5.0,male,BD,,,,,,2022-01/2022-04,primary,1.0,2.427
SAMEA117509038,PRJEB83552,224421,,neonate,15.0,male,BD,,,,,,2022-01/2022-04,primary,1.0,2.975
SAMEA117558758,PRJEB83552,224421,,infant,90.0,male,BD,,,,,,2022-01/2022-04,primary,1.0,3.33
