sample_key,study_accession,subject_id,timepoint_label,age_category,age_at_collection_days,sex,country,health_condition,health_condition_detail,intervention,intervention_detail,antibiotic_exposure,collection_date,body_site_class,n_runs,seq_gbp
SAMEA120406147,PRJEB97686,,,adult,,,US,transplant_or_immunocompromised,allogeneic hematopoietic cell transplantation (allo-HCT) recipients undergoing GVHD prophylaxis,,,,2019/2023,primary,2.0,5.431
SAMEA120406148,PRJEB97686,,,adult,,,US,transplant_or_immunocompromised,allogeneic hematopoietic cell transplantation (allo-HCT) recipients undergoing GVHD prophylaxis,,,,2019/2023,primary,2.0,4.802
SAMEA120406149,PRJEB97686,,,adult,,,US,transplant_or_immunocompromised,allogeneic hematopoietic cell transplantation (allo-HCT) recipients undergoing GVHD prophylaxis,,,,2019/2023,primary,2.0,4.211
SAMEA120406150,PRJEB97686,,,adult,,,US,transplant_or_immunocompromised,allogeneic hematopoietic cell transplantation (allo-HCT) recipients undergoing GVHD prophylaxis,,,,2019/2023,primary,2.0,4.167
SAMEA120406151,PRJEB97686,,,adult,,,US,transplant_or_immunocompromised,allogeneic hematopoietic cell transplantation (allo-HCT) recipients undergoing GVHD prophylaxis,,,,2019/2023,primary,2.0,4.372
SAMEA120406152,PRJEB97686,,,adult,,,US,transplant_or_immunocompromised,allogeneic hematopoietic cell transplantation (allo-HCT) recipients undergoing GVHD prophylaxis,,,,2019/2023,primary,2.0,4.283
SAMEA120406153,PRJEB97686,,,adult,,,US,transplant_or_immunocompromised,allogeneic hematopoietic cell transplantation (allo-HCT) recipients undergoing GVHD prophylaxis,,,,2019/2023,primary,2.0,3.967
SAMEA120406154,PRJEB97686,,,adult,,,US,transplant_or_immunocompromised,allogeneic hematopoietic cell transplantation (allo-HCT) recipients undergoing GVHD prophylaxis,,,,2019/2023,primary,1.0,0.12
SAMEA120406155,PRJEB97686,,,adult,,,US,transplant_or_immunocompromised,allogeneic hematopoietic cell transplantation (allo-HCT) recipients undergoing GVHD prophylaxis,,,,2019/2023,primary,2.0,4.401
SAMEA120406156,PRJEB97686,,,adult,,,US,transplant_or_immunocompromised,allogeneic hematopoietic cell transplantation (allo-HCT) recipients undergoing GVHD prophylaxis,,,,2019/2023,primary,2.0,4.307
SAMEA120406157,PRJEB97686,,,adult,,,US,transplant_or_immunocompromised,allogeneic hematopoietic cell transplantation (allo-HCT) recipients undergoing GVHD prophylaxis,,,,2019/2023,primary,2.0,4.675
SAMEA120406158,PRJEB97686,,,adult,,,US,transplant_or_immunocompromised,allogeneic hematopoietic cell transplantation (allo-HCT) recipients undergoing GVHD prophylaxis,,,,2019/2023,primary,2.0,4.652
SAMEA120406159,PRJEB97686,,,adult,,,US,transplant_or_immunocompromised,allogeneic hematopoietic cell transplantation (allo-HCT) recipients undergoing GVHD prophylaxis,,,,2019/2023,primary,2.0,4.748
SAMEA120406160,PRJEB97686,,,adult,,,US,transplant_or_immunocompromised,allogeneic hematopoietic cell transplantation (allo-HCT) recipients undergoing GVHD prophylaxis,,,,2019/2023,primary,2.0,4.533
SAMEA120406161,PRJEB97686,,,adult,,,US,transplant_or_immunocompromised,allogeneic hematopoietic cell transplantation (allo-HCT) recipients undergoing GVHD prophylaxis,,,,2019/2023,primary,2.0,4.547
SAMEA120406162,PRJEB97686,,,adult,,,US,transplant_or_immunocompromised,allogeneic hematopoietic cell transplantation (allo-HCT) recipients undergoing GVHD prophylaxis,,,,2019/2023,primary,2.0,4.668
SAMEA120406163,PRJEB97686,,,adult,,,US,transplant_or_immunocompromised,allogeneic hematopoietic cell transplantation (allo-HCT) recipients undergoing GVHD prophylaxis,,,,2019/2023,primary,2.0,5.116
SAMEA120406164,PRJEB97686,,,adult,,,US,transplant_or_immunocompromised,allogeneic hematopoietic cell transplantation (allo-HCT) recipients undergoing GVHD prophylaxis,,,,2019/2023,primary,2.0,4.272
SAMEA120406165,PRJEB97686,,,adult,,,US,transplant_or_immunocompromised,allogeneic hematopoietic cell transplantation (allo-HCT) recipients undergoing GVHD prophylaxis,,,,2019/2023,primary,2.0,3.829
SAMEA120406166,PRJEB97686,,,adult,,,US,transplant_or_immunocompromised,allogeneic hematopoietic cell transplantation (allo-HCT) recipients undergoing GVHD prophylaxis,,,,2019/2023,primary,2.0,4.282
SAMEA120406167,PRJEB97686,,,adult,,,US,transplant_or_immunocompromised,allogeneic hematopoietic cell transplantation (allo-HCT) recipients undergoing GVHD prophylaxis,,,,2019/2023,primary,2.0,4.483
SAMEA120406168,PRJEB97686,,,adult,,,US,transplant_or_immunocompromised,allogeneic hematopoietic cell transplantation (allo-HCT) recipients undergoing GVHD prophylaxis,,,,2019/2023,primary,2.0,5.469
SAMEA120406169,PRJEB97686,,,adult,,,US,transplant_or_immunocompromised,allogeneic hematopoietic cell transplantation (allo-HCT) recipients undergoing GVHD prophylaxis,,,,2019/2023,primary,2.0,4.451
SAMEA120406170,PRJEB97686,,,adult,,,US,transplant_or_immunocompromised,allogeneic hematopoietic cell transplantation (allo-HCT) recipients undergoing GVHD prophylaxis,,,,2019/2023,primary,2.0,8.904
SAMEA120406171,PRJEB97686,,,adult,,,US,transplant_or_immunocompromised,allogeneic hematopoietic cell transplantation (allo-HCT) recipients undergoing GVHD prophylaxis,,,,2019/2023,primary,2.0,5.478
SAMEA120406172,PRJEB97686,,,adult,,,US,transplant_or_immunocompromised,allogeneic hematopoietic cell transplantation (allo-HCT) recipients undergoing GVHD prophylaxis,,,,2019/2023,primary,2.0,5.868
SAMEA120406173,PRJEB97686,,,adult,,,US,transplant_or_immunocompromised,allogeneic hematopoietic cell transplantation (allo-HCT) recipients undergoing GVHD prophylaxis,,,,2019/2023,primary,2.0,4.139
SAMEA120406174,PRJEB97686,,,adult,,,US,transplant_or_immunocompromised,allogeneic hematopoietic cell transplantation (allo-HCT) recipients undergoing GVHD prophylaxis,,,,2019/2023,primary,2.0,5.035
SAMEA120406175,PRJEB97686,,,adult,,,US,transplant_or_immunocompromised,allogeneic hematopoietic cell transplantation (allo-HCT) recipients undergoing GVHD prophylaxis,,,,2019/2023,primary,2.0,4.353
SAMEA120406176,PRJEB97686,,,adult,,,US,transplant_or_immunocompromised,allogeneic hematopoietic cell transplantation (allo-HCT) recipients undergoing GVHD prophylaxis,,,,2019/2023,primary,2.0,4.23
SAMEA120406177,PRJEB97686,,,adult,,,US,transplant_or_immunocompromised,allogeneic hematopoietic cell transplantation (allo-HCT) recipients undergoing GVHD prophylaxis,,,,2019/2023,primary,2.0,4.373
SAMEA120406178,PRJEB97686,,,adult,,,US,transplant_or_immunocompromised,allogeneic hematopoietic cell transplantation (allo-HCT) recipients undergoing GVHD prophylaxis,,,,2019/2023,primary,2.0,4.012
SAMEA120406179,PRJEB97686,,,adult,,,US,transplant_or_immunocompromised,allogeneic hematopoietic cell transplantation (allo-HCT) recipients undergoing GVHD prophylaxis,,,,2019/2023,primary,2.0,4.329
SAMEA120406180,PRJEB97686,,,adult,,,US,transplant_or_immunocompromised,allogeneic hematopoietic cell transplantation (allo-HCT) recipients undergoing GVHD prophylaxis,,,,2019/2023,primary,2.0,4.49
SAMEA120406181,PRJEB97686,,,adult,,,US,transplant_or_immunocompromised,allogeneic hematopoietic cell transplantation (allo-HCT) recipients undergoing GVHD prophylaxis,,,,2019/2023,primary,2.0,3.955
SAMEA120406182,PRJEB97686,,,adult,,,US,transplant_or_immunocompromised,allogeneic hematopoietic cell transplantation (allo-HCT) recipients undergoing GVHD prophylaxis,,,,2019/2023,primary,2.0,4.859
SAMEA120406183,PRJEB97686,,,adult,,,US,transplant_or_immunocompromised,allogeneic hematopoietic cell transplantation (allo-HCT) recipients undergoing GVHD prophylaxis,,,,2019/2023,primary,2.0,4.637
SAMEA120406184,PRJEB97686,,,adult,,,US,transplant_or_immunocompromised,allogeneic hematopoietic cell transplantation (allo-HCT) recipients undergoing GVHD prophylaxis,,,,2019/2023,primary,2.0,5.113
SAMEA120406185,PRJEB97686,,,adult,,,US,transplant_or_immunocompromised,allogeneic hematopoietic cell transplantation (allo-HCT) recipients undergoing GVHD prophylaxis,,,,2019/2023,primary,2.0,4.27
SAMEA120406186,PRJEB97686,,,adult,,,US,transplant_or_immunocompromised,allogeneic hematopoietic cell transplantation (allo-HCT) recipients undergoing GVHD prophylaxis,,,,2019/2023,primary,2.0,4.129
SAMEA120406187,PRJEB97686,,,adult,,,US,transplant_or_immunocompromised,allogeneic hematopoietic cell transplantation (allo-HCT) recipients undergoing GVHD prophylaxis,,,,2019/2023,primary,2.0,4.621
SAMEA120406188,PRJEB97686,,,adult,,,US,transplant_or_immunocompromised,allogeneic hematopoietic cell transplantation (allo-HCT) recipients undergoing GVHD prophylaxis,,,,2019/2023,primary,2.0,4.272
SAMEA120406189,PRJEB97686,,,adult,,,US,transplant_or_immunocompromised,allogeneic hematopoietic cell transplantation (allo-HCT) recipients undergoing GVHD prophylaxis,,,,2019/2023,primary,2.0,4.541
SAMEA120406190,PRJEB97686,,,adult,,,US,transplant_or_immunocompromised,allogeneic hematopoietic cell transplantation (allo-HCT) recipients undergoing GVHD prophylaxis,,,,2019/2023,primary,2.0,5.132
SAMEA120406191,PRJEB97686,,,adult,,,US,transplant_or_immunocompromised,allogeneic hematopoietic cell transplantation (allo-HCT) recipients undergoing GVHD prophylaxis,,,,2019/2023,primary,2.0,2.64
SAMEA120406192,PRJEB97686,,,adult,,,US,transplant_or_immunocompromised,allogeneic hematopoietic cell transplantation (allo-HCT) recipients undergoing GVHD prophylaxis,,,,2019/2023,primary,2.0,5.131
SAMEA120406193,PRJEB97686,,,adult,,,US,transplant_or_immunocompromised,allogeneic hematopoietic cell transplantation (allo-HCT) recipients undergoing GVHD prophylaxis,,,,2019/2023,primary,2.0,4.59
SAMEA120406194,PRJEB97686,,,adult,,,US,transplant_or_immunocompromised,allogeneic hematopoietic cell transplantation (allo-HCT) recipients undergoing GVHD prophylaxis,,,,2019/2023,primary,2.0,4.561
SAMEA120406195,PRJEB97686,,,adult,,,US,transplant_or_immunocompromised,allogeneic hematopoietic cell transplantation (allo-HCT) recipients undergoing GVHD prophylaxis,,,,2019/2023,primary,2.0,4.287
SAMEA120406196,PRJEB97686,,,adult,,,US,transplant_or_immunocompromised,allogeneic hematopoietic cell transplantation (allo-HCT) recipients undergoing GVHD prophylaxis,,,,2019/2023,primary,2.0,9.304
SAMEA120406197,PRJEB97686,,,adult,,,US,transplant_or_immunocompromised,allogeneic hematopoietic cell transplantation (allo-HCT) recipients undergoing GVHD prophylaxis,,,,2019/2023,primary,2.0,4.318
SAMEA120406198,PRJEB97686,,,adult,,,US,transplant_or_immunocompromised,allogeneic hematopoietic cell transplantation (allo-HCT) recipients undergoing GVHD prophylaxis,,,,2019/2023,primary,2.0,5.318
SAMEA120406199,PRJEB97686,,,adult,,,US,transplant_or_immunocompromised,allogeneic hematopoietic cell transplantation (allo-HCT) recipients undergoing GVHD prophylaxis,,,,2019/2023,primary,2.0,4.456
SAMEA120406200,PRJEB97686,,,adult,,,US,transplant_or_immunocompromised,allogeneic hematopoietic cell transplantation (allo-HCT) recipients undergoing GVHD prophylaxis,,,,2019/2023,primary,2.0,5.33
SAMEA120406201,PRJEB97686,,,adult,,,US,transplant_or_immunocompromised,allogeneic hematopoietic cell transplantation (allo-HCT) recipients undergoing GVHD prophylaxis,,,,2019/2023,primary,2.0,5.586
SAMEA120406202,PRJEB97686,,,adult,,,US,transplant_or_immunocompromised,allogeneic hematopoietic cell transplantation (allo-HCT) recipients undergoing GVHD prophylaxis,,,,2019/2023,primary,2.0,5.537
SAMEA120406203,PRJEB97686,,,adult,,,US,transplant_or_immunocompromised,allogeneic hematopoietic cell transplantation (allo-HCT) recipients undergoing GVHD prophylaxis,,,,2019/2023,primary,1.0,1.267
SAMEA120406204,PRJEB97686,,,adult,,,US,transplant_or_immunocompromised,allogeneic hematopoietic cell transplantation (allo-HCT) recipients undergoing GVHD prophylaxis,,,,2019/2023,primary,1.0,0.429
SAMEA120406205,PRJEB97686,,,adult,,,US,transplant_or_immunocompromised,allogeneic hematopoietic cell transplantation (allo-HCT) recipients undergoing GVHD prophylaxis,,,,2019/2023,primary,2.0,3.855
SAMEA120406206,PRJEB97686,,,adult,,,US,transplant_or_immunocompromised,allogeneic hematopoietic cell transplantation (allo-HCT) recipients undergoing GVHD prophylaxis,,,,2019/2023,primary,2.0,4.313
SAMEA120406207,PRJEB97686,,,adult,,,US,transplant_or_immunocompromised,allogeneic hematopoietic cell transplantation (allo-HCT) recipients undergoing GVHD prophylaxis,,,,2019/2023,primary,2.0,4.351
SAMEA120406208,PRJEB97686,,,adult,,,US,transplant_or_immunocompromised,allogeneic hematopoietic cell transplantation (allo-HCT) recipients undergoing GVHD prophylaxis,,,,2019/2023,primary,2.0,5.407
SAMEA120406209,PRJEB97686,,,adult,,,US,transplant_or_immunocompromised,allogeneic hematopoietic cell transplantation (allo-HCT) recipients undergoing GVHD prophylaxis,,,,2019/2023,primary,2.0,16.315
SAMEA120406210,PRJEB97686,,,adult,,,US,transplant_or_immunocompromised,allogeneic hematopoietic cell transplantation (allo-HCT) recipients undergoing GVHD prophylaxis,,,,2019/2023,primary,1.0,3.881
SAMEA120406211,PRJEB97686,,,adult,,,US,transplant_or_immunocompromised,allogeneic hematopoietic cell transplantation (allo-HCT) recipients undergoing GVHD prophylaxis,,,,2019/2023,primary,1.0,4.034
SAMEA120406212,PRJEB97686,,,adult,,,US,transplant_or_immunocompromised,allogeneic hematopoietic cell transplantation (allo-HCT) recipients undergoing GVHD prophylaxis,,,,2019/2023,primary,2.0,4.841
SAMEA120406213,PRJEB97686,,,adult,,,US,transplant_or_immunocompromised,allogeneic hematopoietic cell transplantation (allo-HCT) recipients undergoing GVHD prophylaxis,,,,2019/2023,primary,2.0,4.289
SAMEA120406214,PRJEB97686,,,adult,,,US,transplant_or_immunocompromised,allogeneic hematopoietic cell transplantation (allo-HCT) recipients undergoing GVHD prophylaxis,,,,2019/2023,primary,2.0,5.102
SAMEA120406215,PRJEB97686,,,adult,,,US,transplant_or_immunocompromised,allogeneic hematopoietic cell transplantation (allo-HCT) recipients undergoing GVHD prophylaxis,,,,2019/2023,primary,1.0,4.117
SAMEA120406216,PRJEB97686,,,adult,,,US,transplant_or_immunocompromised,allogeneic hematopoietic cell transplantation (allo-HCT) recipients undergoing GVHD prophylaxis,,,,2019/2023,primary,2.0,5.014
SAMEA120406217,PRJEB97686,,,adult,,,US,transplant_or_immunocompromised,allogeneic hematopoietic cell transplantation (allo-HCT) recipients undergoing GVHD prophylaxis,,,,2019/2023,primary,2.0,4.22
SAMEA120406218,PRJEB97686,,,adult,,,US,transplant_or_immunocompromised,allogeneic hematopoietic cell transplantation (allo-HCT) recipients undergoing GVHD prophylaxis,,,,2019/2023,primary,1.0,4.239
SAMEA120406219,PRJEB97686,,,adult,,,US,transplant_or_immunocompromised,allogeneic hematopoietic cell transplantation (allo-HCT) recipients undergoing GVHD prophylaxis,,,,2019/2023,primary,1.0,4.833
SAMEA120406220,PRJEB97686,,,adult,,,US,transplant_or_immunocompromised,allogeneic hematopoietic cell transplantation (allo-HCT) recipients undergoing GVHD prophylaxis,,,,2019/2023,primary,2.0,10.502
SAMEA120406221,PRJEB97686,,,adult,,,US,transplant_or_immunocompromised,allogeneic hematopoietic cell transplantation (allo-HCT) recipients undergoing GVHD prophylaxis,,,,2019/2023,primary,2.0,4.436
SAMEA120406222,PRJEB97686,,,adult,,,US,transplant_or_immunocompromised,allogeneic hematopoietic cell transplantation (allo-HCT) recipients undergoing GVHD prophylaxis,,,,2019/2023,primary,2.0,9.523
SAMEA120406223,PRJEB97686,,,adult,,,US,transplant_or_immunocompromised,allogeneic hematopoietic cell transplantation (allo-HCT) recipients undergoing GVHD prophylaxis,,,,2019/2023,primary,2.0,4.477
SAMEA120406224,PRJEB97686,,,adult,,,US,transplant_or_immunocompromised,allogeneic hematopoietic cell transplantation (allo-HCT) recipients undergoing GVHD prophylaxis,,,,2019/2023,primary,2.0,3.143
SAMEA120406225,PRJEB97686,,,adult,,,US,transplant_or_immunocompromised,allogeneic hematopoietic cell transplantation (allo-HCT) recipients undergoing GVHD prophylaxis,,,,2019/2023,primary,2.0,2.293
SAMEA120406226,PRJEB97686,,,adult,,,US,transplant_or_immunocompromised,allogeneic hematopoietic cell transplantation (allo-HCT) recipients undergoing GVHD prophylaxis,,,,2019/2023,primary,2.0,4.307
SAMEA120406227,PRJEB97686,,,adult,,,US,transplant_or_immunocompromised,allogeneic hematopoietic cell transplantation (allo-HCT) recipients undergoing GVHD prophylaxis,,,,2019/2023,primary,1.0,4.059
SAMEA120406228,PRJEB97686,,,adult,,,US,transplant_or_immunocompromised,allogeneic hematopoietic cell transplantation (allo-HCT) recipients undergoing GVHD prophylaxis,,,,2019/2023,primary,1.0,4.083
SAMEA120406229,PRJEB97686,,,adult,,,US,transplant_or_immunocompromised,allogeneic hematopoietic cell transplantation (allo-HCT) recipients undergoing GVHD prophylaxis,,,,2019/2023,primary,1.0,4.05
SAMEA120406230,PRJEB97686,,,adult,,,US,transplant_or_immunocompromised,allogeneic hematopoietic cell transplantation (allo-HCT) recipients undergoing GVHD prophylaxis,,,,2019/2023,primary,2.0,4.688
SAMEA120406231,PRJEB97686,,,adult,,,US,transplant_or_immunocompromised,allogeneic hematopoietic cell transplantation (allo-HCT) recipients undergoing GVHD prophylaxis,,,,2019/2023,primary,2.0,4.027
SAMEA120406232,PRJEB97686,,,adult,,,US,transplant_or_immunocompromised,allogeneic hematopoietic cell transplantation (allo-HCT) recipients undergoing GVHD prophylaxis,,,,2019/2023,primary,2.0,8.118
SAMEA120406233,PRJEB97686,,,adult,,,US,transplant_or_immunocompromised,allogeneic hematopoietic cell transplantation (allo-HCT) recipients undergoing GVHD prophylaxis,,,,2019/2023,primary,2.0,7.204
SAMEA120406234,PRJEB97686,,,adult,,,US,transplant_or_immunocompromised,allogeneic hematopoietic cell transplantation (allo-HCT) recipients undergoing GVHD prophylaxis,,,,2019/2023,primary,2.0,4.582
SAMEA120406235,PRJEB97686,,,adult,,,US,transplant_or_immunocompromised,allogeneic hematopoietic cell transplantation (allo-HCT) recipients undergoing GVHD prophylaxis,,,,2019/2023,primary,1.0,3.901
SAMEA120406236,PRJEB97686,,,adult,,,US,transplant_or_immunocompromised,allogeneic hematopoietic cell transplantation (allo-HCT) recipients undergoing GVHD prophylaxis,,,,2019/2023,primary,1.0,3.997
SAMEA120406237,PRJEB97686,,,adult,,,US,transplant_or_immunocompromised,allogeneic hematopoietic cell transplantation (allo-HCT) recipients undergoing GVHD prophylaxis,,,,2019/2023,primary,2.0,4.429
SAMEA120406238,PRJEB97686,,,adult,,,US,transplant_or_immunocompromised,allogeneic hematopoietic cell transplantation (allo-HCT) recipients undergoing GVHD prophylaxis,,,,2019/2023,primary,1.0,3.813
SAMEA120406239,PRJEB97686,,,adult,,,US,transplant_or_immunocompromised,allogeneic hematopoietic cell transplantation (allo-HCT) recipients undergoing GVHD prophylaxis,,,,2019/2023,primary,1.0,4.157
SAMEA120406240,PRJEB97686,,,adult,,,US,transplant_or_immunocompromised,allogeneic hematopoietic cell transplantation (allo-HCT) recipients undergoing GVHD prophylaxis,,,,2019/2023,primary,2.0,3.682
SAMEA120406241,PRJEB97686,,,adult,,,US,transplant_or_immunocompromised,allogeneic hematopoietic cell transplantation (allo-HCT) recipients undergoing GVHD prophylaxis,,,,2019/2023,primary,1.0,0.125
SAMEA120406242,PRJEB97686,,,adult,,,US,transplant_or_immunocompromised,allogeneic hematopoietic cell transplantation (allo-HCT) recipients undergoing GVHD prophylaxis,,,,2019/2023,primary,1.0,4.233
SAMEA120406243,PRJEB97686,,,adult,,,US,transplant_or_immunocompromised,allogeneic hematopoietic cell transplantation (allo-HCT) recipients undergoing GVHD prophylaxis,,,,2019/2023,primary,2.0,5.495
SAMEA120406244,PRJEB97686,,,adult,,,US,transplant_or_immunocompromised,allogeneic hematopoietic cell transplantation (allo-HCT) recipients undergoing GVHD prophylaxis,,,,2019/2023,primary,2.0,5.005
SAMEA120406245,PRJEB97686,,,adult,,,US,transplant_or_immunocompromised,allogeneic hematopoietic cell transplantation (allo-HCT) recipients undergoing GVHD prophylaxis,,,,2019/2023,primary,1.0,0.111
SAMEA120406246,PRJEB97686,,,adult,,,US,transplant_or_immunocompromised,allogeneic hematopoietic cell transplantation (allo-HCT) recipients undergoing GVHD prophylaxis,,,,2019/2023,primary,1.0,1.55
SAMEA120406247,PRJEB97686,,,adult,,,US,transplant_or_immunocompromised,allogeneic hematopoietic cell transplantation (allo-HCT) recipients undergoing GVHD prophylaxis,,,,2019/2023,primary,2.0,4.978
SAMEA120406248,PRJEB97686,,,adult,,,US,transplant_or_immunocompromised,allogeneic hematopoietic cell transplantation (allo-HCT) recipients undergoing GVHD prophylaxis,,,,2019/2023,primary,2.0,4.701
SAMEA120406249,PRJEB97686,,,adult,,,US,transplant_or_immunocompromised,allogeneic hematopoietic cell transplantation (allo-HCT) recipients undergoing GVHD prophylaxis,,,,2019/2023,primary,2.0,4.15
SAMEA120406250,PRJEB97686,,,adult,,,US,transplant_or_immunocompromised,allogeneic hematopoietic cell transplantation (allo-HCT) recipients undergoing GVHD prophylaxis,,,,2019/2023,primary,2.0,3.999
SAMEA120406251,PRJEB97686,,,adult,,,US,transplant_or_immunocompromised,allogeneic hematopoietic cell transplantation (allo-HCT) recipients undergoing GVHD prophylaxis,,,,2019/2023,primary,2.0,4.422
SAMEA120406252,PRJEB97686,,,adult,,,US,transplant_or_immunocompromised,allogeneic hematopoietic cell transplantation (allo-HCT) recipients undergoing GVHD prophylaxis,,,,2019/2023,primary,1.0,0.119
SAMEA120406253,PRJEB97686,,,adult,,,US,transplant_or_immunocompromised,allogeneic hematopoietic cell transplantation (allo-HCT) recipients undergoing GVHD prophylaxis,,,,2019/2023,primary,2.0,3.752
SAMEA120406254,PRJEB97686,,,adult,,,US,transplant_or_immunocompromised,allogeneic hematopoietic cell transplantation (allo-HCT) recipients undergoing GVHD prophylaxis,,,,2019/2023,primary,2.0,4.594
SAMEA120406255,PRJEB97686,,,adult,,,US,transplant_or_immunocompromised,allogeneic hematopoietic cell transplantation (allo-HCT) recipients undergoing GVHD prophylaxis,,,,2019/2023,primary,2.0,4.9
SAMEA120406256,PRJEB97686,,,adult,,,US,transplant_or_immunocompromised,allogeneic hematopoietic cell transplantation (allo-HCT) recipients undergoing GVHD prophylaxis,,,,2019/2023,primary,2.0,4.43
SAMEA120406257,PRJEB97686,,,adult,,,US,transplant_or_immunocompromised,allogeneic hematopoietic cell transplantation (allo-HCT) recipients undergoing GVHD prophylaxis,,,,2019/2023,primary,2.0,4.03
SAMEA120406258,PRJEB97686,,,adult,,,US,transplant_or_immunocompromised,allogeneic hematopoietic cell transplantation (allo-HCT) recipients undergoing GVHD prophylaxis,,,,2019/2023,primary,1.0,4.278
SAMEA120406259,PRJEB97686,,,adult,,,US,transplant_or_immunocompromised,allogeneic hematopoietic cell transplantation (allo-HCT) recipients undergoing GVHD prophylaxis,,,,2019/2023,primary,2.0,4.236
SAMEA120406260,PRJEB97686,,,adult,,,US,transplant_or_immunocompromised,allogeneic hematopoietic cell transplantation (allo-HCT) recipients undergoing GVHD prophylaxis,,,,2019/2023,primary,2.0,4.585
SAMEA120406261,PRJEB97686,,,adult,,,US,transplant_or_immunocompromised,allogeneic hematopoietic cell transplantation (allo-HCT) recipients undergoing GVHD prophylaxis,,,,2019/2023,primary,1.0,4.451
SAMEA120406262,PRJEB97686,,,adult,,,US,transplant_or_immunocompromised,allogeneic hematopoietic cell transplantation (allo-HCT) recipients undergoing GVHD prophylaxis,,,,2019/2023,primary,2.0,4.82
SAMEA120406263,PRJEB97686,,,adult,,,US,transplant_or_immunocompromised,allogeneic hematopoietic cell transplantation (allo-HCT) recipients undergoing GVHD prophylaxis,,,,2019/2023,primary,2.0,4.539
SAMEA120406264,PRJEB97686,,,adult,,,US,transplant_or_immunocompromised,allogeneic hematopoietic cell transplantation (allo-HCT) recipients undergoing GVHD prophylaxis,,,,2019/2023,primary,2.0,3.568
SAMEA120406265,PRJEB97686,,,adult,,,US,transplant_or_immunocompromised,allogeneic hematopoietic cell transplantation (allo-HCT) recipients undergoing GVHD prophylaxis,,,,2019/2023,primary,2.0,4.994
SAMEA120406266,PRJEB97686,,,adult,,,US,transplant_or_immunocompromised,allogeneic hematopoietic cell transplantation (allo-HCT) recipients undergoing GVHD prophylaxis,,,,2019/2023,primary,2.0,5.178
SAMEA120406267,PRJEB97686,,,adult,,,US,transplant_or_immunocompromised,allogeneic hematopoietic cell transplantation (allo-HCT) recipients undergoing GVHD prophylaxis,,,,2019/2023,primary,2.0,4.936
SAMEA120406268,PRJEB97686,,,adult,,,US,transplant_or_immunocompromised,allogeneic hematopoietic cell transplantation (allo-HCT) recipients undergoing GVHD prophylaxis,,,,2019/2023,primary,2.0,4.431
SAMEA120406269,PRJEB97686,,,adult,,,US,transplant_or_immunocompromised,allogeneic hematopoietic cell transplantation (allo-HCT) recipients undergoing GVHD prophylaxis,,,,2019/2023,primary,2.0,4.391
SAMEA120406270,PRJEB97686,,,adult,,,US,transplant_or_immunocompromised,allogeneic hematopoietic cell transplantation (allo-HCT) recipients undergoing GVHD prophylaxis,,,,2019/2023,primary,2.0,4.706
SAMEA120406271,PRJEB97686,,,adult,,,US,transplant_or_immunocompromised,allogeneic hematopoietic cell transplantation (allo-HCT) recipients undergoing GVHD prophylaxis,,,,2019/2023,primary,2.0,9.126
SAMEA120406272,PRJEB97686,,,adult,,,US,transplant_or_immunocompromised,allogeneic hematopoietic cell transplantation (allo-HCT) recipients undergoing GVHD prophylaxis,,,,2019/2023,primary,2.0,4.119
SAMEA120406273,PRJEB97686,,,adult,,,US,transplant_or_immunocompromised,allogeneic hematopoietic cell transplantation (allo-HCT) recipients undergoing GVHD prophylaxis,,,,2019/2023,primary,2.0,4.943
SAMEA120406274,PRJEB97686,,,adult,,,US,transplant_or_immunocompromised,allogeneic hematopoietic cell transplantation (allo-HCT) recipients undergoing GVHD prophylaxis,,,,2019/2023,primary,2.0,4.627
SAMEA120406275,PRJEB97686,,,adult,,,US,transplant_or_immunocompromised,allogeneic hematopoietic cell transplantation (allo-HCT) recipients undergoing GVHD prophylaxis,,,,2019/2023,primary,2.0,4.718
SAMEA120406276,PRJEB97686,,,adult,,,US,transplant_or_immunocompromised,allogeneic hematopoietic cell transplantation (allo-HCT) recipients undergoing GVHD prophylaxis,,,,2019/2023,primary,2.0,5.235
SAMEA120406277,PRJEB97686,,,adult,,,US,transplant_or_immunocompromised,allogeneic hematopoietic cell transplantation (allo-HCT) recipients undergoing GVHD prophylaxis,,,,2019/2023,primary,2.0,4.29
SAMEA120406278,PRJEB97686,,,adult,,,US,transplant_or_immunocompromised,allogeneic hematopoietic cell transplantation (allo-HCT) recipients undergoing GVHD prophylaxis,,,,2019/2023,primary,2.0,4.761
SAMEA120406279,PRJEB97686,,,adult,,,US,transplant_or_immunocompromised,allogeneic hematopoietic cell transplantation (allo-HCT) recipients undergoing GVHD prophylaxis,,,,2019/2023,primary,2.0,4.07
SAMEA120406280,PRJEB97686,,,adult,,,US,transplant_or_immunocompromised,allogeneic hematopoietic cell transplantation (allo-HCT) recipients undergoing GVHD prophylaxis,,,,2019/2023,primary,2.0,4.725
SAMEA120406281,PRJEB97686,,,adult,,,US,transplant_or_immunocompromised,allogeneic hematopoietic cell transplantation (allo-HCT) recipients undergoing GVHD prophylaxis,,,,2019/2023,primary,1.0,4.086
SAMEA120406282,PRJEB97686,,,adult,,,US,transplant_or_immunocompromised,allogeneic hematopoietic cell transplantation (allo-HCT) recipients undergoing GVHD prophylaxis,,,,2019/2023,primary,2.0,4.058
SAMEA120406283,PRJEB97686,,,adult,,,US,transplant_or_immunocompromised,allogeneic hematopoietic cell transplantation (allo-HCT) recipients undergoing GVHD prophylaxis,,,,2019/2023,primary,2.0,5.734
SAMEA120406284,PRJEB97686,,,adult,,,US,transplant_or_immunocompromised,allogeneic hematopoietic cell transplantation (allo-HCT) recipients undergoing GVHD prophylaxis,,,,2019/2023,primary,1.0,4.025
SAMEA120406285,PRJEB97686,,,adult,,,US,transplant_or_immunocompromised,allogeneic hematopoietic cell transplantation (allo-HCT) recipients undergoing GVHD prophylaxis,,,,2019/2023,primary,2.0,4.433
SAMEA120406286,PRJEB97686,,,adult,,,US,transplant_or_immunocompromised,allogeneic hematopoietic cell transplantation (allo-HCT) recipients undergoing GVHD prophylaxis,,,,2019/2023,primary,2.0,4.996
SAMEA120406287,PRJEB97686,,,adult,,,US,transplant_or_immunocompromised,allogeneic hematopoietic cell transplantation (allo-HCT) recipients undergoing GVHD prophylaxis,,,,2019/2023,primary,2.0,5.672
SAMEA120406288,PRJEB97686,,,adult,,,US,transplant_or_immunocompromised,allogeneic hematopoietic cell transplantation (allo-HCT) recipients undergoing GVHD prophylaxis,,,,2019/2023,primary,2.0,4.326
SAMEA120406289,PRJEB97686,,,adult,,,US,transplant_or_immunocompromised,allogeneic hematopoietic cell transplantation (allo-HCT) recipients undergoing GVHD prophylaxis,,,,2019/2023,primary,2.0,4.863
SAMEA120406290,PRJEB97686,,,adult,,,US,transplant_or_immunocompromised,allogeneic hematopoietic cell transplantation (allo-HCT) recipients undergoing GVHD prophylaxis,,,,2019/2023,primary,2.0,4.51
SAMEA120406291,PRJEB97686,,,adult,,,US,transplant_or_immunocompromised,allogeneic hematopoietic cell transplantation (allo-HCT) recipients undergoing GVHD prophylaxis,,,,2019/2023,primary,2.0,4.01
SAMEA120406292,PRJEB97686,,,adult,,,US,transplant_or_immunocompromised,allogeneic hematopoietic cell transplantation (allo-HCT) recipients undergoing GVHD prophylaxis,,,,2019/2023,primary,2.0,3.878
SAMEA120406293,PRJEB97686,,,adult,,,US,transplant_or_immunocompromised,allogeneic hematopoietic cell transplantation (allo-HCT) recipients undergoing GVHD prophylaxis,,,,2019/2023,primary,2.0,4.531
SAMEA120406294,PRJEB97686,,,adult,,,US,transplant_or_immunocompromised,allogeneic hematopoietic cell transplantation (allo-HCT) recipients undergoing GVHD prophylaxis,,,,2019/2023,primary,2.0,4.078
SAMEA120406295,PRJEB97686,,,adult,,,US,transplant_or_immunocompromised,allogeneic hematopoietic cell transplantation (allo-HCT) recipients undergoing GVHD prophylaxis,,,,2019/2023,primary,2.0,4.39
SAMEA120406296,PRJEB97686,,,adult,,,US,transplant_or_immunocompromised,allogeneic hematopoietic cell transplantation (allo-HCT) recipients undergoing GVHD prophylaxis,,,,2019/2023,primary,2.0,4.445
SAMEA120406297,PRJEB97686,,,adult,,,US,transplant_or_immunocompromised,allogeneic hematopoietic cell transplantation (allo-HCT) recipients undergoing GVHD prophylaxis,,,,2019/2023,primary,2.0,4.012
SAMEA120406298,PRJEB97686,,,adult,,,US,transplant_or_immunocompromised,allogeneic hematopoietic cell transplantation (allo-HCT) recipients undergoing GVHD prophylaxis,,,,2019/2023,primary,2.0,4.132
SAMEA120406299,PRJEB97686,,,adult,,,US,transplant_or_immunocompromised,allogeneic hematopoietic cell transplantation (allo-HCT) recipients undergoing GVHD prophylaxis,,,,2019/2023,primary,2.0,4.395
SAMEA120406300,PRJEB97686,,,adult,,,US,transplant_or_immunocompromised,allogeneic hematopoietic cell transplantation (allo-HCT) recipients undergoing GVHD prophylaxis,,,,2019/2023,primary,2.0,4.369
SAMEA120406301,PRJEB97686,,,adult,,,US,transplant_or_immunocompromised,allogeneic hematopoietic cell transplantation (allo-HCT) recipients undergoing GVHD prophylaxis,,,,2019/2023,primary,2.0,4.496
SAMEA120406302,PRJEB97686,,,adult,,,US,transplant_or_immunocompromised,allogeneic hematopoietic cell transplantation (allo-HCT) recipients undergoing GVHD prophylaxis,,,,2019/2023,primary,2.0,4.488
SAMEA120406303,PRJEB97686,,,adult,,,US,transplant_or_immunocompromised,allogeneic hematopoietic cell transplantation (allo-HCT) recipients undergoing GVHD prophylaxis,,,,2019/2023,primary,2.0,4.204
SAMEA120406304,PRJEB97686,,,adult,,,US,transplant_or_immunocompromised,allogeneic hematopoietic cell transplantation (allo-HCT) recipients undergoing GVHD prophylaxis,,,,2019/2023,primary,2.0,4.694
SAMEA120406305,PRJEB97686,,,adult,,,US,transplant_or_immunocompromised,allogeneic hematopoietic cell transplantation (allo-HCT) recipients undergoing GVHD prophylaxis,,,,2019/2023,primary,2.0,4.635
SAMEA120406306,PRJEB97686,,,adult,,,US,transplant_or_immunocompromised,allogeneic hematopoietic cell transplantation (allo-HCT) recipients undergoing GVHD prophylaxis,,,,2019/2023,primary,2.0,4.401
SAMEA120406307,PRJEB97686,,,adult,,,US,transplant_or_immunocompromised,allogeneic hematopoietic cell transplantation (allo-HCT) recipients undergoing GVHD prophylaxis,,,,2019/2023,primary,2.0,3.983
SAMEA120406308,PRJEB97686,,,adult,,,US,transplant_or_immunocompromised,allogeneic hematopoietic cell transplantation (allo-HCT) recipients undergoing GVHD prophylaxis,,,,2019/2023,primary,2.0,3.789
SAMEA120406309,PRJEB97686,,,adult,,,US,transplant_or_immunocompromised,allogeneic hematopoietic cell transplantation (allo-HCT) recipients undergoing GVHD prophylaxis,,,,2019/2023,primary,2.0,4.436
SAMEA120406310,PRJEB97686,,,adult,,,US,transplant_or_immunocompromised,allogeneic hematopoietic cell transplantation (allo-HCT) recipients undergoing GVHD prophylaxis,,,,2019/2023,primary,2.0,4.584
SAMEA120406311,PRJEB97686,,,adult,,,US,transplant_or_immunocompromised,allogeneic hematopoietic cell transplantation (allo-HCT) recipients undergoing GVHD prophylaxis,,,,2019/2023,primary,2.0,4.564
SAMEA120406312,PRJEB97686,,,adult,,,US,transplant_or_immunocompromised,allogeneic hematopoietic cell transplantation (allo-HCT) recipients undergoing GVHD prophylaxis,,,,2019/2023,primary,2.0,3.744
SAMEA120406313,PRJEB97686,,,adult,,,US,transplant_or_immunocompromised,allogeneic hematopoietic cell transplantation (allo-HCT) recipients undergoing GVHD prophylaxis,,,,2019/2023,primary,2.0,3.909
SAMEA120406314,PRJEB97686,,,adult,,,US,transplant_or_immunocompromised,allogeneic hematopoietic cell transplantation (allo-HCT) recipients undergoing GVHD prophylaxis,,,,2019/2023,primary,2.0,4.222
SAMEA120406315,PRJEB97686,,,adult,,,US,transplant_or_immunocompromised,allogeneic hematopoietic cell transplantation (allo-HCT) recipients undergoing GVHD prophylaxis,,,,2019/2023,primary,2.0,4.274
SAMEA120406316,PRJEB97686,,,adult,,,US,transplant_or_immunocompromised,allogeneic hematopoietic cell transplantation (allo-HCT) recipients undergoing GVHD prophylaxis,,,,2019/2023,primary,2.0,4.488
SAMEA120406317,PRJEB97686,,,adult,,,US,transplant_or_immunocompromised,allogeneic hematopoietic cell transplantation (allo-HCT) recipients undergoing GVHD prophylaxis,,,,2019/2023,primary,2.0,4.312
SAMEA120406318,PRJEB97686,,,adult,,,US,transplant_or_immunocompromised,allogeneic hematopoietic cell transplantation (allo-HCT) recipients undergoing GVHD prophylaxis,,,,2019/2023,primary,2.0,4.113
SAMEA120406319,PRJEB97686,,,adult,,,US,transplant_or_immunocompromised,allogeneic hematopoietic cell transplantation (allo-HCT) recipients undergoing GVHD prophylaxis,,,,2019/2023,primary,2.0,4.496
SAMEA120406320,PRJEB97686,,,adult,,,US,transplant_or_immunocompromised,allogeneic hematopoietic cell transplantation (allo-HCT) recipients undergoing GVHD prophylaxis,,,,2019/2023,primary,2.0,5.134
SAMEA120406321,PRJEB97686,,,adult,,,US,transplant_or_immunocompromised,allogeneic hematopoietic cell transplantation (allo-HCT) recipients undergoing GVHD prophylaxis,,,,2019/2023,primary,2.0,3.835
SAMEA120406322,PRJEB97686,,,adult,,,US,transplant_or_immunocompromised,allogeneic hematopoietic cell transplantation (allo-HCT) recipients undergoing GVHD prophylaxis,,,,2019/2023,primary,2.0,3.984
SAMEA120406323,PRJEB97686,,,adult,,,US,transplant_or_immunocompromised,allogeneic hematopoietic cell transplantation (allo-HCT) recipients undergoing GVHD prophylaxis,,,,2019/2023,primary,2.0,4.082
SAMEA120406324,PRJEB97686,,,adult,,,US,transplant_or_immunocompromised,allogeneic hematopoietic cell transplantation (allo-HCT) recipients undergoing GVHD prophylaxis,,,,2019/2023,primary,2.0,5.764
SAMEA120406325,PRJEB97686,,,adult,,,US,transplant_or_immunocompromised,allogeneic hematopoietic cell transplantation (allo-HCT) recipients undergoing GVHD prophylaxis,,,,2019/2023,primary,2.0,1.325
SAMEA120406326,PRJEB97686,,,adult,,,US,transplant_or_immunocompromised,allogeneic hematopoietic cell transplantation (allo-HCT) recipients undergoing GVHD prophylaxis,,,,2019/2023,primary,2.0,4.608
SAMEA120406327,PRJEB97686,,,adult,,,US,transplant_or_immunocompromised,allogeneic hematopoietic cell transplantation (allo-HCT) recipients undergoing GVHD prophylaxis,,,,2019/2023,primary,2.0,4.712
SAMEA120406328,PRJEB97686,,,adult,,,US,transplant_or_immunocompromised,allogeneic hematopoietic cell transplantation (allo-HCT) recipients undergoing GVHD prophylaxis,,,,2019/2023,primary,2.0,4.379
SAMEA120406329,PRJEB97686,,,adult,,,US,transplant_or_immunocompromised,allogeneic hematopoietic cell transplantation (allo-HCT) recipients undergoing GVHD prophylaxis,,,,2019/2023,primary,2.0,4.028
SAMEA120406330,PRJEB97686,,,adult,,,US,transplant_or_immunocompromised,allogeneic hematopoietic cell transplantation (allo-HCT) recipients undergoing GVHD prophylaxis,,,,2019/2023,primary,2.0,4.48
SAMEA120406331,PRJEB97686,,,adult,,,US,transplant_or_immunocompromised,allogeneic hematopoietic cell transplantation (allo-HCT) recipients undergoing GVHD prophylaxis,,,,2019/2023,primary,2.0,4.509
SAMEA120406332,PRJEB97686,,,adult,,,US,transplant_or_immunocompromised,allogeneic hematopoietic cell transplantation (allo-HCT) recipients undergoing GVHD prophylaxis,,,,2019/2023,primary,2.0,4.442
SAMEA120406333,PRJEB97686,,,adult,,,US,transplant_or_immunocompromised,allogeneic hematopoietic cell transplantation (allo-HCT) recipients undergoing GVHD prophylaxis,,,,2019/2023,primary,2.0,3.95
SAMEA120406334,PRJEB97686,,,adult,,,US,transplant_or_immunocompromised,allogeneic hematopoietic cell transplantation (allo-HCT) recipients undergoing GVHD prophylaxis,,,,2019/2023,primary,2.0,4.329
SAMEA120406335,PRJEB97686,,,adult,,,US,transplant_or_immunocompromised,allogeneic hematopoietic cell transplantation (allo-HCT) recipients undergoing GVHD prophylaxis,,,,2019/2023,primary,1.0,0.02
SAMEA120406336,PRJEB97686,,,adult,,,US,transplant_or_immunocompromised,allogeneic hematopoietic cell transplantation (allo-HCT) recipients undergoing GVHD prophylaxis,,,,2019/2023,primary,2.0,4.361
SAMEA120406337,PRJEB97686,,,adult,,,US,transplant_or_immunocompromised,allogeneic hematopoietic cell transplantation (allo-HCT) recipients undergoing GVHD prophylaxis,,,,2019/2023,primary,1.0,0.009
SAMEA120406338,PRJEB97686,,,adult,,,US,transplant_or_immunocompromised,allogeneic hematopoietic cell transplantation (allo-HCT) recipients undergoing GVHD prophylaxis,,,,2019/2023,primary,2.0,5.095
SAMEA120406339,PRJEB97686,,,adult,,,US,transplant_or_immunocompromised,allogeneic hematopoietic cell transplantation (allo-HCT) recipients undergoing GVHD prophylaxis,,,,2019/2023,primary,2.0,4.307
SAMEA120406340,PRJEB97686,,,adult,,,US,transplant_or_immunocompromised,allogeneic hematopoietic cell transplantation (allo-HCT) recipients undergoing GVHD prophylaxis,,,,2019/2023,primary,2.0,4.333
SAMEA120406341,PRJEB97686,,,adult,,,US,transplant_or_immunocompromised,allogeneic hematopoietic cell transplantation (allo-HCT) recipients undergoing GVHD prophylaxis,,,,2019/2023,primary,2.0,4.88
SAMEA120406342,PRJEB97686,,,adult,,,US,transplant_or_immunocompromised,allogeneic hematopoietic cell transplantation (allo-HCT) recipients undergoing GVHD prophylaxis,,,,2019/2023,primary,2.0,4.315
SAMEA120406343,PRJEB97686,,,adult,,,US,transplant_or_immunocompromised,allogeneic hematopoietic cell transplantation (allo-HCT) recipients undergoing GVHD prophylaxis,,,,2019/2023,primary,2.0,4.438
SAMEA120406344,PRJEB97686,,,adult,,,US,transplant_or_immunocompromised,allogeneic hematopoietic cell transplantation (allo-HCT) recipients undergoing GVHD prophylaxis,,,,2019/2023,primary,2.0,4.529
SAMEA120406345,PRJEB97686,,,adult,,,US,transplant_or_immunocompromised,allogeneic hematopoietic cell transplantation (allo-HCT) recipients undergoing GVHD prophylaxis,,,,2019/2023,primary,2.0,4.146
SAMEA120406346,PRJEB97686,,,adult,,,US,transplant_or_immunocompromised,allogeneic hematopoietic cell transplantation (allo-HCT) recipients undergoing GVHD prophylaxis,,,,2019/2023,primary,2.0,4.891
SAMEA120406347,PRJEB97686,,,adult,,,US,transplant_or_immunocompromised,allogeneic hematopoietic cell transplantation (allo-HCT) recipients undergoing GVHD prophylaxis,,,,2019/2023,primary,2.0,5.277
SAMEA120406348,PRJEB97686,,,adult,,,US,transplant_or_immunocompromised,allogeneic hematopoietic cell transplantation (allo-HCT) recipients undergoing GVHD prophylaxis,,,,2019/2023,primary,2.0,2.786
SAMEA120406349,PRJEB97686,,,adult,,,US,transplant_or_immunocompromised,allogeneic hematopoietic cell transplantation (allo-HCT) recipients undergoing GVHD prophylaxis,,,,2019/2023,primary,2.0,4.203
SAMEA120406350,PRJEB97686,,,adult,,,US,transplant_or_immunocompromised,allogeneic hematopoietic cell transplantation (allo-HCT) recipients undergoing GVHD prophylaxis,,,,2019/2023,primary,2.0,4.882
SAMEA120406351,PRJEB97686,,,adult,,,US,transplant_or_immunocompromised,allogeneic hematopoietic cell transplantation (allo-HCT) recipients undergoing GVHD prophylaxis,,,,2019/2023,primary,2.0,4.108
SAMEA120406352,PRJEB97686,,,adult,,,US,transplant_or_immunocompromised,allogeneic hematopoietic cell transplantation (allo-HCT) recipients undergoing GVHD prophylaxis,,,,2019/2023,primary,2.0,4.037
SAMEA120406353,PRJEB97686,,,adult,,,US,transplant_or_immunocompromised,allogeneic hematopoietic cell transplantation (allo-HCT) recipients undergoing GVHD prophylaxis,,,,2019/2023,primary,2.0,5.21
SAMEA120406354,PRJEB97686,,,adult,,,US,transplant_or_immunocompromised,allogeneic hematopoietic cell transplantation (allo-HCT) recipients undergoing GVHD prophylaxis,,,,2019/2023,primary,2.0,4.167
SAMEA120406355,PRJEB97686,,,adult,,,US,transplant_or_immunocompromised,allogeneic hematopoietic cell transplantation (allo-HCT) recipients undergoing GVHD prophylaxis,,,,2019/2023,primary,2.0,3.92
SAMEA120406356,PRJEB97686,,,adult,,,US,transplant_or_immunocompromised,allogeneic hematopoietic cell transplantation (allo-HCT) recipients undergoing GVHD prophylaxis,,,,2019/2023,primary,2.0,4.5
SAMEA120406357,PRJEB97686,,,adult,,,US,transplant_or_immunocompromised,allogeneic hematopoietic cell transplantation (allo-HCT) recipients undergoing GVHD prophylaxis,,,,2019/2023,primary,2.0,3.974
SAMEA120406358,PRJEB97686,,,adult,,,US,transplant_or_immunocompromised,allogeneic hematopoietic cell transplantation (allo-HCT) recipients undergoing GVHD prophylaxis,,,,2019/2023,primary,2.0,4.072
SAMEA120406359,PRJEB97686,,,adult,,,US,transplant_or_immunocompromised,allogeneic hematopoietic cell transplantation (allo-HCT) recipients undergoing GVHD prophylaxis,,,,2019/2023,primary,2.0,4.109
SAMEA120406360,PRJEB97686,,,adult,,,US,transplant_or_immunocompromised,allogeneic hematopoietic cell transplantation (allo-HCT) recipients undergoing GVHD prophylaxis,,,,2019/2023,primary,2.0,4.447
SAMEA120406361,PRJEB97686,,,adult,,,US,transplant_or_immunocompromised,allogeneic hematopoietic cell transplantation (allo-HCT) recipients undergoing GVHD prophylaxis,,,,2019/2023,primary,2.0,4.473
SAMEA120406362,PRJEB97686,,,adult,,,US,transplant_or_immunocompromised,allogeneic hematopoietic cell transplantation (allo-HCT) recipients undergoing GVHD prophylaxis,,,,2019/2023,primary,2.0,4.064
SAMEA120406363,PRJEB97686,,,adult,,,US,transplant_or_immunocompromised,allogeneic hematopoietic cell transplantation (allo-HCT) recipients undergoing GVHD prophylaxis,,,,2019/2023,primary,2.0,4.404
SAMEA120406364,PRJEB97686,,,adult,,,US,transplant_or_immunocompromised,allogeneic hematopoietic cell transplantation (allo-HCT) recipients undergoing GVHD prophylaxis,,,,2019/2023,primary,2.0,4.306
SAMEA120406365,PRJEB97686,,,adult,,,US,transplant_or_immunocompromised,allogeneic hematopoietic cell transplantation (allo-HCT) recipients undergoing GVHD prophylaxis,,,,2019/2023,primary,2.0,5.226
SAMEA120406366,PRJEB97686,,,adult,,,US,transplant_or_immunocompromised,allogeneic hematopoietic cell transplantation (allo-HCT) recipients undergoing GVHD prophylaxis,,,,2019/2023,primary,2.0,5.51
SAMEA120406367,PRJEB97686,,,adult,,,US,transplant_or_immunocompromised,allogeneic hematopoietic cell transplantation (allo-HCT) recipients undergoing GVHD prophylaxis,,,,2019/2023,primary,2.0,5.041
SAMEA120406368,PRJEB97686,,,adult,,,US,transplant_or_immunocompromised,allogeneic hematopoietic cell transplantation (allo-HCT) recipients undergoing GVHD prophylaxis,,,,2019/2023,primary,2.0,5.49
SAMEA120406369,PRJEB97686,,,adult,,,US,transplant_or_immunocompromised,allogeneic hematopoietic cell transplantation (allo-HCT) recipients undergoing GVHD prophylaxis,,,,2019/2023,primary,2.0,4.868
SAMEA120406370,PRJEB97686,,,adult,,,US,transplant_or_immunocompromised,allogeneic hematopoietic cell transplantation (allo-HCT) recipients undergoing GVHD prophylaxis,,,,2019/2023,primary,2.0,4.443
SAMEA120406371,PRJEB97686,,,adult,,,US,transplant_or_immunocompromised,allogeneic hematopoietic cell transplantation (allo-HCT) recipients undergoing GVHD prophylaxis,,,,2019/2023,primary,2.0,4.628
SAMEA120406372,PRJEB97686,,,adult,,,US,transplant_or_immunocompromised,allogeneic hematopoietic cell transplantation (allo-HCT) recipients undergoing GVHD prophylaxis,,,,2019/2023,primary,2.0,3.865
SAMEA120406373,PRJEB97686,,,adult,,,US,transplant_or_immunocompromised,allogeneic hematopoietic cell transplantation (allo-HCT) recipients undergoing GVHD prophylaxis,,,,2019/2023,primary,2.0,4.113
SAMEA120406374,PRJEB97686,,,adult,,,US,transplant_or_immunocompromised,allogeneic hematopoietic cell transplantation (allo-HCT) recipients undergoing GVHD prophylaxis,,,,2019/2023,primary,2.0,4.481
SAMEA120406375,PRJEB97686,,,adult,,,US,transplant_or_immunocompromised,allogeneic hematopoietic cell transplantation (allo-HCT) recipients undergoing GVHD prophylaxis,,,,2019/2023,primary,2.0,4.739
SAMEA120406376,PRJEB97686,,,adult,,,US,transplant_or_immunocompromised,allogeneic hematopoietic cell transplantation (allo-HCT) recipients undergoing GVHD prophylaxis,,,,2019/2023,primary,2.0,4.628
SAMEA120406377,PRJEB97686,,,adult,,,US,transplant_or_immunocompromised,allogeneic hematopoietic cell transplantation (allo-HCT) recipients undergoing GVHD prophylaxis,,,,2019/2023,primary,2.0,4.642
SAMEA120406378,PRJEB97686,,,adult,,,US,transplant_or_immunocompromised,allogeneic hematopoietic cell transplantation (allo-HCT) recipients undergoing GVHD prophylaxis,,,,2019/2023,primary,2.0,4.269
SAMEA120406379,PRJEB97686,,,adult,,,US,transplant_or_immunocompromised,allogeneic hematopoietic cell transplantation (allo-HCT) recipients undergoing GVHD prophylaxis,,,,2019/2023,primary,2.0,4.209
SAMEA120406380,PRJEB97686,,,adult,,,US,transplant_or_immunocompromised,allogeneic hematopoietic cell transplantation (allo-HCT) recipients undergoing GVHD prophylaxis,,,,2019/2023,primary,2.0,3.779
SAMEA120406381,PRJEB97686,,,adult,,,US,transplant_or_immunocompromised,allogeneic hematopoietic cell transplantation (allo-HCT) recipients undergoing GVHD prophylaxis,,,,2019/2023,primary,2.0,4.195
SAMEA120406382,PRJEB97686,,,adult,,,US,transplant_or_immunocompromised,allogeneic hematopoietic cell transplantation (allo-HCT) recipients undergoing GVHD prophylaxis,,,,2019/2023,primary,2.0,4.205
SAMEA120406383,PRJEB97686,,,adult,,,US,transplant_or_immunocompromised,allogeneic hematopoietic cell transplantation (allo-HCT) recipients undergoing GVHD prophylaxis,,,,2019/2023,primary,2.0,4.478
SAMEA120406384,PRJEB97686,,,adult,,,US,transplant_or_immunocompromised,allogeneic hematopoietic cell transplantation (allo-HCT) recipients undergoing GVHD prophylaxis,,,,2019/2023,primary,2.0,4.204
SAMEA120406385,PRJEB97686,,,adult,,,US,transplant_or_immunocompromised,allogeneic hematopoietic cell transplantation (allo-HCT) recipients undergoing GVHD prophylaxis,,,,2019/2023,primary,2.0,4.049
SAMEA120406386,PRJEB97686,,,adult,,,US,transplant_or_immunocompromised,allogeneic hematopoietic cell transplantation (allo-HCT) recipients undergoing GVHD prophylaxis,,,,2019/2023,primary,2.0,4.535
SAMEA120406387,PRJEB97686,,,adult,,,US,transplant_or_immunocompromised,allogeneic hematopoietic cell transplantation (allo-HCT) recipients undergoing GVHD prophylaxis,,,,2019/2023,primary,2.0,4.37
SAMEA120406388,PRJEB97686,,,adult,,,US,transplant_or_immunocompromised,allogeneic hematopoietic cell transplantation (allo-HCT) recipients undergoing GVHD prophylaxis,,,,2019/2023,primary,2.0,5.301
SAMEA120406389,PRJEB97686,,,adult,,,US,transplant_or_immunocompromised,allogeneic hematopoietic cell transplantation (allo-HCT) recipients undergoing GVHD prophylaxis,,,,2019/2023,primary,2.0,4.294
SAMEA120406390,PRJEB97686,,,adult,,,US,transplant_or_immunocompromised,allogeneic hematopoietic cell transplantation (allo-HCT) recipients undergoing GVHD prophylaxis,,,,2019/2023,primary,1.0,0.477
SAMEA120406391,PRJEB97686,,,adult,,,US,transplant_or_immunocompromised,allogeneic hematopoietic cell transplantation (allo-HCT) recipients undergoing GVHD prophylaxis,,,,2019/2023,primary,2.0,3.875
SAMEA120406392,PRJEB97686,,,adult,,,US,transplant_or_immunocompromised,allogeneic hematopoietic cell transplantation (allo-HCT) recipients undergoing GVHD prophylaxis,,,,2019/2023,primary,2.0,6.558
SAMEA120406393,PRJEB97686,,,adult,,,US,transplant_or_immunocompromised,allogeneic hematopoietic cell transplantation (allo-HCT) recipients undergoing GVHD prophylaxis,,,,2019/2023,primary,2.0,4.121
SAMEA120406394,PRJEB97686,,,adult,,,US,transplant_or_immunocompromised,allogeneic hematopoietic cell transplantation (allo-HCT) recipients undergoing GVHD prophylaxis,,,,2019/2023,primary,2.0,4.962
SAMEA120406395,PRJEB97686,,,adult,,,US,transplant_or_immunocompromised,allogeneic hematopoietic cell transplantation (allo-HCT) recipients undergoing GVHD prophylaxis,,,,2019/2023,primary,2.0,3.834
SAMEA120406396,PRJEB97686,,,adult,,,US,transplant_or_immunocompromised,allogeneic hematopoietic cell transplantation (allo-HCT) recipients undergoing GVHD prophylaxis,,,,2019/2023,primary,2.0,4.591
SAMEA120406397,PRJEB97686,,,adult,,,US,transplant_or_immunocompromised,allogeneic hematopoietic cell transplantation (allo-HCT) recipients undergoing GVHD prophylaxis,,,,2019/2023,primary,2.0,4.205
SAMEA120406398,PRJEB97686,,,adult,,,US,transplant_or_immunocompromised,allogeneic hematopoietic cell transplantation (allo-HCT) recipients undergoing GVHD prophylaxis,,,,2019/2023,primary,2.0,4.103
SAMEA120406399,PRJEB97686,,,adult,,,US,transplant_or_immunocompromised,allogeneic hematopoietic cell transplantation (allo-HCT) recipients undergoing GVHD prophylaxis,,,,2019/2023,primary,2.0,4.247
SAMEA120406400,PRJEB97686,,,adult,,,US,transplant_or_immunocompromised,allogeneic hematopoietic cell transplantation (allo-HCT) recipients undergoing GVHD prophylaxis,,,,2019/2023,primary,2.0,4.432
SAMEA120406401,PRJEB97686,,,adult,,,US,transplant_or_immunocompromised,allogeneic hematopoietic cell transplantation (allo-HCT) recipients undergoing GVHD prophylaxis,,,,2019/2023,primary,2.0,4.279
SAMEA120406402,PRJEB97686,,,adult,,,US,transplant_or_immunocompromised,allogeneic hematopoietic cell transplantation (allo-HCT) recipients undergoing GVHD prophylaxis,,,,2019/2023,primary,2.0,4.154
SAMEA120406403,PRJEB97686,,,adult,,,US,transplant_or_immunocompromised,allogeneic hematopoietic cell transplantation (allo-HCT) recipients undergoing GVHD prophylaxis,,,,2019/2023,primary,2.0,4.298
SAMEA120406404,PRJEB97686,,,adult,,,US,transplant_or_immunocompromised,allogeneic hematopoietic cell transplantation (allo-HCT) recipients undergoing GVHD prophylaxis,,,,2019/2023,primary,2.0,4.145
SAMEA120406405,PRJEB97686,,,adult,,,US,transplant_or_immunocompromised,allogeneic hematopoietic cell transplantation (allo-HCT) recipients undergoing GVHD prophylaxis,,,,2019/2023,primary,2.0,5.115
SAMEA120406406,PRJEB97686,,,adult,,,US,transplant_or_immunocompromised,allogeneic hematopoietic cell transplantation (allo-HCT) recipients undergoing GVHD prophylaxis,,,,2019/2023,primary,2.0,1.702
SAMEA120406407,PRJEB97686,,,adult,,,US,transplant_or_immunocompromised,allogeneic hematopoietic cell transplantation (allo-HCT) recipients undergoing GVHD prophylaxis,,,,2019/2023,primary,2.0,4.753
SAMEA120406408,PRJEB97686,,,adult,,,US,transplant_or_immunocompromised,allogeneic hematopoietic cell transplantation (allo-HCT) recipients undergoing GVHD prophylaxis,,,,2019/2023,primary,2.0,4.206
SAMEA120406409,PRJEB97686,,,adult,,,US,transplant_or_immunocompromised,allogeneic hematopoietic cell transplantation (allo-HCT) recipients undergoing GVHD prophylaxis,,,,2019/2023,primary,2.0,4.303
SAMEA120406410,PRJEB97686,,,adult,,,US,transplant_or_immunocompromised,allogeneic hematopoietic cell transplantation (allo-HCT) recipients undergoing GVHD prophylaxis,,,,2019/2023,primary,2.0,3.885
SAMEA120406411,PRJEB97686,,,adult,,,US,transplant_or_immunocompromised,allogeneic hematopoietic cell transplantation (allo-HCT) recipients undergoing GVHD prophylaxis,,,,2019/2023,primary,2.0,4.449
SAMEA120406412,PRJEB97686,,,adult,,,US,transplant_or_immunocompromised,allogeneic hematopoietic cell transplantation (allo-HCT) recipients undergoing GVHD prophylaxis,,,,2019/2023,primary,2.0,4.59
SAMEA120406413,PRJEB97686,,,adult,,,US,transplant_or_immunocompromised,allogeneic hematopoietic cell transplantation (allo-HCT) recipients undergoing GVHD prophylaxis,,,,2019/2023,primary,2.0,4.197
SAMEA120406414,PRJEB97686,,,adult,,,US,transplant_or_immunocompromised,allogeneic hematopoietic cell transplantation (allo-HCT) recipients undergoing GVHD prophylaxis,,,,2019/2023,primary,2.0,4.354
SAMEA120406415,PRJEB97686,,,adult,,,US,transplant_or_immunocompromised,allogeneic hematopoietic cell transplantation (allo-HCT) recipients undergoing GVHD prophylaxis,,,,2019/2023,primary,2.0,4.292
SAMEA120406416,PRJEB97686,,,adult,,,US,transplant_or_immunocompromised,allogeneic hematopoietic cell transplantation (allo-HCT) recipients undergoing GVHD prophylaxis,,,,2019/2023,primary,1.0,1.213
SAMEA120406417,PRJEB97686,,,adult,,,US,transplant_or_immunocompromised,allogeneic hematopoietic cell transplantation (allo-HCT) recipients undergoing GVHD prophylaxis,,,,2019/2023,primary,2.0,4.027
SAMEA120406418,PRJEB97686,,,adult,,,US,transplant_or_immunocompromised,allogeneic hematopoietic cell transplantation (allo-HCT) recipients undergoing GVHD prophylaxis,,,,2019/2023,primary,2.0,4.36
SAMEA120406419,PRJEB97686,,,adult,,,US,transplant_or_immunocompromised,allogeneic hematopoietic cell transplantation (allo-HCT) recipients undergoing GVHD prophylaxis,,,,2019/2023,primary,2.0,4.389
SAMEA120406420,PRJEB97686,,,adult,,,US,transplant_or_immunocompromised,allogeneic hematopoietic cell transplantation (allo-HCT) recipients undergoing GVHD prophylaxis,,,,2019/2023,primary,2.0,4.85
SAMEA120406421,PRJEB97686,,,adult,,,US,transplant_or_immunocompromised,allogeneic hematopoietic cell transplantation (allo-HCT) recipients undergoing GVHD prophylaxis,,,,2019/2023,primary,2.0,4.903
SAMEA120406422,PRJEB97686,,,adult,,,US,transplant_or_immunocompromised,allogeneic hematopoietic cell transplantation (allo-HCT) recipients undergoing GVHD prophylaxis,,,,2019/2023,primary,2.0,4.615
SAMEA120406423,PRJEB97686,,,adult,,,US,transplant_or_immunocompromised,allogeneic hematopoietic cell transplantation (allo-HCT) recipients undergoing GVHD prophylaxis,,,,2019/2023,primary,2.0,4.492
SAMEA120406424,PRJEB97686,,,adult,,,US,transplant_or_immunocompromised,allogeneic hematopoietic cell transplantation (allo-HCT) recipients undergoing GVHD prophylaxis,,,,2019/2023,primary,2.0,5.286
SAMEA120406425,PRJEB97686,,,adult,,,US,transplant_or_immunocompromised,allogeneic hematopoietic cell transplantation (allo-HCT) recipients undergoing GVHD prophylaxis,,,,2019/2023,primary,2.0,3.659
SAMEA120406426,PRJEB97686,,,adult,,,US,transplant_or_immunocompromised,allogeneic hematopoietic cell transplantation (allo-HCT) recipients undergoing GVHD prophylaxis,,,,2019/2023,primary,2.0,4.586
SAMEA120406427,PRJEB97686,,,adult,,,US,transplant_or_immunocompromised,allogeneic hematopoietic cell transplantation (allo-HCT) recipients undergoing GVHD prophylaxis,,,,2019/2023,primary,2.0,4.193
SAMEA120406428,PRJEB97686,,,adult,,,US,transplant_or_immunocompromised,allogeneic hematopoietic cell transplantation (allo-HCT) recipients undergoing GVHD prophylaxis,,,,2019/2023,primary,2.0,5.356
SAMEA120406429,PRJEB97686,,,adult,,,US,transplant_or_immunocompromised,allogeneic hematopoietic cell transplantation (allo-HCT) recipients undergoing GVHD prophylaxis,,,,2019/2023,primary,2.0,5.173
SAMEA120406430,PRJEB97686,,,adult,,,US,transplant_or_immunocompromised,allogeneic hematopoietic cell transplantation (allo-HCT) recipients undergoing GVHD prophylaxis,,,,2019/2023,primary,2.0,5.253
SAMEA120406431,PRJEB97686,,,adult,,,US,transplant_or_immunocompromised,allogeneic hematopoietic cell transplantation (allo-HCT) recipients undergoing GVHD prophylaxis,,,,2019/2023,primary,2.0,5.067
SAMEA120406432,PRJEB97686,,,adult,,,US,transplant_or_immunocompromised,allogeneic hematopoietic cell transplantation (allo-HCT) recipients undergoing GVHD prophylaxis,,,,2019/2023,primary,1.0,4.688
SAMEA120406433,PRJEB97686,,,adult,,,US,transplant_or_immunocompromised,allogeneic hematopoietic cell transplantation (allo-HCT) recipients undergoing GVHD prophylaxis,,,,2019/2023,primary,1.0,0.014
SAMEA120406434,PRJEB97686,,,adult,,,US,transplant_or_immunocompromised,allogeneic hematopoietic cell transplantation (allo-HCT) recipients undergoing GVHD prophylaxis,,,,2019/2023,primary,1.0,4.303
SAMEA120406435,PRJEB97686,,,adult,,,US,transplant_or_immunocompromised,allogeneic hematopoietic cell transplantation (allo-HCT) recipients undergoing GVHD prophylaxis,,,,2019/2023,primary,1.0,3.903
SAMEA120406436,PRJEB97686,,,adult,,,US,transplant_or_immunocompromised,allogeneic hematopoietic cell transplantation (allo-HCT) recipients undergoing GVHD prophylaxis,,,,2019/2023,primary,1.0,3.778
SAMEA120406437,PRJEB97686,,,adult,,,US,transplant_or_immunocompromised,allogeneic hematopoietic cell transplantation (allo-HCT) recipients undergoing GVHD prophylaxis,,,,2019/2023,primary,2.0,4.387
SAMEA120406438,PRJEB97686,,,adult,,,US,transplant_or_immunocompromised,allogeneic hematopoietic cell transplantation (allo-HCT) recipients undergoing GVHD prophylaxis,,,,2019/2023,primary,2.0,4.207
SAMEA120406439,PRJEB97686,,,adult,,,US,transplant_or_immunocompromised,allogeneic hematopoietic cell transplantation (allo-HCT) recipients undergoing GVHD prophylaxis,,,,2019/2023,primary,1.0,4.088
SAMEA120406440,PRJEB97686,,,adult,,,US,transplant_or_immunocompromised,allogeneic hematopoietic cell transplantation (allo-HCT) recipients undergoing GVHD prophylaxis,,,,2019/2023,primary,2.0,4.201
SAMEA120406441,PRJEB97686,,,adult,,,US,transplant_or_immunocompromised,allogeneic hematopoietic cell transplantation (allo-HCT) recipients undergoing GVHD prophylaxis,,,,2019/2023,primary,2.0,4.118
SAMEA120406442,PRJEB97686,,,adult,,,US,transplant_or_immunocompromised,allogeneic hematopoietic cell transplantation (allo-HCT) recipients undergoing GVHD prophylaxis,,,,2019/2023,primary,2.0,4.884
SAMEA120406443,PRJEB97686,,,adult,,,US,transplant_or_immunocompromised,allogeneic hematopoietic cell transplantation (allo-HCT) recipients undergoing GVHD prophylaxis,,,,2019/2023,primary,2.0,4.041
SAMEA120406444,PRJEB97686,,,adult,,,US,transplant_or_immunocompromised,allogeneic hematopoietic cell transplantation (allo-HCT) recipients undergoing GVHD prophylaxis,,,,2019/2023,primary,2.0,5.245
SAMEA120406445,PRJEB97686,,,adult,,,US,transplant_or_immunocompromised,allogeneic hematopoietic cell transplantation (allo-HCT) recipients undergoing GVHD prophylaxis,,,,2019/2023,primary,1.0,3.618
SAMEA120406446,PRJEB97686,,,adult,,,US,transplant_or_immunocompromised,allogeneic hematopoietic cell transplantation (allo-HCT) recipients undergoing GVHD prophylaxis,,,,2019/2023,primary,2.0,4.238
SAMEA120406447,PRJEB97686,,,adult,,,US,transplant_or_immunocompromised,allogeneic hematopoietic cell transplantation (allo-HCT) recipients undergoing GVHD prophylaxis,,,,2019/2023,primary,2.0,2.638
SAMEA120406448,PRJEB97686,,,adult,,,US,transplant_or_immunocompromised,allogeneic hematopoietic cell transplantation (allo-HCT) recipients undergoing GVHD prophylaxis,,,,2019/2023,primary,2.0,3.882
SAMEA120406449,PRJEB97686,,,adult,,,US,transplant_or_immunocompromised,allogeneic hematopoietic cell transplantation (allo-HCT) recipients undergoing GVHD prophylaxis,,,,2019/2023,primary,2.0,3.842
SAMEA120406450,PRJEB97686,,,adult,,,US,transplant_or_immunocompromised,allogeneic hematopoietic cell transplantation (allo-HCT) recipients undergoing GVHD prophylaxis,,,,2019/2023,primary,2.0,5.654
SAMEA120406451,PRJEB97686,,,adult,,,US,transplant_or_immunocompromised,allogeneic hematopoietic cell transplantation (allo-HCT) recipients undergoing GVHD prophylaxis,,,,2019/2023,primary,1.0,3.798
SAMEA120406452,PRJEB97686,,,adult,,,US,transplant_or_immunocompromised,allogeneic hematopoietic cell transplantation (allo-HCT) recipients undergoing GVHD prophylaxis,,,,2019/2023,primary,1.0,3.877
SAMEA120406453,PRJEB97686,,,adult,,,US,transplant_or_immunocompromised,allogeneic hematopoietic cell transplantation (allo-HCT) recipients undergoing GVHD prophylaxis,,,,2019/2023,primary,1.0,3.841
SAMEA120406454,PRJEB97686,,,adult,,,US,transplant_or_immunocompromised,allogeneic hematopoietic cell transplantation (allo-HCT) recipients undergoing GVHD prophylaxis,,,,2019/2023,primary,1.0,4.119
SAMEA120406455,PRJEB97686,,,adult,,,US,transplant_or_immunocompromised,allogeneic hematopoietic cell transplantation (allo-HCT) recipients undergoing GVHD prophylaxis,,,,2019/2023,primary,1.0,4.219
SAMEA120406456,PRJEB97686,,,adult,,,US,transplant_or_immunocompromised,allogeneic hematopoietic cell transplantation (allo-HCT) recipients undergoing GVHD prophylaxis,,,,2019/2023,primary,2.0,3.862
SAMEA120406457,PRJEB97686,,,adult,,,US,transplant_or_immunocompromised,allogeneic hematopoietic cell transplantation (allo-HCT) recipients undergoing GVHD prophylaxis,,,,2019/2023,primary,1.0,3.854
SAMEA120406458,PRJEB97686,,,adult,,,US,transplant_or_immunocompromised,allogeneic hematopoietic cell transplantation (allo-HCT) recipients undergoing GVHD prophylaxis,,,,2019/2023,primary,1.0,3.709
SAMEA120406459,PRJEB97686,,,adult,,,US,transplant_or_immunocompromised,allogeneic hematopoietic cell transplantation (allo-HCT) recipients undergoing GVHD prophylaxis,,,,2019/2023,primary,2.0,3.37
SAMEA120406460,PRJEB97686,,,adult,,,US,transplant_or_immunocompromised,allogeneic hematopoietic cell transplantation (allo-HCT) recipients undergoing GVHD prophylaxis,,,,2019/2023,primary,1.0,3.545
SAMEA120406461,PRJEB97686,,,adult,,,US,transplant_or_immunocompromised,allogeneic hematopoietic cell transplantation (allo-HCT) recipients undergoing GVHD prophylaxis,,,,2019/2023,primary,2.0,4.208
SAMEA120406462,PRJEB97686,,,adult,,,US,transplant_or_immunocompromised,allogeneic hematopoietic cell transplantation (allo-HCT) recipients undergoing GVHD prophylaxis,,,,2019/2023,primary,2.0,3.829
SAMEA120406463,PRJEB97686,,,adult,,,US,transplant_or_immunocompromised,allogeneic hematopoietic cell transplantation (allo-HCT) recipients undergoing GVHD prophylaxis,,,,2019/2023,primary,1.0,4.098
SAMEA120406464,PRJEB97686,,,adult,,,US,transplant_or_immunocompromised,allogeneic hematopoietic cell transplantation (allo-HCT) recipients undergoing GVHD prophylaxis,,,,2019/2023,primary,2.0,4.167
SAMEA120406465,PRJEB97686,,,adult,,,US,transplant_or_immunocompromised,allogeneic hematopoietic cell transplantation (allo-HCT) recipients undergoing GVHD prophylaxis,,,,2019/2023,primary,1.0,0.293
SAMEA120406466,PRJEB97686,,,adult,,,US,transplant_or_immunocompromised,allogeneic hematopoietic cell transplantation (allo-HCT) recipients undergoing GVHD prophylaxis,,,,2019/2023,primary,1.0,3.821
SAMEA120406467,PRJEB97686,,,adult,,,US,transplant_or_immunocompromised,allogeneic hematopoietic cell transplantation (allo-HCT) recipients undergoing GVHD prophylaxis,,,,2019/2023,primary,2.0,4.13
SAMEA120406468,PRJEB97686,,,adult,,,US,transplant_or_immunocompromised,allogeneic hematopoietic cell transplantation (allo-HCT) recipients undergoing GVHD prophylaxis,,,,2019/2023,primary,1.0,3.832
SAMEA120406469,PRJEB97686,,,adult,,,US,transplant_or_immunocompromised,allogeneic hematopoietic cell transplantation (allo-HCT) recipients undergoing GVHD prophylaxis,,,,2019/2023,primary,1.0,4.156
SAMEA120406470,PRJEB97686,,,adult,,,US,transplant_or_immunocompromised,allogeneic hematopoietic cell transplantation (allo-HCT) recipients undergoing GVHD prophylaxis,,,,2019/2023,primary,1.0,4.234
SAMEA120406471,PRJEB97686,,,adult,,,US,transplant_or_immunocompromised,allogeneic hematopoietic cell transplantation (allo-HCT) recipients undergoing GVHD prophylaxis,,,,2019/2023,primary,2.0,3.559
SAMEA120406472,PRJEB97686,,,adult,,,US,transplant_or_immunocompromised,allogeneic hematopoietic cell transplantation (allo-HCT) recipients undergoing GVHD prophylaxis,,,,2019/2023,primary,2.0,3.865
SAMEA120406473,PRJEB97686,,,adult,,,US,transplant_or_immunocompromised,allogeneic hematopoietic cell transplantation (allo-HCT) recipients undergoing GVHD prophylaxis,,,,2019/2023,primary,1.0,3.797
SAMEA120406474,PRJEB97686,,,adult,,,US,transplant_or_immunocompromised,allogeneic hematopoietic cell transplantation (allo-HCT) recipients undergoing GVHD prophylaxis,,,,2019/2023,primary,1.0,3.688
SAMEA120406475,PRJEB97686,,,adult,,,US,transplant_or_immunocompromised,allogeneic hematopoietic cell transplantation (allo-HCT) recipients undergoing GVHD prophylaxis,,,,2019/2023,primary,2.0,3.967
SAMEA120406476,PRJEB97686,,,adult,,,US,transplant_or_immunocompromised,allogeneic hematopoietic cell transplantation (allo-HCT) recipients undergoing GVHD prophylaxis,,,,2019/2023,primary,1.0,4.04
SAMEA120406477,PRJEB97686,,,adult,,,US,transplant_or_immunocompromised,allogeneic hematopoietic cell transplantation (allo-HCT) recipients undergoing GVHD prophylaxis,,,,2019/2023,primary,1.0,3.77
SAMEA120406478,PRJEB97686,,,adult,,,US,transplant_or_immunocompromised,allogeneic hematopoietic cell transplantation (allo-HCT) recipients undergoing GVHD prophylaxis,,,,2019/2023,primary,2.0,3.908
SAMEA120406479,PRJEB97686,,,adult,,,US,transplant_or_immunocompromised,allogeneic hematopoietic cell transplantation (allo-HCT) recipients undergoing GVHD prophylaxis,,,,2019/2023,primary,1.0,3.597
SAMEA120406480,PRJEB97686,,,adult,,,US,transplant_or_immunocompromised,allogeneic hematopoietic cell transplantation (allo-HCT) recipients undergoing GVHD prophylaxis,,,,2019/2023,primary,2.0,3.881
SAMEA120406481,PRJEB97686,,,adult,,,US,transplant_or_immunocompromised,allogeneic hematopoietic cell transplantation (allo-HCT) recipients undergoing GVHD prophylaxis,,,,2019/2023,primary,1.0,4.164
SAMEA120406482,PRJEB97686,,,adult,,,US,transplant_or_immunocompromised,allogeneic hematopoietic cell transplantation (allo-HCT) recipients undergoing GVHD prophylaxis,,,,2019/2023,primary,2.0,3.852
SAMEA120406483,PRJEB97686,,,adult,,,US,transplant_or_immunocompromised,allogeneic hematopoietic cell transplantation (allo-HCT) recipients undergoing GVHD prophylaxis,,,,2019/2023,primary,2.0,3.666
SAMEA120406484,PRJEB97686,,,adult,,,US,transplant_or_immunocompromised,allogeneic hematopoietic cell transplantation (allo-HCT) recipients undergoing GVHD prophylaxis,,,,2019/2023,primary,2.0,4.703
SAMEA120406485,PRJEB97686,,,adult,,,US,transplant_or_immunocompromised,allogeneic hematopoietic cell transplantation (allo-HCT) recipients undergoing GVHD prophylaxis,,,,2019/2023,primary,1.0,4.202
SAMEA120406486,PRJEB97686,,,adult,,,US,transplant_or_immunocompromised,allogeneic hematopoietic cell transplantation (allo-HCT) recipients undergoing GVHD prophylaxis,,,,2019/2023,primary,1.0,3.642
SAMEA120406487,PRJEB97686,,,adult,,,US,transplant_or_immunocompromised,allogeneic hematopoietic cell transplantation (allo-HCT) recipients undergoing GVHD prophylaxis,,,,2019/2023,primary,1.0,3.849
SAMEA120406488,PRJEB97686,,,adult,,,US,transplant_or_immunocompromised,allogeneic hematopoietic cell transplantation (allo-HCT) recipients undergoing GVHD prophylaxis,,,,2019/2023,primary,2.0,4.115
SAMEA120406489,PRJEB97686,,,adult,,,US,transplant_or_immunocompromised,allogeneic hematopoietic cell transplantation (allo-HCT) recipients undergoing GVHD prophylaxis,,,,2019/2023,primary,1.0,3.994
SAMEA120406490,PRJEB97686,,,adult,,,US,transplant_or_immunocompromised,allogeneic hematopoietic cell transplantation (allo-HCT) recipients undergoing GVHD prophylaxis,,,,2019/2023,primary,2.0,4.39
SAMEA120406491,PRJEB97686,,,adult,,,US,transplant_or_immunocompromised,allogeneic hematopoietic cell transplantation (allo-HCT) recipients undergoing GVHD prophylaxis,,,,2019/2023,primary,1.0,3.96
SAMEA120406492,PRJEB97686,,,adult,,,US,transplant_or_immunocompromised,allogeneic hematopoietic cell transplantation (allo-HCT) recipients undergoing GVHD prophylaxis,,,,2019/2023,primary,1.0,4.288
SAMEA120406493,PRJEB97686,,,adult,,,US,transplant_or_immunocompromised,allogeneic hematopoietic cell transplantation (allo-HCT) recipients undergoing GVHD prophylaxis,,,,2019/2023,primary,2.0,5.306
SAMEA120406494,PRJEB97686,,,adult,,,US,transplant_or_immunocompromised,allogeneic hematopoietic cell transplantation (allo-HCT) recipients undergoing GVHD prophylaxis,,,,2019/2023,primary,2.0,4.645
SAMEA120406495,PRJEB97686,,,adult,,,US,transplant_or_immunocompromised,allogeneic hematopoietic cell transplantation (allo-HCT) recipients undergoing GVHD prophylaxis,,,,2019/2023,primary,2.0,3.909
SAMEA120406496,PRJEB97686,,,adult,,,US,transplant_or_immunocompromised,allogeneic hematopoietic cell transplantation (allo-HCT) recipients undergoing GVHD prophylaxis,,,,2019/2023,primary,2.0,4.194
SAMEA120406497,PRJEB97686,,,adult,,,US,transplant_or_immunocompromised,allogeneic hematopoietic cell transplantation (allo-HCT) recipients undergoing GVHD prophylaxis,,,,2019/2023,primary,1.0,4.152
SAMEA120406498,PRJEB97686,,,adult,,,US,transplant_or_immunocompromised,allogeneic hematopoietic cell transplantation (allo-HCT) recipients undergoing GVHD prophylaxis,,,,2019/2023,primary,2.0,4.637
SAMEA120406499,PRJEB97686,,,adult,,,US,transplant_or_immunocompromised,allogeneic hematopoietic cell transplantation (allo-HCT) recipients undergoing GVHD prophylaxis,,,,2019/2023,primary,2.0,4.404
SAMEA120406500,PRJEB97686,,,adult,,,US,transplant_or_immunocompromised,allogeneic hematopoietic cell transplantation (allo-HCT) recipients undergoing GVHD prophylaxis,,,,2019/2023,primary,1.0,3.496
SAMEA120406501,PRJEB97686,,,adult,,,US,transplant_or_immunocompromised,allogeneic hematopoietic cell transplantation (allo-HCT) recipients undergoing GVHD prophylaxis,,,,2019/2023,primary,2.0,3.57
SAMEA120406502,PRJEB97686,,,adult,,,US,transplant_or_immunocompromised,allogeneic hematopoietic cell transplantation (allo-HCT) recipients undergoing GVHD prophylaxis,,,,2019/2023,primary,1.0,3.752
SAMEA120406503,PRJEB97686,,,adult,,,US,transplant_or_immunocompromised,allogeneic hematopoietic cell transplantation (allo-HCT) recipients undergoing GVHD prophylaxis,,,,2019/2023,primary,1.0,4.269
SAMEA120406504,PRJEB97686,,,adult,,,US,transplant_or_immunocompromised,allogeneic hematopoietic cell transplantation (allo-HCT) recipients undergoing GVHD prophylaxis,,,,2019/2023,primary,1.0,3.301
SAMEA120406505,PRJEB97686,,,adult,,,US,transplant_or_immunocompromised,allogeneic hematopoietic cell transplantation (allo-HCT) recipients undergoing GVHD prophylaxis,,,,2019/2023,primary,1.0,3.95
SAMEA120406506,PRJEB97686,,,adult,,,US,transplant_or_immunocompromised,allogeneic hematopoietic cell transplantation (allo-HCT) recipients undergoing GVHD prophylaxis,,,,2019/2023,primary,1.0,4.923
SAMEA120406507,PRJEB97686,,,adult,,,US,transplant_or_immunocompromised,allogeneic hematopoietic cell transplantation (allo-HCT) recipients undergoing GVHD prophylaxis,,,,2019/2023,primary,2.0,5.054
SAMEA120406508,PRJEB97686,,,adult,,,US,transplant_or_immunocompromised,allogeneic hematopoietic cell transplantation (allo-HCT) recipients undergoing GVHD prophylaxis,,,,2019/2023,primary,2.0,5.257
SAMEA120406509,PRJEB97686,,,adult,,,US,transplant_or_immunocompromised,allogeneic hematopoietic cell transplantation (allo-HCT) recipients undergoing GVHD prophylaxis,,,,2019/2023,primary,2.0,3.999
SAMEA120406510,PRJEB97686,,,adult,,,US,transplant_or_immunocompromised,allogeneic hematopoietic cell transplantation (allo-HCT) recipients undergoing GVHD prophylaxis,,,,2019/2023,primary,2.0,4.564
SAMEA120406511,PRJEB97686,,,adult,,,US,transplant_or_immunocompromised,allogeneic hematopoietic cell transplantation (allo-HCT) recipients undergoing GVHD prophylaxis,,,,2019/2023,primary,2.0,4.738
SAMEA120406512,PRJEB97686,,,adult,,,US,transplant_or_immunocompromised,allogeneic hematopoietic cell transplantation (allo-HCT) recipients undergoing GVHD prophylaxis,,,,2019/2023,primary,2.0,4.49
SAMEA120406513,PRJEB97686,,,adult,,,US,transplant_or_immunocompromised,allogeneic hematopoietic cell transplantation (allo-HCT) recipients undergoing GVHD prophylaxis,,,,2019/2023,primary,2.0,5.577
SAMEA120406514,PRJEB97686,,,adult,,,US,transplant_or_immunocompromised,allogeneic hematopoietic cell transplantation (allo-HCT) recipients undergoing GVHD prophylaxis,,,,2019/2023,primary,2.0,4.925
SAMEA120406515,PRJEB97686,,,adult,,,US,transplant_or_immunocompromised,allogeneic hematopoietic cell transplantation (allo-HCT) recipients undergoing GVHD prophylaxis,,,,2019/2023,primary,2.0,5.107
SAMEA120406516,PRJEB97686,,,adult,,,US,transplant_or_immunocompromised,allogeneic hematopoietic cell transplantation (allo-HCT) recipients undergoing GVHD prophylaxis,,,,2019/2023,primary,2.0,4.753
SAMEA120406517,PRJEB97686,,,adult,,,US,transplant_or_immunocompromised,allogeneic hematopoietic cell transplantation (allo-HCT) recipients undergoing GVHD prophylaxis,,,,2019/2023,primary,2.0,4.298
SAMEA120406518,PRJEB97686,,,adult,,,US,transplant_or_immunocompromised,allogeneic hematopoietic cell transplantation (allo-HCT) recipients undergoing GVHD prophylaxis,,,,2019/2023,primary,2.0,5.995
SAMEA120406519,PRJEB97686,,,adult,,,US,transplant_or_immunocompromised,allogeneic hematopoietic cell transplantation (allo-HCT) recipients undergoing GVHD prophylaxis,,,,2019/2023,primary,2.0,5.461
SAMEA120406520,PRJEB97686,,,adult,,,US,transplant_or_immunocompromised,allogeneic hematopoietic cell transplantation (allo-HCT) recipients undergoing GVHD prophylaxis,,,,2019/2023,primary,2.0,5.412
SAMEA120406521,PRJEB97686,,,adult,,,US,transplant_or_immunocompromised,allogeneic hematopoietic cell transplantation (allo-HCT) recipients undergoing GVHD prophylaxis,,,,2019/2023,primary,2.0,5.079
SAMEA120406522,PRJEB97686,,,adult,,,US,transplant_or_immunocompromised,allogeneic hematopoietic cell transplantation (allo-HCT) recipients undergoing GVHD prophylaxis,,,,2019/2023,primary,2.0,4.825
SAMEA120406523,PRJEB97686,,,adult,,,US,transplant_or_immunocompromised,allogeneic hematopoietic cell transplantation (allo-HCT) recipients undergoing GVHD prophylaxis,,,,2019/2023,primary,2.0,4.831
SAMEA120406524,PRJEB97686,,,adult,,,US,transplant_or_immunocompromised,allogeneic hematopoietic cell transplantation (allo-HCT) recipients undergoing GVHD prophylaxis,,,,2019/2023,primary,2.0,4.336
SAMEA120406525,PRJEB97686,,,adult,,,US,transplant_or_immunocompromised,allogeneic hematopoietic cell transplantation (allo-HCT) recipients undergoing GVHD prophylaxis,,,,2019/2023,primary,2.0,4.607
SAMEA120406526,PRJEB97686,,,adult,,,US,transplant_or_immunocompromised,allogeneic hematopoietic cell transplantation (allo-HCT) recipients undergoing GVHD prophylaxis,,,,2019/2023,primary,2.0,5.58
SAMEA120406527,PRJEB97686,,,adult,,,US,transplant_or_immunocompromised,allogeneic hematopoietic cell transplantation (allo-HCT) recipients undergoing GVHD prophylaxis,,,,2019/2023,primary,2.0,4.528
SAMEA120406528,PRJEB97686,,,adult,,,US,transplant_or_immunocompromised,allogeneic hematopoietic cell transplantation (allo-HCT) recipients undergoing GVHD prophylaxis,,,,2019/2023,primary,2.0,5.063
SAMEA120406529,PRJEB97686,,,adult,,,US,transplant_or_immunocompromised,allogeneic hematopoietic cell transplantation (allo-HCT) recipients undergoing GVHD prophylaxis,,,,2019/2023,primary,1.0,0.039
SAMEA120406530,PRJEB97686,,,adult,,,US,transplant_or_immunocompromised,allogeneic hematopoietic cell transplantation (allo-HCT) recipients undergoing GVHD prophylaxis,,,,2019/2023,primary,2.0,5.266
SAMEA120406531,PRJEB97686,,,adult,,,US,transplant_or_immunocompromised,allogeneic hematopoietic cell transplantation (allo-HCT) recipients undergoing GVHD prophylaxis,,,,2019/2023,primary,1.0,3.998
SAMEA120406532,PRJEB97686,,,adult,,,US,transplant_or_immunocompromised,allogeneic hematopoietic cell transplantation (allo-HCT) recipients undergoing GVHD prophylaxis,,,,2019/2023,primary,1.0,3.75
SAMEA120406533,PRJEB97686,,,adult,,,US,transplant_or_immunocompromised,allogeneic hematopoietic cell transplantation (allo-HCT) recipients undergoing GVHD prophylaxis,,,,2019/2023,primary,1.0,4.19
SAMEA120406534,PRJEB97686,,,adult,,,US,transplant_or_immunocompromised,allogeneic hematopoietic cell transplantation (allo-HCT) recipients undergoing GVHD prophylaxis,,,,2019/2023,primary,1.0,4.183
SAMEA120406535,PRJEB97686,,,adult,,,US,transplant_or_immunocompromised,allogeneic hematopoietic cell transplantation (allo-HCT) recipients undergoing GVHD prophylaxis,,,,2019/2023,primary,1.0,3.8
SAMEA120406536,PRJEB97686,,,adult,,,US,transplant_or_immunocompromised,allogeneic hematopoietic cell transplantation (allo-HCT) recipients undergoing GVHD prophylaxis,,,,2019/2023,primary,1.0,4.036
SAMEA120406537,PRJEB97686,,,adult,,,US,transplant_or_immunocompromised,allogeneic hematopoietic cell transplantation (allo-HCT) recipients undergoing GVHD prophylaxis,,,,2019/2023,primary,1.0,3.962
SAMEA120406538,PRJEB97686,,,adult,,,US,transplant_or_immunocompromised,allogeneic hematopoietic cell transplantation (allo-HCT) recipients undergoing GVHD prophylaxis,,,,2019/2023,primary,2.0,4.415
SAMEA120406539,PRJEB97686,,,adult,,,US,transplant_or_immunocompromised,allogeneic hematopoietic cell transplantation (allo-HCT) recipients undergoing GVHD prophylaxis,,,,2019/2023,primary,2.0,3.73
SAMEA120406540,PRJEB97686,,,adult,,,US,transplant_or_immunocompromised,allogeneic hematopoietic cell transplantation (allo-HCT) recipients undergoing GVHD prophylaxis,,,,2019/2023,primary,1.0,4.136
SAMEA120406541,PRJEB97686,,,adult,,,US,transplant_or_immunocompromised,allogeneic hematopoietic cell transplantation (allo-HCT) recipients undergoing GVHD prophylaxis,,,,2019/2023,primary,1.0,3.944
SAMEA120406542,PRJEB97686,,,adult,,,US,transplant_or_immunocompromised,allogeneic hematopoietic cell transplantation (allo-HCT) recipients undergoing GVHD prophylaxis,,,,2019/2023,primary,1.0,3.498
SAMEA120406543,PRJEB97686,,,adult,,,US,transplant_or_immunocompromised,allogeneic hematopoietic cell transplantation (allo-HCT) recipients undergoing GVHD prophylaxis,,,,2019/2023,primary,2.0,4.175
SAMEA120406544,PRJEB97686,,,adult,,,US,transplant_or_immunocompromised,allogeneic hematopoietic cell transplantation (allo-HCT) recipients undergoing GVHD prophylaxis,,,,2019/2023,primary,1.0,3.79
SAMEA120406545,PRJEB97686,,,adult,,,US,transplant_or_immunocompromised,allogeneic hematopoietic cell transplantation (allo-HCT) recipients undergoing GVHD prophylaxis,,,,2019/2023,primary,1.0,4.084
SAMEA120406546,PRJEB97686,,,adult,,,US,transplant_or_immunocompromised,allogeneic hematopoietic cell transplantation (allo-HCT) recipients undergoing GVHD prophylaxis,,,,2019/2023,primary,1.0,3.548
SAMEA120406547,PRJEB97686,,,adult,,,US,transplant_or_immunocompromised,allogeneic hematopoietic cell transplantation (allo-HCT) recipients undergoing GVHD prophylaxis,,,,2019/2023,primary,1.0,4.116
SAMEA120406548,PRJEB97686,,,adult,,,US,transplant_or_immunocompromised,allogeneic hematopoietic cell transplantation (allo-HCT) recipients undergoing GVHD prophylaxis,,,,2019/2023,primary,2.0,4.191
SAMEA120406549,PRJEB97686,,,adult,,,US,transplant_or_immunocompromised,allogeneic hematopoietic cell transplantation (allo-HCT) recipients undergoing GVHD prophylaxis,,,,2019/2023,primary,2.0,4.189
SAMEA120406550,PRJEB97686,,,adult,,,US,transplant_or_immunocompromised,allogeneic hematopoietic cell transplantation (allo-HCT) recipients undergoing GVHD prophylaxis,,,,2019/2023,primary,2.0,4.616
SAMEA120406551,PRJEB97686,,,adult,,,US,transplant_or_immunocompromised,allogeneic hematopoietic cell transplantation (allo-HCT) recipients undergoing GVHD prophylaxis,,,,2019/2023,primary,2.0,4.501
SAMEA120406552,PRJEB97686,,,adult,,,US,transplant_or_immunocompromised,allogeneic hematopoietic cell transplantation (allo-HCT) recipients undergoing GVHD prophylaxis,,,,2019/2023,primary,2.0,4.033
SAMEA120406553,PRJEB97686,,,adult,,,US,transplant_or_immunocompromised,allogeneic hematopoietic cell transplantation (allo-HCT) recipients undergoing GVHD prophylaxis,,,,2019/2023,primary,2.0,4.874
SAMEA120406554,PRJEB97686,,,adult,,,US,transplant_or_immunocompromised,allogeneic hematopoietic cell transplantation (allo-HCT) recipients undergoing GVHD prophylaxis,,,,2019/2023,primary,2.0,5.174
SAMEA120406555,PRJEB97686,,,adult,,,US,transplant_or_immunocompromised,allogeneic hematopoietic cell transplantation (allo-HCT) recipients undergoing GVHD prophylaxis,,,,2019/2023,primary,2.0,4.018
SAMEA120406556,PRJEB97686,,,adult,,,US,transplant_or_immunocompromised,allogeneic hematopoietic cell transplantation (allo-HCT) recipients undergoing GVHD prophylaxis,,,,2019/2023,primary,2.0,4.69
SAMEA120406557,PRJEB97686,,,adult,,,US,transplant_or_immunocompromised,allogeneic hematopoietic cell transplantation (allo-HCT) recipients undergoing GVHD prophylaxis,,,,2019/2023,primary,2.0,4.221
SAMEA120406558,PRJEB97686,,,adult,,,US,transplant_or_immunocompromised,allogeneic hematopoietic cell transplantation (allo-HCT) recipients undergoing GVHD prophylaxis,,,,2019/2023,primary,2.0,4.246
SAMEA120406559,PRJEB97686,,,adult,,,US,transplant_or_immunocompromised,allogeneic hematopoietic cell transplantation (allo-HCT) recipients undergoing GVHD prophylaxis,,,,2019/2023,primary,2.0,4.171
SAMEA120406560,PRJEB97686,,,adult,,,US,transplant_or_immunocompromised,allogeneic hematopoietic cell transplantation (allo-HCT) recipients undergoing GVHD prophylaxis,,,,2019/2023,primary,2.0,4.513
SAMEA120406561,PRJEB97686,,,adult,,,US,transplant_or_immunocompromised,allogeneic hematopoietic cell transplantation (allo-HCT) recipients undergoing GVHD prophylaxis,,,,2019/2023,primary,2.0,5.165
SAMEA120406562,PRJEB97686,,,adult,,,US,transplant_or_immunocompromised,allogeneic hematopoietic cell transplantation (allo-HCT) recipients undergoing GVHD prophylaxis,,,,2019/2023,primary,2.0,4.084
SAMEA120406563,PRJEB97686,,,adult,,,US,transplant_or_immunocompromised,allogeneic hematopoietic cell transplantation (allo-HCT) recipients undergoing GVHD prophylaxis,,,,2019/2023,primary,2.0,5.093
SAMEA120406564,PRJEB97686,,,adult,,,US,transplant_or_immunocompromised,allogeneic hematopoietic cell transplantation (allo-HCT) recipients undergoing GVHD prophylaxis,,,,2019/2023,primary,2.0,4.65
SAMEA120406565,PRJEB97686,,,adult,,,US,transplant_or_immunocompromised,allogeneic hematopoietic cell transplantation (allo-HCT) recipients undergoing GVHD prophylaxis,,,,2019/2023,primary,2.0,4.325
SAMEA120406566,PRJEB97686,,,adult,,,US,transplant_or_immunocompromised,allogeneic hematopoietic cell transplantation (allo-HCT) recipients undergoing GVHD prophylaxis,,,,2019/2023,primary,2.0,4.46
SAMEA120406567,PRJEB97686,,,adult,,,US,transplant_or_immunocompromised,allogeneic hematopoietic cell transplantation (allo-HCT) recipients undergoing GVHD prophylaxis,,,,2019/2023,primary,2.0,4.257
SAMEA120406568,PRJEB97686,,,adult,,,US,transplant_or_immunocompromised,allogeneic hematopoietic cell transplantation (allo-HCT) recipients undergoing GVHD prophylaxis,,,,2019/2023,primary,2.0,3.0
SAMEA120406569,PRJEB97686,,,adult,,,US,transplant_or_immunocompromised,allogeneic hematopoietic cell transplantation (allo-HCT) recipients undergoing GVHD prophylaxis,,,,2019/2023,primary,2.0,4.263
SAMEA120406570,PRJEB97686,,,adult,,,US,transplant_or_immunocompromised,allogeneic hematopoietic cell transplantation (allo-HCT) recipients undergoing GVHD prophylaxis,,,,2019/2023,primary,2.0,4.215
SAMEA120406571,PRJEB97686,,,adult,,,US,transplant_or_immunocompromised,allogeneic hematopoietic cell transplantation (allo-HCT) recipients undergoing GVHD prophylaxis,,,,2019/2023,primary,2.0,4.354
SAMEA120406572,PRJEB97686,,,adult,,,US,transplant_or_immunocompromised,allogeneic hematopoietic cell transplantation (allo-HCT) recipients undergoing GVHD prophylaxis,,,,2019/2023,primary,2.0,4.708
SAMEA120406573,PRJEB97686,,,adult,,,US,transplant_or_immunocompromised,allogeneic hematopoietic cell transplantation (allo-HCT) recipients undergoing GVHD prophylaxis,,,,2019/2023,primary,2.0,4.502
SAMEA120406574,PRJEB97686,,,adult,,,US,transplant_or_immunocompromised,allogeneic hematopoietic cell transplantation (allo-HCT) recipients undergoing GVHD prophylaxis,,,,2019/2023,primary,2.0,4.57
SAMEA120406575,PRJEB97686,,,adult,,,US,transplant_or_immunocompromised,allogeneic hematopoietic cell transplantation (allo-HCT) recipients undergoing GVHD prophylaxis,,,,2019/2023,primary,2.0,4.481
SAMEA120406576,PRJEB97686,,,adult,,,US,transplant_or_immunocompromised,allogeneic hematopoietic cell transplantation (allo-HCT) recipients undergoing GVHD prophylaxis,,,,2019/2023,primary,2.0,4.449
SAMEA120406577,PRJEB97686,,,adult,,,US,transplant_or_immunocompromised,allogeneic hematopoietic cell transplantation (allo-HCT) recipients undergoing GVHD prophylaxis,,,,2019/2023,primary,2.0,3.852
SAMEA120406578,PRJEB97686,,,adult,,,US,transplant_or_immunocompromised,allogeneic hematopoietic cell transplantation (allo-HCT) recipients undergoing GVHD prophylaxis,,,,2019/2023,primary,2.0,4.32
SAMEA120406579,PRJEB97686,,,adult,,,US,transplant_or_immunocompromised,allogeneic hematopoietic cell transplantation (allo-HCT) recipients undergoing GVHD prophylaxis,,,,2019/2023,primary,2.0,4.552
SAMEA120406580,PRJEB97686,,,adult,,,US,transplant_or_immunocompromised,allogeneic hematopoietic cell transplantation (allo-HCT) recipients undergoing GVHD prophylaxis,,,,2019/2023,primary,2.0,6.986
SAMEA120406581,PRJEB97686,,,adult,,,US,transplant_or_immunocompromised,allogeneic hematopoietic cell transplantation (allo-HCT) recipients undergoing GVHD prophylaxis,,,,2019/2023,primary,2.0,4.6
SAMEA120406582,PRJEB97686,,,adult,,,US,transplant_or_immunocompromised,allogeneic hematopoietic cell transplantation (allo-HCT) recipients undergoing GVHD prophylaxis,,,,2019/2023,primary,2.0,4.332
SAMEA120406583,PRJEB97686,,,adult,,,US,transplant_or_immunocompromised,allogeneic hematopoietic cell transplantation (allo-HCT) recipients undergoing GVHD prophylaxis,,,,2019/2023,primary,2.0,4.386
SAMEA120406584,PRJEB97686,,,adult,,,US,transplant_or_immunocompromised,allogeneic hematopoietic cell transplantation (allo-HCT) recipients undergoing GVHD prophylaxis,,,,2019/2023,primary,2.0,5.56
SAMEA120406585,PRJEB97686,,,adult,,,US,transplant_or_immunocompromised,allogeneic hematopoietic cell transplantation (allo-HCT) recipients undergoing GVHD prophylaxis,,,,2019/2023,primary,2.0,4.473
SAMEA120406586,PRJEB97686,,,adult,,,US,transplant_or_immunocompromised,allogeneic hematopoietic cell transplantation (allo-HCT) recipients undergoing GVHD prophylaxis,,,,2019/2023,primary,2.0,5.959
SAMEA120406587,PRJEB97686,,,adult,,,US,transplant_or_immunocompromised,allogeneic hematopoietic cell transplantation (allo-HCT) recipients undergoing GVHD prophylaxis,,,,2019/2023,primary,2.0,4.617
SAMEA120406588,PRJEB97686,,,adult,,,US,transplant_or_immunocompromised,allogeneic hematopoietic cell transplantation (allo-HCT) recipients undergoing GVHD prophylaxis,,,,2019/2023,primary,2.0,3.918
SAMEA120406589,PRJEB97686,,,adult,,,US,transplant_or_immunocompromised,allogeneic hematopoietic cell transplantation (allo-HCT) recipients undergoing GVHD prophylaxis,,,,2019/2023,primary,2.0,4.651
SAMEA120406590,PRJEB97686,,,adult,,,US,transplant_or_immunocompromised,allogeneic hematopoietic cell transplantation (allo-HCT) recipients undergoing GVHD prophylaxis,,,,2019/2023,primary,2.0,4.245
SAMEA120406591,PRJEB97686,,,adult,,,US,transplant_or_immunocompromised,allogeneic hematopoietic cell transplantation (allo-HCT) recipients undergoing GVHD prophylaxis,,,,2019/2023,primary,2.0,4.307
SAMEA120406592,PRJEB97686,,,adult,,,US,transplant_or_immunocompromised,allogeneic hematopoietic cell transplantation (allo-HCT) recipients undergoing GVHD prophylaxis,,,,2019/2023,primary,2.0,4.52
SAMEA120406593,PRJEB97686,,,adult,,,US,transplant_or_immunocompromised,allogeneic hematopoietic cell transplantation (allo-HCT) recipients undergoing GVHD prophylaxis,,,,2019/2023,primary,2.0,4.572
SAMEA120406594,PRJEB97686,,,adult,,,US,transplant_or_immunocompromised,allogeneic hematopoietic cell transplantation (allo-HCT) recipients undergoing GVHD prophylaxis,,,,2019/2023,primary,2.0,4.403
SAMEA120406595,PRJEB97686,,,adult,,,US,transplant_or_immunocompromised,allogeneic hematopoietic cell transplantation (allo-HCT) recipients undergoing GVHD prophylaxis,,,,2019/2023,primary,2.0,4.618
SAMEA120406596,PRJEB97686,,,adult,,,US,transplant_or_immunocompromised,allogeneic hematopoietic cell transplantation (allo-HCT) recipients undergoing GVHD prophylaxis,,,,2019/2023,primary,2.0,4.554
SAMEA120406597,PRJEB97686,,,adult,,,US,transplant_or_immunocompromised,allogeneic hematopoietic cell transplantation (allo-HCT) recipients undergoing GVHD prophylaxis,,,,2019/2023,primary,2.0,4.854
SAMEA120406598,PRJEB97686,,,adult,,,US,transplant_or_immunocompromised,allogeneic hematopoietic cell transplantation (allo-HCT) recipients undergoing GVHD prophylaxis,,,,2019/2023,primary,2.0,4.463
SAMEA120406599,PRJEB97686,,,adult,,,US,transplant_or_immunocompromised,allogeneic hematopoietic cell transplantation (allo-HCT) recipients undergoing GVHD prophylaxis,,,,2019/2023,primary,2.0,4.802
SAMEA120406600,PRJEB97686,,,adult,,,US,transplant_or_immunocompromised,allogeneic hematopoietic cell transplantation (allo-HCT) recipients undergoing GVHD prophylaxis,,,,2019/2023,primary,2.0,3.984
SAMEA120406601,PRJEB97686,,,adult,,,US,transplant_or_immunocompromised,allogeneic hematopoietic cell transplantation (allo-HCT) recipients undergoing GVHD prophylaxis,,,,2019/2023,primary,2.0,4.823
SAMEA120406602,PRJEB97686,,,adult,,,US,transplant_or_immunocompromised,allogeneic hematopoietic cell transplantation (allo-HCT) recipients undergoing GVHD prophylaxis,,,,2019/2023,primary,2.0,7.136
SAMEA120406603,PRJEB97686,,,adult,,,US,transplant_or_immunocompromised,allogeneic hematopoietic cell transplantation (allo-HCT) recipients undergoing GVHD prophylaxis,,,,2019/2023,primary,2.0,4.51
SAMEA120406604,PRJEB97686,,,adult,,,US,transplant_or_immunocompromised,allogeneic hematopoietic cell transplantation (allo-HCT) recipients undergoing GVHD prophylaxis,,,,2019/2023,primary,2.0,4.085
SAMEA120406605,PRJEB97686,,,adult,,,US,transplant_or_immunocompromised,allogeneic hematopoietic cell transplantation (allo-HCT) recipients undergoing GVHD prophylaxis,,,,2019/2023,primary,2.0,4.345
SAMEA120406606,PRJEB97686,,,adult,,,US,transplant_or_immunocompromised,allogeneic hematopoietic cell transplantation (allo-HCT) recipients undergoing GVHD prophylaxis,,,,2019/2023,primary,1.0,4.066
SAMEA120406607,PRJEB97686,,,adult,,,US,transplant_or_immunocompromised,allogeneic hematopoietic cell transplantation (allo-HCT) recipients undergoing GVHD prophylaxis,,,,2019/2023,primary,1.0,4.305
SAMEA120406608,PRJEB97686,,,adult,,,US,transplant_or_immunocompromised,allogeneic hematopoietic cell transplantation (allo-HCT) recipients undergoing GVHD prophylaxis,,,,2019/2023,primary,2.0,6.09
SAMEA120406609,PRJEB97686,,,adult,,,US,transplant_or_immunocompromised,allogeneic hematopoietic cell transplantation (allo-HCT) recipients undergoing GVHD prophylaxis,,,,2019/2023,primary,2.0,4.495
SAMEA120406610,PRJEB97686,,,adult,,,US,transplant_or_immunocompromised,allogeneic hematopoietic cell transplantation (allo-HCT) recipients undergoing GVHD prophylaxis,,,,2019/2023,primary,1.0,4.205
SAMEA120406611,PRJEB97686,,,adult,,,US,transplant_or_immunocompromised,allogeneic hematopoietic cell transplantation (allo-HCT) recipients undergoing GVHD prophylaxis,,,,2019/2023,primary,2.0,5.292
SAMEA120406612,PRJEB97686,,,adult,,,US,transplant_or_immunocompromised,allogeneic hematopoietic cell transplantation (allo-HCT) recipients undergoing GVHD prophylaxis,,,,2019/2023,primary,2.0,4.067
SAMEA120406613,PRJEB97686,,,adult,,,US,transplant_or_immunocompromised,allogeneic hematopoietic cell transplantation (allo-HCT) recipients undergoing GVHD prophylaxis,,,,2019/2023,primary,2.0,4.319
SAMEA120406614,PRJEB97686,,,adult,,,US,transplant_or_immunocompromised,allogeneic hematopoietic cell transplantation (allo-HCT) recipients undergoing GVHD prophylaxis,,,,2019/2023,primary,2.0,5.891
SAMEA120406615,PRJEB97686,,,adult,,,US,transplant_or_immunocompromised,allogeneic hematopoietic cell transplantation (allo-HCT) recipients undergoing GVHD prophylaxis,,,,2019/2023,primary,2.0,4.818
SAMEA120406616,PRJEB97686,,,adult,,,US,transplant_or_immunocompromised,allogeneic hematopoietic cell transplantation (allo-HCT) recipients undergoing GVHD prophylaxis,,,,2019/2023,primary,2.0,4.406
SAMEA120406617,PRJEB97686,,,adult,,,US,transplant_or_immunocompromised,allogeneic hematopoietic cell transplantation (allo-HCT) recipients undergoing GVHD prophylaxis,,,,2019/2023,primary,2.0,4.301
SAMEA120406618,PRJEB97686,,,adult,,,US,transplant_or_immunocompromised,allogeneic hematopoietic cell transplantation (allo-HCT) recipients undergoing GVHD prophylaxis,,,,2019/2023,primary,1.0,4.261
SAMEA120406619,PRJEB97686,,,adult,,,US,transplant_or_immunocompromised,allogeneic hematopoietic cell transplantation (allo-HCT) recipients undergoing GVHD prophylaxis,,,,2019/2023,primary,1.0,4.118
SAMEA120406620,PRJEB97686,,,adult,,,US,transplant_or_immunocompromised,allogeneic hematopoietic cell transplantation (allo-HCT) recipients undergoing GVHD prophylaxis,,,,2019/2023,primary,1.0,4.075
SAMEA120406621,PRJEB97686,,,adult,,,US,transplant_or_immunocompromised,allogeneic hematopoietic cell transplantation (allo-HCT) recipients undergoing GVHD prophylaxis,,,,2019/2023,primary,2.0,4.813
SAMEA120406622,PRJEB97686,,,adult,,,US,transplant_or_immunocompromised,allogeneic hematopoietic cell transplantation (allo-HCT) recipients undergoing GVHD prophylaxis,,,,2019/2023,primary,2.0,4.121
SAMEA120406623,PRJEB97686,,,adult,,,US,transplant_or_immunocompromised,allogeneic hematopoietic cell transplantation (allo-HCT) recipients undergoing GVHD prophylaxis,,,,2019/2023,primary,2.0,4.058
SAMEA120406624,PRJEB97686,,,adult,,,US,transplant_or_immunocompromised,allogeneic hematopoietic cell transplantation (allo-HCT) recipients undergoing GVHD prophylaxis,,,,2019/2023,primary,1.0,0.744
SAMEA120406625,PRJEB97686,,,adult,,,US,transplant_or_immunocompromised,allogeneic hematopoietic cell transplantation (allo-HCT) recipients undergoing GVHD prophylaxis,,,,2019/2023,primary,1.0,0.005
SAMEA120406626,PRJEB97686,,,adult,,,US,transplant_or_immunocompromised,allogeneic hematopoietic cell transplantation (allo-HCT) recipients undergoing GVHD prophylaxis,,,,2019/2023,primary,2.0,4.819
SAMEA120406627,PRJEB97686,,,adult,,,US,transplant_or_immunocompromised,allogeneic hematopoietic cell transplantation (allo-HCT) recipients undergoing GVHD prophylaxis,,,,2019/2023,primary,2.0,4.151
SAMEA120406628,PRJEB97686,,,adult,,,US,transplant_or_immunocompromised,allogeneic hematopoietic cell transplantation (allo-HCT) recipients undergoing GVHD prophylaxis,,,,2019/2023,primary,2.0,4.851
SAMEA120406629,PRJEB97686,,,adult,,,US,transplant_or_immunocompromised,allogeneic hematopoietic cell transplantation (allo-HCT) recipients undergoing GVHD prophylaxis,,,,2019/2023,primary,2.0,4.96
SAMEA120406630,PRJEB97686,,,adult,,,US,transplant_or_immunocompromised,allogeneic hematopoietic cell transplantation (allo-HCT) recipients undergoing GVHD prophylaxis,,,,2019/2023,primary,2.0,5.054
SAMEA120406631,PRJEB97686,,,adult,,,US,transplant_or_immunocompromised,allogeneic hematopoietic cell transplantation (allo-HCT) recipients undergoing GVHD prophylaxis,,,,2019/2023,primary,2.0,4.282
SAMEA120406632,PRJEB97686,,,adult,,,US,transplant_or_immunocompromised,allogeneic hematopoietic cell transplantation (allo-HCT) recipients undergoing GVHD prophylaxis,,,,2019/2023,primary,2.0,5.022
SAMEA120406633,PRJEB97686,,,adult,,,US,transplant_or_immunocompromised,allogeneic hematopoietic cell transplantation (allo-HCT) recipients undergoing GVHD prophylaxis,,,,2019/2023,primary,2.0,4.19
SAMEA120406634,PRJEB97686,,,adult,,,US,transplant_or_immunocompromised,allogeneic hematopoietic cell transplantation (allo-HCT) recipients undergoing GVHD prophylaxis,,,,2019/2023,primary,2.0,4.664
SAMEA120406635,PRJEB97686,,,adult,,,US,transplant_or_immunocompromised,allogeneic hematopoietic cell transplantation (allo-HCT) recipients undergoing GVHD prophylaxis,,,,2019/2023,primary,2.0,4.008
SAMEA120406636,PRJEB97686,,,adult,,,US,transplant_or_immunocompromised,allogeneic hematopoietic cell transplantation (allo-HCT) recipients undergoing GVHD prophylaxis,,,,2019/2023,primary,2.0,4.524
SAMEA120406637,PRJEB97686,,,adult,,,US,transplant_or_immunocompromised,allogeneic hematopoietic cell transplantation (allo-HCT) recipients undergoing GVHD prophylaxis,,,,2019/2023,primary,2.0,4.107
SAMEA120406638,PRJEB97686,,,adult,,,US,transplant_or_immunocompromised,allogeneic hematopoietic cell transplantation (allo-HCT) recipients undergoing GVHD prophylaxis,,,,2019/2023,primary,2.0,4.598
SAMEA120406639,PRJEB97686,,,adult,,,US,transplant_or_immunocompromised,allogeneic hematopoietic cell transplantation (allo-HCT) recipients undergoing GVHD prophylaxis,,,,2019/2023,primary,2.0,4.922
SAMEA120406640,PRJEB97686,,,adult,,,US,transplant_or_immunocompromised,allogeneic hematopoietic cell transplantation (allo-HCT) recipients undergoing GVHD prophylaxis,,,,2019/2023,primary,2.0,4.312
SAMEA120406641,PRJEB97686,,,adult,,,US,transplant_or_immunocompromised,allogeneic hematopoietic cell transplantation (allo-HCT) recipients undergoing GVHD prophylaxis,,,,2019/2023,primary,2.0,4.196
SAMEA120406642,PRJEB97686,,,adult,,,US,transplant_or_immunocompromised,allogeneic hematopoietic cell transplantation (allo-HCT) recipients undergoing GVHD prophylaxis,,,,2019/2023,primary,2.0,4.474
SAMEA120406643,PRJEB97686,,,adult,,,US,transplant_or_immunocompromised,allogeneic hematopoietic cell transplantation (allo-HCT) recipients undergoing GVHD prophylaxis,,,,2019/2023,primary,2.0,4.098
SAMEA120406644,PRJEB97686,,,adult,,,US,transplant_or_immunocompromised,allogeneic hematopoietic cell transplantation (allo-HCT) recipients undergoing GVHD prophylaxis,,,,2019/2023,primary,2.0,4.344
SAMEA120406645,PRJEB97686,,,adult,,,US,transplant_or_immunocompromised,allogeneic hematopoietic cell transplantation (allo-HCT) recipients undergoing GVHD prophylaxis,,,,2019/2023,primary,2.0,4.214
SAMEA120406646,PRJEB97686,,,adult,,,US,transplant_or_immunocompromised,allogeneic hematopoietic cell transplantation (allo-HCT) recipients undergoing GVHD prophylaxis,,,,2019/2023,primary,2.0,4.61
SAMEA120406647,PRJEB97686,,,adult,,,US,transplant_or_immunocompromised,allogeneic hematopoietic cell transplantation (allo-HCT) recipients undergoing GVHD prophylaxis,,,,2019/2023,primary,2.0,4.484
SAMEA120406648,PRJEB97686,,,adult,,,US,transplant_or_immunocompromised,allogeneic hematopoietic cell transplantation (allo-HCT) recipients undergoing GVHD prophylaxis,,,,2019/2023,primary,2.0,4.46
SAMEA120406649,PRJEB97686,,,adult,,,US,transplant_or_immunocompromised,allogeneic hematopoietic cell transplantation (allo-HCT) recipients undergoing GVHD prophylaxis,,,,2019/2023,primary,2.0,4.96
SAMEA120406650,PRJEB97686,,,adult,,,US,transplant_or_immunocompromised,allogeneic hematopoietic cell transplantation (allo-HCT) recipients undergoing GVHD prophylaxis,,,,2019/2023,primary,2.0,4.696
SAMEA120406651,PRJEB97686,,,adult,,,US,transplant_or_immunocompromised,allogeneic hematopoietic cell transplantation (allo-HCT) recipients undergoing GVHD prophylaxis,,,,2019/2023,primary,2.0,4.175
SAMEA120406652,PRJEB97686,,,adult,,,US,transplant_or_immunocompromised,allogeneic hematopoietic cell transplantation (allo-HCT) recipients undergoing GVHD prophylaxis,,,,2019/2023,primary,1.0,1.016
SAMEA120406653,PRJEB97686,,,adult,,,US,transplant_or_immunocompromised,allogeneic hematopoietic cell transplantation (allo-HCT) recipients undergoing GVHD prophylaxis,,,,2019/2023,primary,2.0,4.379
SAMEA120406654,PRJEB97686,,,adult,,,US,transplant_or_immunocompromised,allogeneic hematopoietic cell transplantation (allo-HCT) recipients undergoing GVHD prophylaxis,,,,2019/2023,primary,2.0,4.944
SAMEA120406655,PRJEB97686,,,adult,,,US,transplant_or_immunocompromised,allogeneic hematopoietic cell transplantation (allo-HCT) recipients undergoing GVHD prophylaxis,,,,2019/2023,primary,2.0,4.371
SAMEA120406656,PRJEB97686,,,adult,,,US,transplant_or_immunocompromised,allogeneic hematopoietic cell transplantation (allo-HCT) recipients undergoing GVHD prophylaxis,,,,2019/2023,primary,2.0,5.111
SAMEA120406657,PRJEB97686,,,adult,,,US,transplant_or_immunocompromised,allogeneic hematopoietic cell transplantation (allo-HCT) recipients undergoing GVHD prophylaxis,,,,2019/2023,primary,2.0,4.443
SAMEA120406658,PRJEB97686,,,adult,,,US,transplant_or_immunocompromised,allogeneic hematopoietic cell transplantation (allo-HCT) recipients undergoing GVHD prophylaxis,,,,2019/2023,primary,2.0,4.223
SAMEA120406659,PRJEB97686,,,adult,,,US,transplant_or_immunocompromised,allogeneic hematopoietic cell transplantation (allo-HCT) recipients undergoing GVHD prophylaxis,,,,2019/2023,primary,2.0,3.746
SAMEA120406660,PRJEB97686,,,adult,,,US,transplant_or_immunocompromised,allogeneic hematopoietic cell transplantation (allo-HCT) recipients undergoing GVHD prophylaxis,,,,2019/2023,primary,2.0,4.842
SAMEA120406661,PRJEB97686,,,adult,,,US,transplant_or_immunocompromised,allogeneic hematopoietic cell transplantation (allo-HCT) recipients undergoing GVHD prophylaxis,,,,2019/2023,primary,2.0,5.683
SAMEA120406662,PRJEB97686,,,adult,,,US,transplant_or_immunocompromised,allogeneic hematopoietic cell transplantation (allo-HCT) recipients undergoing GVHD prophylaxis,,,,2019/2023,primary,2.0,4.216
SAMEA120406663,PRJEB97686,,,adult,,,US,transplant_or_immunocompromised,allogeneic hematopoietic cell transplantation (allo-HCT) recipients undergoing GVHD prophylaxis,,,,2019/2023,primary,2.0,4.081
SAMEA120406664,PRJEB97686,,,adult,,,US,transplant_or_immunocompromised,allogeneic hematopoietic cell transplantation (allo-HCT) recipients undergoing GVHD prophylaxis,,,,2019/2023,primary,1.0,0.846
SAMEA120406665,PRJEB97686,,,adult,,,US,transplant_or_immunocompromised,allogeneic hematopoietic cell transplantation (allo-HCT) recipients undergoing GVHD prophylaxis,,,,2019/2023,primary,2.0,5.091
SAMEA120406666,PRJEB97686,,,adult,,,US,transplant_or_immunocompromised,allogeneic hematopoietic cell transplantation (allo-HCT) recipients undergoing GVHD prophylaxis,,,,2019/2023,primary,2.0,4.512
SAMEA120406667,PRJEB97686,,,adult,,,US,transplant_or_immunocompromised,allogeneic hematopoietic cell transplantation (allo-HCT) recipients undergoing GVHD prophylaxis,,,,2019/2023,primary,2.0,5.016
SAMEA120406668,PRJEB97686,,,adult,,,US,transplant_or_immunocompromised,allogeneic hematopoietic cell transplantation (allo-HCT) recipients undergoing GVHD prophylaxis,,,,2019/2023,primary,2.0,6.16
SAMEA120406669,PRJEB97686,,,adult,,,US,transplant_or_immunocompromised,allogeneic hematopoietic cell transplantation (allo-HCT) recipients undergoing GVHD prophylaxis,,,,2019/2023,primary,2.0,4.932
SAMEA120406670,PRJEB97686,,,adult,,,US,transplant_or_immunocompromised,allogeneic hematopoietic cell transplantation (allo-HCT) recipients undergoing GVHD prophylaxis,,,,2019/2023,primary,2.0,4.772
SAMEA120406671,PRJEB97686,,,adult,,,US,transplant_or_immunocompromised,allogeneic hematopoietic cell transplantation (allo-HCT) recipients undergoing GVHD prophylaxis,,,,2019/2023,primary,2.0,3.348
SAMEA120406672,PRJEB97686,,,adult,,,US,transplant_or_immunocompromised,allogeneic hematopoietic cell transplantation (allo-HCT) recipients undergoing GVHD prophylaxis,,,,2019/2023,primary,2.0,5.572
SAMEA120406673,PRJEB97686,,,adult,,,US,transplant_or_immunocompromised,allogeneic hematopoietic cell transplantation (allo-HCT) recipients undergoing GVHD prophylaxis,,,,2019/2023,primary,2.0,4.829
SAMEA120406674,PRJEB97686,,,adult,,,US,transplant_or_immunocompromised,allogeneic hematopoietic cell transplantation (allo-HCT) recipients undergoing GVHD prophylaxis,,,,2019/2023,primary,2.0,4.568
SAMEA120406675,PRJEB97686,,,adult,,,US,transplant_or_immunocompromised,allogeneic hematopoietic cell transplantation (allo-HCT) recipients undergoing GVHD prophylaxis,,,,2019/2023,primary,2.0,5.647
SAMEA120406676,PRJEB97686,,,adult,,,US,transplant_or_immunocompromised,allogeneic hematopoietic cell transplantation (allo-HCT) recipients undergoing GVHD prophylaxis,,,,2019/2023,primary,2.0,5.487
SAMEA120406677,PRJEB97686,,,adult,,,US,transplant_or_immunocompromised,allogeneic hematopoietic cell transplantation (allo-HCT) recipients undergoing GVHD prophylaxis,,,,2019/2023,primary,2.0,4.574
SAMEA120406678,PRJEB97686,,,adult,,,US,transplant_or_immunocompromised,allogeneic hematopoietic cell transplantation (allo-HCT) recipients undergoing GVHD prophylaxis,,,,2019/2023,primary,2.0,4.398
SAMEA120406679,PRJEB97686,,,adult,,,US,transplant_or_immunocompromised,allogeneic hematopoietic cell transplantation (allo-HCT) recipients undergoing GVHD prophylaxis,,,,2019/2023,primary,2.0,4.561
SAMEA120406680,PRJEB97686,,,adult,,,US,transplant_or_immunocompromised,allogeneic hematopoietic cell transplantation (allo-HCT) recipients undergoing GVHD prophylaxis,,,,2019/2023,primary,2.0,5.281
SAMEA120406681,PRJEB97686,,,adult,,,US,transplant_or_immunocompromised,allogeneic hematopoietic cell transplantation (allo-HCT) recipients undergoing GVHD prophylaxis,,,,2019/2023,primary,2.0,5.289
SAMEA120406682,PRJEB97686,,,adult,,,US,transplant_or_immunocompromised,allogeneic hematopoietic cell transplantation (allo-HCT) recipients undergoing GVHD prophylaxis,,,,2019/2023,primary,2.0,4.243
SAMEA120406683,PRJEB97686,,,adult,,,US,transplant_or_immunocompromised,allogeneic hematopoietic cell transplantation (allo-HCT) recipients undergoing GVHD prophylaxis,,,,2019/2023,primary,2.0,4.173
SAMEA120406684,PRJEB97686,,,adult,,,US,transplant_or_immunocompromised,allogeneic hematopoietic cell transplantation (allo-HCT) recipients undergoing GVHD prophylaxis,,,,2019/2023,primary,2.0,4.353
SAMEA120406685,PRJEB97686,,,adult,,,US,transplant_or_immunocompromised,allogeneic hematopoietic cell transplantation (allo-HCT) recipients undergoing GVHD prophylaxis,,,,2019/2023,primary,2.0,4.191
SAMEA120406686,PRJEB97686,,,adult,,,US,transplant_or_immunocompromised,allogeneic hematopoietic cell transplantation (allo-HCT) recipients undergoing GVHD prophylaxis,,,,2019/2023,primary,1.0,4.256
SAMEA120406687,PRJEB97686,,,adult,,,US,transplant_or_immunocompromised,allogeneic hematopoietic cell transplantation (allo-HCT) recipients undergoing GVHD prophylaxis,,,,2019/2023,primary,2.0,4.147
SAMEA120406688,PRJEB97686,,,adult,,,US,transplant_or_immunocompromised,allogeneic hematopoietic cell transplantation (allo-HCT) recipients undergoing GVHD prophylaxis,,,,2019/2023,primary,2.0,4.141
SAMEA120406689,PRJEB97686,,,adult,,,US,transplant_or_immunocompromised,allogeneic hematopoietic cell transplantation (allo-HCT) recipients undergoing GVHD prophylaxis,,,,2019/2023,primary,1.0,3.859
SAMEA120406690,PRJEB97686,,,adult,,,US,transplant_or_immunocompromised,allogeneic hematopoietic cell transplantation (allo-HCT) recipients undergoing GVHD prophylaxis,,,,2019/2023,primary,1.0,3.898
SAMEA120406691,PRJEB97686,,,adult,,,US,transplant_or_immunocompromised,allogeneic hematopoietic cell transplantation (allo-HCT) recipients undergoing GVHD prophylaxis,,,,2019/2023,primary,2.0,5.151
SAMEA120406692,PRJEB97686,,,adult,,,US,transplant_or_immunocompromised,allogeneic hematopoietic cell transplantation (allo-HCT) recipients undergoing GVHD prophylaxis,,,,2019/2023,primary,2.0,4.377
SAMEA120406693,PRJEB97686,,,adult,,,US,transplant_or_immunocompromised,allogeneic hematopoietic cell transplantation (allo-HCT) recipients undergoing GVHD prophylaxis,,,,2019/2023,primary,2.0,4.96
SAMEA120406694,PRJEB97686,,,adult,,,US,transplant_or_immunocompromised,allogeneic hematopoietic cell transplantation (allo-HCT) recipients undergoing GVHD prophylaxis,,,,2019/2023,primary,2.0,3.938
SAMEA120406695,PRJEB97686,,,adult,,,US,transplant_or_immunocompromised,allogeneic hematopoietic cell transplantation (allo-HCT) recipients undergoing GVHD prophylaxis,,,,2019/2023,primary,2.0,4.876
SAMEA120406696,PRJEB97686,,,adult,,,US,transplant_or_immunocompromised,allogeneic hematopoietic cell transplantation (allo-HCT) recipients undergoing GVHD prophylaxis,,,,2019/2023,primary,2.0,4.596
SAMEA120406697,PRJEB97686,,,adult,,,US,transplant_or_immunocompromised,allogeneic hematopoietic cell transplantation (allo-HCT) recipients undergoing GVHD prophylaxis,,,,2019/2023,primary,2.0,3.976
SAMEA120406698,PRJEB97686,,,adult,,,US,transplant_or_immunocompromised,allogeneic hematopoietic cell transplantation (allo-HCT) recipients undergoing GVHD prophylaxis,,,,2019/2023,primary,2.0,4.857
SAMEA120406699,PRJEB97686,,,adult,,,US,transplant_or_immunocompromised,allogeneic hematopoietic cell transplantation (allo-HCT) recipients undergoing GVHD prophylaxis,,,,2019/2023,primary,2.0,4.004
SAMEA120406700,PRJEB97686,,,adult,,,US,transplant_or_immunocompromised,allogeneic hematopoietic cell transplantation (allo-HCT) recipients undergoing GVHD prophylaxis,,,,2019/2023,primary,2.0,5.679
SAMEA120406701,PRJEB97686,,,adult,,,US,transplant_or_immunocompromised,allogeneic hematopoietic cell transplantation (allo-HCT) recipients undergoing GVHD prophylaxis,,,,2019/2023,primary,2.0,4.324
SAMEA120406702,PRJEB97686,,,adult,,,US,transplant_or_immunocompromised,allogeneic hematopoietic cell transplantation (allo-HCT) recipients undergoing GVHD prophylaxis,,,,2019/2023,primary,2.0,4.614
SAMEA120406703,PRJEB97686,,,adult,,,US,transplant_or_immunocompromised,allogeneic hematopoietic cell transplantation (allo-HCT) recipients undergoing GVHD prophylaxis,,,,2019/2023,primary,2.0,4.547
SAMEA120406704,PRJEB97686,,,adult,,,US,transplant_or_immunocompromised,allogeneic hematopoietic cell transplantation (allo-HCT) recipients undergoing GVHD prophylaxis,,,,2019/2023,primary,2.0,5.064
SAMEA120406705,PRJEB97686,,,adult,,,US,transplant_or_immunocompromised,allogeneic hematopoietic cell transplantation (allo-HCT) recipients undergoing GVHD prophylaxis,,,,2019/2023,primary,2.0,4.191
SAMEA120406706,PRJEB97686,,,adult,,,US,transplant_or_immunocompromised,allogeneic hematopoietic cell transplantation (allo-HCT) recipients undergoing GVHD prophylaxis,,,,2019/2023,primary,2.0,3.743
SAMEA120406707,PRJEB97686,,,adult,,,US,transplant_or_immunocompromised,allogeneic hematopoietic cell transplantation (allo-HCT) recipients undergoing GVHD prophylaxis,,,,2019/2023,primary,2.0,4.483
SAMEA120406708,PRJEB97686,,,adult,,,US,transplant_or_immunocompromised,allogeneic hematopoietic cell transplantation (allo-HCT) recipients undergoing GVHD prophylaxis,,,,2019/2023,primary,2.0,4.344
SAMEA120406709,PRJEB97686,,,adult,,,US,transplant_or_immunocompromised,allogeneic hematopoietic cell transplantation (allo-HCT) recipients undergoing GVHD prophylaxis,,,,2019/2023,primary,2.0,4.608
SAMEA120406710,PRJEB97686,,,adult,,,US,transplant_or_immunocompromised,allogeneic hematopoietic cell transplantation (allo-HCT) recipients undergoing GVHD prophylaxis,,,,2019/2023,primary,2.0,4.796
SAMEA120406711,PRJEB97686,,,adult,,,US,transplant_or_immunocompromised,allogeneic hematopoietic cell transplantation (allo-HCT) recipients undergoing GVHD prophylaxis,,,,2019/2023,primary,2.0,4.252
SAMEA120406712,PRJEB97686,,,adult,,,US,transplant_or_immunocompromised,allogeneic hematopoietic cell transplantation (allo-HCT) recipients undergoing GVHD prophylaxis,,,,2019/2023,primary,2.0,3.92
SAMEA120406713,PRJEB97686,,,adult,,,US,transplant_or_immunocompromised,allogeneic hematopoietic cell transplantation (allo-HCT) recipients undergoing GVHD prophylaxis,,,,2019/2023,primary,2.0,4.133
SAMEA120406714,PRJEB97686,,,adult,,,US,transplant_or_immunocompromised,allogeneic hematopoietic cell transplantation (allo-HCT) recipients undergoing GVHD prophylaxis,,,,2019/2023,primary,1.0,4.203
SAMEA120406715,PRJEB97686,,,adult,,,US,transplant_or_immunocompromised,allogeneic hematopoietic cell transplantation (allo-HCT) recipients undergoing GVHD prophylaxis,,,,2019/2023,primary,2.0,4.546
SAMEA120406716,PRJEB97686,,,adult,,,US,transplant_or_immunocompromised,allogeneic hematopoietic cell transplantation (allo-HCT) recipients undergoing GVHD prophylaxis,,,,2019/2023,primary,2.0,4.167
SAMEA120406717,PRJEB97686,,,adult,,,US,transplant_or_immunocompromised,allogeneic hematopoietic cell transplantation (allo-HCT) recipients undergoing GVHD prophylaxis,,,,2019/2023,primary,2.0,5.598
SAMEA120406718,PRJEB97686,,,adult,,,US,transplant_or_immunocompromised,allogeneic hematopoietic cell transplantation (allo-HCT) recipients undergoing GVHD prophylaxis,,,,2019/2023,primary,2.0,6.268
SAMEA120406719,PRJEB97686,,,adult,,,US,transplant_or_immunocompromised,allogeneic hematopoietic cell transplantation (allo-HCT) recipients undergoing GVHD prophylaxis,,,,2019/2023,primary,2.0,5.923
SAMEA120406720,PRJEB97686,,,adult,,,US,transplant_or_immunocompromised,allogeneic hematopoietic cell transplantation (allo-HCT) recipients undergoing GVHD prophylaxis,,,,2019/2023,primary,2.0,4.732
SAMEA120406721,PRJEB97686,,,adult,,,US,transplant_or_immunocompromised,allogeneic hematopoietic cell transplantation (allo-HCT) recipients undergoing GVHD prophylaxis,,,,2019/2023,primary,1.0,0.01
SAMEA120406722,PRJEB97686,,,adult,,,US,transplant_or_immunocompromised,allogeneic hematopoietic cell transplantation (allo-HCT) recipients undergoing GVHD prophylaxis,,,,2019/2023,primary,2.0,4.574
SAMEA120406723,PRJEB97686,,,adult,,,US,transplant_or_immunocompromised,allogeneic hematopoietic cell transplantation (allo-HCT) recipients undergoing GVHD prophylaxis,,,,2019/2023,primary,2.0,4.212
SAMEA120406724,PRJEB97686,,,adult,,,US,transplant_or_immunocompromised,allogeneic hematopoietic cell transplantation (allo-HCT) recipients undergoing GVHD prophylaxis,,,,2019/2023,primary,2.0,4.008
SAMEA120406725,PRJEB97686,,,adult,,,US,transplant_or_immunocompromised,allogeneic hematopoietic cell transplantation (allo-HCT) recipients undergoing GVHD prophylaxis,,,,2019/2023,primary,1.0,0.001
SAMEA120406726,PRJEB97686,,,adult,,,US,transplant_or_immunocompromised,allogeneic hematopoietic cell transplantation (allo-HCT) recipients undergoing GVHD prophylaxis,,,,2019/2023,primary,1.0,0.767
SAMEA120406727,PRJEB97686,,,adult,,,US,transplant_or_immunocompromised,allogeneic hematopoietic cell transplantation (allo-HCT) recipients undergoing GVHD prophylaxis,,,,2019/2023,primary,2.0,5.118
SAMEA120406728,PRJEB97686,,,adult,,,US,transplant_or_immunocompromised,allogeneic hematopoietic cell transplantation (allo-HCT) recipients undergoing GVHD prophylaxis,,,,2019/2023,primary,2.0,4.068
SAMEA120406729,PRJEB97686,,,adult,,,US,transplant_or_immunocompromised,allogeneic hematopoietic cell transplantation (allo-HCT) recipients undergoing GVHD prophylaxis,,,,2019/2023,primary,2.0,4.291
SAMEA120406730,PRJEB97686,,,adult,,,US,transplant_or_immunocompromised,allogeneic hematopoietic cell transplantation (allo-HCT) recipients undergoing GVHD prophylaxis,,,,2019/2023,primary,2.0,3.967
SAMEA120406731,PRJEB97686,,,adult,,,US,transplant_or_immunocompromised,allogeneic hematopoietic cell transplantation (allo-HCT) recipients undergoing GVHD prophylaxis,,,,2019/2023,primary,2.0,3.979
SAMEA120406732,PRJEB97686,,,adult,,,US,transplant_or_immunocompromised,allogeneic hematopoietic cell transplantation (allo-HCT) recipients undergoing GVHD prophylaxis,,,,2019/2023,primary,2.0,4.151
SAMEA120406733,PRJEB97686,,,adult,,,US,transplant_or_immunocompromised,allogeneic hematopoietic cell transplantation (allo-HCT) recipients undergoing GVHD prophylaxis,,,,2019/2023,primary,2.0,4.044
SAMEA120406734,PRJEB97686,,,adult,,,US,transplant_or_immunocompromised,allogeneic hematopoietic cell transplantation (allo-HCT) recipients undergoing GVHD prophylaxis,,,,2019/2023,primary,2.0,3.69
SAMEA120406735,PRJEB97686,,,adult,,,US,transplant_or_immunocompromised,allogeneic hematopoietic cell transplantation (allo-HCT) recipients undergoing GVHD prophylaxis,,,,2019/2023,primary,2.0,4.19
SAMEA120406736,PRJEB97686,,,adult,,,US,transplant_or_immunocompromised,allogeneic hematopoietic cell transplantation (allo-HCT) recipients undergoing GVHD prophylaxis,,,,2019/2023,primary,2.0,3.235
SAMEA120406737,PRJEB97686,,,adult,,,US,transplant_or_immunocompromised,allogeneic hematopoietic cell transplantation (allo-HCT) recipients undergoing GVHD prophylaxis,,,,2019/2023,primary,2.0,4.401
SAMEA120406738,PRJEB97686,,,adult,,,US,transplant_or_immunocompromised,allogeneic hematopoietic cell transplantation (allo-HCT) recipients undergoing GVHD prophylaxis,,,,2019/2023,primary,1.0,0.005
SAMEA120406739,PRJEB97686,,,adult,,,US,transplant_or_immunocompromised,allogeneic hematopoietic cell transplantation (allo-HCT) recipients undergoing GVHD prophylaxis,,,,2019/2023,primary,1.0,0.001
SAMEA120406740,PRJEB97686,,,adult,,,US,transplant_or_immunocompromised,allogeneic hematopoietic cell transplantation (allo-HCT) recipients undergoing GVHD prophylaxis,,,,2019/2023,primary,2.0,3.966
SAMEA120406741,PRJEB97686,,,adult,,,US,transplant_or_immunocompromised,allogeneic hematopoietic cell transplantation (allo-HCT) recipients undergoing GVHD prophylaxis,,,,2019/2023,primary,2.0,4.049
SAMEA120406742,PRJEB97686,,,adult,,,US,transplant_or_immunocompromised,allogeneic hematopoietic cell transplantation (allo-HCT) recipients undergoing GVHD prophylaxis,,,,2019/2023,primary,2.0,4.256
SAMEA120406743,PRJEB97686,,,adult,,,US,transplant_or_immunocompromised,allogeneic hematopoietic cell transplantation (allo-HCT) recipients undergoing GVHD prophylaxis,,,,2019/2023,primary,2.0,5.398
SAMEA120406744,PRJEB97686,,,adult,,,US,transplant_or_immunocompromised,allogeneic hematopoietic cell transplantation (allo-HCT) recipients undergoing GVHD prophylaxis,,,,2019/2023,primary,2.0,4.01
SAMEA120406745,PRJEB97686,,,adult,,,US,transplant_or_immunocompromised,allogeneic hematopoietic cell transplantation (allo-HCT) recipients undergoing GVHD prophylaxis,,,,2019/2023,primary,2.0,3.8
SAMEA120406746,PRJEB97686,,,adult,,,US,transplant_or_immunocompromised,allogeneic hematopoietic cell transplantation (allo-HCT) recipients undergoing GVHD prophylaxis,,,,2019/2023,primary,2.0,4.037
SAMEA120406747,PRJEB97686,,,adult,,,US,transplant_or_immunocompromised,allogeneic hematopoietic cell transplantation (allo-HCT) recipients undergoing GVHD prophylaxis,,,,2019/2023,primary,2.0,4.154
SAMEA120406748,PRJEB97686,,,adult,,,US,transplant_or_immunocompromised,allogeneic hematopoietic cell transplantation (allo-HCT) recipients undergoing GVHD prophylaxis,,,,2019/2023,primary,2.0,4.466
SAMEA120406749,PRJEB97686,,,adult,,,US,transplant_or_immunocompromised,allogeneic hematopoietic cell transplantation (allo-HCT) recipients undergoing GVHD prophylaxis,,,,2019/2023,primary,2.0,4.213
SAMEA120406750,PRJEB97686,,,adult,,,US,transplant_or_immunocompromised,allogeneic hematopoietic cell transplantation (allo-HCT) recipients undergoing GVHD prophylaxis,,,,2019/2023,primary,2.0,4.388
SAMEA120406751,PRJEB97686,,,adult,,,US,transplant_or_immunocompromised,allogeneic hematopoietic cell transplantation (allo-HCT) recipients undergoing GVHD prophylaxis,,,,2019/2023,primary,2.0,4.335
SAMEA120406752,PRJEB97686,,,adult,,,US,transplant_or_immunocompromised,allogeneic hematopoietic cell transplantation (allo-HCT) recipients undergoing GVHD prophylaxis,,,,2019/2023,primary,2.0,3.828
SAMEA120406753,PRJEB97686,,,adult,,,US,transplant_or_immunocompromised,allogeneic hematopoietic cell transplantation (allo-HCT) recipients undergoing GVHD prophylaxis,,,,2019/2023,primary,2.0,4.803
SAMEA120406754,PRJEB97686,,,adult,,,US,transplant_or_immunocompromised,allogeneic hematopoietic cell transplantation (allo-HCT) recipients undergoing GVHD prophylaxis,,,,2019/2023,primary,2.0,4.077
SAMEA120406755,PRJEB97686,,,adult,,,US,transplant_or_immunocompromised,allogeneic hematopoietic cell transplantation (allo-HCT) recipients undergoing GVHD prophylaxis,,,,2019/2023,primary,2.0,3.991
SAMEA120406756,PRJEB97686,,,adult,,,US,transplant_or_immunocompromised,allogeneic hematopoietic cell transplantation (allo-HCT) recipients undergoing GVHD prophylaxis,,,,2019/2023,primary,1.0,0.028
SAMEA120406757,PRJEB97686,,,adult,,,US,transplant_or_immunocompromised,allogeneic hematopoietic cell transplantation (allo-HCT) recipients undergoing GVHD prophylaxis,,,,2019/2023,primary,2.0,4.119
SAMEA120406758,PRJEB97686,,,adult,,,US,transplant_or_immunocompromised,allogeneic hematopoietic cell transplantation (allo-HCT) recipients undergoing GVHD prophylaxis,,,,2019/2023,primary,2.0,4.239
SAMEA120406759,PRJEB97686,,,adult,,,US,transplant_or_immunocompromised,allogeneic hematopoietic cell transplantation (allo-HCT) recipients undergoing GVHD prophylaxis,,,,2019/2023,primary,2.0,3.943
SAMEA120406760,PRJEB97686,,,adult,,,US,transplant_or_immunocompromised,allogeneic hematopoietic cell transplantation (allo-HCT) recipients undergoing GVHD prophylaxis,,,,2019/2023,primary,2.0,4.166
SAMEA120406761,PRJEB97686,,,adult,,,US,transplant_or_immunocompromised,allogeneic hematopoietic cell transplantation (allo-HCT) recipients undergoing GVHD prophylaxis,,,,2019/2023,primary,2.0,4.273
SAMEA120406762,PRJEB97686,,,adult,,,US,transplant_or_immunocompromised,allogeneic hematopoietic cell transplantation (allo-HCT) recipients undergoing GVHD prophylaxis,,,,2019/2023,primary,2.0,4.067
SAMEA120406763,PRJEB97686,,,adult,,,US,transplant_or_immunocompromised,allogeneic hematopoietic cell transplantation (allo-HCT) recipients undergoing GVHD prophylaxis,,,,2019/2023,primary,2.0,4.121
SAMEA120406764,PRJEB97686,,,adult,,,US,transplant_or_immunocompromised,allogeneic hematopoietic cell transplantation (allo-HCT) recipients undergoing GVHD prophylaxis,,,,2019/2023,primary,2.0,4.551
SAMEA120406765,PRJEB97686,,,adult,,,US,transplant_or_immunocompromised,allogeneic hematopoietic cell transplantation (allo-HCT) recipients undergoing GVHD prophylaxis,,,,2019/2023,primary,2.0,5.43
SAMEA120406766,PRJEB97686,,,adult,,,US,transplant_or_immunocompromised,allogeneic hematopoietic cell transplantation (allo-HCT) recipients undergoing GVHD prophylaxis,,,,2019/2023,primary,2.0,4.542
SAMEA120406767,PRJEB97686,,,adult,,,US,transplant_or_immunocompromised,allogeneic hematopoietic cell transplantation (allo-HCT) recipients undergoing GVHD prophylaxis,,,,2019/2023,primary,2.0,4.471
SAMEA120406768,PRJEB97686,,,adult,,,US,transplant_or_immunocompromised,allogeneic hematopoietic cell transplantation (allo-HCT) recipients undergoing GVHD prophylaxis,,,,2019/2023,primary,2.0,4.292
SAMEA120406769,PRJEB97686,,,adult,,,US,transplant_or_immunocompromised,allogeneic hematopoietic cell transplantation (allo-HCT) recipients undergoing GVHD prophylaxis,,,,2019/2023,primary,1.0,3.349
SAMEA120406770,PRJEB97686,,,adult,,,US,transplant_or_immunocompromised,allogeneic hematopoietic cell transplantation (allo-HCT) recipients undergoing GVHD prophylaxis,,,,2019/2023,primary,2.0,3.812
SAMEA120406771,PRJEB97686,,,adult,,,US,transplant_or_immunocompromised,allogeneic hematopoietic cell transplantation (allo-HCT) recipients undergoing GVHD prophylaxis,,,,2019/2023,primary,2.0,4.266
SAMEA120406772,PRJEB97686,,,adult,,,US,transplant_or_immunocompromised,allogeneic hematopoietic cell transplantation (allo-HCT) recipients undergoing GVHD prophylaxis,,,,2019/2023,primary,2.0,4.431
SAMEA120406773,PRJEB97686,,,adult,,,US,transplant_or_immunocompromised,allogeneic hematopoietic cell transplantation (allo-HCT) recipients undergoing GVHD prophylaxis,,,,2019/2023,primary,2.0,4.184
SAMEA120406774,PRJEB97686,,,adult,,,US,transplant_or_immunocompromised,allogeneic hematopoietic cell transplantation (allo-HCT) recipients undergoing GVHD prophylaxis,,,,2019/2023,primary,2.0,4.283
SAMEA120406775,PRJEB97686,,,adult,,,US,transplant_or_immunocompromised,allogeneic hematopoietic cell transplantation (allo-HCT) recipients undergoing GVHD prophylaxis,,,,2019/2023,primary,2.0,3.72
SAMEA120406776,PRJEB97686,,,adult,,,US,transplant_or_immunocompromised,allogeneic hematopoietic cell transplantation (allo-HCT) recipients undergoing GVHD prophylaxis,,,,2019/2023,primary,2.0,3.905
SAMEA120406777,PRJEB97686,,,adult,,,US,transplant_or_immunocompromised,allogeneic hematopoietic cell transplantation (allo-HCT) recipients undergoing GVHD prophylaxis,,,,2019/2023,primary,2.0,4.176
SAMEA120406778,PRJEB97686,,,adult,,,US,transplant_or_immunocompromised,allogeneic hematopoietic cell transplantation (allo-HCT) recipients undergoing GVHD prophylaxis,,,,2019/2023,primary,2.0,3.539
SAMEA120406779,PRJEB97686,,,adult,,,US,transplant_or_immunocompromised,allogeneic hematopoietic cell transplantation (allo-HCT) recipients undergoing GVHD prophylaxis,,,,2019/2023,primary,2.0,3.457
SAMEA120406780,PRJEB97686,,,adult,,,US,transplant_or_immunocompromised,allogeneic hematopoietic cell transplantation (allo-HCT) recipients undergoing GVHD prophylaxis,,,,2019/2023,primary,2.0,4.299
SAMEA120406781,PRJEB97686,,,adult,,,US,transplant_or_immunocompromised,allogeneic hematopoietic cell transplantation (allo-HCT) recipients undergoing GVHD prophylaxis,,,,2019/2023,primary,2.0,4.099
SAMEA120406782,PRJEB97686,,,adult,,,US,transplant_or_immunocompromised,allogeneic hematopoietic cell transplantation (allo-HCT) recipients undergoing GVHD prophylaxis,,,,2019/2023,primary,2.0,4.547
SAMEA120406783,PRJEB97686,,,adult,,,US,transplant_or_immunocompromised,allogeneic hematopoietic cell transplantation (allo-HCT) recipients undergoing GVHD prophylaxis,,,,2019/2023,primary,2.0,3.738
SAMEA120406784,PRJEB97686,,,adult,,,US,transplant_or_immunocompromised,allogeneic hematopoietic cell transplantation (allo-HCT) recipients undergoing GVHD prophylaxis,,,,2019/2023,primary,2.0,4.464
SAMEA120406785,PRJEB97686,,,adult,,,US,transplant_or_immunocompromised,allogeneic hematopoietic cell transplantation (allo-HCT) recipients undergoing GVHD prophylaxis,,,,2019/2023,primary,2.0,4.306
SAMEA120406786,PRJEB97686,,,adult,,,US,transplant_or_immunocompromised,allogeneic hematopoietic cell transplantation (allo-HCT) recipients undergoing GVHD prophylaxis,,,,2019/2023,primary,2.0,4.266
SAMEA120406787,PRJEB97686,,,adult,,,US,transplant_or_immunocompromised,allogeneic hematopoietic cell transplantation (allo-HCT) recipients undergoing GVHD prophylaxis,,,,2019/2023,primary,2.0,4.233
SAMEA120406788,PRJEB97686,,,adult,,,US,transplant_or_immunocompromised,allogeneic hematopoietic cell transplantation (allo-HCT) recipients undergoing GVHD prophylaxis,,,,2019/2023,primary,2.0,4.085
SAMEA120406789,PRJEB97686,,,adult,,,US,transplant_or_immunocompromised,allogeneic hematopoietic cell transplantation (allo-HCT) recipients undergoing GVHD prophylaxis,,,,2019/2023,primary,2.0,4.237
SAMEA120406790,PRJEB97686,,,adult,,,US,transplant_or_immunocompromised,allogeneic hematopoietic cell transplantation (allo-HCT) recipients undergoing GVHD prophylaxis,,,,2019/2023,primary,2.0,4.37
SAMEA120406791,PRJEB97686,,,adult,,,US,transplant_or_immunocompromised,allogeneic hematopoietic cell transplantation (allo-HCT) recipients undergoing GVHD prophylaxis,,,,2019/2023,primary,2.0,3.946
SAMEA120406792,PRJEB97686,,,adult,,,US,transplant_or_immunocompromised,allogeneic hematopoietic cell transplantation (allo-HCT) recipients undergoing GVHD prophylaxis,,,,2019/2023,primary,2.0,4.715
SAMEA120406793,PRJEB97686,,,adult,,,US,transplant_or_immunocompromised,allogeneic hematopoietic cell transplantation (allo-HCT) recipients undergoing GVHD prophylaxis,,,,2019/2023,primary,2.0,4.706
SAMEA120406794,PRJEB97686,,,adult,,,US,transplant_or_immunocompromised,allogeneic hematopoietic cell transplantation (allo-HCT) recipients undergoing GVHD prophylaxis,,,,2019/2023,primary,2.0,4.519
SAMEA120406795,PRJEB97686,,,adult,,,US,transplant_or_immunocompromised,allogeneic hematopoietic cell transplantation (allo-HCT) recipients undergoing GVHD prophylaxis,,,,2019/2023,primary,2.0,4.586
SAMEA120406796,PRJEB97686,,,adult,,,US,transplant_or_immunocompromised,allogeneic hematopoietic cell transplantation (allo-HCT) recipients undergoing GVHD prophylaxis,,,,2019/2023,primary,2.0,4.865
SAMEA120406797,PRJEB97686,,,adult,,,US,transplant_or_immunocompromised,allogeneic hematopoietic cell transplantation (allo-HCT) recipients undergoing GVHD prophylaxis,,,,2019/2023,primary,2.0,5.56
SAMEA120406798,PRJEB97686,,,adult,,,US,transplant_or_immunocompromised,allogeneic hematopoietic cell transplantation (allo-HCT) recipients undergoing GVHD prophylaxis,,,,2019/2023,primary,2.0,4.321
SAMEA120406799,PRJEB97686,,,adult,,,US,transplant_or_immunocompromised,allogeneic hematopoietic cell transplantation (allo-HCT) recipients undergoing GVHD prophylaxis,,,,2019/2023,primary,2.0,7.167
SAMEA120406800,PRJEB97686,,,adult,,,US,transplant_or_immunocompromised,allogeneic hematopoietic cell transplantation (allo-HCT) recipients undergoing GVHD prophylaxis,,,,2019/2023,primary,2.0,3.828
SAMEA120406801,PRJEB97686,,,adult,,,US,transplant_or_immunocompromised,allogeneic hematopoietic cell transplantation (allo-HCT) recipients undergoing GVHD prophylaxis,,,,2019/2023,primary,2.0,5.84
SAMEA120406802,PRJEB97686,,,adult,,,US,transplant_or_immunocompromised,allogeneic hematopoietic cell transplantation (allo-HCT) recipients undergoing GVHD prophylaxis,,,,2019/2023,primary,2.0,3.926
SAMEA120406803,PRJEB97686,,,adult,,,US,transplant_or_immunocompromised,allogeneic hematopoietic cell transplantation (allo-HCT) recipients undergoing GVHD prophylaxis,,,,2019/2023,primary,2.0,4.536
SAMEA120406804,PRJEB97686,,,adult,,,US,transplant_or_immunocompromised,allogeneic hematopoietic cell transplantation (allo-HCT) recipients undergoing GVHD prophylaxis,,,,2019/2023,primary,2.0,4.363
SAMEA120406805,PRJEB97686,,,adult,,,US,transplant_or_immunocompromised,allogeneic hematopoietic cell transplantation (allo-HCT) recipients undergoing GVHD prophylaxis,,,,2019/2023,primary,2.0,4.643
SAMEA120406806,PRJEB97686,,,adult,,,US,transplant_or_immunocompromised,allogeneic hematopoietic cell transplantation (allo-HCT) recipients undergoing GVHD prophylaxis,,,,2019/2023,primary,2.0,4.633
SAMEA120406807,PRJEB97686,,,adult,,,US,transplant_or_immunocompromised,allogeneic hematopoietic cell transplantation (allo-HCT) recipients undergoing GVHD prophylaxis,,,,2019/2023,primary,2.0,3.796
SAMEA120406808,PRJEB97686,,,adult,,,US,transplant_or_immunocompromised,allogeneic hematopoietic cell transplantation (allo-HCT) recipients undergoing GVHD prophylaxis,,,,2019/2023,primary,2.0,4.53
SAMEA120406809,PRJEB97686,,,adult,,,US,transplant_or_immunocompromised,allogeneic hematopoietic cell transplantation (allo-HCT) recipients undergoing GVHD prophylaxis,,,,2019/2023,primary,2.0,9.506
SAMEA120406810,PRJEB97686,,,adult,,,US,transplant_or_immunocompromised,allogeneic hematopoietic cell transplantation (allo-HCT) recipients undergoing GVHD prophylaxis,,,,2019/2023,primary,2.0,3.598
SAMEA120406811,PRJEB97686,,,adult,,,US,transplant_or_immunocompromised,allogeneic hematopoietic cell transplantation (allo-HCT) recipients undergoing GVHD prophylaxis,,,,2019/2023,primary,2.0,5.513
SAMEA120406812,PRJEB97686,,,adult,,,US,transplant_or_immunocompromised,allogeneic hematopoietic cell transplantation (allo-HCT) recipients undergoing GVHD prophylaxis,,,,2019/2023,primary,2.0,4.034
SAMEA120406813,PRJEB97686,,,adult,,,US,transplant_or_immunocompromised,allogeneic hematopoietic cell transplantation (allo-HCT) recipients undergoing GVHD prophylaxis,,,,2019/2023,primary,2.0,3.634
SAMEA120406814,PRJEB97686,,,adult,,,US,transplant_or_immunocompromised,allogeneic hematopoietic cell transplantation (allo-HCT) recipients undergoing GVHD prophylaxis,,,,2019/2023,primary,2.0,4.395
SAMEA120406815,PRJEB97686,,,adult,,,US,transplant_or_immunocompromised,allogeneic hematopoietic cell transplantation (allo-HCT) recipients undergoing GVHD prophylaxis,,,,2019/2023,primary,2.0,6.57
SAMEA120406816,PRJEB97686,,,adult,,,US,transplant_or_immunocompromised,allogeneic hematopoietic cell transplantation (allo-HCT) recipients undergoing GVHD prophylaxis,,,,2019/2023,primary,2.0,4.309
SAMEA120406817,PRJEB97686,,,adult,,,US,transplant_or_immunocompromised,allogeneic hematopoietic cell transplantation (allo-HCT) recipients undergoing GVHD prophylaxis,,,,2019/2023,primary,1.0,0.001
SAMEA120406818,PRJEB97686,,,adult,,,US,transplant_or_immunocompromised,allogeneic hematopoietic cell transplantation (allo-HCT) recipients undergoing GVHD prophylaxis,,,,2019/2023,primary,2.0,4.719
SAMEA120406819,PRJEB97686,,,adult,,,US,transplant_or_immunocompromised,allogeneic hematopoietic cell transplantation (allo-HCT) recipients undergoing GVHD prophylaxis,,,,2019/2023,primary,2.0,4.629
SAMEA120406820,PRJEB97686,,,adult,,,US,transplant_or_immunocompromised,allogeneic hematopoietic cell transplantation (allo-HCT) recipients undergoing GVHD prophylaxis,,,,2019/2023,primary,2.0,5.634
SAMEA120406821,PRJEB97686,,,adult,,,US,transplant_or_immunocompromised,allogeneic hematopoietic cell transplantation (allo-HCT) recipients undergoing GVHD prophylaxis,,,,2019/2023,primary,2.0,4.682
SAMEA120406822,PRJEB97686,,,adult,,,US,transplant_or_immunocompromised,allogeneic hematopoietic cell transplantation (allo-HCT) recipients undergoing GVHD prophylaxis,,,,2019/2023,primary,2.0,4.303
SAMEA120406823,PRJEB97686,,,adult,,,US,transplant_or_immunocompromised,allogeneic hematopoietic cell transplantation (allo-HCT) recipients undergoing GVHD prophylaxis,,,,2019/2023,primary,2.0,4.561
SAMEA120406824,PRJEB97686,,,adult,,,US,transplant_or_immunocompromised,allogeneic hematopoietic cell transplantation (allo-HCT) recipients undergoing GVHD prophylaxis,,,,2019/2023,primary,2.0,4.818
SAMEA120406825,PRJEB97686,,,adult,,,US,transplant_or_immunocompromised,allogeneic hematopoietic cell transplantation (allo-HCT) recipients undergoing GVHD prophylaxis,,,,2019/2023,primary,2.0,4.803
SAMEA120406826,PRJEB97686,,,adult,,,US,transplant_or_immunocompromised,allogeneic hematopoietic cell transplantation (allo-HCT) recipients undergoing GVHD prophylaxis,,,,2019/2023,primary,2.0,5.859
SAMEA120406827,PRJEB97686,,,adult,,,US,transplant_or_immunocompromised,allogeneic hematopoietic cell transplantation (allo-HCT) recipients undergoing GVHD prophylaxis,,,,2019/2023,primary,1.0,4.077
SAMEA120406828,PRJEB97686,,,adult,,,US,transplant_or_immunocompromised,allogeneic hematopoietic cell transplantation (allo-HCT) recipients undergoing GVHD prophylaxis,,,,2019/2023,primary,2.0,4.211
SAMEA120406829,PRJEB97686,,,adult,,,US,transplant_or_immunocompromised,allogeneic hematopoietic cell transplantation (allo-HCT) recipients undergoing GVHD prophylaxis,,,,2019/2023,primary,2.0,4.353
SAMEA120406830,PRJEB97686,,,adult,,,US,transplant_or_immunocompromised,allogeneic hematopoietic cell transplantation (allo-HCT) recipients undergoing GVHD prophylaxis,,,,2019/2023,primary,2.0,4.521
SAMEA120406831,PRJEB97686,,,adult,,,US,transplant_or_immunocompromised,allogeneic hematopoietic cell transplantation (allo-HCT) recipients undergoing GVHD prophylaxis,,,,2019/2023,primary,2.0,4.77
SAMEA120406832,PRJEB97686,,,adult,,,US,transplant_or_immunocompromised,allogeneic hematopoietic cell transplantation (allo-HCT) recipients undergoing GVHD prophylaxis,,,,2019/2023,primary,2.0,4.426
SAMEA120406833,PRJEB97686,,,adult,,,US,transplant_or_immunocompromised,allogeneic hematopoietic cell transplantation (allo-HCT) recipients undergoing GVHD prophylaxis,,,,2019/2023,primary,1.0,4.204
SAMEA120406834,PRJEB97686,,,adult,,,US,transplant_or_immunocompromised,allogeneic hematopoietic cell transplantation (allo-HCT) recipients undergoing GVHD prophylaxis,,,,2019/2023,primary,2.0,4.235
SAMEA120406835,PRJEB97686,,,adult,,,US,transplant_or_immunocompromised,allogeneic hematopoietic cell transplantation (allo-HCT) recipients undergoing GVHD prophylaxis,,,,2019/2023,primary,2.0,4.26
SAMEA120406836,PRJEB97686,,,adult,,,US,transplant_or_immunocompromised,allogeneic hematopoietic cell transplantation (allo-HCT) recipients undergoing GVHD prophylaxis,,,,2019/2023,primary,2.0,4.26
SAMEA120406837,PRJEB97686,,,adult,,,US,transplant_or_immunocompromised,allogeneic hematopoietic cell transplantation (allo-HCT) recipients undergoing GVHD prophylaxis,,,,2019/2023,primary,2.0,4.248
SAMEA120406838,PRJEB97686,,,adult,,,US,transplant_or_immunocompromised,allogeneic hematopoietic cell transplantation (allo-HCT) recipients undergoing GVHD prophylaxis,,,,2019/2023,primary,2.0,3.979
SAMEA120406839,PRJEB97686,,,adult,,,US,transplant_or_immunocompromised,allogeneic hematopoietic cell transplantation (allo-HCT) recipients undergoing GVHD prophylaxis,,,,2019/2023,primary,2.0,5.16
SAMEA120406840,PRJEB97686,,,adult,,,US,transplant_or_immunocompromised,allogeneic hematopoietic cell transplantation (allo-HCT) recipients undergoing GVHD prophylaxis,,,,2019/2023,primary,2.0,4.252
SAMEA120406841,PRJEB97686,,,adult,,,US,transplant_or_immunocompromised,allogeneic hematopoietic cell transplantation (allo-HCT) recipients undergoing GVHD prophylaxis,,,,2019/2023,primary,2.0,4.352
SAMEA120406842,PRJEB97686,,,adult,,,US,transplant_or_immunocompromised,allogeneic hematopoietic cell transplantation (allo-HCT) recipients undergoing GVHD prophylaxis,,,,2019/2023,primary,2.0,4.375
SAMEA120406843,PRJEB97686,,,adult,,,US,transplant_or_immunocompromised,allogeneic hematopoietic cell transplantation (allo-HCT) recipients undergoing GVHD prophylaxis,,,,2019/2023,primary,2.0,4.493
SAMEA120406844,PRJEB97686,,,adult,,,US,transplant_or_immunocompromised,allogeneic hematopoietic cell transplantation (allo-HCT) recipients undergoing GVHD prophylaxis,,,,2019/2023,primary,2.0,4.959
SAMEA120406845,PRJEB97686,,,adult,,,US,transplant_or_immunocompromised,allogeneic hematopoietic cell transplantation (allo-HCT) recipients undergoing GVHD prophylaxis,,,,2019/2023,primary,2.0,4.325
SAMEA120406846,PRJEB97686,,,adult,,,US,transplant_or_immunocompromised,allogeneic hematopoietic cell transplantation (allo-HCT) recipients undergoing GVHD prophylaxis,,,,2019/2023,primary,2.0,4.586
SAMEA120406847,PRJEB97686,,,adult,,,US,transplant_or_immunocompromised,allogeneic hematopoietic cell transplantation (allo-HCT) recipients undergoing GVHD prophylaxis,,,,2019/2023,primary,1.0,4.311
SAMEA120406848,PRJEB97686,,,adult,,,US,transplant_or_immunocompromised,allogeneic hematopoietic cell transplantation (allo-HCT) recipients undergoing GVHD prophylaxis,,,,2019/2023,primary,2.0,4.285
SAMEA120406849,PRJEB97686,,,adult,,,US,transplant_or_immunocompromised,allogeneic hematopoietic cell transplantation (allo-HCT) recipients undergoing GVHD prophylaxis,,,,2019/2023,primary,2.0,4.587
SAMEA120406850,PRJEB97686,,,adult,,,US,transplant_or_immunocompromised,allogeneic hematopoietic cell transplantation (allo-HCT) recipients undergoing GVHD prophylaxis,,,,2019/2023,primary,2.0,4.401
SAMEA120406851,PRJEB97686,,,adult,,,US,transplant_or_immunocompromised,allogeneic hematopoietic cell transplantation (allo-HCT) recipients undergoing GVHD prophylaxis,,,,2019/2023,primary,2.0,3.601
SAMEA120406852,PRJEB97686,,,adult,,,US,transplant_or_immunocompromised,allogeneic hematopoietic cell transplantation (allo-HCT) recipients undergoing GVHD prophylaxis,,,,2019/2023,primary,2.0,4.871
SAMEA120406853,PRJEB97686,,,adult,,,US,transplant_or_immunocompromised,allogeneic hematopoietic cell transplantation (allo-HCT) recipients undergoing GVHD prophylaxis,,,,2019/2023,primary,2.0,4.891
SAMEA120406854,PRJEB97686,,,adult,,,US,transplant_or_immunocompromised,allogeneic hematopoietic cell transplantation (allo-HCT) recipients undergoing GVHD prophylaxis,,,,2019/2023,primary,2.0,4.925
SAMEA120406855,PRJEB97686,,,adult,,,US,transplant_or_immunocompromised,allogeneic hematopoietic cell transplantation (allo-HCT) recipients undergoing GVHD prophylaxis,,,,2019/2023,primary,2.0,4.445
SAMEA120406856,PRJEB97686,,,adult,,,US,transplant_or_immunocompromised,allogeneic hematopoietic cell transplantation (allo-HCT) recipients undergoing GVHD prophylaxis,,,,2019/2023,primary,2.0,4.824
SAMEA120406857,PRJEB97686,,,adult,,,US,transplant_or_immunocompromised,allogeneic hematopoietic cell transplantation (allo-HCT) recipients undergoing GVHD prophylaxis,,,,2019/2023,primary,2.0,4.645
SAMEA120406858,PRJEB97686,,,adult,,,US,transplant_or_immunocompromised,allogeneic hematopoietic cell transplantation (allo-HCT) recipients undergoing GVHD prophylaxis,,,,2019/2023,primary,2.0,4.531
SAMEA120406859,PRJEB97686,,,adult,,,US,transplant_or_immunocompromised,allogeneic hematopoietic cell transplantation (allo-HCT) recipients undergoing GVHD prophylaxis,,,,2019/2023,primary,2.0,4.449
SAMEA120406860,PRJEB97686,,,adult,,,US,transplant_or_immunocompromised,allogeneic hematopoietic cell transplantation (allo-HCT) recipients undergoing GVHD prophylaxis,,,,2019/2023,primary,2.0,4.393
SAMEA120406861,PRJEB97686,,,adult,,,US,transplant_or_immunocompromised,allogeneic hematopoietic cell transplantation (allo-HCT) recipients undergoing GVHD prophylaxis,,,,2019/2023,primary,2.0,4.965
SAMEA120406862,PRJEB97686,,,adult,,,US,transplant_or_immunocompromised,allogeneic hematopoietic cell transplantation (allo-HCT) recipients undergoing GVHD prophylaxis,,,,2019/2023,primary,2.0,4.648
SAMEA120406863,PRJEB97686,,,adult,,,US,transplant_or_immunocompromised,allogeneic hematopoietic cell transplantation (allo-HCT) recipients undergoing GVHD prophylaxis,,,,2019/2023,primary,2.0,3.793
SAMEA120406864,PRJEB97686,,,adult,,,US,transplant_or_immunocompromised,allogeneic hematopoietic cell transplantation (allo-HCT) recipients undergoing GVHD prophylaxis,,,,2019/2023,primary,2.0,4.703
SAMEA120406865,PRJEB97686,,,adult,,,US,transplant_or_immunocompromised,allogeneic hematopoietic cell transplantation (allo-HCT) recipients undergoing GVHD prophylaxis,,,,2019/2023,primary,2.0,4.779
SAMEA120406866,PRJEB97686,,,adult,,,US,transplant_or_immunocompromised,allogeneic hematopoietic cell transplantation (allo-HCT) recipients undergoing GVHD prophylaxis,,,,2019/2023,primary,2.0,4.724
SAMEA120406867,PRJEB97686,,,adult,,,US,transplant_or_immunocompromised,allogeneic hematopoietic cell transplantation (allo-HCT) recipients undergoing GVHD prophylaxis,,,,2019/2023,primary,2.0,4.621
SAMEA120406868,PRJEB97686,,,adult,,,US,transplant_or_immunocompromised,allogeneic hematopoietic cell transplantation (allo-HCT) recipients undergoing GVHD prophylaxis,,,,2019/2023,primary,2.0,4.537
SAMEA120406869,PRJEB97686,,,adult,,,US,transplant_or_immunocompromised,allogeneic hematopoietic cell transplantation (allo-HCT) recipients undergoing GVHD prophylaxis,,,,2019/2023,primary,2.0,4.715
SAMEA120406870,PRJEB97686,,,adult,,,US,transplant_or_immunocompromised,allogeneic hematopoietic cell transplantation (allo-HCT) recipients undergoing GVHD prophylaxis,,,,2019/2023,primary,2.0,4.788
SAMEA120406871,PRJEB97686,,,adult,,,US,transplant_or_immunocompromised,allogeneic hematopoietic cell transplantation (allo-HCT) recipients undergoing GVHD prophylaxis,,,,2019/2023,primary,2.0,4.846
SAMEA120406872,PRJEB97686,,,adult,,,US,transplant_or_immunocompromised,allogeneic hematopoietic cell transplantation (allo-HCT) recipients undergoing GVHD prophylaxis,,,,2019/2023,primary,2.0,4.982
SAMEA120406873,PRJEB97686,,,adult,,,US,transplant_or_immunocompromised,allogeneic hematopoietic cell transplantation (allo-HCT) recipients undergoing GVHD prophylaxis,,,,2019/2023,primary,2.0,4.812
SAMEA120406874,PRJEB97686,,,adult,,,US,transplant_or_immunocompromised,allogeneic hematopoietic cell transplantation (allo-HCT) recipients undergoing GVHD prophylaxis,,,,2019/2023,primary,2.0,4.935
SAMEA120406875,PRJEB97686,,,adult,,,US,transplant_or_immunocompromised,allogeneic hematopoietic cell transplantation (allo-HCT) recipients undergoing GVHD prophylaxis,,,,2019/2023,primary,2.0,5.018
SAMEA120406876,PRJEB97686,,,adult,,,US,transplant_or_immunocompromised,allogeneic hematopoietic cell transplantation (allo-HCT) recipients undergoing GVHD prophylaxis,,,,2019/2023,primary,2.0,4.668
SAMEA120406877,PRJEB97686,,,adult,,,US,transplant_or_immunocompromised,allogeneic hematopoietic cell transplantation (allo-HCT) recipients undergoing GVHD prophylaxis,,,,2019/2023,primary,2.0,4.882
SAMEA120406878,PRJEB97686,,,adult,,,US,transplant_or_immunocompromised,allogeneic hematopoietic cell transplantation (allo-HCT) recipients undergoing GVHD prophylaxis,,,,2019/2023,primary,2.0,5.068
SAMEA120406879,PRJEB97686,,,adult,,,US,transplant_or_immunocompromised,allogeneic hematopoietic cell transplantation (allo-HCT) recipients undergoing GVHD prophylaxis,,,,2019/2023,primary,2.0,4.539
SAMEA120406880,PRJEB97686,,,adult,,,US,transplant_or_immunocompromised,allogeneic hematopoietic cell transplantation (allo-HCT) recipients undergoing GVHD prophylaxis,,,,2019/2023,primary,2.0,3.846
SAMEA120406881,PRJEB97686,,,adult,,,US,transplant_or_immunocompromised,allogeneic hematopoietic cell transplantation (allo-HCT) recipients undergoing GVHD prophylaxis,,,,2019/2023,primary,2.0,4.906
SAMEA120406882,PRJEB97686,,,adult,,,US,transplant_or_immunocompromised,allogeneic hematopoietic cell transplantation (allo-HCT) recipients undergoing GVHD prophylaxis,,,,2019/2023,primary,2.0,4.926
SAMEA120406883,PRJEB97686,,,adult,,,US,transplant_or_immunocompromised,allogeneic hematopoietic cell transplantation (allo-HCT) recipients undergoing GVHD prophylaxis,,,,2019/2023,primary,2.0,4.832
SAMEA120406884,PRJEB97686,,,adult,,,US,transplant_or_immunocompromised,allogeneic hematopoietic cell transplantation (allo-HCT) recipients undergoing GVHD prophylaxis,,,,2019/2023,primary,2.0,4.755
SAMEA120406885,PRJEB97686,,,adult,,,US,transplant_or_immunocompromised,allogeneic hematopoietic cell transplantation (allo-HCT) recipients undergoing GVHD prophylaxis,,,,2019/2023,primary,2.0,4.819
SAMEA120406886,PRJEB97686,,,adult,,,US,transplant_or_immunocompromised,allogeneic hematopoietic cell transplantation (allo-HCT) recipients undergoing GVHD prophylaxis,,,,2019/2023,primary,2.0,5.105
SAMEA120406887,PRJEB97686,,,adult,,,US,transplant_or_immunocompromised,allogeneic hematopoietic cell transplantation (allo-HCT) recipients undergoing GVHD prophylaxis,,,,2019/2023,primary,2.0,4.511
SAMEA120406888,PRJEB97686,,,adult,,,US,transplant_or_immunocompromised,allogeneic hematopoietic cell transplantation (allo-HCT) recipients undergoing GVHD prophylaxis,,,,2019/2023,primary,2.0,4.465
SAMEA120406889,PRJEB97686,,,adult,,,US,transplant_or_immunocompromised,allogeneic hematopoietic cell transplantation (allo-HCT) recipients undergoing GVHD prophylaxis,,,,2019/2023,primary,2.0,4.736
SAMEA120406890,PRJEB97686,,,adult,,,US,transplant_or_immunocompromised,allogeneic hematopoietic cell transplantation (allo-HCT) recipients undergoing GVHD prophylaxis,,,,2019/2023,primary,2.0,4.662
SAMEA120406891,PRJEB97686,,,adult,,,US,transplant_or_immunocompromised,allogeneic hematopoietic cell transplantation (allo-HCT) recipients undergoing GVHD prophylaxis,,,,2019/2023,primary,2.0,4.413
SAMEA120406892,PRJEB97686,,,adult,,,US,transplant_or_immunocompromised,allogeneic hematopoietic cell transplantation (allo-HCT) recipients undergoing GVHD prophylaxis,,,,2019/2023,primary,2.0,4.283
SAMEA120406893,PRJEB97686,,,adult,,,US,transplant_or_immunocompromised,allogeneic hematopoietic cell transplantation (allo-HCT) recipients undergoing GVHD prophylaxis,,,,2019/2023,primary,2.0,4.418
SAMEA120406894,PRJEB97686,,,adult,,,US,transplant_or_immunocompromised,allogeneic hematopoietic cell transplantation (allo-HCT) recipients undergoing GVHD prophylaxis,,,,2019/2023,primary,2.0,4.979
SAMEA120406895,PRJEB97686,,,adult,,,US,transplant_or_immunocompromised,allogeneic hematopoietic cell transplantation (allo-HCT) recipients undergoing GVHD prophylaxis,,,,2019/2023,primary,2.0,4.529
SAMEA120406896,PRJEB97686,,,adult,,,US,transplant_or_immunocompromised,allogeneic hematopoietic cell transplantation (allo-HCT) recipients undergoing GVHD prophylaxis,,,,2019/2023,primary,2.0,4.496
SAMEA120406897,PRJEB97686,,,adult,,,US,transplant_or_immunocompromised,allogeneic hematopoietic cell transplantation (allo-HCT) recipients undergoing GVHD prophylaxis,,,,2019/2023,primary,2.0,5.177
SAMEA120406898,PRJEB97686,,,adult,,,US,transplant_or_immunocompromised,allogeneic hematopoietic cell transplantation (allo-HCT) recipients undergoing GVHD prophylaxis,,,,2019/2023,primary,2.0,4.59
SAMEA120406899,PRJEB97686,,,adult,,,US,transplant_or_immunocompromised,allogeneic hematopoietic cell transplantation (allo-HCT) recipients undergoing GVHD prophylaxis,,,,2019/2023,primary,2.0,4.219
SAMEA120406900,PRJEB97686,,,adult,,,US,transplant_or_immunocompromised,allogeneic hematopoietic cell transplantation (allo-HCT) recipients undergoing GVHD prophylaxis,,,,2019/2023,primary,2.0,4.136
SAMEA120406901,PRJEB97686,,,adult,,,US,transplant_or_immunocompromised,allogeneic hematopoietic cell transplantation (allo-HCT) recipients undergoing GVHD prophylaxis,,,,2019/2023,primary,2.0,4.165
SAMEA120406902,PRJEB97686,,,adult,,,US,transplant_or_immunocompromised,allogeneic hematopoietic cell transplantation (allo-HCT) recipients undergoing GVHD prophylaxis,,,,2019/2023,primary,2.0,4.519
SAMEA120406903,PRJEB97686,,,adult,,,US,transplant_or_immunocompromised,allogeneic hematopoietic cell transplantation (allo-HCT) recipients undergoing GVHD prophylaxis,,,,2019/2023,primary,2.0,4.834
SAMEA120406904,PRJEB97686,,,adult,,,US,transplant_or_immunocompromised,allogeneic hematopoietic cell transplantation (allo-HCT) recipients undergoing GVHD prophylaxis,,,,2019/2023,primary,2.0,4.134
SAMEA120406905,PRJEB97686,,,adult,,,US,transplant_or_immunocompromised,allogeneic hematopoietic cell transplantation (allo-HCT) recipients undergoing GVHD prophylaxis,,,,2019/2023,primary,2.0,4.74
SAMEA120406906,PRJEB97686,,,adult,,,US,transplant_or_immunocompromised,allogeneic hematopoietic cell transplantation (allo-HCT) recipients undergoing GVHD prophylaxis,,,,2019/2023,primary,2.0,4.155
SAMEA120406907,PRJEB97686,,,adult,,,US,transplant_or_immunocompromised,allogeneic hematopoietic cell transplantation (allo-HCT) recipients undergoing GVHD prophylaxis,,,,2019/2023,primary,2.0,4.569
SAMEA120406908,PRJEB97686,,,adult,,,US,transplant_or_immunocompromised,allogeneic hematopoietic cell transplantation (allo-HCT) recipients undergoing GVHD prophylaxis,,,,2019/2023,primary,2.0,4.1
SAMEA120406909,PRJEB97686,,,adult,,,US,transplant_or_immunocompromised,allogeneic hematopoietic cell transplantation (allo-HCT) recipients undergoing GVHD prophylaxis,,,,2019/2023,primary,2.0,4.256
SAMEA120406910,PRJEB97686,,,adult,,,US,transplant_or_immunocompromised,allogeneic hematopoietic cell transplantation (allo-HCT) recipients undergoing GVHD prophylaxis,,,,2019/2023,primary,2.0,4.235
SAMEA120406911,PRJEB97686,,,adult,,,US,transplant_or_immunocompromised,allogeneic hematopoietic cell transplantation (allo-HCT) recipients undergoing GVHD prophylaxis,,,,2019/2023,primary,2.0,4.026
SAMEA120406912,PRJEB97686,,,adult,,,US,transplant_or_immunocompromised,allogeneic hematopoietic cell transplantation (allo-HCT) recipients undergoing GVHD prophylaxis,,,,2019/2023,primary,2.0,4.055
SAMEA120406913,PRJEB97686,,,adult,,,US,transplant_or_immunocompromised,allogeneic hematopoietic cell transplantation (allo-HCT) recipients undergoing GVHD prophylaxis,,,,2019/2023,primary,1.0,0.219
SAMEA120406914,PRJEB97686,,,adult,,,US,transplant_or_immunocompromised,allogeneic hematopoietic cell transplantation (allo-HCT) recipients undergoing GVHD prophylaxis,,,,2019/2023,primary,2.0,4.302
SAMEA120406915,PRJEB97686,,,adult,,,US,transplant_or_immunocompromised,allogeneic hematopoietic cell transplantation (allo-HCT) recipients undergoing GVHD prophylaxis,,,,2019/2023,primary,2.0,4.897
SAMEA120406916,PRJEB97686,,,adult,,,US,transplant_or_immunocompromised,allogeneic hematopoietic cell transplantation (allo-HCT) recipients undergoing GVHD prophylaxis,,,,2019/2023,primary,2.0,5.015
SAMEA120406917,PRJEB97686,,,adult,,,US,transplant_or_immunocompromised,allogeneic hematopoietic cell transplantation (allo-HCT) recipients undergoing GVHD prophylaxis,,,,2019/2023,primary,2.0,4.763
SAMEA120406918,PRJEB97686,,,adult,,,US,transplant_or_immunocompromised,allogeneic hematopoietic cell transplantation (allo-HCT) recipients undergoing GVHD prophylaxis,,,,2019/2023,primary,2.0,4.391
SAMEA120406919,PRJEB97686,,,adult,,,US,transplant_or_immunocompromised,allogeneic hematopoietic cell transplantation (allo-HCT) recipients undergoing GVHD prophylaxis,,,,2019/2023,primary,2.0,4.432
SAMEA120406920,PRJEB97686,,,adult,,,US,transplant_or_immunocompromised,allogeneic hematopoietic cell transplantation (allo-HCT) recipients undergoing GVHD prophylaxis,,,,2019/2023,primary,2.0,4.322
SAMEA120406921,PRJEB97686,,,adult,,,US,transplant_or_immunocompromised,allogeneic hematopoietic cell transplantation (allo-HCT) recipients undergoing GVHD prophylaxis,,,,2019/2023,primary,2.0,4.847
SAMEA120406922,PRJEB97686,,,adult,,,US,transplant_or_immunocompromised,allogeneic hematopoietic cell transplantation (allo-HCT) recipients undergoing GVHD prophylaxis,,,,2019/2023,primary,2.0,4.749
SAMEA120406923,PRJEB97686,,,adult,,,US,transplant_or_immunocompromised,allogeneic hematopoietic cell transplantation (allo-HCT) recipients undergoing GVHD prophylaxis,,,,2019/2023,primary,2.0,4.097
SAMEA120406924,PRJEB97686,,,adult,,,US,transplant_or_immunocompromised,allogeneic hematopoietic cell transplantation (allo-HCT) recipients undergoing GVHD prophylaxis,,,,2019/2023,primary,2.0,4.44
SAMEA120406925,PRJEB97686,,,adult,,,US,transplant_or_immunocompromised,allogeneic hematopoietic cell transplantation (allo-HCT) recipients undergoing GVHD prophylaxis,,,,2019/2023,primary,2.0,4.27
SAMEA120406926,PRJEB97686,,,adult,,,US,transplant_or_immunocompromised,allogeneic hematopoietic cell transplantation (allo-HCT) recipients undergoing GVHD prophylaxis,,,,2019/2023,primary,2.0,5.079
SAMEA120406927,PRJEB97686,,,adult,,,US,transplant_or_immunocompromised,allogeneic hematopoietic cell transplantation (allo-HCT) recipients undergoing GVHD prophylaxis,,,,2019/2023,primary,2.0,4.145
SAMEA120406928,PRJEB97686,,,adult,,,US,transplant_or_immunocompromised,allogeneic hematopoietic cell transplantation (allo-HCT) recipients undergoing GVHD prophylaxis,,,,2019/2023,primary,2.0,5.026
SAMEA120406929,PRJEB97686,,,adult,,,US,transplant_or_immunocompromised,allogeneic hematopoietic cell transplantation (allo-HCT) recipients undergoing GVHD prophylaxis,,,,2019/2023,primary,2.0,4.685
SAMEA120406930,PRJEB97686,,,adult,,,US,transplant_or_immunocompromised,allogeneic hematopoietic cell transplantation (allo-HCT) recipients undergoing GVHD prophylaxis,,,,2019/2023,primary,2.0,4.813
SAMEA120406931,PRJEB97686,,,adult,,,US,transplant_or_immunocompromised,allogeneic hematopoietic cell transplantation (allo-HCT) recipients undergoing GVHD prophylaxis,,,,2019/2023,primary,2.0,4.663
SAMEA120406932,PRJEB97686,,,adult,,,US,transplant_or_immunocompromised,allogeneic hematopoietic cell transplantation (allo-HCT) recipients undergoing GVHD prophylaxis,,,,2019/2023,primary,2.0,4.728
SAMEA120406933,PRJEB97686,,,adult,,,US,transplant_or_immunocompromised,allogeneic hematopoietic cell transplantation (allo-HCT) recipients undergoing GVHD prophylaxis,,,,2019/2023,primary,2.0,4.523
SAMEA120406934,PRJEB97686,,,adult,,,US,transplant_or_immunocompromised,allogeneic hematopoietic cell transplantation (allo-HCT) recipients undergoing GVHD prophylaxis,,,,2019/2023,primary,2.0,4.524
SAMEA120406935,PRJEB97686,,,adult,,,US,transplant_or_immunocompromised,allogeneic hematopoietic cell transplantation (allo-HCT) recipients undergoing GVHD prophylaxis,,,,2019/2023,primary,2.0,4.926
SAMEA120406936,PRJEB97686,,,adult,,,US,transplant_or_immunocompromised,allogeneic hematopoietic cell transplantation (allo-HCT) recipients undergoing GVHD prophylaxis,,,,2019/2023,primary,2.0,4.206
SAMEA120406937,PRJEB97686,,,adult,,,US,transplant_or_immunocompromised,allogeneic hematopoietic cell transplantation (allo-HCT) recipients undergoing GVHD prophylaxis,,,,2019/2023,primary,2.0,4.858
SAMEA120406938,PRJEB97686,,,adult,,,US,transplant_or_immunocompromised,allogeneic hematopoietic cell transplantation (allo-HCT) recipients undergoing GVHD prophylaxis,,,,2019/2023,primary,2.0,4.508
SAMEA120406939,PRJEB97686,,,adult,,,US,transplant_or_immunocompromised,allogeneic hematopoietic cell transplantation (allo-HCT) recipients undergoing GVHD prophylaxis,,,,2019/2023,primary,2.0,4.495
SAMEA120406940,PRJEB97686,,,adult,,,US,transplant_or_immunocompromised,allogeneic hematopoietic cell transplantation (allo-HCT) recipients undergoing GVHD prophylaxis,,,,2019/2023,primary,2.0,4.339
SAMEA120406941,PRJEB97686,,,adult,,,US,transplant_or_immunocompromised,allogeneic hematopoietic cell transplantation (allo-HCT) recipients undergoing GVHD prophylaxis,,,,2019/2023,primary,2.0,3.927
SAMEA120406942,PRJEB97686,,,adult,,,US,transplant_or_immunocompromised,allogeneic hematopoietic cell transplantation (allo-HCT) recipients undergoing GVHD prophylaxis,,,,2019/2023,primary,2.0,4.51
SAMEA120406943,PRJEB97686,,,adult,,,US,transplant_or_immunocompromised,allogeneic hematopoietic cell transplantation (allo-HCT) recipients undergoing GVHD prophylaxis,,,,2019/2023,primary,2.0,3.848
SAMEA120406944,PRJEB97686,,,adult,,,US,transplant_or_immunocompromised,allogeneic hematopoietic cell transplantation (allo-HCT) recipients undergoing GVHD prophylaxis,,,,2019/2023,primary,1.0,4.326
SAMEA120406945,PRJEB97686,,,adult,,,US,transplant_or_immunocompromised,allogeneic hematopoietic cell transplantation (allo-HCT) recipients undergoing GVHD prophylaxis,,,,2019/2023,primary,2.0,2.213
SAMEA120406946,PRJEB97686,,,adult,,,US,transplant_or_immunocompromised,allogeneic hematopoietic cell transplantation (allo-HCT) recipients undergoing GVHD prophylaxis,,,,2019/2023,primary,2.0,4.324
SAMEA120406947,PRJEB97686,,,adult,,,US,transplant_or_immunocompromised,allogeneic hematopoietic cell transplantation (allo-HCT) recipients undergoing GVHD prophylaxis,,,,2019/2023,primary,2.0,4.154
SAMEA120406948,PRJEB97686,,,adult,,,US,transplant_or_immunocompromised,allogeneic hematopoietic cell transplantation (allo-HCT) recipients undergoing GVHD prophylaxis,,,,2019/2023,primary,2.0,3.976
SAMEA120406949,PRJEB97686,,,adult,,,US,transplant_or_immunocompromised,allogeneic hematopoietic cell transplantation (allo-HCT) recipients undergoing GVHD prophylaxis,,,,2019/2023,primary,2.0,4.214
SAMEA120406950,PRJEB97686,,,adult,,,US,transplant_or_immunocompromised,allogeneic hematopoietic cell transplantation (allo-HCT) recipients undergoing GVHD prophylaxis,,,,2019/2023,primary,2.0,4.625
SAMEA120406951,PRJEB97686,,,adult,,,US,transplant_or_immunocompromised,allogeneic hematopoietic cell transplantation (allo-HCT) recipients undergoing GVHD prophylaxis,,,,2019/2023,primary,1.0,4.243
SAMEA120406952,PRJEB97686,,,adult,,,US,transplant_or_immunocompromised,allogeneic hematopoietic cell transplantation (allo-HCT) recipients undergoing GVHD prophylaxis,,,,2019/2023,primary,2.0,4.706
SAMEA120406953,PRJEB97686,,,adult,,,US,transplant_or_immunocompromised,allogeneic hematopoietic cell transplantation (allo-HCT) recipients undergoing GVHD prophylaxis,,,,2019/2023,primary,1.0,4.455
SAMEA120406954,PRJEB97686,,,adult,,,US,transplant_or_immunocompromised,allogeneic hematopoietic cell transplantation (allo-HCT) recipients undergoing GVHD prophylaxis,,,,2019/2023,primary,2.0,4.113
SAMEA120406955,PRJEB97686,,,adult,,,US,transplant_or_immunocompromised,allogeneic hematopoietic cell transplantation (allo-HCT) recipients undergoing GVHD prophylaxis,,,,2019/2023,primary,2.0,4.397
SAMEA120406956,PRJEB97686,,,adult,,,US,transplant_or_immunocompromised,allogeneic hematopoietic cell transplantation (allo-HCT) recipients undergoing GVHD prophylaxis,,,,2019/2023,primary,2.0,4.107
SAMEA120406957,PRJEB97686,,,adult,,,US,transplant_or_immunocompromised,allogeneic hematopoietic cell transplantation (allo-HCT) recipients undergoing GVHD prophylaxis,,,,2019/2023,primary,2.0,4.053
SAMEA120406958,PRJEB97686,,,adult,,,US,transplant_or_immunocompromised,allogeneic hematopoietic cell transplantation (allo-HCT) recipients undergoing GVHD prophylaxis,,,,2019/2023,primary,2.0,6.087
SAMEA120406959,PRJEB97686,,,adult,,,US,transplant_or_immunocompromised,allogeneic hematopoietic cell transplantation (allo-HCT) recipients undergoing GVHD prophylaxis,,,,2019/2023,primary,2.0,3.745
SAMEA120406960,PRJEB97686,,,adult,,,US,transplant_or_immunocompromised,allogeneic hematopoietic cell transplantation (allo-HCT) recipients undergoing GVHD prophylaxis,,,,2019/2023,primary,2.0,10.387
SAMEA120406961,PRJEB97686,,,adult,,,US,transplant_or_immunocompromised,allogeneic hematopoietic cell transplantation (allo-HCT) recipients undergoing GVHD prophylaxis,,,,2019/2023,primary,2.0,4.711
SAMEA120406962,PRJEB97686,,,adult,,,US,transplant_or_immunocompromised,allogeneic hematopoietic cell transplantation (allo-HCT) recipients undergoing GVHD prophylaxis,,,,2019/2023,primary,2.0,5.147
SAMEA120406963,PRJEB97686,,,adult,,,US,transplant_or_immunocompromised,allogeneic hematopoietic cell transplantation (allo-HCT) recipients undergoing GVHD prophylaxis,,,,2019/2023,primary,2.0,4.117
SAMEA120406964,PRJEB97686,,,adult,,,US,transplant_or_immunocompromised,allogeneic hematopoietic cell transplantation (allo-HCT) recipients undergoing GVHD prophylaxis,,,,2019/2023,primary,2.0,4.166
SAMEA120406965,PRJEB97686,,,adult,,,US,transplant_or_immunocompromised,allogeneic hematopoietic cell transplantation (allo-HCT) recipients undergoing GVHD prophylaxis,,,,2019/2023,primary,2.0,4.325
SAMEA120406966,PRJEB97686,,,adult,,,US,transplant_or_immunocompromised,allogeneic hematopoietic cell transplantation (allo-HCT) recipients undergoing GVHD prophylaxis,,,,2019/2023,primary,2.0,3.943
SAMEA120406967,PRJEB97686,,,adult,,,US,transplant_or_immunocompromised,allogeneic hematopoietic cell transplantation (allo-HCT) recipients undergoing GVHD prophylaxis,,,,2019/2023,primary,2.0,4.086
SAMEA120406968,PRJEB97686,,,adult,,,US,transplant_or_immunocompromised,allogeneic hematopoietic cell transplantation (allo-HCT) recipients undergoing GVHD prophylaxis,,,,2019/2023,primary,2.0,4.739
SAMEA120406969,PRJEB97686,,,adult,,,US,transplant_or_immunocompromised,allogeneic hematopoietic cell transplantation (allo-HCT) recipients undergoing GVHD prophylaxis,,,,2019/2023,primary,2.0,5.031
SAMEA120406970,PRJEB97686,,,adult,,,US,transplant_or_immunocompromised,allogeneic hematopoietic cell transplantation (allo-HCT) recipients undergoing GVHD prophylaxis,,,,2019/2023,primary,1.0,3.929
SAMEA120406971,PRJEB97686,,,adult,,,US,transplant_or_immunocompromised,allogeneic hematopoietic cell transplantation (allo-HCT) recipients undergoing GVHD prophylaxis,,,,2019/2023,primary,2.0,6.175
SAMEA120406972,PRJEB97686,,,adult,,,US,transplant_or_immunocompromised,allogeneic hematopoietic cell transplantation (allo-HCT) recipients undergoing GVHD prophylaxis,,,,2019/2023,primary,2.0,4.303
SAMEA120406973,PRJEB97686,,,adult,,,US,transplant_or_immunocompromised,allogeneic hematopoietic cell transplantation (allo-HCT) recipients undergoing GVHD prophylaxis,,,,2019/2023,primary,2.0,4.567
SAMEA120406974,PRJEB97686,,,adult,,,US,transplant_or_immunocompromised,allogeneic hematopoietic cell transplantation (allo-HCT) recipients undergoing GVHD prophylaxis,,,,2019/2023,primary,2.0,6.312
SAMEA120406975,PRJEB97686,,,adult,,,US,transplant_or_immunocompromised,allogeneic hematopoietic cell transplantation (allo-HCT) recipients undergoing GVHD prophylaxis,,,,2019/2023,primary,2.0,4.42
SAMEA120406976,PRJEB97686,,,adult,,,US,transplant_or_immunocompromised,allogeneic hematopoietic cell transplantation (allo-HCT) recipients undergoing GVHD prophylaxis,,,,2019/2023,primary,2.0,5.028
SAMEA120406977,PRJEB97686,,,adult,,,US,transplant_or_immunocompromised,allogeneic hematopoietic cell transplantation (allo-HCT) recipients undergoing GVHD prophylaxis,,,,2019/2023,primary,2.0,4.524
SAMEA120406978,PRJEB97686,,,adult,,,US,transplant_or_immunocompromised,allogeneic hematopoietic cell transplantation (allo-HCT) recipients undergoing GVHD prophylaxis,,,,2019/2023,primary,2.0,4.001
SAMEA120406979,PRJEB97686,,,adult,,,US,transplant_or_immunocompromised,allogeneic hematopoietic cell transplantation (allo-HCT) recipients undergoing GVHD prophylaxis,,,,2019/2023,primary,2.0,4.116
SAMEA120406980,PRJEB97686,,,adult,,,US,transplant_or_immunocompromised,allogeneic hematopoietic cell transplantation (allo-HCT) recipients undergoing GVHD prophylaxis,,,,2019/2023,primary,2.0,3.724
SAMEA120406981,PRJEB97686,,,adult,,,US,transplant_or_immunocompromised,allogeneic hematopoietic cell transplantation (allo-HCT) recipients undergoing GVHD prophylaxis,,,,2019/2023,primary,2.0,4.292
SAMEA120406982,PRJEB97686,,,adult,,,US,transplant_or_immunocompromised,allogeneic hematopoietic cell transplantation (allo-HCT) recipients undergoing GVHD prophylaxis,,,,2019/2023,primary,2.0,5.145
SAMEA120406983,PRJEB97686,,,adult,,,US,transplant_or_immunocompromised,allogeneic hematopoietic cell transplantation (allo-HCT) recipients undergoing GVHD prophylaxis,,,,2019/2023,primary,2.0,11.193
SAMEA120406984,PRJEB97686,,,adult,,,US,transplant_or_immunocompromised,allogeneic hematopoietic cell transplantation (allo-HCT) recipients undergoing GVHD prophylaxis,,,,2019/2023,primary,2.0,4.47
SAMEA120406985,PRJEB97686,,,adult,,,US,transplant_or_immunocompromised,allogeneic hematopoietic cell transplantation (allo-HCT) recipients undergoing GVHD prophylaxis,,,,2019/2023,primary,2.0,4.698
SAMEA120406986,PRJEB97686,,,adult,,,US,transplant_or_immunocompromised,allogeneic hematopoietic cell transplantation (allo-HCT) recipients undergoing GVHD prophylaxis,,,,2019/2023,primary,2.0,4.461
SAMEA120406987,PRJEB97686,,,adult,,,US,transplant_or_immunocompromised,allogeneic hematopoietic cell transplantation (allo-HCT) recipients undergoing GVHD prophylaxis,,,,2019/2023,primary,2.0,4.108
SAMEA120406988,PRJEB97686,,,adult,,,US,transplant_or_immunocompromised,allogeneic hematopoietic cell transplantation (allo-HCT) recipients undergoing GVHD prophylaxis,,,,2019/2023,primary,2.0,4.176
SAMEA120406989,PRJEB97686,,,adult,,,US,transplant_or_immunocompromised,allogeneic hematopoietic cell transplantation (allo-HCT) recipients undergoing GVHD prophylaxis,,,,2019/2023,primary,2.0,4.24
SAMEA120406990,PRJEB97686,,,adult,,,US,transplant_or_immunocompromised,allogeneic hematopoietic cell transplantation (allo-HCT) recipients undergoing GVHD prophylaxis,,,,2019/2023,primary,2.0,4.232
SAMEA120406991,PRJEB97686,,,adult,,,US,transplant_or_immunocompromised,allogeneic hematopoietic cell transplantation (allo-HCT) recipients undergoing GVHD prophylaxis,,,,2019/2023,primary,2.0,4.11
SAMEA120406992,PRJEB97686,,,adult,,,US,transplant_or_immunocompromised,allogeneic hematopoietic cell transplantation (allo-HCT) recipients undergoing GVHD prophylaxis,,,,2019/2023,primary,2.0,4.349
SAMEA120406993,PRJEB97686,,,adult,,,US,transplant_or_immunocompromised,allogeneic hematopoietic cell transplantation (allo-HCT) recipients undergoing GVHD prophylaxis,,,,2019/2023,primary,2.0,3.949
SAMEA120406994,PRJEB97686,,,adult,,,US,transplant_or_immunocompromised,allogeneic hematopoietic cell transplantation (allo-HCT) recipients undergoing GVHD prophylaxis,,,,2019/2023,primary,2.0,4.353
SAMEA120406995,PRJEB97686,,,adult,,,US,transplant_or_immunocompromised,allogeneic hematopoietic cell transplantation (allo-HCT) recipients undergoing GVHD prophylaxis,,,,2019/2023,primary,2.0,4.201
SAMEA120406996,PRJEB97686,,,adult,,,US,transplant_or_immunocompromised,allogeneic hematopoietic cell transplantation (allo-HCT) recipients undergoing GVHD prophylaxis,,,,2019/2023,primary,2.0,4.251
SAMEA120406997,PRJEB97686,,,adult,,,US,transplant_or_immunocompromised,allogeneic hematopoietic cell transplantation (allo-HCT) recipients undergoing GVHD prophylaxis,,,,2019/2023,primary,2.0,4.064
SAMEA120406998,PRJEB97686,,,adult,,,US,transplant_or_immunocompromised,allogeneic hematopoietic cell transplantation (allo-HCT) recipients undergoing GVHD prophylaxis,,,,2019/2023,primary,2.0,4.885
SAMEA120406999,PRJEB97686,,,adult,,,US,transplant_or_immunocompromised,allogeneic hematopoietic cell transplantation (allo-HCT) recipients undergoing GVHD prophylaxis,,,,2019/2023,primary,2.0,4.171
SAMEA120407000,PRJEB97686,,,adult,,,US,transplant_or_immunocompromised,allogeneic hematopoietic cell transplantation (allo-HCT) recipients undergoing GVHD prophylaxis,,,,2019/2023,primary,2.0,4.17
SAMEA120407001,PRJEB97686,,,adult,,,US,transplant_or_immunocompromised,allogeneic hematopoietic cell transplantation (allo-HCT) recipients undergoing GVHD prophylaxis,,,,2019/2023,primary,2.0,4.208
SAMEA120407002,PRJEB97686,,,adult,,,US,transplant_or_immunocompromised,allogeneic hematopoietic cell transplantation (allo-HCT) recipients undergoing GVHD prophylaxis,,,,2019/2023,primary,1.0,4.263
SAMEA120407003,PRJEB97686,,,adult,,,US,transplant_or_immunocompromised,allogeneic hematopoietic cell transplantation (allo-HCT) recipients undergoing GVHD prophylaxis,,,,2019/2023,primary,2.0,4.189
SAMEA120407004,PRJEB97686,,,adult,,,US,transplant_or_immunocompromised,allogeneic hematopoietic cell transplantation (allo-HCT) recipients undergoing GVHD prophylaxis,,,,2019/2023,primary,2.0,4.223
SAMEA120407005,PRJEB97686,,,adult,,,US,transplant_or_immunocompromised,allogeneic hematopoietic cell transplantation (allo-HCT) recipients undergoing GVHD prophylaxis,,,,2019/2023,primary,2.0,4.576
SAMEA120407006,PRJEB97686,,,adult,,,US,transplant_or_immunocompromised,allogeneic hematopoietic cell transplantation (allo-HCT) recipients undergoing GVHD prophylaxis,,,,2019/2023,primary,2.0,4.114
SAMEA120407007,PRJEB97686,,,adult,,,US,transplant_or_immunocompromised,allogeneic hematopoietic cell transplantation (allo-HCT) recipients undergoing GVHD prophylaxis,,,,2019/2023,primary,2.0,4.378
SAMEA120407008,PRJEB97686,,,adult,,,US,transplant_or_immunocompromised,allogeneic hematopoietic cell transplantation (allo-HCT) recipients undergoing GVHD prophylaxis,,,,2019/2023,primary,2.0,4.442
SAMEA120407009,PRJEB97686,,,adult,,,US,transplant_or_immunocompromised,allogeneic hematopoietic cell transplantation (allo-HCT) recipients undergoing GVHD prophylaxis,,,,2019/2023,primary,1.0,0.005
SAMEA120407010,PRJEB97686,,,adult,,,US,transplant_or_immunocompromised,allogeneic hematopoietic cell transplantation (allo-HCT) recipients undergoing GVHD prophylaxis,,,,2019/2023,primary,2.0,4.975
SAMEA120407011,PRJEB97686,,,adult,,,US,transplant_or_immunocompromised,allogeneic hematopoietic cell transplantation (allo-HCT) recipients undergoing GVHD prophylaxis,,,,2019/2023,primary,2.0,4.777
SAMEA120407012,PRJEB97686,,,adult,,,US,transplant_or_immunocompromised,allogeneic hematopoietic cell transplantation (allo-HCT) recipients undergoing GVHD prophylaxis,,,,2019/2023,primary,2.0,4.222
SAMEA120407013,PRJEB97686,,,adult,,,US,transplant_or_immunocompromised,allogeneic hematopoietic cell transplantation (allo-HCT) recipients undergoing GVHD prophylaxis,,,,2019/2023,primary,2.0,4.363
SAMEA120407014,PRJEB97686,,,adult,,,US,transplant_or_immunocompromised,allogeneic hematopoietic cell transplantation (allo-HCT) recipients undergoing GVHD prophylaxis,,,,2019/2023,primary,2.0,4.667
SAMEA120407015,PRJEB97686,,,adult,,,US,transplant_or_immunocompromised,allogeneic hematopoietic cell transplantation (allo-HCT) recipients undergoing GVHD prophylaxis,,,,2019/2023,primary,2.0,4.113
SAMEA120407016,PRJEB97686,,,adult,,,US,transplant_or_immunocompromised,allogeneic hematopoietic cell transplantation (allo-HCT) recipients undergoing GVHD prophylaxis,,,,2019/2023,primary,2.0,4.131
SAMEA120407017,PRJEB97686,,,adult,,,US,transplant_or_immunocompromised,allogeneic hematopoietic cell transplantation (allo-HCT) recipients undergoing GVHD prophylaxis,,,,2019/2023,primary,2.0,4.629
SAMEA120407018,PRJEB97686,,,adult,,,US,transplant_or_immunocompromised,allogeneic hematopoietic cell transplantation (allo-HCT) recipients undergoing GVHD prophylaxis,,,,2019/2023,primary,2.0,4.281
SAMEA120407019,PRJEB97686,,,adult,,,US,transplant_or_immunocompromised,allogeneic hematopoietic cell transplantation (allo-HCT) recipients undergoing GVHD prophylaxis,,,,2019/2023,primary,2.0,4.013
SAMEA120407020,PRJEB97686,,,adult,,,US,transplant_or_immunocompromised,allogeneic hematopoietic cell transplantation (allo-HCT) recipients undergoing GVHD prophylaxis,,,,2019/2023,primary,2.0,4.262
SAMEA120407021,PRJEB97686,,,adult,,,US,transplant_or_immunocompromised,allogeneic hematopoietic cell transplantation (allo-HCT) recipients undergoing GVHD prophylaxis,,,,2019/2023,primary,2.0,4.501
SAMEA120407022,PRJEB97686,,,adult,,,US,transplant_or_immunocompromised,allogeneic hematopoietic cell transplantation (allo-HCT) recipients undergoing GVHD prophylaxis,,,,2019/2023,primary,2.0,4.548
SAMEA120407023,PRJEB97686,,,adult,,,US,transplant_or_immunocompromised,allogeneic hematopoietic cell transplantation (allo-HCT) recipients undergoing GVHD prophylaxis,,,,2019/2023,primary,2.0,4.308
SAMEA120407024,PRJEB97686,,,adult,,,US,transplant_or_immunocompromised,allogeneic hematopoietic cell transplantation (allo-HCT) recipients undergoing GVHD prophylaxis,,,,2019/2023,primary,2.0,4.771
SAMEA120407025,PRJEB97686,,,adult,,,US,transplant_or_immunocompromised,allogeneic hematopoietic cell transplantation (allo-HCT) recipients undergoing GVHD prophylaxis,,,,2019/2023,primary,2.0,5.3
SAMEA120407026,PRJEB97686,,,adult,,,US,transplant_or_immunocompromised,allogeneic hematopoietic cell transplantation (allo-HCT) recipients undergoing GVHD prophylaxis,,,,2019/2023,primary,2.0,4.576
SAMEA120407027,PRJEB97686,,,adult,,,US,transplant_or_immunocompromised,allogeneic hematopoietic cell transplantation (allo-HCT) recipients undergoing GVHD prophylaxis,,,,2019/2023,primary,2.0,4.456
SAMEA120407028,PRJEB97686,,,adult,,,US,transplant_or_immunocompromised,allogeneic hematopoietic cell transplantation (allo-HCT) recipients undergoing GVHD prophylaxis,,,,2019/2023,primary,2.0,4.914
SAMEA120407029,PRJEB97686,,,adult,,,US,transplant_or_immunocompromised,allogeneic hematopoietic cell transplantation (allo-HCT) recipients undergoing GVHD prophylaxis,,,,2019/2023,primary,2.0,4.047
SAMEA120407030,PRJEB97686,,,adult,,,US,transplant_or_immunocompromised,allogeneic hematopoietic cell transplantation (allo-HCT) recipients undergoing GVHD prophylaxis,,,,2019/2023,primary,2.0,1.256
SAMEA120407031,PRJEB97686,,,adult,,,US,transplant_or_immunocompromised,allogeneic hematopoietic cell transplantation (allo-HCT) recipients undergoing GVHD prophylaxis,,,,2019/2023,primary,2.0,4.182
SAMEA120407032,PRJEB97686,,,adult,,,US,transplant_or_immunocompromised,allogeneic hematopoietic cell transplantation (allo-HCT) recipients undergoing GVHD prophylaxis,,,,2019/2023,primary,2.0,4.217
SAMEA120407033,PRJEB97686,,,adult,,,US,transplant_or_immunocompromised,allogeneic hematopoietic cell transplantation (allo-HCT) recipients undergoing GVHD prophylaxis,,,,2019/2023,primary,2.0,4.062
SAMEA120407034,PRJEB97686,,,adult,,,US,transplant_or_immunocompromised,allogeneic hematopoietic cell transplantation (allo-HCT) recipients undergoing GVHD prophylaxis,,,,2019/2023,primary,2.0,4.342
SAMEA120407035,PRJEB97686,,,adult,,,US,transplant_or_immunocompromised,allogeneic hematopoietic cell transplantation (allo-HCT) recipients undergoing GVHD prophylaxis,,,,2019/2023,primary,2.0,3.405
SAMEA120407036,PRJEB97686,,,adult,,,US,transplant_or_immunocompromised,allogeneic hematopoietic cell transplantation (allo-HCT) recipients undergoing GVHD prophylaxis,,,,2019/2023,primary,2.0,5.703
SAMEA120407037,PRJEB97686,,,adult,,,US,transplant_or_immunocompromised,allogeneic hematopoietic cell transplantation (allo-HCT) recipients undergoing GVHD prophylaxis,,,,2019/2023,primary,2.0,3.917
SAMEA120407038,PRJEB97686,,,adult,,,US,transplant_or_immunocompromised,allogeneic hematopoietic cell transplantation (allo-HCT) recipients undergoing GVHD prophylaxis,,,,2019/2023,primary,2.0,5.122
SAMEA120407039,PRJEB97686,,,adult,,,US,transplant_or_immunocompromised,allogeneic hematopoietic cell transplantation (allo-HCT) recipients undergoing GVHD prophylaxis,,,,2019/2023,primary,2.0,4.768
SAMEA120407040,PRJEB97686,,,adult,,,US,transplant_or_immunocompromised,allogeneic hematopoietic cell transplantation (allo-HCT) recipients undergoing GVHD prophylaxis,,,,2019/2023,primary,2.0,4.767
SAMEA120407041,PRJEB97686,,,adult,,,US,transplant_or_immunocompromised,allogeneic hematopoietic cell transplantation (allo-HCT) recipients undergoing GVHD prophylaxis,,,,2019/2023,primary,2.0,3.983
SAMEA120407042,PRJEB97686,,,adult,,,US,transplant_or_immunocompromised,allogeneic hematopoietic cell transplantation (allo-HCT) recipients undergoing GVHD prophylaxis,,,,2019/2023,primary,2.0,4.752
SAMEA120407043,PRJEB97686,,,adult,,,US,transplant_or_immunocompromised,allogeneic hematopoietic cell transplantation (allo-HCT) recipients undergoing GVHD prophylaxis,,,,2019/2023,primary,2.0,5.203
SAMEA120407044,PRJEB97686,,,adult,,,US,transplant_or_immunocompromised,allogeneic hematopoietic cell transplantation (allo-HCT) recipients undergoing GVHD prophylaxis,,,,2019/2023,primary,2.0,4.621
SAMEA120407045,PRJEB97686,,,adult,,,US,transplant_or_immunocompromised,allogeneic hematopoietic cell transplantation (allo-HCT) recipients undergoing GVHD prophylaxis,,,,2019/2023,primary,2.0,4.357
SAMEA120407046,PRJEB97686,,,adult,,,US,transplant_or_immunocompromised,allogeneic hematopoietic cell transplantation (allo-HCT) recipients undergoing GVHD prophylaxis,,,,2019/2023,primary,2.0,4.466
SAMEA120407047,PRJEB97686,,,adult,,,US,transplant_or_immunocompromised,allogeneic hematopoietic cell transplantation (allo-HCT) recipients undergoing GVHD prophylaxis,,,,2019/2023,primary,2.0,4.19
SAMEA120407048,PRJEB97686,,,adult,,,US,transplant_or_immunocompromised,allogeneic hematopoietic cell transplantation (allo-HCT) recipients undergoing GVHD prophylaxis,,,,2019/2023,primary,2.0,4.625
SAMEA120407049,PRJEB97686,,,adult,,,US,transplant_or_immunocompromised,allogeneic hematopoietic cell transplantation (allo-HCT) recipients undergoing GVHD prophylaxis,,,,2019/2023,primary,2.0,4.207
SAMEA120407050,PRJEB97686,,,adult,,,US,transplant_or_immunocompromised,allogeneic hematopoietic cell transplantation (allo-HCT) recipients undergoing GVHD prophylaxis,,,,2019/2023,primary,2.0,4.508
SAMEA120407051,PRJEB97686,,,adult,,,US,transplant_or_immunocompromised,allogeneic hematopoietic cell transplantation (allo-HCT) recipients undergoing GVHD prophylaxis,,,,2019/2023,primary,2.0,4.701
SAMEA120407052,PRJEB97686,,,adult,,,US,transplant_or_immunocompromised,allogeneic hematopoietic cell transplantation (allo-HCT) recipients undergoing GVHD prophylaxis,,,,2019/2023,primary,2.0,4.633
SAMEA120407053,PRJEB97686,,,adult,,,US,transplant_or_immunocompromised,allogeneic hematopoietic cell transplantation (allo-HCT) recipients undergoing GVHD prophylaxis,,,,2019/2023,primary,2.0,4.373
SAMEA120407054,PRJEB97686,,,adult,,,US,transplant_or_immunocompromised,allogeneic hematopoietic cell transplantation (allo-HCT) recipients undergoing GVHD prophylaxis,,,,2019/2023,primary,2.0,4.357
SAMEA120407055,PRJEB97686,,,adult,,,US,transplant_or_immunocompromised,allogeneic hematopoietic cell transplantation (allo-HCT) recipients undergoing GVHD prophylaxis,,,,2019/2023,primary,2.0,4.41
SAMEA120407056,PRJEB97686,,,adult,,,US,transplant_or_immunocompromised,allogeneic hematopoietic cell transplantation (allo-HCT) recipients undergoing GVHD prophylaxis,,,,2019/2023,primary,2.0,5.254
SAMEA120407057,PRJEB97686,,,adult,,,US,transplant_or_immunocompromised,allogeneic hematopoietic cell transplantation (allo-HCT) recipients undergoing GVHD prophylaxis,,,,2019/2023,primary,2.0,4.451
SAMEA120407058,PRJEB97686,,,adult,,,US,transplant_or_immunocompromised,allogeneic hematopoietic cell transplantation (allo-HCT) recipients undergoing GVHD prophylaxis,,,,2019/2023,primary,2.0,5.151
SAMEA120407059,PRJEB97686,,,adult,,,US,transplant_or_immunocompromised,allogeneic hematopoietic cell transplantation (allo-HCT) recipients undergoing GVHD prophylaxis,,,,2019/2023,primary,2.0,4.61
SAMEA120407060,PRJEB97686,,,adult,,,US,transplant_or_immunocompromised,allogeneic hematopoietic cell transplantation (allo-HCT) recipients undergoing GVHD prophylaxis,,,,2019/2023,primary,2.0,4.332
SAMEA120407061,PRJEB97686,,,adult,,,US,transplant_or_immunocompromised,allogeneic hematopoietic cell transplantation (allo-HCT) recipients undergoing GVHD prophylaxis,,,,2019/2023,primary,2.0,4.692
SAMEA120407062,PRJEB97686,,,adult,,,US,transplant_or_immunocompromised,allogeneic hematopoietic cell transplantation (allo-HCT) recipients undergoing GVHD prophylaxis,,,,2019/2023,primary,2.0,4.63
SAMEA120407063,PRJEB97686,,,adult,,,US,transplant_or_immunocompromised,allogeneic hematopoietic cell transplantation (allo-HCT) recipients undergoing GVHD prophylaxis,,,,2019/2023,primary,2.0,4.595
SAMEA120407064,PRJEB97686,,,adult,,,US,transplant_or_immunocompromised,allogeneic hematopoietic cell transplantation (allo-HCT) recipients undergoing GVHD prophylaxis,,,,2019/2023,primary,2.0,4.784
SAMEA120407065,PRJEB97686,,,adult,,,US,transplant_or_immunocompromised,allogeneic hematopoietic cell transplantation (allo-HCT) recipients undergoing GVHD prophylaxis,,,,2019/2023,primary,2.0,4.086
SAMEA120407066,PRJEB97686,,,adult,,,US,transplant_or_immunocompromised,allogeneic hematopoietic cell transplantation (allo-HCT) recipients undergoing GVHD prophylaxis,,,,2019/2023,primary,2.0,4.613
SAMEA120407067,PRJEB97686,,,adult,,,US,transplant_or_immunocompromised,allogeneic hematopoietic cell transplantation (allo-HCT) recipients undergoing GVHD prophylaxis,,,,2019/2023,primary,2.0,4.457
SAMEA120407068,PRJEB97686,,,adult,,,US,transplant_or_immunocompromised,allogeneic hematopoietic cell transplantation (allo-HCT) recipients undergoing GVHD prophylaxis,,,,2019/2023,primary,2.0,4.519
SAMEA120407069,PRJEB97686,,,adult,,,US,transplant_or_immunocompromised,allogeneic hematopoietic cell transplantation (allo-HCT) recipients undergoing GVHD prophylaxis,,,,2019/2023,primary,2.0,4.688
SAMEA120407070,PRJEB97686,,,adult,,,US,transplant_or_immunocompromised,allogeneic hematopoietic cell transplantation (allo-HCT) recipients undergoing GVHD prophylaxis,,,,2019/2023,primary,2.0,4.484
SAMEA120407071,PRJEB97686,,,adult,,,US,transplant_or_immunocompromised,allogeneic hematopoietic cell transplantation (allo-HCT) recipients undergoing GVHD prophylaxis,,,,2019/2023,primary,2.0,4.494
SAMEA120407072,PRJEB97686,,,adult,,,US,transplant_or_immunocompromised,allogeneic hematopoietic cell transplantation (allo-HCT) recipients undergoing GVHD prophylaxis,,,,2019/2023,primary,2.0,4.458
SAMEA120407073,PRJEB97686,,,adult,,,US,transplant_or_immunocompromised,allogeneic hematopoietic cell transplantation (allo-HCT) recipients undergoing GVHD prophylaxis,,,,2019/2023,primary,2.0,5.172
SAMEA120407074,PRJEB97686,,,adult,,,US,transplant_or_immunocompromised,allogeneic hematopoietic cell transplantation (allo-HCT) recipients undergoing GVHD prophylaxis,,,,2019/2023,primary,2.0,4.442
SAMEA120407075,PRJEB97686,,,adult,,,US,transplant_or_immunocompromised,allogeneic hematopoietic cell transplantation (allo-HCT) recipients undergoing GVHD prophylaxis,,,,2019/2023,primary,2.0,4.561
SAMEA120407076,PRJEB97686,,,adult,,,US,transplant_or_immunocompromised,allogeneic hematopoietic cell transplantation (allo-HCT) recipients undergoing GVHD prophylaxis,,,,2019/2023,primary,2.0,4.681
SAMEA120407077,PRJEB97686,,,adult,,,US,transplant_or_immunocompromised,allogeneic hematopoietic cell transplantation (allo-HCT) recipients undergoing GVHD prophylaxis,,,,2019/2023,primary,2.0,4.724
SAMEA120407078,PRJEB97686,,,adult,,,US,transplant_or_immunocompromised,allogeneic hematopoietic cell transplantation (allo-HCT) recipients undergoing GVHD prophylaxis,,,,2019/2023,primary,2.0,4.62
SAMEA120407079,PRJEB97686,,,adult,,,US,transplant_or_immunocompromised,allogeneic hematopoietic cell transplantation (allo-HCT) recipients undergoing GVHD prophylaxis,,,,2019/2023,primary,2.0,4.711
SAMEA120407080,PRJEB97686,,,adult,,,US,transplant_or_immunocompromised,allogeneic hematopoietic cell transplantation (allo-HCT) recipients undergoing GVHD prophylaxis,,,,2019/2023,primary,2.0,5.423
SAMEA120407081,PRJEB97686,,,adult,,,US,transplant_or_immunocompromised,allogeneic hematopoietic cell transplantation (allo-HCT) recipients undergoing GVHD prophylaxis,,,,2019/2023,primary,2.0,5.183
SAMEA120407082,PRJEB97686,,,adult,,,US,transplant_or_immunocompromised,allogeneic hematopoietic cell transplantation (allo-HCT) recipients undergoing GVHD prophylaxis,,,,2019/2023,primary,2.0,4.993
SAMEA120407083,PRJEB97686,,,adult,,,US,transplant_or_immunocompromised,allogeneic hematopoietic cell transplantation (allo-HCT) recipients undergoing GVHD prophylaxis,,,,2019/2023,primary,2.0,4.119
SAMEA120407084,PRJEB97686,,,adult,,,US,transplant_or_immunocompromised,allogeneic hematopoietic cell transplantation (allo-HCT) recipients undergoing GVHD prophylaxis,,,,2019/2023,primary,2.0,3.497
SAMEA120407085,PRJEB97686,,,adult,,,US,transplant_or_immunocompromised,allogeneic hematopoietic cell transplantation (allo-HCT) recipients undergoing GVHD prophylaxis,,,,2019/2023,primary,2.0,4.148
SAMEA120407086,PRJEB97686,,,adult,,,US,transplant_or_immunocompromised,allogeneic hematopoietic cell transplantation (allo-HCT) recipients undergoing GVHD prophylaxis,,,,2019/2023,primary,2.0,4.012
SAMEA120407087,PRJEB97686,,,adult,,,US,transplant_or_immunocompromised,allogeneic hematopoietic cell transplantation (allo-HCT) recipients undergoing GVHD prophylaxis,,,,2019/2023,primary,2.0,3.865
SAMEA120407088,PRJEB97686,,,adult,,,US,transplant_or_immunocompromised,allogeneic hematopoietic cell transplantation (allo-HCT) recipients undergoing GVHD prophylaxis,,,,2019/2023,primary,2.0,4.412
SAMEA120407089,PRJEB97686,,,adult,,,US,transplant_or_immunocompromised,allogeneic hematopoietic cell transplantation (allo-HCT) recipients undergoing GVHD prophylaxis,,,,2019/2023,primary,2.0,4.125
SAMEA120407090,PRJEB97686,,,adult,,,US,transplant_or_immunocompromised,allogeneic hematopoietic cell transplantation (allo-HCT) recipients undergoing GVHD prophylaxis,,,,2019/2023,primary,2.0,3.621
SAMEA120407091,PRJEB97686,,,adult,,,US,transplant_or_immunocompromised,allogeneic hematopoietic cell transplantation (allo-HCT) recipients undergoing GVHD prophylaxis,,,,2019/2023,primary,2.0,5.057
SAMEA120407092,PRJEB97686,,,adult,,,US,transplant_or_immunocompromised,allogeneic hematopoietic cell transplantation (allo-HCT) recipients undergoing GVHD prophylaxis,,,,2019/2023,primary,2.0,4.222
SAMEA120407093,PRJEB97686,,,adult,,,US,transplant_or_immunocompromised,allogeneic hematopoietic cell transplantation (allo-HCT) recipients undergoing GVHD prophylaxis,,,,2019/2023,primary,2.0,4.005
SAMEA120407094,PRJEB97686,,,adult,,,US,transplant_or_immunocompromised,allogeneic hematopoietic cell transplantation (allo-HCT) recipients undergoing GVHD prophylaxis,,,,2019/2023,primary,2.0,4.721
SAMEA120407095,PRJEB97686,,,adult,,,US,transplant_or_immunocompromised,allogeneic hematopoietic cell transplantation (allo-HCT) recipients undergoing GVHD prophylaxis,,,,2019/2023,primary,2.0,3.561
SAMEA120407096,PRJEB97686,,,adult,,,US,transplant_or_immunocompromised,allogeneic hematopoietic cell transplantation (allo-HCT) recipients undergoing GVHD prophylaxis,,,,2019/2023,primary,2.0,1.568
SAMEA120407097,PRJEB97686,,,adult,,,US,transplant_or_immunocompromised,allogeneic hematopoietic cell transplantation (allo-HCT) recipients undergoing GVHD prophylaxis,,,,2019/2023,primary,1.0,0.861
SAMEA120407098,PRJEB97686,,,adult,,,US,transplant_or_immunocompromised,allogeneic hematopoietic cell transplantation (allo-HCT) recipients undergoing GVHD prophylaxis,,,,2019/2023,primary,2.0,4.028
SAMEA120407099,PRJEB97686,,,adult,,,US,transplant_or_immunocompromised,allogeneic hematopoietic cell transplantation (allo-HCT) recipients undergoing GVHD prophylaxis,,,,2019/2023,primary,2.0,3.884
SAMEA120407100,PRJEB97686,,,adult,,,US,transplant_or_immunocompromised,allogeneic hematopoietic cell transplantation (allo-HCT) recipients undergoing GVHD prophylaxis,,,,2019/2023,primary,2.0,4.07
SAMEA120407101,PRJEB97686,,,adult,,,US,transplant_or_immunocompromised,allogeneic hematopoietic cell transplantation (allo-HCT) recipients undergoing GVHD prophylaxis,,,,2019/2023,primary,2.0,2.626
SAMEA120407102,PRJEB97686,,,adult,,,US,transplant_or_immunocompromised,allogeneic hematopoietic cell transplantation (allo-HCT) recipients undergoing GVHD prophylaxis,,,,2019/2023,primary,2.0,4.611
SAMEA120407103,PRJEB97686,,,adult,,,US,transplant_or_immunocompromised,allogeneic hematopoietic cell transplantation (allo-HCT) recipients undergoing GVHD prophylaxis,,,,2019/2023,primary,2.0,3.977
SAMEA120407104,PRJEB97686,,,adult,,,US,transplant_or_immunocompromised,allogeneic hematopoietic cell transplantation (allo-HCT) recipients undergoing GVHD prophylaxis,,,,2019/2023,primary,2.0,4.297
SAMEA120407105,PRJEB97686,,,adult,,,US,transplant_or_immunocompromised,allogeneic hematopoietic cell transplantation (allo-HCT) recipients undergoing GVHD prophylaxis,,,,2019/2023,primary,1.0,0.007
SAMEA120407106,PRJEB97686,,,adult,,,US,transplant_or_immunocompromised,allogeneic hematopoietic cell transplantation (allo-HCT) recipients undergoing GVHD prophylaxis,,,,2019/2023,primary,2.0,3.953
SAMEA120407107,PRJEB97686,,,adult,,,US,transplant_or_immunocompromised,allogeneic hematopoietic cell transplantation (allo-HCT) recipients undergoing GVHD prophylaxis,,,,2019/2023,primary,2.0,4.334
SAMEA120407108,PRJEB97686,,,adult,,,US,transplant_or_immunocompromised,allogeneic hematopoietic cell transplantation (allo-HCT) recipients undergoing GVHD prophylaxis,,,,2019/2023,primary,1.0,1.183
SAMEA120407109,PRJEB97686,,,adult,,,US,transplant_or_immunocompromised,allogeneic hematopoietic cell transplantation (allo-HCT) recipients undergoing GVHD prophylaxis,,,,2019/2023,primary,1.0,0.27
SAMEA120407110,PRJEB97686,,,adult,,,US,transplant_or_immunocompromised,allogeneic hematopoietic cell transplantation (allo-HCT) recipients undergoing GVHD prophylaxis,,,,2019/2023,primary,2.0,4.673
SAMEA120407111,PRJEB97686,,,adult,,,US,transplant_or_immunocompromised,allogeneic hematopoietic cell transplantation (allo-HCT) recipients undergoing GVHD prophylaxis,,,,2019/2023,primary,2.0,4.59
SAMEA120407112,PRJEB97686,,,adult,,,US,transplant_or_immunocompromised,allogeneic hematopoietic cell transplantation (allo-HCT) recipients undergoing GVHD prophylaxis,,,,2019/2023,primary,2.0,5.012
SAMEA120407113,PRJEB97686,,,adult,,,US,transplant_or_immunocompromised,allogeneic hematopoietic cell transplantation (allo-HCT) recipients undergoing GVHD prophylaxis,,,,2019/2023,primary,2.0,1.032
SAMEA120407114,PRJEB97686,,,adult,,,US,transplant_or_immunocompromised,allogeneic hematopoietic cell transplantation (allo-HCT) recipients undergoing GVHD prophylaxis,,,,2019/2023,primary,2.0,4.732
SAMEA120407115,PRJEB97686,,,adult,,,US,transplant_or_immunocompromised,allogeneic hematopoietic cell transplantation (allo-HCT) recipients undergoing GVHD prophylaxis,,,,2019/2023,primary,1.0,2.235
SAMEA120407116,PRJEB97686,,,adult,,,US,transplant_or_immunocompromised,allogeneic hematopoietic cell transplantation (allo-HCT) recipients undergoing GVHD prophylaxis,,,,2019/2023,primary,2.0,4.469
SAMEA120407117,PRJEB97686,,,adult,,,US,transplant_or_immunocompromised,allogeneic hematopoietic cell transplantation (allo-HCT) recipients undergoing GVHD prophylaxis,,,,2019/2023,primary,2.0,6.075
SAMEA120407118,PRJEB97686,,,adult,,,US,transplant_or_immunocompromised,allogeneic hematopoietic cell transplantation (allo-HCT) recipients undergoing GVHD prophylaxis,,,,2019/2023,primary,1.0,1.935
SAMEA120407119,PRJEB97686,,,adult,,,US,transplant_or_immunocompromised,allogeneic hematopoietic cell transplantation (allo-HCT) recipients undergoing GVHD prophylaxis,,,,2019/2023,primary,1.0,0.503
SAMEA120407120,PRJEB97686,,,adult,,,US,transplant_or_immunocompromised,allogeneic hematopoietic cell transplantation (allo-HCT) recipients undergoing GVHD prophylaxis,,,,2019/2023,primary,1.0,0.073
SAMEA120407121,PRJEB97686,,,adult,,,US,transplant_or_immunocompromised,allogeneic hematopoietic cell transplantation (allo-HCT) recipients undergoing GVHD prophylaxis,,,,2019/2023,primary,2.0,7.875
SAMEA120407122,PRJEB97686,,,adult,,,US,transplant_or_immunocompromised,allogeneic hematopoietic cell transplantation (allo-HCT) recipients undergoing GVHD prophylaxis,,,,2019/2023,primary,1.0,4.139
SAMEA120407123,PRJEB97686,,,adult,,,US,transplant_or_immunocompromised,allogeneic hematopoietic cell transplantation (allo-HCT) recipients undergoing GVHD prophylaxis,,,,2019/2023,primary,2.0,5.232
SAMEA120407124,PRJEB97686,,,adult,,,US,transplant_or_immunocompromised,allogeneic hematopoietic cell transplantation (allo-HCT) recipients undergoing GVHD prophylaxis,,,,2019/2023,primary,2.0,4.178
SAMEA120407125,PRJEB97686,,,adult,,,US,transplant_or_immunocompromised,allogeneic hematopoietic cell transplantation (allo-HCT) recipients undergoing GVHD prophylaxis,,,,2019/2023,primary,2.0,4.229
SAMEA120407126,PRJEB97686,,,adult,,,US,transplant_or_immunocompromised,allogeneic hematopoietic cell transplantation (allo-HCT) recipients undergoing GVHD prophylaxis,,,,2019/2023,primary,2.0,4.732
SAMEA120407127,PRJEB97686,,,adult,,,US,transplant_or_immunocompromised,allogeneic hematopoietic cell transplantation (allo-HCT) recipients undergoing GVHD prophylaxis,,,,2019/2023,primary,1.0,4.223
SAMEA120407128,PRJEB97686,,,adult,,,US,transplant_or_immunocompromised,allogeneic hematopoietic cell transplantation (allo-HCT) recipients undergoing GVHD prophylaxis,,,,2019/2023,primary,1.0,4.599
SAMEA120407129,PRJEB97686,,,adult,,,US,transplant_or_immunocompromised,allogeneic hematopoietic cell transplantation (allo-HCT) recipients undergoing GVHD prophylaxis,,,,2019/2023,primary,1.0,0.753
SAMEA120407130,PRJEB97686,,,adult,,,US,transplant_or_immunocompromised,allogeneic hematopoietic cell transplantation (allo-HCT) recipients undergoing GVHD prophylaxis,,,,2019/2023,primary,1.0,4.406
SAMEA120407131,PRJEB97686,,,adult,,,US,transplant_or_immunocompromised,allogeneic hematopoietic cell transplantation (allo-HCT) recipients undergoing GVHD prophylaxis,,,,2019/2023,primary,2.0,3.862
SAMEA120407132,PRJEB97686,,,adult,,,US,transplant_or_immunocompromised,allogeneic hematopoietic cell transplantation (allo-HCT) recipients undergoing GVHD prophylaxis,,,,2019/2023,primary,1.0,3.931
SAMEA120407133,PRJEB97686,,,adult,,,US,transplant_or_immunocompromised,allogeneic hematopoietic cell transplantation (allo-HCT) recipients undergoing GVHD prophylaxis,,,,2019/2023,primary,2.0,4.466
SAMEA120407134,PRJEB97686,,,adult,,,US,transplant_or_immunocompromised,allogeneic hematopoietic cell transplantation (allo-HCT) recipients undergoing GVHD prophylaxis,,,,2019/2023,primary,2.0,15.879
SAMEA120407135,PRJEB97686,,,adult,,,US,transplant_or_immunocompromised,allogeneic hematopoietic cell transplantation (allo-HCT) recipients undergoing GVHD prophylaxis,,,,2019/2023,primary,2.0,4.31
SAMEA120407136,PRJEB97686,,,adult,,,US,transplant_or_immunocompromised,allogeneic hematopoietic cell transplantation (allo-HCT) recipients undergoing GVHD prophylaxis,,,,2019/2023,primary,2.0,4.057
SAMEA120407137,PRJEB97686,,,adult,,,US,transplant_or_immunocompromised,allogeneic hematopoietic cell transplantation (allo-HCT) recipients undergoing GVHD prophylaxis,,,,2019/2023,primary,1.0,3.933
SAMEA120407138,PRJEB97686,,,adult,,,US,transplant_or_immunocompromised,allogeneic hematopoietic cell transplantation (allo-HCT) recipients undergoing GVHD prophylaxis,,,,2019/2023,primary,1.0,4.229
SAMEA120407139,PRJEB97686,,,adult,,,US,transplant_or_immunocompromised,allogeneic hematopoietic cell transplantation (allo-HCT) recipients undergoing GVHD prophylaxis,,,,2019/2023,primary,2.0,5.137
SAMEA120407140,PRJEB97686,,,adult,,,US,transplant_or_immunocompromised,allogeneic hematopoietic cell transplantation (allo-HCT) recipients undergoing GVHD prophylaxis,,,,2019/2023,primary,1.0,4.467
SAMEA120407141,PRJEB97686,,,adult,,,US,transplant_or_immunocompromised,allogeneic hematopoietic cell transplantation (allo-HCT) recipients undergoing GVHD prophylaxis,,,,2019/2023,primary,1.0,4.613
SAMEA120407142,PRJEB97686,,,adult,,,US,transplant_or_immunocompromised,allogeneic hematopoietic cell transplantation (allo-HCT) recipients undergoing GVHD prophylaxis,,,,2019/2023,primary,2.0,5.196
SAMEA120407143,PRJEB97686,,,adult,,,US,transplant_or_immunocompromised,allogeneic hematopoietic cell transplantation (allo-HCT) recipients undergoing GVHD prophylaxis,,,,2019/2023,primary,2.0,4.377
SAMEA120407144,PRJEB97686,,,adult,,,US,transplant_or_immunocompromised,allogeneic hematopoietic cell transplantation (allo-HCT) recipients undergoing GVHD prophylaxis,,,,2019/2023,primary,1.0,4.152
SAMEA120407145,PRJEB97686,,,adult,,,US,transplant_or_immunocompromised,allogeneic hematopoietic cell transplantation (allo-HCT) recipients undergoing GVHD prophylaxis,,,,2019/2023,primary,2.0,4.459
SAMEA120407146,PRJEB97686,,,adult,,,US,transplant_or_immunocompromised,allogeneic hematopoietic cell transplantation (allo-HCT) recipients undergoing GVHD prophylaxis,,,,2019/2023,primary,2.0,5.168
SAMEA120407147,PRJEB97686,,,adult,,,US,transplant_or_immunocompromised,allogeneic hematopoietic cell transplantation (allo-HCT) recipients undergoing GVHD prophylaxis,,,,2019/2023,primary,2.0,4.971
SAMEA120407148,PRJEB97686,,,adult,,,US,transplant_or_immunocompromised,allogeneic hematopoietic cell transplantation (allo-HCT) recipients undergoing GVHD prophylaxis,,,,2019/2023,primary,2.0,7.1
SAMEA120407149,PRJEB97686,,,adult,,,US,transplant_or_immunocompromised,allogeneic hematopoietic cell transplantation (allo-HCT) recipients undergoing GVHD prophylaxis,,,,2019/2023,primary,2.0,4.321
SAMEA120407150,PRJEB97686,,,adult,,,US,transplant_or_immunocompromised,allogeneic hematopoietic cell transplantation (allo-HCT) recipients undergoing GVHD prophylaxis,,,,2019/2023,primary,1.0,4.395
SAMEA120407151,PRJEB97686,,,adult,,,US,transplant_or_immunocompromised,allogeneic hematopoietic cell transplantation (allo-HCT) recipients undergoing GVHD prophylaxis,,,,2019/2023,primary,1.0,3.78
SAMEA120407152,PRJEB97686,,,adult,,,US,transplant_or_immunocompromised,allogeneic hematopoietic cell transplantation (allo-HCT) recipients undergoing GVHD prophylaxis,,,,2019/2023,primary,2.0,4.22
SAMEA120407153,PRJEB97686,,,adult,,,US,transplant_or_immunocompromised,allogeneic hematopoietic cell transplantation (allo-HCT) recipients undergoing GVHD prophylaxis,,,,2019/2023,primary,2.0,4.695
SAMEA120407154,PRJEB97686,,,adult,,,US,transplant_or_immunocompromised,allogeneic hematopoietic cell transplantation (allo-HCT) recipients undergoing GVHD prophylaxis,,,,2019/2023,primary,2.0,4.023
SAMEA120407155,PRJEB97686,,,adult,,,US,transplant_or_immunocompromised,allogeneic hematopoietic cell transplantation (allo-HCT) recipients undergoing GVHD prophylaxis,,,,2019/2023,primary,2.0,4.513
SAMEA120407156,PRJEB97686,,,adult,,,US,transplant_or_immunocompromised,allogeneic hematopoietic cell transplantation (allo-HCT) recipients undergoing GVHD prophylaxis,,,,2019/2023,primary,2.0,4.199
SAMEA120407157,PRJEB97686,,,adult,,,US,transplant_or_immunocompromised,allogeneic hematopoietic cell transplantation (allo-HCT) recipients undergoing GVHD prophylaxis,,,,2019/2023,primary,2.0,3.866
SAMEA120407158,PRJEB97686,,,adult,,,US,transplant_or_immunocompromised,allogeneic hematopoietic cell transplantation (allo-HCT) recipients undergoing GVHD prophylaxis,,,,2019/2023,primary,2.0,4.139
SAMEA120407159,PRJEB97686,,,adult,,,US,transplant_or_immunocompromised,allogeneic hematopoietic cell transplantation (allo-HCT) recipients undergoing GVHD prophylaxis,,,,2019/2023,primary,2.0,4.269
SAMEA120407160,PRJEB97686,,,adult,,,US,transplant_or_immunocompromised,allogeneic hematopoietic cell transplantation (allo-HCT) recipients undergoing GVHD prophylaxis,,,,2019/2023,primary,2.0,5.268
SAMEA120407161,PRJEB97686,,,adult,,,US,transplant_or_immunocompromised,allogeneic hematopoietic cell transplantation (allo-HCT) recipients undergoing GVHD prophylaxis,,,,2019/2023,primary,2.0,4.609
SAMEA120407162,PRJEB97686,,,adult,,,US,transplant_or_immunocompromised,allogeneic hematopoietic cell transplantation (allo-HCT) recipients undergoing GVHD prophylaxis,,,,2019/2023,primary,2.0,4.647
SAMEA120407163,PRJEB97686,,,adult,,,US,transplant_or_immunocompromised,allogeneic hematopoietic cell transplantation (allo-HCT) recipients undergoing GVHD prophylaxis,,,,2019/2023,primary,2.0,4.351
SAMEA120407164,PRJEB97686,,,adult,,,US,transplant_or_immunocompromised,allogeneic hematopoietic cell transplantation (allo-HCT) recipients undergoing GVHD prophylaxis,,,,2019/2023,primary,1.0,4.473
SAMEA120407165,PRJEB97686,,,adult,,,US,transplant_or_immunocompromised,allogeneic hematopoietic cell transplantation (allo-HCT) recipients undergoing GVHD prophylaxis,,,,2019/2023,primary,1.0,3.886
SAMEA120407166,PRJEB97686,,,adult,,,US,transplant_or_immunocompromised,allogeneic hematopoietic cell transplantation (allo-HCT) recipients undergoing GVHD prophylaxis,,,,2019/2023,primary,1.0,4.193
SAMEA120407167,PRJEB97686,,,adult,,,US,transplant_or_immunocompromised,allogeneic hematopoietic cell transplantation (allo-HCT) recipients undergoing GVHD prophylaxis,,,,2019/2023,primary,2.0,4.442
SAMEA120407168,PRJEB97686,,,adult,,,US,transplant_or_immunocompromised,allogeneic hematopoietic cell transplantation (allo-HCT) recipients undergoing GVHD prophylaxis,,,,2019/2023,primary,2.0,3.617
SAMEA120407169,PRJEB97686,,,adult,,,US,transplant_or_immunocompromised,allogeneic hematopoietic cell transplantation (allo-HCT) recipients undergoing GVHD prophylaxis,,,,2019/2023,primary,2.0,3.829
SAMEA120407170,PRJEB97686,,,adult,,,US,transplant_or_immunocompromised,allogeneic hematopoietic cell transplantation (allo-HCT) recipients undergoing GVHD prophylaxis,,,,2019/2023,primary,2.0,3.821
SAMEA120407171,PRJEB97686,,,adult,,,US,transplant_or_immunocompromised,allogeneic hematopoietic cell transplantation (allo-HCT) recipients undergoing GVHD prophylaxis,,,,2019/2023,primary,1.0,4.429
SAMEA120407172,PRJEB97686,,,adult,,,US,transplant_or_immunocompromised,allogeneic hematopoietic cell transplantation (allo-HCT) recipients undergoing GVHD prophylaxis,,,,2019/2023,primary,2.0,3.778
SAMEA120407173,PRJEB97686,,,adult,,,US,transplant_or_immunocompromised,allogeneic hematopoietic cell transplantation (allo-HCT) recipients undergoing GVHD prophylaxis,,,,2019/2023,primary,2.0,4.604
SAMEA120407174,PRJEB97686,,,adult,,,US,transplant_or_immunocompromised,allogeneic hematopoietic cell transplantation (allo-HCT) recipients undergoing GVHD prophylaxis,,,,2019/2023,primary,1.0,0.116
SAMEA120407175,PRJEB97686,,,adult,,,US,transplant_or_immunocompromised,allogeneic hematopoietic cell transplantation (allo-HCT) recipients undergoing GVHD prophylaxis,,,,2019/2023,primary,1.0,3.794
SAMEA120407176,PRJEB97686,,,adult,,,US,transplant_or_immunocompromised,allogeneic hematopoietic cell transplantation (allo-HCT) recipients undergoing GVHD prophylaxis,,,,2019/2023,primary,2.0,4.061
SAMEA120407177,PRJEB97686,,,adult,,,US,transplant_or_immunocompromised,allogeneic hematopoietic cell transplantation (allo-HCT) recipients undergoing GVHD prophylaxis,,,,2019/2023,primary,1.0,4.439
SAMEA120407178,PRJEB97686,,,adult,,,US,transplant_or_immunocompromised,allogeneic hematopoietic cell transplantation (allo-HCT) recipients undergoing GVHD prophylaxis,,,,2019/2023,primary,2.0,6.166
SAMEA120407179,PRJEB97686,,,adult,,,US,transplant_or_immunocompromised,allogeneic hematopoietic cell transplantation (allo-HCT) recipients undergoing GVHD prophylaxis,,,,2019/2023,primary,2.0,3.987
SAMEA120407180,PRJEB97686,,,adult,,,US,transplant_or_immunocompromised,allogeneic hematopoietic cell transplantation (allo-HCT) recipients undergoing GVHD prophylaxis,,,,2019/2023,primary,2.0,3.881
SAMEA120407181,PRJEB97686,,,adult,,,US,transplant_or_immunocompromised,allogeneic hematopoietic cell transplantation (allo-HCT) recipients undergoing GVHD prophylaxis,,,,2019/2023,primary,2.0,3.951
SAMEA120407182,PRJEB97686,,,adult,,,US,transplant_or_immunocompromised,allogeneic hematopoietic cell transplantation (allo-HCT) recipients undergoing GVHD prophylaxis,,,,2019/2023,primary,2.0,4.376
SAMEA120407183,PRJEB97686,,,adult,,,US,transplant_or_immunocompromised,allogeneic hematopoietic cell transplantation (allo-HCT) recipients undergoing GVHD prophylaxis,,,,2019/2023,primary,2.0,3.867
SAMEA120407184,PRJEB97686,,,adult,,,US,transplant_or_immunocompromised,allogeneic hematopoietic cell transplantation (allo-HCT) recipients undergoing GVHD prophylaxis,,,,2019/2023,primary,2.0,3.779
SAMEA120407185,PRJEB97686,,,adult,,,US,transplant_or_immunocompromised,allogeneic hematopoietic cell transplantation (allo-HCT) recipients undergoing GVHD prophylaxis,,,,2019/2023,primary,2.0,4.232
SAMEA120407186,PRJEB97686,,,adult,,,US,transplant_or_immunocompromised,allogeneic hematopoietic cell transplantation (allo-HCT) recipients undergoing GVHD prophylaxis,,,,2019/2023,primary,2.0,4.171
SAMEA120407187,PRJEB97686,,,adult,,,US,transplant_or_immunocompromised,allogeneic hematopoietic cell transplantation (allo-HCT) recipients undergoing GVHD prophylaxis,,,,2019/2023,primary,2.0,4.117
SAMEA120407188,PRJEB97686,,,adult,,,US,transplant_or_immunocompromised,allogeneic hematopoietic cell transplantation (allo-HCT) recipients undergoing GVHD prophylaxis,,,,2019/2023,primary,2.0,3.879
SAMEA120407189,PRJEB97686,,,adult,,,US,transplant_or_immunocompromised,allogeneic hematopoietic cell transplantation (allo-HCT) recipients undergoing GVHD prophylaxis,,,,2019/2023,primary,2.0,3.818
SAMEA120407190,PRJEB97686,,,adult,,,US,transplant_or_immunocompromised,allogeneic hematopoietic cell transplantation (allo-HCT) recipients undergoing GVHD prophylaxis,,,,2019/2023,primary,2.0,4.177
SAMEA120407191,PRJEB97686,,,adult,,,US,transplant_or_immunocompromised,allogeneic hematopoietic cell transplantation (allo-HCT) recipients undergoing GVHD prophylaxis,,,,2019/2023,primary,2.0,4.17
SAMEA120407192,PRJEB97686,,,adult,,,US,transplant_or_immunocompromised,allogeneic hematopoietic cell transplantation (allo-HCT) recipients undergoing GVHD prophylaxis,,,,2019/2023,primary,2.0,4.217
SAMEA120407193,PRJEB97686,,,adult,,,US,transplant_or_immunocompromised,allogeneic hematopoietic cell transplantation (allo-HCT) recipients undergoing GVHD prophylaxis,,,,2019/2023,primary,2.0,4.739
SAMEA120407194,PRJEB97686,,,adult,,,US,transplant_or_immunocompromised,allogeneic hematopoietic cell transplantation (allo-HCT) recipients undergoing GVHD prophylaxis,,,,2019/2023,primary,2.0,3.605
SAMEA120407195,PRJEB97686,,,adult,,,US,transplant_or_immunocompromised,allogeneic hematopoietic cell transplantation (allo-HCT) recipients undergoing GVHD prophylaxis,,,,2019/2023,primary,2.0,3.507
SAMEA120407196,PRJEB97686,,,adult,,,US,transplant_or_immunocompromised,allogeneic hematopoietic cell transplantation (allo-HCT) recipients undergoing GVHD prophylaxis,,,,2019/2023,primary,2.0,3.86
SAMEA120407197,PRJEB97686,,,adult,,,US,transplant_or_immunocompromised,allogeneic hematopoietic cell transplantation (allo-HCT) recipients undergoing GVHD prophylaxis,,,,2019/2023,primary,1.0,1.247
SAMEA120407198,PRJEB97686,,,adult,,,US,transplant_or_immunocompromised,allogeneic hematopoietic cell transplantation (allo-HCT) recipients undergoing GVHD prophylaxis,,,,2019/2023,primary,2.0,4.061
SAMEA120407199,PRJEB97686,,,adult,,,US,transplant_or_immunocompromised,allogeneic hematopoietic cell transplantation (allo-HCT) recipients undergoing GVHD prophylaxis,,,,2019/2023,primary,1.0,0.89
SAMEA120407200,PRJEB97686,,,adult,,,US,transplant_or_immunocompromised,allogeneic hematopoietic cell transplantation (allo-HCT) recipients undergoing GVHD prophylaxis,,,,2019/2023,primary,2.0,4.282
SAMEA120407201,PRJEB97686,,,adult,,,US,transplant_or_immunocompromised,allogeneic hematopoietic cell transplantation (allo-HCT) recipients undergoing GVHD prophylaxis,,,,2019/2023,primary,1.0,0.023
SAMEA120407202,PRJEB97686,,,adult,,,US,transplant_or_immunocompromised,allogeneic hematopoietic cell transplantation (allo-HCT) recipients undergoing GVHD prophylaxis,,,,2019/2023,primary,2.0,4.186
SAMEA120407203,PRJEB97686,,,adult,,,US,transplant_or_immunocompromised,allogeneic hematopoietic cell transplantation (allo-HCT) recipients undergoing GVHD prophylaxis,,,,2019/2023,primary,2.0,4.474
SAMEA120407204,PRJEB97686,,,adult,,,US,transplant_or_immunocompromised,allogeneic hematopoietic cell transplantation (allo-HCT) recipients undergoing GVHD prophylaxis,,,,2019/2023,primary,2.0,4.866
SAMEA120407205,PRJEB97686,,,adult,,,US,transplant_or_immunocompromised,allogeneic hematopoietic cell transplantation (allo-HCT) recipients undergoing GVHD prophylaxis,,,,2019/2023,primary,2.0,5.05
SAMEA120407206,PRJEB97686,,,adult,,,US,transplant_or_immunocompromised,allogeneic hematopoietic cell transplantation (allo-HCT) recipients undergoing GVHD prophylaxis,,,,2019/2023,primary,1.0,4.035
SAMEA120407207,PRJEB97686,,,adult,,,US,transplant_or_immunocompromised,allogeneic hematopoietic cell transplantation (allo-HCT) recipients undergoing GVHD prophylaxis,,,,2019/2023,primary,1.0,4.483
SAMEA120407208,PRJEB97686,,,adult,,,US,transplant_or_immunocompromised,allogeneic hematopoietic cell transplantation (allo-HCT) recipients undergoing GVHD prophylaxis,,,,2019/2023,primary,2.0,4.097
SAMEA120407209,PRJEB97686,,,adult,,,US,transplant_or_immunocompromised,allogeneic hematopoietic cell transplantation (allo-HCT) recipients undergoing GVHD prophylaxis,,,,2019/2023,primary,2.0,4.654
SAMEA120407210,PRJEB97686,,,adult,,,US,transplant_or_immunocompromised,allogeneic hematopoietic cell transplantation (allo-HCT) recipients undergoing GVHD prophylaxis,,,,2019/2023,primary,2.0,6.785
SAMEA120407211,PRJEB97686,,,adult,,,US,transplant_or_immunocompromised,allogeneic hematopoietic cell transplantation (allo-HCT) recipients undergoing GVHD prophylaxis,,,,2019/2023,primary,2.0,8.414
SAMEA120407212,PRJEB97686,,,adult,,,US,transplant_or_immunocompromised,allogeneic hematopoietic cell transplantation (allo-HCT) recipients undergoing GVHD prophylaxis,,,,2019/2023,primary,2.0,5.259
SAMEA120407213,PRJEB97686,,,adult,,,US,transplant_or_immunocompromised,allogeneic hematopoietic cell transplantation (allo-HCT) recipients undergoing GVHD prophylaxis,,,,2019/2023,primary,2.0,4.128
SAMEA120407214,PRJEB97686,,,adult,,,US,transplant_or_immunocompromised,allogeneic hematopoietic cell transplantation (allo-HCT) recipients undergoing GVHD prophylaxis,,,,2019/2023,primary,2.0,4.81
SAMEA120407215,PRJEB97686,,,adult,,,US,transplant_or_immunocompromised,allogeneic hematopoietic cell transplantation (allo-HCT) recipients undergoing GVHD prophylaxis,,,,2019/2023,primary,1.0,4.334
SAMEA120407216,PRJEB97686,,,adult,,,US,transplant_or_immunocompromised,allogeneic hematopoietic cell transplantation (allo-HCT) recipients undergoing GVHD prophylaxis,,,,2019/2023,primary,1.0,4.421
SAMEA120407217,PRJEB97686,,,adult,,,US,transplant_or_immunocompromised,allogeneic hematopoietic cell transplantation (allo-HCT) recipients undergoing GVHD prophylaxis,,,,2019/2023,primary,2.0,4.346
SAMEA120407218,PRJEB97686,,,adult,,,US,transplant_or_immunocompromised,allogeneic hematopoietic cell transplantation (allo-HCT) recipients undergoing GVHD prophylaxis,,,,2019/2023,primary,2.0,4.708
SAMEA120407219,PRJEB97686,,,adult,,,US,transplant_or_immunocompromised,allogeneic hematopoietic cell transplantation (allo-HCT) recipients undergoing GVHD prophylaxis,,,,2019/2023,primary,1.0,4.208
SAMEA120407220,PRJEB97686,,,adult,,,US,transplant_or_immunocompromised,allogeneic hematopoietic cell transplantation (allo-HCT) recipients undergoing GVHD prophylaxis,,,,2019/2023,primary,2.0,4.348
SAMEA120407221,PRJEB97686,,,adult,,,US,transplant_or_immunocompromised,allogeneic hematopoietic cell transplantation (allo-HCT) recipients undergoing GVHD prophylaxis,,,,2019/2023,primary,1.0,4.38
SAMEA120407222,PRJEB97686,,,adult,,,US,transplant_or_immunocompromised,allogeneic hematopoietic cell transplantation (allo-HCT) recipients undergoing GVHD prophylaxis,,,,2019/2023,primary,2.0,4.203
SAMEA120407223,PRJEB97686,,,adult,,,US,transplant_or_immunocompromised,allogeneic hematopoietic cell transplantation (allo-HCT) recipients undergoing GVHD prophylaxis,,,,2019/2023,primary,1.0,4.232
SAMEA120407224,PRJEB97686,,,adult,,,US,transplant_or_immunocompromised,allogeneic hematopoietic cell transplantation (allo-HCT) recipients undergoing GVHD prophylaxis,,,,2019/2023,primary,2.0,4.712
SAMEA120407225,PRJEB97686,,,adult,,,US,transplant_or_immunocompromised,allogeneic hematopoietic cell transplantation (allo-HCT) recipients undergoing GVHD prophylaxis,,,,2019/2023,primary,2.0,4.901
SAMEA120407226,PRJEB97686,,,adult,,,US,transplant_or_immunocompromised,allogeneic hematopoietic cell transplantation (allo-HCT) recipients undergoing GVHD prophylaxis,,,,2019/2023,primary,2.0,4.636
SAMEA120407227,PRJEB97686,,,adult,,,US,transplant_or_immunocompromised,allogeneic hematopoietic cell transplantation (allo-HCT) recipients undergoing GVHD prophylaxis,,,,2019/2023,primary,1.0,4.639
SAMEA120407228,PRJEB97686,,,adult,,,US,transplant_or_immunocompromised,allogeneic hematopoietic cell transplantation (allo-HCT) recipients undergoing GVHD prophylaxis,,,,2019/2023,primary,1.0,4.337
SAMEA120407229,PRJEB97686,,,adult,,,US,transplant_or_immunocompromised,allogeneic hematopoietic cell transplantation (allo-HCT) recipients undergoing GVHD prophylaxis,,,,2019/2023,primary,2.0,5.367
SAMEA120407230,PRJEB97686,,,adult,,,US,transplant_or_immunocompromised,allogeneic hematopoietic cell transplantation (allo-HCT) recipients undergoing GVHD prophylaxis,,,,2019/2023,primary,2.0,4.356
SAMEA120407231,PRJEB97686,,,adult,,,US,transplant_or_immunocompromised,allogeneic hematopoietic cell transplantation (allo-HCT) recipients undergoing GVHD prophylaxis,,,,2019/2023,primary,1.0,4.842
SAMEA120407232,PRJEB97686,,,adult,,,US,transplant_or_immunocompromised,allogeneic hematopoietic cell transplantation (allo-HCT) recipients undergoing GVHD prophylaxis,,,,2019/2023,primary,2.0,4.523
SAMEA120407233,PRJEB97686,,,adult,,,US,transplant_or_immunocompromised,allogeneic hematopoietic cell transplantation (allo-HCT) recipients undergoing GVHD prophylaxis,,,,2019/2023,primary,1.0,4.66
SAMEA120407234,PRJEB97686,,,adult,,,US,transplant_or_immunocompromised,allogeneic hematopoietic cell transplantation (allo-HCT) recipients undergoing GVHD prophylaxis,,,,2019/2023,primary,2.0,4.482
SAMEA120407235,PRJEB97686,,,adult,,,US,transplant_or_immunocompromised,allogeneic hematopoietic cell transplantation (allo-HCT) recipients undergoing GVHD prophylaxis,,,,2019/2023,primary,2.0,4.536
SAMEA120407236,PRJEB97686,,,adult,,,US,transplant_or_immunocompromised,allogeneic hematopoietic cell transplantation (allo-HCT) recipients undergoing GVHD prophylaxis,,,,2019/2023,primary,2.0,5.139
SAMEA120407237,PRJEB97686,,,adult,,,US,transplant_or_immunocompromised,allogeneic hematopoietic cell transplantation (allo-HCT) recipients undergoing GVHD prophylaxis,,,,2019/2023,primary,2.0,5.091
SAMEA120407238,PRJEB97686,,,adult,,,US,transplant_or_immunocompromised,allogeneic hematopoietic cell transplantation (allo-HCT) recipients undergoing GVHD prophylaxis,,,,2019/2023,primary,2.0,4.917
SAMEA120407239,PRJEB97686,,,adult,,,US,transplant_or_immunocompromised,allogeneic hematopoietic cell transplantation (allo-HCT) recipients undergoing GVHD prophylaxis,,,,2019/2023,primary,2.0,4.26
SAMEA120407240,PRJEB97686,,,adult,,,US,transplant_or_immunocompromised,allogeneic hematopoietic cell transplantation (allo-HCT) recipients undergoing GVHD prophylaxis,,,,2019/2023,primary,2.0,3.849
SAMEA120407241,PRJEB97686,,,adult,,,US,transplant_or_immunocompromised,allogeneic hematopoietic cell transplantation (allo-HCT) recipients undergoing GVHD prophylaxis,,,,2019/2023,primary,2.0,4.066
SAMEA120407242,PRJEB97686,,,adult,,,US,transplant_or_immunocompromised,allogeneic hematopoietic cell transplantation (allo-HCT) recipients undergoing GVHD prophylaxis,,,,2019/2023,primary,2.0,4.273
SAMEA120407243,PRJEB97686,,,adult,,,US,transplant_or_immunocompromised,allogeneic hematopoietic cell transplantation (allo-HCT) recipients undergoing GVHD prophylaxis,,,,2019/2023,primary,2.0,4.143
SAMEA120407244,PRJEB97686,,,adult,,,US,transplant_or_immunocompromised,allogeneic hematopoietic cell transplantation (allo-HCT) recipients undergoing GVHD prophylaxis,,,,2019/2023,primary,2.0,4.208
SAMEA120407245,PRJEB97686,,,adult,,,US,transplant_or_immunocompromised,allogeneic hematopoietic cell transplantation (allo-HCT) recipients undergoing GVHD prophylaxis,,,,2019/2023,primary,2.0,4.243
SAMEA120407246,PRJEB97686,,,adult,,,US,transplant_or_immunocompromised,allogeneic hematopoietic cell transplantation (allo-HCT) recipients undergoing GVHD prophylaxis,,,,2019/2023,primary,2.0,4.363
SAMEA120407247,PRJEB97686,,,adult,,,US,transplant_or_immunocompromised,allogeneic hematopoietic cell transplantation (allo-HCT) recipients undergoing GVHD prophylaxis,,,,2019/2023,primary,2.0,3.796
SAMEA120407248,PRJEB97686,,,adult,,,US,transplant_or_immunocompromised,allogeneic hematopoietic cell transplantation (allo-HCT) recipients undergoing GVHD prophylaxis,,,,2019/2023,primary,2.0,3.896
SAMEA120407249,PRJEB97686,,,adult,,,US,transplant_or_immunocompromised,allogeneic hematopoietic cell transplantation (allo-HCT) recipients undergoing GVHD prophylaxis,,,,2019/2023,primary,2.0,3.813
SAMEA120407250,PRJEB97686,,,adult,,,US,transplant_or_immunocompromised,allogeneic hematopoietic cell transplantation (allo-HCT) recipients undergoing GVHD prophylaxis,,,,2019/2023,primary,2.0,4.1
SAMEA120407251,PRJEB97686,,,adult,,,US,transplant_or_immunocompromised,allogeneic hematopoietic cell transplantation (allo-HCT) recipients undergoing GVHD prophylaxis,,,,2019/2023,primary,2.0,4.475
SAMEA120407252,PRJEB97686,,,adult,,,US,transplant_or_immunocompromised,allogeneic hematopoietic cell transplantation (allo-HCT) recipients undergoing GVHD prophylaxis,,,,2019/2023,primary,2.0,3.743
SAMEA120407253,PRJEB97686,,,adult,,,US,transplant_or_immunocompromised,allogeneic hematopoietic cell transplantation (allo-HCT) recipients undergoing GVHD prophylaxis,,,,2019/2023,primary,2.0,3.924
SAMEA120407254,PRJEB97686,,,adult,,,US,transplant_or_immunocompromised,allogeneic hematopoietic cell transplantation (allo-HCT) recipients undergoing GVHD prophylaxis,,,,2019/2023,primary,2.0,4.045
SAMEA120407255,PRJEB97686,,,adult,,,US,transplant_or_immunocompromised,allogeneic hematopoietic cell transplantation (allo-HCT) recipients undergoing GVHD prophylaxis,,,,2019/2023,primary,2.0,4.153
SAMEA120407256,PRJEB97686,,,adult,,,US,transplant_or_immunocompromised,allogeneic hematopoietic cell transplantation (allo-HCT) recipients undergoing GVHD prophylaxis,,,,2019/2023,primary,2.0,4.181
SAMEA120407257,PRJEB97686,,,adult,,,US,transplant_or_immunocompromised,allogeneic hematopoietic cell transplantation (allo-HCT) recipients undergoing GVHD prophylaxis,,,,2019/2023,primary,2.0,4.192
SAMEA120407258,PRJEB97686,,,adult,,,US,transplant_or_immunocompromised,allogeneic hematopoietic cell transplantation (allo-HCT) recipients undergoing GVHD prophylaxis,,,,2019/2023,primary,2.0,4.592
SAMEA120407259,PRJEB97686,,,adult,,,US,transplant_or_immunocompromised,allogeneic hematopoietic cell transplantation (allo-HCT) recipients undergoing GVHD prophylaxis,,,,2019/2023,primary,2.0,4.083
SAMEA120407260,PRJEB97686,,,adult,,,US,transplant_or_immunocompromised,allogeneic hematopoietic cell transplantation (allo-HCT) recipients undergoing GVHD prophylaxis,,,,2019/2023,primary,2.0,4.248
SAMEA120407261,PRJEB97686,,,adult,,,US,transplant_or_immunocompromised,allogeneic hematopoietic cell transplantation (allo-HCT) recipients undergoing GVHD prophylaxis,,,,2019/2023,primary,2.0,4.093
SAMEA120407262,PRJEB97686,,,adult,,,US,transplant_or_immunocompromised,allogeneic hematopoietic cell transplantation (allo-HCT) recipients undergoing GVHD prophylaxis,,,,2019/2023,primary,2.0,4.019
SAMEA120407263,PRJEB97686,,,adult,,,US,transplant_or_immunocompromised,allogeneic hematopoietic cell transplantation (allo-HCT) recipients undergoing GVHD prophylaxis,,,,2019/2023,primary,2.0,4.804
SAMEA120407264,PRJEB97686,,,adult,,,US,transplant_or_immunocompromised,allogeneic hematopoietic cell transplantation (allo-HCT) recipients undergoing GVHD prophylaxis,,,,2019/2023,primary,2.0,4.25
SAMEA120407265,PRJEB97686,,,adult,,,US,transplant_or_immunocompromised,allogeneic hematopoietic cell transplantation (allo-HCT) recipients undergoing GVHD prophylaxis,,,,2019/2023,primary,2.0,4.214
SAMEA120407266,PRJEB97686,,,adult,,,US,transplant_or_immunocompromised,allogeneic hematopoietic cell transplantation (allo-HCT) recipients undergoing GVHD prophylaxis,,,,2019/2023,primary,2.0,4.207
SAMEA120407267,PRJEB97686,,,adult,,,US,transplant_or_immunocompromised,allogeneic hematopoietic cell transplantation (allo-HCT) recipients undergoing GVHD prophylaxis,,,,2019/2023,primary,2.0,4.29
SAMEA120407268,PRJEB97686,,,adult,,,US,transplant_or_immunocompromised,allogeneic hematopoietic cell transplantation (allo-HCT) recipients undergoing GVHD prophylaxis,,,,2019/2023,primary,2.0,3.936
SAMEA120407269,PRJEB97686,,,adult,,,US,transplant_or_immunocompromised,allogeneic hematopoietic cell transplantation (allo-HCT) recipients undergoing GVHD prophylaxis,,,,2019/2023,primary,2.0,4.515
SAMEA120407270,PRJEB97686,,,adult,,,US,transplant_or_immunocompromised,allogeneic hematopoietic cell transplantation (allo-HCT) recipients undergoing GVHD prophylaxis,,,,2019/2023,primary,2.0,4.485
SAMEA120407271,PRJEB97686,,,adult,,,US,transplant_or_immunocompromised,allogeneic hematopoietic cell transplantation (allo-HCT) recipients undergoing GVHD prophylaxis,,,,2019/2023,primary,2.0,4.309
SAMEA120407272,PRJEB97686,,,adult,,,US,transplant_or_immunocompromised,allogeneic hematopoietic cell transplantation (allo-HCT) recipients undergoing GVHD prophylaxis,,,,2019/2023,primary,2.0,4.546
SAMEA120407273,PRJEB97686,,,adult,,,US,transplant_or_immunocompromised,allogeneic hematopoietic cell transplantation (allo-HCT) recipients undergoing GVHD prophylaxis,,,,2019/2023,primary,2.0,3.959
SAMEA120407274,PRJEB97686,,,adult,,,US,transplant_or_immunocompromised,allogeneic hematopoietic cell transplantation (allo-HCT) recipients undergoing GVHD prophylaxis,,,,2019/2023,primary,2.0,4.322
SAMEA120407275,PRJEB97686,,,adult,,,US,transplant_or_immunocompromised,allogeneic hematopoietic cell transplantation (allo-HCT) recipients undergoing GVHD prophylaxis,,,,2019/2023,primary,2.0,3.91
SAMEA120407276,PRJEB97686,,,adult,,,US,transplant_or_immunocompromised,allogeneic hematopoietic cell transplantation (allo-HCT) recipients undergoing GVHD prophylaxis,,,,2019/2023,primary,2.0,4.049
SAMEA120407277,PRJEB97686,,,adult,,,US,transplant_or_immunocompromised,allogeneic hematopoietic cell transplantation (allo-HCT) recipients undergoing GVHD prophylaxis,,,,2019/2023,primary,2.0,4.111
SAMEA120407278,PRJEB97686,,,adult,,,US,transplant_or_immunocompromised,allogeneic hematopoietic cell transplantation (allo-HCT) recipients undergoing GVHD prophylaxis,,,,2019/2023,primary,2.0,3.8
SAMEA120407279,PRJEB97686,,,adult,,,US,transplant_or_immunocompromised,allogeneic hematopoietic cell transplantation (allo-HCT) recipients undergoing GVHD prophylaxis,,,,2019/2023,primary,2.0,4.032
SAMEA120407280,PRJEB97686,,,adult,,,US,transplant_or_immunocompromised,allogeneic hematopoietic cell transplantation (allo-HCT) recipients undergoing GVHD prophylaxis,,,,2019/2023,primary,2.0,4.041
SAMEA120407281,PRJEB97686,,,adult,,,US,transplant_or_immunocompromised,allogeneic hematopoietic cell transplantation (allo-HCT) recipients undergoing GVHD prophylaxis,,,,2019/2023,primary,2.0,3.627
SAMEA120407282,PRJEB97686,,,adult,,,US,transplant_or_immunocompromised,allogeneic hematopoietic cell transplantation (allo-HCT) recipients undergoing GVHD prophylaxis,,,,2019/2023,primary,2.0,4.34
SAMEA120407283,PRJEB97686,,,adult,,,US,transplant_or_immunocompromised,allogeneic hematopoietic cell transplantation (allo-HCT) recipients undergoing GVHD prophylaxis,,,,2019/2023,primary,2.0,4.155
SAMEA120407284,PRJEB97686,,,adult,,,US,transplant_or_immunocompromised,allogeneic hematopoietic cell transplantation (allo-HCT) recipients undergoing GVHD prophylaxis,,,,2019/2023,primary,2.0,4.349
SAMEA120407285,PRJEB97686,,,adult,,,US,transplant_or_immunocompromised,allogeneic hematopoietic cell transplantation (allo-HCT) recipients undergoing GVHD prophylaxis,,,,2019/2023,primary,2.0,4.662
SAMEA120407286,PRJEB97686,,,adult,,,US,transplant_or_immunocompromised,allogeneic hematopoietic cell transplantation (allo-HCT) recipients undergoing GVHD prophylaxis,,,,2019/2023,primary,2.0,3.922
SAMEA120407287,PRJEB97686,,,adult,,,US,transplant_or_immunocompromised,allogeneic hematopoietic cell transplantation (allo-HCT) recipients undergoing GVHD prophylaxis,,,,2019/2023,primary,2.0,4.069
SAMEA120407288,PRJEB97686,,,adult,,,US,transplant_or_immunocompromised,allogeneic hematopoietic cell transplantation (allo-HCT) recipients undergoing GVHD prophylaxis,,,,2019/2023,primary,2.0,4.54
SAMEA120407289,PRJEB97686,,,adult,,,US,transplant_or_immunocompromised,allogeneic hematopoietic cell transplantation (allo-HCT) recipients undergoing GVHD prophylaxis,,,,2019/2023,primary,2.0,4.906
SAMEA120407290,PRJEB97686,,,adult,,,US,transplant_or_immunocompromised,allogeneic hematopoietic cell transplantation (allo-HCT) recipients undergoing GVHD prophylaxis,,,,2019/2023,primary,2.0,11.445
SAMEA120407291,PRJEB97686,,,adult,,,US,transplant_or_immunocompromised,allogeneic hematopoietic cell transplantation (allo-HCT) recipients undergoing GVHD prophylaxis,,,,2019/2023,primary,2.0,4.87
SAMEA120407292,PRJEB97686,,,adult,,,US,transplant_or_immunocompromised,allogeneic hematopoietic cell transplantation (allo-HCT) recipients undergoing GVHD prophylaxis,,,,2019/2023,primary,2.0,4.531
SAMEA120407293,PRJEB97686,,,adult,,,US,transplant_or_immunocompromised,allogeneic hematopoietic cell transplantation (allo-HCT) recipients undergoing GVHD prophylaxis,,,,2019/2023,primary,2.0,4.358
SAMEA120407294,PRJEB97686,,,adult,,,US,transplant_or_immunocompromised,allogeneic hematopoietic cell transplantation (allo-HCT) recipients undergoing GVHD prophylaxis,,,,2019/2023,primary,2.0,4.162
SAMEA120407295,PRJEB97686,,,adult,,,US,transplant_or_immunocompromised,allogeneic hematopoietic cell transplantation (allo-HCT) recipients undergoing GVHD prophylaxis,,,,2019/2023,primary,2.0,4.18
SAMEA120407296,PRJEB97686,,,adult,,,US,transplant_or_immunocompromised,allogeneic hematopoietic cell transplantation (allo-HCT) recipients undergoing GVHD prophylaxis,,,,2019/2023,primary,1.0,0.023
SAMEA120407297,PRJEB97686,,,adult,,,US,transplant_or_immunocompromised,allogeneic hematopoietic cell transplantation (allo-HCT) recipients undergoing GVHD prophylaxis,,,,2019/2023,primary,2.0,4.859
SAMEA120407298,PRJEB97686,,,adult,,,US,transplant_or_immunocompromised,allogeneic hematopoietic cell transplantation (allo-HCT) recipients undergoing GVHD prophylaxis,,,,2019/2023,primary,2.0,5.001
SAMEA120407299,PRJEB97686,,,adult,,,US,transplant_or_immunocompromised,allogeneic hematopoietic cell transplantation (allo-HCT) recipients undergoing GVHD prophylaxis,,,,2019/2023,primary,2.0,4.086
SAMEA120407300,PRJEB97686,,,adult,,,US,transplant_or_immunocompromised,allogeneic hematopoietic cell transplantation (allo-HCT) recipients undergoing GVHD prophylaxis,,,,2019/2023,primary,2.0,4.565
SAMEA120407301,PRJEB97686,,,adult,,,US,transplant_or_immunocompromised,allogeneic hematopoietic cell transplantation (allo-HCT) recipients undergoing GVHD prophylaxis,,,,2019/2023,primary,2.0,4.62
SAMEA120407302,PRJEB97686,,,adult,,,US,transplant_or_immunocompromised,allogeneic hematopoietic cell transplantation (allo-HCT) recipients undergoing GVHD prophylaxis,,,,2019/2023,primary,2.0,3.96
SAMEA120407303,PRJEB97686,,,adult,,,US,transplant_or_immunocompromised,allogeneic hematopoietic cell transplantation (allo-HCT) recipients undergoing GVHD prophylaxis,,,,2019/2023,primary,2.0,4.285
SAMEA120407304,PRJEB97686,,,adult,,,US,transplant_or_immunocompromised,allogeneic hematopoietic cell transplantation (allo-HCT) recipients undergoing GVHD prophylaxis,,,,2019/2023,primary,2.0,4.259
SAMEA120407305,PRJEB97686,,,adult,,,US,transplant_or_immunocompromised,allogeneic hematopoietic cell transplantation (allo-HCT) recipients undergoing GVHD prophylaxis,,,,2019/2023,primary,2.0,4.081
SAMEA120407306,PRJEB97686,,,adult,,,US,transplant_or_immunocompromised,allogeneic hematopoietic cell transplantation (allo-HCT) recipients undergoing GVHD prophylaxis,,,,2019/2023,primary,2.0,4.223
SAMEA120407307,PRJEB97686,,,adult,,,US,transplant_or_immunocompromised,allogeneic hematopoietic cell transplantation (allo-HCT) recipients undergoing GVHD prophylaxis,,,,2019/2023,primary,2.0,4.49
SAMEA120407308,PRJEB97686,,,adult,,,US,transplant_or_immunocompromised,allogeneic hematopoietic cell transplantation (allo-HCT) recipients undergoing GVHD prophylaxis,,,,2019/2023,primary,2.0,4.257
SAMEA120407309,PRJEB97686,,,adult,,,US,transplant_or_immunocompromised,allogeneic hematopoietic cell transplantation (allo-HCT) recipients undergoing GVHD prophylaxis,,,,2019/2023,primary,2.0,4.534
SAMEA120407310,PRJEB97686,,,adult,,,US,transplant_or_immunocompromised,allogeneic hematopoietic cell transplantation (allo-HCT) recipients undergoing GVHD prophylaxis,,,,2019/2023,primary,2.0,4.278
SAMEA120407311,PRJEB97686,,,adult,,,US,transplant_or_immunocompromised,allogeneic hematopoietic cell transplantation (allo-HCT) recipients undergoing GVHD prophylaxis,,,,2019/2023,primary,2.0,4.239
SAMEA120407312,PRJEB97686,,,adult,,,US,transplant_or_immunocompromised,allogeneic hematopoietic cell transplantation (allo-HCT) recipients undergoing GVHD prophylaxis,,,,2019/2023,primary,2.0,4.509
SAMEA120407313,PRJEB97686,,,adult,,,US,transplant_or_immunocompromised,allogeneic hematopoietic cell transplantation (allo-HCT) recipients undergoing GVHD prophylaxis,,,,2019/2023,primary,2.0,4.816
SAMEA120407314,PRJEB97686,,,adult,,,US,transplant_or_immunocompromised,allogeneic hematopoietic cell transplantation (allo-HCT) recipients undergoing GVHD prophylaxis,,,,2019/2023,primary,2.0,4.246
SAMEA120407315,PRJEB97686,,,adult,,,US,transplant_or_immunocompromised,allogeneic hematopoietic cell transplantation (allo-HCT) recipients undergoing GVHD prophylaxis,,,,2019/2023,primary,2.0,4.264
SAMEA120407316,PRJEB97686,,,adult,,,US,transplant_or_immunocompromised,allogeneic hematopoietic cell transplantation (allo-HCT) recipients undergoing GVHD prophylaxis,,,,2019/2023,primary,2.0,4.261
SAMEA120407317,PRJEB97686,,,adult,,,US,transplant_or_immunocompromised,allogeneic hematopoietic cell transplantation (allo-HCT) recipients undergoing GVHD prophylaxis,,,,2019/2023,primary,2.0,4.368
SAMEA120407318,PRJEB97686,,,adult,,,US,transplant_or_immunocompromised,allogeneic hematopoietic cell transplantation (allo-HCT) recipients undergoing GVHD prophylaxis,,,,2019/2023,primary,2.0,4.382
SAMEA120407319,PRJEB97686,,,adult,,,US,transplant_or_immunocompromised,allogeneic hematopoietic cell transplantation (allo-HCT) recipients undergoing GVHD prophylaxis,,,,2019/2023,primary,1.0,0.112
SAMEA120407320,PRJEB97686,,,adult,,,US,transplant_or_immunocompromised,allogeneic hematopoietic cell transplantation (allo-HCT) recipients undergoing GVHD prophylaxis,,,,2019/2023,primary,2.0,4.349
SAMEA120407321,PRJEB97686,,,adult,,,US,transplant_or_immunocompromised,allogeneic hematopoietic cell transplantation (allo-HCT) recipients undergoing GVHD prophylaxis,,,,2019/2023,primary,2.0,4.1
SAMEA120407322,PRJEB97686,,,adult,,,US,transplant_or_immunocompromised,allogeneic hematopoietic cell transplantation (allo-HCT) recipients undergoing GVHD prophylaxis,,,,2019/2023,primary,2.0,4.608
SAMEA120407323,PRJEB97686,,,adult,,,US,transplant_or_immunocompromised,allogeneic hematopoietic cell transplantation (allo-HCT) recipients undergoing GVHD prophylaxis,,,,2019/2023,primary,2.0,6.198
SAMEA120407324,PRJEB97686,,,adult,,,US,transplant_or_immunocompromised,allogeneic hematopoietic cell transplantation (allo-HCT) recipients undergoing GVHD prophylaxis,,,,2019/2023,primary,2.0,4.317
SAMEA120407325,PRJEB97686,,,adult,,,US,transplant_or_immunocompromised,allogeneic hematopoietic cell transplantation (allo-HCT) recipients undergoing GVHD prophylaxis,,,,2019/2023,primary,2.0,4.19
SAMEA120407326,PRJEB97686,,,adult,,,US,transplant_or_immunocompromised,allogeneic hematopoietic cell transplantation (allo-HCT) recipients undergoing GVHD prophylaxis,,,,2019/2023,primary,2.0,4.73
SAMEA120407327,PRJEB97686,,,adult,,,US,transplant_or_immunocompromised,allogeneic hematopoietic cell transplantation (allo-HCT) recipients undergoing GVHD prophylaxis,,,,2019/2023,primary,2.0,4.562
SAMEA120407328,PRJEB97686,,,adult,,,US,transplant_or_immunocompromised,allogeneic hematopoietic cell transplantation (allo-HCT) recipients undergoing GVHD prophylaxis,,,,2019/2023,primary,2.0,4.446
SAMEA120407329,PRJEB97686,,,adult,,,US,transplant_or_immunocompromised,allogeneic hematopoietic cell transplantation (allo-HCT) recipients undergoing GVHD prophylaxis,,,,2019/2023,primary,2.0,4.294
SAMEA120407330,PRJEB97686,,,adult,,,US,transplant_or_immunocompromised,allogeneic hematopoietic cell transplantation (allo-HCT) recipients undergoing GVHD prophylaxis,,,,2019/2023,primary,2.0,5.2
SAMEA120407331,PRJEB97686,,,adult,,,US,transplant_or_immunocompromised,allogeneic hematopoietic cell transplantation (allo-HCT) recipients undergoing GVHD prophylaxis,,,,2019/2023,primary,2.0,4.998
SAMEA120407332,PRJEB97686,,,adult,,,US,transplant_or_immunocompromised,allogeneic hematopoietic cell transplantation (allo-HCT) recipients undergoing GVHD prophylaxis,,,,2019/2023,primary,2.0,5.169
SAMEA120407333,PRJEB97686,,,adult,,,US,transplant_or_immunocompromised,allogeneic hematopoietic cell transplantation (allo-HCT) recipients undergoing GVHD prophylaxis,,,,2019/2023,primary,2.0,4.615
SAMEA120407334,PRJEB97686,,,adult,,,US,transplant_or_immunocompromised,allogeneic hematopoietic cell transplantation (allo-HCT) recipients undergoing GVHD prophylaxis,,,,2019/2023,primary,2.0,4.457
SAMEA120407335,PRJEB97686,,,adult,,,US,transplant_or_immunocompromised,allogeneic hematopoietic cell transplantation (allo-HCT) recipients undergoing GVHD prophylaxis,,,,2019/2023,primary,2.0,4.406
SAMEA120407336,PRJEB97686,,,adult,,,US,transplant_or_immunocompromised,allogeneic hematopoietic cell transplantation (allo-HCT) recipients undergoing GVHD prophylaxis,,,,2019/2023,primary,2.0,5.104
SAMEA120407337,PRJEB97686,,,adult,,,US,transplant_or_immunocompromised,allogeneic hematopoietic cell transplantation (allo-HCT) recipients undergoing GVHD prophylaxis,,,,2019/2023,primary,2.0,4.638
SAMEA120407338,PRJEB97686,,,adult,,,US,transplant_or_immunocompromised,allogeneic hematopoietic cell transplantation (allo-HCT) recipients undergoing GVHD prophylaxis,,,,2019/2023,primary,2.0,4.426
SAMEA120407339,PRJEB97686,,,adult,,,US,transplant_or_immunocompromised,allogeneic hematopoietic cell transplantation (allo-HCT) recipients undergoing GVHD prophylaxis,,,,2019/2023,primary,2.0,4.123
SAMEA120407340,PRJEB97686,,,adult,,,US,transplant_or_immunocompromised,allogeneic hematopoietic cell transplantation (allo-HCT) recipients undergoing GVHD prophylaxis,,,,2019/2023,primary,2.0,4.386
SAMEA120407341,PRJEB97686,,,adult,,,US,transplant_or_immunocompromised,allogeneic hematopoietic cell transplantation (allo-HCT) recipients undergoing GVHD prophylaxis,,,,2019/2023,primary,2.0,8.4
SAMEA120407342,PRJEB97686,,,adult,,,US,transplant_or_immunocompromised,allogeneic hematopoietic cell transplantation (allo-HCT) recipients undergoing GVHD prophylaxis,,,,2019/2023,primary,2.0,8.454
SAMEA120407343,PRJEB97686,,,adult,,,US,transplant_or_immunocompromised,allogeneic hematopoietic cell transplantation (allo-HCT) recipients undergoing GVHD prophylaxis,,,,2019/2023,primary,2.0,4.229
SAMEA120407344,PRJEB97686,,,adult,,,US,transplant_or_immunocompromised,allogeneic hematopoietic cell transplantation (allo-HCT) recipients undergoing GVHD prophylaxis,,,,2019/2023,primary,2.0,4.042
SAMEA120407345,PRJEB97686,,,adult,,,US,transplant_or_immunocompromised,allogeneic hematopoietic cell transplantation (allo-HCT) recipients undergoing GVHD prophylaxis,,,,2019/2023,primary,2.0,4.551
SAMEA120407346,PRJEB97686,,,adult,,,US,transplant_or_immunocompromised,allogeneic hematopoietic cell transplantation (allo-HCT) recipients undergoing GVHD prophylaxis,,,,2019/2023,primary,2.0,5.059
SAMEA120407347,PRJEB97686,,,adult,,,US,transplant_or_immunocompromised,allogeneic hematopoietic cell transplantation (allo-HCT) recipients undergoing GVHD prophylaxis,,,,2019/2023,primary,2.0,3.93
SAMEA120407348,PRJEB97686,,,adult,,,US,transplant_or_immunocompromised,allogeneic hematopoietic cell transplantation (allo-HCT) recipients undergoing GVHD prophylaxis,,,,2019/2023,primary,2.0,5.205
SAMEA120407349,PRJEB97686,,,adult,,,US,transplant_or_immunocompromised,allogeneic hematopoietic cell transplantation (allo-HCT) recipients undergoing GVHD prophylaxis,,,,2019/2023,primary,2.0,3.862
SAMEA120407350,PRJEB97686,,,adult,,,US,transplant_or_immunocompromised,allogeneic hematopoietic cell transplantation (allo-HCT) recipients undergoing GVHD prophylaxis,,,,2019/2023,primary,2.0,4.054
SAMEA120407351,PRJEB97686,,,adult,,,US,transplant_or_immunocompromised,allogeneic hematopoietic cell transplantation (allo-HCT) recipients undergoing GVHD prophylaxis,,,,2019/2023,primary,2.0,4.117
SAMEA120407352,PRJEB97686,,,adult,,,US,transplant_or_immunocompromised,allogeneic hematopoietic cell transplantation (allo-HCT) recipients undergoing GVHD prophylaxis,,,,2019/2023,primary,2.0,4.01
SAMEA120407353,PRJEB97686,,,adult,,,US,transplant_or_immunocompromised,allogeneic hematopoietic cell transplantation (allo-HCT) recipients undergoing GVHD prophylaxis,,,,2019/2023,primary,2.0,4.877
SAMEA120407354,PRJEB97686,,,adult,,,US,transplant_or_immunocompromised,allogeneic hematopoietic cell transplantation (allo-HCT) recipients undergoing GVHD prophylaxis,,,,2019/2023,primary,2.0,9.844
SAMEA120407355,PRJEB97686,,,adult,,,US,transplant_or_immunocompromised,allogeneic hematopoietic cell transplantation (allo-HCT) recipients undergoing GVHD prophylaxis,,,,2019/2023,primary,2.0,4.595
SAMEA120407356,PRJEB97686,,,adult,,,US,transplant_or_immunocompromised,allogeneic hematopoietic cell transplantation (allo-HCT) recipients undergoing GVHD prophylaxis,,,,2019/2023,primary,2.0,4.826
SAMEA120407357,PRJEB97686,,,adult,,,US,transplant_or_immunocompromised,allogeneic hematopoietic cell transplantation (allo-HCT) recipients undergoing GVHD prophylaxis,,,,2019/2023,primary,2.0,4.51
SAMEA120407358,PRJEB97686,,,adult,,,US,transplant_or_immunocompromised,allogeneic hematopoietic cell transplantation (allo-HCT) recipients undergoing GVHD prophylaxis,,,,2019/2023,primary,2.0,4.577
SAMEA120407359,PRJEB97686,,,adult,,,US,transplant_or_immunocompromised,allogeneic hematopoietic cell transplantation (allo-HCT) recipients undergoing GVHD prophylaxis,,,,2019/2023,primary,2.0,4.661
SAMEA120407360,PRJEB97686,,,adult,,,US,transplant_or_immunocompromised,allogeneic hematopoietic cell transplantation (allo-HCT) recipients undergoing GVHD prophylaxis,,,,2019/2023,primary,2.0,4.522
SAMEA120407361,PRJEB97686,,,adult,,,US,transplant_or_immunocompromised,allogeneic hematopoietic cell transplantation (allo-HCT) recipients undergoing GVHD prophylaxis,,,,2019/2023,primary,2.0,4.161
SAMEA120407362,PRJEB97686,,,adult,,,US,transplant_or_immunocompromised,allogeneic hematopoietic cell transplantation (allo-HCT) recipients undergoing GVHD prophylaxis,,,,2019/2023,primary,2.0,4.09
SAMEA120407363,PRJEB97686,,,adult,,,US,transplant_or_immunocompromised,allogeneic hematopoietic cell transplantation (allo-HCT) recipients undergoing GVHD prophylaxis,,,,2019/2023,primary,2.0,4.255
SAMEA120407364,PRJEB97686,,,adult,,,US,transplant_or_immunocompromised,allogeneic hematopoietic cell transplantation (allo-HCT) recipients undergoing GVHD prophylaxis,,,,2019/2023,primary,2.0,4.249
SAMEA120407365,PRJEB97686,,,adult,,,US,transplant_or_immunocompromised,allogeneic hematopoietic cell transplantation (allo-HCT) recipients undergoing GVHD prophylaxis,,,,2019/2023,primary,2.0,14.197
SAMEA120407366,PRJEB97686,,,adult,,,US,transplant_or_immunocompromised,allogeneic hematopoietic cell transplantation (allo-HCT) recipients undergoing GVHD prophylaxis,,,,2019/2023,primary,2.0,10.469
SAMEA120407367,PRJEB97686,,,adult,,,US,transplant_or_immunocompromised,allogeneic hematopoietic cell transplantation (allo-HCT) recipients undergoing GVHD prophylaxis,,,,2019/2023,primary,2.0,4.289
SAMEA120407368,PRJEB97686,,,adult,,,US,transplant_or_immunocompromised,allogeneic hematopoietic cell transplantation (allo-HCT) recipients undergoing GVHD prophylaxis,,,,2019/2023,primary,2.0,4.345
SAMEA120407369,PRJEB97686,,,adult,,,US,transplant_or_immunocompromised,allogeneic hematopoietic cell transplantation (allo-HCT) recipients undergoing GVHD prophylaxis,,,,2019/2023,primary,2.0,4.28
SAMEA120407370,PRJEB97686,,,adult,,,US,transplant_or_immunocompromised,allogeneic hematopoietic cell transplantation (allo-HCT) recipients undergoing GVHD prophylaxis,,,,2019/2023,primary,2.0,4.626
SAMEA120407371,PRJEB97686,,,adult,,,US,transplant_or_immunocompromised,allogeneic hematopoietic cell transplantation (allo-HCT) recipients undergoing GVHD prophylaxis,,,,2019/2023,primary,2.0,4.461
SAMEA120407372,PRJEB97686,,,adult,,,US,transplant_or_immunocompromised,allogeneic hematopoietic cell transplantation (allo-HCT) recipients undergoing GVHD prophylaxis,,,,2019/2023,primary,2.0,4.605
SAMEA120407373,PRJEB97686,,,adult,,,US,transplant_or_immunocompromised,allogeneic hematopoietic cell transplantation (allo-HCT) recipients undergoing GVHD prophylaxis,,,,2019/2023,primary,2.0,4.862
SAMEA120407374,PRJEB97686,,,adult,,,US,transplant_or_immunocompromised,allogeneic hematopoietic cell transplantation (allo-HCT) recipients undergoing GVHD prophylaxis,,,,2019/2023,primary,2.0,4.477
SAMEA120407375,PRJEB97686,,,adult,,,US,transplant_or_immunocompromised,allogeneic hematopoietic cell transplantation (allo-HCT) recipients undergoing GVHD prophylaxis,,,,2019/2023,primary,2.0,4.528
SAMEA120407376,PRJEB97686,,,adult,,,US,transplant_or_immunocompromised,allogeneic hematopoietic cell transplantation (allo-HCT) recipients undergoing GVHD prophylaxis,,,,2019/2023,primary,2.0,2.487
SAMEA120407377,PRJEB97686,,,adult,,,US,transplant_or_immunocompromised,allogeneic hematopoietic cell transplantation (allo-HCT) recipients undergoing GVHD prophylaxis,,,,2019/2023,primary,2.0,4.684
SAMEA120407378,PRJEB97686,,,adult,,,US,transplant_or_immunocompromised,allogeneic hematopoietic cell transplantation (allo-HCT) recipients undergoing GVHD prophylaxis,,,,2019/2023,primary,2.0,5.569
SAMEA120407379,PRJEB97686,,,adult,,,US,transplant_or_immunocompromised,allogeneic hematopoietic cell transplantation (allo-HCT) recipients undergoing GVHD prophylaxis,,,,2019/2023,primary,1.0,4.343
SAMEA120407380,PRJEB97686,,,adult,,,US,transplant_or_immunocompromised,allogeneic hematopoietic cell transplantation (allo-HCT) recipients undergoing GVHD prophylaxis,,,,2019/2023,primary,2.0,4.803
SAMEA120407381,PRJEB97686,,,adult,,,US,transplant_or_immunocompromised,allogeneic hematopoietic cell transplantation (allo-HCT) recipients undergoing GVHD prophylaxis,,,,2019/2023,primary,2.0,4.427
SAMEA120407382,PRJEB97686,,,adult,,,US,transplant_or_immunocompromised,allogeneic hematopoietic cell transplantation (allo-HCT) recipients undergoing GVHD prophylaxis,,,,2019/2023,primary,2.0,5.002
SAMEA120407383,PRJEB97686,,,adult,,,US,transplant_or_immunocompromised,allogeneic hematopoietic cell transplantation (allo-HCT) recipients undergoing GVHD prophylaxis,,,,2019/2023,primary,2.0,4.728
SAMEA120407384,PRJEB97686,,,adult,,,US,transplant_or_immunocompromised,allogeneic hematopoietic cell transplantation (allo-HCT) recipients undergoing GVHD prophylaxis,,,,2019/2023,primary,2.0,4.392
SAMEA120407385,PRJEB97686,,,adult,,,US,transplant_or_immunocompromised,allogeneic hematopoietic cell transplantation (allo-HCT) recipients undergoing GVHD prophylaxis,,,,2019/2023,primary,2.0,4.596
SAMEA120407386,PRJEB97686,,,adult,,,US,transplant_or_immunocompromised,allogeneic hematopoietic cell transplantation (allo-HCT) recipients undergoing GVHD prophylaxis,,,,2019/2023,primary,2.0,4.507
SAMEA120407387,PRJEB97686,,,adult,,,US,transplant_or_immunocompromised,allogeneic hematopoietic cell transplantation (allo-HCT) recipients undergoing GVHD prophylaxis,,,,2019/2023,primary,2.0,4.036
SAMEA120407388,PRJEB97686,,,adult,,,US,transplant_or_immunocompromised,allogeneic hematopoietic cell transplantation (allo-HCT) recipients undergoing GVHD prophylaxis,,,,2019/2023,primary,2.0,4.728
SAMEA120407389,PRJEB97686,,,adult,,,US,transplant_or_immunocompromised,allogeneic hematopoietic cell transplantation (allo-HCT) recipients undergoing GVHD prophylaxis,,,,2019/2023,primary,2.0,4.234
SAMEA120407390,PRJEB97686,,,adult,,,US,transplant_or_immunocompromised,allogeneic hematopoietic cell transplantation (allo-HCT) recipients undergoing GVHD prophylaxis,,,,2019/2023,primary,2.0,4.182
SAMEA120407391,PRJEB97686,,,adult,,,US,transplant_or_immunocompromised,allogeneic hematopoietic cell transplantation (allo-HCT) recipients undergoing GVHD prophylaxis,,,,2019/2023,primary,1.0,0.003
SAMEA120407392,PRJEB97686,,,adult,,,US,transplant_or_immunocompromised,allogeneic hematopoietic cell transplantation (allo-HCT) recipients undergoing GVHD prophylaxis,,,,2019/2023,primary,2.0,5.082
SAMEA120407393,PRJEB97686,,,adult,,,US,transplant_or_immunocompromised,allogeneic hematopoietic cell transplantation (allo-HCT) recipients undergoing GVHD prophylaxis,,,,2019/2023,primary,2.0,3.997
SAMEA120407394,PRJEB97686,,,adult,,,US,transplant_or_immunocompromised,allogeneic hematopoietic cell transplantation (allo-HCT) recipients undergoing GVHD prophylaxis,,,,2019/2023,primary,2.0,4.254
SAMEA120407395,PRJEB97686,,,adult,,,US,transplant_or_immunocompromised,allogeneic hematopoietic cell transplantation (allo-HCT) recipients undergoing GVHD prophylaxis,,,,2019/2023,primary,2.0,3.974
SAMEA120407396,PRJEB97686,,,adult,,,US,transplant_or_immunocompromised,allogeneic hematopoietic cell transplantation (allo-HCT) recipients undergoing GVHD prophylaxis,,,,2019/2023,primary,2.0,3.746
SAMEA120407397,PRJEB97686,,,adult,,,US,transplant_or_immunocompromised,allogeneic hematopoietic cell transplantation (allo-HCT) recipients undergoing GVHD prophylaxis,,,,2019/2023,primary,2.0,4.036
SAMEA120407398,PRJEB97686,,,adult,,,US,transplant_or_immunocompromised,allogeneic hematopoietic cell transplantation (allo-HCT) recipients undergoing GVHD prophylaxis,,,,2019/2023,primary,2.0,4.108
SAMEA120407399,PRJEB97686,,,adult,,,US,transplant_or_immunocompromised,allogeneic hematopoietic cell transplantation (allo-HCT) recipients undergoing GVHD prophylaxis,,,,2019/2023,primary,2.0,3.867
SAMEA120407400,PRJEB97686,,,adult,,,US,transplant_or_immunocompromised,allogeneic hematopoietic cell transplantation (allo-HCT) recipients undergoing GVHD prophylaxis,,,,2019/2023,primary,2.0,4.683
SAMEA120407401,PRJEB97686,,,adult,,,US,transplant_or_immunocompromised,allogeneic hematopoietic cell transplantation (allo-HCT) recipients undergoing GVHD prophylaxis,,,,2019/2023,primary,2.0,4.056
SAMEA120407402,PRJEB97686,,,adult,,,US,transplant_or_immunocompromised,allogeneic hematopoietic cell transplantation (allo-HCT) recipients undergoing GVHD prophylaxis,,,,2019/2023,primary,2.0,3.853
SAMEA120407403,PRJEB97686,,,adult,,,US,transplant_or_immunocompromised,allogeneic hematopoietic cell transplantation (allo-HCT) recipients undergoing GVHD prophylaxis,,,,2019/2023,primary,2.0,3.732
SAMEA120407404,PRJEB97686,,,adult,,,US,transplant_or_immunocompromised,allogeneic hematopoietic cell transplantation (allo-HCT) recipients undergoing GVHD prophylaxis,,,,2019/2023,primary,2.0,3.867
SAMEA120407405,PRJEB97686,,,adult,,,US,transplant_or_immunocompromised,allogeneic hematopoietic cell transplantation (allo-HCT) recipients undergoing GVHD prophylaxis,,,,2019/2023,primary,2.0,4.326
SAMEA120407406,PRJEB97686,,,adult,,,US,transplant_or_immunocompromised,allogeneic hematopoietic cell transplantation (allo-HCT) recipients undergoing GVHD prophylaxis,,,,2019/2023,primary,2.0,4.506
SAMEA120407407,PRJEB97686,,,adult,,,US,transplant_or_immunocompromised,allogeneic hematopoietic cell transplantation (allo-HCT) recipients undergoing GVHD prophylaxis,,,,2019/2023,primary,2.0,5.343
SAMEA120407408,PRJEB97686,,,adult,,,US,transplant_or_immunocompromised,allogeneic hematopoietic cell transplantation (allo-HCT) recipients undergoing GVHD prophylaxis,,,,2019/2023,primary,2.0,5.606
SAMEA120407409,PRJEB97686,,,adult,,,US,transplant_or_immunocompromised,allogeneic hematopoietic cell transplantation (allo-HCT) recipients undergoing GVHD prophylaxis,,,,2019/2023,primary,2.0,4.54
SAMEA120407410,PRJEB97686,,,adult,,,US,transplant_or_immunocompromised,allogeneic hematopoietic cell transplantation (allo-HCT) recipients undergoing GVHD prophylaxis,,,,2019/2023,primary,2.0,4.479
SAMEA120407411,PRJEB97686,,,adult,,,US,transplant_or_immunocompromised,allogeneic hematopoietic cell transplantation (allo-HCT) recipients undergoing GVHD prophylaxis,,,,2019/2023,primary,2.0,6.036
SAMEA120407412,PRJEB97686,,,adult,,,US,transplant_or_immunocompromised,allogeneic hematopoietic cell transplantation (allo-HCT) recipients undergoing GVHD prophylaxis,,,,2019/2023,primary,2.0,4.752
SAMEA120407413,PRJEB97686,,,adult,,,US,transplant_or_immunocompromised,allogeneic hematopoietic cell transplantation (allo-HCT) recipients undergoing GVHD prophylaxis,,,,2019/2023,primary,2.0,5.105
SAMEA120407414,PRJEB97686,,,adult,,,US,transplant_or_immunocompromised,allogeneic hematopoietic cell transplantation (allo-HCT) recipients undergoing GVHD prophylaxis,,,,2019/2023,primary,2.0,4.53
SAMEA120407415,PRJEB97686,,,adult,,,US,transplant_or_immunocompromised,allogeneic hematopoietic cell transplantation (allo-HCT) recipients undergoing GVHD prophylaxis,,,,2019/2023,primary,2.0,4.672
SAMEA120407416,PRJEB97686,,,adult,,,US,transplant_or_immunocompromised,allogeneic hematopoietic cell transplantation (allo-HCT) recipients undergoing GVHD prophylaxis,,,,2019/2023,primary,2.0,4.352
SAMEA120407417,PRJEB97686,,,adult,,,US,transplant_or_immunocompromised,allogeneic hematopoietic cell transplantation (allo-HCT) recipients undergoing GVHD prophylaxis,,,,2019/2023,primary,2.0,4.814
SAMEA120407418,PRJEB97686,,,adult,,,US,transplant_or_immunocompromised,allogeneic hematopoietic cell transplantation (allo-HCT) recipients undergoing GVHD prophylaxis,,,,2019/2023,primary,2.0,5.449
SAMEA120407419,PRJEB97686,,,adult,,,US,transplant_or_immunocompromised,allogeneic hematopoietic cell transplantation (allo-HCT) recipients undergoing GVHD prophylaxis,,,,2019/2023,primary,2.0,7.099
SAMEA120407420,PRJEB97686,,,adult,,,US,transplant_or_immunocompromised,allogeneic hematopoietic cell transplantation (allo-HCT) recipients undergoing GVHD prophylaxis,,,,2019/2023,primary,2.0,4.746
SAMEA120407421,PRJEB97686,,,adult,,,US,transplant_or_immunocompromised,allogeneic hematopoietic cell transplantation (allo-HCT) recipients undergoing GVHD prophylaxis,,,,2019/2023,primary,2.0,4.322
SAMEA120407422,PRJEB97686,,,adult,,,US,transplant_or_immunocompromised,allogeneic hematopoietic cell transplantation (allo-HCT) recipients undergoing GVHD prophylaxis,,,,2019/2023,primary,2.0,4.729
SAMEA120407423,PRJEB97686,,,adult,,,US,transplant_or_immunocompromised,allogeneic hematopoietic cell transplantation (allo-HCT) recipients undergoing GVHD prophylaxis,,,,2019/2023,primary,2.0,4.78
SAMEA120407424,PRJEB97686,,,adult,,,US,transplant_or_immunocompromised,allogeneic hematopoietic cell transplantation (allo-HCT) recipients undergoing GVHD prophylaxis,,,,2019/2023,primary,2.0,4.981
SAMEA120407425,PRJEB97686,,,adult,,,US,transplant_or_immunocompromised,allogeneic hematopoietic cell transplantation (allo-HCT) recipients undergoing GVHD prophylaxis,,,,2019/2023,primary,2.0,4.928
SAMEA120407426,PRJEB97686,,,adult,,,US,transplant_or_immunocompromised,allogeneic hematopoietic cell transplantation (allo-HCT) recipients undergoing GVHD prophylaxis,,,,2019/2023,primary,2.0,4.47
SAMEA120407427,PRJEB97686,,,adult,,,US,transplant_or_immunocompromised,allogeneic hematopoietic cell transplantation (allo-HCT) recipients undergoing GVHD prophylaxis,,,,2019/2023,primary,2.0,4.916
SAMEA120407428,PRJEB97686,,,adult,,,US,transplant_or_immunocompromised,allogeneic hematopoietic cell transplantation (allo-HCT) recipients undergoing GVHD prophylaxis,,,,2019/2023,primary,2.0,4.141
SAMEA120407429,PRJEB97686,,,adult,,,US,transplant_or_immunocompromised,allogeneic hematopoietic cell transplantation (allo-HCT) recipients undergoing GVHD prophylaxis,,,,2019/2023,primary,2.0,3.532
SAMEA120407430,PRJEB97686,,,adult,,,US,transplant_or_immunocompromised,allogeneic hematopoietic cell transplantation (allo-HCT) recipients undergoing GVHD prophylaxis,,,,2019/2023,primary,2.0,4.64
SAMEA120407431,PRJEB97686,,,adult,,,US,transplant_or_immunocompromised,allogeneic hematopoietic cell transplantation (allo-HCT) recipients undergoing GVHD prophylaxis,,,,2019/2023,primary,2.0,4.462
SAMEA120407432,PRJEB97686,,,adult,,,US,transplant_or_immunocompromised,allogeneic hematopoietic cell transplantation (allo-HCT) recipients undergoing GVHD prophylaxis,,,,2019/2023,primary,2.0,4.325
SAMEA120407433,PRJEB97686,,,adult,,,US,transplant_or_immunocompromised,allogeneic hematopoietic cell transplantation (allo-HCT) recipients undergoing GVHD prophylaxis,,,,2019/2023,primary,2.0,5.619
SAMEA120407434,PRJEB97686,,,adult,,,US,transplant_or_immunocompromised,allogeneic hematopoietic cell transplantation (allo-HCT) recipients undergoing GVHD prophylaxis,,,,2019/2023,primary,2.0,4.3
SAMEA120407435,PRJEB97686,,,adult,,,US,transplant_or_immunocompromised,allogeneic hematopoietic cell transplantation (allo-HCT) recipients undergoing GVHD prophylaxis,,,,2019/2023,primary,2.0,4.473
SAMEA120407436,PRJEB97686,,,adult,,,US,transplant_or_immunocompromised,allogeneic hematopoietic cell transplantation (allo-HCT) recipients undergoing GVHD prophylaxis,,,,2019/2023,primary,2.0,5.009
SAMEA120407437,PRJEB97686,,,adult,,,US,transplant_or_immunocompromised,allogeneic hematopoietic cell transplantation (allo-HCT) recipients undergoing GVHD prophylaxis,,,,2019/2023,primary,2.0,4.68
SAMEA120407438,PRJEB97686,,,adult,,,US,transplant_or_immunocompromised,allogeneic hematopoietic cell transplantation (allo-HCT) recipients undergoing GVHD prophylaxis,,,,2019/2023,primary,2.0,5.624
SAMEA120407439,PRJEB97686,,,adult,,,US,transplant_or_immunocompromised,allogeneic hematopoietic cell transplantation (allo-HCT) recipients undergoing GVHD prophylaxis,,,,2019/2023,primary,2.0,4.428
SAMEA120407440,PRJEB97686,,,adult,,,US,transplant_or_immunocompromised,allogeneic hematopoietic cell transplantation (allo-HCT) recipients undergoing GVHD prophylaxis,,,,2019/2023,primary,2.0,3.882
SAMEA120407441,PRJEB97686,,,adult,,,US,transplant_or_immunocompromised,allogeneic hematopoietic cell transplantation (allo-HCT) recipients undergoing GVHD prophylaxis,,,,2019/2023,primary,2.0,4.674
SAMEA120407442,PRJEB97686,,,adult,,,US,transplant_or_immunocompromised,allogeneic hematopoietic cell transplantation (allo-HCT) recipients undergoing GVHD prophylaxis,,,,2019/2023,primary,2.0,4.724
SAMEA120407443,PRJEB97686,,,adult,,,US,transplant_or_immunocompromised,allogeneic hematopoietic cell transplantation (allo-HCT) recipients undergoing GVHD prophylaxis,,,,2019/2023,primary,2.0,4.918
SAMEA120407444,PRJEB97686,,,adult,,,US,transplant_or_immunocompromised,allogeneic hematopoietic cell transplantation (allo-HCT) recipients undergoing GVHD prophylaxis,,,,2019/2023,primary,2.0,4.803
SAMEA120407445,PRJEB97686,,,adult,,,US,transplant_or_immunocompromised,allogeneic hematopoietic cell transplantation (allo-HCT) recipients undergoing GVHD prophylaxis,,,,2019/2023,primary,2.0,4.107
SAMEA120407446,PRJEB97686,,,adult,,,US,transplant_or_immunocompromised,allogeneic hematopoietic cell transplantation (allo-HCT) recipients undergoing GVHD prophylaxis,,,,2019/2023,primary,2.0,4.281
SAMEA120407447,PRJEB97686,,,adult,,,US,transplant_or_immunocompromised,allogeneic hematopoietic cell transplantation (allo-HCT) recipients undergoing GVHD prophylaxis,,,,2019/2023,primary,2.0,3.582
SAMEA120407448,PRJEB97686,,,adult,,,US,transplant_or_immunocompromised,allogeneic hematopoietic cell transplantation (allo-HCT) recipients undergoing GVHD prophylaxis,,,,2019/2023,primary,2.0,4.819
SAMEA120407449,PRJEB97686,,,adult,,,US,transplant_or_immunocompromised,allogeneic hematopoietic cell transplantation (allo-HCT) recipients undergoing GVHD prophylaxis,,,,2019/2023,primary,2.0,4.141
SAMEA120407450,PRJEB97686,,,adult,,,US,transplant_or_immunocompromised,allogeneic hematopoietic cell transplantation (allo-HCT) recipients undergoing GVHD prophylaxis,,,,2019/2023,primary,2.0,4.464
SAMEA120407451,PRJEB97686,,,adult,,,US,transplant_or_immunocompromised,allogeneic hematopoietic cell transplantation (allo-HCT) recipients undergoing GVHD prophylaxis,,,,2019/2023,primary,2.0,4.558
SAMEA120407452,PRJEB97686,,,adult,,,US,transplant_or_immunocompromised,allogeneic hematopoietic cell transplantation (allo-HCT) recipients undergoing GVHD prophylaxis,,,,2019/2023,primary,2.0,4.094
SAMEA120407453,PRJEB97686,,,adult,,,US,transplant_or_immunocompromised,allogeneic hematopoietic cell transplantation (allo-HCT) recipients undergoing GVHD prophylaxis,,,,2019/2023,primary,2.0,4.246
SAMEA120407454,PRJEB97686,,,adult,,,US,transplant_or_immunocompromised,allogeneic hematopoietic cell transplantation (allo-HCT) recipients undergoing GVHD prophylaxis,,,,2019/2023,primary,2.0,4.522
SAMEA120407455,PRJEB97686,,,adult,,,US,transplant_or_immunocompromised,allogeneic hematopoietic cell transplantation (allo-HCT) recipients undergoing GVHD prophylaxis,,,,2019/2023,primary,2.0,4.726
SAMEA120407456,PRJEB97686,,,adult,,,US,transplant_or_immunocompromised,allogeneic hematopoietic cell transplantation (allo-HCT) recipients undergoing GVHD prophylaxis,,,,2019/2023,primary,2.0,4.988
SAMEA120407457,PRJEB97686,,,adult,,,US,transplant_or_immunocompromised,allogeneic hematopoietic cell transplantation (allo-HCT) recipients undergoing GVHD prophylaxis,,,,2019/2023,primary,2.0,4.372
SAMEA120407458,PRJEB97686,,,adult,,,US,transplant_or_immunocompromised,allogeneic hematopoietic cell transplantation (allo-HCT) recipients undergoing GVHD prophylaxis,,,,2019/2023,primary,2.0,4.86
SAMEA120407459,PRJEB97686,,,adult,,,US,transplant_or_immunocompromised,allogeneic hematopoietic cell transplantation (allo-HCT) recipients undergoing GVHD prophylaxis,,,,2019/2023,primary,2.0,5.383
SAMEA120407460,PRJEB97686,,,adult,,,US,transplant_or_immunocompromised,allogeneic hematopoietic cell transplantation (allo-HCT) recipients undergoing GVHD prophylaxis,,,,2019/2023,primary,2.0,5.224
SAMEA120407461,PRJEB97686,,,adult,,,US,transplant_or_immunocompromised,allogeneic hematopoietic cell transplantation (allo-HCT) recipients undergoing GVHD prophylaxis,,,,2019/2023,primary,2.0,4.972
SAMEA120407462,PRJEB97686,,,adult,,,US,transplant_or_immunocompromised,allogeneic hematopoietic cell transplantation (allo-HCT) recipients undergoing GVHD prophylaxis,,,,2019/2023,primary,2.0,4.882
SAMEA120407463,PRJEB97686,,,adult,,,US,transplant_or_immunocompromised,allogeneic hematopoietic cell transplantation (allo-HCT) recipients undergoing GVHD prophylaxis,,,,2019/2023,primary,2.0,4.112
SAMEA120407464,PRJEB97686,,,adult,,,US,transplant_or_immunocompromised,allogeneic hematopoietic cell transplantation (allo-HCT) recipients undergoing GVHD prophylaxis,,,,2019/2023,primary,2.0,4.986
SAMEA120407465,PRJEB97686,,,adult,,,US,transplant_or_immunocompromised,allogeneic hematopoietic cell transplantation (allo-HCT) recipients undergoing GVHD prophylaxis,,,,2019/2023,primary,2.0,3.908
SAMEA120407466,PRJEB97686,,,adult,,,US,transplant_or_immunocompromised,allogeneic hematopoietic cell transplantation (allo-HCT) recipients undergoing GVHD prophylaxis,,,,2019/2023,primary,2.0,3.85
SAMEA120407467,PRJEB97686,,,adult,,,US,transplant_or_immunocompromised,allogeneic hematopoietic cell transplantation (allo-HCT) recipients undergoing GVHD prophylaxis,,,,2019/2023,primary,2.0,4.095
SAMEA120407468,PRJEB97686,,,adult,,,US,transplant_or_immunocompromised,allogeneic hematopoietic cell transplantation (allo-HCT) recipients undergoing GVHD prophylaxis,,,,2019/2023,primary,2.0,3.685
SAMEA120407469,PRJEB97686,,,adult,,,US,transplant_or_immunocompromised,allogeneic hematopoietic cell transplantation (allo-HCT) recipients undergoing GVHD prophylaxis,,,,2019/2023,primary,2.0,3.673
SAMEA120407470,PRJEB97686,,,adult,,,US,transplant_or_immunocompromised,allogeneic hematopoietic cell transplantation (allo-HCT) recipients undergoing GVHD prophylaxis,,,,2019/2023,primary,2.0,4.146
SAMEA120407471,PRJEB97686,,,adult,,,US,transplant_or_immunocompromised,allogeneic hematopoietic cell transplantation (allo-HCT) recipients undergoing GVHD prophylaxis,,,,2019/2023,primary,2.0,3.879
SAMEA120407472,PRJEB97686,,,adult,,,US,transplant_or_immunocompromised,allogeneic hematopoietic cell transplantation (allo-HCT) recipients undergoing GVHD prophylaxis,,,,2019/2023,primary,2.0,4.097
SAMEA120407473,PRJEB97686,,,adult,,,US,transplant_or_immunocompromised,allogeneic hematopoietic cell transplantation (allo-HCT) recipients undergoing GVHD prophylaxis,,,,2019/2023,primary,2.0,4.06
SAMEA120407474,PRJEB97686,,,adult,,,US,transplant_or_immunocompromised,allogeneic hematopoietic cell transplantation (allo-HCT) recipients undergoing GVHD prophylaxis,,,,2019/2023,primary,2.0,4.069
SAMEA120407475,PRJEB97686,,,adult,,,US,transplant_or_immunocompromised,allogeneic hematopoietic cell transplantation (allo-HCT) recipients undergoing GVHD prophylaxis,,,,2019/2023,primary,2.0,4.055
SAMEA120407476,PRJEB97686,,,adult,,,US,transplant_or_immunocompromised,allogeneic hematopoietic cell transplantation (allo-HCT) recipients undergoing GVHD prophylaxis,,,,2019/2023,primary,2.0,4.081
SAMEA120407477,PRJEB97686,,,adult,,,US,transplant_or_immunocompromised,allogeneic hematopoietic cell transplantation (allo-HCT) recipients undergoing GVHD prophylaxis,,,,2019/2023,primary,2.0,4.246
SAMEA120407478,PRJEB97686,,,adult,,,US,transplant_or_immunocompromised,allogeneic hematopoietic cell transplantation (allo-HCT) recipients undergoing GVHD prophylaxis,,,,2019/2023,primary,2.0,4.715
SAMEA120407479,PRJEB97686,,,adult,,,US,transplant_or_immunocompromised,allogeneic hematopoietic cell transplantation (allo-HCT) recipients undergoing GVHD prophylaxis,,,,2019/2023,primary,2.0,4.702
SAMEA120407480,PRJEB97686,,,adult,,,US,transplant_or_immunocompromised,allogeneic hematopoietic cell transplantation (allo-HCT) recipients undergoing GVHD prophylaxis,,,,2019/2023,primary,2.0,4.186
SAMEA120407481,PRJEB97686,,,adult,,,US,transplant_or_immunocompromised,allogeneic hematopoietic cell transplantation (allo-HCT) recipients undergoing GVHD prophylaxis,,,,2019/2023,primary,2.0,4.07
SAMEA120407482,PRJEB97686,,,adult,,,US,transplant_or_immunocompromised,allogeneic hematopoietic cell transplantation (allo-HCT) recipients undergoing GVHD prophylaxis,,,,2019/2023,primary,2.0,4.437
SAMEA120407483,PRJEB97686,,,adult,,,US,transplant_or_immunocompromised,allogeneic hematopoietic cell transplantation (allo-HCT) recipients undergoing GVHD prophylaxis,,,,2019/2023,primary,2.0,4.318
SAMEA120407484,PRJEB97686,,,adult,,,US,transplant_or_immunocompromised,allogeneic hematopoietic cell transplantation (allo-HCT) recipients undergoing GVHD prophylaxis,,,,2019/2023,primary,2.0,4.18
SAMEA120407485,PRJEB97686,,,adult,,,US,transplant_or_immunocompromised,allogeneic hematopoietic cell transplantation (allo-HCT) recipients undergoing GVHD prophylaxis,,,,2019/2023,primary,2.0,5.894
SAMEA120407486,PRJEB97686,,,adult,,,US,transplant_or_immunocompromised,allogeneic hematopoietic cell transplantation (allo-HCT) recipients undergoing GVHD prophylaxis,,,,2019/2023,primary,2.0,4.859
SAMEA120407487,PRJEB97686,,,adult,,,US,transplant_or_immunocompromised,allogeneic hematopoietic cell transplantation (allo-HCT) recipients undergoing GVHD prophylaxis,,,,2019/2023,primary,1.0,0.005
SAMEA120407488,PRJEB97686,,,adult,,,US,transplant_or_immunocompromised,allogeneic hematopoietic cell transplantation (allo-HCT) recipients undergoing GVHD prophylaxis,,,,2019/2023,primary,2.0,4.227
SAMEA120407489,PRJEB97686,,,adult,,,US,transplant_or_immunocompromised,allogeneic hematopoietic cell transplantation (allo-HCT) recipients undergoing GVHD prophylaxis,,,,2019/2023,primary,2.0,5.251
SAMEA120407490,PRJEB97686,,,adult,,,US,transplant_or_immunocompromised,allogeneic hematopoietic cell transplantation (allo-HCT) recipients undergoing GVHD prophylaxis,,,,2019/2023,primary,2.0,4.674
SAMEA120407491,PRJEB97686,,,adult,,,US,transplant_or_immunocompromised,allogeneic hematopoietic cell transplantation (allo-HCT) recipients undergoing GVHD prophylaxis,,,,2019/2023,primary,2.0,4.185
SAMEA120407492,PRJEB97686,,,adult,,,US,transplant_or_immunocompromised,allogeneic hematopoietic cell transplantation (allo-HCT) recipients undergoing GVHD prophylaxis,,,,2019/2023,primary,2.0,5.06
SAMEA120407493,PRJEB97686,,,adult,,,US,transplant_or_immunocompromised,allogeneic hematopoietic cell transplantation (allo-HCT) recipients undergoing GVHD prophylaxis,,,,2019/2023,primary,2.0,4.483
SAMEA120407494,PRJEB97686,,,adult,,,US,transplant_or_immunocompromised,allogeneic hematopoietic cell transplantation (allo-HCT) recipients undergoing GVHD prophylaxis,,,,2019/2023,primary,2.0,4.966
SAMEA120407495,PRJEB97686,,,adult,,,US,transplant_or_immunocompromised,allogeneic hematopoietic cell transplantation (allo-HCT) recipients undergoing GVHD prophylaxis,,,,2019/2023,primary,2.0,4.833
SAMEA120407496,PRJEB97686,,,adult,,,US,transplant_or_immunocompromised,allogeneic hematopoietic cell transplantation (allo-HCT) recipients undergoing GVHD prophylaxis,,,,2019/2023,primary,2.0,3.875
SAMEA120407497,PRJEB97686,,,adult,,,US,transplant_or_immunocompromised,allogeneic hematopoietic cell transplantation (allo-HCT) recipients undergoing GVHD prophylaxis,,,,2019/2023,primary,2.0,5.542
SAMEA120407498,PRJEB97686,,,adult,,,US,transplant_or_immunocompromised,allogeneic hematopoietic cell transplantation (allo-HCT) recipients undergoing GVHD prophylaxis,,,,2019/2023,primary,2.0,5.174
SAMEA120407499,PRJEB97686,,,adult,,,US,transplant_or_immunocompromised,allogeneic hematopoietic cell transplantation (allo-HCT) recipients undergoing GVHD prophylaxis,,,,2019/2023,primary,2.0,5.032
SAMEA120407500,PRJEB97686,,,adult,,,US,transplant_or_immunocompromised,allogeneic hematopoietic cell transplantation (allo-HCT) recipients undergoing GVHD prophylaxis,,,,2019/2023,primary,2.0,4.405
SAMEA120407501,PRJEB97686,,,adult,,,US,transplant_or_immunocompromised,allogeneic hematopoietic cell transplantation (allo-HCT) recipients undergoing GVHD prophylaxis,,,,2019/2023,primary,2.0,4.286
SAMEA120407502,PRJEB97686,,,adult,,,US,transplant_or_immunocompromised,allogeneic hematopoietic cell transplantation (allo-HCT) recipients undergoing GVHD prophylaxis,,,,2019/2023,primary,2.0,4.761
SAMEA120407503,PRJEB97686,,,adult,,,US,transplant_or_immunocompromised,allogeneic hematopoietic cell transplantation (allo-HCT) recipients undergoing GVHD prophylaxis,,,,2019/2023,primary,2.0,4.256
SAMEA120407504,PRJEB97686,,,adult,,,US,transplant_or_immunocompromised,allogeneic hematopoietic cell transplantation (allo-HCT) recipients undergoing GVHD prophylaxis,,,,2019/2023,primary,2.0,4.755
SAMEA120407505,PRJEB97686,,,adult,,,US,transplant_or_immunocompromised,allogeneic hematopoietic cell transplantation (allo-HCT) recipients undergoing GVHD prophylaxis,,,,2019/2023,primary,2.0,4.276
SAMEA120407506,PRJEB97686,,,adult,,,US,transplant_or_immunocompromised,allogeneic hematopoietic cell transplantation (allo-HCT) recipients undergoing GVHD prophylaxis,,,,2019/2023,primary,2.0,4.861
SAMEA120407507,PRJEB97686,,,adult,,,US,transplant_or_immunocompromised,allogeneic hematopoietic cell transplantation (allo-HCT) recipients undergoing GVHD prophylaxis,,,,2019/2023,primary,2.0,4.395
SAMEA120407508,PRJEB97686,,,adult,,,US,transplant_or_immunocompromised,allogeneic hematopoietic cell transplantation (allo-HCT) recipients undergoing GVHD prophylaxis,,,,2019/2023,primary,2.0,4.413
SAMEA120407509,PRJEB97686,,,adult,,,US,transplant_or_immunocompromised,allogeneic hematopoietic cell transplantation (allo-HCT) recipients undergoing GVHD prophylaxis,,,,2019/2023,primary,2.0,4.775
SAMEA120407510,PRJEB97686,,,adult,,,US,transplant_or_immunocompromised,allogeneic hematopoietic cell transplantation (allo-HCT) recipients undergoing GVHD prophylaxis,,,,2019/2023,primary,2.0,3.993
SAMEA120407511,PRJEB97686,,,adult,,,US,transplant_or_immunocompromised,allogeneic hematopoietic cell transplantation (allo-HCT) recipients undergoing GVHD prophylaxis,,,,2019/2023,primary,2.0,4.199
SAMEA120407512,PRJEB97686,,,adult,,,US,transplant_or_immunocompromised,allogeneic hematopoietic cell transplantation (allo-HCT) recipients undergoing GVHD prophylaxis,,,,2019/2023,primary,2.0,4.864
SAMEA120407513,PRJEB97686,,,adult,,,US,transplant_or_immunocompromised,allogeneic hematopoietic cell transplantation (allo-HCT) recipients undergoing GVHD prophylaxis,,,,2019/2023,primary,2.0,4.249
SAMEA120407514,PRJEB97686,,,adult,,,US,transplant_or_immunocompromised,allogeneic hematopoietic cell transplantation (allo-HCT) recipients undergoing GVHD prophylaxis,,,,2019/2023,primary,2.0,4.264
SAMEA120407515,PRJEB97686,,,adult,,,US,transplant_or_immunocompromised,allogeneic hematopoietic cell transplantation (allo-HCT) recipients undergoing GVHD prophylaxis,,,,2019/2023,primary,2.0,4.428
SAMEA120407516,PRJEB97686,,,adult,,,US,transplant_or_immunocompromised,allogeneic hematopoietic cell transplantation (allo-HCT) recipients undergoing GVHD prophylaxis,,,,2019/2023,primary,2.0,4.22
SAMEA120407517,PRJEB97686,,,adult,,,US,transplant_or_immunocompromised,allogeneic hematopoietic cell transplantation (allo-HCT) recipients undergoing GVHD prophylaxis,,,,2019/2023,primary,2.0,4.209
SAMEA120407518,PRJEB97686,,,adult,,,US,transplant_or_immunocompromised,allogeneic hematopoietic cell transplantation (allo-HCT) recipients undergoing GVHD prophylaxis,,,,2019/2023,primary,2.0,4.465
SAMEA120407519,PRJEB97686,,,adult,,,US,transplant_or_immunocompromised,allogeneic hematopoietic cell transplantation (allo-HCT) recipients undergoing GVHD prophylaxis,,,,2019/2023,primary,2.0,4.801
SAMEA120407520,PRJEB97686,,,adult,,,US,transplant_or_immunocompromised,allogeneic hematopoietic cell transplantation (allo-HCT) recipients undergoing GVHD prophylaxis,,,,2019/2023,primary,2.0,4.027
SAMEA120407521,PRJEB97686,,,adult,,,US,transplant_or_immunocompromised,allogeneic hematopoietic cell transplantation (allo-HCT) recipients undergoing GVHD prophylaxis,,,,2019/2023,primary,2.0,4.169
SAMEA120407522,PRJEB97686,,,adult,,,US,transplant_or_immunocompromised,allogeneic hematopoietic cell transplantation (allo-HCT) recipients undergoing GVHD prophylaxis,,,,2019/2023,primary,2.0,5.446
SAMEA120407523,PRJEB97686,,,adult,,,US,transplant_or_immunocompromised,allogeneic hematopoietic cell transplantation (allo-HCT) recipients undergoing GVHD prophylaxis,,,,2019/2023,primary,2.0,4.829
SAMEA120407524,PRJEB97686,,,adult,,,US,transplant_or_immunocompromised,allogeneic hematopoietic cell transplantation (allo-HCT) recipients undergoing GVHD prophylaxis,,,,2019/2023,primary,2.0,4.701
SAMEA120407525,PRJEB97686,,,adult,,,US,transplant_or_immunocompromised,allogeneic hematopoietic cell transplantation (allo-HCT) recipients undergoing GVHD prophylaxis,,,,2019/2023,primary,2.0,3.773
SAMEA120407526,PRJEB97686,,,adult,,,US,transplant_or_immunocompromised,allogeneic hematopoietic cell transplantation (allo-HCT) recipients undergoing GVHD prophylaxis,,,,2019/2023,primary,2.0,3.928
SAMEA120407527,PRJEB97686,,,adult,,,US,transplant_or_immunocompromised,allogeneic hematopoietic cell transplantation (allo-HCT) recipients undergoing GVHD prophylaxis,,,,2019/2023,primary,2.0,4.646
SAMEA120407528,PRJEB97686,,,adult,,,US,transplant_or_immunocompromised,allogeneic hematopoietic cell transplantation (allo-HCT) recipients undergoing GVHD prophylaxis,,,,2019/2023,primary,2.0,6.33
SAMEA120407529,PRJEB97686,,,adult,,,US,transplant_or_immunocompromised,allogeneic hematopoietic cell transplantation (allo-HCT) recipients undergoing GVHD prophylaxis,,,,2019/2023,primary,2.0,14.278
SAMEA120407530,PRJEB97686,,,adult,,,US,transplant_or_immunocompromised,allogeneic hematopoietic cell transplantation (allo-HCT) recipients undergoing GVHD prophylaxis,,,,2019/2023,primary,2.0,3.506
SAMEA120407531,PRJEB97686,,,adult,,,US,transplant_or_immunocompromised,allogeneic hematopoietic cell transplantation (allo-HCT) recipients undergoing GVHD prophylaxis,,,,2019/2023,primary,2.0,3.865
SAMEA120407532,PRJEB97686,,,adult,,,US,transplant_or_immunocompromised,allogeneic hematopoietic cell transplantation (allo-HCT) recipients undergoing GVHD prophylaxis,,,,2019/2023,primary,2.0,3.888
SAMEA120407533,PRJEB97686,,,adult,,,US,transplant_or_immunocompromised,allogeneic hematopoietic cell transplantation (allo-HCT) recipients undergoing GVHD prophylaxis,,,,2019/2023,primary,2.0,3.521
SAMEA120407534,PRJEB97686,,,adult,,,US,transplant_or_immunocompromised,allogeneic hematopoietic cell transplantation (allo-HCT) recipients undergoing GVHD prophylaxis,,,,2019/2023,primary,2.0,4.268
SAMEA120407535,PRJEB97686,,,adult,,,US,transplant_or_immunocompromised,allogeneic hematopoietic cell transplantation (allo-HCT) recipients undergoing GVHD prophylaxis,,,,2019/2023,primary,2.0,5.083
SAMEA120407536,PRJEB97686,,,adult,,,US,transplant_or_immunocompromised,allogeneic hematopoietic cell transplantation (allo-HCT) recipients undergoing GVHD prophylaxis,,,,2019/2023,primary,2.0,4.365
SAMEA120407537,PRJEB97686,,,adult,,,US,transplant_or_immunocompromised,allogeneic hematopoietic cell transplantation (allo-HCT) recipients undergoing GVHD prophylaxis,,,,2019/2023,primary,2.0,4.508
SAMEA120407538,PRJEB97686,,,adult,,,US,transplant_or_immunocompromised,allogeneic hematopoietic cell transplantation (allo-HCT) recipients undergoing GVHD prophylaxis,,,,2019/2023,primary,2.0,3.953
SAMEA120407539,PRJEB97686,,,adult,,,US,transplant_or_immunocompromised,allogeneic hematopoietic cell transplantation (allo-HCT) recipients undergoing GVHD prophylaxis,,,,2019/2023,primary,2.0,4.15
SAMEA120407540,PRJEB97686,,,adult,,,US,transplant_or_immunocompromised,allogeneic hematopoietic cell transplantation (allo-HCT) recipients undergoing GVHD prophylaxis,,,,2019/2023,primary,2.0,4.04
SAMEA120407541,PRJEB97686,,,adult,,,US,transplant_or_immunocompromised,allogeneic hematopoietic cell transplantation (allo-HCT) recipients undergoing GVHD prophylaxis,,,,2019/2023,primary,2.0,3.937
SAMEA120407542,PRJEB97686,,,adult,,,US,transplant_or_immunocompromised,allogeneic hematopoietic cell transplantation (allo-HCT) recipients undergoing GVHD prophylaxis,,,,2019/2023,primary,2.0,5.777
SAMEA120407543,PRJEB97686,,,adult,,,US,transplant_or_immunocompromised,allogeneic hematopoietic cell transplantation (allo-HCT) recipients undergoing GVHD prophylaxis,,,,2019/2023,primary,2.0,4.329
SAMEA120407544,PRJEB97686,,,adult,,,US,transplant_or_immunocompromised,allogeneic hematopoietic cell transplantation (allo-HCT) recipients undergoing GVHD prophylaxis,,,,2019/2023,primary,2.0,3.988
SAMEA120407545,PRJEB97686,,,adult,,,US,transplant_or_immunocompromised,allogeneic hematopoietic cell transplantation (allo-HCT) recipients undergoing GVHD prophylaxis,,,,2019/2023,primary,2.0,3.998
SAMEA120407546,PRJEB97686,,,adult,,,US,transplant_or_immunocompromised,allogeneic hematopoietic cell transplantation (allo-HCT) recipients undergoing GVHD prophylaxis,,,,2019/2023,primary,2.0,3.979
SAMEA120407547,PRJEB97686,,,adult,,,US,transplant_or_immunocompromised,allogeneic hematopoietic cell transplantation (allo-HCT) recipients undergoing GVHD prophylaxis,,,,2019/2023,primary,2.0,4.549
SAMEA120407548,PRJEB97686,,,adult,,,US,transplant_or_immunocompromised,allogeneic hematopoietic cell transplantation (allo-HCT) recipients undergoing GVHD prophylaxis,,,,2019/2023,primary,2.0,4.096
SAMEA120407549,PRJEB97686,,,adult,,,US,transplant_or_immunocompromised,allogeneic hematopoietic cell transplantation (allo-HCT) recipients undergoing GVHD prophylaxis,,,,2019/2023,primary,2.0,3.977
SAMEA120407550,PRJEB97686,,,adult,,,US,transplant_or_immunocompromised,allogeneic hematopoietic cell transplantation (allo-HCT) recipients undergoing GVHD prophylaxis,,,,2019/2023,primary,2.0,3.896
SAMEA120407551,PRJEB97686,,,adult,,,US,transplant_or_immunocompromised,allogeneic hematopoietic cell transplantation (allo-HCT) recipients undergoing GVHD prophylaxis,,,,2019/2023,primary,2.0,4.419
SAMEA120407552,PRJEB97686,,,adult,,,US,transplant_or_immunocompromised,allogeneic hematopoietic cell transplantation (allo-HCT) recipients undergoing GVHD prophylaxis,,,,2019/2023,primary,2.0,4.452
SAMEA120407553,PRJEB97686,,,adult,,,US,transplant_or_immunocompromised,allogeneic hematopoietic cell transplantation (allo-HCT) recipients undergoing GVHD prophylaxis,,,,2019/2023,primary,2.0,4.312
SAMEA120407554,PRJEB97686,,,adult,,,US,transplant_or_immunocompromised,allogeneic hematopoietic cell transplantation (allo-HCT) recipients undergoing GVHD prophylaxis,,,,2019/2023,primary,2.0,4.163
SAMEA120407555,PRJEB97686,,,adult,,,US,transplant_or_immunocompromised,allogeneic hematopoietic cell transplantation (allo-HCT) recipients undergoing GVHD prophylaxis,,,,2019/2023,primary,2.0,4.017
SAMEA120407556,PRJEB97686,,,adult,,,US,transplant_or_immunocompromised,allogeneic hematopoietic cell transplantation (allo-HCT) recipients undergoing GVHD prophylaxis,,,,2019/2023,primary,2.0,4.279
SAMEA120407557,PRJEB97686,,,adult,,,US,transplant_or_immunocompromised,allogeneic hematopoietic cell transplantation (allo-HCT) recipients undergoing GVHD prophylaxis,,,,2019/2023,primary,2.0,4.41
SAMEA120407558,PRJEB97686,,,adult,,,US,transplant_or_immunocompromised,allogeneic hematopoietic cell transplantation (allo-HCT) recipients undergoing GVHD prophylaxis,,,,2019/2023,primary,2.0,3.455
SAMEA120407559,PRJEB97686,,,adult,,,US,transplant_or_immunocompromised,allogeneic hematopoietic cell transplantation (allo-HCT) recipients undergoing GVHD prophylaxis,,,,2019/2023,primary,2.0,4.291
SAMEA120407560,PRJEB97686,,,adult,,,US,transplant_or_immunocompromised,allogeneic hematopoietic cell transplantation (allo-HCT) recipients undergoing GVHD prophylaxis,,,,2019/2023,primary,2.0,4.385
SAMEA120407561,PRJEB97686,,,adult,,,US,transplant_or_immunocompromised,allogeneic hematopoietic cell transplantation (allo-HCT) recipients undergoing GVHD prophylaxis,,,,2019/2023,primary,2.0,3.786
SAMEA120407562,PRJEB97686,,,adult,,,US,transplant_or_immunocompromised,allogeneic hematopoietic cell transplantation (allo-HCT) recipients undergoing GVHD prophylaxis,,,,2019/2023,primary,2.0,4.238
SAMEA120407563,PRJEB97686,,,adult,,,US,transplant_or_immunocompromised,allogeneic hematopoietic cell transplantation (allo-HCT) recipients undergoing GVHD prophylaxis,,,,2019/2023,primary,2.0,3.713
SAMEA120407564,PRJEB97686,,,adult,,,US,transplant_or_immunocompromised,allogeneic hematopoietic cell transplantation (allo-HCT) recipients undergoing GVHD prophylaxis,,,,2019/2023,primary,2.0,6.055
SAMEA120407565,PRJEB97686,,,adult,,,US,transplant_or_immunocompromised,allogeneic hematopoietic cell transplantation (allo-HCT) recipients undergoing GVHD prophylaxis,,,,2019/2023,primary,2.0,3.847
SAMEA120407566,PRJEB97686,,,adult,,,US,transplant_or_immunocompromised,allogeneic hematopoietic cell transplantation (allo-HCT) recipients undergoing GVHD prophylaxis,,,,2019/2023,primary,2.0,3.962
SAMEA120407567,PRJEB97686,,,adult,,,US,transplant_or_immunocompromised,allogeneic hematopoietic cell transplantation (allo-HCT) recipients undergoing GVHD prophylaxis,,,,2019/2023,primary,2.0,4.219
SAMEA120407568,PRJEB97686,,,adult,,,US,transplant_or_immunocompromised,allogeneic hematopoietic cell transplantation (allo-HCT) recipients undergoing GVHD prophylaxis,,,,2019/2023,primary,2.0,3.797
SAMEA120407569,PRJEB97686,,,adult,,,US,transplant_or_immunocompromised,allogeneic hematopoietic cell transplantation (allo-HCT) recipients undergoing GVHD prophylaxis,,,,2019/2023,primary,2.0,3.768
SAMEA120407570,PRJEB97686,,,adult,,,US,transplant_or_immunocompromised,allogeneic hematopoietic cell transplantation (allo-HCT) recipients undergoing GVHD prophylaxis,,,,2019/2023,primary,2.0,4.093
SAMEA120407571,PRJEB97686,,,adult,,,US,transplant_or_immunocompromised,allogeneic hematopoietic cell transplantation (allo-HCT) recipients undergoing GVHD prophylaxis,,,,2019/2023,primary,2.0,3.866
SAMEA120407572,PRJEB97686,,,adult,,,US,transplant_or_immunocompromised,allogeneic hematopoietic cell transplantation (allo-HCT) recipients undergoing GVHD prophylaxis,,,,2019/2023,primary,2.0,4.187
SAMEA120407573,PRJEB97686,,,adult,,,US,transplant_or_immunocompromised,allogeneic hematopoietic cell transplantation (allo-HCT) recipients undergoing GVHD prophylaxis,,,,2019/2023,primary,2.0,4.541
SAMEA120407574,PRJEB97686,,,adult,,,US,transplant_or_immunocompromised,allogeneic hematopoietic cell transplantation (allo-HCT) recipients undergoing GVHD prophylaxis,,,,2019/2023,primary,2.0,4.179
SAMEA120407575,PRJEB97686,,,adult,,,US,transplant_or_immunocompromised,allogeneic hematopoietic cell transplantation (allo-HCT) recipients undergoing GVHD prophylaxis,,,,2019/2023,primary,2.0,4.598
SAMEA120407576,PRJEB97686,,,adult,,,US,transplant_or_immunocompromised,allogeneic hematopoietic cell transplantation (allo-HCT) recipients undergoing GVHD prophylaxis,,,,2019/2023,primary,2.0,6.061
SAMEA120407577,PRJEB97686,,,adult,,,US,transplant_or_immunocompromised,allogeneic hematopoietic cell transplantation (allo-HCT) recipients undergoing GVHD prophylaxis,,,,2019/2023,primary,2.0,4.642
SAMEA120407578,PRJEB97686,,,adult,,,US,transplant_or_immunocompromised,allogeneic hematopoietic cell transplantation (allo-HCT) recipients undergoing GVHD prophylaxis,,,,2019/2023,primary,2.0,2.755
SAMEA120407579,PRJEB97686,,,adult,,,US,transplant_or_immunocompromised,allogeneic hematopoietic cell transplantation (allo-HCT) recipients undergoing GVHD prophylaxis,,,,2019/2023,primary,2.0,5.434
SAMEA120407580,PRJEB97686,,,adult,,,US,transplant_or_immunocompromised,allogeneic hematopoietic cell transplantation (allo-HCT) recipients undergoing GVHD prophylaxis,,,,2019/2023,primary,2.0,4.575
SAMEA120407581,PRJEB97686,,,adult,,,US,transplant_or_immunocompromised,allogeneic hematopoietic cell transplantation (allo-HCT) recipients undergoing GVHD prophylaxis,,,,2019/2023,primary,2.0,5.347
SAMEA120407582,PRJEB97686,,,adult,,,US,transplant_or_immunocompromised,allogeneic hematopoietic cell transplantation (allo-HCT) recipients undergoing GVHD prophylaxis,,,,2019/2023,primary,2.0,4.613
SAMEA120407583,PRJEB97686,,,adult,,,US,transplant_or_immunocompromised,allogeneic hematopoietic cell transplantation (allo-HCT) recipients undergoing GVHD prophylaxis,,,,2019/2023,primary,1.0,0.004
SAMEA120407584,PRJEB97686,,,adult,,,US,transplant_or_immunocompromised,allogeneic hematopoietic cell transplantation (allo-HCT) recipients undergoing GVHD prophylaxis,,,,2019/2023,primary,2.0,5.03
SAMEA120407585,PRJEB97686,,,adult,,,US,transplant_or_immunocompromised,allogeneic hematopoietic cell transplantation (allo-HCT) recipients undergoing GVHD prophylaxis,,,,2019/2023,primary,2.0,4.141
SAMEA120407586,PRJEB97686,,,adult,,,US,transplant_or_immunocompromised,allogeneic hematopoietic cell transplantation (allo-HCT) recipients undergoing GVHD prophylaxis,,,,2019/2023,primary,2.0,4.247
SAMEA120407587,PRJEB97686,,,adult,,,US,transplant_or_immunocompromised,allogeneic hematopoietic cell transplantation (allo-HCT) recipients undergoing GVHD prophylaxis,,,,2019/2023,primary,2.0,4.133
SAMEA120407588,PRJEB97686,,,adult,,,US,transplant_or_immunocompromised,allogeneic hematopoietic cell transplantation (allo-HCT) recipients undergoing GVHD prophylaxis,,,,2019/2023,primary,2.0,4.103
SAMEA120407589,PRJEB97686,,,adult,,,US,transplant_or_immunocompromised,allogeneic hematopoietic cell transplantation (allo-HCT) recipients undergoing GVHD prophylaxis,,,,2019/2023,primary,2.0,4.058
SAMEA120407590,PRJEB97686,,,adult,,,US,transplant_or_immunocompromised,allogeneic hematopoietic cell transplantation (allo-HCT) recipients undergoing GVHD prophylaxis,,,,2019/2023,primary,2.0,4.034
SAMEA120407591,PRJEB97686,,,adult,,,US,transplant_or_immunocompromised,allogeneic hematopoietic cell transplantation (allo-HCT) recipients undergoing GVHD prophylaxis,,,,2019/2023,primary,2.0,3.884
SAMEA120407592,PRJEB97686,,,adult,,,US,transplant_or_immunocompromised,allogeneic hematopoietic cell transplantation (allo-HCT) recipients undergoing GVHD prophylaxis,,,,2019/2023,primary,2.0,4.139
SAMEA120407593,PRJEB97686,,,adult,,,US,transplant_or_immunocompromised,allogeneic hematopoietic cell transplantation (allo-HCT) recipients undergoing GVHD prophylaxis,,,,2019/2023,primary,2.0,3.737
SAMEA120407594,PRJEB97686,,,adult,,,US,transplant_or_immunocompromised,allogeneic hematopoietic cell transplantation (allo-HCT) recipients undergoing GVHD prophylaxis,,,,2019/2023,primary,2.0,4.081
SAMEA120407595,PRJEB97686,,,adult,,,US,transplant_or_immunocompromised,allogeneic hematopoietic cell transplantation (allo-HCT) recipients undergoing GVHD prophylaxis,,,,2019/2023,primary,2.0,4.166
SAMEA120407596,PRJEB97686,,,adult,,,US,transplant_or_immunocompromised,allogeneic hematopoietic cell transplantation (allo-HCT) recipients undergoing GVHD prophylaxis,,,,2019/2023,primary,2.0,4.671
SAMEA120407597,PRJEB97686,,,adult,,,US,transplant_or_immunocompromised,allogeneic hematopoietic cell transplantation (allo-HCT) recipients undergoing GVHD prophylaxis,,,,2019/2023,primary,2.0,4.077
SAMEA120407598,PRJEB97686,,,adult,,,US,transplant_or_immunocompromised,allogeneic hematopoietic cell transplantation (allo-HCT) recipients undergoing GVHD prophylaxis,,,,2019/2023,primary,2.0,3.925
SAMEA120407599,PRJEB97686,,,adult,,,US,transplant_or_immunocompromised,allogeneic hematopoietic cell transplantation (allo-HCT) recipients undergoing GVHD prophylaxis,,,,2019/2023,primary,2.0,4.104
SAMEA120407600,PRJEB97686,,,adult,,,US,transplant_or_immunocompromised,allogeneic hematopoietic cell transplantation (allo-HCT) recipients undergoing GVHD prophylaxis,,,,2019/2023,primary,2.0,3.562
SAMEA120407601,PRJEB97686,,,adult,,,US,transplant_or_immunocompromised,allogeneic hematopoietic cell transplantation (allo-HCT) recipients undergoing GVHD prophylaxis,,,,2019/2023,primary,2.0,3.608
SAMEA120407602,PRJEB97686,,,adult,,,US,transplant_or_immunocompromised,allogeneic hematopoietic cell transplantation (allo-HCT) recipients undergoing GVHD prophylaxis,,,,2019/2023,primary,2.0,3.648
SAMEA120407603,PRJEB97686,,,adult,,,US,transplant_or_immunocompromised,allogeneic hematopoietic cell transplantation (allo-HCT) recipients undergoing GVHD prophylaxis,,,,2019/2023,primary,2.0,4.571
SAMEA120407604,PRJEB97686,,,adult,,,US,transplant_or_immunocompromised,allogeneic hematopoietic cell transplantation (allo-HCT) recipients undergoing GVHD prophylaxis,,,,2019/2023,primary,2.0,4.587
SAMEA120407605,PRJEB97686,,,adult,,,US,transplant_or_immunocompromised,allogeneic hematopoietic cell transplantation (allo-HCT) recipients undergoing GVHD prophylaxis,,,,2019/2023,primary,2.0,4.136
SAMEA120407606,PRJEB97686,,,adult,,,US,transplant_or_immunocompromised,allogeneic hematopoietic cell transplantation (allo-HCT) recipients undergoing GVHD prophylaxis,,,,2019/2023,primary,2.0,4.754
SAMEA120407607,PRJEB97686,,,adult,,,US,transplant_or_immunocompromised,allogeneic hematopoietic cell transplantation (allo-HCT) recipients undergoing GVHD prophylaxis,,,,2019/2023,primary,2.0,3.891
SAMEA120407608,PRJEB97686,,,adult,,,US,transplant_or_immunocompromised,allogeneic hematopoietic cell transplantation (allo-HCT) recipients undergoing GVHD prophylaxis,,,,2019/2023,primary,1.0,0.749
SAMEA120407609,PRJEB97686,,,adult,,,US,transplant_or_immunocompromised,allogeneic hematopoietic cell transplantation (allo-HCT) recipients undergoing GVHD prophylaxis,,,,2019/2023,primary,2.0,4.095
SAMEA120407610,PRJEB97686,,,adult,,,US,transplant_or_immunocompromised,allogeneic hematopoietic cell transplantation (allo-HCT) recipients undergoing GVHD prophylaxis,,,,2019/2023,primary,2.0,3.915
SAMEA120407611,PRJEB97686,,,adult,,,US,transplant_or_immunocompromised,allogeneic hematopoietic cell transplantation (allo-HCT) recipients undergoing GVHD prophylaxis,,,,2019/2023,primary,2.0,4.119
SAMEA120407612,PRJEB97686,,,adult,,,US,transplant_or_immunocompromised,allogeneic hematopoietic cell transplantation (allo-HCT) recipients undergoing GVHD prophylaxis,,,,2019/2023,primary,2.0,3.947
SAMEA120407613,PRJEB97686,,,adult,,,US,transplant_or_immunocompromised,allogeneic hematopoietic cell transplantation (allo-HCT) recipients undergoing GVHD prophylaxis,,,,2019/2023,primary,2.0,3.756
SAMEA120407614,PRJEB97686,,,adult,,,US,transplant_or_immunocompromised,allogeneic hematopoietic cell transplantation (allo-HCT) recipients undergoing GVHD prophylaxis,,,,2019/2023,primary,2.0,3.775
SAMEA120407615,PRJEB97686,,,adult,,,US,transplant_or_immunocompromised,allogeneic hematopoietic cell transplantation (allo-HCT) recipients undergoing GVHD prophylaxis,,,,2019/2023,primary,2.0,4.959
SAMEA120407616,PRJEB97686,,,adult,,,US,transplant_or_immunocompromised,allogeneic hematopoietic cell transplantation (allo-HCT) recipients undergoing GVHD prophylaxis,,,,2019/2023,primary,2.0,3.875
SAMEA120407617,PRJEB97686,,,adult,,,US,transplant_or_immunocompromised,allogeneic hematopoietic cell transplantation (allo-HCT) recipients undergoing GVHD prophylaxis,,,,2019/2023,primary,2.0,5.281
SAMEA120407618,PRJEB97686,,,adult,,,US,transplant_or_immunocompromised,allogeneic hematopoietic cell transplantation (allo-HCT) recipients undergoing GVHD prophylaxis,,,,2019/2023,primary,2.0,4.099
SAMEA120407619,PRJEB97686,,,adult,,,US,transplant_or_immunocompromised,allogeneic hematopoietic cell transplantation (allo-HCT) recipients undergoing GVHD prophylaxis,,,,2019/2023,primary,2.0,4.702
SAMEA120407620,PRJEB97686,,,adult,,,US,transplant_or_immunocompromised,allogeneic hematopoietic cell transplantation (allo-HCT) recipients undergoing GVHD prophylaxis,,,,2019/2023,primary,2.0,3.946
SAMEA120407621,PRJEB97686,,,adult,,,US,transplant_or_immunocompromised,allogeneic hematopoietic cell transplantation (allo-HCT) recipients undergoing GVHD prophylaxis,,,,2019/2023,primary,2.0,4.047
SAMEA120407622,PRJEB97686,,,adult,,,US,transplant_or_immunocompromised,allogeneic hematopoietic cell transplantation (allo-HCT) recipients undergoing GVHD prophylaxis,,,,2019/2023,primary,2.0,4.475
SAMEA120407623,PRJEB97686,,,adult,,,US,transplant_or_immunocompromised,allogeneic hematopoietic cell transplantation (allo-HCT) recipients undergoing GVHD prophylaxis,,,,2019/2023,primary,2.0,4.213
SAMEA120407624,PRJEB97686,,,adult,,,US,transplant_or_immunocompromised,allogeneic hematopoietic cell transplantation (allo-HCT) recipients undergoing GVHD prophylaxis,,,,2019/2023,primary,2.0,4.291
SAMEA120407625,PRJEB97686,,,adult,,,US,transplant_or_immunocompromised,allogeneic hematopoietic cell transplantation (allo-HCT) recipients undergoing GVHD prophylaxis,,,,2019/2023,primary,2.0,4.318
SAMEA120407626,PRJEB97686,,,adult,,,US,transplant_or_immunocompromised,allogeneic hematopoietic cell transplantation (allo-HCT) recipients undergoing GVHD prophylaxis,,,,2019/2023,primary,2.0,3.896
SAMEA120407627,PRJEB97686,,,adult,,,US,transplant_or_immunocompromised,allogeneic hematopoietic cell transplantation (allo-HCT) recipients undergoing GVHD prophylaxis,,,,2019/2023,primary,2.0,1.562
SAMEA120407628,PRJEB97686,,,adult,,,US,transplant_or_immunocompromised,allogeneic hematopoietic cell transplantation (allo-HCT) recipients undergoing GVHD prophylaxis,,,,2019/2023,primary,2.0,3.959
SAMEA120407629,PRJEB97686,,,adult,,,US,transplant_or_immunocompromised,allogeneic hematopoietic cell transplantation (allo-HCT) recipients undergoing GVHD prophylaxis,,,,2019/2023,primary,2.0,3.435
SAMEA120407630,PRJEB97686,,,adult,,,US,transplant_or_immunocompromised,allogeneic hematopoietic cell transplantation (allo-HCT) recipients undergoing GVHD prophylaxis,,,,2019/2023,primary,2.0,4.187
SAMEA120407631,PRJEB97686,,,adult,,,US,transplant_or_immunocompromised,allogeneic hematopoietic cell transplantation (allo-HCT) recipients undergoing GVHD prophylaxis,,,,2019/2023,primary,2.0,3.81
SAMEA120407632,PRJEB97686,,,adult,,,US,transplant_or_immunocompromised,allogeneic hematopoietic cell transplantation (allo-HCT) recipients undergoing GVHD prophylaxis,,,,2019/2023,primary,2.0,4.06
SAMEA120407633,PRJEB97686,,,adult,,,US,transplant_or_immunocompromised,allogeneic hematopoietic cell transplantation (allo-HCT) recipients undergoing GVHD prophylaxis,,,,2019/2023,primary,2.0,4.051
SAMEA120407634,PRJEB97686,,,adult,,,US,transplant_or_immunocompromised,allogeneic hematopoietic cell transplantation (allo-HCT) recipients undergoing GVHD prophylaxis,,,,2019/2023,primary,2.0,4.049
SAMEA120407635,PRJEB97686,,,adult,,,US,transplant_or_immunocompromised,allogeneic hematopoietic cell transplantation (allo-HCT) recipients undergoing GVHD prophylaxis,,,,2019/2023,primary,2.0,3.319
SAMEA120407636,PRJEB97686,,,adult,,,US,transplant_or_immunocompromised,allogeneic hematopoietic cell transplantation (allo-HCT) recipients undergoing GVHD prophylaxis,,,,2019/2023,primary,2.0,4.136
SAMEA120407637,PRJEB97686,,,adult,,,US,transplant_or_immunocompromised,allogeneic hematopoietic cell transplantation (allo-HCT) recipients undergoing GVHD prophylaxis,,,,2019/2023,primary,2.0,4.855
SAMEA120407638,PRJEB97686,,,adult,,,US,transplant_or_immunocompromised,allogeneic hematopoietic cell transplantation (allo-HCT) recipients undergoing GVHD prophylaxis,,,,2019/2023,primary,2.0,3.633
SAMEA120407639,PRJEB97686,,,adult,,,US,transplant_or_immunocompromised,allogeneic hematopoietic cell transplantation (allo-HCT) recipients undergoing GVHD prophylaxis,,,,2019/2023,primary,2.0,4.375
SAMEA120407640,PRJEB97686,,,adult,,,US,transplant_or_immunocompromised,allogeneic hematopoietic cell transplantation (allo-HCT) recipients undergoing GVHD prophylaxis,,,,2019/2023,primary,2.0,4.228
SAMEA120407641,PRJEB97686,,,adult,,,US,transplant_or_immunocompromised,allogeneic hematopoietic cell transplantation (allo-HCT) recipients undergoing GVHD prophylaxis,,,,2019/2023,primary,2.0,4.932
SAMEA120407642,PRJEB97686,,,adult,,,US,transplant_or_immunocompromised,allogeneic hematopoietic cell transplantation (allo-HCT) recipients undergoing GVHD prophylaxis,,,,2019/2023,primary,2.0,4.05
SAMEA120407643,PRJEB97686,,,adult,,,US,transplant_or_immunocompromised,allogeneic hematopoietic cell transplantation (allo-HCT) recipients undergoing GVHD prophylaxis,,,,2019/2023,primary,2.0,4.349
SAMEA120407644,PRJEB97686,,,adult,,,US,transplant_or_immunocompromised,allogeneic hematopoietic cell transplantation (allo-HCT) recipients undergoing GVHD prophylaxis,,,,2019/2023,primary,2.0,5.097
SAMEA120407645,PRJEB97686,,,adult,,,US,transplant_or_immunocompromised,allogeneic hematopoietic cell transplantation (allo-HCT) recipients undergoing GVHD prophylaxis,,,,2019/2023,primary,2.0,4.335
SAMEA120407646,PRJEB97686,,,adult,,,US,transplant_or_immunocompromised,allogeneic hematopoietic cell transplantation (allo-HCT) recipients undergoing GVHD prophylaxis,,,,2019/2023,primary,2.0,4.899
SAMEA120407647,PRJEB97686,,,adult,,,US,transplant_or_immunocompromised,allogeneic hematopoietic cell transplantation (allo-HCT) recipients undergoing GVHD prophylaxis,,,,2019/2023,primary,2.0,4.574
SAMEA120407648,PRJEB97686,,,adult,,,US,transplant_or_immunocompromised,allogeneic hematopoietic cell transplantation (allo-HCT) recipients undergoing GVHD prophylaxis,,,,2019/2023,primary,2.0,4.592
SAMEA120407649,PRJEB97686,,,adult,,,US,transplant_or_immunocompromised,allogeneic hematopoietic cell transplantation (allo-HCT) recipients undergoing GVHD prophylaxis,,,,2019/2023,primary,2.0,4.155
SAMEA120407650,PRJEB97686,,,adult,,,US,transplant_or_immunocompromised,allogeneic hematopoietic cell transplantation (allo-HCT) recipients undergoing GVHD prophylaxis,,,,2019/2023,primary,2.0,4.572
SAMEA120407651,PRJEB97686,,,adult,,,US,transplant_or_immunocompromised,allogeneic hematopoietic cell transplantation (allo-HCT) recipients undergoing GVHD prophylaxis,,,,2019/2023,primary,2.0,4.439
SAMEA120407652,PRJEB97686,,,adult,,,US,transplant_or_immunocompromised,allogeneic hematopoietic cell transplantation (allo-HCT) recipients undergoing GVHD prophylaxis,,,,2019/2023,primary,2.0,4.458
SAMEA120407653,PRJEB97686,,,adult,,,US,transplant_or_immunocompromised,allogeneic hematopoietic cell transplantation (allo-HCT) recipients undergoing GVHD prophylaxis,,,,2019/2023,primary,2.0,4.605
SAMEA120407654,PRJEB97686,,,adult,,,US,transplant_or_immunocompromised,allogeneic hematopoietic cell transplantation (allo-HCT) recipients undergoing GVHD prophylaxis,,,,2019/2023,primary,2.0,4.437
SAMEA120407655,PRJEB97686,,,adult,,,US,transplant_or_immunocompromised,allogeneic hematopoietic cell transplantation (allo-HCT) recipients undergoing GVHD prophylaxis,,,,2019/2023,primary,2.0,5.356
SAMEA120407656,PRJEB97686,,,adult,,,US,transplant_or_immunocompromised,allogeneic hematopoietic cell transplantation (allo-HCT) recipients undergoing GVHD prophylaxis,,,,2019/2023,primary,1.0,0.272
SAMEA120407657,PRJEB97686,,,adult,,,US,transplant_or_immunocompromised,allogeneic hematopoietic cell transplantation (allo-HCT) recipients undergoing GVHD prophylaxis,,,,2019/2023,primary,2.0,4.046
SAMEA120407658,PRJEB97686,,,adult,,,US,transplant_or_immunocompromised,allogeneic hematopoietic cell transplantation (allo-HCT) recipients undergoing GVHD prophylaxis,,,,2019/2023,primary,2.0,4.419
SAMEA120407659,PRJEB97686,,,adult,,,US,transplant_or_immunocompromised,allogeneic hematopoietic cell transplantation (allo-HCT) recipients undergoing GVHD prophylaxis,,,,2019/2023,primary,2.0,4.582
SAMEA120407660,PRJEB97686,,,adult,,,US,transplant_or_immunocompromised,allogeneic hematopoietic cell transplantation (allo-HCT) recipients undergoing GVHD prophylaxis,,,,2019/2023,primary,2.0,2.459
SAMEA120407661,PRJEB97686,,,adult,,,US,transplant_or_immunocompromised,allogeneic hematopoietic cell transplantation (allo-HCT) recipients undergoing GVHD prophylaxis,,,,2019/2023,primary,1.0,0.314
SAMEA120407662,PRJEB97686,,,adult,,,US,transplant_or_immunocompromised,allogeneic hematopoietic cell transplantation (allo-HCT) recipients undergoing GVHD prophylaxis,,,,2019/2023,primary,2.0,4.806
SAMEA120407663,PRJEB97686,,,adult,,,US,transplant_or_immunocompromised,allogeneic hematopoietic cell transplantation (allo-HCT) recipients undergoing GVHD prophylaxis,,,,2019/2023,primary,2.0,4.121
SAMEA120407664,PRJEB97686,,,adult,,,US,transplant_or_immunocompromised,allogeneic hematopoietic cell transplantation (allo-HCT) recipients undergoing GVHD prophylaxis,,,,2019/2023,primary,2.0,4.705
SAMEA120407665,PRJEB97686,,,adult,,,US,transplant_or_immunocompromised,allogeneic hematopoietic cell transplantation (allo-HCT) recipients undergoing GVHD prophylaxis,,,,2019/2023,primary,2.0,3.546
SAMEA120407666,PRJEB97686,,,adult,,,US,transplant_or_immunocompromised,allogeneic hematopoietic cell transplantation (allo-HCT) recipients undergoing GVHD prophylaxis,,,,2019/2023,primary,2.0,1.359
SAMEA120407667,PRJEB97686,,,adult,,,US,transplant_or_immunocompromised,allogeneic hematopoietic cell transplantation (allo-HCT) recipients undergoing GVHD prophylaxis,,,,2019/2023,primary,2.0,5.08
SAMEA120407668,PRJEB97686,,,adult,,,US,transplant_or_immunocompromised,allogeneic hematopoietic cell transplantation (allo-HCT) recipients undergoing GVHD prophylaxis,,,,2019/2023,primary,2.0,1.216
SAMEA120407669,PRJEB97686,,,adult,,,US,transplant_or_immunocompromised,allogeneic hematopoietic cell transplantation (allo-HCT) recipients undergoing GVHD prophylaxis,,,,2019/2023,primary,2.0,4.525
SAMEA120407670,PRJEB97686,,,adult,,,US,transplant_or_immunocompromised,allogeneic hematopoietic cell transplantation (allo-HCT) recipients undergoing GVHD prophylaxis,,,,2019/2023,primary,2.0,4.057
SAMEA120407671,PRJEB97686,,,adult,,,US,transplant_or_immunocompromised,allogeneic hematopoietic cell transplantation (allo-HCT) recipients undergoing GVHD prophylaxis,,,,2019/2023,primary,2.0,3.907
SAMEA120407672,PRJEB97686,,,adult,,,US,transplant_or_immunocompromised,allogeneic hematopoietic cell transplantation (allo-HCT) recipients undergoing GVHD prophylaxis,,,,2019/2023,primary,2.0,4.122
SAMEA120407673,PRJEB97686,,,adult,,,US,transplant_or_immunocompromised,allogeneic hematopoietic cell transplantation (allo-HCT) recipients undergoing GVHD prophylaxis,,,,2019/2023,primary,2.0,4.749
SAMEA120407674,PRJEB97686,,,adult,,,US,transplant_or_immunocompromised,allogeneic hematopoietic cell transplantation (allo-HCT) recipients undergoing GVHD prophylaxis,,,,2019/2023,primary,2.0,4.693
SAMEA120407675,PRJEB97686,,,adult,,,US,transplant_or_immunocompromised,allogeneic hematopoietic cell transplantation (allo-HCT) recipients undergoing GVHD prophylaxis,,,,2019/2023,primary,2.0,3.289
SAMEA120407676,PRJEB97686,,,adult,,,US,transplant_or_immunocompromised,allogeneic hematopoietic cell transplantation (allo-HCT) recipients undergoing GVHD prophylaxis,,,,2019/2023,primary,2.0,9.498
SAMEA120407677,PRJEB97686,,,adult,,,US,transplant_or_immunocompromised,allogeneic hematopoietic cell transplantation (allo-HCT) recipients undergoing GVHD prophylaxis,,,,2019/2023,primary,2.0,0.684
SAMEA120407678,PRJEB97686,,,adult,,,US,transplant_or_immunocompromised,allogeneic hematopoietic cell transplantation (allo-HCT) recipients undergoing GVHD prophylaxis,,,,2019/2023,primary,1.0,0.002
SAMEA120407679,PRJEB97686,,,adult,,,US,transplant_or_immunocompromised,allogeneic hematopoietic cell transplantation (allo-HCT) recipients undergoing GVHD prophylaxis,,,,2019/2023,primary,2.0,4.927
SAMEA120407680,PRJEB97686,,,adult,,,US,transplant_or_immunocompromised,allogeneic hematopoietic cell transplantation (allo-HCT) recipients undergoing GVHD prophylaxis,,,,2019/2023,primary,2.0,4.426
SAMEA120407681,PRJEB97686,,,adult,,,US,transplant_or_immunocompromised,allogeneic hematopoietic cell transplantation (allo-HCT) recipients undergoing GVHD prophylaxis,,,,2019/2023,primary,2.0,4.983
SAMEA120407682,PRJEB97686,,,adult,,,US,transplant_or_immunocompromised,allogeneic hematopoietic cell transplantation (allo-HCT) recipients undergoing GVHD prophylaxis,,,,2019/2023,primary,2.0,4.984
SAMEA120407683,PRJEB97686,,,adult,,,US,transplant_or_immunocompromised,allogeneic hematopoietic cell transplantation (allo-HCT) recipients undergoing GVHD prophylaxis,,,,2019/2023,primary,1.0,3.898
SAMEA120407684,PRJEB97686,,,adult,,,US,transplant_or_immunocompromised,allogeneic hematopoietic cell transplantation (allo-HCT) recipients undergoing GVHD prophylaxis,,,,2019/2023,primary,2.0,5.223
SAMEA120407685,PRJEB97686,,,adult,,,US,transplant_or_immunocompromised,allogeneic hematopoietic cell transplantation (allo-HCT) recipients undergoing GVHD prophylaxis,,,,2019/2023,primary,2.0,4.965
SAMEA120407686,PRJEB97686,,,adult,,,US,transplant_or_immunocompromised,allogeneic hematopoietic cell transplantation (allo-HCT) recipients undergoing GVHD prophylaxis,,,,2019/2023,primary,2.0,4.566
SAMEA120407687,PRJEB97686,,,adult,,,US,transplant_or_immunocompromised,allogeneic hematopoietic cell transplantation (allo-HCT) recipients undergoing GVHD prophylaxis,,,,2019/2023,primary,2.0,5.283
SAMEA120407688,PRJEB97686,,,adult,,,US,transplant_or_immunocompromised,allogeneic hematopoietic cell transplantation (allo-HCT) recipients undergoing GVHD prophylaxis,,,,2019/2023,primary,2.0,5.587
SAMEA120407689,PRJEB97686,,,adult,,,US,transplant_or_immunocompromised,allogeneic hematopoietic cell transplantation (allo-HCT) recipients undergoing GVHD prophylaxis,,,,2019/2023,primary,2.0,4.835
SAMEA120407690,PRJEB97686,,,adult,,,US,transplant_or_immunocompromised,allogeneic hematopoietic cell transplantation (allo-HCT) recipients undergoing GVHD prophylaxis,,,,2019/2023,primary,2.0,4.989
SAMEA120407691,PRJEB97686,,,adult,,,US,transplant_or_immunocompromised,allogeneic hematopoietic cell transplantation (allo-HCT) recipients undergoing GVHD prophylaxis,,,,2019/2023,primary,2.0,4.706
SAMEA120407692,PRJEB97686,,,adult,,,US,transplant_or_immunocompromised,allogeneic hematopoietic cell transplantation (allo-HCT) recipients undergoing GVHD prophylaxis,,,,2019/2023,primary,1.0,0.633
SAMEA120407693,PRJEB97686,,,adult,,,US,transplant_or_immunocompromised,allogeneic hematopoietic cell transplantation (allo-HCT) recipients undergoing GVHD prophylaxis,,,,2019/2023,primary,2.0,4.633
SAMEA120407694,PRJEB97686,,,adult,,,US,transplant_or_immunocompromised,allogeneic hematopoietic cell transplantation (allo-HCT) recipients undergoing GVHD prophylaxis,,,,2019/2023,primary,2.0,4.676
SAMEA120407695,PRJEB97686,,,adult,,,US,transplant_or_immunocompromised,allogeneic hematopoietic cell transplantation (allo-HCT) recipients undergoing GVHD prophylaxis,,,,2019/2023,primary,2.0,4.362
SAMEA120407696,PRJEB97686,,,adult,,,US,transplant_or_immunocompromised,allogeneic hematopoietic cell transplantation (allo-HCT) recipients undergoing GVHD prophylaxis,,,,2019/2023,primary,2.0,5.3
SAMEA120407697,PRJEB97686,,,adult,,,US,transplant_or_immunocompromised,allogeneic hematopoietic cell transplantation (allo-HCT) recipients undergoing GVHD prophylaxis,,,,2019/2023,primary,2.0,4.516
SAMEA120407698,PRJEB97686,,,adult,,,US,transplant_or_immunocompromised,allogeneic hematopoietic cell transplantation (allo-HCT) recipients undergoing GVHD prophylaxis,,,,2019/2023,primary,2.0,4.174
SAMEA120407699,PRJEB97686,,,adult,,,US,transplant_or_immunocompromised,allogeneic hematopoietic cell transplantation (allo-HCT) recipients undergoing GVHD prophylaxis,,,,2019/2023,primary,2.0,4.709
SAMEA120407700,PRJEB97686,,,adult,,,US,transplant_or_immunocompromised,allogeneic hematopoietic cell transplantation (allo-HCT) recipients undergoing GVHD prophylaxis,,,,2019/2023,primary,2.0,5.066
SAMEA120407701,PRJEB97686,,,adult,,,US,transplant_or_immunocompromised,allogeneic hematopoietic cell transplantation (allo-HCT) recipients undergoing GVHD prophylaxis,,,,2019/2023,primary,2.0,4.618
SAMEA120407702,PRJEB97686,,,adult,,,US,transplant_or_immunocompromised,allogeneic hematopoietic cell transplantation (allo-HCT) recipients undergoing GVHD prophylaxis,,,,2019/2023,primary,2.0,4.638
SAMEA120407703,PRJEB97686,,,adult,,,US,transplant_or_immunocompromised,allogeneic hematopoietic cell transplantation (allo-HCT) recipients undergoing GVHD prophylaxis,,,,2019/2023,primary,2.0,4.215
SAMEA120407704,PRJEB97686,,,adult,,,US,transplant_or_immunocompromised,allogeneic hematopoietic cell transplantation (allo-HCT) recipients undergoing GVHD prophylaxis,,,,2019/2023,primary,2.0,5.045
SAMEA120407705,PRJEB97686,,,adult,,,US,transplant_or_immunocompromised,allogeneic hematopoietic cell transplantation (allo-HCT) recipients undergoing GVHD prophylaxis,,,,2019/2023,primary,2.0,4.596
SAMEA120407706,PRJEB97686,,,adult,,,US,transplant_or_immunocompromised,allogeneic hematopoietic cell transplantation (allo-HCT) recipients undergoing GVHD prophylaxis,,,,2019/2023,primary,2.0,4.993
SAMEA120407707,PRJEB97686,,,adult,,,US,transplant_or_immunocompromised,allogeneic hematopoietic cell transplantation (allo-HCT) recipients undergoing GVHD prophylaxis,,,,2019/2023,primary,2.0,4.719
SAMEA120407708,PRJEB97686,,,adult,,,US,transplant_or_immunocompromised,allogeneic hematopoietic cell transplantation (allo-HCT) recipients undergoing GVHD prophylaxis,,,,2019/2023,primary,2.0,4.641
SAMEA120407709,PRJEB97686,,,adult,,,US,transplant_or_immunocompromised,allogeneic hematopoietic cell transplantation (allo-HCT) recipients undergoing GVHD prophylaxis,,,,2019/2023,primary,2.0,4.581
SAMEA120407710,PRJEB97686,,,adult,,,US,transplant_or_immunocompromised,allogeneic hematopoietic cell transplantation (allo-HCT) recipients undergoing GVHD prophylaxis,,,,2019/2023,primary,2.0,4.666
SAMEA120407711,PRJEB97686,,,adult,,,US,transplant_or_immunocompromised,allogeneic hematopoietic cell transplantation (allo-HCT) recipients undergoing GVHD prophylaxis,,,,2019/2023,primary,2.0,4.85
SAMEA120407712,PRJEB97686,,,adult,,,US,transplant_or_immunocompromised,allogeneic hematopoietic cell transplantation (allo-HCT) recipients undergoing GVHD prophylaxis,,,,2019/2023,primary,2.0,4.011
SAMEA120407713,PRJEB97686,,,adult,,,US,transplant_or_immunocompromised,allogeneic hematopoietic cell transplantation (allo-HCT) recipients undergoing GVHD prophylaxis,,,,2019/2023,primary,2.0,4.59
SAMEA120407714,PRJEB97686,,,adult,,,US,transplant_or_immunocompromised,allogeneic hematopoietic cell transplantation (allo-HCT) recipients undergoing GVHD prophylaxis,,,,2019/2023,primary,2.0,4.022
SAMEA120407715,PRJEB97686,,,adult,,,US,transplant_or_immunocompromised,allogeneic hematopoietic cell transplantation (allo-HCT) recipients undergoing GVHD prophylaxis,,,,2019/2023,primary,2.0,4.233
SAMEA120407716,PRJEB97686,,,adult,,,US,transplant_or_immunocompromised,allogeneic hematopoietic cell transplantation (allo-HCT) recipients undergoing GVHD prophylaxis,,,,2019/2023,primary,2.0,5.143
SAMEA120407717,PRJEB97686,,,adult,,,US,transplant_or_immunocompromised,allogeneic hematopoietic cell transplantation (allo-HCT) recipients undergoing GVHD prophylaxis,,,,2019/2023,primary,2.0,4.838
SAMEA120407718,PRJEB97686,,,adult,,,US,transplant_or_immunocompromised,allogeneic hematopoietic cell transplantation (allo-HCT) recipients undergoing GVHD prophylaxis,,,,2019/2023,primary,2.0,4.78
SAMEA120407719,PRJEB97686,,,adult,,,US,transplant_or_immunocompromised,allogeneic hematopoietic cell transplantation (allo-HCT) recipients undergoing GVHD prophylaxis,,,,2019/2023,primary,2.0,4.32
SAMEA120407720,PRJEB97686,,,adult,,,US,transplant_or_immunocompromised,allogeneic hematopoietic cell transplantation (allo-HCT) recipients undergoing GVHD prophylaxis,,,,2019/2023,primary,2.0,4.589
SAMEA120407721,PRJEB97686,,,adult,,,US,transplant_or_immunocompromised,allogeneic hematopoietic cell transplantation (allo-HCT) recipients undergoing GVHD prophylaxis,,,,2019/2023,primary,2.0,4.323
SAMEA120407722,PRJEB97686,,,adult,,,US,transplant_or_immunocompromised,allogeneic hematopoietic cell transplantation (allo-HCT) recipients undergoing GVHD prophylaxis,,,,2019/2023,primary,2.0,4.613
SAMEA120407723,PRJEB97686,,,adult,,,US,transplant_or_immunocompromised,allogeneic hematopoietic cell transplantation (allo-HCT) recipients undergoing GVHD prophylaxis,,,,2019/2023,primary,2.0,4.255
SAMEA120407724,PRJEB97686,,,adult,,,US,transplant_or_immunocompromised,allogeneic hematopoietic cell transplantation (allo-HCT) recipients undergoing GVHD prophylaxis,,,,2019/2023,primary,2.0,4.229
SAMEA120407725,PRJEB97686,,,adult,,,US,transplant_or_immunocompromised,allogeneic hematopoietic cell transplantation (allo-HCT) recipients undergoing GVHD prophylaxis,,,,2019/2023,primary,2.0,5.096
SAMEA120407726,PRJEB97686,,,adult,,,US,transplant_or_immunocompromised,allogeneic hematopoietic cell transplantation (allo-HCT) recipients undergoing GVHD prophylaxis,,,,2019/2023,primary,2.0,4.852
SAMEA120407727,PRJEB97686,,,adult,,,US,transplant_or_immunocompromised,allogeneic hematopoietic cell transplantation (allo-HCT) recipients undergoing GVHD prophylaxis,,,,2019/2023,primary,2.0,5.556
SAMEA120407728,PRJEB97686,,,adult,,,US,transplant_or_immunocompromised,allogeneic hematopoietic cell transplantation (allo-HCT) recipients undergoing GVHD prophylaxis,,,,2019/2023,primary,2.0,4.944
SAMEA120407729,PRJEB97686,,,adult,,,US,transplant_or_immunocompromised,allogeneic hematopoietic cell transplantation (allo-HCT) recipients undergoing GVHD prophylaxis,,,,2019/2023,primary,2.0,3.997
SAMEA120407730,PRJEB97686,,,adult,,,US,transplant_or_immunocompromised,allogeneic hematopoietic cell transplantation (allo-HCT) recipients undergoing GVHD prophylaxis,,,,2019/2023,primary,2.0,4.48
SAMEA120407731,PRJEB97686,,,adult,,,US,transplant_or_immunocompromised,allogeneic hematopoietic cell transplantation (allo-HCT) recipients undergoing GVHD prophylaxis,,,,2019/2023,primary,1.0,3.921
SAMEA120407732,PRJEB97686,,,adult,,,US,transplant_or_immunocompromised,allogeneic hematopoietic cell transplantation (allo-HCT) recipients undergoing GVHD prophylaxis,,,,2019/2023,primary,2.0,4.508
SAMEA120407733,PRJEB97686,,,adult,,,US,transplant_or_immunocompromised,allogeneic hematopoietic cell transplantation (allo-HCT) recipients undergoing GVHD prophylaxis,,,,2019/2023,primary,2.0,4.28
SAMEA120407734,PRJEB97686,,,adult,,,US,transplant_or_immunocompromised,allogeneic hematopoietic cell transplantation (allo-HCT) recipients undergoing GVHD prophylaxis,,,,2019/2023,primary,2.0,3.859
SAMEA120407735,PRJEB97686,,,adult,,,US,transplant_or_immunocompromised,allogeneic hematopoietic cell transplantation (allo-HCT) recipients undergoing GVHD prophylaxis,,,,2019/2023,primary,2.0,4.176
SAMEA120407736,PRJEB97686,,,adult,,,US,transplant_or_immunocompromised,allogeneic hematopoietic cell transplantation (allo-HCT) recipients undergoing GVHD prophylaxis,,,,2019/2023,primary,2.0,5.592
SAMEA120407737,PRJEB97686,,,adult,,,US,transplant_or_immunocompromised,allogeneic hematopoietic cell transplantation (allo-HCT) recipients undergoing GVHD prophylaxis,,,,2019/2023,primary,2.0,7.836
SAMEA120407738,PRJEB97686,,,adult,,,US,transplant_or_immunocompromised,allogeneic hematopoietic cell transplantation (allo-HCT) recipients undergoing GVHD prophylaxis,,,,2019/2023,primary,2.0,8.315
SAMEA120407739,PRJEB97686,,,adult,,,US,transplant_or_immunocompromised,allogeneic hematopoietic cell transplantation (allo-HCT) recipients undergoing GVHD prophylaxis,,,,2019/2023,primary,2.0,4.347
SAMEA120407740,PRJEB97686,,,adult,,,US,transplant_or_immunocompromised,allogeneic hematopoietic cell transplantation (allo-HCT) recipients undergoing GVHD prophylaxis,,,,2019/2023,primary,2.0,3.963
SAMEA120407741,PRJEB97686,,,adult,,,US,transplant_or_immunocompromised,allogeneic hematopoietic cell transplantation (allo-HCT) recipients undergoing GVHD prophylaxis,,,,2019/2023,primary,2.0,4.961
SAMEA120407742,PRJEB97686,,,adult,,,US,transplant_or_immunocompromised,allogeneic hematopoietic cell transplantation (allo-HCT) recipients undergoing GVHD prophylaxis,,,,2019/2023,primary,2.0,4.776
SAMEA120407743,PRJEB97686,,,adult,,,US,transplant_or_immunocompromised,allogeneic hematopoietic cell transplantation (allo-HCT) recipients undergoing GVHD prophylaxis,,,,2019/2023,primary,2.0,3.964
SAMEA120407744,PRJEB97686,,,adult,,,US,transplant_or_immunocompromised,allogeneic hematopoietic cell transplantation (allo-HCT) recipients undergoing GVHD prophylaxis,,,,2019/2023,primary,2.0,3.917
SAMEA120407745,PRJEB97686,,,adult,,,US,transplant_or_immunocompromised,allogeneic hematopoietic cell transplantation (allo-HCT) recipients undergoing GVHD prophylaxis,,,,2019/2023,primary,2.0,4.029
SAMEA120407746,PRJEB97686,,,adult,,,US,transplant_or_immunocompromised,allogeneic hematopoietic cell transplantation (allo-HCT) recipients undergoing GVHD prophylaxis,,,,2019/2023,primary,2.0,5.025
SAMEA120407747,PRJEB97686,,,adult,,,US,transplant_or_immunocompromised,allogeneic hematopoietic cell transplantation (allo-HCT) recipients undergoing GVHD prophylaxis,,,,2019/2023,primary,2.0,4.409
SAMEA120407748,PRJEB97686,,,adult,,,US,transplant_or_immunocompromised,allogeneic hematopoietic cell transplantation (allo-HCT) recipients undergoing GVHD prophylaxis,,,,2019/2023,primary,2.0,4.034
SAMEA120407749,PRJEB97686,,,adult,,,US,transplant_or_immunocompromised,allogeneic hematopoietic cell transplantation (allo-HCT) recipients undergoing GVHD prophylaxis,,,,2019/2023,primary,2.0,7.727
SAMEA120407750,PRJEB97686,,,adult,,,US,transplant_or_immunocompromised,allogeneic hematopoietic cell transplantation (allo-HCT) recipients undergoing GVHD prophylaxis,,,,2019/2023,primary,2.0,5.441
SAMEA120407751,PRJEB97686,,,adult,,,US,transplant_or_immunocompromised,allogeneic hematopoietic cell transplantation (allo-HCT) recipients undergoing GVHD prophylaxis,,,,2019/2023,primary,2.0,7.499
SAMEA120407752,PRJEB97686,,,adult,,,US,transplant_or_immunocompromised,allogeneic hematopoietic cell transplantation (allo-HCT) recipients undergoing GVHD prophylaxis,,,,2019/2023,primary,2.0,4.655
SAMEA120407753,PRJEB97686,,,adult,,,US,transplant_or_immunocompromised,allogeneic hematopoietic cell transplantation (allo-HCT) recipients undergoing GVHD prophylaxis,,,,2019/2023,primary,2.0,4.18
SAMEA120407754,PRJEB97686,,,adult,,,US,transplant_or_immunocompromised,allogeneic hematopoietic cell transplantation (allo-HCT) recipients undergoing GVHD prophylaxis,,,,2019/2023,primary,2.0,4.311
SAMEA120407755,PRJEB97686,,,adult,,,US,transplant_or_immunocompromised,allogeneic hematopoietic cell transplantation (allo-HCT) recipients undergoing GVHD prophylaxis,,,,2019/2023,primary,2.0,4.655
SAMEA120407756,PRJEB97686,,,adult,,,US,transplant_or_immunocompromised,allogeneic hematopoietic cell transplantation (allo-HCT) recipients undergoing GVHD prophylaxis,,,,2019/2023,primary,2.0,4.302
SAMEA120407757,PRJEB97686,,,adult,,,US,transplant_or_immunocompromised,allogeneic hematopoietic cell transplantation (allo-HCT) recipients undergoing GVHD prophylaxis,,,,2019/2023,primary,2.0,4.177
SAMEA120407758,PRJEB97686,,,adult,,,US,transplant_or_immunocompromised,allogeneic hematopoietic cell transplantation (allo-HCT) recipients undergoing GVHD prophylaxis,,,,2019/2023,primary,2.0,5.062
SAMEA120407759,PRJEB97686,,,adult,,,US,transplant_or_immunocompromised,allogeneic hematopoietic cell transplantation (allo-HCT) recipients undergoing GVHD prophylaxis,,,,2019/2023,primary,2.0,4.787
SAMEA120407760,PRJEB97686,,,adult,,,US,transplant_or_immunocompromised,allogeneic hematopoietic cell transplantation (allo-HCT) recipients undergoing GVHD prophylaxis,,,,2019/2023,primary,2.0,4.771
SAMEA120407761,PRJEB97686,,,adult,,,US,transplant_or_immunocompromised,allogeneic hematopoietic cell transplantation (allo-HCT) recipients undergoing GVHD prophylaxis,,,,2019/2023,primary,2.0,6.757
SAMEA120407762,PRJEB97686,,,adult,,,US,transplant_or_immunocompromised,allogeneic hematopoietic cell transplantation (allo-HCT) recipients undergoing GVHD prophylaxis,,,,2019/2023,primary,2.0,4.049
SAMEA120407763,PRJEB97686,,,adult,,,US,transplant_or_immunocompromised,allogeneic hematopoietic cell transplantation (allo-HCT) recipients undergoing GVHD prophylaxis,,,,2019/2023,primary,2.0,4.94
SAMEA120407764,PRJEB97686,,,adult,,,US,transplant_or_immunocompromised,allogeneic hematopoietic cell transplantation (allo-HCT) recipients undergoing GVHD prophylaxis,,,,2019/2023,primary,2.0,4.607
SAMEA120407765,PRJEB97686,,,adult,,,US,transplant_or_immunocompromised,allogeneic hematopoietic cell transplantation (allo-HCT) recipients undergoing GVHD prophylaxis,,,,2019/2023,primary,2.0,3.92
SAMEA120407766,PRJEB97686,,,adult,,,US,transplant_or_immunocompromised,allogeneic hematopoietic cell transplantation (allo-HCT) recipients undergoing GVHD prophylaxis,,,,2019/2023,primary,2.0,4.233
SAMEA120407767,PRJEB97686,,,adult,,,US,transplant_or_immunocompromised,allogeneic hematopoietic cell transplantation (allo-HCT) recipients undergoing GVHD prophylaxis,,,,2019/2023,primary,2.0,4.61
SAMEA120407768,PRJEB97686,,,adult,,,US,transplant_or_immunocompromised,allogeneic hematopoietic cell transplantation (allo-HCT) recipients undergoing GVHD prophylaxis,,,,2019/2023,primary,2.0,4.382
SAMEA120407769,PRJEB97686,,,adult,,,US,transplant_or_immunocompromised,allogeneic hematopoietic cell transplantation (allo-HCT) recipients undergoing GVHD prophylaxis,,,,2019/2023,primary,2.0,4.582
SAMEA120407770,PRJEB97686,,,adult,,,US,transplant_or_immunocompromised,allogeneic hematopoietic cell transplantation (allo-HCT) recipients undergoing GVHD prophylaxis,,,,2019/2023,primary,2.0,5.062
SAMEA120407771,PRJEB97686,,,adult,,,US,transplant_or_immunocompromised,allogeneic hematopoietic cell transplantation (allo-HCT) recipients undergoing GVHD prophylaxis,,,,2019/2023,primary,2.0,3.831
SAMEA120407772,PRJEB97686,,,adult,,,US,transplant_or_immunocompromised,allogeneic hematopoietic cell transplantation (allo-HCT) recipients undergoing GVHD prophylaxis,,,,2019/2023,primary,2.0,5.032
SAMEA120407773,PRJEB97686,,,adult,,,US,transplant_or_immunocompromised,allogeneic hematopoietic cell transplantation (allo-HCT) recipients undergoing GVHD prophylaxis,,,,2019/2023,primary,2.0,3.841
SAMEA120407774,PRJEB97686,,,adult,,,US,transplant_or_immunocompromised,allogeneic hematopoietic cell transplantation (allo-HCT) recipients undergoing GVHD prophylaxis,,,,2019/2023,primary,1.0,0.002
SAMEA120407775,PRJEB97686,,,adult,,,US,transplant_or_immunocompromised,allogeneic hematopoietic cell transplantation (allo-HCT) recipients undergoing GVHD prophylaxis,,,,2019/2023,primary,2.0,3.794
SAMEA120407776,PRJEB97686,,,adult,,,US,transplant_or_immunocompromised,allogeneic hematopoietic cell transplantation (allo-HCT) recipients undergoing GVHD prophylaxis,,,,2019/2023,primary,2.0,4.246
SAMEA120407777,PRJEB97686,,,adult,,,US,transplant_or_immunocompromised,allogeneic hematopoietic cell transplantation (allo-HCT) recipients undergoing GVHD prophylaxis,,,,2019/2023,primary,2.0,4.17
SAMEA120407778,PRJEB97686,,,adult,,,US,transplant_or_immunocompromised,allogeneic hematopoietic cell transplantation (allo-HCT) recipients undergoing GVHD prophylaxis,,,,2019/2023,primary,2.0,5.557
SAMEA120407779,PRJEB97686,,,adult,,,US,transplant_or_immunocompromised,allogeneic hematopoietic cell transplantation (allo-HCT) recipients undergoing GVHD prophylaxis,,,,2019/2023,primary,2.0,2.45
SAMEA120407780,PRJEB97686,,,adult,,,US,transplant_or_immunocompromised,allogeneic hematopoietic cell transplantation (allo-HCT) recipients undergoing GVHD prophylaxis,,,,2019/2023,primary,2.0,4.764
SAMEA120407781,PRJEB97686,,,adult,,,US,transplant_or_immunocompromised,allogeneic hematopoietic cell transplantation (allo-HCT) recipients undergoing GVHD prophylaxis,,,,2019/2023,primary,2.0,4.347
SAMEA120407782,PRJEB97686,,,adult,,,US,transplant_or_immunocompromised,allogeneic hematopoietic cell transplantation (allo-HCT) recipients undergoing GVHD prophylaxis,,,,2019/2023,primary,2.0,4.47
SAMEA120407783,PRJEB97686,,,adult,,,US,transplant_or_immunocompromised,allogeneic hematopoietic cell transplantation (allo-HCT) recipients undergoing GVHD prophylaxis,,,,2019/2023,primary,2.0,3.915
SAMEA120407784,PRJEB97686,,,adult,,,US,transplant_or_immunocompromised,allogeneic hematopoietic cell transplantation (allo-HCT) recipients undergoing GVHD prophylaxis,,,,2019/2023,primary,2.0,3.983
SAMEA120407785,PRJEB97686,,,adult,,,US,transplant_or_immunocompromised,allogeneic hematopoietic cell transplantation (allo-HCT) recipients undergoing GVHD prophylaxis,,,,2019/2023,primary,2.0,3.862
SAMEA120407786,PRJEB97686,,,adult,,,US,transplant_or_immunocompromised,allogeneic hematopoietic cell transplantation (allo-HCT) recipients undergoing GVHD prophylaxis,,,,2019/2023,primary,2.0,4.708
SAMEA120407787,PRJEB97686,,,adult,,,US,transplant_or_immunocompromised,allogeneic hematopoietic cell transplantation (allo-HCT) recipients undergoing GVHD prophylaxis,,,,2019/2023,primary,2.0,8.686
SAMEA120407788,PRJEB97686,,,adult,,,US,transplant_or_immunocompromised,allogeneic hematopoietic cell transplantation (allo-HCT) recipients undergoing GVHD prophylaxis,,,,2019/2023,primary,2.0,4.012
SAMEA120407789,PRJEB97686,,,adult,,,US,transplant_or_immunocompromised,allogeneic hematopoietic cell transplantation (allo-HCT) recipients undergoing GVHD prophylaxis,,,,2019/2023,primary,1.0,0.026
SAMEA120407790,PRJEB97686,,,adult,,,US,transplant_or_immunocompromised,allogeneic hematopoietic cell transplantation (allo-HCT) recipients undergoing GVHD prophylaxis,,,,2019/2023,primary,2.0,4.309
SAMEA120407791,PRJEB97686,,,adult,,,US,transplant_or_immunocompromised,allogeneic hematopoietic cell transplantation (allo-HCT) recipients undergoing GVHD prophylaxis,,,,2019/2023,primary,2.0,3.389
SAMEA120407792,PRJEB97686,,,adult,,,US,transplant_or_immunocompromised,allogeneic hematopoietic cell transplantation (allo-HCT) recipients undergoing GVHD prophylaxis,,,,2019/2023,primary,1.0,0.445
SAMEA120407793,PRJEB97686,,,adult,,,US,transplant_or_immunocompromised,allogeneic hematopoietic cell transplantation (allo-HCT) recipients undergoing GVHD prophylaxis,,,,2019/2023,primary,2.0,4.394
SAMEA120407794,PRJEB97686,,,adult,,,US,transplant_or_immunocompromised,allogeneic hematopoietic cell transplantation (allo-HCT) recipients undergoing GVHD prophylaxis,,,,2019/2023,primary,2.0,4.049
SAMEA120407795,PRJEB97686,,,adult,,,US,transplant_or_immunocompromised,allogeneic hematopoietic cell transplantation (allo-HCT) recipients undergoing GVHD prophylaxis,,,,2019/2023,primary,2.0,4.162
SAMEA120407796,PRJEB97686,,,adult,,,US,transplant_or_immunocompromised,allogeneic hematopoietic cell transplantation (allo-HCT) recipients undergoing GVHD prophylaxis,,,,2019/2023,primary,2.0,4.143
SAMEA120407797,PRJEB97686,,,adult,,,US,transplant_or_immunocompromised,allogeneic hematopoietic cell transplantation (allo-HCT) recipients undergoing GVHD prophylaxis,,,,2019/2023,primary,1.0,0.079
SAMEA120407798,PRJEB97686,,,adult,,,US,transplant_or_immunocompromised,allogeneic hematopoietic cell transplantation (allo-HCT) recipients undergoing GVHD prophylaxis,,,,2019/2023,primary,2.0,3.692
SAMEA120407799,PRJEB97686,,,adult,,,US,transplant_or_immunocompromised,allogeneic hematopoietic cell transplantation (allo-HCT) recipients undergoing GVHD prophylaxis,,,,2019/2023,primary,2.0,2.634
SAMEA120407800,PRJEB97686,,,adult,,,US,transplant_or_immunocompromised,allogeneic hematopoietic cell transplantation (allo-HCT) recipients undergoing GVHD prophylaxis,,,,2019/2023,primary,2.0,4.778
SAMEA120407801,PRJEB97686,,,adult,,,US,transplant_or_immunocompromised,allogeneic hematopoietic cell transplantation (allo-HCT) recipients undergoing GVHD prophylaxis,,,,2019/2023,primary,2.0,4.208
SAMEA120407802,PRJEB97686,,,adult,,,US,transplant_or_immunocompromised,allogeneic hematopoietic cell transplantation (allo-HCT) recipients undergoing GVHD prophylaxis,,,,2019/2023,primary,2.0,5.51
SAMEA120407803,PRJEB97686,,,adult,,,US,transplant_or_immunocompromised,allogeneic hematopoietic cell transplantation (allo-HCT) recipients undergoing GVHD prophylaxis,,,,2019/2023,primary,2.0,3.943
SAMEA120407804,PRJEB97686,,,adult,,,US,transplant_or_immunocompromised,allogeneic hematopoietic cell transplantation (allo-HCT) recipients undergoing GVHD prophylaxis,,,,2019/2023,primary,2.0,4.223
SAMEA120407805,PRJEB97686,,,adult,,,US,transplant_or_immunocompromised,allogeneic hematopoietic cell transplantation (allo-HCT) recipients undergoing GVHD prophylaxis,,,,2019/2023,primary,2.0,4.371
SAMEA120407806,PRJEB97686,,,adult,,,US,transplant_or_immunocompromised,allogeneic hematopoietic cell transplantation (allo-HCT) recipients undergoing GVHD prophylaxis,,,,2019/2023,primary,2.0,4.044
SAMEA120407807,PRJEB97686,,,adult,,,US,transplant_or_immunocompromised,allogeneic hematopoietic cell transplantation (allo-HCT) recipients undergoing GVHD prophylaxis,,,,2019/2023,primary,2.0,4.243
SAMEA120407808,PRJEB97686,,,adult,,,US,transplant_or_immunocompromised,allogeneic hematopoietic cell transplantation (allo-HCT) recipients undergoing GVHD prophylaxis,,,,2019/2023,primary,2.0,3.932
SAMEA120407809,PRJEB97686,,,adult,,,US,transplant_or_immunocompromised,allogeneic hematopoietic cell transplantation (allo-HCT) recipients undergoing GVHD prophylaxis,,,,2019/2023,primary,2.0,4.357
SAMEA120407810,PRJEB97686,,,adult,,,US,transplant_or_immunocompromised,allogeneic hematopoietic cell transplantation (allo-HCT) recipients undergoing GVHD prophylaxis,,,,2019/2023,primary,2.0,4.321
SAMEA120407811,PRJEB97686,,,adult,,,US,transplant_or_immunocompromised,allogeneic hematopoietic cell transplantation (allo-HCT) recipients undergoing GVHD prophylaxis,,,,2019/2023,primary,2.0,7.409
SAMEA120407812,PRJEB97686,,,adult,,,US,transplant_or_immunocompromised,allogeneic hematopoietic cell transplantation (allo-HCT) recipients undergoing GVHD prophylaxis,,,,2019/2023,primary,2.0,10.643
SAMEA120407813,PRJEB97686,,,adult,,,US,transplant_or_immunocompromised,allogeneic hematopoietic cell transplantation (allo-HCT) recipients undergoing GVHD prophylaxis,,,,2019/2023,primary,2.0,4.358
SAMEA120407814,PRJEB97686,,,adult,,,US,transplant_or_immunocompromised,allogeneic hematopoietic cell transplantation (allo-HCT) recipients undergoing GVHD prophylaxis,,,,2019/2023,primary,2.0,4.678
SAMEA120407815,PRJEB97686,,,adult,,,US,transplant_or_immunocompromised,allogeneic hematopoietic cell transplantation (allo-HCT) recipients undergoing GVHD prophylaxis,,,,2019/2023,primary,2.0,4.104
SAMEA120407816,PRJEB97686,,,adult,,,US,transplant_or_immunocompromised,allogeneic hematopoietic cell transplantation (allo-HCT) recipients undergoing GVHD prophylaxis,,,,2019/2023,primary,2.0,4.581
SAMEA120407817,PRJEB97686,,,adult,,,US,transplant_or_immunocompromised,allogeneic hematopoietic cell transplantation (allo-HCT) recipients undergoing GVHD prophylaxis,,,,2019/2023,primary,2.0,5.023
SAMEA120407818,PRJEB97686,,,adult,,,US,transplant_or_immunocompromised,allogeneic hematopoietic cell transplantation (allo-HCT) recipients undergoing GVHD prophylaxis,,,,2019/2023,primary,2.0,4.368
SAMEA120407819,PRJEB97686,,,adult,,,US,transplant_or_immunocompromised,allogeneic hematopoietic cell transplantation (allo-HCT) recipients undergoing GVHD prophylaxis,,,,2019/2023,primary,2.0,4.428
SAMEA120407820,PRJEB97686,,,adult,,,US,transplant_or_immunocompromised,allogeneic hematopoietic cell transplantation (allo-HCT) recipients undergoing GVHD prophylaxis,,,,2019/2023,primary,2.0,5.29
SAMEA120407821,PRJEB97686,,,adult,,,US,transplant_or_immunocompromised,allogeneic hematopoietic cell transplantation (allo-HCT) recipients undergoing GVHD prophylaxis,,,,2019/2023,primary,2.0,4.883
SAMEA120407822,PRJEB97686,,,adult,,,US,transplant_or_immunocompromised,allogeneic hematopoietic cell transplantation (allo-HCT) recipients undergoing GVHD prophylaxis,,,,2019/2023,primary,2.0,4.359
SAMEA120407823,PRJEB97686,,,adult,,,US,transplant_or_immunocompromised,allogeneic hematopoietic cell transplantation (allo-HCT) recipients undergoing GVHD prophylaxis,,,,2019/2023,primary,2.0,5.277
SAMEA120407824,PRJEB97686,,,adult,,,US,transplant_or_immunocompromised,allogeneic hematopoietic cell transplantation (allo-HCT) recipients undergoing GVHD prophylaxis,,,,2019/2023,primary,2.0,5.578
SAMEA120407825,PRJEB97686,,,adult,,,US,transplant_or_immunocompromised,allogeneic hematopoietic cell transplantation (allo-HCT) recipients undergoing GVHD prophylaxis,,,,2019/2023,primary,2.0,4.113
SAMEA120407826,PRJEB97686,,,adult,,,US,transplant_or_immunocompromised,allogeneic hematopoietic cell transplantation (allo-HCT) recipients undergoing GVHD prophylaxis,,,,2019/2023,primary,2.0,4.272
SAMEA120407827,PRJEB97686,,,adult,,,US,transplant_or_immunocompromised,allogeneic hematopoietic cell transplantation (allo-HCT) recipients undergoing GVHD prophylaxis,,,,2019/2023,primary,2.0,4.608
SAMEA120407828,PRJEB97686,,,adult,,,US,transplant_or_immunocompromised,allogeneic hematopoietic cell transplantation (allo-HCT) recipients undergoing GVHD prophylaxis,,,,2019/2023,primary,2.0,4.06
SAMEA120407829,PRJEB97686,,,adult,,,US,transplant_or_immunocompromised,allogeneic hematopoietic cell transplantation (allo-HCT) recipients undergoing GVHD prophylaxis,,,,2019/2023,primary,2.0,3.968
SAMEA120407830,PRJEB97686,,,adult,,,US,transplant_or_immunocompromised,allogeneic hematopoietic cell transplantation (allo-HCT) recipients undergoing GVHD prophylaxis,,,,2019/2023,primary,2.0,4.683
SAMEA120407831,PRJEB97686,,,adult,,,US,transplant_or_immunocompromised,allogeneic hematopoietic cell transplantation (allo-HCT) recipients undergoing GVHD prophylaxis,,,,2019/2023,primary,2.0,4.374
SAMEA120407832,PRJEB97686,,,adult,,,US,transplant_or_immunocompromised,allogeneic hematopoietic cell transplantation (allo-HCT) recipients undergoing GVHD prophylaxis,,,,2019/2023,primary,2.0,4.221
SAMEA120407833,PRJEB97686,,,adult,,,US,transplant_or_immunocompromised,allogeneic hematopoietic cell transplantation (allo-HCT) recipients undergoing GVHD prophylaxis,,,,2019/2023,primary,2.0,4.526
SAMEA120407834,PRJEB97686,,,adult,,,US,transplant_or_immunocompromised,allogeneic hematopoietic cell transplantation (allo-HCT) recipients undergoing GVHD prophylaxis,,,,2019/2023,primary,2.0,4.059
SAMEA120407835,PRJEB97686,,,adult,,,US,transplant_or_immunocompromised,allogeneic hematopoietic cell transplantation (allo-HCT) recipients undergoing GVHD prophylaxis,,,,2019/2023,primary,2.0,3.969
SAMEA120407836,PRJEB97686,,,adult,,,US,transplant_or_immunocompromised,allogeneic hematopoietic cell transplantation (allo-HCT) recipients undergoing GVHD prophylaxis,,,,2019/2023,primary,2.0,4.627
SAMEA120407837,PRJEB97686,,,adult,,,US,transplant_or_immunocompromised,allogeneic hematopoietic cell transplantation (allo-HCT) recipients undergoing GVHD prophylaxis,,,,2019/2023,primary,2.0,4.127
SAMEA120407838,PRJEB97686,,,adult,,,US,transplant_or_immunocompromised,allogeneic hematopoietic cell transplantation (allo-HCT) recipients undergoing GVHD prophylaxis,,,,2019/2023,primary,2.0,4.33
SAMEA120407839,PRJEB97686,,,adult,,,US,transplant_or_immunocompromised,allogeneic hematopoietic cell transplantation (allo-HCT) recipients undergoing GVHD prophylaxis,,,,2019/2023,primary,2.0,4.221
SAMEA120407840,PRJEB97686,,,adult,,,US,transplant_or_immunocompromised,allogeneic hematopoietic cell transplantation (allo-HCT) recipients undergoing GVHD prophylaxis,,,,2019/2023,primary,2.0,4.101
SAMEA120407841,PRJEB97686,,,adult,,,US,transplant_or_immunocompromised,allogeneic hematopoietic cell transplantation (allo-HCT) recipients undergoing GVHD prophylaxis,,,,2019/2023,primary,1.0,1.398
SAMEA120407842,PRJEB97686,,,adult,,,US,transplant_or_immunocompromised,allogeneic hematopoietic cell transplantation (allo-HCT) recipients undergoing GVHD prophylaxis,,,,2019/2023,primary,2.0,4.865
SAMEA120407843,PRJEB97686,,,adult,,,US,transplant_or_immunocompromised,allogeneic hematopoietic cell transplantation (allo-HCT) recipients undergoing GVHD prophylaxis,,,,2019/2023,primary,2.0,3.816
SAMEA120407844,PRJEB97686,,,adult,,,US,transplant_or_immunocompromised,allogeneic hematopoietic cell transplantation (allo-HCT) recipients undergoing GVHD prophylaxis,,,,2019/2023,primary,2.0,4.311
SAMEA120407845,PRJEB97686,,,adult,,,US,transplant_or_immunocompromised,allogeneic hematopoietic cell transplantation (allo-HCT) recipients undergoing GVHD prophylaxis,,,,2019/2023,primary,2.0,3.422
SAMEA120407846,PRJEB97686,,,adult,,,US,transplant_or_immunocompromised,allogeneic hematopoietic cell transplantation (allo-HCT) recipients undergoing GVHD prophylaxis,,,,2019/2023,primary,2.0,4.197
SAMEA120407847,PRJEB97686,,,adult,,,US,transplant_or_immunocompromised,allogeneic hematopoietic cell transplantation (allo-HCT) recipients undergoing GVHD prophylaxis,,,,2019/2023,primary,2.0,4.015
SAMEA120407848,PRJEB97686,,,adult,,,US,transplant_or_immunocompromised,allogeneic hematopoietic cell transplantation (allo-HCT) recipients undergoing GVHD prophylaxis,,,,2019/2023,primary,2.0,3.936
SAMEA120407849,PRJEB97686,,,adult,,,US,transplant_or_immunocompromised,allogeneic hematopoietic cell transplantation (allo-HCT) recipients undergoing GVHD prophylaxis,,,,2019/2023,primary,2.0,4.505
SAMEA120407850,PRJEB97686,,,adult,,,US,transplant_or_immunocompromised,allogeneic hematopoietic cell transplantation (allo-HCT) recipients undergoing GVHD prophylaxis,,,,2019/2023,primary,2.0,3.948
SAMEA120407851,PRJEB97686,,,adult,,,US,transplant_or_immunocompromised,allogeneic hematopoietic cell transplantation (allo-HCT) recipients undergoing GVHD prophylaxis,,,,2019/2023,primary,2.0,3.944
SAMEA120407852,PRJEB97686,,,adult,,,US,transplant_or_immunocompromised,allogeneic hematopoietic cell transplantation (allo-HCT) recipients undergoing GVHD prophylaxis,,,,2019/2023,primary,2.0,3.971
SAMEA120407853,PRJEB97686,,,adult,,,US,transplant_or_immunocompromised,allogeneic hematopoietic cell transplantation (allo-HCT) recipients undergoing GVHD prophylaxis,,,,2019/2023,primary,2.0,4.006
SAMEA120407854,PRJEB97686,,,adult,,,US,transplant_or_immunocompromised,allogeneic hematopoietic cell transplantation (allo-HCT) recipients undergoing GVHD prophylaxis,,,,2019/2023,primary,2.0,4.148
SAMEA120407855,PRJEB97686,,,adult,,,US,transplant_or_immunocompromised,allogeneic hematopoietic cell transplantation (allo-HCT) recipients undergoing GVHD prophylaxis,,,,2019/2023,primary,2.0,4.08
SAMEA120407856,PRJEB97686,,,adult,,,US,transplant_or_immunocompromised,allogeneic hematopoietic cell transplantation (allo-HCT) recipients undergoing GVHD prophylaxis,,,,2019/2023,primary,2.0,3.912
SAMEA120407857,PRJEB97686,,,adult,,,US,transplant_or_immunocompromised,allogeneic hematopoietic cell transplantation (allo-HCT) recipients undergoing GVHD prophylaxis,,,,2019/2023,primary,2.0,3.994
SAMEA120407858,PRJEB97686,,,adult,,,US,transplant_or_immunocompromised,allogeneic hematopoietic cell transplantation (allo-HCT) recipients undergoing GVHD prophylaxis,,,,2019/2023,primary,2.0,4.18
SAMEA120407859,PRJEB97686,,,adult,,,US,transplant_or_immunocompromised,allogeneic hematopoietic cell transplantation (allo-HCT) recipients undergoing GVHD prophylaxis,,,,2019/2023,primary,2.0,4.151
SAMEA120407860,PRJEB97686,,,adult,,,US,transplant_or_immunocompromised,allogeneic hematopoietic cell transplantation (allo-HCT) recipients undergoing GVHD prophylaxis,,,,2019/2023,primary,2.0,6.835
SAMEA120407861,PRJEB97686,,,adult,,,US,transplant_or_immunocompromised,allogeneic hematopoietic cell transplantation (allo-HCT) recipients undergoing GVHD prophylaxis,,,,2019/2023,primary,2.0,3.557
SAMEA120407862,PRJEB97686,,,adult,,,US,transplant_or_immunocompromised,allogeneic hematopoietic cell transplantation (allo-HCT) recipients undergoing GVHD prophylaxis,,,,2019/2023,primary,2.0,3.776
SAMEA120407863,PRJEB97686,,,adult,,,US,transplant_or_immunocompromised,allogeneic hematopoietic cell transplantation (allo-HCT) recipients undergoing GVHD prophylaxis,,,,2019/2023,primary,2.0,4.107
SAMEA120407864,PRJEB97686,,,adult,,,US,transplant_or_immunocompromised,allogeneic hematopoietic cell transplantation (allo-HCT) recipients undergoing GVHD prophylaxis,,,,2019/2023,primary,1.0,0.004
SAMEA120407865,PRJEB97686,,,adult,,,US,transplant_or_immunocompromised,allogeneic hematopoietic cell transplantation (allo-HCT) recipients undergoing GVHD prophylaxis,,,,2019/2023,primary,2.0,4.128
SAMEA120407866,PRJEB97686,,,adult,,,US,transplant_or_immunocompromised,allogeneic hematopoietic cell transplantation (allo-HCT) recipients undergoing GVHD prophylaxis,,,,2019/2023,primary,2.0,5.48
SAMEA120407867,PRJEB97686,,,adult,,,US,transplant_or_immunocompromised,allogeneic hematopoietic cell transplantation (allo-HCT) recipients undergoing GVHD prophylaxis,,,,2019/2023,primary,2.0,4.34
SAMEA120407868,PRJEB97686,,,adult,,,US,transplant_or_immunocompromised,allogeneic hematopoietic cell transplantation (allo-HCT) recipients undergoing GVHD prophylaxis,,,,2019/2023,primary,2.0,3.942
SAMEA120407869,PRJEB97686,,,adult,,,US,transplant_or_immunocompromised,allogeneic hematopoietic cell transplantation (allo-HCT) recipients undergoing GVHD prophylaxis,,,,2019/2023,primary,2.0,4.972
SAMEA120407870,PRJEB97686,,,adult,,,US,transplant_or_immunocompromised,allogeneic hematopoietic cell transplantation (allo-HCT) recipients undergoing GVHD prophylaxis,,,,2019/2023,primary,1.0,0.012
SAMEA120407871,PRJEB97686,,,adult,,,US,transplant_or_immunocompromised,allogeneic hematopoietic cell transplantation (allo-HCT) recipients undergoing GVHD prophylaxis,,,,2019/2023,primary,2.0,4.878
SAMEA120407872,PRJEB97686,,,adult,,,US,transplant_or_immunocompromised,allogeneic hematopoietic cell transplantation (allo-HCT) recipients undergoing GVHD prophylaxis,,,,2019/2023,primary,2.0,4.856
SAMEA120407873,PRJEB97686,,,adult,,,US,transplant_or_immunocompromised,allogeneic hematopoietic cell transplantation (allo-HCT) recipients undergoing GVHD prophylaxis,,,,2019/2023,primary,2.0,4.331
SAMEA120407874,PRJEB97686,,,adult,,,US,transplant_or_immunocompromised,allogeneic hematopoietic cell transplantation (allo-HCT) recipients undergoing GVHD prophylaxis,,,,2019/2023,primary,2.0,7.135
SAMEA120407875,PRJEB97686,,,adult,,,US,transplant_or_immunocompromised,allogeneic hematopoietic cell transplantation (allo-HCT) recipients undergoing GVHD prophylaxis,,,,2019/2023,primary,2.0,4.76
SAMEA120407876,PRJEB97686,,,adult,,,US,transplant_or_immunocompromised,allogeneic hematopoietic cell transplantation (allo-HCT) recipients undergoing GVHD prophylaxis,,,,2019/2023,primary,2.0,4.847
SAMEA120407877,PRJEB97686,,,adult,,,US,transplant_or_immunocompromised,allogeneic hematopoietic cell transplantation (allo-HCT) recipients undergoing GVHD prophylaxis,,,,2019/2023,primary,2.0,4.152
SAMEA120407878,PRJEB97686,,,adult,,,US,transplant_or_immunocompromised,allogeneic hematopoietic cell transplantation (allo-HCT) recipients undergoing GVHD prophylaxis,,,,2019/2023,primary,2.0,4.666
SAMEA120407879,PRJEB97686,,,adult,,,US,transplant_or_immunocompromised,allogeneic hematopoietic cell transplantation (allo-HCT) recipients undergoing GVHD prophylaxis,,,,2019/2023,primary,2.0,4.468
SAMEA120407880,PRJEB97686,,,adult,,,US,transplant_or_immunocompromised,allogeneic hematopoietic cell transplantation (allo-HCT) recipients undergoing GVHD prophylaxis,,,,2019/2023,primary,2.0,4.199
SAMEA120407881,PRJEB97686,,,adult,,,US,transplant_or_immunocompromised,allogeneic hematopoietic cell transplantation (allo-HCT) recipients undergoing GVHD prophylaxis,,,,2019/2023,primary,2.0,4.281
SAMEA120407882,PRJEB97686,,,adult,,,US,transplant_or_immunocompromised,allogeneic hematopoietic cell transplantation (allo-HCT) recipients undergoing GVHD prophylaxis,,,,2019/2023,primary,2.0,4.451
SAMEA120407883,PRJEB97686,,,adult,,,US,transplant_or_immunocompromised,allogeneic hematopoietic cell transplantation (allo-HCT) recipients undergoing GVHD prophylaxis,,,,2019/2023,primary,2.0,4.516
SAMEA120407884,PRJEB97686,,,adult,,,US,transplant_or_immunocompromised,allogeneic hematopoietic cell transplantation (allo-HCT) recipients undergoing GVHD prophylaxis,,,,2019/2023,primary,2.0,4.553
SAMEA120407885,PRJEB97686,,,adult,,,US,transplant_or_immunocompromised,allogeneic hematopoietic cell transplantation (allo-HCT) recipients undergoing GVHD prophylaxis,,,,2019/2023,primary,2.0,10.209
SAMEA120407886,PRJEB97686,,,adult,,,US,transplant_or_immunocompromised,allogeneic hematopoietic cell transplantation (allo-HCT) recipients undergoing GVHD prophylaxis,,,,2019/2023,primary,2.0,4.388
SAMEA120407887,PRJEB97686,,,adult,,,US,transplant_or_immunocompromised,allogeneic hematopoietic cell transplantation (allo-HCT) recipients undergoing GVHD prophylaxis,,,,2019/2023,primary,2.0,5.057
SAMEA120407888,PRJEB97686,,,adult,,,US,transplant_or_immunocompromised,allogeneic hematopoietic cell transplantation (allo-HCT) recipients undergoing GVHD prophylaxis,,,,2019/2023,primary,2.0,5.299
SAMEA120407889,PRJEB97686,,,adult,,,US,transplant_or_immunocompromised,allogeneic hematopoietic cell transplantation (allo-HCT) recipients undergoing GVHD prophylaxis,,,,2019/2023,primary,2.0,4.232
SAMEA120407890,PRJEB97686,,,adult,,,US,transplant_or_immunocompromised,allogeneic hematopoietic cell transplantation (allo-HCT) recipients undergoing GVHD prophylaxis,,,,2019/2023,primary,2.0,4.596
SAMEA120407891,PRJEB97686,,,adult,,,US,transplant_or_immunocompromised,allogeneic hematopoietic cell transplantation (allo-HCT) recipients undergoing GVHD prophylaxis,,,,2019/2023,primary,2.0,4.753
SAMEA120407892,PRJEB97686,,,adult,,,US,transplant_or_immunocompromised,allogeneic hematopoietic cell transplantation (allo-HCT) recipients undergoing GVHD prophylaxis,,,,2019/2023,primary,2.0,4.661
SAMEA120407893,PRJEB97686,,,adult,,,US,transplant_or_immunocompromised,allogeneic hematopoietic cell transplantation (allo-HCT) recipients undergoing GVHD prophylaxis,,,,2019/2023,primary,1.0,4.055
SAMEA120407894,PRJEB97686,,,adult,,,US,transplant_or_immunocompromised,allogeneic hematopoietic cell transplantation (allo-HCT) recipients undergoing GVHD prophylaxis,,,,2019/2023,primary,2.0,3.57
SAMEA120407895,PRJEB97686,,,adult,,,US,transplant_or_immunocompromised,allogeneic hematopoietic cell transplantation (allo-HCT) recipients undergoing GVHD prophylaxis,,,,2019/2023,primary,2.0,3.96
SAMEA120407896,PRJEB97686,,,adult,,,US,transplant_or_immunocompromised,allogeneic hematopoietic cell transplantation (allo-HCT) recipients undergoing GVHD prophylaxis,,,,2019/2023,primary,2.0,3.752
SAMEA120407897,PRJEB97686,,,adult,,,US,transplant_or_immunocompromised,allogeneic hematopoietic cell transplantation (allo-HCT) recipients undergoing GVHD prophylaxis,,,,2019/2023,primary,2.0,4.4
SAMEA120407898,PRJEB97686,,,adult,,,US,transplant_or_immunocompromised,allogeneic hematopoietic cell transplantation (allo-HCT) recipients undergoing GVHD prophylaxis,,,,2019/2023,primary,2.0,4.345
SAMEA120407899,PRJEB97686,,,adult,,,US,transplant_or_immunocompromised,allogeneic hematopoietic cell transplantation (allo-HCT) recipients undergoing GVHD prophylaxis,,,,2019/2023,primary,2.0,5.196
SAMEA120407900,PRJEB97686,,,adult,,,US,transplant_or_immunocompromised,allogeneic hematopoietic cell transplantation (allo-HCT) recipients undergoing GVHD prophylaxis,,,,2019/2023,primary,2.0,3.942
SAMEA120407901,PRJEB97686,,,adult,,,US,transplant_or_immunocompromised,allogeneic hematopoietic cell transplantation (allo-HCT) recipients undergoing GVHD prophylaxis,,,,2019/2023,primary,2.0,4.405
SAMEA120407902,PRJEB97686,,,adult,,,US,transplant_or_immunocompromised,allogeneic hematopoietic cell transplantation (allo-HCT) recipients undergoing GVHD prophylaxis,,,,2019/2023,primary,2.0,4.871
SAMEA120407903,PRJEB97686,,,adult,,,US,transplant_or_immunocompromised,allogeneic hematopoietic cell transplantation (allo-HCT) recipients undergoing GVHD prophylaxis,,,,2019/2023,primary,2.0,4.979
SAMEA120407904,PRJEB97686,,,adult,,,US,transplant_or_immunocompromised,allogeneic hematopoietic cell transplantation (allo-HCT) recipients undergoing GVHD prophylaxis,,,,2019/2023,primary,2.0,4.381
SAMEA120407905,PRJEB97686,,,adult,,,US,transplant_or_immunocompromised,allogeneic hematopoietic cell transplantation (allo-HCT) recipients undergoing GVHD prophylaxis,,,,2019/2023,primary,2.0,4.174
SAMEA120407906,PRJEB97686,,,adult,,,US,transplant_or_immunocompromised,allogeneic hematopoietic cell transplantation (allo-HCT) recipients undergoing GVHD prophylaxis,,,,2019/2023,primary,2.0,4.28
SAMEA120407907,PRJEB97686,,,adult,,,US,transplant_or_immunocompromised,allogeneic hematopoietic cell transplantation (allo-HCT) recipients undergoing GVHD prophylaxis,,,,2019/2023,primary,1.0,3.627
SAMEA120407908,PRJEB97686,,,adult,,,US,transplant_or_immunocompromised,allogeneic hematopoietic cell transplantation (allo-HCT) recipients undergoing GVHD prophylaxis,,,,2019/2023,primary,2.0,4.297
SAMEA120407909,PRJEB97686,,,adult,,,US,transplant_or_immunocompromised,allogeneic hematopoietic cell transplantation (allo-HCT) recipients undergoing GVHD prophylaxis,,,,2019/2023,primary,2.0,5.869
SAMEA120407910,PRJEB97686,,,adult,,,US,transplant_or_immunocompromised,allogeneic hematopoietic cell transplantation (allo-HCT) recipients undergoing GVHD prophylaxis,,,,2019/2023,primary,2.0,4.009
SAMEA120407911,PRJEB97686,,,adult,,,US,transplant_or_immunocompromised,allogeneic hematopoietic cell transplantation (allo-HCT) recipients undergoing GVHD prophylaxis,,,,2019/2023,primary,2.0,4.21
SAMEA120407912,PRJEB97686,,,adult,,,US,transplant_or_immunocompromised,allogeneic hematopoietic cell transplantation (allo-HCT) recipients undergoing GVHD prophylaxis,,,,2019/2023,primary,2.0,3.723
SAMEA120407913,PRJEB97686,,,adult,,,US,transplant_or_immunocompromised,allogeneic hematopoietic cell transplantation (allo-HCT) recipients undergoing GVHD prophylaxis,,,,2019/2023,primary,2.0,3.91
SAMEA120407914,PRJEB97686,,,adult,,,US,transplant_or_immunocompromised,allogeneic hematopoietic cell transplantation (allo-HCT) recipients undergoing GVHD prophylaxis,,,,2019/2023,primary,2.0,3.976
SAMEA120407915,PRJEB97686,,,adult,,,US,transplant_or_immunocompromised,allogeneic hematopoietic cell transplantation (allo-HCT) recipients undergoing GVHD prophylaxis,,,,2019/2023,primary,2.0,4.155
SAMEA120407916,PRJEB97686,,,adult,,,US,transplant_or_immunocompromised,allogeneic hematopoietic cell transplantation (allo-HCT) recipients undergoing GVHD prophylaxis,,,,2019/2023,primary,2.0,3.852
SAMEA120407917,PRJEB97686,,,adult,,,US,transplant_or_immunocompromised,allogeneic hematopoietic cell transplantation (allo-HCT) recipients undergoing GVHD prophylaxis,,,,2019/2023,primary,2.0,3.959
SAMEA120407918,PRJEB97686,,,adult,,,US,transplant_or_immunocompromised,allogeneic hematopoietic cell transplantation (allo-HCT) recipients undergoing GVHD prophylaxis,,,,2019/2023,primary,2.0,3.92
SAMEA120407919,PRJEB97686,,,adult,,,US,transplant_or_immunocompromised,allogeneic hematopoietic cell transplantation (allo-HCT) recipients undergoing GVHD prophylaxis,,,,2019/2023,primary,2.0,4.095
SAMEA120407920,PRJEB97686,,,adult,,,US,transplant_or_immunocompromised,allogeneic hematopoietic cell transplantation (allo-HCT) recipients undergoing GVHD prophylaxis,,,,2019/2023,primary,2.0,3.832
SAMEA120407921,PRJEB97686,,,adult,,,US,transplant_or_immunocompromised,allogeneic hematopoietic cell transplantation (allo-HCT) recipients undergoing GVHD prophylaxis,,,,2019/2023,primary,2.0,3.802
SAMEA120407922,PRJEB97686,,,adult,,,US,transplant_or_immunocompromised,allogeneic hematopoietic cell transplantation (allo-HCT) recipients undergoing GVHD prophylaxis,,,,2019/2023,primary,2.0,4.707
SAMEA120407923,PRJEB97686,,,adult,,,US,transplant_or_immunocompromised,allogeneic hematopoietic cell transplantation (allo-HCT) recipients undergoing GVHD prophylaxis,,,,2019/2023,primary,2.0,4.647
SAMEA120407924,PRJEB97686,,,adult,,,US,transplant_or_immunocompromised,allogeneic hematopoietic cell transplantation (allo-HCT) recipients undergoing GVHD prophylaxis,,,,2019/2023,primary,2.0,4.175
SAMEA120407925,PRJEB97686,,,adult,,,US,transplant_or_immunocompromised,allogeneic hematopoietic cell transplantation (allo-HCT) recipients undergoing GVHD prophylaxis,,,,2019/2023,primary,2.0,3.975
SAMEA120407926,PRJEB97686,,,adult,,,US,transplant_or_immunocompromised,allogeneic hematopoietic cell transplantation (allo-HCT) recipients undergoing GVHD prophylaxis,,,,2019/2023,primary,2.0,3.771
SAMEA120407927,PRJEB97686,,,adult,,,US,transplant_or_immunocompromised,allogeneic hematopoietic cell transplantation (allo-HCT) recipients undergoing GVHD prophylaxis,,,,2019/2023,primary,2.0,4.297
SAMEA120407928,PRJEB97686,,,adult,,,US,transplant_or_immunocompromised,allogeneic hematopoietic cell transplantation (allo-HCT) recipients undergoing GVHD prophylaxis,,,,2019/2023,primary,2.0,3.877
SAMEA120407929,PRJEB97686,,,adult,,,US,transplant_or_immunocompromised,allogeneic hematopoietic cell transplantation (allo-HCT) recipients undergoing GVHD prophylaxis,,,,2019/2023,primary,2.0,4.271
SAMEA120407930,PRJEB97686,,,adult,,,US,transplant_or_immunocompromised,allogeneic hematopoietic cell transplantation (allo-HCT) recipients undergoing GVHD prophylaxis,,,,2019/2023,primary,2.0,4.125
SAMEA120407931,PRJEB97686,,,adult,,,US,transplant_or_immunocompromised,allogeneic hematopoietic cell transplantation (allo-HCT) recipients undergoing GVHD prophylaxis,,,,2019/2023,primary,2.0,4.07
SAMEA120407932,PRJEB97686,,,adult,,,US,transplant_or_immunocompromised,allogeneic hematopoietic cell transplantation (allo-HCT) recipients undergoing GVHD prophylaxis,,,,2019/2023,primary,2.0,5.592
SAMEA120407933,PRJEB97686,,,adult,,,US,transplant_or_immunocompromised,allogeneic hematopoietic cell transplantation (allo-HCT) recipients undergoing GVHD prophylaxis,,,,2019/2023,primary,2.0,6.426
SAMEA120407934,PRJEB97686,,,adult,,,US,transplant_or_immunocompromised,allogeneic hematopoietic cell transplantation (allo-HCT) recipients undergoing GVHD prophylaxis,,,,2019/2023,primary,2.0,4.431
SAMEA120407935,PRJEB97686,,,adult,,,US,transplant_or_immunocompromised,allogeneic hematopoietic cell transplantation (allo-HCT) recipients undergoing GVHD prophylaxis,,,,2019/2023,primary,2.0,4.067
SAMEA120407936,PRJEB97686,,,adult,,,US,transplant_or_immunocompromised,allogeneic hematopoietic cell transplantation (allo-HCT) recipients undergoing GVHD prophylaxis,,,,2019/2023,primary,2.0,4.612
SAMEA120407937,PRJEB97686,,,adult,,,US,transplant_or_immunocompromised,allogeneic hematopoietic cell transplantation (allo-HCT) recipients undergoing GVHD prophylaxis,,,,2019/2023,primary,2.0,3.963
SAMEA120407938,PRJEB97686,,,adult,,,US,transplant_or_immunocompromised,allogeneic hematopoietic cell transplantation (allo-HCT) recipients undergoing GVHD prophylaxis,,,,2019/2023,primary,2.0,4.338
SAMEA120407939,PRJEB97686,,,adult,,,US,transplant_or_immunocompromised,allogeneic hematopoietic cell transplantation (allo-HCT) recipients undergoing GVHD prophylaxis,,,,2019/2023,primary,2.0,4.321
SAMEA120407940,PRJEB97686,,,adult,,,US,transplant_or_immunocompromised,allogeneic hematopoietic cell transplantation (allo-HCT) recipients undergoing GVHD prophylaxis,,,,2019/2023,primary,2.0,4.634
SAMEA120407941,PRJEB97686,,,adult,,,US,transplant_or_immunocompromised,allogeneic hematopoietic cell transplantation (allo-HCT) recipients undergoing GVHD prophylaxis,,,,2019/2023,primary,2.0,4.245
SAMEA120407942,PRJEB97686,,,adult,,,US,transplant_or_immunocompromised,allogeneic hematopoietic cell transplantation (allo-HCT) recipients undergoing GVHD prophylaxis,,,,2019/2023,primary,2.0,4.583
SAMEA120407943,PRJEB97686,,,adult,,,US,transplant_or_immunocompromised,allogeneic hematopoietic cell transplantation (allo-HCT) recipients undergoing GVHD prophylaxis,,,,2019/2023,primary,2.0,4.356
SAMEA120407944,PRJEB97686,,,adult,,,US,transplant_or_immunocompromised,allogeneic hematopoietic cell transplantation (allo-HCT) recipients undergoing GVHD prophylaxis,,,,2019/2023,primary,2.0,4.81
SAMEA120407945,PRJEB97686,,,adult,,,US,transplant_or_immunocompromised,allogeneic hematopoietic cell transplantation (allo-HCT) recipients undergoing GVHD prophylaxis,,,,2019/2023,primary,2.0,4.022
SAMEA120407946,PRJEB97686,,,adult,,,US,transplant_or_immunocompromised,allogeneic hematopoietic cell transplantation (allo-HCT) recipients undergoing GVHD prophylaxis,,,,2019/2023,primary,2.0,4.1
SAMEA120407947,PRJEB97686,,,adult,,,US,transplant_or_immunocompromised,allogeneic hematopoietic cell transplantation (allo-HCT) recipients undergoing GVHD prophylaxis,,,,2019/2023,primary,2.0,4.48
SAMEA120407948,PRJEB97686,,,adult,,,US,transplant_or_immunocompromised,allogeneic hematopoietic cell transplantation (allo-HCT) recipients undergoing GVHD prophylaxis,,,,2019/2023,primary,2.0,4.895
SAMEA120407949,PRJEB97686,,,adult,,,US,transplant_or_immunocompromised,allogeneic hematopoietic cell transplantation (allo-HCT) recipients undergoing GVHD prophylaxis,,,,2019/2023,primary,2.0,4.877
SAMEA120407950,PRJEB97686,,,adult,,,US,transplant_or_immunocompromised,allogeneic hematopoietic cell transplantation (allo-HCT) recipients undergoing GVHD prophylaxis,,,,2019/2023,primary,2.0,4.429
SAMEA120407951,PRJEB97686,,,adult,,,US,transplant_or_immunocompromised,allogeneic hematopoietic cell transplantation (allo-HCT) recipients undergoing GVHD prophylaxis,,,,2019/2023,primary,2.0,4.715
SAMEA120407952,PRJEB97686,,,adult,,,US,transplant_or_immunocompromised,allogeneic hematopoietic cell transplantation (allo-HCT) recipients undergoing GVHD prophylaxis,,,,2019/2023,primary,2.0,3.837
SAMEA120407953,PRJEB97686,,,adult,,,US,transplant_or_immunocompromised,allogeneic hematopoietic cell transplantation (allo-HCT) recipients undergoing GVHD prophylaxis,,,,2019/2023,primary,2.0,3.704
SAMEA120407954,PRJEB97686,,,adult,,,US,transplant_or_immunocompromised,allogeneic hematopoietic cell transplantation (allo-HCT) recipients undergoing GVHD prophylaxis,,,,2019/2023,primary,2.0,4.381
SAMEA120407955,PRJEB97686,,,adult,,,US,transplant_or_immunocompromised,allogeneic hematopoietic cell transplantation (allo-HCT) recipients undergoing GVHD prophylaxis,,,,2019/2023,primary,2.0,4.903
SAMEA120407956,PRJEB97686,,,adult,,,US,transplant_or_immunocompromised,allogeneic hematopoietic cell transplantation (allo-HCT) recipients undergoing GVHD prophylaxis,,,,2019/2023,primary,2.0,5.186
SAMEA120407957,PRJEB97686,,,adult,,,US,transplant_or_immunocompromised,allogeneic hematopoietic cell transplantation (allo-HCT) recipients undergoing GVHD prophylaxis,,,,2019/2023,primary,2.0,4.583
SAMEA120407958,PRJEB97686,,,adult,,,US,transplant_or_immunocompromised,allogeneic hematopoietic cell transplantation (allo-HCT) recipients undergoing GVHD prophylaxis,,,,2019/2023,primary,1.0,0.129
SAMEA120407959,PRJEB97686,,,adult,,,US,transplant_or_immunocompromised,allogeneic hematopoietic cell transplantation (allo-HCT) recipients undergoing GVHD prophylaxis,,,,2019/2023,primary,2.0,4.758
SAMEA120407960,PRJEB97686,,,adult,,,US,transplant_or_immunocompromised,allogeneic hematopoietic cell transplantation (allo-HCT) recipients undergoing GVHD prophylaxis,,,,2019/2023,primary,2.0,4.684
SAMEA120407961,PRJEB97686,,,adult,,,US,transplant_or_immunocompromised,allogeneic hematopoietic cell transplantation (allo-HCT) recipients undergoing GVHD prophylaxis,,,,2019/2023,primary,2.0,4.842
SAMEA120407962,PRJEB97686,,,adult,,,US,transplant_or_immunocompromised,allogeneic hematopoietic cell transplantation (allo-HCT) recipients undergoing GVHD prophylaxis,,,,2019/2023,primary,2.0,5.27
SAMEA120407963,PRJEB97686,,,adult,,,US,transplant_or_immunocompromised,allogeneic hematopoietic cell transplantation (allo-HCT) recipients undergoing GVHD prophylaxis,,,,2019/2023,primary,2.0,4.821
SAMEA120407964,PRJEB97686,,,adult,,,US,transplant_or_immunocompromised,allogeneic hematopoietic cell transplantation (allo-HCT) recipients undergoing GVHD prophylaxis,,,,2019/2023,primary,2.0,5.02
SAMEA120407965,PRJEB97686,,,adult,,,US,transplant_or_immunocompromised,allogeneic hematopoietic cell transplantation (allo-HCT) recipients undergoing GVHD prophylaxis,,,,2019/2023,primary,1.0,0.003
SAMEA120407966,PRJEB97686,,,adult,,,US,transplant_or_immunocompromised,allogeneic hematopoietic cell transplantation (allo-HCT) recipients undergoing GVHD prophylaxis,,,,2019/2023,primary,2.0,4.626
SAMEA120407967,PRJEB97686,,,adult,,,US,transplant_or_immunocompromised,allogeneic hematopoietic cell transplantation (allo-HCT) recipients undergoing GVHD prophylaxis,,,,2019/2023,primary,2.0,3.924
SAMEA120407968,PRJEB97686,,,adult,,,US,transplant_or_immunocompromised,allogeneic hematopoietic cell transplantation (allo-HCT) recipients undergoing GVHD prophylaxis,,,,2019/2023,primary,2.0,4.018
SAMEA120407969,PRJEB97686,,,adult,,,US,transplant_or_immunocompromised,allogeneic hematopoietic cell transplantation (allo-HCT) recipients undergoing GVHD prophylaxis,,,,2019/2023,primary,2.0,4.134
SAMEA120407970,PRJEB97686,,,adult,,,US,transplant_or_immunocompromised,allogeneic hematopoietic cell transplantation (allo-HCT) recipients undergoing GVHD prophylaxis,,,,2019/2023,primary,2.0,3.355
SAMEA120407971,PRJEB97686,,,adult,,,US,transplant_or_immunocompromised,allogeneic hematopoietic cell transplantation (allo-HCT) recipients undergoing GVHD prophylaxis,,,,2019/2023,primary,2.0,4.149
SAMEA120407972,PRJEB97686,,,adult,,,US,transplant_or_immunocompromised,allogeneic hematopoietic cell transplantation (allo-HCT) recipients undergoing GVHD prophylaxis,,,,2019/2023,primary,2.0,4.427
SAMEA120407973,PRJEB97686,,,adult,,,US,transplant_or_immunocompromised,allogeneic hematopoietic cell transplantation (allo-HCT) recipients undergoing GVHD prophylaxis,,,,2019/2023,primary,2.0,4.374
SAMEA120407974,PRJEB97686,,,adult,,,US,transplant_or_immunocompromised,allogeneic hematopoietic cell transplantation (allo-HCT) recipients undergoing GVHD prophylaxis,,,,2019/2023,primary,2.0,4.023
SAMEA120407975,PRJEB97686,,,adult,,,US,transplant_or_immunocompromised,allogeneic hematopoietic cell transplantation (allo-HCT) recipients undergoing GVHD prophylaxis,,,,2019/2023,primary,2.0,4.318
SAMEA120407976,PRJEB97686,,,adult,,,US,transplant_or_immunocompromised,allogeneic hematopoietic cell transplantation (allo-HCT) recipients undergoing GVHD prophylaxis,,,,2019/2023,primary,2.0,4.35
SAMEA120407977,PRJEB97686,,,adult,,,US,transplant_or_immunocompromised,allogeneic hematopoietic cell transplantation (allo-HCT) recipients undergoing GVHD prophylaxis,,,,2019/2023,primary,1.0,0.44
SAMEA120407978,PRJEB97686,,,adult,,,US,transplant_or_immunocompromised,allogeneic hematopoietic cell transplantation (allo-HCT) recipients undergoing GVHD prophylaxis,,,,2019/2023,primary,2.0,4.902
SAMEA120407979,PRJEB97686,,,adult,,,US,transplant_or_immunocompromised,allogeneic hematopoietic cell transplantation (allo-HCT) recipients undergoing GVHD prophylaxis,,,,2019/2023,primary,1.0,3.972
SAMEA120407980,PRJEB97686,,,adult,,,US,transplant_or_immunocompromised,allogeneic hematopoietic cell transplantation (allo-HCT) recipients undergoing GVHD prophylaxis,,,,2019/2023,primary,2.0,4.293
SAMEA120407981,PRJEB97686,,,adult,,,US,transplant_or_immunocompromised,allogeneic hematopoietic cell transplantation (allo-HCT) recipients undergoing GVHD prophylaxis,,,,2019/2023,primary,2.0,3.846
SAMEA120407982,PRJEB97686,,,adult,,,US,transplant_or_immunocompromised,allogeneic hematopoietic cell transplantation (allo-HCT) recipients undergoing GVHD prophylaxis,,,,2019/2023,primary,2.0,4.344
SAMEA120407983,PRJEB97686,,,adult,,,US,transplant_or_immunocompromised,allogeneic hematopoietic cell transplantation (allo-HCT) recipients undergoing GVHD prophylaxis,,,,2019/2023,primary,2.0,3.093
SAMEA120407984,PRJEB97686,,,adult,,,US,transplant_or_immunocompromised,allogeneic hematopoietic cell transplantation (allo-HCT) recipients undergoing GVHD prophylaxis,,,,2019/2023,primary,2.0,4.211
SAMEA120407985,PRJEB97686,,,adult,,,US,transplant_or_immunocompromised,allogeneic hematopoietic cell transplantation (allo-HCT) recipients undergoing GVHD prophylaxis,,,,2019/2023,primary,2.0,4.978
SAMEA120407986,PRJEB97686,,,adult,,,US,transplant_or_immunocompromised,allogeneic hematopoietic cell transplantation (allo-HCT) recipients undergoing GVHD prophylaxis,,,,2019/2023,primary,2.0,4.397
SAMEA120407987,PRJEB97686,,,adult,,,US,transplant_or_immunocompromised,allogeneic hematopoietic cell transplantation (allo-HCT) recipients undergoing GVHD prophylaxis,,,,2019/2023,primary,2.0,4.401
SAMEA120407988,PRJEB97686,,,adult,,,US,transplant_or_immunocompromised,allogeneic hematopoietic cell transplantation (allo-HCT) recipients undergoing GVHD prophylaxis,,,,2019/2023,primary,2.0,4.914
SAMEA120407989,PRJEB97686,,,adult,,,US,transplant_or_immunocompromised,allogeneic hematopoietic cell transplantation (allo-HCT) recipients undergoing GVHD prophylaxis,,,,2019/2023,primary,2.0,4.88
SAMEA120407990,PRJEB97686,,,adult,,,US,transplant_or_immunocompromised,allogeneic hematopoietic cell transplantation (allo-HCT) recipients undergoing GVHD prophylaxis,,,,2019/2023,primary,2.0,2.075
SAMEA120407991,PRJEB97686,,,adult,,,US,transplant_or_immunocompromised,allogeneic hematopoietic cell transplantation (allo-HCT) recipients undergoing GVHD prophylaxis,,,,2019/2023,primary,1.0,0.037
SAMEA120407992,PRJEB97686,,,adult,,,US,transplant_or_immunocompromised,allogeneic hematopoietic cell transplantation (allo-HCT) recipients undergoing GVHD prophylaxis,,,,2019/2023,primary,1.0,0.52
SAMEA120407993,PRJEB97686,,,adult,,,US,transplant_or_immunocompromised,allogeneic hematopoietic cell transplantation (allo-HCT) recipients undergoing GVHD prophylaxis,,,,2019/2023,primary,1.0,0.317
SAMEA120407994,PRJEB97686,,,adult,,,US,transplant_or_immunocompromised,allogeneic hematopoietic cell transplantation (allo-HCT) recipients undergoing GVHD prophylaxis,,,,2019/2023,primary,2.0,4.993
SAMEA120407995,PRJEB97686,,,adult,,,US,transplant_or_immunocompromised,allogeneic hematopoietic cell transplantation (allo-HCT) recipients undergoing GVHD prophylaxis,,,,2019/2023,primary,2.0,3.361
SAMEA120407996,PRJEB97686,,,adult,,,US,transplant_or_immunocompromised,allogeneic hematopoietic cell transplantation (allo-HCT) recipients undergoing GVHD prophylaxis,,,,2019/2023,primary,1.0,1.394
SAMEA120407997,PRJEB97686,,,adult,,,US,transplant_or_immunocompromised,allogeneic hematopoietic cell transplantation (allo-HCT) recipients undergoing GVHD prophylaxis,,,,2019/2023,primary,2.0,4.171
SAMEA120407998,PRJEB97686,,,adult,,,US,transplant_or_immunocompromised,allogeneic hematopoietic cell transplantation (allo-HCT) recipients undergoing GVHD prophylaxis,,,,2019/2023,primary,2.0,5.354
SAMEA120407999,PRJEB97686,,,adult,,,US,transplant_or_immunocompromised,allogeneic hematopoietic cell transplantation (allo-HCT) recipients undergoing GVHD prophylaxis,,,,2019/2023,primary,1.0,3.179
SAMEA120408000,PRJEB97686,,,adult,,,US,transplant_or_immunocompromised,allogeneic hematopoietic cell transplantation (allo-HCT) recipients undergoing GVHD prophylaxis,,,,2019/2023,primary,2.0,4.315
SAMEA120408001,PRJEB97686,,,adult,,,US,transplant_or_immunocompromised,allogeneic hematopoietic cell transplantation (allo-HCT) recipients undergoing GVHD prophylaxis,,,,2019/2023,primary,2.0,4.973
SAMEA120408002,PRJEB97686,,,adult,,,US,transplant_or_immunocompromised,allogeneic hematopoietic cell transplantation (allo-HCT) recipients undergoing GVHD prophylaxis,,,,2019/2023,primary,2.0,4.93
SAMEA120408003,PRJEB97686,,,adult,,,US,transplant_or_immunocompromised,allogeneic hematopoietic cell transplantation (allo-HCT) recipients undergoing GVHD prophylaxis,,,,2019/2023,primary,2.0,4.916
SAMEA120408004,PRJEB97686,,,adult,,,US,transplant_or_immunocompromised,allogeneic hematopoietic cell transplantation (allo-HCT) recipients undergoing GVHD prophylaxis,,,,2019/2023,primary,2.0,4.796
SAMEA120408005,PRJEB97686,,,adult,,,US,transplant_or_immunocompromised,allogeneic hematopoietic cell transplantation (allo-HCT) recipients undergoing GVHD prophylaxis,,,,2019/2023,primary,2.0,4.337
SAMEA120408006,PRJEB97686,,,adult,,,US,transplant_or_immunocompromised,allogeneic hematopoietic cell transplantation (allo-HCT) recipients undergoing GVHD prophylaxis,,,,2019/2023,primary,2.0,4.416
SAMEA120408007,PRJEB97686,,,adult,,,US,transplant_or_immunocompromised,allogeneic hematopoietic cell transplantation (allo-HCT) recipients undergoing GVHD prophylaxis,,,,2019/2023,primary,2.0,4.41
SAMEA120408008,PRJEB97686,,,adult,,,US,transplant_or_immunocompromised,allogeneic hematopoietic cell transplantation (allo-HCT) recipients undergoing GVHD prophylaxis,,,,2019/2023,primary,2.0,4.854
SAMEA120408009,PRJEB97686,,,adult,,,US,transplant_or_immunocompromised,allogeneic hematopoietic cell transplantation (allo-HCT) recipients undergoing GVHD prophylaxis,,,,2019/2023,primary,2.0,4.955
SAMEA120408010,PRJEB97686,,,adult,,,US,transplant_or_immunocompromised,allogeneic hematopoietic cell transplantation (allo-HCT) recipients undergoing GVHD prophylaxis,,,,2019/2023,primary,2.0,4.951
SAMEA120408011,PRJEB97686,,,adult,,,US,transplant_or_immunocompromised,allogeneic hematopoietic cell transplantation (allo-HCT) recipients undergoing GVHD prophylaxis,,,,2019/2023,primary,2.0,4.545
SAMEA120408012,PRJEB97686,,,adult,,,US,transplant_or_immunocompromised,allogeneic hematopoietic cell transplantation (allo-HCT) recipients undergoing GVHD prophylaxis,,,,2019/2023,primary,1.0,3.414
SAMEA120408013,PRJEB97686,,,adult,,,US,transplant_or_immunocompromised,allogeneic hematopoietic cell transplantation (allo-HCT) recipients undergoing GVHD prophylaxis,,,,2019/2023,primary,2.0,4.783
SAMEA120408014,PRJEB97686,,,adult,,,US,transplant_or_immunocompromised,allogeneic hematopoietic cell transplantation (allo-HCT) recipients undergoing GVHD prophylaxis,,,,2019/2023,primary,2.0,4.755
SAMEA120408015,PRJEB97686,,,adult,,,US,transplant_or_immunocompromised,allogeneic hematopoietic cell transplantation (allo-HCT) recipients undergoing GVHD prophylaxis,,,,2019/2023,primary,2.0,5.723
SAMEA120408016,PRJEB97686,,,adult,,,US,transplant_or_immunocompromised,allogeneic hematopoietic cell transplantation (allo-HCT) recipients undergoing GVHD prophylaxis,,,,2019/2023,primary,2.0,4.706
SAMEA120408017,PRJEB97686,,,adult,,,US,transplant_or_immunocompromised,allogeneic hematopoietic cell transplantation (allo-HCT) recipients undergoing GVHD prophylaxis,,,,2019/2023,primary,2.0,5.307
SAMEA120408018,PRJEB97686,,,adult,,,US,transplant_or_immunocompromised,allogeneic hematopoietic cell transplantation (allo-HCT) recipients undergoing GVHD prophylaxis,,,,2019/2023,primary,2.0,5.388
SAMEA120408019,PRJEB97686,,,adult,,,US,transplant_or_immunocompromised,allogeneic hematopoietic cell transplantation (allo-HCT) recipients undergoing GVHD prophylaxis,,,,2019/2023,primary,2.0,5.303
SAMEA120408020,PRJEB97686,,,adult,,,US,transplant_or_immunocompromised,allogeneic hematopoietic cell transplantation (allo-HCT) recipients undergoing GVHD prophylaxis,,,,2019/2023,primary,2.0,5.403
SAMEA120408021,PRJEB97686,,,adult,,,US,transplant_or_immunocompromised,allogeneic hematopoietic cell transplantation (allo-HCT) recipients undergoing GVHD prophylaxis,,,,2019/2023,primary,2.0,5.303
SAMEA120408022,PRJEB97686,,,adult,,,US,transplant_or_immunocompromised,allogeneic hematopoietic cell transplantation (allo-HCT) recipients undergoing GVHD prophylaxis,,,,2019/2023,primary,2.0,5.595
SAMEA120408023,PRJEB97686,,,adult,,,US,transplant_or_immunocompromised,allogeneic hematopoietic cell transplantation (allo-HCT) recipients undergoing GVHD prophylaxis,,,,2019/2023,primary,2.0,4.576
SAMEA120408024,PRJEB97686,,,adult,,,US,transplant_or_immunocompromised,allogeneic hematopoietic cell transplantation (allo-HCT) recipients undergoing GVHD prophylaxis,,,,2019/2023,primary,1.0,2.745
SAMEA120408025,PRJEB97686,,,adult,,,US,transplant_or_immunocompromised,allogeneic hematopoietic cell transplantation (allo-HCT) recipients undergoing GVHD prophylaxis,,,,2019/2023,primary,2.0,5.631
SAMEA120408026,PRJEB97686,,,adult,,,US,transplant_or_immunocompromised,allogeneic hematopoietic cell transplantation (allo-HCT) recipients undergoing GVHD prophylaxis,,,,2019/2023,primary,2.0,4.894
SAMEA120408027,PRJEB97686,,,adult,,,US,transplant_or_immunocompromised,allogeneic hematopoietic cell transplantation (allo-HCT) recipients undergoing GVHD prophylaxis,,,,2019/2023,primary,1.0,0.199
SAMEA120408028,PRJEB97686,,,adult,,,US,transplant_or_immunocompromised,allogeneic hematopoietic cell transplantation (allo-HCT) recipients undergoing GVHD prophylaxis,,,,2019/2023,primary,2.0,4.833
SAMEA120408029,PRJEB97686,,,adult,,,US,transplant_or_immunocompromised,allogeneic hematopoietic cell transplantation (allo-HCT) recipients undergoing GVHD prophylaxis,,,,2019/2023,primary,2.0,4.954
SAMEA120408030,PRJEB97686,,,adult,,,US,transplant_or_immunocompromised,allogeneic hematopoietic cell transplantation (allo-HCT) recipients undergoing GVHD prophylaxis,,,,2019/2023,primary,2.0,4.029
SAMEA120408031,PRJEB97686,,,adult,,,US,transplant_or_immunocompromised,allogeneic hematopoietic cell transplantation (allo-HCT) recipients undergoing GVHD prophylaxis,,,,2019/2023,primary,1.0,0.036
SAMEA120408032,PRJEB97686,,,adult,,,US,transplant_or_immunocompromised,allogeneic hematopoietic cell transplantation (allo-HCT) recipients undergoing GVHD prophylaxis,,,,2019/2023,primary,2.0,4.571
SAMEA120408033,PRJEB97686,,,adult,,,US,transplant_or_immunocompromised,allogeneic hematopoietic cell transplantation (allo-HCT) recipients undergoing GVHD prophylaxis,,,,2019/2023,primary,2.0,4.852
SAMEA120408034,PRJEB97686,,,adult,,,US,transplant_or_immunocompromised,allogeneic hematopoietic cell transplantation (allo-HCT) recipients undergoing GVHD prophylaxis,,,,2019/2023,primary,2.0,5.55
SAMEA120408035,PRJEB97686,,,adult,,,US,transplant_or_immunocompromised,allogeneic hematopoietic cell transplantation (allo-HCT) recipients undergoing GVHD prophylaxis,,,,2019/2023,primary,2.0,5.522
SAMEA120408036,PRJEB97686,,,adult,,,US,transplant_or_immunocompromised,allogeneic hematopoietic cell transplantation (allo-HCT) recipients undergoing GVHD prophylaxis,,,,2019/2023,primary,2.0,5.369
SAMEA120408037,PRJEB97686,,,adult,,,US,transplant_or_immunocompromised,allogeneic hematopoietic cell transplantation (allo-HCT) recipients undergoing GVHD prophylaxis,,,,2019/2023,primary,2.0,4.912
SAMEA120408038,PRJEB97686,,,adult,,,US,transplant_or_immunocompromised,allogeneic hematopoietic cell transplantation (allo-HCT) recipients undergoing GVHD prophylaxis,,,,2019/2023,primary,2.0,4.568
SAMEA120408039,PRJEB97686,,,adult,,,US,transplant_or_immunocompromised,allogeneic hematopoietic cell transplantation (allo-HCT) recipients undergoing GVHD prophylaxis,,,,2019/2023,primary,2.0,7.116
SAMEA120408040,PRJEB97686,,,adult,,,US,transplant_or_immunocompromised,allogeneic hematopoietic cell transplantation (allo-HCT) recipients undergoing GVHD prophylaxis,,,,2019/2023,primary,2.0,4.609
SAMEA120408041,PRJEB97686,,,adult,,,US,transplant_or_immunocompromised,allogeneic hematopoietic cell transplantation (allo-HCT) recipients undergoing GVHD prophylaxis,,,,2019/2023,primary,2.0,4.671
SAMEA120408042,PRJEB97686,,,adult,,,US,transplant_or_immunocompromised,allogeneic hematopoietic cell transplantation (allo-HCT) recipients undergoing GVHD prophylaxis,,,,2019/2023,primary,2.0,5.077
SAMEA120408043,PRJEB97686,,,adult,,,US,transplant_or_immunocompromised,allogeneic hematopoietic cell transplantation (allo-HCT) recipients undergoing GVHD prophylaxis,,,,2019/2023,primary,2.0,5.768
SAMEA120408044,PRJEB97686,,,adult,,,US,transplant_or_immunocompromised,allogeneic hematopoietic cell transplantation (allo-HCT) recipients undergoing GVHD prophylaxis,,,,2019/2023,primary,2.0,3.646
SAMEA120408045,PRJEB97686,,,adult,,,US,transplant_or_immunocompromised,allogeneic hematopoietic cell transplantation (allo-HCT) recipients undergoing GVHD prophylaxis,,,,2019/2023,primary,2.0,4.236
SAMEA120408046,PRJEB97686,,,adult,,,US,transplant_or_immunocompromised,allogeneic hematopoietic cell transplantation (allo-HCT) recipients undergoing GVHD prophylaxis,,,,2019/2023,primary,2.0,4.745
SAMEA120408047,PRJEB97686,,,adult,,,US,transplant_or_immunocompromised,allogeneic hematopoietic cell transplantation (allo-HCT) recipients undergoing GVHD prophylaxis,,,,2019/2023,primary,2.0,4.638
SAMEA120408048,PRJEB97686,,,adult,,,US,transplant_or_immunocompromised,allogeneic hematopoietic cell transplantation (allo-HCT) recipients undergoing GVHD prophylaxis,,,,2019/2023,primary,2.0,4.728
SAMEA120408049,PRJEB97686,,,adult,,,US,transplant_or_immunocompromised,allogeneic hematopoietic cell transplantation (allo-HCT) recipients undergoing GVHD prophylaxis,,,,2019/2023,primary,2.0,3.359
SAMEA120408050,PRJEB97686,,,adult,,,US,transplant_or_immunocompromised,allogeneic hematopoietic cell transplantation (allo-HCT) recipients undergoing GVHD prophylaxis,,,,2019/2023,primary,2.0,4.379
SAMEA120408051,PRJEB97686,,,adult,,,US,transplant_or_immunocompromised,allogeneic hematopoietic cell transplantation (allo-HCT) recipients undergoing GVHD prophylaxis,,,,2019/2023,primary,2.0,3.475
SAMEA120408052,PRJEB97686,,,adult,,,US,transplant_or_immunocompromised,allogeneic hematopoietic cell transplantation (allo-HCT) recipients undergoing GVHD prophylaxis,,,,2019/2023,primary,2.0,5.016
SAMEA120408053,PRJEB97686,,,adult,,,US,transplant_or_immunocompromised,allogeneic hematopoietic cell transplantation (allo-HCT) recipients undergoing GVHD prophylaxis,,,,2019/2023,primary,2.0,3.496
SAMEA120408054,PRJEB97686,,,adult,,,US,transplant_or_immunocompromised,allogeneic hematopoietic cell transplantation (allo-HCT) recipients undergoing GVHD prophylaxis,,,,2019/2023,primary,2.0,5.279
SAMEA120408055,PRJEB97686,,,adult,,,US,transplant_or_immunocompromised,allogeneic hematopoietic cell transplantation (allo-HCT) recipients undergoing GVHD prophylaxis,,,,2019/2023,primary,2.0,4.535
SAMEA120408056,PRJEB97686,,,adult,,,US,transplant_or_immunocompromised,allogeneic hematopoietic cell transplantation (allo-HCT) recipients undergoing GVHD prophylaxis,,,,2019/2023,primary,2.0,3.64
SAMEA120408057,PRJEB97686,,,adult,,,US,transplant_or_immunocompromised,allogeneic hematopoietic cell transplantation (allo-HCT) recipients undergoing GVHD prophylaxis,,,,2019/2023,primary,2.0,4.742
SAMEA120408058,PRJEB97686,,,adult,,,US,transplant_or_immunocompromised,allogeneic hematopoietic cell transplantation (allo-HCT) recipients undergoing GVHD prophylaxis,,,,2019/2023,primary,2.0,5.203
SAMEA120408059,PRJEB97686,,,adult,,,US,transplant_or_immunocompromised,allogeneic hematopoietic cell transplantation (allo-HCT) recipients undergoing GVHD prophylaxis,,,,2019/2023,primary,2.0,4.656
SAMEA120408060,PRJEB97686,,,adult,,,US,transplant_or_immunocompromised,allogeneic hematopoietic cell transplantation (allo-HCT) recipients undergoing GVHD prophylaxis,,,,2019/2023,primary,1.0,0.006
SAMEA120408061,PRJEB97686,,,adult,,,US,transplant_or_immunocompromised,allogeneic hematopoietic cell transplantation (allo-HCT) recipients undergoing GVHD prophylaxis,,,,2019/2023,primary,2.0,5.894
SAMEA120408062,PRJEB97686,,,adult,,,US,transplant_or_immunocompromised,allogeneic hematopoietic cell transplantation (allo-HCT) recipients undergoing GVHD prophylaxis,,,,2019/2023,primary,2.0,5.219
SAMEA120408063,PRJEB97686,,,adult,,,US,transplant_or_immunocompromised,allogeneic hematopoietic cell transplantation (allo-HCT) recipients undergoing GVHD prophylaxis,,,,2019/2023,primary,2.0,5.039
SAMEA120408064,PRJEB97686,,,adult,,,US,transplant_or_immunocompromised,allogeneic hematopoietic cell transplantation (allo-HCT) recipients undergoing GVHD prophylaxis,,,,2019/2023,primary,2.0,3.939
SAMEA120408065,PRJEB97686,,,adult,,,US,transplant_or_immunocompromised,allogeneic hematopoietic cell transplantation (allo-HCT) recipients undergoing GVHD prophylaxis,,,,2019/2023,primary,2.0,5.378
SAMEA120408066,PRJEB97686,,,adult,,,US,transplant_or_immunocompromised,allogeneic hematopoietic cell transplantation (allo-HCT) recipients undergoing GVHD prophylaxis,,,,2019/2023,primary,2.0,5.54
SAMEA120408067,PRJEB97686,,,adult,,,US,transplant_or_immunocompromised,allogeneic hematopoietic cell transplantation (allo-HCT) recipients undergoing GVHD prophylaxis,,,,2019/2023,primary,2.0,4.877
SAMEA120408068,PRJEB97686,,,adult,,,US,transplant_or_immunocompromised,allogeneic hematopoietic cell transplantation (allo-HCT) recipients undergoing GVHD prophylaxis,,,,2019/2023,primary,2.0,4.944
SAMEA120408069,PRJEB97686,,,adult,,,US,transplant_or_immunocompromised,allogeneic hematopoietic cell transplantation (allo-HCT) recipients undergoing GVHD prophylaxis,,,,2019/2023,primary,2.0,2.545
SAMEA120408070,PRJEB97686,,,adult,,,US,transplant_or_immunocompromised,allogeneic hematopoietic cell transplantation (allo-HCT) recipients undergoing GVHD prophylaxis,,,,2019/2023,primary,2.0,5.234
SAMEA120408071,PRJEB97686,,,adult,,,US,transplant_or_immunocompromised,allogeneic hematopoietic cell transplantation (allo-HCT) recipients undergoing GVHD prophylaxis,,,,2019/2023,primary,2.0,4.676
SAMEA120408072,PRJEB97686,,,adult,,,US,transplant_or_immunocompromised,allogeneic hematopoietic cell transplantation (allo-HCT) recipients undergoing GVHD prophylaxis,,,,2019/2023,primary,2.0,4.547
SAMEA120408073,PRJEB97686,,,adult,,,US,transplant_or_immunocompromised,allogeneic hematopoietic cell transplantation (allo-HCT) recipients undergoing GVHD prophylaxis,,,,2019/2023,primary,2.0,5.112
SAMEA120408074,PRJEB97686,,,adult,,,US,transplant_or_immunocompromised,allogeneic hematopoietic cell transplantation (allo-HCT) recipients undergoing GVHD prophylaxis,,,,2019/2023,primary,2.0,5.547
SAMEA120408075,PRJEB97686,,,adult,,,US,transplant_or_immunocompromised,allogeneic hematopoietic cell transplantation (allo-HCT) recipients undergoing GVHD prophylaxis,,,,2019/2023,primary,2.0,4.785
SAMEA120408076,PRJEB97686,,,adult,,,US,transplant_or_immunocompromised,allogeneic hematopoietic cell transplantation (allo-HCT) recipients undergoing GVHD prophylaxis,,,,2019/2023,primary,2.0,4.408
SAMEA120408077,PRJEB97686,,,adult,,,US,transplant_or_immunocompromised,allogeneic hematopoietic cell transplantation (allo-HCT) recipients undergoing GVHD prophylaxis,,,,2019/2023,primary,2.0,5.027
SAMEA120408078,PRJEB97686,,,adult,,,US,transplant_or_immunocompromised,allogeneic hematopoietic cell transplantation (allo-HCT) recipients undergoing GVHD prophylaxis,,,,2019/2023,primary,2.0,5.475
SAMEA120408079,PRJEB97686,,,adult,,,US,transplant_or_immunocompromised,allogeneic hematopoietic cell transplantation (allo-HCT) recipients undergoing GVHD prophylaxis,,,,2019/2023,primary,2.0,3.617
SAMEA120408080,PRJEB97686,,,adult,,,US,transplant_or_immunocompromised,allogeneic hematopoietic cell transplantation (allo-HCT) recipients undergoing GVHD prophylaxis,,,,2019/2023,primary,2.0,4.944
SAMEA120408081,PRJEB97686,,,adult,,,US,transplant_or_immunocompromised,allogeneic hematopoietic cell transplantation (allo-HCT) recipients undergoing GVHD prophylaxis,,,,2019/2023,primary,2.0,4.724
SAMEA120408082,PRJEB97686,,,adult,,,US,transplant_or_immunocompromised,allogeneic hematopoietic cell transplantation (allo-HCT) recipients undergoing GVHD prophylaxis,,,,2019/2023,primary,2.0,5.218
SAMEA120408083,PRJEB97686,,,adult,,,US,transplant_or_immunocompromised,allogeneic hematopoietic cell transplantation (allo-HCT) recipients undergoing GVHD prophylaxis,,,,2019/2023,primary,2.0,5.548
SAMEA120408084,PRJEB97686,,,adult,,,US,transplant_or_immunocompromised,allogeneic hematopoietic cell transplantation (allo-HCT) recipients undergoing GVHD prophylaxis,,,,2019/2023,primary,2.0,4.521
SAMEA120408085,PRJEB97686,,,adult,,,US,transplant_or_immunocompromised,allogeneic hematopoietic cell transplantation (allo-HCT) recipients undergoing GVHD prophylaxis,,,,2019/2023,primary,2.0,3.9
SAMEA120408086,PRJEB97686,,,adult,,,US,transplant_or_immunocompromised,allogeneic hematopoietic cell transplantation (allo-HCT) recipients undergoing GVHD prophylaxis,,,,2019/2023,primary,2.0,4.606
SAMEA120408087,PRJEB97686,,,adult,,,US,transplant_or_immunocompromised,allogeneic hematopoietic cell transplantation (allo-HCT) recipients undergoing GVHD prophylaxis,,,,2019/2023,primary,2.0,4.478
SAMEA120408088,PRJEB97686,,,adult,,,US,transplant_or_immunocompromised,allogeneic hematopoietic cell transplantation (allo-HCT) recipients undergoing GVHD prophylaxis,,,,2019/2023,primary,2.0,5.267
SAMEA120408089,PRJEB97686,,,adult,,,US,transplant_or_immunocompromised,allogeneic hematopoietic cell transplantation (allo-HCT) recipients undergoing GVHD prophylaxis,,,,2019/2023,primary,2.0,4.501
SAMEA120408090,PRJEB97686,,,adult,,,US,transplant_or_immunocompromised,allogeneic hematopoietic cell transplantation (allo-HCT) recipients undergoing GVHD prophylaxis,,,,2019/2023,primary,2.0,3.088
SAMEA120408091,PRJEB97686,,,adult,,,US,transplant_or_immunocompromised,allogeneic hematopoietic cell transplantation (allo-HCT) recipients undergoing GVHD prophylaxis,,,,2019/2023,primary,1.0,0.184
SAMEA120408092,PRJEB97686,,,adult,,,US,transplant_or_immunocompromised,allogeneic hematopoietic cell transplantation (allo-HCT) recipients undergoing GVHD prophylaxis,,,,2019/2023,primary,2.0,5.339
SAMEA120408093,PRJEB97686,,,adult,,,US,transplant_or_immunocompromised,allogeneic hematopoietic cell transplantation (allo-HCT) recipients undergoing GVHD prophylaxis,,,,2019/2023,primary,1.0,4.506
SAMEA120408094,PRJEB97686,,,adult,,,US,transplant_or_immunocompromised,allogeneic hematopoietic cell transplantation (allo-HCT) recipients undergoing GVHD prophylaxis,,,,2019/2023,primary,2.0,4.445
SAMEA120408095,PRJEB97686,,,adult,,,US,transplant_or_immunocompromised,allogeneic hematopoietic cell transplantation (allo-HCT) recipients undergoing GVHD prophylaxis,,,,2019/2023,primary,2.0,5.933
SAMEA120408096,PRJEB97686,,,adult,,,US,transplant_or_immunocompromised,allogeneic hematopoietic cell transplantation (allo-HCT) recipients undergoing GVHD prophylaxis,,,,2019/2023,primary,1.0,3.709
SAMEA120408097,PRJEB97686,,,adult,,,US,transplant_or_immunocompromised,allogeneic hematopoietic cell transplantation (allo-HCT) recipients undergoing GVHD prophylaxis,,,,2019/2023,primary,2.0,4.769
SAMEA120408098,PRJEB97686,,,adult,,,US,transplant_or_immunocompromised,allogeneic hematopoietic cell transplantation (allo-HCT) recipients undergoing GVHD prophylaxis,,,,2019/2023,primary,2.0,5.412
SAMEA120408099,PRJEB97686,,,adult,,,US,transplant_or_immunocompromised,allogeneic hematopoietic cell transplantation (allo-HCT) recipients undergoing GVHD prophylaxis,,,,2019/2023,primary,2.0,6.16
SAMEA120408100,PRJEB97686,,,adult,,,US,transplant_or_immunocompromised,allogeneic hematopoietic cell transplantation (allo-HCT) recipients undergoing GVHD prophylaxis,,,,2019/2023,primary,1.0,3.946
SAMEA120408101,PRJEB97686,,,adult,,,US,transplant_or_immunocompromised,allogeneic hematopoietic cell transplantation (allo-HCT) recipients undergoing GVHD prophylaxis,,,,2019/2023,primary,1.0,4.042
SAMEA120408102,PRJEB97686,,,adult,,,US,transplant_or_immunocompromised,allogeneic hematopoietic cell transplantation (allo-HCT) recipients undergoing GVHD prophylaxis,,,,2019/2023,primary,1.0,0.759
SAMEA120408103,PRJEB97686,,,adult,,,US,transplant_or_immunocompromised,allogeneic hematopoietic cell transplantation (allo-HCT) recipients undergoing GVHD prophylaxis,,,,2019/2023,primary,2.0,4.055
SAMEA120408104,PRJEB97686,,,adult,,,US,transplant_or_immunocompromised,allogeneic hematopoietic cell transplantation (allo-HCT) recipients undergoing GVHD prophylaxis,,,,2019/2023,primary,2.0,4.739
SAMEA120408105,PRJEB97686,,,adult,,,US,transplant_or_immunocompromised,allogeneic hematopoietic cell transplantation (allo-HCT) recipients undergoing GVHD prophylaxis,,,,2019/2023,primary,2.0,4.073
SAMEA120408106,PRJEB97686,,,adult,,,US,transplant_or_immunocompromised,allogeneic hematopoietic cell transplantation (allo-HCT) recipients undergoing GVHD prophylaxis,,,,2019/2023,primary,2.0,3.389
SAMEA120408107,PRJEB97686,,,adult,,,US,transplant_or_immunocompromised,allogeneic hematopoietic cell transplantation (allo-HCT) recipients undergoing GVHD prophylaxis,,,,2019/2023,primary,2.0,4.651
SAMEA120408108,PRJEB97686,,,adult,,,US,transplant_or_immunocompromised,allogeneic hematopoietic cell transplantation (allo-HCT) recipients undergoing GVHD prophylaxis,,,,2019/2023,primary,2.0,3.525
SAMEA120408109,PRJEB97686,,,adult,,,US,transplant_or_immunocompromised,allogeneic hematopoietic cell transplantation (allo-HCT) recipients undergoing GVHD prophylaxis,,,,2019/2023,primary,2.0,4.868
SAMEA120408110,PRJEB97686,,,adult,,,US,transplant_or_immunocompromised,allogeneic hematopoietic cell transplantation (allo-HCT) recipients undergoing GVHD prophylaxis,,,,2019/2023,primary,2.0,4.553
SAMEA120408111,PRJEB97686,,,adult,,,US,transplant_or_immunocompromised,allogeneic hematopoietic cell transplantation (allo-HCT) recipients undergoing GVHD prophylaxis,,,,2019/2023,primary,2.0,6.495
SAMEA120408112,PRJEB97686,,,adult,,,US,transplant_or_immunocompromised,allogeneic hematopoietic cell transplantation (allo-HCT) recipients undergoing GVHD prophylaxis,,,,2019/2023,primary,2.0,4.47
SAMEA120408113,PRJEB97686,,,adult,,,US,transplant_or_immunocompromised,allogeneic hematopoietic cell transplantation (allo-HCT) recipients undergoing GVHD prophylaxis,,,,2019/2023,primary,2.0,4.345
SAMEA120408114,PRJEB97686,,,adult,,,US,transplant_or_immunocompromised,allogeneic hematopoietic cell transplantation (allo-HCT) recipients undergoing GVHD prophylaxis,,,,2019/2023,primary,2.0,4.675
SAMEA120408115,PRJEB97686,,,adult,,,US,transplant_or_immunocompromised,allogeneic hematopoietic cell transplantation (allo-HCT) recipients undergoing GVHD prophylaxis,,,,2019/2023,primary,2.0,4.673
SAMEA120408116,PRJEB97686,,,adult,,,US,transplant_or_immunocompromised,allogeneic hematopoietic cell transplantation (allo-HCT) recipients undergoing GVHD prophylaxis,,,,2019/2023,primary,2.0,4.541
SAMEA120408117,PRJEB97686,,,adult,,,US,transplant_or_immunocompromised,allogeneic hematopoietic cell transplantation (allo-HCT) recipients undergoing GVHD prophylaxis,,,,2019/2023,primary,2.0,4.477
SAMEA120408118,PRJEB97686,,,adult,,,US,transplant_or_immunocompromised,allogeneic hematopoietic cell transplantation (allo-HCT) recipients undergoing GVHD prophylaxis,,,,2019/2023,primary,2.0,4.871
SAMEA120408119,PRJEB97686,,,adult,,,US,transplant_or_immunocompromised,allogeneic hematopoietic cell transplantation (allo-HCT) recipients undergoing GVHD prophylaxis,,,,2019/2023,primary,2.0,5.057
SAMEA120408120,PRJEB97686,,,adult,,,US,transplant_or_immunocompromised,allogeneic hematopoietic cell transplantation (allo-HCT) recipients undergoing GVHD prophylaxis,,,,2019/2023,primary,2.0,4.915
SAMEA120408121,PRJEB97686,,,adult,,,US,transplant_or_immunocompromised,allogeneic hematopoietic cell transplantation (allo-HCT) recipients undergoing GVHD prophylaxis,,,,2019/2023,primary,2.0,4.611
SAMEA120408122,PRJEB97686,,,adult,,,US,transplant_or_immunocompromised,allogeneic hematopoietic cell transplantation (allo-HCT) recipients undergoing GVHD prophylaxis,,,,2019/2023,primary,2.0,4.655
SAMEA120408123,PRJEB97686,,,adult,,,US,transplant_or_immunocompromised,allogeneic hematopoietic cell transplantation (allo-HCT) recipients undergoing GVHD prophylaxis,,,,2019/2023,primary,2.0,4.409
SAMEA120408124,PRJEB97686,,,adult,,,US,transplant_or_immunocompromised,allogeneic hematopoietic cell transplantation (allo-HCT) recipients undergoing GVHD prophylaxis,,,,2019/2023,primary,2.0,4.04
SAMEA120408125,PRJEB97686,,,adult,,,US,transplant_or_immunocompromised,allogeneic hematopoietic cell transplantation (allo-HCT) recipients undergoing GVHD prophylaxis,,,,2019/2023,primary,1.0,3.961
SAMEA120408126,PRJEB97686,,,adult,,,US,transplant_or_immunocompromised,allogeneic hematopoietic cell transplantation (allo-HCT) recipients undergoing GVHD prophylaxis,,,,2019/2023,primary,1.0,4.506
SAMEA120408127,PRJEB97686,,,adult,,,US,transplant_or_immunocompromised,allogeneic hematopoietic cell transplantation (allo-HCT) recipients undergoing GVHD prophylaxis,,,,2019/2023,primary,2.0,4.002
SAMEA120408128,PRJEB97686,,,adult,,,US,transplant_or_immunocompromised,allogeneic hematopoietic cell transplantation (allo-HCT) recipients undergoing GVHD prophylaxis,,,,2019/2023,primary,2.0,4.926
SAMEA120408129,PRJEB97686,,,adult,,,US,transplant_or_immunocompromised,allogeneic hematopoietic cell transplantation (allo-HCT) recipients undergoing GVHD prophylaxis,,,,2019/2023,primary,2.0,4.064
SAMEA120408130,PRJEB97686,,,adult,,,US,transplant_or_immunocompromised,allogeneic hematopoietic cell transplantation (allo-HCT) recipients undergoing GVHD prophylaxis,,,,2019/2023,primary,2.0,4.185
SAMEA120408131,PRJEB97686,,,adult,,,US,transplant_or_immunocompromised,allogeneic hematopoietic cell transplantation (allo-HCT) recipients undergoing GVHD prophylaxis,,,,2019/2023,primary,1.0,4.503
SAMEA120408132,PRJEB97686,,,adult,,,US,transplant_or_immunocompromised,allogeneic hematopoietic cell transplantation (allo-HCT) recipients undergoing GVHD prophylaxis,,,,2019/2023,primary,2.0,5.32
SAMEA120408133,PRJEB97686,,,adult,,,US,transplant_or_immunocompromised,allogeneic hematopoietic cell transplantation (allo-HCT) recipients undergoing GVHD prophylaxis,,,,2019/2023,primary,2.0,4.219
SAMEA120408134,PRJEB97686,,,adult,,,US,transplant_or_immunocompromised,allogeneic hematopoietic cell transplantation (allo-HCT) recipients undergoing GVHD prophylaxis,,,,2019/2023,primary,2.0,4.413
SAMEA120408135,PRJEB97686,,,adult,,,US,transplant_or_immunocompromised,allogeneic hematopoietic cell transplantation (allo-HCT) recipients undergoing GVHD prophylaxis,,,,2019/2023,primary,2.0,5.72
SAMEA120408136,PRJEB97686,,,adult,,,US,transplant_or_immunocompromised,allogeneic hematopoietic cell transplantation (allo-HCT) recipients undergoing GVHD prophylaxis,,,,2019/2023,primary,2.0,5.075
SAMEA120408137,PRJEB97686,,,adult,,,US,transplant_or_immunocompromised,allogeneic hematopoietic cell transplantation (allo-HCT) recipients undergoing GVHD prophylaxis,,,,2019/2023,primary,2.0,4.467
SAMEA120408138,PRJEB97686,,,adult,,,US,transplant_or_immunocompromised,allogeneic hematopoietic cell transplantation (allo-HCT) recipients undergoing GVHD prophylaxis,,,,2019/2023,primary,2.0,6.03
SAMEA120408139,PRJEB97686,,,adult,,,US,transplant_or_immunocompromised,allogeneic hematopoietic cell transplantation (allo-HCT) recipients undergoing GVHD prophylaxis,,,,2019/2023,primary,2.0,5.454
SAMEA120408140,PRJEB97686,,,adult,,,US,transplant_or_immunocompromised,allogeneic hematopoietic cell transplantation (allo-HCT) recipients undergoing GVHD prophylaxis,,,,2019/2023,primary,2.0,4.806
SAMEA120408141,PRJEB97686,,,adult,,,US,transplant_or_immunocompromised,allogeneic hematopoietic cell transplantation (allo-HCT) recipients undergoing GVHD prophylaxis,,,,2019/2023,primary,2.0,3.988
SAMEA120408142,PRJEB97686,,,adult,,,US,transplant_or_immunocompromised,allogeneic hematopoietic cell transplantation (allo-HCT) recipients undergoing GVHD prophylaxis,,,,2019/2023,primary,2.0,4.144
SAMEA120408143,PRJEB97686,,,adult,,,US,transplant_or_immunocompromised,allogeneic hematopoietic cell transplantation (allo-HCT) recipients undergoing GVHD prophylaxis,,,,2019/2023,primary,2.0,4.823
SAMEA120408144,PRJEB97686,,,adult,,,US,transplant_or_immunocompromised,allogeneic hematopoietic cell transplantation (allo-HCT) recipients undergoing GVHD prophylaxis,,,,2019/2023,primary,2.0,5.178
SAMEA120408145,PRJEB97686,,,adult,,,US,transplant_or_immunocompromised,allogeneic hematopoietic cell transplantation (allo-HCT) recipients undergoing GVHD prophylaxis,,,,2019/2023,primary,2.0,4.892
SAMEA120408146,PRJEB97686,,,adult,,,US,transplant_or_immunocompromised,allogeneic hematopoietic cell transplantation (allo-HCT) recipients undergoing GVHD prophylaxis,,,,2019/2023,primary,2.0,5.326
SAMEA120408147,PRJEB97686,,,adult,,,US,transplant_or_immunocompromised,allogeneic hematopoietic cell transplantation (allo-HCT) recipients undergoing GVHD prophylaxis,,,,2019/2023,primary,2.0,3.383
SAMEA120408148,PRJEB97686,,,adult,,,US,transplant_or_immunocompromised,allogeneic hematopoietic cell transplantation (allo-HCT) recipients undergoing GVHD prophylaxis,,,,2019/2023,primary,2.0,6.13
SAMEA120408149,PRJEB97686,,,adult,,,US,transplant_or_immunocompromised,allogeneic hematopoietic cell transplantation (allo-HCT) recipients undergoing GVHD prophylaxis,,,,2019/2023,primary,2.0,4.979
SAMEA120408150,PRJEB97686,,,adult,,,US,transplant_or_immunocompromised,allogeneic hematopoietic cell transplantation (allo-HCT) recipients undergoing GVHD prophylaxis,,,,2019/2023,primary,1.0,0.001
SAMEA120408151,PRJEB97686,,,adult,,,US,transplant_or_immunocompromised,allogeneic hematopoietic cell transplantation (allo-HCT) recipients undergoing GVHD prophylaxis,,,,2019/2023,primary,2.0,4.657
SAMEA120408152,PRJEB97686,,,adult,,,US,transplant_or_immunocompromised,allogeneic hematopoietic cell transplantation (allo-HCT) recipients undergoing GVHD prophylaxis,,,,2019/2023,primary,1.0,0.0
SAMEA120408153,PRJEB97686,,,adult,,,US,transplant_or_immunocompromised,allogeneic hematopoietic cell transplantation (allo-HCT) recipients undergoing GVHD prophylaxis,,,,2019/2023,primary,2.0,5.181
SAMEA120408154,PRJEB97686,,,adult,,,US,transplant_or_immunocompromised,allogeneic hematopoietic cell transplantation (allo-HCT) recipients undergoing GVHD prophylaxis,,,,2019/2023,primary,2.0,5.293
SAMEA120408155,PRJEB97686,,,adult,,,US,transplant_or_immunocompromised,allogeneic hematopoietic cell transplantation (allo-HCT) recipients undergoing GVHD prophylaxis,,,,2019/2023,primary,2.0,5.078
SAMEA120408156,PRJEB97686,,,adult,,,US,transplant_or_immunocompromised,allogeneic hematopoietic cell transplantation (allo-HCT) recipients undergoing GVHD prophylaxis,,,,2019/2023,primary,1.0,0.029
SAMEA120408157,PRJEB97686,,,adult,,,US,transplant_or_immunocompromised,allogeneic hematopoietic cell transplantation (allo-HCT) recipients undergoing GVHD prophylaxis,,,,2019/2023,primary,2.0,5.587
SAMEA120408158,PRJEB97686,,,adult,,,US,transplant_or_immunocompromised,allogeneic hematopoietic cell transplantation (allo-HCT) recipients undergoing GVHD prophylaxis,,,,2019/2023,primary,1.0,0.952
SAMEA120408159,PRJEB97686,,,adult,,,US,transplant_or_immunocompromised,allogeneic hematopoietic cell transplantation (allo-HCT) recipients undergoing GVHD prophylaxis,,,,2019/2023,primary,2.0,4.001
SAMEA120408160,PRJEB97686,,,adult,,,US,transplant_or_immunocompromised,allogeneic hematopoietic cell transplantation (allo-HCT) recipients undergoing GVHD prophylaxis,,,,2019/2023,primary,2.0,3.646
SAMEA120408161,PRJEB97686,,,adult,,,US,transplant_or_immunocompromised,allogeneic hematopoietic cell transplantation (allo-HCT) recipients undergoing GVHD prophylaxis,,,,2019/2023,primary,2.0,3.668
SAMEA120408162,PRJEB97686,,,adult,,,US,transplant_or_immunocompromised,allogeneic hematopoietic cell transplantation (allo-HCT) recipients undergoing GVHD prophylaxis,,,,2019/2023,primary,2.0,4.102
SAMEA120408163,PRJEB97686,,,adult,,,US,transplant_or_immunocompromised,allogeneic hematopoietic cell transplantation (allo-HCT) recipients undergoing GVHD prophylaxis,,,,2019/2023,primary,2.0,4.44
SAMEA120408164,PRJEB97686,,,adult,,,US,transplant_or_immunocompromised,allogeneic hematopoietic cell transplantation (allo-HCT) recipients undergoing GVHD prophylaxis,,,,2019/2023,primary,1.0,0.159
SAMEA120408165,PRJEB97686,,,adult,,,US,transplant_or_immunocompromised,allogeneic hematopoietic cell transplantation (allo-HCT) recipients undergoing GVHD prophylaxis,,,,2019/2023,primary,2.0,4.839
SAMEA120408166,PRJEB97686,,,adult,,,US,transplant_or_immunocompromised,allogeneic hematopoietic cell transplantation (allo-HCT) recipients undergoing GVHD prophylaxis,,,,2019/2023,primary,2.0,4.594
SAMEA120408167,PRJEB97686,,,adult,,,US,transplant_or_immunocompromised,allogeneic hematopoietic cell transplantation (allo-HCT) recipients undergoing GVHD prophylaxis,,,,2019/2023,primary,2.0,5.178
SAMEA120408168,PRJEB97686,,,adult,,,US,transplant_or_immunocompromised,allogeneic hematopoietic cell transplantation (allo-HCT) recipients undergoing GVHD prophylaxis,,,,2019/2023,primary,2.0,4.84
SAMEA120408169,PRJEB97686,,,adult,,,US,transplant_or_immunocompromised,allogeneic hematopoietic cell transplantation (allo-HCT) recipients undergoing GVHD prophylaxis,,,,2019/2023,primary,2.0,4.241
SAMEA120408170,PRJEB97686,,,adult,,,US,transplant_or_immunocompromised,allogeneic hematopoietic cell transplantation (allo-HCT) recipients undergoing GVHD prophylaxis,,,,2019/2023,primary,2.0,5.033
SAMEA120408171,PRJEB97686,,,adult,,,US,transplant_or_immunocompromised,allogeneic hematopoietic cell transplantation (allo-HCT) recipients undergoing GVHD prophylaxis,,,,2019/2023,primary,2.0,4.207
SAMEA120408172,PRJEB97686,,,adult,,,US,transplant_or_immunocompromised,allogeneic hematopoietic cell transplantation (allo-HCT) recipients undergoing GVHD prophylaxis,,,,2019/2023,primary,2.0,4.739
SAMEA120408173,PRJEB97686,,,adult,,,US,transplant_or_immunocompromised,allogeneic hematopoietic cell transplantation (allo-HCT) recipients undergoing GVHD prophylaxis,,,,2019/2023,primary,2.0,4.324
SAMEA120408174,PRJEB97686,,,adult,,,US,transplant_or_immunocompromised,allogeneic hematopoietic cell transplantation (allo-HCT) recipients undergoing GVHD prophylaxis,,,,2019/2023,primary,2.0,4.708
SAMEA120408175,PRJEB97686,,,adult,,,US,transplant_or_immunocompromised,allogeneic hematopoietic cell transplantation (allo-HCT) recipients undergoing GVHD prophylaxis,,,,2019/2023,primary,2.0,3.65
SAMEA120408176,PRJEB97686,,,adult,,,US,transplant_or_immunocompromised,allogeneic hematopoietic cell transplantation (allo-HCT) recipients undergoing GVHD prophylaxis,,,,2019/2023,primary,2.0,3.777
SAMEA120408177,PRJEB97686,,,adult,,,US,transplant_or_immunocompromised,allogeneic hematopoietic cell transplantation (allo-HCT) recipients undergoing GVHD prophylaxis,,,,2019/2023,primary,2.0,4.647
SAMEA120408178,PRJEB97686,,,adult,,,US,transplant_or_immunocompromised,allogeneic hematopoietic cell transplantation (allo-HCT) recipients undergoing GVHD prophylaxis,,,,2019/2023,primary,2.0,4.455
SAMEA120408179,PRJEB97686,,,adult,,,US,transplant_or_immunocompromised,allogeneic hematopoietic cell transplantation (allo-HCT) recipients undergoing GVHD prophylaxis,,,,2019/2023,primary,2.0,4.25
SAMEA120408180,PRJEB97686,,,adult,,,US,transplant_or_immunocompromised,allogeneic hematopoietic cell transplantation (allo-HCT) recipients undergoing GVHD prophylaxis,,,,2019/2023,primary,2.0,3.753
SAMEA120408181,PRJEB97686,,,adult,,,US,transplant_or_immunocompromised,allogeneic hematopoietic cell transplantation (allo-HCT) recipients undergoing GVHD prophylaxis,,,,2019/2023,primary,2.0,4.697
SAMEA120408182,PRJEB97686,,,adult,,,US,transplant_or_immunocompromised,allogeneic hematopoietic cell transplantation (allo-HCT) recipients undergoing GVHD prophylaxis,,,,2019/2023,primary,2.0,8.233
SAMEA120408183,PRJEB97686,,,adult,,,US,transplant_or_immunocompromised,allogeneic hematopoietic cell transplantation (allo-HCT) recipients undergoing GVHD prophylaxis,,,,2019/2023,primary,2.0,3.967
SAMEA120408184,PRJEB97686,,,adult,,,US,transplant_or_immunocompromised,allogeneic hematopoietic cell transplantation (allo-HCT) recipients undergoing GVHD prophylaxis,,,,2019/2023,primary,2.0,4.232
SAMEA120408185,PRJEB97686,,,adult,,,US,transplant_or_immunocompromised,allogeneic hematopoietic cell transplantation (allo-HCT) recipients undergoing GVHD prophylaxis,,,,2019/2023,primary,2.0,4.848
SAMEA120408186,PRJEB97686,,,adult,,,US,transplant_or_immunocompromised,allogeneic hematopoietic cell transplantation (allo-HCT) recipients undergoing GVHD prophylaxis,,,,2019/2023,primary,2.0,4.902
SAMEA120408187,PRJEB97686,,,adult,,,US,transplant_or_immunocompromised,allogeneic hematopoietic cell transplantation (allo-HCT) recipients undergoing GVHD prophylaxis,,,,2019/2023,primary,1.0,3.441
SAMEA120408188,PRJEB97686,,,adult,,,US,transplant_or_immunocompromised,allogeneic hematopoietic cell transplantation (allo-HCT) recipients undergoing GVHD prophylaxis,,,,2019/2023,primary,2.0,4.871
SAMEA120408189,PRJEB97686,,,adult,,,US,transplant_or_immunocompromised,allogeneic hematopoietic cell transplantation (allo-HCT) recipients undergoing GVHD prophylaxis,,,,2019/2023,primary,2.0,4.297
SAMEA120408190,PRJEB97686,,,adult,,,US,transplant_or_immunocompromised,allogeneic hematopoietic cell transplantation (allo-HCT) recipients undergoing GVHD prophylaxis,,,,2019/2023,primary,2.0,5.29
SAMEA120408191,PRJEB97686,,,adult,,,US,transplant_or_immunocompromised,allogeneic hematopoietic cell transplantation (allo-HCT) recipients undergoing GVHD prophylaxis,,,,2019/2023,primary,2.0,5.85
SAMEA120408192,PRJEB97686,,,adult,,,US,transplant_or_immunocompromised,allogeneic hematopoietic cell transplantation (allo-HCT) recipients undergoing GVHD prophylaxis,,,,2019/2023,primary,2.0,5.169
SAMEA120408193,PRJEB97686,,,adult,,,US,transplant_or_immunocompromised,allogeneic hematopoietic cell transplantation (allo-HCT) recipients undergoing GVHD prophylaxis,,,,2019/2023,primary,2.0,5.524
SAMEA120408194,PRJEB97686,,,adult,,,US,transplant_or_immunocompromised,allogeneic hematopoietic cell transplantation (allo-HCT) recipients undergoing GVHD prophylaxis,,,,2019/2023,primary,2.0,4.949
SAMEA120408195,PRJEB97686,,,adult,,,US,transplant_or_immunocompromised,allogeneic hematopoietic cell transplantation (allo-HCT) recipients undergoing GVHD prophylaxis,,,,2019/2023,primary,2.0,4.808
SAMEA120408196,PRJEB97686,,,adult,,,US,transplant_or_immunocompromised,allogeneic hematopoietic cell transplantation (allo-HCT) recipients undergoing GVHD prophylaxis,,,,2019/2023,primary,2.0,4.141
SAMEA120408197,PRJEB97686,,,adult,,,US,transplant_or_immunocompromised,allogeneic hematopoietic cell transplantation (allo-HCT) recipients undergoing GVHD prophylaxis,,,,2019/2023,primary,2.0,3.911
SAMEA120408198,PRJEB97686,,,adult,,,US,transplant_or_immunocompromised,allogeneic hematopoietic cell transplantation (allo-HCT) recipients undergoing GVHD prophylaxis,,,,2019/2023,primary,2.0,4.652
SAMEA120408199,PRJEB97686,,,adult,,,US,transplant_or_immunocompromised,allogeneic hematopoietic cell transplantation (allo-HCT) recipients undergoing GVHD prophylaxis,,,,2019/2023,primary,2.0,3.816
SAMEA120408200,PRJEB97686,,,adult,,,US,transplant_or_immunocompromised,allogeneic hematopoietic cell transplantation (allo-HCT) recipients undergoing GVHD prophylaxis,,,,2019/2023,primary,2.0,4.42
SAMEA120408201,PRJEB97686,,,adult,,,US,transplant_or_immunocompromised,allogeneic hematopoietic cell transplantation (allo-HCT) recipients undergoing GVHD prophylaxis,,,,2019/2023,primary,2.0,3.224
SAMEA120408202,PRJEB97686,,,adult,,,US,transplant_or_immunocompromised,allogeneic hematopoietic cell transplantation (allo-HCT) recipients undergoing GVHD prophylaxis,,,,2019/2023,primary,2.0,4.609
SAMEA120408203,PRJEB97686,,,adult,,,US,transplant_or_immunocompromised,allogeneic hematopoietic cell transplantation (allo-HCT) recipients undergoing GVHD prophylaxis,,,,2019/2023,primary,2.0,4.865
SAMEA120408204,PRJEB97686,,,adult,,,US,transplant_or_immunocompromised,allogeneic hematopoietic cell transplantation (allo-HCT) recipients undergoing GVHD prophylaxis,,,,2019/2023,primary,2.0,3.334
SAMEA120408205,PRJEB97686,,,adult,,,US,transplant_or_immunocompromised,allogeneic hematopoietic cell transplantation (allo-HCT) recipients undergoing GVHD prophylaxis,,,,2019/2023,primary,2.0,4.018
SAMEA120408206,PRJEB97686,,,adult,,,US,transplant_or_immunocompromised,allogeneic hematopoietic cell transplantation (allo-HCT) recipients undergoing GVHD prophylaxis,,,,2019/2023,primary,2.0,5.52
SAMEA120408207,PRJEB97686,,,adult,,,US,transplant_or_immunocompromised,allogeneic hematopoietic cell transplantation (allo-HCT) recipients undergoing GVHD prophylaxis,,,,2019/2023,primary,2.0,4.777
SAMEA120408208,PRJEB97686,,,adult,,,US,transplant_or_immunocompromised,allogeneic hematopoietic cell transplantation (allo-HCT) recipients undergoing GVHD prophylaxis,,,,2019/2023,primary,2.0,5.082
SAMEA120408209,PRJEB97686,,,adult,,,US,transplant_or_immunocompromised,allogeneic hematopoietic cell transplantation (allo-HCT) recipients undergoing GVHD prophylaxis,,,,2019/2023,primary,2.0,5.136
SAMEA120408210,PRJEB97686,,,adult,,,US,transplant_or_immunocompromised,allogeneic hematopoietic cell transplantation (allo-HCT) recipients undergoing GVHD prophylaxis,,,,2019/2023,primary,2.0,4.439
SAMEA120408211,PRJEB97686,,,adult,,,US,transplant_or_immunocompromised,allogeneic hematopoietic cell transplantation (allo-HCT) recipients undergoing GVHD prophylaxis,,,,2019/2023,primary,2.0,4.966
SAMEA120408212,PRJEB97686,,,adult,,,US,transplant_or_immunocompromised,allogeneic hematopoietic cell transplantation (allo-HCT) recipients undergoing GVHD prophylaxis,,,,2019/2023,primary,2.0,5.843
SAMEA120408213,PRJEB97686,,,adult,,,US,transplant_or_immunocompromised,allogeneic hematopoietic cell transplantation (allo-HCT) recipients undergoing GVHD prophylaxis,,,,2019/2023,primary,2.0,4.866
SAMEA120408214,PRJEB97686,,,adult,,,US,transplant_or_immunocompromised,allogeneic hematopoietic cell transplantation (allo-HCT) recipients undergoing GVHD prophylaxis,,,,2019/2023,primary,2.0,4.391
SAMEA120408215,PRJEB97686,,,adult,,,US,transplant_or_immunocompromised,allogeneic hematopoietic cell transplantation (allo-HCT) recipients undergoing GVHD prophylaxis,,,,2019/2023,primary,2.0,4.299
SAMEA120408216,PRJEB97686,,,adult,,,US,transplant_or_immunocompromised,allogeneic hematopoietic cell transplantation (allo-HCT) recipients undergoing GVHD prophylaxis,,,,2019/2023,primary,2.0,5.327
SAMEA120408217,PRJEB97686,,,adult,,,US,transplant_or_immunocompromised,allogeneic hematopoietic cell transplantation (allo-HCT) recipients undergoing GVHD prophylaxis,,,,2019/2023,primary,2.0,4.679
SAMEA120408218,PRJEB97686,,,adult,,,US,transplant_or_immunocompromised,allogeneic hematopoietic cell transplantation (allo-HCT) recipients undergoing GVHD prophylaxis,,,,2019/2023,primary,2.0,4.686
SAMEA120408219,PRJEB97686,,,adult,,,US,transplant_or_immunocompromised,allogeneic hematopoietic cell transplantation (allo-HCT) recipients undergoing GVHD prophylaxis,,,,2019/2023,primary,2.0,4.479
SAMEA120408220,PRJEB97686,,,adult,,,US,transplant_or_immunocompromised,allogeneic hematopoietic cell transplantation (allo-HCT) recipients undergoing GVHD prophylaxis,,,,2019/2023,primary,2.0,4.759
SAMEA120408221,PRJEB97686,,,adult,,,US,transplant_or_immunocompromised,allogeneic hematopoietic cell transplantation (allo-HCT) recipients undergoing GVHD prophylaxis,,,,2019/2023,primary,2.0,4.854
SAMEA120408222,PRJEB97686,,,adult,,,US,transplant_or_immunocompromised,allogeneic hematopoietic cell transplantation (allo-HCT) recipients undergoing GVHD prophylaxis,,,,2019/2023,primary,2.0,4.719
SAMEA120408223,PRJEB97686,,,adult,,,US,transplant_or_immunocompromised,allogeneic hematopoietic cell transplantation (allo-HCT) recipients undergoing GVHD prophylaxis,,,,2019/2023,primary,2.0,5.099
SAMEA120408224,PRJEB97686,,,adult,,,US,transplant_or_immunocompromised,allogeneic hematopoietic cell transplantation (allo-HCT) recipients undergoing GVHD prophylaxis,,,,2019/2023,primary,2.0,3.682
SAMEA120408225,PRJEB97686,,,adult,,,US,transplant_or_immunocompromised,allogeneic hematopoietic cell transplantation (allo-HCT) recipients undergoing GVHD prophylaxis,,,,2019/2023,primary,2.0,4.3
SAMEA120408226,PRJEB97686,,,adult,,,US,transplant_or_immunocompromised,allogeneic hematopoietic cell transplantation (allo-HCT) recipients undergoing GVHD prophylaxis,,,,2019/2023,primary,2.0,4.068
SAMEA120408227,PRJEB97686,,,adult,,,US,transplant_or_immunocompromised,allogeneic hematopoietic cell transplantation (allo-HCT) recipients undergoing GVHD prophylaxis,,,,2019/2023,primary,2.0,6.161
SAMEA120408228,PRJEB97686,,,adult,,,US,transplant_or_immunocompromised,allogeneic hematopoietic cell transplantation (allo-HCT) recipients undergoing GVHD prophylaxis,,,,2019/2023,primary,2.0,4.388
SAMEA120408229,PRJEB97686,,,adult,,,US,transplant_or_immunocompromised,allogeneic hematopoietic cell transplantation (allo-HCT) recipients undergoing GVHD prophylaxis,,,,2019/2023,primary,2.0,4.503
SAMEA120408230,PRJEB97686,,,adult,,,US,transplant_or_immunocompromised,allogeneic hematopoietic cell transplantation (allo-HCT) recipients undergoing GVHD prophylaxis,,,,2019/2023,primary,2.0,4.336
SAMEA120408231,PRJEB97686,,,adult,,,US,transplant_or_immunocompromised,allogeneic hematopoietic cell transplantation (allo-HCT) recipients undergoing GVHD prophylaxis,,,,2019/2023,primary,1.0,3.955
SAMEA120408232,PRJEB97686,,,adult,,,US,transplant_or_immunocompromised,allogeneic hematopoietic cell transplantation (allo-HCT) recipients undergoing GVHD prophylaxis,,,,2019/2023,primary,2.0,4.15
SAMEA120408233,PRJEB97686,,,adult,,,US,transplant_or_immunocompromised,allogeneic hematopoietic cell transplantation (allo-HCT) recipients undergoing GVHD prophylaxis,,,,2019/2023,primary,2.0,4.058
SAMEA120408234,PRJEB97686,,,adult,,,US,transplant_or_immunocompromised,allogeneic hematopoietic cell transplantation (allo-HCT) recipients undergoing GVHD prophylaxis,,,,2019/2023,primary,2.0,3.893
SAMEA120408235,PRJEB97686,,,adult,,,US,transplant_or_immunocompromised,allogeneic hematopoietic cell transplantation (allo-HCT) recipients undergoing GVHD prophylaxis,,,,2019/2023,primary,2.0,4.132
SAMEA120408236,PRJEB97686,,,adult,,,US,transplant_or_immunocompromised,allogeneic hematopoietic cell transplantation (allo-HCT) recipients undergoing GVHD prophylaxis,,,,2019/2023,primary,2.0,3.906
SAMEA120408237,PRJEB97686,,,adult,,,US,transplant_or_immunocompromised,allogeneic hematopoietic cell transplantation (allo-HCT) recipients undergoing GVHD prophylaxis,,,,2019/2023,primary,2.0,3.773
SAMEA120408238,PRJEB97686,,,adult,,,US,transplant_or_immunocompromised,allogeneic hematopoietic cell transplantation (allo-HCT) recipients undergoing GVHD prophylaxis,,,,2019/2023,primary,2.0,4.237
SAMEA120408239,PRJEB97686,,,adult,,,US,transplant_or_immunocompromised,allogeneic hematopoietic cell transplantation (allo-HCT) recipients undergoing GVHD prophylaxis,,,,2019/2023,primary,2.0,4.188
SAMEA120408240,PRJEB97686,,,adult,,,US,transplant_or_immunocompromised,allogeneic hematopoietic cell transplantation (allo-HCT) recipients undergoing GVHD prophylaxis,,,,2019/2023,primary,2.0,4.57
SAMEA120408241,PRJEB97686,,,adult,,,US,transplant_or_immunocompromised,allogeneic hematopoietic cell transplantation (allo-HCT) recipients undergoing GVHD prophylaxis,,,,2019/2023,primary,2.0,4.107
SAMEA120408242,PRJEB97686,,,adult,,,US,transplant_or_immunocompromised,allogeneic hematopoietic cell transplantation (allo-HCT) recipients undergoing GVHD prophylaxis,,,,2019/2023,primary,2.0,4.35
SAMEA120408243,PRJEB97686,,,adult,,,US,transplant_or_immunocompromised,allogeneic hematopoietic cell transplantation (allo-HCT) recipients undergoing GVHD prophylaxis,,,,2019/2023,primary,2.0,4.254
SAMEA120408244,PRJEB97686,,,adult,,,US,transplant_or_immunocompromised,allogeneic hematopoietic cell transplantation (allo-HCT) recipients undergoing GVHD prophylaxis,,,,2019/2023,primary,2.0,4.221
SAMEA120408245,PRJEB97686,,,adult,,,US,transplant_or_immunocompromised,allogeneic hematopoietic cell transplantation (allo-HCT) recipients undergoing GVHD prophylaxis,,,,2019/2023,primary,2.0,4.045
SAMEA120408246,PRJEB97686,,,adult,,,US,transplant_or_immunocompromised,allogeneic hematopoietic cell transplantation (allo-HCT) recipients undergoing GVHD prophylaxis,,,,2019/2023,primary,2.0,3.917
SAMEA120408247,PRJEB97686,,,adult,,,US,transplant_or_immunocompromised,allogeneic hematopoietic cell transplantation (allo-HCT) recipients undergoing GVHD prophylaxis,,,,2019/2023,primary,2.0,4.318
SAMEA120408248,PRJEB97686,,,adult,,,US,transplant_or_immunocompromised,allogeneic hematopoietic cell transplantation (allo-HCT) recipients undergoing GVHD prophylaxis,,,,2019/2023,primary,2.0,4.603
SAMEA120408249,PRJEB97686,,,adult,,,US,transplant_or_immunocompromised,allogeneic hematopoietic cell transplantation (allo-HCT) recipients undergoing GVHD prophylaxis,,,,2019/2023,primary,2.0,4.154
SAMEA120408250,PRJEB97686,,,adult,,,US,transplant_or_immunocompromised,allogeneic hematopoietic cell transplantation (allo-HCT) recipients undergoing GVHD prophylaxis,,,,2019/2023,primary,1.0,0.078
SAMEA120408251,PRJEB97686,,,adult,,,US,transplant_or_immunocompromised,allogeneic hematopoietic cell transplantation (allo-HCT) recipients undergoing GVHD prophylaxis,,,,2019/2023,primary,2.0,4.054
SAMEA120408252,PRJEB97686,,,adult,,,US,transplant_or_immunocompromised,allogeneic hematopoietic cell transplantation (allo-HCT) recipients undergoing GVHD prophylaxis,,,,2019/2023,primary,1.0,0.022
SAMEA120408253,PRJEB97686,,,adult,,,US,transplant_or_immunocompromised,allogeneic hematopoietic cell transplantation (allo-HCT) recipients undergoing GVHD prophylaxis,,,,2019/2023,primary,2.0,3.593
SAMEA120408254,PRJEB97686,,,adult,,,US,transplant_or_immunocompromised,allogeneic hematopoietic cell transplantation (allo-HCT) recipients undergoing GVHD prophylaxis,,,,2019/2023,primary,2.0,4.94
SAMEA120408255,PRJEB97686,,,adult,,,US,transplant_or_immunocompromised,allogeneic hematopoietic cell transplantation (allo-HCT) recipients undergoing GVHD prophylaxis,,,,2019/2023,primary,2.0,4.731
SAMEA120408256,PRJEB97686,,,adult,,,US,transplant_or_immunocompromised,allogeneic hematopoietic cell transplantation (allo-HCT) recipients undergoing GVHD prophylaxis,,,,2019/2023,primary,2.0,4.991
SAMEA120408257,PRJEB97686,,,adult,,,US,transplant_or_immunocompromised,allogeneic hematopoietic cell transplantation (allo-HCT) recipients undergoing GVHD prophylaxis,,,,2019/2023,primary,2.0,4.663
SAMEA120408258,PRJEB97686,,,adult,,,US,transplant_or_immunocompromised,allogeneic hematopoietic cell transplantation (allo-HCT) recipients undergoing GVHD prophylaxis,,,,2019/2023,primary,2.0,4.653
SAMEA120408259,PRJEB97686,,,adult,,,US,transplant_or_immunocompromised,allogeneic hematopoietic cell transplantation (allo-HCT) recipients undergoing GVHD prophylaxis,,,,2019/2023,primary,2.0,5.005
SAMEA120408260,PRJEB97686,,,adult,,,US,transplant_or_immunocompromised,allogeneic hematopoietic cell transplantation (allo-HCT) recipients undergoing GVHD prophylaxis,,,,2019/2023,primary,2.0,4.877
SAMEA120408261,PRJEB97686,,,adult,,,US,transplant_or_immunocompromised,allogeneic hematopoietic cell transplantation (allo-HCT) recipients undergoing GVHD prophylaxis,,,,2019/2023,primary,2.0,4.782
SAMEA120408262,PRJEB97686,,,adult,,,US,transplant_or_immunocompromised,allogeneic hematopoietic cell transplantation (allo-HCT) recipients undergoing GVHD prophylaxis,,,,2019/2023,primary,2.0,5.607
SAMEA120408263,PRJEB97686,,,adult,,,US,transplant_or_immunocompromised,allogeneic hematopoietic cell transplantation (allo-HCT) recipients undergoing GVHD prophylaxis,,,,2019/2023,primary,2.0,4.015
SAMEA120408264,PRJEB97686,,,adult,,,US,transplant_or_immunocompromised,allogeneic hematopoietic cell transplantation (allo-HCT) recipients undergoing GVHD prophylaxis,,,,2019/2023,primary,2.0,4.541
SAMEA120408265,PRJEB97686,,,adult,,,US,transplant_or_immunocompromised,allogeneic hematopoietic cell transplantation (allo-HCT) recipients undergoing GVHD prophylaxis,,,,2019/2023,primary,2.0,5.288
SAMEA120408266,PRJEB97686,,,adult,,,US,transplant_or_immunocompromised,allogeneic hematopoietic cell transplantation (allo-HCT) recipients undergoing GVHD prophylaxis,,,,2019/2023,primary,2.0,5.054
SAMEA120408267,PRJEB97686,,,adult,,,US,transplant_or_immunocompromised,allogeneic hematopoietic cell transplantation (allo-HCT) recipients undergoing GVHD prophylaxis,,,,2019/2023,primary,2.0,4.28
SAMEA120408268,PRJEB97686,,,adult,,,US,transplant_or_immunocompromised,allogeneic hematopoietic cell transplantation (allo-HCT) recipients undergoing GVHD prophylaxis,,,,2019/2023,primary,2.0,4.44
SAMEA120408269,PRJEB97686,,,adult,,,US,transplant_or_immunocompromised,allogeneic hematopoietic cell transplantation (allo-HCT) recipients undergoing GVHD prophylaxis,,,,2019/2023,primary,2.0,4.145
SAMEA120408270,PRJEB97686,,,adult,,,US,transplant_or_immunocompromised,allogeneic hematopoietic cell transplantation (allo-HCT) recipients undergoing GVHD prophylaxis,,,,2019/2023,primary,2.0,4.534
SAMEA120408271,PRJEB97686,,,adult,,,US,transplant_or_immunocompromised,allogeneic hematopoietic cell transplantation (allo-HCT) recipients undergoing GVHD prophylaxis,,,,2019/2023,primary,2.0,3.984
SAMEA120408272,PRJEB97686,,,adult,,,US,transplant_or_immunocompromised,allogeneic hematopoietic cell transplantation (allo-HCT) recipients undergoing GVHD prophylaxis,,,,2019/2023,primary,2.0,4.721
SAMEA120408273,PRJEB97686,,,adult,,,US,transplant_or_immunocompromised,allogeneic hematopoietic cell transplantation (allo-HCT) recipients undergoing GVHD prophylaxis,,,,2019/2023,primary,2.0,4.683
SAMEA120408274,PRJEB97686,,,adult,,,US,transplant_or_immunocompromised,allogeneic hematopoietic cell transplantation (allo-HCT) recipients undergoing GVHD prophylaxis,,,,2019/2023,primary,2.0,4.48
SAMEA120408275,PRJEB97686,,,adult,,,US,transplant_or_immunocompromised,allogeneic hematopoietic cell transplantation (allo-HCT) recipients undergoing GVHD prophylaxis,,,,2019/2023,primary,2.0,4.83
SAMEA120408276,PRJEB97686,,,adult,,,US,transplant_or_immunocompromised,allogeneic hematopoietic cell transplantation (allo-HCT) recipients undergoing GVHD prophylaxis,,,,2019/2023,primary,2.0,4.723
SAMEA120408277,PRJEB97686,,,adult,,,US,transplant_or_immunocompromised,allogeneic hematopoietic cell transplantation (allo-HCT) recipients undergoing GVHD prophylaxis,,,,2019/2023,primary,2.0,4.147
SAMEA120408278,PRJEB97686,,,adult,,,US,transplant_or_immunocompromised,allogeneic hematopoietic cell transplantation (allo-HCT) recipients undergoing GVHD prophylaxis,,,,2019/2023,primary,2.0,4.201
SAMEA120408279,PRJEB97686,,,adult,,,US,transplant_or_immunocompromised,allogeneic hematopoietic cell transplantation (allo-HCT) recipients undergoing GVHD prophylaxis,,,,2019/2023,primary,2.0,4.061
SAMEA120408280,PRJEB97686,,,adult,,,US,transplant_or_immunocompromised,allogeneic hematopoietic cell transplantation (allo-HCT) recipients undergoing GVHD prophylaxis,,,,2019/2023,primary,2.0,4.108
SAMEA120408281,PRJEB97686,,,adult,,,US,transplant_or_immunocompromised,allogeneic hematopoietic cell transplantation (allo-HCT) recipients undergoing GVHD prophylaxis,,,,2019/2023,primary,2.0,4.186
SAMEA120408282,PRJEB97686,,,adult,,,US,transplant_or_immunocompromised,allogeneic hematopoietic cell transplantation (allo-HCT) recipients undergoing GVHD prophylaxis,,,,2019/2023,primary,2.0,4.45
SAMEA120408283,PRJEB97686,,,adult,,,US,transplant_or_immunocompromised,allogeneic hematopoietic cell transplantation (allo-HCT) recipients undergoing GVHD prophylaxis,,,,2019/2023,primary,2.0,4.337
SAMEA120408284,PRJEB97686,,,adult,,,US,transplant_or_immunocompromised,allogeneic hematopoietic cell transplantation (allo-HCT) recipients undergoing GVHD prophylaxis,,,,2019/2023,primary,2.0,4.47
SAMEA120408285,PRJEB97686,,,adult,,,US,transplant_or_immunocompromised,allogeneic hematopoietic cell transplantation (allo-HCT) recipients undergoing GVHD prophylaxis,,,,2019/2023,primary,2.0,6.645
SAMEA120408286,PRJEB97686,,,adult,,,US,transplant_or_immunocompromised,allogeneic hematopoietic cell transplantation (allo-HCT) recipients undergoing GVHD prophylaxis,,,,2019/2023,primary,2.0,4.552
SAMEA120408287,PRJEB97686,,,adult,,,US,transplant_or_immunocompromised,allogeneic hematopoietic cell transplantation (allo-HCT) recipients undergoing GVHD prophylaxis,,,,2019/2023,primary,2.0,3.68
SAMEA120408288,PRJEB97686,,,adult,,,US,transplant_or_immunocompromised,allogeneic hematopoietic cell transplantation (allo-HCT) recipients undergoing GVHD prophylaxis,,,,2019/2023,primary,2.0,4.588
SAMEA120408289,PRJEB97686,,,adult,,,US,transplant_or_immunocompromised,allogeneic hematopoietic cell transplantation (allo-HCT) recipients undergoing GVHD prophylaxis,,,,2019/2023,primary,2.0,4.193
SAMEA120408290,PRJEB97686,,,adult,,,US,transplant_or_immunocompromised,allogeneic hematopoietic cell transplantation (allo-HCT) recipients undergoing GVHD prophylaxis,,,,2019/2023,primary,2.0,4.213
SAMEA120408291,PRJEB97686,,,adult,,,US,transplant_or_immunocompromised,allogeneic hematopoietic cell transplantation (allo-HCT) recipients undergoing GVHD prophylaxis,,,,2019/2023,primary,2.0,4.549
SAMEA120408292,PRJEB97686,,,adult,,,US,transplant_or_immunocompromised,allogeneic hematopoietic cell transplantation (allo-HCT) recipients undergoing GVHD prophylaxis,,,,2019/2023,primary,2.0,4.431
SAMEA120408293,PRJEB97686,,,adult,,,US,transplant_or_immunocompromised,allogeneic hematopoietic cell transplantation (allo-HCT) recipients undergoing GVHD prophylaxis,,,,2019/2023,primary,2.0,4.399
SAMEA120408294,PRJEB97686,,,adult,,,US,transplant_or_immunocompromised,allogeneic hematopoietic cell transplantation (allo-HCT) recipients undergoing GVHD prophylaxis,,,,2019/2023,primary,2.0,4.477
SAMEA120408295,PRJEB97686,,,adult,,,US,transplant_or_immunocompromised,allogeneic hematopoietic cell transplantation (allo-HCT) recipients undergoing GVHD prophylaxis,,,,2019/2023,primary,2.0,4.309
SAMEA120408296,PRJEB97686,,,adult,,,US,transplant_or_immunocompromised,allogeneic hematopoietic cell transplantation (allo-HCT) recipients undergoing GVHD prophylaxis,,,,2019/2023,primary,2.0,3.988
SAMEA120408297,PRJEB97686,,,adult,,,US,transplant_or_immunocompromised,allogeneic hematopoietic cell transplantation (allo-HCT) recipients undergoing GVHD prophylaxis,,,,2019/2023,primary,2.0,4.342
SAMEA120408298,PRJEB97686,,,adult,,,US,transplant_or_immunocompromised,allogeneic hematopoietic cell transplantation (allo-HCT) recipients undergoing GVHD prophylaxis,,,,2019/2023,primary,2.0,4.302
SAMEA120408299,PRJEB97686,,,adult,,,US,transplant_or_immunocompromised,allogeneic hematopoietic cell transplantation (allo-HCT) recipients undergoing GVHD prophylaxis,,,,2019/2023,primary,2.0,4.513
SAMEA120408300,PRJEB97686,,,adult,,,US,transplant_or_immunocompromised,allogeneic hematopoietic cell transplantation (allo-HCT) recipients undergoing GVHD prophylaxis,,,,2019/2023,primary,2.0,4.28
SAMEA120408301,PRJEB97686,,,adult,,,US,transplant_or_immunocompromised,allogeneic hematopoietic cell transplantation (allo-HCT) recipients undergoing GVHD prophylaxis,,,,2019/2023,primary,2.0,4.682
SAMEA120408302,PRJEB97686,,,adult,,,US,transplant_or_immunocompromised,allogeneic hematopoietic cell transplantation (allo-HCT) recipients undergoing GVHD prophylaxis,,,,2019/2023,primary,1.0,0.114
SAMEA120408303,PRJEB97686,,,adult,,,US,transplant_or_immunocompromised,allogeneic hematopoietic cell transplantation (allo-HCT) recipients undergoing GVHD prophylaxis,,,,2019/2023,primary,2.0,3.551
SAMEA120408304,PRJEB97686,,,adult,,,US,transplant_or_immunocompromised,allogeneic hematopoietic cell transplantation (allo-HCT) recipients undergoing GVHD prophylaxis,,,,2019/2023,primary,2.0,3.685
SAMEA120408305,PRJEB97686,,,adult,,,US,transplant_or_immunocompromised,allogeneic hematopoietic cell transplantation (allo-HCT) recipients undergoing GVHD prophylaxis,,,,2019/2023,primary,2.0,4.259
SAMEA120408306,PRJEB97686,,,adult,,,US,transplant_or_immunocompromised,allogeneic hematopoietic cell transplantation (allo-HCT) recipients undergoing GVHD prophylaxis,,,,2019/2023,primary,2.0,4.542
SAMEA120408307,PRJEB97686,,,adult,,,US,transplant_or_immunocompromised,allogeneic hematopoietic cell transplantation (allo-HCT) recipients undergoing GVHD prophylaxis,,,,2019/2023,primary,2.0,4.167
SAMEA120408308,PRJEB97686,,,adult,,,US,transplant_or_immunocompromised,allogeneic hematopoietic cell transplantation (allo-HCT) recipients undergoing GVHD prophylaxis,,,,2019/2023,primary,2.0,4.441
SAMEA120408309,PRJEB97686,,,adult,,,US,transplant_or_immunocompromised,allogeneic hematopoietic cell transplantation (allo-HCT) recipients undergoing GVHD prophylaxis,,,,2019/2023,primary,2.0,4.255
SAMEA120408310,PRJEB97686,,,adult,,,US,transplant_or_immunocompromised,allogeneic hematopoietic cell transplantation (allo-HCT) recipients undergoing GVHD prophylaxis,,,,2019/2023,primary,2.0,3.864
SAMEA120408311,PRJEB97686,,,adult,,,US,transplant_or_immunocompromised,allogeneic hematopoietic cell transplantation (allo-HCT) recipients undergoing GVHD prophylaxis,,,,2019/2023,primary,2.0,4.614
SAMEA120408312,PRJEB97686,,,adult,,,US,transplant_or_immunocompromised,allogeneic hematopoietic cell transplantation (allo-HCT) recipients undergoing GVHD prophylaxis,,,,2019/2023,primary,2.0,4.245
SAMEA120408313,PRJEB97686,,,adult,,,US,transplant_or_immunocompromised,allogeneic hematopoietic cell transplantation (allo-HCT) recipients undergoing GVHD prophylaxis,,,,2019/2023,primary,2.0,4.139
SAMEA120408314,PRJEB97686,,,adult,,,US,transplant_or_immunocompromised,allogeneic hematopoietic cell transplantation (allo-HCT) recipients undergoing GVHD prophylaxis,,,,2019/2023,primary,2.0,3.544
SAMEA120408315,PRJEB97686,,,adult,,,US,transplant_or_immunocompromised,allogeneic hematopoietic cell transplantation (allo-HCT) recipients undergoing GVHD prophylaxis,,,,2019/2023,primary,2.0,4.601
SAMEA120408316,PRJEB97686,,,adult,,,US,transplant_or_immunocompromised,allogeneic hematopoietic cell transplantation (allo-HCT) recipients undergoing GVHD prophylaxis,,,,2019/2023,primary,2.0,4.137
SAMEA120408317,PRJEB97686,,,adult,,,US,transplant_or_immunocompromised,allogeneic hematopoietic cell transplantation (allo-HCT) recipients undergoing GVHD prophylaxis,,,,2019/2023,primary,2.0,3.961
SAMEA120408318,PRJEB97686,,,adult,,,US,transplant_or_immunocompromised,allogeneic hematopoietic cell transplantation (allo-HCT) recipients undergoing GVHD prophylaxis,,,,2019/2023,primary,2.0,4.392
SAMEA120408319,PRJEB97686,,,adult,,,US,transplant_or_immunocompromised,allogeneic hematopoietic cell transplantation (allo-HCT) recipients undergoing GVHD prophylaxis,,,,2019/2023,primary,2.0,4.959
SAMEA120408320,PRJEB97686,,,adult,,,US,transplant_or_immunocompromised,allogeneic hematopoietic cell transplantation (allo-HCT) recipients undergoing GVHD prophylaxis,,,,2019/2023,primary,2.0,4.052
SAMEA120408321,PRJEB97686,,,adult,,,US,transplant_or_immunocompromised,allogeneic hematopoietic cell transplantation (allo-HCT) recipients undergoing GVHD prophylaxis,,,,2019/2023,primary,2.0,4.647
SAMEA120408322,PRJEB97686,,,adult,,,US,transplant_or_immunocompromised,allogeneic hematopoietic cell transplantation (allo-HCT) recipients undergoing GVHD prophylaxis,,,,2019/2023,primary,2.0,4.567
SAMEA120408323,PRJEB97686,,,adult,,,US,transplant_or_immunocompromised,allogeneic hematopoietic cell transplantation (allo-HCT) recipients undergoing GVHD prophylaxis,,,,2019/2023,primary,2.0,4.299
SAMEA120408324,PRJEB97686,,,adult,,,US,transplant_or_immunocompromised,allogeneic hematopoietic cell transplantation (allo-HCT) recipients undergoing GVHD prophylaxis,,,,2019/2023,primary,2.0,3.902
SAMEA120408325,PRJEB97686,,,adult,,,US,transplant_or_immunocompromised,allogeneic hematopoietic cell transplantation (allo-HCT) recipients undergoing GVHD prophylaxis,,,,2019/2023,primary,2.0,4.724
SAMEA120408326,PRJEB97686,,,adult,,,US,transplant_or_immunocompromised,allogeneic hematopoietic cell transplantation (allo-HCT) recipients undergoing GVHD prophylaxis,,,,2019/2023,primary,1.0,0.885
SAMEA120408327,PRJEB97686,,,adult,,,US,transplant_or_immunocompromised,allogeneic hematopoietic cell transplantation (allo-HCT) recipients undergoing GVHD prophylaxis,,,,2019/2023,primary,2.0,4.045
SAMEA120408328,PRJEB97686,,,adult,,,US,transplant_or_immunocompromised,allogeneic hematopoietic cell transplantation (allo-HCT) recipients undergoing GVHD prophylaxis,,,,2019/2023,primary,2.0,4.757
SAMEA120408329,PRJEB97686,,,adult,,,US,transplant_or_immunocompromised,allogeneic hematopoietic cell transplantation (allo-HCT) recipients undergoing GVHD prophylaxis,,,,2019/2023,primary,2.0,4.176
SAMEA120408330,PRJEB97686,,,adult,,,US,transplant_or_immunocompromised,allogeneic hematopoietic cell transplantation (allo-HCT) recipients undergoing GVHD prophylaxis,,,,2019/2023,primary,2.0,3.899
SAMEA120408331,PRJEB97686,,,adult,,,US,transplant_or_immunocompromised,allogeneic hematopoietic cell transplantation (allo-HCT) recipients undergoing GVHD prophylaxis,,,,2019/2023,primary,2.0,4.058
SAMEA120408332,PRJEB97686,,,adult,,,US,transplant_or_immunocompromised,allogeneic hematopoietic cell transplantation (allo-HCT) recipients undergoing GVHD prophylaxis,,,,2019/2023,primary,2.0,4.283
SAMEA120408333,PRJEB97686,,,adult,,,US,transplant_or_immunocompromised,allogeneic hematopoietic cell transplantation (allo-HCT) recipients undergoing GVHD prophylaxis,,,,2019/2023,primary,2.0,3.894
SAMEA120408334,PRJEB97686,,,adult,,,US,transplant_or_immunocompromised,allogeneic hematopoietic cell transplantation (allo-HCT) recipients undergoing GVHD prophylaxis,,,,2019/2023,primary,2.0,4.053
SAMEA120408335,PRJEB97686,,,adult,,,US,transplant_or_immunocompromised,allogeneic hematopoietic cell transplantation (allo-HCT) recipients undergoing GVHD prophylaxis,,,,2019/2023,primary,2.0,4.049
SAMEA120408336,PRJEB97686,,,adult,,,US,transplant_or_immunocompromised,allogeneic hematopoietic cell transplantation (allo-HCT) recipients undergoing GVHD prophylaxis,,,,2019/2023,primary,2.0,4.423
SAMEA120408337,PRJEB97686,,,adult,,,US,transplant_or_immunocompromised,allogeneic hematopoietic cell transplantation (allo-HCT) recipients undergoing GVHD prophylaxis,,,,2019/2023,primary,2.0,3.927
SAMEA120408338,PRJEB97686,,,adult,,,US,transplant_or_immunocompromised,allogeneic hematopoietic cell transplantation (allo-HCT) recipients undergoing GVHD prophylaxis,,,,2019/2023,primary,2.0,4.299
SAMEA120408339,PRJEB97686,,,adult,,,US,transplant_or_immunocompromised,allogeneic hematopoietic cell transplantation (allo-HCT) recipients undergoing GVHD prophylaxis,,,,2019/2023,primary,2.0,4.934
SAMEA120408340,PRJEB97686,,,adult,,,US,transplant_or_immunocompromised,allogeneic hematopoietic cell transplantation (allo-HCT) recipients undergoing GVHD prophylaxis,,,,2019/2023,primary,2.0,4.357
SAMEA120408341,PRJEB97686,,,adult,,,US,transplant_or_immunocompromised,allogeneic hematopoietic cell transplantation (allo-HCT) recipients undergoing GVHD prophylaxis,,,,2019/2023,primary,2.0,4.069
SAMEA120408342,PRJEB97686,,,adult,,,US,transplant_or_immunocompromised,allogeneic hematopoietic cell transplantation (allo-HCT) recipients undergoing GVHD prophylaxis,,,,2019/2023,primary,2.0,4.098
SAMEA120408343,PRJEB97686,,,adult,,,US,transplant_or_immunocompromised,allogeneic hematopoietic cell transplantation (allo-HCT) recipients undergoing GVHD prophylaxis,,,,2019/2023,primary,2.0,6.842
SAMEA120408344,PRJEB97686,,,adult,,,US,transplant_or_immunocompromised,allogeneic hematopoietic cell transplantation (allo-HCT) recipients undergoing GVHD prophylaxis,,,,2019/2023,primary,2.0,3.979
SAMEA120408345,PRJEB97686,,,adult,,,US,transplant_or_immunocompromised,allogeneic hematopoietic cell transplantation (allo-HCT) recipients undergoing GVHD prophylaxis,,,,2019/2023,primary,2.0,4.634
SAMEA120408346,PRJEB97686,,,adult,,,US,transplant_or_immunocompromised,allogeneic hematopoietic cell transplantation (allo-HCT) recipients undergoing GVHD prophylaxis,,,,2019/2023,primary,2.0,4.434
SAMEA120408347,PRJEB97686,,,adult,,,US,transplant_or_immunocompromised,allogeneic hematopoietic cell transplantation (allo-HCT) recipients undergoing GVHD prophylaxis,,,,2019/2023,primary,1.0,0.0
SAMEA120408348,PRJEB97686,,,adult,,,US,transplant_or_immunocompromised,allogeneic hematopoietic cell transplantation (allo-HCT) recipients undergoing GVHD prophylaxis,,,,2019/2023,primary,2.0,3.676
SAMEA120408349,PRJEB97686,,,adult,,,US,transplant_or_immunocompromised,allogeneic hematopoietic cell transplantation (allo-HCT) recipients undergoing GVHD prophylaxis,,,,2019/2023,primary,2.0,4.59
SAMEA120408350,PRJEB97686,,,adult,,,US,transplant_or_immunocompromised,allogeneic hematopoietic cell transplantation (allo-HCT) recipients undergoing GVHD prophylaxis,,,,2019/2023,primary,2.0,4.853
SAMEA120408351,PRJEB97686,,,adult,,,US,transplant_or_immunocompromised,allogeneic hematopoietic cell transplantation (allo-HCT) recipients undergoing GVHD prophylaxis,,,,2019/2023,primary,2.0,5.887
SAMEA120408352,PRJEB97686,,,adult,,,US,transplant_or_immunocompromised,allogeneic hematopoietic cell transplantation (allo-HCT) recipients undergoing GVHD prophylaxis,,,,2019/2023,primary,2.0,4.507
SAMEA120408353,PRJEB97686,,,adult,,,US,transplant_or_immunocompromised,allogeneic hematopoietic cell transplantation (allo-HCT) recipients undergoing GVHD prophylaxis,,,,2019/2023,primary,2.0,4.601
SAMEA120408354,PRJEB97686,,,adult,,,US,transplant_or_immunocompromised,allogeneic hematopoietic cell transplantation (allo-HCT) recipients undergoing GVHD prophylaxis,,,,2019/2023,primary,2.0,4.445
SAMEA120408355,PRJEB97686,,,adult,,,US,transplant_or_immunocompromised,allogeneic hematopoietic cell transplantation (allo-HCT) recipients undergoing GVHD prophylaxis,,,,2019/2023,primary,2.0,4.653
SAMEA120408356,PRJEB97686,,,adult,,,US,transplant_or_immunocompromised,allogeneic hematopoietic cell transplantation (allo-HCT) recipients undergoing GVHD prophylaxis,,,,2019/2023,primary,2.0,5.315
SAMEA120408357,PRJEB97686,,,adult,,,US,transplant_or_immunocompromised,allogeneic hematopoietic cell transplantation (allo-HCT) recipients undergoing GVHD prophylaxis,,,,2019/2023,primary,2.0,4.688
SAMEA120408358,PRJEB97686,,,adult,,,US,transplant_or_immunocompromised,allogeneic hematopoietic cell transplantation (allo-HCT) recipients undergoing GVHD prophylaxis,,,,2019/2023,primary,2.0,4.157
SAMEA120408359,PRJEB97686,,,adult,,,US,transplant_or_immunocompromised,allogeneic hematopoietic cell transplantation (allo-HCT) recipients undergoing GVHD prophylaxis,,,,2019/2023,primary,2.0,4.316
SAMEA120408360,PRJEB97686,,,adult,,,US,transplant_or_immunocompromised,allogeneic hematopoietic cell transplantation (allo-HCT) recipients undergoing GVHD prophylaxis,,,,2019/2023,primary,2.0,5.134
SAMEA120408361,PRJEB97686,,,adult,,,US,transplant_or_immunocompromised,allogeneic hematopoietic cell transplantation (allo-HCT) recipients undergoing GVHD prophylaxis,,,,2019/2023,primary,2.0,4.802
SAMEA120408362,PRJEB97686,,,adult,,,US,transplant_or_immunocompromised,allogeneic hematopoietic cell transplantation (allo-HCT) recipients undergoing GVHD prophylaxis,,,,2019/2023,primary,2.0,4.743
SAMEA120408363,PRJEB97686,,,adult,,,US,transplant_or_immunocompromised,allogeneic hematopoietic cell transplantation (allo-HCT) recipients undergoing GVHD prophylaxis,,,,2019/2023,primary,2.0,4.7
SAMEA120408364,PRJEB97686,,,adult,,,US,transplant_or_immunocompromised,allogeneic hematopoietic cell transplantation (allo-HCT) recipients undergoing GVHD prophylaxis,,,,2019/2023,primary,2.0,4.764
SAMEA120408365,PRJEB97686,,,adult,,,US,transplant_or_immunocompromised,allogeneic hematopoietic cell transplantation (allo-HCT) recipients undergoing GVHD prophylaxis,,,,2019/2023,primary,2.0,3.808
SAMEA120408366,PRJEB97686,,,adult,,,US,transplant_or_immunocompromised,allogeneic hematopoietic cell transplantation (allo-HCT) recipients undergoing GVHD prophylaxis,,,,2019/2023,primary,2.0,4.433
SAMEA120408367,PRJEB97686,,,adult,,,US,transplant_or_immunocompromised,allogeneic hematopoietic cell transplantation (allo-HCT) recipients undergoing GVHD prophylaxis,,,,2019/2023,primary,2.0,3.361
SAMEA120408368,PRJEB97686,,,adult,,,US,transplant_or_immunocompromised,allogeneic hematopoietic cell transplantation (allo-HCT) recipients undergoing GVHD prophylaxis,,,,2019/2023,primary,2.0,3.517
SAMEA120408369,PRJEB97686,,,adult,,,US,transplant_or_immunocompromised,allogeneic hematopoietic cell transplantation (allo-HCT) recipients undergoing GVHD prophylaxis,,,,2019/2023,primary,2.0,3.475
SAMEA120408370,PRJEB97686,,,adult,,,US,transplant_or_immunocompromised,allogeneic hematopoietic cell transplantation (allo-HCT) recipients undergoing GVHD prophylaxis,,,,2019/2023,primary,1.0,3.723
SAMEA120408371,PRJEB97686,,,adult,,,US,transplant_or_immunocompromised,allogeneic hematopoietic cell transplantation (allo-HCT) recipients undergoing GVHD prophylaxis,,,,2019/2023,primary,2.0,4.005
SAMEA120408372,PRJEB97686,,,adult,,,US,transplant_or_immunocompromised,allogeneic hematopoietic cell transplantation (allo-HCT) recipients undergoing GVHD prophylaxis,,,,2019/2023,primary,2.0,3.677
SAMEA120408373,PRJEB97686,,,adult,,,US,transplant_or_immunocompromised,allogeneic hematopoietic cell transplantation (allo-HCT) recipients undergoing GVHD prophylaxis,,,,2019/2023,primary,2.0,3.619
SAMEA120408374,PRJEB97686,,,adult,,,US,transplant_or_immunocompromised,allogeneic hematopoietic cell transplantation (allo-HCT) recipients undergoing GVHD prophylaxis,,,,2019/2023,primary,2.0,4.192
SAMEA120408375,PRJEB97686,,,adult,,,US,transplant_or_immunocompromised,allogeneic hematopoietic cell transplantation (allo-HCT) recipients undergoing GVHD prophylaxis,,,,2019/2023,primary,2.0,3.737
SAMEA120408376,PRJEB97686,,,adult,,,US,transplant_or_immunocompromised,allogeneic hematopoietic cell transplantation (allo-HCT) recipients undergoing GVHD prophylaxis,,,,2019/2023,primary,2.0,4.058
SAMEA120408377,PRJEB97686,,,adult,,,US,transplant_or_immunocompromised,allogeneic hematopoietic cell transplantation (allo-HCT) recipients undergoing GVHD prophylaxis,,,,2019/2023,primary,2.0,4.687
SAMEA120408378,PRJEB97686,,,adult,,,US,transplant_or_immunocompromised,allogeneic hematopoietic cell transplantation (allo-HCT) recipients undergoing GVHD prophylaxis,,,,2019/2023,primary,2.0,5.127
SAMEA120408379,PRJEB97686,,,adult,,,US,transplant_or_immunocompromised,allogeneic hematopoietic cell transplantation (allo-HCT) recipients undergoing GVHD prophylaxis,,,,2019/2023,primary,2.0,4.001
SAMEA120408380,PRJEB97686,,,adult,,,US,transplant_or_immunocompromised,allogeneic hematopoietic cell transplantation (allo-HCT) recipients undergoing GVHD prophylaxis,,,,2019/2023,primary,2.0,3.537
SAMEA120408381,PRJEB97686,,,adult,,,US,transplant_or_immunocompromised,allogeneic hematopoietic cell transplantation (allo-HCT) recipients undergoing GVHD prophylaxis,,,,2019/2023,primary,1.0,3.206
SAMEA120408382,PRJEB97686,,,adult,,,US,transplant_or_immunocompromised,allogeneic hematopoietic cell transplantation (allo-HCT) recipients undergoing GVHD prophylaxis,,,,2019/2023,primary,2.0,3.812
SAMEA120408383,PRJEB97686,,,adult,,,US,transplant_or_immunocompromised,allogeneic hematopoietic cell transplantation (allo-HCT) recipients undergoing GVHD prophylaxis,,,,2019/2023,primary,2.0,3.81
SAMEA120408384,PRJEB97686,,,adult,,,US,transplant_or_immunocompromised,allogeneic hematopoietic cell transplantation (allo-HCT) recipients undergoing GVHD prophylaxis,,,,2019/2023,primary,2.0,5.027
SAMEA120408385,PRJEB97686,,,adult,,,US,transplant_or_immunocompromised,allogeneic hematopoietic cell transplantation (allo-HCT) recipients undergoing GVHD prophylaxis,,,,2019/2023,primary,2.0,3.981
SAMEA120408386,PRJEB97686,,,adult,,,US,transplant_or_immunocompromised,allogeneic hematopoietic cell transplantation (allo-HCT) recipients undergoing GVHD prophylaxis,,,,2019/2023,primary,2.0,3.763
SAMEA120408387,PRJEB97686,,,adult,,,US,transplant_or_immunocompromised,allogeneic hematopoietic cell transplantation (allo-HCT) recipients undergoing GVHD prophylaxis,,,,2019/2023,primary,2.0,4.165
SAMEA120408388,PRJEB97686,,,adult,,,US,transplant_or_immunocompromised,allogeneic hematopoietic cell transplantation (allo-HCT) recipients undergoing GVHD prophylaxis,,,,2019/2023,primary,2.0,4.974
SAMEA120408389,PRJEB97686,,,adult,,,US,transplant_or_immunocompromised,allogeneic hematopoietic cell transplantation (allo-HCT) recipients undergoing GVHD prophylaxis,,,,2019/2023,primary,2.0,4.82
SAMEA120408390,PRJEB97686,,,adult,,,US,transplant_or_immunocompromised,allogeneic hematopoietic cell transplantation (allo-HCT) recipients undergoing GVHD prophylaxis,,,,2019/2023,primary,2.0,4.43
SAMEA120408391,PRJEB97686,,,adult,,,US,transplant_or_immunocompromised,allogeneic hematopoietic cell transplantation (allo-HCT) recipients undergoing GVHD prophylaxis,,,,2019/2023,primary,2.0,4.032
SAMEA120408392,PRJEB97686,,,adult,,,US,transplant_or_immunocompromised,allogeneic hematopoietic cell transplantation (allo-HCT) recipients undergoing GVHD prophylaxis,,,,2019/2023,primary,2.0,3.221
SAMEA120408393,PRJEB97686,,,adult,,,US,transplant_or_immunocompromised,allogeneic hematopoietic cell transplantation (allo-HCT) recipients undergoing GVHD prophylaxis,,,,2019/2023,primary,2.0,3.872
SAMEA120408394,PRJEB97686,,,adult,,,US,transplant_or_immunocompromised,allogeneic hematopoietic cell transplantation (allo-HCT) recipients undergoing GVHD prophylaxis,,,,2019/2023,primary,2.0,3.911
SAMEA120408395,PRJEB97686,,,adult,,,US,transplant_or_immunocompromised,allogeneic hematopoietic cell transplantation (allo-HCT) recipients undergoing GVHD prophylaxis,,,,2019/2023,primary,2.0,4.342
SAMEA120408396,PRJEB97686,,,adult,,,US,transplant_or_immunocompromised,allogeneic hematopoietic cell transplantation (allo-HCT) recipients undergoing GVHD prophylaxis,,,,2019/2023,primary,2.0,3.818
SAMEA120408397,PRJEB97686,,,adult,,,US,transplant_or_immunocompromised,allogeneic hematopoietic cell transplantation (allo-HCT) recipients undergoing GVHD prophylaxis,,,,2019/2023,primary,2.0,4.086
SAMEA120408398,PRJEB97686,,,adult,,,US,transplant_or_immunocompromised,allogeneic hematopoietic cell transplantation (allo-HCT) recipients undergoing GVHD prophylaxis,,,,2019/2023,primary,2.0,3.917
SAMEA120408399,PRJEB97686,,,adult,,,US,transplant_or_immunocompromised,allogeneic hematopoietic cell transplantation (allo-HCT) recipients undergoing GVHD prophylaxis,,,,2019/2023,primary,2.0,3.812
SAMEA120408400,PRJEB97686,,,adult,,,US,transplant_or_immunocompromised,allogeneic hematopoietic cell transplantation (allo-HCT) recipients undergoing GVHD prophylaxis,,,,2019/2023,primary,2.0,3.724
SAMEA120408401,PRJEB97686,,,adult,,,US,transplant_or_immunocompromised,allogeneic hematopoietic cell transplantation (allo-HCT) recipients undergoing GVHD prophylaxis,,,,2019/2023,primary,2.0,3.57
SAMEA120408402,PRJEB97686,,,adult,,,US,transplant_or_immunocompromised,allogeneic hematopoietic cell transplantation (allo-HCT) recipients undergoing GVHD prophylaxis,,,,2019/2023,primary,2.0,3.711
SAMEA120408403,PRJEB97686,,,adult,,,US,transplant_or_immunocompromised,allogeneic hematopoietic cell transplantation (allo-HCT) recipients undergoing GVHD prophylaxis,,,,2019/2023,primary,2.0,3.218
SAMEA120408404,PRJEB97686,,,adult,,,US,transplant_or_immunocompromised,allogeneic hematopoietic cell transplantation (allo-HCT) recipients undergoing GVHD prophylaxis,,,,2019/2023,primary,2.0,3.453
SAMEA120408405,PRJEB97686,,,adult,,,US,transplant_or_immunocompromised,allogeneic hematopoietic cell transplantation (allo-HCT) recipients undergoing GVHD prophylaxis,,,,2019/2023,primary,2.0,4.117
SAMEA120408406,PRJEB97686,,,adult,,,US,transplant_or_immunocompromised,allogeneic hematopoietic cell transplantation (allo-HCT) recipients undergoing GVHD prophylaxis,,,,2019/2023,primary,2.0,3.766
SAMEA120408407,PRJEB97686,,,adult,,,US,transplant_or_immunocompromised,allogeneic hematopoietic cell transplantation (allo-HCT) recipients undergoing GVHD prophylaxis,,,,2019/2023,primary,2.0,3.925
SAMEA120408408,PRJEB97686,,,adult,,,US,transplant_or_immunocompromised,allogeneic hematopoietic cell transplantation (allo-HCT) recipients undergoing GVHD prophylaxis,,,,2019/2023,primary,2.0,3.656
SAMEA120408409,PRJEB97686,,,adult,,,US,transplant_or_immunocompromised,allogeneic hematopoietic cell transplantation (allo-HCT) recipients undergoing GVHD prophylaxis,,,,2019/2023,primary,2.0,3.797
SAMEA120408410,PRJEB97686,,,adult,,,US,transplant_or_immunocompromised,allogeneic hematopoietic cell transplantation (allo-HCT) recipients undergoing GVHD prophylaxis,,,,2019/2023,primary,2.0,3.95
SAMEA120408411,PRJEB97686,,,adult,,,US,transplant_or_immunocompromised,allogeneic hematopoietic cell transplantation (allo-HCT) recipients undergoing GVHD prophylaxis,,,,2019/2023,primary,2.0,4.056
SAMEA120408412,PRJEB97686,,,adult,,,US,transplant_or_immunocompromised,allogeneic hematopoietic cell transplantation (allo-HCT) recipients undergoing GVHD prophylaxis,,,,2019/2023,primary,2.0,3.965
SAMEA120408413,PRJEB97686,,,adult,,,US,transplant_or_immunocompromised,allogeneic hematopoietic cell transplantation (allo-HCT) recipients undergoing GVHD prophylaxis,,,,2019/2023,primary,2.0,3.913
SAMEA120408414,PRJEB97686,,,adult,,,US,transplant_or_immunocompromised,allogeneic hematopoietic cell transplantation (allo-HCT) recipients undergoing GVHD prophylaxis,,,,2019/2023,primary,2.0,3.932
SAMEA120408415,PRJEB97686,,,adult,,,US,transplant_or_immunocompromised,allogeneic hematopoietic cell transplantation (allo-HCT) recipients undergoing GVHD prophylaxis,,,,2019/2023,primary,2.0,3.691
SAMEA120408416,PRJEB97686,,,adult,,,US,transplant_or_immunocompromised,allogeneic hematopoietic cell transplantation (allo-HCT) recipients undergoing GVHD prophylaxis,,,,2019/2023,primary,2.0,3.638
SAMEA120408417,PRJEB97686,,,adult,,,US,transplant_or_immunocompromised,allogeneic hematopoietic cell transplantation (allo-HCT) recipients undergoing GVHD prophylaxis,,,,2019/2023,primary,2.0,3.848
SAMEA120408418,PRJEB97686,,,adult,,,US,transplant_or_immunocompromised,allogeneic hematopoietic cell transplantation (allo-HCT) recipients undergoing GVHD prophylaxis,,,,2019/2023,primary,2.0,4.295
SAMEA120408419,PRJEB97686,,,adult,,,US,transplant_or_immunocompromised,allogeneic hematopoietic cell transplantation (allo-HCT) recipients undergoing GVHD prophylaxis,,,,2019/2023,primary,2.0,3.858
SAMEA120408420,PRJEB97686,,,adult,,,US,transplant_or_immunocompromised,allogeneic hematopoietic cell transplantation (allo-HCT) recipients undergoing GVHD prophylaxis,,,,2019/2023,primary,2.0,4.211
SAMEA120408421,PRJEB97686,,,adult,,,US,transplant_or_immunocompromised,allogeneic hematopoietic cell transplantation (allo-HCT) recipients undergoing GVHD prophylaxis,,,,2019/2023,primary,2.0,4.277
SAMEA120408422,PRJEB97686,,,adult,,,US,transplant_or_immunocompromised,allogeneic hematopoietic cell transplantation (allo-HCT) recipients undergoing GVHD prophylaxis,,,,2019/2023,primary,2.0,4.274
SAMEA120408423,PRJEB97686,,,adult,,,US,transplant_or_immunocompromised,allogeneic hematopoietic cell transplantation (allo-HCT) recipients undergoing GVHD prophylaxis,,,,2019/2023,primary,2.0,4.269
SAMEA120408424,PRJEB97686,,,adult,,,US,transplant_or_immunocompromised,allogeneic hematopoietic cell transplantation (allo-HCT) recipients undergoing GVHD prophylaxis,,,,2019/2023,primary,2.0,4.402
SAMEA120408425,PRJEB97686,,,adult,,,US,transplant_or_immunocompromised,allogeneic hematopoietic cell transplantation (allo-HCT) recipients undergoing GVHD prophylaxis,,,,2019/2023,primary,1.0,4.001
SAMEA120408426,PRJEB97686,,,adult,,,US,transplant_or_immunocompromised,allogeneic hematopoietic cell transplantation (allo-HCT) recipients undergoing GVHD prophylaxis,,,,2019/2023,primary,1.0,3.431
SAMEA120408427,PRJEB97686,,,adult,,,US,transplant_or_immunocompromised,allogeneic hematopoietic cell transplantation (allo-HCT) recipients undergoing GVHD prophylaxis,,,,2019/2023,primary,2.0,4.414
SAMEA120408428,PRJEB97686,,,adult,,,US,transplant_or_immunocompromised,allogeneic hematopoietic cell transplantation (allo-HCT) recipients undergoing GVHD prophylaxis,,,,2019/2023,primary,2.0,4.601
SAMEA120408429,PRJEB97686,,,adult,,,US,transplant_or_immunocompromised,allogeneic hematopoietic cell transplantation (allo-HCT) recipients undergoing GVHD prophylaxis,,,,2019/2023,primary,2.0,4.207
SAMEA120408430,PRJEB97686,,,adult,,,US,transplant_or_immunocompromised,allogeneic hematopoietic cell transplantation (allo-HCT) recipients undergoing GVHD prophylaxis,,,,2019/2023,primary,2.0,4.795
SAMEA120408431,PRJEB97686,,,adult,,,US,transplant_or_immunocompromised,allogeneic hematopoietic cell transplantation (allo-HCT) recipients undergoing GVHD prophylaxis,,,,2019/2023,primary,2.0,4.937
SAMEA120408432,PRJEB97686,,,adult,,,US,transplant_or_immunocompromised,allogeneic hematopoietic cell transplantation (allo-HCT) recipients undergoing GVHD prophylaxis,,,,2019/2023,primary,2.0,4.713
SAMEA120408433,PRJEB97686,,,adult,,,US,transplant_or_immunocompromised,allogeneic hematopoietic cell transplantation (allo-HCT) recipients undergoing GVHD prophylaxis,,,,2019/2023,primary,2.0,5.289
SAMEA120408434,PRJEB97686,,,adult,,,US,transplant_or_immunocompromised,allogeneic hematopoietic cell transplantation (allo-HCT) recipients undergoing GVHD prophylaxis,,,,2019/2023,primary,2.0,2.768
SAMEA120408435,PRJEB97686,,,adult,,,US,transplant_or_immunocompromised,allogeneic hematopoietic cell transplantation (allo-HCT) recipients undergoing GVHD prophylaxis,,,,2019/2023,primary,2.0,4.463
SAMEA120408436,PRJEB97686,,,adult,,,US,transplant_or_immunocompromised,allogeneic hematopoietic cell transplantation (allo-HCT) recipients undergoing GVHD prophylaxis,,,,2019/2023,primary,2.0,7.802
SAMEA120408437,PRJEB97686,,,adult,,,US,transplant_or_immunocompromised,allogeneic hematopoietic cell transplantation (allo-HCT) recipients undergoing GVHD prophylaxis,,,,2019/2023,primary,2.0,4.23
SAMEA120408438,PRJEB97686,,,adult,,,US,transplant_or_immunocompromised,allogeneic hematopoietic cell transplantation (allo-HCT) recipients undergoing GVHD prophylaxis,,,,2019/2023,primary,1.0,0.008
SAMEA120408439,PRJEB97686,,,adult,,,US,transplant_or_immunocompromised,allogeneic hematopoietic cell transplantation (allo-HCT) recipients undergoing GVHD prophylaxis,,,,2019/2023,primary,2.0,5.214
SAMEA120408440,PRJEB97686,,,adult,,,US,transplant_or_immunocompromised,allogeneic hematopoietic cell transplantation (allo-HCT) recipients undergoing GVHD prophylaxis,,,,2019/2023,primary,2.0,4.571
SAMEA120408441,PRJEB97686,,,adult,,,US,transplant_or_immunocompromised,allogeneic hematopoietic cell transplantation (allo-HCT) recipients undergoing GVHD prophylaxis,,,,2019/2023,primary,2.0,4.955
SAMEA120408442,PRJEB97686,,,adult,,,US,transplant_or_immunocompromised,allogeneic hematopoietic cell transplantation (allo-HCT) recipients undergoing GVHD prophylaxis,,,,2019/2023,primary,1.0,0.008
SAMEA120408443,PRJEB97686,,,adult,,,US,transplant_or_immunocompromised,allogeneic hematopoietic cell transplantation (allo-HCT) recipients undergoing GVHD prophylaxis,,,,2019/2023,primary,2.0,4.58
SAMEA120408444,PRJEB97686,,,adult,,,US,transplant_or_immunocompromised,allogeneic hematopoietic cell transplantation (allo-HCT) recipients undergoing GVHD prophylaxis,,,,2019/2023,primary,2.0,4.969
SAMEA120408445,PRJEB97686,,,adult,,,US,transplant_or_immunocompromised,allogeneic hematopoietic cell transplantation (allo-HCT) recipients undergoing GVHD prophylaxis,,,,2019/2023,primary,2.0,4.851
SAMEA120408446,PRJEB97686,,,adult,,,US,transplant_or_immunocompromised,allogeneic hematopoietic cell transplantation (allo-HCT) recipients undergoing GVHD prophylaxis,,,,2019/2023,primary,2.0,4.68
SAMEA120408447,PRJEB97686,,,adult,,,US,transplant_or_immunocompromised,allogeneic hematopoietic cell transplantation (allo-HCT) recipients undergoing GVHD prophylaxis,,,,2019/2023,primary,2.0,5.102
SAMEA120408448,PRJEB97686,,,adult,,,US,transplant_or_immunocompromised,allogeneic hematopoietic cell transplantation (allo-HCT) recipients undergoing GVHD prophylaxis,,,,2019/2023,primary,2.0,5.891
SAMEA120408449,PRJEB97686,,,adult,,,US,transplant_or_immunocompromised,allogeneic hematopoietic cell transplantation (allo-HCT) recipients undergoing GVHD prophylaxis,,,,2019/2023,primary,2.0,4.565
SAMEA120408450,PRJEB97686,,,adult,,,US,transplant_or_immunocompromised,allogeneic hematopoietic cell transplantation (allo-HCT) recipients undergoing GVHD prophylaxis,,,,2019/2023,primary,2.0,4.777
SAMEA120408451,PRJEB97686,,,adult,,,US,transplant_or_immunocompromised,allogeneic hematopoietic cell transplantation (allo-HCT) recipients undergoing GVHD prophylaxis,,,,2019/2023,primary,2.0,6.006
SAMEA120408452,PRJEB97686,,,adult,,,US,transplant_or_immunocompromised,allogeneic hematopoietic cell transplantation (allo-HCT) recipients undergoing GVHD prophylaxis,,,,2019/2023,primary,2.0,4.996
SAMEA120408453,PRJEB97686,,,adult,,,US,transplant_or_immunocompromised,allogeneic hematopoietic cell transplantation (allo-HCT) recipients undergoing GVHD prophylaxis,,,,2019/2023,primary,2.0,4.641
SAMEA120408454,PRJEB97686,,,adult,,,US,transplant_or_immunocompromised,allogeneic hematopoietic cell transplantation (allo-HCT) recipients undergoing GVHD prophylaxis,,,,2019/2023,primary,2.0,4.779
SAMEA120408455,PRJEB97686,,,adult,,,US,transplant_or_immunocompromised,allogeneic hematopoietic cell transplantation (allo-HCT) recipients undergoing GVHD prophylaxis,,,,2019/2023,primary,2.0,4.602
SAMEA120408456,PRJEB97686,,,adult,,,US,transplant_or_immunocompromised,allogeneic hematopoietic cell transplantation (allo-HCT) recipients undergoing GVHD prophylaxis,,,,2019/2023,primary,2.0,5.119
SAMEA120408457,PRJEB97686,,,adult,,,US,transplant_or_immunocompromised,allogeneic hematopoietic cell transplantation (allo-HCT) recipients undergoing GVHD prophylaxis,,,,2019/2023,primary,1.0,2.41
SAMEA120408458,PRJEB97686,,,adult,,,US,transplant_or_immunocompromised,allogeneic hematopoietic cell transplantation (allo-HCT) recipients undergoing GVHD prophylaxis,,,,2019/2023,primary,2.0,4.018
SAMEA120408459,PRJEB97686,,,adult,,,US,transplant_or_immunocompromised,allogeneic hematopoietic cell transplantation (allo-HCT) recipients undergoing GVHD prophylaxis,,,,2019/2023,primary,2.0,5.333
SAMEA120408460,PRJEB97686,,,adult,,,US,transplant_or_immunocompromised,allogeneic hematopoietic cell transplantation (allo-HCT) recipients undergoing GVHD prophylaxis,,,,2019/2023,primary,2.0,4.895
SAMEA120408461,PRJEB97686,,,adult,,,US,transplant_or_immunocompromised,allogeneic hematopoietic cell transplantation (allo-HCT) recipients undergoing GVHD prophylaxis,,,,2019/2023,primary,2.0,4.83
SAMEA120408462,PRJEB97686,,,adult,,,US,transplant_or_immunocompromised,allogeneic hematopoietic cell transplantation (allo-HCT) recipients undergoing GVHD prophylaxis,,,,2019/2023,primary,2.0,4.789
SAMEA120408463,PRJEB97686,,,adult,,,US,transplant_or_immunocompromised,allogeneic hematopoietic cell transplantation (allo-HCT) recipients undergoing GVHD prophylaxis,,,,2019/2023,primary,2.0,3.27
SAMEA120408464,PRJEB97686,,,adult,,,US,transplant_or_immunocompromised,allogeneic hematopoietic cell transplantation (allo-HCT) recipients undergoing GVHD prophylaxis,,,,2019/2023,primary,1.0,0.03
SAMEA120408465,PRJEB97686,,,adult,,,US,transplant_or_immunocompromised,allogeneic hematopoietic cell transplantation (allo-HCT) recipients undergoing GVHD prophylaxis,,,,2019/2023,primary,2.0,3.418
SAMEA120408466,PRJEB97686,,,adult,,,US,transplant_or_immunocompromised,allogeneic hematopoietic cell transplantation (allo-HCT) recipients undergoing GVHD prophylaxis,,,,2019/2023,primary,2.0,4.727
SAMEA120408467,PRJEB97686,,,adult,,,US,transplant_or_immunocompromised,allogeneic hematopoietic cell transplantation (allo-HCT) recipients undergoing GVHD prophylaxis,,,,2019/2023,primary,2.0,4.141
SAMEA120408468,PRJEB97686,,,adult,,,US,transplant_or_immunocompromised,allogeneic hematopoietic cell transplantation (allo-HCT) recipients undergoing GVHD prophylaxis,,,,2019/2023,primary,2.0,4.697
SAMEA120408469,PRJEB97686,,,adult,,,US,transplant_or_immunocompromised,allogeneic hematopoietic cell transplantation (allo-HCT) recipients undergoing GVHD prophylaxis,,,,2019/2023,primary,2.0,4.939
SAMEA120408470,PRJEB97686,,,adult,,,US,transplant_or_immunocompromised,allogeneic hematopoietic cell transplantation (allo-HCT) recipients undergoing GVHD prophylaxis,,,,2019/2023,primary,2.0,4.616
SAMEA120408471,PRJEB97686,,,adult,,,US,transplant_or_immunocompromised,allogeneic hematopoietic cell transplantation (allo-HCT) recipients undergoing GVHD prophylaxis,,,,2019/2023,primary,2.0,4.805
SAMEA120408472,PRJEB97686,,,adult,,,US,transplant_or_immunocompromised,allogeneic hematopoietic cell transplantation (allo-HCT) recipients undergoing GVHD prophylaxis,,,,2019/2023,primary,2.0,5.177
SAMEA120408473,PRJEB97686,,,adult,,,US,transplant_or_immunocompromised,allogeneic hematopoietic cell transplantation (allo-HCT) recipients undergoing GVHD prophylaxis,,,,2019/2023,primary,2.0,5.009
SAMEA120408474,PRJEB97686,,,adult,,,US,transplant_or_immunocompromised,allogeneic hematopoietic cell transplantation (allo-HCT) recipients undergoing GVHD prophylaxis,,,,2019/2023,primary,2.0,4.669
SAMEA120408475,PRJEB97686,,,adult,,,US,transplant_or_immunocompromised,allogeneic hematopoietic cell transplantation (allo-HCT) recipients undergoing GVHD prophylaxis,,,,2019/2023,primary,2.0,4.843
SAMEA120408476,PRJEB97686,,,adult,,,US,transplant_or_immunocompromised,allogeneic hematopoietic cell transplantation (allo-HCT) recipients undergoing GVHD prophylaxis,,,,2019/2023,primary,2.0,4.999
SAMEA120408477,PRJEB97686,,,adult,,,US,transplant_or_immunocompromised,allogeneic hematopoietic cell transplantation (allo-HCT) recipients undergoing GVHD prophylaxis,,,,2019/2023,primary,2.0,4.021
SAMEA120408478,PRJEB97686,,,adult,,,US,transplant_or_immunocompromised,allogeneic hematopoietic cell transplantation (allo-HCT) recipients undergoing GVHD prophylaxis,,,,2019/2023,primary,2.0,4.576
SAMEA120408479,PRJEB97686,,,adult,,,US,transplant_or_immunocompromised,allogeneic hematopoietic cell transplantation (allo-HCT) recipients undergoing GVHD prophylaxis,,,,2019/2023,primary,2.0,5.469
SAMEA120408480,PRJEB97686,,,adult,,,US,transplant_or_immunocompromised,allogeneic hematopoietic cell transplantation (allo-HCT) recipients undergoing GVHD prophylaxis,,,,2019/2023,primary,2.0,4.729
SAMEA120408481,PRJEB97686,,,adult,,,US,transplant_or_immunocompromised,allogeneic hematopoietic cell transplantation (allo-HCT) recipients undergoing GVHD prophylaxis,,,,2019/2023,primary,2.0,4.822
SAMEA120408482,PRJEB97686,,,adult,,,US,transplant_or_immunocompromised,allogeneic hematopoietic cell transplantation (allo-HCT) recipients undergoing GVHD prophylaxis,,,,2019/2023,primary,2.0,3.75
SAMEA120408483,PRJEB97686,,,adult,,,US,transplant_or_immunocompromised,allogeneic hematopoietic cell transplantation (allo-HCT) recipients undergoing GVHD prophylaxis,,,,2019/2023,primary,2.0,4.747
SAMEA120408484,PRJEB97686,,,adult,,,US,transplant_or_immunocompromised,allogeneic hematopoietic cell transplantation (allo-HCT) recipients undergoing GVHD prophylaxis,,,,2019/2023,primary,2.0,4.08
SAMEA120408485,PRJEB97686,,,adult,,,US,transplant_or_immunocompromised,allogeneic hematopoietic cell transplantation (allo-HCT) recipients undergoing GVHD prophylaxis,,,,2019/2023,primary,2.0,2.927
SAMEA120408486,PRJEB97686,,,adult,,,US,transplant_or_immunocompromised,allogeneic hematopoietic cell transplantation (allo-HCT) recipients undergoing GVHD prophylaxis,,,,2019/2023,primary,2.0,5.034
SAMEA120408487,PRJEB97686,,,adult,,,US,transplant_or_immunocompromised,allogeneic hematopoietic cell transplantation (allo-HCT) recipients undergoing GVHD prophylaxis,,,,2019/2023,primary,2.0,4.701
SAMEA120408488,PRJEB97686,,,adult,,,US,transplant_or_immunocompromised,allogeneic hematopoietic cell transplantation (allo-HCT) recipients undergoing GVHD prophylaxis,,,,2019/2023,primary,2.0,5.126
SAMEA120408489,PRJEB97686,,,adult,,,US,transplant_or_immunocompromised,allogeneic hematopoietic cell transplantation (allo-HCT) recipients undergoing GVHD prophylaxis,,,,2019/2023,primary,2.0,3.709
SAMEA120408490,PRJEB97686,,,adult,,,US,transplant_or_immunocompromised,allogeneic hematopoietic cell transplantation (allo-HCT) recipients undergoing GVHD prophylaxis,,,,2019/2023,primary,2.0,5.055
SAMEA120408491,PRJEB97686,,,adult,,,US,transplant_or_immunocompromised,allogeneic hematopoietic cell transplantation (allo-HCT) recipients undergoing GVHD prophylaxis,,,,2019/2023,primary,2.0,5.785
SAMEA120408492,PRJEB97686,,,adult,,,US,transplant_or_immunocompromised,allogeneic hematopoietic cell transplantation (allo-HCT) recipients undergoing GVHD prophylaxis,,,,2019/2023,primary,2.0,5.107
SAMEA120408493,PRJEB97686,,,adult,,,US,transplant_or_immunocompromised,allogeneic hematopoietic cell transplantation (allo-HCT) recipients undergoing GVHD prophylaxis,,,,2019/2023,primary,2.0,5.144
SAMEA120408494,PRJEB97686,,,adult,,,US,transplant_or_immunocompromised,allogeneic hematopoietic cell transplantation (allo-HCT) recipients undergoing GVHD prophylaxis,,,,2019/2023,primary,2.0,4.811
SAMEA120408495,PRJEB97686,,,adult,,,US,transplant_or_immunocompromised,allogeneic hematopoietic cell transplantation (allo-HCT) recipients undergoing GVHD prophylaxis,,,,2019/2023,primary,2.0,4.177
SAMEA120408496,PRJEB97686,,,adult,,,US,transplant_or_immunocompromised,allogeneic hematopoietic cell transplantation (allo-HCT) recipients undergoing GVHD prophylaxis,,,,2019/2023,primary,2.0,4.103
SAMEA120408497,PRJEB97686,,,adult,,,US,transplant_or_immunocompromised,allogeneic hematopoietic cell transplantation (allo-HCT) recipients undergoing GVHD prophylaxis,,,,2019/2023,primary,2.0,4.168
SAMEA120408498,PRJEB97686,,,adult,,,US,transplant_or_immunocompromised,allogeneic hematopoietic cell transplantation (allo-HCT) recipients undergoing GVHD prophylaxis,,,,2019/2023,primary,2.0,4.305
SAMEA120408499,PRJEB97686,,,adult,,,US,transplant_or_immunocompromised,allogeneic hematopoietic cell transplantation (allo-HCT) recipients undergoing GVHD prophylaxis,,,,2019/2023,primary,2.0,4.262
SAMEA120408500,PRJEB97686,,,adult,,,US,transplant_or_immunocompromised,allogeneic hematopoietic cell transplantation (allo-HCT) recipients undergoing GVHD prophylaxis,,,,2019/2023,primary,2.0,4.521
SAMEA120408501,PRJEB97686,,,adult,,,US,transplant_or_immunocompromised,allogeneic hematopoietic cell transplantation (allo-HCT) recipients undergoing GVHD prophylaxis,,,,2019/2023,primary,2.0,4.441
SAMEA120408502,PRJEB97686,,,adult,,,US,transplant_or_immunocompromised,allogeneic hematopoietic cell transplantation (allo-HCT) recipients undergoing GVHD prophylaxis,,,,2019/2023,primary,2.0,3.642
SAMEA120408503,PRJEB97686,,,adult,,,US,transplant_or_immunocompromised,allogeneic hematopoietic cell transplantation (allo-HCT) recipients undergoing GVHD prophylaxis,,,,2019/2023,primary,2.0,4.841
SAMEA120408504,PRJEB97686,,,adult,,,US,transplant_or_immunocompromised,allogeneic hematopoietic cell transplantation (allo-HCT) recipients undergoing GVHD prophylaxis,,,,2019/2023,primary,2.0,3.966
SAMEA120408505,PRJEB97686,,,adult,,,US,transplant_or_immunocompromised,allogeneic hematopoietic cell transplantation (allo-HCT) recipients undergoing GVHD prophylaxis,,,,2019/2023,primary,2.0,4.342
SAMEA120408506,PRJEB97686,,,adult,,,US,transplant_or_immunocompromised,allogeneic hematopoietic cell transplantation (allo-HCT) recipients undergoing GVHD prophylaxis,,,,2019/2023,primary,2.0,4.146
SAMEA120408507,PRJEB97686,,,adult,,,US,transplant_or_immunocompromised,allogeneic hematopoietic cell transplantation (allo-HCT) recipients undergoing GVHD prophylaxis,,,,2019/2023,primary,2.0,4.464
SAMEA120408508,PRJEB97686,,,adult,,,US,transplant_or_immunocompromised,allogeneic hematopoietic cell transplantation (allo-HCT) recipients undergoing GVHD prophylaxis,,,,2019/2023,primary,2.0,4.475
SAMEA120408509,PRJEB97686,,,adult,,,US,transplant_or_immunocompromised,allogeneic hematopoietic cell transplantation (allo-HCT) recipients undergoing GVHD prophylaxis,,,,2019/2023,primary,2.0,4.088
SAMEA120408510,PRJEB97686,,,adult,,,US,transplant_or_immunocompromised,allogeneic hematopoietic cell transplantation (allo-HCT) recipients undergoing GVHD prophylaxis,,,,2019/2023,primary,2.0,4.32
SAMEA120408511,PRJEB97686,,,adult,,,US,transplant_or_immunocompromised,allogeneic hematopoietic cell transplantation (allo-HCT) recipients undergoing GVHD prophylaxis,,,,2019/2023,primary,2.0,4.172
SAMEA120408512,PRJEB97686,,,adult,,,US,transplant_or_immunocompromised,allogeneic hematopoietic cell transplantation (allo-HCT) recipients undergoing GVHD prophylaxis,,,,2019/2023,primary,2.0,4.038
SAMEA120408513,PRJEB97686,,,adult,,,US,transplant_or_immunocompromised,allogeneic hematopoietic cell transplantation (allo-HCT) recipients undergoing GVHD prophylaxis,,,,2019/2023,primary,2.0,4.667
SAMEA120408514,PRJEB97686,,,adult,,,US,transplant_or_immunocompromised,allogeneic hematopoietic cell transplantation (allo-HCT) recipients undergoing GVHD prophylaxis,,,,2019/2023,primary,2.0,5.629
SAMEA120408515,PRJEB97686,,,adult,,,US,transplant_or_immunocompromised,allogeneic hematopoietic cell transplantation (allo-HCT) recipients undergoing GVHD prophylaxis,,,,2019/2023,primary,2.0,4.267
SAMEA120408516,PRJEB97686,,,adult,,,US,transplant_or_immunocompromised,allogeneic hematopoietic cell transplantation (allo-HCT) recipients undergoing GVHD prophylaxis,,,,2019/2023,primary,2.0,4.601
SAMEA120408517,PRJEB97686,,,adult,,,US,transplant_or_immunocompromised,allogeneic hematopoietic cell transplantation (allo-HCT) recipients undergoing GVHD prophylaxis,,,,2019/2023,primary,2.0,4.483
SAMEA120408518,PRJEB97686,,,adult,,,US,transplant_or_immunocompromised,allogeneic hematopoietic cell transplantation (allo-HCT) recipients undergoing GVHD prophylaxis,,,,2019/2023,primary,2.0,4.165
SAMEA120408519,PRJEB97686,,,adult,,,US,transplant_or_immunocompromised,allogeneic hematopoietic cell transplantation (allo-HCT) recipients undergoing GVHD prophylaxis,,,,2019/2023,primary,2.0,4.4
SAMEA120408520,PRJEB97686,,,adult,,,US,transplant_or_immunocompromised,allogeneic hematopoietic cell transplantation (allo-HCT) recipients undergoing GVHD prophylaxis,,,,2019/2023,primary,2.0,4.527
SAMEA120408521,PRJEB97686,,,adult,,,US,transplant_or_immunocompromised,allogeneic hematopoietic cell transplantation (allo-HCT) recipients undergoing GVHD prophylaxis,,,,2019/2023,primary,2.0,4.197
SAMEA120408522,PRJEB97686,,,adult,,,US,transplant_or_immunocompromised,allogeneic hematopoietic cell transplantation (allo-HCT) recipients undergoing GVHD prophylaxis,,,,2019/2023,primary,2.0,4.278
SAMEA120408523,PRJEB97686,,,adult,,,US,transplant_or_immunocompromised,allogeneic hematopoietic cell transplantation (allo-HCT) recipients undergoing GVHD prophylaxis,,,,2019/2023,primary,2.0,4.615
SAMEA120408524,PRJEB97686,,,adult,,,US,transplant_or_immunocompromised,allogeneic hematopoietic cell transplantation (allo-HCT) recipients undergoing GVHD prophylaxis,,,,2019/2023,primary,2.0,4.246
SAMEA120408525,PRJEB97686,,,adult,,,US,transplant_or_immunocompromised,allogeneic hematopoietic cell transplantation (allo-HCT) recipients undergoing GVHD prophylaxis,,,,2019/2023,primary,2.0,4.779
SAMEA120408526,PRJEB97686,,,adult,,,US,transplant_or_immunocompromised,allogeneic hematopoietic cell transplantation (allo-HCT) recipients undergoing GVHD prophylaxis,,,,2019/2023,primary,2.0,3.909
SAMEA120408527,PRJEB97686,,,adult,,,US,transplant_or_immunocompromised,allogeneic hematopoietic cell transplantation (allo-HCT) recipients undergoing GVHD prophylaxis,,,,2019/2023,primary,2.0,4.352
SAMEA120408528,PRJEB97686,,,adult,,,US,transplant_or_immunocompromised,allogeneic hematopoietic cell transplantation (allo-HCT) recipients undergoing GVHD prophylaxis,,,,2019/2023,primary,2.0,4.421
SAMEA120408529,PRJEB97686,,,adult,,,US,transplant_or_immunocompromised,allogeneic hematopoietic cell transplantation (allo-HCT) recipients undergoing GVHD prophylaxis,,,,2019/2023,primary,2.0,4.568
SAMEA120408530,PRJEB97686,,,adult,,,US,transplant_or_immunocompromised,allogeneic hematopoietic cell transplantation (allo-HCT) recipients undergoing GVHD prophylaxis,,,,2019/2023,primary,2.0,4.896
SAMEA120408531,PRJEB97686,,,adult,,,US,transplant_or_immunocompromised,allogeneic hematopoietic cell transplantation (allo-HCT) recipients undergoing GVHD prophylaxis,,,,2019/2023,primary,2.0,4.581
SAMEA120408532,PRJEB97686,,,adult,,,US,transplant_or_immunocompromised,allogeneic hematopoietic cell transplantation (allo-HCT) recipients undergoing GVHD prophylaxis,,,,2019/2023,primary,2.0,3.674
SAMEA120408533,PRJEB97686,,,adult,,,US,transplant_or_immunocompromised,allogeneic hematopoietic cell transplantation (allo-HCT) recipients undergoing GVHD prophylaxis,,,,2019/2023,primary,2.0,4.503
SAMEA120408534,PRJEB97686,,,adult,,,US,transplant_or_immunocompromised,allogeneic hematopoietic cell transplantation (allo-HCT) recipients undergoing GVHD prophylaxis,,,,2019/2023,primary,2.0,4.036
SAMEA120408535,PRJEB97686,,,adult,,,US,transplant_or_immunocompromised,allogeneic hematopoietic cell transplantation (allo-HCT) recipients undergoing GVHD prophylaxis,,,,2019/2023,primary,2.0,4.336
SAMEA120408536,PRJEB97686,,,adult,,,US,transplant_or_immunocompromised,allogeneic hematopoietic cell transplantation (allo-HCT) recipients undergoing GVHD prophylaxis,,,,2019/2023,primary,2.0,4.335
SAMEA120408537,PRJEB97686,,,adult,,,US,transplant_or_immunocompromised,allogeneic hematopoietic cell transplantation (allo-HCT) recipients undergoing GVHD prophylaxis,,,,2019/2023,primary,1.0,0.002
SAMEA120408538,PRJEB97686,,,adult,,,US,transplant_or_immunocompromised,allogeneic hematopoietic cell transplantation (allo-HCT) recipients undergoing GVHD prophylaxis,,,,2019/2023,primary,2.0,5.064
SAMEA120408539,PRJEB97686,,,adult,,,US,transplant_or_immunocompromised,allogeneic hematopoietic cell transplantation (allo-HCT) recipients undergoing GVHD prophylaxis,,,,2019/2023,primary,2.0,4.18
SAMEA120408540,PRJEB97686,,,adult,,,US,transplant_or_immunocompromised,allogeneic hematopoietic cell transplantation (allo-HCT) recipients undergoing GVHD prophylaxis,,,,2019/2023,primary,2.0,4.557
SAMEA120408541,PRJEB97686,,,adult,,,US,transplant_or_immunocompromised,allogeneic hematopoietic cell transplantation (allo-HCT) recipients undergoing GVHD prophylaxis,,,,2019/2023,primary,2.0,4.454
SAMEA120408542,PRJEB97686,,,adult,,,US,transplant_or_immunocompromised,allogeneic hematopoietic cell transplantation (allo-HCT) recipients undergoing GVHD prophylaxis,,,,2019/2023,primary,2.0,4.264
SAMEA120408543,PRJEB97686,,,adult,,,US,transplant_or_immunocompromised,allogeneic hematopoietic cell transplantation (allo-HCT) recipients undergoing GVHD prophylaxis,,,,2019/2023,primary,2.0,4.721
SAMEA120408544,PRJEB97686,,,adult,,,US,transplant_or_immunocompromised,allogeneic hematopoietic cell transplantation (allo-HCT) recipients undergoing GVHD prophylaxis,,,,2019/2023,primary,2.0,4.361
SAMEA120408545,PRJEB97686,,,adult,,,US,transplant_or_immunocompromised,allogeneic hematopoietic cell transplantation (allo-HCT) recipients undergoing GVHD prophylaxis,,,,2019/2023,primary,2.0,4.009
SAMEA120408546,PRJEB97686,,,adult,,,US,transplant_or_immunocompromised,allogeneic hematopoietic cell transplantation (allo-HCT) recipients undergoing GVHD prophylaxis,,,,2019/2023,primary,2.0,4.363
SAMEA120408547,PRJEB97686,,,adult,,,US,transplant_or_immunocompromised,allogeneic hematopoietic cell transplantation (allo-HCT) recipients undergoing GVHD prophylaxis,,,,2019/2023,primary,2.0,4.343
SAMEA120408548,PRJEB97686,,,adult,,,US,transplant_or_immunocompromised,allogeneic hematopoietic cell transplantation (allo-HCT) recipients undergoing GVHD prophylaxis,,,,2019/2023,primary,2.0,3.649
SAMEA120408549,PRJEB97686,,,adult,,,US,transplant_or_immunocompromised,allogeneic hematopoietic cell transplantation (allo-HCT) recipients undergoing GVHD prophylaxis,,,,2019/2023,primary,2.0,4.258
SAMEA120408550,PRJEB97686,,,adult,,,US,transplant_or_immunocompromised,allogeneic hematopoietic cell transplantation (allo-HCT) recipients undergoing GVHD prophylaxis,,,,2019/2023,primary,1.0,1.125
SAMEA120408551,PRJEB97686,,,adult,,,US,transplant_or_immunocompromised,allogeneic hematopoietic cell transplantation (allo-HCT) recipients undergoing GVHD prophylaxis,,,,2019/2023,primary,2.0,4.25
SAMEA120408552,PRJEB97686,,,adult,,,US,transplant_or_immunocompromised,allogeneic hematopoietic cell transplantation (allo-HCT) recipients undergoing GVHD prophylaxis,,,,2019/2023,primary,2.0,4.606
SAMEA120408553,PRJEB97686,,,adult,,,US,transplant_or_immunocompromised,allogeneic hematopoietic cell transplantation (allo-HCT) recipients undergoing GVHD prophylaxis,,,,2019/2023,primary,2.0,4.262
SAMEA120408554,PRJEB97686,,,adult,,,US,transplant_or_immunocompromised,allogeneic hematopoietic cell transplantation (allo-HCT) recipients undergoing GVHD prophylaxis,,,,2019/2023,primary,2.0,4.39
SAMEA120408555,PRJEB97686,,,adult,,,US,transplant_or_immunocompromised,allogeneic hematopoietic cell transplantation (allo-HCT) recipients undergoing GVHD prophylaxis,,,,2019/2023,primary,2.0,4.479
SAMEA120408556,PRJEB97686,,,adult,,,US,transplant_or_immunocompromised,allogeneic hematopoietic cell transplantation (allo-HCT) recipients undergoing GVHD prophylaxis,,,,2019/2023,primary,2.0,4.381
SAMEA120408557,PRJEB97686,,,adult,,,US,transplant_or_immunocompromised,allogeneic hematopoietic cell transplantation (allo-HCT) recipients undergoing GVHD prophylaxis,,,,2019/2023,primary,2.0,4.269
SAMEA120408558,PRJEB97686,,,adult,,,US,transplant_or_immunocompromised,allogeneic hematopoietic cell transplantation (allo-HCT) recipients undergoing GVHD prophylaxis,,,,2019/2023,primary,2.0,4.147
SAMEA120408559,PRJEB97686,,,adult,,,US,transplant_or_immunocompromised,allogeneic hematopoietic cell transplantation (allo-HCT) recipients undergoing GVHD prophylaxis,,,,2019/2023,primary,2.0,4.433
SAMEA120408560,PRJEB97686,,,adult,,,US,transplant_or_immunocompromised,allogeneic hematopoietic cell transplantation (allo-HCT) recipients undergoing GVHD prophylaxis,,,,2019/2023,primary,2.0,4.274
SAMEA120408561,PRJEB97686,,,adult,,,US,transplant_or_immunocompromised,allogeneic hematopoietic cell transplantation (allo-HCT) recipients undergoing GVHD prophylaxis,,,,2019/2023,primary,2.0,4.017
SAMEA120408562,PRJEB97686,,,adult,,,US,transplant_or_immunocompromised,allogeneic hematopoietic cell transplantation (allo-HCT) recipients undergoing GVHD prophylaxis,,,,2019/2023,primary,2.0,3.965
SAMEA120408563,PRJEB97686,,,adult,,,US,transplant_or_immunocompromised,allogeneic hematopoietic cell transplantation (allo-HCT) recipients undergoing GVHD prophylaxis,,,,2019/2023,primary,2.0,4.183
SAMEA120408564,PRJEB97686,,,adult,,,US,transplant_or_immunocompromised,allogeneic hematopoietic cell transplantation (allo-HCT) recipients undergoing GVHD prophylaxis,,,,2019/2023,primary,2.0,4.079
SAMEA120408565,PRJEB97686,,,adult,,,US,transplant_or_immunocompromised,allogeneic hematopoietic cell transplantation (allo-HCT) recipients undergoing GVHD prophylaxis,,,,2019/2023,primary,2.0,4.494
SAMEA120408566,PRJEB97686,,,adult,,,US,transplant_or_immunocompromised,allogeneic hematopoietic cell transplantation (allo-HCT) recipients undergoing GVHD prophylaxis,,,,2019/2023,primary,2.0,4.063
SAMEA120408567,PRJEB97686,,,adult,,,US,transplant_or_immunocompromised,allogeneic hematopoietic cell transplantation (allo-HCT) recipients undergoing GVHD prophylaxis,,,,2019/2023,primary,2.0,4.029
SAMEA120408568,PRJEB97686,,,adult,,,US,transplant_or_immunocompromised,allogeneic hematopoietic cell transplantation (allo-HCT) recipients undergoing GVHD prophylaxis,,,,2019/2023,primary,2.0,4.138
SAMEA120408569,PRJEB97686,,,adult,,,US,transplant_or_immunocompromised,allogeneic hematopoietic cell transplantation (allo-HCT) recipients undergoing GVHD prophylaxis,,,,2019/2023,primary,2.0,4.11
SAMEA120408570,PRJEB97686,,,adult,,,US,transplant_or_immunocompromised,allogeneic hematopoietic cell transplantation (allo-HCT) recipients undergoing GVHD prophylaxis,,,,2019/2023,primary,2.0,1.333
SAMEA120408571,PRJEB97686,,,adult,,,US,transplant_or_immunocompromised,allogeneic hematopoietic cell transplantation (allo-HCT) recipients undergoing GVHD prophylaxis,,,,2019/2023,primary,2.0,4.402
SAMEA120408572,PRJEB97686,,,adult,,,US,transplant_or_immunocompromised,allogeneic hematopoietic cell transplantation (allo-HCT) recipients undergoing GVHD prophylaxis,,,,2019/2023,primary,2.0,3.945
SAMEA120408573,PRJEB97686,,,adult,,,US,transplant_or_immunocompromised,allogeneic hematopoietic cell transplantation (allo-HCT) recipients undergoing GVHD prophylaxis,,,,2019/2023,primary,2.0,4.095
SAMEA120408574,PRJEB97686,,,adult,,,US,transplant_or_immunocompromised,allogeneic hematopoietic cell transplantation (allo-HCT) recipients undergoing GVHD prophylaxis,,,,2019/2023,primary,2.0,4.107
SAMEA120408575,PRJEB97686,,,adult,,,US,transplant_or_immunocompromised,allogeneic hematopoietic cell transplantation (allo-HCT) recipients undergoing GVHD prophylaxis,,,,2019/2023,primary,2.0,4.28
SAMEA120408576,PRJEB97686,,,adult,,,US,transplant_or_immunocompromised,allogeneic hematopoietic cell transplantation (allo-HCT) recipients undergoing GVHD prophylaxis,,,,2019/2023,primary,2.0,4.12
SAMEA120408577,PRJEB97686,,,adult,,,US,transplant_or_immunocompromised,allogeneic hematopoietic cell transplantation (allo-HCT) recipients undergoing GVHD prophylaxis,,,,2019/2023,primary,1.0,3.442
SAMEA120408578,PRJEB97686,,,adult,,,US,transplant_or_immunocompromised,allogeneic hematopoietic cell transplantation (allo-HCT) recipients undergoing GVHD prophylaxis,,,,2019/2023,primary,2.0,5.115
SAMEA120408579,PRJEB97686,,,adult,,,US,transplant_or_immunocompromised,allogeneic hematopoietic cell transplantation (allo-HCT) recipients undergoing GVHD prophylaxis,,,,2019/2023,primary,2.0,3.81
SAMEA120408580,PRJEB97686,,,adult,,,US,transplant_or_immunocompromised,allogeneic hematopoietic cell transplantation (allo-HCT) recipients undergoing GVHD prophylaxis,,,,2019/2023,primary,2.0,3.758
SAMEA120408581,PRJEB97686,,,adult,,,US,transplant_or_immunocompromised,allogeneic hematopoietic cell transplantation (allo-HCT) recipients undergoing GVHD prophylaxis,,,,2019/2023,primary,2.0,4.229
SAMEA120408582,PRJEB97686,,,adult,,,US,transplant_or_immunocompromised,allogeneic hematopoietic cell transplantation (allo-HCT) recipients undergoing GVHD prophylaxis,,,,2019/2023,primary,2.0,3.878
SAMEA120408583,PRJEB97686,,,adult,,,US,transplant_or_immunocompromised,allogeneic hematopoietic cell transplantation (allo-HCT) recipients undergoing GVHD prophylaxis,,,,2019/2023,primary,2.0,3.778
SAMEA120408584,PRJEB97686,,,adult,,,US,transplant_or_immunocompromised,allogeneic hematopoietic cell transplantation (allo-HCT) recipients undergoing GVHD prophylaxis,,,,2019/2023,primary,2.0,3.902
SAMEA120408585,PRJEB97686,,,adult,,,US,transplant_or_immunocompromised,allogeneic hematopoietic cell transplantation (allo-HCT) recipients undergoing GVHD prophylaxis,,,,2019/2023,primary,2.0,3.978
SAMEA120408586,PRJEB97686,,,adult,,,US,transplant_or_immunocompromised,allogeneic hematopoietic cell transplantation (allo-HCT) recipients undergoing GVHD prophylaxis,,,,2019/2023,primary,2.0,4.85
SAMEA120408587,PRJEB97686,,,adult,,,US,transplant_or_immunocompromised,allogeneic hematopoietic cell transplantation (allo-HCT) recipients undergoing GVHD prophylaxis,,,,2019/2023,primary,2.0,4.303
SAMEA120408588,PRJEB97686,,,adult,,,US,transplant_or_immunocompromised,allogeneic hematopoietic cell transplantation (allo-HCT) recipients undergoing GVHD prophylaxis,,,,2019/2023,primary,2.0,4.506
SAMEA120408589,PRJEB97686,,,adult,,,US,transplant_or_immunocompromised,allogeneic hematopoietic cell transplantation (allo-HCT) recipients undergoing GVHD prophylaxis,,,,2019/2023,primary,2.0,4.726
SAMEA120408590,PRJEB97686,,,adult,,,US,transplant_or_immunocompromised,allogeneic hematopoietic cell transplantation (allo-HCT) recipients undergoing GVHD prophylaxis,,,,2019/2023,primary,2.0,4.543
SAMEA120408591,PRJEB97686,,,adult,,,US,transplant_or_immunocompromised,allogeneic hematopoietic cell transplantation (allo-HCT) recipients undergoing GVHD prophylaxis,,,,2019/2023,primary,2.0,4.233
SAMEA120408592,PRJEB97686,,,adult,,,US,transplant_or_immunocompromised,allogeneic hematopoietic cell transplantation (allo-HCT) recipients undergoing GVHD prophylaxis,,,,2019/2023,primary,2.0,3.666
SAMEA120408593,PRJEB97686,,,adult,,,US,transplant_or_immunocompromised,allogeneic hematopoietic cell transplantation (allo-HCT) recipients undergoing GVHD prophylaxis,,,,2019/2023,primary,2.0,4.728
SAMEA120408594,PRJEB97686,,,adult,,,US,transplant_or_immunocompromised,allogeneic hematopoietic cell transplantation (allo-HCT) recipients undergoing GVHD prophylaxis,,,,2019/2023,primary,2.0,4.49
SAMEA120408595,PRJEB97686,,,adult,,,US,transplant_or_immunocompromised,allogeneic hematopoietic cell transplantation (allo-HCT) recipients undergoing GVHD prophylaxis,,,,2019/2023,primary,2.0,4.605
SAMEA120408596,PRJEB97686,,,adult,,,US,transplant_or_immunocompromised,allogeneic hematopoietic cell transplantation (allo-HCT) recipients undergoing GVHD prophylaxis,,,,2019/2023,primary,2.0,4.133
SAMEA120408597,PRJEB97686,,,adult,,,US,transplant_or_immunocompromised,allogeneic hematopoietic cell transplantation (allo-HCT) recipients undergoing GVHD prophylaxis,,,,2019/2023,primary,2.0,3.465
SAMEA120408598,PRJEB97686,,,adult,,,US,transplant_or_immunocompromised,allogeneic hematopoietic cell transplantation (allo-HCT) recipients undergoing GVHD prophylaxis,,,,2019/2023,primary,2.0,3.841
SAMEA120408599,PRJEB97686,,,adult,,,US,transplant_or_immunocompromised,allogeneic hematopoietic cell transplantation (allo-HCT) recipients undergoing GVHD prophylaxis,,,,2019/2023,primary,2.0,4.736
SAMEA120408600,PRJEB97686,,,adult,,,US,transplant_or_immunocompromised,allogeneic hematopoietic cell transplantation (allo-HCT) recipients undergoing GVHD prophylaxis,,,,2019/2023,primary,2.0,4.494
SAMEA120408601,PRJEB97686,,,adult,,,US,transplant_or_immunocompromised,allogeneic hematopoietic cell transplantation (allo-HCT) recipients undergoing GVHD prophylaxis,,,,2019/2023,primary,2.0,4.137
SAMEA120408602,PRJEB97686,,,adult,,,US,transplant_or_immunocompromised,allogeneic hematopoietic cell transplantation (allo-HCT) recipients undergoing GVHD prophylaxis,,,,2019/2023,primary,2.0,4.703
SAMEA120408603,PRJEB97686,,,adult,,,US,transplant_or_immunocompromised,allogeneic hematopoietic cell transplantation (allo-HCT) recipients undergoing GVHD prophylaxis,,,,2019/2023,primary,2.0,4.712
SAMEA120408604,PRJEB97686,,,adult,,,US,transplant_or_immunocompromised,allogeneic hematopoietic cell transplantation (allo-HCT) recipients undergoing GVHD prophylaxis,,,,2019/2023,primary,2.0,4.58
SAMEA120408605,PRJEB97686,,,adult,,,US,transplant_or_immunocompromised,allogeneic hematopoietic cell transplantation (allo-HCT) recipients undergoing GVHD prophylaxis,,,,2019/2023,primary,2.0,4.601
SAMEA120408606,PRJEB97686,,,adult,,,US,transplant_or_immunocompromised,allogeneic hematopoietic cell transplantation (allo-HCT) recipients undergoing GVHD prophylaxis,,,,2019/2023,primary,2.0,4.054
SAMEA120408607,PRJEB97686,,,adult,,,US,transplant_or_immunocompromised,allogeneic hematopoietic cell transplantation (allo-HCT) recipients undergoing GVHD prophylaxis,,,,2019/2023,primary,2.0,4.421
SAMEA120408608,PRJEB97686,,,adult,,,US,transplant_or_immunocompromised,allogeneic hematopoietic cell transplantation (allo-HCT) recipients undergoing GVHD prophylaxis,,,,2019/2023,primary,2.0,4.46
SAMEA120408609,PRJEB97686,,,adult,,,US,transplant_or_immunocompromised,allogeneic hematopoietic cell transplantation (allo-HCT) recipients undergoing GVHD prophylaxis,,,,2019/2023,primary,2.0,4.423
SAMEA120408610,PRJEB97686,,,adult,,,US,transplant_or_immunocompromised,allogeneic hematopoietic cell transplantation (allo-HCT) recipients undergoing GVHD prophylaxis,,,,2019/2023,primary,2.0,6.372
SAMEA120408611,PRJEB97686,,,adult,,,US,transplant_or_immunocompromised,allogeneic hematopoietic cell transplantation (allo-HCT) recipients undergoing GVHD prophylaxis,,,,2019/2023,primary,2.0,4.121
SAMEA120408612,PRJEB97686,,,adult,,,US,transplant_or_immunocompromised,allogeneic hematopoietic cell transplantation (allo-HCT) recipients undergoing GVHD prophylaxis,,,,2019/2023,primary,2.0,4.131
SAMEA120408613,PRJEB97686,,,adult,,,US,transplant_or_immunocompromised,allogeneic hematopoietic cell transplantation (allo-HCT) recipients undergoing GVHD prophylaxis,,,,2019/2023,primary,2.0,4.106
SAMEA120408614,PRJEB97686,,,adult,,,US,transplant_or_immunocompromised,allogeneic hematopoietic cell transplantation (allo-HCT) recipients undergoing GVHD prophylaxis,,,,2019/2023,primary,2.0,4.021
SAMEA120408615,PRJEB97686,,,adult,,,US,transplant_or_immunocompromised,allogeneic hematopoietic cell transplantation (allo-HCT) recipients undergoing GVHD prophylaxis,,,,2019/2023,primary,2.0,4.633
SAMEA120408616,PRJEB97686,,,adult,,,US,transplant_or_immunocompromised,allogeneic hematopoietic cell transplantation (allo-HCT) recipients undergoing GVHD prophylaxis,,,,2019/2023,primary,1.0,3.906
SAMEA120408617,PRJEB97686,,,adult,,,US,transplant_or_immunocompromised,allogeneic hematopoietic cell transplantation (allo-HCT) recipients undergoing GVHD prophylaxis,,,,2019/2023,primary,2.0,4.812
SAMEA120408618,PRJEB97686,,,adult,,,US,transplant_or_immunocompromised,allogeneic hematopoietic cell transplantation (allo-HCT) recipients undergoing GVHD prophylaxis,,,,2019/2023,primary,2.0,3.77
SAMEA120408619,PRJEB97686,,,adult,,,US,transplant_or_immunocompromised,allogeneic hematopoietic cell transplantation (allo-HCT) recipients undergoing GVHD prophylaxis,,,,2019/2023,primary,2.0,4.068
SAMEA120408620,PRJEB97686,,,adult,,,US,transplant_or_immunocompromised,allogeneic hematopoietic cell transplantation (allo-HCT) recipients undergoing GVHD prophylaxis,,,,2019/2023,primary,2.0,3.836
SAMEA120408621,PRJEB97686,,,adult,,,US,transplant_or_immunocompromised,allogeneic hematopoietic cell transplantation (allo-HCT) recipients undergoing GVHD prophylaxis,,,,2019/2023,primary,2.0,4.005
SAMEA120408622,PRJEB97686,,,adult,,,US,transplant_or_immunocompromised,allogeneic hematopoietic cell transplantation (allo-HCT) recipients undergoing GVHD prophylaxis,,,,2019/2023,primary,1.0,0.001
SAMEA120408623,PRJEB97686,,,adult,,,US,transplant_or_immunocompromised,allogeneic hematopoietic cell transplantation (allo-HCT) recipients undergoing GVHD prophylaxis,,,,2019/2023,primary,2.0,4.28
SAMEA120408624,PRJEB97686,,,adult,,,US,transplant_or_immunocompromised,allogeneic hematopoietic cell transplantation (allo-HCT) recipients undergoing GVHD prophylaxis,,,,2019/2023,primary,1.0,0.295
SAMEA120408625,PRJEB97686,,,adult,,,US,transplant_or_immunocompromised,allogeneic hematopoietic cell transplantation (allo-HCT) recipients undergoing GVHD prophylaxis,,,,2019/2023,primary,2.0,4.005
SAMEA120408626,PRJEB97686,,,adult,,,US,transplant_or_immunocompromised,allogeneic hematopoietic cell transplantation (allo-HCT) recipients undergoing GVHD prophylaxis,,,,2019/2023,primary,1.0,0.046
SAMEA120408627,PRJEB97686,,,adult,,,US,transplant_or_immunocompromised,allogeneic hematopoietic cell transplantation (allo-HCT) recipients undergoing GVHD prophylaxis,,,,2019/2023,primary,2.0,4.344
SAMEA120408628,PRJEB97686,,,adult,,,US,transplant_or_immunocompromised,allogeneic hematopoietic cell transplantation (allo-HCT) recipients undergoing GVHD prophylaxis,,,,2019/2023,primary,2.0,4.049
SAMEA120408629,PRJEB97686,,,adult,,,US,transplant_or_immunocompromised,allogeneic hematopoietic cell transplantation (allo-HCT) recipients undergoing GVHD prophylaxis,,,,2019/2023,primary,2.0,4.142
SAMEA120408630,PRJEB97686,,,adult,,,US,transplant_or_immunocompromised,allogeneic hematopoietic cell transplantation (allo-HCT) recipients undergoing GVHD prophylaxis,,,,2019/2023,primary,2.0,3.954
SAMEA120408631,PRJEB97686,,,adult,,,US,transplant_or_immunocompromised,allogeneic hematopoietic cell transplantation (allo-HCT) recipients undergoing GVHD prophylaxis,,,,2019/2023,primary,2.0,4.165
SAMEA120408632,PRJEB97686,,,adult,,,US,transplant_or_immunocompromised,allogeneic hematopoietic cell transplantation (allo-HCT) recipients undergoing GVHD prophylaxis,,,,2019/2023,primary,2.0,4.191
SAMEA120408633,PRJEB97686,,,adult,,,US,transplant_or_immunocompromised,allogeneic hematopoietic cell transplantation (allo-HCT) recipients undergoing GVHD prophylaxis,,,,2019/2023,primary,1.0,0.008
SAMEA120408634,PRJEB97686,,,adult,,,US,transplant_or_immunocompromised,allogeneic hematopoietic cell transplantation (allo-HCT) recipients undergoing GVHD prophylaxis,,,,2019/2023,primary,2.0,3.926
SAMEA120408635,PRJEB97686,,,adult,,,US,transplant_or_immunocompromised,allogeneic hematopoietic cell transplantation (allo-HCT) recipients undergoing GVHD prophylaxis,,,,2019/2023,primary,2.0,4.108
SAMEA120408636,PRJEB97686,,,adult,,,US,transplant_or_immunocompromised,allogeneic hematopoietic cell transplantation (allo-HCT) recipients undergoing GVHD prophylaxis,,,,2019/2023,primary,2.0,4.61
SAMEA120408637,PRJEB97686,,,adult,,,US,transplant_or_immunocompromised,allogeneic hematopoietic cell transplantation (allo-HCT) recipients undergoing GVHD prophylaxis,,,,2019/2023,primary,2.0,4.251
SAMEA120408638,PRJEB97686,,,adult,,,US,transplant_or_immunocompromised,allogeneic hematopoietic cell transplantation (allo-HCT) recipients undergoing GVHD prophylaxis,,,,2019/2023,primary,2.0,4.416
SAMEA120408639,PRJEB97686,,,adult,,,US,transplant_or_immunocompromised,allogeneic hematopoietic cell transplantation (allo-HCT) recipients undergoing GVHD prophylaxis,,,,2019/2023,primary,2.0,5.448
SAMEA120408640,PRJEB97686,,,adult,,,US,transplant_or_immunocompromised,allogeneic hematopoietic cell transplantation (allo-HCT) recipients undergoing GVHD prophylaxis,,,,2019/2023,primary,2.0,8.693
SAMEA120408641,PRJEB97686,,,adult,,,US,transplant_or_immunocompromised,allogeneic hematopoietic cell transplantation (allo-HCT) recipients undergoing GVHD prophylaxis,,,,2019/2023,primary,2.0,4.447
SAMEA120408642,PRJEB97686,,,adult,,,US,transplant_or_immunocompromised,allogeneic hematopoietic cell transplantation (allo-HCT) recipients undergoing GVHD prophylaxis,,,,2019/2023,primary,2.0,4.367
SAMEA120408643,PRJEB97686,,,adult,,,US,transplant_or_immunocompromised,allogeneic hematopoietic cell transplantation (allo-HCT) recipients undergoing GVHD prophylaxis,,,,2019/2023,primary,2.0,4.457
SAMEA120408644,PRJEB97686,,,adult,,,US,transplant_or_immunocompromised,allogeneic hematopoietic cell transplantation (allo-HCT) recipients undergoing GVHD prophylaxis,,,,2019/2023,primary,2.0,4.202
SAMEA120408645,PRJEB97686,,,adult,,,US,transplant_or_immunocompromised,allogeneic hematopoietic cell transplantation (allo-HCT) recipients undergoing GVHD prophylaxis,,,,2019/2023,primary,2.0,4.133
SAMEA120408646,PRJEB97686,,,adult,,,US,transplant_or_immunocompromised,allogeneic hematopoietic cell transplantation (allo-HCT) recipients undergoing GVHD prophylaxis,,,,2019/2023,primary,2.0,3.935
SAMEA120408647,PRJEB97686,,,adult,,,US,transplant_or_immunocompromised,allogeneic hematopoietic cell transplantation (allo-HCT) recipients undergoing GVHD prophylaxis,,,,2019/2023,primary,2.0,4.591
SAMEA120408648,PRJEB97686,,,adult,,,US,transplant_or_immunocompromised,allogeneic hematopoietic cell transplantation (allo-HCT) recipients undergoing GVHD prophylaxis,,,,2019/2023,primary,2.0,4.433
SAMEA120408649,PRJEB97686,,,adult,,,US,transplant_or_immunocompromised,allogeneic hematopoietic cell transplantation (allo-HCT) recipients undergoing GVHD prophylaxis,,,,2019/2023,primary,2.0,4.034
SAMEA120408650,PRJEB97686,,,adult,,,US,transplant_or_immunocompromised,allogeneic hematopoietic cell transplantation (allo-HCT) recipients undergoing GVHD prophylaxis,,,,2019/2023,primary,2.0,4.07
SAMEA120408651,PRJEB97686,,,adult,,,US,transplant_or_immunocompromised,allogeneic hematopoietic cell transplantation (allo-HCT) recipients undergoing GVHD prophylaxis,,,,2019/2023,primary,2.0,4.359
SAMEA120408652,PRJEB97686,,,adult,,,US,transplant_or_immunocompromised,allogeneic hematopoietic cell transplantation (allo-HCT) recipients undergoing GVHD prophylaxis,,,,2019/2023,primary,2.0,5.619
SAMEA120408653,PRJEB97686,,,adult,,,US,transplant_or_immunocompromised,allogeneic hematopoietic cell transplantation (allo-HCT) recipients undergoing GVHD prophylaxis,,,,2019/2023,primary,2.0,4.461
SAMEA120408654,PRJEB97686,,,adult,,,US,transplant_or_immunocompromised,allogeneic hematopoietic cell transplantation (allo-HCT) recipients undergoing GVHD prophylaxis,,,,2019/2023,primary,2.0,4.045
SAMEA120408655,PRJEB97686,,,adult,,,US,transplant_or_immunocompromised,allogeneic hematopoietic cell transplantation (allo-HCT) recipients undergoing GVHD prophylaxis,,,,2019/2023,primary,2.0,3.921
SAMEA120408656,PRJEB97686,,,adult,,,US,transplant_or_immunocompromised,allogeneic hematopoietic cell transplantation (allo-HCT) recipients undergoing GVHD prophylaxis,,,,2019/2023,primary,2.0,4.811
SAMEA120408657,PRJEB97686,,,adult,,,US,transplant_or_immunocompromised,allogeneic hematopoietic cell transplantation (allo-HCT) recipients undergoing GVHD prophylaxis,,,,2019/2023,primary,2.0,4.007
SAMEA120408658,PRJEB97686,,,adult,,,US,transplant_or_immunocompromised,allogeneic hematopoietic cell transplantation (allo-HCT) recipients undergoing GVHD prophylaxis,,,,2019/2023,primary,2.0,4.741
SAMEA120408659,PRJEB97686,,,adult,,,US,transplant_or_immunocompromised,allogeneic hematopoietic cell transplantation (allo-HCT) recipients undergoing GVHD prophylaxis,,,,2019/2023,primary,2.0,3.994
SAMEA120408660,PRJEB97686,,,adult,,,US,transplant_or_immunocompromised,allogeneic hematopoietic cell transplantation (allo-HCT) recipients undergoing GVHD prophylaxis,,,,2019/2023,primary,2.0,4.665
SAMEA120408661,PRJEB97686,,,adult,,,US,transplant_or_immunocompromised,allogeneic hematopoietic cell transplantation (allo-HCT) recipients undergoing GVHD prophylaxis,,,,2019/2023,primary,2.0,4.321
SAMEA120408662,PRJEB97686,,,adult,,,US,transplant_or_immunocompromised,allogeneic hematopoietic cell transplantation (allo-HCT) recipients undergoing GVHD prophylaxis,,,,2019/2023,primary,2.0,4.727
SAMEA120408663,PRJEB97686,,,adult,,,US,transplant_or_immunocompromised,allogeneic hematopoietic cell transplantation (allo-HCT) recipients undergoing GVHD prophylaxis,,,,2019/2023,primary,2.0,4.902
SAMEA120408664,PRJEB97686,,,adult,,,US,transplant_or_immunocompromised,allogeneic hematopoietic cell transplantation (allo-HCT) recipients undergoing GVHD prophylaxis,,,,2019/2023,primary,2.0,9.25
SAMEA120408665,PRJEB97686,,,adult,,,US,transplant_or_immunocompromised,allogeneic hematopoietic cell transplantation (allo-HCT) recipients undergoing GVHD prophylaxis,,,,2019/2023,primary,2.0,4.415
SAMEA120408666,PRJEB97686,,,adult,,,US,transplant_or_immunocompromised,allogeneic hematopoietic cell transplantation (allo-HCT) recipients undergoing GVHD prophylaxis,,,,2019/2023,primary,2.0,3.773
SAMEA120408667,PRJEB97686,,,adult,,,US,transplant_or_immunocompromised,allogeneic hematopoietic cell transplantation (allo-HCT) recipients undergoing GVHD prophylaxis,,,,2019/2023,primary,1.0,0.285
SAMEA120408668,PRJEB97686,,,adult,,,US,transplant_or_immunocompromised,allogeneic hematopoietic cell transplantation (allo-HCT) recipients undergoing GVHD prophylaxis,,,,2019/2023,primary,2.0,4.554
SAMEA120408669,PRJEB97686,,,adult,,,US,transplant_or_immunocompromised,allogeneic hematopoietic cell transplantation (allo-HCT) recipients undergoing GVHD prophylaxis,,,,2019/2023,primary,2.0,4.779
SAMEA120408670,PRJEB97686,,,adult,,,US,transplant_or_immunocompromised,allogeneic hematopoietic cell transplantation (allo-HCT) recipients undergoing GVHD prophylaxis,,,,2019/2023,primary,2.0,4.217
SAMEA120408671,PRJEB97686,,,adult,,,US,transplant_or_immunocompromised,allogeneic hematopoietic cell transplantation (allo-HCT) recipients undergoing GVHD prophylaxis,,,,2019/2023,primary,2.0,4.646
SAMEA120408672,PRJEB97686,,,adult,,,US,transplant_or_immunocompromised,allogeneic hematopoietic cell transplantation (allo-HCT) recipients undergoing GVHD prophylaxis,,,,2019/2023,primary,2.0,4.466
SAMEA120408673,PRJEB97686,,,adult,,,US,transplant_or_immunocompromised,allogeneic hematopoietic cell transplantation (allo-HCT) recipients undergoing GVHD prophylaxis,,,,2019/2023,primary,2.0,4.321
SAMEA120408674,PRJEB97686,,,adult,,,US,transplant_or_immunocompromised,allogeneic hematopoietic cell transplantation (allo-HCT) recipients undergoing GVHD prophylaxis,,,,2019/2023,primary,2.0,4.821
SAMEA120408675,PRJEB97686,,,adult,,,US,transplant_or_immunocompromised,allogeneic hematopoietic cell transplantation (allo-HCT) recipients undergoing GVHD prophylaxis,,,,2019/2023,primary,2.0,4.562
SAMEA120408676,PRJEB97686,,,adult,,,US,transplant_or_immunocompromised,allogeneic hematopoietic cell transplantation (allo-HCT) recipients undergoing GVHD prophylaxis,,,,2019/2023,primary,1.0,3.461
SAMEA120408677,PRJEB97686,,,adult,,,US,transplant_or_immunocompromised,allogeneic hematopoietic cell transplantation (allo-HCT) recipients undergoing GVHD prophylaxis,,,,2019/2023,primary,2.0,10.133
SAMEA120408678,PRJEB97686,,,adult,,,US,transplant_or_immunocompromised,allogeneic hematopoietic cell transplantation (allo-HCT) recipients undergoing GVHD prophylaxis,,,,2019/2023,primary,2.0,4.615
SAMEA120408679,PRJEB97686,,,adult,,,US,transplant_or_immunocompromised,allogeneic hematopoietic cell transplantation (allo-HCT) recipients undergoing GVHD prophylaxis,,,,2019/2023,primary,1.0,2.532
SAMEA120408680,PRJEB97686,,,adult,,,US,transplant_or_immunocompromised,allogeneic hematopoietic cell transplantation (allo-HCT) recipients undergoing GVHD prophylaxis,,,,2019/2023,primary,2.0,4.209
SAMEA120408681,PRJEB97686,,,adult,,,US,transplant_or_immunocompromised,allogeneic hematopoietic cell transplantation (allo-HCT) recipients undergoing GVHD prophylaxis,,,,2019/2023,primary,2.0,4.058
SAMEA120408682,PRJEB97686,,,adult,,,US,transplant_or_immunocompromised,allogeneic hematopoietic cell transplantation (allo-HCT) recipients undergoing GVHD prophylaxis,,,,2019/2023,primary,2.0,4.069
SAMEA120408683,PRJEB97686,,,adult,,,US,transplant_or_immunocompromised,allogeneic hematopoietic cell transplantation (allo-HCT) recipients undergoing GVHD prophylaxis,,,,2019/2023,primary,1.0,0.021
SAMEA120408684,PRJEB97686,,,adult,,,US,transplant_or_immunocompromised,allogeneic hematopoietic cell transplantation (allo-HCT) recipients undergoing GVHD prophylaxis,,,,2019/2023,primary,2.0,4.599
SAMEA120408685,PRJEB97686,,,adult,,,US,transplant_or_immunocompromised,allogeneic hematopoietic cell transplantation (allo-HCT) recipients undergoing GVHD prophylaxis,,,,2019/2023,primary,2.0,4.29
SAMEA120408686,PRJEB97686,,,adult,,,US,transplant_or_immunocompromised,allogeneic hematopoietic cell transplantation (allo-HCT) recipients undergoing GVHD prophylaxis,,,,2019/2023,primary,1.0,0.991
SAMEA120408687,PRJEB97686,,,adult,,,US,transplant_or_immunocompromised,allogeneic hematopoietic cell transplantation (allo-HCT) recipients undergoing GVHD prophylaxis,,,,2019/2023,primary,2.0,4.728
SAMEA120408688,PRJEB97686,,,adult,,,US,transplant_or_immunocompromised,allogeneic hematopoietic cell transplantation (allo-HCT) recipients undergoing GVHD prophylaxis,,,,2019/2023,primary,2.0,3.948
SAMEA120408689,PRJEB97686,,,adult,,,US,transplant_or_immunocompromised,allogeneic hematopoietic cell transplantation (allo-HCT) recipients undergoing GVHD prophylaxis,,,,2019/2023,primary,2.0,4.448
SAMEA120408690,PRJEB97686,,,adult,,,US,transplant_or_immunocompromised,allogeneic hematopoietic cell transplantation (allo-HCT) recipients undergoing GVHD prophylaxis,,,,2019/2023,primary,2.0,4.096
SAMEA120408691,PRJEB97686,,,adult,,,US,transplant_or_immunocompromised,allogeneic hematopoietic cell transplantation (allo-HCT) recipients undergoing GVHD prophylaxis,,,,2019/2023,primary,2.0,4.787
SAMEA120408692,PRJEB97686,,,adult,,,US,transplant_or_immunocompromised,allogeneic hematopoietic cell transplantation (allo-HCT) recipients undergoing GVHD prophylaxis,,,,2019/2023,primary,2.0,4.6
SAMEA120408693,PRJEB97686,,,adult,,,US,transplant_or_immunocompromised,allogeneic hematopoietic cell transplantation (allo-HCT) recipients undergoing GVHD prophylaxis,,,,2019/2023,primary,2.0,4.778
SAMEA120408694,PRJEB97686,,,adult,,,US,transplant_or_immunocompromised,allogeneic hematopoietic cell transplantation (allo-HCT) recipients undergoing GVHD prophylaxis,,,,2019/2023,primary,2.0,4.648
SAMEA120408695,PRJEB97686,,,adult,,,US,transplant_or_immunocompromised,allogeneic hematopoietic cell transplantation (allo-HCT) recipients undergoing GVHD prophylaxis,,,,2019/2023,primary,2.0,3.864
SAMEA120408696,PRJEB97686,,,adult,,,US,transplant_or_immunocompromised,allogeneic hematopoietic cell transplantation (allo-HCT) recipients undergoing GVHD prophylaxis,,,,2019/2023,primary,2.0,4.95
SAMEA120408697,PRJEB97686,,,adult,,,US,transplant_or_immunocompromised,allogeneic hematopoietic cell transplantation (allo-HCT) recipients undergoing GVHD prophylaxis,,,,2019/2023,primary,2.0,4.374
SAMEA120408698,PRJEB97686,,,adult,,,US,transplant_or_immunocompromised,allogeneic hematopoietic cell transplantation (allo-HCT) recipients undergoing GVHD prophylaxis,,,,2019/2023,primary,2.0,3.852
SAMEA120408699,PRJEB97686,,,adult,,,US,transplant_or_immunocompromised,allogeneic hematopoietic cell transplantation (allo-HCT) recipients undergoing GVHD prophylaxis,,,,2019/2023,primary,2.0,4.863
SAMEA120408700,PRJEB97686,,,adult,,,US,transplant_or_immunocompromised,allogeneic hematopoietic cell transplantation (allo-HCT) recipients undergoing GVHD prophylaxis,,,,2019/2023,primary,2.0,4.917
SAMEA120408701,PRJEB97686,,,adult,,,US,transplant_or_immunocompromised,allogeneic hematopoietic cell transplantation (allo-HCT) recipients undergoing GVHD prophylaxis,,,,2019/2023,primary,2.0,4.595
SAMEA120408702,PRJEB97686,,,adult,,,US,transplant_or_immunocompromised,allogeneic hematopoietic cell transplantation (allo-HCT) recipients undergoing GVHD prophylaxis,,,,2019/2023,primary,2.0,4.561
SAMEA120408703,PRJEB97686,,,adult,,,US,transplant_or_immunocompromised,allogeneic hematopoietic cell transplantation (allo-HCT) recipients undergoing GVHD prophylaxis,,,,2019/2023,primary,2.0,4.75
SAMEA120408704,PRJEB97686,,,adult,,,US,transplant_or_immunocompromised,allogeneic hematopoietic cell transplantation (allo-HCT) recipients undergoing GVHD prophylaxis,,,,2019/2023,primary,2.0,4.052
SAMEA120408705,PRJEB97686,,,adult,,,US,transplant_or_immunocompromised,allogeneic hematopoietic cell transplantation (allo-HCT) recipients undergoing GVHD prophylaxis,,,,2019/2023,primary,2.0,4.577
SAMEA120408706,PRJEB97686,,,adult,,,US,transplant_or_immunocompromised,allogeneic hematopoietic cell transplantation (allo-HCT) recipients undergoing GVHD prophylaxis,,,,2019/2023,primary,2.0,3.929
SAMEA120408707,PRJEB97686,,,adult,,,US,transplant_or_immunocompromised,allogeneic hematopoietic cell transplantation (allo-HCT) recipients undergoing GVHD prophylaxis,,,,2019/2023,primary,2.0,3.94
SAMEA120408708,PRJEB97686,,,adult,,,US,transplant_or_immunocompromised,allogeneic hematopoietic cell transplantation (allo-HCT) recipients undergoing GVHD prophylaxis,,,,2019/2023,primary,2.0,3.995
SAMEA120408709,PRJEB97686,,,adult,,,US,transplant_or_immunocompromised,allogeneic hematopoietic cell transplantation (allo-HCT) recipients undergoing GVHD prophylaxis,,,,2019/2023,primary,2.0,4.085
SAMEA120408710,PRJEB97686,,,adult,,,US,transplant_or_immunocompromised,allogeneic hematopoietic cell transplantation (allo-HCT) recipients undergoing GVHD prophylaxis,,,,2019/2023,primary,2.0,4.128
SAMEA120408711,PRJEB97686,,,adult,,,US,transplant_or_immunocompromised,allogeneic hematopoietic cell transplantation (allo-HCT) recipients undergoing GVHD prophylaxis,,,,2019/2023,primary,2.0,5.436
SAMEA120408712,PRJEB97686,,,adult,,,US,transplant_or_immunocompromised,allogeneic hematopoietic cell transplantation (allo-HCT) recipients undergoing GVHD prophylaxis,,,,2019/2023,primary,2.0,4.401
SAMEA120408713,PRJEB97686,,,adult,,,US,transplant_or_immunocompromised,allogeneic hematopoietic cell transplantation (allo-HCT) recipients undergoing GVHD prophylaxis,,,,2019/2023,primary,2.0,4.923
SAMEA120408714,PRJEB97686,,,adult,,,US,transplant_or_immunocompromised,allogeneic hematopoietic cell transplantation (allo-HCT) recipients undergoing GVHD prophylaxis,,,,2019/2023,primary,2.0,5.004
SAMEA120408715,PRJEB97686,,,adult,,,US,transplant_or_immunocompromised,allogeneic hematopoietic cell transplantation (allo-HCT) recipients undergoing GVHD prophylaxis,,,,2019/2023,primary,2.0,4.19
SAMEA120408716,PRJEB97686,,,adult,,,US,transplant_or_immunocompromised,allogeneic hematopoietic cell transplantation (allo-HCT) recipients undergoing GVHD prophylaxis,,,,2019/2023,primary,2.0,4.417
SAMEA120408717,PRJEB97686,,,adult,,,US,transplant_or_immunocompromised,allogeneic hematopoietic cell transplantation (allo-HCT) recipients undergoing GVHD prophylaxis,,,,2019/2023,primary,2.0,4.694
SAMEA120408718,PRJEB97686,,,adult,,,US,transplant_or_immunocompromised,allogeneic hematopoietic cell transplantation (allo-HCT) recipients undergoing GVHD prophylaxis,,,,2019/2023,primary,2.0,3.763
SAMEA120408719,PRJEB97686,,,adult,,,US,transplant_or_immunocompromised,allogeneic hematopoietic cell transplantation (allo-HCT) recipients undergoing GVHD prophylaxis,,,,2019/2023,primary,2.0,4.678
SAMEA120408720,PRJEB97686,,,adult,,,US,transplant_or_immunocompromised,allogeneic hematopoietic cell transplantation (allo-HCT) recipients undergoing GVHD prophylaxis,,,,2019/2023,primary,2.0,4.174
SAMEA120408721,PRJEB97686,,,adult,,,US,transplant_or_immunocompromised,allogeneic hematopoietic cell transplantation (allo-HCT) recipients undergoing GVHD prophylaxis,,,,2019/2023,primary,2.0,5.032
SAMEA120408722,PRJEB97686,,,adult,,,US,transplant_or_immunocompromised,allogeneic hematopoietic cell transplantation (allo-HCT) recipients undergoing GVHD prophylaxis,,,,2019/2023,primary,2.0,4.152
SAMEA120408723,PRJEB97686,,,adult,,,US,transplant_or_immunocompromised,allogeneic hematopoietic cell transplantation (allo-HCT) recipients undergoing GVHD prophylaxis,,,,2019/2023,primary,2.0,4.582
SAMEA120408724,PRJEB97686,,,adult,,,US,transplant_or_immunocompromised,allogeneic hematopoietic cell transplantation (allo-HCT) recipients undergoing GVHD prophylaxis,,,,2019/2023,primary,2.0,7.505
SAMEA120408725,PRJEB97686,,,adult,,,US,transplant_or_immunocompromised,allogeneic hematopoietic cell transplantation (allo-HCT) recipients undergoing GVHD prophylaxis,,,,2019/2023,primary,2.0,4.538
SAMEA120408726,PRJEB97686,,,adult,,,US,transplant_or_immunocompromised,allogeneic hematopoietic cell transplantation (allo-HCT) recipients undergoing GVHD prophylaxis,,,,2019/2023,primary,2.0,4.646
SAMEA120408727,PRJEB97686,,,adult,,,US,transplant_or_immunocompromised,allogeneic hematopoietic cell transplantation (allo-HCT) recipients undergoing GVHD prophylaxis,,,,2019/2023,primary,2.0,5.181
SAMEA120408728,PRJEB97686,,,adult,,,US,transplant_or_immunocompromised,allogeneic hematopoietic cell transplantation (allo-HCT) recipients undergoing GVHD prophylaxis,,,,2019/2023,primary,1.0,0.013
SAMEA120408729,PRJEB97686,,,adult,,,US,transplant_or_immunocompromised,allogeneic hematopoietic cell transplantation (allo-HCT) recipients undergoing GVHD prophylaxis,,,,2019/2023,primary,2.0,4.174
SAMEA120408730,PRJEB97686,,,adult,,,US,transplant_or_immunocompromised,allogeneic hematopoietic cell transplantation (allo-HCT) recipients undergoing GVHD prophylaxis,,,,2019/2023,primary,2.0,4.06
SAMEA120408731,PRJEB97686,,,adult,,,US,transplant_or_immunocompromised,allogeneic hematopoietic cell transplantation (allo-HCT) recipients undergoing GVHD prophylaxis,,,,2019/2023,primary,2.0,4.454
SAMEA120408732,PRJEB97686,,,adult,,,US,transplant_or_immunocompromised,allogeneic hematopoietic cell transplantation (allo-HCT) recipients undergoing GVHD prophylaxis,,,,2019/2023,primary,2.0,5.213
SAMEA120408733,PRJEB97686,,,adult,,,US,transplant_or_immunocompromised,allogeneic hematopoietic cell transplantation (allo-HCT) recipients undergoing GVHD prophylaxis,,,,2019/2023,primary,2.0,2.833
SAMEA120408734,PRJEB97686,,,adult,,,US,transplant_or_immunocompromised,allogeneic hematopoietic cell transplantation (allo-HCT) recipients undergoing GVHD prophylaxis,,,,2019/2023,primary,2.0,4.191
SAMEA120408735,PRJEB97686,,,adult,,,US,transplant_or_immunocompromised,allogeneic hematopoietic cell transplantation (allo-HCT) recipients undergoing GVHD prophylaxis,,,,2019/2023,primary,2.0,4.411
SAMEA120408736,PRJEB97686,,,adult,,,US,transplant_or_immunocompromised,allogeneic hematopoietic cell transplantation (allo-HCT) recipients undergoing GVHD prophylaxis,,,,2019/2023,primary,2.0,4.551
SAMEA120408737,PRJEB97686,,,adult,,,US,transplant_or_immunocompromised,allogeneic hematopoietic cell transplantation (allo-HCT) recipients undergoing GVHD prophylaxis,,,,2019/2023,primary,2.0,4.403
SAMEA120408738,PRJEB97686,,,adult,,,US,transplant_or_immunocompromised,allogeneic hematopoietic cell transplantation (allo-HCT) recipients undergoing GVHD prophylaxis,,,,2019/2023,primary,2.0,4.549
SAMEA120408739,PRJEB97686,,,adult,,,US,transplant_or_immunocompromised,allogeneic hematopoietic cell transplantation (allo-HCT) recipients undergoing GVHD prophylaxis,,,,2019/2023,primary,2.0,4.491
SAMEA120408740,PRJEB97686,,,adult,,,US,transplant_or_immunocompromised,allogeneic hematopoietic cell transplantation (allo-HCT) recipients undergoing GVHD prophylaxis,,,,2019/2023,primary,2.0,4.461
SAMEA120408741,PRJEB97686,,,adult,,,US,transplant_or_immunocompromised,allogeneic hematopoietic cell transplantation (allo-HCT) recipients undergoing GVHD prophylaxis,,,,2019/2023,primary,2.0,4.145
SAMEA120408742,PRJEB97686,,,adult,,,US,transplant_or_immunocompromised,allogeneic hematopoietic cell transplantation (allo-HCT) recipients undergoing GVHD prophylaxis,,,,2019/2023,primary,2.0,4.127
SAMEA120408743,PRJEB97686,,,adult,,,US,transplant_or_immunocompromised,allogeneic hematopoietic cell transplantation (allo-HCT) recipients undergoing GVHD prophylaxis,,,,2019/2023,primary,2.0,4.907
SAMEA120408744,PRJEB97686,,,adult,,,US,transplant_or_immunocompromised,allogeneic hematopoietic cell transplantation (allo-HCT) recipients undergoing GVHD prophylaxis,,,,2019/2023,primary,2.0,4.223
SAMEA120408745,PRJEB97686,,,adult,,,US,transplant_or_immunocompromised,allogeneic hematopoietic cell transplantation (allo-HCT) recipients undergoing GVHD prophylaxis,,,,2019/2023,primary,2.0,4.096
SAMEA120408746,PRJEB97686,,,adult,,,US,transplant_or_immunocompromised,allogeneic hematopoietic cell transplantation (allo-HCT) recipients undergoing GVHD prophylaxis,,,,2019/2023,primary,2.0,4.446
SAMEA120408747,PRJEB97686,,,adult,,,US,transplant_or_immunocompromised,allogeneic hematopoietic cell transplantation (allo-HCT) recipients undergoing GVHD prophylaxis,,,,2019/2023,primary,2.0,4.541
SAMEA120408748,PRJEB97686,,,adult,,,US,transplant_or_immunocompromised,allogeneic hematopoietic cell transplantation (allo-HCT) recipients undergoing GVHD prophylaxis,,,,2019/2023,primary,2.0,4.803
SAMEA120408749,PRJEB97686,,,adult,,,US,transplant_or_immunocompromised,allogeneic hematopoietic cell transplantation (allo-HCT) recipients undergoing GVHD prophylaxis,,,,2019/2023,primary,2.0,5.21
SAMEA120408750,PRJEB97686,,,adult,,,US,transplant_or_immunocompromised,allogeneic hematopoietic cell transplantation (allo-HCT) recipients undergoing GVHD prophylaxis,,,,2019/2023,primary,2.0,4.528
SAMEA120408751,PRJEB97686,,,adult,,,US,transplant_or_immunocompromised,allogeneic hematopoietic cell transplantation (allo-HCT) recipients undergoing GVHD prophylaxis,,,,2019/2023,primary,2.0,4.103
SAMEA120408752,PRJEB97686,,,adult,,,US,transplant_or_immunocompromised,allogeneic hematopoietic cell transplantation (allo-HCT) recipients undergoing GVHD prophylaxis,,,,2019/2023,primary,2.0,4.516
SAMEA120408753,PRJEB97686,,,adult,,,US,transplant_or_immunocompromised,allogeneic hematopoietic cell transplantation (allo-HCT) recipients undergoing GVHD prophylaxis,,,,2019/2023,primary,2.0,4.739
SAMEA120408754,PRJEB97686,,,adult,,,US,transplant_or_immunocompromised,allogeneic hematopoietic cell transplantation (allo-HCT) recipients undergoing GVHD prophylaxis,,,,2019/2023,primary,2.0,6.124
SAMEA120408755,PRJEB97686,,,adult,,,US,transplant_or_immunocompromised,allogeneic hematopoietic cell transplantation (allo-HCT) recipients undergoing GVHD prophylaxis,,,,2019/2023,primary,2.0,4.452
SAMEA120408756,PRJEB97686,,,adult,,,US,transplant_or_immunocompromised,allogeneic hematopoietic cell transplantation (allo-HCT) recipients undergoing GVHD prophylaxis,,,,2019/2023,primary,2.0,4.285
SAMEA120408757,PRJEB97686,,,adult,,,US,transplant_or_immunocompromised,allogeneic hematopoietic cell transplantation (allo-HCT) recipients undergoing GVHD prophylaxis,,,,2019/2023,primary,2.0,4.428
SAMEA120408758,PRJEB97686,,,adult,,,US,transplant_or_immunocompromised,allogeneic hematopoietic cell transplantation (allo-HCT) recipients undergoing GVHD prophylaxis,,,,2019/2023,primary,2.0,4.234
SAMEA120408759,PRJEB97686,,,adult,,,US,transplant_or_immunocompromised,allogeneic hematopoietic cell transplantation (allo-HCT) recipients undergoing GVHD prophylaxis,,,,2019/2023,primary,2.0,4.231
SAMEA120408760,PRJEB97686,,,adult,,,US,transplant_or_immunocompromised,allogeneic hematopoietic cell transplantation (allo-HCT) recipients undergoing GVHD prophylaxis,,,,2019/2023,primary,2.0,4.385
SAMEA120408761,PRJEB97686,,,adult,,,US,transplant_or_immunocompromised,allogeneic hematopoietic cell transplantation (allo-HCT) recipients undergoing GVHD prophylaxis,,,,2019/2023,primary,2.0,4.073
SAMEA120408762,PRJEB97686,,,adult,,,US,transplant_or_immunocompromised,allogeneic hematopoietic cell transplantation (allo-HCT) recipients undergoing GVHD prophylaxis,,,,2019/2023,primary,2.0,5.005
SAMEA120408763,PRJEB97686,,,adult,,,US,transplant_or_immunocompromised,allogeneic hematopoietic cell transplantation (allo-HCT) recipients undergoing GVHD prophylaxis,,,,2019/2023,primary,2.0,4.567
SAMEA120408764,PRJEB97686,,,adult,,,US,transplant_or_immunocompromised,allogeneic hematopoietic cell transplantation (allo-HCT) recipients undergoing GVHD prophylaxis,,,,2019/2023,primary,1.0,1.565
SAMEA120408765,PRJEB97686,,,adult,,,US,transplant_or_immunocompromised,allogeneic hematopoietic cell transplantation (allo-HCT) recipients undergoing GVHD prophylaxis,,,,2019/2023,primary,2.0,4.265
SAMEA120408766,PRJEB97686,,,adult,,,US,transplant_or_immunocompromised,allogeneic hematopoietic cell transplantation (allo-HCT) recipients undergoing GVHD prophylaxis,,,,2019/2023,primary,2.0,4.122
SAMEA120408767,PRJEB97686,,,adult,,,US,transplant_or_immunocompromised,allogeneic hematopoietic cell transplantation (allo-HCT) recipients undergoing GVHD prophylaxis,,,,2019/2023,primary,2.0,4.309
SAMEA120408768,PRJEB97686,,,adult,,,US,transplant_or_immunocompromised,allogeneic hematopoietic cell transplantation (allo-HCT) recipients undergoing GVHD prophylaxis,,,,2019/2023,primary,2.0,3.897
SAMEA120408769,PRJEB97686,,,adult,,,US,transplant_or_immunocompromised,allogeneic hematopoietic cell transplantation (allo-HCT) recipients undergoing GVHD prophylaxis,,,,2019/2023,primary,2.0,5.477
SAMEA120408770,PRJEB97686,,,adult,,,US,transplant_or_immunocompromised,allogeneic hematopoietic cell transplantation (allo-HCT) recipients undergoing GVHD prophylaxis,,,,2019/2023,primary,2.0,3.996
SAMEA120408771,PRJEB97686,,,adult,,,US,transplant_or_immunocompromised,allogeneic hematopoietic cell transplantation (allo-HCT) recipients undergoing GVHD prophylaxis,,,,2019/2023,primary,2.0,3.853
SAMEA120408772,PRJEB97686,,,adult,,,US,transplant_or_immunocompromised,allogeneic hematopoietic cell transplantation (allo-HCT) recipients undergoing GVHD prophylaxis,,,,2019/2023,primary,2.0,4.606
SAMEA120408773,PRJEB97686,,,adult,,,US,transplant_or_immunocompromised,allogeneic hematopoietic cell transplantation (allo-HCT) recipients undergoing GVHD prophylaxis,,,,2019/2023,primary,2.0,4.29
SAMEA120408774,PRJEB97686,,,adult,,,US,transplant_or_immunocompromised,allogeneic hematopoietic cell transplantation (allo-HCT) recipients undergoing GVHD prophylaxis,,,,2019/2023,primary,2.0,4.32
SAMEA120408775,PRJEB97686,,,adult,,,US,transplant_or_immunocompromised,allogeneic hematopoietic cell transplantation (allo-HCT) recipients undergoing GVHD prophylaxis,,,,2019/2023,primary,2.0,4.568
SAMEA120408776,PRJEB97686,,,adult,,,US,transplant_or_immunocompromised,allogeneic hematopoietic cell transplantation (allo-HCT) recipients undergoing GVHD prophylaxis,,,,2019/2023,primary,1.0,0.004
SAMEA120408777,PRJEB97686,,,adult,,,US,transplant_or_immunocompromised,allogeneic hematopoietic cell transplantation (allo-HCT) recipients undergoing GVHD prophylaxis,,,,2019/2023,primary,2.0,5.05
