sample_key,study_accession,subject_id,timepoint_label,age_category,age_at_collection_days,sex,country,health_condition,health_condition_detail,intervention,intervention_detail,antibiotic_exposure,collection_date,body_site_class,n_runs,seq_gbp
SAMEA113538873,PRJEB62473,,,,,,GB,gi_infection_or_diarrhoea,symptoms of acute gastroenteritis,,,,,primary,1.0,3.732
SAMEA113538875,PRJEB62473,,,,,,GB,gi_infection_or_diarrhoea,symptoms of acute gastroenteritis,,,,,primary,1.0,6.802
SAMEA113538877,PRJEB62473,,,,,,GB,gi_infection_or_diarrhoea,symptoms of acute gastroenteritis,,,,,primary,1.0,4.403
SAMEA113538879,PRJEB62473,,,,,,GB,gi_infection_or_diarrhoea,symptoms of acute gastroenteritis,,,,,primary,1.0,4.036
SAMEA113538881,PRJEB62473,,,,,,GB,gi_infection_or_diarrhoea,symptoms of acute gastroenteritis,,,,,primary,1.0,7.318
SAMEA113538883,PRJEB62473,,,,,,GB,gi_infection_or_diarrhoea,symptoms of acute gastroenteritis,,,,,primary,1.0,5.976
SAMEA113538885,PRJEB62473,,,,,,GB,gi_infection_or_diarrhoea,symptoms of acute gastroenteritis,,,,,primary,1.0,3.785
SAMEA113538887,PRJEB62473,,,,,,GB,gi_infection_or_diarrhoea,symptoms of acute gastroenteritis,,,,,primary,1.0,12.853
SAMEA113538889,PRJEB62473,,,,,,GB,gi_infection_or_diarrhoea,symptoms of acute gastroenteritis,,,,,primary,1.0,6.095
SAMEA113538891,PRJEB62473,,,,,,GB,gi_infection_or_diarrhoea,symptoms of acute gastroenteritis,,,,,primary,1.0,7.853
SAMEA113538893,PRJEB62473,,,,,,GB,gi_infection_or_diarrhoea,symptoms of acute gastroenteritis,,,,,primary,1.0,4.83
SAMEA113538895,PRJEB62473,,,,,,GB,gi_infection_or_diarrhoea,symptoms of acute gastroenteritis,,,,,primary,1.0,3.904
SAMEA113538897,PRJEB62473,,,,,,GB,gi_infection_or_diarrhoea,symptoms of acute gastroenteritis,,,,,primary,1.0,4.465
SAMEA113538899,PRJEB62473,,,,,,GB,gi_infection_or_diarrhoea,symptoms of acute gastroenteritis,,,,,primary,1.0,4.458
SAMEA113538901,PRJEB62473,,,,,,GB,gi_infection_or_diarrhoea,symptoms of acute gastroenteritis,,,,,primary,1.0,5.701
SAMEA113538903,PRJEB62473,,,,,,GB,gi_infection_or_diarrhoea,symptoms of acute gastroenteritis,,,,,primary,1.0,4.053
SAMEA113538905,PRJEB62473,,,,,,GB,gi_infection_or_diarrhoea,symptoms of acute gastroenteritis,,,,,primary,1.0,3.798
SAMEA113538907,PRJEB62473,,,,,,GB,gi_infection_or_diarrhoea,symptoms of acute gastroenteritis,,,,,primary,1.0,8.523
SAMEA113538909,PRJEB62473,,,,,,GB,gi_infection_or_diarrhoea,symptoms of acute gastroenteritis,,,,,primary,1.0,3.865
SAMEA113538911,PRJEB62473,,,,,,GB,gi_infection_or_diarrhoea,symptoms of acute gastroenteritis,,,,,primary,1.0,6.389
SAMEA113538913,PRJEB62473,,,,,,GB,gi_infection_or_diarrhoea,symptoms of acute gastroenteritis,,,,,primary,1.0,6.744
SAMEA113538915,PRJEB62473,,,,,,GB,gi_infection_or_diarrhoea,symptoms of acute gastroenteritis,,,,,primary,1.0,5.049
SAMEA113538917,PRJEB62473,,,,,,GB,gi_infection_or_diarrhoea,symptoms of acute gastroenteritis,,,,,primary,1.0,9.939
SAMEA113538919,PRJEB62473,,,,,,GB,gi_infection_or_diarrhoea,symptoms of acute gastroenteritis,,,,,primary,1.0,3.537
SAMEA113538921,PRJEB62473,,,,,,GB,gi_infection_or_diarrhoea,symptoms of acute gastroenteritis,,,,,primary,1.0,3.212
SAMEA113538923,PRJEB62473,,,,,,GB,gi_infection_or_diarrhoea,symptoms of acute gastroenteritis,,,,,primary,1.0,5.104
SAMEA113538925,PRJEB62473,,,,,,GB,gi_infection_or_diarrhoea,symptoms of acute gastroenteritis,,,,,primary,1.0,4.923
SAMEA113538927,PRJEB62473,,,,,,GB,gi_infection_or_diarrhoea,symptoms of acute gastroenteritis,,,,,primary,1.0,0.516
SAMEA113538929,PRJEB62473,,,,,,GB,gi_infection_or_diarrhoea,symptoms of acute gastroenteritis,,,,,primary,1.0,3.975
SAMEA113538931,PRJEB62473,,,,,,GB,gi_infection_or_diarrhoea,symptoms of acute gastroenteritis,,,,,primary,1.0,6.08
SAMEA113538933,PRJEB62473,,,,,,GB,gi_infection_or_diarrhoea,symptoms of acute gastroenteritis,,,,,primary,1.0,5.169
SAMEA113538935,PRJEB62473,,,,,,GB,gi_infection_or_diarrhoea,symptoms of acute gastroenteritis,,,,,primary,1.0,7.796
SAMEA113538937,PRJEB62473,,,,,,GB,gi_infection_or_diarrhoea,symptoms of acute gastroenteritis,,,,,primary,1.0,4.62
SAMEA113538939,PRJEB62473,,,,,,GB,gi_infection_or_diarrhoea,symptoms of acute gastroenteritis,,,,,primary,1.0,5.578
SAMEA113538941,PRJEB62473,,,,,,GB,gi_infection_or_diarrhoea,symptoms of acute gastroenteritis,,,,,primary,1.0,5.184
SAMEA113538943,PRJEB62473,,,,,,GB,gi_infection_or_diarrhoea,symptoms of acute gastroenteritis,,,,,primary,1.0,6.479
SAMEA113538945,PRJEB62473,,,,,,GB,gi_infection_or_diarrhoea,symptoms of acute gastroenteritis,,,,,primary,1.0,4.935
SAMEA113538947,PRJEB62473,,,,,,GB,gi_infection_or_diarrhoea,symptoms of acute gastroenteritis,,,,,primary,1.0,8.285
SAMEA113538949,PRJEB62473,,,,,,GB,gi_infection_or_diarrhoea,symptoms of acute gastroenteritis,,,,,primary,1.0,5.73
SAMEA113538951,PRJEB62473,,,,,,GB,gi_infection_or_diarrhoea,symptoms of acute gastroenteritis,,,,,primary,1.0,3.615
SAMEA113538953,PRJEB62473,,,,,,GB,gi_infection_or_diarrhoea,symptoms of acute gastroenteritis,,,,,primary,1.0,4.279
SAMEA113538955,PRJEB62473,,,,,,GB,gi_infection_or_diarrhoea,symptoms of acute gastroenteritis,,,,,primary,1.0,4.319
SAMEA113538957,PRJEB62473,,,,,,GB,gi_infection_or_diarrhoea,symptoms of acute gastroenteritis,,,,,primary,1.0,7.469
SAMEA113538959,PRJEB62473,,,,,,GB,gi_infection_or_diarrhoea,symptoms of acute gastroenteritis,,,,,primary,1.0,5.301
SAMEA113538961,PRJEB62473,,,,,,GB,gi_infection_or_diarrhoea,symptoms of acute gastroenteritis,,,,,primary,1.0,0.542
SAMEA113538963,PRJEB62473,,,,,,GB,gi_infection_or_diarrhoea,symptoms of acute gastroenteritis,,,,,primary,1.0,7.775
SAMEA113538964,PRJEB62473,,,,,,GB,gi_infection_or_diarrhoea,symptoms of acute gastroenteritis,,,,,primary,1.0,4.615
SAMEA113538966,PRJEB62473,,,,,,GB,gi_infection_or_diarrhoea,symptoms of acute gastroenteritis,,,,,primary,1.0,6.313
SAMEA113538968,PRJEB62473,,,,,,GB,gi_infection_or_diarrhoea,symptoms of acute gastroenteritis,,,,,primary,1.0,5.912
SAMEA113538970,PRJEB62473,,,,,,GB,gi_infection_or_diarrhoea,symptoms of acute gastroenteritis,,,,,primary,1.0,4.183
SAMEA113538972,PRJEB62473,,,,,,GB,gi_infection_or_diarrhoea,symptoms of acute gastroenteritis,,,,,primary,1.0,5.101
SAMEA113538974,PRJEB62473,,,,,,GB,gi_infection_or_diarrhoea,symptoms of acute gastroenteritis,,,,,primary,1.0,5.885
SAMEA113538976,PRJEB62473,,,,,,GB,gi_infection_or_diarrhoea,symptoms of acute gastroenteritis,,,,,primary,1.0,4.297
SAMEA113538978,PRJEB62473,,,,,,GB,gi_infection_or_diarrhoea,symptoms of acute gastroenteritis,,,,,primary,1.0,7.923
SAMEA113538979,PRJEB62473,,,,,,GB,gi_infection_or_diarrhoea,symptoms of acute gastroenteritis,,,,,primary,1.0,10.207
SAMEA113538981,PRJEB62473,,,,,,GB,gi_infection_or_diarrhoea,symptoms of acute gastroenteritis,,,,,primary,1.0,4.745
SAMEA113538983,PRJEB62473,,,,,,GB,gi_infection_or_diarrhoea,symptoms of acute gastroenteritis,,,,,primary,1.0,5.109
SAMEA113538985,PRJEB62473,,,,,,GB,gi_infection_or_diarrhoea,symptoms of acute gastroenteritis,,,,,primary,1.0,7.222
SAMEA113538987,PRJEB62473,,,,,,GB,gi_infection_or_diarrhoea,symptoms of acute gastroenteritis,,,,,primary,1.0,6.558
SAMEA113538989,PRJEB62473,,,,,,GB,gi_infection_or_diarrhoea,symptoms of acute gastroenteritis,,,,,primary,1.0,8.165
SAMEA113538991,PRJEB62473,,,,,,GB,gi_infection_or_diarrhoea,symptoms of acute gastroenteritis,,,,,primary,1.0,5.39
SAMEA113538993,PRJEB62473,,,,,,GB,gi_infection_or_diarrhoea,symptoms of acute gastroenteritis,,,,,primary,1.0,6.049
SAMEA113538995,PRJEB62473,,,,,,GB,gi_infection_or_diarrhoea,symptoms of acute gastroenteritis,,,,,primary,1.0,5.878
SAMEA113538997,PRJEB62473,,,,,,GB,gi_infection_or_diarrhoea,symptoms of acute gastroenteritis,,,,,primary,1.0,9.509
SAMEA113538999,PRJEB62473,,,,,,GB,gi_infection_or_diarrhoea,symptoms of acute gastroenteritis,,,,,primary,1.0,5.176
SAMEA113539001,PRJEB62473,,,,,,GB,gi_infection_or_diarrhoea,symptoms of acute gastroenteritis,,,,,primary,1.0,5.219
SAMEA113539003,PRJEB62473,,,,,,GB,gi_infection_or_diarrhoea,symptoms of acute gastroenteritis,,,,,primary,1.0,5.669
SAMEA113539005,PRJEB62473,,,,,,GB,gi_infection_or_diarrhoea,symptoms of acute gastroenteritis,,,,,primary,1.0,5.714
SAMEA113539007,PRJEB62473,,,,,,GB,gi_infection_or_diarrhoea,symptoms of acute gastroenteritis,,,,,primary,1.0,7.472
SAMEA113539009,PRJEB62473,,,,,,GB,gi_infection_or_diarrhoea,symptoms of acute gastroenteritis,,,,,primary,1.0,2.392
SAMEA113539011,PRJEB62473,,,,,,GB,gi_infection_or_diarrhoea,symptoms of acute gastroenteritis,,,,,primary,1.0,5.731
SAMEA113539013,PRJEB62473,,,,,,GB,gi_infection_or_diarrhoea,symptoms of acute gastroenteritis,,,,,primary,1.0,5.666
SAMEA113539015,PRJEB62473,,,,,,GB,gi_infection_or_diarrhoea,symptoms of acute gastroenteritis,,,,,primary,1.0,13.471
SAMEA113539017,PRJEB62473,,,,,,GB,gi_infection_or_diarrhoea,symptoms of acute gastroenteritis,,,,,primary,1.0,5.294
SAMEA113539019,PRJEB62473,,,,,,GB,gi_infection_or_diarrhoea,symptoms of acute gastroenteritis,,,,,primary,1.0,3.958
SAMEA113539021,PRJEB62473,,,,,,GB,gi_infection_or_diarrhoea,symptoms of acute gastroenteritis,,,,,primary,1.0,1.498
SAMEA113539024,PRJEB62473,,,,,,GB,gi_infection_or_diarrhoea,symptoms of acute gastroenteritis,,,,,primary,1.0,5.974
SAMEA113539026,PRJEB62473,,,,,,GB,gi_infection_or_diarrhoea,symptoms of acute gastroenteritis,,,,,primary,1.0,10.796
SAMEA113539028,PRJEB62473,,,,,,GB,gi_infection_or_diarrhoea,symptoms of acute gastroenteritis,,,,,primary,1.0,4.468
SAMEA113539030,PRJEB62473,,,,,,GB,gi_infection_or_diarrhoea,symptoms of acute gastroenteritis,,,,,primary,1.0,6.495
SAMEA113539032,PRJEB62473,,,,,,GB,gi_infection_or_diarrhoea,symptoms of acute gastroenteritis,,,,,primary,1.0,0.906
SAMEA113539034,PRJEB62473,,,,,,GB,gi_infection_or_diarrhoea,symptoms of acute gastroenteritis,,,,,primary,1.0,4.655
SAMEA113539036,PRJEB62473,,,,,,GB,gi_infection_or_diarrhoea,symptoms of acute gastroenteritis,,,,,primary,1.0,4.385
SAMEA113539038,PRJEB62473,,,,,,GB,gi_infection_or_diarrhoea,symptoms of acute gastroenteritis,,,,,primary,1.0,3.941
SAMEA113539040,PRJEB62473,,,,,,GB,gi_infection_or_diarrhoea,symptoms of acute gastroenteritis,,,,,primary,1.0,4.653
SAMEA113539042,PRJEB62473,,,,,,GB,gi_infection_or_diarrhoea,symptoms of acute gastroenteritis,,,,,primary,1.0,5.671
SAMEA113539044,PRJEB62473,,,,,,GB,gi_infection_or_diarrhoea,symptoms of acute gastroenteritis,,,,,primary,1.0,4.828
SAMEA113539046,PRJEB62473,,,,,,GB,gi_infection_or_diarrhoea,symptoms of acute gastroenteritis,,,,,primary,1.0,7.006
SAMEA113539048,PRJEB62473,,,,,,GB,gi_infection_or_diarrhoea,symptoms of acute gastroenteritis,,,,,primary,1.0,5.887
SAMEA113539050,PRJEB62473,,,,,,GB,gi_infection_or_diarrhoea,symptoms of acute gastroenteritis,,,,,primary,1.0,8.883
SAMEA113539052,PRJEB62473,,,,,,GB,gi_infection_or_diarrhoea,symptoms of acute gastroenteritis,,,,,primary,1.0,4.258
SAMEA113539054,PRJEB62473,,,,,,GB,gi_infection_or_diarrhoea,symptoms of acute gastroenteritis,,,,,primary,1.0,6.063
SAMEA113539056,PRJEB62473,,,,,,GB,gi_infection_or_diarrhoea,symptoms of acute gastroenteritis,,,,,primary,1.0,3.047
SAMEA113539058,PRJEB62473,,,,,,GB,gi_infection_or_diarrhoea,symptoms of acute gastroenteritis,,,,,primary,1.0,4.797
SAMEA113539060,PRJEB62473,,,,,,GB,gi_infection_or_diarrhoea,symptoms of acute gastroenteritis,,,,,primary,1.0,5.292
SAMEA113539062,PRJEB62473,,,,,,GB,gi_infection_or_diarrhoea,symptoms of acute gastroenteritis,,,,,primary,1.0,5.889
SAMEA113539064,PRJEB62473,,,,,,GB,gi_infection_or_diarrhoea,symptoms of acute gastroenteritis,,,,,primary,1.0,3.435
SAMEA113539066,PRJEB62473,,,,,,GB,gi_infection_or_diarrhoea,symptoms of acute gastroenteritis,,,,,primary,1.0,6.666
SAMEA113539068,PRJEB62473,,,,,,GB,gi_infection_or_diarrhoea,symptoms of acute gastroenteritis,,,,,primary,1.0,4.27
SAMEA113539070,PRJEB62473,,,,,,GB,gi_infection_or_diarrhoea,symptoms of acute gastroenteritis,,,,,primary,1.0,1.801
SAMEA113539072,PRJEB62473,,,,,,GB,gi_infection_or_diarrhoea,symptoms of acute gastroenteritis,,,,,primary,1.0,4.532
SAMEA113539074,PRJEB62473,,,,,,GB,gi_infection_or_diarrhoea,symptoms of acute gastroenteritis,,,,,primary,1.0,5.18
SAMEA113539076,PRJEB62473,,,,,,GB,gi_infection_or_diarrhoea,symptoms of acute gastroenteritis,,,,,primary,1.0,3.941
SAMEA113539078,PRJEB62473,,,,,,GB,gi_infection_or_diarrhoea,symptoms of acute gastroenteritis,,,,,primary,1.0,4.542
SAMEA113539080,PRJEB62473,,,,,,GB,gi_infection_or_diarrhoea,symptoms of acute gastroenteritis,,,,,primary,1.0,4.133
SAMEA113539082,PRJEB62473,,,,,,GB,gi_infection_or_diarrhoea,symptoms of acute gastroenteritis,,,,,primary,1.0,5.05
SAMEA113539084,PRJEB62473,,,,,,GB,gi_infection_or_diarrhoea,symptoms of acute gastroenteritis,,,,,primary,1.0,8.018
SAMEA113539086,PRJEB62473,,,,,,GB,gi_infection_or_diarrhoea,symptoms of acute gastroenteritis,,,,,primary,1.0,4.824
SAMEA113539088,PRJEB62473,,,,,,GB,gi_infection_or_diarrhoea,symptoms of acute gastroenteritis,,,,,primary,1.0,4.042
SAMEA113539090,PRJEB62473,,,,,,GB,gi_infection_or_diarrhoea,symptoms of acute gastroenteritis,,,,,primary,1.0,8.204
SAMEA113539092,PRJEB62473,,,,,,GB,gi_infection_or_diarrhoea,symptoms of acute gastroenteritis,,,,,primary,1.0,1.381
SAMEA113539094,PRJEB62473,,,,,,GB,gi_infection_or_diarrhoea,symptoms of acute gastroenteritis,,,,,primary,1.0,8.015
SAMEA113539096,PRJEB62473,,,,,,GB,gi_infection_or_diarrhoea,symptoms of acute gastroenteritis,,,,,primary,1.0,3.298
SAMEA113539098,PRJEB62473,,,,,,GB,gi_infection_or_diarrhoea,symptoms of acute gastroenteritis,,,,,primary,1.0,1.861
SAMEA113539100,PRJEB62473,,,,,,GB,gi_infection_or_diarrhoea,symptoms of acute gastroenteritis,,,,,primary,1.0,5.387
SAMEA113539102,PRJEB62473,,,,,,GB,gi_infection_or_diarrhoea,symptoms of acute gastroenteritis,,,,,primary,1.0,5.537
SAMEA113539104,PRJEB62473,,,,,,GB,gi_infection_or_diarrhoea,symptoms of acute gastroenteritis,,,,,primary,1.0,7.461
SAMEA113539106,PRJEB62473,,,,,,GB,gi_infection_or_diarrhoea,symptoms of acute gastroenteritis,,,,,primary,1.0,5.56
SAMEA113539108,PRJEB62473,,,,,,GB,gi_infection_or_diarrhoea,symptoms of acute gastroenteritis,,,,,primary,1.0,7.435
SAMEA113539110,PRJEB62473,,,,,,GB,gi_infection_or_diarrhoea,symptoms of acute gastroenteritis,,,,,primary,1.0,7.24
SAMEA113539112,PRJEB62473,,,,,,GB,gi_infection_or_diarrhoea,symptoms of acute gastroenteritis,,,,,primary,1.0,4.313
SAMEA113539114,PRJEB62473,,,,,,GB,gi_infection_or_diarrhoea,symptoms of acute gastroenteritis,,,,,primary,1.0,6.096
SAMEA113539116,PRJEB62473,,,,,,GB,gi_infection_or_diarrhoea,symptoms of acute gastroenteritis,,,,,primary,1.0,8.849
SAMEA113539118,PRJEB62473,,,,,,GB,gi_infection_or_diarrhoea,symptoms of acute gastroenteritis,,,,,primary,1.0,4.106
SAMEA113539120,PRJEB62473,,,,,,GB,gi_infection_or_diarrhoea,symptoms of acute gastroenteritis,,,,,primary,1.0,4.703
SAMEA113539122,PRJEB62473,,,,,,GB,gi_infection_or_diarrhoea,symptoms of acute gastroenteritis,,,,,primary,1.0,0.607
SAMEA113539124,PRJEB62473,,,,,,GB,gi_infection_or_diarrhoea,symptoms of acute gastroenteritis,,,,,primary,1.0,4.054
SAMEA113539126,PRJEB62473,,,,,,GB,gi_infection_or_diarrhoea,symptoms of acute gastroenteritis,,,,,primary,1.0,5.325
SAMEA113539128,PRJEB62473,,,,,,GB,gi_infection_or_diarrhoea,symptoms of acute gastroenteritis,,,,,primary,1.0,5.183
SAMEA113539130,PRJEB62473,,,,,,GB,gi_infection_or_diarrhoea,symptoms of acute gastroenteritis,,,,,primary,1.0,9.259
SAMEA113539132,PRJEB62473,,,,,,GB,gi_infection_or_diarrhoea,symptoms of acute gastroenteritis,,,,,primary,1.0,3.788
SAMEA113539134,PRJEB62473,,,,,,GB,gi_infection_or_diarrhoea,symptoms of acute gastroenteritis,,,,,primary,1.0,6.025
SAMEA113539136,PRJEB62473,,,,,,GB,gi_infection_or_diarrhoea,symptoms of acute gastroenteritis,,,,,primary,1.0,6.054
SAMEA113539138,PRJEB62473,,,,,,GB,gi_infection_or_diarrhoea,symptoms of acute gastroenteritis,,,,,primary,1.0,5.88
SAMEA113539140,PRJEB62473,,,,,,GB,gi_infection_or_diarrhoea,symptoms of acute gastroenteritis,,,,,primary,1.0,4.591
SAMEA113539142,PRJEB62473,,,,,,GB,gi_infection_or_diarrhoea,symptoms of acute gastroenteritis,,,,,primary,1.0,1.408
SAMEA113539144,PRJEB62473,,,,,,GB,gi_infection_or_diarrhoea,symptoms of acute gastroenteritis,,,,,primary,1.0,5.332
SAMEA113539146,PRJEB62473,,,,,,GB,gi_infection_or_diarrhoea,symptoms of acute gastroenteritis,,,,,primary,1.0,3.944
SAMEA113539148,PRJEB62473,,,,,,GB,gi_infection_or_diarrhoea,symptoms of acute gastroenteritis,,,,,primary,1.0,5.069
SAMEA113539150,PRJEB62473,,,,,,GB,gi_infection_or_diarrhoea,symptoms of acute gastroenteritis,,,,,primary,1.0,4.974
SAMEA113539152,PRJEB62473,,,,,,GB,gi_infection_or_diarrhoea,symptoms of acute gastroenteritis,,,,,primary,1.0,1.976
SAMEA113539154,PRJEB62473,,,,,,GB,gi_infection_or_diarrhoea,symptoms of acute gastroenteritis,,,,,primary,1.0,4.12
SAMEA113539156,PRJEB62473,,,,,,GB,gi_infection_or_diarrhoea,symptoms of acute gastroenteritis,,,,,primary,1.0,4.58
SAMEA113539158,PRJEB62473,,,,,,GB,gi_infection_or_diarrhoea,symptoms of acute gastroenteritis,,,,,primary,1.0,12.152
SAMEA113539160,PRJEB62473,,,,,,GB,gi_infection_or_diarrhoea,symptoms of acute gastroenteritis,,,,,primary,1.0,8.858
SAMEA113539162,PRJEB62473,,,,,,GB,gi_infection_or_diarrhoea,symptoms of acute gastroenteritis,,,,,primary,1.0,5.554
SAMEA113539164,PRJEB62473,,,,,,GB,gi_infection_or_diarrhoea,symptoms of acute gastroenteritis,,,,,primary,1.0,4.186
SAMEA113539166,PRJEB62473,,,,,,GB,gi_infection_or_diarrhoea,symptoms of acute gastroenteritis,,,,,primary,1.0,7.958
SAMEA113539168,PRJEB62473,,,,,,GB,gi_infection_or_diarrhoea,symptoms of acute gastroenteritis,,,,,primary,1.0,0.015
SAMEA113539170,PRJEB62473,,,,,,GB,gi_infection_or_diarrhoea,symptoms of acute gastroenteritis,,,,,primary,1.0,7.384
SAMEA113539172,PRJEB62473,,,,,,GB,gi_infection_or_diarrhoea,symptoms of acute gastroenteritis,,,,,primary,1.0,11.441
SAMEA113539174,PRJEB62473,,,,,,GB,gi_infection_or_diarrhoea,symptoms of acute gastroenteritis,,,,,primary,1.0,8.113
SAMEA113539176,PRJEB62473,,,,,,GB,gi_infection_or_diarrhoea,symptoms of acute gastroenteritis,,,,,primary,1.0,2.446
SAMEA113539178,PRJEB62473,,,,,,GB,gi_infection_or_diarrhoea,symptoms of acute gastroenteritis,,,,,primary,1.0,5.435
SAMEA113539181,PRJEB62473,,,,,,GB,gi_infection_or_diarrhoea,symptoms of acute gastroenteritis,,,,,primary,1.0,4.345
SAMEA113539183,PRJEB62473,,,,,,GB,gi_infection_or_diarrhoea,symptoms of acute gastroenteritis,,,,,primary,1.0,10.186
SAMEA113539185,PRJEB62473,,,,,,GB,gi_infection_or_diarrhoea,symptoms of acute gastroenteritis,,,,,primary,1.0,6.401
SAMEA113539187,PRJEB62473,,,,,,GB,gi_infection_or_diarrhoea,symptoms of acute gastroenteritis,,,,,primary,1.0,4.277
SAMEA113539189,PRJEB62473,,,,,,GB,gi_infection_or_diarrhoea,symptoms of acute gastroenteritis,,,,,primary,1.0,5.28
SAMEA113539191,PRJEB62473,,,,,,GB,gi_infection_or_diarrhoea,symptoms of acute gastroenteritis,,,,,primary,1.0,0.067
SAMEA113539193,PRJEB62473,,,,,,GB,gi_infection_or_diarrhoea,symptoms of acute gastroenteritis,,,,,primary,1.0,5.116
SAMEA113539195,PRJEB62473,,,,,,GB,gi_infection_or_diarrhoea,symptoms of acute gastroenteritis,,,,,primary,1.0,4.768
SAMEA113539197,PRJEB62473,,,,,,GB,gi_infection_or_diarrhoea,symptoms of acute gastroenteritis,,,,,primary,1.0,4.061
SAMEA113539199,PRJEB62473,,,,,,GB,gi_infection_or_diarrhoea,symptoms of acute gastroenteritis,,,,,primary,1.0,2.883
SAMEA113539201,PRJEB62473,,,,,,GB,gi_infection_or_diarrhoea,symptoms of acute gastroenteritis,,,,,primary,1.0,4.591
SAMEA113539203,PRJEB62473,,,,,,GB,gi_infection_or_diarrhoea,symptoms of acute gastroenteritis,,,,,primary,1.0,11.693
SAMEA113539205,PRJEB62473,,,,,,GB,gi_infection_or_diarrhoea,symptoms of acute gastroenteritis,,,,,primary,1.0,4.983
SAMEA113539207,PRJEB62473,,,,,,GB,gi_infection_or_diarrhoea,symptoms of acute gastroenteritis,,,,,primary,1.0,7.076
SAMEA113539209,PRJEB62473,,,,,,GB,gi_infection_or_diarrhoea,symptoms of acute gastroenteritis,,,,,primary,1.0,6.525
SAMEA113539211,PRJEB62473,,,,,,GB,gi_infection_or_diarrhoea,symptoms of acute gastroenteritis,,,,,primary,1.0,6.919
SAMEA113539213,PRJEB62473,,,,,,GB,gi_infection_or_diarrhoea,symptoms of acute gastroenteritis,,,,,primary,1.0,11.567
SAMEA113539215,PRJEB62473,,,,,,GB,gi_infection_or_diarrhoea,symptoms of acute gastroenteritis,,,,,primary,1.0,6.089
SAMEA113539217,PRJEB62473,,,,,,GB,gi_infection_or_diarrhoea,symptoms of acute gastroenteritis,,,,,primary,1.0,1.07
SAMEA113539219,PRJEB62473,,,,,,GB,gi_infection_or_diarrhoea,symptoms of acute gastroenteritis,,,,,primary,1.0,5.358
SAMEA113539221,PRJEB62473,,,,,,GB,gi_infection_or_diarrhoea,symptoms of acute gastroenteritis,,,,,primary,1.0,1.663
SAMEA113539223,PRJEB62473,,,,,,GB,gi_infection_or_diarrhoea,symptoms of acute gastroenteritis,,,,,primary,1.0,5.12
SAMEA113539225,PRJEB62473,,,,,,GB,gi_infection_or_diarrhoea,symptoms of acute gastroenteritis,,,,,primary,1.0,6.387
SAMEA113539227,PRJEB62473,,,,,,GB,gi_infection_or_diarrhoea,symptoms of acute gastroenteritis,,,,,primary,1.0,4.846
SAMEA113539229,PRJEB62473,,,,,,GB,gi_infection_or_diarrhoea,symptoms of acute gastroenteritis,,,,,primary,1.0,4.53
SAMEA113539231,PRJEB62473,,,,,,GB,gi_infection_or_diarrhoea,symptoms of acute gastroenteritis,,,,,primary,1.0,5.256
SAMEA113539233,PRJEB62473,,,,,,GB,gi_infection_or_diarrhoea,symptoms of acute gastroenteritis,,,,,primary,1.0,8.84
SAMEA113539235,PRJEB62473,,,,,,GB,gi_infection_or_diarrhoea,symptoms of acute gastroenteritis,,,,,primary,1.0,3.678
SAMEA113539237,PRJEB62473,,,,,,GB,gi_infection_or_diarrhoea,symptoms of acute gastroenteritis,,,,,primary,1.0,4.545
SAMEA113539239,PRJEB62473,,,,,,GB,gi_infection_or_diarrhoea,symptoms of acute gastroenteritis,,,,,primary,1.0,0.341
SAMEA113539242,PRJEB62473,,,,,,GB,gi_infection_or_diarrhoea,symptoms of acute gastroenteritis,,,,,primary,1.0,1.882
SAMEA113539244,PRJEB62473,,,,,,GB,gi_infection_or_diarrhoea,symptoms of acute gastroenteritis,,,,,primary,1.0,5.261
SAMEA113539246,PRJEB62473,,,,,,GB,gi_infection_or_diarrhoea,symptoms of acute gastroenteritis,,,,,primary,1.0,8.12
SAMEA113539248,PRJEB62473,,,,,,GB,gi_infection_or_diarrhoea,symptoms of acute gastroenteritis,,,,,primary,1.0,5.942
SAMEA113539250,PRJEB62473,,,,,,GB,gi_infection_or_diarrhoea,symptoms of acute gastroenteritis,,,,,primary,1.0,3.582
SAMEA113539252,PRJEB62473,,,,,,GB,gi_infection_or_diarrhoea,symptoms of acute gastroenteritis,,,,,primary,1.0,3.633
SAMEA113539254,PRJEB62473,,,,,,GB,gi_infection_or_diarrhoea,symptoms of acute gastroenteritis,,,,,primary,1.0,3.792
SAMEA113539256,PRJEB62473,,,,,,GB,gi_infection_or_diarrhoea,symptoms of acute gastroenteritis,,,,,primary,1.0,4.942
SAMEA113539258,PRJEB62473,,,,,,GB,gi_infection_or_diarrhoea,symptoms of acute gastroenteritis,,,,,primary,1.0,3.213
SAMEA113539260,PRJEB62473,,,,,,GB,gi_infection_or_diarrhoea,symptoms of acute gastroenteritis,,,,,primary,1.0,11.224
SAMEA113539262,PRJEB62473,,,,,,GB,gi_infection_or_diarrhoea,symptoms of acute gastroenteritis,,,,,primary,1.0,4.453
SAMEA113539264,PRJEB62473,,,,,,GB,gi_infection_or_diarrhoea,symptoms of acute gastroenteritis,,,,,primary,1.0,4.161
SAMEA113539266,PRJEB62473,,,,,,GB,gi_infection_or_diarrhoea,symptoms of acute gastroenteritis,,,,,primary,1.0,4.307
SAMEA113539268,PRJEB62473,,,,,,GB,gi_infection_or_diarrhoea,symptoms of acute gastroenteritis,,,,,primary,1.0,5.39
SAMEA113539272,PRJEB62473,,,,,,GB,gi_infection_or_diarrhoea,symptoms of acute gastroenteritis,,,,,primary,1.0,4.569
SAMEA113539274,PRJEB62473,,,,,,GB,gi_infection_or_diarrhoea,symptoms of acute gastroenteritis,,,,,primary,1.0,5.155
SAMEA113539276,PRJEB62473,,,,,,GB,gi_infection_or_diarrhoea,symptoms of acute gastroenteritis,,,,,primary,1.0,5.831
SAMEA113539278,PRJEB62473,,,,,,GB,gi_infection_or_diarrhoea,symptoms of acute gastroenteritis,,,,,primary,1.0,5.108
SAMEA113539280,PRJEB62473,,,,,,GB,gi_infection_or_diarrhoea,symptoms of acute gastroenteritis,,,,,primary,1.0,6.089
SAMEA113539282,PRJEB62473,,,,,,GB,gi_infection_or_diarrhoea,symptoms of acute gastroenteritis,,,,,primary,1.0,4.696
SAMEA113539284,PRJEB62473,,,,,,GB,gi_infection_or_diarrhoea,symptoms of acute gastroenteritis,,,,,primary,1.0,7.147
SAMEA113539286,PRJEB62473,,,,,,GB,gi_infection_or_diarrhoea,symptoms of acute gastroenteritis,,,,,primary,1.0,5.038
SAMEA113539288,PRJEB62473,,,,,,GB,gi_infection_or_diarrhoea,symptoms of acute gastroenteritis,,,,,primary,1.0,4.586
SAMEA113539290,PRJEB62473,,,,,,GB,gi_infection_or_diarrhoea,symptoms of acute gastroenteritis,,,,,primary,1.0,3.951
SAMEA113539292,PRJEB62473,,,,,,GB,gi_infection_or_diarrhoea,symptoms of acute gastroenteritis,,,,,primary,1.0,4.203
SAMEA113539294,PRJEB62473,,,,,,GB,gi_infection_or_diarrhoea,symptoms of acute gastroenteritis,,,,,primary,1.0,5.795
SAMEA113539296,PRJEB62473,,,,,,GB,gi_infection_or_diarrhoea,symptoms of acute gastroenteritis,,,,,primary,1.0,4.366
SAMEA113539298,PRJEB62473,,,,,,GB,gi_infection_or_diarrhoea,symptoms of acute gastroenteritis,,,,,primary,1.0,7.907
SAMEA113539300,PRJEB62473,,,,,,GB,gi_infection_or_diarrhoea,symptoms of acute gastroenteritis,,,,,primary,1.0,5.192
SAMEA113539302,PRJEB62473,,,,,,GB,gi_infection_or_diarrhoea,symptoms of acute gastroenteritis,,,,,primary,1.0,4.609
SAMEA113539304,PRJEB62473,,,,,,GB,gi_infection_or_diarrhoea,symptoms of acute gastroenteritis,,,,,primary,1.0,0.971
SAMEA113539306,PRJEB62473,,,,,,GB,gi_infection_or_diarrhoea,symptoms of acute gastroenteritis,,,,,primary,1.0,8.066
SAMEA113539308,PRJEB62473,,,,,,GB,gi_infection_or_diarrhoea,symptoms of acute gastroenteritis,,,,,primary,1.0,6.17
SAMEA113539310,PRJEB62473,,,,,,GB,gi_infection_or_diarrhoea,symptoms of acute gastroenteritis,,,,,primary,1.0,4.478
SAMEA113539312,PRJEB62473,,,,,,GB,gi_infection_or_diarrhoea,symptoms of acute gastroenteritis,,,,,primary,1.0,3.421
SAMEA113539314,PRJEB62473,,,,,,GB,gi_infection_or_diarrhoea,symptoms of acute gastroenteritis,,,,,primary,1.0,4.605
SAMEA113539316,PRJEB62473,,,,,,GB,gi_infection_or_diarrhoea,symptoms of acute gastroenteritis,,,,,primary,1.0,3.914
SAMEA113539318,PRJEB62473,,,,,,GB,gi_infection_or_diarrhoea,symptoms of acute gastroenteritis,,,,,primary,1.0,4.711
SAMEA113539321,PRJEB62473,,,,,,GB,gi_infection_or_diarrhoea,symptoms of acute gastroenteritis,,,,,primary,1.0,8.094
SAMEA113539323,PRJEB62473,,,,,,GB,gi_infection_or_diarrhoea,symptoms of acute gastroenteritis,,,,,primary,1.0,3.731
SAMEA113539326,PRJEB62473,,,,,,GB,gi_infection_or_diarrhoea,symptoms of acute gastroenteritis,,,,,primary,1.0,4.399
SAMEA113539328,PRJEB62473,,,,,,GB,gi_infection_or_diarrhoea,symptoms of acute gastroenteritis,,,,,primary,1.0,4.715
SAMEA113539331,PRJEB62473,,,,,,GB,gi_infection_or_diarrhoea,symptoms of acute gastroenteritis,,,,,primary,1.0,5.436
SAMEA113539333,PRJEB62473,,,,,,GB,gi_infection_or_diarrhoea,symptoms of acute gastroenteritis,,,,,primary,1.0,3.703
SAMEA113539335,PRJEB62473,,,,,,GB,gi_infection_or_diarrhoea,symptoms of acute gastroenteritis,,,,,primary,1.0,5.189
SAMEA113539337,PRJEB62473,,,,,,GB,gi_infection_or_diarrhoea,symptoms of acute gastroenteritis,,,,,primary,1.0,5.228
SAMEA113539339,PRJEB62473,,,,,,GB,gi_infection_or_diarrhoea,symptoms of acute gastroenteritis,,,,,primary,1.0,5.207
SAMEA113539342,PRJEB62473,,,,,,GB,gi_infection_or_diarrhoea,symptoms of acute gastroenteritis,,,,,primary,1.0,5.122
SAMEA113539344,PRJEB62473,,,,,,GB,gi_infection_or_diarrhoea,symptoms of acute gastroenteritis,,,,,primary,1.0,10.782
SAMEA113539346,PRJEB62473,,,,,,GB,gi_infection_or_diarrhoea,symptoms of acute gastroenteritis,,,,,primary,1.0,3.706
SAMEA113539348,PRJEB62473,,,,,,GB,gi_infection_or_diarrhoea,symptoms of acute gastroenteritis,,,,,primary,1.0,5.155
SAMEA113539350,PRJEB62473,,,,,,GB,gi_infection_or_diarrhoea,symptoms of acute gastroenteritis,,,,,primary,1.0,5.255
SAMEA113539352,PRJEB62473,,,,,,GB,gi_infection_or_diarrhoea,symptoms of acute gastroenteritis,,,,,primary,1.0,4.842
SAMEA113539354,PRJEB62473,,,,,,GB,gi_infection_or_diarrhoea,symptoms of acute gastroenteritis,,,,,primary,1.0,7.13
SAMEA113539356,PRJEB62473,,,,,,GB,gi_infection_or_diarrhoea,symptoms of acute gastroenteritis,,,,,primary,1.0,6.033
SAMEA113539358,PRJEB62473,,,,,,GB,gi_infection_or_diarrhoea,symptoms of acute gastroenteritis,,,,,primary,1.0,8.954
SAMEA113539360,PRJEB62473,,,,,,GB,gi_infection_or_diarrhoea,symptoms of acute gastroenteritis,,,,,primary,1.0,8.286
SAMEA113539362,PRJEB62473,,,,,,GB,gi_infection_or_diarrhoea,symptoms of acute gastroenteritis,,,,,primary,1.0,6.902
SAMEA113539364,PRJEB62473,,,,,,GB,gi_infection_or_diarrhoea,symptoms of acute gastroenteritis,,,,,primary,1.0,0.917
SAMEA113539366,PRJEB62473,,,,,,GB,gi_infection_or_diarrhoea,symptoms of acute gastroenteritis,,,,,primary,1.0,3.035
SAMEA113539368,PRJEB62473,,,,,,GB,gi_infection_or_diarrhoea,symptoms of acute gastroenteritis,,,,,primary,1.0,4.469
SAMEA113539370,PRJEB62473,,,,,,GB,gi_infection_or_diarrhoea,symptoms of acute gastroenteritis,,,,,primary,1.0,4.065
SAMEA113539373,PRJEB62473,,,,,,GB,gi_infection_or_diarrhoea,symptoms of acute gastroenteritis,,,,,primary,1.0,8.746
SAMEA113539374,PRJEB62473,,,,,,GB,gi_infection_or_diarrhoea,symptoms of acute gastroenteritis,,,,,primary,1.0,7.76
SAMEA113539376,PRJEB62473,,,,,,GB,gi_infection_or_diarrhoea,symptoms of acute gastroenteritis,,,,,primary,1.0,4.237
SAMEA113539378,PRJEB62473,,,,,,GB,gi_infection_or_diarrhoea,symptoms of acute gastroenteritis,,,,,primary,1.0,8.318
SAMEA113539381,PRJEB62473,,,,,,GB,gi_infection_or_diarrhoea,symptoms of acute gastroenteritis,,,,,primary,1.0,4.245
SAMEA113539383,PRJEB62473,,,,,,GB,gi_infection_or_diarrhoea,symptoms of acute gastroenteritis,,,,,primary,1.0,6.758
SAMEA113539385,PRJEB62473,,,,,,GB,gi_infection_or_diarrhoea,symptoms of acute gastroenteritis,,,,,primary,1.0,6.152
SAMEA113539387,PRJEB62473,,,,,,GB,gi_infection_or_diarrhoea,symptoms of acute gastroenteritis,,,,,primary,1.0,9.048
SAMEA113539389,PRJEB62473,,,,,,GB,gi_infection_or_diarrhoea,symptoms of acute gastroenteritis,,,,,primary,1.0,2.272
SAMEA113539391,PRJEB62473,,,,,,GB,gi_infection_or_diarrhoea,symptoms of acute gastroenteritis,,,,,primary,1.0,4.535
SAMEA113539393,PRJEB62473,,,,,,GB,gi_infection_or_diarrhoea,symptoms of acute gastroenteritis,,,,,primary,1.0,4.157
SAMEA113539395,PRJEB62473,,,,,,GB,gi_infection_or_diarrhoea,symptoms of acute gastroenteritis,,,,,primary,1.0,3.795
SAMEA113539397,PRJEB62473,,,,,,GB,gi_infection_or_diarrhoea,symptoms of acute gastroenteritis,,,,,primary,1.0,5.382
SAMEA113539399,PRJEB62473,,,,,,GB,gi_infection_or_diarrhoea,symptoms of acute gastroenteritis,,,,,primary,1.0,4.479
SAMEA113539401,PRJEB62473,,,,,,GB,gi_infection_or_diarrhoea,symptoms of acute gastroenteritis,,,,,primary,1.0,4.144
SAMEA113539403,PRJEB62473,,,,,,GB,gi_infection_or_diarrhoea,symptoms of acute gastroenteritis,,,,,primary,1.0,5.004
SAMEA113539405,PRJEB62473,,,,,,GB,gi_infection_or_diarrhoea,symptoms of acute gastroenteritis,,,,,primary,1.0,5.25
SAMEA113539407,PRJEB62473,,,,,,GB,gi_infection_or_diarrhoea,symptoms of acute gastroenteritis,,,,,primary,1.0,3.786
SAMEA113539409,PRJEB62473,,,,,,GB,gi_infection_or_diarrhoea,symptoms of acute gastroenteritis,,,,,primary,1.0,5.379
SAMEA113539411,PRJEB62473,,,,,,GB,gi_infection_or_diarrhoea,symptoms of acute gastroenteritis,,,,,primary,1.0,9.786
SAMEA113539412,PRJEB62473,,,,,,GB,gi_infection_or_diarrhoea,symptoms of acute gastroenteritis,,,,,primary,1.0,4.46
SAMEA113539415,PRJEB62473,,,,,,GB,gi_infection_or_diarrhoea,symptoms of acute gastroenteritis,,,,,primary,1.0,3.958
SAMEA113539417,PRJEB62473,,,,,,GB,gi_infection_or_diarrhoea,symptoms of acute gastroenteritis,,,,,primary,1.0,5.379
SAMEA113539420,PRJEB62473,,,,,,GB,gi_infection_or_diarrhoea,symptoms of acute gastroenteritis,,,,,primary,1.0,3.815
SAMEA113539422,PRJEB62473,,,,,,GB,gi_infection_or_diarrhoea,symptoms of acute gastroenteritis,,,,,primary,1.0,5.242
SAMEA113539424,PRJEB62473,,,,,,GB,gi_infection_or_diarrhoea,symptoms of acute gastroenteritis,,,,,primary,1.0,6.122
SAMEA113539426,PRJEB62473,,,,,,GB,gi_infection_or_diarrhoea,symptoms of acute gastroenteritis,,,,,primary,1.0,3.86
SAMEA113539428,PRJEB62473,,,,,,GB,gi_infection_or_diarrhoea,symptoms of acute gastroenteritis,,,,,primary,1.0,5.692
SAMEA113539430,PRJEB62473,,,,,,GB,gi_infection_or_diarrhoea,symptoms of acute gastroenteritis,,,,,primary,1.0,7.147
SAMEA113539432,PRJEB62473,,,,,,GB,gi_infection_or_diarrhoea,symptoms of acute gastroenteritis,,,,,primary,1.0,4.83
SAMEA113539434,PRJEB62473,,,,,,GB,gi_infection_or_diarrhoea,symptoms of acute gastroenteritis,,,,,primary,1.0,6.364
SAMEA113539436,PRJEB62473,,,,,,GB,gi_infection_or_diarrhoea,symptoms of acute gastroenteritis,,,,,primary,1.0,7.861
SAMEA113539438,PRJEB62473,,,,,,GB,gi_infection_or_diarrhoea,symptoms of acute gastroenteritis,,,,,primary,1.0,4.967
SAMEA113539440,PRJEB62473,,,,,,GB,gi_infection_or_diarrhoea,symptoms of acute gastroenteritis,,,,,primary,1.0,6.53
SAMEA113539443,PRJEB62473,,,,,,GB,gi_infection_or_diarrhoea,symptoms of acute gastroenteritis,,,,,primary,1.0,6.091
SAMEA113539446,PRJEB62473,,,,,,GB,gi_infection_or_diarrhoea,symptoms of acute gastroenteritis,,,,,primary,1.0,9.202
SAMEA113539448,PRJEB62473,,,,,,GB,gi_infection_or_diarrhoea,symptoms of acute gastroenteritis,,,,,primary,1.0,5.644
SAMEA113539450,PRJEB62473,,,,,,GB,gi_infection_or_diarrhoea,symptoms of acute gastroenteritis,,,,,primary,1.0,2.095
SAMEA113539452,PRJEB62473,,,,,,GB,gi_infection_or_diarrhoea,symptoms of acute gastroenteritis,,,,,primary,1.0,3.489
SAMEA113539454,PRJEB62473,,,,,,GB,gi_infection_or_diarrhoea,symptoms of acute gastroenteritis,,,,,primary,1.0,6.255
SAMEA113539456,PRJEB62473,,,,,,GB,gi_infection_or_diarrhoea,symptoms of acute gastroenteritis,,,,,primary,1.0,3.073
SAMEA113539458,PRJEB62473,,,,,,GB,gi_infection_or_diarrhoea,symptoms of acute gastroenteritis,,,,,primary,1.0,5.289
SAMEA113539460,PRJEB62473,,,,,,GB,gi_infection_or_diarrhoea,symptoms of acute gastroenteritis,,,,,primary,1.0,4.927
SAMEA113539462,PRJEB62473,,,,,,GB,gi_infection_or_diarrhoea,symptoms of acute gastroenteritis,,,,,primary,1.0,3.215
SAMEA113539464,PRJEB62473,,,,,,GB,gi_infection_or_diarrhoea,symptoms of acute gastroenteritis,,,,,primary,1.0,5.062
SAMEA113539466,PRJEB62473,,,,,,GB,gi_infection_or_diarrhoea,symptoms of acute gastroenteritis,,,,,primary,1.0,0.1
SAMEA113539468,PRJEB62473,,,,,,GB,gi_infection_or_diarrhoea,symptoms of acute gastroenteritis,,,,,primary,1.0,7.547
SAMEA113539470,PRJEB62473,,,,,,GB,gi_infection_or_diarrhoea,symptoms of acute gastroenteritis,,,,,primary,1.0,6.796
SAMEA113539472,PRJEB62473,,,,,,GB,gi_infection_or_diarrhoea,symptoms of acute gastroenteritis,,,,,primary,1.0,7.693
SAMEA113539474,PRJEB62473,,,,,,GB,gi_infection_or_diarrhoea,symptoms of acute gastroenteritis,,,,,primary,1.0,4.306
SAMEA113539476,PRJEB62473,,,,,,GB,gi_infection_or_diarrhoea,symptoms of acute gastroenteritis,,,,,primary,1.0,4.202
SAMEA113539478,PRJEB62473,,,,,,GB,gi_infection_or_diarrhoea,symptoms of acute gastroenteritis,,,,,primary,1.0,5.065
SAMEA113539480,PRJEB62473,,,,,,GB,gi_infection_or_diarrhoea,symptoms of acute gastroenteritis,,,,,primary,1.0,4.609
SAMEA113539482,PRJEB62473,,,,,,GB,gi_infection_or_diarrhoea,symptoms of acute gastroenteritis,,,,,primary,1.0,3.818
SAMEA113539484,PRJEB62473,,,,,,GB,gi_infection_or_diarrhoea,symptoms of acute gastroenteritis,,,,,primary,1.0,5.917
SAMEA113539486,PRJEB62473,,,,,,GB,gi_infection_or_diarrhoea,symptoms of acute gastroenteritis,,,,,primary,1.0,5.989
SAMEA113539488,PRJEB62473,,,,,,GB,gi_infection_or_diarrhoea,symptoms of acute gastroenteritis,,,,,primary,1.0,5.785
SAMEA113539490,PRJEB62473,,,,,,GB,gi_infection_or_diarrhoea,symptoms of acute gastroenteritis,,,,,primary,1.0,3.738
SAMEA113539492,PRJEB62473,,,,,,GB,gi_infection_or_diarrhoea,symptoms of acute gastroenteritis,,,,,primary,1.0,5.549
SAMEA113539495,PRJEB62473,,,,,,GB,gi_infection_or_diarrhoea,symptoms of acute gastroenteritis,,,,,primary,1.0,6.52
SAMEA113539497,PRJEB62473,,,,,,GB,gi_infection_or_diarrhoea,symptoms of acute gastroenteritis,,,,,primary,1.0,8.586
SAMEA113539499,PRJEB62473,,,,,,GB,gi_infection_or_diarrhoea,symptoms of acute gastroenteritis,,,,,primary,1.0,5.149
SAMEA113539501,PRJEB62473,,,,,,GB,gi_infection_or_diarrhoea,symptoms of acute gastroenteritis,,,,,primary,1.0,6.35
SAMEA113539503,PRJEB62473,,,,,,GB,gi_infection_or_diarrhoea,symptoms of acute gastroenteritis,,,,,primary,1.0,4.36
SAMEA113539505,PRJEB62473,,,,,,GB,gi_infection_or_diarrhoea,symptoms of acute gastroenteritis,,,,,primary,1.0,8.182
SAMEA113539507,PRJEB62473,,,,,,GB,gi_infection_or_diarrhoea,symptoms of acute gastroenteritis,,,,,primary,1.0,9.155
SAMEA113539509,PRJEB62473,,,,,,GB,gi_infection_or_diarrhoea,symptoms of acute gastroenteritis,,,,,primary,1.0,2.897
SAMEA113539511,PRJEB62473,,,,,,GB,gi_infection_or_diarrhoea,symptoms of acute gastroenteritis,,,,,primary,1.0,25.726
SAMEA113539513,PRJEB62473,,,,,,GB,gi_infection_or_diarrhoea,symptoms of acute gastroenteritis,,,,,primary,1.0,0.389
SAMEA113539515,PRJEB62473,,,,,,GB,gi_infection_or_diarrhoea,symptoms of acute gastroenteritis,,,,,primary,1.0,8.911
SAMEA113539517,PRJEB62473,,,,,,GB,gi_infection_or_diarrhoea,symptoms of acute gastroenteritis,,,,,primary,1.0,9.006
SAMEA113539519,PRJEB62473,,,,,,GB,gi_infection_or_diarrhoea,symptoms of acute gastroenteritis,,,,,primary,1.0,7.658
SAMEA113539521,PRJEB62473,,,,,,GB,gi_infection_or_diarrhoea,symptoms of acute gastroenteritis,,,,,primary,1.0,4.106
SAMEA113539524,PRJEB62473,,,,,,GB,gi_infection_or_diarrhoea,symptoms of acute gastroenteritis,,,,,primary,1.0,7.145
SAMEA113539526,PRJEB62473,,,,,,GB,gi_infection_or_diarrhoea,symptoms of acute gastroenteritis,,,,,primary,1.0,8.549
SAMEA113539528,PRJEB62473,,,,,,GB,gi_infection_or_diarrhoea,symptoms of acute gastroenteritis,,,,,primary,1.0,8.902
SAMEA113539530,PRJEB62473,,,,,,GB,gi_infection_or_diarrhoea,symptoms of acute gastroenteritis,,,,,primary,1.0,4.655
SAMEA113539532,PRJEB62473,,,,,,GB,gi_infection_or_diarrhoea,symptoms of acute gastroenteritis,,,,,primary,1.0,5.237
SAMEA113539534,PRJEB62473,,,,,,GB,gi_infection_or_diarrhoea,symptoms of acute gastroenteritis,,,,,primary,1.0,2.485
SAMEA113539537,PRJEB62473,,,,,,GB,gi_infection_or_diarrhoea,symptoms of acute gastroenteritis,,,,,primary,1.0,4.042
SAMEA113539539,PRJEB62473,,,,,,GB,gi_infection_or_diarrhoea,symptoms of acute gastroenteritis,,,,,primary,1.0,8.483
SAMEA113539541,PRJEB62473,,,,,,GB,gi_infection_or_diarrhoea,symptoms of acute gastroenteritis,,,,,primary,1.0,3.304
SAMEA113539543,PRJEB62473,,,,,,GB,gi_infection_or_diarrhoea,symptoms of acute gastroenteritis,,,,,primary,1.0,9.011
SAMEA113539545,PRJEB62473,,,,,,GB,gi_infection_or_diarrhoea,symptoms of acute gastroenteritis,,,,,primary,1.0,6.289
SAMEA113539547,PRJEB62473,,,,,,GB,gi_infection_or_diarrhoea,symptoms of acute gastroenteritis,,,,,primary,1.0,3.447
SAMEA113539549,PRJEB62473,,,,,,GB,gi_infection_or_diarrhoea,symptoms of acute gastroenteritis,,,,,primary,1.0,4.865
SAMEA113539551,PRJEB62473,,,,,,GB,gi_infection_or_diarrhoea,symptoms of acute gastroenteritis,,,,,primary,1.0,7.157
SAMEA113539553,PRJEB62473,,,,,,GB,gi_infection_or_diarrhoea,symptoms of acute gastroenteritis,,,,,primary,1.0,3.409
SAMEA113539555,PRJEB62473,,,,,,GB,gi_infection_or_diarrhoea,symptoms of acute gastroenteritis,,,,,primary,1.0,3.361
SAMEA113539557,PRJEB62473,,,,,,GB,gi_infection_or_diarrhoea,symptoms of acute gastroenteritis,,,,,primary,1.0,4.938
SAMEA113539559,PRJEB62473,,,,,,GB,gi_infection_or_diarrhoea,symptoms of acute gastroenteritis,,,,,primary,1.0,7.532
SAMEA113539561,PRJEB62473,,,,,,GB,gi_infection_or_diarrhoea,symptoms of acute gastroenteritis,,,,,primary,1.0,4.811
SAMEA113539563,PRJEB62473,,,,,,GB,gi_infection_or_diarrhoea,symptoms of acute gastroenteritis,,,,,primary,1.0,5.315
SAMEA113539565,PRJEB62473,,,,,,GB,gi_infection_or_diarrhoea,symptoms of acute gastroenteritis,,,,,primary,1.0,3.767
SAMEA113539567,PRJEB62473,,,,,,GB,gi_infection_or_diarrhoea,symptoms of acute gastroenteritis,,,,,primary,1.0,4.548
SAMEA113539569,PRJEB62473,,,,,,GB,gi_infection_or_diarrhoea,symptoms of acute gastroenteritis,,,,,primary,1.0,4.583
SAMEA113539571,PRJEB62473,,,,,,GB,gi_infection_or_diarrhoea,symptoms of acute gastroenteritis,,,,,primary,1.0,5.212
SAMEA113539573,PRJEB62473,,,,,,GB,gi_infection_or_diarrhoea,symptoms of acute gastroenteritis,,,,,primary,1.0,2.39
SAMEA113539575,PRJEB62473,,,,,,GB,gi_infection_or_diarrhoea,symptoms of acute gastroenteritis,,,,,primary,1.0,5.579
SAMEA113539577,PRJEB62473,,,,,,GB,gi_infection_or_diarrhoea,symptoms of acute gastroenteritis,,,,,primary,1.0,4.937
SAMEA113539579,PRJEB62473,,,,,,GB,gi_infection_or_diarrhoea,symptoms of acute gastroenteritis,,,,,primary,1.0,4.905
SAMEA113539581,PRJEB62473,,,,,,GB,gi_infection_or_diarrhoea,symptoms of acute gastroenteritis,,,,,primary,1.0,5.436
SAMEA113539583,PRJEB62473,,,,,,GB,gi_infection_or_diarrhoea,symptoms of acute gastroenteritis,,,,,primary,1.0,3.669
SAMEA113539585,PRJEB62473,,,,,,GB,gi_infection_or_diarrhoea,symptoms of acute gastroenteritis,,,,,primary,1.0,5.24
SAMEA113539587,PRJEB62473,,,,,,GB,gi_infection_or_diarrhoea,symptoms of acute gastroenteritis,,,,,primary,1.0,4.704
SAMEA113539589,PRJEB62473,,,,,,GB,gi_infection_or_diarrhoea,symptoms of acute gastroenteritis,,,,,primary,1.0,1.583
SAMEA113539591,PRJEB62473,,,,,,GB,gi_infection_or_diarrhoea,symptoms of acute gastroenteritis,,,,,primary,1.0,5.694
SAMEA113539593,PRJEB62473,,,,,,GB,gi_infection_or_diarrhoea,symptoms of acute gastroenteritis,,,,,primary,1.0,3.465
SAMEA113539595,PRJEB62473,,,,,,GB,gi_infection_or_diarrhoea,symptoms of acute gastroenteritis,,,,,primary,1.0,5.452
SAMEA113539597,PRJEB62473,,,,,,GB,gi_infection_or_diarrhoea,symptoms of acute gastroenteritis,,,,,primary,1.0,4.781
SAMEA113539599,PRJEB62473,,,,,,GB,gi_infection_or_diarrhoea,symptoms of acute gastroenteritis,,,,,primary,1.0,6.834
SAMEA113539601,PRJEB62473,,,,,,GB,gi_infection_or_diarrhoea,symptoms of acute gastroenteritis,,,,,primary,1.0,4.243
SAMEA113539603,PRJEB62473,,,,,,GB,gi_infection_or_diarrhoea,symptoms of acute gastroenteritis,,,,,primary,1.0,3.705
SAMEA113539605,PRJEB62473,,,,,,GB,gi_infection_or_diarrhoea,symptoms of acute gastroenteritis,,,,,primary,1.0,4.661
SAMEA113539607,PRJEB62473,,,,,,GB,gi_infection_or_diarrhoea,symptoms of acute gastroenteritis,,,,,primary,1.0,4.321
SAMEA113539610,PRJEB62473,,,,,,GB,gi_infection_or_diarrhoea,symptoms of acute gastroenteritis,,,,,primary,1.0,4.856
SAMEA113539612,PRJEB62473,,,,,,GB,gi_infection_or_diarrhoea,symptoms of acute gastroenteritis,,,,,primary,1.0,11.296
SAMEA113539614,PRJEB62473,,,,,,GB,gi_infection_or_diarrhoea,symptoms of acute gastroenteritis,,,,,primary,1.0,6.053
SAMEA113539616,PRJEB62473,,,,,,GB,gi_infection_or_diarrhoea,symptoms of acute gastroenteritis,,,,,primary,1.0,4.76
SAMEA113539618,PRJEB62473,,,,,,GB,gi_infection_or_diarrhoea,symptoms of acute gastroenteritis,,,,,primary,1.0,3.727
SAMEA113539620,PRJEB62473,,,,,,GB,gi_infection_or_diarrhoea,symptoms of acute gastroenteritis,,,,,primary,1.0,5.171
SAMEA113539622,PRJEB62473,,,,,,GB,gi_infection_or_diarrhoea,symptoms of acute gastroenteritis,,,,,primary,1.0,5.515
SAMEA113539624,PRJEB62473,,,,,,GB,gi_infection_or_diarrhoea,symptoms of acute gastroenteritis,,,,,primary,1.0,2.822
SAMEA113539626,PRJEB62473,,,,,,GB,gi_infection_or_diarrhoea,symptoms of acute gastroenteritis,,,,,primary,1.0,4.631
SAMEA113539628,PRJEB62473,,,,,,GB,gi_infection_or_diarrhoea,symptoms of acute gastroenteritis,,,,,primary,1.0,1.873
SAMEA113539630,PRJEB62473,,,,,,GB,gi_infection_or_diarrhoea,symptoms of acute gastroenteritis,,,,,primary,1.0,6.403
SAMEA113539632,PRJEB62473,,,,,,GB,gi_infection_or_diarrhoea,symptoms of acute gastroenteritis,,,,,primary,1.0,5.156
SAMEA113539634,PRJEB62473,,,,,,GB,gi_infection_or_diarrhoea,symptoms of acute gastroenteritis,,,,,primary,1.0,5.203
SAMEA113539636,PRJEB62473,,,,,,GB,gi_infection_or_diarrhoea,symptoms of acute gastroenteritis,,,,,primary,1.0,2.443
SAMEA113539638,PRJEB62473,,,,,,GB,gi_infection_or_diarrhoea,symptoms of acute gastroenteritis,,,,,primary,1.0,6.242
SAMEA113539640,PRJEB62473,,,,,,GB,gi_infection_or_diarrhoea,symptoms of acute gastroenteritis,,,,,primary,1.0,5.14
SAMEA113539642,PRJEB62473,,,,,,GB,gi_infection_or_diarrhoea,symptoms of acute gastroenteritis,,,,,primary,1.0,3.913
SAMEA113539645,PRJEB62473,,,,,,GB,gi_infection_or_diarrhoea,symptoms of acute gastroenteritis,,,,,primary,1.0,4.377
SAMEA113539647,PRJEB62473,,,,,,GB,gi_infection_or_diarrhoea,symptoms of acute gastroenteritis,,,,,primary,1.0,4.345
SAMEA113539649,PRJEB62473,,,,,,GB,gi_infection_or_diarrhoea,symptoms of acute gastroenteritis,,,,,primary,1.0,0.075
SAMEA113539652,PRJEB62473,,,,,,GB,gi_infection_or_diarrhoea,symptoms of acute gastroenteritis,,,,,primary,1.0,12.093
SAMEA113539654,PRJEB62473,,,,,,GB,gi_infection_or_diarrhoea,symptoms of acute gastroenteritis,,,,,primary,1.0,6.366
SAMEA113539656,PRJEB62473,,,,,,GB,gi_infection_or_diarrhoea,symptoms of acute gastroenteritis,,,,,primary,1.0,4.06
SAMEA113539658,PRJEB62473,,,,,,GB,gi_infection_or_diarrhoea,symptoms of acute gastroenteritis,,,,,primary,1.0,5.913
SAMEA113539660,PRJEB62473,,,,,,GB,gi_infection_or_diarrhoea,symptoms of acute gastroenteritis,,,,,primary,1.0,4.711
SAMEA113539662,PRJEB62473,,,,,,GB,gi_infection_or_diarrhoea,symptoms of acute gastroenteritis,,,,,primary,1.0,4.79
SAMEA113539664,PRJEB62473,,,,,,GB,gi_infection_or_diarrhoea,symptoms of acute gastroenteritis,,,,,primary,1.0,5.398
SAMEA113539666,PRJEB62473,,,,,,GB,gi_infection_or_diarrhoea,symptoms of acute gastroenteritis,,,,,primary,1.0,4.746
SAMEA113539668,PRJEB62473,,,,,,GB,gi_infection_or_diarrhoea,symptoms of acute gastroenteritis,,,,,primary,1.0,4.827
SAMEA113539670,PRJEB62473,,,,,,GB,gi_infection_or_diarrhoea,symptoms of acute gastroenteritis,,,,,primary,1.0,3.744
SAMEA113539672,PRJEB62473,,,,,,GB,gi_infection_or_diarrhoea,symptoms of acute gastroenteritis,,,,,primary,1.0,5.308
SAMEA113539674,PRJEB62473,,,,,,GB,gi_infection_or_diarrhoea,symptoms of acute gastroenteritis,,,,,primary,1.0,4.866
SAMEA113539676,PRJEB62473,,,,,,GB,gi_infection_or_diarrhoea,symptoms of acute gastroenteritis,,,,,primary,1.0,4.741
SAMEA113539678,PRJEB62473,,,,,,GB,gi_infection_or_diarrhoea,symptoms of acute gastroenteritis,,,,,primary,1.0,4.579
SAMEA113539680,PRJEB62473,,,,,,GB,gi_infection_or_diarrhoea,symptoms of acute gastroenteritis,,,,,primary,1.0,5.629
SAMEA113539682,PRJEB62473,,,,,,GB,gi_infection_or_diarrhoea,symptoms of acute gastroenteritis,,,,,primary,1.0,4.934
SAMEA113539684,PRJEB62473,,,,,,GB,gi_infection_or_diarrhoea,symptoms of acute gastroenteritis,,,,,primary,1.0,3.623
SAMEA113539686,PRJEB62473,,,,,,GB,gi_infection_or_diarrhoea,symptoms of acute gastroenteritis,,,,,primary,1.0,4.384
SAMEA113539689,PRJEB62473,,,,,,GB,gi_infection_or_diarrhoea,symptoms of acute gastroenteritis,,,,,primary,1.0,5.457
SAMEA113539690,PRJEB62473,,,,,,GB,gi_infection_or_diarrhoea,symptoms of acute gastroenteritis,,,,,primary,1.0,6.404
SAMEA113539692,PRJEB62473,,,,,,GB,gi_infection_or_diarrhoea,symptoms of acute gastroenteritis,,,,,primary,1.0,5.412
SAMEA113539694,PRJEB62473,,,,,,GB,gi_infection_or_diarrhoea,symptoms of acute gastroenteritis,,,,,primary,1.0,4.902
SAMEA113539696,PRJEB62473,,,,,,GB,gi_infection_or_diarrhoea,symptoms of acute gastroenteritis,,,,,primary,1.0,5.709
SAMEA113539698,PRJEB62473,,,,,,GB,gi_infection_or_diarrhoea,symptoms of acute gastroenteritis,,,,,primary,1.0,5.278
SAMEA113539700,PRJEB62473,,,,,,GB,gi_infection_or_diarrhoea,symptoms of acute gastroenteritis,,,,,primary,1.0,3.935
SAMEA113539703,PRJEB62473,,,,,,GB,gi_infection_or_diarrhoea,symptoms of acute gastroenteritis,,,,,primary,1.0,5.579
SAMEA113539705,PRJEB62473,,,,,,GB,gi_infection_or_diarrhoea,symptoms of acute gastroenteritis,,,,,primary,1.0,3.867
SAMEA113539707,PRJEB62473,,,,,,GB,gi_infection_or_diarrhoea,symptoms of acute gastroenteritis,,,,,primary,1.0,4.837
SAMEA113539709,PRJEB62473,,,,,,GB,gi_infection_or_diarrhoea,symptoms of acute gastroenteritis,,,,,primary,1.0,4.442
SAMEA113539711,PRJEB62473,,,,,,GB,gi_infection_or_diarrhoea,symptoms of acute gastroenteritis,,,,,primary,1.0,4.741
SAMEA113539713,PRJEB62473,,,,,,GB,gi_infection_or_diarrhoea,symptoms of acute gastroenteritis,,,,,primary,1.0,3.475
SAMEA113539715,PRJEB62473,,,,,,GB,gi_infection_or_diarrhoea,symptoms of acute gastroenteritis,,,,,primary,1.0,5.9
SAMEA113539717,PRJEB62473,,,,,,GB,gi_infection_or_diarrhoea,symptoms of acute gastroenteritis,,,,,primary,1.0,5.346
SAMEA113539719,PRJEB62473,,,,,,GB,gi_infection_or_diarrhoea,symptoms of acute gastroenteritis,,,,,primary,1.0,5.5
SAMEA113539721,PRJEB62473,,,,,,GB,gi_infection_or_diarrhoea,symptoms of acute gastroenteritis,,,,,primary,1.0,3.4
SAMEA113539723,PRJEB62473,,,,,,GB,gi_infection_or_diarrhoea,symptoms of acute gastroenteritis,,,,,primary,1.0,4.294
SAMEA113539725,PRJEB62473,,,,,,GB,gi_infection_or_diarrhoea,symptoms of acute gastroenteritis,,,,,primary,1.0,4.651
SAMEA113539727,PRJEB62473,,,,,,GB,gi_infection_or_diarrhoea,symptoms of acute gastroenteritis,,,,,primary,1.0,5.899
SAMEA113539729,PRJEB62473,,,,,,GB,gi_infection_or_diarrhoea,symptoms of acute gastroenteritis,,,,,primary,1.0,4.16
SAMEA113539731,PRJEB62473,,,,,,GB,gi_infection_or_diarrhoea,symptoms of acute gastroenteritis,,,,,primary,1.0,1.865
SAMEA113539735,PRJEB62473,,,,,,GB,gi_infection_or_diarrhoea,symptoms of acute gastroenteritis,,,,,primary,1.0,4.647
SAMEA113539737,PRJEB62473,,,,,,GB,gi_infection_or_diarrhoea,symptoms of acute gastroenteritis,,,,,primary,1.0,4.22
SAMEA113539739,PRJEB62473,,,,,,GB,gi_infection_or_diarrhoea,symptoms of acute gastroenteritis,,,,,primary,1.0,3.627
SAMEA113539742,PRJEB62473,,,,,,GB,gi_infection_or_diarrhoea,symptoms of acute gastroenteritis,,,,,primary,1.0,5.266
SAMEA113539744,PRJEB62473,,,,,,GB,gi_infection_or_diarrhoea,symptoms of acute gastroenteritis,,,,,primary,1.0,4.306
SAMEA113539746,PRJEB62473,,,,,,GB,gi_infection_or_diarrhoea,symptoms of acute gastroenteritis,,,,,primary,1.0,4.442
SAMEA113539748,PRJEB62473,,,,,,GB,gi_infection_or_diarrhoea,symptoms of acute gastroenteritis,,,,,primary,1.0,4.507
SAMEA113539750,PRJEB62473,,,,,,GB,gi_infection_or_diarrhoea,symptoms of acute gastroenteritis,,,,,primary,1.0,6.057
SAMEA113539752,PRJEB62473,,,,,,GB,gi_infection_or_diarrhoea,symptoms of acute gastroenteritis,,,,,primary,1.0,0.033
SAMEA113539754,PRJEB62473,,,,,,GB,gi_infection_or_diarrhoea,symptoms of acute gastroenteritis,,,,,primary,1.0,4.821
SAMEA113539756,PRJEB62473,,,,,,GB,gi_infection_or_diarrhoea,symptoms of acute gastroenteritis,,,,,primary,1.0,5.262
SAMEA113539758,PRJEB62473,,,,,,GB,gi_infection_or_diarrhoea,symptoms of acute gastroenteritis,,,,,primary,1.0,5.409
SAMEA113539761,PRJEB62473,,,,,,GB,gi_infection_or_diarrhoea,symptoms of acute gastroenteritis,,,,,primary,1.0,4.863
SAMEA113539763,PRJEB62473,,,,,,GB,gi_infection_or_diarrhoea,symptoms of acute gastroenteritis,,,,,primary,1.0,5.591
SAMEA113539765,PRJEB62473,,,,,,GB,gi_infection_or_diarrhoea,symptoms of acute gastroenteritis,,,,,primary,1.0,3.437
SAMEA113539767,PRJEB62473,,,,,,GB,gi_infection_or_diarrhoea,symptoms of acute gastroenteritis,,,,,primary,1.0,3.557
SAMEA113539769,PRJEB62473,,,,,,GB,gi_infection_or_diarrhoea,symptoms of acute gastroenteritis,,,,,primary,1.0,4.452
SAMEA113539771,PRJEB62473,,,,,,GB,gi_infection_or_diarrhoea,symptoms of acute gastroenteritis,,,,,primary,1.0,4.757
SAMEA113539773,PRJEB62473,,,,,,GB,gi_infection_or_diarrhoea,symptoms of acute gastroenteritis,,,,,primary,1.0,4.954
SAMEA113539775,PRJEB62473,,,,,,GB,gi_infection_or_diarrhoea,symptoms of acute gastroenteritis,,,,,primary,1.0,5.369
SAMEA113539778,PRJEB62473,,,,,,GB,gi_infection_or_diarrhoea,symptoms of acute gastroenteritis,,,,,primary,1.0,4.527
SAMEA113539781,PRJEB62473,,,,,,GB,gi_infection_or_diarrhoea,symptoms of acute gastroenteritis,,,,,primary,1.0,4.09
SAMEA113539784,PRJEB62473,,,,,,GB,gi_infection_or_diarrhoea,symptoms of acute gastroenteritis,,,,,primary,1.0,3.867
SAMEA113539786,PRJEB62473,,,,,,GB,gi_infection_or_diarrhoea,symptoms of acute gastroenteritis,,,,,primary,1.0,5.231
SAMEA113539788,PRJEB62473,,,,,,GB,gi_infection_or_diarrhoea,symptoms of acute gastroenteritis,,,,,primary,1.0,4.637
SAMEA113539790,PRJEB62473,,,,,,GB,gi_infection_or_diarrhoea,symptoms of acute gastroenteritis,,,,,primary,1.0,3.311
SAMEA113539792,PRJEB62473,,,,,,GB,gi_infection_or_diarrhoea,symptoms of acute gastroenteritis,,,,,primary,1.0,4.272
SAMEA113539794,PRJEB62473,,,,,,GB,gi_infection_or_diarrhoea,symptoms of acute gastroenteritis,,,,,primary,1.0,5.353
SAMEA113539796,PRJEB62473,,,,,,GB,gi_infection_or_diarrhoea,symptoms of acute gastroenteritis,,,,,primary,1.0,4.227
SAMEA113539798,PRJEB62473,,,,,,GB,gi_infection_or_diarrhoea,symptoms of acute gastroenteritis,,,,,primary,1.0,3.744
SAMEA113539800,PRJEB62473,,,,,,GB,gi_infection_or_diarrhoea,symptoms of acute gastroenteritis,,,,,primary,1.0,3.733
SAMEA113539803,PRJEB62473,,,,,,GB,gi_infection_or_diarrhoea,symptoms of acute gastroenteritis,,,,,primary,1.0,12.136
SAMEA113539806,PRJEB62473,,,,,,GB,gi_infection_or_diarrhoea,symptoms of acute gastroenteritis,,,,,primary,1.0,4.271
SAMEA113539808,PRJEB62473,,,,,,GB,gi_infection_or_diarrhoea,symptoms of acute gastroenteritis,,,,,primary,1.0,3.689
SAMEA113539810,PRJEB62473,,,,,,GB,gi_infection_or_diarrhoea,symptoms of acute gastroenteritis,,,,,primary,1.0,4.264
SAMEA113539813,PRJEB62473,,,,,,GB,gi_infection_or_diarrhoea,symptoms of acute gastroenteritis,,,,,primary,1.0,4.41
SAMEA113539816,PRJEB62473,,,,,,GB,gi_infection_or_diarrhoea,symptoms of acute gastroenteritis,,,,,primary,1.0,4.287
SAMEA113539818,PRJEB62473,,,,,,GB,gi_infection_or_diarrhoea,symptoms of acute gastroenteritis,,,,,primary,1.0,6.42
SAMEA113539822,PRJEB62473,,,,,,GB,gi_infection_or_diarrhoea,symptoms of acute gastroenteritis,,,,,primary,1.0,5.17
SAMEA113539824,PRJEB62473,,,,,,GB,gi_infection_or_diarrhoea,symptoms of acute gastroenteritis,,,,,primary,1.0,4.121
SAMEA113539826,PRJEB62473,,,,,,GB,gi_infection_or_diarrhoea,symptoms of acute gastroenteritis,,,,,primary,1.0,6.086
SAMEA113539828,PRJEB62473,,,,,,GB,gi_infection_or_diarrhoea,symptoms of acute gastroenteritis,,,,,primary,1.0,5.214
SAMEA113539830,PRJEB62473,,,,,,GB,gi_infection_or_diarrhoea,symptoms of acute gastroenteritis,,,,,primary,1.0,4.482
SAMEA113539832,PRJEB62473,,,,,,GB,gi_infection_or_diarrhoea,symptoms of acute gastroenteritis,,,,,primary,1.0,4.082
SAMEA113539834,PRJEB62473,,,,,,GB,gi_infection_or_diarrhoea,symptoms of acute gastroenteritis,,,,,primary,1.0,6.202
SAMEA113539836,PRJEB62473,,,,,,GB,gi_infection_or_diarrhoea,symptoms of acute gastroenteritis,,,,,primary,1.0,4.076
SAMEA113539838,PRJEB62473,,,,,,GB,gi_infection_or_diarrhoea,symptoms of acute gastroenteritis,,,,,primary,1.0,6.096
SAMEA113539840,PRJEB62473,,,,,,GB,gi_infection_or_diarrhoea,symptoms of acute gastroenteritis,,,,,primary,1.0,5.184
SAMEA113539842,PRJEB62473,,,,,,GB,gi_infection_or_diarrhoea,symptoms of acute gastroenteritis,,,,,primary,1.0,0.155
SAMEA113539844,PRJEB62473,,,,,,GB,gi_infection_or_diarrhoea,symptoms of acute gastroenteritis,,,,,primary,1.0,4.595
SAMEA113539846,PRJEB62473,,,,,,GB,gi_infection_or_diarrhoea,symptoms of acute gastroenteritis,,,,,primary,1.0,3.946
SAMEA113539848,PRJEB62473,,,,,,GB,gi_infection_or_diarrhoea,symptoms of acute gastroenteritis,,,,,primary,1.0,11.133
SAMEA113539850,PRJEB62473,,,,,,GB,gi_infection_or_diarrhoea,symptoms of acute gastroenteritis,,,,,primary,1.0,4.466
SAMEA113539852,PRJEB62473,,,,,,GB,gi_infection_or_diarrhoea,symptoms of acute gastroenteritis,,,,,primary,1.0,5.493
SAMEA113539855,PRJEB62473,,,,,,GB,gi_infection_or_diarrhoea,symptoms of acute gastroenteritis,,,,,primary,1.0,5.636
SAMEA113539857,PRJEB62473,,,,,,GB,gi_infection_or_diarrhoea,symptoms of acute gastroenteritis,,,,,primary,1.0,4.473
SAMEA113539859,PRJEB62473,,,,,,GB,gi_infection_or_diarrhoea,symptoms of acute gastroenteritis,,,,,primary,1.0,5.047
SAMEA113539861,PRJEB62473,,,,,,GB,gi_infection_or_diarrhoea,symptoms of acute gastroenteritis,,,,,primary,1.0,5.642
SAMEA113539863,PRJEB62473,,,,,,GB,gi_infection_or_diarrhoea,symptoms of acute gastroenteritis,,,,,primary,1.0,4.312
SAMEA113539865,PRJEB62473,,,,,,GB,gi_infection_or_diarrhoea,symptoms of acute gastroenteritis,,,,,primary,1.0,4.542
SAMEA113539867,PRJEB62473,,,,,,GB,gi_infection_or_diarrhoea,symptoms of acute gastroenteritis,,,,,primary,1.0,4.9
SAMEA113539869,PRJEB62473,,,,,,GB,gi_infection_or_diarrhoea,symptoms of acute gastroenteritis,,,,,primary,1.0,5.312
SAMEA113539871,PRJEB62473,,,,,,GB,gi_infection_or_diarrhoea,symptoms of acute gastroenteritis,,,,,primary,1.0,5.251
SAMEA113539873,PRJEB62473,,,,,,GB,gi_infection_or_diarrhoea,symptoms of acute gastroenteritis,,,,,primary,1.0,7.445
SAMEA113539875,PRJEB62473,,,,,,GB,gi_infection_or_diarrhoea,symptoms of acute gastroenteritis,,,,,primary,1.0,4.873
SAMEA113539877,PRJEB62473,,,,,,GB,gi_infection_or_diarrhoea,symptoms of acute gastroenteritis,,,,,primary,1.0,3.946
SAMEA113539879,PRJEB62473,,,,,,GB,gi_infection_or_diarrhoea,symptoms of acute gastroenteritis,,,,,primary,1.0,4.72
SAMEA113539881,PRJEB62473,,,,,,GB,gi_infection_or_diarrhoea,symptoms of acute gastroenteritis,,,,,primary,1.0,6.269
SAMEA113539883,PRJEB62473,,,,,,GB,gi_infection_or_diarrhoea,symptoms of acute gastroenteritis,,,,,primary,1.0,3.375
SAMEA113539885,PRJEB62473,,,,,,GB,gi_infection_or_diarrhoea,symptoms of acute gastroenteritis,,,,,primary,1.0,0.416
SAMEA113539887,PRJEB62473,,,,,,GB,gi_infection_or_diarrhoea,symptoms of acute gastroenteritis,,,,,primary,1.0,5.357
SAMEA113539889,PRJEB62473,,,,,,GB,gi_infection_or_diarrhoea,symptoms of acute gastroenteritis,,,,,primary,1.0,4.872
SAMEA113539891,PRJEB62473,,,,,,GB,gi_infection_or_diarrhoea,symptoms of acute gastroenteritis,,,,,primary,1.0,5.627
SAMEA113539893,PRJEB62473,,,,,,GB,gi_infection_or_diarrhoea,symptoms of acute gastroenteritis,,,,,primary,1.0,3.916
SAMEA113539895,PRJEB62473,,,,,,GB,gi_infection_or_diarrhoea,symptoms of acute gastroenteritis,,,,,primary,1.0,3.949
SAMEA113539897,PRJEB62473,,,,,,GB,gi_infection_or_diarrhoea,symptoms of acute gastroenteritis,,,,,primary,1.0,4.555
SAMEA113539899,PRJEB62473,,,,,,GB,gi_infection_or_diarrhoea,symptoms of acute gastroenteritis,,,,,primary,1.0,7.183
SAMEA113539901,PRJEB62473,,,,,,GB,gi_infection_or_diarrhoea,symptoms of acute gastroenteritis,,,,,primary,1.0,5.016
SAMEA113539903,PRJEB62473,,,,,,GB,gi_infection_or_diarrhoea,symptoms of acute gastroenteritis,,,,,primary,1.0,5.339
SAMEA113539905,PRJEB62473,,,,,,GB,gi_infection_or_diarrhoea,symptoms of acute gastroenteritis,,,,,primary,1.0,6.857
SAMEA113539907,PRJEB62473,,,,,,GB,gi_infection_or_diarrhoea,symptoms of acute gastroenteritis,,,,,primary,1.0,6.829
SAMEA113539909,PRJEB62473,,,,,,GB,gi_infection_or_diarrhoea,symptoms of acute gastroenteritis,,,,,primary,1.0,4.088
SAMEA113539911,PRJEB62473,,,,,,GB,gi_infection_or_diarrhoea,symptoms of acute gastroenteritis,,,,,primary,1.0,4.931
SAMEA113539913,PRJEB62473,,,,,,GB,gi_infection_or_diarrhoea,symptoms of acute gastroenteritis,,,,,primary,1.0,4.78
SAMEA113539915,PRJEB62473,,,,,,GB,gi_infection_or_diarrhoea,symptoms of acute gastroenteritis,,,,,primary,1.0,5.674
SAMEA113539917,PRJEB62473,,,,,,GB,gi_infection_or_diarrhoea,symptoms of acute gastroenteritis,,,,,primary,1.0,6.918
SAMEA113539919,PRJEB62473,,,,,,GB,gi_infection_or_diarrhoea,symptoms of acute gastroenteritis,,,,,primary,1.0,0.259
SAMEA113539921,PRJEB62473,,,,,,GB,gi_infection_or_diarrhoea,symptoms of acute gastroenteritis,,,,,primary,1.0,5.977
SAMEA113539923,PRJEB62473,,,,,,GB,gi_infection_or_diarrhoea,symptoms of acute gastroenteritis,,,,,primary,1.0,1.413
SAMEA113539925,PRJEB62473,,,,,,GB,gi_infection_or_diarrhoea,symptoms of acute gastroenteritis,,,,,primary,1.0,6.005
SAMEA113539927,PRJEB62473,,,,,,GB,gi_infection_or_diarrhoea,symptoms of acute gastroenteritis,,,,,primary,1.0,4.79
SAMEA113539929,PRJEB62473,,,,,,GB,gi_infection_or_diarrhoea,symptoms of acute gastroenteritis,,,,,primary,1.0,4.601
SAMEA113539931,PRJEB62473,,,,,,GB,gi_infection_or_diarrhoea,symptoms of acute gastroenteritis,,,,,primary,1.0,4.703
SAMEA113539933,PRJEB62473,,,,,,GB,gi_infection_or_diarrhoea,symptoms of acute gastroenteritis,,,,,primary,1.0,5.814
SAMEA113539935,PRJEB62473,,,,,,GB,gi_infection_or_diarrhoea,symptoms of acute gastroenteritis,,,,,primary,1.0,5.925
SAMEA113539937,PRJEB62473,,,,,,GB,gi_infection_or_diarrhoea,symptoms of acute gastroenteritis,,,,,primary,1.0,4.33
SAMEA113539939,PRJEB62473,,,,,,GB,gi_infection_or_diarrhoea,symptoms of acute gastroenteritis,,,,,primary,1.0,5.032
SAMEA113539941,PRJEB62473,,,,,,GB,gi_infection_or_diarrhoea,symptoms of acute gastroenteritis,,,,,primary,1.0,4.267
SAMEA113539943,PRJEB62473,,,,,,GB,gi_infection_or_diarrhoea,symptoms of acute gastroenteritis,,,,,primary,1.0,4.941
SAMEA113539945,PRJEB62473,,,,,,GB,gi_infection_or_diarrhoea,symptoms of acute gastroenteritis,,,,,primary,1.0,5.475
SAMEA113539947,PRJEB62473,,,,,,GB,gi_infection_or_diarrhoea,symptoms of acute gastroenteritis,,,,,primary,1.0,4.758
SAMEA113539949,PRJEB62473,,,,,,GB,gi_infection_or_diarrhoea,symptoms of acute gastroenteritis,,,,,primary,1.0,5.082
SAMEA113539951,PRJEB62473,,,,,,GB,gi_infection_or_diarrhoea,symptoms of acute gastroenteritis,,,,,primary,1.0,2.284
SAMEA113539953,PRJEB62473,,,,,,GB,gi_infection_or_diarrhoea,symptoms of acute gastroenteritis,,,,,primary,1.0,5.341
SAMEA113539955,PRJEB62473,,,,,,GB,gi_infection_or_diarrhoea,symptoms of acute gastroenteritis,,,,,primary,1.0,6.024
SAMEA113539957,PRJEB62473,,,,,,GB,gi_infection_or_diarrhoea,symptoms of acute gastroenteritis,,,,,primary,1.0,7.444
SAMEA113539959,PRJEB62473,,,,,,GB,gi_infection_or_diarrhoea,symptoms of acute gastroenteritis,,,,,primary,1.0,7.506
SAMEA113539961,PRJEB62473,,,,,,GB,gi_infection_or_diarrhoea,symptoms of acute gastroenteritis,,,,,primary,1.0,6.995
SAMEA113539963,PRJEB62473,,,,,,GB,gi_infection_or_diarrhoea,symptoms of acute gastroenteritis,,,,,primary,1.0,5.859
SAMEA113539965,PRJEB62473,,,,,,GB,gi_infection_or_diarrhoea,symptoms of acute gastroenteritis,,,,,primary,1.0,4.264
SAMEA113539967,PRJEB62473,,,,,,GB,gi_infection_or_diarrhoea,symptoms of acute gastroenteritis,,,,,primary,1.0,4.027
SAMEA113539969,PRJEB62473,,,,,,GB,gi_infection_or_diarrhoea,symptoms of acute gastroenteritis,,,,,primary,1.0,6.004
SAMEA113539971,PRJEB62473,,,,,,GB,gi_infection_or_diarrhoea,symptoms of acute gastroenteritis,,,,,primary,1.0,4.756
SAMEA113539973,PRJEB62473,,,,,,GB,gi_infection_or_diarrhoea,symptoms of acute gastroenteritis,,,,,primary,1.0,5.608
SAMEA113539975,PRJEB62473,,,,,,GB,gi_infection_or_diarrhoea,symptoms of acute gastroenteritis,,,,,primary,1.0,5.915
SAMEA113539977,PRJEB62473,,,,,,GB,gi_infection_or_diarrhoea,symptoms of acute gastroenteritis,,,,,primary,1.0,6.405
SAMEA113539979,PRJEB62473,,,,,,GB,gi_infection_or_diarrhoea,symptoms of acute gastroenteritis,,,,,primary,1.0,6.125
SAMEA113539981,PRJEB62473,,,,,,GB,gi_infection_or_diarrhoea,symptoms of acute gastroenteritis,,,,,primary,1.0,6.246
SAMEA113539983,PRJEB62473,,,,,,GB,gi_infection_or_diarrhoea,symptoms of acute gastroenteritis,,,,,primary,1.0,0.435
SAMEA113539985,PRJEB62473,,,,,,GB,gi_infection_or_diarrhoea,symptoms of acute gastroenteritis,,,,,primary,1.0,3.855
SAMEA113539987,PRJEB62473,,,,,,GB,gi_infection_or_diarrhoea,symptoms of acute gastroenteritis,,,,,primary,1.0,5.22
SAMEA113539989,PRJEB62473,,,,,,GB,gi_infection_or_diarrhoea,symptoms of acute gastroenteritis,,,,,primary,1.0,5.242
SAMEA113539991,PRJEB62473,,,,,,GB,gi_infection_or_diarrhoea,symptoms of acute gastroenteritis,,,,,primary,1.0,4.629
SAMEA113539993,PRJEB62473,,,,,,GB,gi_infection_or_diarrhoea,symptoms of acute gastroenteritis,,,,,primary,1.0,5.01
SAMEA113539995,PRJEB62473,,,,,,GB,gi_infection_or_diarrhoea,symptoms of acute gastroenteritis,,,,,primary,1.0,6.086
SAMEA113539997,PRJEB62473,,,,,,GB,gi_infection_or_diarrhoea,symptoms of acute gastroenteritis,,,,,primary,1.0,4.959
SAMEA113539999,PRJEB62473,,,,,,GB,gi_infection_or_diarrhoea,symptoms of acute gastroenteritis,,,,,primary,1.0,5.319
SAMEA113540001,PRJEB62473,,,,,,GB,gi_infection_or_diarrhoea,symptoms of acute gastroenteritis,,,,,primary,1.0,4.097
SAMEA113540003,PRJEB62473,,,,,,GB,gi_infection_or_diarrhoea,symptoms of acute gastroenteritis,,,,,primary,1.0,5.053
SAMEA113540005,PRJEB62473,,,,,,GB,gi_infection_or_diarrhoea,symptoms of acute gastroenteritis,,,,,primary,1.0,4.161
SAMEA113540007,PRJEB62473,,,,,,GB,gi_infection_or_diarrhoea,symptoms of acute gastroenteritis,,,,,primary,1.0,5.72
SAMEA113540009,PRJEB62473,,,,,,GB,gi_infection_or_diarrhoea,symptoms of acute gastroenteritis,,,,,primary,1.0,4.489
SAMEA113540011,PRJEB62473,,,,,,GB,gi_infection_or_diarrhoea,symptoms of acute gastroenteritis,,,,,primary,1.0,5.225
SAMEA113540013,PRJEB62473,,,,,,GB,gi_infection_or_diarrhoea,symptoms of acute gastroenteritis,,,,,primary,1.0,4.781
SAMEA113540015,PRJEB62473,,,,,,GB,gi_infection_or_diarrhoea,symptoms of acute gastroenteritis,,,,,primary,1.0,3.88
SAMEA113540017,PRJEB62473,,,,,,GB,gi_infection_or_diarrhoea,symptoms of acute gastroenteritis,,,,,primary,1.0,3.821
SAMEA113540019,PRJEB62473,,,,,,GB,gi_infection_or_diarrhoea,symptoms of acute gastroenteritis,,,,,primary,1.0,7.465
SAMEA113540020,PRJEB62473,,,,,,GB,gi_infection_or_diarrhoea,symptoms of acute gastroenteritis,,,,,primary,1.0,19.046
SAMEA113540022,PRJEB62473,,,,,,GB,gi_infection_or_diarrhoea,symptoms of acute gastroenteritis,,,,,primary,1.0,5.534
SAMEA113540024,PRJEB62473,,,,,,GB,gi_infection_or_diarrhoea,symptoms of acute gastroenteritis,,,,,primary,1.0,8.923
SAMEA113540025,PRJEB62473,,,,,,GB,gi_infection_or_diarrhoea,symptoms of acute gastroenteritis,,,,,primary,1.0,6.14
SAMEA113540027,PRJEB62473,,,,,,GB,gi_infection_or_diarrhoea,symptoms of acute gastroenteritis,,,,,primary,1.0,4.616
SAMEA113540029,PRJEB62473,,,,,,GB,gi_infection_or_diarrhoea,symptoms of acute gastroenteritis,,,,,primary,1.0,4.39
SAMEA113540031,PRJEB62473,,,,,,GB,gi_infection_or_diarrhoea,symptoms of acute gastroenteritis,,,,,primary,1.0,4.905
SAMEA113540033,PRJEB62473,,,,,,GB,gi_infection_or_diarrhoea,symptoms of acute gastroenteritis,,,,,primary,1.0,4.788
SAMEA113540035,PRJEB62473,,,,,,GB,gi_infection_or_diarrhoea,symptoms of acute gastroenteritis,,,,,primary,1.0,9.382
SAMEA113540037,PRJEB62473,,,,,,GB,gi_infection_or_diarrhoea,symptoms of acute gastroenteritis,,,,,primary,1.0,5.235
SAMEA113540039,PRJEB62473,,,,,,GB,gi_infection_or_diarrhoea,symptoms of acute gastroenteritis,,,,,primary,1.0,5.378
SAMEA113540041,PRJEB62473,,,,,,GB,gi_infection_or_diarrhoea,symptoms of acute gastroenteritis,,,,,primary,1.0,5.483
SAMEA113540043,PRJEB62473,,,,,,GB,gi_infection_or_diarrhoea,symptoms of acute gastroenteritis,,,,,primary,1.0,5.583
SAMEA113540045,PRJEB62473,,,,,,GB,gi_infection_or_diarrhoea,symptoms of acute gastroenteritis,,,,,primary,1.0,5.387
SAMEA113540047,PRJEB62473,,,,,,GB,gi_infection_or_diarrhoea,symptoms of acute gastroenteritis,,,,,primary,1.0,4.055
SAMEA113540049,PRJEB62473,,,,,,GB,gi_infection_or_diarrhoea,symptoms of acute gastroenteritis,,,,,primary,1.0,6.035
SAMEA113540051,PRJEB62473,,,,,,GB,gi_infection_or_diarrhoea,symptoms of acute gastroenteritis,,,,,primary,1.0,5.151
SAMEA113540053,PRJEB62473,,,,,,GB,gi_infection_or_diarrhoea,symptoms of acute gastroenteritis,,,,,primary,1.0,6.461
SAMEA113540055,PRJEB62473,,,,,,GB,gi_infection_or_diarrhoea,symptoms of acute gastroenteritis,,,,,primary,1.0,5.024
SAMEA113540057,PRJEB62473,,,,,,GB,gi_infection_or_diarrhoea,symptoms of acute gastroenteritis,,,,,primary,1.0,4.448
SAMEA113540058,PRJEB62473,,,,,,GB,gi_infection_or_diarrhoea,symptoms of acute gastroenteritis,,,,,primary,1.0,5.133
SAMEA113540060,PRJEB62473,,,,,,GB,gi_infection_or_diarrhoea,symptoms of acute gastroenteritis,,,,,primary,1.0,4.543
SAMEA113540062,PRJEB62473,,,,,,GB,gi_infection_or_diarrhoea,symptoms of acute gastroenteritis,,,,,primary,1.0,5.808
SAMEA113540064,PRJEB62473,,,,,,GB,gi_infection_or_diarrhoea,symptoms of acute gastroenteritis,,,,,primary,1.0,6.595
SAMEA113540066,PRJEB62473,,,,,,GB,gi_infection_or_diarrhoea,symptoms of acute gastroenteritis,,,,,primary,1.0,4.732
SAMEA113540068,PRJEB62473,,,,,,GB,gi_infection_or_diarrhoea,symptoms of acute gastroenteritis,,,,,primary,1.0,4.494
SAMEA113540070,PRJEB62473,,,,,,GB,gi_infection_or_diarrhoea,symptoms of acute gastroenteritis,,,,,primary,1.0,5.844
SAMEA113540072,PRJEB62473,,,,,,GB,gi_infection_or_diarrhoea,symptoms of acute gastroenteritis,,,,,primary,1.0,6.349
SAMEA113540074,PRJEB62473,,,,,,GB,gi_infection_or_diarrhoea,symptoms of acute gastroenteritis,,,,,primary,1.0,4.919
SAMEA113540076,PRJEB62473,,,,,,GB,gi_infection_or_diarrhoea,symptoms of acute gastroenteritis,,,,,primary,1.0,3.373
SAMEA113540078,PRJEB62473,,,,,,GB,gi_infection_or_diarrhoea,symptoms of acute gastroenteritis,,,,,primary,1.0,4.555
SAMEA113540079,PRJEB62473,,,,,,GB,gi_infection_or_diarrhoea,symptoms of acute gastroenteritis,,,,,primary,1.0,5.482
SAMEA113540081,PRJEB62473,,,,,,GB,gi_infection_or_diarrhoea,symptoms of acute gastroenteritis,,,,,primary,1.0,8.811
SAMEA113540083,PRJEB62473,,,,,,GB,gi_infection_or_diarrhoea,symptoms of acute gastroenteritis,,,,,primary,1.0,11.857
SAMEA113540085,PRJEB62473,,,,,,GB,gi_infection_or_diarrhoea,symptoms of acute gastroenteritis,,,,,primary,1.0,8.837
SAMEA113540087,PRJEB62473,,,,,,GB,gi_infection_or_diarrhoea,symptoms of acute gastroenteritis,,,,,primary,1.0,3.782
SAMEA113540089,PRJEB62473,,,,,,GB,gi_infection_or_diarrhoea,symptoms of acute gastroenteritis,,,,,primary,1.0,5.96
SAMEA113540090,PRJEB62473,,,,,,GB,gi_infection_or_diarrhoea,symptoms of acute gastroenteritis,,,,,primary,1.0,4.556
SAMEA113540092,PRJEB62473,,,,,,GB,gi_infection_or_diarrhoea,symptoms of acute gastroenteritis,,,,,primary,1.0,5.663
SAMEA113540094,PRJEB62473,,,,,,GB,gi_infection_or_diarrhoea,symptoms of acute gastroenteritis,,,,,primary,1.0,0.283
SAMEA113540096,PRJEB62473,,,,,,GB,gi_infection_or_diarrhoea,symptoms of acute gastroenteritis,,,,,primary,1.0,4.691
SAMEA113540098,PRJEB62473,,,,,,GB,gi_infection_or_diarrhoea,symptoms of acute gastroenteritis,,,,,primary,1.0,7.545
SAMEA113540099,PRJEB62473,,,,,,GB,gi_infection_or_diarrhoea,symptoms of acute gastroenteritis,,,,,primary,1.0,4.397
SAMEA113540101,PRJEB62473,,,,,,GB,gi_infection_or_diarrhoea,symptoms of acute gastroenteritis,,,,,primary,1.0,6.37
SAMEA113540103,PRJEB62473,,,,,,GB,gi_infection_or_diarrhoea,symptoms of acute gastroenteritis,,,,,primary,1.0,5.085
SAMEA113540104,PRJEB62473,,,,,,GB,gi_infection_or_diarrhoea,symptoms of acute gastroenteritis,,,,,primary,1.0,4.265
SAMEA113540106,PRJEB62473,,,,,,GB,gi_infection_or_diarrhoea,symptoms of acute gastroenteritis,,,,,primary,1.0,3.231
SAMEA113540108,PRJEB62473,,,,,,GB,gi_infection_or_diarrhoea,symptoms of acute gastroenteritis,,,,,primary,1.0,3.792
SAMEA113540110,PRJEB62473,,,,,,GB,gi_infection_or_diarrhoea,symptoms of acute gastroenteritis,,,,,primary,1.0,3.898
SAMEA113540112,PRJEB62473,,,,,,GB,gi_infection_or_diarrhoea,symptoms of acute gastroenteritis,,,,,primary,1.0,5.204
SAMEA113540114,PRJEB62473,,,,,,GB,gi_infection_or_diarrhoea,symptoms of acute gastroenteritis,,,,,primary,1.0,4.891
SAMEA113540116,PRJEB62473,,,,,,GB,gi_infection_or_diarrhoea,symptoms of acute gastroenteritis,,,,,primary,1.0,3.621
SAMEA113540118,PRJEB62473,,,,,,GB,gi_infection_or_diarrhoea,symptoms of acute gastroenteritis,,,,,primary,1.0,5.091
SAMEA113540120,PRJEB62473,,,,,,GB,gi_infection_or_diarrhoea,symptoms of acute gastroenteritis,,,,,primary,1.0,4.528
SAMEA113540122,PRJEB62473,,,,,,GB,gi_infection_or_diarrhoea,symptoms of acute gastroenteritis,,,,,primary,1.0,4.807
SAMEA113540124,PRJEB62473,,,,,,GB,gi_infection_or_diarrhoea,symptoms of acute gastroenteritis,,,,,primary,1.0,4.252
SAMEA113540126,PRJEB62473,,,,,,GB,gi_infection_or_diarrhoea,symptoms of acute gastroenteritis,,,,,primary,1.0,4.665
SAMEA113540128,PRJEB62473,,,,,,GB,gi_infection_or_diarrhoea,symptoms of acute gastroenteritis,,,,,primary,1.0,4.073
SAMEA113540130,PRJEB62473,,,,,,GB,gi_infection_or_diarrhoea,symptoms of acute gastroenteritis,,,,,primary,1.0,4.674
SAMEA113540132,PRJEB62473,,,,,,GB,gi_infection_or_diarrhoea,symptoms of acute gastroenteritis,,,,,primary,1.0,4.22
SAMEA113540134,PRJEB62473,,,,,,GB,gi_infection_or_diarrhoea,symptoms of acute gastroenteritis,,,,,primary,1.0,5.918
SAMEA113540136,PRJEB62473,,,,,,GB,gi_infection_or_diarrhoea,symptoms of acute gastroenteritis,,,,,primary,1.0,5.306
SAMEA113540138,PRJEB62473,,,,,,GB,gi_infection_or_diarrhoea,symptoms of acute gastroenteritis,,,,,primary,1.0,4.904
SAMEA113540140,PRJEB62473,,,,,,GB,gi_infection_or_diarrhoea,symptoms of acute gastroenteritis,,,,,primary,1.0,4.208
SAMEA113540142,PRJEB62473,,,,,,GB,gi_infection_or_diarrhoea,symptoms of acute gastroenteritis,,,,,primary,1.0,6.359
SAMEA113540143,PRJEB62473,,,,,,GB,gi_infection_or_diarrhoea,symptoms of acute gastroenteritis,,,,,primary,1.0,5.482
SAMEA113540145,PRJEB62473,,,,,,GB,gi_infection_or_diarrhoea,symptoms of acute gastroenteritis,,,,,primary,1.0,5.103
SAMEA113540147,PRJEB62473,,,,,,GB,gi_infection_or_diarrhoea,symptoms of acute gastroenteritis,,,,,primary,1.0,3.663
SAMEA113540149,PRJEB62473,,,,,,GB,gi_infection_or_diarrhoea,symptoms of acute gastroenteritis,,,,,primary,1.0,5.287
SAMEA113540151,PRJEB62473,,,,,,GB,gi_infection_or_diarrhoea,symptoms of acute gastroenteritis,,,,,primary,1.0,4.804
SAMEA113540153,PRJEB62473,,,,,,GB,gi_infection_or_diarrhoea,symptoms of acute gastroenteritis,,,,,primary,1.0,2.056
SAMEA113540155,PRJEB62473,,,,,,GB,gi_infection_or_diarrhoea,symptoms of acute gastroenteritis,,,,,primary,1.0,3.388
SAMEA113540157,PRJEB62473,,,,,,GB,gi_infection_or_diarrhoea,symptoms of acute gastroenteritis,,,,,primary,1.0,2.67
SAMEA113540159,PRJEB62473,,,,,,GB,gi_infection_or_diarrhoea,symptoms of acute gastroenteritis,,,,,primary,1.0,3.36
SAMEA113540161,PRJEB62473,,,,,,GB,gi_infection_or_diarrhoea,symptoms of acute gastroenteritis,,,,,primary,1.0,5.387
SAMEA113540163,PRJEB62473,,,,,,GB,gi_infection_or_diarrhoea,symptoms of acute gastroenteritis,,,,,primary,1.0,8.687
SAMEA113540165,PRJEB62473,,,,,,GB,gi_infection_or_diarrhoea,symptoms of acute gastroenteritis,,,,,primary,1.0,4.082
SAMEA113540167,PRJEB62473,,,,,,GB,gi_infection_or_diarrhoea,symptoms of acute gastroenteritis,,,,,primary,1.0,5.092
SAMEA113540169,PRJEB62473,,,,,,GB,gi_infection_or_diarrhoea,symptoms of acute gastroenteritis,,,,,primary,1.0,5.992
SAMEA113540171,PRJEB62473,,,,,,GB,gi_infection_or_diarrhoea,symptoms of acute gastroenteritis,,,,,primary,1.0,5.664
SAMEA113540173,PRJEB62473,,,,,,GB,gi_infection_or_diarrhoea,symptoms of acute gastroenteritis,,,,,primary,1.0,5.484
SAMEA113540175,PRJEB62473,,,,,,GB,gi_infection_or_diarrhoea,symptoms of acute gastroenteritis,,,,,primary,1.0,4.151
SAMEA113540177,PRJEB62473,,,,,,GB,gi_infection_or_diarrhoea,symptoms of acute gastroenteritis,,,,,primary,1.0,5.233
SAMEA113540179,PRJEB62473,,,,,,GB,gi_infection_or_diarrhoea,symptoms of acute gastroenteritis,,,,,primary,1.0,4.145
SAMEA113540181,PRJEB62473,,,,,,GB,gi_infection_or_diarrhoea,symptoms of acute gastroenteritis,,,,,primary,1.0,3.524
SAMEA113540183,PRJEB62473,,,,,,GB,gi_infection_or_diarrhoea,symptoms of acute gastroenteritis,,,,,primary,1.0,5.802
SAMEA113540185,PRJEB62473,,,,,,GB,gi_infection_or_diarrhoea,symptoms of acute gastroenteritis,,,,,primary,1.0,5.024
SAMEA113540187,PRJEB62473,,,,,,GB,gi_infection_or_diarrhoea,symptoms of acute gastroenteritis,,,,,primary,1.0,5.601
SAMEA113540189,PRJEB62473,,,,,,GB,gi_infection_or_diarrhoea,symptoms of acute gastroenteritis,,,,,primary,1.0,4.942
SAMEA113540191,PRJEB62473,,,,,,GB,gi_infection_or_diarrhoea,symptoms of acute gastroenteritis,,,,,primary,1.0,5.036
SAMEA113540193,PRJEB62473,,,,,,GB,gi_infection_or_diarrhoea,symptoms of acute gastroenteritis,,,,,primary,1.0,4.767
SAMEA113540195,PRJEB62473,,,,,,GB,gi_infection_or_diarrhoea,symptoms of acute gastroenteritis,,,,,primary,1.0,6.051
SAMEA113540197,PRJEB62473,,,,,,GB,gi_infection_or_diarrhoea,symptoms of acute gastroenteritis,,,,,primary,1.0,4.21
SAMEA113540199,PRJEB62473,,,,,,GB,gi_infection_or_diarrhoea,symptoms of acute gastroenteritis,,,,,primary,1.0,4.389
SAMEA113540201,PRJEB62473,,,,,,GB,gi_infection_or_diarrhoea,symptoms of acute gastroenteritis,,,,,primary,1.0,5.514
SAMEA113540203,PRJEB62473,,,,,,GB,gi_infection_or_diarrhoea,symptoms of acute gastroenteritis,,,,,primary,1.0,4.325
SAMEA113540205,PRJEB62473,,,,,,GB,gi_infection_or_diarrhoea,symptoms of acute gastroenteritis,,,,,primary,1.0,5.724
SAMEA113540207,PRJEB62473,,,,,,GB,gi_infection_or_diarrhoea,symptoms of acute gastroenteritis,,,,,primary,1.0,5.047
SAMEA113540209,PRJEB62473,,,,,,GB,gi_infection_or_diarrhoea,symptoms of acute gastroenteritis,,,,,primary,1.0,3.031
SAMEA113540211,PRJEB62473,,,,,,GB,gi_infection_or_diarrhoea,symptoms of acute gastroenteritis,,,,,primary,1.0,4.191
SAMEA113540213,PRJEB62473,,,,,,GB,gi_infection_or_diarrhoea,symptoms of acute gastroenteritis,,,,,primary,1.0,4.591
SAMEA113540215,PRJEB62473,,,,,,GB,gi_infection_or_diarrhoea,symptoms of acute gastroenteritis,,,,,primary,1.0,3.911
SAMEA113540217,PRJEB62473,,,,,,GB,gi_infection_or_diarrhoea,symptoms of acute gastroenteritis,,,,,primary,1.0,4.666
SAMEA113540219,PRJEB62473,,,,,,GB,gi_infection_or_diarrhoea,symptoms of acute gastroenteritis,,,,,primary,1.0,4.584
SAMEA113540221,PRJEB62473,,,,,,GB,gi_infection_or_diarrhoea,symptoms of acute gastroenteritis,,,,,primary,1.0,5.332
SAMEA113540223,PRJEB62473,,,,,,GB,gi_infection_or_diarrhoea,symptoms of acute gastroenteritis,,,,,primary,1.0,4.011
SAMEA113540225,PRJEB62473,,,,,,GB,gi_infection_or_diarrhoea,symptoms of acute gastroenteritis,,,,,primary,1.0,5.294
SAMEA113540227,PRJEB62473,,,,,,GB,gi_infection_or_diarrhoea,symptoms of acute gastroenteritis,,,,,primary,1.0,4.716
SAMEA113540229,PRJEB62473,,,,,,GB,gi_infection_or_diarrhoea,symptoms of acute gastroenteritis,,,,,primary,1.0,3.909
SAMEA113540231,PRJEB62473,,,,,,GB,gi_infection_or_diarrhoea,symptoms of acute gastroenteritis,,,,,primary,1.0,3.542
SAMEA113540233,PRJEB62473,,,,,,GB,gi_infection_or_diarrhoea,symptoms of acute gastroenteritis,,,,,primary,1.0,3.509
SAMEA113540235,PRJEB62473,,,,,,GB,gi_infection_or_diarrhoea,symptoms of acute gastroenteritis,,,,,primary,1.0,5.012
SAMEA113540237,PRJEB62473,,,,,,GB,gi_infection_or_diarrhoea,symptoms of acute gastroenteritis,,,,,primary,1.0,4.176
SAMEA113540239,PRJEB62473,,,,,,GB,gi_infection_or_diarrhoea,symptoms of acute gastroenteritis,,,,,primary,1.0,3.698
SAMEA113540242,PRJEB62473,,,,,,GB,gi_infection_or_diarrhoea,symptoms of acute gastroenteritis,,,,,primary,1.0,4.536
SAMEA113540244,PRJEB62473,,,,,,GB,gi_infection_or_diarrhoea,symptoms of acute gastroenteritis,,,,,primary,1.0,6.51
SAMEA113540246,PRJEB62473,,,,,,GB,gi_infection_or_diarrhoea,symptoms of acute gastroenteritis,,,,,primary,1.0,4.945
SAMEA113540248,PRJEB62473,,,,,,GB,gi_infection_or_diarrhoea,symptoms of acute gastroenteritis,,,,,primary,1.0,4.237
SAMEA113540250,PRJEB62473,,,,,,GB,gi_infection_or_diarrhoea,symptoms of acute gastroenteritis,,,,,primary,1.0,4.242
SAMEA113540252,PRJEB62473,,,,,,GB,gi_infection_or_diarrhoea,symptoms of acute gastroenteritis,,,,,primary,1.0,4.561
SAMEA113540254,PRJEB62473,,,,,,GB,gi_infection_or_diarrhoea,symptoms of acute gastroenteritis,,,,,primary,1.0,5.486
SAMEA113540256,PRJEB62473,,,,,,GB,gi_infection_or_diarrhoea,symptoms of acute gastroenteritis,,,,,primary,1.0,4.589
SAMEA113540258,PRJEB62473,,,,,,GB,gi_infection_or_diarrhoea,symptoms of acute gastroenteritis,,,,,primary,1.0,3.648
SAMEA113540260,PRJEB62473,,,,,,GB,gi_infection_or_diarrhoea,symptoms of acute gastroenteritis,,,,,primary,1.0,4.354
SAMEA113540262,PRJEB62473,,,,,,GB,gi_infection_or_diarrhoea,symptoms of acute gastroenteritis,,,,,primary,1.0,5.703
SAMEA113540264,PRJEB62473,,,,,,GB,gi_infection_or_diarrhoea,symptoms of acute gastroenteritis,,,,,primary,1.0,4.657
SAMEA113540266,PRJEB62473,,,,,,GB,gi_infection_or_diarrhoea,symptoms of acute gastroenteritis,,,,,primary,1.0,4.921
SAMEA113540268,PRJEB62473,,,,,,GB,gi_infection_or_diarrhoea,symptoms of acute gastroenteritis,,,,,primary,1.0,5.214
SAMEA113540271,PRJEB62473,,,,,,GB,gi_infection_or_diarrhoea,symptoms of acute gastroenteritis,,,,,primary,1.0,8.289
SAMEA113540273,PRJEB62473,,,,,,GB,gi_infection_or_diarrhoea,symptoms of acute gastroenteritis,,,,,primary,1.0,5.892
SAMEA113540275,PRJEB62473,,,,,,GB,gi_infection_or_diarrhoea,symptoms of acute gastroenteritis,,,,,primary,1.0,4.265
SAMEA113540277,PRJEB62473,,,,,,GB,gi_infection_or_diarrhoea,symptoms of acute gastroenteritis,,,,,primary,1.0,4.663
SAMEA113540279,PRJEB62473,,,,,,GB,gi_infection_or_diarrhoea,symptoms of acute gastroenteritis,,,,,primary,1.0,4.811
SAMEA113540281,PRJEB62473,,,,,,GB,gi_infection_or_diarrhoea,symptoms of acute gastroenteritis,,,,,primary,1.0,3.943
SAMEA113540283,PRJEB62473,,,,,,GB,gi_infection_or_diarrhoea,symptoms of acute gastroenteritis,,,,,primary,1.0,4.505
SAMEA113540285,PRJEB62473,,,,,,GB,gi_infection_or_diarrhoea,symptoms of acute gastroenteritis,,,,,primary,1.0,10.193
SAMEA113540287,PRJEB62473,,,,,,GB,gi_infection_or_diarrhoea,symptoms of acute gastroenteritis,,,,,primary,1.0,3.328
SAMEA113540289,PRJEB62473,,,,,,GB,gi_infection_or_diarrhoea,symptoms of acute gastroenteritis,,,,,primary,1.0,4.66
SAMEA113540291,PRJEB62473,,,,,,GB,gi_infection_or_diarrhoea,symptoms of acute gastroenteritis,,,,,primary,1.0,5.502
SAMEA113540293,PRJEB62473,,,,,,GB,gi_infection_or_diarrhoea,symptoms of acute gastroenteritis,,,,,primary,1.0,2.961
SAMEA113540295,PRJEB62473,,,,,,GB,gi_infection_or_diarrhoea,symptoms of acute gastroenteritis,,,,,primary,1.0,5.594
SAMEA113540297,PRJEB62473,,,,,,GB,gi_infection_or_diarrhoea,symptoms of acute gastroenteritis,,,,,primary,1.0,5.277
SAMEA113540299,PRJEB62473,,,,,,GB,gi_infection_or_diarrhoea,symptoms of acute gastroenteritis,,,,,primary,1.0,4.964
SAMEA113540301,PRJEB62473,,,,,,GB,gi_infection_or_diarrhoea,symptoms of acute gastroenteritis,,,,,primary,1.0,4.613
SAMEA113540303,PRJEB62473,,,,,,GB,gi_infection_or_diarrhoea,symptoms of acute gastroenteritis,,,,,primary,1.0,3.732
SAMEA113540305,PRJEB62473,,,,,,GB,gi_infection_or_diarrhoea,symptoms of acute gastroenteritis,,,,,primary,1.0,4.317
SAMEA113540307,PRJEB62473,,,,,,GB,gi_infection_or_diarrhoea,symptoms of acute gastroenteritis,,,,,primary,1.0,4.243
SAMEA113540309,PRJEB62473,,,,,,GB,gi_infection_or_diarrhoea,symptoms of acute gastroenteritis,,,,,primary,1.0,4.414
SAMEA113540311,PRJEB62473,,,,,,GB,gi_infection_or_diarrhoea,symptoms of acute gastroenteritis,,,,,primary,1.0,4.025
SAMEA113540312,PRJEB62473,,,,,,GB,gi_infection_or_diarrhoea,symptoms of acute gastroenteritis,,,,,primary,1.0,5.745
SAMEA113540314,PRJEB62473,,,,,,GB,gi_infection_or_diarrhoea,symptoms of acute gastroenteritis,,,,,primary,1.0,4.827
SAMEA113540316,PRJEB62473,,,,,,GB,gi_infection_or_diarrhoea,symptoms of acute gastroenteritis,,,,,primary,1.0,3.798
SAMEA113540318,PRJEB62473,,,,,,GB,gi_infection_or_diarrhoea,symptoms of acute gastroenteritis,,,,,primary,1.0,2.118
SAMEA113540320,PRJEB62473,,,,,,GB,gi_infection_or_diarrhoea,symptoms of acute gastroenteritis,,,,,primary,1.0,4.879
SAMEA113540322,PRJEB62473,,,,,,GB,gi_infection_or_diarrhoea,symptoms of acute gastroenteritis,,,,,primary,1.0,4.892
SAMEA113540324,PRJEB62473,,,,,,GB,gi_infection_or_diarrhoea,symptoms of acute gastroenteritis,,,,,primary,1.0,3.669
SAMEA113540326,PRJEB62473,,,,,,GB,gi_infection_or_diarrhoea,symptoms of acute gastroenteritis,,,,,primary,1.0,5.746
SAMEA113540328,PRJEB62473,,,,,,GB,gi_infection_or_diarrhoea,symptoms of acute gastroenteritis,,,,,primary,1.0,6.314
SAMEA113540329,PRJEB62473,,,,,,GB,gi_infection_or_diarrhoea,symptoms of acute gastroenteritis,,,,,primary,1.0,4.888
SAMEA113540331,PRJEB62473,,,,,,GB,gi_infection_or_diarrhoea,symptoms of acute gastroenteritis,,,,,primary,1.0,4.916
SAMEA113540333,PRJEB62473,,,,,,GB,gi_infection_or_diarrhoea,symptoms of acute gastroenteritis,,,,,primary,1.0,5.917
SAMEA113540335,PRJEB62473,,,,,,GB,gi_infection_or_diarrhoea,symptoms of acute gastroenteritis,,,,,primary,1.0,4.647
SAMEA113540337,PRJEB62473,,,,,,GB,gi_infection_or_diarrhoea,symptoms of acute gastroenteritis,,,,,primary,1.0,3.881
SAMEA113540339,PRJEB62473,,,,,,GB,gi_infection_or_diarrhoea,symptoms of acute gastroenteritis,,,,,primary,1.0,4.176
SAMEA113540341,PRJEB62473,,,,,,GB,gi_infection_or_diarrhoea,symptoms of acute gastroenteritis,,,,,primary,1.0,5.116
SAMEA113540343,PRJEB62473,,,,,,GB,gi_infection_or_diarrhoea,symptoms of acute gastroenteritis,,,,,primary,1.0,4.188
SAMEA113540345,PRJEB62473,,,,,,GB,gi_infection_or_diarrhoea,symptoms of acute gastroenteritis,,,,,primary,1.0,4.183
SAMEA113540347,PRJEB62473,,,,,,GB,gi_infection_or_diarrhoea,symptoms of acute gastroenteritis,,,,,primary,1.0,5.627
SAMEA113540349,PRJEB62473,,,,,,GB,gi_infection_or_diarrhoea,symptoms of acute gastroenteritis,,,,,primary,1.0,5.085
SAMEA113540351,PRJEB62473,,,,,,GB,gi_infection_or_diarrhoea,symptoms of acute gastroenteritis,,,,,primary,1.0,4.755
SAMEA113540353,PRJEB62473,,,,,,GB,gi_infection_or_diarrhoea,symptoms of acute gastroenteritis,,,,,primary,1.0,4.714
SAMEA113540355,PRJEB62473,,,,,,GB,gi_infection_or_diarrhoea,symptoms of acute gastroenteritis,,,,,primary,1.0,4.432
SAMEA113540357,PRJEB62473,,,,,,GB,gi_infection_or_diarrhoea,symptoms of acute gastroenteritis,,,,,primary,1.0,5.059
SAMEA113540359,PRJEB62473,,,,,,GB,gi_infection_or_diarrhoea,symptoms of acute gastroenteritis,,,,,primary,1.0,4.382
SAMEA113540361,PRJEB62473,,,,,,GB,gi_infection_or_diarrhoea,symptoms of acute gastroenteritis,,,,,primary,1.0,4.823
SAMEA113540363,PRJEB62473,,,,,,GB,gi_infection_or_diarrhoea,symptoms of acute gastroenteritis,,,,,primary,1.0,4.218
SAMEA113540364,PRJEB62473,,,,,,GB,gi_infection_or_diarrhoea,symptoms of acute gastroenteritis,,,,,primary,1.0,5.439
SAMEA113540366,PRJEB62473,,,,,,GB,gi_infection_or_diarrhoea,symptoms of acute gastroenteritis,,,,,primary,1.0,3.601
SAMEA113540368,PRJEB62473,,,,,,GB,gi_infection_or_diarrhoea,symptoms of acute gastroenteritis,,,,,primary,1.0,5.511
SAMEA113540369,PRJEB62473,,,,,,GB,gi_infection_or_diarrhoea,symptoms of acute gastroenteritis,,,,,primary,1.0,6.658
SAMEA113540371,PRJEB62473,,,,,,GB,gi_infection_or_diarrhoea,symptoms of acute gastroenteritis,,,,,primary,1.0,6.73
SAMEA113540372,PRJEB62473,,,,,,GB,gi_infection_or_diarrhoea,symptoms of acute gastroenteritis,,,,,primary,1.0,4.093
SAMEA113540374,PRJEB62473,,,,,,GB,gi_infection_or_diarrhoea,symptoms of acute gastroenteritis,,,,,primary,1.0,4.506
SAMEA113540376,PRJEB62473,,,,,,GB,gi_infection_or_diarrhoea,symptoms of acute gastroenteritis,,,,,primary,1.0,4.688
SAMEA113540378,PRJEB62473,,,,,,GB,gi_infection_or_diarrhoea,symptoms of acute gastroenteritis,,,,,primary,1.0,3.986
SAMEA113540380,PRJEB62473,,,,,,GB,gi_infection_or_diarrhoea,symptoms of acute gastroenteritis,,,,,primary,1.0,4.861
SAMEA113540382,PRJEB62473,,,,,,GB,gi_infection_or_diarrhoea,symptoms of acute gastroenteritis,,,,,primary,1.0,4.352
SAMEA113540384,PRJEB62473,,,,,,GB,gi_infection_or_diarrhoea,symptoms of acute gastroenteritis,,,,,primary,1.0,4.487
SAMEA113540386,PRJEB62473,,,,,,GB,gi_infection_or_diarrhoea,symptoms of acute gastroenteritis,,,,,primary,1.0,4.656
SAMEA113540388,PRJEB62473,,,,,,GB,gi_infection_or_diarrhoea,symptoms of acute gastroenteritis,,,,,primary,1.0,4.56
SAMEA113540390,PRJEB62473,,,,,,GB,gi_infection_or_diarrhoea,symptoms of acute gastroenteritis,,,,,primary,1.0,4.326
SAMEA113540392,PRJEB62473,,,,,,GB,gi_infection_or_diarrhoea,symptoms of acute gastroenteritis,,,,,primary,1.0,4.572
SAMEA113540394,PRJEB62473,,,,,,GB,gi_infection_or_diarrhoea,symptoms of acute gastroenteritis,,,,,primary,1.0,1.388
SAMEA113540396,PRJEB62473,,,,,,GB,gi_infection_or_diarrhoea,symptoms of acute gastroenteritis,,,,,primary,1.0,3.747
SAMEA113540398,PRJEB62473,,,,,,GB,gi_infection_or_diarrhoea,symptoms of acute gastroenteritis,,,,,primary,1.0,4.795
SAMEA113540399,PRJEB62473,,,,,,GB,gi_infection_or_diarrhoea,symptoms of acute gastroenteritis,,,,,primary,1.0,4.218
SAMEA113540401,PRJEB62473,,,,,,GB,gi_infection_or_diarrhoea,symptoms of acute gastroenteritis,,,,,primary,1.0,4.746
SAMEA113540403,PRJEB62473,,,,,,GB,gi_infection_or_diarrhoea,symptoms of acute gastroenteritis,,,,,primary,1.0,6.178
SAMEA113540405,PRJEB62473,,,,,,GB,gi_infection_or_diarrhoea,symptoms of acute gastroenteritis,,,,,primary,1.0,3.523
SAMEA113540407,PRJEB62473,,,,,,GB,gi_infection_or_diarrhoea,symptoms of acute gastroenteritis,,,,,primary,1.0,4.754
SAMEA113540409,PRJEB62473,,,,,,GB,gi_infection_or_diarrhoea,symptoms of acute gastroenteritis,,,,,primary,1.0,5.161
SAMEA113540411,PRJEB62473,,,,,,GB,gi_infection_or_diarrhoea,symptoms of acute gastroenteritis,,,,,primary,1.0,4.618
SAMEA113540413,PRJEB62473,,,,,,GB,gi_infection_or_diarrhoea,symptoms of acute gastroenteritis,,,,,primary,1.0,4.644
SAMEA113540415,PRJEB62473,,,,,,GB,gi_infection_or_diarrhoea,symptoms of acute gastroenteritis,,,,,primary,1.0,4.621
SAMEA113540417,PRJEB62473,,,,,,GB,gi_infection_or_diarrhoea,symptoms of acute gastroenteritis,,,,,primary,1.0,4.452
SAMEA113540419,PRJEB62473,,,,,,GB,gi_infection_or_diarrhoea,symptoms of acute gastroenteritis,,,,,primary,1.0,5.146
SAMEA113540421,PRJEB62473,,,,,,GB,gi_infection_or_diarrhoea,symptoms of acute gastroenteritis,,,,,primary,1.0,4.738
SAMEA113540423,PRJEB62473,,,,,,GB,gi_infection_or_diarrhoea,symptoms of acute gastroenteritis,,,,,primary,1.0,4.451
SAMEA113540425,PRJEB62473,,,,,,GB,gi_infection_or_diarrhoea,symptoms of acute gastroenteritis,,,,,primary,1.0,4.941
SAMEA113540427,PRJEB62473,,,,,,GB,gi_infection_or_diarrhoea,symptoms of acute gastroenteritis,,,,,primary,1.0,4.841
SAMEA113540429,PRJEB62473,,,,,,GB,gi_infection_or_diarrhoea,symptoms of acute gastroenteritis,,,,,primary,1.0,5.432
SAMEA113540431,PRJEB62473,,,,,,GB,gi_infection_or_diarrhoea,symptoms of acute gastroenteritis,,,,,primary,1.0,5.137
SAMEA113540433,PRJEB62473,,,,,,GB,gi_infection_or_diarrhoea,symptoms of acute gastroenteritis,,,,,primary,1.0,3.971
SAMEA113540435,PRJEB62473,,,,,,GB,gi_infection_or_diarrhoea,symptoms of acute gastroenteritis,,,,,primary,1.0,5.292
SAMEA113540437,PRJEB62473,,,,,,GB,gi_infection_or_diarrhoea,symptoms of acute gastroenteritis,,,,,primary,1.0,6.138
SAMEA113540439,PRJEB62473,,,,,,GB,gi_infection_or_diarrhoea,symptoms of acute gastroenteritis,,,,,primary,1.0,5.239
SAMEA113540441,PRJEB62473,,,,,,GB,gi_infection_or_diarrhoea,symptoms of acute gastroenteritis,,,,,primary,1.0,5.203
SAMEA113540443,PRJEB62473,,,,,,GB,gi_infection_or_diarrhoea,symptoms of acute gastroenteritis,,,,,primary,1.0,5.782
SAMEA113540445,PRJEB62473,,,,,,GB,gi_infection_or_diarrhoea,symptoms of acute gastroenteritis,,,,,primary,1.0,4.137
SAMEA113540447,PRJEB62473,,,,,,GB,gi_infection_or_diarrhoea,symptoms of acute gastroenteritis,,,,,primary,1.0,4.409
SAMEA113540449,PRJEB62473,,,,,,GB,gi_infection_or_diarrhoea,symptoms of acute gastroenteritis,,,,,primary,1.0,4.676
SAMEA113540451,PRJEB62473,,,,,,GB,gi_infection_or_diarrhoea,symptoms of acute gastroenteritis,,,,,primary,1.0,3.717
SAMEA113540453,PRJEB62473,,,,,,GB,gi_infection_or_diarrhoea,symptoms of acute gastroenteritis,,,,,primary,1.0,6.915
SAMEA113540455,PRJEB62473,,,,,,GB,gi_infection_or_diarrhoea,symptoms of acute gastroenteritis,,,,,primary,1.0,4.335
SAMEA113540457,PRJEB62473,,,,,,GB,gi_infection_or_diarrhoea,symptoms of acute gastroenteritis,,,,,primary,1.0,5.981
SAMEA113540459,PRJEB62473,,,,,,GB,gi_infection_or_diarrhoea,symptoms of acute gastroenteritis,,,,,primary,1.0,5.069
SAMEA113540461,PRJEB62473,,,,,,GB,gi_infection_or_diarrhoea,symptoms of acute gastroenteritis,,,,,primary,1.0,4.851
SAMEA113540463,PRJEB62473,,,,,,GB,gi_infection_or_diarrhoea,symptoms of acute gastroenteritis,,,,,primary,1.0,6.196
SAMEA113540465,PRJEB62473,,,,,,GB,gi_infection_or_diarrhoea,symptoms of acute gastroenteritis,,,,,primary,1.0,5.406
SAMEA113540467,PRJEB62473,,,,,,GB,gi_infection_or_diarrhoea,symptoms of acute gastroenteritis,,,,,primary,1.0,4.706
SAMEA113540469,PRJEB62473,,,,,,GB,gi_infection_or_diarrhoea,symptoms of acute gastroenteritis,,,,,primary,1.0,3.964
SAMEA113540471,PRJEB62473,,,,,,GB,gi_infection_or_diarrhoea,symptoms of acute gastroenteritis,,,,,primary,1.0,4.634
SAMEA113540473,PRJEB62473,,,,,,GB,gi_infection_or_diarrhoea,symptoms of acute gastroenteritis,,,,,primary,1.0,4.551
SAMEA113540475,PRJEB62473,,,,,,GB,gi_infection_or_diarrhoea,symptoms of acute gastroenteritis,,,,,primary,1.0,4.994
SAMEA113540477,PRJEB62473,,,,,,GB,gi_infection_or_diarrhoea,symptoms of acute gastroenteritis,,,,,primary,1.0,4.807
SAMEA113540479,PRJEB62473,,,,,,GB,gi_infection_or_diarrhoea,symptoms of acute gastroenteritis,,,,,primary,1.0,3.963
SAMEA113540481,PRJEB62473,,,,,,GB,gi_infection_or_diarrhoea,symptoms of acute gastroenteritis,,,,,primary,1.0,5.656
SAMEA113540483,PRJEB62473,,,,,,GB,gi_infection_or_diarrhoea,symptoms of acute gastroenteritis,,,,,primary,1.0,4.207
SAMEA113540485,PRJEB62473,,,,,,GB,gi_infection_or_diarrhoea,symptoms of acute gastroenteritis,,,,,primary,1.0,1.426
SAMEA113540487,PRJEB62473,,,,,,GB,gi_infection_or_diarrhoea,symptoms of acute gastroenteritis,,,,,primary,1.0,5.004
SAMEA113540489,PRJEB62473,,,,,,GB,gi_infection_or_diarrhoea,symptoms of acute gastroenteritis,,,,,primary,1.0,4.093
SAMEA113540491,PRJEB62473,,,,,,GB,gi_infection_or_diarrhoea,symptoms of acute gastroenteritis,,,,,primary,1.0,3.453
SAMEA113540493,PRJEB62473,,,,,,GB,gi_infection_or_diarrhoea,symptoms of acute gastroenteritis,,,,,primary,1.0,4.254
SAMEA113540495,PRJEB62473,,,,,,GB,gi_infection_or_diarrhoea,symptoms of acute gastroenteritis,,,,,primary,1.0,5.182
SAMEA113540497,PRJEB62473,,,,,,GB,gi_infection_or_diarrhoea,symptoms of acute gastroenteritis,,,,,primary,1.0,4.814
SAMEA113540499,PRJEB62473,,,,,,GB,gi_infection_or_diarrhoea,symptoms of acute gastroenteritis,,,,,primary,1.0,5.175
SAMEA113540501,PRJEB62473,,,,,,GB,gi_infection_or_diarrhoea,symptoms of acute gastroenteritis,,,,,primary,1.0,4.94
SAMEA113540503,PRJEB62473,,,,,,GB,gi_infection_or_diarrhoea,symptoms of acute gastroenteritis,,,,,primary,1.0,0.165
SAMEA113540505,PRJEB62473,,,,,,GB,gi_infection_or_diarrhoea,symptoms of acute gastroenteritis,,,,,primary,1.0,4.369
SAMEA113540507,PRJEB62473,,,,,,GB,gi_infection_or_diarrhoea,symptoms of acute gastroenteritis,,,,,primary,1.0,5.518
SAMEA113540509,PRJEB62473,,,,,,GB,gi_infection_or_diarrhoea,symptoms of acute gastroenteritis,,,,,primary,1.0,3.858
SAMEA113540511,PRJEB62473,,,,,,GB,gi_infection_or_diarrhoea,symptoms of acute gastroenteritis,,,,,primary,1.0,5.169
SAMEA113540513,PRJEB62473,,,,,,GB,gi_infection_or_diarrhoea,symptoms of acute gastroenteritis,,,,,primary,1.0,3.808
SAMEA113540515,PRJEB62473,,,,,,GB,gi_infection_or_diarrhoea,symptoms of acute gastroenteritis,,,,,primary,1.0,4.228
SAMEA113540517,PRJEB62473,,,,,,GB,gi_infection_or_diarrhoea,symptoms of acute gastroenteritis,,,,,primary,1.0,4.665
SAMEA113540519,PRJEB62473,,,,,,GB,gi_infection_or_diarrhoea,symptoms of acute gastroenteritis,,,,,primary,1.0,4.968
SAMEA113540521,PRJEB62473,,,,,,GB,gi_infection_or_diarrhoea,symptoms of acute gastroenteritis,,,,,primary,1.0,5.423
SAMEA113540523,PRJEB62473,,,,,,GB,gi_infection_or_diarrhoea,symptoms of acute gastroenteritis,,,,,primary,1.0,4.309
SAMEA113540525,PRJEB62473,,,,,,GB,gi_infection_or_diarrhoea,symptoms of acute gastroenteritis,,,,,primary,1.0,3.37
SAMEA113540527,PRJEB62473,,,,,,GB,gi_infection_or_diarrhoea,symptoms of acute gastroenteritis,,,,,primary,1.0,4.341
SAMEA113540529,PRJEB62473,,,,,,GB,gi_infection_or_diarrhoea,symptoms of acute gastroenteritis,,,,,primary,1.0,4.08
SAMEA113540531,PRJEB62473,,,,,,GB,gi_infection_or_diarrhoea,symptoms of acute gastroenteritis,,,,,primary,1.0,5.075
SAMEA113540533,PRJEB62473,,,,,,GB,gi_infection_or_diarrhoea,symptoms of acute gastroenteritis,,,,,primary,1.0,4.693
SAMEA113540535,PRJEB62473,,,,,,GB,gi_infection_or_diarrhoea,symptoms of acute gastroenteritis,,,,,primary,1.0,4.072
SAMEA113540537,PRJEB62473,,,,,,GB,gi_infection_or_diarrhoea,symptoms of acute gastroenteritis,,,,,primary,1.0,4.311
SAMEA113540539,PRJEB62473,,,,,,GB,gi_infection_or_diarrhoea,symptoms of acute gastroenteritis,,,,,primary,1.0,5.135
SAMEA113540541,PRJEB62473,,,,,,GB,gi_infection_or_diarrhoea,symptoms of acute gastroenteritis,,,,,primary,1.0,2.564
SAMEA113540543,PRJEB62473,,,,,,GB,gi_infection_or_diarrhoea,symptoms of acute gastroenteritis,,,,,primary,1.0,0.848
SAMEA113540545,PRJEB62473,,,,,,GB,gi_infection_or_diarrhoea,symptoms of acute gastroenteritis,,,,,primary,1.0,5.458
SAMEA113540547,PRJEB62473,,,,,,GB,gi_infection_or_diarrhoea,symptoms of acute gastroenteritis,,,,,primary,1.0,5.376
SAMEA113540549,PRJEB62473,,,,,,GB,gi_infection_or_diarrhoea,symptoms of acute gastroenteritis,,,,,primary,1.0,3.703
SAMEA113540551,PRJEB62473,,,,,,GB,gi_infection_or_diarrhoea,symptoms of acute gastroenteritis,,,,,primary,1.0,4.675
SAMEA113540553,PRJEB62473,,,,,,GB,gi_infection_or_diarrhoea,symptoms of acute gastroenteritis,,,,,primary,1.0,3.865
SAMEA113540555,PRJEB62473,,,,,,GB,gi_infection_or_diarrhoea,symptoms of acute gastroenteritis,,,,,primary,1.0,5.238
SAMEA113540557,PRJEB62473,,,,,,GB,gi_infection_or_diarrhoea,symptoms of acute gastroenteritis,,,,,primary,1.0,4.365
SAMEA113540559,PRJEB62473,,,,,,GB,gi_infection_or_diarrhoea,symptoms of acute gastroenteritis,,,,,primary,1.0,4.271
SAMEA113540561,PRJEB62473,,,,,,GB,gi_infection_or_diarrhoea,symptoms of acute gastroenteritis,,,,,primary,1.0,4.096
SAMEA113540563,PRJEB62473,,,,,,GB,gi_infection_or_diarrhoea,symptoms of acute gastroenteritis,,,,,primary,1.0,5.302
SAMEA113540565,PRJEB62473,,,,,,GB,gi_infection_or_diarrhoea,symptoms of acute gastroenteritis,,,,,primary,1.0,3.78
SAMEA113540567,PRJEB62473,,,,,,GB,gi_infection_or_diarrhoea,symptoms of acute gastroenteritis,,,,,primary,1.0,4.997
SAMEA113540569,PRJEB62473,,,,,,GB,gi_infection_or_diarrhoea,symptoms of acute gastroenteritis,,,,,primary,1.0,3.992
SAMEA113540571,PRJEB62473,,,,,,GB,gi_infection_or_diarrhoea,symptoms of acute gastroenteritis,,,,,primary,1.0,5.286
SAMEA113540573,PRJEB62473,,,,,,GB,gi_infection_or_diarrhoea,symptoms of acute gastroenteritis,,,,,primary,1.0,5.689
SAMEA113540575,PRJEB62473,,,,,,GB,gi_infection_or_diarrhoea,symptoms of acute gastroenteritis,,,,,primary,1.0,4.649
SAMEA113540577,PRJEB62473,,,,,,GB,gi_infection_or_diarrhoea,symptoms of acute gastroenteritis,,,,,primary,1.0,4.225
SAMEA113540579,PRJEB62473,,,,,,GB,gi_infection_or_diarrhoea,symptoms of acute gastroenteritis,,,,,primary,1.0,5.704
SAMEA113540581,PRJEB62473,,,,,,GB,gi_infection_or_diarrhoea,symptoms of acute gastroenteritis,,,,,primary,1.0,4.127
SAMEA113540583,PRJEB62473,,,,,,GB,gi_infection_or_diarrhoea,symptoms of acute gastroenteritis,,,,,primary,1.0,3.757
SAMEA113540585,PRJEB62473,,,,,,GB,gi_infection_or_diarrhoea,symptoms of acute gastroenteritis,,,,,primary,1.0,5.093
SAMEA113540587,PRJEB62473,,,,,,GB,gi_infection_or_diarrhoea,symptoms of acute gastroenteritis,,,,,primary,1.0,5.133
SAMEA113540589,PRJEB62473,,,,,,GB,gi_infection_or_diarrhoea,symptoms of acute gastroenteritis,,,,,primary,1.0,10.127
SAMEA113540591,PRJEB62473,,,,,,GB,gi_infection_or_diarrhoea,symptoms of acute gastroenteritis,,,,,primary,1.0,10.774
SAMEA113540593,PRJEB62473,,,,,,GB,gi_infection_or_diarrhoea,symptoms of acute gastroenteritis,,,,,primary,1.0,6.476
SAMEA113540595,PRJEB62473,,,,,,GB,gi_infection_or_diarrhoea,symptoms of acute gastroenteritis,,,,,primary,1.0,10.255
SAMEA113540597,PRJEB62473,,,,,,GB,gi_infection_or_diarrhoea,symptoms of acute gastroenteritis,,,,,primary,1.0,5.957
SAMEA113540599,PRJEB62473,,,,,,GB,gi_infection_or_diarrhoea,symptoms of acute gastroenteritis,,,,,primary,1.0,7.389
SAMEA113540601,PRJEB62473,,,,,,GB,gi_infection_or_diarrhoea,symptoms of acute gastroenteritis,,,,,primary,1.0,4.825
SAMEA113540603,PRJEB62473,,,,,,GB,gi_infection_or_diarrhoea,symptoms of acute gastroenteritis,,,,,primary,1.0,9.324
SAMEA113540605,PRJEB62473,,,,,,GB,gi_infection_or_diarrhoea,symptoms of acute gastroenteritis,,,,,primary,1.0,3.72
SAMEA113540608,PRJEB62473,,,,,,GB,gi_infection_or_diarrhoea,symptoms of acute gastroenteritis,,,,,primary,1.0,0.812
SAMEA113540610,PRJEB62473,,,,,,GB,gi_infection_or_diarrhoea,symptoms of acute gastroenteritis,,,,,primary,1.0,7.71
SAMEA113540612,PRJEB62473,,,,,,GB,gi_infection_or_diarrhoea,symptoms of acute gastroenteritis,,,,,primary,1.0,5.212
SAMEA113540614,PRJEB62473,,,,,,GB,gi_infection_or_diarrhoea,symptoms of acute gastroenteritis,,,,,primary,1.0,9.636
SAMEA113540616,PRJEB62473,,,,,,GB,gi_infection_or_diarrhoea,symptoms of acute gastroenteritis,,,,,primary,1.0,5.144
SAMEA113540618,PRJEB62473,,,,,,GB,gi_infection_or_diarrhoea,symptoms of acute gastroenteritis,,,,,primary,1.0,4.866
SAMEA113540620,PRJEB62473,,,,,,GB,gi_infection_or_diarrhoea,symptoms of acute gastroenteritis,,,,,primary,1.0,6.043
SAMEA113540622,PRJEB62473,,,,,,GB,gi_infection_or_diarrhoea,symptoms of acute gastroenteritis,,,,,primary,1.0,5.259
SAMEA113540624,PRJEB62473,,,,,,GB,gi_infection_or_diarrhoea,symptoms of acute gastroenteritis,,,,,primary,1.0,0.79
SAMEA113540626,PRJEB62473,,,,,,GB,gi_infection_or_diarrhoea,symptoms of acute gastroenteritis,,,,,primary,1.0,4.013
SAMEA113540629,PRJEB62473,,,,,,GB,gi_infection_or_diarrhoea,symptoms of acute gastroenteritis,,,,,primary,1.0,5.048
SAMEA113540631,PRJEB62473,,,,,,GB,gi_infection_or_diarrhoea,symptoms of acute gastroenteritis,,,,,primary,1.0,5.897
SAMEA113540633,PRJEB62473,,,,,,GB,gi_infection_or_diarrhoea,symptoms of acute gastroenteritis,,,,,primary,1.0,5.886
SAMEA113540635,PRJEB62473,,,,,,GB,gi_infection_or_diarrhoea,symptoms of acute gastroenteritis,,,,,primary,1.0,13.848
SAMEA113540637,PRJEB62473,,,,,,GB,gi_infection_or_diarrhoea,symptoms of acute gastroenteritis,,,,,primary,1.0,4.702
SAMEA113540639,PRJEB62473,,,,,,GB,gi_infection_or_diarrhoea,symptoms of acute gastroenteritis,,,,,primary,1.0,10.496
SAMEA113540641,PRJEB62473,,,,,,GB,gi_infection_or_diarrhoea,symptoms of acute gastroenteritis,,,,,primary,1.0,5.296
SAMEA113540643,PRJEB62473,,,,,,GB,gi_infection_or_diarrhoea,symptoms of acute gastroenteritis,,,,,primary,1.0,5.216
SAMEA113540645,PRJEB62473,,,,,,GB,gi_infection_or_diarrhoea,symptoms of acute gastroenteritis,,,,,primary,1.0,4.186
SAMEA113540647,PRJEB62473,,,,,,GB,gi_infection_or_diarrhoea,symptoms of acute gastroenteritis,,,,,primary,1.0,5.582
SAMEA113540649,PRJEB62473,,,,,,GB,gi_infection_or_diarrhoea,symptoms of acute gastroenteritis,,,,,primary,1.0,3.924
SAMEA113540651,PRJEB62473,,,,,,GB,gi_infection_or_diarrhoea,symptoms of acute gastroenteritis,,,,,primary,1.0,7.61
SAMEA113540653,PRJEB62473,,,,,,GB,gi_infection_or_diarrhoea,symptoms of acute gastroenteritis,,,,,primary,1.0,4.917
SAMEA113540656,PRJEB62473,,,,,,GB,gi_infection_or_diarrhoea,symptoms of acute gastroenteritis,,,,,primary,1.0,3.809
SAMEA113540658,PRJEB62473,,,,,,GB,gi_infection_or_diarrhoea,symptoms of acute gastroenteritis,,,,,primary,1.0,4.988
SAMEA113540660,PRJEB62473,,,,,,GB,gi_infection_or_diarrhoea,symptoms of acute gastroenteritis,,,,,primary,1.0,2.628
SAMEA113540662,PRJEB62473,,,,,,GB,gi_infection_or_diarrhoea,symptoms of acute gastroenteritis,,,,,primary,1.0,6.045
SAMEA113540664,PRJEB62473,,,,,,GB,gi_infection_or_diarrhoea,symptoms of acute gastroenteritis,,,,,primary,1.0,12.044
SAMEA113540666,PRJEB62473,,,,,,GB,gi_infection_or_diarrhoea,symptoms of acute gastroenteritis,,,,,primary,1.0,3.942
SAMEA113540668,PRJEB62473,,,,,,GB,gi_infection_or_diarrhoea,symptoms of acute gastroenteritis,,,,,primary,1.0,3.955
SAMEA113540670,PRJEB62473,,,,,,GB,gi_infection_or_diarrhoea,symptoms of acute gastroenteritis,,,,,primary,1.0,5.926
SAMEA113540671,PRJEB62473,,,,,,GB,gi_infection_or_diarrhoea,symptoms of acute gastroenteritis,,,,,primary,1.0,8.601
SAMEA113540673,PRJEB62473,,,,,,GB,gi_infection_or_diarrhoea,symptoms of acute gastroenteritis,,,,,primary,1.0,4.002
SAMEA113540675,PRJEB62473,,,,,,GB,gi_infection_or_diarrhoea,symptoms of acute gastroenteritis,,,,,primary,1.0,0.887
SAMEA113540676,PRJEB62473,,,,,,GB,gi_infection_or_diarrhoea,symptoms of acute gastroenteritis,,,,,primary,1.0,4.194
SAMEA113540678,PRJEB62473,,,,,,GB,gi_infection_or_diarrhoea,symptoms of acute gastroenteritis,,,,,primary,1.0,4.731
SAMEA113540680,PRJEB62473,,,,,,GB,gi_infection_or_diarrhoea,symptoms of acute gastroenteritis,,,,,primary,1.0,5.052
SAMEA113540681,PRJEB62473,,,,,,GB,gi_infection_or_diarrhoea,symptoms of acute gastroenteritis,,,,,primary,1.0,5.281
SAMEA113540683,PRJEB62473,,,,,,GB,gi_infection_or_diarrhoea,symptoms of acute gastroenteritis,,,,,primary,1.0,3.849
SAMEA113540685,PRJEB62473,,,,,,GB,gi_infection_or_diarrhoea,symptoms of acute gastroenteritis,,,,,primary,1.0,5.123
SAMEA113540687,PRJEB62473,,,,,,GB,gi_infection_or_diarrhoea,symptoms of acute gastroenteritis,,,,,primary,1.0,3.267
SAMEA113540689,PRJEB62473,,,,,,GB,gi_infection_or_diarrhoea,symptoms of acute gastroenteritis,,,,,primary,1.0,3.679
SAMEA113540691,PRJEB62473,,,,,,GB,gi_infection_or_diarrhoea,symptoms of acute gastroenteritis,,,,,primary,1.0,6.307
SAMEA113540693,PRJEB62473,,,,,,GB,gi_infection_or_diarrhoea,symptoms of acute gastroenteritis,,,,,primary,1.0,5.457
SAMEA113540695,PRJEB62473,,,,,,GB,gi_infection_or_diarrhoea,symptoms of acute gastroenteritis,,,,,primary,1.0,4.118
SAMEA113540697,PRJEB62473,,,,,,GB,gi_infection_or_diarrhoea,symptoms of acute gastroenteritis,,,,,primary,1.0,3.423
SAMEA113540699,PRJEB62473,,,,,,GB,gi_infection_or_diarrhoea,symptoms of acute gastroenteritis,,,,,primary,1.0,2.888
SAMEA113540701,PRJEB62473,,,,,,GB,gi_infection_or_diarrhoea,symptoms of acute gastroenteritis,,,,,primary,1.0,0.802
SAMEA113540703,PRJEB62473,,,,,,GB,gi_infection_or_diarrhoea,symptoms of acute gastroenteritis,,,,,primary,1.0,5.285
SAMEA113540705,PRJEB62473,,,,,,GB,gi_infection_or_diarrhoea,symptoms of acute gastroenteritis,,,,,primary,1.0,10.398
SAMEA113540707,PRJEB62473,,,,,,GB,gi_infection_or_diarrhoea,symptoms of acute gastroenteritis,,,,,primary,1.0,5.308
SAMEA113540709,PRJEB62473,,,,,,GB,gi_infection_or_diarrhoea,symptoms of acute gastroenteritis,,,,,primary,1.0,4.038
SAMEA113540711,PRJEB62473,,,,,,GB,gi_infection_or_diarrhoea,symptoms of acute gastroenteritis,,,,,primary,1.0,3.109
SAMEA113540713,PRJEB62473,,,,,,GB,gi_infection_or_diarrhoea,symptoms of acute gastroenteritis,,,,,primary,1.0,8.547
SAMEA113540715,PRJEB62473,,,,,,GB,gi_infection_or_diarrhoea,symptoms of acute gastroenteritis,,,,,primary,1.0,6.951
SAMEA113540717,PRJEB62473,,,,,,GB,gi_infection_or_diarrhoea,symptoms of acute gastroenteritis,,,,,primary,1.0,4.839
SAMEA113540718,PRJEB62473,,,,,,GB,gi_infection_or_diarrhoea,symptoms of acute gastroenteritis,,,,,primary,1.0,6.55
SAMEA113540720,PRJEB62473,,,,,,GB,gi_infection_or_diarrhoea,symptoms of acute gastroenteritis,,,,,primary,1.0,6.569
SAMEA113540721,PRJEB62473,,,,,,GB,gi_infection_or_diarrhoea,symptoms of acute gastroenteritis,,,,,primary,1.0,1.987
SAMEA113540722,PRJEB62473,,,,,,GB,gi_infection_or_diarrhoea,symptoms of acute gastroenteritis,,,,,primary,1.0,5.662
SAMEA113540724,PRJEB62473,,,,,,GB,gi_infection_or_diarrhoea,symptoms of acute gastroenteritis,,,,,primary,1.0,3.796
SAMEA113540726,PRJEB62473,,,,,,GB,gi_infection_or_diarrhoea,symptoms of acute gastroenteritis,,,,,primary,1.0,5.621
SAMEA113540728,PRJEB62473,,,,,,GB,gi_infection_or_diarrhoea,symptoms of acute gastroenteritis,,,,,primary,1.0,7.415
SAMEA113540730,PRJEB62473,,,,,,GB,gi_infection_or_diarrhoea,symptoms of acute gastroenteritis,,,,,primary,1.0,5.21
SAMEA113540732,PRJEB62473,,,,,,GB,gi_infection_or_diarrhoea,symptoms of acute gastroenteritis,,,,,primary,1.0,4.577
SAMEA113540734,PRJEB62473,,,,,,GB,gi_infection_or_diarrhoea,symptoms of acute gastroenteritis,,,,,primary,1.0,7.685
SAMEA113540736,PRJEB62473,,,,,,GB,gi_infection_or_diarrhoea,symptoms of acute gastroenteritis,,,,,primary,1.0,7.642
SAMEA113540738,PRJEB62473,,,,,,GB,gi_infection_or_diarrhoea,symptoms of acute gastroenteritis,,,,,primary,1.0,5.053
SAMEA113540740,PRJEB62473,,,,,,GB,gi_infection_or_diarrhoea,symptoms of acute gastroenteritis,,,,,primary,1.0,5.362
SAMEA113540742,PRJEB62473,,,,,,GB,gi_infection_or_diarrhoea,symptoms of acute gastroenteritis,,,,,primary,1.0,7.303
SAMEA113540744,PRJEB62473,,,,,,GB,gi_infection_or_diarrhoea,symptoms of acute gastroenteritis,,,,,primary,1.0,4.631
SAMEA113540746,PRJEB62473,,,,,,GB,gi_infection_or_diarrhoea,symptoms of acute gastroenteritis,,,,,primary,1.0,3.822
SAMEA113540748,PRJEB62473,,,,,,GB,gi_infection_or_diarrhoea,symptoms of acute gastroenteritis,,,,,primary,1.0,5.111
SAMEA113540750,PRJEB62473,,,,,,GB,gi_infection_or_diarrhoea,symptoms of acute gastroenteritis,,,,,primary,1.0,0.766
SAMEA113540751,PRJEB62473,,,,,,GB,gi_infection_or_diarrhoea,symptoms of acute gastroenteritis,,,,,primary,1.0,5.875
SAMEA113540753,PRJEB62473,,,,,,GB,gi_infection_or_diarrhoea,symptoms of acute gastroenteritis,,,,,primary,1.0,5.551
SAMEA113540755,PRJEB62473,,,,,,GB,gi_infection_or_diarrhoea,symptoms of acute gastroenteritis,,,,,primary,1.0,6.171
SAMEA113540757,PRJEB62473,,,,,,GB,gi_infection_or_diarrhoea,symptoms of acute gastroenteritis,,,,,primary,1.0,4.27
SAMEA113540758,PRJEB62473,,,,,,GB,gi_infection_or_diarrhoea,symptoms of acute gastroenteritis,,,,,primary,1.0,5.304
SAMEA113540760,PRJEB62473,,,,,,GB,gi_infection_or_diarrhoea,symptoms of acute gastroenteritis,,,,,primary,1.0,5.027
SAMEA113540761,PRJEB62473,,,,,,GB,gi_infection_or_diarrhoea,symptoms of acute gastroenteritis,,,,,primary,1.0,5.771
SAMEA113540763,PRJEB62473,,,,,,GB,gi_infection_or_diarrhoea,symptoms of acute gastroenteritis,,,,,primary,1.0,5.209
SAMEA113540764,PRJEB62473,,,,,,GB,gi_infection_or_diarrhoea,symptoms of acute gastroenteritis,,,,,primary,1.0,5.504
SAMEA113540766,PRJEB62473,,,,,,GB,gi_infection_or_diarrhoea,symptoms of acute gastroenteritis,,,,,primary,1.0,9.397
SAMEA113540767,PRJEB62473,,,,,,GB,gi_infection_or_diarrhoea,symptoms of acute gastroenteritis,,,,,primary,1.0,4.185
SAMEA113540769,PRJEB62473,,,,,,GB,gi_infection_or_diarrhoea,symptoms of acute gastroenteritis,,,,,primary,1.0,5.461
SAMEA113540770,PRJEB62473,,,,,,GB,gi_infection_or_diarrhoea,symptoms of acute gastroenteritis,,,,,primary,1.0,4.382
SAMEA113540772,PRJEB62473,,,,,,GB,gi_infection_or_diarrhoea,symptoms of acute gastroenteritis,,,,,primary,1.0,2.646
SAMEA113540774,PRJEB62473,,,,,,GB,gi_infection_or_diarrhoea,symptoms of acute gastroenteritis,,,,,primary,1.0,10.182
SAMEA113540777,PRJEB62473,,,,,,GB,gi_infection_or_diarrhoea,symptoms of acute gastroenteritis,,,,,primary,1.0,4.953
SAMEA113540779,PRJEB62473,,,,,,GB,gi_infection_or_diarrhoea,symptoms of acute gastroenteritis,,,,,primary,1.0,4.696
SAMEA113540781,PRJEB62473,,,,,,GB,gi_infection_or_diarrhoea,symptoms of acute gastroenteritis,,,,,primary,1.0,4.345
SAMEA113540783,PRJEB62473,,,,,,GB,gi_infection_or_diarrhoea,symptoms of acute gastroenteritis,,,,,primary,1.0,5.311
SAMEA113540785,PRJEB62473,,,,,,GB,gi_infection_or_diarrhoea,symptoms of acute gastroenteritis,,,,,primary,1.0,5.121
SAMEA113540787,PRJEB62473,,,,,,GB,gi_infection_or_diarrhoea,symptoms of acute gastroenteritis,,,,,primary,1.0,5.57
SAMEA113540789,PRJEB62473,,,,,,GB,gi_infection_or_diarrhoea,symptoms of acute gastroenteritis,,,,,primary,1.0,4.248
SAMEA113540791,PRJEB62473,,,,,,GB,gi_infection_or_diarrhoea,symptoms of acute gastroenteritis,,,,,primary,1.0,8.683
SAMEA113540793,PRJEB62473,,,,,,GB,gi_infection_or_diarrhoea,symptoms of acute gastroenteritis,,,,,primary,1.0,4.643
SAMEA113540795,PRJEB62473,,,,,,GB,gi_infection_or_diarrhoea,symptoms of acute gastroenteritis,,,,,primary,1.0,3.93
SAMEA113540797,PRJEB62473,,,,,,GB,gi_infection_or_diarrhoea,symptoms of acute gastroenteritis,,,,,primary,1.0,5.732
SAMEA113540799,PRJEB62473,,,,,,GB,gi_infection_or_diarrhoea,symptoms of acute gastroenteritis,,,,,primary,1.0,4.846
SAMEA113540801,PRJEB62473,,,,,,GB,gi_infection_or_diarrhoea,symptoms of acute gastroenteritis,,,,,primary,1.0,5.068
SAMEA113540804,PRJEB62473,,,,,,GB,gi_infection_or_diarrhoea,symptoms of acute gastroenteritis,,,,,primary,1.0,6.387
SAMEA113540806,PRJEB62473,,,,,,GB,gi_infection_or_diarrhoea,symptoms of acute gastroenteritis,,,,,primary,1.0,5.952
SAMEA113540808,PRJEB62473,,,,,,GB,gi_infection_or_diarrhoea,symptoms of acute gastroenteritis,,,,,primary,1.0,1.233
SAMEA113540810,PRJEB62473,,,,,,GB,gi_infection_or_diarrhoea,symptoms of acute gastroenteritis,,,,,primary,1.0,6.497
SAMEA113540812,PRJEB62473,,,,,,GB,gi_infection_or_diarrhoea,symptoms of acute gastroenteritis,,,,,primary,1.0,8.133
SAMEA113540814,PRJEB62473,,,,,,GB,gi_infection_or_diarrhoea,symptoms of acute gastroenteritis,,,,,primary,1.0,6.088
SAMEA113540816,PRJEB62473,,,,,,GB,gi_infection_or_diarrhoea,symptoms of acute gastroenteritis,,,,,primary,1.0,4.96
SAMEA113540818,PRJEB62473,,,,,,GB,gi_infection_or_diarrhoea,symptoms of acute gastroenteritis,,,,,primary,1.0,5.546
SAMEA113540821,PRJEB62473,,,,,,GB,gi_infection_or_diarrhoea,symptoms of acute gastroenteritis,,,,,primary,1.0,4.298
SAMEA113540823,PRJEB62473,,,,,,GB,gi_infection_or_diarrhoea,symptoms of acute gastroenteritis,,,,,primary,1.0,3.261
SAMEA113540825,PRJEB62473,,,,,,GB,gi_infection_or_diarrhoea,symptoms of acute gastroenteritis,,,,,primary,1.0,5.362
SAMEA113540827,PRJEB62473,,,,,,GB,gi_infection_or_diarrhoea,symptoms of acute gastroenteritis,,,,,primary,1.0,4.288
SAMEA113540829,PRJEB62473,,,,,,GB,gi_infection_or_diarrhoea,symptoms of acute gastroenteritis,,,,,primary,1.0,0.995
SAMEA113540831,PRJEB62473,,,,,,GB,gi_infection_or_diarrhoea,symptoms of acute gastroenteritis,,,,,primary,1.0,5.273
SAMEA113540833,PRJEB62473,,,,,,GB,gi_infection_or_diarrhoea,symptoms of acute gastroenteritis,,,,,primary,1.0,7.018
SAMEA113540836,PRJEB62473,,,,,,GB,gi_infection_or_diarrhoea,symptoms of acute gastroenteritis,,,,,primary,1.0,4.678
SAMEA113540838,PRJEB62473,,,,,,GB,gi_infection_or_diarrhoea,symptoms of acute gastroenteritis,,,,,primary,1.0,4.525
SAMEA113540840,PRJEB62473,,,,,,GB,gi_infection_or_diarrhoea,symptoms of acute gastroenteritis,,,,,primary,1.0,3.567
SAMEA113540844,PRJEB62473,,,,,,GB,gi_infection_or_diarrhoea,symptoms of acute gastroenteritis,,,,,primary,1.0,3.704
SAMEA113540846,PRJEB62473,,,,,,GB,gi_infection_or_diarrhoea,symptoms of acute gastroenteritis,,,,,primary,1.0,0.601
SAMEA113540848,PRJEB62473,,,,,,GB,gi_infection_or_diarrhoea,symptoms of acute gastroenteritis,,,,,primary,1.0,5.604
SAMEA113540850,PRJEB62473,,,,,,GB,gi_infection_or_diarrhoea,symptoms of acute gastroenteritis,,,,,primary,1.0,5.767
SAMEA113540852,PRJEB62473,,,,,,GB,gi_infection_or_diarrhoea,symptoms of acute gastroenteritis,,,,,primary,1.0,4.748
SAMEA113540854,PRJEB62473,,,,,,GB,gi_infection_or_diarrhoea,symptoms of acute gastroenteritis,,,,,primary,1.0,5.148
SAMEA113540856,PRJEB62473,,,,,,GB,gi_infection_or_diarrhoea,symptoms of acute gastroenteritis,,,,,primary,1.0,3.847
SAMEA113540858,PRJEB62473,,,,,,GB,gi_infection_or_diarrhoea,symptoms of acute gastroenteritis,,,,,primary,1.0,4.54
SAMEA113540860,PRJEB62473,,,,,,GB,gi_infection_or_diarrhoea,symptoms of acute gastroenteritis,,,,,primary,1.0,4.555
SAMEA113540862,PRJEB62473,,,,,,GB,gi_infection_or_diarrhoea,symptoms of acute gastroenteritis,,,,,primary,1.0,4.55
SAMEA113540864,PRJEB62473,,,,,,GB,gi_infection_or_diarrhoea,symptoms of acute gastroenteritis,,,,,primary,1.0,1.453
SAMEA113540866,PRJEB62473,,,,,,GB,gi_infection_or_diarrhoea,symptoms of acute gastroenteritis,,,,,primary,1.0,3.862
SAMEA113540868,PRJEB62473,,,,,,GB,gi_infection_or_diarrhoea,symptoms of acute gastroenteritis,,,,,primary,1.0,5.048
SAMEA113540870,PRJEB62473,,,,,,GB,gi_infection_or_diarrhoea,symptoms of acute gastroenteritis,,,,,primary,1.0,5.102
SAMEA113540872,PRJEB62473,,,,,,GB,gi_infection_or_diarrhoea,symptoms of acute gastroenteritis,,,,,primary,1.0,4.157
SAMEA113540876,PRJEB62473,,,,,,GB,gi_infection_or_diarrhoea,symptoms of acute gastroenteritis,,,,,primary,1.0,5.527
SAMEA113540878,PRJEB62473,,,,,,GB,gi_infection_or_diarrhoea,symptoms of acute gastroenteritis,,,,,primary,1.0,4.356
SAMEA113540880,PRJEB62473,,,,,,GB,gi_infection_or_diarrhoea,symptoms of acute gastroenteritis,,,,,primary,1.0,3.837
SAMEA113540882,PRJEB62473,,,,,,GB,gi_infection_or_diarrhoea,symptoms of acute gastroenteritis,,,,,primary,1.0,3.579
SAMEA113540884,PRJEB62473,,,,,,GB,gi_infection_or_diarrhoea,symptoms of acute gastroenteritis,,,,,primary,1.0,3.737
SAMEA113540886,PRJEB62473,,,,,,GB,gi_infection_or_diarrhoea,symptoms of acute gastroenteritis,,,,,primary,1.0,4.744
SAMEA113540887,PRJEB62473,,,,,,GB,gi_infection_or_diarrhoea,symptoms of acute gastroenteritis,,,,,primary,1.0,2.108
SAMEA113540889,PRJEB62473,,,,,,GB,gi_infection_or_diarrhoea,symptoms of acute gastroenteritis,,,,,primary,1.0,5.546
SAMEA113540891,PRJEB62473,,,,,,GB,gi_infection_or_diarrhoea,symptoms of acute gastroenteritis,,,,,primary,1.0,4.939
SAMEA113540893,PRJEB62473,,,,,,GB,gi_infection_or_diarrhoea,symptoms of acute gastroenteritis,,,,,primary,1.0,3.169
SAMEA113540895,PRJEB62473,,,,,,GB,gi_infection_or_diarrhoea,symptoms of acute gastroenteritis,,,,,primary,1.0,7.526
SAMEA113540897,PRJEB62473,,,,,,GB,gi_infection_or_diarrhoea,symptoms of acute gastroenteritis,,,,,primary,1.0,4.736
SAMEA113540899,PRJEB62473,,,,,,GB,gi_infection_or_diarrhoea,symptoms of acute gastroenteritis,,,,,primary,1.0,4.606
SAMEA113540901,PRJEB62473,,,,,,GB,gi_infection_or_diarrhoea,symptoms of acute gastroenteritis,,,,,primary,1.0,6.211
SAMEA113540903,PRJEB62473,,,,,,GB,gi_infection_or_diarrhoea,symptoms of acute gastroenteritis,,,,,primary,1.0,3.542
SAMEA113540906,PRJEB62473,,,,,,GB,gi_infection_or_diarrhoea,symptoms of acute gastroenteritis,,,,,primary,1.0,3.421
SAMEA113540908,PRJEB62473,,,,,,GB,gi_infection_or_diarrhoea,symptoms of acute gastroenteritis,,,,,primary,1.0,4.318
SAMEA113540909,PRJEB62473,,,,,,GB,gi_infection_or_diarrhoea,symptoms of acute gastroenteritis,,,,,primary,1.0,5.97
SAMEA113540911,PRJEB62473,,,,,,GB,gi_infection_or_diarrhoea,symptoms of acute gastroenteritis,,,,,primary,1.0,4.532
SAMEA113540913,PRJEB62473,,,,,,GB,gi_infection_or_diarrhoea,symptoms of acute gastroenteritis,,,,,primary,1.0,2.009
SAMEA113540915,PRJEB62473,,,,,,GB,gi_infection_or_diarrhoea,symptoms of acute gastroenteritis,,,,,primary,1.0,4.433
SAMEA113540917,PRJEB62473,,,,,,GB,gi_infection_or_diarrhoea,symptoms of acute gastroenteritis,,,,,primary,1.0,4.619
SAMEA113540919,PRJEB62473,,,,,,GB,gi_infection_or_diarrhoea,symptoms of acute gastroenteritis,,,,,primary,1.0,4.326
SAMEA113540921,PRJEB62473,,,,,,GB,gi_infection_or_diarrhoea,symptoms of acute gastroenteritis,,,,,primary,1.0,5.531
SAMEA113540923,PRJEB62473,,,,,,GB,gi_infection_or_diarrhoea,symptoms of acute gastroenteritis,,,,,primary,1.0,4.552
