sample_key,study_accession,subject_id,timepoint_label,age_category,age_at_collection_days,sex,country,health_condition,health_condition_detail,intervention,intervention_detail,antibiotic_exposure,collection_date,body_site_class,n_runs,seq_gbp
SAMEA6662552,PRJEB37731,10,follicular phase,adult,,female,DK,healthy_control,160 healthy women,,,no,2018-01,excluded,1.0,0.203
SAMEA6663023,PRJEB37731,10,follicular phase,adult,,female,DK,healthy_control,160 healthy women,,,no,2018-01,primary,1.0,0.39
SAMEA6663181,PRJEB37731,10,luteal phase,adult,,female,DK,healthy_control,160 healthy women,,,no,2018-01,primary,1.0,0.22
SAMEA6661917,PRJEB37731,10,menstrual phase,adult,,female,DK,healthy_control,160 healthy women,,,no,2018-01,excluded,1.0,0.418
SAMEA6662395,PRJEB37731,10,menstrual phase,adult,,female,DK,healthy_control,160 healthy women,,,no,2018-01,excluded,1.0,0.315
SAMEA6662865,PRJEB37731,10,menstrual phase,adult,,female,DK,healthy_control,160 healthy women,,,no,2018-01,primary,1.0,0.254
SAMEA6663337,PRJEB37731,10,menstrual phase,adult,,female,DK,healthy_control,160 healthy women,,,no,2018-01,primary,1.0,0.135
SAMEA122894984,PRJEB37731,10,,adult,9131.0,female,DK,healthy_control,160 healthy women,,,no,2017,excluded,1.0,0.229
SAMEA122894985,PRJEB37731,10,,adult,9131.0,female,DK,healthy_control,160 healthy women,,,no,2017,excluded,1.0,0.366
SAMEA6662637,PRJEB37731,100,follicular phase,adult,,female,DK,healthy_control,160 healthy women,,,no,2018-01,excluded,1.0,0.255
SAMEA6663106,PRJEB37731,100,follicular phase,adult,,female,DK,healthy_control,160 healthy women,,,no,2018-01,primary,1.0,0.257
SAMEA6662794,PRJEB37731,100,luteal phase,adult,,female,DK,healthy_control,160 healthy women,,,no,2018-01,excluded,1.0,0.187
SAMEA6663264,PRJEB37731,100,luteal phase,adult,,female,DK,healthy_control,160 healthy women,,,no,2018-01,primary,1.0,0.369
SAMEA6662003,PRJEB37731,100,menstrual phase,adult,,female,DK,healthy_control,160 healthy women,,,no,2018-01,excluded,1.0,0.175
SAMEA6662479,PRJEB37731,100,menstrual phase,adult,,female,DK,healthy_control,160 healthy women,,,no,2018-01,excluded,1.0,0.192
SAMEA6662949,PRJEB37731,100,menstrual phase,adult,,female,DK,healthy_control,160 healthy women,,,no,2018-01,primary,1.0,0.177
SAMEA6663420,PRJEB37731,100,menstrual phase,adult,,female,DK,healthy_control,160 healthy women,,,no,2018-01,primary,1.0,0.144
SAMEA122895154,PRJEB37731,100,,adult,8035.5,female,DK,healthy_control,160 healthy women,,,no,2017,excluded,1.0,0.011
SAMEA122895155,PRJEB37731,100,,adult,8035.5,female,DK,healthy_control,160 healthy women,,,no,2017,excluded,1.0,0.004
SAMEA6663107,PRJEB37731,101,follicular phase,adult,,female,DK,autoimmune_inflammatory,rheumatic disease,,,no,2018-01,primary,1.0,0.255
SAMEA6662795,PRJEB37731,101,luteal phase,adult,,female,DK,autoimmune_inflammatory,rheumatic disease,,,no,2018-01,excluded,1.0,0.189
SAMEA6663265,PRJEB37731,101,luteal phase,adult,,female,DK,autoimmune_inflammatory,rheumatic disease,,,no,2018-01,primary,1.0,0.248
SAMEA6662004,PRJEB37731,101,menstrual phase,adult,,female,DK,autoimmune_inflammatory,rheumatic disease,,,no,2018-01,excluded,1.0,0.177
SAMEA6662480,PRJEB37731,101,menstrual phase,adult,,female,DK,autoimmune_inflammatory,rheumatic disease,,,no,2018-01,excluded,1.0,0.115
SAMEA6662950,PRJEB37731,101,menstrual phase,adult,,female,DK,autoimmune_inflammatory,rheumatic disease,,,no,2018-01,primary,1.0,0.178
SAMEA6663421,PRJEB37731,101,menstrual phase,adult,,female,DK,autoimmune_inflammatory,rheumatic disease,,,no,2018-01,primary,1.0,0.176
SAMEA122895156,PRJEB37731,101,,adult,6939.0,female,DK,healthy_control,160 healthy women,,,no,2017,excluded,1.0,0.008
SAMEA122895157,PRJEB37731,101,,adult,6939.0,female,DK,healthy_control,160 healthy women,,,no,2017,excluded,1.0,0.034
SAMEA6662638,PRJEB37731,102,follicular phase,adult,,female,DK,healthy_control,160 healthy women,,,no,2018-01,excluded,1.0,0.248
SAMEA6663108,PRJEB37731,102,follicular phase,adult,,female,DK,healthy_control,160 healthy women,,,no,2018-01,primary,1.0,0.172
SAMEA6662796,PRJEB37731,102,luteal phase,adult,,female,DK,healthy_control,160 healthy women,,,no,2018-01,excluded,1.0,0.273
SAMEA6663266,PRJEB37731,102,luteal phase,adult,,female,DK,healthy_control,160 healthy women,,,no,2018-01,primary,1.0,0.309
SAMEA6662005,PRJEB37731,102,menstrual phase,adult,,female,DK,healthy_control,160 healthy women,,,no,2018-01,excluded,1.0,0.388
SAMEA6662481,PRJEB37731,102,menstrual phase,adult,,female,DK,healthy_control,160 healthy women,,,no,2018-01,excluded,1.0,0.215
SAMEA6662951,PRJEB37731,102,menstrual phase,adult,,female,DK,healthy_control,160 healthy women,,,no,2018-01,primary,1.0,0.25
SAMEA6663422,PRJEB37731,102,menstrual phase,adult,,female,DK,healthy_control,160 healthy women,,,no,2018-01,primary,1.0,0.167
SAMEA122895158,PRJEB37731,102,,adult,14610.0,female,DK,healthy_control,160 healthy women,,,no,2017,excluded,1.0,0.009
SAMEA122895159,PRJEB37731,102,,adult,14610.0,female,DK,healthy_control,160 healthy women,,,no,2017,excluded,1.0,0.001
SAMEA6662639,PRJEB37731,103,follicular phase,adult,,female,DK,healthy_control,160 healthy women,,,no,2018-01,excluded,1.0,0.218
SAMEA6663109,PRJEB37731,103,follicular phase,adult,,female,DK,healthy_control,160 healthy women,,,no,2018-01,primary,1.0,0.293
SAMEA6662797,PRJEB37731,103,luteal phase,adult,,female,DK,healthy_control,160 healthy women,,,no,2018-01,excluded,1.0,0.204
SAMEA6663267,PRJEB37731,103,luteal phase,adult,,female,DK,healthy_control,160 healthy women,,,no,2018-01,primary,1.0,0.207
SAMEA6662006,PRJEB37731,103,menstrual phase,adult,,female,DK,healthy_control,160 healthy women,,,no,2018-01,excluded,1.0,0.161
SAMEA6662482,PRJEB37731,103,menstrual phase,adult,,female,DK,healthy_control,160 healthy women,,,no,2018-01,excluded,1.0,0.031
SAMEA6662952,PRJEB37731,103,menstrual phase,adult,,female,DK,healthy_control,160 healthy women,,,no,2018-01,primary,1.0,0.245
SAMEA6663423,PRJEB37731,103,menstrual phase,adult,,female,DK,healthy_control,160 healthy women,,,no,2018-01,primary,1.0,0.189
SAMEA122895160,PRJEB37731,103,,adult,9131.0,female,DK,healthy_control,160 healthy women,,,no,2017,excluded,1.0,0.104
SAMEA122895161,PRJEB37731,103,,adult,9131.0,female,DK,healthy_control,160 healthy women,,,no,2017,excluded,1.0,0.083
SAMEA122895162,PRJEB37731,103,,adult,9131.0,female,DK,healthy_control,160 healthy women,,,no,2017,excluded,1.0,0.137
SAMEA112858522,PRJEB37731,104,day 10,adult,10601.0,female,DK,allergy_or_atopy,allergies,,,no,2017-11-10,excluded,1.0,0.183
SAMEA112858523,PRJEB37731,104,day 11,adult,10601.0,female,DK,allergy_or_atopy,allergies,,,no,2017-11-11,excluded,1.0,0.113
SAMEA112858524,PRJEB37731,104,day 12,adult,10601.0,female,DK,allergy_or_atopy,allergies,,,no,2017-11-12,excluded,1.0,0.101
SAMEA112858525,PRJEB37731,104,day 13,adult,10601.0,female,DK,allergy_or_atopy,allergies,,,no,2017-11-13,excluded,1.0,0.09
SAMEA112858526,PRJEB37731,104,day 14,adult,10601.0,female,DK,allergy_or_atopy,allergies,,,no,2017-11-14,excluded,1.0,0.096
SAMEA112858527,PRJEB37731,104,day 15,adult,10601.0,female,DK,allergy_or_atopy,allergies,,,no,2017-11-15,excluded,1.0,0.218
SAMEA112858528,PRJEB37731,104,day 16,adult,10601.0,female,DK,allergy_or_atopy,allergies,,,no,2017-11-16,excluded,1.0,0.116
SAMEA112858529,PRJEB37731,104,day 17,adult,10601.0,female,DK,allergy_or_atopy,allergies,,,no,2017-11-17,excluded,1.0,0.142
SAMEA112858530,PRJEB37731,104,day 18,adult,10601.0,female,DK,allergy_or_atopy,allergies,,,no,2017-11-18,excluded,1.0,0.112
SAMEA112858531,PRJEB37731,104,day 19,adult,10601.0,female,DK,allergy_or_atopy,allergies,,,no,2017-11-19,excluded,1.0,0.058
SAMEA112858532,PRJEB37731,104,day 21,adult,10601.0,female,DK,allergy_or_atopy,allergies,,,no,2017-11-21,excluded,1.0,0.0
SAMEA112858533,PRJEB37731,104,day 22,adult,10601.0,female,DK,allergy_or_atopy,allergies,,,no,2017-11-22,excluded,1.0,0.179
SAMEA112858534,PRJEB37731,104,day 23,adult,10601.0,female,DK,allergy_or_atopy,allergies,,,no,2017-11-23,excluded,1.0,0.125
SAMEA112858535,PRJEB37731,104,day 24,adult,10601.0,female,DK,allergy_or_atopy,allergies,,,no,2017-11-24,excluded,1.0,0.154
SAMEA112858536,PRJEB37731,104,day 25,adult,10601.0,female,DK,allergy_or_atopy,allergies,,,no,2017-11-25,excluded,1.0,0.133
SAMEA112858537,PRJEB37731,104,day 26,adult,10601.0,female,DK,allergy_or_atopy,allergies,,,no,2017-11-26,excluded,1.0,0.058
SAMEA112858538,PRJEB37731,104,day 27,adult,10601.0,female,DK,allergy_or_atopy,allergies,,,no,2017-11-27,excluded,1.0,0.121
SAMEA112858540,PRJEB37731,104,day 28,adult,10601.0,female,DK,allergy_or_atopy,allergies,,,no,2017-11-28,excluded,1.0,0.084
SAMEA112858541,PRJEB37731,104,day 29,adult,10601.0,female,DK,allergy_or_atopy,allergies,,,no,2017-11-29,excluded,1.0,0.063
SAMEA112858542,PRJEB37731,104,day 30,adult,10601.0,female,DK,allergy_or_atopy,allergies,,,no,2017-11-30,excluded,1.0,0.137
SAMEA112858543,PRJEB37731,104,day 31,adult,10601.0,female,DK,allergy_or_atopy,allergies,,,no,2017-12-01,excluded,1.0,0.138
SAMEA112858544,PRJEB37731,104,day 32,adult,10601.0,female,DK,allergy_or_atopy,allergies,,,no,2017-12-02,excluded,1.0,0.19
SAMEA112858517,PRJEB37731,104,day 4,adult,10601.0,female,DK,allergy_or_atopy,allergies,,,no,2017-11-04,excluded,1.0,0.0
SAMEA112858518,PRJEB37731,104,day 5,adult,10601.0,female,DK,allergy_or_atopy,allergies,,,no,2017-11-05,excluded,1.0,0.178
SAMEA112858519,PRJEB37731,104,day 6,adult,10601.0,female,DK,allergy_or_atopy,allergies,,,no,2017-11-06,excluded,1.0,0.316
SAMEA112858520,PRJEB37731,104,day 8,adult,10601.0,female,DK,allergy_or_atopy,allergies,,,no,2017-11-08,excluded,1.0,0.097
SAMEA112858521,PRJEB37731,104,day 9,adult,10601.0,female,DK,allergy_or_atopy,allergies,,,no,2017-11-09,excluded,1.0,0.082
SAMEA6662640,PRJEB37731,104,follicular phase,adult,,female,DK,allergy_or_atopy,allergies,,,no,2018-01,excluded,1.0,0.242
SAMEA6663110,PRJEB37731,104,follicular phase,adult,,female,DK,allergy_or_atopy,allergies,,,no,2018-01,primary,1.0,0.248
SAMEA6662798,PRJEB37731,104,luteal phase,adult,,female,DK,allergy_or_atopy,allergies,,,no,2018-01,excluded,1.0,0.164
SAMEA6663268,PRJEB37731,104,luteal phase,adult,,female,DK,allergy_or_atopy,allergies,,,no,2018-01,primary,1.0,0.264
SAMEA6662007,PRJEB37731,104,menstrual phase,adult,,female,DK,allergy_or_atopy,allergies,,,no,2018-01,excluded,1.0,0.261
SAMEA6662483,PRJEB37731,104,menstrual phase,adult,,female,DK,allergy_or_atopy,allergies,,,no,2018-01,excluded,1.0,0.409
SAMEA6662953,PRJEB37731,104,menstrual phase,adult,,female,DK,allergy_or_atopy,allergies,,,no,2018-01,primary,1.0,0.099
SAMEA6663424,PRJEB37731,104,menstrual phase,adult,,female,DK,allergy_or_atopy,allergies,,,no,2018-01,primary,1.0,0.231
SAMEA122895163,PRJEB37731,104,,adult,10601.0,female,DK,healthy_control,160 healthy women,,,no,2017,excluded,1.0,0.006
SAMEA122895164,PRJEB37731,104,,adult,10601.0,female,DK,healthy_control,160 healthy women,,,no,2017,excluded,1.0,0.001
SAMEA6662641,PRJEB37731,105,follicular phase,adult,,female,DK,healthy_control,160 healthy women,,,no,2018-01,excluded,1.0,0.335
SAMEA6663111,PRJEB37731,105,follicular phase,adult,,female,DK,healthy_control,160 healthy women,,,no,2018-01,primary,1.0,0.138
SAMEA6662799,PRJEB37731,105,luteal phase,adult,,female,DK,healthy_control,160 healthy women,,,no,2018-01,excluded,1.0,0.216
SAMEA6663269,PRJEB37731,105,luteal phase,adult,,female,DK,healthy_control,160 healthy women,,,no,2018-01,primary,1.0,0.273
SAMEA6662008,PRJEB37731,105,menstrual phase,adult,,female,DK,healthy_control,160 healthy women,,,no,2018-01,excluded,1.0,0.17
SAMEA6662484,PRJEB37731,105,menstrual phase,adult,,female,DK,healthy_control,160 healthy women,,,no,2018-01,excluded,1.0,0.171
SAMEA6662954,PRJEB37731,105,menstrual phase,adult,,female,DK,healthy_control,160 healthy women,,,no,2018-01,primary,1.0,0.283
SAMEA6663425,PRJEB37731,105,menstrual phase,adult,,female,DK,healthy_control,160 healthy women,,,no,2018-01,primary,1.0,0.33
SAMEA122895165,PRJEB37731,105,,adult,13504.0,female,DK,healthy_control,160 healthy women,,,no,2017,excluded,1.0,0.0
SAMEA122895166,PRJEB37731,105,,adult,13504.0,female,DK,healthy_control,160 healthy women,,,no,2017,excluded,1.0,0.002
SAMEA112858550,PRJEB37731,106,day 10,adult,8391.0,female,DK,healthy_control,160 healthy women,,,no,2017-11-10,excluded,1.0,0.412
SAMEA112858551,PRJEB37731,106,day 11,adult,8391.0,female,DK,healthy_control,160 healthy women,,,no,2017-11-11,excluded,1.0,0.963
SAMEA112858552,PRJEB37731,106,day 13,adult,8391.0,female,DK,healthy_control,160 healthy women,,,no,2017-11-13,excluded,1.0,0.652
SAMEA112858553,PRJEB37731,106,day 15,adult,8391.0,female,DK,healthy_control,160 healthy women,,,no,2017-11-15,excluded,1.0,0.691
SAMEA112858555,PRJEB37731,106,day 17,adult,8391.0,female,DK,healthy_control,160 healthy women,,,no,2017-11-17,excluded,1.0,0.471
SAMEA112858556,PRJEB37731,106,day 18,adult,8391.0,female,DK,healthy_control,160 healthy women,,,no,2017-11-18,excluded,1.0,0.159
SAMEA112858557,PRJEB37731,106,day 20,adult,8391.0,female,DK,healthy_control,160 healthy women,,,no,2017-11-20,excluded,1.0,0.095
SAMEA112858558,PRJEB37731,106,day 21,adult,8391.0,female,DK,healthy_control,160 healthy women,,,no,2017-11-21,excluded,1.0,0.61
SAMEA112858559,PRJEB37731,106,day 22,adult,8391.0,female,DK,healthy_control,160 healthy women,,,no,2017-11-22,excluded,1.0,0.176
SAMEA112858560,PRJEB37731,106,day 23,adult,8391.0,female,DK,healthy_control,160 healthy women,,,no,2017-11-23,excluded,1.0,0.227
SAMEA112858561,PRJEB37731,106,day 24,adult,8391.0,female,DK,healthy_control,160 healthy women,,,no,2017-11-24,excluded,1.0,0.151
SAMEA112858562,PRJEB37731,106,day 25,adult,8391.0,female,DK,healthy_control,160 healthy women,,,no,2017-11-25,excluded,1.0,0.212
SAMEA112858563,PRJEB37731,106,day 26,adult,8391.0,female,DK,healthy_control,160 healthy women,,,no,2017-11-26,excluded,1.0,0.377
SAMEA112858564,PRJEB37731,106,day 27,adult,8391.0,female,DK,healthy_control,160 healthy women,,,no,2017-11-27,excluded,1.0,1.228
SAMEA112858565,PRJEB37731,106,day 28,adult,8391.0,female,DK,healthy_control,160 healthy women,,,no,2017-11-28,excluded,1.0,0.872
SAMEA112858566,PRJEB37731,106,day 29,adult,8391.0,female,DK,healthy_control,160 healthy women,,,no,2017-11-29,excluded,1.0,0.131
SAMEA112858567,PRJEB37731,106,day 30,adult,8391.0,female,DK,healthy_control,160 healthy women,,,no,2017-11-30,excluded,1.0,0.296
SAMEA112858568,PRJEB37731,106,day 31,adult,8391.0,female,DK,healthy_control,160 healthy women,,,no,2017-12-01,excluded,1.0,0.521
SAMEA112858545,PRJEB37731,106,day 4,adult,8391.0,female,DK,healthy_control,160 healthy women,,,no,2017-11-04,excluded,1.0,0.279
SAMEA112858548,PRJEB37731,106,day 8,adult,8391.0,female,DK,healthy_control,160 healthy women,,,no,2017-11-08,excluded,1.0,0.388
SAMEA112858549,PRJEB37731,106,day 9,adult,8391.0,female,DK,healthy_control,160 healthy women,,,no,2017-11-09,excluded,1.0,0.913
SAMEA6662642,PRJEB37731,106,follicular phase,adult,,female,DK,healthy_control,160 healthy women,,,no,2018-01,excluded,1.0,0.321
SAMEA6663112,PRJEB37731,106,follicular phase,adult,,female,DK,healthy_control,160 healthy women,,,no,2018-01,primary,1.0,0.223
SAMEA6662800,PRJEB37731,106,luteal phase,adult,,female,DK,healthy_control,160 healthy women,,,no,2018-01,excluded,1.0,0.288
SAMEA6663270,PRJEB37731,106,luteal phase,adult,,female,DK,healthy_control,160 healthy women,,,no,2018-01,primary,1.0,0.228
SAMEA6662009,PRJEB37731,106,menstrual phase,adult,,female,DK,healthy_control,160 healthy women,,,no,2018-01,excluded,1.0,0.158
SAMEA6662485,PRJEB37731,106,menstrual phase,adult,,female,DK,healthy_control,160 healthy women,,,no,2018-01,excluded,1.0,0.176
SAMEA6662955,PRJEB37731,106,menstrual phase,adult,,female,DK,healthy_control,160 healthy women,,,no,2018-01,primary,1.0,0.337
SAMEA6663426,PRJEB37731,106,menstrual phase,adult,,female,DK,healthy_control,160 healthy women,,,no,2018-01,primary,1.0,0.203
SAMEA122895168,PRJEB37731,106,,adult,8391.0,female,DK,healthy_control,160 healthy women,,,no,2017,excluded,1.0,0.012
SAMEA122895169,PRJEB37731,106,,adult,8391.0,female,DK,healthy_control,160 healthy women,,,no,2017,excluded,1.0,0.006
SAMEA6662643,PRJEB37731,107,follicular phase,adult,,female,DK,allergy_or_atopy,allergies,,,no,2018-01,excluded,1.0,0.215
SAMEA6663113,PRJEB37731,107,follicular phase,adult,,female,DK,allergy_or_atopy,allergies,,,no,2018-01,primary,1.0,0.396
SAMEA6662801,PRJEB37731,107,luteal phase,adult,,female,DK,allergy_or_atopy,allergies,,,no,2018-01,excluded,1.0,0.351
SAMEA6663271,PRJEB37731,107,luteal phase,adult,,female,DK,allergy_or_atopy,allergies,,,no,2018-01,primary,1.0,0.272
SAMEA6662010,PRJEB37731,107,menstrual phase,adult,,female,DK,allergy_or_atopy,allergies,,,no,2018-01,excluded,1.0,0.161
SAMEA6662486,PRJEB37731,107,menstrual phase,adult,,female,DK,allergy_or_atopy,allergies,,,no,2018-01,excluded,1.0,0.333
SAMEA6662956,PRJEB37731,107,menstrual phase,adult,,female,DK,allergy_or_atopy,allergies,,,no,2018-01,primary,1.0,0.235
SAMEA6663427,PRJEB37731,107,menstrual phase,adult,,female,DK,allergy_or_atopy,allergies,,,no,2018-01,primary,1.0,0.28
SAMEA122895171,PRJEB37731,107,,adult,10601.0,female,DK,healthy_control,160 healthy women,,,no,2017,excluded,1.0,0.108
SAMEA122895172,PRJEB37731,107,,adult,10601.0,female,DK,healthy_control,160 healthy women,,,no,2017,excluded,1.0,0.07
SAMEA6662644,PRJEB37731,108,follicular phase,adult,,female,DK,autoimmune_inflammatory,rheumatic disease,,,no,2018-01,excluded,1.0,0.06
SAMEA6663114,PRJEB37731,108,follicular phase,adult,,female,DK,autoimmune_inflammatory,rheumatic disease,,,no,2018-01,primary,1.0,0.276
SAMEA6662802,PRJEB37731,108,luteal phase,adult,,female,DK,autoimmune_inflammatory,rheumatic disease,,,no,2018-01,excluded,1.0,0.205
SAMEA6663272,PRJEB37731,108,luteal phase,adult,,female,DK,autoimmune_inflammatory,rheumatic disease,,,no,2018-01,primary,1.0,0.379
SAMEA6662011,PRJEB37731,108,menstrual phase,adult,,female,DK,autoimmune_inflammatory,rheumatic disease,,,no,2018-01,excluded,1.0,0.185
SAMEA6662487,PRJEB37731,108,menstrual phase,adult,,female,DK,autoimmune_inflammatory,rheumatic disease,,,no,2018-01,excluded,1.0,0.231
SAMEA6662957,PRJEB37731,108,menstrual phase,adult,,female,DK,autoimmune_inflammatory,rheumatic disease,,,no,2018-01,primary,1.0,0.24
SAMEA6663428,PRJEB37731,108,menstrual phase,adult,,female,DK,autoimmune_inflammatory,rheumatic disease,,,no,2018-01,primary,1.0,0.35
SAMEA122895173,PRJEB37731,108,,adult,8035.5,female,DK,healthy_control,160 healthy women,,,no,2017,excluded,1.0,0.001
SAMEA122895174,PRJEB37731,108,,adult,8035.5,female,DK,healthy_control,160 healthy women,,,no,2017,excluded,1.0,0.004
SAMEA6662645,PRJEB37731,109,follicular phase,adult,,female,DK,other_infection,160 healthy women,,,no,2018-01,excluded,1.0,0.168
SAMEA6663115,PRJEB37731,109,follicular phase,adult,,female,DK,other_infection,160 healthy women,,,no,2018-01,primary,1.0,0.265
SAMEA6662803,PRJEB37731,109,luteal phase,adult,,female,DK,other_infection,160 healthy women,,,no,2018-01,excluded,1.0,0.244
SAMEA6663273,PRJEB37731,109,luteal phase,adult,,female,DK,other_infection,160 healthy women,,,no,2018-01,primary,1.0,0.324
SAMEA6662012,PRJEB37731,109,menstrual phase,adult,,female,DK,other_infection,160 healthy women,,,no,2018-01,excluded,1.0,0.15
SAMEA6662488,PRJEB37731,109,menstrual phase,adult,,female,DK,other_infection,160 healthy women,,,no,2018-01,excluded,1.0,0.375
SAMEA6662958,PRJEB37731,109,menstrual phase,adult,,female,DK,other_infection,160 healthy women,,,no,2018-01,primary,1.0,0.234
SAMEA6663429,PRJEB37731,109,menstrual phase,adult,,female,DK,other_infection,160 healthy women,,,no,2018-01,primary,1.0,0.179
SAMEA122895175,PRJEB37731,109,,adult,8766.0,female,DK,healthy_control,160 healthy women,,,no,2017,excluded,1.0,0.129
SAMEA122895176,PRJEB37731,109,,adult,8766.0,female,DK,healthy_control,160 healthy women,,,no,2017,excluded,1.0,0.117
SAMEA6662553,PRJEB37731,11,follicular phase,adult,,female,DK,other_infection,160 healthy women,,,no,2018-01,excluded,1.0,0.38
SAMEA6663024,PRJEB37731,11,follicular phase,adult,,female,DK,other_infection,160 healthy women,,,no,2018-01,primary,1.0,0.312
SAMEA6662711,PRJEB37731,11,luteal phase,adult,,female,DK,other_infection,160 healthy women,,,no,2018-01,excluded,1.0,0.184
SAMEA6663182,PRJEB37731,11,luteal phase,adult,,female,DK,other_infection,160 healthy women,,,no,2018-01,primary,1.0,0.264
SAMEA6661919,PRJEB37731,11,menstrual phase,adult,,female,DK,other_infection,160 healthy women,,,no,2018-01,excluded,1.0,0.246
SAMEA6662396,PRJEB37731,11,menstrual phase,adult,,female,DK,other_infection,160 healthy women,,,no,2018-01,excluded,1.0,0.167
SAMEA6662866,PRJEB37731,11,menstrual phase,adult,,female,DK,other_infection,160 healthy women,,,no,2018-01,primary,1.0,0.284
SAMEA6663338,PRJEB37731,11,menstrual phase,adult,,female,DK,other_infection,160 healthy women,,,no,2018-01,primary,1.0,0.197
SAMEA122894986,PRJEB37731,11,,adult,8391.0,female,DK,healthy_control,160 healthy women,,,no,2017,excluded,1.0,0.04
SAMEA122894987,PRJEB37731,11,,adult,8391.0,female,DK,healthy_control,160 healthy women,,,no,2017,excluded,1.0,0.031
SAMEA112858571,PRJEB37731,110,day 10,adult,8766.0,female,DK,allergy_or_atopy,allergies,,,no,2017-11-17,excluded,1.0,0.344
SAMEA112858572,PRJEB37731,110,day 12,adult,8766.0,female,DK,allergy_or_atopy,allergies,,,no,2017-11-19,excluded,1.0,0.243
SAMEA112858573,PRJEB37731,110,day 13,adult,8766.0,female,DK,allergy_or_atopy,allergies,,,no,2017-11-20,excluded,1.0,0.35
SAMEA112858574,PRJEB37731,110,day 14,adult,8766.0,female,DK,allergy_or_atopy,allergies,,,no,2017-11-21,excluded,1.0,0.284
SAMEA112858575,PRJEB37731,110,day 15,adult,8766.0,female,DK,allergy_or_atopy,allergies,,,no,2017-11-22,excluded,1.0,0.156
SAMEA112858576,PRJEB37731,110,day 16,adult,8766.0,female,DK,allergy_or_atopy,allergies,,,no,2017-11-23,excluded,1.0,0.421
SAMEA112858578,PRJEB37731,110,day 17,adult,8766.0,female,DK,allergy_or_atopy,allergies,,,no,2017-11-24,excluded,1.0,0.425
SAMEA112858579,PRJEB37731,110,day 19,adult,8766.0,female,DK,allergy_or_atopy,allergies,,,no,2017-11-26,excluded,1.0,0.215
SAMEA112858580,PRJEB37731,110,day 20,adult,8766.0,female,DK,allergy_or_atopy,allergies,,,no,2017-11-27,excluded,1.0,0.262
SAMEA112858581,PRJEB37731,110,day 21,adult,8766.0,female,DK,allergy_or_atopy,allergies,,,no,2017-11-28,excluded,1.0,0.293
SAMEA112858582,PRJEB37731,110,day 22,adult,8766.0,female,DK,allergy_or_atopy,allergies,,,no,2017-11-29,excluded,1.0,0.195
SAMEA112858583,PRJEB37731,110,day 23,adult,8766.0,female,DK,allergy_or_atopy,allergies,,,no,2017-11-30,excluded,1.0,0.187
SAMEA112858584,PRJEB37731,110,day 24,adult,8766.0,female,DK,allergy_or_atopy,allergies,,,no,2017-12-01,excluded,1.0,0.416
SAMEA112858585,PRJEB37731,110,day 25,adult,8766.0,female,DK,allergy_or_atopy,allergies,,,no,2017-12-02,excluded,1.0,0.276
SAMEA112858586,PRJEB37731,110,day 26,adult,8766.0,female,DK,allergy_or_atopy,allergies,,,no,2017-12-03,excluded,1.0,0.32
SAMEA112858587,PRJEB37731,110,day 27,adult,8766.0,female,DK,allergy_or_atopy,allergies,,,no,2017-12-04,excluded,1.0,0.452
SAMEA112858588,PRJEB37731,110,day 28,adult,8766.0,female,DK,allergy_or_atopy,allergies,,,no,2017-12-05,excluded,1.0,0.779
SAMEA112858589,PRJEB37731,110,day 29,adult,8766.0,female,DK,allergy_or_atopy,allergies,,,no,2017-12-06,excluded,1.0,0.35
SAMEA112858590,PRJEB37731,110,day 30,adult,8766.0,female,DK,allergy_or_atopy,allergies,,,no,2017-12-07,excluded,1.0,0.43
SAMEA112858591,PRJEB37731,110,day 31,adult,8766.0,female,DK,allergy_or_atopy,allergies,,,no,2017-12-08,excluded,1.0,0.487
SAMEA112858569,PRJEB37731,110,day 8,adult,8766.0,female,DK,allergy_or_atopy,allergies,,,no,2017-11-15,excluded,1.0,0.234
SAMEA112858570,PRJEB37731,110,day 9,adult,8766.0,female,DK,allergy_or_atopy,allergies,,,no,2017-11-16,excluded,1.0,0.136
SAMEA6662646,PRJEB37731,110,follicular phase,adult,,female,DK,allergy_or_atopy,allergies,,,no,2018-01,excluded,1.0,0.473
SAMEA6663116,PRJEB37731,110,follicular phase,adult,,female,DK,allergy_or_atopy,allergies,,,no,2018-01,primary,1.0,0.171
SAMEA6662804,PRJEB37731,110,luteal phase,adult,,female,DK,allergy_or_atopy,allergies,,,no,2018-01,excluded,1.0,0.17
SAMEA6663274,PRJEB37731,110,luteal phase,adult,,female,DK,allergy_or_atopy,allergies,,,no,2018-01,primary,1.0,0.206
SAMEA6662013,PRJEB37731,110,menstrual phase,adult,,female,DK,allergy_or_atopy,allergies,,,no,2018-01,excluded,1.0,0.151
SAMEA6662489,PRJEB37731,110,menstrual phase,adult,,female,DK,allergy_or_atopy,allergies,,,no,2018-01,excluded,1.0,0.242
SAMEA6662959,PRJEB37731,110,menstrual phase,adult,,female,DK,allergy_or_atopy,allergies,,,no,2018-01,primary,1.0,0.265
SAMEA6663430,PRJEB37731,110,menstrual phase,adult,,female,DK,allergy_or_atopy,allergies,,,no,2018-01,primary,1.0,0.201
SAMEA122895177,PRJEB37731,110,,adult,8766.0,female,DK,healthy_control,160 healthy women,,,no,2017,excluded,1.0,0.003
SAMEA122895178,PRJEB37731,110,,adult,8766.0,female,DK,healthy_control,160 healthy women,,,no,2017,excluded,1.0,0.004
SAMEA6662647,PRJEB37731,111,follicular phase,adult,,female,DK,healthy_control,160 healthy women,,,no,2018-01,excluded,1.0,0.108
SAMEA6663117,PRJEB37731,111,follicular phase,adult,,female,DK,healthy_control,160 healthy women,,,no,2018-01,primary,1.0,0.153
SAMEA6662805,PRJEB37731,111,luteal phase,adult,,female,DK,healthy_control,160 healthy women,,,no,2018-01,excluded,1.0,0.211
SAMEA6663275,PRJEB37731,111,luteal phase,adult,,female,DK,healthy_control,160 healthy women,,,no,2018-01,primary,1.0,0.277
SAMEA6662014,PRJEB37731,111,menstrual phase,adult,,female,DK,healthy_control,160 healthy women,,,no,2018-01,excluded,1.0,0.186
SAMEA6662490,PRJEB37731,111,menstrual phase,adult,,female,DK,healthy_control,160 healthy women,,,no,2018-01,excluded,1.0,0.163
SAMEA6662960,PRJEB37731,111,menstrual phase,adult,,female,DK,healthy_control,160 healthy women,,,no,2018-01,primary,1.0,0.29
SAMEA6663431,PRJEB37731,111,menstrual phase,adult,,female,DK,healthy_control,160 healthy women,,,no,2018-01,primary,1.0,0.201
SAMEA122895179,PRJEB37731,111,,adult,8391.0,female,DK,healthy_control,160 healthy women,,,no,2017,excluded,1.0,0.013
SAMEA122895180,PRJEB37731,111,,adult,8391.0,female,DK,healthy_control,160 healthy women,,,no,2017,excluded,1.0,0.031
SAMEA6662648,PRJEB37731,112,follicular phase,adult,,female,DK,healthy_control,160 healthy women,,,no,2018-01,excluded,1.0,0.092
SAMEA6663118,PRJEB37731,112,follicular phase,adult,,female,DK,healthy_control,160 healthy women,,,no,2018-01,primary,1.0,0.424
SAMEA6663276,PRJEB37731,112,luteal phase,adult,,female,DK,healthy_control,160 healthy women,,,no,2018-01,primary,1.0,0.235
SAMEA6662015,PRJEB37731,112,menstrual phase,adult,,female,DK,healthy_control,160 healthy women,,,no,2018-01,excluded,1.0,0.174
SAMEA6662491,PRJEB37731,112,menstrual phase,adult,,female,DK,healthy_control,160 healthy women,,,no,2018-01,excluded,1.0,0.082
SAMEA6662961,PRJEB37731,112,menstrual phase,adult,,female,DK,healthy_control,160 healthy women,,,no,2018-01,primary,1.0,0.287
SAMEA6663432,PRJEB37731,112,menstrual phase,adult,,female,DK,healthy_control,160 healthy women,,,no,2018-01,primary,1.0,0.195
SAMEA122895181,PRJEB37731,112,,adult,9857.0,female,DK,healthy_control,160 healthy women,,,no,2017,excluded,1.0,0.005
SAMEA122895182,PRJEB37731,112,,adult,9857.0,female,DK,healthy_control,160 healthy women,,,no,2017,excluded,1.0,0.013
SAMEA6662649,PRJEB37731,113,follicular phase,adult,,female,DK,allergy_or_atopy,allergies,,,no,2018-01,excluded,1.0,0.274
SAMEA6663119,PRJEB37731,113,follicular phase,adult,,female,DK,allergy_or_atopy,allergies,,,no,2018-01,primary,1.0,0.206
SAMEA6662807,PRJEB37731,113,luteal phase,adult,,female,DK,allergy_or_atopy,allergies,,,no,2018-01,excluded,1.0,0.212
SAMEA6663277,PRJEB37731,113,luteal phase,adult,,female,DK,allergy_or_atopy,allergies,,,no,2018-01,primary,1.0,0.3
SAMEA6662016,PRJEB37731,113,menstrual phase,adult,,female,DK,allergy_or_atopy,allergies,,,no,2018-01,excluded,1.0,0.167
SAMEA6662492,PRJEB37731,113,menstrual phase,adult,,female,DK,allergy_or_atopy,allergies,,,no,2018-01,excluded,1.0,0.301
SAMEA6662962,PRJEB37731,113,menstrual phase,adult,,female,DK,allergy_or_atopy,allergies,,,no,2018-01,primary,1.0,0.695
SAMEA6663433,PRJEB37731,113,menstrual phase,adult,,female,DK,allergy_or_atopy,allergies,,,no,2018-01,primary,1.0,0.207
SAMEA122895183,PRJEB37731,113,,adult,7670.2,female,DK,healthy_control,160 healthy women,,,no,2017,excluded,1.0,0.052
SAMEA122895184,PRJEB37731,113,,adult,7670.2,female,DK,healthy_control,160 healthy women,,,no,2017,excluded,1.0,0.036
SAMEA6662650,PRJEB37731,114,follicular phase,adult,,female,DK,healthy_control,160 healthy women,,,no,2018-01,excluded,1.0,0.261
SAMEA6663120,PRJEB37731,114,follicular phase,adult,,female,DK,healthy_control,160 healthy women,,,no,2018-01,primary,1.0,0.141
SAMEA6662808,PRJEB37731,114,luteal phase,adult,,female,DK,healthy_control,160 healthy women,,,no,2018-01,excluded,1.0,0.121
SAMEA6663278,PRJEB37731,114,luteal phase,adult,,female,DK,healthy_control,160 healthy women,,,no,2018-01,primary,1.0,0.142
SAMEA6662017,PRJEB37731,114,menstrual phase,adult,,female,DK,healthy_control,160 healthy women,,,no,2018-01,excluded,1.0,0.158
SAMEA6663434,PRJEB37731,114,menstrual phase,adult,,female,DK,healthy_control,160 healthy women,,,no,2018-01,primary,1.0,0.24
SAMEA122895185,PRJEB37731,114,,adult,8391.0,female,DK,healthy_control,160 healthy women,,,no,2017,excluded,1.0,0.001
SAMEA122895186,PRJEB37731,114,,adult,8391.0,female,DK,healthy_control,160 healthy women,,,no,2017,excluded,1.0,0.004
SAMEA112858597,PRJEB37731,115,day 10,adult,8391.0,female,DK,healthy_control,160 healthy women,,,no,2017-11-18,excluded,1.0,0.491
SAMEA112858598,PRJEB37731,115,day 11,adult,8391.0,female,DK,healthy_control,160 healthy women,,,no,2017-11-18,excluded,1.0,0.638
SAMEA112858599,PRJEB37731,115,day 12,adult,8391.0,female,DK,healthy_control,160 healthy women,,,no,2017-11-18,excluded,1.0,0.491
SAMEA112858600,PRJEB37731,115,day 13,adult,8391.0,female,DK,healthy_control,160 healthy women,,,no,2017-11-18,excluded,1.0,0.311
SAMEA112858601,PRJEB37731,115,day 14,adult,8391.0,female,DK,healthy_control,160 healthy women,,,no,2017-11-18,excluded,1.0,0.343
SAMEA112858602,PRJEB37731,115,day 15,adult,8391.0,female,DK,healthy_control,160 healthy women,,,no,2017-11-18,excluded,1.0,0.23
SAMEA112858603,PRJEB37731,115,day 17,adult,8391.0,female,DK,healthy_control,160 healthy women,,,no,2017-11-18,excluded,1.0,0.432
SAMEA112858604,PRJEB37731,115,day 18,adult,8391.0,female,DK,healthy_control,160 healthy women,,,no,2017-11-18,excluded,1.0,0.565
SAMEA112858605,PRJEB37731,115,day 19,adult,8391.0,female,DK,healthy_control,160 healthy women,,,no,2017-11-18,excluded,1.0,0.552
SAMEA112858606,PRJEB37731,115,day 21,adult,8391.0,female,DK,healthy_control,160 healthy women,,,no,2017-11-18,excluded,1.0,0.321
SAMEA112858607,PRJEB37731,115,day 22,adult,8391.0,female,DK,healthy_control,160 healthy women,,,no,2017-11-18,excluded,1.0,0.278
SAMEA112858608,PRJEB37731,115,day 23,adult,8391.0,female,DK,healthy_control,160 healthy women,,,no,2017-11-18,excluded,1.0,0.418
SAMEA112858609,PRJEB37731,115,day 24,adult,8391.0,female,DK,healthy_control,160 healthy women,,,no,2017-11-18,excluded,1.0,0.485
SAMEA112858610,PRJEB37731,115,day 25,adult,8391.0,female,DK,healthy_control,160 healthy women,,,no,2017-11-18,excluded,1.0,0.248
SAMEA112858611,PRJEB37731,115,day 26,adult,8391.0,female,DK,healthy_control,160 healthy women,,,no,2017-11-18,excluded,1.0,0.792
SAMEA112858612,PRJEB37731,115,day 27,adult,8391.0,female,DK,healthy_control,160 healthy women,,,no,2017-11-18,excluded,1.0,0.496
SAMEA112858613,PRJEB37731,115,day 28,adult,8391.0,female,DK,healthy_control,160 healthy women,,,no,2017-11-18,excluded,1.0,0.377
SAMEA112858614,PRJEB37731,115,day 30,adult,8391.0,female,DK,healthy_control,160 healthy women,,,no,2017-11-18,excluded,1.0,0.101
SAMEA112858615,PRJEB37731,115,day 31,adult,8391.0,female,DK,healthy_control,160 healthy women,,,no,2017-11-18,excluded,1.0,0.201
SAMEA112858616,PRJEB37731,115,day 32,adult,8391.0,female,DK,healthy_control,160 healthy women,,,no,2017-11-18,excluded,1.0,0.307
SAMEA112858592,PRJEB37731,115,day 4,adult,8391.0,female,DK,healthy_control,160 healthy women,,,no,2017-11-18,excluded,1.0,3.057
SAMEA112858593,PRJEB37731,115,day 5,adult,8391.0,female,DK,healthy_control,160 healthy women,,,no,2017-11-18,excluded,1.0,0.852
SAMEA112858594,PRJEB37731,115,day 6,adult,8391.0,female,DK,healthy_control,160 healthy women,,,no,2017-11-18,excluded,1.0,1.106
SAMEA112858595,PRJEB37731,115,day 8,adult,8391.0,female,DK,healthy_control,160 healthy women,,,no,2017-11-18,excluded,1.0,0.396
SAMEA112858596,PRJEB37731,115,day 9,adult,8391.0,female,DK,healthy_control,160 healthy women,,,no,2017-11-18,excluded,1.0,0.354
SAMEA6662651,PRJEB37731,115,follicular phase,adult,,female,DK,healthy_control,160 healthy women,,,no,2018-01,excluded,1.0,0.292
SAMEA6663121,PRJEB37731,115,follicular phase,adult,,female,DK,healthy_control,160 healthy women,,,no,2018-01,primary,1.0,0.164
SAMEA6662809,PRJEB37731,115,luteal phase,adult,,female,DK,healthy_control,160 healthy women,,,no,2018-01,excluded,1.0,0.035
SAMEA6663279,PRJEB37731,115,luteal phase,adult,,female,DK,healthy_control,160 healthy women,,,no,2018-01,primary,1.0,0.23
SAMEA6662018,PRJEB37731,115,menstrual phase,adult,,female,DK,healthy_control,160 healthy women,,,no,2018-01,excluded,1.0,0.179
SAMEA6662493,PRJEB37731,115,menstrual phase,adult,,female,DK,healthy_control,160 healthy women,,,no,2018-01,excluded,1.0,0.324
SAMEA6662963,PRJEB37731,115,menstrual phase,adult,,female,DK,healthy_control,160 healthy women,,,no,2018-01,primary,1.0,0.323
SAMEA6663435,PRJEB37731,115,menstrual phase,adult,,female,DK,healthy_control,160 healthy women,,,no,2018-01,primary,1.0,0.105
SAMEA122895187,PRJEB37731,115,,adult,8391.0,female,DK,healthy_control,160 healthy women,,,no,2017,excluded,1.0,0.013
SAMEA122895188,PRJEB37731,115,,adult,8391.0,female,DK,healthy_control,160 healthy women,,,no,2017,excluded,1.0,0.003
SAMEA6662652,PRJEB37731,116,follicular phase,adult,,female,DK,autoimmune_inflammatory,rheumatic disease,,,no,2018-01,excluded,1.0,0.281
SAMEA6663122,PRJEB37731,116,follicular phase,adult,,female,DK,autoimmune_inflammatory,rheumatic disease,,,no,2018-01,primary,1.0,0.19
SAMEA6662810,PRJEB37731,116,luteal phase,adult,,female,DK,autoimmune_inflammatory,rheumatic disease,,,no,2018-01,excluded,1.0,0.144
SAMEA6663280,PRJEB37731,116,luteal phase,adult,,female,DK,autoimmune_inflammatory,rheumatic disease,,,no,2018-01,primary,1.0,0.27
SAMEA6662019,PRJEB37731,116,menstrual phase,adult,,female,DK,autoimmune_inflammatory,rheumatic disease,,,no,2018-01,excluded,1.0,0.199
SAMEA6662494,PRJEB37731,116,menstrual phase,adult,,female,DK,autoimmune_inflammatory,rheumatic disease,,,no,2018-01,excluded,1.0,0.332
SAMEA6662964,PRJEB37731,116,menstrual phase,adult,,female,DK,autoimmune_inflammatory,rheumatic disease,,,no,2018-01,primary,1.0,0.14
SAMEA6663436,PRJEB37731,116,menstrual phase,adult,,female,DK,autoimmune_inflammatory,rheumatic disease,,,no,2018-01,primary,1.0,0.341
SAMEA122895189,PRJEB37731,116,,adult,8391.0,female,DK,healthy_control,160 healthy women,,,no,2017,excluded,1.0,0.004
SAMEA122895190,PRJEB37731,116,,adult,8391.0,female,DK,healthy_control,160 healthy women,,,no,2017,excluded,1.0,0.003
SAMEA112858623,PRJEB37731,117,day 10,adult,11688.0,female,DK,allergy_or_atopy,allergies,,,no,2017-11-23,excluded,1.0,1.982
SAMEA112858624,PRJEB37731,117,day 11,adult,11688.0,female,DK,allergy_or_atopy,allergies,,,no,2017-11-24,excluded,1.0,1.121
SAMEA112858625,PRJEB37731,117,day 12,adult,11688.0,female,DK,allergy_or_atopy,allergies,,,no,2017-11-25,excluded,1.0,0.636
SAMEA112858626,PRJEB37731,117,day 13,adult,11688.0,female,DK,allergy_or_atopy,allergies,,,no,2017-11-26,excluded,1.0,0.485
SAMEA112858627,PRJEB37731,117,day 14,adult,11688.0,female,DK,allergy_or_atopy,allergies,,,no,2017-11-27,excluded,1.0,0.469
SAMEA112858628,PRJEB37731,117,day 15,adult,11688.0,female,DK,allergy_or_atopy,allergies,,,no,2017-11-28,excluded,1.0,0.705
SAMEA112858629,PRJEB37731,117,day 16,adult,11688.0,female,DK,allergy_or_atopy,allergies,,,no,2017-11-29,excluded,1.0,0.742
SAMEA112858630,PRJEB37731,117,day 17,adult,11688.0,female,DK,allergy_or_atopy,allergies,,,no,2017-11-30,excluded,1.0,1.162
SAMEA112858631,PRJEB37731,117,day 18,adult,11688.0,female,DK,allergy_or_atopy,allergies,,,no,2017-12-01,excluded,1.0,0.627
SAMEA112858632,PRJEB37731,117,day 19,adult,11688.0,female,DK,allergy_or_atopy,allergies,,,no,2017-12-02,excluded,1.0,1.102
SAMEA112858633,PRJEB37731,117,day 20,adult,11688.0,female,DK,allergy_or_atopy,allergies,,,no,2017-12-03,excluded,1.0,0.784
SAMEA112858634,PRJEB37731,117,day 22,adult,11688.0,female,DK,allergy_or_atopy,allergies,,,no,2017-12-05,excluded,1.0,1.26
SAMEA112858635,PRJEB37731,117,day 23,adult,11688.0,female,DK,allergy_or_atopy,allergies,,,no,2017-12-06,excluded,1.0,0.407
SAMEA112858636,PRJEB37731,117,day 24,adult,11688.0,female,DK,allergy_or_atopy,allergies,,,no,2017-12-07,excluded,1.0,0.367
SAMEA112858637,PRJEB37731,117,day 25,adult,11688.0,female,DK,allergy_or_atopy,allergies,,,no,2017-12-08,excluded,1.0,0.604
SAMEA112858638,PRJEB37731,117,day 26,adult,11688.0,female,DK,allergy_or_atopy,allergies,,,no,2017-12-09,excluded,1.0,0.565
SAMEA112858639,PRJEB37731,117,day 27,adult,11688.0,female,DK,allergy_or_atopy,allergies,,,no,2017-12-10,excluded,1.0,0.433
SAMEA112858640,PRJEB37731,117,day 28,adult,11688.0,female,DK,allergy_or_atopy,allergies,,,no,2017-12-11,excluded,1.0,0.645
SAMEA112858641,PRJEB37731,117,day 29,adult,11688.0,female,DK,allergy_or_atopy,allergies,,,no,2017-12-12,excluded,1.0,0.434
SAMEA112858642,PRJEB37731,117,day 30,adult,11688.0,female,DK,allergy_or_atopy,allergies,,,no,2017-12-13,excluded,1.0,0.85
SAMEA112858643,PRJEB37731,117,day 31,adult,11688.0,female,DK,allergy_or_atopy,allergies,,,no,2017-12-14,excluded,1.0,1.014
SAMEA112858644,PRJEB37731,117,day 32,adult,11688.0,female,DK,allergy_or_atopy,allergies,,,no,2017-12-15,excluded,1.0,0.849
SAMEA112858618,PRJEB37731,117,day 4,adult,11688.0,female,DK,allergy_or_atopy,allergies,,,no,2017-11-17,excluded,1.0,0.383
SAMEA112858619,PRJEB37731,117,day 5,adult,11688.0,female,DK,allergy_or_atopy,allergies,,,no,2017-11-18,excluded,1.0,0.517
SAMEA112858620,PRJEB37731,117,day 6,adult,11688.0,female,DK,allergy_or_atopy,allergies,,,no,2017-11-19,excluded,1.0,0.286
SAMEA112858621,PRJEB37731,117,day 7,adult,11688.0,female,DK,allergy_or_atopy,allergies,,,no,2017-11-20,excluded,1.0,0.441
SAMEA112858622,PRJEB37731,117,day 8,adult,11688.0,female,DK,allergy_or_atopy,allergies,,,no,2017-11-21,excluded,1.0,0.399
SAMEA6662653,PRJEB37731,117,follicular phase,adult,,female,DK,allergy_or_atopy,allergies,,,no,2018-01,excluded,1.0,0.31
SAMEA6663123,PRJEB37731,117,follicular phase,adult,,female,DK,allergy_or_atopy,allergies,,,no,2018-01,primary,1.0,0.168
SAMEA6662811,PRJEB37731,117,luteal phase,adult,,female,DK,allergy_or_atopy,allergies,,,no,2018-01,excluded,1.0,0.228
SAMEA6663281,PRJEB37731,117,luteal phase,adult,,female,DK,allergy_or_atopy,allergies,,,no,2018-01,primary,1.0,0.352
SAMEA6662020,PRJEB37731,117,menstrual phase,adult,,female,DK,allergy_or_atopy,allergies,,,no,2018-01,excluded,1.0,0.173
SAMEA6662495,PRJEB37731,117,menstrual phase,adult,,female,DK,allergy_or_atopy,allergies,,,no,2018-01,excluded,1.0,0.041
SAMEA6662965,PRJEB37731,117,menstrual phase,adult,,female,DK,allergy_or_atopy,allergies,,,no,2018-01,primary,1.0,0.149
SAMEA6663437,PRJEB37731,117,menstrual phase,adult,,female,DK,allergy_or_atopy,allergies,,,no,2018-01,primary,1.0,0.195
SAMEA122895191,PRJEB37731,117,,adult,11688.0,female,DK,healthy_control,160 healthy women,,,no,2017,excluded,1.0,0.005
SAMEA122895192,PRJEB37731,117,,adult,11688.0,female,DK,healthy_control,160 healthy women,,,no,2017,excluded,1.0,0.01
SAMEA6662654,PRJEB37731,118,follicular phase,adult,,female,DK,healthy_control,160 healthy women,,,no,2018-01,excluded,1.0,0.124
SAMEA6663124,PRJEB37731,118,follicular phase,adult,,female,DK,healthy_control,160 healthy women,,,no,2018-01,primary,1.0,0.15
SAMEA6662812,PRJEB37731,118,luteal phase,adult,,female,DK,healthy_control,160 healthy women,,,no,2018-01,excluded,1.0,0.014
SAMEA6663282,PRJEB37731,118,luteal phase,adult,,female,DK,healthy_control,160 healthy women,,,no,2018-01,primary,1.0,0.215
SAMEA6662021,PRJEB37731,118,menstrual phase,adult,,female,DK,healthy_control,160 healthy women,,,no,2018-01,excluded,1.0,0.192
SAMEA6662496,PRJEB37731,118,menstrual phase,adult,,female,DK,healthy_control,160 healthy women,,,no,2018-01,excluded,1.0,0.405
SAMEA6662966,PRJEB37731,118,menstrual phase,adult,,female,DK,healthy_control,160 healthy women,,,no,2018-01,primary,1.0,0.255
SAMEA6663438,PRJEB37731,118,menstrual phase,adult,,female,DK,healthy_control,160 healthy women,,,no,2018-01,primary,1.0,0.156
SAMEA122895193,PRJEB37731,118,,adult,8391.0,female,DK,healthy_control,160 healthy women,,,no,2017,excluded,1.0,0.003
SAMEA122895194,PRJEB37731,118,,adult,8391.0,female,DK,healthy_control,160 healthy women,,,no,2017,excluded,1.0,0.003
SAMEA112858650,PRJEB37731,119,day 10,adult,8035.5,female,DK,healthy_control,160 healthy women,,,no,2017-11-23,excluded,1.0,0.18
SAMEA112858651,PRJEB37731,119,day 11,adult,8035.5,female,DK,healthy_control,160 healthy women,,,no,2017-11-24,excluded,1.0,0.33
SAMEA112858652,PRJEB37731,119,day 12,adult,8035.5,female,DK,healthy_control,160 healthy women,,,no,2017-11-25,excluded,1.0,0.296
SAMEA112858653,PRJEB37731,119,day 13,adult,8035.5,female,DK,healthy_control,160 healthy women,,,no,2017-11-26,excluded,1.0,0.266
SAMEA112858654,PRJEB37731,119,day 14,adult,8035.5,female,DK,healthy_control,160 healthy women,,,no,2017-11-27,excluded,1.0,0.279
SAMEA112858655,PRJEB37731,119,day 15,adult,8035.5,female,DK,healthy_control,160 healthy women,,,no,2017-11-28,excluded,1.0,0.191
SAMEA112858656,PRJEB37731,119,day 16,adult,8035.5,female,DK,healthy_control,160 healthy women,,,no,2017-11-29,excluded,1.0,0.192
SAMEA112858657,PRJEB37731,119,day 17,adult,8035.5,female,DK,healthy_control,160 healthy women,,,no,2017-11-30,excluded,1.0,0.316
SAMEA112858658,PRJEB37731,119,day 18,adult,8035.5,female,DK,healthy_control,160 healthy women,,,no,2017-12-01,excluded,1.0,0.215
SAMEA112858659,PRJEB37731,119,day 19,adult,8035.5,female,DK,healthy_control,160 healthy women,,,no,2017-12-02,excluded,1.0,0.212
SAMEA112858660,PRJEB37731,119,day 20,adult,8035.5,female,DK,healthy_control,160 healthy women,,,no,2017-12-03,excluded,1.0,0.21
SAMEA112858661,PRJEB37731,119,day 22,adult,8035.5,female,DK,healthy_control,160 healthy women,,,no,2017-12-05,excluded,1.0,0.228
SAMEA112858662,PRJEB37731,119,day 23,adult,8035.5,female,DK,healthy_control,160 healthy women,,,no,2017-12-06,excluded,1.0,0.411
SAMEA112858663,PRJEB37731,119,day 24,adult,8035.5,female,DK,healthy_control,160 healthy women,,,no,2017-12-07,excluded,1.0,0.278
SAMEA112858664,PRJEB37731,119,day 25,adult,8035.5,female,DK,healthy_control,160 healthy women,,,no,2017-12-08,excluded,1.0,0.218
SAMEA112858665,PRJEB37731,119,day 26,adult,8035.5,female,DK,healthy_control,160 healthy women,,,no,2017-12-09,excluded,1.0,0.352
SAMEA112858666,PRJEB37731,119,day 27,adult,8035.5,female,DK,healthy_control,160 healthy women,,,no,2017-12-10,excluded,1.0,0.207
SAMEA112858667,PRJEB37731,119,day 28,adult,8035.5,female,DK,healthy_control,160 healthy women,,,no,2017-12-11,excluded,1.0,0.203
SAMEA112858668,PRJEB37731,119,day 29,adult,8035.5,female,DK,healthy_control,160 healthy women,,,no,2017-12-12,excluded,1.0,0.174
SAMEA112858669,PRJEB37731,119,day 30,adult,8035.5,female,DK,healthy_control,160 healthy women,,,no,2017-12-13,excluded,1.0,0.143
SAMEA112858670,PRJEB37731,119,day 31,adult,8035.5,female,DK,healthy_control,160 healthy women,,,no,2017-12-14,excluded,1.0,0.224
SAMEA112858671,PRJEB37731,119,day 32,adult,8035.5,female,DK,healthy_control,160 healthy women,,,no,2017-12-15,excluded,1.0,0.17
SAMEA112858645,PRJEB37731,119,day 5,adult,8035.5,female,DK,healthy_control,160 healthy women,,,no,2017-11-18,excluded,1.0,0.0
SAMEA112858646,PRJEB37731,119,day 6,adult,8035.5,female,DK,healthy_control,160 healthy women,,,no,2017-11-19,excluded,1.0,0.204
SAMEA112858648,PRJEB37731,119,day 7,adult,8035.5,female,DK,healthy_control,160 healthy women,,,no,2017-11-20,excluded,1.0,0.099
SAMEA112858649,PRJEB37731,119,day 8,adult,8035.5,female,DK,healthy_control,160 healthy women,,,no,2017-11-21,excluded,1.0,0.155
SAMEA6662655,PRJEB37731,119,follicular phase,adult,,female,DK,healthy_control,160 healthy women,,,no,2018-01,excluded,1.0,0.19
SAMEA6663125,PRJEB37731,119,follicular phase,adult,,female,DK,healthy_control,160 healthy women,,,no,2018-01,primary,1.0,0.198
SAMEA6662813,PRJEB37731,119,luteal phase,adult,,female,DK,healthy_control,160 healthy women,,,no,2018-01,excluded,1.0,0.196
SAMEA6663283,PRJEB37731,119,luteal phase,adult,,female,DK,healthy_control,160 healthy women,,,no,2018-01,primary,1.0,0.231
SAMEA6662022,PRJEB37731,119,menstrual phase,adult,,female,DK,healthy_control,160 healthy women,,,no,2018-01,excluded,1.0,0.169
SAMEA6662497,PRJEB37731,119,menstrual phase,adult,,female,DK,healthy_control,160 healthy women,,,no,2018-01,excluded,1.0,0.127
SAMEA6662967,PRJEB37731,119,menstrual phase,adult,,female,DK,healthy_control,160 healthy women,,,no,2018-01,primary,1.0,0.158
SAMEA6663439,PRJEB37731,119,menstrual phase,adult,,female,DK,healthy_control,160 healthy women,,,no,2018-01,primary,1.0,0.159
SAMEA122895195,PRJEB37731,119,,adult,8035.5,female,DK,healthy_control,160 healthy women,,,no,2017,excluded,1.0,0.002
SAMEA122895196,PRJEB37731,119,,adult,8035.5,female,DK,healthy_control,160 healthy women,,,no,2017,excluded,1.0,0.003
SAMEA6662554,PRJEB37731,12,follicular phase,adult,,female,DK,healthy_control,160 healthy women,,,no,2018-01,excluded,1.0,0.196
SAMEA6663025,PRJEB37731,12,follicular phase,adult,,female,DK,healthy_control,160 healthy women,,,no,2018-01,primary,1.0,0.15
SAMEA6662712,PRJEB37731,12,luteal phase,adult,,female,DK,healthy_control,160 healthy women,,,no,2018-01,excluded,1.0,0.228
SAMEA6663183,PRJEB37731,12,luteal phase,adult,,female,DK,healthy_control,160 healthy women,,,no,2018-01,primary,1.0,0.133
SAMEA6661920,PRJEB37731,12,menstrual phase,adult,,female,DK,healthy_control,160 healthy women,,,no,2018-01,excluded,1.0,0.419
SAMEA6662397,PRJEB37731,12,menstrual phase,adult,,female,DK,healthy_control,160 healthy women,,,no,2018-01,excluded,1.0,0.135
SAMEA6662867,PRJEB37731,12,menstrual phase,adult,,female,DK,healthy_control,160 healthy women,,,no,2018-01,primary,1.0,0.237
SAMEA6663339,PRJEB37731,12,menstrual phase,adult,,female,DK,healthy_control,160 healthy women,,,no,2018-01,primary,1.0,0.234
SAMEA122894988,PRJEB37731,12,,adult,9131.0,female,DK,healthy_control,160 healthy women,,,no,2017,excluded,1.0,0.03
SAMEA122894989,PRJEB37731,12,,adult,9131.0,female,DK,healthy_control,160 healthy women,,,no,2017,excluded,1.0,0.162
SAMEA112858677,PRJEB37731,120,day 10,adult,10957.5,female,DK,other_infection,160 healthy women,,,no,2017-11-24,excluded,1.0,4.117
SAMEA112858678,PRJEB37731,120,day 11,adult,10957.5,female,DK,other_infection,160 healthy women,,,no,2017-11-25,excluded,1.0,7.764
SAMEA112858680,PRJEB37731,120,day 12,adult,10957.5,female,DK,other_infection,160 healthy women,,,no,2017-11-26,excluded,1.0,0.248
SAMEA112858681,PRJEB37731,120,day 13,adult,10957.5,female,DK,other_infection,160 healthy women,,,no,2017-11-27,excluded,1.0,4.805
SAMEA112858682,PRJEB37731,120,day 14,adult,10957.5,female,DK,other_infection,160 healthy women,,,no,2017-11-28,excluded,1.0,3.3
SAMEA112858683,PRJEB37731,120,day 15,adult,10957.5,female,DK,other_infection,160 healthy women,,,no,2017-11-29,excluded,1.0,2.776
SAMEA112858684,PRJEB37731,120,day 16,adult,10957.5,female,DK,other_infection,160 healthy women,,,no,2017-11-30,excluded,1.0,6.065
SAMEA112858685,PRJEB37731,120,day 17,adult,10957.5,female,DK,other_infection,160 healthy women,,,no,2017-12-01,excluded,1.0,3.127
SAMEA112858686,PRJEB37731,120,day 18,adult,10957.5,female,DK,other_infection,160 healthy women,,,no,2017-12-02,excluded,1.0,3.808
SAMEA112858687,PRJEB37731,120,day 19,adult,10957.5,female,DK,other_infection,160 healthy women,,,no,2017-12-03,excluded,1.0,7.079
SAMEA112858688,PRJEB37731,120,day 21,adult,10957.5,female,DK,other_infection,160 healthy women,,,no,2017-12-05,excluded,1.0,2.638
SAMEA112858689,PRJEB37731,120,day 22,adult,10957.5,female,DK,other_infection,160 healthy women,,,no,2017-12-06,excluded,1.0,8.687
SAMEA112858690,PRJEB37731,120,day 23,adult,10957.5,female,DK,other_infection,160 healthy women,,,no,2017-12-07,excluded,1.0,6.818
SAMEA112858691,PRJEB37731,120,day 24,adult,10957.5,female,DK,other_infection,160 healthy women,,,no,2017-12-08,excluded,1.0,6.88
SAMEA112858692,PRJEB37731,120,day 25,adult,10957.5,female,DK,other_infection,160 healthy women,,,no,2017-12-09,excluded,1.0,4.018
SAMEA112858693,PRJEB37731,120,day 26,adult,10957.5,female,DK,other_infection,160 healthy women,,,no,2017-12-10,excluded,1.0,3.092
SAMEA112858694,PRJEB37731,120,day 27,adult,10957.5,female,DK,other_infection,160 healthy women,,,no,2017-12-11,excluded,1.0,3.278
SAMEA112858695,PRJEB37731,120,day 29,adult,10957.5,female,DK,other_infection,160 healthy women,,,no,2017-12-13,excluded,1.0,4.051
SAMEA112858696,PRJEB37731,120,day 30,adult,10957.5,female,DK,other_infection,160 healthy women,,,no,2017-12-14,excluded,1.0,10.418
SAMEA112858672,PRJEB37731,120,day 4,adult,10957.5,female,DK,other_infection,160 healthy women,,,no,2017-11-18,excluded,1.0,0.586
SAMEA112858673,PRJEB37731,120,day 5,adult,10957.5,female,DK,other_infection,160 healthy women,,,no,2017-11-19,excluded,1.0,0.435
SAMEA112858674,PRJEB37731,120,day 6,adult,10957.5,female,DK,other_infection,160 healthy women,,,no,2017-11-20,excluded,1.0,1.254
SAMEA112858675,PRJEB37731,120,day 7,adult,10957.5,female,DK,other_infection,160 healthy women,,,no,2017-11-21,excluded,1.0,2.804
SAMEA112858676,PRJEB37731,120,day 8,adult,10957.5,female,DK,other_infection,160 healthy women,,,no,2017-11-22,excluded,1.0,9.494
SAMEA6662656,PRJEB37731,120,follicular phase,adult,,female,DK,other_infection,160 healthy women,,,no,2018-01,excluded,1.0,0.26
SAMEA6663126,PRJEB37731,120,follicular phase,adult,,female,DK,other_infection,160 healthy women,,,no,2018-01,primary,1.0,0.165
SAMEA6662814,PRJEB37731,120,luteal phase,adult,,female,DK,other_infection,160 healthy women,,,no,2018-01,excluded,1.0,0.447
SAMEA6663284,PRJEB37731,120,luteal phase,adult,,female,DK,other_infection,160 healthy women,,,no,2018-01,primary,1.0,0.224
SAMEA6662023,PRJEB37731,120,menstrual phase,adult,,female,DK,other_infection,160 healthy women,,,no,2018-01,excluded,1.0,0.161
SAMEA6662498,PRJEB37731,120,menstrual phase,adult,,female,DK,other_infection,160 healthy women,,,no,2018-01,excluded,1.0,0.021
SAMEA6662968,PRJEB37731,120,menstrual phase,adult,,female,DK,other_infection,160 healthy women,,,no,2018-01,primary,1.0,0.139
SAMEA6663440,PRJEB37731,120,menstrual phase,adult,,female,DK,other_infection,160 healthy women,,,no,2018-01,primary,1.0,0.231
SAMEA122895197,PRJEB37731,120,,adult,10957.5,female,DK,healthy_control,160 healthy women,,,no,2017,excluded,1.0,0.07
SAMEA122895198,PRJEB37731,120,,adult,10957.5,female,DK,healthy_control,160 healthy women,,,no,2017,excluded,1.0,0.098
SAMEA6662657,PRJEB37731,121,follicular phase,adult,,female,DK,healthy_control,160 healthy women,,,no,2018-01,excluded,1.0,0.311
SAMEA6663127,PRJEB37731,121,follicular phase,adult,,female,DK,healthy_control,160 healthy women,,,no,2018-01,primary,1.0,0.86
SAMEA6662815,PRJEB37731,121,luteal phase,adult,,female,DK,healthy_control,160 healthy women,,,no,2018-01,excluded,1.0,0.242
SAMEA6663285,PRJEB37731,121,luteal phase,adult,,female,DK,healthy_control,160 healthy women,,,no,2018-01,primary,1.0,0.178
SAMEA6662024,PRJEB37731,121,menstrual phase,adult,,female,DK,healthy_control,160 healthy women,,,no,2018-01,excluded,1.0,0.188
SAMEA6662499,PRJEB37731,121,menstrual phase,adult,,female,DK,healthy_control,160 healthy women,,,no,2018-01,excluded,1.0,0.47
SAMEA6662969,PRJEB37731,121,menstrual phase,adult,,female,DK,healthy_control,160 healthy women,,,no,2018-01,primary,1.0,0.232
SAMEA6663441,PRJEB37731,121,menstrual phase,adult,,female,DK,healthy_control,160 healthy women,,,no,2018-01,primary,1.0,0.097
SAMEA122895199,PRJEB37731,121,,adult,13878.5,female,DK,healthy_control,160 healthy women,,,no,2017,excluded,1.0,0.001
SAMEA122895200,PRJEB37731,121,,adult,13878.5,female,DK,healthy_control,160 healthy women,,,no,2017,excluded,1.0,0.001
SAMEA6662658,PRJEB37731,122,follicular phase,adult,,female,DK,ulcerative_colitis,"ulcerative colitis, allergies",,,no,2018-01,excluded,1.0,0.399
SAMEA6663128,PRJEB37731,122,follicular phase,adult,,female,DK,ulcerative_colitis,"ulcerative colitis, allergies",,,no,2018-01,primary,1.0,0.138
SAMEA6662816,PRJEB37731,122,luteal phase,adult,,female,DK,ulcerative_colitis,"ulcerative colitis, allergies",,,no,2018-01,excluded,1.0,0.096
SAMEA6663286,PRJEB37731,122,luteal phase,adult,,female,DK,ulcerative_colitis,"ulcerative colitis, allergies",,,no,2018-01,primary,1.0,0.169
SAMEA6662025,PRJEB37731,122,menstrual phase,adult,,female,DK,ulcerative_colitis,"ulcerative colitis, allergies",,,no,2018-01,excluded,1.0,0.141
SAMEA6662500,PRJEB37731,122,menstrual phase,adult,,female,DK,ulcerative_colitis,"ulcerative colitis, allergies",,,no,2018-01,excluded,1.0,0.115
SAMEA6662970,PRJEB37731,122,menstrual phase,adult,,female,DK,ulcerative_colitis,"ulcerative colitis, allergies",,,no,2018-01,primary,1.0,0.257
SAMEA6663442,PRJEB37731,122,menstrual phase,adult,,female,DK,ulcerative_colitis,"ulcerative colitis, allergies",,,no,2018-01,primary,1.0,0.186
SAMEA122895201,PRJEB37731,122,,adult,12783.8,female,DK,healthy_control,160 healthy women,,,no,2017,excluded,1.0,0.006
SAMEA122895202,PRJEB37731,122,,adult,12783.8,female,DK,healthy_control,160 healthy women,,,no,2017,excluded,1.0,0.001
SAMEA6662659,PRJEB37731,123,follicular phase,adult,,female,DK,allergy_or_atopy,allergies,,,no,2018-01,excluded,1.0,0.265
SAMEA6663129,PRJEB37731,123,follicular phase,adult,,female,DK,allergy_or_atopy,allergies,,,no,2018-01,primary,1.0,0.189
SAMEA6662817,PRJEB37731,123,luteal phase,adult,,female,DK,allergy_or_atopy,allergies,,,no,2018-01,excluded,1.0,0.174
SAMEA6663287,PRJEB37731,123,luteal phase,adult,,female,DK,allergy_or_atopy,allergies,,,no,2018-01,primary,1.0,0.187
SAMEA6662026,PRJEB37731,123,menstrual phase,adult,,female,DK,allergy_or_atopy,allergies,,,no,2018-01,excluded,1.0,0.173
SAMEA6662501,PRJEB37731,123,menstrual phase,adult,,female,DK,allergy_or_atopy,allergies,,,no,2018-01,excluded,1.0,0.159
SAMEA6662971,PRJEB37731,123,menstrual phase,adult,,female,DK,allergy_or_atopy,allergies,,,no,2018-01,primary,1.0,0.197
SAMEA6663443,PRJEB37731,123,menstrual phase,adult,,female,DK,allergy_or_atopy,allergies,,,no,2018-01,primary,1.0,0.19
SAMEA122895203,PRJEB37731,123,,adult,8766.0,female,DK,healthy_control,160 healthy women,,,no,2017,excluded,1.0,0.001
SAMEA122895204,PRJEB37731,123,,adult,8766.0,female,DK,healthy_control,160 healthy women,,,no,2017,excluded,1.0,0.002
SAMEA112858702,PRJEB37731,124,day 10,adult,10601.0,female,DK,allergy_or_atopy,allergies,,,no,2017-11-27,excluded,1.0,3.203
SAMEA112858703,PRJEB37731,124,day 11,adult,10601.0,female,DK,allergy_or_atopy,allergies,,,no,2017-11-28,excluded,1.0,4.719
SAMEA112858704,PRJEB37731,124,day 12,adult,10601.0,female,DK,allergy_or_atopy,allergies,,,no,2017-11-29,excluded,1.0,3.432
SAMEA112858705,PRJEB37731,124,day 13,adult,10601.0,female,DK,allergy_or_atopy,allergies,,,no,2017-11-30,excluded,1.0,0.934
SAMEA112858706,PRJEB37731,124,day 14,adult,10601.0,female,DK,allergy_or_atopy,allergies,,,no,2017-12-01,excluded,1.0,2.576
SAMEA112858707,PRJEB37731,124,day 15,adult,10601.0,female,DK,allergy_or_atopy,allergies,,,no,2017-12-02,excluded,1.0,4.19
SAMEA112858708,PRJEB37731,124,day 16,adult,10601.0,female,DK,allergy_or_atopy,allergies,,,no,2017-12-03,excluded,1.0,5.292
SAMEA112858709,PRJEB37731,124,day 17,adult,10601.0,female,DK,allergy_or_atopy,allergies,,,no,2017-12-04,excluded,1.0,3.224
SAMEA112858710,PRJEB37731,124,day 19,adult,10601.0,female,DK,allergy_or_atopy,allergies,,,no,2017-12-06,excluded,1.0,2.119
SAMEA112858712,PRJEB37731,124,day 20,adult,10601.0,female,DK,allergy_or_atopy,allergies,,,no,2017-12-07,excluded,1.0,0.001
SAMEA112858713,PRJEB37731,124,day 21,adult,10601.0,female,DK,allergy_or_atopy,allergies,,,no,2017-12-08,excluded,1.0,4.042
SAMEA112858714,PRJEB37731,124,day 22,adult,10601.0,female,DK,allergy_or_atopy,allergies,,,no,2017-12-09,excluded,1.0,0.756
SAMEA112858715,PRJEB37731,124,day 23,adult,10601.0,female,DK,allergy_or_atopy,allergies,,,no,2017-12-10,excluded,1.0,1.776
SAMEA112858716,PRJEB37731,124,day 24,adult,10601.0,female,DK,allergy_or_atopy,allergies,,,no,2017-12-11,excluded,1.0,4.755
SAMEA112858717,PRJEB37731,124,day 25,adult,10601.0,female,DK,allergy_or_atopy,allergies,,,no,2017-12-12,excluded,1.0,0.0
SAMEA112858718,PRJEB37731,124,day 26,adult,10601.0,female,DK,allergy_or_atopy,allergies,,,no,2017-12-13,excluded,1.0,1.157
SAMEA112858719,PRJEB37731,124,day 27,adult,10601.0,female,DK,allergy_or_atopy,allergies,,,no,2017-12-14,excluded,1.0,0.001
SAMEA112858720,PRJEB37731,124,day 28,adult,10601.0,female,DK,allergy_or_atopy,allergies,,,no,2017-12-15,excluded,1.0,5.188
SAMEA112858721,PRJEB37731,124,day 29,adult,10601.0,female,DK,allergy_or_atopy,allergies,,,no,2017-12-16,excluded,1.0,1.365
SAMEA112858722,PRJEB37731,124,day 30,adult,10601.0,female,DK,allergy_or_atopy,allergies,,,no,2017-12-17,excluded,1.0,0.82
SAMEA112858723,PRJEB37731,124,day 31,adult,10601.0,female,DK,allergy_or_atopy,allergies,,,no,2017-12-18,excluded,1.0,9.55
SAMEA112858697,PRJEB37731,124,day 4,adult,10601.0,female,DK,allergy_or_atopy,allergies,,,no,2017-11-21,excluded,1.0,2.718
SAMEA112858698,PRJEB37731,124,day 5,adult,10601.0,female,DK,allergy_or_atopy,allergies,,,no,2017-11-22,excluded,1.0,0.002
SAMEA112858699,PRJEB37731,124,day 6,adult,10601.0,female,DK,allergy_or_atopy,allergies,,,no,2017-11-23,excluded,1.0,6.734
SAMEA112858700,PRJEB37731,124,day 7,adult,10601.0,female,DK,allergy_or_atopy,allergies,,,no,2017-11-24,excluded,1.0,1.785
SAMEA112858701,PRJEB37731,124,day 8,adult,10601.0,female,DK,allergy_or_atopy,allergies,,,no,2017-11-25,excluded,1.0,1.583
SAMEA6662660,PRJEB37731,124,follicular phase,adult,,female,DK,allergy_or_atopy,allergies,,,no,2018-01,excluded,1.0,0.129
SAMEA6663130,PRJEB37731,124,follicular phase,adult,,female,DK,allergy_or_atopy,allergies,,,no,2018-01,primary,1.0,0.131
SAMEA6662818,PRJEB37731,124,luteal phase,adult,,female,DK,allergy_or_atopy,allergies,,,no,2018-01,excluded,1.0,0.217
SAMEA6663288,PRJEB37731,124,luteal phase,adult,,female,DK,allergy_or_atopy,allergies,,,no,2018-01,primary,1.0,0.25
SAMEA6662027,PRJEB37731,124,menstrual phase,adult,,female,DK,allergy_or_atopy,allergies,,,no,2018-01,excluded,1.0,0.145
SAMEA6662502,PRJEB37731,124,menstrual phase,adult,,female,DK,allergy_or_atopy,allergies,,,no,2018-01,excluded,1.0,0.389
SAMEA6662972,PRJEB37731,124,menstrual phase,adult,,female,DK,allergy_or_atopy,allergies,,,no,2018-01,primary,1.0,0.197
SAMEA6663444,PRJEB37731,124,menstrual phase,adult,,female,DK,allergy_or_atopy,allergies,,,no,2018-01,primary,1.0,0.193
SAMEA122895205,PRJEB37731,124,,adult,10601.0,female,DK,healthy_control,160 healthy women,,,no,2017,excluded,1.0,0.047
SAMEA122895206,PRJEB37731,124,,adult,10601.0,female,DK,healthy_control,160 healthy women,,,no,2017,excluded,1.0,0.069
SAMEA6662661,PRJEB37731,125,follicular phase,adult,,female,DK,healthy_control,160 healthy women,,,no,2018-01,excluded,1.0,0.185
SAMEA6663131,PRJEB37731,125,follicular phase,adult,,female,DK,healthy_control,160 healthy women,,,no,2018-01,primary,1.0,0.164
SAMEA6662819,PRJEB37731,125,luteal phase,adult,,female,DK,healthy_control,160 healthy women,,,no,2018-01,excluded,1.0,0.229
SAMEA6663289,PRJEB37731,125,luteal phase,adult,,female,DK,healthy_control,160 healthy women,,,no,2018-01,primary,1.0,0.196
SAMEA6662028,PRJEB37731,125,menstrual phase,adult,,female,DK,healthy_control,160 healthy women,,,no,2018-01,excluded,1.0,0.139
SAMEA6662503,PRJEB37731,125,menstrual phase,adult,,female,DK,healthy_control,160 healthy women,,,no,2018-01,excluded,1.0,0.168
SAMEA6662973,PRJEB37731,125,menstrual phase,adult,,female,DK,healthy_control,160 healthy women,,,no,2018-01,primary,1.0,0.272
SAMEA6663445,PRJEB37731,125,menstrual phase,adult,,female,DK,healthy_control,160 healthy women,,,no,2018-01,primary,1.0,0.167
SAMEA122895207,PRJEB37731,125,,adult,8035.5,female,DK,healthy_control,160 healthy women,,,no,2017,excluded,1.0,0.004
SAMEA122895208,PRJEB37731,125,,adult,8035.5,female,DK,healthy_control,160 healthy women,,,no,2017,excluded,1.0,0.001
SAMEA6662662,PRJEB37731,126,follicular phase,adult,,female,DK,healthy_control,160 healthy women,,,no,2018-01,excluded,1.0,0.236
SAMEA6663132,PRJEB37731,126,follicular phase,adult,,female,DK,healthy_control,160 healthy women,,,no,2018-01,primary,1.0,0.251
SAMEA6662820,PRJEB37731,126,luteal phase,adult,,female,DK,healthy_control,160 healthy women,,,no,2018-01,excluded,1.0,0.081
SAMEA6663290,PRJEB37731,126,luteal phase,adult,,female,DK,healthy_control,160 healthy women,,,no,2018-01,primary,1.0,0.231
SAMEA6662029,PRJEB37731,126,menstrual phase,adult,,female,DK,healthy_control,160 healthy women,,,no,2018-01,excluded,1.0,0.248
SAMEA6662504,PRJEB37731,126,menstrual phase,adult,,female,DK,healthy_control,160 healthy women,,,no,2018-01,excluded,1.0,0.218
SAMEA6662974,PRJEB37731,126,menstrual phase,adult,,female,DK,healthy_control,160 healthy women,,,no,2018-01,primary,1.0,0.227
SAMEA6663446,PRJEB37731,126,menstrual phase,adult,,female,DK,healthy_control,160 healthy women,,,no,2018-01,primary,1.0,0.21
SAMEA122895209,PRJEB37731,126,,adult,8035.5,female,DK,healthy_control,160 healthy women,,,no,2017,excluded,1.0,0.006
SAMEA122895210,PRJEB37731,126,,adult,8035.5,female,DK,healthy_control,160 healthy women,,,no,2017,excluded,1.0,0.011
SAMEA112858730,PRJEB37731,127,day 11,adult,8035.5,female,DK,healthy_control,160 healthy women,,,no,2017-11-30,excluded,1.0,0.17
SAMEA112858731,PRJEB37731,127,day 12,adult,8035.5,female,DK,healthy_control,160 healthy women,,,no,2017-12-01,excluded,1.0,0.241
SAMEA112858732,PRJEB37731,127,day 13,adult,8035.5,female,DK,healthy_control,160 healthy women,,,no,2017-12-02,excluded,1.0,0.186
SAMEA112858733,PRJEB37731,127,day 14,adult,8035.5,female,DK,healthy_control,160 healthy women,,,no,2017-12-03,excluded,1.0,0.037
SAMEA112858734,PRJEB37731,127,day 15,adult,8035.5,female,DK,healthy_control,160 healthy women,,,no,2017-12-04,excluded,1.0,0.333
SAMEA112858735,PRJEB37731,127,day 16,adult,8035.5,female,DK,healthy_control,160 healthy women,,,no,2017-12-05,excluded,1.0,0.189
SAMEA112858736,PRJEB37731,127,day 17,adult,8035.5,female,DK,healthy_control,160 healthy women,,,no,2017-12-06,excluded,1.0,0.012
SAMEA112858737,PRJEB37731,127,day 18,adult,8035.5,female,DK,healthy_control,160 healthy women,,,no,2017-12-07,excluded,1.0,0.152
SAMEA112858738,PRJEB37731,127,day 19,adult,8035.5,female,DK,healthy_control,160 healthy women,,,no,2017-12-08,excluded,1.0,0.017
SAMEA112858739,PRJEB37731,127,day 20,adult,8035.5,female,DK,healthy_control,160 healthy women,,,no,2017-12-09,excluded,1.0,0.152
SAMEA112858740,PRJEB37731,127,day 21,adult,8035.5,female,DK,healthy_control,160 healthy women,,,no,2017-12-10,excluded,1.0,0.142
SAMEA112858724,PRJEB37731,127,day 4,adult,8035.5,female,DK,healthy_control,160 healthy women,,,no,2017-11-23,excluded,1.0,0.173
SAMEA112858725,PRJEB37731,127,day 5,adult,8035.5,female,DK,healthy_control,160 healthy women,,,no,2017-11-24,excluded,1.0,0.113
SAMEA112858726,PRJEB37731,127,day 6,adult,8035.5,female,DK,healthy_control,160 healthy women,,,no,2017-11-25,excluded,1.0,0.141
SAMEA112858727,PRJEB37731,127,day 7,adult,8035.5,female,DK,healthy_control,160 healthy women,,,no,2017-11-26,excluded,1.0,0.229
SAMEA112858728,PRJEB37731,127,day 8,adult,8035.5,female,DK,healthy_control,160 healthy women,,,no,2017-11-27,excluded,1.0,0.199
SAMEA112858729,PRJEB37731,127,day 9,adult,8035.5,female,DK,healthy_control,160 healthy women,,,no,2017-11-28,excluded,1.0,0.243
SAMEA6662663,PRJEB37731,127,follicular phase,adult,,female,DK,healthy_control,160 healthy women,,,no,2018-01,excluded,1.0,0.249
SAMEA6663133,PRJEB37731,127,follicular phase,adult,,female,DK,healthy_control,160 healthy women,,,no,2018-01,primary,1.0,0.148
SAMEA6662821,PRJEB37731,127,luteal phase,adult,,female,DK,healthy_control,160 healthy women,,,no,2018-01,excluded,1.0,0.225
SAMEA6663291,PRJEB37731,127,luteal phase,adult,,female,DK,healthy_control,160 healthy women,,,no,2018-01,primary,1.0,0.096
SAMEA6662030,PRJEB37731,127,menstrual phase,adult,,female,DK,healthy_control,160 healthy women,,,no,2018-01,excluded,1.0,0.195
SAMEA6662505,PRJEB37731,127,menstrual phase,adult,,female,DK,healthy_control,160 healthy women,,,no,2018-01,excluded,1.0,0.269
SAMEA6662975,PRJEB37731,127,menstrual phase,adult,,female,DK,healthy_control,160 healthy women,,,no,2018-01,primary,1.0,0.251
SAMEA6663447,PRJEB37731,127,menstrual phase,adult,,female,DK,healthy_control,160 healthy women,,,no,2018-01,primary,1.0,0.136
SAMEA122895211,PRJEB37731,127,,adult,8035.5,female,DK,healthy_control,160 healthy women,,,no,2017,excluded,1.0,0.001
SAMEA122895212,PRJEB37731,127,,adult,8035.5,female,DK,healthy_control,160 healthy women,,,no,2017,excluded,1.0,0.001
SAMEA6662664,PRJEB37731,128,follicular phase,adult,,female,DK,healthy_control,160 healthy women,,,no,2018-01,excluded,1.0,0.227
SAMEA6663134,PRJEB37731,128,follicular phase,adult,,female,DK,healthy_control,160 healthy women,,,no,2018-01,primary,1.0,0.224
SAMEA6662822,PRJEB37731,128,luteal phase,adult,,female,DK,healthy_control,160 healthy women,,,no,2018-01,excluded,1.0,0.193
SAMEA6663292,PRJEB37731,128,luteal phase,adult,,female,DK,healthy_control,160 healthy women,,,no,2018-01,primary,1.0,0.185
SAMEA6662031,PRJEB37731,128,menstrual phase,adult,,female,DK,healthy_control,160 healthy women,,,no,2018-01,excluded,1.0,0.188
SAMEA6662506,PRJEB37731,128,menstrual phase,adult,,female,DK,healthy_control,160 healthy women,,,no,2018-01,excluded,1.0,0.332
SAMEA6662976,PRJEB37731,128,menstrual phase,adult,,female,DK,healthy_control,160 healthy women,,,no,2018-01,primary,1.0,0.185
SAMEA6663448,PRJEB37731,128,menstrual phase,adult,,female,DK,healthy_control,160 healthy women,,,no,2018-01,primary,1.0,0.186
SAMEA122895213,PRJEB37731,128,,adult,8391.0,female,DK,healthy_control,160 healthy women,,,no,2017,excluded,1.0,0.001
SAMEA122895214,PRJEB37731,128,,adult,8391.0,female,DK,healthy_control,160 healthy women,,,no,2017,excluded,1.0,0.002
SAMEA6662665,PRJEB37731,129,follicular phase,adult,,female,DK,ulcerative_colitis,ulcerative colitis,,,no,2018-01,excluded,1.0,0.385
SAMEA6663135,PRJEB37731,129,follicular phase,adult,,female,DK,ulcerative_colitis,ulcerative colitis,,,no,2018-01,primary,1.0,0.212
SAMEA6662823,PRJEB37731,129,luteal phase,adult,,female,DK,ulcerative_colitis,ulcerative colitis,,,no,2018-01,excluded,1.0,0.269
SAMEA6663293,PRJEB37731,129,luteal phase,adult,,female,DK,ulcerative_colitis,ulcerative colitis,,,no,2018-01,primary,1.0,0.163
SAMEA6662032,PRJEB37731,129,menstrual phase,adult,,female,DK,ulcerative_colitis,ulcerative colitis,,,no,2018-01,excluded,1.0,0.171
SAMEA6662507,PRJEB37731,129,menstrual phase,adult,,female,DK,ulcerative_colitis,ulcerative colitis,,,no,2018-01,excluded,1.0,0.253
SAMEA6662977,PRJEB37731,129,menstrual phase,adult,,female,DK,ulcerative_colitis,ulcerative colitis,,,no,2018-01,primary,1.0,0.52
SAMEA6663449,PRJEB37731,129,menstrual phase,adult,,female,DK,ulcerative_colitis,ulcerative colitis,,,no,2018-01,primary,1.0,0.193
SAMEA122895215,PRJEB37731,129,,adult,8035.5,female,DK,healthy_control,160 healthy women,,,no,2017,excluded,1.0,0.005
SAMEA122895216,PRJEB37731,129,,adult,8035.5,female,DK,healthy_control,160 healthy women,,,no,2017,excluded,1.0,0.007
SAMEA112858746,PRJEB37731,130,day 10,adult,8391.0,female,DK,healthy_control,160 healthy women,,,no,2017-11-30,excluded,1.0,1.329
SAMEA112858747,PRJEB37731,130,day 11,adult,8391.0,female,DK,healthy_control,160 healthy women,,,no,2017-12-01,excluded,1.0,0.952
SAMEA112858748,PRJEB37731,130,day 12,adult,8391.0,female,DK,healthy_control,160 healthy women,,,no,2017-12-02,excluded,1.0,1.065
SAMEA112858749,PRJEB37731,130,day 13,adult,8391.0,female,DK,healthy_control,160 healthy women,,,no,2017-12-03,excluded,1.0,0.936
SAMEA112858750,PRJEB37731,130,day 14,adult,8391.0,female,DK,healthy_control,160 healthy women,,,no,2017-12-04,excluded,1.0,1.674
SAMEA112858751,PRJEB37731,130,day 15,adult,8391.0,female,DK,healthy_control,160 healthy women,,,no,2017-12-05,excluded,1.0,0.0
SAMEA112858752,PRJEB37731,130,day 16,adult,8391.0,female,DK,healthy_control,160 healthy women,,,no,2017-12-06,excluded,1.0,0.0
SAMEA112858753,PRJEB37731,130,day 17,adult,8391.0,female,DK,healthy_control,160 healthy women,,,no,2017-12-07,excluded,1.0,1.743
SAMEA112858754,PRJEB37731,130,day 18,adult,8391.0,female,DK,healthy_control,160 healthy women,,,no,2017-12-08,excluded,1.0,1.06
SAMEA112858755,PRJEB37731,130,day 20,adult,8391.0,female,DK,healthy_control,160 healthy women,,,no,2017-12-10,excluded,1.0,0.0
SAMEA112858756,PRJEB37731,130,day 21,adult,8391.0,female,DK,healthy_control,160 healthy women,,,no,2017-12-11,excluded,1.0,1.019
SAMEA112858757,PRJEB37731,130,day 22,adult,8391.0,female,DK,healthy_control,160 healthy women,,,no,2017-12-12,excluded,1.0,1.189
SAMEA112858758,PRJEB37731,130,day 23,adult,8391.0,female,DK,healthy_control,160 healthy women,,,no,2017-12-13,excluded,1.0,0.883
SAMEA112858759,PRJEB37731,130,day 24,adult,8391.0,female,DK,healthy_control,160 healthy women,,,no,2017-12-14,excluded,1.0,0.001
SAMEA112858760,PRJEB37731,130,day 25,adult,8391.0,female,DK,healthy_control,160 healthy women,,,no,2017-12-15,excluded,1.0,1.039
SAMEA112858761,PRJEB37731,130,day 26,adult,8391.0,female,DK,healthy_control,160 healthy women,,,no,2017-12-16,excluded,1.0,1.207
SAMEA112858763,PRJEB37731,130,day 27,adult,8391.0,female,DK,healthy_control,160 healthy women,,,no,2017-12-17,excluded,1.0,0.0
SAMEA112858764,PRJEB37731,130,day 28,adult,8391.0,female,DK,healthy_control,160 healthy women,,,no,2017-12-18,excluded,1.0,0.451
SAMEA112858765,PRJEB37731,130,day 29,adult,8391.0,female,DK,healthy_control,160 healthy women,,,no,2017-12-19,excluded,1.0,0.97
SAMEA112858766,PRJEB37731,130,day 30,adult,8391.0,female,DK,healthy_control,160 healthy women,,,no,2017-12-20,excluded,1.0,0.001
SAMEA112858767,PRJEB37731,130,day 31,adult,8391.0,female,DK,healthy_control,160 healthy women,,,no,2017-12-21,excluded,1.0,1.364
SAMEA112858768,PRJEB37731,130,day 32,adult,8391.0,female,DK,healthy_control,160 healthy women,,,no,2017-12-22,excluded,1.0,1.439
SAMEA112858741,PRJEB37731,130,day 4,adult,8391.0,female,DK,healthy_control,160 healthy women,,,no,2017-11-24,excluded,1.0,1.844
SAMEA112858742,PRJEB37731,130,day 5,adult,8391.0,female,DK,healthy_control,160 healthy women,,,no,2017-11-25,excluded,1.0,1.198
SAMEA112858743,PRJEB37731,130,day 6,adult,8391.0,female,DK,healthy_control,160 healthy women,,,no,2017-11-26,excluded,1.0,1.848
SAMEA112858744,PRJEB37731,130,day 8,adult,8391.0,female,DK,healthy_control,160 healthy women,,,no,2017-11-28,excluded,1.0,1.592
SAMEA112858745,PRJEB37731,130,day 9,adult,8391.0,female,DK,healthy_control,160 healthy women,,,no,2017-11-29,excluded,1.0,1.579
SAMEA6662666,PRJEB37731,130,follicular phase,adult,,female,DK,healthy_control,160 healthy women,,,no,2018-01,excluded,1.0,0.391
SAMEA6663136,PRJEB37731,130,follicular phase,adult,,female,DK,healthy_control,160 healthy women,,,no,2018-01,primary,1.0,0.284
SAMEA6663294,PRJEB37731,130,luteal phase,adult,,female,DK,healthy_control,160 healthy women,,,no,2018-01,primary,1.0,0.255
SAMEA6662033,PRJEB37731,130,menstrual phase,adult,,female,DK,healthy_control,160 healthy women,,,no,2018-01,excluded,1.0,0.186
SAMEA6662508,PRJEB37731,130,menstrual phase,adult,,female,DK,healthy_control,160 healthy women,,,no,2018-01,excluded,1.0,0.244
SAMEA6662978,PRJEB37731,130,menstrual phase,adult,,female,DK,healthy_control,160 healthy women,,,no,2018-01,primary,1.0,0.254
SAMEA6663450,PRJEB37731,130,menstrual phase,adult,,female,DK,healthy_control,160 healthy women,,,no,2018-01,primary,1.0,0.148
SAMEA122895217,PRJEB37731,130,,adult,8391.0,female,DK,healthy_control,160 healthy women,,,no,2017,excluded,1.0,0.042
SAMEA122895218,PRJEB37731,130,,adult,8391.0,female,DK,healthy_control,160 healthy women,,,no,2017,excluded,1.0,0.014
SAMEA6662667,PRJEB37731,131,follicular phase,adult,,female,DK,allergy_or_atopy,allergies,,,no,2018-01,excluded,1.0,0.128
SAMEA6663137,PRJEB37731,131,follicular phase,adult,,female,DK,allergy_or_atopy,allergies,,,no,2018-01,primary,1.0,0.254
SAMEA6662824,PRJEB37731,131,luteal phase,adult,,female,DK,allergy_or_atopy,allergies,,,no,2018-01,excluded,1.0,0.326
SAMEA6663295,PRJEB37731,131,luteal phase,adult,,female,DK,allergy_or_atopy,allergies,,,no,2018-01,primary,1.0,0.304
SAMEA6662034,PRJEB37731,131,menstrual phase,adult,,female,DK,allergy_or_atopy,allergies,,,no,2018-01,excluded,1.0,0.294
SAMEA6662509,PRJEB37731,131,menstrual phase,adult,,female,DK,allergy_or_atopy,allergies,,,no,2018-01,excluded,1.0,0.271
SAMEA6662979,PRJEB37731,131,menstrual phase,adult,,female,DK,allergy_or_atopy,allergies,,,no,2018-01,primary,1.0,0.206
SAMEA6663451,PRJEB37731,131,menstrual phase,adult,,female,DK,allergy_or_atopy,allergies,,,no,2018-01,primary,1.0,0.152
SAMEA122895219,PRJEB37731,131,,adult,8035.5,female,DK,healthy_control,160 healthy women,,,no,2017,excluded,1.0,0.003
SAMEA122895220,PRJEB37731,131,,adult,8035.5,female,DK,healthy_control,160 healthy women,,,no,2017,excluded,1.0,0.017
SAMEA6662669,PRJEB37731,132,follicular phase,adult,,female,DK,healthy_control,160 healthy women,,,no,2018-01,excluded,1.0,0.328
SAMEA6663138,PRJEB37731,132,follicular phase,adult,,female,DK,healthy_control,160 healthy women,,,no,2018-01,primary,1.0,0.254
SAMEA6662825,PRJEB37731,132,luteal phase,adult,,female,DK,healthy_control,160 healthy women,,,no,2018-01,excluded,1.0,0.296
SAMEA6663296,PRJEB37731,132,luteal phase,adult,,female,DK,healthy_control,160 healthy women,,,no,2018-01,primary,1.0,0.315
SAMEA6662035,PRJEB37731,132,menstrual phase,adult,,female,DK,healthy_control,160 healthy women,,,no,2018-01,excluded,1.0,0.167
SAMEA6662510,PRJEB37731,132,menstrual phase,adult,,female,DK,healthy_control,160 healthy women,,,no,2018-01,excluded,1.0,0.395
SAMEA6662980,PRJEB37731,132,menstrual phase,adult,,female,DK,healthy_control,160 healthy women,,,no,2018-01,primary,1.0,0.17
SAMEA6663452,PRJEB37731,132,menstrual phase,adult,,female,DK,healthy_control,160 healthy women,,,no,2018-01,primary,1.0,0.196
SAMEA122895221,PRJEB37731,132,,adult,8766.0,female,DK,healthy_control,160 healthy women,,,no,2017,excluded,1.0,0.062
SAMEA122895222,PRJEB37731,132,,adult,8766.0,female,DK,healthy_control,160 healthy women,,,no,2017,excluded,1.0,0.064
SAMEA6662670,PRJEB37731,133,follicular phase,adult,,female,DK,healthy_control,160 healthy women,,,no,2018-01,excluded,1.0,0.246
SAMEA6663139,PRJEB37731,133,follicular phase,adult,,female,DK,healthy_control,160 healthy women,,,no,2018-01,primary,1.0,0.162
SAMEA6662826,PRJEB37731,133,luteal phase,adult,,female,DK,healthy_control,160 healthy women,,,no,2018-01,excluded,1.0,0.186
SAMEA6663297,PRJEB37731,133,luteal phase,adult,,female,DK,healthy_control,160 healthy women,,,no,2018-01,primary,1.0,0.233
SAMEA6662036,PRJEB37731,133,menstrual phase,adult,,female,DK,healthy_control,160 healthy women,,,no,2018-01,excluded,1.0,0.221
SAMEA6662511,PRJEB37731,133,menstrual phase,adult,,female,DK,healthy_control,160 healthy women,,,no,2018-01,excluded,1.0,0.274
SAMEA6662981,PRJEB37731,133,menstrual phase,adult,,female,DK,healthy_control,160 healthy women,,,no,2018-01,primary,1.0,0.351
SAMEA6663453,PRJEB37731,133,menstrual phase,adult,,female,DK,healthy_control,160 healthy women,,,no,2018-01,primary,1.0,0.024
SAMEA122895223,PRJEB37731,133,,adult,14239.8,female,DK,healthy_control,160 healthy women,,,no,2017,excluded,1.0,0.001
SAMEA122895224,PRJEB37731,133,,adult,14239.8,female,DK,healthy_control,160 healthy women,,,no,2017,excluded,1.0,0.001
SAMEA6662671,PRJEB37731,134,follicular phase,adult,,female,DK,healthy_control,160 healthy women,,,no,2018-01,excluded,1.0,0.23
SAMEA6663140,PRJEB37731,134,follicular phase,adult,,female,DK,healthy_control,160 healthy women,,,no,2018-01,primary,1.0,0.009
SAMEA6662827,PRJEB37731,134,luteal phase,adult,,female,DK,healthy_control,160 healthy women,,,no,2018-01,excluded,1.0,0.308
SAMEA6663298,PRJEB37731,134,luteal phase,adult,,female,DK,healthy_control,160 healthy women,,,no,2018-01,primary,1.0,0.427
SAMEA6662037,PRJEB37731,134,menstrual phase,adult,,female,DK,healthy_control,160 healthy women,,,no,2018-01,excluded,1.0,0.154
SAMEA6662512,PRJEB37731,134,menstrual phase,adult,,female,DK,healthy_control,160 healthy women,,,no,2018-01,excluded,1.0,0.339
SAMEA6662982,PRJEB37731,134,menstrual phase,adult,,female,DK,healthy_control,160 healthy women,,,no,2018-01,primary,1.0,0.267
SAMEA6663454,PRJEB37731,134,menstrual phase,adult,,female,DK,healthy_control,160 healthy women,,,no,2018-01,primary,1.0,0.151
SAMEA122895225,PRJEB37731,134,,adult,8035.5,female,DK,healthy_control,160 healthy women,,,no,2017,excluded,1.0,0.001
SAMEA122895226,PRJEB37731,134,,adult,8035.5,female,DK,healthy_control,160 healthy women,,,no,2017,excluded,1.0,0.001
SAMEA6662672,PRJEB37731,135,follicular phase,adult,,female,DK,healthy_control,160 healthy women,,,no,2018-01,excluded,1.0,0.263
SAMEA6663141,PRJEB37731,135,follicular phase,adult,,female,DK,healthy_control,160 healthy women,,,no,2018-01,primary,1.0,0.299
SAMEA6662828,PRJEB37731,135,luteal phase,adult,,female,DK,healthy_control,160 healthy women,,,no,2018-01,excluded,1.0,0.202
SAMEA6663299,PRJEB37731,135,luteal phase,adult,,female,DK,healthy_control,160 healthy women,,,no,2018-01,primary,1.0,0.191
SAMEA6662038,PRJEB37731,135,menstrual phase,adult,,female,DK,healthy_control,160 healthy women,,,no,2018-01,excluded,1.0,0.157
SAMEA6662513,PRJEB37731,135,menstrual phase,adult,,female,DK,healthy_control,160 healthy women,,,no,2018-01,excluded,1.0,0.341
SAMEA6662983,PRJEB37731,135,menstrual phase,adult,,female,DK,healthy_control,160 healthy women,,,no,2018-01,primary,1.0,0.139
SAMEA6663455,PRJEB37731,135,menstrual phase,adult,,female,DK,healthy_control,160 healthy women,,,no,2018-01,primary,1.0,0.151
SAMEA122895227,PRJEB37731,135,,adult,7670.2,female,DK,healthy_control,160 healthy women,,,no,2017,excluded,1.0,0.014
SAMEA122895228,PRJEB37731,135,,adult,7670.2,female,DK,healthy_control,160 healthy women,,,no,2017,excluded,1.0,0.004
SAMEA6662673,PRJEB37731,136,follicular phase,adult,,female,DK,other_infection,160 healthy women,,,no,2018-01,excluded,1.0,0.234
SAMEA6663142,PRJEB37731,136,follicular phase,adult,,female,DK,other_infection,160 healthy women,,,no,2018-01,primary,1.0,0.247
SAMEA6662829,PRJEB37731,136,luteal phase,adult,,female,DK,other_infection,160 healthy women,,,no,2018-01,excluded,1.0,0.359
SAMEA6663300,PRJEB37731,136,luteal phase,adult,,female,DK,other_infection,160 healthy women,,,no,2018-01,primary,1.0,0.26
SAMEA6662039,PRJEB37731,136,menstrual phase,adult,,female,DK,other_infection,160 healthy women,,,no,2018-01,excluded,1.0,0.16
SAMEA6662514,PRJEB37731,136,menstrual phase,adult,,female,DK,other_infection,160 healthy women,,,no,2018-01,excluded,1.0,0.262
SAMEA6662984,PRJEB37731,136,menstrual phase,adult,,female,DK,other_infection,160 healthy women,,,no,2018-01,primary,1.0,0.266
SAMEA6663456,PRJEB37731,136,menstrual phase,adult,,female,DK,other_infection,160 healthy women,,,no,2018-01,primary,1.0,0.166
SAMEA122895229,PRJEB37731,136,,adult,8391.0,female,DK,healthy_control,160 healthy women,,,no,2017,excluded,1.0,0.311
SAMEA122895230,PRJEB37731,136,,adult,8391.0,female,DK,healthy_control,160 healthy women,,,no,2017,excluded,1.0,0.771
SAMEA112858775,PRJEB37731,137,day 10,adult,8035.5,female,DK,neurological_psychiatric,migraine,,,no,2017-12-05,excluded,1.0,0.996
SAMEA112858776,PRJEB37731,137,day 11,adult,8035.5,female,DK,neurological_psychiatric,migraine,,,no,2017-12-06,excluded,1.0,0.972
SAMEA112858777,PRJEB37731,137,day 12,adult,8035.5,female,DK,neurological_psychiatric,migraine,,,no,2017-12-07,excluded,1.0,0.73
SAMEA112858778,PRJEB37731,137,day 13,adult,8035.5,female,DK,neurological_psychiatric,migraine,,,no,2017-12-08,excluded,1.0,0.679
SAMEA112858779,PRJEB37731,137,day 14,adult,8035.5,female,DK,neurological_psychiatric,migraine,,,no,2017-12-09,excluded,1.0,0.683
SAMEA112858780,PRJEB37731,137,day 15,adult,8035.5,female,DK,neurological_psychiatric,migraine,,,no,2017-12-10,excluded,1.0,0.692
SAMEA112858781,PRJEB37731,137,day 16,adult,8035.5,female,DK,neurological_psychiatric,migraine,,,no,2017-12-11,excluded,1.0,0.476
SAMEA112858783,PRJEB37731,137,day 18,adult,8035.5,female,DK,neurological_psychiatric,migraine,,,no,2017-12-13,excluded,1.0,0.765
SAMEA112858784,PRJEB37731,137,day 19,adult,8035.5,female,DK,neurological_psychiatric,migraine,,,no,2017-12-14,excluded,1.0,0.827
SAMEA112858785,PRJEB37731,137,day 20,adult,8035.5,female,DK,neurological_psychiatric,migraine,,,no,2017-12-15,excluded,1.0,0.376
SAMEA112858786,PRJEB37731,137,day 21,adult,8035.5,female,DK,neurological_psychiatric,migraine,,,no,2017-12-16,excluded,1.0,0.422
SAMEA112858787,PRJEB37731,137,day 22,adult,8035.5,female,DK,neurological_psychiatric,migraine,,,no,2017-12-17,excluded,1.0,0.354
SAMEA112858788,PRJEB37731,137,day 23,adult,8035.5,female,DK,neurological_psychiatric,migraine,,,no,2017-12-18,excluded,1.0,1.023
SAMEA112858789,PRJEB37731,137,day 24,adult,8035.5,female,DK,neurological_psychiatric,migraine,,,no,2017-12-19,excluded,1.0,0.56
SAMEA112858790,PRJEB37731,137,day 25,adult,8035.5,female,DK,neurological_psychiatric,migraine,,,no,2017-12-20,excluded,1.0,0.395
SAMEA112858791,PRJEB37731,137,day 26,adult,8035.5,female,DK,neurological_psychiatric,migraine,,,no,2017-12-21,excluded,1.0,1.159
SAMEA112858792,PRJEB37731,137,day 27,adult,8035.5,female,DK,neurological_psychiatric,migraine,,,no,2017-12-22,excluded,1.0,1.792
SAMEA112858793,PRJEB37731,137,day 28,adult,8035.5,female,DK,neurological_psychiatric,migraine,,,no,2017-12-23,excluded,1.0,0.417
SAMEA112858794,PRJEB37731,137,day 29,adult,8035.5,female,DK,neurological_psychiatric,migraine,,,no,2017-12-24,excluded,1.0,0.667
SAMEA112858795,PRJEB37731,137,day 30,adult,8035.5,female,DK,neurological_psychiatric,migraine,,,no,2017-12-25,excluded,1.0,0.621
SAMEA112858796,PRJEB37731,137,day 31,adult,8035.5,female,DK,neurological_psychiatric,migraine,,,no,2017-12-26,excluded,1.0,0.582
SAMEA112858797,PRJEB37731,137,day 32,adult,8035.5,female,DK,neurological_psychiatric,migraine,,,no,2017-12-27,excluded,1.0,0.298
SAMEA112858769,PRJEB37731,137,day 4,adult,8035.5,female,DK,neurological_psychiatric,migraine,,,no,2017-11-29,excluded,1.0,0.292
SAMEA112858770,PRJEB37731,137,day 5,adult,8035.5,female,DK,neurological_psychiatric,migraine,,,no,2017-11-30,excluded,1.0,0.303
SAMEA112858771,PRJEB37731,137,day 6,adult,8035.5,female,DK,neurological_psychiatric,migraine,,,no,2017-12-01,excluded,1.0,0.264
SAMEA112858772,PRJEB37731,137,day 7,adult,8035.5,female,DK,neurological_psychiatric,migraine,,,no,2017-12-02,excluded,1.0,0.195
SAMEA112858773,PRJEB37731,137,day 8,adult,8035.5,female,DK,neurological_psychiatric,migraine,,,no,2017-12-03,excluded,1.0,0.222
SAMEA6662674,PRJEB37731,137,follicular phase,adult,,female,DK,healthy_control,160 healthy women,,,no,2018-01,excluded,1.0,0.114
SAMEA6663143,PRJEB37731,137,follicular phase,adult,,female,DK,healthy_control,160 healthy women,,,no,2018-01,primary,1.0,0.149
SAMEA6662830,PRJEB37731,137,luteal phase,adult,,female,DK,healthy_control,160 healthy women,,,no,2018-01,excluded,1.0,0.273
SAMEA6663301,PRJEB37731,137,luteal phase,adult,,female,DK,healthy_control,160 healthy women,,,no,2018-01,primary,1.0,0.916
SAMEA6662040,PRJEB37731,137,menstrual phase,adult,,female,DK,healthy_control,160 healthy women,,,no,2018-01,excluded,1.0,0.171
SAMEA6662515,PRJEB37731,137,menstrual phase,adult,,female,DK,healthy_control,160 healthy women,,,no,2018-01,excluded,1.0,0.263
SAMEA6662985,PRJEB37731,137,menstrual phase,adult,,female,DK,healthy_control,160 healthy women,,,no,2018-01,primary,1.0,0.253
SAMEA6663457,PRJEB37731,137,menstrual phase,adult,,female,DK,healthy_control,160 healthy women,,,no,2018-01,primary,1.0,0.184
SAMEA122895231,PRJEB37731,137,,adult,8035.5,female,DK,healthy_control,160 healthy women,,,no,2017,excluded,1.0,0.003
SAMEA122895232,PRJEB37731,137,,adult,8035.5,female,DK,healthy_control,160 healthy women,,,no,2017,excluded,1.0,0.004
SAMEA6662675,PRJEB37731,138,follicular phase,adult,,female,DK,healthy_control,160 healthy women,,,no,2018-01,excluded,1.0,0.34
SAMEA6663144,PRJEB37731,138,follicular phase,adult,,female,DK,healthy_control,160 healthy women,,,no,2018-01,primary,1.0,0.247
SAMEA6662831,PRJEB37731,138,luteal phase,adult,,female,DK,healthy_control,160 healthy women,,,no,2018-01,excluded,1.0,0.173
SAMEA6663302,PRJEB37731,138,luteal phase,adult,,female,DK,healthy_control,160 healthy women,,,no,2018-01,primary,1.0,0.31
SAMEA6662041,PRJEB37731,138,menstrual phase,adult,,female,DK,healthy_control,160 healthy women,,,no,2018-01,excluded,1.0,0.185
SAMEA6662516,PRJEB37731,138,menstrual phase,adult,,female,DK,healthy_control,160 healthy women,,,no,2018-01,excluded,1.0,0.371
SAMEA6662986,PRJEB37731,138,menstrual phase,adult,,female,DK,healthy_control,160 healthy women,,,no,2018-01,primary,1.0,0.178
SAMEA6663458,PRJEB37731,138,menstrual phase,adult,,female,DK,healthy_control,160 healthy women,,,no,2018-01,primary,1.0,0.16
SAMEA122895233,PRJEB37731,138,,adult,8035.5,female,DK,healthy_control,160 healthy women,,,no,2017,excluded,1.0,0.004
SAMEA122895234,PRJEB37731,138,,adult,8035.5,female,DK,healthy_control,160 healthy women,,,no,2017,excluded,1.0,0.009
SAMEA6662676,PRJEB37731,139,follicular phase,adult,,female,DK,healthy_control,160 healthy women,,,no,2018-01,excluded,1.0,0.228
SAMEA6663145,PRJEB37731,139,follicular phase,adult,,female,DK,healthy_control,160 healthy women,,,no,2018-01,primary,1.0,0.212
SAMEA6662832,PRJEB37731,139,luteal phase,adult,,female,DK,healthy_control,160 healthy women,,,no,2018-01,excluded,1.0,0.081
SAMEA6663303,PRJEB37731,139,luteal phase,adult,,female,DK,healthy_control,160 healthy women,,,no,2018-01,primary,1.0,0.193
SAMEA6662042,PRJEB37731,139,menstrual phase,adult,,female,DK,healthy_control,160 healthy women,,,no,2018-01,excluded,1.0,0.169
SAMEA6662517,PRJEB37731,139,menstrual phase,adult,,female,DK,healthy_control,160 healthy women,,,no,2018-01,excluded,1.0,0.09
SAMEA6662987,PRJEB37731,139,menstrual phase,adult,,female,DK,healthy_control,160 healthy women,,,no,2018-01,primary,1.0,0.425
SAMEA6663459,PRJEB37731,139,menstrual phase,adult,,female,DK,healthy_control,160 healthy women,,,no,2018-01,primary,1.0,0.189
SAMEA122895235,PRJEB37731,139,,adult,9496.5,female,DK,healthy_control,160 healthy women,,,no,2017,excluded,1.0,0.003
SAMEA122895236,PRJEB37731,139,,adult,9496.5,female,DK,healthy_control,160 healthy women,,,no,2017,excluded,1.0,0.003
SAMEA6662555,PRJEB37731,14,follicular phase,adult,,female,DK,allergy_or_atopy,allergies,,,no,2018-01,excluded,1.0,0.284
SAMEA6663026,PRJEB37731,14,follicular phase,adult,,female,DK,allergy_or_atopy,allergies,,,no,2018-01,primary,1.0,0.267
SAMEA6662713,PRJEB37731,14,luteal phase,adult,,female,DK,allergy_or_atopy,allergies,,,no,2018-01,excluded,1.0,0.237
SAMEA6663184,PRJEB37731,14,luteal phase,adult,,female,DK,allergy_or_atopy,allergies,,,no,2018-01,primary,1.0,0.163
SAMEA6661921,PRJEB37731,14,menstrual phase,adult,,female,DK,allergy_or_atopy,allergies,,,no,2018-01,excluded,1.0,0.297
SAMEA6662398,PRJEB37731,14,menstrual phase,adult,,female,DK,allergy_or_atopy,allergies,,,no,2018-01,excluded,1.0,0.322
SAMEA6662868,PRJEB37731,14,menstrual phase,adult,,female,DK,allergy_or_atopy,allergies,,,no,2018-01,primary,1.0,0.242
SAMEA6663340,PRJEB37731,14,menstrual phase,adult,,female,DK,allergy_or_atopy,allergies,,,no,2018-01,primary,1.0,0.158
SAMEA122894990,PRJEB37731,14,,adult,8391.0,female,DK,healthy_control,160 healthy women,,,no,2017,excluded,1.0,0.024
SAMEA122894991,PRJEB37731,14,,adult,8391.0,female,DK,healthy_control,160 healthy women,,,no,2017,excluded,1.0,0.032
SAMEA112858804,PRJEB37731,140,day 10,adult,6939.0,female,DK,healthy_control,160 healthy women,,,no,2017-12-08,excluded,1.0,0.78
SAMEA112858805,PRJEB37731,140,day 12,adult,6939.0,female,DK,healthy_control,160 healthy women,,,no,2017-12-10,excluded,1.0,1.449
SAMEA112858807,PRJEB37731,140,day 13,adult,6939.0,female,DK,healthy_control,160 healthy women,,,no,2017-12-11,excluded,1.0,0.656
SAMEA112858808,PRJEB37731,140,day 14,adult,6939.0,female,DK,healthy_control,160 healthy women,,,no,2017-12-12,excluded,1.0,0.302
SAMEA112858809,PRJEB37731,140,day 15,adult,6939.0,female,DK,healthy_control,160 healthy women,,,no,2017-12-13,excluded,1.0,0.396
SAMEA112858810,PRJEB37731,140,day 16,adult,6939.0,female,DK,healthy_control,160 healthy women,,,no,2017-12-14,excluded,1.0,0.08
SAMEA112858811,PRJEB37731,140,day 18,adult,6939.0,female,DK,healthy_control,160 healthy women,,,no,2017-12-16,excluded,1.0,1.731
SAMEA112858812,PRJEB37731,140,day 19,adult,6939.0,female,DK,healthy_control,160 healthy women,,,no,2017-12-17,excluded,1.0,1.133
SAMEA112858813,PRJEB37731,140,day 20,adult,6939.0,female,DK,healthy_control,160 healthy women,,,no,2017-12-18,excluded,1.0,0.586
SAMEA112858814,PRJEB37731,140,day 21,adult,6939.0,female,DK,healthy_control,160 healthy women,,,no,2017-12-19,excluded,1.0,0.422
SAMEA112858815,PRJEB37731,140,day 22,adult,6939.0,female,DK,healthy_control,160 healthy women,,,no,2017-12-20,excluded,1.0,0.468
SAMEA112858816,PRJEB37731,140,day 23,adult,6939.0,female,DK,healthy_control,160 healthy women,,,no,2017-12-21,excluded,1.0,0.468
SAMEA112858817,PRJEB37731,140,day 24,adult,6939.0,female,DK,healthy_control,160 healthy women,,,no,2017-12-22,excluded,1.0,0.015
SAMEA112858818,PRJEB37731,140,day 25,adult,6939.0,female,DK,healthy_control,160 healthy women,,,no,2017-12-23,excluded,1.0,0.036
SAMEA112858819,PRJEB37731,140,day 26,adult,6939.0,female,DK,healthy_control,160 healthy women,,,no,2017-12-24,excluded,1.0,0.622
SAMEA112858820,PRJEB37731,140,day 27,adult,6939.0,female,DK,healthy_control,160 healthy women,,,no,2017-12-25,excluded,1.0,0.297
SAMEA112858821,PRJEB37731,140,day 28,adult,6939.0,female,DK,healthy_control,160 healthy women,,,no,2017-12-26,excluded,1.0,0.021
SAMEA112858822,PRJEB37731,140,day 30,adult,6939.0,female,DK,healthy_control,160 healthy women,,,no,2017-12-28,excluded,1.0,0.436
SAMEA112858823,PRJEB37731,140,day 31,adult,6939.0,female,DK,healthy_control,160 healthy women,,,no,2017-12-29,excluded,1.0,0.475
SAMEA112858798,PRJEB37731,140,day 4,adult,6939.0,female,DK,healthy_control,160 healthy women,,,no,2017-12-02,excluded,1.0,0.602
SAMEA112858799,PRJEB37731,140,day 5,adult,6939.0,female,DK,healthy_control,160 healthy women,,,no,2017-12-03,excluded,1.0,0.373
SAMEA112858800,PRJEB37731,140,day 6,adult,6939.0,female,DK,healthy_control,160 healthy women,,,no,2017-12-04,excluded,1.0,0.388
SAMEA112858801,PRJEB37731,140,day 7,adult,6939.0,female,DK,healthy_control,160 healthy women,,,no,2017-12-05,excluded,1.0,0.506
SAMEA112858802,PRJEB37731,140,day 8,adult,6939.0,female,DK,healthy_control,160 healthy women,,,no,2017-12-06,excluded,1.0,0.707
SAMEA112858803,PRJEB37731,140,day 9,adult,6939.0,female,DK,healthy_control,160 healthy women,,,no,2017-12-07,excluded,1.0,0.419
SAMEA6662677,PRJEB37731,140,follicular phase,adult,,female,DK,healthy_control,160 healthy women,,,no,2018-01,excluded,1.0,0.305
SAMEA6663146,PRJEB37731,140,follicular phase,adult,,female,DK,healthy_control,160 healthy women,,,no,2018-01,primary,1.0,0.256
SAMEA6662833,PRJEB37731,140,luteal phase,adult,,female,DK,healthy_control,160 healthy women,,,no,2018-01,excluded,1.0,0.164
SAMEA6663304,PRJEB37731,140,luteal phase,adult,,female,DK,healthy_control,160 healthy women,,,no,2018-01,primary,1.0,0.189
SAMEA6662043,PRJEB37731,140,menstrual phase,adult,,female,DK,healthy_control,160 healthy women,,,no,2018-01,excluded,1.0,0.143
SAMEA6662518,PRJEB37731,140,menstrual phase,adult,,female,DK,healthy_control,160 healthy women,,,no,2018-01,excluded,1.0,0.162
SAMEA6662988,PRJEB37731,140,menstrual phase,adult,,female,DK,healthy_control,160 healthy women,,,no,2018-01,primary,1.0,0.321
SAMEA6663460,PRJEB37731,140,menstrual phase,adult,,female,DK,healthy_control,160 healthy women,,,no,2018-01,primary,1.0,0.168
SAMEA122895237,PRJEB37731,140,,adult,6939.0,female,DK,healthy_control,160 healthy women,,,no,2017,excluded,1.0,0.006
SAMEA122895238,PRJEB37731,140,,adult,6939.0,female,DK,healthy_control,160 healthy women,,,no,2017,excluded,1.0,0.01
SAMEA112858829,PRJEB37731,141,day 10,adult,8766.0,female,DK,healthy_control,160 healthy women,,,no,2017-12-11,excluded,1.0,0.0
SAMEA112858830,PRJEB37731,141,day 11,adult,8766.0,female,DK,healthy_control,160 healthy women,,,no,2017-12-12,excluded,1.0,0.153
SAMEA112858831,PRJEB37731,141,day 12,adult,8766.0,female,DK,healthy_control,160 healthy women,,,no,2017-12-13,excluded,1.0,0.13
SAMEA112858832,PRJEB37731,141,day 13,adult,8766.0,female,DK,healthy_control,160 healthy women,,,no,2017-12-14,excluded,1.0,0.099
SAMEA112858833,PRJEB37731,141,day 14,adult,8766.0,female,DK,healthy_control,160 healthy women,,,no,2017-12-15,excluded,1.0,0.094
SAMEA112858834,PRJEB37731,141,day 15,adult,8766.0,female,DK,healthy_control,160 healthy women,,,no,2017-12-16,excluded,1.0,0.17
SAMEA112858835,PRJEB37731,141,day 16,adult,8766.0,female,DK,healthy_control,160 healthy women,,,no,2017-12-17,excluded,1.0,0.127
SAMEA112858836,PRJEB37731,141,day 17,adult,8766.0,female,DK,healthy_control,160 healthy women,,,no,2017-12-18,excluded,1.0,0.0
SAMEA112858837,PRJEB37731,141,day 19,adult,8766.0,female,DK,healthy_control,160 healthy women,,,no,2017-12-20,excluded,1.0,0.162
SAMEA112858838,PRJEB37731,141,day 20,adult,8766.0,female,DK,healthy_control,160 healthy women,,,no,2017-12-21,excluded,1.0,0.0
SAMEA112858840,PRJEB37731,141,day 21,adult,8766.0,female,DK,healthy_control,160 healthy women,,,no,2017-12-22,excluded,1.0,0.203
SAMEA112858841,PRJEB37731,141,day 22,adult,8766.0,female,DK,healthy_control,160 healthy women,,,no,2017-12-23,excluded,1.0,0.309
SAMEA112858842,PRJEB37731,141,day 23,adult,8766.0,female,DK,healthy_control,160 healthy women,,,no,2017-12-24,excluded,1.0,0.13
SAMEA112858843,PRJEB37731,141,day 24,adult,8766.0,female,DK,healthy_control,160 healthy women,,,no,2017-12-25,excluded,1.0,0.217
SAMEA112858844,PRJEB37731,141,day 25,adult,8766.0,female,DK,healthy_control,160 healthy women,,,no,2017-12-26,excluded,1.0,0.187
SAMEA112858845,PRJEB37731,141,day 26,adult,8766.0,female,DK,healthy_control,160 healthy women,,,no,2017-12-27,excluded,1.0,0.0
SAMEA112858846,PRJEB37731,141,day 27,adult,8766.0,female,DK,healthy_control,160 healthy women,,,no,2017-12-28,excluded,1.0,0.0
SAMEA112858847,PRJEB37731,141,day 28,adult,8766.0,female,DK,healthy_control,160 healthy women,,,no,2017-12-29,excluded,1.0,0.0
SAMEA112858848,PRJEB37731,141,day 29,adult,8766.0,female,DK,healthy_control,160 healthy women,,,no,2017-12-30,excluded,1.0,0.186
SAMEA112858849,PRJEB37731,141,day 30,adult,8766.0,female,DK,healthy_control,160 healthy women,,,no,2017-12-31,excluded,1.0,0.0
SAMEA112858850,PRJEB37731,141,day 31,adult,8766.0,female,DK,healthy_control,160 healthy women,,,no,2018-01-01,excluded,1.0,0.0
SAMEA112858851,PRJEB37731,141,day 32,adult,8766.0,female,DK,healthy_control,160 healthy women,,,no,2018-01-02,excluded,1.0,0.201
SAMEA112858824,PRJEB37731,141,day 4,adult,8766.0,female,DK,healthy_control,160 healthy women,,,no,2017-12-05,excluded,1.0,0.797
SAMEA112858825,PRJEB37731,141,day 5,adult,8766.0,female,DK,healthy_control,160 healthy women,,,no,2017-12-06,excluded,1.0,0.149
SAMEA112858826,PRJEB37731,141,day 6,adult,8766.0,female,DK,healthy_control,160 healthy women,,,no,2017-12-07,excluded,1.0,0.199
SAMEA112858827,PRJEB37731,141,day 8,adult,8766.0,female,DK,healthy_control,160 healthy women,,,no,2017-12-09,excluded,1.0,0.118
SAMEA112858828,PRJEB37731,141,day 9,adult,8766.0,female,DK,healthy_control,160 healthy women,,,no,2017-12-10,excluded,1.0,0.0
SAMEA6662678,PRJEB37731,141,follicular phase,adult,,female,DK,healthy_control,160 healthy women,,,no,2018-01,excluded,1.0,0.226
SAMEA6663147,PRJEB37731,141,follicular phase,adult,,female,DK,healthy_control,160 healthy women,,,no,2018-01,primary,1.0,0.195
SAMEA6662834,PRJEB37731,141,luteal phase,adult,,female,DK,healthy_control,160 healthy women,,,no,2018-01,excluded,1.0,0.279
SAMEA6663305,PRJEB37731,141,luteal phase,adult,,female,DK,healthy_control,160 healthy women,,,no,2018-01,primary,1.0,1.479
SAMEA6662044,PRJEB37731,141,menstrual phase,adult,,female,DK,healthy_control,160 healthy women,,,no,2018-01,excluded,1.0,0.219
SAMEA6662519,PRJEB37731,141,menstrual phase,adult,,female,DK,healthy_control,160 healthy women,,,no,2018-01,excluded,1.0,0.303
SAMEA6662989,PRJEB37731,141,menstrual phase,adult,,female,DK,healthy_control,160 healthy women,,,no,2018-01,primary,1.0,0.272
SAMEA6663461,PRJEB37731,141,menstrual phase,adult,,female,DK,healthy_control,160 healthy women,,,no,2018-01,primary,1.0,0.263
SAMEA122895239,PRJEB37731,141,,adult,8766.0,female,DK,healthy_control,160 healthy women,,,no,2017,excluded,1.0,0.002
SAMEA122895240,PRJEB37731,141,,adult,8766.0,female,DK,healthy_control,160 healthy women,,,no,2017,excluded,1.0,0.001
SAMEA6662679,PRJEB37731,142,follicular phase,adult,,female,DK,healthy_control,160 healthy women,,,no,2018-01,excluded,1.0,0.289
SAMEA6663148,PRJEB37731,142,follicular phase,adult,,female,DK,healthy_control,160 healthy women,,,no,2018-01,primary,1.0,0.266
SAMEA6663306,PRJEB37731,142,luteal phase,adult,,female,DK,healthy_control,160 healthy women,,,no,2018-01,primary,1.0,0.177
SAMEA6662045,PRJEB37731,142,menstrual phase,adult,,female,DK,healthy_control,160 healthy women,,,no,2018-01,excluded,1.0,0.159
SAMEA6662520,PRJEB37731,142,menstrual phase,adult,,female,DK,healthy_control,160 healthy women,,,no,2018-01,excluded,1.0,0.247
SAMEA6662990,PRJEB37731,142,menstrual phase,adult,,female,DK,healthy_control,160 healthy women,,,no,2018-01,primary,1.0,0.175
SAMEA6663462,PRJEB37731,142,menstrual phase,adult,,female,DK,healthy_control,160 healthy women,,,no,2018-01,primary,1.0,0.156
SAMEA122895241,PRJEB37731,142,,adult,10234.0,female,DK,healthy_control,160 healthy women,,,no,2017,excluded,1.0,0.009
SAMEA122895242,PRJEB37731,142,,adult,10234.0,female,DK,healthy_control,160 healthy women,,,no,2017,excluded,1.0,0.157
SAMEA6662680,PRJEB37731,143,follicular phase,adult,,female,DK,healthy_control,160 healthy women,,,no,2018-01,excluded,1.0,0.456
SAMEA6663149,PRJEB37731,143,follicular phase,adult,,female,DK,healthy_control,160 healthy women,,,no,2018-01,primary,1.0,0.203
SAMEA6662835,PRJEB37731,143,luteal phase,adult,,female,DK,healthy_control,160 healthy women,,,no,2018-01,excluded,1.0,0.352
SAMEA6663307,PRJEB37731,143,luteal phase,adult,,female,DK,healthy_control,160 healthy women,,,no,2018-01,primary,1.0,0.262
SAMEA6662046,PRJEB37731,143,menstrual phase,adult,,female,DK,healthy_control,160 healthy women,,,no,2018-01,excluded,1.0,0.148
SAMEA6662521,PRJEB37731,143,menstrual phase,adult,,female,DK,healthy_control,160 healthy women,,,no,2018-01,excluded,1.0,0.018
SAMEA6662991,PRJEB37731,143,menstrual phase,adult,,female,DK,healthy_control,160 healthy women,,,no,2018-01,primary,1.0,0.134
SAMEA6663463,PRJEB37731,143,menstrual phase,adult,,female,DK,healthy_control,160 healthy women,,,no,2018-01,primary,1.0,0.3
SAMEA122895243,PRJEB37731,143,,adult,8035.5,female,DK,healthy_control,160 healthy women,,,no,2017,excluded,1.0,0.003
SAMEA122895244,PRJEB37731,143,,adult,8035.5,female,DK,healthy_control,160 healthy women,,,no,2017,excluded,1.0,0.002
SAMEA112858858,PRJEB37731,144,day 11,adult,14610.0,female,DK,healthy_control,160 healthy women,,,no,2017-12-13,excluded,1.0,0.2
SAMEA112858859,PRJEB37731,144,day 12,adult,14610.0,female,DK,healthy_control,160 healthy women,,,no,2017-12-14,excluded,1.0,0.189
SAMEA112858860,PRJEB37731,144,day 13,adult,14610.0,female,DK,healthy_control,160 healthy women,,,no,2017-12-15,excluded,1.0,0.18
SAMEA112858861,PRJEB37731,144,day 14,adult,14610.0,female,DK,healthy_control,160 healthy women,,,no,2017-12-16,excluded,1.0,0.158
SAMEA112858862,PRJEB37731,144,day 15,adult,14610.0,female,DK,healthy_control,160 healthy women,,,no,2017-12-17,excluded,1.0,0.197
SAMEA112858863,PRJEB37731,144,day 16,adult,14610.0,female,DK,healthy_control,160 healthy women,,,no,2017-12-18,excluded,1.0,0.315
SAMEA112858864,PRJEB37731,144,day 17,adult,14610.0,female,DK,healthy_control,160 healthy women,,,no,2017-12-19,excluded,1.0,0.196
SAMEA112858865,PRJEB37731,144,day 19,adult,14610.0,female,DK,healthy_control,160 healthy women,,,no,2017-12-21,excluded,1.0,0.198
SAMEA112858866,PRJEB37731,144,day 20,adult,14610.0,female,DK,healthy_control,160 healthy women,,,no,2017-12-22,excluded,1.0,0.209
SAMEA112858867,PRJEB37731,144,day 21,adult,14610.0,female,DK,healthy_control,160 healthy women,,,no,2017-12-23,excluded,1.0,0.113
SAMEA112858868,PRJEB37731,144,day 22,adult,14610.0,female,DK,healthy_control,160 healthy women,,,no,2017-12-24,excluded,1.0,0.275
SAMEA112858869,PRJEB37731,144,day 23,adult,14610.0,female,DK,healthy_control,160 healthy women,,,no,2017-12-25,excluded,1.0,0.226
SAMEA112858871,PRJEB37731,144,day 24,adult,14610.0,female,DK,healthy_control,160 healthy women,,,no,2017-12-26,excluded,1.0,0.087
SAMEA112858872,PRJEB37731,144,day 25,adult,14610.0,female,DK,healthy_control,160 healthy women,,,no,2017-12-27,excluded,1.0,0.122
SAMEA112858873,PRJEB37731,144,day 26,adult,14610.0,female,DK,healthy_control,160 healthy women,,,no,2017-12-28,excluded,1.0,0.221
SAMEA112858874,PRJEB37731,144,day 27,adult,14610.0,female,DK,healthy_control,160 healthy women,,,no,2017-12-29,excluded,1.0,0.275
SAMEA112858875,PRJEB37731,144,day 28,adult,14610.0,female,DK,healthy_control,160 healthy women,,,no,2017-12-30,excluded,1.0,0.27
SAMEA112858876,PRJEB37731,144,day 29,adult,14610.0,female,DK,healthy_control,160 healthy women,,,no,2017-12-31,excluded,1.0,0.17
SAMEA112858877,PRJEB37731,144,day 30,adult,14610.0,female,DK,healthy_control,160 healthy women,,,no,2018-01-01,excluded,1.0,0.197
SAMEA112858878,PRJEB37731,144,day 31,adult,14610.0,female,DK,healthy_control,160 healthy women,,,no,2018-01-02,excluded,1.0,0.256
SAMEA112858879,PRJEB37731,144,day 32,adult,14610.0,female,DK,healthy_control,160 healthy women,,,no,2018-01-03,excluded,1.0,0.196
SAMEA112858852,PRJEB37731,144,day 4,adult,14610.0,female,DK,healthy_control,160 healthy women,,,no,2017-12-06,excluded,1.0,0.182
SAMEA112858853,PRJEB37731,144,day 5,adult,14610.0,female,DK,healthy_control,160 healthy women,,,no,2017-12-07,excluded,1.0,0.186
SAMEA112858854,PRJEB37731,144,day 6,adult,14610.0,female,DK,healthy_control,160 healthy women,,,no,2017-12-08,excluded,1.0,0.264
SAMEA112858855,PRJEB37731,144,day 7,adult,14610.0,female,DK,healthy_control,160 healthy women,,,no,2017-12-09,excluded,1.0,0.166
SAMEA112858856,PRJEB37731,144,day 8,adult,14610.0,female,DK,healthy_control,160 healthy women,,,no,2017-12-10,excluded,1.0,0.243
SAMEA112858857,PRJEB37731,144,day 9,adult,14610.0,female,DK,healthy_control,160 healthy women,,,no,2017-12-11,excluded,1.0,0.155
SAMEA6662681,PRJEB37731,144,follicular phase,adult,,female,DK,healthy_control,160 healthy women,,,no,2018-01,excluded,1.0,0.165
SAMEA6663150,PRJEB37731,144,follicular phase,adult,,female,DK,healthy_control,160 healthy women,,,no,2018-01,primary,1.0,0.182
SAMEA6662836,PRJEB37731,144,luteal phase,adult,,female,DK,healthy_control,160 healthy women,,,no,2018-01,excluded,1.0,0.066
SAMEA6663308,PRJEB37731,144,luteal phase,adult,,female,DK,healthy_control,160 healthy women,,,no,2018-01,primary,1.0,0.18
SAMEA6662047,PRJEB37731,144,menstrual phase,adult,,female,DK,healthy_control,160 healthy women,,,no,2018-01,excluded,1.0,0.165
SAMEA6662522,PRJEB37731,144,menstrual phase,adult,,female,DK,healthy_control,160 healthy women,,,no,2018-01,excluded,1.0,0.218
SAMEA6662992,PRJEB37731,144,menstrual phase,adult,,female,DK,healthy_control,160 healthy women,,,no,2018-01,primary,1.0,0.288
SAMEA6663464,PRJEB37731,144,menstrual phase,adult,,female,DK,healthy_control,160 healthy women,,,no,2018-01,primary,1.0,0.76
SAMEA122895245,PRJEB37731,144,,adult,14610.0,female,DK,healthy_control,160 healthy women,,,no,2017,excluded,1.0,0.002
SAMEA122895246,PRJEB37731,144,,adult,14610.0,female,DK,healthy_control,160 healthy women,,,no,2017,excluded,1.0,0.006
SAMEA112858886,PRJEB37731,145,day 11,adult,12043.2,female,DK,healthy_control,thyroid removed,,,no,2017-12-13,excluded,1.0,0.513
SAMEA112858887,PRJEB37731,145,day 12,adult,12043.2,female,DK,healthy_control,thyroid removed,,,no,2017-12-14,excluded,1.0,0.417
SAMEA112858888,PRJEB37731,145,day 13,adult,12043.2,female,DK,healthy_control,thyroid removed,,,no,2017-12-15,excluded,1.0,0.431
SAMEA112858889,PRJEB37731,145,day 14,adult,12043.2,female,DK,healthy_control,thyroid removed,,,no,2017-12-16,excluded,1.0,0.586
SAMEA112858890,PRJEB37731,145,day 16,adult,12043.2,female,DK,healthy_control,thyroid removed,,,no,2017-12-18,excluded,1.0,0.558
SAMEA112858891,PRJEB37731,145,day 17,adult,12043.2,female,DK,healthy_control,thyroid removed,,,no,2017-12-19,excluded,1.0,0.443
SAMEA112858892,PRJEB37731,145,day 18,adult,12043.2,female,DK,healthy_control,thyroid removed,,,no,2017-12-20,excluded,1.0,0.566
SAMEA112858893,PRJEB37731,145,day 19,adult,12043.2,female,DK,healthy_control,thyroid removed,,,no,2017-12-21,excluded,1.0,0.726
SAMEA112858894,PRJEB37731,145,day 20,adult,12043.2,female,DK,healthy_control,thyroid removed,,,no,2017-12-22,excluded,1.0,0.891
SAMEA112858895,PRJEB37731,145,day 21,adult,12043.2,female,DK,healthy_control,thyroid removed,,,no,2017-12-23,excluded,1.0,0.664
SAMEA112858896,PRJEB37731,145,day 22,adult,12043.2,female,DK,healthy_control,thyroid removed,,,no,2017-12-24,excluded,1.0,0.43
SAMEA112858897,PRJEB37731,145,day 23,adult,12043.2,female,DK,healthy_control,thyroid removed,,,no,2017-12-25,excluded,1.0,0.561
SAMEA112858898,PRJEB37731,145,day 24,adult,12043.2,female,DK,healthy_control,thyroid removed,,,no,2017-12-26,excluded,1.0,0.54
SAMEA112858899,PRJEB37731,145,day 25,adult,12043.2,female,DK,healthy_control,thyroid removed,,,no,2017-12-27,excluded,1.0,0.664
SAMEA112858901,PRJEB37731,145,day 26,adult,12043.2,female,DK,healthy_control,thyroid removed,,,no,2017-12-28,excluded,1.0,0.521
SAMEA112858902,PRJEB37731,145,day 27,adult,12043.2,female,DK,healthy_control,thyroid removed,,,no,2017-12-29,excluded,1.0,0.183
SAMEA112858903,PRJEB37731,145,day 28,adult,12043.2,female,DK,healthy_control,thyroid removed,,,no,2017-12-30,excluded,1.0,0.251
SAMEA112858904,PRJEB37731,145,day 29,adult,12043.2,female,DK,healthy_control,thyroid removed,,,no,2017-12-31,excluded,1.0,0.216
SAMEA112858880,PRJEB37731,145,day 4,adult,12043.2,female,DK,healthy_control,thyroid removed,,,no,2017-12-06,excluded,1.0,0.315
SAMEA112858881,PRJEB37731,145,day 5,adult,12043.2,female,DK,healthy_control,thyroid removed,,,no,2017-12-07,excluded,1.0,0.754
SAMEA112858882,PRJEB37731,145,day 6,adult,12043.2,female,DK,healthy_control,thyroid removed,,,no,2017-12-08,excluded,1.0,0.375
SAMEA112858883,PRJEB37731,145,day 7,adult,12043.2,female,DK,healthy_control,thyroid removed,,,no,2017-12-09,excluded,1.0,0.405
SAMEA112858884,PRJEB37731,145,day 8,adult,12043.2,female,DK,healthy_control,thyroid removed,,,no,2017-12-10,excluded,1.0,0.276
SAMEA112858885,PRJEB37731,145,day 9,adult,12043.2,female,DK,healthy_control,thyroid removed,,,no,2017-12-11,excluded,1.0,0.25
SAMEA6662682,PRJEB37731,145,follicular phase,adult,,female,DK,healthy_control,160 healthy women,,,no,2018-01,excluded,1.0,0.195
SAMEA6663151,PRJEB37731,145,follicular phase,adult,,female,DK,healthy_control,160 healthy women,,,no,2018-01,primary,1.0,0.206
SAMEA6662837,PRJEB37731,145,luteal phase,adult,,female,DK,healthy_control,160 healthy women,,,no,2018-01,excluded,1.0,0.127
SAMEA6663309,PRJEB37731,145,luteal phase,adult,,female,DK,healthy_control,160 healthy women,,,no,2018-01,primary,1.0,0.254
SAMEA6662048,PRJEB37731,145,menstrual phase,adult,,female,DK,healthy_control,160 healthy women,,,no,2018-01,excluded,1.0,0.182
SAMEA6662523,PRJEB37731,145,menstrual phase,adult,,female,DK,healthy_control,160 healthy women,,,no,2018-01,excluded,1.0,0.147
SAMEA6662993,PRJEB37731,145,menstrual phase,adult,,female,DK,healthy_control,160 healthy women,,,no,2018-01,primary,1.0,0.226
SAMEA6663465,PRJEB37731,145,menstrual phase,adult,,female,DK,healthy_control,160 healthy women,,,no,2018-01,primary,1.0,0.271
SAMEA122895247,PRJEB37731,145,,adult,12043.2,female,DK,healthy_control,160 healthy women,,,no,2017,excluded,1.0,0.005
SAMEA122895248,PRJEB37731,145,,adult,12043.2,female,DK,healthy_control,160 healthy women,,,no,2017,excluded,1.0,0.005
SAMEA6662683,PRJEB37731,146,follicular phase,adult,,female,DK,allergy_or_atopy,allergies,,,no,2018-01,excluded,1.0,0.149
SAMEA6663152,PRJEB37731,146,follicular phase,adult,,female,DK,allergy_or_atopy,allergies,,,no,2018-01,primary,1.0,0.346
SAMEA6662838,PRJEB37731,146,luteal phase,adult,,female,DK,allergy_or_atopy,allergies,,,no,2018-01,excluded,1.0,0.126
SAMEA6663310,PRJEB37731,146,luteal phase,adult,,female,DK,allergy_or_atopy,allergies,,,no,2018-01,primary,1.0,0.283
SAMEA6662049,PRJEB37731,146,menstrual phase,adult,,female,DK,allergy_or_atopy,allergies,,,no,2018-01,excluded,1.0,0.245
SAMEA6662524,PRJEB37731,146,menstrual phase,adult,,female,DK,allergy_or_atopy,allergies,,,no,2018-01,excluded,1.0,0.179
SAMEA6662994,PRJEB37731,146,menstrual phase,adult,,female,DK,allergy_or_atopy,allergies,,,no,2018-01,primary,1.0,0.227
SAMEA6663466,PRJEB37731,146,menstrual phase,adult,,female,DK,allergy_or_atopy,allergies,,,no,2018-01,primary,1.0,0.382
SAMEA122895249,PRJEB37731,146,,adult,9131.0,female,DK,healthy_control,160 healthy women,,,no,2017,excluded,1.0,0.131
SAMEA122895250,PRJEB37731,146,,adult,9131.0,female,DK,healthy_control,160 healthy women,,,no,2017,excluded,1.0,0.07
SAMEA6662684,PRJEB37731,147,follicular phase,adult,,female,DK,healthy_control,160 healthy women,,,no,2018-01,excluded,1.0,0.211
SAMEA6663153,PRJEB37731,147,follicular phase,adult,,female,DK,healthy_control,160 healthy women,,,no,2018-01,primary,1.0,0.197
SAMEA6662839,PRJEB37731,147,luteal phase,adult,,female,DK,healthy_control,160 healthy women,,,no,2018-01,excluded,1.0,0.283
SAMEA6663311,PRJEB37731,147,luteal phase,adult,,female,DK,healthy_control,160 healthy women,,,no,2018-01,primary,1.0,0.467
SAMEA6662050,PRJEB37731,147,menstrual phase,adult,,female,DK,healthy_control,160 healthy women,,,no,2018-01,excluded,1.0,0.253
SAMEA6662525,PRJEB37731,147,menstrual phase,adult,,female,DK,healthy_control,160 healthy women,,,no,2018-01,excluded,1.0,0.114
SAMEA6662995,PRJEB37731,147,menstrual phase,adult,,female,DK,healthy_control,160 healthy women,,,no,2018-01,primary,1.0,0.292
SAMEA122895251,PRJEB37731,147,,adult,10234.0,female,DK,healthy_control,160 healthy women,,,no,2017,excluded,1.0,0.006
SAMEA122895252,PRJEB37731,147,,adult,10234.0,female,DK,healthy_control,160 healthy women,,,no,2017,excluded,1.0,0.091
SAMEA112858910,PRJEB37731,148,day 10,adult,8035.5,female,DK,healthy_control,160 healthy women,,,no,2017-12-18,excluded,1.0,0.613
SAMEA112858911,PRJEB37731,148,day 11,adult,8035.5,female,DK,healthy_control,160 healthy women,,,no,2017-12-19,excluded,1.0,0.437
SAMEA112858912,PRJEB37731,148,day 12,adult,8035.5,female,DK,healthy_control,160 healthy women,,,no,2017-12-20,excluded,1.0,0.354
SAMEA112858913,PRJEB37731,148,day 13,adult,8035.5,female,DK,healthy_control,160 healthy women,,,no,2017-12-21,excluded,1.0,0.328
SAMEA112858914,PRJEB37731,148,day 14,adult,8035.5,female,DK,healthy_control,160 healthy women,,,no,2017-12-22,excluded,1.0,0.243
SAMEA112858915,PRJEB37731,148,day 15,adult,8035.5,female,DK,healthy_control,160 healthy women,,,no,2017-12-23,excluded,1.0,0.187
SAMEA112858916,PRJEB37731,148,day 16,adult,8035.5,female,DK,healthy_control,160 healthy women,,,no,2017-12-24,excluded,1.0,0.505
SAMEA112858917,PRJEB37731,148,day 17,adult,8035.5,female,DK,healthy_control,160 healthy women,,,no,2017-12-25,excluded,1.0,0.243
SAMEA112858918,PRJEB37731,148,day 19,adult,8035.5,female,DK,healthy_control,160 healthy women,,,no,2017-12-27,excluded,1.0,0.6
SAMEA112858919,PRJEB37731,148,day 20,adult,8035.5,female,DK,healthy_control,160 healthy women,,,no,2017-12-28,excluded,1.0,0.236
SAMEA112858920,PRJEB37731,148,day 21,adult,8035.5,female,DK,healthy_control,160 healthy women,,,no,2017-12-29,excluded,1.0,0.251
SAMEA112858921,PRJEB37731,148,day 22,adult,8035.5,female,DK,healthy_control,160 healthy women,,,no,2017-12-30,excluded,1.0,0.264
SAMEA112858922,PRJEB37731,148,day 23,adult,8035.5,female,DK,healthy_control,160 healthy women,,,no,2017-12-31,excluded,1.0,0.278
SAMEA112858923,PRJEB37731,148,day 24,adult,8035.5,female,DK,healthy_control,160 healthy women,,,no,2018-01-01,excluded,1.0,0.209
SAMEA112858924,PRJEB37731,148,day 25,adult,8035.5,female,DK,healthy_control,160 healthy women,,,no,2018-01-02,excluded,1.0,0.318
SAMEA112858925,PRJEB37731,148,day 26,adult,8035.5,female,DK,healthy_control,160 healthy women,,,no,2018-01-03,excluded,1.0,0.21
SAMEA112858926,PRJEB37731,148,day 27,adult,8035.5,female,DK,healthy_control,160 healthy women,,,no,2018-01-04,excluded,1.0,0.323
SAMEA112858927,PRJEB37731,148,day 28,adult,8035.5,female,DK,healthy_control,160 healthy women,,,no,2018-01-05,excluded,1.0,0.0
SAMEA112858928,PRJEB37731,148,day 29,adult,8035.5,female,DK,healthy_control,160 healthy women,,,no,2018-01-06,excluded,1.0,0.421
SAMEA112858929,PRJEB37731,148,day 30,adult,8035.5,female,DK,healthy_control,160 healthy women,,,no,2018-01-07,excluded,1.0,1.084
SAMEA112858930,PRJEB37731,148,day 31,adult,8035.5,female,DK,healthy_control,160 healthy women,,,no,2018-01-08,excluded,1.0,0.197
SAMEA112858932,PRJEB37731,148,day 32,adult,8035.5,female,DK,healthy_control,160 healthy women,,,no,2018-01-09,excluded,1.0,0.31
SAMEA112858905,PRJEB37731,148,day 4,adult,8035.5,female,DK,healthy_control,160 healthy women,,,no,2017-12-12,excluded,1.0,0.078
SAMEA112858906,PRJEB37731,148,day 5,adult,8035.5,female,DK,healthy_control,160 healthy women,,,no,2017-12-13,excluded,1.0,0.139
SAMEA112858907,PRJEB37731,148,day 6,adult,8035.5,female,DK,healthy_control,160 healthy women,,,no,2017-12-14,excluded,1.0,0.203
SAMEA112858908,PRJEB37731,148,day 7,adult,8035.5,female,DK,healthy_control,160 healthy women,,,no,2017-12-15,excluded,1.0,0.175
SAMEA112858909,PRJEB37731,148,day 8,adult,8035.5,female,DK,healthy_control,160 healthy women,,,no,2017-12-16,excluded,1.0,0.19
SAMEA6662685,PRJEB37731,148,follicular phase,adult,,female,DK,healthy_control,160 healthy women,,,no,2018-01,excluded,1.0,0.189
SAMEA6663154,PRJEB37731,148,follicular phase,adult,,female,DK,healthy_control,160 healthy women,,,no,2018-01,primary,1.0,0.239
SAMEA6662840,PRJEB37731,148,luteal phase,adult,,female,DK,healthy_control,160 healthy women,,,no,2018-01,excluded,1.0,0.31
SAMEA6663312,PRJEB37731,148,luteal phase,adult,,female,DK,healthy_control,160 healthy women,,,no,2018-01,primary,1.0,0.24
SAMEA6662051,PRJEB37731,148,menstrual phase,adult,,female,DK,healthy_control,160 healthy women,,,no,2018-01,excluded,1.0,0.201
SAMEA6662526,PRJEB37731,148,menstrual phase,adult,,female,DK,healthy_control,160 healthy women,,,no,2018-01,excluded,1.0,0.183
SAMEA6662996,PRJEB37731,148,menstrual phase,adult,,female,DK,healthy_control,160 healthy women,,,no,2018-01,primary,1.0,0.417
SAMEA6663467,PRJEB37731,148,menstrual phase,adult,,female,DK,healthy_control,160 healthy women,,,no,2018-01,primary,1.0,0.199
SAMEA122895253,PRJEB37731,148,,adult,8035.5,female,DK,healthy_control,160 healthy women,,,no,2017,excluded,1.0,0.004
SAMEA122895254,PRJEB37731,148,,adult,8035.5,female,DK,healthy_control,160 healthy women,,,no,2017,excluded,1.0,0.003
SAMEA6662686,PRJEB37731,149,follicular phase,adult,,female,DK,allergy_or_atopy,allergies,,,no,2018-01,excluded,1.0,0.25
SAMEA6663155,PRJEB37731,149,follicular phase,adult,,female,DK,allergy_or_atopy,allergies,,,no,2018-01,primary,1.0,0.304
SAMEA6662841,PRJEB37731,149,luteal phase,adult,,female,DK,allergy_or_atopy,allergies,,,no,2018-01,excluded,1.0,0.352
SAMEA6663313,PRJEB37731,149,luteal phase,adult,,female,DK,allergy_or_atopy,allergies,,,no,2018-01,primary,1.0,0.285
SAMEA6662052,PRJEB37731,149,menstrual phase,adult,,female,DK,allergy_or_atopy,allergies,,,no,2018-01,excluded,1.0,0.179
SAMEA6662527,PRJEB37731,149,menstrual phase,adult,,female,DK,allergy_or_atopy,allergies,,,no,2018-01,excluded,1.0,0.135
SAMEA6662997,PRJEB37731,149,menstrual phase,adult,,female,DK,allergy_or_atopy,allergies,,,no,2018-01,primary,1.0,0.304
SAMEA6663468,PRJEB37731,149,menstrual phase,adult,,female,DK,allergy_or_atopy,allergies,,,no,2018-01,primary,1.0,0.264
SAMEA122895256,PRJEB37731,149,,adult,12043.2,female,DK,healthy_control,160 healthy women,,,no,2017,excluded,1.0,0.006
SAMEA6662556,PRJEB37731,15,follicular phase,adult,,female,DK,healthy_control,160 healthy women,,,no,2018-01,excluded,1.0,0.227
SAMEA6663027,PRJEB37731,15,follicular phase,adult,,female,DK,healthy_control,160 healthy women,,,no,2018-01,primary,1.0,0.245
SAMEA6662714,PRJEB37731,15,luteal phase,adult,,female,DK,healthy_control,160 healthy women,,,no,2018-01,excluded,1.0,0.191
SAMEA6663185,PRJEB37731,15,luteal phase,adult,,female,DK,healthy_control,160 healthy women,,,no,2018-01,primary,1.0,0.245
SAMEA6661922,PRJEB37731,15,menstrual phase,adult,,female,DK,healthy_control,160 healthy women,,,no,2018-01,excluded,1.0,0.281
SAMEA6662399,PRJEB37731,15,menstrual phase,adult,,female,DK,healthy_control,160 healthy women,,,no,2018-01,excluded,1.0,0.317
SAMEA6662869,PRJEB37731,15,menstrual phase,adult,,female,DK,healthy_control,160 healthy women,,,no,2018-01,primary,1.0,0.363
SAMEA6663341,PRJEB37731,15,menstrual phase,adult,,female,DK,healthy_control,160 healthy women,,,no,2018-01,primary,1.0,0.238
SAMEA122894992,PRJEB37731,15,,adult,8391.0,female,DK,healthy_control,160 healthy women,,,no,2017,excluded,1.0,0.048
SAMEA122894993,PRJEB37731,15,,adult,8391.0,female,DK,healthy_control,160 healthy women,,,no,2017,excluded,1.0,0.056
SAMEA6662687,PRJEB37731,150,follicular phase,adult,,female,DK,healthy_control,160 healthy women,,,no,2018-01,excluded,1.0,0.169
SAMEA6663156,PRJEB37731,150,follicular phase,adult,,female,DK,healthy_control,160 healthy women,,,no,2018-01,primary,1.0,0.24
SAMEA6662842,PRJEB37731,150,luteal phase,adult,,female,DK,healthy_control,160 healthy women,,,no,2018-01,excluded,1.0,0.153
SAMEA6663314,PRJEB37731,150,luteal phase,adult,,female,DK,healthy_control,160 healthy women,,,no,2018-01,primary,1.0,0.186
SAMEA6662053,PRJEB37731,150,menstrual phase,adult,,female,DK,healthy_control,160 healthy women,,,no,2018-01,excluded,1.0,0.204
SAMEA6662528,PRJEB37731,150,menstrual phase,adult,,female,DK,healthy_control,160 healthy women,,,no,2018-01,excluded,1.0,0.181
SAMEA6662998,PRJEB37731,150,menstrual phase,adult,,female,DK,healthy_control,160 healthy women,,,no,2018-01,primary,1.0,0.328
SAMEA6663469,PRJEB37731,150,menstrual phase,adult,,female,DK,healthy_control,160 healthy women,,,no,2018-01,primary,1.0,0.316
SAMEA122895257,PRJEB37731,150,,adult,7305.0,female,DK,healthy_control,160 healthy women,,,no,2017,excluded,1.0,0.007
SAMEA122895258,PRJEB37731,150,,adult,7305.0,female,DK,healthy_control,160 healthy women,,,no,2017,excluded,1.0,0.009
SAMEA112858939,PRJEB37731,151,day 10,adult,8766.0,female,DK,healthy_control,160 healthy women,,,no,2017-12-21,excluded,1.0,2.084
SAMEA112858940,PRJEB37731,151,day 11,adult,8766.0,female,DK,healthy_control,160 healthy women,,,no,2017-12-22,excluded,1.0,1.712
SAMEA112858941,PRJEB37731,151,day 12,adult,8766.0,female,DK,healthy_control,160 healthy women,,,no,2017-12-23,excluded,1.0,0.7
SAMEA112858942,PRJEB37731,151,day 13,adult,8766.0,female,DK,healthy_control,160 healthy women,,,no,2017-12-24,excluded,1.0,0.999
SAMEA112858943,PRJEB37731,151,day 14,adult,8766.0,female,DK,healthy_control,160 healthy women,,,no,2017-12-25,excluded,1.0,1.112
SAMEA112858944,PRJEB37731,151,day 15,adult,8766.0,female,DK,healthy_control,160 healthy women,,,no,2017-12-26,excluded,1.0,1.429
SAMEA112858945,PRJEB37731,151,day 16,adult,8766.0,female,DK,healthy_control,160 healthy women,,,no,2017-12-27,excluded,1.0,0.89
SAMEA112858946,PRJEB37731,151,day 17,adult,8766.0,female,DK,healthy_control,160 healthy women,,,no,2017-12-28,excluded,1.0,0.604
SAMEA112858947,PRJEB37731,151,day 18,adult,8766.0,female,DK,healthy_control,160 healthy women,,,no,2017-12-29,excluded,1.0,0.393
SAMEA112858948,PRJEB37731,151,day 19,adult,8766.0,female,DK,healthy_control,160 healthy women,,,no,2017-12-30,excluded,1.0,0.566
SAMEA112858949,PRJEB37731,151,day 20,adult,8766.0,female,DK,healthy_control,160 healthy women,,,no,2017-12-31,excluded,1.0,0.56
SAMEA112858951,PRJEB37731,151,day 22,adult,8766.0,female,DK,healthy_control,160 healthy women,,,no,2018-01-02,excluded,1.0,1.888
SAMEA112858952,PRJEB37731,151,day 23,adult,8766.0,female,DK,healthy_control,160 healthy women,,,no,2018-01-03,excluded,1.0,2.406
SAMEA112858953,PRJEB37731,151,day 24,adult,8766.0,female,DK,healthy_control,160 healthy women,,,no,2018-01-04,excluded,1.0,1.919
SAMEA112858954,PRJEB37731,151,day 25,adult,8766.0,female,DK,healthy_control,160 healthy women,,,no,2018-01-05,excluded,1.0,1.554
SAMEA112858955,PRJEB37731,151,day 26,adult,8766.0,female,DK,healthy_control,160 healthy women,,,no,2018-01-06,excluded,1.0,1.446
SAMEA112858956,PRJEB37731,151,day 27,adult,8766.0,female,DK,healthy_control,160 healthy women,,,no,2018-01-07,excluded,1.0,0.611
SAMEA112858957,PRJEB37731,151,day 28,adult,8766.0,female,DK,healthy_control,160 healthy women,,,no,2018-01-08,excluded,1.0,0.368
SAMEA112858958,PRJEB37731,151,day 29,adult,8766.0,female,DK,healthy_control,160 healthy women,,,no,2018-01-09,excluded,1.0,0.74
SAMEA112858959,PRJEB37731,151,day 30,adult,8766.0,female,DK,healthy_control,160 healthy women,,,no,2018-01-10,excluded,1.0,0.537
SAMEA112858960,PRJEB37731,151,day 31,adult,8766.0,female,DK,healthy_control,160 healthy women,,,no,2018-01-11,excluded,1.0,0.34
SAMEA112858961,PRJEB37731,151,day 32,adult,8766.0,female,DK,healthy_control,160 healthy women,,,no,2018-01-12,excluded,1.0,0.327
SAMEA112858933,PRJEB37731,151,day 4,adult,8766.0,female,DK,healthy_control,160 healthy women,,,no,2017-12-15,excluded,1.0,1.033
SAMEA112858934,PRJEB37731,151,day 5,adult,8766.0,female,DK,healthy_control,160 healthy women,,,no,2017-12-16,excluded,1.0,0.613
SAMEA112858935,PRJEB37731,151,day 6,adult,8766.0,female,DK,healthy_control,160 healthy women,,,no,2017-12-17,excluded,1.0,0.647
SAMEA112858936,PRJEB37731,151,day 7,adult,8766.0,female,DK,healthy_control,160 healthy women,,,no,2017-12-18,excluded,1.0,0.396
SAMEA112858937,PRJEB37731,151,day 8,adult,8766.0,female,DK,healthy_control,160 healthy women,,,no,2017-12-19,excluded,1.0,0.594
SAMEA6663157,PRJEB37731,151,follicular phase,adult,,female,SE,healthy_control,160 healthy women,,,no,2018-01,primary,1.0,0.239
SAMEA6663315,PRJEB37731,151,luteal phase,adult,,female,SE,healthy_control,160 healthy women,,,no,2018-01,primary,1.0,0.231
SAMEA6662054,PRJEB37731,151,menstrual phase,adult,,female,SE,healthy_control,160 healthy women,,,no,2018-01,excluded,1.0,0.2
SAMEA6662529,PRJEB37731,151,menstrual phase,adult,,female,SE,healthy_control,160 healthy women,,,no,2018-01,excluded,1.0,0.286
SAMEA6662999,PRJEB37731,151,menstrual phase,adult,,female,SE,healthy_control,160 healthy women,,,no,2018-01,primary,1.0,0.194
SAMEA6663470,PRJEB37731,151,menstrual phase,adult,,female,SE,healthy_control,160 healthy women,,,no,2018-01,primary,1.0,0.254
SAMEA122895259,PRJEB37731,151,,adult,8766.0,female,DK,healthy_control,160 healthy women,,,no,2017,excluded,1.0,0.011
SAMEA122895260,PRJEB37731,151,,adult,8766.0,female,DK,healthy_control,160 healthy women,,,no,2017,excluded,1.0,0.007
SAMEA6662688,PRJEB37731,152,follicular phase,adult,,female,DK,healthy_control,160 healthy women,,,no,2018-01,excluded,1.0,0.067
SAMEA6663158,PRJEB37731,152,follicular phase,adult,,female,DK,healthy_control,160 healthy women,,,no,2018-01,primary,1.0,0.133
SAMEA6662843,PRJEB37731,152,luteal phase,adult,,female,DK,healthy_control,160 healthy women,,,no,2018-01,excluded,1.0,0.393
SAMEA6663316,PRJEB37731,152,luteal phase,adult,,female,DK,healthy_control,160 healthy women,,,no,2018-01,primary,1.0,0.163
SAMEA6662055,PRJEB37731,152,menstrual phase,adult,,female,DK,healthy_control,160 healthy women,,,no,2018-01,excluded,1.0,0.232
SAMEA6662530,PRJEB37731,152,menstrual phase,adult,,female,DK,healthy_control,160 healthy women,,,no,2018-01,excluded,1.0,0.312
SAMEA6663000,PRJEB37731,152,menstrual phase,adult,,female,DK,healthy_control,160 healthy women,,,no,2018-01,primary,1.0,0.183
SAMEA6663471,PRJEB37731,152,menstrual phase,adult,,female,DK,healthy_control,160 healthy women,,,no,2018-01,primary,1.0,0.208
SAMEA122895261,PRJEB37731,152,,adult,8035.5,female,DK,healthy_control,160 healthy women,,,no,2017,excluded,1.0,0.069
SAMEA122895262,PRJEB37731,152,,adult,8035.5,female,DK,healthy_control,160 healthy women,,,no,2017,excluded,1.0,0.093
SAMEA112858969,PRJEB37731,153,day 11,adult,7305.0,female,DK,healthy_control,160 healthy women,,,no,2017-12-27,excluded,1.0,0.492
SAMEA112858970,PRJEB37731,153,day 12,adult,7305.0,female,DK,healthy_control,160 healthy women,,,no,2017-12-28,excluded,1.0,0.891
SAMEA112858971,PRJEB37731,153,day 13,adult,7305.0,female,DK,healthy_control,160 healthy women,,,no,2017-12-29,excluded,1.0,0.797
SAMEA112858972,PRJEB37731,153,day 14,adult,7305.0,female,DK,healthy_control,160 healthy women,,,no,2017-12-30,excluded,1.0,0.779
SAMEA112858973,PRJEB37731,153,day 15,adult,7305.0,female,DK,healthy_control,160 healthy women,,,no,2017-12-31,excluded,1.0,0.637
SAMEA112858974,PRJEB37731,153,day 16,adult,7305.0,female,DK,healthy_control,160 healthy women,,,no,2018-01-01,excluded,1.0,0.531
SAMEA112858975,PRJEB37731,153,day 17,adult,7305.0,female,DK,healthy_control,160 healthy women,,,no,2018-01-02,excluded,1.0,0.814
SAMEA112858976,PRJEB37731,153,day 19,adult,7305.0,female,DK,healthy_control,160 healthy women,,,no,2018-01-04,excluded,1.0,1.212
SAMEA112858977,PRJEB37731,153,day 20,adult,7305.0,female,DK,healthy_control,160 healthy women,,,no,2018-01-05,excluded,1.0,0.718
SAMEA112858978,PRJEB37731,153,day 21,adult,7305.0,female,DK,healthy_control,160 healthy women,,,no,2018-01-06,excluded,1.0,0.429
SAMEA112858979,PRJEB37731,153,day 22,adult,7305.0,female,DK,healthy_control,160 healthy women,,,no,2018-01-07,excluded,1.0,0.354
SAMEA112858980,PRJEB37731,153,day 23,adult,7305.0,female,DK,healthy_control,160 healthy women,,,no,2018-01-08,excluded,1.0,0.389
SAMEA112858981,PRJEB37731,153,day 24,adult,7305.0,female,DK,healthy_control,160 healthy women,,,no,2018-01-09,excluded,1.0,0.27
SAMEA112858982,PRJEB37731,153,day 25,adult,7305.0,female,DK,healthy_control,160 healthy women,,,no,2018-01-10,excluded,1.0,0.196
SAMEA112858983,PRJEB37731,153,day 26,adult,7305.0,female,DK,healthy_control,160 healthy women,,,no,2018-01-11,excluded,1.0,0.228
SAMEA112858984,PRJEB37731,153,day 27,adult,7305.0,female,DK,healthy_control,160 healthy women,,,no,2018-01-12,excluded,1.0,1.028
SAMEA112858985,PRJEB37731,153,day 28,adult,7305.0,female,DK,healthy_control,160 healthy women,,,no,2018-01-13,excluded,1.0,0.231
SAMEA112858986,PRJEB37731,153,day 29,adult,7305.0,female,DK,healthy_control,160 healthy women,,,no,2018-01-14,excluded,1.0,0.325
SAMEA112858987,PRJEB37731,153,day 30,adult,7305.0,female,DK,healthy_control,160 healthy women,,,no,2018-01-15,excluded,1.0,0.176
SAMEA112858988,PRJEB37731,153,day 31,adult,7305.0,female,DK,healthy_control,160 healthy women,,,no,2018-01-16,excluded,1.0,0.108
SAMEA112858989,PRJEB37731,153,day 32,adult,7305.0,female,DK,healthy_control,160 healthy women,,,no,2018-01-17,excluded,1.0,0.078
SAMEA112858963,PRJEB37731,153,day 4,adult,7305.0,female,DK,healthy_control,160 healthy women,,,no,2017-12-20,excluded,1.0,0.184
SAMEA112858964,PRJEB37731,153,day 5,adult,7305.0,female,DK,healthy_control,160 healthy women,,,no,2017-12-21,excluded,1.0,0.459
SAMEA112858965,PRJEB37731,153,day 6,adult,7305.0,female,DK,healthy_control,160 healthy women,,,no,2017-12-22,excluded,1.0,0.3
SAMEA112858966,PRJEB37731,153,day 7,adult,7305.0,female,DK,healthy_control,160 healthy women,,,no,2017-12-23,excluded,1.0,0.192
SAMEA112858967,PRJEB37731,153,day 8,adult,7305.0,female,DK,healthy_control,160 healthy women,,,no,2017-12-24,excluded,1.0,0.217
SAMEA112858968,PRJEB37731,153,day 9,adult,7305.0,female,DK,healthy_control,160 healthy women,,,no,2017-12-25,excluded,1.0,0.276
SAMEA6662689,PRJEB37731,153,follicular phase,adult,,female,DK,healthy_control,160 healthy women,,,no,2018-01,excluded,1.0,0.226
SAMEA6663159,PRJEB37731,153,follicular phase,adult,,female,DK,healthy_control,160 healthy women,,,no,2018-01,primary,1.0,0.185
SAMEA6662844,PRJEB37731,153,luteal phase,adult,,female,DK,healthy_control,160 healthy women,,,no,2018-01,excluded,1.0,0.025
SAMEA6663317,PRJEB37731,153,luteal phase,adult,,female,DK,healthy_control,160 healthy women,,,no,2018-01,primary,1.0,0.162
SAMEA6662056,PRJEB37731,153,menstrual phase,adult,,female,DK,healthy_control,160 healthy women,,,no,2018-01,excluded,1.0,0.261
SAMEA6663001,PRJEB37731,153,menstrual phase,adult,,female,DK,healthy_control,160 healthy women,,,no,2018-01,primary,1.0,0.244
SAMEA6663472,PRJEB37731,153,menstrual phase,adult,,female,DK,healthy_control,160 healthy women,,,no,2018-01,primary,1.0,0.266
SAMEA122895263,PRJEB37731,153,,adult,7305.0,female,DK,healthy_control,160 healthy women,,,no,2017,excluded,1.0,0.003
SAMEA122895264,PRJEB37731,153,,adult,7305.0,female,DK,healthy_control,160 healthy women,,,no,2017,excluded,1.0,0.012
SAMEA6662690,PRJEB37731,154,follicular phase,adult,,female,DK,healthy_control,160 healthy women,,,no,2018-01,excluded,1.0,0.058
SAMEA6663160,PRJEB37731,154,follicular phase,adult,,female,DK,healthy_control,160 healthy women,,,no,2018-01,primary,1.0,0.244
SAMEA6662845,PRJEB37731,154,luteal phase,adult,,female,DK,healthy_control,160 healthy women,,,no,2018-01,excluded,1.0,0.2
SAMEA6663318,PRJEB37731,154,luteal phase,adult,,female,DK,healthy_control,160 healthy women,,,no,2018-01,primary,1.0,0.218
SAMEA6662057,PRJEB37731,154,menstrual phase,adult,,female,DK,healthy_control,160 healthy women,,,no,2018-01,excluded,1.0,0.248
SAMEA6662531,PRJEB37731,154,menstrual phase,adult,,female,DK,healthy_control,160 healthy women,,,no,2018-01,excluded,1.0,0.312
SAMEA6663002,PRJEB37731,154,menstrual phase,adult,,female,DK,healthy_control,160 healthy women,,,no,2018-01,primary,1.0,0.16
SAMEA6663473,PRJEB37731,154,menstrual phase,adult,,female,DK,healthy_control,160 healthy women,,,no,2018-01,primary,1.0,0.282
SAMEA122895265,PRJEB37731,154,,adult,9496.5,female,DK,healthy_control,160 healthy women,,,no,2017,excluded,1.0,0.051
SAMEA122895266,PRJEB37731,154,,adult,9496.5,female,DK,healthy_control,160 healthy women,,,no,2017,excluded,1.0,0.067
SAMEA6662691,PRJEB37731,155,follicular phase,adult,,female,DK,allergy_or_atopy,allergies,,,no,2018-01,excluded,1.0,0.284
SAMEA6663161,PRJEB37731,155,follicular phase,adult,,female,DK,allergy_or_atopy,allergies,,,no,2018-01,primary,1.0,0.218
SAMEA6663319,PRJEB37731,155,luteal phase,adult,,female,DK,allergy_or_atopy,allergies,,,no,2018-01,primary,1.0,0.244
SAMEA6662058,PRJEB37731,155,menstrual phase,adult,,female,DK,allergy_or_atopy,allergies,,,no,2018-01,excluded,1.0,0.296
SAMEA6662532,PRJEB37731,155,menstrual phase,adult,,female,DK,allergy_or_atopy,allergies,,,no,2018-01,excluded,1.0,0.046
SAMEA6663003,PRJEB37731,155,menstrual phase,adult,,female,DK,allergy_or_atopy,allergies,,,no,2018-01,primary,1.0,0.193
SAMEA6663474,PRJEB37731,155,menstrual phase,adult,,female,DK,allergy_or_atopy,allergies,,,no,2018-01,primary,1.0,0.274
SAMEA122895267,PRJEB37731,155,,adult,8035.5,female,DK,healthy_control,160 healthy women,,,no,2017,excluded,1.0,0.006
SAMEA122895268,PRJEB37731,155,,adult,8035.5,female,DK,healthy_control,160 healthy women,,,no,2017,excluded,1.0,0.004
SAMEA112858995,PRJEB37731,156,day 10,adult,10601.0,female,DK,other_infection,160 healthy women,,,no,2018-01-05,excluded,1.0,0.381
SAMEA112858996,PRJEB37731,156,day 11,adult,10601.0,female,DK,other_infection,160 healthy women,,,no,2018-01-06,excluded,1.0,0.708
SAMEA112858997,PRJEB37731,156,day 12,adult,10601.0,female,DK,other_infection,160 healthy women,,,no,2018-01-07,excluded,1.0,0.581
SAMEA112858998,PRJEB37731,156,day 13,adult,10601.0,female,DK,other_infection,160 healthy women,,,no,2018-01-08,excluded,1.0,0.788
SAMEA112859000,PRJEB37731,156,day 14,adult,10601.0,female,DK,other_infection,160 healthy women,,,no,2018-01-09,excluded,1.0,0.616
SAMEA112859001,PRJEB37731,156,day 15,adult,10601.0,female,DK,other_infection,160 healthy women,,,no,2018-01-10,excluded,1.0,0.471
SAMEA112859002,PRJEB37731,156,day 17,adult,10601.0,female,DK,other_infection,160 healthy women,,,no,2018-01-12,excluded,1.0,0.995
SAMEA112859003,PRJEB37731,156,day 18,adult,10601.0,female,DK,other_infection,160 healthy women,,,no,2018-01-13,excluded,1.0,0.711
SAMEA112859004,PRJEB37731,156,day 19,adult,10601.0,female,DK,other_infection,160 healthy women,,,no,2018-01-14,excluded,1.0,0.515
SAMEA112859005,PRJEB37731,156,day 20,adult,10601.0,female,DK,other_infection,160 healthy women,,,no,2018-01-15,excluded,1.0,0.759
SAMEA112859006,PRJEB37731,156,day 21,adult,10601.0,female,DK,other_infection,160 healthy women,,,no,2018-01-16,excluded,1.0,0.638
SAMEA112859007,PRJEB37731,156,day 22,adult,10601.0,female,DK,other_infection,160 healthy women,,,no,2018-01-17,excluded,1.0,0.461
SAMEA112859008,PRJEB37731,156,day 23,adult,10601.0,female,DK,other_infection,160 healthy women,,,no,2018-01-18,excluded,1.0,0.192
SAMEA112859009,PRJEB37731,156,day 24,adult,10601.0,female,DK,other_infection,160 healthy women,,,no,2018-01-19,excluded,1.0,0.207
SAMEA112859010,PRJEB37731,156,day 25,adult,10601.0,female,DK,other_infection,160 healthy women,,,no,2018-01-20,excluded,1.0,0.299
SAMEA112859011,PRJEB37731,156,day 26,adult,10601.0,female,DK,other_infection,160 healthy women,,,no,2018-01-21,excluded,1.0,0.4
SAMEA112859012,PRJEB37731,156,day 27,adult,10601.0,female,DK,other_infection,160 healthy women,,,no,2018-01-22,excluded,1.0,0.334
SAMEA112859013,PRJEB37731,156,day 28,adult,10601.0,female,DK,other_infection,160 healthy women,,,no,2018-01-23,excluded,1.0,0.597
SAMEA112859014,PRJEB37731,156,day 29,adult,10601.0,female,DK,other_infection,160 healthy women,,,no,2018-01-24,excluded,1.0,1.548
SAMEA112859015,PRJEB37731,156,day 30,adult,10601.0,female,DK,other_infection,160 healthy women,,,no,2018-01-25,excluded,1.0,1.038
SAMEA112859016,PRJEB37731,156,day 31,adult,10601.0,female,DK,other_infection,160 healthy women,,,no,2018-01-26,excluded,1.0,0.756
SAMEA112859017,PRJEB37731,156,day 32,adult,10601.0,female,DK,other_infection,160 healthy women,,,no,2018-01-27,excluded,1.0,1.428
SAMEA112858990,PRJEB37731,156,day 4,adult,10601.0,female,DK,other_infection,160 healthy women,,,no,2017-12-30,excluded,1.0,0.273
SAMEA112858991,PRJEB37731,156,day 5,adult,10601.0,female,DK,other_infection,160 healthy women,,,no,2017-12-31,excluded,1.0,0.132
SAMEA112858992,PRJEB37731,156,day 6,adult,10601.0,female,DK,other_infection,160 healthy women,,,no,2018-01-01,excluded,1.0,0.174
SAMEA112858993,PRJEB37731,156,day 8,adult,10601.0,female,DK,other_infection,160 healthy women,,,no,2018-01-03,excluded,1.0,0.821
SAMEA112858994,PRJEB37731,156,day 9,adult,10601.0,female,DK,other_infection,160 healthy women,,,no,2018-01-04,excluded,1.0,0.608
SAMEA6662692,PRJEB37731,156,follicular phase,adult,,female,DK,other_infection,160 healthy women,,,no,2018-01,excluded,1.0,0.149
SAMEA6663162,PRJEB37731,156,follicular phase,adult,,female,DK,other_infection,160 healthy women,,,no,2018-01,primary,1.0,0.22
SAMEA6662846,PRJEB37731,156,luteal phase,adult,,female,DK,other_infection,160 healthy women,,,no,2018-01,excluded,1.0,0.651
SAMEA6663320,PRJEB37731,156,luteal phase,adult,,female,DK,other_infection,160 healthy women,,,no,2018-01,primary,1.0,0.046
SAMEA6662059,PRJEB37731,156,menstrual phase,adult,,female,DK,other_infection,160 healthy women,,,no,2018-01,excluded,1.0,0.204
SAMEA6662533,PRJEB37731,156,menstrual phase,adult,,female,DK,other_infection,160 healthy women,,,no,2018-01,excluded,1.0,0.294
SAMEA6663004,PRJEB37731,156,menstrual phase,adult,,female,DK,other_infection,160 healthy women,,,no,2018-01,primary,1.0,0.251
SAMEA6663475,PRJEB37731,156,menstrual phase,adult,,female,DK,other_infection,160 healthy women,,,no,2018-01,primary,1.0,0.196
SAMEA122895269,PRJEB37731,156,,adult,10601.0,female,DK,healthy_control,160 healthy women,,,no,2017,excluded,1.0,0.008
SAMEA122895270,PRJEB37731,156,,adult,10601.0,female,DK,healthy_control,160 healthy women,,,no,2017,excluded,1.0,0.013
SAMEA112859023,PRJEB37731,157,day 10,adult,10601.0,female,DK,allergy_or_atopy,allergies,,,no,2018-01-03,excluded,1.0,0.0
SAMEA112859024,PRJEB37731,157,day 11,adult,10601.0,female,DK,allergy_or_atopy,allergies,,,no,2018-01-04,excluded,1.0,0.0
SAMEA112859026,PRJEB37731,157,day 12,adult,10601.0,female,DK,allergy_or_atopy,allergies,,,no,2018-01-05,excluded,1.0,0.0
SAMEA112859027,PRJEB37731,157,day 13,adult,10601.0,female,DK,allergy_or_atopy,allergies,,,no,2018-01-06,excluded,1.0,0.001
SAMEA112859028,PRJEB37731,157,day 14,adult,10601.0,female,DK,allergy_or_atopy,allergies,,,no,2018-01-07,excluded,1.0,0.0
SAMEA112859029,PRJEB37731,157,day 15,adult,10601.0,female,DK,allergy_or_atopy,allergies,,,no,2018-01-08,excluded,1.0,0.0
SAMEA112859030,PRJEB37731,157,day 16,adult,10601.0,female,DK,allergy_or_atopy,allergies,,,no,2018-01-09,excluded,1.0,0.0
SAMEA112859031,PRJEB37731,157,day 17,adult,10601.0,female,DK,allergy_or_atopy,allergies,,,no,2018-01-10,excluded,1.0,0.001
SAMEA112859032,PRJEB37731,157,day 18,adult,10601.0,female,DK,allergy_or_atopy,allergies,,,no,2018-01-11,excluded,1.0,0.0
SAMEA112859033,PRJEB37731,157,day 19,adult,10601.0,female,DK,allergy_or_atopy,allergies,,,no,2018-01-12,excluded,1.0,0.0
SAMEA112859034,PRJEB37731,157,day 21,adult,10601.0,female,DK,allergy_or_atopy,allergies,,,no,2018-01-14,excluded,1.0,0.0
SAMEA112859035,PRJEB37731,157,day 22,adult,10601.0,female,DK,allergy_or_atopy,allergies,,,no,2018-01-15,excluded,1.0,0.0
SAMEA112859036,PRJEB37731,157,day 23,adult,10601.0,female,DK,allergy_or_atopy,allergies,,,no,2018-01-16,excluded,1.0,0.0
SAMEA112859037,PRJEB37731,157,day 24,adult,10601.0,female,DK,allergy_or_atopy,allergies,,,no,2018-01-17,excluded,1.0,0.0
SAMEA112859038,PRJEB37731,157,day 25,adult,10601.0,female,DK,allergy_or_atopy,allergies,,,no,2018-01-18,excluded,1.0,0.0
SAMEA112859039,PRJEB37731,157,day 26,adult,10601.0,female,DK,allergy_or_atopy,allergies,,,no,2018-01-19,excluded,1.0,0.0
SAMEA112859040,PRJEB37731,157,day 27,adult,10601.0,female,DK,allergy_or_atopy,allergies,,,no,2018-01-20,excluded,1.0,0.0
SAMEA112859041,PRJEB37731,157,day 28,adult,10601.0,female,DK,allergy_or_atopy,allergies,,,no,2018-01-21,excluded,1.0,0.0
SAMEA112859042,PRJEB37731,157,day 29,adult,10601.0,female,DK,allergy_or_atopy,allergies,,,no,2018-01-22,excluded,1.0,0.0
SAMEA112859043,PRJEB37731,157,day 30,adult,10601.0,female,DK,allergy_or_atopy,allergies,,,no,2018-01-23,excluded,1.0,0.0
SAMEA112859044,PRJEB37731,157,day 31,adult,10601.0,female,DK,allergy_or_atopy,allergies,,,no,2018-01-24,excluded,1.0,0.0
SAMEA112859045,PRJEB37731,157,day 32,adult,10601.0,female,DK,allergy_or_atopy,allergies,,,no,2018-01-25,excluded,1.0,0.0
SAMEA112859018,PRJEB37731,157,day 4,adult,10601.0,female,DK,allergy_or_atopy,allergies,,,no,2017-12-28,excluded,1.0,0.0
SAMEA112859019,PRJEB37731,157,day 5,adult,10601.0,female,DK,allergy_or_atopy,allergies,,,no,2017-12-29,excluded,1.0,0.0
SAMEA112859020,PRJEB37731,157,day 6,adult,10601.0,female,DK,allergy_or_atopy,allergies,,,no,2017-12-30,excluded,1.0,0.0
SAMEA112859021,PRJEB37731,157,day 7,adult,10601.0,female,DK,allergy_or_atopy,allergies,,,no,2017-12-31,excluded,1.0,0.0
SAMEA112859022,PRJEB37731,157,day 8,adult,10601.0,female,DK,allergy_or_atopy,allergies,,,no,2018-01-01,excluded,1.0,0.0
SAMEA6662693,PRJEB37731,157,follicular phase,adult,,female,DK,allergy_or_atopy,allergies,,,no,2018-01,excluded,1.0,0.226
SAMEA6663163,PRJEB37731,157,follicular phase,adult,,female,DK,allergy_or_atopy,allergies,,,no,2018-01,primary,1.0,1.566
SAMEA6662847,PRJEB37731,157,luteal phase,adult,,female,DK,allergy_or_atopy,allergies,,,no,2018-01,excluded,1.0,0.288
SAMEA6663321,PRJEB37731,157,luteal phase,adult,,female,DK,allergy_or_atopy,allergies,,,no,2018-01,primary,1.0,0.255
SAMEA6662060,PRJEB37731,157,menstrual phase,adult,,female,DK,allergy_or_atopy,allergies,,,no,2018-01,excluded,1.0,0.193
SAMEA6662534,PRJEB37731,157,menstrual phase,adult,,female,DK,allergy_or_atopy,allergies,,,no,2018-01,excluded,1.0,0.31
SAMEA6663005,PRJEB37731,157,menstrual phase,adult,,female,DK,allergy_or_atopy,allergies,,,no,2018-01,primary,1.0,0.275
SAMEA6663476,PRJEB37731,157,menstrual phase,adult,,female,DK,allergy_or_atopy,allergies,,,no,2018-01,primary,1.0,0.213
SAMEA122895271,PRJEB37731,157,,adult,10601.0,female,DK,healthy_control,160 healthy women,,,no,2017,excluded,1.0,0.033
SAMEA122895272,PRJEB37731,157,,adult,10601.0,female,DK,healthy_control,160 healthy women,,,no,2017,excluded,1.0,0.017
SAMEA112859052,PRJEB37731,158,day 10,adult,8766.0,female,DK,healthy_control,160 healthy women,,,no,2018-01-05,excluded,1.0,0.0
SAMEA112859053,PRJEB37731,158,day 12,adult,8766.0,female,DK,healthy_control,160 healthy women,,,no,2018-01-07,excluded,1.0,0.0
SAMEA112859054,PRJEB37731,158,day 13,adult,8766.0,female,DK,healthy_control,160 healthy women,,,no,2018-01-08,excluded,1.0,0.0
SAMEA112859055,PRJEB37731,158,day 14,adult,8766.0,female,DK,healthy_control,160 healthy women,,,no,2018-01-09,excluded,1.0,0.0
SAMEA112859056,PRJEB37731,158,day 16,adult,8766.0,female,DK,healthy_control,160 healthy women,,,no,2018-01-11,excluded,1.0,0.0
SAMEA112859057,PRJEB37731,158,day 17,adult,8766.0,female,DK,healthy_control,160 healthy women,,,no,2018-01-12,excluded,1.0,0.0
SAMEA112859058,PRJEB37731,158,day 18,adult,8766.0,female,DK,healthy_control,160 healthy women,,,no,2018-01-13,excluded,1.0,0.0
SAMEA112859059,PRJEB37731,158,day 20,adult,8766.0,female,DK,healthy_control,160 healthy women,,,no,2018-01-15,excluded,1.0,0.001
SAMEA112859061,PRJEB37731,158,day 22,adult,8766.0,female,DK,healthy_control,160 healthy women,,,no,2018-01-17,excluded,1.0,0.0
SAMEA112859062,PRJEB37731,158,day 23,adult,8766.0,female,DK,healthy_control,160 healthy women,,,no,2018-01-18,excluded,1.0,0.006
SAMEA112859063,PRJEB37731,158,day 25,adult,8766.0,female,DK,healthy_control,160 healthy women,,,no,2018-01-20,excluded,1.0,0.0
SAMEA112859064,PRJEB37731,158,day 28,adult,8766.0,female,DK,healthy_control,160 healthy women,,,no,2018-01-23,excluded,1.0,0.0
SAMEA112859065,PRJEB37731,158,day 29,adult,8766.0,female,DK,healthy_control,160 healthy women,,,no,2018-01-24,excluded,1.0,0.0
SAMEA112859066,PRJEB37731,158,day 30,adult,8766.0,female,DK,healthy_control,160 healthy women,,,no,2018-01-25,excluded,1.0,0.0
SAMEA112859046,PRJEB37731,158,day 4,adult,8766.0,female,DK,healthy_control,160 healthy women,,,no,2017-12-30,excluded,1.0,0.0
SAMEA112859047,PRJEB37731,158,day 5,adult,8766.0,female,DK,healthy_control,160 healthy women,,,no,2017-12-31,excluded,1.0,0.0
SAMEA112859048,PRJEB37731,158,day 6,adult,8766.0,female,DK,healthy_control,160 healthy women,,,no,2018-01-01,excluded,1.0,0.0
SAMEA112859049,PRJEB37731,158,day 7,adult,8766.0,female,DK,healthy_control,160 healthy women,,,no,2018-01-02,excluded,1.0,0.0
SAMEA112859050,PRJEB37731,158,day 8,adult,8766.0,female,DK,healthy_control,160 healthy women,,,no,2018-01-03,excluded,1.0,0.0
SAMEA112859051,PRJEB37731,158,day 9,adult,8766.0,female,DK,healthy_control,160 healthy women,,,no,2018-01-04,excluded,1.0,0.0
SAMEA6662694,PRJEB37731,158,follicular phase,adult,,female,DK,healthy_control,160 healthy women,,,no,2018-01,excluded,1.0,0.118
SAMEA6663164,PRJEB37731,158,follicular phase,adult,,female,DK,healthy_control,160 healthy women,,,no,2018-01,primary,1.0,0.193
SAMEA6662848,PRJEB37731,158,luteal phase,adult,,female,DK,healthy_control,160 healthy women,,,no,2018-01,excluded,1.0,0.321
SAMEA6663322,PRJEB37731,158,luteal phase,adult,,female,DK,healthy_control,160 healthy women,,,no,2018-01,primary,1.0,0.282
SAMEA6662061,PRJEB37731,158,menstrual phase,adult,,female,DK,healthy_control,160 healthy women,,,no,2018-01,excluded,1.0,0.192
SAMEA6662535,PRJEB37731,158,menstrual phase,adult,,female,DK,healthy_control,160 healthy women,,,no,2018-01,excluded,1.0,0.136
SAMEA6663006,PRJEB37731,158,menstrual phase,adult,,female,DK,healthy_control,160 healthy women,,,no,2018-01,primary,1.0,0.297
SAMEA6663477,PRJEB37731,158,menstrual phase,adult,,female,DK,healthy_control,160 healthy women,,,no,2018-01,primary,1.0,0.42
SAMEA122895273,PRJEB37731,158,,adult,8766.0,female,DK,healthy_control,160 healthy women,,,no,2017,excluded,1.0,0.007
SAMEA122895274,PRJEB37731,158,,adult,8766.0,female,DK,healthy_control,160 healthy women,,,no,2017,excluded,1.0,0.005
SAMEA6662695,PRJEB37731,159,follicular phase,adult,,female,DK,healthy_control,160 healthy women,,,no,2018-01,excluded,1.0,0.345
SAMEA6663165,PRJEB37731,159,follicular phase,adult,,female,DK,healthy_control,160 healthy women,,,no,2018-01,primary,1.0,0.339
SAMEA6662849,PRJEB37731,159,luteal phase,adult,,female,DK,healthy_control,160 healthy women,,,no,2018-01,excluded,1.0,0.224
SAMEA6663323,PRJEB37731,159,luteal phase,adult,,female,DK,healthy_control,160 healthy women,,,no,2018-01,primary,1.0,0.22
SAMEA6662536,PRJEB37731,159,menstrual phase,adult,,female,DK,healthy_control,160 healthy women,,,no,2018-01,excluded,1.0,0.543
SAMEA6663007,PRJEB37731,159,menstrual phase,adult,,female,DK,healthy_control,160 healthy women,,,no,2018-01,primary,1.0,0.313
SAMEA6663478,PRJEB37731,159,menstrual phase,adult,,female,DK,healthy_control,160 healthy women,,,no,2018-01,primary,1.0,0.187
SAMEA122895275,PRJEB37731,159,,adult,8035.5,female,DK,healthy_control,160 healthy women,,,no,2017,excluded,1.0,0.001
SAMEA122895276,PRJEB37731,159,,adult,8035.5,female,DK,healthy_control,160 healthy women,,,no,2017,excluded,1.0,0.006
SAMEA6662557,PRJEB37731,16,follicular phase,adult,,female,DK,other_infection,160 healthy women,,,no,2018-01,excluded,1.0,0.123
SAMEA6663028,PRJEB37731,16,follicular phase,adult,,female,DK,other_infection,160 healthy women,,,no,2018-01,primary,1.0,0.319
SAMEA6662715,PRJEB37731,16,luteal phase,adult,,female,DK,other_infection,160 healthy women,,,no,2018-01,excluded,1.0,0.358
SAMEA6663186,PRJEB37731,16,luteal phase,adult,,female,DK,other_infection,160 healthy women,,,no,2018-01,primary,1.0,0.232
SAMEA6661923,PRJEB37731,16,menstrual phase,adult,,female,DK,other_infection,160 healthy women,,,no,2018-01,excluded,1.0,0.432
SAMEA6662400,PRJEB37731,16,menstrual phase,adult,,female,DK,other_infection,160 healthy women,,,no,2018-01,excluded,1.0,0.184
SAMEA6662870,PRJEB37731,16,menstrual phase,adult,,female,DK,other_infection,160 healthy women,,,no,2018-01,primary,1.0,0.264
SAMEA6663342,PRJEB37731,16,menstrual phase,adult,,female,DK,other_infection,160 healthy women,,,no,2018-01,primary,1.0,0.792
SAMEA122894994,PRJEB37731,16,,adult,7305.0,female,DK,healthy_control,160 healthy women,,,no,2017,excluded,1.0,0.002
SAMEA122894995,PRJEB37731,16,,adult,7305.0,female,DK,healthy_control,160 healthy women,,,no,2017,excluded,1.0,0.002
SAMEA6662696,PRJEB37731,160,follicular phase,adult,,female,DK,healthy_control,160 healthy women,,,no,2018-01,excluded,1.0,0.04
SAMEA6663166,PRJEB37731,160,follicular phase,adult,,female,DK,healthy_control,160 healthy women,,,no,2018-01,primary,1.0,0.293
SAMEA6662850,PRJEB37731,160,luteal phase,adult,,female,DK,healthy_control,160 healthy women,,,no,2018-01,excluded,1.0,0.309
SAMEA6663324,PRJEB37731,160,luteal phase,adult,,female,DK,healthy_control,160 healthy women,,,no,2018-01,primary,1.0,0.275
SAMEA6662537,PRJEB37731,160,menstrual phase,adult,,female,DK,healthy_control,160 healthy women,,,no,2018-01,excluded,1.0,0.316
SAMEA6663008,PRJEB37731,160,menstrual phase,adult,,female,DK,healthy_control,160 healthy women,,,no,2018-01,primary,1.0,0.277
SAMEA6663479,PRJEB37731,160,menstrual phase,adult,,female,DK,healthy_control,160 healthy women,,,no,2018-01,primary,1.0,0.24
SAMEA122895277,PRJEB37731,160,,adult,8391.0,female,DK,healthy_control,160 healthy women,,,no,2017,excluded,1.0,0.012
SAMEA122895278,PRJEB37731,160,,adult,8391.0,female,DK,healthy_control,160 healthy women,,,no,2017,excluded,1.0,0.008
SAMEA6662697,PRJEB37731,161,follicular phase,adult,,female,DK,healthy_control,160 healthy women,,,no,2018-01,excluded,1.0,0.018
SAMEA6663167,PRJEB37731,161,follicular phase,adult,,female,DK,healthy_control,160 healthy women,,,no,2018-01,primary,1.0,0.213
SAMEA6662851,PRJEB37731,161,luteal phase,adult,,female,DK,healthy_control,160 healthy women,,,no,2018-01,excluded,1.0,0.253
SAMEA6663325,PRJEB37731,161,luteal phase,adult,,female,DK,healthy_control,160 healthy women,,,no,2018-01,primary,1.0,0.292
SAMEA6662538,PRJEB37731,161,menstrual phase,adult,,female,DK,healthy_control,160 healthy women,,,no,2018-01,excluded,1.0,0.408
SAMEA6663009,PRJEB37731,161,menstrual phase,adult,,female,DK,healthy_control,160 healthy women,,,no,2018-01,primary,1.0,0.195
SAMEA6663480,PRJEB37731,161,menstrual phase,adult,,female,DK,healthy_control,160 healthy women,,,no,2018-01,primary,1.0,0.203
SAMEA122895279,PRJEB37731,161,,adult,8035.5,female,DK,healthy_control,160 healthy women,,,no,2017,excluded,1.0,0.039
SAMEA122895280,PRJEB37731,161,,adult,8035.5,female,DK,healthy_control,160 healthy women,,,no,2017,excluded,1.0,0.021
SAMEA6662698,PRJEB37731,162,follicular phase,adult,,female,DK,healthy_control,160 healthy women,,,no,2018-01,excluded,1.0,0.182
SAMEA6663168,PRJEB37731,162,follicular phase,adult,,female,DK,healthy_control,160 healthy women,,,no,2018-01,primary,1.0,0.236
SAMEA6662852,PRJEB37731,162,luteal phase,adult,,female,DK,healthy_control,160 healthy women,,,no,2018-01,excluded,1.0,0.149
SAMEA6663326,PRJEB37731,162,luteal phase,adult,,female,DK,healthy_control,160 healthy women,,,no,2018-01,primary,1.0,0.273
SAMEA6662539,PRJEB37731,162,menstrual phase,adult,,female,DK,healthy_control,160 healthy women,,,no,2018-01,excluded,1.0,0.236
SAMEA6663010,PRJEB37731,162,menstrual phase,adult,,female,DK,healthy_control,160 healthy women,,,no,2018-01,primary,1.0,0.288
SAMEA6663481,PRJEB37731,162,menstrual phase,adult,,female,DK,healthy_control,160 healthy women,,,no,2018-01,primary,1.0,0.217
SAMEA122895281,PRJEB37731,162,,adult,9496.5,female,DK,healthy_control,160 healthy women,,,no,2017,excluded,1.0,0.003
SAMEA122895282,PRJEB37731,162,,adult,9496.5,female,DK,healthy_control,160 healthy women,,,no,2017,excluded,1.0,0.002
SAMEA6662699,PRJEB37731,163,follicular phase,adult,,female,DK,healthy_control,160 healthy women,,,no,2018-01,excluded,1.0,0.112
SAMEA6663169,PRJEB37731,163,follicular phase,adult,,female,DK,healthy_control,160 healthy women,,,no,2018-01,primary,1.0,0.241
SAMEA6662853,PRJEB37731,163,luteal phase,adult,,female,DK,healthy_control,160 healthy women,,,no,2018-01,excluded,1.0,0.316
SAMEA6663327,PRJEB37731,163,luteal phase,adult,,female,DK,healthy_control,160 healthy women,,,no,2018-01,primary,1.0,0.284
SAMEA6662540,PRJEB37731,163,menstrual phase,adult,,female,DK,healthy_control,160 healthy women,,,no,2018-01,excluded,1.0,0.062
SAMEA6663011,PRJEB37731,163,menstrual phase,adult,,female,DK,healthy_control,160 healthy women,,,no,2018-01,primary,1.0,0.194
SAMEA6663482,PRJEB37731,163,menstrual phase,adult,,female,DK,healthy_control,160 healthy women,,,no,2018-01,primary,1.0,0.257
SAMEA122895283,PRJEB37731,163,,adult,9131.0,female,DK,healthy_control,160 healthy women,,,no,2017,excluded,1.0,0.12
SAMEA122895284,PRJEB37731,163,,adult,9131.0,female,DK,healthy_control,160 healthy women,,,no,2017,excluded,1.0,0.149
SAMEA112859071,PRJEB37731,164,day 12,adult,7670.2,female,DK,healthy_control,160 healthy women,,,no,2018-01-17,excluded,1.0,0.095
SAMEA112859072,PRJEB37731,164,day 13,adult,7670.2,female,DK,healthy_control,160 healthy women,,,no,2018-01-18,excluded,1.0,0.053
SAMEA112859073,PRJEB37731,164,day 14,adult,7670.2,female,DK,healthy_control,160 healthy women,,,no,2018-01-19,excluded,1.0,0.084
SAMEA112859074,PRJEB37731,164,day 15,adult,7670.2,female,DK,healthy_control,160 healthy women,,,no,2018-01-20,excluded,1.0,0.119
SAMEA112859075,PRJEB37731,164,day 17,adult,7670.2,female,DK,healthy_control,160 healthy women,,,no,2018-01-22,excluded,1.0,0.078
SAMEA112859076,PRJEB37731,164,day 18,adult,7670.2,female,DK,healthy_control,160 healthy women,,,no,2018-01-23,excluded,1.0,0.162
SAMEA112859077,PRJEB37731,164,day 19,adult,7670.2,female,DK,healthy_control,160 healthy women,,,no,2018-01-24,excluded,1.0,0.115
SAMEA112859078,PRJEB37731,164,day 20,adult,7670.2,female,DK,healthy_control,160 healthy women,,,no,2018-01-25,excluded,1.0,0.109
SAMEA112859079,PRJEB37731,164,day 21,adult,7670.2,female,DK,healthy_control,160 healthy women,,,no,2018-01-26,excluded,1.0,0.14
SAMEA112859080,PRJEB37731,164,day 22,adult,7670.2,female,DK,healthy_control,160 healthy women,,,no,2018-01-27,excluded,1.0,0.372
SAMEA112859081,PRJEB37731,164,day 23,adult,7670.2,female,DK,healthy_control,160 healthy women,,,no,2018-01-28,excluded,1.0,0.166
SAMEA112859082,PRJEB37731,164,day 24,adult,7670.2,female,DK,healthy_control,160 healthy women,,,no,2018-01-29,excluded,1.0,0.811
SAMEA112859083,PRJEB37731,164,day 26,adult,7670.2,female,DK,healthy_control,160 healthy women,,,no,2018-01-31,excluded,1.0,0.614
SAMEA112859084,PRJEB37731,164,day 27,adult,7670.2,female,DK,healthy_control,160 healthy women,,,no,2018-02-01,excluded,1.0,0.102
SAMEA112859085,PRJEB37731,164,day 29,adult,7670.2,female,DK,healthy_control,160 healthy women,,,no,2018-02-03,excluded,1.0,0.079
SAMEA112859086,PRJEB37731,164,day 30,adult,7670.2,female,DK,healthy_control,160 healthy women,,,no,2018-02-04,excluded,1.0,0.071
SAMEA112859087,PRJEB37731,164,day 31,adult,7670.2,female,DK,healthy_control,160 healthy women,,,no,2018-02-05,excluded,1.0,0.09
SAMEA112859088,PRJEB37731,164,day 32,adult,7670.2,female,DK,healthy_control,160 healthy women,,,no,2018-02-06,excluded,1.0,0.117
SAMEA112859067,PRJEB37731,164,day 4,adult,7670.2,female,DK,healthy_control,160 healthy women,,,no,2018-01-09,excluded,1.0,2.206
SAMEA112859068,PRJEB37731,164,day 5,adult,7670.2,female,DK,healthy_control,160 healthy women,,,no,2018-01-10,excluded,1.0,1.349
SAMEA112859069,PRJEB37731,164,day 6,adult,7670.2,female,DK,healthy_control,160 healthy women,,,no,2018-01-11,excluded,1.0,0.436
SAMEA112859070,PRJEB37731,164,day 7,adult,7670.2,female,DK,healthy_control,160 healthy women,,,no,2018-01-12,excluded,1.0,0.145
SAMEA6662700,PRJEB37731,164,follicular phase,adult,,female,DK,healthy_control,160 healthy women,,,no,2018-01,excluded,1.0,0.288
SAMEA6663170,PRJEB37731,164,follicular phase,adult,,female,DK,healthy_control,160 healthy women,,,no,2018-01,primary,1.0,0.327
SAMEA6662854,PRJEB37731,164,luteal phase,adult,,female,DK,healthy_control,160 healthy women,,,no,2018-01,excluded,1.0,0.433
SAMEA6663328,PRJEB37731,164,luteal phase,adult,,female,DK,healthy_control,160 healthy women,,,no,2018-01,primary,1.0,0.214
SAMEA6662541,PRJEB37731,164,menstrual phase,adult,,female,DK,healthy_control,160 healthy women,,,no,2018-01,excluded,1.0,0.265
SAMEA6663012,PRJEB37731,164,menstrual phase,adult,,female,DK,healthy_control,160 healthy women,,,no,2018-01,primary,1.0,0.24
SAMEA6663483,PRJEB37731,164,menstrual phase,adult,,female,DK,healthy_control,160 healthy women,,,no,2018-01,primary,1.0,0.201
SAMEA122895285,PRJEB37731,164,,adult,7670.2,female,DK,healthy_control,160 healthy women,,,no,2017,excluded,1.0,0.001
SAMEA122895286,PRJEB37731,164,,adult,7670.2,female,DK,healthy_control,160 healthy women,,,no,2017,excluded,1.0,0.001
SAMEA6662701,PRJEB37731,165,follicular phase,adult,,female,DK,other_infection,160 healthy women,,,no,2018-01,excluded,1.0,0.205
SAMEA6663171,PRJEB37731,165,follicular phase,adult,,female,DK,other_infection,160 healthy women,,,no,2018-01,primary,1.0,0.219
SAMEA6663329,PRJEB37731,165,luteal phase,adult,,female,DK,other_infection,160 healthy women,,,no,2018-01,primary,1.0,0.243
SAMEA6662542,PRJEB37731,165,menstrual phase,adult,,female,DK,other_infection,160 healthy women,,,no,2018-01,excluded,1.0,0.31
SAMEA6663013,PRJEB37731,165,menstrual phase,adult,,female,DK,other_infection,160 healthy women,,,no,2018-01,primary,1.0,0.229
SAMEA122895287,PRJEB37731,165,,adult,8391.0,female,DK,healthy_control,160 healthy women,,,no,2017,excluded,1.0,0.016
SAMEA122895288,PRJEB37731,165,,adult,8391.0,female,DK,healthy_control,160 healthy women,,,no,2017,excluded,1.0,0.021
SAMEA6662702,PRJEB37731,166,follicular phase,adult,,female,DK,healthy_control,160 healthy women,,,no,2018-01,excluded,1.0,0.234
SAMEA6663172,PRJEB37731,166,follicular phase,adult,,female,DK,healthy_control,160 healthy women,,,no,2018-01,primary,1.0,0.229
SAMEA6662856,PRJEB37731,166,luteal phase,adult,,female,DK,healthy_control,160 healthy women,,,no,2018-01,excluded,1.0,0.455
SAMEA6663330,PRJEB37731,166,luteal phase,adult,,female,DK,healthy_control,160 healthy women,,,no,2018-01,primary,1.0,0.262
SAMEA6662543,PRJEB37731,166,menstrual phase,adult,,female,DK,healthy_control,160 healthy women,,,no,2018-01,excluded,1.0,0.323
SAMEA6663014,PRJEB37731,166,menstrual phase,adult,,female,DK,healthy_control,160 healthy women,,,no,2018-01,primary,1.0,0.128
SAMEA6663484,PRJEB37731,166,menstrual phase,adult,,female,DK,healthy_control,160 healthy women,,,no,2018-01,primary,1.0,0.228
SAMEA122895289,PRJEB37731,166,,adult,8391.0,female,DK,healthy_control,160 healthy women,,,no,2017,excluded,1.0,0.119
SAMEA122895290,PRJEB37731,166,,adult,8391.0,female,DK,healthy_control,160 healthy women,,,no,2017,excluded,1.0,0.157
SAMEA6663173,PRJEB37731,168,follicular phase,adult,,female,DK,healthy_control,160 healthy women,,,no,2018-01,primary,1.0,0.236
SAMEA6662857,PRJEB37731,168,luteal phase,adult,,female,DK,healthy_control,160 healthy women,,,no,2018-01,excluded,1.0,0.195
SAMEA6663331,PRJEB37731,168,luteal phase,adult,,female,DK,healthy_control,160 healthy women,,,no,2018-01,primary,1.0,0.347
SAMEA6662544,PRJEB37731,168,menstrual phase,adult,,female,DK,healthy_control,160 healthy women,,,no,2018-01,excluded,1.0,0.111
SAMEA6663015,PRJEB37731,168,menstrual phase,adult,,female,DK,healthy_control,160 healthy women,,,no,2018-01,primary,1.0,0.238
SAMEA6663485,PRJEB37731,168,menstrual phase,adult,,female,DK,healthy_control,160 healthy women,,,no,2018-01,primary,1.0,0.422
SAMEA122895291,PRJEB37731,168,,adult,13149.0,female,DK,healthy_control,160 healthy women,,,no,2017,excluded,1.0,0.041
SAMEA122895292,PRJEB37731,168,,adult,13149.0,female,DK,healthy_control,160 healthy women,,,no,2017,excluded,1.0,0.002
SAMEA6662558,PRJEB37731,17,follicular phase,adult,,female,DK,healthy_control,160 healthy women,,,no,2018-01,excluded,1.0,0.251
SAMEA6663029,PRJEB37731,17,follicular phase,adult,,female,DK,healthy_control,160 healthy women,,,no,2018-01,primary,1.0,0.204
SAMEA6662716,PRJEB37731,17,luteal phase,adult,,female,DK,healthy_control,160 healthy women,,,no,2018-01,excluded,1.0,0.194
SAMEA6663187,PRJEB37731,17,luteal phase,adult,,female,DK,healthy_control,160 healthy women,,,no,2018-01,primary,1.0,0.187
SAMEA6661924,PRJEB37731,17,menstrual phase,adult,,female,DK,healthy_control,160 healthy women,,,no,2018-01,excluded,1.0,0.439
SAMEA6662401,PRJEB37731,17,menstrual phase,adult,,female,DK,healthy_control,160 healthy women,,,no,2018-01,excluded,1.0,0.211
SAMEA6662871,PRJEB37731,17,menstrual phase,adult,,female,DK,healthy_control,160 healthy women,,,no,2018-01,primary,1.0,0.318
SAMEA122894996,PRJEB37731,17,,adult,8391.0,female,DK,healthy_control,160 healthy women,,,no,2017,excluded,1.0,0.005
SAMEA122894997,PRJEB37731,17,,adult,8391.0,female,DK,healthy_control,160 healthy women,,,no,2017,excluded,1.0,0.001
SAMEA6662559,PRJEB37731,18,follicular phase,adult,,female,DK,healthy_control,160 healthy women,,,no,2018-01,excluded,1.0,0.201
SAMEA6663030,PRJEB37731,18,follicular phase,adult,,female,DK,healthy_control,160 healthy women,,,no,2018-01,primary,1.0,0.257
SAMEA6662717,PRJEB37731,18,luteal phase,adult,,female,DK,healthy_control,160 healthy women,,,no,2018-01,excluded,1.0,0.439
SAMEA6663188,PRJEB37731,18,luteal phase,adult,,female,DK,healthy_control,160 healthy women,,,no,2018-01,primary,1.0,0.284
SAMEA6661925,PRJEB37731,18,menstrual phase,adult,,female,DK,healthy_control,160 healthy women,,,no,2018-01,excluded,1.0,0.384
SAMEA6662402,PRJEB37731,18,menstrual phase,adult,,female,DK,healthy_control,160 healthy women,,,no,2018-01,excluded,1.0,0.236
SAMEA6662872,PRJEB37731,18,menstrual phase,adult,,female,DK,healthy_control,160 healthy women,,,no,2018-01,primary,1.0,0.213
SAMEA6663343,PRJEB37731,18,menstrual phase,adult,,female,DK,healthy_control,160 healthy women,,,no,2018-01,primary,1.0,0.186
SAMEA122894998,PRJEB37731,18,,adult,8391.0,female,DK,healthy_control,160 healthy women,,,no,2017,excluded,1.0,0.166
SAMEA122894999,PRJEB37731,18,,adult,8391.0,female,DK,healthy_control,160 healthy women,,,no,2017,excluded,1.0,0.104
SAMEA6662560,PRJEB37731,19,follicular phase,adult,,female,DK,healthy_control,160 healthy women,,,no,2018-01,excluded,1.0,0.274
SAMEA6663031,PRJEB37731,19,follicular phase,adult,,female,DK,healthy_control,160 healthy women,,,no,2018-01,primary,1.0,0.251
SAMEA6662718,PRJEB37731,19,luteal phase,adult,,female,DK,healthy_control,160 healthy women,,,no,2018-01,excluded,1.0,0.519
SAMEA6663189,PRJEB37731,19,luteal phase,adult,,female,DK,healthy_control,160 healthy women,,,no,2018-01,primary,1.0,0.302
SAMEA6661926,PRJEB37731,19,menstrual phase,adult,,female,DK,healthy_control,160 healthy women,,,no,2018-01,excluded,1.0,0.418
SAMEA6662403,PRJEB37731,19,menstrual phase,adult,,female,DK,healthy_control,160 healthy women,,,no,2018-01,excluded,1.0,0.193
SAMEA6662873,PRJEB37731,19,menstrual phase,adult,,female,DK,healthy_control,160 healthy women,,,no,2018-01,primary,1.0,0.22
SAMEA6663344,PRJEB37731,19,menstrual phase,adult,,female,DK,healthy_control,160 healthy women,,,no,2018-01,primary,1.0,0.176
SAMEA122895000,PRJEB37731,19,,adult,7670.2,female,DK,healthy_control,160 healthy women,,,no,2017,excluded,1.0,0.077
SAMEA122895001,PRJEB37731,19,,adult,7670.2,female,DK,healthy_control,160 healthy women,,,no,2017,excluded,1.0,0.033
SAMEA6662545,PRJEB37731,2,follicular phase,adult,,female,DK,healthy_control,160 healthy women,,,no,2018-01,excluded,1.0,0.33
SAMEA6663016,PRJEB37731,2,follicular phase,adult,,female,DK,healthy_control,160 healthy women,,,no,2018-01,primary,1.0,0.134
SAMEA6662704,PRJEB37731,2,luteal phase,adult,,female,DK,healthy_control,160 healthy women,,,no,2018-01,excluded,1.0,0.12
SAMEA6663174,PRJEB37731,2,luteal phase,adult,,female,DK,healthy_control,160 healthy women,,,no,2018-01,primary,1.0,0.05
SAMEA6661910,PRJEB37731,2,menstrual phase,adult,,female,DK,healthy_control,160 healthy women,,,no,2018-01,excluded,1.0,0.366
SAMEA6662389,PRJEB37731,2,menstrual phase,adult,,female,DK,healthy_control,160 healthy women,,,no,2018-01,excluded,1.0,0.153
SAMEA6662858,PRJEB37731,2,menstrual phase,adult,,female,DK,healthy_control,160 healthy women,,,no,2018-01,primary,1.0,0.167
SAMEA6663332,PRJEB37731,2,menstrual phase,adult,,female,DK,healthy_control,160 healthy women,,,no,2018-01,primary,1.0,0.516
SAMEA122894970,PRJEB37731,2,,adult,9857.0,female,DK,healthy_control,160 healthy women,,,no,2017,excluded,1.0,0.006
SAMEA122894971,PRJEB37731,2,,adult,9857.0,female,DK,healthy_control,160 healthy women,,,no,2017,excluded,1.0,0.007
SAMEA6662561,PRJEB37731,20,follicular phase,adult,,female,DK,allergy_or_atopy,allergies,,,no,2018-01,excluded,1.0,0.389
SAMEA6663032,PRJEB37731,20,follicular phase,adult,,female,DK,allergy_or_atopy,allergies,,,no,2018-01,primary,1.0,0.137
SAMEA6662719,PRJEB37731,20,luteal phase,adult,,female,DK,allergy_or_atopy,allergies,,,no,2018-01,excluded,1.0,0.301
SAMEA6663190,PRJEB37731,20,luteal phase,adult,,female,DK,allergy_or_atopy,allergies,,,no,2018-01,primary,1.0,0.28
SAMEA6661927,PRJEB37731,20,menstrual phase,adult,,female,DK,allergy_or_atopy,allergies,,,no,2018-01,excluded,1.0,0.314
SAMEA6662404,PRJEB37731,20,menstrual phase,adult,,female,DK,allergy_or_atopy,allergies,,,no,2018-01,excluded,1.0,0.185
SAMEA6662874,PRJEB37731,20,menstrual phase,adult,,female,DK,allergy_or_atopy,allergies,,,no,2018-01,primary,1.0,0.256
SAMEA6663345,PRJEB37731,20,menstrual phase,adult,,female,DK,allergy_or_atopy,allergies,,,no,2018-01,primary,1.0,0.335
SAMEA122895002,PRJEB37731,20,,adult,8035.5,female,DK,healthy_control,160 healthy women,,,no,2017,excluded,1.0,0.004
SAMEA122895003,PRJEB37731,20,,adult,8035.5,female,DK,healthy_control,160 healthy women,,,no,2017,excluded,1.0,0.003
SAMEA6662562,PRJEB37731,21,follicular phase,adult,,female,DK,healthy_control,160 healthy women,,,no,2018-01,excluded,1.0,0.119
SAMEA6663033,PRJEB37731,21,follicular phase,adult,,female,DK,healthy_control,160 healthy women,,,no,2018-01,primary,1.0,0.378
SAMEA6662720,PRJEB37731,21,luteal phase,adult,,female,DK,healthy_control,160 healthy women,,,no,2018-01,excluded,1.0,0.188
SAMEA6663191,PRJEB37731,21,luteal phase,adult,,female,DK,healthy_control,160 healthy women,,,no,2018-01,primary,1.0,0.262
SAMEA6661928,PRJEB37731,21,menstrual phase,adult,,female,DK,healthy_control,160 healthy women,,,no,2018-01,excluded,1.0,0.366
SAMEA6662405,PRJEB37731,21,menstrual phase,adult,,female,DK,healthy_control,160 healthy women,,,no,2018-01,excluded,1.0,0.403
SAMEA6662875,PRJEB37731,21,menstrual phase,adult,,female,DK,healthy_control,160 healthy women,,,no,2018-01,primary,1.0,0.268
SAMEA6663346,PRJEB37731,21,menstrual phase,adult,,female,DK,healthy_control,160 healthy women,,,no,2018-01,primary,1.0,0.147
SAMEA122895004,PRJEB37731,21,,adult,6574.5,female,DK,healthy_control,160 healthy women,,,no,2017,excluded,1.0,0.003
SAMEA122895005,PRJEB37731,21,,adult,6574.5,female,DK,healthy_control,160 healthy women,,,no,2017,excluded,1.0,0.002
SAMEA6662563,PRJEB37731,22,follicular phase,adult,,female,DK,healthy_control,160 healthy women,,,no,2018-01,excluded,1.0,0.215
SAMEA6663034,PRJEB37731,22,follicular phase,adult,,female,DK,healthy_control,160 healthy women,,,no,2018-01,primary,1.0,0.257
SAMEA6662721,PRJEB37731,22,luteal phase,adult,,female,DK,healthy_control,160 healthy women,,,no,2018-01,excluded,1.0,0.345
SAMEA6663192,PRJEB37731,22,luteal phase,adult,,female,DK,healthy_control,160 healthy women,,,no,2018-01,primary,1.0,0.144
SAMEA6661929,PRJEB37731,22,menstrual phase,adult,,female,DK,healthy_control,160 healthy women,,,no,2018-01,excluded,1.0,0.314
SAMEA6662406,PRJEB37731,22,menstrual phase,adult,,female,DK,healthy_control,160 healthy women,,,no,2018-01,excluded,1.0,0.221
SAMEA6662876,PRJEB37731,22,menstrual phase,adult,,female,DK,healthy_control,160 healthy women,,,no,2018-01,primary,1.0,0.186
SAMEA6663347,PRJEB37731,22,menstrual phase,adult,,female,DK,healthy_control,160 healthy women,,,no,2018-01,primary,1.0,0.21
SAMEA122895006,PRJEB37731,22,,adult,9131.0,female,DK,healthy_control,160 healthy women,,,no,2017,excluded,1.0,0.003
SAMEA122895007,PRJEB37731,22,,adult,9131.0,female,DK,healthy_control,160 healthy women,,,no,2017,excluded,1.0,0.006
SAMEA6662564,PRJEB37731,23,follicular phase,adult,,female,DK,healthy_control,160 healthy women,,,no,2018-01,excluded,1.0,0.176
SAMEA6663035,PRJEB37731,23,follicular phase,adult,,female,DK,healthy_control,160 healthy women,,,no,2018-01,primary,1.0,0.328
SAMEA6662722,PRJEB37731,23,luteal phase,adult,,female,DK,healthy_control,160 healthy women,,,no,2018-01,excluded,1.0,0.191
SAMEA6663193,PRJEB37731,23,luteal phase,adult,,female,DK,healthy_control,160 healthy women,,,no,2018-01,primary,1.0,0.145
SAMEA6661930,PRJEB37731,23,menstrual phase,adult,,female,DK,healthy_control,160 healthy women,,,no,2018-01,excluded,1.0,0.625
SAMEA6662407,PRJEB37731,23,menstrual phase,adult,,female,DK,healthy_control,160 healthy women,,,no,2018-01,excluded,1.0,0.224
SAMEA6662877,PRJEB37731,23,menstrual phase,adult,,female,DK,healthy_control,160 healthy women,,,no,2018-01,primary,1.0,0.21
SAMEA6663348,PRJEB37731,23,menstrual phase,adult,,female,DK,healthy_control,160 healthy women,,,no,2018-01,primary,1.0,0.176
SAMEA122895008,PRJEB37731,23,,adult,8035.5,female,DK,healthy_control,160 healthy women,,,no,2017,excluded,1.0,0.005
SAMEA122895009,PRJEB37731,23,,adult,8035.5,female,DK,healthy_control,160 healthy women,,,no,2017,excluded,1.0,0.01
SAMEA6662565,PRJEB37731,24,follicular phase,adult,,female,DK,allergy_or_atopy,allergies,,,no,2018-01,excluded,1.0,0.144
SAMEA6663036,PRJEB37731,24,follicular phase,adult,,female,DK,allergy_or_atopy,allergies,,,no,2018-01,primary,1.0,0.269
SAMEA6662723,PRJEB37731,24,luteal phase,adult,,female,DK,allergy_or_atopy,allergies,,,no,2018-01,excluded,1.0,0.283
SAMEA6663194,PRJEB37731,24,luteal phase,adult,,female,DK,allergy_or_atopy,allergies,,,no,2018-01,primary,1.0,0.256
SAMEA6661931,PRJEB37731,24,menstrual phase,adult,,female,DK,allergy_or_atopy,allergies,,,no,2018-01,excluded,1.0,0.686
SAMEA6662408,PRJEB37731,24,menstrual phase,adult,,female,DK,allergy_or_atopy,allergies,,,no,2018-01,excluded,1.0,0.224
SAMEA6662878,PRJEB37731,24,menstrual phase,adult,,female,DK,allergy_or_atopy,allergies,,,no,2018-01,primary,1.0,0.275
SAMEA6663349,PRJEB37731,24,menstrual phase,adult,,female,DK,allergy_or_atopy,allergies,,,no,2018-01,primary,1.0,0.186
SAMEA122895010,PRJEB37731,24,,adult,8391.0,female,DK,healthy_control,160 healthy women,,,no,2017,excluded,1.0,0.014
SAMEA122895011,PRJEB37731,24,,adult,8391.0,female,DK,healthy_control,160 healthy women,,,no,2017,excluded,1.0,0.011
SAMEA6662566,PRJEB37731,25,follicular phase,adult,,female,DK,healthy_control,160 healthy women,,,no,2018-01,excluded,1.0,0.185
SAMEA6663037,PRJEB37731,25,follicular phase,adult,,female,DK,healthy_control,160 healthy women,,,no,2018-01,primary,1.0,0.254
SAMEA6662724,PRJEB37731,25,luteal phase,adult,,female,DK,healthy_control,160 healthy women,,,no,2018-01,excluded,1.0,0.152
SAMEA6663195,PRJEB37731,25,luteal phase,adult,,female,DK,healthy_control,160 healthy women,,,no,2018-01,primary,1.0,0.16
SAMEA6661932,PRJEB37731,25,menstrual phase,adult,,female,DK,healthy_control,160 healthy women,,,no,2018-01,excluded,1.0,0.661
SAMEA6662409,PRJEB37731,25,menstrual phase,adult,,female,DK,healthy_control,160 healthy women,,,no,2018-01,excluded,1.0,0.318
SAMEA6662879,PRJEB37731,25,menstrual phase,adult,,female,DK,healthy_control,160 healthy women,,,no,2018-01,primary,1.0,0.157
SAMEA6663350,PRJEB37731,25,menstrual phase,adult,,female,DK,healthy_control,160 healthy women,,,no,2018-01,primary,1.0,0.204
SAMEA122895012,PRJEB37731,25,,adult,9131.0,female,DK,healthy_control,160 healthy women,,,no,2017,excluded,1.0,0.032
SAMEA122895013,PRJEB37731,25,,adult,9131.0,female,DK,healthy_control,160 healthy women,,,no,2017,excluded,1.0,0.127
SAMEA112857785,PRJEB37731,26,day 10,adult,8391.0,female,DK,allergy_or_atopy,allergies,,,no,2017-11-19,excluded,1.0,0.241
SAMEA112857786,PRJEB37731,26,day 11,adult,8391.0,female,DK,allergy_or_atopy,allergies,,,no,2017-11-20,excluded,1.0,0.336
SAMEA112857787,PRJEB37731,26,day 12,adult,8391.0,female,DK,allergy_or_atopy,allergies,,,no,2017-11-21,excluded,1.0,0.344
SAMEA112857788,PRJEB37731,26,day 13,adult,8391.0,female,DK,allergy_or_atopy,allergies,,,no,2017-11-22,excluded,1.0,0.227
SAMEA112857789,PRJEB37731,26,day 14,adult,8391.0,female,DK,allergy_or_atopy,allergies,,,no,2017-11-23,excluded,1.0,0.571
SAMEA112857790,PRJEB37731,26,day 15,adult,8391.0,female,DK,allergy_or_atopy,allergies,,,no,2017-11-24,excluded,1.0,0.297
SAMEA112857791,PRJEB37731,26,day 16,adult,8391.0,female,DK,allergy_or_atopy,allergies,,,no,2017-11-25,excluded,1.0,0.359
SAMEA112857792,PRJEB37731,26,day 17,adult,8391.0,female,DK,allergy_or_atopy,allergies,,,no,2017-11-26,excluded,1.0,0.536
SAMEA112857793,PRJEB37731,26,day 19,adult,8391.0,female,DK,allergy_or_atopy,allergies,,,no,2017-11-28,excluded,1.0,0.665
SAMEA112857794,PRJEB37731,26,day 20,adult,8391.0,female,DK,allergy_or_atopy,allergies,,,no,2017-11-29,excluded,1.0,0.321
SAMEA112857795,PRJEB37731,26,day 21,adult,8391.0,female,DK,allergy_or_atopy,allergies,,,no,2017-11-30,excluded,1.0,0.514
SAMEA112857796,PRJEB37731,26,day 22,adult,8391.0,female,DK,allergy_or_atopy,allergies,,,no,2017-12-01,excluded,1.0,0.304
SAMEA112857797,PRJEB37731,26,day 23,adult,8391.0,female,DK,allergy_or_atopy,allergies,,,no,2017-12-02,excluded,1.0,0.482
SAMEA112857798,PRJEB37731,26,day 24,adult,8391.0,female,DK,allergy_or_atopy,allergies,,,no,2017-12-03,excluded,1.0,0.495
SAMEA112857799,PRJEB37731,26,day 25,adult,8391.0,female,DK,allergy_or_atopy,allergies,,,no,2017-12-04,excluded,1.0,0.563
SAMEA112857800,PRJEB37731,26,day 26,adult,8391.0,female,DK,allergy_or_atopy,allergies,,,no,2017-12-05,excluded,1.0,0.435
SAMEA112857801,PRJEB37731,26,day 27,adult,8391.0,female,DK,allergy_or_atopy,allergies,,,no,2017-12-06,excluded,1.0,0.666
SAMEA112857802,PRJEB37731,26,day 28,adult,8391.0,female,DK,allergy_or_atopy,allergies,,,no,2017-12-07,excluded,1.0,0.807
SAMEA112857803,PRJEB37731,26,day 29,adult,8391.0,female,DK,allergy_or_atopy,allergies,,,no,2017-12-08,excluded,1.0,0.212
SAMEA112857804,PRJEB37731,26,day 30,adult,8391.0,female,DK,allergy_or_atopy,allergies,,,no,2017-12-09,excluded,1.0,0.198
SAMEA112857805,PRJEB37731,26,day 31,adult,8391.0,female,DK,allergy_or_atopy,allergies,,,no,2017-12-10,excluded,1.0,0.3
SAMEA112857806,PRJEB37731,26,day 32,adult,8391.0,female,DK,allergy_or_atopy,allergies,,,no,2017-12-11,excluded,1.0,0.36
SAMEA112857780,PRJEB37731,26,day 4,adult,8391.0,female,DK,allergy_or_atopy,allergies,,,no,2017-11-13,excluded,1.0,0.277
SAMEA112857781,PRJEB37731,26,day 5,adult,8391.0,female,DK,allergy_or_atopy,allergies,,,no,2017-11-14,excluded,1.0,0.192
SAMEA112857782,PRJEB37731,26,day 6,adult,8391.0,female,DK,allergy_or_atopy,allergies,,,no,2017-11-15,excluded,1.0,0.418
SAMEA112857783,PRJEB37731,26,day 7,adult,8391.0,female,DK,allergy_or_atopy,allergies,,,no,2017-11-16,excluded,1.0,0.378
SAMEA112857784,PRJEB37731,26,day 9,adult,8391.0,female,DK,allergy_or_atopy,allergies,,,no,2017-11-18,excluded,1.0,1.968
SAMEA6662567,PRJEB37731,26,follicular phase,adult,,female,DK,allergy_or_atopy,allergies,,,no,2018-01,excluded,1.0,0.328
SAMEA6662725,PRJEB37731,26,luteal phase,adult,,female,DK,allergy_or_atopy,allergies,,,no,2018-01,excluded,1.0,0.194
SAMEA6663196,PRJEB37731,26,luteal phase,adult,,female,DK,allergy_or_atopy,allergies,,,no,2018-01,primary,1.0,0.259
SAMEA6661933,PRJEB37731,26,menstrual phase,adult,,female,DK,allergy_or_atopy,allergies,,,no,2018-01,excluded,1.0,0.317
SAMEA6662410,PRJEB37731,26,menstrual phase,adult,,female,DK,allergy_or_atopy,allergies,,,no,2018-01,excluded,1.0,0.293
SAMEA6662880,PRJEB37731,26,menstrual phase,adult,,female,DK,allergy_or_atopy,allergies,,,no,2018-01,primary,1.0,0.201
SAMEA6663351,PRJEB37731,26,menstrual phase,adult,,female,DK,allergy_or_atopy,allergies,,,no,2018-01,primary,1.0,0.164
SAMEA122895014,PRJEB37731,26,,adult,8391.0,female,DK,healthy_control,160 healthy women,,,no,2017,excluded,1.0,0.009
SAMEA122895015,PRJEB37731,26,,adult,8391.0,female,DK,healthy_control,160 healthy women,,,no,2017,excluded,1.0,0.014
SAMEA6662568,PRJEB37731,27,follicular phase,adult,,female,DK,healthy_control,160 healthy women,,,no,2018-01,excluded,1.0,0.255
SAMEA6663038,PRJEB37731,27,follicular phase,adult,,female,DK,healthy_control,160 healthy women,,,no,2018-01,primary,1.0,0.246
SAMEA6662726,PRJEB37731,27,luteal phase,adult,,female,DK,healthy_control,160 healthy women,,,no,2018-01,excluded,1.0,0.182
SAMEA6663197,PRJEB37731,27,luteal phase,adult,,female,DK,healthy_control,160 healthy women,,,no,2018-01,primary,1.0,0.166
SAMEA6661934,PRJEB37731,27,menstrual phase,adult,,female,DK,healthy_control,160 healthy women,,,no,2018-01,excluded,1.0,0.448
SAMEA6662411,PRJEB37731,27,menstrual phase,adult,,female,DK,healthy_control,160 healthy women,,,no,2018-01,excluded,1.0,0.173
SAMEA6662881,PRJEB37731,27,menstrual phase,adult,,female,DK,healthy_control,160 healthy women,,,no,2018-01,primary,1.0,0.273
SAMEA6663352,PRJEB37731,27,menstrual phase,adult,,female,DK,healthy_control,160 healthy women,,,no,2018-01,primary,1.0,0.498
SAMEA122895016,PRJEB37731,27,,adult,9131.0,female,DK,healthy_control,160 healthy women,,,no,2017,excluded,1.0,0.198
SAMEA122895017,PRJEB37731,27,,adult,9131.0,female,DK,healthy_control,160 healthy women,,,no,2017,excluded,1.0,0.083
SAMEA112857812,PRJEB37731,28,day 10,adult,7670.2,female,DK,allergy_or_atopy,allergies,,,no,2017-10-10,excluded,1.0,0.359
SAMEA112857813,PRJEB37731,28,day 11,adult,7670.2,female,DK,allergy_or_atopy,allergies,,,no,2017-10-11,excluded,1.0,0.244
SAMEA112857814,PRJEB37731,28,day 13,adult,7670.2,female,DK,allergy_or_atopy,allergies,,,no,2017-10-13,excluded,1.0,1.148
SAMEA112857815,PRJEB37731,28,day 14,adult,7670.2,female,DK,allergy_or_atopy,allergies,,,no,2017-10-14,excluded,1.0,0.943
SAMEA112857816,PRJEB37731,28,day 15,adult,7670.2,female,DK,allergy_or_atopy,allergies,,,no,2017-10-15,excluded,1.0,1.026
SAMEA112857817,PRJEB37731,28,day 16,adult,7670.2,female,DK,allergy_or_atopy,allergies,,,no,2017-10-16,excluded,1.0,0.811
SAMEA112857818,PRJEB37731,28,day 17,adult,7670.2,female,DK,allergy_or_atopy,allergies,,,no,2017-10-17,excluded,1.0,0.432
SAMEA112857819,PRJEB37731,28,day 18,adult,7670.2,female,DK,allergy_or_atopy,allergies,,,no,2017-10-18,excluded,1.0,1.051
SAMEA112857820,PRJEB37731,28,day 19,adult,7670.2,female,DK,allergy_or_atopy,allergies,,,no,2017-10-19,excluded,1.0,0.526
SAMEA112857821,PRJEB37731,28,day 20,adult,7670.2,female,DK,allergy_or_atopy,allergies,,,no,2017-10-20,excluded,1.0,1.019
SAMEA112857822,PRJEB37731,28,day 21,adult,7670.2,female,DK,allergy_or_atopy,allergies,,,no,2017-10-21,excluded,1.0,1.023
SAMEA112857823,PRJEB37731,28,day 23,adult,7670.2,female,DK,allergy_or_atopy,allergies,,,no,2017-10-23,excluded,1.0,0.294
SAMEA112857824,PRJEB37731,28,day 24,adult,7670.2,female,DK,allergy_or_atopy,allergies,,,no,2017-10-24,excluded,1.0,0.811
SAMEA112857825,PRJEB37731,28,day 25,adult,7670.2,female,DK,allergy_or_atopy,allergies,,,no,2017-10-25,excluded,1.0,1.335
SAMEA112857826,PRJEB37731,28,day 26,adult,7670.2,female,DK,allergy_or_atopy,allergies,,,no,2017-10-26,excluded,1.0,0.813
SAMEA112857827,PRJEB37731,28,day 27,adult,7670.2,female,DK,allergy_or_atopy,allergies,,,no,2017-10-27,excluded,1.0,0.406
SAMEA112857828,PRJEB37731,28,day 28,adult,7670.2,female,DK,allergy_or_atopy,allergies,,,no,2017-10-28,excluded,1.0,0.692
SAMEA112857829,PRJEB37731,28,day 29,adult,7670.2,female,DK,allergy_or_atopy,allergies,,,no,2017-10-29,excluded,1.0,0.247
SAMEA112857830,PRJEB37731,28,day 30,adult,7670.2,female,DK,allergy_or_atopy,allergies,,,no,2017-10-30,excluded,1.0,0.651
SAMEA112857831,PRJEB37731,28,day 31,adult,7670.2,female,DK,allergy_or_atopy,allergies,,,no,2017-11-01,excluded,1.0,0.083
SAMEA112857833,PRJEB37731,28,day 32,adult,7670.2,female,DK,allergy_or_atopy,allergies,,,no,2017-11-02,excluded,1.0,0.085
SAMEA112857807,PRJEB37731,28,day 4,adult,7670.2,female,DK,allergy_or_atopy,allergies,,,no,2017-10-04,excluded,1.0,0.527
SAMEA112857808,PRJEB37731,28,day 5,adult,7670.2,female,DK,allergy_or_atopy,allergies,,,no,2017-10-05,excluded,1.0,0.362
SAMEA112857809,PRJEB37731,28,day 7,adult,7670.2,female,DK,allergy_or_atopy,allergies,,,no,2017-10-07,excluded,1.0,0.552
SAMEA112857810,PRJEB37731,28,day 8,adult,7670.2,female,DK,allergy_or_atopy,allergies,,,no,2017-10-08,excluded,1.0,0.551
SAMEA112857811,PRJEB37731,28,day 9,adult,7670.2,female,DK,allergy_or_atopy,allergies,,,no,2017-10-09,excluded,1.0,0.682
SAMEA6662569,PRJEB37731,28,follicular phase,adult,,female,DK,allergy_or_atopy,allergies,,,no,2018-01,excluded,1.0,0.235
SAMEA6663039,PRJEB37731,28,follicular phase,adult,,female,DK,allergy_or_atopy,allergies,,,no,2018-01,primary,1.0,0.454
SAMEA6662727,PRJEB37731,28,luteal phase,adult,,female,DK,allergy_or_atopy,allergies,,,no,2018-01,excluded,1.0,0.315
SAMEA6663198,PRJEB37731,28,luteal phase,adult,,female,DK,allergy_or_atopy,allergies,,,no,2018-01,primary,1.0,0.187
SAMEA6661935,PRJEB37731,28,menstrual phase,adult,,female,DK,allergy_or_atopy,allergies,,,no,2018-01,excluded,1.0,0.404
SAMEA6662412,PRJEB37731,28,menstrual phase,adult,,female,DK,allergy_or_atopy,allergies,,,no,2018-01,excluded,1.0,0.278
SAMEA6662882,PRJEB37731,28,menstrual phase,adult,,female,DK,allergy_or_atopy,allergies,,,no,2018-01,primary,1.0,0.237
SAMEA6663353,PRJEB37731,28,menstrual phase,adult,,female,DK,allergy_or_atopy,allergies,,,no,2018-01,primary,1.0,0.198
SAMEA122895018,PRJEB37731,28,,adult,7670.2,female,DK,healthy_control,160 healthy women,,,no,2017,excluded,1.0,0.027
SAMEA122895019,PRJEB37731,28,,adult,7670.2,female,DK,healthy_control,160 healthy women,,,no,2017,excluded,1.0,0.039
SAMEA6662570,PRJEB37731,29,follicular phase,adult,,female,DK,healthy_control,160 healthy women,,,no,2018-01,excluded,1.0,0.212
SAMEA6663040,PRJEB37731,29,follicular phase,adult,,female,DK,healthy_control,160 healthy women,,,no,2018-01,primary,1.0,0.799
SAMEA6662728,PRJEB37731,29,luteal phase,adult,,female,DK,healthy_control,160 healthy women,,,no,2018-01,excluded,1.0,0.256
SAMEA6663199,PRJEB37731,29,luteal phase,adult,,female,DK,healthy_control,160 healthy women,,,no,2018-01,primary,1.0,0.276
SAMEA6661936,PRJEB37731,29,menstrual phase,adult,,female,DK,healthy_control,160 healthy women,,,no,2018-01,excluded,1.0,0.347
SAMEA6662413,PRJEB37731,29,menstrual phase,adult,,female,DK,healthy_control,160 healthy women,,,no,2018-01,excluded,1.0,0.255
SAMEA6662883,PRJEB37731,29,menstrual phase,adult,,female,DK,healthy_control,160 healthy women,,,no,2018-01,primary,1.0,0.235
SAMEA6663354,PRJEB37731,29,menstrual phase,adult,,female,DK,healthy_control,160 healthy women,,,no,2018-01,primary,1.0,0.265
SAMEA122895020,PRJEB37731,29,,adult,9857.0,female,DK,healthy_control,160 healthy women,,,no,2017,excluded,1.0,0.05
SAMEA122895021,PRJEB37731,29,,adult,9857.0,female,DK,healthy_control,160 healthy women,,,no,2017,excluded,1.0,0.01
SAMEA6662546,PRJEB37731,3,follicular phase,adult,,female,DK,other_infection,160 healthy women,,,no,2018-01,excluded,1.0,0.196
SAMEA6663017,PRJEB37731,3,follicular phase,adult,,female,DK,other_infection,160 healthy women,,,no,2018-01,primary,1.0,0.2
SAMEA6662705,PRJEB37731,3,luteal phase,adult,,female,DK,other_infection,160 healthy women,,,no,2018-01,excluded,1.0,0.389
SAMEA6663175,PRJEB37731,3,luteal phase,adult,,female,DK,other_infection,160 healthy women,,,no,2018-01,primary,1.0,0.163
SAMEA6661911,PRJEB37731,3,menstrual phase,adult,,female,DK,other_infection,160 healthy women,,,no,2018-01,excluded,1.0,0.417
SAMEA6662859,PRJEB37731,3,menstrual phase,adult,,female,DK,other_infection,160 healthy women,,,no,2018-01,primary,1.0,0.33
SAMEA122894972,PRJEB37731,3,,adult,8766.0,female,DK,healthy_control,160 healthy women,,,no,2017,excluded,1.0,0.004
SAMEA122894973,PRJEB37731,3,,adult,8766.0,female,DK,healthy_control,160 healthy women,,,no,2017,excluded,1.0,0.001
SAMEA112857840,PRJEB37731,30,day 11,adult,12783.8,female,DK,other_infection,160 healthy women,,,no,2017-11-09,excluded,1.0,5.441
SAMEA112857841,PRJEB37731,30,day 12,adult,12783.8,female,DK,other_infection,160 healthy women,,,no,2017-11-10,excluded,1.0,4.009
SAMEA112857842,PRJEB37731,30,day 13,adult,12783.8,female,DK,other_infection,160 healthy women,,,no,2017-11-11,excluded,1.0,5.609
SAMEA112857843,PRJEB37731,30,day 14,adult,12783.8,female,DK,other_infection,160 healthy women,,,no,2017-11-12,excluded,1.0,5.941
SAMEA112857844,PRJEB37731,30,day 15,adult,12783.8,female,DK,other_infection,160 healthy women,,,no,2017-11-13,excluded,1.0,1.892
SAMEA112857845,PRJEB37731,30,day 16,adult,12783.8,female,DK,other_infection,160 healthy women,,,no,2017-11-14,excluded,1.0,7.427
SAMEA112857846,PRJEB37731,30,day 18,adult,12783.8,female,DK,other_infection,160 healthy women,,,no,2017-11-16,excluded,1.0,2.769
SAMEA112857847,PRJEB37731,30,day 19,adult,12783.8,female,DK,other_infection,160 healthy women,,,no,2017-11-17,excluded,1.0,3.909
SAMEA112857848,PRJEB37731,30,day 20,adult,12783.8,female,DK,other_infection,160 healthy women,,,no,2017-11-18,excluded,1.0,4.916
SAMEA112857849,PRJEB37731,30,day 21,adult,12783.8,female,DK,other_infection,160 healthy women,,,no,2017-11-19,excluded,1.0,8.279
SAMEA112857850,PRJEB37731,30,day 22,adult,12783.8,female,DK,other_infection,160 healthy women,,,no,2017-11-20,excluded,1.0,5.035
SAMEA112857851,PRJEB37731,30,day 23,adult,12783.8,female,DK,other_infection,160 healthy women,,,no,2017-11-21,excluded,1.0,5.239
SAMEA112857852,PRJEB37731,30,day 24,adult,12783.8,female,DK,other_infection,160 healthy women,,,no,2017-11-22,excluded,1.0,7.259
SAMEA112857853,PRJEB37731,30,day 25,adult,12783.8,female,DK,other_infection,160 healthy women,,,no,2017-11-23,excluded,1.0,5.548
SAMEA112857854,PRJEB37731,30,day 26,adult,12783.8,female,DK,other_infection,160 healthy women,,,no,2017-11-24,excluded,1.0,7.911
SAMEA112857855,PRJEB37731,30,day 27,adult,12783.8,female,DK,other_infection,160 healthy women,,,no,2017-11-25,excluded,1.0,8.591
SAMEA112857856,PRJEB37731,30,day 28,adult,12783.8,female,DK,other_infection,160 healthy women,,,no,2017-11-26,excluded,1.0,8.4
SAMEA112857857,PRJEB37731,30,day 29,adult,12783.8,female,DK,other_infection,160 healthy women,,,no,2017-11-27,excluded,1.0,8.673
SAMEA112857858,PRJEB37731,30,day 30,adult,12783.8,female,DK,other_infection,160 healthy women,,,no,2017-11-28,excluded,1.0,5.219
SAMEA112857859,PRJEB37731,30,day 31,adult,12783.8,female,DK,other_infection,160 healthy women,,,no,2017-11-29,excluded,1.0,8.401
SAMEA112857860,PRJEB37731,30,day 32,adult,12783.8,female,DK,other_infection,160 healthy women,,,no,2017-11-30,excluded,1.0,10.547
SAMEA112857834,PRJEB37731,30,day 4,adult,12783.8,female,DK,other_infection,160 healthy women,,,no,2017-11-02,excluded,1.0,8.419
SAMEA112857835,PRJEB37731,30,day 5,adult,12783.8,female,DK,other_infection,160 healthy women,,,no,2017-11-03,excluded,1.0,9.774
SAMEA112857836,PRJEB37731,30,day 6,adult,12783.8,female,DK,other_infection,160 healthy women,,,no,2017-11-04,excluded,1.0,8.855
SAMEA112857837,PRJEB37731,30,day 7,adult,12783.8,female,DK,other_infection,160 healthy women,,,no,2017-11-05,excluded,1.0,8.298
SAMEA112857838,PRJEB37731,30,day 8,adult,12783.8,female,DK,other_infection,160 healthy women,,,no,2017-11-06,excluded,1.0,14.951
SAMEA112857839,PRJEB37731,30,day 9,adult,12783.8,female,DK,other_infection,160 healthy women,,,no,2017-11-07,excluded,1.0,10.603
SAMEA6662571,PRJEB37731,30,follicular phase,adult,,female,DK,other_infection,160 healthy women,,,no,2018-01,excluded,1.0,0.189
SAMEA6662729,PRJEB37731,30,luteal phase,adult,,female,DK,other_infection,160 healthy women,,,no,2018-01,excluded,1.0,0.25
SAMEA6663200,PRJEB37731,30,luteal phase,adult,,female,DK,other_infection,160 healthy women,,,no,2018-01,primary,1.0,0.141
SAMEA6661937,PRJEB37731,30,menstrual phase,adult,,female,DK,other_infection,160 healthy women,,,no,2018-01,excluded,1.0,0.527
SAMEA6662414,PRJEB37731,30,menstrual phase,adult,,female,DK,other_infection,160 healthy women,,,no,2018-01,excluded,1.0,0.287
SAMEA6662884,PRJEB37731,30,menstrual phase,adult,,female,DK,other_infection,160 healthy women,,,no,2018-01,primary,1.0,0.184
SAMEA6663355,PRJEB37731,30,menstrual phase,adult,,female,DK,other_infection,160 healthy women,,,no,2018-01,primary,1.0,0.363
SAMEA122895022,PRJEB37731,30,,adult,12783.8,female,DK,healthy_control,160 healthy women,,,no,2017,excluded,1.0,0.0
SAMEA122895023,PRJEB37731,30,,adult,12783.8,female,DK,healthy_control,160 healthy women,,,no,2017,excluded,1.0,0.482
SAMEA6662572,PRJEB37731,31,follicular phase,adult,,female,DK,allergy_or_atopy,allergies,,,no,2018-01,excluded,1.0,0.2
SAMEA6663041,PRJEB37731,31,follicular phase,adult,,female,DK,allergy_or_atopy,allergies,,,no,2018-01,primary,1.0,0.345
SAMEA6662730,PRJEB37731,31,luteal phase,adult,,female,DK,allergy_or_atopy,allergies,,,no,2018-01,excluded,1.0,0.255
SAMEA6663201,PRJEB37731,31,luteal phase,adult,,female,DK,allergy_or_atopy,allergies,,,no,2018-01,primary,1.0,0.188
SAMEA6661938,PRJEB37731,31,menstrual phase,adult,,female,DK,allergy_or_atopy,allergies,,,no,2018-01,excluded,1.0,0.185
SAMEA6662415,PRJEB37731,31,menstrual phase,adult,,female,DK,allergy_or_atopy,allergies,,,no,2018-01,excluded,1.0,0.357
SAMEA6662885,PRJEB37731,31,menstrual phase,adult,,female,DK,allergy_or_atopy,allergies,,,no,2018-01,primary,1.0,0.316
SAMEA6663356,PRJEB37731,31,menstrual phase,adult,,female,DK,allergy_or_atopy,allergies,,,no,2018-01,primary,1.0,0.639
SAMEA122895024,PRJEB37731,31,,adult,8035.5,female,DK,healthy_control,160 healthy women,,,no,2017,excluded,1.0,0.001
SAMEA122895025,PRJEB37731,31,,adult,8035.5,female,DK,healthy_control,160 healthy women,,,no,2017,excluded,1.0,0.002
SAMEA112857866,PRJEB37731,32,day 10,adult,8391.0,female,DK,healthy_control,160 healthy women,,,no,2017-10-18,excluded,1.0,0.2
SAMEA112857867,PRJEB37731,32,day 11,adult,8391.0,female,DK,healthy_control,160 healthy women,,,no,2017-10-19,excluded,1.0,0.159
SAMEA112857868,PRJEB37731,32,day 12,adult,8391.0,female,DK,healthy_control,160 healthy women,,,no,2017-10-20,excluded,1.0,0.181
SAMEA112857869,PRJEB37731,32,day 13,adult,8391.0,female,DK,healthy_control,160 healthy women,,,no,2017-10-21,excluded,1.0,0.179
SAMEA112857871,PRJEB37731,32,day 14,adult,8391.0,female,DK,healthy_control,160 healthy women,,,no,2017-10-22,excluded,1.0,0.175
SAMEA112857872,PRJEB37731,32,day 15,adult,8391.0,female,DK,healthy_control,160 healthy women,,,no,2017-10-23,excluded,1.0,0.198
SAMEA112857873,PRJEB37731,32,day 16,adult,8391.0,female,DK,healthy_control,160 healthy women,,,no,2017-10-24,excluded,1.0,0.243
SAMEA112857874,PRJEB37731,32,day 17,adult,8391.0,female,DK,healthy_control,160 healthy women,,,no,2017-10-25,excluded,1.0,0.249
SAMEA112857875,PRJEB37731,32,day 18,adult,8391.0,female,DK,healthy_control,160 healthy women,,,no,2017-10-26,excluded,1.0,0.215
SAMEA112857876,PRJEB37731,32,day 19,adult,8391.0,female,DK,healthy_control,160 healthy women,,,no,2017-10-27,excluded,1.0,0.291
SAMEA112857877,PRJEB37731,32,day 21,adult,8391.0,female,DK,healthy_control,160 healthy women,,,no,2017-10-29,excluded,1.0,0.908
SAMEA112857878,PRJEB37731,32,day 22,adult,8391.0,female,DK,healthy_control,160 healthy women,,,no,2017-10-30,excluded,1.0,0.507
SAMEA112857879,PRJEB37731,32,day 23,adult,8391.0,female,DK,healthy_control,160 healthy women,,,no,2017-10-31,excluded,1.0,0.198
SAMEA112857880,PRJEB37731,32,day 24,adult,8391.0,female,DK,healthy_control,160 healthy women,,,no,2017-11-01,excluded,1.0,0.17
SAMEA112857881,PRJEB37731,32,day 25,adult,8391.0,female,DK,healthy_control,160 healthy women,,,no,2017-11-02,excluded,1.0,0.198
SAMEA112857882,PRJEB37731,32,day 26,adult,8391.0,female,DK,healthy_control,160 healthy women,,,no,2017-11-03,excluded,1.0,0.47
SAMEA112857883,PRJEB37731,32,day 27,adult,8391.0,female,DK,healthy_control,160 healthy women,,,no,2017-11-04,excluded,1.0,0.224
SAMEA112857884,PRJEB37731,32,day 28,adult,8391.0,female,DK,healthy_control,160 healthy women,,,no,2017-11-05,excluded,1.0,0.288
SAMEA112857885,PRJEB37731,32,day 29,adult,8391.0,female,DK,healthy_control,160 healthy women,,,no,2017-11-06,excluded,1.0,0.451
SAMEA112857886,PRJEB37731,32,day 30,adult,8391.0,female,DK,healthy_control,160 healthy women,,,no,2017-11-07,excluded,1.0,0.313
SAMEA112857887,PRJEB37731,32,day 31,adult,8391.0,female,DK,healthy_control,160 healthy women,,,no,2017-11-08,excluded,1.0,0.305
SAMEA112857888,PRJEB37731,32,day 32,adult,8391.0,female,DK,healthy_control,160 healthy women,,,no,2017-11-09,excluded,1.0,0.222
SAMEA112857861,PRJEB37731,32,day 4,adult,8391.0,female,DK,healthy_control,160 healthy women,,,no,2017-10-12,excluded,1.0,0.221
SAMEA112857862,PRJEB37731,32,day 5,adult,8391.0,female,DK,healthy_control,160 healthy women,,,no,2017-10-13,excluded,1.0,0.276
SAMEA112857863,PRJEB37731,32,day 6,adult,8391.0,female,DK,healthy_control,160 healthy women,,,no,2017-10-14,excluded,1.0,0.113
SAMEA112857864,PRJEB37731,32,day 7,adult,8391.0,female,DK,healthy_control,160 healthy women,,,no,2017-10-15,excluded,1.0,0.261
SAMEA112857865,PRJEB37731,32,day 8,adult,8391.0,female,DK,healthy_control,160 healthy women,,,no,2017-10-16,excluded,1.0,0.262
SAMEA6662573,PRJEB37731,32,follicular phase,adult,,female,DK,healthy_control,160 healthy women,,,no,2018-01,excluded,1.0,0.236
SAMEA6663042,PRJEB37731,32,follicular phase,adult,,female,DK,healthy_control,160 healthy women,,,no,2018-01,primary,1.0,0.341
SAMEA6662731,PRJEB37731,32,luteal phase,adult,,female,DK,healthy_control,160 healthy women,,,no,2018-01,excluded,1.0,0.069
SAMEA6663202,PRJEB37731,32,luteal phase,adult,,female,DK,healthy_control,160 healthy women,,,no,2018-01,primary,1.0,0.219
SAMEA6661939,PRJEB37731,32,menstrual phase,adult,,female,DK,healthy_control,160 healthy women,,,no,2018-01,excluded,1.0,0.19
SAMEA6662416,PRJEB37731,32,menstrual phase,adult,,female,DK,healthy_control,160 healthy women,,,no,2018-01,excluded,1.0,0.236
SAMEA6662886,PRJEB37731,32,menstrual phase,adult,,female,DK,healthy_control,160 healthy women,,,no,2018-01,primary,1.0,0.288
SAMEA6663357,PRJEB37731,32,menstrual phase,adult,,female,DK,healthy_control,160 healthy women,,,no,2018-01,primary,1.0,0.151
SAMEA122895026,PRJEB37731,32,,adult,8391.0,female,DK,healthy_control,160 healthy women,,,no,2017,excluded,1.0,0.001
SAMEA122895027,PRJEB37731,32,,adult,8391.0,female,DK,healthy_control,160 healthy women,,,no,2017,excluded,1.0,0.006
SAMEA112857894,PRJEB37731,33,day 10,adult,8766.0,female,DK,healthy_control,160 healthy women,,,no,2017-09-27,excluded,1.0,0.292
SAMEA112857895,PRJEB37731,33,day 12,adult,8766.0,female,DK,healthy_control,160 healthy women,,,no,2017-09-29,excluded,1.0,0.434
SAMEA112857896,PRJEB37731,33,day 13,adult,8766.0,female,DK,healthy_control,160 healthy women,,,no,2017-09-30,excluded,1.0,0.33
SAMEA112857897,PRJEB37731,33,day 14,adult,8766.0,female,DK,healthy_control,160 healthy women,,,no,2017-10-01,excluded,1.0,0.538
SAMEA112857898,PRJEB37731,33,day 15,adult,8766.0,female,DK,healthy_control,160 healthy women,,,no,2017-10-02,excluded,1.0,0.891
SAMEA112857900,PRJEB37731,33,day 18,adult,8766.0,female,DK,healthy_control,160 healthy women,,,no,2017-10-05,excluded,1.0,0.7
SAMEA112857901,PRJEB37731,33,day 19,adult,8766.0,female,DK,healthy_control,160 healthy women,,,no,2017-10-06,excluded,1.0,0.487
SAMEA112857902,PRJEB37731,33,day 20,adult,8766.0,female,DK,healthy_control,160 healthy women,,,no,2017-10-07,excluded,1.0,0.524
SAMEA112857903,PRJEB37731,33,day 21,adult,8766.0,female,DK,healthy_control,160 healthy women,,,no,2017-10-08,excluded,1.0,0.44
SAMEA112857904,PRJEB37731,33,day 23,adult,8766.0,female,DK,healthy_control,160 healthy women,,,no,2017-10-10,excluded,1.0,0.574
SAMEA112857905,PRJEB37731,33,day 24,adult,8766.0,female,DK,healthy_control,160 healthy women,,,no,2017-10-11,excluded,1.0,0.382
SAMEA112857906,PRJEB37731,33,day 25,adult,8766.0,female,DK,healthy_control,160 healthy women,,,no,2017-10-12,excluded,1.0,0.528
SAMEA112857907,PRJEB37731,33,day 26,adult,8766.0,female,DK,healthy_control,160 healthy women,,,no,2017-10-13,excluded,1.0,0.655
SAMEA112857908,PRJEB37731,33,day 28,adult,8766.0,female,DK,healthy_control,160 healthy women,,,no,2017-10-15,excluded,1.0,0.979
SAMEA112857909,PRJEB37731,33,day 29,adult,8766.0,female,DK,healthy_control,160 healthy women,,,no,2017-10-16,excluded,1.0,0.848
SAMEA112857910,PRJEB37731,33,day 30,adult,8766.0,female,DK,healthy_control,160 healthy women,,,no,2017-10-17,excluded,1.0,0.912
SAMEA112857911,PRJEB37731,33,day 31,adult,8766.0,female,DK,healthy_control,160 healthy women,,,no,2017-10-18,excluded,1.0,0.438
SAMEA112857912,PRJEB37731,33,day 32,adult,8766.0,female,DK,healthy_control,160 healthy women,,,no,2017-10-19,excluded,1.0,0.366
SAMEA112857889,PRJEB37731,33,day 4,adult,8766.0,female,DK,healthy_control,160 healthy women,,,no,2017-09-21,excluded,1.0,0.658
SAMEA112857890,PRJEB37731,33,day 5,adult,8766.0,female,DK,healthy_control,160 healthy women,,,no,2017-09-22,excluded,1.0,0.571
SAMEA112857891,PRJEB37731,33,day 6,adult,8766.0,female,DK,healthy_control,160 healthy women,,,no,2017-09-23,excluded,1.0,0.654
SAMEA112857892,PRJEB37731,33,day 8,adult,8766.0,female,DK,healthy_control,160 healthy women,,,no,2017-09-25,excluded,1.0,0.057
SAMEA112857893,PRJEB37731,33,day 9,adult,8766.0,female,DK,healthy_control,160 healthy women,,,no,2017-09-26,excluded,1.0,0.253
SAMEA6662574,PRJEB37731,33,follicular phase,adult,,female,DK,healthy_control,160 healthy women,,,no,2018-01,excluded,1.0,0.514
SAMEA6663043,PRJEB37731,33,follicular phase,adult,,female,DK,healthy_control,160 healthy women,,,no,2018-01,primary,1.0,0.304
SAMEA6662732,PRJEB37731,33,luteal phase,adult,,female,DK,healthy_control,160 healthy women,,,no,2018-01,excluded,1.0,0.158
SAMEA6663203,PRJEB37731,33,luteal phase,adult,,female,DK,healthy_control,160 healthy women,,,no,2018-01,primary,1.0,0.219
SAMEA6661940,PRJEB37731,33,menstrual phase,adult,,female,DK,healthy_control,160 healthy women,,,no,2018-01,excluded,1.0,0.2
SAMEA6662417,PRJEB37731,33,menstrual phase,adult,,female,DK,healthy_control,160 healthy women,,,no,2018-01,excluded,1.0,0.131
SAMEA6662887,PRJEB37731,33,menstrual phase,adult,,female,DK,healthy_control,160 healthy women,,,no,2018-01,primary,1.0,0.251
SAMEA6663358,PRJEB37731,33,menstrual phase,adult,,female,DK,healthy_control,160 healthy women,,,no,2018-01,primary,1.0,0.218
SAMEA122895028,PRJEB37731,33,,adult,8766.0,female,DK,healthy_control,160 healthy women,,,no,2017,excluded,1.0,0.003
SAMEA122895029,PRJEB37731,33,,adult,8766.0,female,DK,healthy_control,160 healthy women,,,no,2017,excluded,1.0,0.01
SAMEA112857918,PRJEB37731,34,day 10,adult,10957.5,female,DK,allergy_or_atopy,allergies,,,no,2017-11-15,excluded,1.0,0.495
SAMEA112857919,PRJEB37731,34,day 11,adult,10957.5,female,DK,allergy_or_atopy,allergies,,,no,2017-11-16,excluded,1.0,0.276
SAMEA112857920,PRJEB37731,34,day 12,adult,10957.5,female,DK,allergy_or_atopy,allergies,,,no,2017-11-17,excluded,1.0,0.402
SAMEA112857921,PRJEB37731,34,day 13,adult,10957.5,female,DK,allergy_or_atopy,allergies,,,no,2017-11-18,excluded,1.0,0.388
SAMEA112857922,PRJEB37731,34,day 14,adult,10957.5,female,DK,allergy_or_atopy,allergies,,,no,2017-11-19,excluded,1.0,0.281
SAMEA112857923,PRJEB37731,34,day 15,adult,10957.5,female,DK,allergy_or_atopy,allergies,,,no,2017-11-20,excluded,1.0,0.443
SAMEA112857924,PRJEB37731,34,day 16,adult,10957.5,female,DK,allergy_or_atopy,allergies,,,no,2017-11-21,excluded,1.0,0.321
SAMEA112857925,PRJEB37731,34,day 17,adult,10957.5,female,DK,allergy_or_atopy,allergies,,,no,2017-11-22,excluded,1.0,0.425
SAMEA112857926,PRJEB37731,34,day 18,adult,10957.5,female,DK,allergy_or_atopy,allergies,,,no,2017-11-23,excluded,1.0,0.257
SAMEA112857927,PRJEB37731,34,day 20,adult,10957.5,female,DK,allergy_or_atopy,allergies,,,no,2017-11-25,excluded,1.0,0.48
SAMEA112857928,PRJEB37731,34,day 21,adult,10957.5,female,DK,allergy_or_atopy,allergies,,,no,2017-11-26,excluded,1.0,0.0
SAMEA112857929,PRJEB37731,34,day 22,adult,10957.5,female,DK,allergy_or_atopy,allergies,,,no,2017-11-27,excluded,1.0,0.0
SAMEA112857930,PRJEB37731,34,day 23,adult,10957.5,female,DK,allergy_or_atopy,allergies,,,no,2017-11-28,excluded,1.0,0.267
SAMEA112857931,PRJEB37731,34,day 24,adult,10957.5,female,DK,allergy_or_atopy,allergies,,,no,2017-11-29,excluded,1.0,0.271
SAMEA112857932,PRJEB37731,34,day 25,adult,10957.5,female,DK,allergy_or_atopy,allergies,,,no,2017-11-30,excluded,1.0,0.462
SAMEA112857933,PRJEB37731,34,day 26,adult,10957.5,female,DK,allergy_or_atopy,allergies,,,no,2017-12-01,excluded,1.0,0.31
SAMEA112857934,PRJEB37731,34,day 27,adult,10957.5,female,DK,allergy_or_atopy,allergies,,,no,2017-12-02,excluded,1.0,0.0
SAMEA112857935,PRJEB37731,34,day 28,adult,10957.5,female,DK,allergy_or_atopy,allergies,,,no,2017-12-03,excluded,1.0,0.256
SAMEA112857936,PRJEB37731,34,day 29,adult,10957.5,female,DK,allergy_or_atopy,allergies,,,no,2017-12-04,excluded,1.0,0.236
SAMEA112857937,PRJEB37731,34,day 30,adult,10957.5,female,DK,allergy_or_atopy,allergies,,,no,2017-12-05,excluded,1.0,0.0
SAMEA112857938,PRJEB37731,34,day 31,adult,10957.5,female,DK,allergy_or_atopy,allergies,,,no,2017-12-06,excluded,1.0,0.113
SAMEA112857939,PRJEB37731,34,day 32,adult,10957.5,female,DK,allergy_or_atopy,allergies,,,no,2017-12-07,excluded,1.0,0.104
SAMEA112857913,PRJEB37731,34,day 4,adult,10957.5,female,DK,allergy_or_atopy,allergies,,,no,2017-11-09,excluded,1.0,0.256
SAMEA112857914,PRJEB37731,34,day 5,adult,10957.5,female,DK,allergy_or_atopy,allergies,,,no,2017-11-10,excluded,1.0,0.506
SAMEA112857915,PRJEB37731,34,day 6,adult,10957.5,female,DK,allergy_or_atopy,allergies,,,no,2017-11-11,excluded,1.0,0.415
SAMEA112857916,PRJEB37731,34,day 7,adult,10957.5,female,DK,allergy_or_atopy,allergies,,,no,2017-11-12,excluded,1.0,0.193
SAMEA112857917,PRJEB37731,34,day 9,adult,10957.5,female,DK,allergy_or_atopy,allergies,,,no,2017-11-14,excluded,1.0,0.605
SAMEA6662575,PRJEB37731,34,follicular phase,adult,,female,DK,allergy_or_atopy,allergies,,,no,2018-01,excluded,1.0,0.196
SAMEA6663044,PRJEB37731,34,follicular phase,adult,,female,DK,allergy_or_atopy,allergies,,,no,2018-01,primary,1.0,0.222
SAMEA6662733,PRJEB37731,34,luteal phase,adult,,female,DK,allergy_or_atopy,allergies,,,no,2018-01,excluded,1.0,0.177
SAMEA6663204,PRJEB37731,34,luteal phase,adult,,female,DK,allergy_or_atopy,allergies,,,no,2018-01,primary,1.0,0.231
SAMEA6661941,PRJEB37731,34,menstrual phase,adult,,female,DK,allergy_or_atopy,allergies,,,no,2018-01,excluded,1.0,0.172
SAMEA6662418,PRJEB37731,34,menstrual phase,adult,,female,DK,allergy_or_atopy,allergies,,,no,2018-01,excluded,1.0,0.288
SAMEA6662888,PRJEB37731,34,menstrual phase,adult,,female,DK,allergy_or_atopy,allergies,,,no,2018-01,primary,1.0,0.201
SAMEA6663359,PRJEB37731,34,menstrual phase,adult,,female,DK,allergy_or_atopy,allergies,,,no,2018-01,primary,1.0,0.22
SAMEA122895030,PRJEB37731,34,,adult,10957.5,female,DK,healthy_control,160 healthy women,,,no,2017,excluded,1.0,0.008
SAMEA122895031,PRJEB37731,34,,adult,10957.5,female,DK,healthy_control,160 healthy women,,,no,2017,excluded,1.0,0.028
SAMEA112857947,PRJEB37731,35,day 11,adult,8391.0,female,DK,allergy_or_atopy,allergies,,,no,2017-09-28,excluded,1.0,0.427
SAMEA112857948,PRJEB37731,35,day 12,adult,8391.0,female,DK,allergy_or_atopy,allergies,,,no,2017-09-29,excluded,1.0,1.635
SAMEA112857949,PRJEB37731,35,day 13,adult,8391.0,female,DK,allergy_or_atopy,allergies,,,no,2017-09-30,excluded,1.0,0.714
SAMEA112857950,PRJEB37731,35,day 14,adult,8391.0,female,DK,allergy_or_atopy,allergies,,,no,2017-10-01,excluded,1.0,0.539
SAMEA112857951,PRJEB37731,35,day 15,adult,8391.0,female,DK,allergy_or_atopy,allergies,,,no,2017-10-02,excluded,1.0,0.346
SAMEA112857952,PRJEB37731,35,day 16,adult,8391.0,female,DK,allergy_or_atopy,allergies,,,no,2017-10-03,excluded,1.0,0.276
SAMEA112857953,PRJEB37731,35,day 17,adult,8391.0,female,DK,allergy_or_atopy,allergies,,,no,2017-10-04,excluded,1.0,0.259
SAMEA112857954,PRJEB37731,35,day 18,adult,8391.0,female,DK,allergy_or_atopy,allergies,,,no,2017-10-05,excluded,1.0,0.608
SAMEA112857955,PRJEB37731,35,day 20,adult,8391.0,female,DK,allergy_or_atopy,allergies,,,no,2017-10-07,excluded,1.0,1.391
SAMEA112857956,PRJEB37731,35,day 21,adult,8391.0,female,DK,allergy_or_atopy,allergies,,,no,2017-10-08,excluded,1.0,0.298
SAMEA112857957,PRJEB37731,35,day 22,adult,8391.0,female,DK,allergy_or_atopy,allergies,,,no,2017-10-09,excluded,1.0,0.27
SAMEA112857958,PRJEB37731,35,day 23,adult,8391.0,female,DK,allergy_or_atopy,allergies,,,no,2017-10-10,excluded,1.0,0.339
SAMEA112857959,PRJEB37731,35,day 24,adult,8391.0,female,DK,allergy_or_atopy,allergies,,,no,2017-10-11,excluded,1.0,0.354
SAMEA112857960,PRJEB37731,35,day 25,adult,8391.0,female,DK,allergy_or_atopy,allergies,,,no,2017-10-12,excluded,1.0,0.278
SAMEA112857961,PRJEB37731,35,day 26,adult,8391.0,female,DK,allergy_or_atopy,allergies,,,no,2017-10-13,excluded,1.0,0.148
SAMEA112857962,PRJEB37731,35,day 27,adult,8391.0,female,DK,allergy_or_atopy,allergies,,,no,2017-10-14,excluded,1.0,0.435
SAMEA112857963,PRJEB37731,35,day 28,adult,8391.0,female,DK,allergy_or_atopy,allergies,,,no,2017-10-15,excluded,1.0,0.354
SAMEA112857964,PRJEB37731,35,day 29,adult,8391.0,female,DK,allergy_or_atopy,allergies,,,no,2017-10-16,excluded,1.0,0.617
SAMEA112857965,PRJEB37731,35,day 30,adult,8391.0,female,DK,allergy_or_atopy,allergies,,,no,2017-10-17,excluded,1.0,0.34
SAMEA112857966,PRJEB37731,35,day 31,adult,8391.0,female,DK,allergy_or_atopy,allergies,,,no,2017-10-18,excluded,1.0,0.537
SAMEA112857967,PRJEB37731,35,day 32,adult,8391.0,female,DK,allergy_or_atopy,allergies,,,no,2017-10-19,excluded,1.0,0.752
SAMEA112857940,PRJEB37731,35,day 4,adult,8391.0,female,DK,allergy_or_atopy,allergies,,,no,2017-09-21,excluded,1.0,0.348
SAMEA112857941,PRJEB37731,35,day 5,adult,8391.0,female,DK,allergy_or_atopy,allergies,,,no,2017-09-22,excluded,1.0,0.765
SAMEA112857943,PRJEB37731,35,day 6,adult,8391.0,female,DK,allergy_or_atopy,allergies,,,no,2017-09-23,excluded,1.0,0.28
SAMEA112857944,PRJEB37731,35,day 7,adult,8391.0,female,DK,allergy_or_atopy,allergies,,,no,2017-09-24,excluded,1.0,0.249
SAMEA112857945,PRJEB37731,35,day 8,adult,8391.0,female,DK,allergy_or_atopy,allergies,,,no,2017-09-25,excluded,1.0,0.428
SAMEA112857946,PRJEB37731,35,day 9,adult,8391.0,female,DK,allergy_or_atopy,allergies,,,no,2017-09-26,excluded,1.0,0.252
SAMEA6662576,PRJEB37731,35,follicular phase,adult,,female,DK,allergy_or_atopy,allergies,,,no,2018-01,excluded,1.0,0.171
SAMEA6663045,PRJEB37731,35,follicular phase,adult,,female,DK,allergy_or_atopy,allergies,,,no,2018-01,primary,1.0,0.23
SAMEA6662734,PRJEB37731,35,luteal phase,adult,,female,DK,allergy_or_atopy,allergies,,,no,2018-01,excluded,1.0,0.17
SAMEA6663205,PRJEB37731,35,luteal phase,adult,,female,DK,allergy_or_atopy,allergies,,,no,2018-01,primary,1.0,0.342
SAMEA6661942,PRJEB37731,35,menstrual phase,adult,,female,DK,allergy_or_atopy,allergies,,,no,2018-01,excluded,1.0,0.189
SAMEA6662419,PRJEB37731,35,menstrual phase,adult,,female,DK,allergy_or_atopy,allergies,,,no,2018-01,excluded,1.0,0.182
SAMEA6662889,PRJEB37731,35,menstrual phase,adult,,female,DK,allergy_or_atopy,allergies,,,no,2018-01,primary,1.0,0.233
SAMEA6663360,PRJEB37731,35,menstrual phase,adult,,female,DK,allergy_or_atopy,allergies,,,no,2018-01,primary,1.0,0.203
SAMEA122895032,PRJEB37731,35,,adult,8391.0,female,DK,healthy_control,160 healthy women,,,no,2017,excluded,1.0,0.003
SAMEA122895033,PRJEB37731,35,,adult,8391.0,female,DK,healthy_control,160 healthy women,,,no,2017,excluded,1.0,0.014
SAMEA6662577,PRJEB37731,36,follicular phase,adult,,female,DK,allergy_or_atopy,"rheumatic disease, allergies",,,no,2018-01,excluded,1.0,0.088
SAMEA6663046,PRJEB37731,36,follicular phase,adult,,female,DK,allergy_or_atopy,"rheumatic disease, allergies",,,no,2018-01,primary,1.0,0.267
SAMEA6662735,PRJEB37731,36,luteal phase,adult,,female,DK,allergy_or_atopy,"rheumatic disease, allergies",,,no,2018-01,excluded,1.0,0.237
SAMEA6663206,PRJEB37731,36,luteal phase,adult,,female,DK,allergy_or_atopy,"rheumatic disease, allergies",,,no,2018-01,primary,1.0,0.183
SAMEA6661943,PRJEB37731,36,menstrual phase,adult,,female,DK,allergy_or_atopy,"rheumatic disease, allergies",,,no,2018-01,excluded,1.0,0.194
SAMEA6662420,PRJEB37731,36,menstrual phase,adult,,female,DK,allergy_or_atopy,"rheumatic disease, allergies",,,no,2018-01,excluded,1.0,0.308
SAMEA6662890,PRJEB37731,36,menstrual phase,adult,,female,DK,allergy_or_atopy,"rheumatic disease, allergies",,,no,2018-01,primary,1.0,0.197
SAMEA6663361,PRJEB37731,36,menstrual phase,adult,,female,DK,allergy_or_atopy,"rheumatic disease, allergies",,,no,2018-01,primary,1.0,0.392
SAMEA122895034,PRJEB37731,36,,adult,10601.0,female,DK,healthy_control,160 healthy women,,,no,2017,excluded,1.0,0.006
SAMEA122895035,PRJEB37731,36,,adult,10601.0,female,DK,healthy_control,160 healthy women,,,no,2017,excluded,1.0,0.01
SAMEA6662578,PRJEB37731,37,follicular phase,adult,,female,DK,healthy_control,160 healthy women,,,no,2018-01,excluded,1.0,0.274
SAMEA6663047,PRJEB37731,37,follicular phase,adult,,female,DK,healthy_control,160 healthy women,,,no,2018-01,primary,1.0,0.341
SAMEA6662736,PRJEB37731,37,luteal phase,adult,,female,DK,healthy_control,160 healthy women,,,no,2018-01,excluded,1.0,0.161
SAMEA6663207,PRJEB37731,37,luteal phase,adult,,female,DK,healthy_control,160 healthy women,,,no,2018-01,primary,1.0,0.131
SAMEA6661944,PRJEB37731,37,menstrual phase,adult,,female,DK,healthy_control,160 healthy women,,,no,2018-01,excluded,1.0,0.203
SAMEA6662421,PRJEB37731,37,menstrual phase,adult,,female,DK,healthy_control,160 healthy women,,,no,2018-01,excluded,1.0,0.209
SAMEA6662891,PRJEB37731,37,menstrual phase,adult,,female,DK,healthy_control,160 healthy women,,,no,2018-01,primary,1.0,0.24
SAMEA6663362,PRJEB37731,37,menstrual phase,adult,,female,DK,healthy_control,160 healthy women,,,no,2018-01,primary,1.0,0.217
SAMEA122895036,PRJEB37731,37,,adult,8391.0,female,DK,healthy_control,160 healthy women,,,no,2017,excluded,1.0,0.002
SAMEA122895037,PRJEB37731,37,,adult,8391.0,female,DK,healthy_control,160 healthy women,,,no,2017,excluded,1.0,0.002
SAMEA6662579,PRJEB37731,38,follicular phase,adult,,female,DK,healthy_control,160 healthy women,,,no,2018-01,excluded,1.0,0.309
SAMEA6663048,PRJEB37731,38,follicular phase,adult,,female,DK,healthy_control,160 healthy women,,,no,2018-01,primary,1.0,0.237
SAMEA6662737,PRJEB37731,38,luteal phase,adult,,female,DK,healthy_control,160 healthy women,,,no,2018-01,excluded,1.0,0.196
SAMEA6663208,PRJEB37731,38,luteal phase,adult,,female,DK,healthy_control,160 healthy women,,,no,2018-01,primary,1.0,0.22
SAMEA6661945,PRJEB37731,38,menstrual phase,adult,,female,DK,healthy_control,160 healthy women,,,no,2018-01,excluded,1.0,0.152
SAMEA6662422,PRJEB37731,38,menstrual phase,adult,,female,DK,healthy_control,160 healthy women,,,no,2018-01,excluded,1.0,0.307
SAMEA6662892,PRJEB37731,38,menstrual phase,adult,,female,DK,healthy_control,160 healthy women,,,no,2018-01,primary,1.0,0.17
SAMEA6663363,PRJEB37731,38,menstrual phase,adult,,female,DK,healthy_control,160 healthy women,,,no,2018-01,primary,1.0,0.193
SAMEA122895038,PRJEB37731,38,,adult,12043.2,female,DK,healthy_control,160 healthy women,,,no,2017,excluded,1.0,0.003
SAMEA122895039,PRJEB37731,38,,adult,12043.2,female,DK,healthy_control,160 healthy women,,,no,2017,excluded,1.0,0.004
SAMEA6662580,PRJEB37731,39,follicular phase,adult,,female,DK,healthy_control,160 healthy women,,,no,2018-01,excluded,1.0,0.229
SAMEA6663049,PRJEB37731,39,follicular phase,adult,,female,DK,healthy_control,160 healthy women,,,no,2018-01,primary,1.0,0.261
SAMEA6662738,PRJEB37731,39,luteal phase,adult,,female,DK,healthy_control,160 healthy women,,,no,2018-01,excluded,1.0,0.207
SAMEA6663209,PRJEB37731,39,luteal phase,adult,,female,DK,healthy_control,160 healthy women,,,no,2018-01,primary,1.0,0.2
SAMEA6661946,PRJEB37731,39,menstrual phase,adult,,female,DK,healthy_control,160 healthy women,,,no,2018-01,excluded,1.0,0.235
SAMEA6662423,PRJEB37731,39,menstrual phase,adult,,female,DK,healthy_control,160 healthy women,,,no,2018-01,excluded,1.0,0.245
SAMEA6662893,PRJEB37731,39,menstrual phase,adult,,female,DK,healthy_control,160 healthy women,,,no,2018-01,primary,1.0,0.28
SAMEA6663364,PRJEB37731,39,menstrual phase,adult,,female,DK,healthy_control,160 healthy women,,,no,2018-01,primary,1.0,0.169
SAMEA122895040,PRJEB37731,39,,adult,8035.5,female,DK,healthy_control,160 healthy women,,,no,2017,excluded,1.0,0.016
SAMEA122895041,PRJEB37731,39,,adult,8035.5,female,DK,healthy_control,160 healthy women,,,no,2017,excluded,1.0,0.009
SAMEA6662547,PRJEB37731,4,follicular phase,adult,,female,SE,healthy_control,160 healthy women,,,no,2018-01,excluded,1.0,0.011
SAMEA6663018,PRJEB37731,4,follicular phase,adult,,female,SE,healthy_control,160 healthy women,,,no,2018-01,primary,1.0,0.215
SAMEA6662706,PRJEB37731,4,luteal phase,adult,,female,SE,healthy_control,160 healthy women,,,no,2018-01,excluded,1.0,0.093
SAMEA6663176,PRJEB37731,4,luteal phase,adult,,female,SE,healthy_control,160 healthy women,,,no,2018-01,primary,1.0,0.267
SAMEA6661912,PRJEB37731,4,menstrual phase,adult,,female,SE,healthy_control,160 healthy women,,,no,2018-01,excluded,1.0,0.363
SAMEA6662390,PRJEB37731,4,menstrual phase,adult,,female,SE,healthy_control,160 healthy women,,,no,2018-01,excluded,1.0,0.031
SAMEA6662860,PRJEB37731,4,menstrual phase,adult,,female,SE,healthy_control,160 healthy women,,,no,2018-01,primary,1.0,0.183
SAMEA6663333,PRJEB37731,4,menstrual phase,adult,,female,SE,healthy_control,160 healthy women,,,no,2018-01,primary,1.0,0.214
SAMEA122894974,PRJEB37731,4,,adult,10957.5,female,DK,healthy_control,160 healthy women,,,no,2017,excluded,1.0,0.014
SAMEA122894975,PRJEB37731,4,,adult,10957.5,female,DK,healthy_control,160 healthy women,,,no,2017,excluded,1.0,0.025
SAMEA6662581,PRJEB37731,41,follicular phase,adult,,female,DK,healthy_control,160 healthy women,,,no,2018-01,excluded,1.0,0.194
SAMEA6663050,PRJEB37731,41,follicular phase,adult,,female,DK,healthy_control,160 healthy women,,,no,2018-01,primary,1.0,0.233
SAMEA6662739,PRJEB37731,41,luteal phase,adult,,female,DK,healthy_control,160 healthy women,,,no,2018-01,excluded,1.0,0.213
SAMEA6663210,PRJEB37731,41,luteal phase,adult,,female,DK,healthy_control,160 healthy women,,,no,2018-01,primary,1.0,0.286
SAMEA6661947,PRJEB37731,41,menstrual phase,adult,,female,DK,healthy_control,160 healthy women,,,no,2018-01,excluded,1.0,0.154
SAMEA6662424,PRJEB37731,41,menstrual phase,adult,,female,DK,healthy_control,160 healthy women,,,no,2018-01,excluded,1.0,0.261
SAMEA6662894,PRJEB37731,41,menstrual phase,adult,,female,DK,healthy_control,160 healthy women,,,no,2018-01,primary,1.0,0.246
SAMEA6663365,PRJEB37731,41,menstrual phase,adult,,female,DK,healthy_control,160 healthy women,,,no,2018-01,primary,1.0,0.586
SAMEA122895042,PRJEB37731,41,,adult,7670.2,female,DK,healthy_control,160 healthy women,,,no,2017,excluded,1.0,0.001
SAMEA122895043,PRJEB37731,41,,adult,7670.2,female,DK,healthy_control,160 healthy women,,,no,2017,excluded,1.0,0.001
SAMEA6662582,PRJEB37731,42,follicular phase,adult,,female,DK,allergy_or_atopy,allergies,,,no,2018-01,excluded,1.0,0.348
SAMEA6663051,PRJEB37731,42,follicular phase,adult,,female,DK,allergy_or_atopy,allergies,,,no,2018-01,primary,1.0,0.232
SAMEA6662740,PRJEB37731,42,luteal phase,adult,,female,DK,allergy_or_atopy,allergies,,,no,2018-01,excluded,1.0,0.215
SAMEA6663211,PRJEB37731,42,luteal phase,adult,,female,DK,allergy_or_atopy,allergies,,,no,2018-01,primary,1.0,0.303
SAMEA6661948,PRJEB37731,42,menstrual phase,adult,,female,DK,allergy_or_atopy,allergies,,,no,2018-01,excluded,1.0,0.159
SAMEA6662425,PRJEB37731,42,menstrual phase,adult,,female,DK,allergy_or_atopy,allergies,,,no,2018-01,excluded,1.0,0.286
SAMEA6662895,PRJEB37731,42,menstrual phase,adult,,female,DK,allergy_or_atopy,allergies,,,no,2018-01,primary,1.0,0.343
SAMEA6663366,PRJEB37731,42,menstrual phase,adult,,female,DK,allergy_or_atopy,allergies,,,no,2018-01,primary,1.0,0.271
SAMEA122895044,PRJEB37731,42,,adult,8391.0,female,DK,healthy_control,160 healthy women,,,no,2017,excluded,1.0,0.004
SAMEA122895045,PRJEB37731,42,,adult,8391.0,female,DK,healthy_control,160 healthy women,,,no,2017,excluded,1.0,0.009
SAMEA6662583,PRJEB37731,44,follicular phase,adult,,female,SE,healthy_control,160 healthy women,,,no,2018-01,excluded,1.0,0.417
SAMEA6663052,PRJEB37731,44,follicular phase,adult,,female,SE,healthy_control,160 healthy women,,,no,2018-01,primary,1.0,0.178
SAMEA6662741,PRJEB37731,44,luteal phase,adult,,female,SE,healthy_control,160 healthy women,,,no,2018-01,excluded,1.0,0.266
SAMEA6663212,PRJEB37731,44,luteal phase,adult,,female,SE,healthy_control,160 healthy women,,,no,2018-01,primary,1.0,0.219
SAMEA6661949,PRJEB37731,44,menstrual phase,adult,,female,SE,healthy_control,160 healthy women,,,no,2018-01,excluded,1.0,0.173
SAMEA6662426,PRJEB37731,44,menstrual phase,adult,,female,SE,healthy_control,160 healthy women,,,no,2018-01,excluded,1.0,0.271
SAMEA6662896,PRJEB37731,44,menstrual phase,adult,,female,SE,healthy_control,160 healthy women,,,no,2018-01,primary,1.0,0.223
SAMEA122895046,PRJEB37731,44,,adult,11688.0,female,DK,healthy_control,160 healthy women,,,no,2017,excluded,1.0,0.009
SAMEA122895047,PRJEB37731,44,,adult,11688.0,female,DK,healthy_control,160 healthy women,,,no,2017,excluded,1.0,0.01
SAMEA112857973,PRJEB37731,45,day 10,adult,8035.5,female,DK,healthy_control,160 healthy women,,,no,2017-09-27,excluded,1.0,0.392
SAMEA112857974,PRJEB37731,45,day 11,adult,8035.5,female,DK,healthy_control,160 healthy women,,,no,2017-09-28,excluded,1.0,0.277
SAMEA112857975,PRJEB37731,45,day 12,adult,8035.5,female,DK,healthy_control,160 healthy women,,,no,2017-09-29,excluded,1.0,0.0
SAMEA112857976,PRJEB37731,45,day 13,adult,8035.5,female,DK,healthy_control,160 healthy women,,,no,2017-09-30,excluded,1.0,0.201
SAMEA112857977,PRJEB37731,45,day 14,adult,8035.5,female,DK,healthy_control,160 healthy women,,,no,2017-10-01,excluded,1.0,0.209
SAMEA112857978,PRJEB37731,45,day 15,adult,8035.5,female,DK,healthy_control,160 healthy women,,,no,2017-10-02,excluded,1.0,0.0
SAMEA112857979,PRJEB37731,45,day 17,adult,8035.5,female,DK,healthy_control,160 healthy women,,,no,2017-10-04,excluded,1.0,1.121
SAMEA112857980,PRJEB37731,45,day 18,adult,8035.5,female,DK,healthy_control,160 healthy women,,,no,2017-10-05,excluded,1.0,0.512
SAMEA112857981,PRJEB37731,45,day 19,adult,8035.5,female,DK,healthy_control,160 healthy women,,,no,2017-10-06,excluded,1.0,0.329
SAMEA112857982,PRJEB37731,45,day 20,adult,8035.5,female,DK,healthy_control,160 healthy women,,,no,2017-10-07,excluded,1.0,0.238
SAMEA112857983,PRJEB37731,45,day 21,adult,8035.5,female,DK,healthy_control,160 healthy women,,,no,2017-10-08,excluded,1.0,0.364
SAMEA112857984,PRJEB37731,45,day 22,adult,8035.5,female,DK,healthy_control,160 healthy women,,,no,2017-10-09,excluded,1.0,0.246
SAMEA112857985,PRJEB37731,45,day 23,adult,8035.5,female,DK,healthy_control,160 healthy women,,,no,2017-10-10,excluded,1.0,0.193
SAMEA112857986,PRJEB37731,45,day 24,adult,8035.5,female,DK,healthy_control,160 healthy women,,,no,2017-10-11,excluded,1.0,0.335
SAMEA112857987,PRJEB37731,45,day 25,adult,8035.5,female,DK,healthy_control,160 healthy women,,,no,2017-10-12,excluded,1.0,0.0
SAMEA112857989,PRJEB37731,45,day 26,adult,8035.5,female,DK,healthy_control,160 healthy women,,,no,2017-10-13,excluded,1.0,0.435
SAMEA112857990,PRJEB37731,45,day 27,adult,8035.5,female,DK,healthy_control,160 healthy women,,,no,2017-10-14,excluded,1.0,0.334
SAMEA112857991,PRJEB37731,45,day 28,adult,8035.5,female,DK,healthy_control,160 healthy women,,,no,2017-10-15,excluded,1.0,1.148
SAMEA112857992,PRJEB37731,45,day 29,adult,8035.5,female,DK,healthy_control,160 healthy women,,,no,2017-10-16,excluded,1.0,0.148
SAMEA112857993,PRJEB37731,45,day 30,adult,8035.5,female,DK,healthy_control,160 healthy women,,,no,2017-10-17,excluded,1.0,0.129
SAMEA112857994,PRJEB37731,45,day 31,adult,8035.5,female,DK,healthy_control,160 healthy women,,,no,2017-10-18,excluded,1.0,0.138
SAMEA112857995,PRJEB37731,45,day 32,adult,8035.5,female,DK,healthy_control,160 healthy women,,,no,2017-10-19,excluded,1.0,0.0
SAMEA112857968,PRJEB37731,45,day 4,adult,8035.5,female,DK,healthy_control,160 healthy women,,,no,2017-09-21,excluded,1.0,0.351
SAMEA112857969,PRJEB37731,45,day 5,adult,8035.5,female,DK,healthy_control,160 healthy women,,,no,2017-09-22,excluded,1.0,0.438
SAMEA112857970,PRJEB37731,45,day 6,adult,8035.5,female,DK,healthy_control,160 healthy women,,,no,2017-09-23,excluded,1.0,1.077
SAMEA112857971,PRJEB37731,45,day 7,adult,8035.5,female,DK,healthy_control,160 healthy women,,,no,2017-09-24,excluded,1.0,0.267
SAMEA112857972,PRJEB37731,45,day 9,adult,8035.5,female,DK,healthy_control,160 healthy women,,,no,2017-09-26,excluded,1.0,0.317
SAMEA6662584,PRJEB37731,45,follicular phase,adult,,female,DK,healthy_control,160 healthy women,,,no,2018-01,excluded,1.0,0.356
SAMEA6663053,PRJEB37731,45,follicular phase,adult,,female,DK,healthy_control,160 healthy women,,,no,2018-01,primary,1.0,0.265
SAMEA6662742,PRJEB37731,45,luteal phase,adult,,female,DK,healthy_control,160 healthy women,,,no,2018-01,excluded,1.0,0.214
SAMEA6663213,PRJEB37731,45,luteal phase,adult,,female,DK,healthy_control,160 healthy women,,,no,2018-01,primary,1.0,0.163
SAMEA6661950,PRJEB37731,45,menstrual phase,adult,,female,DK,healthy_control,160 healthy women,,,no,2018-01,excluded,1.0,0.18
SAMEA6662427,PRJEB37731,45,menstrual phase,adult,,female,DK,healthy_control,160 healthy women,,,no,2018-01,excluded,1.0,0.395
SAMEA6662897,PRJEB37731,45,menstrual phase,adult,,female,DK,healthy_control,160 healthy women,,,no,2018-01,primary,1.0,0.271
SAMEA6663367,PRJEB37731,45,menstrual phase,adult,,female,DK,healthy_control,160 healthy women,,,no,2018-01,primary,1.0,0.222
SAMEA122895048,PRJEB37731,45,,adult,8035.5,female,DK,healthy_control,160 healthy women,,,no,2017,excluded,1.0,0.003
SAMEA122895049,PRJEB37731,45,,adult,8035.5,female,DK,healthy_control,160 healthy women,,,no,2017,excluded,1.0,0.007
SAMEA6662585,PRJEB37731,46,follicular phase,adult,,female,DK,allergy_or_atopy,allergies,,,no,2018-01,excluded,1.0,0.066
SAMEA6663054,PRJEB37731,46,follicular phase,adult,,female,DK,allergy_or_atopy,allergies,,,no,2018-01,primary,1.0,0.437
SAMEA6662743,PRJEB37731,46,luteal phase,adult,,female,DK,allergy_or_atopy,allergies,,,no,2018-01,excluded,1.0,0.163
SAMEA6663214,PRJEB37731,46,luteal phase,adult,,female,DK,allergy_or_atopy,allergies,,,no,2018-01,primary,1.0,0.257
SAMEA6661951,PRJEB37731,46,menstrual phase,adult,,female,DK,allergy_or_atopy,allergies,,,no,2018-01,excluded,1.0,0.157
SAMEA6662428,PRJEB37731,46,menstrual phase,adult,,female,DK,allergy_or_atopy,allergies,,,no,2018-01,excluded,1.0,0.163
SAMEA6662898,PRJEB37731,46,menstrual phase,adult,,female,DK,allergy_or_atopy,allergies,,,no,2018-01,primary,1.0,0.234
SAMEA6663368,PRJEB37731,46,menstrual phase,adult,,female,DK,allergy_or_atopy,allergies,,,no,2018-01,primary,1.0,0.227
SAMEA122895050,PRJEB37731,46,,adult,8766.0,female,DK,healthy_control,160 healthy women,,,no,2017,excluded,1.0,0.022
SAMEA122895051,PRJEB37731,46,,adult,8766.0,female,DK,healthy_control,160 healthy women,,,no,2017,excluded,1.0,0.002
SAMEA112858002,PRJEB37731,47,day 10,adult,9857.0,female,DK,allergy_or_atopy,"atopic dermatitis, asthma",,,no,2017-11-01,excluded,1.0,0.0
SAMEA112858003,PRJEB37731,47,day 11,adult,9857.0,female,DK,allergy_or_atopy,"atopic dermatitis, asthma",,,no,2017-11-02,excluded,1.0,0.0
SAMEA112858004,PRJEB37731,47,day 12,adult,9857.0,female,DK,allergy_or_atopy,"atopic dermatitis, asthma",,,no,2017-11-03,excluded,1.0,0.0
SAMEA112858005,PRJEB37731,47,day 14,adult,9857.0,female,DK,allergy_or_atopy,"atopic dermatitis, asthma",,,no,2017-11-05,excluded,1.0,0.0
SAMEA112858006,PRJEB37731,47,day 15,adult,9857.0,female,DK,allergy_or_atopy,"atopic dermatitis, asthma",,,no,2017-11-06,excluded,1.0,0.0
SAMEA112858007,PRJEB37731,47,day 16,adult,9857.0,female,DK,allergy_or_atopy,"atopic dermatitis, asthma",,,no,2017-11-07,excluded,1.0,0.0
SAMEA112858008,PRJEB37731,47,day 17,adult,9857.0,female,DK,allergy_or_atopy,"atopic dermatitis, asthma",,,no,2017-11-08,excluded,1.0,0.749
SAMEA112858009,PRJEB37731,47,day 18,adult,9857.0,female,DK,allergy_or_atopy,"atopic dermatitis, asthma",,,no,2017-11-09,excluded,1.0,0.546
SAMEA112858010,PRJEB37731,47,day 19,adult,9857.0,female,DK,allergy_or_atopy,"atopic dermatitis, asthma",,,no,2017-11-10,excluded,1.0,0.379
SAMEA112858011,PRJEB37731,47,day 20,adult,9857.0,female,DK,allergy_or_atopy,"atopic dermatitis, asthma",,,no,2017-11-11,excluded,1.0,0.5
SAMEA112858012,PRJEB37731,47,day 22,adult,9857.0,female,DK,allergy_or_atopy,"atopic dermatitis, asthma",,,no,2017-11-13,excluded,1.0,0.499
SAMEA112858013,PRJEB37731,47,day 23,adult,9857.0,female,DK,allergy_or_atopy,"atopic dermatitis, asthma",,,no,2017-11-14,excluded,1.0,0.331
SAMEA112858014,PRJEB37731,47,day 24,adult,9857.0,female,DK,allergy_or_atopy,"atopic dermatitis, asthma",,,no,2017-11-15,excluded,1.0,0.277
SAMEA112858015,PRJEB37731,47,day 25,adult,9857.0,female,DK,allergy_or_atopy,"atopic dermatitis, asthma",,,no,2017-11-16,excluded,1.0,0.0
SAMEA112858016,PRJEB37731,47,day 26,adult,9857.0,female,DK,allergy_or_atopy,"atopic dermatitis, asthma",,,no,2017-11-17,excluded,1.0,0.0
SAMEA112858017,PRJEB37731,47,day 27,adult,9857.0,female,DK,allergy_or_atopy,"atopic dermatitis, asthma",,,no,2017-11-18,excluded,1.0,0.256
SAMEA112858018,PRJEB37731,47,day 28,adult,9857.0,female,DK,allergy_or_atopy,"atopic dermatitis, asthma",,,no,2017-11-19,excluded,1.0,0.375
SAMEA112858019,PRJEB37731,47,day 29,adult,9857.0,female,DK,allergy_or_atopy,"atopic dermatitis, asthma",,,no,2017-11-20,excluded,1.0,0.239
SAMEA112858020,PRJEB37731,47,day 30,adult,9857.0,female,DK,allergy_or_atopy,"atopic dermatitis, asthma",,,no,2017-11-21,excluded,1.0,0.523
SAMEA112858021,PRJEB37731,47,day 31,adult,9857.0,female,DK,allergy_or_atopy,"atopic dermatitis, asthma",,,no,2017-11-22,excluded,1.0,0.0
SAMEA112858022,PRJEB37731,47,day 32,adult,9857.0,female,DK,allergy_or_atopy,"atopic dermatitis, asthma",,,no,2017-11-23,excluded,1.0,0.482
SAMEA112857996,PRJEB37731,47,day 4,adult,9857.0,female,DK,allergy_or_atopy,"atopic dermatitis, asthma",,,no,2017-10-26,excluded,1.0,0.0
SAMEA112857997,PRJEB37731,47,day 5,adult,9857.0,female,DK,allergy_or_atopy,"atopic dermatitis, asthma",,,no,2017-10-27,excluded,1.0,0.001
SAMEA112857998,PRJEB37731,47,day 6,adult,9857.0,female,DK,allergy_or_atopy,"atopic dermatitis, asthma",,,no,2017-10-28,excluded,1.0,0.006
SAMEA112857999,PRJEB37731,47,day 7,adult,9857.0,female,DK,allergy_or_atopy,"atopic dermatitis, asthma",,,no,2017-10-29,excluded,1.0,0.0
SAMEA112858000,PRJEB37731,47,day 8,adult,9857.0,female,DK,allergy_or_atopy,"atopic dermatitis, asthma",,,no,2017-10-30,excluded,1.0,0.0
SAMEA112858001,PRJEB37731,47,day 9,adult,9857.0,female,DK,allergy_or_atopy,"atopic dermatitis, asthma",,,no,2017-10-31,excluded,1.0,0.0
SAMEA6662586,PRJEB37731,47,follicular phase,adult,,female,DK,other_infection,160 healthy women,,,no,2018-01,excluded,1.0,0.223
SAMEA6663055,PRJEB37731,47,follicular phase,adult,,female,DK,other_infection,160 healthy women,,,no,2018-01,primary,1.0,0.208
SAMEA6662744,PRJEB37731,47,luteal phase,adult,,female,DK,other_infection,160 healthy women,,,no,2018-01,excluded,1.0,0.26
SAMEA6663215,PRJEB37731,47,luteal phase,adult,,female,DK,other_infection,160 healthy women,,,no,2018-01,primary,1.0,0.22
SAMEA6661952,PRJEB37731,47,menstrual phase,adult,,female,DK,other_infection,160 healthy women,,,no,2018-01,excluded,1.0,0.185
SAMEA6662429,PRJEB37731,47,menstrual phase,adult,,female,DK,other_infection,160 healthy women,,,no,2018-01,excluded,1.0,0.18
SAMEA6662899,PRJEB37731,47,menstrual phase,adult,,female,DK,other_infection,160 healthy women,,,no,2018-01,primary,1.0,0.501
SAMEA6663369,PRJEB37731,47,menstrual phase,adult,,female,DK,other_infection,160 healthy women,,,no,2018-01,primary,1.0,0.188
SAMEA122895052,PRJEB37731,47,,adult,9857.0,female,DK,healthy_control,160 healthy women,,,no,2017,excluded,1.0,0.001
SAMEA122895053,PRJEB37731,47,,adult,9857.0,female,DK,healthy_control,160 healthy women,,,no,2017,excluded,1.0,0.001
SAMEA112858029,PRJEB37731,48,day 10,adult,8035.5,female,DK,healthy_control,160 healthy women,,,no,2017-11-21,excluded,1.0,8.631
SAMEA112858030,PRJEB37731,48,day 11,adult,8035.5,female,DK,healthy_control,160 healthy women,,,no,2017-11-22,excluded,1.0,13.638
SAMEA112858031,PRJEB37731,48,day 12,adult,8035.5,female,DK,healthy_control,160 healthy women,,,no,2017-11-23,excluded,1.0,6.355
SAMEA112858032,PRJEB37731,48,day 13,adult,8035.5,female,DK,healthy_control,160 healthy women,,,no,2017-11-24,excluded,1.0,4.989
SAMEA112858033,PRJEB37731,48,day 14,adult,8035.5,female,DK,healthy_control,160 healthy women,,,no,2017-11-25,excluded,1.0,11.269
SAMEA112858034,PRJEB37731,48,day 15,adult,8035.5,female,DK,healthy_control,160 healthy women,,,no,2017-11-26,excluded,1.0,9.085
SAMEA112858035,PRJEB37731,48,day 16,adult,8035.5,female,DK,healthy_control,160 healthy women,,,no,2017-11-27,excluded,1.0,10.482
SAMEA112858037,PRJEB37731,48,day 18,adult,8035.5,female,DK,healthy_control,160 healthy women,,,no,2017-11-29,excluded,1.0,5.337
SAMEA112858038,PRJEB37731,48,day 19,adult,8035.5,female,DK,healthy_control,160 healthy women,,,no,2017-11-30,excluded,1.0,5.878
SAMEA112858039,PRJEB37731,48,day 20,adult,8035.5,female,DK,healthy_control,160 healthy women,,,no,2017-12-01,excluded,1.0,7.809
SAMEA112858040,PRJEB37731,48,day 21,adult,8035.5,female,DK,healthy_control,160 healthy women,,,no,2017-12-02,excluded,1.0,7.43
SAMEA112858041,PRJEB37731,48,day 23,adult,8035.5,female,DK,healthy_control,160 healthy women,,,no,2017-12-04,excluded,1.0,13.69
SAMEA112858042,PRJEB37731,48,day 24,adult,8035.5,female,DK,healthy_control,160 healthy women,,,no,2017-12-05,excluded,1.0,4.21
SAMEA112858043,PRJEB37731,48,day 25,adult,8035.5,female,DK,healthy_control,160 healthy women,,,no,2017-12-06,excluded,1.0,9.515
SAMEA112858044,PRJEB37731,48,day 26,adult,8035.5,female,DK,healthy_control,160 healthy women,,,no,2017-12-07,excluded,1.0,9.591
SAMEA112858045,PRJEB37731,48,day 27,adult,8035.5,female,DK,healthy_control,160 healthy women,,,no,2017-12-08,excluded,1.0,8.79
SAMEA112858047,PRJEB37731,48,day 28,adult,8035.5,female,DK,healthy_control,160 healthy women,,,no,2017-12-09,excluded,1.0,5.603
SAMEA112858048,PRJEB37731,48,day 29,adult,8035.5,female,DK,healthy_control,160 healthy women,,,no,2017-12-10,excluded,1.0,9.061
SAMEA112858049,PRJEB37731,48,day 30,adult,8035.5,female,DK,healthy_control,160 healthy women,,,no,2017-12-11,excluded,1.0,5.954
SAMEA112858050,PRJEB37731,48,day 31,adult,8035.5,female,DK,healthy_control,160 healthy women,,,no,2017-12-12,excluded,1.0,4.732
SAMEA112858051,PRJEB37731,48,day 32,adult,8035.5,female,DK,healthy_control,160 healthy women,,,no,2017-12-13,excluded,1.0,7.382
SAMEA112858024,PRJEB37731,48,day 4,adult,8035.5,female,DK,healthy_control,160 healthy women,,,no,2017-11-15,excluded,1.0,7.422
SAMEA112858025,PRJEB37731,48,day 5,adult,8035.5,female,DK,healthy_control,160 healthy women,,,no,2017-11-16,excluded,1.0,11.577
SAMEA112858026,PRJEB37731,48,day 6,adult,8035.5,female,DK,healthy_control,160 healthy women,,,no,2017-11-17,excluded,1.0,2.043
SAMEA112858027,PRJEB37731,48,day 7,adult,8035.5,female,DK,healthy_control,160 healthy women,,,no,2017-11-18,excluded,1.0,7.532
SAMEA112858028,PRJEB37731,48,day 9,adult,8035.5,female,DK,healthy_control,160 healthy women,,,no,2017-11-20,excluded,1.0,11.757
SAMEA6662587,PRJEB37731,48,follicular phase,adult,,female,DK,healthy_control,160 healthy women,,,no,2018-01,excluded,1.0,0.144
SAMEA6663056,PRJEB37731,48,follicular phase,adult,,female,DK,healthy_control,160 healthy women,,,no,2018-01,primary,1.0,0.187
SAMEA6662745,PRJEB37731,48,luteal phase,adult,,female,DK,healthy_control,160 healthy women,,,no,2018-01,excluded,1.0,0.219
SAMEA6663216,PRJEB37731,48,luteal phase,adult,,female,DK,healthy_control,160 healthy women,,,no,2018-01,primary,1.0,0.203
SAMEA6661953,PRJEB37731,48,menstrual phase,adult,,female,DK,healthy_control,160 healthy women,,,no,2018-01,excluded,1.0,0.181
SAMEA6662430,PRJEB37731,48,menstrual phase,adult,,female,DK,healthy_control,160 healthy women,,,no,2018-01,excluded,1.0,0.179
SAMEA6662900,PRJEB37731,48,menstrual phase,adult,,female,DK,healthy_control,160 healthy women,,,no,2018-01,primary,1.0,0.307
SAMEA6663370,PRJEB37731,48,menstrual phase,adult,,female,DK,healthy_control,160 healthy women,,,no,2018-01,primary,1.0,0.242
SAMEA122895054,PRJEB37731,48,,adult,8035.5,female,DK,healthy_control,160 healthy women,,,no,2017,excluded,1.0,0.095
SAMEA122895055,PRJEB37731,48,,adult,8035.5,female,DK,healthy_control,160 healthy women,,,no,2017,excluded,1.0,0.149
SAMEA6662588,PRJEB37731,49,follicular phase,adult,,female,DK,other_infection,160 healthy women,,,no,2018-01,excluded,1.0,0.208
SAMEA6663057,PRJEB37731,49,follicular phase,adult,,female,DK,other_infection,160 healthy women,,,no,2018-01,primary,1.0,0.326
SAMEA6662746,PRJEB37731,49,luteal phase,adult,,female,DK,other_infection,160 healthy women,,,no,2018-01,excluded,1.0,0.301
SAMEA6663217,PRJEB37731,49,luteal phase,adult,,female,DK,other_infection,160 healthy women,,,no,2018-01,primary,1.0,0.189
SAMEA6661954,PRJEB37731,49,menstrual phase,adult,,female,DK,other_infection,160 healthy women,,,no,2018-01,excluded,1.0,0.26
SAMEA6662431,PRJEB37731,49,menstrual phase,adult,,female,DK,other_infection,160 healthy women,,,no,2018-01,excluded,1.0,0.331
SAMEA6662901,PRJEB37731,49,menstrual phase,adult,,female,DK,other_infection,160 healthy women,,,no,2018-01,primary,1.0,0.315
SAMEA6663371,PRJEB37731,49,menstrual phase,adult,,female,DK,other_infection,160 healthy women,,,no,2018-01,primary,1.0,0.332
SAMEA122895056,PRJEB37731,49,,adult,7670.2,female,DK,healthy_control,160 healthy women,,,no,2017,excluded,1.0,0.037
SAMEA122895057,PRJEB37731,49,,adult,7670.2,female,DK,healthy_control,160 healthy women,,,no,2017,excluded,1.0,0.034
SAMEA6662548,PRJEB37731,5,follicular phase,adult,,female,DK,healthy_control,160 healthy women,,,no,2018-01,excluded,1.0,0.242
SAMEA6663019,PRJEB37731,5,follicular phase,adult,,female,DK,healthy_control,160 healthy women,,,no,2018-01,primary,1.0,0.206
SAMEA6662707,PRJEB37731,5,luteal phase,adult,,female,DK,healthy_control,160 healthy women,,,no,2018-01,excluded,1.0,0.581
SAMEA6663177,PRJEB37731,5,luteal phase,adult,,female,DK,healthy_control,160 healthy women,,,no,2018-01,primary,1.0,0.24
SAMEA6661913,PRJEB37731,5,menstrual phase,adult,,female,DK,healthy_control,160 healthy women,,,no,2018-01,excluded,1.0,0.44
SAMEA6662391,PRJEB37731,5,menstrual phase,adult,,female,DK,healthy_control,160 healthy women,,,no,2018-01,excluded,1.0,0.051
SAMEA6662861,PRJEB37731,5,menstrual phase,adult,,female,DK,healthy_control,160 healthy women,,,no,2018-01,primary,1.0,0.239
SAMEA122894976,PRJEB37731,5,,adult,7670.2,female,DK,healthy_control,160 healthy women,,,no,2017,excluded,1.0,0.061
SAMEA6662589,PRJEB37731,50,follicular phase,adult,,female,DK,healthy_control,160 healthy women,,,no,2018-01,excluded,1.0,0.319
SAMEA6663058,PRJEB37731,50,follicular phase,adult,,female,DK,healthy_control,160 healthy women,,,no,2018-01,primary,1.0,0.252
SAMEA6662747,PRJEB37731,50,luteal phase,adult,,female,DK,healthy_control,160 healthy women,,,no,2018-01,excluded,1.0,0.205
SAMEA6663218,PRJEB37731,50,luteal phase,adult,,female,DK,healthy_control,160 healthy women,,,no,2018-01,primary,1.0,0.211
SAMEA6661955,PRJEB37731,50,menstrual phase,adult,,female,DK,healthy_control,160 healthy women,,,no,2018-01,excluded,1.0,0.323
SAMEA6662432,PRJEB37731,50,menstrual phase,adult,,female,DK,healthy_control,160 healthy women,,,no,2018-01,excluded,1.0,0.283
SAMEA6662902,PRJEB37731,50,menstrual phase,adult,,female,DK,healthy_control,160 healthy women,,,no,2018-01,primary,1.0,0.408
SAMEA6663372,PRJEB37731,50,menstrual phase,adult,,female,DK,healthy_control,160 healthy women,,,no,2018-01,primary,1.0,0.227
SAMEA122895058,PRJEB37731,50,,adult,8035.5,female,DK,healthy_control,160 healthy women,,,no,2017,excluded,1.0,0.03
SAMEA122895059,PRJEB37731,50,,adult,8035.5,female,DK,healthy_control,160 healthy women,,,no,2017,excluded,1.0,0.018
SAMEA6662590,PRJEB37731,51,follicular phase,adult,,female,DK,healthy_control,160 healthy women,,,no,2018-01,excluded,1.0,0.277
SAMEA6663059,PRJEB37731,51,follicular phase,adult,,female,DK,healthy_control,160 healthy women,,,no,2018-01,primary,1.0,0.234
SAMEA6662748,PRJEB37731,51,luteal phase,adult,,female,DK,healthy_control,160 healthy women,,,no,2018-01,excluded,1.0,0.262
SAMEA6663219,PRJEB37731,51,luteal phase,adult,,female,DK,healthy_control,160 healthy women,,,no,2018-01,primary,1.0,0.164
SAMEA6661956,PRJEB37731,51,menstrual phase,adult,,female,DK,healthy_control,160 healthy women,,,no,2018-01,excluded,1.0,0.151
SAMEA6662433,PRJEB37731,51,menstrual phase,adult,,female,DK,healthy_control,160 healthy women,,,no,2018-01,excluded,1.0,0.189
SAMEA6662903,PRJEB37731,51,menstrual phase,adult,,female,DK,healthy_control,160 healthy women,,,no,2018-01,primary,1.0,0.216
SAMEA6663373,PRJEB37731,51,menstrual phase,adult,,female,DK,healthy_control,160 healthy women,,,no,2018-01,primary,1.0,0.17
SAMEA122895060,PRJEB37731,51,,adult,8391.0,female,DK,healthy_control,160 healthy women,,,no,2017,excluded,1.0,0.009
SAMEA122895061,PRJEB37731,51,,adult,8391.0,female,DK,healthy_control,160 healthy women,,,no,2017,excluded,1.0,0.017
SAMEA6662591,PRJEB37731,52,follicular phase,adult,,female,DK,healthy_control,160 healthy women,,,no,2018-01,excluded,1.0,0.246
SAMEA6663060,PRJEB37731,52,follicular phase,adult,,female,DK,healthy_control,160 healthy women,,,no,2018-01,primary,1.0,0.248
SAMEA6662749,PRJEB37731,52,luteal phase,adult,,female,DK,healthy_control,160 healthy women,,,no,2018-01,excluded,1.0,0.499
SAMEA6663220,PRJEB37731,52,luteal phase,adult,,female,DK,healthy_control,160 healthy women,,,no,2018-01,primary,1.0,0.236
SAMEA6661957,PRJEB37731,52,menstrual phase,adult,,female,DK,healthy_control,160 healthy women,,,no,2018-01,excluded,1.0,0.186
SAMEA6662434,PRJEB37731,52,menstrual phase,adult,,female,DK,healthy_control,160 healthy women,,,no,2018-01,excluded,1.0,0.199
SAMEA6662904,PRJEB37731,52,menstrual phase,adult,,female,DK,healthy_control,160 healthy women,,,no,2018-01,primary,1.0,0.347
SAMEA6663374,PRJEB37731,52,menstrual phase,adult,,female,DK,healthy_control,160 healthy women,,,no,2018-01,primary,1.0,0.28
SAMEA122895062,PRJEB37731,52,,adult,8391.0,female,DK,healthy_control,160 healthy women,,,no,2017,excluded,1.0,0.026
SAMEA122895063,PRJEB37731,52,,adult,8391.0,female,DK,healthy_control,160 healthy women,,,no,2017,excluded,1.0,0.001
SAMEA112858058,PRJEB37731,53,day 11,adult,9496.5,female,DK,healthy_control,160 healthy women,,,no,2017-09-29,excluded,1.0,0.294
SAMEA112858060,PRJEB37731,53,day 12,adult,9496.5,female,DK,healthy_control,160 healthy women,,,no,2017-09-30,excluded,1.0,0.288
SAMEA112858061,PRJEB37731,53,day 13,adult,9496.5,female,DK,healthy_control,160 healthy women,,,no,2017-10-01,excluded,1.0,0.238
SAMEA112858062,PRJEB37731,53,day 14,adult,9496.5,female,DK,healthy_control,160 healthy women,,,no,2017-10-02,excluded,1.0,0.342
SAMEA112858063,PRJEB37731,53,day 15,adult,9496.5,female,DK,healthy_control,160 healthy women,,,no,2017-10-03,excluded,1.0,0.273
SAMEA112858064,PRJEB37731,53,day 16,adult,9496.5,female,DK,healthy_control,160 healthy women,,,no,2017-10-04,excluded,1.0,0.593
SAMEA112858065,PRJEB37731,53,day 17,adult,9496.5,female,DK,healthy_control,160 healthy women,,,no,2017-10-05,excluded,1.0,0.325
SAMEA112858066,PRJEB37731,53,day 18,adult,9496.5,female,DK,healthy_control,160 healthy women,,,no,2017-10-06,excluded,1.0,0.203
SAMEA112858067,PRJEB37731,53,day 19,adult,9496.5,female,DK,healthy_control,160 healthy women,,,no,2017-10-07,excluded,1.0,0.216
SAMEA112858068,PRJEB37731,53,day 20,adult,9496.5,female,DK,healthy_control,160 healthy women,,,no,2017-10-08,excluded,1.0,0.356
SAMEA112858069,PRJEB37731,53,day 21,adult,9496.5,female,DK,healthy_control,160 healthy women,,,no,2017-10-09,excluded,1.0,0.241
SAMEA112858070,PRJEB37731,53,day 23,adult,9496.5,female,DK,healthy_control,160 healthy women,,,no,2017-10-11,excluded,1.0,0.443
SAMEA112858071,PRJEB37731,53,day 24,adult,9496.5,female,DK,healthy_control,160 healthy women,,,no,2017-10-12,excluded,1.0,0.2
SAMEA112858072,PRJEB37731,53,day 25,adult,9496.5,female,DK,healthy_control,160 healthy women,,,no,2017-10-13,excluded,1.0,0.229
SAMEA112858073,PRJEB37731,53,day 26,adult,9496.5,female,DK,healthy_control,160 healthy women,,,no,2017-10-14,excluded,1.0,0.292
SAMEA112858074,PRJEB37731,53,day 27,adult,9496.5,female,DK,healthy_control,160 healthy women,,,no,2017-10-15,excluded,1.0,0.434
SAMEA112858075,PRJEB37731,53,day 28,adult,9496.5,female,DK,healthy_control,160 healthy women,,,no,2017-10-16,excluded,1.0,0.27
SAMEA112858076,PRJEB37731,53,day 29,adult,9496.5,female,DK,healthy_control,160 healthy women,,,no,2017-10-17,excluded,1.0,0.0
SAMEA112858077,PRJEB37731,53,day 30,adult,9496.5,female,DK,healthy_control,160 healthy women,,,no,2017-10-18,excluded,1.0,0.137
SAMEA112858078,PRJEB37731,53,day 31,adult,9496.5,female,DK,healthy_control,160 healthy women,,,no,2017-10-19,excluded,1.0,0.611
SAMEA112858052,PRJEB37731,53,day 4,adult,9496.5,female,DK,healthy_control,160 healthy women,,,no,2017-09-22,excluded,1.0,0.001
SAMEA112858053,PRJEB37731,53,day 5,adult,9496.5,female,DK,healthy_control,160 healthy women,,,no,2017-09-23,excluded,1.0,0.451
SAMEA112858054,PRJEB37731,53,day 6,adult,9496.5,female,DK,healthy_control,160 healthy women,,,no,2017-09-24,excluded,1.0,0.576
SAMEA112858055,PRJEB37731,53,day 7,adult,9496.5,female,DK,healthy_control,160 healthy women,,,no,2017-09-25,excluded,1.0,0.413
SAMEA112858056,PRJEB37731,53,day 8,adult,9496.5,female,DK,healthy_control,160 healthy women,,,no,2017-09-26,excluded,1.0,0.352
SAMEA112858057,PRJEB37731,53,day 9,adult,9496.5,female,DK,healthy_control,160 healthy women,,,no,2017-09-27,excluded,1.0,0.268
SAMEA6662592,PRJEB37731,53,follicular phase,adult,,female,DK,healthy_control,160 healthy women,,,no,2018-01,excluded,1.0,0.266
SAMEA6663061,PRJEB37731,53,follicular phase,adult,,female,DK,healthy_control,160 healthy women,,,no,2018-01,primary,1.0,0.254
SAMEA6662750,PRJEB37731,53,luteal phase,adult,,female,DK,healthy_control,160 healthy women,,,no,2018-01,excluded,1.0,0.127
SAMEA6663221,PRJEB37731,53,luteal phase,adult,,female,DK,healthy_control,160 healthy women,,,no,2018-01,primary,1.0,0.2
SAMEA6661958,PRJEB37731,53,menstrual phase,adult,,female,DK,healthy_control,160 healthy women,,,no,2018-01,excluded,1.0,0.184
SAMEA6662435,PRJEB37731,53,menstrual phase,adult,,female,DK,healthy_control,160 healthy women,,,no,2018-01,excluded,1.0,0.431
SAMEA6662905,PRJEB37731,53,menstrual phase,adult,,female,DK,healthy_control,160 healthy women,,,no,2018-01,primary,1.0,0.29
SAMEA6663375,PRJEB37731,53,menstrual phase,adult,,female,DK,healthy_control,160 healthy women,,,no,2018-01,primary,1.0,0.463
SAMEA122895064,PRJEB37731,53,,adult,9496.5,female,DK,healthy_control,160 healthy women,,,no,2017,excluded,1.0,0.005
SAMEA122895065,PRJEB37731,53,,adolescent,5844.0,female,DK,healthy_control,160 healthy women,,,no,2017,excluded,1.0,0.002
SAMEA6662593,PRJEB37731,54,follicular phase,adult,,female,DK,healthy_control,160 healthy women,,,no,2018-01,excluded,1.0,0.188
SAMEA6663062,PRJEB37731,54,follicular phase,adult,,female,DK,healthy_control,160 healthy women,,,no,2018-01,primary,1.0,0.349
SAMEA6662751,PRJEB37731,54,luteal phase,adult,,female,DK,healthy_control,160 healthy women,,,no,2018-01,excluded,1.0,0.277
SAMEA6663222,PRJEB37731,54,luteal phase,adult,,female,DK,healthy_control,160 healthy women,,,no,2018-01,primary,1.0,0.217
SAMEA6661959,PRJEB37731,54,menstrual phase,adult,,female,DK,healthy_control,160 healthy women,,,no,2018-01,excluded,1.0,0.203
SAMEA6662436,PRJEB37731,54,menstrual phase,adult,,female,DK,healthy_control,160 healthy women,,,no,2018-01,excluded,1.0,0.219
SAMEA6662906,PRJEB37731,54,menstrual phase,adult,,female,DK,healthy_control,160 healthy women,,,no,2018-01,primary,1.0,0.173
SAMEA6663376,PRJEB37731,54,menstrual phase,adult,,female,DK,healthy_control,160 healthy women,,,no,2018-01,primary,1.0,0.299
SAMEA122895066,PRJEB37731,54,,adult,8391.0,female,DK,healthy_control,160 healthy women,,,no,2017,excluded,1.0,0.003
SAMEA122895067,PRJEB37731,54,,adult,8391.0,female,DK,healthy_control,160 healthy women,,,no,2017,excluded,1.0,0.003
SAMEA6662594,PRJEB37731,55,follicular phase,adult,,female,DK,healthy_control,160 healthy women,,,no,2018-01,excluded,1.0,0.238
SAMEA6663063,PRJEB37731,55,follicular phase,adult,,female,DK,healthy_control,160 healthy women,,,no,2018-01,primary,1.0,0.381
SAMEA6662752,PRJEB37731,55,luteal phase,adult,,female,DK,healthy_control,160 healthy women,,,no,2018-01,excluded,1.0,0.237
SAMEA6663223,PRJEB37731,55,luteal phase,adult,,female,DK,healthy_control,160 healthy women,,,no,2018-01,primary,1.0,0.308
SAMEA6661960,PRJEB37731,55,menstrual phase,adult,,female,DK,healthy_control,160 healthy women,,,no,2018-01,excluded,1.0,0.211
SAMEA6662437,PRJEB37731,55,menstrual phase,adult,,female,DK,healthy_control,160 healthy women,,,no,2018-01,excluded,1.0,0.533
SAMEA6662907,PRJEB37731,55,menstrual phase,adult,,female,DK,healthy_control,160 healthy women,,,no,2018-01,primary,1.0,0.339
SAMEA6663377,PRJEB37731,55,menstrual phase,adult,,female,DK,healthy_control,160 healthy women,,,no,2018-01,primary,1.0,0.215
SAMEA122895068,PRJEB37731,55,,adult,9496.5,female,DK,healthy_control,160 healthy women,,,no,2017,excluded,1.0,0.01
SAMEA122895069,PRJEB37731,55,,adult,9496.5,female,DK,healthy_control,160 healthy women,,,no,2017,excluded,1.0,0.005
SAMEA112858085,PRJEB37731,56,day 11,adult,8035.5,female,DK,allergy_or_atopy,allergies,,,no,2017-10-01,excluded,1.0,0.22
SAMEA112858086,PRJEB37731,56,day 12,adult,8035.5,female,DK,allergy_or_atopy,allergies,,,no,2017-10-02,excluded,1.0,0.0
SAMEA112858087,PRJEB37731,56,day 13,adult,8035.5,female,DK,allergy_or_atopy,allergies,,,no,2017-10-03,excluded,1.0,0.164
SAMEA112858088,PRJEB37731,56,day 14,adult,8035.5,female,DK,allergy_or_atopy,allergies,,,no,2017-10-04,excluded,1.0,0.168
SAMEA112858089,PRJEB37731,56,day 15,adult,8035.5,female,DK,allergy_or_atopy,allergies,,,no,2017-10-05,excluded,1.0,0.12
SAMEA112858090,PRJEB37731,56,day 16,adult,8035.5,female,DK,allergy_or_atopy,allergies,,,no,2017-10-06,excluded,1.0,0.116
SAMEA112858091,PRJEB37731,56,day 17,adult,8035.5,female,DK,allergy_or_atopy,allergies,,,no,2017-10-07,excluded,1.0,0.122
SAMEA112858092,PRJEB37731,56,day 18,adult,8035.5,female,DK,allergy_or_atopy,allergies,,,no,2017-10-08,excluded,1.0,0.139
SAMEA112858093,PRJEB37731,56,day 20,adult,8035.5,female,DK,allergy_or_atopy,allergies,,,no,2017-10-10,excluded,1.0,0.098
SAMEA112858094,PRJEB37731,56,day 21,adult,8035.5,female,DK,allergy_or_atopy,allergies,,,no,2017-10-11,excluded,1.0,0.277
SAMEA112858095,PRJEB37731,56,day 23,adult,8035.5,female,DK,allergy_or_atopy,allergies,,,no,2017-10-13,excluded,1.0,0.107
SAMEA112858096,PRJEB37731,56,day 24,adult,8035.5,female,DK,allergy_or_atopy,allergies,,,no,2017-10-14,excluded,1.0,0.141
SAMEA112858097,PRJEB37731,56,day 25,adult,8035.5,female,DK,allergy_or_atopy,allergies,,,no,2017-10-15,excluded,1.0,0.18
SAMEA112858098,PRJEB37731,56,day 26,adult,8035.5,female,DK,allergy_or_atopy,allergies,,,no,2017-10-16,excluded,1.0,0.135
SAMEA112858099,PRJEB37731,56,day 27,adult,8035.5,female,DK,allergy_or_atopy,allergies,,,no,2017-10-17,excluded,1.0,0.107
SAMEA112858100,PRJEB37731,56,day 28,adult,8035.5,female,DK,allergy_or_atopy,allergies,,,no,2017-10-18,excluded,1.0,0.362
SAMEA112858101,PRJEB37731,56,day 29,adult,8035.5,female,DK,allergy_or_atopy,allergies,,,no,2017-10-19,excluded,1.0,0.121
SAMEA112858102,PRJEB37731,56,day 30,adult,8035.5,female,DK,allergy_or_atopy,allergies,,,no,2017-10-20,excluded,1.0,1.749
SAMEA112858104,PRJEB37731,56,day 31,adult,8035.5,female,DK,allergy_or_atopy,allergies,,,no,2017-10-21,excluded,1.0,0.128
SAMEA112858105,PRJEB37731,56,day 32,adult,8035.5,female,DK,allergy_or_atopy,allergies,,,no,2017-10-22,excluded,1.0,0.188
SAMEA112858079,PRJEB37731,56,day 4,adult,8035.5,female,DK,healthy_control,160 healthy women,,,no,2017-09-24,excluded,1.0,0.306
SAMEA112858080,PRJEB37731,56,day 5,adult,8035.5,female,DK,allergy_or_atopy,allergies,,,no,2017-09-25,excluded,1.0,0.292
SAMEA112858081,PRJEB37731,56,day 6,adult,8035.5,female,DK,allergy_or_atopy,allergies,,,no,2017-09-26,excluded,1.0,0.0
SAMEA112858082,PRJEB37731,56,day 7,adult,8035.5,female,DK,allergy_or_atopy,allergies,,,no,2017-09-27,excluded,1.0,0.647
SAMEA112858083,PRJEB37731,56,day 8,adult,8035.5,female,DK,allergy_or_atopy,allergies,,,no,2017-09-28,excluded,1.0,0.0
SAMEA112858084,PRJEB37731,56,day 9,adult,8035.5,female,DK,allergy_or_atopy,allergies,,,no,2017-09-29,excluded,1.0,0.669
SAMEA6662595,PRJEB37731,56,follicular phase,adult,,female,DK,allergy_or_atopy,allergies,,,no,2018-01,excluded,1.0,0.068
SAMEA6663064,PRJEB37731,56,follicular phase,adult,,female,DK,allergy_or_atopy,allergies,,,no,2018-01,primary,1.0,0.369
SAMEA6662753,PRJEB37731,56,luteal phase,adult,,female,DK,allergy_or_atopy,allergies,,,no,2018-01,excluded,1.0,0.475
SAMEA6663224,PRJEB37731,56,luteal phase,adult,,female,DK,allergy_or_atopy,allergies,,,no,2018-01,primary,1.0,0.464
SAMEA6661961,PRJEB37731,56,menstrual phase,adult,,female,DK,allergy_or_atopy,allergies,,,no,2018-01,excluded,1.0,0.203
SAMEA6662438,PRJEB37731,56,menstrual phase,adult,,female,DK,allergy_or_atopy,allergies,,,no,2018-01,excluded,1.0,0.207
SAMEA6662908,PRJEB37731,56,menstrual phase,adult,,female,DK,allergy_or_atopy,allergies,,,no,2018-01,primary,1.0,0.265
SAMEA6663378,PRJEB37731,56,menstrual phase,adult,,female,DK,allergy_or_atopy,allergies,,,no,2018-01,primary,1.0,0.38
SAMEA122895070,PRJEB37731,56,,adult,8035.5,female,DK,healthy_control,160 healthy women,,,no,2017,excluded,1.0,0.001
SAMEA122895071,PRJEB37731,56,,adult,8035.5,female,DK,healthy_control,160 healthy women,,,no,2017,excluded,1.0,0.001
SAMEA112858113,PRJEB37731,58,day 11,adult,8391.0,female,DK,healthy_control,160 healthy women,,,no,2017-09-29,excluded,1.0,0.627
SAMEA112858114,PRJEB37731,58,day 12,adult,8391.0,female,DK,healthy_control,160 healthy women,,,no,2017-09-30,excluded,1.0,0.389
SAMEA112858115,PRJEB37731,58,day 13,adult,8391.0,female,DK,healthy_control,160 healthy women,,,no,2017-10-01,excluded,1.0,0.0
SAMEA112858116,PRJEB37731,58,day 14,adult,8391.0,female,DK,healthy_control,160 healthy women,,,no,2017-10-02,excluded,1.0,0.223
SAMEA112858117,PRJEB37731,58,day 15,adult,8391.0,female,DK,healthy_control,160 healthy women,,,no,2017-10-03,excluded,1.0,0.302
SAMEA112858118,PRJEB37731,58,day 16,adult,8391.0,female,DK,healthy_control,160 healthy women,,,no,2017-10-04,excluded,1.0,0.142
SAMEA112858119,PRJEB37731,58,day 17,adult,8391.0,female,DK,healthy_control,160 healthy women,,,no,2017-10-05,excluded,1.0,0.0
SAMEA112858120,PRJEB37731,58,day 18,adult,8391.0,female,DK,healthy_control,160 healthy women,,,no,2017-10-06,excluded,1.0,0.199
SAMEA112858121,PRJEB37731,58,day 19,adult,8391.0,female,DK,healthy_control,160 healthy women,,,no,2017-10-07,excluded,1.0,0.0
SAMEA112858122,PRJEB37731,58,day 20,adult,8391.0,female,DK,healthy_control,160 healthy women,,,no,2017-10-08,excluded,1.0,0.207
SAMEA112858123,PRJEB37731,58,day 21,adult,8391.0,female,DK,healthy_control,160 healthy women,,,no,2017-10-09,excluded,1.0,0.273
SAMEA112858125,PRJEB37731,58,day 23,adult,8391.0,female,DK,healthy_control,160 healthy women,,,no,2017-10-11,excluded,1.0,0.535
SAMEA112858126,PRJEB37731,58,day 24,adult,8391.0,female,DK,healthy_control,160 healthy women,,,no,2017-10-12,excluded,1.0,0.222
SAMEA112858127,PRJEB37731,58,day 25,adult,8391.0,female,DK,healthy_control,160 healthy women,,,no,2017-10-13,excluded,1.0,0.276
SAMEA112858128,PRJEB37731,58,day 26,adult,8391.0,female,DK,healthy_control,160 healthy women,,,no,2017-10-14,excluded,1.0,0.333
SAMEA112858129,PRJEB37731,58,day 27,adult,8391.0,female,DK,healthy_control,160 healthy women,,,no,2017-10-15,excluded,1.0,0.144
SAMEA112858130,PRJEB37731,58,day 28,adult,8391.0,female,DK,healthy_control,160 healthy women,,,no,2017-10-16,excluded,1.0,0.365
SAMEA112858131,PRJEB37731,58,day 29,adult,8391.0,female,DK,healthy_control,160 healthy women,,,no,2017-10-17,excluded,1.0,0.19
SAMEA112858132,PRJEB37731,58,day 30,adult,8391.0,female,DK,healthy_control,160 healthy women,,,no,2017-10-18,excluded,1.0,0.235
SAMEA112858133,PRJEB37731,58,day 31,adult,8391.0,female,DK,healthy_control,160 healthy women,,,no,2017-10-19,excluded,1.0,0.263
SAMEA112858134,PRJEB37731,58,day 32,adult,8391.0,female,DK,healthy_control,160 healthy women,,,no,2017-10-20,excluded,1.0,0.176
SAMEA112858106,PRJEB37731,58,day 4,adult,8391.0,female,DK,healthy_control,160 healthy women,,,no,2017-09-22,excluded,1.0,0.345
SAMEA112858107,PRJEB37731,58,day 5,adult,8391.0,female,DK,healthy_control,160 healthy women,,,no,2017-09-23,excluded,1.0,0.0
SAMEA112858108,PRJEB37731,58,day 6,adult,8391.0,female,DK,healthy_control,160 healthy women,,,no,2017-09-24,excluded,1.0,0.119
SAMEA112858109,PRJEB37731,58,day 7,adult,8391.0,female,DK,healthy_control,160 healthy women,,,no,2017-09-25,excluded,1.0,0.145
SAMEA112858110,PRJEB37731,58,day 8,adult,8391.0,female,DK,healthy_control,160 healthy women,,,no,2017-09-26,excluded,1.0,0.127
SAMEA112858111,PRJEB37731,58,day 9,adult,8391.0,female,DK,healthy_control,160 healthy women,,,no,2017-09-27,excluded,1.0,0.128
SAMEA6662596,PRJEB37731,58,follicular phase,adult,,female,DK,healthy_control,160 healthy women,,,no,2018-01,excluded,1.0,0.205
SAMEA6663065,PRJEB37731,58,follicular phase,adult,,female,DK,healthy_control,160 healthy women,,,no,2018-01,primary,1.0,0.225
SAMEA6662754,PRJEB37731,58,luteal phase,adult,,female,DK,healthy_control,160 healthy women,,,no,2018-01,excluded,1.0,0.263
SAMEA6663225,PRJEB37731,58,luteal phase,adult,,female,DK,healthy_control,160 healthy women,,,no,2018-01,primary,1.0,0.219
SAMEA6661962,PRJEB37731,58,menstrual phase,adult,,female,DK,healthy_control,160 healthy women,,,no,2018-01,excluded,1.0,0.183
SAMEA6662439,PRJEB37731,58,menstrual phase,adult,,female,DK,healthy_control,160 healthy women,,,no,2018-01,excluded,1.0,0.21
SAMEA6662909,PRJEB37731,58,menstrual phase,adult,,female,DK,healthy_control,160 healthy women,,,no,2018-01,primary,1.0,0.323
SAMEA6663379,PRJEB37731,58,menstrual phase,adult,,female,DK,healthy_control,160 healthy women,,,no,2018-01,primary,1.0,0.229
SAMEA122895072,PRJEB37731,58,,adult,8391.0,female,DK,healthy_control,160 healthy women,,,no,2017,excluded,1.0,0.004
SAMEA122895073,PRJEB37731,58,,adult,8391.0,female,DK,healthy_control,160 healthy women,,,no,2017,excluded,1.0,0.002
SAMEA6662597,PRJEB37731,59,follicular phase,adult,,female,DK,healthy_control,160 healthy women,,,no,2018-01,excluded,1.0,0.209
SAMEA6663066,PRJEB37731,59,follicular phase,adult,,female,DK,healthy_control,160 healthy women,,,no,2018-01,primary,1.0,0.253
SAMEA6662755,PRJEB37731,59,luteal phase,adult,,female,DK,healthy_control,160 healthy women,,,no,2018-01,excluded,1.0,0.362
SAMEA6663226,PRJEB37731,59,luteal phase,adult,,female,DK,healthy_control,160 healthy women,,,no,2018-01,primary,1.0,0.287
SAMEA6661963,PRJEB37731,59,menstrual phase,adult,,female,DK,healthy_control,160 healthy women,,,no,2018-01,excluded,1.0,0.161
SAMEA6662440,PRJEB37731,59,menstrual phase,adult,,female,DK,healthy_control,160 healthy women,,,no,2018-01,excluded,1.0,0.42
SAMEA6662910,PRJEB37731,59,menstrual phase,adult,,female,DK,healthy_control,160 healthy women,,,no,2018-01,primary,1.0,0.298
SAMEA6663380,PRJEB37731,59,menstrual phase,adult,,female,DK,healthy_control,160 healthy women,,,no,2018-01,primary,1.0,0.201
SAMEA122895074,PRJEB37731,59,,adult,8766.0,female,DK,healthy_control,160 healthy women,,,no,2017,excluded,1.0,0.004
SAMEA122895075,PRJEB37731,59,,adult,8766.0,female,DK,healthy_control,160 healthy women,,,no,2017,excluded,1.0,0.004
SAMEA6662549,PRJEB37731,6,follicular phase,adult,,female,DK,healthy_control,160 healthy women,,,no,2018-01,excluded,1.0,0.37
SAMEA6663020,PRJEB37731,6,follicular phase,adult,,female,DK,healthy_control,160 healthy women,,,no,2018-01,primary,1.0,0.38
SAMEA6662708,PRJEB37731,6,luteal phase,adult,,female,DK,healthy_control,160 healthy women,,,no,2018-01,excluded,1.0,0.211
SAMEA6663178,PRJEB37731,6,luteal phase,adult,,female,DK,healthy_control,160 healthy women,,,no,2018-01,primary,1.0,0.191
SAMEA6661914,PRJEB37731,6,menstrual phase,adult,,female,DK,healthy_control,160 healthy women,,,no,2018-01,excluded,1.0,0.436
SAMEA6662392,PRJEB37731,6,menstrual phase,adult,,female,DK,healthy_control,160 healthy women,,,no,2018-01,excluded,1.0,0.258
SAMEA6662862,PRJEB37731,6,menstrual phase,adult,,female,DK,healthy_control,160 healthy women,,,no,2018-01,primary,1.0,0.164
SAMEA6663334,PRJEB37731,6,menstrual phase,adult,,female,DK,healthy_control,160 healthy women,,,no,2018-01,primary,1.0,0.191
SAMEA122894978,PRJEB37731,6,,adult,8035.5,female,DK,healthy_control,160 healthy women,,,no,2017,excluded,1.0,0.006
SAMEA122894979,PRJEB37731,6,,adult,8035.5,female,DK,healthy_control,160 healthy women,,,no,2017,excluded,1.0,0.038
SAMEA112858141,PRJEB37731,60,day 11,adult,8766.0,female,DK,healthy_control,160 healthy women,,,no,2017-10-01,excluded,1.0,0.227
SAMEA112858142,PRJEB37731,60,day 12,adult,8766.0,female,DK,healthy_control,160 healthy women,,,no,2017-10-02,excluded,1.0,0.137
SAMEA112858143,PRJEB37731,60,day 13,adult,8766.0,female,DK,healthy_control,160 healthy women,,,no,2017-10-03,excluded,1.0,0.204
SAMEA112858144,PRJEB37731,60,day 14,adult,8766.0,female,DK,healthy_control,160 healthy women,,,no,2017-10-04,excluded,1.0,0.23
SAMEA112858145,PRJEB37731,60,day 15,adult,8766.0,female,DK,healthy_control,160 healthy women,,,no,2017-10-05,excluded,1.0,0.131
SAMEA112858146,PRJEB37731,60,day 16,adult,8766.0,female,DK,healthy_control,160 healthy women,,,no,2017-10-06,excluded,1.0,0.143
SAMEA112858147,PRJEB37731,60,day 17,adult,8766.0,female,DK,healthy_control,160 healthy women,,,no,2017-10-07,excluded,1.0,0.229
SAMEA112858148,PRJEB37731,60,day 18,adult,8766.0,female,DK,healthy_control,160 healthy women,,,no,2017-10-08,excluded,1.0,0.157
SAMEA112858149,PRJEB37731,60,day 19,adult,8766.0,female,DK,healthy_control,160 healthy women,,,no,2017-10-09,excluded,1.0,0.195
SAMEA112858150,PRJEB37731,60,day 20,adult,8766.0,female,DK,healthy_control,160 healthy women,,,no,2017-10-10,excluded,1.0,0.164
SAMEA112858151,PRJEB37731,60,day 21,adult,8766.0,female,DK,healthy_control,160 healthy women,,,no,2017-10-11,excluded,1.0,0.162
SAMEA112858152,PRJEB37731,60,day 22,adult,8766.0,female,DK,healthy_control,160 healthy women,,,no,2017-10-12,excluded,1.0,0.0
SAMEA112858153,PRJEB37731,60,day 24,adult,8766.0,female,DK,healthy_control,160 healthy women,,,no,2017-10-14,excluded,1.0,0.515
SAMEA112858154,PRJEB37731,60,day 25,adult,8766.0,female,DK,healthy_control,160 healthy women,,,no,2017-10-15,excluded,1.0,0.407
SAMEA112858155,PRJEB37731,60,day 26,adult,8766.0,female,DK,healthy_control,160 healthy women,,,no,2017-10-16,excluded,1.0,0.287
SAMEA112858156,PRJEB37731,60,day 27,adult,8766.0,female,DK,healthy_control,160 healthy women,,,no,2017-10-17,excluded,1.0,0.744
SAMEA112858157,PRJEB37731,60,day 28,adult,8766.0,female,DK,healthy_control,160 healthy women,,,no,2017-10-18,excluded,1.0,0.196
SAMEA112858159,PRJEB37731,60,day 29,adult,8766.0,female,DK,healthy_control,160 healthy women,,,no,2017-10-19,excluded,1.0,0.141
SAMEA112858160,PRJEB37731,60,day 30,adult,8766.0,female,DK,healthy_control,160 healthy women,,,no,2017-10-20,excluded,1.0,0.141
SAMEA112858161,PRJEB37731,60,day 31,adult,8766.0,female,DK,healthy_control,160 healthy women,,,no,2017-10-21,excluded,1.0,0.138
SAMEA112858162,PRJEB37731,60,day 32,adult,8766.0,female,DK,healthy_control,160 healthy women,,,no,2017-10-22,excluded,1.0,0.134
SAMEA112858135,PRJEB37731,60,day 4,adult,8766.0,female,DK,healthy_control,160 healthy women,,,no,2017-09-24,excluded,1.0,0.299
SAMEA112858136,PRJEB37731,60,day 5,adult,8766.0,female,DK,healthy_control,160 healthy women,,,no,2017-09-25,excluded,1.0,0.255
SAMEA112858137,PRJEB37731,60,day 6,adult,8766.0,female,DK,healthy_control,160 healthy women,,,no,2017-09-26,excluded,1.0,0.165
SAMEA112858138,PRJEB37731,60,day 7,adult,8766.0,female,DK,healthy_control,160 healthy women,,,no,2017-09-27,excluded,1.0,0.236
SAMEA112858139,PRJEB37731,60,day 8,adult,8766.0,female,DK,healthy_control,160 healthy women,,,no,2017-09-28,excluded,1.0,0.275
SAMEA112858140,PRJEB37731,60,day 9,adult,8766.0,female,DK,healthy_control,160 healthy women,,,no,2017-09-29,excluded,1.0,0.245
SAMEA6662598,PRJEB37731,60,follicular phase,adult,,female,DK,healthy_control,160 healthy women,,,no,2018-01,excluded,1.0,0.228
SAMEA6663067,PRJEB37731,60,follicular phase,adult,,female,DK,healthy_control,160 healthy women,,,no,2018-01,primary,1.0,0.242
SAMEA6662756,PRJEB37731,60,luteal phase,adult,,female,DK,healthy_control,160 healthy women,,,no,2018-01,excluded,1.0,0.153
SAMEA6663227,PRJEB37731,60,luteal phase,adult,,female,DK,healthy_control,160 healthy women,,,no,2018-01,primary,1.0,0.202
SAMEA6661964,PRJEB37731,60,menstrual phase,adult,,female,DK,healthy_control,160 healthy women,,,no,2018-01,excluded,1.0,0.175
SAMEA6662441,PRJEB37731,60,menstrual phase,adult,,female,DK,healthy_control,160 healthy women,,,no,2018-01,excluded,1.0,0.365
SAMEA6662911,PRJEB37731,60,menstrual phase,adult,,female,DK,healthy_control,160 healthy women,,,no,2018-01,primary,1.0,0.232
SAMEA6663381,PRJEB37731,60,menstrual phase,adult,,female,DK,healthy_control,160 healthy women,,,no,2018-01,primary,1.0,0.237
SAMEA122895076,PRJEB37731,60,,adult,8766.0,female,DK,healthy_control,160 healthy women,,,no,2017,excluded,1.0,0.004
SAMEA122895077,PRJEB37731,60,,adult,8766.0,female,DK,healthy_control,160 healthy women,,,no,2017,excluded,1.0,0.002
SAMEA6662599,PRJEB37731,61,follicular phase,adult,,female,DK,allergy_or_atopy,allergies,,,no,2018-01,excluded,1.0,0.316
SAMEA6663068,PRJEB37731,61,follicular phase,adult,,female,DK,allergy_or_atopy,allergies,,,no,2018-01,primary,1.0,0.309
SAMEA6662757,PRJEB37731,61,luteal phase,adult,,female,DK,allergy_or_atopy,allergies,,,no,2018-01,excluded,1.0,0.257
SAMEA6663228,PRJEB37731,61,luteal phase,adult,,female,DK,allergy_or_atopy,allergies,,,no,2018-01,primary,1.0,0.179
SAMEA6661965,PRJEB37731,61,menstrual phase,adult,,female,DK,allergy_or_atopy,allergies,,,no,2018-01,excluded,1.0,0.182
SAMEA6662442,PRJEB37731,61,menstrual phase,adult,,female,DK,allergy_or_atopy,allergies,,,no,2018-01,excluded,1.0,0.235
SAMEA6662912,PRJEB37731,61,menstrual phase,adult,,female,DK,allergy_or_atopy,allergies,,,no,2018-01,primary,1.0,0.221
SAMEA6663382,PRJEB37731,61,menstrual phase,adult,,female,DK,allergy_or_atopy,allergies,,,no,2018-01,primary,1.0,0.226
SAMEA122895078,PRJEB37731,61,,adult,8035.5,female,DK,healthy_control,160 healthy women,,,no,2017,excluded,1.0,0.004
SAMEA122895079,PRJEB37731,61,,adult,8035.5,female,DK,healthy_control,160 healthy women,,,no,2017,excluded,1.0,0.001
SAMEA112858169,PRJEB37731,62,day 11,adult,7670.2,female,DK,healthy_control,160 healthy women,,,no,2017-11-16,excluded,1.0,0.899
SAMEA112858170,PRJEB37731,62,day 12,adult,7670.2,female,DK,healthy_control,160 healthy women,,,no,2017-11-17,excluded,1.0,0.937
SAMEA112858171,PRJEB37731,62,day 13,adult,7670.2,female,DK,healthy_control,160 healthy women,,,no,2017-11-18,excluded,1.0,1.056
SAMEA112858172,PRJEB37731,62,day 14,adult,7670.2,female,DK,healthy_control,160 healthy women,,,no,2017-11-19,excluded,1.0,0.918
SAMEA112858173,PRJEB37731,62,day 15,adult,7670.2,female,DK,healthy_control,160 healthy women,,,no,2017-11-20,excluded,1.0,0.0
SAMEA112858174,PRJEB37731,62,day 16,adult,7670.2,female,DK,healthy_control,160 healthy women,,,no,2017-11-21,excluded,1.0,0.327
SAMEA112858175,PRJEB37731,62,day 17,adult,7670.2,female,DK,healthy_control,160 healthy women,,,no,2017-11-22,excluded,1.0,0.576
SAMEA112858176,PRJEB37731,62,day 18,adult,7670.2,female,DK,healthy_control,160 healthy women,,,no,2017-11-23,excluded,1.0,0.487
SAMEA112858177,PRJEB37731,62,day 19,adult,7670.2,female,DK,healthy_control,160 healthy women,,,no,2017-11-24,excluded,1.0,1.162
SAMEA112858178,PRJEB37731,62,day 20,adult,7670.2,female,DK,healthy_control,160 healthy women,,,no,2017-11-25,excluded,1.0,1.284
SAMEA112858179,PRJEB37731,62,day 22,adult,7670.2,female,DK,healthy_control,160 healthy women,,,no,2017-11-27,excluded,1.0,0.8
SAMEA112858180,PRJEB37731,62,day 23,adult,7670.2,female,DK,healthy_control,160 healthy women,,,no,2017-11-28,excluded,1.0,0.368
SAMEA112858181,PRJEB37731,62,day 24,adult,7670.2,female,DK,healthy_control,160 healthy women,,,no,2017-11-29,excluded,1.0,0.518
SAMEA112858182,PRJEB37731,62,day 25,adult,7670.2,female,DK,healthy_control,160 healthy women,,,no,2017-11-30,excluded,1.0,0.597
SAMEA112858183,PRJEB37731,62,day 26,adult,7670.2,female,DK,healthy_control,160 healthy women,,,no,2017-12-01,excluded,1.0,0.622
SAMEA112858184,PRJEB37731,62,day 27,adult,7670.2,female,DK,healthy_control,160 healthy women,,,no,2017-12-02,excluded,1.0,0.786
SAMEA112858185,PRJEB37731,62,day 28,adult,7670.2,female,DK,healthy_control,160 healthy women,,,no,2017-12-03,excluded,1.0,0.28
SAMEA112858186,PRJEB37731,62,day 29,adult,7670.2,female,DK,healthy_control,160 healthy women,,,no,2017-12-04,excluded,1.0,0.308
SAMEA112858187,PRJEB37731,62,day 30,adult,7670.2,female,DK,healthy_control,160 healthy women,,,no,2017-12-05,excluded,1.0,0.481
SAMEA112858163,PRJEB37731,62,day 4,adult,7670.2,female,DK,healthy_control,160 healthy women,,,no,2017-11-09,excluded,1.0,0.001
SAMEA112858164,PRJEB37731,62,day 5,adult,7670.2,female,DK,healthy_control,160 healthy women,,,no,2017-11-10,excluded,1.0,0.764
SAMEA112858165,PRJEB37731,62,day 6,adult,7670.2,female,DK,healthy_control,160 healthy women,,,no,2017-11-11,excluded,1.0,0.641
SAMEA112858166,PRJEB37731,62,day 7,adult,7670.2,female,DK,healthy_control,160 healthy women,,,no,2017-11-12,excluded,1.0,0.885
SAMEA112858167,PRJEB37731,62,day 8,adult,7670.2,female,DK,healthy_control,160 healthy women,,,no,2017-11-13,excluded,1.0,0.586
SAMEA112858168,PRJEB37731,62,day 9,adult,7670.2,female,DK,healthy_control,160 healthy women,,,no,2017-11-14,excluded,1.0,0.606
SAMEA6662600,PRJEB37731,62,follicular phase,adult,,female,DK,healthy_control,160 healthy women,,,no,2018-01,excluded,1.0,0.011
SAMEA6663069,PRJEB37731,62,follicular phase,adult,,female,DK,healthy_control,160 healthy women,,,no,2018-01,primary,1.0,0.206
SAMEA6662758,PRJEB37731,62,luteal phase,adult,,female,DK,healthy_control,160 healthy women,,,no,2018-01,excluded,1.0,0.299
SAMEA6663229,PRJEB37731,62,luteal phase,adult,,female,DK,healthy_control,160 healthy women,,,no,2018-01,primary,1.0,0.22
SAMEA6661966,PRJEB37731,62,menstrual phase,adult,,female,DK,healthy_control,160 healthy women,,,no,2018-01,excluded,1.0,0.17
SAMEA6662443,PRJEB37731,62,menstrual phase,adult,,female,DK,healthy_control,160 healthy women,,,no,2018-01,excluded,1.0,0.313
SAMEA6663383,PRJEB37731,62,menstrual phase,adult,,female,DK,healthy_control,160 healthy women,,,no,2018-01,primary,1.0,0.183
SAMEA122895080,PRJEB37731,62,,adult,7670.2,female,DK,healthy_control,160 healthy women,,,no,2017,excluded,1.0,0.003
SAMEA122895081,PRJEB37731,62,,adult,7670.2,female,DK,healthy_control,160 healthy women,,,no,2017,excluded,1.0,0.006
SAMEA6662601,PRJEB37731,63,follicular phase,adult,,female,DK,healthy_control,160 healthy women,,,no,2018-01,excluded,1.0,0.188
SAMEA6663070,PRJEB37731,63,follicular phase,adult,,female,DK,healthy_control,160 healthy women,,,no,2018-01,primary,1.0,0.263
SAMEA6662759,PRJEB37731,63,luteal phase,adult,,female,DK,healthy_control,160 healthy women,,,no,2018-01,excluded,1.0,0.222
SAMEA6663230,PRJEB37731,63,luteal phase,adult,,female,DK,healthy_control,160 healthy women,,,no,2018-01,primary,1.0,0.233
SAMEA6661967,PRJEB37731,63,menstrual phase,adult,,female,DK,healthy_control,160 healthy women,,,no,2018-01,excluded,1.0,0.883
SAMEA6662444,PRJEB37731,63,menstrual phase,adult,,female,DK,healthy_control,160 healthy women,,,no,2018-01,excluded,1.0,0.261
SAMEA6662913,PRJEB37731,63,menstrual phase,adult,,female,DK,healthy_control,160 healthy women,,,no,2018-01,primary,1.0,0.283
SAMEA6663384,PRJEB37731,63,menstrual phase,adult,,female,DK,healthy_control,160 healthy women,,,no,2018-01,primary,1.0,0.26
SAMEA122895082,PRJEB37731,63,,adult,7670.2,female,DK,healthy_control,160 healthy women,,,no,2017,excluded,1.0,0.022
SAMEA122895083,PRJEB37731,63,,adult,7670.2,female,DK,healthy_control,160 healthy women,,,no,2017,excluded,1.0,0.017
SAMEA6662602,PRJEB37731,64,follicular phase,adult,,female,DK,healthy_control,160 healthy women,,,no,2018-01,excluded,1.0,0.262
SAMEA6663071,PRJEB37731,64,follicular phase,adult,,female,DK,healthy_control,160 healthy women,,,no,2018-01,primary,1.0,0.381
SAMEA6662760,PRJEB37731,64,luteal phase,adult,,female,DK,healthy_control,160 healthy women,,,no,2018-01,excluded,1.0,0.204
SAMEA6661968,PRJEB37731,64,menstrual phase,adult,,female,DK,healthy_control,160 healthy women,,,no,2018-01,excluded,1.0,0.201
SAMEA6662445,PRJEB37731,64,menstrual phase,adult,,female,DK,healthy_control,160 healthy women,,,no,2018-01,excluded,1.0,0.31
SAMEA6662914,PRJEB37731,64,menstrual phase,adult,,female,DK,healthy_control,160 healthy women,,,no,2018-01,primary,1.0,0.271
SAMEA6663385,PRJEB37731,64,menstrual phase,adult,,female,DK,healthy_control,160 healthy women,,,no,2018-01,primary,1.0,0.237
SAMEA122895084,PRJEB37731,64,,adult,8035.5,female,DK,healthy_control,160 healthy women,,,no,2017,excluded,1.0,0.002
SAMEA122895085,PRJEB37731,64,,adult,8035.5,female,DK,healthy_control,160 healthy women,,,no,2017,excluded,1.0,0.001
SAMEA6662603,PRJEB37731,65,follicular phase,adult,,female,DK,healthy_control,160 healthy women,,,no,2018-01,excluded,1.0,0.248
SAMEA6663072,PRJEB37731,65,follicular phase,adult,,female,DK,healthy_control,160 healthy women,,,no,2018-01,primary,1.0,0.234
SAMEA6662761,PRJEB37731,65,luteal phase,adult,,female,DK,healthy_control,160 healthy women,,,no,2018-01,excluded,1.0,0.319
SAMEA6663231,PRJEB37731,65,luteal phase,adult,,female,DK,healthy_control,160 healthy women,,,no,2018-01,primary,1.0,0.176
SAMEA6661969,PRJEB37731,65,menstrual phase,adult,,female,DK,healthy_control,160 healthy women,,,no,2018-01,excluded,1.0,0.187
SAMEA6662446,PRJEB37731,65,menstrual phase,adult,,female,DK,healthy_control,160 healthy women,,,no,2018-01,excluded,1.0,0.214
SAMEA6662915,PRJEB37731,65,menstrual phase,adult,,female,DK,healthy_control,160 healthy women,,,no,2018-01,primary,1.0,0.198
SAMEA6663386,PRJEB37731,65,menstrual phase,adult,,female,DK,healthy_control,160 healthy women,,,no,2018-01,primary,1.0,0.618
SAMEA122895086,PRJEB37731,65,,adult,7670.2,female,DK,healthy_control,160 healthy women,,,no,2017,excluded,1.0,0.01
SAMEA122895087,PRJEB37731,65,,adult,7670.2,female,DK,healthy_control,160 healthy women,,,no,2017,excluded,1.0,0.005
SAMEA6662604,PRJEB37731,66,follicular phase,adult,,female,DK,healthy_control,160 healthy women,,,no,2018-01,excluded,1.0,0.112
SAMEA6663073,PRJEB37731,66,follicular phase,adult,,female,DK,healthy_control,160 healthy women,,,no,2018-01,primary,1.0,0.318
SAMEA6662762,PRJEB37731,66,luteal phase,adult,,female,DK,healthy_control,160 healthy women,,,no,2018-01,excluded,1.0,0.267
SAMEA6663232,PRJEB37731,66,luteal phase,adult,,female,DK,healthy_control,160 healthy women,,,no,2018-01,primary,1.0,0.226
SAMEA6661970,PRJEB37731,66,menstrual phase,adult,,female,DK,healthy_control,160 healthy women,,,no,2018-01,excluded,1.0,0.15
SAMEA6662447,PRJEB37731,66,menstrual phase,adult,,female,DK,healthy_control,160 healthy women,,,no,2018-01,excluded,1.0,0.442
SAMEA6662916,PRJEB37731,66,menstrual phase,adult,,female,DK,healthy_control,160 healthy women,,,no,2018-01,primary,1.0,0.176
SAMEA6663387,PRJEB37731,66,menstrual phase,adult,,female,DK,healthy_control,160 healthy women,,,no,2018-01,primary,1.0,0.258
SAMEA122895088,PRJEB37731,66,,adult,7670.2,female,DK,healthy_control,160 healthy women,,,no,2017,excluded,1.0,0.09
SAMEA122895089,PRJEB37731,66,,adult,7670.2,female,DK,healthy_control,160 healthy women,,,no,2017,excluded,1.0,0.123
SAMEA6662605,PRJEB37731,67,follicular phase,adult,,female,DK,healthy_control,160 healthy women,,,no,2018-01,excluded,1.0,0.214
SAMEA6663074,PRJEB37731,67,follicular phase,adult,,female,DK,healthy_control,160 healthy women,,,no,2018-01,primary,1.0,0.318
SAMEA6662763,PRJEB37731,67,luteal phase,adult,,female,DK,healthy_control,160 healthy women,,,no,2018-01,excluded,1.0,0.309
SAMEA6663233,PRJEB37731,67,luteal phase,adult,,female,DK,healthy_control,160 healthy women,,,no,2018-01,primary,1.0,0.341
SAMEA6661971,PRJEB37731,67,menstrual phase,adult,,female,DK,healthy_control,160 healthy women,,,no,2018-01,excluded,1.0,0.201
SAMEA6662448,PRJEB37731,67,menstrual phase,adult,,female,DK,healthy_control,160 healthy women,,,no,2018-01,excluded,1.0,0.223
SAMEA6662917,PRJEB37731,67,menstrual phase,adult,,female,DK,healthy_control,160 healthy women,,,no,2018-01,primary,1.0,0.353
SAMEA6663388,PRJEB37731,67,menstrual phase,adult,,female,DK,healthy_control,160 healthy women,,,no,2018-01,primary,1.0,0.327
SAMEA122895090,PRJEB37731,67,,adult,8391.0,female,DK,healthy_control,160 healthy women,,,no,2017,excluded,1.0,0.001
SAMEA122895091,PRJEB37731,67,,adult,8391.0,female,DK,healthy_control,160 healthy women,,,no,2017,excluded,1.0,0.002
SAMEA6662606,PRJEB37731,68,follicular phase,adult,,female,DK,healthy_control,160 healthy women,,,no,2018-01,excluded,1.0,0.158
SAMEA6663075,PRJEB37731,68,follicular phase,adult,,female,DK,healthy_control,160 healthy women,,,no,2018-01,primary,1.0,0.27
SAMEA6662764,PRJEB37731,68,luteal phase,adult,,female,DK,healthy_control,160 healthy women,,,no,2018-01,excluded,1.0,0.551
SAMEA6663234,PRJEB37731,68,luteal phase,adult,,female,DK,healthy_control,160 healthy women,,,no,2018-01,primary,1.0,0.298
SAMEA6661972,PRJEB37731,68,menstrual phase,adult,,female,DK,healthy_control,160 healthy women,,,no,2018-01,excluded,1.0,0.234
SAMEA6662449,PRJEB37731,68,menstrual phase,adult,,female,DK,healthy_control,160 healthy women,,,no,2018-01,excluded,1.0,0.189
SAMEA6662918,PRJEB37731,68,menstrual phase,adult,,female,DK,healthy_control,160 healthy women,,,no,2018-01,primary,1.0,0.217
SAMEA6663389,PRJEB37731,68,menstrual phase,adult,,female,DK,healthy_control,160 healthy women,,,no,2018-01,primary,1.0,0.194
SAMEA122895092,PRJEB37731,68,,adult,8035.5,female,DK,healthy_control,160 healthy women,,,no,2017,excluded,1.0,0.004
SAMEA122895093,PRJEB37731,68,,adult,8035.5,female,DK,healthy_control,160 healthy women,,,no,2017,excluded,1.0,0.009
SAMEA6662550,PRJEB37731,7,follicular phase,adult,,female,DK,allergy_or_atopy,allergies,,,no,2018-01,excluded,1.0,0.24
SAMEA6663021,PRJEB37731,7,follicular phase,adult,,female,DK,allergy_or_atopy,allergies,,,no,2018-01,primary,1.0,0.304
SAMEA6662709,PRJEB37731,7,luteal phase,adult,,female,DK,allergy_or_atopy,allergies,,,no,2018-01,excluded,1.0,0.315
SAMEA6663179,PRJEB37731,7,luteal phase,adult,,female,DK,allergy_or_atopy,allergies,,,no,2018-01,primary,1.0,0.234
SAMEA6661915,PRJEB37731,7,menstrual phase,adult,,female,DK,allergy_or_atopy,allergies,,,no,2018-01,excluded,1.0,0.337
SAMEA6662393,PRJEB37731,7,menstrual phase,adult,,female,DK,allergy_or_atopy,allergies,,,no,2018-01,excluded,1.0,0.334
SAMEA6662863,PRJEB37731,7,menstrual phase,adult,,female,DK,allergy_or_atopy,allergies,,,no,2018-01,primary,1.0,0.292
SAMEA6663335,PRJEB37731,7,menstrual phase,adult,,female,DK,allergy_or_atopy,allergies,,,no,2018-01,primary,1.0,0.704
SAMEA122894980,PRJEB37731,7,,adult,8766.0,female,DK,healthy_control,160 healthy women,,,no,2017,excluded,1.0,0.002
SAMEA122894981,PRJEB37731,7,,adult,8766.0,female,DK,healthy_control,160 healthy women,,,no,2017,excluded,1.0,0.002
SAMEA6662607,PRJEB37731,70,follicular phase,adult,,female,DK,healthy_control,160 healthy women,,,no,2018-01,excluded,1.0,0.289
SAMEA6663076,PRJEB37731,70,follicular phase,adult,,female,DK,healthy_control,160 healthy women,,,no,2018-01,primary,1.0,0.18
SAMEA6662765,PRJEB37731,70,luteal phase,adult,,female,DK,healthy_control,160 healthy women,,,no,2018-01,excluded,1.0,0.356
SAMEA6663235,PRJEB37731,70,luteal phase,adult,,female,DK,healthy_control,160 healthy women,,,no,2018-01,primary,1.0,0.3
SAMEA6661973,PRJEB37731,70,menstrual phase,adult,,female,DK,healthy_control,160 healthy women,,,no,2018-01,excluded,1.0,0.147
SAMEA6662450,PRJEB37731,70,menstrual phase,adult,,female,DK,healthy_control,160 healthy women,,,no,2018-01,excluded,1.0,0.371
SAMEA6662919,PRJEB37731,70,menstrual phase,adult,,female,DK,healthy_control,160 healthy women,,,no,2018-01,primary,1.0,0.13
SAMEA6663390,PRJEB37731,70,menstrual phase,adult,,female,DK,healthy_control,160 healthy women,,,no,2018-01,primary,1.0,0.18
SAMEA122895094,PRJEB37731,70,,adult,7670.2,female,DK,healthy_control,160 healthy women,,,no,2017,excluded,1.0,0.002
SAMEA122895095,PRJEB37731,70,,adult,7670.2,female,DK,healthy_control,160 healthy women,,,no,2017,excluded,1.0,0.001
SAMEA6662608,PRJEB37731,71,follicular phase,adult,,female,DK,other_infection,160 healthy women,,,no,2018-01,excluded,1.0,0.262
SAMEA6663077,PRJEB37731,71,follicular phase,adult,,female,DK,other_infection,160 healthy women,,,no,2018-01,primary,1.0,0.159
SAMEA6662766,PRJEB37731,71,luteal phase,adult,,female,DK,other_infection,160 healthy women,,,no,2018-01,excluded,1.0,0.199
SAMEA6663236,PRJEB37731,71,luteal phase,adult,,female,DK,other_infection,160 healthy women,,,no,2018-01,primary,1.0,0.266
SAMEA6661974,PRJEB37731,71,menstrual phase,adult,,female,DK,other_infection,160 healthy women,,,no,2018-01,excluded,1.0,0.174
SAMEA6662451,PRJEB37731,71,menstrual phase,adult,,female,DK,other_infection,160 healthy women,,,no,2018-01,excluded,1.0,0.233
SAMEA6662920,PRJEB37731,71,menstrual phase,adult,,female,DK,other_infection,160 healthy women,,,no,2018-01,primary,1.0,0.281
SAMEA6663391,PRJEB37731,71,menstrual phase,adult,,female,DK,other_infection,160 healthy women,,,no,2018-01,primary,1.0,0.235
SAMEA122895097,PRJEB37731,71,,adult,7305.0,female,DK,healthy_control,160 healthy women,,,no,2017,excluded,1.0,0.071
SAMEA6662609,PRJEB37731,72,follicular phase,adult,,female,DK,allergy_or_atopy,allergies,,,no,2018-01,excluded,1.0,0.076
SAMEA6663078,PRJEB37731,72,follicular phase,adult,,female,DK,allergy_or_atopy,allergies,,,no,2018-01,primary,1.0,0.275
SAMEA6662767,PRJEB37731,72,luteal phase,adult,,female,DK,allergy_or_atopy,allergies,,,no,2018-01,excluded,1.0,0.24
SAMEA6663237,PRJEB37731,72,luteal phase,adult,,female,DK,allergy_or_atopy,allergies,,,no,2018-01,primary,1.0,0.378
SAMEA6661975,PRJEB37731,72,menstrual phase,adult,,female,DK,allergy_or_atopy,allergies,,,no,2018-01,excluded,1.0,0.164
SAMEA6662452,PRJEB37731,72,menstrual phase,adult,,female,DK,allergy_or_atopy,allergies,,,no,2018-01,excluded,1.0,0.372
SAMEA6662921,PRJEB37731,72,menstrual phase,adult,,female,DK,allergy_or_atopy,allergies,,,no,2018-01,primary,1.0,0.258
SAMEA6663392,PRJEB37731,72,menstrual phase,adult,,female,DK,allergy_or_atopy,allergies,,,no,2018-01,primary,1.0,0.174
SAMEA122895098,PRJEB37731,72,,adult,9131.0,female,DK,healthy_control,160 healthy women,,,no,2017,excluded,1.0,0.002
SAMEA122895099,PRJEB37731,72,,adult,9131.0,female,DK,healthy_control,160 healthy women,,,no,2017,excluded,1.0,0.013
SAMEA6662610,PRJEB37731,73,follicular phase,adult,,female,DK,allergy_or_atopy,allergies,,,no,2018-01,excluded,1.0,0.042
SAMEA6663079,PRJEB37731,73,follicular phase,adult,,female,DK,allergy_or_atopy,allergies,,,no,2018-01,primary,1.0,0.257
SAMEA6662768,PRJEB37731,73,luteal phase,adult,,female,DK,allergy_or_atopy,allergies,,,no,2018-01,excluded,1.0,0.069
SAMEA6661976,PRJEB37731,73,menstrual phase,adult,,female,DK,allergy_or_atopy,allergies,,,no,2018-01,excluded,1.0,0.176
SAMEA6662453,PRJEB37731,73,menstrual phase,adult,,female,DK,allergy_or_atopy,allergies,,,no,2018-01,excluded,1.0,0.226
SAMEA6662922,PRJEB37731,73,menstrual phase,adult,,female,DK,allergy_or_atopy,allergies,,,no,2018-01,primary,1.0,0.203
SAMEA6663393,PRJEB37731,73,menstrual phase,adult,,female,DK,allergy_or_atopy,allergies,,,no,2018-01,primary,1.0,0.226
SAMEA122895100,PRJEB37731,73,,adult,8035.5,female,DK,healthy_control,160 healthy women,,,no,2017,excluded,1.0,0.003
SAMEA122895101,PRJEB37731,73,,adult,8035.5,female,DK,healthy_control,160 healthy women,,,no,2017,excluded,1.0,0.004
SAMEA6662611,PRJEB37731,74,follicular phase,adult,,female,DK,healthy_control,160 healthy women,,,no,2018-01,excluded,1.0,0.188
SAMEA6663080,PRJEB37731,74,follicular phase,adult,,female,DK,healthy_control,160 healthy women,,,no,2018-01,primary,1.0,0.431
SAMEA6662769,PRJEB37731,74,luteal phase,adult,,female,DK,healthy_control,160 healthy women,,,no,2018-01,excluded,1.0,0.349
SAMEA6663238,PRJEB37731,74,luteal phase,adult,,female,DK,healthy_control,160 healthy women,,,no,2018-01,primary,1.0,0.199
SAMEA6661977,PRJEB37731,74,menstrual phase,adult,,female,DK,healthy_control,160 healthy women,,,no,2018-01,excluded,1.0,0.176
SAMEA6662454,PRJEB37731,74,menstrual phase,adult,,female,DK,healthy_control,160 healthy women,,,no,2018-01,excluded,1.0,0.192
SAMEA6662923,PRJEB37731,74,menstrual phase,adult,,female,DK,healthy_control,160 healthy women,,,no,2018-01,primary,1.0,0.361
SAMEA6663394,PRJEB37731,74,menstrual phase,adult,,female,DK,healthy_control,160 healthy women,,,no,2018-01,primary,1.0,0.35
SAMEA122895102,PRJEB37731,74,,adult,8391.0,female,DK,healthy_control,160 healthy women,,,no,2017,excluded,1.0,0.005
SAMEA122895103,PRJEB37731,74,,adult,8391.0,female,DK,healthy_control,160 healthy women,,,no,2017,excluded,1.0,0.007
SAMEA112858194,PRJEB37731,75,day 10,adult,9857.0,female,DK,healthy_control,160 healthy women,,,no,2017-09-29,excluded,1.0,0.887
SAMEA112858195,PRJEB37731,75,day 11,adult,9857.0,female,DK,healthy_control,160 healthy women,,,no,2017-09-30,excluded,1.0,0.488
SAMEA112858196,PRJEB37731,75,day 12,adult,9857.0,female,DK,healthy_control,160 healthy women,,,no,2017-10-01,excluded,1.0,0.738
SAMEA112858197,PRJEB37731,75,day 13,adult,9857.0,female,DK,healthy_control,160 healthy women,,,no,2017-10-02,excluded,1.0,0.743
SAMEA112858198,PRJEB37731,75,day 15,adult,9857.0,female,DK,healthy_control,160 healthy women,,,no,2017-10-04,excluded,1.0,3.708
SAMEA112858199,PRJEB37731,75,day 16,adult,9857.0,female,DK,healthy_control,160 healthy women,,,no,2017-10-05,excluded,1.0,1.596
SAMEA112858200,PRJEB37731,75,day 17,adult,9857.0,female,DK,healthy_control,160 healthy women,,,no,2017-10-06,excluded,1.0,1.447
SAMEA112858201,PRJEB37731,75,day 18,adult,9857.0,female,DK,healthy_control,160 healthy women,,,no,2017-10-07,excluded,1.0,0.54
SAMEA112858202,PRJEB37731,75,day 19,adult,9857.0,female,DK,healthy_control,160 healthy women,,,no,2017-10-08,excluded,1.0,0.477
SAMEA112858203,PRJEB37731,75,day 20,adult,9857.0,female,DK,healthy_control,160 healthy women,,,no,2017-10-09,excluded,1.0,0.416
SAMEA112858205,PRJEB37731,75,day 21,adult,9857.0,female,DK,healthy_control,160 healthy women,,,no,2017-10-10,excluded,1.0,0.674
SAMEA112858206,PRJEB37731,75,day 22,adult,9857.0,female,DK,healthy_control,160 healthy women,,,no,2017-10-11,excluded,1.0,0.723
SAMEA112858207,PRJEB37731,75,day 24,adult,9857.0,female,DK,healthy_control,160 healthy women,,,no,2017-10-13,excluded,1.0,5.276
SAMEA112858208,PRJEB37731,75,day 25,adult,9857.0,female,DK,healthy_control,160 healthy women,,,no,2017-10-14,excluded,1.0,4.312
SAMEA112858209,PRJEB37731,75,day 26,adult,9857.0,female,DK,healthy_control,160 healthy women,,,no,2017-10-15,excluded,1.0,0.743
SAMEA112858210,PRJEB37731,75,day 27,adult,9857.0,female,DK,healthy_control,160 healthy women,,,no,2017-10-16,excluded,1.0,0.283
SAMEA112858211,PRJEB37731,75,day 28,adult,9857.0,female,DK,healthy_control,160 healthy women,,,no,2017-10-17,excluded,1.0,0.645
SAMEA112858212,PRJEB37731,75,day 29,adult,9857.0,female,DK,healthy_control,160 healthy women,,,no,2017-10-18,excluded,1.0,0.414
SAMEA112858213,PRJEB37731,75,day 30,adult,9857.0,female,DK,healthy_control,160 healthy women,,,no,2017-10-19,excluded,1.0,1.007
SAMEA112858214,PRJEB37731,75,day 31,adult,9857.0,female,DK,healthy_control,160 healthy women,,,no,2017-10-20,excluded,1.0,0.574
SAMEA112858215,PRJEB37731,75,day 32,adult,9857.0,female,DK,healthy_control,160 healthy women,,,no,2017-10-21,excluded,1.0,0.796
SAMEA112858188,PRJEB37731,75,day 4,adult,9857.0,female,DK,healthy_control,160 healthy women,,,no,2017-09-23,excluded,1.0,0.414
SAMEA112858189,PRJEB37731,75,day 5,adult,9857.0,female,DK,healthy_control,160 healthy women,,,no,2017-09-24,excluded,1.0,1.316
SAMEA112858190,PRJEB37731,75,day 6,adult,9857.0,female,DK,healthy_control,160 healthy women,,,no,2017-09-25,excluded,1.0,0.534
SAMEA112858191,PRJEB37731,75,day 7,adult,9857.0,female,DK,healthy_control,160 healthy women,,,no,2017-09-26,excluded,1.0,0.825
SAMEA112858192,PRJEB37731,75,day 8,adult,9857.0,female,DK,healthy_control,160 healthy women,,,no,2017-09-27,excluded,1.0,0.879
SAMEA112858193,PRJEB37731,75,day 9,adult,9857.0,female,DK,healthy_control,160 healthy women,,,no,2017-09-28,excluded,1.0,0.613
SAMEA6662612,PRJEB37731,75,follicular phase,adult,,female,DK,healthy_control,160 healthy women,,,no,2018-01,excluded,1.0,0.257
SAMEA6663081,PRJEB37731,75,follicular phase,adult,,female,DK,healthy_control,160 healthy women,,,no,2018-01,primary,1.0,0.296
SAMEA6662770,PRJEB37731,75,luteal phase,adult,,female,DK,healthy_control,160 healthy women,,,no,2018-01,excluded,1.0,0.286
SAMEA6663239,PRJEB37731,75,luteal phase,adult,,female,DK,healthy_control,160 healthy women,,,no,2018-01,primary,1.0,0.211
SAMEA6661978,PRJEB37731,75,menstrual phase,adult,,female,DK,healthy_control,160 healthy women,,,no,2018-01,excluded,1.0,0.204
SAMEA6662455,PRJEB37731,75,menstrual phase,adult,,female,DK,healthy_control,160 healthy women,,,no,2018-01,excluded,1.0,0.3
SAMEA6662924,PRJEB37731,75,menstrual phase,adult,,female,DK,healthy_control,160 healthy women,,,no,2018-01,primary,1.0,0.289
SAMEA6663395,PRJEB37731,75,menstrual phase,adult,,female,DK,healthy_control,160 healthy women,,,no,2018-01,primary,1.0,0.305
SAMEA122895104,PRJEB37731,75,,adult,9857.0,female,DK,healthy_control,160 healthy women,,,no,2017,excluded,1.0,0.014
SAMEA122895105,PRJEB37731,75,,adult,9857.0,female,DK,healthy_control,160 healthy women,,,no,2017,excluded,1.0,0.043
SAMEA112858222,PRJEB37731,76,day 11,adult,8035.5,female,DK,healthy_control,160 healthy women,,,no,2017-11-16,excluded,1.0,0.213
SAMEA112858223,PRJEB37731,76,day 12,adult,8035.5,female,DK,healthy_control,160 healthy women,,,no,2017-11-17,excluded,1.0,0.12
SAMEA112858224,PRJEB37731,76,day 13,adult,8035.5,female,DK,healthy_control,160 healthy women,,,no,2017-11-18,excluded,1.0,0.12
SAMEA112858225,PRJEB37731,76,day 14,adult,8035.5,female,DK,healthy_control,160 healthy women,,,no,2017-11-19,excluded,1.0,0.174
SAMEA112858226,PRJEB37731,76,day 15,adult,8035.5,female,DK,healthy_control,160 healthy women,,,no,2017-11-20,excluded,1.0,0.113
SAMEA112858227,PRJEB37731,76,day 16,adult,8035.5,female,DK,healthy_control,160 healthy women,,,no,2017-11-21,excluded,1.0,0.119
SAMEA112858228,PRJEB37731,76,day 17,adult,8035.5,female,DK,healthy_control,160 healthy women,,,no,2017-11-22,excluded,1.0,0.123
SAMEA112858229,PRJEB37731,76,day 18,adult,8035.5,female,DK,healthy_control,160 healthy women,,,no,2017-11-23,excluded,1.0,0.184
SAMEA112858230,PRJEB37731,76,day 19,adult,8035.5,female,DK,healthy_control,160 healthy women,,,no,2017-11-24,excluded,1.0,0.107
SAMEA112858231,PRJEB37731,76,day 20,adult,8035.5,female,DK,healthy_control,160 healthy women,,,no,2017-11-25,excluded,1.0,0.129
SAMEA112858232,PRJEB37731,76,day 21,adult,8035.5,female,DK,healthy_control,160 healthy women,,,no,2017-11-26,excluded,1.0,0.104
SAMEA112858233,PRJEB37731,76,day 23,adult,8035.5,female,DK,healthy_control,160 healthy women,,,no,2017-11-28,excluded,1.0,0.181
SAMEA112858234,PRJEB37731,76,day 24,adult,8035.5,female,DK,healthy_control,160 healthy women,,,no,2017-11-29,excluded,1.0,0.069
SAMEA112858235,PRJEB37731,76,day 25,adult,8035.5,female,DK,healthy_control,160 healthy women,,,no,2017-11-30,excluded,1.0,0.079
SAMEA112858236,PRJEB37731,76,day 26,adult,8035.5,female,DK,healthy_control,160 healthy women,,,no,2017-12-01,excluded,1.0,0.144
SAMEA112858237,PRJEB37731,76,day 27,adult,8035.5,female,DK,healthy_control,160 healthy women,,,no,2017-12-02,excluded,1.0,0.099
SAMEA112858238,PRJEB37731,76,day 28,adult,8035.5,female,DK,healthy_control,160 healthy women,,,no,2017-12-03,excluded,1.0,0.131
SAMEA112858239,PRJEB37731,76,day 29,adult,8035.5,female,DK,healthy_control,160 healthy women,,,no,2017-12-04,excluded,1.0,0.129
SAMEA112858240,PRJEB37731,76,day 30,adult,8035.5,female,DK,healthy_control,160 healthy women,,,no,2017-12-05,excluded,1.0,0.164
SAMEA112858241,PRJEB37731,76,day 31,adult,8035.5,female,DK,healthy_control,160 healthy women,,,no,2017-12-06,excluded,1.0,0.168
SAMEA112858242,PRJEB37731,76,day 32,adult,8035.5,female,DK,healthy_control,160 healthy women,,,no,2017-12-07,excluded,1.0,0.18
SAMEA112858216,PRJEB37731,76,day 4,adult,8035.5,female,DK,healthy_control,160 healthy women,,,no,2017-11-09,excluded,1.0,0.119
SAMEA112858217,PRJEB37731,76,day 5,adult,8035.5,female,DK,healthy_control,160 healthy women,,,no,2017-11-10,excluded,1.0,0.204
SAMEA112858218,PRJEB37731,76,day 6,adult,8035.5,female,DK,healthy_control,160 healthy women,,,no,2017-11-11,excluded,1.0,0.256
SAMEA112858219,PRJEB37731,76,day 7,adult,8035.5,female,DK,healthy_control,160 healthy women,,,no,2017-11-12,excluded,1.0,0.213
SAMEA112858220,PRJEB37731,76,day 8,adult,8035.5,female,DK,healthy_control,160 healthy women,,,no,2017-11-13,excluded,1.0,0.141
SAMEA112858221,PRJEB37731,76,day 9,adult,8035.5,female,DK,healthy_control,160 healthy women,,,no,2017-11-14,excluded,1.0,0.184
SAMEA6662613,PRJEB37731,76,follicular phase,adult,,female,DK,healthy_control,160 healthy women,,,no,2018-01,excluded,1.0,0.242
SAMEA6663082,PRJEB37731,76,follicular phase,adult,,female,DK,healthy_control,160 healthy women,,,no,2018-01,primary,1.0,0.222
SAMEA6663240,PRJEB37731,76,luteal phase,adult,,female,DK,healthy_control,160 healthy women,,,no,2018-01,primary,1.0,0.14
SAMEA6661979,PRJEB37731,76,menstrual phase,adult,,female,DK,healthy_control,160 healthy women,,,no,2018-01,excluded,1.0,0.176
SAMEA6662456,PRJEB37731,76,menstrual phase,adult,,female,DK,healthy_control,160 healthy women,,,no,2018-01,excluded,1.0,0.03
SAMEA6662925,PRJEB37731,76,menstrual phase,adult,,female,DK,healthy_control,160 healthy women,,,no,2018-01,primary,1.0,0.282
SAMEA6663396,PRJEB37731,76,menstrual phase,adult,,female,DK,healthy_control,160 healthy women,,,no,2018-01,primary,1.0,0.351
SAMEA122895106,PRJEB37731,76,,adult,8035.5,female,DK,healthy_control,160 healthy women,,,no,2017,excluded,1.0,0.001
SAMEA122895107,PRJEB37731,76,,adult,8035.5,female,DK,healthy_control,160 healthy women,,,no,2017,excluded,1.0,0.001
SAMEA112858249,PRJEB37731,77,day 10,adult,8391.0,female,DK,healthy_control,160 healthy women,,,no,2017-12-01,excluded,1.0,0.611
SAMEA112858250,PRJEB37731,77,day 11,adult,8391.0,female,DK,healthy_control,160 healthy women,,,no,2017-12-02,excluded,1.0,1.181
SAMEA112858251,PRJEB37731,77,day 13,adult,8391.0,female,DK,healthy_control,160 healthy women,,,no,2017-12-04,excluded,1.0,0.778
SAMEA112858252,PRJEB37731,77,day 14,adult,8391.0,female,DK,healthy_control,160 healthy women,,,no,2017-12-05,excluded,1.0,0.18
SAMEA112858254,PRJEB37731,77,day 15,adult,8391.0,female,DK,healthy_control,160 healthy women,,,no,2017-12-06,excluded,1.0,2.38
SAMEA112858255,PRJEB37731,77,day 16,adult,8391.0,female,DK,healthy_control,160 healthy women,,,no,2017-12-07,excluded,1.0,0.97
SAMEA112858256,PRJEB37731,77,day 17,adult,8391.0,female,DK,healthy_control,160 healthy women,,,no,2017-12-08,excluded,1.0,1.112
SAMEA112858257,PRJEB37731,77,day 18,adult,8391.0,female,DK,healthy_control,160 healthy women,,,no,2017-12-09,excluded,1.0,0.217
SAMEA112858258,PRJEB37731,77,day 19,adult,8391.0,female,DK,healthy_control,160 healthy women,,,no,2017-12-10,excluded,1.0,0.205
SAMEA112858259,PRJEB37731,77,day 20,adult,8391.0,female,DK,healthy_control,160 healthy women,,,no,2017-12-11,excluded,1.0,2.424
SAMEA112858260,PRJEB37731,77,day 22,adult,8391.0,female,DK,healthy_control,160 healthy women,,,no,2017-12-13,excluded,1.0,2.682
SAMEA112858261,PRJEB37731,77,day 23,adult,8391.0,female,DK,healthy_control,160 healthy women,,,no,2017-12-14,excluded,1.0,1.177
SAMEA112858262,PRJEB37731,77,day 24,adult,8391.0,female,DK,healthy_control,160 healthy women,,,no,2017-12-15,excluded,1.0,1.469
SAMEA112858263,PRJEB37731,77,day 25,adult,8391.0,female,DK,healthy_control,160 healthy women,,,no,2017-12-16,excluded,1.0,1.48
SAMEA112858264,PRJEB37731,77,day 26,adult,8391.0,female,DK,healthy_control,160 healthy women,,,no,2017-12-17,excluded,1.0,4.084
SAMEA112858265,PRJEB37731,77,day 27,adult,8391.0,female,DK,healthy_control,160 healthy women,,,no,2017-12-18,excluded,1.0,3.199
SAMEA112858266,PRJEB37731,77,day 28,adult,8391.0,female,DK,healthy_control,160 healthy women,,,no,2017-12-19,excluded,1.0,0.947
SAMEA112858267,PRJEB37731,77,day 29,adult,8391.0,female,DK,healthy_control,160 healthy women,,,no,2017-12-20,excluded,1.0,0.186
SAMEA112858268,PRJEB37731,77,day 30,adult,8391.0,female,DK,healthy_control,160 healthy women,,,no,2017-12-21,excluded,1.0,0.204
SAMEA112858269,PRJEB37731,77,day 31,adult,8391.0,female,DK,healthy_control,160 healthy women,,,no,2017-12-22,excluded,1.0,0.973
SAMEA112858270,PRJEB37731,77,day 32,adult,8391.0,female,DK,healthy_control,160 healthy women,,,no,2017-12-23,excluded,1.0,0.592
SAMEA112858243,PRJEB37731,77,day 4,adult,8391.0,female,DK,healthy_control,160 healthy women,,,no,2017-11-25,excluded,1.0,4.405
SAMEA112858244,PRJEB37731,77,day 5,adult,8391.0,female,DK,healthy_control,160 healthy women,,,no,2017-11-26,excluded,1.0,5.086
SAMEA112858245,PRJEB37731,77,day 6,adult,8391.0,female,DK,healthy_control,160 healthy women,,,no,2017-11-27,excluded,1.0,0.731
SAMEA112858246,PRJEB37731,77,day 7,adult,8391.0,female,DK,healthy_control,160 healthy women,,,no,2017-11-28,excluded,1.0,1.072
SAMEA112858247,PRJEB37731,77,day 8,adult,8391.0,female,DK,healthy_control,160 healthy women,,,no,2017-11-29,excluded,1.0,0.655
SAMEA112858248,PRJEB37731,77,day 9,adult,8391.0,female,DK,healthy_control,160 healthy women,,,no,2017-11-30,excluded,1.0,0.59
SAMEA6662614,PRJEB37731,77,follicular phase,adult,,female,DK,healthy_control,160 healthy women,,,no,2018-01,excluded,1.0,0.034
SAMEA6663083,PRJEB37731,77,follicular phase,adult,,female,DK,healthy_control,160 healthy women,,,no,2018-01,primary,1.0,0.224
SAMEA6662771,PRJEB37731,77,luteal phase,adult,,female,DK,healthy_control,160 healthy women,,,no,2018-01,excluded,1.0,0.327
SAMEA6663241,PRJEB37731,77,luteal phase,adult,,female,DK,healthy_control,160 healthy women,,,no,2018-01,primary,1.0,0.15
SAMEA6661980,PRJEB37731,77,menstrual phase,adult,,female,DK,healthy_control,160 healthy women,,,no,2018-01,excluded,1.0,0.206
SAMEA6662457,PRJEB37731,77,menstrual phase,adult,,female,DK,healthy_control,160 healthy women,,,no,2018-01,excluded,1.0,0.337
SAMEA6662926,PRJEB37731,77,menstrual phase,adult,,female,DK,healthy_control,160 healthy women,,,no,2018-01,primary,1.0,0.08
SAMEA6663397,PRJEB37731,77,menstrual phase,adult,,female,DK,healthy_control,160 healthy women,,,no,2018-01,primary,1.0,0.133
SAMEA122895108,PRJEB37731,77,,adult,8391.0,female,DK,healthy_control,160 healthy women,,,no,2017,excluded,1.0,0.037
SAMEA122895109,PRJEB37731,77,,adult,8391.0,female,DK,healthy_control,160 healthy women,,,no,2017,excluded,1.0,0.027
SAMEA6662615,PRJEB37731,78,follicular phase,adult,,female,DK,healthy_control,160 healthy women,,,no,2018-01,excluded,1.0,0.211
SAMEA6663084,PRJEB37731,78,follicular phase,adult,,female,DK,healthy_control,160 healthy women,,,no,2018-01,primary,1.0,0.151
SAMEA6662772,PRJEB37731,78,luteal phase,adult,,female,DK,healthy_control,160 healthy women,,,no,2018-01,excluded,1.0,0.19
SAMEA6663242,PRJEB37731,78,luteal phase,adult,,female,DK,healthy_control,160 healthy women,,,no,2018-01,primary,1.0,0.216
SAMEA6661981,PRJEB37731,78,menstrual phase,adult,,female,DK,healthy_control,160 healthy women,,,no,2018-01,excluded,1.0,0.165
SAMEA6662458,PRJEB37731,78,menstrual phase,adult,,female,DK,healthy_control,160 healthy women,,,no,2018-01,excluded,1.0,0.146
SAMEA6662927,PRJEB37731,78,menstrual phase,adult,,female,DK,healthy_control,160 healthy women,,,no,2018-01,primary,1.0,0.484
SAMEA6663398,PRJEB37731,78,menstrual phase,adult,,female,DK,healthy_control,160 healthy women,,,no,2018-01,primary,1.0,0.255
SAMEA122895110,PRJEB37731,78,,adult,9131.0,female,DK,healthy_control,160 healthy women,,,no,2017,excluded,1.0,0.002
SAMEA122895111,PRJEB37731,78,,adult,9131.0,female,DK,healthy_control,160 healthy women,,,no,2017,excluded,1.0,0.002
SAMEA6662616,PRJEB37731,79,follicular phase,adult,,female,DK,healthy_control,160 healthy women,,,no,2018-01,excluded,1.0,0.292
SAMEA6663085,PRJEB37731,79,follicular phase,adult,,female,DK,healthy_control,160 healthy women,,,no,2018-01,primary,1.0,0.389
SAMEA6662773,PRJEB37731,79,luteal phase,adult,,female,DK,healthy_control,160 healthy women,,,no,2018-01,excluded,1.0,0.254
SAMEA6663243,PRJEB37731,79,luteal phase,adult,,female,DK,healthy_control,160 healthy women,,,no,2018-01,primary,1.0,0.205
SAMEA6661982,PRJEB37731,79,menstrual phase,adult,,female,DK,healthy_control,160 healthy women,,,no,2018-01,excluded,1.0,0.163
SAMEA6662459,PRJEB37731,79,menstrual phase,adult,,female,DK,healthy_control,160 healthy women,,,no,2018-01,excluded,1.0,0.224
SAMEA6662928,PRJEB37731,79,menstrual phase,adult,,female,DK,healthy_control,160 healthy women,,,no,2018-01,primary,1.0,0.488
SAMEA6663399,PRJEB37731,79,menstrual phase,adult,,female,DK,healthy_control,160 healthy women,,,no,2018-01,primary,1.0,0.176
SAMEA122895112,PRJEB37731,79,,adult,8391.0,female,DK,healthy_control,160 healthy women,,,no,2017,excluded,1.0,0.004
SAMEA122895113,PRJEB37731,79,,adult,8391.0,female,DK,healthy_control,160 healthy women,,,no,2017,excluded,1.0,0.009
SAMEA6662617,PRJEB37731,80,follicular phase,adult,,female,DK,healthy_control,160 healthy women,,,no,2018-01,excluded,1.0,0.177
SAMEA6663086,PRJEB37731,80,follicular phase,adult,,female,DK,healthy_control,160 healthy women,,,no,2018-01,primary,1.0,0.399
SAMEA6662774,PRJEB37731,80,luteal phase,adult,,female,DK,healthy_control,160 healthy women,,,no,2018-01,excluded,1.0,0.352
SAMEA6663244,PRJEB37731,80,luteal phase,adult,,female,DK,healthy_control,160 healthy women,,,no,2018-01,primary,1.0,0.178
SAMEA6661983,PRJEB37731,80,menstrual phase,adult,,female,DK,healthy_control,160 healthy women,,,no,2018-01,excluded,1.0,0.226
SAMEA6662460,PRJEB37731,80,menstrual phase,adult,,female,DK,healthy_control,160 healthy women,,,no,2018-01,excluded,1.0,0.245
SAMEA6662929,PRJEB37731,80,menstrual phase,adult,,female,DK,healthy_control,160 healthy women,,,no,2018-01,primary,1.0,0.13
SAMEA6663400,PRJEB37731,80,menstrual phase,adult,,female,DK,healthy_control,160 healthy women,,,no,2018-01,primary,1.0,0.183
SAMEA122895114,PRJEB37731,80,,adult,8035.5,female,DK,healthy_control,160 healthy women,,,no,2017,excluded,1.0,0.006
SAMEA122895115,PRJEB37731,80,,adult,8035.5,female,DK,healthy_control,160 healthy women,,,no,2017,excluded,1.0,0.006
SAMEA112858276,PRJEB37731,81,day 10,adult,8391.0,female,DK,healthy_control,160 healthy women,,,no,2017-10-25,excluded,1.0,2.557
SAMEA112858277,PRJEB37731,81,day 11,adult,8391.0,female,DK,healthy_control,160 healthy women,,,no,2017-10-26,excluded,1.0,3.872
SAMEA112858278,PRJEB37731,81,day 12,adult,8391.0,female,DK,healthy_control,160 healthy women,,,no,2017-10-27,excluded,1.0,2.958
SAMEA112858279,PRJEB37731,81,day 13,adult,8391.0,female,DK,healthy_control,160 healthy women,,,no,2017-10-28,excluded,1.0,2.576
SAMEA112858280,PRJEB37731,81,day 14,adult,8391.0,female,DK,healthy_control,160 healthy women,,,no,2017-10-29,excluded,1.0,2.502
SAMEA112858281,PRJEB37731,81,day 15,adult,8391.0,female,DK,healthy_control,160 healthy women,,,no,2017-10-30,excluded,1.0,3.526
SAMEA112858282,PRJEB37731,81,day 16,adult,8391.0,female,DK,healthy_control,160 healthy women,,,no,2017-10-31,excluded,1.0,3.839
SAMEA112858283,PRJEB37731,81,day 17,adult,8391.0,female,DK,healthy_control,160 healthy women,,,no,2017-11-01,excluded,1.0,2.575
SAMEA112858284,PRJEB37731,81,day 18,adult,8391.0,female,DK,healthy_control,160 healthy women,,,no,2017-11-02,excluded,1.0,2.88
SAMEA112858285,PRJEB37731,81,day 19,adult,8391.0,female,DK,healthy_control,160 healthy women,,,no,2017-11-03,excluded,1.0,2.734
SAMEA112858286,PRJEB37731,81,day 20,adult,8391.0,female,DK,healthy_control,160 healthy women,,,no,2017-11-04,excluded,1.0,4.699
SAMEA112858287,PRJEB37731,81,day 22,adult,8391.0,female,DK,healthy_control,160 healthy women,,,no,2017-11-06,excluded,1.0,2.12
SAMEA112858288,PRJEB37731,81,day 23,adult,8391.0,female,DK,healthy_control,160 healthy women,,,no,2017-11-07,excluded,1.0,4.303
SAMEA112858289,PRJEB37731,81,day 24,adult,8391.0,female,DK,healthy_control,160 healthy women,,,no,2017-11-08,excluded,1.0,4.979
SAMEA112858290,PRJEB37731,81,day 25,adult,8391.0,female,DK,healthy_control,160 healthy women,,,no,2017-11-09,excluded,1.0,1.392
SAMEA112858291,PRJEB37731,81,day 26,adult,8391.0,female,DK,healthy_control,160 healthy women,,,no,2017-11-10,excluded,1.0,3.02
SAMEA112858293,PRJEB37731,81,day 27,adult,8391.0,female,DK,healthy_control,160 healthy women,,,no,2017-11-11,excluded,1.0,4.644
SAMEA112858294,PRJEB37731,81,day 28,adult,8391.0,female,DK,healthy_control,160 healthy women,,,no,2017-11-12,excluded,1.0,8.85
SAMEA112858295,PRJEB37731,81,day 29,adult,8391.0,female,DK,healthy_control,160 healthy women,,,no,2017-11-13,excluded,1.0,2.508
SAMEA112858296,PRJEB37731,81,day 30,adult,8391.0,female,DK,healthy_control,160 healthy women,,,no,2017-11-14,excluded,1.0,12.44
SAMEA112858297,PRJEB37731,81,day 31,adult,8391.0,female,DK,healthy_control,160 healthy women,,,no,2017-11-15,excluded,1.0,6.06
SAMEA112858298,PRJEB37731,81,day 32,adult,8391.0,female,DK,healthy_control,160 healthy women,,,no,2017-11-16,excluded,1.0,5.971
SAMEA112858271,PRJEB37731,81,day 4,adult,8391.0,female,DK,healthy_control,160 healthy women,,,no,2017-10-19,excluded,1.0,7.585
SAMEA112858272,PRJEB37731,81,day 5,adult,8391.0,female,DK,healthy_control,160 healthy women,,,no,2017-10-20,excluded,1.0,5.532
SAMEA112858273,PRJEB37731,81,day 6,adult,8391.0,female,DK,healthy_control,160 healthy women,,,no,2017-10-21,excluded,1.0,8.54
SAMEA112858274,PRJEB37731,81,day 7,adult,8391.0,female,DK,healthy_control,160 healthy women,,,no,2017-10-22,excluded,1.0,11.045
SAMEA112858275,PRJEB37731,81,day 8,adult,8391.0,female,DK,healthy_control,160 healthy women,,,no,2017-10-23,excluded,1.0,5.261
SAMEA6662618,PRJEB37731,81,follicular phase,adult,,female,DK,healthy_control,160 healthy women,,,no,2018-01,excluded,1.0,0.102
SAMEA6663087,PRJEB37731,81,follicular phase,adult,,female,DK,healthy_control,160 healthy women,,,no,2018-01,primary,1.0,0.233
SAMEA6662775,PRJEB37731,81,luteal phase,adult,,female,DK,healthy_control,160 healthy women,,,no,2018-01,excluded,1.0,0.241
SAMEA6663245,PRJEB37731,81,luteal phase,adult,,female,DK,healthy_control,160 healthy women,,,no,2018-01,primary,1.0,0.267
SAMEA6661984,PRJEB37731,81,menstrual phase,adult,,female,DK,healthy_control,160 healthy women,,,no,2018-01,excluded,1.0,0.182
SAMEA6662461,PRJEB37731,81,menstrual phase,adult,,female,DK,healthy_control,160 healthy women,,,no,2018-01,excluded,1.0,0.178
SAMEA6662930,PRJEB37731,81,menstrual phase,adult,,female,DK,healthy_control,160 healthy women,,,no,2018-01,primary,1.0,0.24
SAMEA6663401,PRJEB37731,81,menstrual phase,adult,,female,DK,healthy_control,160 healthy women,,,no,2018-01,primary,1.0,0.191
SAMEA122895116,PRJEB37731,81,,adult,8391.0,female,DK,healthy_control,160 healthy women,,,no,2017,excluded,1.0,0.036
SAMEA122895117,PRJEB37731,81,,adult,8391.0,female,DK,healthy_control,160 healthy women,,,no,2017,excluded,1.0,0.038
SAMEA6662619,PRJEB37731,82,follicular phase,adult,,female,DK,healthy_control,160 healthy women,,,no,2018-01,excluded,1.0,0.172
SAMEA6663088,PRJEB37731,82,follicular phase,adult,,female,DK,healthy_control,160 healthy women,,,no,2018-01,primary,1.0,0.179
SAMEA6662776,PRJEB37731,82,luteal phase,adult,,female,DK,healthy_control,160 healthy women,,,no,2018-01,excluded,1.0,0.194
SAMEA6663246,PRJEB37731,82,luteal phase,adult,,female,DK,healthy_control,160 healthy women,,,no,2018-01,primary,1.0,0.28
SAMEA6661985,PRJEB37731,82,menstrual phase,adult,,female,DK,healthy_control,160 healthy women,,,no,2018-01,excluded,1.0,0.156
SAMEA6662462,PRJEB37731,82,menstrual phase,adult,,female,DK,healthy_control,160 healthy women,,,no,2018-01,excluded,1.0,0.294
SAMEA6662931,PRJEB37731,82,menstrual phase,adult,,female,DK,healthy_control,160 healthy women,,,no,2018-01,primary,1.0,0.234
SAMEA6663402,PRJEB37731,82,menstrual phase,adult,,female,DK,healthy_control,160 healthy women,,,no,2018-01,primary,1.0,0.183
SAMEA122895118,PRJEB37731,82,,adult,8391.0,female,DK,healthy_control,160 healthy women,,,no,2017,excluded,1.0,0.002
SAMEA122895119,PRJEB37731,82,,adult,8391.0,female,DK,healthy_control,160 healthy women,,,no,2017,excluded,1.0,0.001
SAMEA6662620,PRJEB37731,83,follicular phase,adult,,female,DK,allergy_or_atopy,allergies,,,no,2018-01,excluded,1.0,0.198
SAMEA6663089,PRJEB37731,83,follicular phase,adult,,female,DK,allergy_or_atopy,allergies,,,no,2018-01,primary,1.0,0.697
SAMEA6662777,PRJEB37731,83,luteal phase,adult,,female,DK,allergy_or_atopy,allergies,,,no,2018-01,excluded,1.0,0.043
SAMEA6663247,PRJEB37731,83,luteal phase,adult,,female,DK,allergy_or_atopy,allergies,,,no,2018-01,primary,1.0,0.166
SAMEA6661986,PRJEB37731,83,menstrual phase,adult,,female,DK,allergy_or_atopy,allergies,,,no,2018-01,excluded,1.0,0.212
SAMEA6662463,PRJEB37731,83,menstrual phase,adult,,female,DK,allergy_or_atopy,allergies,,,no,2018-01,excluded,1.0,0.2
SAMEA6662932,PRJEB37731,83,menstrual phase,adult,,female,DK,allergy_or_atopy,allergies,,,no,2018-01,primary,1.0,0.357
SAMEA6663403,PRJEB37731,83,menstrual phase,adult,,female,DK,allergy_or_atopy,allergies,,,no,2018-01,primary,1.0,0.164
SAMEA122895120,PRJEB37731,83,,adult,14239.8,female,DK,healthy_control,160 healthy women,,,no,2017,excluded,1.0,0.002
SAMEA122895121,PRJEB37731,83,,adult,14239.8,female,DK,healthy_control,160 healthy women,,,no,2017,excluded,1.0,0.006
SAMEA112858305,PRJEB37731,84,day 10,adult,8035.5,female,DK,healthy_control,160 healthy women,,,no,2017-10-27,excluded,1.0,0.192
SAMEA112858306,PRJEB37731,84,day 11,adult,8035.5,female,DK,healthy_control,160 healthy women,,,no,2017-10-28,excluded,1.0,0.173
SAMEA112858307,PRJEB37731,84,day 13,adult,8035.5,female,DK,healthy_control,160 healthy women,,,no,2017-10-30,excluded,1.0,0.308
SAMEA112858308,PRJEB37731,84,day 14,adult,8035.5,female,DK,healthy_control,160 healthy women,,,no,2017-10-31,excluded,1.0,0.0
SAMEA112858309,PRJEB37731,84,day 15,adult,8035.5,female,DK,healthy_control,160 healthy women,,,no,2017-11-01,excluded,1.0,0.0
SAMEA112858310,PRJEB37731,84,day 16,adult,8035.5,female,DK,healthy_control,160 healthy women,,,no,2017-11-02,excluded,1.0,0.366
SAMEA112858311,PRJEB37731,84,day 17,adult,8035.5,female,DK,healthy_control,160 healthy women,,,no,2017-11-03,excluded,1.0,0.301
SAMEA112858312,PRJEB37731,84,day 18,adult,8035.5,female,DK,healthy_control,160 healthy women,,,no,2017-11-04,excluded,1.0,0.0
SAMEA112858313,PRJEB37731,84,day 19,adult,8035.5,female,DK,healthy_control,160 healthy women,,,no,2017-11-05,excluded,1.0,0.0
SAMEA112858314,PRJEB37731,84,day 20,adult,8035.5,female,DK,healthy_control,160 healthy women,,,no,2017-11-06,excluded,1.0,0.203
SAMEA112858315,PRJEB37731,84,day 22,adult,8035.5,female,DK,healthy_control,160 healthy women,,,no,2017-11-08,excluded,1.0,0.187
SAMEA112858317,PRJEB37731,84,day 23,adult,8035.5,female,DK,healthy_control,160 healthy women,,,no,2017-11-09,excluded,1.0,0.194
SAMEA112858318,PRJEB37731,84,day 24,adult,8035.5,female,DK,healthy_control,160 healthy women,,,no,2017-11-10,excluded,1.0,0.352
SAMEA112858319,PRJEB37731,84,day 25,adult,8035.5,female,DK,healthy_control,160 healthy women,,,no,2017-11-11,excluded,1.0,0.154
SAMEA112858320,PRJEB37731,84,day 26,adult,8035.5,female,DK,healthy_control,160 healthy women,,,no,2017-11-12,excluded,1.0,0.218
SAMEA112858321,PRJEB37731,84,day 27,adult,8035.5,female,DK,healthy_control,160 healthy women,,,no,2017-11-13,excluded,1.0,0.287
SAMEA112858322,PRJEB37731,84,day 28,adult,8035.5,female,DK,healthy_control,160 healthy women,,,no,2017-11-14,excluded,1.0,0.406
SAMEA112858323,PRJEB37731,84,day 29,adult,8035.5,female,DK,healthy_control,160 healthy women,,,no,2017-11-15,excluded,1.0,0.16
SAMEA112858324,PRJEB37731,84,day 30,adult,8035.5,female,DK,healthy_control,160 healthy women,,,no,2017-11-16,excluded,1.0,0.246
SAMEA112858325,PRJEB37731,84,day 31,adult,8035.5,female,DK,healthy_control,160 healthy women,,,no,2017-11-17,excluded,1.0,0.319
SAMEA112858326,PRJEB37731,84,day 32,adult,8035.5,female,DK,healthy_control,160 healthy women,,,no,2017-11-18,excluded,1.0,0.187
SAMEA112858299,PRJEB37731,84,day 4,adult,8035.5,female,DK,healthy_control,160 healthy women,,,no,2017-10-21,excluded,1.0,0.0
SAMEA112858300,PRJEB37731,84,day 5,adult,8035.5,female,DK,healthy_control,160 healthy women,,,no,2017-10-22,excluded,1.0,0.0
SAMEA112858301,PRJEB37731,84,day 6,adult,8035.5,female,DK,healthy_control,160 healthy women,,,no,2017-10-23,excluded,1.0,0.0
SAMEA112858302,PRJEB37731,84,day 7,adult,8035.5,female,DK,healthy_control,160 healthy women,,,no,2017-10-24,excluded,1.0,0.059
SAMEA112858303,PRJEB37731,84,day 8,adult,8035.5,female,DK,healthy_control,160 healthy women,,,no,2017-10-25,excluded,1.0,0.233
SAMEA112858304,PRJEB37731,84,day 9,adult,8035.5,female,DK,healthy_control,160 healthy women,,,no,2017-10-26,excluded,1.0,0.281
SAMEA6662621,PRJEB37731,84,follicular phase,adult,,female,DK,healthy_control,160 healthy women,,,no,2018-01,excluded,1.0,0.236
SAMEA6663090,PRJEB37731,84,follicular phase,adult,,female,DK,healthy_control,160 healthy women,,,no,2018-01,primary,1.0,0.242
SAMEA6662778,PRJEB37731,84,luteal phase,adult,,female,DK,healthy_control,160 healthy women,,,no,2018-01,excluded,1.0,0.253
SAMEA6663248,PRJEB37731,84,luteal phase,adult,,female,DK,healthy_control,160 healthy women,,,no,2018-01,primary,1.0,0.236
SAMEA6661987,PRJEB37731,84,menstrual phase,adult,,female,DK,healthy_control,160 healthy women,,,no,2018-01,excluded,1.0,0.188
SAMEA6662464,PRJEB37731,84,menstrual phase,adult,,female,DK,healthy_control,160 healthy women,,,no,2018-01,excluded,1.0,0.13
SAMEA6662933,PRJEB37731,84,menstrual phase,adult,,female,DK,healthy_control,160 healthy women,,,no,2018-01,primary,1.0,0.106
SAMEA6663404,PRJEB37731,84,menstrual phase,adult,,female,DK,healthy_control,160 healthy women,,,no,2018-01,primary,1.0,0.35
SAMEA122895122,PRJEB37731,84,,adult,8035.5,female,DK,healthy_control,160 healthy women,,,no,2017,excluded,1.0,0.001
SAMEA122895123,PRJEB37731,84,,adult,8035.5,female,DK,healthy_control,160 healthy women,,,no,2017,excluded,1.0,0.001
SAMEA6662622,PRJEB37731,85,follicular phase,adult,,female,DK,healthy_control,160 healthy women,,,no,2018-01,excluded,1.0,0.258
SAMEA6663091,PRJEB37731,85,follicular phase,adult,,female,DK,healthy_control,160 healthy women,,,no,2018-01,primary,1.0,0.215
SAMEA6662779,PRJEB37731,85,luteal phase,adult,,female,DK,healthy_control,160 healthy women,,,no,2018-01,excluded,1.0,0.343
SAMEA6663249,PRJEB37731,85,luteal phase,adult,,female,DK,healthy_control,160 healthy women,,,no,2018-01,primary,1.0,0.263
SAMEA6661988,PRJEB37731,85,menstrual phase,adult,,female,DK,healthy_control,160 healthy women,,,no,2018-01,excluded,1.0,0.181
SAMEA6662465,PRJEB37731,85,menstrual phase,adult,,female,DK,healthy_control,160 healthy women,,,no,2018-01,excluded,1.0,0.175
SAMEA6662934,PRJEB37731,85,menstrual phase,adult,,female,DK,healthy_control,160 healthy women,,,no,2018-01,primary,1.0,0.279
SAMEA6663405,PRJEB37731,85,menstrual phase,adult,,female,DK,healthy_control,160 healthy women,,,no,2018-01,primary,1.0,0.239
SAMEA122895124,PRJEB37731,85,,adult,9131.0,female,DK,healthy_control,160 healthy women,,,no,2017,excluded,1.0,0.004
SAMEA122895125,PRJEB37731,85,,adult,9131.0,female,DK,healthy_control,160 healthy women,,,no,2017,excluded,1.0,0.002
SAMEA112858333,PRJEB37731,86,day 10,adult,9131.0,female,DK,allergy_or_atopy,allergies,,,no,2017-10-27,excluded,1.0,0.453
SAMEA112858334,PRJEB37731,86,day 11,adult,9131.0,female,DK,allergy_or_atopy,allergies,,,no,2017-10-28,excluded,1.0,0.071
SAMEA112858335,PRJEB37731,86,day 13,adult,9131.0,female,DK,allergy_or_atopy,allergies,,,no,2017-10-30,excluded,1.0,0.769
SAMEA112858336,PRJEB37731,86,day 14,adult,9131.0,female,DK,allergy_or_atopy,allergies,,,no,2017-10-31,excluded,1.0,0.053
SAMEA112858337,PRJEB37731,86,day 15,adult,9131.0,female,DK,allergy_or_atopy,allergies,,,no,2017-11-01,excluded,1.0,0.726
SAMEA112858338,PRJEB37731,86,day 16,adult,9131.0,female,DK,allergy_or_atopy,allergies,,,no,2017-11-02,excluded,1.0,0.658
SAMEA112858339,PRJEB37731,86,day 17,adult,9131.0,female,DK,allergy_or_atopy,allergies,,,no,2017-11-03,excluded,1.0,0.772
SAMEA112858340,PRJEB37731,86,day 18,adult,9131.0,female,DK,allergy_or_atopy,allergies,,,no,2017-11-04,excluded,1.0,0.526
SAMEA112858341,PRJEB37731,86,day 19,adult,9131.0,female,DK,allergy_or_atopy,allergies,,,no,2017-11-05,excluded,1.0,0.183
SAMEA112858342,PRJEB37731,86,day 21,adult,9131.0,female,DK,allergy_or_atopy,allergies,,,no,2017-11-07,excluded,1.0,0.3
SAMEA112858343,PRJEB37731,86,day 22,adult,9131.0,female,DK,allergy_or_atopy,allergies,,,no,2017-11-08,excluded,1.0,0.24
SAMEA112858345,PRJEB37731,86,day 23,adult,9131.0,female,DK,allergy_or_atopy,allergies,,,no,2017-11-09,excluded,1.0,0.343
SAMEA112858346,PRJEB37731,86,day 24,adult,9131.0,female,DK,allergy_or_atopy,allergies,,,no,2017-11-10,excluded,1.0,0.465
SAMEA112858347,PRJEB37731,86,day 25,adult,9131.0,female,DK,allergy_or_atopy,allergies,,,no,2017-11-11,excluded,1.0,0.333
SAMEA112858348,PRJEB37731,86,day 26,adult,9131.0,female,DK,allergy_or_atopy,allergies,,,no,2017-11-12,excluded,1.0,0.447
SAMEA112858349,PRJEB37731,86,day 27,adult,9131.0,female,DK,allergy_or_atopy,allergies,,,no,2017-11-13,excluded,1.0,0.0
SAMEA112858350,PRJEB37731,86,day 28,adult,9131.0,female,DK,allergy_or_atopy,allergies,,,no,2017-11-14,excluded,1.0,0.413
SAMEA112858351,PRJEB37731,86,day 29,adult,9131.0,female,DK,allergy_or_atopy,allergies,,,no,2017-11-15,excluded,1.0,0.0
SAMEA112858352,PRJEB37731,86,day 30,adult,9131.0,female,DK,allergy_or_atopy,allergies,,,no,2017-11-16,excluded,1.0,0.584
SAMEA112858353,PRJEB37731,86,day 31,adult,9131.0,female,DK,allergy_or_atopy,allergies,,,no,2017-11-17,excluded,1.0,0.511
SAMEA112858354,PRJEB37731,86,day 32,adult,9131.0,female,DK,allergy_or_atopy,allergies,,,no,2017-11-18,excluded,1.0,0.438
SAMEA112858327,PRJEB37731,86,day 4,adult,9131.0,female,DK,allergy_or_atopy,allergies,,,no,2017-10-21,excluded,1.0,0.342
SAMEA112858328,PRJEB37731,86,day 5,adult,9131.0,female,DK,allergy_or_atopy,allergies,,,no,2017-10-22,excluded,1.0,0.229
SAMEA112858329,PRJEB37731,86,day 6,adult,9131.0,female,DK,allergy_or_atopy,allergies,,,no,2017-10-23,excluded,1.0,0.158
SAMEA112858330,PRJEB37731,86,day 7,adult,9131.0,female,DK,allergy_or_atopy,allergies,,,no,2017-10-24,excluded,1.0,0.425
SAMEA112858331,PRJEB37731,86,day 8,adult,9131.0,female,DK,allergy_or_atopy,allergies,,,no,2017-10-25,excluded,1.0,0.602
SAMEA112858332,PRJEB37731,86,day 9,adult,9131.0,female,DK,allergy_or_atopy,allergies,,,no,2017-10-26,excluded,1.0,0.372
SAMEA6662623,PRJEB37731,86,follicular phase,adult,,female,DK,allergy_or_atopy,allergies,,,no,2018-01,excluded,1.0,0.268
SAMEA6663092,PRJEB37731,86,follicular phase,adult,,female,DK,allergy_or_atopy,allergies,,,no,2018-01,primary,1.0,0.284
SAMEA6662780,PRJEB37731,86,luteal phase,adult,,female,DK,allergy_or_atopy,allergies,,,no,2018-01,excluded,1.0,0.278
SAMEA6663250,PRJEB37731,86,luteal phase,adult,,female,DK,allergy_or_atopy,allergies,,,no,2018-01,primary,1.0,0.291
SAMEA6661989,PRJEB37731,86,menstrual phase,adult,,female,DK,allergy_or_atopy,allergies,,,no,2018-01,excluded,1.0,0.213
SAMEA6662466,PRJEB37731,86,menstrual phase,adult,,female,DK,allergy_or_atopy,allergies,,,no,2018-01,excluded,1.0,0.081
SAMEA6662935,PRJEB37731,86,menstrual phase,adult,,female,DK,allergy_or_atopy,allergies,,,no,2018-01,primary,1.0,0.209
SAMEA6663406,PRJEB37731,86,menstrual phase,adult,,female,DK,allergy_or_atopy,allergies,,,no,2018-01,primary,1.0,0.235
SAMEA122895126,PRJEB37731,86,,adult,9131.0,female,DK,healthy_control,160 healthy women,,,no,2017,excluded,1.0,0.012
SAMEA122895127,PRJEB37731,86,,adult,9131.0,female,DK,healthy_control,160 healthy women,,,no,2017,excluded,1.0,0.002
SAMEA112858360,PRJEB37731,87,day 10,adult,8391.0,female,DK,allergy_or_atopy,"thyreoid disease, allergies",,,no,2017-10-30,excluded,1.0,0.401
SAMEA112858361,PRJEB37731,87,day 11,adult,8391.0,female,DK,allergy_or_atopy,"thyreoid disease, allergies",,,no,2017-10-31,excluded,1.0,0.157
SAMEA112858362,PRJEB37731,87,day 12,adult,8391.0,female,DK,allergy_or_atopy,"thyreoid disease, allergies",,,no,2017-11-01,excluded,1.0,0.166
SAMEA112858363,PRJEB37731,87,day 13,adult,8391.0,female,DK,allergy_or_atopy,"thyreoid disease, allergies",,,no,2017-11-02,excluded,1.0,0.288
SAMEA112858364,PRJEB37731,87,day 14,adult,8391.0,female,DK,allergy_or_atopy,"thyreoid disease, allergies",,,no,2017-11-03,excluded,1.0,0.537
SAMEA112858365,PRJEB37731,87,day 15,adult,8391.0,female,DK,allergy_or_atopy,"thyreoid disease, allergies",,,no,2017-11-04,excluded,1.0,0.73
SAMEA112858366,PRJEB37731,87,day 16,adult,8391.0,female,DK,allergy_or_atopy,"thyreoid disease, allergies",,,no,2017-11-05,excluded,1.0,0.796
SAMEA112858367,PRJEB37731,87,day 17,adult,8391.0,female,DK,allergy_or_atopy,"thyreoid disease, allergies",,,no,2017-11-06,excluded,1.0,0.534
SAMEA112858368,PRJEB37731,87,day 19,adult,8391.0,female,DK,allergy_or_atopy,"thyreoid disease, allergies",,,no,2017-11-08,excluded,1.0,0.988
SAMEA112858369,PRJEB37731,87,day 20,adult,8391.0,female,DK,allergy_or_atopy,"thyreoid disease, allergies",,,no,2017-11-09,excluded,1.0,0.305
SAMEA112858370,PRJEB37731,87,day 21,adult,8391.0,female,DK,allergy_or_atopy,"thyreoid disease, allergies",,,no,2017-11-10,excluded,1.0,0.371
SAMEA112858371,PRJEB37731,87,day 22,adult,8391.0,female,DK,allergy_or_atopy,"thyreoid disease, allergies",,,no,2017-11-11,excluded,1.0,0.375
SAMEA112858372,PRJEB37731,87,day 23,adult,8391.0,female,DK,allergy_or_atopy,"thyreoid disease, allergies",,,no,2017-11-12,excluded,1.0,0.155
SAMEA112858373,PRJEB37731,87,day 24,adult,8391.0,female,DK,allergy_or_atopy,"thyreoid disease, allergies",,,no,2017-11-13,excluded,1.0,0.171
SAMEA112858375,PRJEB37731,87,day 25,adult,8391.0,female,DK,allergy_or_atopy,"thyreoid disease, allergies",,,no,2017-11-14,excluded,1.0,0.258
SAMEA112858376,PRJEB37731,87,day 26,adult,8391.0,female,DK,allergy_or_atopy,"thyreoid disease, allergies",,,no,2017-11-15,excluded,1.0,0.143
SAMEA112858377,PRJEB37731,87,day 27,adult,8391.0,female,DK,allergy_or_atopy,"thyreoid disease, allergies",,,no,2017-11-16,excluded,1.0,0.208
SAMEA112858378,PRJEB37731,87,day 28,adult,8391.0,female,DK,allergy_or_atopy,"thyreoid disease, allergies",,,no,2017-11-17,excluded,1.0,0.402
SAMEA112858379,PRJEB37731,87,day 29,adult,8391.0,female,DK,allergy_or_atopy,"thyreoid disease, allergies",,,no,2017-11-18,excluded,1.0,0.269
SAMEA112858380,PRJEB37731,87,day 30,adult,8391.0,female,DK,allergy_or_atopy,"thyreoid disease, allergies",,,no,2017-11-19,excluded,1.0,0.515
SAMEA112858381,PRJEB37731,87,day 31,adult,8391.0,female,DK,allergy_or_atopy,"thyreoid disease, allergies",,,no,2017-11-20,excluded,1.0,0.14
SAMEA112858382,PRJEB37731,87,day 32,adult,8391.0,female,DK,allergy_or_atopy,"thyreoid disease, allergies",,,no,2017-11-21,excluded,1.0,0.179
SAMEA112858355,PRJEB37731,87,day 4,adult,8391.0,female,DK,allergy_or_atopy,"thyreoid disease, allergies",,,no,2017-10-24,excluded,1.0,0.209
SAMEA112858356,PRJEB37731,87,day 5,adult,8391.0,female,DK,allergy_or_atopy,"thyreoid disease, allergies",,,no,2017-10-25,excluded,1.0,0.226
SAMEA112858357,PRJEB37731,87,day 6,adult,8391.0,female,DK,allergy_or_atopy,"thyreoid disease, allergies",,,no,2017-10-26,excluded,1.0,0.374
SAMEA112858358,PRJEB37731,87,day 7,adult,8391.0,female,DK,allergy_or_atopy,"thyreoid disease, allergies",,,no,2017-10-27,excluded,1.0,0.357
SAMEA112858359,PRJEB37731,87,day 9,adult,8391.0,female,DK,allergy_or_atopy,"thyreoid disease, allergies",,,no,2017-10-29,excluded,1.0,0.338
SAMEA6662624,PRJEB37731,87,follicular phase,adult,,female,DK,cardiometabolic_other,"metabolic disease, allergies",,,no,2018-01,excluded,1.0,0.31
SAMEA6663093,PRJEB37731,87,follicular phase,adult,,female,DK,cardiometabolic_other,"metabolic disease, allergies",,,no,2018-01,primary,1.0,0.172
SAMEA6662781,PRJEB37731,87,luteal phase,adult,,female,DK,cardiometabolic_other,"metabolic disease, allergies",,,no,2018-01,excluded,1.0,0.123
SAMEA6663251,PRJEB37731,87,luteal phase,adult,,female,DK,cardiometabolic_other,"metabolic disease, allergies",,,no,2018-01,primary,1.0,0.158
SAMEA6661990,PRJEB37731,87,menstrual phase,adult,,female,DK,cardiometabolic_other,"metabolic disease, allergies",,,no,2018-01,excluded,1.0,0.166
SAMEA6662467,PRJEB37731,87,menstrual phase,adult,,female,DK,cardiometabolic_other,"metabolic disease, allergies",,,no,2018-01,excluded,1.0,0.132
SAMEA6662936,PRJEB37731,87,menstrual phase,adult,,female,DK,cardiometabolic_other,"metabolic disease, allergies",,,no,2018-01,primary,1.0,0.142
SAMEA6663407,PRJEB37731,87,menstrual phase,adult,,female,DK,cardiometabolic_other,"metabolic disease, allergies",,,no,2018-01,primary,1.0,0.384
SAMEA122895128,PRJEB37731,87,,adult,8391.0,female,DK,healthy_control,160 healthy women,,,no,2017,excluded,1.0,0.002
SAMEA122895129,PRJEB37731,87,,adult,8391.0,female,DK,healthy_control,160 healthy women,,,no,2017,excluded,1.0,0.004
SAMEA112858389,PRJEB37731,88,day 11,adult,8035.5,female,DK,healthy_control,160 healthy women,,,no,2017-11-01,excluded,1.0,0.169
SAMEA112858390,PRJEB37731,88,day 12,adult,8035.5,female,DK,healthy_control,160 healthy women,,,no,2017-11-02,excluded,1.0,0.171
SAMEA112858391,PRJEB37731,88,day 14,adult,8035.5,female,DK,healthy_control,160 healthy women,,,no,2017-11-04,excluded,1.0,0.159
SAMEA112858392,PRJEB37731,88,day 15,adult,8035.5,female,DK,healthy_control,160 healthy women,,,no,2017-11-05,excluded,1.0,0.181
SAMEA112858393,PRJEB37731,88,day 16,adult,8035.5,female,DK,healthy_control,160 healthy women,,,no,2017-11-06,excluded,1.0,0.19
SAMEA112858394,PRJEB37731,88,day 17,adult,8035.5,female,DK,healthy_control,160 healthy women,,,no,2017-11-07,excluded,1.0,0.295
SAMEA112858395,PRJEB37731,88,day 18,adult,8035.5,female,DK,healthy_control,160 healthy women,,,no,2017-11-08,excluded,1.0,0.299
SAMEA112858396,PRJEB37731,88,day 19,adult,8035.5,female,DK,healthy_control,160 healthy women,,,no,2017-11-09,excluded,1.0,0.187
SAMEA112858397,PRJEB37731,88,day 20,adult,8035.5,female,DK,healthy_control,160 healthy women,,,no,2017-11-10,excluded,1.0,0.34
SAMEA112858398,PRJEB37731,88,day 22,adult,8035.5,female,DK,healthy_control,160 healthy women,,,no,2017-11-12,excluded,1.0,0.128
SAMEA112858399,PRJEB37731,88,day 23,adult,8035.5,female,DK,healthy_control,160 healthy women,,,no,2017-11-13,excluded,1.0,0.146
SAMEA112858400,PRJEB37731,88,day 24,adult,8035.5,female,DK,healthy_control,160 healthy women,,,no,2017-11-14,excluded,1.0,0.167
SAMEA112858401,PRJEB37731,88,day 25,adult,8035.5,female,DK,healthy_control,160 healthy women,,,no,2017-11-15,excluded,1.0,0.211
SAMEA112858402,PRJEB37731,88,day 26,adult,8035.5,female,DK,healthy_control,160 healthy women,,,no,2017-11-16,excluded,1.0,0.174
SAMEA112858403,PRJEB37731,88,day 27,adult,8035.5,female,DK,healthy_control,160 healthy women,,,no,2017-11-17,excluded,1.0,0.211
SAMEA112858404,PRJEB37731,88,day 28,adult,8035.5,female,DK,healthy_control,160 healthy women,,,no,2017-11-18,excluded,1.0,0.21
SAMEA112858405,PRJEB37731,88,day 29,adult,8035.5,female,DK,healthy_control,160 healthy women,,,no,2017-11-19,excluded,1.0,0.24
SAMEA112858406,PRJEB37731,88,day 30,adult,8035.5,female,DK,healthy_control,160 healthy women,,,no,2017-11-20,excluded,1.0,0.22
SAMEA112858407,PRJEB37731,88,day 31,adult,8035.5,female,DK,healthy_control,160 healthy women,,,no,2017-11-21,excluded,1.0,0.155
SAMEA112858409,PRJEB37731,88,day 32,adult,8035.5,female,DK,healthy_control,160 healthy women,,,no,2017-11-22,excluded,1.0,0.176
SAMEA112858383,PRJEB37731,88,day 4,adult,8035.5,female,DK,healthy_control,160 healthy women,,,no,2017-10-25,excluded,1.0,0.361
SAMEA112858384,PRJEB37731,88,day 5,adult,8035.5,female,DK,healthy_control,160 healthy women,,,no,2017-10-26,excluded,1.0,0.209
SAMEA112858385,PRJEB37731,88,day 6,adult,8035.5,female,DK,healthy_control,160 healthy women,,,no,2017-10-27,excluded,1.0,0.181
SAMEA112858386,PRJEB37731,88,day 7,adult,8035.5,female,DK,healthy_control,160 healthy women,,,no,2017-10-28,excluded,1.0,0.134
SAMEA112858387,PRJEB37731,88,day 8,adult,8035.5,female,DK,healthy_control,160 healthy women,,,no,2017-10-29,excluded,1.0,0.081
SAMEA112858388,PRJEB37731,88,day 9,adult,8035.5,female,DK,healthy_control,160 healthy women,,,no,2017-10-30,excluded,1.0,0.365
SAMEA6662625,PRJEB37731,88,follicular phase,adult,,female,DK,healthy_control,160 healthy women,,,no,2018-01,excluded,1.0,0.141
SAMEA6663094,PRJEB37731,88,follicular phase,adult,,female,DK,healthy_control,160 healthy women,,,no,2018-01,primary,1.0,0.27
SAMEA6662782,PRJEB37731,88,luteal phase,adult,,female,DK,healthy_control,160 healthy women,,,no,2018-01,excluded,1.0,0.304
SAMEA6663252,PRJEB37731,88,luteal phase,adult,,female,DK,healthy_control,160 healthy women,,,no,2018-01,primary,1.0,0.338
SAMEA6661991,PRJEB37731,88,menstrual phase,adult,,female,DK,healthy_control,160 healthy women,,,no,2018-01,excluded,1.0,0.199
SAMEA6662468,PRJEB37731,88,menstrual phase,adult,,female,DK,healthy_control,160 healthy women,,,no,2018-01,excluded,1.0,0.292
SAMEA6662937,PRJEB37731,88,menstrual phase,adult,,female,DK,healthy_control,160 healthy women,,,no,2018-01,primary,1.0,0.134
SAMEA6663408,PRJEB37731,88,menstrual phase,adult,,female,DK,healthy_control,160 healthy women,,,no,2018-01,primary,1.0,0.317
SAMEA122895130,PRJEB37731,88,,adult,8035.5,female,DK,healthy_control,160 healthy women,,,no,2017,excluded,1.0,0.002
SAMEA122895131,PRJEB37731,88,,adult,8035.5,female,DK,healthy_control,160 healthy women,,,no,2017,excluded,1.0,0.005
SAMEA6662626,PRJEB37731,89,follicular phase,adult,,female,DK,allergy_or_atopy,allergies,,,no,2018-01,excluded,1.0,0.135
SAMEA6663095,PRJEB37731,89,follicular phase,adult,,female,DK,allergy_or_atopy,allergies,,,no,2018-01,primary,1.0,0.184
SAMEA6662783,PRJEB37731,89,luteal phase,adult,,female,DK,allergy_or_atopy,allergies,,,no,2018-01,excluded,1.0,0.184
SAMEA6663253,PRJEB37731,89,luteal phase,adult,,female,DK,allergy_or_atopy,allergies,,,no,2018-01,primary,1.0,0.21
SAMEA6661992,PRJEB37731,89,menstrual phase,adult,,female,DK,allergy_or_atopy,allergies,,,no,2018-01,excluded,1.0,0.213
SAMEA6662469,PRJEB37731,89,menstrual phase,adult,,female,DK,allergy_or_atopy,allergies,,,no,2018-01,excluded,1.0,0.205
SAMEA6662938,PRJEB37731,89,menstrual phase,adult,,female,DK,allergy_or_atopy,allergies,,,no,2018-01,primary,1.0,0.274
SAMEA6663409,PRJEB37731,89,menstrual phase,adult,,female,DK,allergy_or_atopy,allergies,,,no,2018-01,primary,1.0,0.005
SAMEA122895132,PRJEB37731,89,,adult,8391.0,female,DK,healthy_control,160 healthy women,,,no,2017,excluded,1.0,0.019
SAMEA122895133,PRJEB37731,89,,adult,8391.0,female,DK,healthy_control,160 healthy women,,,no,2017,excluded,1.0,0.005
SAMEA6662551,PRJEB37731,9,follicular phase,adult,,female,DK,allergy_or_atopy,allergies,,,no,2018-01,excluded,1.0,0.301
SAMEA6663022,PRJEB37731,9,follicular phase,adult,,female,DK,allergy_or_atopy,allergies,,,no,2018-01,primary,1.0,0.187
SAMEA6662710,PRJEB37731,9,luteal phase,adult,,female,DK,allergy_or_atopy,allergies,,,no,2018-01,excluded,1.0,0.308
SAMEA6663180,PRJEB37731,9,luteal phase,adult,,female,DK,allergy_or_atopy,allergies,,,no,2018-01,primary,1.0,0.217
SAMEA6661916,PRJEB37731,9,menstrual phase,adult,,female,DK,allergy_or_atopy,allergies,,,no,2018-01,excluded,1.0,0.457
SAMEA6662394,PRJEB37731,9,menstrual phase,adult,,female,DK,allergy_or_atopy,allergies,,,no,2018-01,excluded,1.0,0.37
SAMEA6662864,PRJEB37731,9,menstrual phase,adult,,female,DK,allergy_or_atopy,allergies,,,no,2018-01,primary,1.0,0.193
SAMEA6663336,PRJEB37731,9,menstrual phase,adult,,female,DK,allergy_or_atopy,allergies,,,no,2018-01,primary,1.0,0.259
SAMEA122894982,PRJEB37731,9,,adult,8391.0,female,DK,healthy_control,160 healthy women,,,no,2017,excluded,1.0,0.007
SAMEA122894983,PRJEB37731,9,,adult,8391.0,female,DK,healthy_control,160 healthy women,,,no,2017,excluded,1.0,0.021
SAMEA6662627,PRJEB37731,90,follicular phase,adult,,female,DK,other_infection,160 healthy women,,,no,2018-01,excluded,1.0,0.152
SAMEA6663096,PRJEB37731,90,follicular phase,adult,,female,DK,other_infection,160 healthy women,,,no,2018-01,primary,1.0,0.15
SAMEA6662784,PRJEB37731,90,luteal phase,adult,,female,DK,other_infection,160 healthy women,,,no,2018-01,excluded,1.0,0.294
SAMEA6663254,PRJEB37731,90,luteal phase,adult,,female,DK,other_infection,160 healthy women,,,no,2018-01,primary,1.0,0.239
SAMEA6661993,PRJEB37731,90,menstrual phase,adult,,female,DK,other_infection,160 healthy women,,,no,2018-01,excluded,1.0,0.188
SAMEA6662470,PRJEB37731,90,menstrual phase,adult,,female,DK,other_infection,160 healthy women,,,no,2018-01,excluded,1.0,0.246
SAMEA6662939,PRJEB37731,90,menstrual phase,adult,,female,DK,other_infection,160 healthy women,,,no,2018-01,primary,1.0,0.301
SAMEA6663410,PRJEB37731,90,menstrual phase,adult,,female,DK,other_infection,160 healthy women,,,no,2018-01,primary,1.0,0.176
SAMEA122895134,PRJEB37731,90,,adult,8035.5,female,DK,healthy_control,160 healthy women,,,no,2017,excluded,1.0,0.106
SAMEA122895135,PRJEB37731,90,,adult,8035.5,female,DK,healthy_control,160 healthy women,,,no,2017,excluded,1.0,0.055
SAMEA6662628,PRJEB37731,91,follicular phase,adult,,female,DK,healthy_control,160 healthy women,,,no,2018-01,excluded,1.0,0.209
SAMEA6663097,PRJEB37731,91,follicular phase,adult,,female,DK,healthy_control,160 healthy women,,,no,2018-01,primary,1.0,0.316
SAMEA6662785,PRJEB37731,91,luteal phase,adult,,female,DK,healthy_control,160 healthy women,,,no,2018-01,excluded,1.0,0.115
SAMEA6663255,PRJEB37731,91,luteal phase,adult,,female,DK,healthy_control,160 healthy women,,,no,2018-01,primary,1.0,0.184
SAMEA6661994,PRJEB37731,91,menstrual phase,adult,,female,DK,healthy_control,160 healthy women,,,no,2018-01,excluded,1.0,0.378
SAMEA6662471,PRJEB37731,91,menstrual phase,adult,,female,DK,healthy_control,160 healthy women,,,no,2018-01,excluded,1.0,0.206
SAMEA6662940,PRJEB37731,91,menstrual phase,adult,,female,DK,healthy_control,160 healthy women,,,no,2018-01,primary,1.0,0.128
SAMEA6663411,PRJEB37731,91,menstrual phase,adult,,female,DK,healthy_control,160 healthy women,,,no,2018-01,primary,1.0,0.144
SAMEA122895136,PRJEB37731,91,,adult,8391.0,female,DK,healthy_control,160 healthy women,,,no,2017,excluded,1.0,0.02
SAMEA122895137,PRJEB37731,91,,adult,8391.0,female,DK,healthy_control,160 healthy women,,,no,2017,excluded,1.0,0.01
SAMEA6662629,PRJEB37731,92,follicular phase,adult,,female,DK,healthy_control,160 healthy women,,,no,2018-01,excluded,1.0,0.285
SAMEA6663098,PRJEB37731,92,follicular phase,adult,,female,DK,healthy_control,160 healthy women,,,no,2018-01,primary,1.0,0.343
SAMEA6662786,PRJEB37731,92,luteal phase,adult,,female,DK,healthy_control,160 healthy women,,,no,2018-01,excluded,1.0,0.064
SAMEA6663256,PRJEB37731,92,luteal phase,adult,,female,DK,healthy_control,160 healthy women,,,no,2018-01,primary,1.0,0.202
SAMEA6661995,PRJEB37731,92,menstrual phase,adult,,female,DK,healthy_control,160 healthy women,,,no,2018-01,excluded,1.0,0.185
SAMEA6662472,PRJEB37731,92,menstrual phase,adult,,female,DK,healthy_control,160 healthy women,,,no,2018-01,excluded,1.0,0.264
SAMEA6662941,PRJEB37731,92,menstrual phase,adult,,female,DK,healthy_control,160 healthy women,,,no,2018-01,primary,1.0,0.171
SAMEA6663412,PRJEB37731,92,menstrual phase,adult,,female,DK,healthy_control,160 healthy women,,,no,2018-01,primary,1.0,0.178
SAMEA122895138,PRJEB37731,92,,adult,9496.5,female,DK,healthy_control,160 healthy women,,,no,2017,excluded,1.0,0.007
SAMEA122895139,PRJEB37731,92,,adult,9496.5,female,DK,healthy_control,160 healthy women,,,no,2017,excluded,1.0,0.007
SAMEA112858416,PRJEB37731,93,day 10,adult,8035.5,female,DK,neurological_psychiatric,migraine,,,no,2017-11-02,excluded,1.0,0.449
SAMEA112858417,PRJEB37731,93,day 12,adult,8035.5,female,DK,neurological_psychiatric,migraine,,,no,2017-11-04,excluded,1.0,0.744
SAMEA112858418,PRJEB37731,93,day 13,adult,8035.5,female,DK,neurological_psychiatric,migraine,,,no,2017-11-05,excluded,1.0,0.263
SAMEA112858419,PRJEB37731,93,day 14,adult,8035.5,female,DK,neurological_psychiatric,migraine,,,no,2017-11-06,excluded,1.0,0.222
SAMEA112858420,PRJEB37731,93,day 15,adult,8035.5,female,DK,neurological_psychiatric,migraine,,,no,2017-11-07,excluded,1.0,0.104
SAMEA112858421,PRJEB37731,93,day 16,adult,8035.5,female,DK,neurological_psychiatric,migraine,,,no,2017-11-08,excluded,1.0,0.099
SAMEA112858422,PRJEB37731,93,day 17,adult,8035.5,female,DK,neurological_psychiatric,migraine,,,no,2017-11-09,excluded,1.0,0.088
SAMEA112858423,PRJEB37731,93,day 19,adult,8035.5,female,DK,neurological_psychiatric,migraine,,,no,2017-11-11,excluded,1.0,0.084
SAMEA112858424,PRJEB37731,93,day 20,adult,8035.5,female,DK,neurological_psychiatric,migraine,,,no,2017-11-12,excluded,1.0,0.122
SAMEA112858425,PRJEB37731,93,day 21,adult,8035.5,female,DK,neurological_psychiatric,migraine,,,no,2017-11-13,excluded,1.0,0.117
SAMEA112858426,PRJEB37731,93,day 22,adult,8035.5,female,DK,neurological_psychiatric,migraine,,,no,2017-11-14,excluded,1.0,0.187
SAMEA112858427,PRJEB37731,93,day 23,adult,8035.5,female,DK,neurological_psychiatric,migraine,,,no,2017-11-15,excluded,1.0,0.319
SAMEA112858428,PRJEB37731,93,day 24,adult,8035.5,female,DK,neurological_psychiatric,migraine,,,no,2017-11-16,excluded,1.0,0.347
SAMEA112858429,PRJEB37731,93,day 25,adult,8035.5,female,DK,neurological_psychiatric,migraine,,,no,2017-11-17,excluded,1.0,0.508
SAMEA112858430,PRJEB37731,93,day 26,adult,8035.5,female,DK,neurological_psychiatric,migraine,,,no,2017-11-18,excluded,1.0,0.207
SAMEA112858431,PRJEB37731,93,day 27,adult,8035.5,female,DK,neurological_psychiatric,migraine,,,no,2017-11-19,excluded,1.0,0.401
SAMEA112858432,PRJEB37731,93,day 28,adult,8035.5,female,DK,neurological_psychiatric,migraine,,,no,2017-11-20,excluded,1.0,0.26
SAMEA112858433,PRJEB37731,93,day 29,adult,8035.5,female,DK,neurological_psychiatric,migraine,,,no,2017-11-21,excluded,1.0,0.195
SAMEA112858434,PRJEB37731,93,day 30,adult,8035.5,female,DK,neurological_psychiatric,migraine,,,no,2017-11-22,excluded,1.0,0.168
SAMEA112858435,PRJEB37731,93,day 31,adult,8035.5,female,DK,neurological_psychiatric,migraine,,,no,2017-11-23,excluded,1.0,0.096
SAMEA112858436,PRJEB37731,93,day 32,adult,8035.5,female,DK,neurological_psychiatric,migraine,,,no,2017-11-24,excluded,1.0,0.294
SAMEA112858410,PRJEB37731,93,day 4,adult,8035.5,female,DK,neurological_psychiatric,migraine,,,no,2017-10-27,excluded,1.0,0.078
SAMEA112858411,PRJEB37731,93,day 5,adult,8035.5,female,DK,neurological_psychiatric,migraine,,,no,2017-10-28,excluded,1.0,0.094
SAMEA112858412,PRJEB37731,93,day 6,adult,8035.5,female,DK,neurological_psychiatric,migraine,,,no,2017-10-29,excluded,1.0,0.215
SAMEA112858413,PRJEB37731,93,day 7,adult,8035.5,female,DK,neurological_psychiatric,migraine,,,no,2017-10-30,excluded,1.0,0.513
SAMEA112858414,PRJEB37731,93,day 8,adult,8035.5,female,DK,neurological_psychiatric,migraine,,,no,2017-10-31,excluded,1.0,0.237
SAMEA112858415,PRJEB37731,93,day 9,adult,8035.5,female,DK,neurological_psychiatric,migraine,,,no,2017-11-01,excluded,1.0,0.693
SAMEA6662630,PRJEB37731,93,follicular phase,adult,,female,DK,healthy_control,160 healthy women,,,no,2018-01,excluded,1.0,0.125
SAMEA6663099,PRJEB37731,93,follicular phase,adult,,female,DK,healthy_control,160 healthy women,,,no,2018-01,primary,1.0,0.166
SAMEA6662787,PRJEB37731,93,luteal phase,adult,,female,DK,healthy_control,160 healthy women,,,no,2018-01,excluded,1.0,0.162
SAMEA6663257,PRJEB37731,93,luteal phase,adult,,female,DK,healthy_control,160 healthy women,,,no,2018-01,primary,1.0,0.193
SAMEA6661996,PRJEB37731,93,menstrual phase,adult,,female,DK,healthy_control,160 healthy women,,,no,2018-01,excluded,1.0,0.165
SAMEA6662942,PRJEB37731,93,menstrual phase,adult,,female,DK,healthy_control,160 healthy women,,,no,2018-01,primary,1.0,0.161
SAMEA122895140,PRJEB37731,93,,adult,8035.5,female,DK,healthy_control,160 healthy women,,,no,2017,excluded,1.0,0.004
SAMEA122895141,PRJEB37731,93,,adult,8035.5,female,DK,healthy_control,160 healthy women,,,no,2017,excluded,1.0,0.001
SAMEA6662631,PRJEB37731,94,follicular phase,adult,,female,DK,healthy_control,160 healthy women,,,no,2018-01,excluded,1.0,0.232
SAMEA6663100,PRJEB37731,94,follicular phase,adult,,female,DK,healthy_control,160 healthy women,,,no,2018-01,primary,1.0,0.297
SAMEA6662788,PRJEB37731,94,luteal phase,adult,,female,DK,healthy_control,160 healthy women,,,no,2018-01,excluded,1.0,0.416
SAMEA6663258,PRJEB37731,94,luteal phase,adult,,female,DK,healthy_control,160 healthy women,,,no,2018-01,primary,1.0,0.121
SAMEA6661997,PRJEB37731,94,menstrual phase,adult,,female,DK,healthy_control,160 healthy women,,,no,2018-01,excluded,1.0,0.158
SAMEA6662473,PRJEB37731,94,menstrual phase,adult,,female,DK,healthy_control,160 healthy women,,,no,2018-01,excluded,1.0,0.262
SAMEA6662943,PRJEB37731,94,menstrual phase,adult,,female,DK,healthy_control,160 healthy women,,,no,2018-01,primary,1.0,0.158
SAMEA6663413,PRJEB37731,94,menstrual phase,adult,,female,DK,healthy_control,160 healthy women,,,no,2018-01,primary,1.0,0.24
SAMEA122895142,PRJEB37731,94,,adult,14610.0,female,DK,healthy_control,160 healthy women,,,no,2017,excluded,1.0,0.035
SAMEA122895143,PRJEB37731,94,,adult,14610.0,female,DK,healthy_control,160 healthy women,,,no,2017,excluded,1.0,0.023
SAMEA112858442,PRJEB37731,95,day 10,adult,10234.0,female,DK,healthy_control,160 healthy women,,,no,2017-11-06,excluded,1.0,0.211
SAMEA112858443,PRJEB37731,95,day 11,adult,10234.0,female,DK,healthy_control,160 healthy women,,,no,2017-11-07,excluded,1.0,0.318
SAMEA112858445,PRJEB37731,95,day 12,adult,10234.0,female,DK,healthy_control,160 healthy women,,,no,2017-11-08,excluded,1.0,0.32
SAMEA112858446,PRJEB37731,95,day 13,adult,10234.0,female,DK,healthy_control,160 healthy women,,,no,2017-11-09,excluded,1.0,0.377
SAMEA112858447,PRJEB37731,95,day 14,adult,10234.0,female,DK,healthy_control,160 healthy women,,,no,2017-11-10,excluded,1.0,0.443
SAMEA112858448,PRJEB37731,95,day 15,adult,10234.0,female,DK,healthy_control,160 healthy women,,,no,2017-11-11,excluded,1.0,0.552
SAMEA112858449,PRJEB37731,95,day 16,adult,10234.0,female,DK,healthy_control,160 healthy women,,,no,2017-11-12,excluded,1.0,0.369
SAMEA112858450,PRJEB37731,95,day 18,adult,10234.0,female,DK,healthy_control,160 healthy women,,,no,2017-11-14,excluded,1.0,0.362
SAMEA112858451,PRJEB37731,95,day 19,adult,10234.0,female,DK,healthy_control,160 healthy women,,,no,2017-11-15,excluded,1.0,0.684
SAMEA112858452,PRJEB37731,95,day 20,adult,10234.0,female,DK,healthy_control,160 healthy women,,,no,2017-11-16,excluded,1.0,0.364
SAMEA112858453,PRJEB37731,95,day 21,adult,10234.0,female,DK,healthy_control,160 healthy women,,,no,2017-11-17,excluded,1.0,0.399
SAMEA112858454,PRJEB37731,95,day 22,adult,10234.0,female,DK,healthy_control,160 healthy women,,,no,2017-11-18,excluded,1.0,0.511
SAMEA112858455,PRJEB37731,95,day 23,adult,10234.0,female,DK,healthy_control,160 healthy women,,,no,2017-11-19,excluded,1.0,0.546
SAMEA112858456,PRJEB37731,95,day 24,adult,10234.0,female,DK,healthy_control,160 healthy women,,,no,2017-11-20,excluded,1.0,0.612
SAMEA112858457,PRJEB37731,95,day 26,adult,10234.0,female,DK,healthy_control,160 healthy women,,,no,2017-11-22,excluded,1.0,0.316
SAMEA112858458,PRJEB37731,95,day 27,adult,10234.0,female,DK,healthy_control,160 healthy women,,,no,2017-11-23,excluded,1.0,0.314
SAMEA112858459,PRJEB37731,95,day 28,adult,10234.0,female,DK,healthy_control,160 healthy women,,,no,2017-11-24,excluded,1.0,0.196
SAMEA112858460,PRJEB37731,95,day 29,adult,10234.0,female,DK,healthy_control,160 healthy women,,,no,2017-11-25,excluded,1.0,0.396
SAMEA112858461,PRJEB37731,95,day 30,adult,10234.0,female,DK,healthy_control,160 healthy women,,,no,2017-11-26,excluded,1.0,0.604
SAMEA112858462,PRJEB37731,95,day 31,adult,10234.0,female,DK,healthy_control,160 healthy women,,,no,2017-11-27,excluded,1.0,0.347
SAMEA112858463,PRJEB37731,95,day 32,adult,10234.0,female,DK,healthy_control,160 healthy women,,,no,2017-11-28,excluded,1.0,0.115
SAMEA112858437,PRJEB37731,95,day 4,adult,10234.0,female,DK,healthy_control,160 healthy women,,,no,2017-10-31,excluded,1.0,0.232
SAMEA112858438,PRJEB37731,95,day 5,adult,10234.0,female,DK,healthy_control,160 healthy women,,,no,2017-11-01,excluded,1.0,0.357
SAMEA112858439,PRJEB37731,95,day 6,adult,10234.0,female,DK,healthy_control,160 healthy women,,,no,2017-11-02,excluded,1.0,0.232
SAMEA112858440,PRJEB37731,95,day 7,adult,10234.0,female,DK,healthy_control,160 healthy women,,,no,2017-11-03,excluded,1.0,0.116
SAMEA112858441,PRJEB37731,95,day 9,adult,10234.0,female,DK,healthy_control,160 healthy women,,,no,2017-11-05,excluded,1.0,0.239
SAMEA6662632,PRJEB37731,95,follicular phase,adult,,female,DK,healthy_control,160 healthy women,,,no,2018-01,excluded,1.0,0.051
SAMEA6663101,PRJEB37731,95,follicular phase,adult,,female,DK,healthy_control,160 healthy women,,,no,2018-01,primary,1.0,0.367
SAMEA6662789,PRJEB37731,95,luteal phase,adult,,female,DK,healthy_control,160 healthy women,,,no,2018-01,excluded,1.0,0.119
SAMEA6663259,PRJEB37731,95,luteal phase,adult,,female,DK,healthy_control,160 healthy women,,,no,2018-01,primary,1.0,0.154
SAMEA6661998,PRJEB37731,95,menstrual phase,adult,,female,DK,healthy_control,160 healthy women,,,no,2018-01,excluded,1.0,0.16
SAMEA6662474,PRJEB37731,95,menstrual phase,adult,,female,DK,healthy_control,160 healthy women,,,no,2018-01,excluded,1.0,0.428
SAMEA6662944,PRJEB37731,95,menstrual phase,adult,,female,DK,healthy_control,160 healthy women,,,no,2018-01,primary,1.0,0.248
SAMEA6663414,PRJEB37731,95,menstrual phase,adult,,female,DK,healthy_control,160 healthy women,,,no,2018-01,primary,1.0,0.16
SAMEA122895144,PRJEB37731,95,,adult,10234.0,female,DK,healthy_control,160 healthy women,,,no,2017,excluded,1.0,0.002
SAMEA122895145,PRJEB37731,95,,adult,10234.0,female,DK,healthy_control,160 healthy women,,,no,2017,excluded,1.0,0.008
SAMEA6662633,PRJEB37731,96,follicular phase,adult,,female,DK,healthy_control,160 healthy women,,,no,2018-01,excluded,1.0,0.244
SAMEA6663102,PRJEB37731,96,follicular phase,adult,,female,DK,healthy_control,160 healthy women,,,no,2018-01,primary,1.0,0.245
SAMEA6662790,PRJEB37731,96,luteal phase,adult,,female,DK,healthy_control,160 healthy women,,,no,2018-01,excluded,1.0,0.356
SAMEA6663260,PRJEB37731,96,luteal phase,adult,,female,DK,healthy_control,160 healthy women,,,no,2018-01,primary,1.0,0.207
SAMEA6661999,PRJEB37731,96,menstrual phase,adult,,female,DK,healthy_control,160 healthy women,,,no,2018-01,excluded,1.0,0.186
SAMEA6662475,PRJEB37731,96,menstrual phase,adult,,female,DK,healthy_control,160 healthy women,,,no,2018-01,excluded,1.0,0.594
SAMEA6662945,PRJEB37731,96,menstrual phase,adult,,female,DK,healthy_control,160 healthy women,,,no,2018-01,primary,1.0,0.241
SAMEA6663415,PRJEB37731,96,menstrual phase,adult,,female,DK,healthy_control,160 healthy women,,,no,2018-01,primary,1.0,0.167
SAMEA122895146,PRJEB37731,96,,adult,9496.5,female,DK,healthy_control,160 healthy women,,,no,2017,excluded,1.0,0.002
SAMEA122895147,PRJEB37731,96,,adult,9496.5,female,DK,healthy_control,160 healthy women,,,no,2017,excluded,1.0,0.007
SAMEA112858470,PRJEB37731,97,day 10,adult,7305.0,female,DK,allergy_or_atopy,allergies,,,no,2017-11-06,excluded,1.0,0.219
SAMEA112858471,PRJEB37731,97,day 12,adult,7305.0,female,DK,allergy_or_atopy,allergies,,,no,2017-11-08,excluded,1.0,0.512
SAMEA112858472,PRJEB37731,97,day 13,adult,7305.0,female,DK,allergy_or_atopy,allergies,,,no,2017-11-09,excluded,1.0,0.337
SAMEA112858473,PRJEB37731,97,day 14,adult,7305.0,female,DK,allergy_or_atopy,allergies,,,no,2017-11-10,excluded,1.0,0.338
SAMEA112858474,PRJEB37731,97,day 15,adult,7305.0,female,DK,allergy_or_atopy,allergies,,,no,2017-11-11,excluded,1.0,0.207
SAMEA112858475,PRJEB37731,97,day 16,adult,7305.0,female,DK,allergy_or_atopy,allergies,,,no,2017-11-12,excluded,1.0,0.209
SAMEA112858476,PRJEB37731,97,day 17,adult,7305.0,female,DK,allergy_or_atopy,allergies,,,no,2017-11-13,excluded,1.0,0.379
SAMEA112858477,PRJEB37731,97,day 19,adult,7305.0,female,DK,allergy_or_atopy,allergies,,,no,2017-11-15,excluded,1.0,0.472
SAMEA112858478,PRJEB37731,97,day 20,adult,7305.0,female,DK,allergy_or_atopy,allergies,,,no,2017-11-16,excluded,1.0,0.478
SAMEA112858479,PRJEB37731,97,day 21,adult,7305.0,female,DK,allergy_or_atopy,allergies,,,no,2017-11-17,excluded,1.0,0.503
SAMEA112858480,PRJEB37731,97,day 22,adult,7305.0,female,DK,allergy_or_atopy,allergies,,,no,2017-11-18,excluded,1.0,0.278
SAMEA112858481,PRJEB37731,97,day 23,adult,7305.0,female,DK,allergy_or_atopy,allergies,,,no,2017-11-19,excluded,1.0,0.492
SAMEA112858482,PRJEB37731,97,day 24,adult,7305.0,female,DK,allergy_or_atopy,allergies,,,no,2017-11-20,excluded,1.0,0.552
SAMEA112858483,PRJEB37731,97,day 25,adult,7305.0,female,DK,allergy_or_atopy,allergies,,,no,2017-11-21,excluded,1.0,0.319
SAMEA112858484,PRJEB37731,97,day 26,adult,7305.0,female,DK,allergy_or_atopy,allergies,,,no,2017-11-22,excluded,1.0,1.436
SAMEA112858485,PRJEB37731,97,day 27,adult,7305.0,female,DK,allergy_or_atopy,allergies,,,no,2017-11-23,excluded,1.0,0.207
SAMEA112858486,PRJEB37731,97,day 28,adult,7305.0,female,DK,allergy_or_atopy,allergies,,,no,2017-11-24,excluded,1.0,0.156
SAMEA112858487,PRJEB37731,97,day 29,adult,7305.0,female,DK,allergy_or_atopy,allergies,,,no,2017-11-25,excluded,1.0,0.414
SAMEA112858488,PRJEB37731,97,day 30,adult,7305.0,female,DK,allergy_or_atopy,allergies,,,no,2017-11-26,excluded,1.0,0.611
SAMEA112858490,PRJEB37731,97,day 31,adult,7305.0,female,DK,allergy_or_atopy,allergies,,,no,2017-11-27,excluded,1.0,0.45
SAMEA112858464,PRJEB37731,97,day 4,adult,7305.0,female,DK,allergy_or_atopy,allergies,,,no,2017-10-31,excluded,1.0,0.376
SAMEA112858465,PRJEB37731,97,day 5,adult,7305.0,female,DK,allergy_or_atopy,allergies,,,no,2017-11-01,excluded,1.0,0.799
SAMEA112858466,PRJEB37731,97,day 6,adult,7305.0,female,DK,allergy_or_atopy,allergies,,,no,2017-11-02,excluded,1.0,0.423
SAMEA112858467,PRJEB37731,97,day 7,adult,7305.0,female,DK,allergy_or_atopy,allergies,,,no,2017-11-03,excluded,1.0,0.21
SAMEA112858468,PRJEB37731,97,day 8,adult,7305.0,female,DK,allergy_or_atopy,allergies,,,no,2017-11-04,excluded,1.0,0.255
SAMEA112858469,PRJEB37731,97,day 9,adult,7305.0,female,DK,allergy_or_atopy,allergies,,,no,2017-11-05,excluded,1.0,0.295
SAMEA6662634,PRJEB37731,97,follicular phase,adult,,female,DK,allergy_or_atopy,allergies,,,no,2018-01,excluded,1.0,0.411
SAMEA6663103,PRJEB37731,97,follicular phase,adult,,female,DK,allergy_or_atopy,allergies,,,no,2018-01,primary,1.0,0.429
SAMEA6662791,PRJEB37731,97,luteal phase,adult,,female,DK,allergy_or_atopy,allergies,,,no,2018-01,excluded,1.0,0.286
SAMEA6663261,PRJEB37731,97,luteal phase,adult,,female,DK,allergy_or_atopy,allergies,,,no,2018-01,primary,1.0,0.323
SAMEA6662000,PRJEB37731,97,menstrual phase,adult,,female,DK,allergy_or_atopy,allergies,,,no,2018-01,excluded,1.0,0.168
SAMEA6662476,PRJEB37731,97,menstrual phase,adult,,female,DK,allergy_or_atopy,allergies,,,no,2018-01,excluded,1.0,0.235
SAMEA6662946,PRJEB37731,97,menstrual phase,adult,,female,DK,allergy_or_atopy,allergies,,,no,2018-01,primary,1.0,0.221
SAMEA6663416,PRJEB37731,97,menstrual phase,adult,,female,DK,allergy_or_atopy,allergies,,,no,2018-01,primary,1.0,0.183
SAMEA122895148,PRJEB37731,97,,adult,7305.0,female,DK,healthy_control,160 healthy women,,,no,2017,excluded,1.0,0.001
SAMEA122895149,PRJEB37731,97,,adult,7305.0,female,DK,healthy_control,160 healthy women,,,no,2017,excluded,1.0,0.012
SAMEA112858495,PRJEB37731,98,day 10,adult,8035.5,female,DK,other_infection,160 healthy women,,,no,2017-11-08,excluded,1.0,0.197
SAMEA112858496,PRJEB37731,98,day 11,adult,8035.5,female,DK,other_infection,160 healthy women,,,no,2017-11-09,excluded,1.0,0.135
SAMEA112858497,PRJEB37731,98,day 12,adult,8035.5,female,DK,other_infection,160 healthy women,,,no,2017-11-10,excluded,1.0,0.171
SAMEA112858498,PRJEB37731,98,day 13,adult,8035.5,female,DK,other_infection,160 healthy women,,,no,2017-11-11,excluded,1.0,0.205
SAMEA112858499,PRJEB37731,98,day 14,adult,8035.5,female,DK,other_infection,160 healthy women,,,no,2017-11-12,excluded,1.0,0.253
SAMEA112858500,PRJEB37731,98,day 15,adult,8035.5,female,DK,other_infection,160 healthy women,,,no,2017-11-13,excluded,1.0,0.286
SAMEA112858501,PRJEB37731,98,day 16,adult,8035.5,female,DK,other_infection,160 healthy women,,,no,2017-11-14,excluded,1.0,0.418
SAMEA112858502,PRJEB37731,98,day 17,adult,8035.5,female,DK,other_infection,160 healthy women,,,no,2017-11-15,excluded,1.0,0.473
SAMEA112858503,PRJEB37731,98,day 18,adult,8035.5,female,DK,other_infection,160 healthy women,,,no,2017-11-16,excluded,1.0,0.314
SAMEA112858504,PRJEB37731,98,day 20,adult,8035.5,female,DK,other_infection,160 healthy women,,,no,2017-11-18,excluded,1.0,0.288
SAMEA112858505,PRJEB37731,98,day 21,adult,8035.5,female,DK,other_infection,160 healthy women,,,no,2017-11-19,excluded,1.0,0.216
SAMEA112858506,PRJEB37731,98,day 22,adult,8035.5,female,DK,other_infection,160 healthy women,,,no,2017-11-20,excluded,1.0,0.481
SAMEA112858507,PRJEB37731,98,day 23,adult,8035.5,female,DK,other_infection,160 healthy women,,,no,2017-11-21,excluded,1.0,1.018
SAMEA112858508,PRJEB37731,98,day 24,adult,8035.5,female,DK,other_infection,160 healthy women,,,no,2017-11-22,excluded,1.0,0.799
SAMEA112858509,PRJEB37731,98,day 25,adult,8035.5,female,DK,other_infection,160 healthy women,,,no,2017-11-23,excluded,1.0,0.672
SAMEA112858510,PRJEB37731,98,day 26,adult,8035.5,female,DK,other_infection,160 healthy women,,,no,2017-11-24,excluded,1.0,1.101
SAMEA112858511,PRJEB37731,98,day 27,adult,8035.5,female,DK,other_infection,160 healthy women,,,no,2017-11-25,excluded,1.0,0.77
SAMEA112858512,PRJEB37731,98,day 28,adult,8035.5,female,DK,other_infection,160 healthy women,,,no,2017-11-26,excluded,1.0,0.48
SAMEA112858513,PRJEB37731,98,day 29,adult,8035.5,female,DK,other_infection,160 healthy women,,,no,2017-11-27,excluded,1.0,0.551
SAMEA112858514,PRJEB37731,98,day 30,adult,8035.5,female,DK,other_infection,160 healthy women,,,no,2017-11-28,excluded,1.0,0.858
SAMEA112858515,PRJEB37731,98,day 31,adult,8035.5,female,DK,other_infection,160 healthy women,,,no,2017-11-29,excluded,1.0,0.481
SAMEA112858516,PRJEB37731,98,day 32,adult,8035.5,female,DK,other_infection,160 healthy women,,,no,2017-11-30,excluded,1.0,0.762
SAMEA112858491,PRJEB37731,98,day 4,adult,8035.5,female,DK,other_infection,160 healthy women,,,no,2017-11-02,excluded,1.0,0.0
SAMEA112858492,PRJEB37731,98,day 5,adult,8035.5,female,DK,other_infection,160 healthy women,,,no,2017-11-03,excluded,1.0,0.433
SAMEA112858493,PRJEB37731,98,day 6,adult,8035.5,female,DK,other_infection,160 healthy women,,,no,2017-11-04,excluded,1.0,0.084
SAMEA112858494,PRJEB37731,98,day 9,adult,8035.5,female,DK,other_infection,160 healthy women,,,no,2017-11-07,excluded,1.0,0.148
SAMEA6662635,PRJEB37731,98,follicular phase,adult,,female,DK,other_infection,160 healthy women,,,no,2018-01,excluded,1.0,0.419
SAMEA6663104,PRJEB37731,98,follicular phase,adult,,female,DK,other_infection,160 healthy women,,,no,2018-01,primary,1.0,0.168
SAMEA6662792,PRJEB37731,98,luteal phase,adult,,female,DK,other_infection,160 healthy women,,,no,2018-01,excluded,1.0,0.35
SAMEA6663262,PRJEB37731,98,luteal phase,adult,,female,DK,other_infection,160 healthy women,,,no,2018-01,primary,1.0,0.332
SAMEA6662001,PRJEB37731,98,menstrual phase,adult,,female,DK,other_infection,160 healthy women,,,no,2018-01,excluded,1.0,0.181
SAMEA6662477,PRJEB37731,98,menstrual phase,adult,,female,DK,other_infection,160 healthy women,,,no,2018-01,excluded,1.0,0.187
SAMEA6662947,PRJEB37731,98,menstrual phase,adult,,female,DK,other_infection,160 healthy women,,,no,2018-01,primary,1.0,0.134
SAMEA6663417,PRJEB37731,98,menstrual phase,adult,,female,DK,other_infection,160 healthy women,,,no,2018-01,primary,1.0,0.26
SAMEA122895150,PRJEB37731,98,,adult,8035.5,female,DK,healthy_control,160 healthy women,,,no,2017,excluded,1.0,0.001
SAMEA122895151,PRJEB37731,98,,adult,8035.5,female,DK,healthy_control,160 healthy women,,,no,2017,excluded,1.0,0.03
SAMEA6662636,PRJEB37731,99,follicular phase,adult,,female,DK,allergy_or_atopy,allergies,,,no,2018-01,excluded,1.0,0.187
SAMEA6663105,PRJEB37731,99,follicular phase,adult,,female,DK,allergy_or_atopy,allergies,,,no,2018-01,primary,1.0,0.169
SAMEA6662793,PRJEB37731,99,luteal phase,adult,,female,DK,allergy_or_atopy,allergies,,,no,2018-01,excluded,1.0,0.267
SAMEA6663263,PRJEB37731,99,luteal phase,adult,,female,DK,allergy_or_atopy,allergies,,,no,2018-01,primary,1.0,0.07
SAMEA6662002,PRJEB37731,99,menstrual phase,adult,,female,DK,allergy_or_atopy,allergies,,,no,2018-01,excluded,1.0,0.262
SAMEA6662478,PRJEB37731,99,menstrual phase,adult,,female,DK,allergy_or_atopy,allergies,,,no,2018-01,excluded,1.0,0.152
SAMEA6662948,PRJEB37731,99,menstrual phase,adult,,female,DK,allergy_or_atopy,allergies,,,no,2018-01,primary,1.0,0.384
SAMEA6663419,PRJEB37731,99,menstrual phase,adult,,female,DK,allergy_or_atopy,allergies,,,no,2018-01,primary,1.0,0.177
SAMEA122895152,PRJEB37731,99,,adult,7305.0,female,DK,healthy_control,160 healthy women,,,no,2017,excluded,1.0,0.003
SAMEA122895153,PRJEB37731,99,,adult,7305.0,female,DK,healthy_control,160 healthy women,,,no,2017,excluded,1.0,0.011
