sample_key,study_accession,subject_id,timepoint_label,age_category,age_at_collection_days,sex,country,health_condition,health_condition_detail,intervention,intervention_detail,antibiotic_exposure,collection_date,body_site_class,n_runs,seq_gbp
SAMEA4357768,PRJEB14941,MINH05UP,visit2,adult,8401.0,female,TZ,malnutrition,,,,,,primary,1.0,0.002
SAMEA4357769,PRJEB14941,MINH05UP,visit2,adult,8401.0,female,TZ,malnutrition,,,,,,excluded,1.0,0.004
SAMEA4357770,PRJEB14941,MINH05UP,visit2,adult,8401.0,female,TZ,,,,,,,linked,1.0,0.003
SAMEA4357174,PRJEB14941,MNIH01UP,birth,infant,,female,TZ,malnutrition,,,,,,primary,1.0,0.001
SAMEA4357175,PRJEB14941,MNIH01UP,birth,infant,,female,TZ,malnutrition,,,,,,excluded,1.0,0.003
SAMEA4357176,PRJEB14941,MNIH01UP,birth,neonate,0.0,female,TZ,malnutrition,,,,,,primary,1.0,0.003
SAMEA4357177,PRJEB14941,MNIH01UP,birth,neonate,0.0,female,TZ,malnutrition,,,,,,excluded,1.0,0.005
SAMEA4357608,PRJEB14941,MNIH01UP,visit1,adult,7670.0,female,TZ,malnutrition,,,,,,primary,1.0,0.001
SAMEA4357609,PRJEB14941,MNIH01UP,visit1,adult,7670.0,female,TZ,malnutrition,,,,,,excluded,1.0,0.002
SAMEA4357610,PRJEB14941,MNIH01UP,visit1,adult,7670.0,female,TZ,,,,,,,linked,1.0,0.001
SAMEA4357763,PRJEB14941,MNIH01UP,visit2,adult,7670.0,female,TZ,malnutrition,,,,,,primary,1.0,0.003
SAMEA4357764,PRJEB14941,MNIH01UP,visit2,adult,7670.0,female,TZ,malnutrition,,,,,,excluded,1.0,0.002
SAMEA4357912,PRJEB14941,MNIH01UP,visit3,adult,7670.0,female,TZ,malnutrition,,,,,,primary,1.0,0.0
SAMEA4357913,PRJEB14941,MNIH01UP,visit3,adult,7670.0,female,TZ,malnutrition,,,,,,excluded,1.0,0.001
SAMEA4357914,PRJEB14941,MNIH01UP,visit3,adult,7670.0,female,TZ,,,,,,,linked,1.0,0.002
SAMEA4358031,PRJEB14941,MNIH01UP,visit4,adult,7670.0,female,TZ,malnutrition,,,,,,primary,1.0,0.002
SAMEA4358032,PRJEB14941,MNIH01UP,visit4,adult,7670.0,female,TZ,,,,,,,linked,1.0,0.003
SAMEA4357366,PRJEB14941,MNIH01UP,,adult,7670.0,female,TZ,,,,,,,linked,1.0,0.007
SAMEA4357367,PRJEB14941,MNIH01UP,,adult,7670.0,female,TZ,malnutrition,,,,,,primary,1.0,0.003
SAMEA4357368,PRJEB14941,MNIH01UP,,adult,7670.0,female,TZ,malnutrition,,,,,,excluded,1.0,0.002
SAMEA4357369,PRJEB14941,MNIH01UP,,adult,7670.0,female,TZ,,,,,,,linked,1.0,0.003
SAMEA4357370,PRJEB14941,MNIH01UP,,neonate,8.0,female,TZ,malnutrition,,,,,,primary,1.0,0.002
SAMEA4357371,PRJEB14941,MNIH01UP,,neonate,8.0,female,TZ,malnutrition,,,,,,excluded,1.0,0.003
SAMEA4357178,PRJEB14941,MNIH02UP,birth,,,female,TZ,,,,,,,linked,1.0,0.004
SAMEA4357179,PRJEB14941,MNIH02UP,birth,infant,,female,TZ,malnutrition,,,,,,primary,1.0,0.001
SAMEA4357180,PRJEB14941,MNIH02UP,birth,infant,,female,TZ,malnutrition,,,,,,excluded,1.0,0.002
SAMEA4357181,PRJEB14941,MNIH02UP,birth,,,female,TZ,,,,,,,linked,1.0,0.001
SAMEA4357182,PRJEB14941,MNIH02UP,birth,neonate,0.0,female,TZ,malnutrition,,,,,,primary,1.0,0.002
SAMEA4357183,PRJEB14941,MNIH02UP,birth,neonate,0.0,female,TZ,malnutrition,,,,,,excluded,1.0,0.004
SAMEA4357611,PRJEB14941,MNIH02UP,visit1,adult,6940.0,female,TZ,malnutrition,,,,,,primary,1.0,0.005
SAMEA4357612,PRJEB14941,MNIH02UP,visit1,adult,6940.0,female,TZ,malnutrition,,,,,,excluded,1.0,0.012
SAMEA4357613,PRJEB14941,MNIH02UP,visit1,adult,6940.0,female,TZ,,,,,,,linked,1.0,0.002
SAMEA4357765,PRJEB14941,MNIH02UP,visit2,adult,6940.0,female,TZ,malnutrition,,,,,,primary,1.0,0.005
SAMEA4357766,PRJEB14941,MNIH02UP,visit2,adult,6940.0,female,TZ,malnutrition,,,,,,excluded,1.0,0.005
SAMEA4357767,PRJEB14941,MNIH02UP,visit2,adult,6940.0,female,TZ,,,,,,,linked,1.0,0.002
SAMEA4357915,PRJEB14941,MNIH02UP,visit3,adult,6940.0,female,TZ,malnutrition,,,,,,primary,1.0,0.002
SAMEA4357916,PRJEB14941,MNIH02UP,visit3,adult,6940.0,female,TZ,malnutrition,,,,,,excluded,1.0,0.004
SAMEA4357917,PRJEB14941,MNIH02UP,visit3,adult,6940.0,female,TZ,,,,,,,linked,1.0,0.003
SAMEA4358033,PRJEB14941,MNIH02UP,visit4,adult,6940.0,female,TZ,malnutrition,,,,,,primary,1.0,0.004
SAMEA4358034,PRJEB14941,MNIH02UP,visit4,adult,6940.0,female,TZ,malnutrition,,,,,,excluded,1.0,0.001
SAMEA4358035,PRJEB14941,MNIH02UP,visit4,adult,6940.0,female,TZ,,,,,,,linked,1.0,0.002
SAMEA4358182,PRJEB14941,MNIH02UP,visit5,adult,6940.0,female,TZ,malnutrition,,,,,,primary,1.0,0.002
SAMEA4358183,PRJEB14941,MNIH02UP,visit5,adult,6940.0,female,TZ,malnutrition,,,,,,excluded,1.0,0.003
SAMEA4358184,PRJEB14941,MNIH02UP,visit5,adult,6940.0,female,TZ,,,,,,,linked,1.0,0.002
SAMEA4357372,PRJEB14941,MNIH02UP,,adult,6940.0,female,TZ,,,,,,,linked,1.0,0.002
SAMEA4357373,PRJEB14941,MNIH02UP,,adult,6940.0,female,TZ,malnutrition,,,,,,primary,1.0,0.006
SAMEA4357374,PRJEB14941,MNIH02UP,,adult,6940.0,female,TZ,malnutrition,,,,,,excluded,1.0,0.003
SAMEA4357375,PRJEB14941,MNIH02UP,,adult,6940.0,female,TZ,,,,,,,linked,1.0,0.003
SAMEA4357376,PRJEB14941,MNIH02UP,,neonate,14.0,female,TZ,malnutrition,,,,,,primary,1.0,0.002
SAMEA4357377,PRJEB14941,MNIH02UP,,neonate,14.0,female,TZ,malnutrition,,,,,,excluded,1.0,0.001
SAMEA4357614,PRJEB14941,MNIH05UP,visit1,adult,8401.0,female,TZ,malnutrition,,,,,,primary,1.0,0.002
SAMEA4357615,PRJEB14941,MNIH05UP,visit1,adult,8401.0,female,TZ,malnutrition,,,,,,excluded,1.0,0.002
SAMEA4357616,PRJEB14941,MNIH05UP,visit1,adult,8401.0,female,TZ,,,,,,,linked,1.0,0.001
SAMEA4357918,PRJEB14941,MNIH05UP,visit3,adult,8401.0,female,TZ,malnutrition,,,,,,primary,1.0,0.002
SAMEA4357919,PRJEB14941,MNIH05UP,visit3,adult,8401.0,female,TZ,malnutrition,,,,,,excluded,1.0,0.006
SAMEA4357920,PRJEB14941,MNIH05UP,visit3,adult,8401.0,female,TZ,,,,,,,linked,1.0,0.003
SAMEA4358036,PRJEB14941,MNIH05UP,visit4,adult,8401.0,female,TZ,malnutrition,,,,,,primary,1.0,0.003
SAMEA4358037,PRJEB14941,MNIH05UP,visit4,adult,8401.0,female,TZ,malnutrition,,,,,,excluded,1.0,0.005
SAMEA4358038,PRJEB14941,MNIH05UP,visit4,adult,8401.0,female,TZ,,,,,,,linked,1.0,0.002
SAMEA4357378,PRJEB14941,MNIH05UP,,adult,8401.0,female,TZ,,,,,,,linked,1.0,0.003
SAMEA4357379,PRJEB14941,MNIH05UP,,adult,8401.0,female,TZ,malnutrition,,,,,,primary,1.0,0.006
SAMEA4357380,PRJEB14941,MNIH05UP,,adult,8401.0,female,TZ,malnutrition,,,,,,excluded,1.0,0.005
SAMEA4357381,PRJEB14941,MNIH05UP,,adult,8401.0,female,TZ,,,,,,,linked,1.0,0.004
SAMEA4357382,PRJEB14941,MNIH05UP,,infant,29.0,female,TZ,malnutrition,,,,,,primary,1.0,0.012
SAMEA4357383,PRJEB14941,MNIH05UP,,infant,29.0,female,TZ,malnutrition,,,,,,excluded,1.0,0.002
SAMEA4357617,PRJEB14941,MNIH06UP,visit1,adult,13149.0,female,TZ,malnutrition,,,,,,primary,1.0,0.002
SAMEA4357618,PRJEB14941,MNIH06UP,visit1,adult,13149.0,female,TZ,malnutrition,,,,,,excluded,1.0,0.003
SAMEA4357619,PRJEB14941,MNIH06UP,visit1,adult,13149.0,female,TZ,,,,,,,linked,1.0,0.004
SAMEA4357771,PRJEB14941,MNIH06UP,visit2,adult,13149.0,female,TZ,malnutrition,,,,,,primary,1.0,0.004
SAMEA4357772,PRJEB14941,MNIH06UP,visit2,adult,13149.0,female,TZ,malnutrition,,,,,,excluded,1.0,0.002
SAMEA4357773,PRJEB14941,MNIH06UP,visit2,adult,13149.0,female,TZ,,,,,,,linked,1.0,0.002
SAMEA4357921,PRJEB14941,MNIH06UP,visit3,adult,13149.0,female,TZ,malnutrition,,,,,,primary,1.0,0.003
SAMEA4357922,PRJEB14941,MNIH06UP,visit3,adult,13149.0,female,TZ,malnutrition,,,,,,excluded,1.0,0.0
SAMEA4357923,PRJEB14941,MNIH06UP,visit3,adult,13149.0,female,TZ,,,,,,,linked,1.0,0.002
SAMEA4358039,PRJEB14941,MNIH06UP,visit4,adult,13149.0,female,TZ,malnutrition,,,,,,primary,1.0,0.004
SAMEA4358040,PRJEB14941,MNIH06UP,visit4,adult,13149.0,female,TZ,malnutrition,,,,,,excluded,1.0,0.003
SAMEA4358041,PRJEB14941,MNIH06UP,visit4,adult,13149.0,female,TZ,,,,,,,linked,1.0,0.002
SAMEA4358185,PRJEB14941,MNIH06UP,visit5,adult,13149.0,female,TZ,malnutrition,,,,,,primary,1.0,0.002
SAMEA4358186,PRJEB14941,MNIH06UP,visit5,adult,13149.0,female,TZ,malnutrition,,,,,,excluded,1.0,0.003
SAMEA4358187,PRJEB14941,MNIH06UP,visit5,adult,13149.0,female,TZ,,,,,,,linked,1.0,0.003
SAMEA4357184,PRJEB14941,MNIH09UP,birth,,,female,TZ,,,,,,,linked,1.0,0.005
SAMEA4357185,PRJEB14941,MNIH09UP,birth,infant,,female,TZ,malnutrition,,,,,,primary,1.0,0.007
SAMEA4357186,PRJEB14941,MNIH09UP,birth,infant,,female,TZ,malnutrition,,,,,,excluded,1.0,0.002
SAMEA4357187,PRJEB14941,MNIH09UP,birth,neonate,0.0,female,TZ,malnutrition,,,,,,primary,1.0,0.001
SAMEA4357188,PRJEB14941,MNIH09UP,birth,neonate,0.0,female,TZ,malnutrition,,,,,,excluded,1.0,0.004
SAMEA4357620,PRJEB14941,MNIH09UP,visit1,adult,9496.0,female,TZ,malnutrition,,,,,,primary,1.0,0.002
SAMEA4357621,PRJEB14941,MNIH09UP,visit1,adult,9496.0,female,TZ,malnutrition,,,,,,excluded,1.0,0.003
SAMEA4357622,PRJEB14941,MNIH09UP,visit1,adult,9496.0,female,TZ,,,,,,,linked,1.0,0.003
SAMEA4357774,PRJEB14941,MNIH09UP,visit2,adult,9496.0,female,TZ,malnutrition,,,,,,primary,1.0,0.006
SAMEA4357775,PRJEB14941,MNIH09UP,visit2,adult,9496.0,female,TZ,malnutrition,,,,,,excluded,1.0,0.005
SAMEA4357776,PRJEB14941,MNIH09UP,visit2,adult,9496.0,female,TZ,,,,,,,linked,1.0,0.003
SAMEA4358042,PRJEB14941,MNIH09UP,visit4,adult,9496.0,female,TZ,malnutrition,,,,yes,,primary,1.0,0.008
SAMEA4358043,PRJEB14941,MNIH09UP,visit4,adult,9496.0,female,TZ,malnutrition,,,,yes,,excluded,1.0,0.001
SAMEA4358044,PRJEB14941,MNIH09UP,visit4,adult,9496.0,female,TZ,,,,,yes,,linked,1.0,0.004
SAMEA4358188,PRJEB14941,MNIH09UP,visit5,adult,9496.0,female,TZ,malnutrition,,,,,,primary,1.0,0.006
SAMEA4358189,PRJEB14941,MNIH09UP,visit5,adult,9496.0,female,TZ,malnutrition,,,,,,excluded,1.0,0.004
SAMEA4358190,PRJEB14941,MNIH09UP,visit5,adult,9496.0,female,TZ,,,,,,,linked,1.0,0.004
SAMEA4357384,PRJEB14941,MNIH09UP,,adult,9496.0,female,TZ,malnutrition,,,,,,primary,1.0,0.001
SAMEA4357385,PRJEB14941,MNIH09UP,,adult,9496.0,female,TZ,malnutrition,,,,,,excluded,1.0,0.001
SAMEA4357386,PRJEB14941,MNIH09UP,,neonate,12.0,female,TZ,malnutrition,,,,,,primary,1.0,0.002
SAMEA4357387,PRJEB14941,MNIH09UP,,neonate,12.0,female,TZ,malnutrition,,,,,,excluded,1.0,0.004
SAMEA4357189,PRJEB14941,MNIH14UP,birth,,,female,TZ,,,,,,,linked,1.0,0.0
SAMEA4357190,PRJEB14941,MNIH14UP,birth,infant,,female,TZ,malnutrition,,,,,,primary,1.0,0.007
SAMEA4357191,PRJEB14941,MNIH14UP,birth,,,female,TZ,,,,,,,linked,1.0,0.002
SAMEA4357192,PRJEB14941,MNIH14UP,birth,neonate,0.0,female,TZ,malnutrition,,,,,,primary,1.0,0.002
SAMEA4357193,PRJEB14941,MNIH14UP,birth,neonate,0.0,female,TZ,malnutrition,,,,,,excluded,1.0,0.004
SAMEA4357623,PRJEB14941,MNIH14UP,visit1,adolescent,6574.0,female,TZ,malnutrition,,,,,,primary,1.0,0.001
SAMEA4357624,PRJEB14941,MNIH14UP,visit1,adolescent,6574.0,female,TZ,malnutrition,,,,,,excluded,1.0,0.002
SAMEA4357625,PRJEB14941,MNIH14UP,visit1,adolescent,6574.0,female,TZ,,,,,,,linked,1.0,0.002
SAMEA4357777,PRJEB14941,MNIH14UP,visit2,adolescent,6574.0,female,TZ,malnutrition,,,,,,primary,1.0,0.004
SAMEA4357778,PRJEB14941,MNIH14UP,visit2,adolescent,6574.0,female,TZ,malnutrition,,,,,,excluded,1.0,0.003
SAMEA4357779,PRJEB14941,MNIH14UP,visit2,adolescent,6574.0,female,TZ,,,,,,,linked,1.0,0.003
SAMEA4357924,PRJEB14941,MNIH14UP,visit3,adolescent,6574.0,female,TZ,malnutrition,,,,yes,,primary,1.0,0.006
SAMEA4357925,PRJEB14941,MNIH14UP,visit3,adolescent,6574.0,female,TZ,malnutrition,,,,yes,,excluded,1.0,0.013
SAMEA4357926,PRJEB14941,MNIH14UP,visit3,adolescent,6574.0,female,TZ,,,,,yes,,linked,1.0,0.006
SAMEA4358045,PRJEB14941,MNIH14UP,visit4,adolescent,6574.0,female,TZ,malnutrition,,,,,,primary,1.0,0.004
SAMEA4358046,PRJEB14941,MNIH14UP,visit4,adolescent,6574.0,female,TZ,malnutrition,,,,,,excluded,1.0,0.002
SAMEA4358047,PRJEB14941,MNIH14UP,visit4,adolescent,6574.0,female,TZ,,,,,,,linked,1.0,0.007
SAMEA4358191,PRJEB14941,MNIH14UP,visit5,adolescent,6574.0,female,TZ,malnutrition,,,,,,primary,1.0,0.001
SAMEA4358192,PRJEB14941,MNIH14UP,visit5,adolescent,6574.0,female,TZ,malnutrition,,,,,,excluded,1.0,0.011
SAMEA4358193,PRJEB14941,MNIH14UP,visit5,adolescent,6574.0,female,TZ,,,,,,,linked,1.0,0.003
SAMEA4357388,PRJEB14941,MNIH14UP,,adolescent,6574.0,female,TZ,,,,,,,linked,1.0,0.004
SAMEA4357389,PRJEB14941,MNIH14UP,,adolescent,6574.0,female,TZ,malnutrition,,,,,,primary,1.0,0.003
SAMEA4357390,PRJEB14941,MNIH14UP,,adolescent,6574.0,female,TZ,malnutrition,,,,,,excluded,1.0,0.003
SAMEA4357391,PRJEB14941,MNIH14UP,,adolescent,6574.0,female,TZ,,,,,,,linked,1.0,0.003
SAMEA4357392,PRJEB14941,MNIH14UP,,neonate,9.0,female,TZ,malnutrition,,,,,,primary,1.0,0.002
SAMEA4357393,PRJEB14941,MNIH14UP,,neonate,9.0,female,TZ,malnutrition,,,,,,excluded,1.0,0.002
SAMEA4357626,PRJEB14941,MNIH16UP,visit1,adolescent,6574.0,female,TZ,malnutrition,,,,,,primary,1.0,0.001
SAMEA4357627,PRJEB14941,MNIH16UP,visit1,adolescent,6574.0,female,TZ,malnutrition,,,,,,excluded,1.0,0.003
SAMEA4357628,PRJEB14941,MNIH16UP,visit1,adolescent,6574.0,female,TZ,,,,,,,linked,1.0,0.002
SAMEA4357780,PRJEB14941,MNIH16UP,visit2,adolescent,6574.0,female,TZ,malnutrition,,,,,,primary,1.0,0.004
SAMEA4357781,PRJEB14941,MNIH16UP,visit2,adolescent,6574.0,female,TZ,malnutrition,,,,,,excluded,1.0,0.002
SAMEA4357782,PRJEB14941,MNIH16UP,visit2,adolescent,6574.0,female,TZ,,,,,,,linked,1.0,0.003
SAMEA4357927,PRJEB14941,MNIH16UP,visit3,adolescent,6574.0,female,TZ,malnutrition,,,,,,primary,1.0,0.002
SAMEA4357928,PRJEB14941,MNIH16UP,visit3,adolescent,6574.0,female,TZ,malnutrition,,,,,,excluded,1.0,0.0
SAMEA4357929,PRJEB14941,MNIH16UP,visit3,adolescent,6574.0,female,TZ,,,,,,,linked,1.0,0.002
SAMEA4358048,PRJEB14941,MNIH16UP,visit4,adolescent,6574.0,female,TZ,malnutrition,,,,,,primary,1.0,0.004
SAMEA4358049,PRJEB14941,MNIH16UP,visit4,adolescent,6574.0,female,TZ,malnutrition,,,,,,excluded,1.0,0.002
SAMEA4358050,PRJEB14941,MNIH16UP,visit4,adolescent,6574.0,female,TZ,,,,,,,linked,1.0,0.001
SAMEA4358194,PRJEB14941,MNIH16UP,visit5,adolescent,6574.0,female,TZ,malnutrition,,,,,,primary,1.0,0.001
SAMEA4358195,PRJEB14941,MNIH16UP,visit5,adolescent,6574.0,female,TZ,malnutrition,,,,,,excluded,1.0,0.002
SAMEA4358196,PRJEB14941,MNIH16UP,visit5,adolescent,6574.0,female,TZ,,,,,,,linked,1.0,0.002
SAMEA4357394,PRJEB14941,MNIH16UP,,adolescent,6574.0,female,TZ,malnutrition,,,,,,primary,1.0,0.003
SAMEA4357395,PRJEB14941,MNIH16UP,,adolescent,6574.0,female,TZ,malnutrition,,,,,,excluded,1.0,0.004
SAMEA4357396,PRJEB14941,MNIH16UP,,adolescent,6574.0,female,TZ,,,,,,,linked,1.0,0.002
SAMEA4357629,PRJEB14941,MNIH18UP,visit1,adult,8036.0,female,TZ,malnutrition,,,,,,primary,1.0,0.003
SAMEA4357630,PRJEB14941,MNIH18UP,visit1,adult,8036.0,female,TZ,malnutrition,,,,,,excluded,1.0,0.003
SAMEA4357631,PRJEB14941,MNIH18UP,visit1,adult,8036.0,female,TZ,,,,,,,linked,1.0,0.002
SAMEA4357783,PRJEB14941,MNIH18UP,visit2,adult,8036.0,female,TZ,malnutrition,,,,,,primary,1.0,0.005
SAMEA4357784,PRJEB14941,MNIH18UP,visit2,adult,8036.0,female,TZ,,,,,,,linked,1.0,0.001
SAMEA4358051,PRJEB14941,MNIH18UP,visit4,adult,8036.0,female,TZ,malnutrition,,,,,,primary,1.0,0.002
SAMEA4358052,PRJEB14941,MNIH18UP,visit4,adult,8036.0,female,TZ,malnutrition,,,,,,excluded,1.0,0.003
SAMEA4358053,PRJEB14941,MNIH18UP,visit4,adult,8036.0,female,TZ,,,,,,,linked,1.0,0.002
SAMEA4357632,PRJEB14941,MNIH20UP,visit1,adult,7305.0,female,TZ,malnutrition,,,,,,primary,1.0,0.004
SAMEA4357633,PRJEB14941,MNIH20UP,visit1,adult,7305.0,female,TZ,malnutrition,,,,,,excluded,1.0,0.002
SAMEA4357634,PRJEB14941,MNIH20UP,visit1,adult,7305.0,female,TZ,,,,,,,linked,1.0,0.003
SAMEA4357785,PRJEB14941,MNIH20UP,visit2,adult,7305.0,female,TZ,malnutrition,,,,,,primary,1.0,0.0
SAMEA4357786,PRJEB14941,MNIH20UP,visit2,adult,7305.0,female,TZ,malnutrition,,,,,,excluded,1.0,0.009
SAMEA4357787,PRJEB14941,MNIH20UP,visit2,adult,7305.0,female,TZ,,,,,,,linked,1.0,0.005
SAMEA4358054,PRJEB14941,MNIH20UP,visit4,adult,7305.0,female,TZ,malnutrition,,,,,,primary,1.0,0.006
SAMEA4358055,PRJEB14941,MNIH20UP,visit4,adult,7305.0,female,TZ,malnutrition,,,,,,excluded,1.0,0.003
SAMEA4358056,PRJEB14941,MNIH20UP,visit4,adult,7305.0,female,TZ,,,,,,,linked,1.0,0.001
SAMEA4357397,PRJEB14941,MNIH20UP,,adult,7305.0,female,TZ,,,,,,,linked,1.0,0.002
SAMEA4357398,PRJEB14941,MNIH20UP,,adult,7305.0,female,TZ,malnutrition,,,,,,primary,1.0,0.003
SAMEA4357399,PRJEB14941,MNIH20UP,,adult,7305.0,female,TZ,malnutrition,,,,,,excluded,1.0,0.004
SAMEA4357400,PRJEB14941,MNIH20UP,,adult,7305.0,female,TZ,,,,,,,linked,1.0,0.002
SAMEA4357401,PRJEB14941,MNIH20UP,,neonate,8.0,male,TZ,malnutrition,,,,,,primary,1.0,0.008
SAMEA4357635,PRJEB14941,MNIH21U,visit1,adult,7305.0,female,TZ,malnutrition,,,,,,primary,1.0,0.005
SAMEA4357636,PRJEB14941,MNIH21U,visit1,adult,7305.0,female,TZ,malnutrition,,,,,,excluded,1.0,0.004
SAMEA4357637,PRJEB14941,MNIH21U,visit1,adult,7305.0,female,TZ,,,,,,,linked,1.0,0.001
SAMEA4357788,PRJEB14941,MNIH21U,visit2,adult,7305.0,female,TZ,malnutrition,,,,,,primary,1.0,0.002
SAMEA4357789,PRJEB14941,MNIH21U,visit2,adult,7305.0,female,TZ,malnutrition,,,,,,excluded,1.0,0.003
SAMEA4357790,PRJEB14941,MNIH21U,visit2,adult,7305.0,female,TZ,,,,,,,linked,1.0,0.004
SAMEA4358057,PRJEB14941,MNIH21U,visit4,adult,7305.0,female,TZ,malnutrition,,,,,,primary,1.0,0.005
SAMEA4358058,PRJEB14941,MNIH21U,visit4,adult,7305.0,female,TZ,malnutrition,,,,,,excluded,1.0,0.005
SAMEA4358059,PRJEB14941,MNIH21U,visit4,adult,7305.0,female,TZ,,,,,,,linked,1.0,0.005
SAMEA4358197,PRJEB14941,MNIH21U,visit5,adult,7305.0,female,TZ,malnutrition,,,,,,primary,1.0,0.004
SAMEA4358198,PRJEB14941,MNIH21U,visit5,adult,7305.0,female,TZ,malnutrition,,,,,,excluded,1.0,0.002
SAMEA4358199,PRJEB14941,MNIH21U,visit5,adult,7305.0,female,TZ,,,,,,,linked,1.0,0.003
SAMEA4357402,PRJEB14941,MNIH21U,,adult,7305.0,female,TZ,,,,,,,linked,1.0,0.0
SAMEA4357403,PRJEB14941,MNIH21U,,adult,7305.0,female,TZ,malnutrition,,,,,,primary,1.0,0.003
SAMEA4357404,PRJEB14941,MNIH21U,,adult,7305.0,female,TZ,malnutrition,,,,,,excluded,1.0,0.002
SAMEA4357405,PRJEB14941,MNIH21U,,adult,7305.0,female,TZ,,,,,,,linked,1.0,0.008
SAMEA4357406,PRJEB14941,MNIH21U,,infant,45.0,male,TZ,malnutrition,,,,,,primary,1.0,0.002
SAMEA4357407,PRJEB14941,MNIH21U,,infant,45.0,male,TZ,malnutrition,,,,,,excluded,1.0,0.001
SAMEA4357638,PRJEB14941,MNIH23U,visit1,adult,9131.0,female,TZ,malnutrition,,,,,,primary,1.0,0.002
SAMEA4357639,PRJEB14941,MNIH23U,visit1,adult,9131.0,female,TZ,malnutrition,,,,,,excluded,1.0,0.005
SAMEA4357640,PRJEB14941,MNIH23U,visit1,adult,9131.0,female,TZ,,,,,,,linked,1.0,0.004
SAMEA4357791,PRJEB14941,MNIH23U,visit2,adult,9131.0,female,TZ,malnutrition,,,,,,primary,1.0,0.004
SAMEA4357792,PRJEB14941,MNIH23U,visit2,adult,9131.0,female,TZ,,,,,,,linked,1.0,0.005
SAMEA4357930,PRJEB14941,MNIH23U,visit3,adult,9131.0,female,TZ,malnutrition,,,,,,primary,1.0,0.002
SAMEA4357931,PRJEB14941,MNIH23U,visit3,adult,9131.0,female,TZ,malnutrition,,,,,,excluded,1.0,0.003
SAMEA4357932,PRJEB14941,MNIH23U,visit3,adult,9131.0,female,TZ,,,,,,,linked,1.0,0.003
SAMEA4357408,PRJEB14941,MNIH23U,,adult,9131.0,female,TZ,,,,,,,linked,1.0,0.003
SAMEA4357409,PRJEB14941,MNIH23U,,adult,9131.0,female,TZ,malnutrition,,,,,,primary,1.0,0.005
SAMEA4357410,PRJEB14941,MNIH23U,,adult,9131.0,female,TZ,malnutrition,,,,,,excluded,1.0,0.0
SAMEA4357411,PRJEB14941,MNIH23U,,adult,9131.0,female,TZ,,,,,,,linked,1.0,0.003
SAMEA4357412,PRJEB14941,MNIH23U,,neonate,21.0,male,TZ,malnutrition,,,,,,excluded,1.0,0.002
SAMEA4357194,PRJEB14941,MNIH31U,birth,,,female,TZ,,,,,,,linked,1.0,0.005
SAMEA4357195,PRJEB14941,MNIH31U,birth,infant,,female,TZ,malnutrition,,,,,,primary,1.0,0.002
SAMEA4357196,PRJEB14941,MNIH31U,birth,infant,,female,TZ,malnutrition,,,,,,excluded,1.0,0.004
SAMEA4357197,PRJEB14941,MNIH31U,birth,neonate,0.0,female,TZ,malnutrition,,,,,,primary,1.0,0.008
SAMEA4357198,PRJEB14941,MNIH31U,birth,neonate,0.0,female,TZ,malnutrition,,,,,,excluded,1.0,0.001
SAMEA4357641,PRJEB14941,MNIH31U,visit1,adult,8401.0,female,TZ,malnutrition,,,,,,primary,1.0,0.001
SAMEA4357642,PRJEB14941,MNIH31U,visit1,adult,8401.0,female,TZ,malnutrition,,,,,,excluded,1.0,0.002
SAMEA4357643,PRJEB14941,MNIH31U,visit1,adult,8401.0,female,TZ,,,,,,,linked,1.0,0.003
SAMEA4357793,PRJEB14941,MNIH31U,visit2,adult,8401.0,female,TZ,malnutrition,,,,,,primary,1.0,0.003
SAMEA4357794,PRJEB14941,MNIH31U,visit2,adult,8401.0,female,TZ,malnutrition,,,,,,excluded,1.0,0.003
SAMEA4357795,PRJEB14941,MNIH31U,visit2,adult,8401.0,female,TZ,,,,,,,linked,1.0,0.003
SAMEA4358060,PRJEB14941,MNIH31U,visit4,adult,8401.0,female,TZ,malnutrition,,,,,,primary,1.0,0.003
SAMEA4358061,PRJEB14941,MNIH31U,visit4,adult,8401.0,female,TZ,malnutrition,,,,,,excluded,1.0,0.004
SAMEA4358062,PRJEB14941,MNIH31U,visit4,adult,8401.0,female,TZ,,,,,,,linked,1.0,0.0
SAMEA4358200,PRJEB14941,MNIH31U,visit5,adult,8401.0,female,TZ,malnutrition,,,,,,primary,1.0,0.002
SAMEA4358201,PRJEB14941,MNIH31U,visit5,adult,8401.0,female,TZ,malnutrition,,,,,,excluded,1.0,0.006
SAMEA4358202,PRJEB14941,MNIH31U,visit5,adult,8401.0,female,TZ,,,,,,,linked,1.0,0.003
SAMEA4357413,PRJEB14941,MNIH31U,,adult,8401.0,female,TZ,,,,,,,linked,1.0,0.0
SAMEA4357414,PRJEB14941,MNIH31U,,adult,8401.0,female,TZ,malnutrition,,,,,,primary,1.0,0.001
SAMEA4357415,PRJEB14941,MNIH31U,,adult,8401.0,female,TZ,malnutrition,,,,,,excluded,1.0,0.004
SAMEA4357416,PRJEB14941,MNIH31U,,adult,8401.0,female,TZ,,,,,,,linked,1.0,0.001
SAMEA4357417,PRJEB14941,MNIH31U,,neonate,12.0,female,TZ,malnutrition,,,,,,primary,1.0,0.003
SAMEA4357418,PRJEB14941,MNIH31U,,neonate,12.0,female,TZ,malnutrition,,,,,,excluded,1.0,0.003
SAMEA4357644,PRJEB14941,MNIH34U,visit1,adult,8036.0,female,TZ,malnutrition,,,,,,primary,1.0,0.002
SAMEA4357645,PRJEB14941,MNIH34U,visit1,adult,8036.0,female,TZ,malnutrition,,,,,,excluded,1.0,0.002
SAMEA4357646,PRJEB14941,MNIH34U,visit1,adult,8036.0,female,TZ,,,,,,,linked,1.0,0.001
SAMEA4357796,PRJEB14941,MNIH34U,visit2,adult,8036.0,female,TZ,malnutrition,,,,,,excluded,1.0,0.004
SAMEA4357797,PRJEB14941,MNIH34U,visit2,adult,8036.0,female,TZ,,,,,,,linked,1.0,0.006
SAMEA4357933,PRJEB14941,MNIH34U,visit3,adult,8036.0,female,TZ,malnutrition,,,,,,primary,1.0,0.003
SAMEA4357934,PRJEB14941,MNIH34U,visit3,adult,8036.0,female,TZ,malnutrition,,,,,,excluded,1.0,0.003
SAMEA4357935,PRJEB14941,MNIH34U,visit3,adult,8036.0,female,TZ,,,,,,,linked,1.0,0.002
SAMEA4358063,PRJEB14941,MNIH34U,visit4,adult,8036.0,female,TZ,malnutrition,,,,,,primary,1.0,0.004
SAMEA4358064,PRJEB14941,MNIH34U,visit4,adult,8036.0,female,TZ,malnutrition,,,,,,excluded,1.0,0.004
SAMEA4358065,PRJEB14941,MNIH34U,visit4,adult,8036.0,female,TZ,,,,,,,linked,1.0,0.003
SAMEA4358203,PRJEB14941,MNIH34U,visit5,adult,8036.0,female,TZ,malnutrition,,,,,,primary,1.0,0.002
SAMEA4358204,PRJEB14941,MNIH34U,visit5,adult,8036.0,female,TZ,malnutrition,,,,,,excluded,1.0,0.002
SAMEA4358205,PRJEB14941,MNIH34U,visit5,adult,8036.0,female,TZ,,,,,,,linked,1.0,0.003
SAMEA4357647,PRJEB14941,MNIH37U,visit1,adult,7305.0,female,TZ,malnutrition,,,,,,primary,1.0,0.002
SAMEA4357648,PRJEB14941,MNIH37U,visit1,adult,7305.0,female,TZ,malnutrition,,,,,,excluded,1.0,0.006
SAMEA4357649,PRJEB14941,MNIH37U,visit1,adult,7305.0,female,TZ,,,,,,,linked,1.0,0.003
SAMEA4357798,PRJEB14941,MNIH37U,visit2,adult,7305.0,female,TZ,malnutrition,,,,,,primary,1.0,0.004
SAMEA4357799,PRJEB14941,MNIH37U,visit2,adult,7305.0,female,TZ,malnutrition,,,,,,excluded,1.0,0.001
SAMEA4357800,PRJEB14941,MNIH37U,visit2,adult,7305.0,female,TZ,,,,,,,linked,1.0,0.002
SAMEA4357936,PRJEB14941,MNIH37U,visit3,adult,7305.0,female,TZ,malnutrition,,,,,,primary,1.0,0.006
SAMEA4357937,PRJEB14941,MNIH37U,visit3,adult,7305.0,female,TZ,malnutrition,,,,,,excluded,1.0,0.002
SAMEA4357938,PRJEB14941,MNIH37U,visit3,adult,7305.0,female,TZ,,,,,,,linked,1.0,0.001
SAMEA4358066,PRJEB14941,MNIH37U,visit4,adult,7305.0,female,TZ,malnutrition,,,,,,primary,1.0,0.004
SAMEA4358067,PRJEB14941,MNIH37U,visit4,adult,7305.0,female,TZ,malnutrition,,,,,,excluded,1.0,0.004
SAMEA4358068,PRJEB14941,MNIH37U,visit4,adult,7305.0,female,TZ,,,,,,,linked,1.0,0.001
SAMEA4357199,PRJEB14941,MNIH39U,birth,infant,,female,TZ,malnutrition,,,,,,primary,1.0,0.002
SAMEA4357200,PRJEB14941,MNIH39U,birth,infant,,female,TZ,malnutrition,,,,,,excluded,1.0,0.005
SAMEA4357201,PRJEB14941,MNIH39U,birth,,,female,TZ,,,,,,,linked,1.0,0.003
SAMEA4357202,PRJEB14941,MNIH39U,birth,neonate,0.0,male,TZ,malnutrition,,,,,,primary,1.0,0.006
SAMEA4357203,PRJEB14941,MNIH39U,birth,neonate,0.0,male,TZ,malnutrition,,,,,,excluded,1.0,0.001
SAMEA4357650,PRJEB14941,MNIH39U,visit1,adult,14245.0,female,TZ,malnutrition,,,,,,primary,1.0,0.003
SAMEA4357651,PRJEB14941,MNIH39U,visit1,adult,14245.0,female,TZ,malnutrition,,,,,,excluded,1.0,0.004
SAMEA4357652,PRJEB14941,MNIH39U,visit1,adult,14245.0,female,TZ,,,,,,,linked,1.0,0.003
SAMEA4357801,PRJEB14941,MNIH39U,visit2,adult,14245.0,female,TZ,malnutrition,,,,,,primary,1.0,0.007
SAMEA4357802,PRJEB14941,MNIH39U,visit2,adult,14245.0,female,TZ,malnutrition,,,,,,excluded,1.0,0.002
SAMEA4357803,PRJEB14941,MNIH39U,visit2,adult,14245.0,female,TZ,,,,,,,linked,1.0,0.002
SAMEA4357939,PRJEB14941,MNIH39U,visit3,adult,14245.0,female,TZ,malnutrition,,,,,,primary,1.0,0.001
SAMEA4357940,PRJEB14941,MNIH39U,visit3,adult,14245.0,female,TZ,malnutrition,,,,,,excluded,1.0,0.002
SAMEA4357941,PRJEB14941,MNIH39U,visit3,adult,14245.0,female,TZ,,,,,,,linked,1.0,0.005
SAMEA4358069,PRJEB14941,MNIH39U,visit4,adult,14245.0,female,TZ,malnutrition,,,,,,primary,1.0,0.002
SAMEA4358070,PRJEB14941,MNIH39U,visit4,adult,14245.0,female,TZ,malnutrition,,,,,,excluded,1.0,0.003
SAMEA4358071,PRJEB14941,MNIH39U,visit4,adult,14245.0,female,TZ,,,,,,,linked,1.0,0.003
SAMEA4358206,PRJEB14941,MNIH39U,visit5,adult,14245.0,female,TZ,malnutrition,,,,,,primary,1.0,0.004
SAMEA4358207,PRJEB14941,MNIH39U,visit5,adult,14245.0,female,TZ,malnutrition,,,,,,excluded,1.0,0.009
SAMEA4358208,PRJEB14941,MNIH39U,visit5,adult,14245.0,female,TZ,,,,,,,linked,1.0,0.003
SAMEA4357419,PRJEB14941,MNIH39U,,adult,14245.0,female,TZ,,,,,,,linked,1.0,0.0
SAMEA4357420,PRJEB14941,MNIH39U,,adult,14245.0,female,TZ,malnutrition,,,,,,primary,1.0,0.002
SAMEA4357421,PRJEB14941,MNIH39U,,adult,14245.0,female,TZ,malnutrition,,,,,,excluded,1.0,0.003
SAMEA4357422,PRJEB14941,MNIH39U,,adult,14245.0,female,TZ,,,,,,,linked,1.0,0.004
SAMEA4357423,PRJEB14941,MNIH39U,,neonate,12.0,male,TZ,malnutrition,,,,,,primary,1.0,0.001
SAMEA4357424,PRJEB14941,MNIH39U,,neonate,12.0,male,TZ,malnutrition,,,,,,excluded,1.0,0.003
SAMEA4357204,PRJEB14941,MNIH41N,birth,,,female,TZ,,,,,,,linked,1.0,0.003
SAMEA4357205,PRJEB14941,MNIH41N,birth,infant,,female,TZ,healthy_control,,,,,,primary,1.0,0.006
SAMEA4357206,PRJEB14941,MNIH41N,birth,infant,,female,TZ,healthy_control,,,,,,excluded,1.0,0.002
SAMEA4357207,PRJEB14941,MNIH41N,birth,,,female,TZ,,,,,,,linked,1.0,0.002
SAMEA4357208,PRJEB14941,MNIH41N,birth,neonate,0.0,male,TZ,healthy_control,,,,,,primary,1.0,0.002
SAMEA4357209,PRJEB14941,MNIH41N,birth,neonate,0.0,male,TZ,healthy_control,,,,,,excluded,1.0,0.003
SAMEA4357653,PRJEB14941,MNIH41N,visit1,adult,8766.0,female,TZ,healthy_control,,,,,,primary,1.0,0.0
SAMEA4357654,PRJEB14941,MNIH41N,visit1,adult,8766.0,female,TZ,healthy_control,,,,,,excluded,1.0,0.0
SAMEA4357655,PRJEB14941,MNIH41N,visit1,adult,8766.0,female,TZ,,,,,,,linked,1.0,0.003
SAMEA4357804,PRJEB14941,MNIH41N,visit2,adult,8766.0,female,TZ,healthy_control,,,,,,primary,1.0,0.002
SAMEA4357805,PRJEB14941,MNIH41N,visit2,adult,8766.0,female,TZ,healthy_control,,,,,,excluded,1.0,0.003
SAMEA4357806,PRJEB14941,MNIH41N,visit2,adult,8766.0,female,TZ,,,,,,,linked,1.0,0.003
SAMEA4357942,PRJEB14941,MNIH41N,visit3,adult,8766.0,female,TZ,healthy_control,,,,,,primary,1.0,0.002
SAMEA4357943,PRJEB14941,MNIH41N,visit3,adult,8766.0,female,TZ,healthy_control,,,,,,excluded,1.0,0.006
SAMEA4357944,PRJEB14941,MNIH41N,visit3,adult,8766.0,female,TZ,,,,,,,linked,1.0,0.003
SAMEA4358072,PRJEB14941,MNIH41N,visit4,adult,8766.0,female,TZ,healthy_control,,,,,,primary,1.0,0.002
SAMEA4358073,PRJEB14941,MNIH41N,visit4,adult,8766.0,female,TZ,healthy_control,,,,,,excluded,1.0,0.004
SAMEA4358074,PRJEB14941,MNIH41N,visit4,adult,8766.0,female,TZ,,,,,,,linked,1.0,0.003
SAMEA4358209,PRJEB14941,MNIH41N,visit5,adult,8766.0,female,TZ,healthy_control,,,,,,primary,1.0,0.004
SAMEA4358210,PRJEB14941,MNIH41N,visit5,adult,8766.0,female,TZ,healthy_control,,,,,,excluded,1.0,0.005
SAMEA4358211,PRJEB14941,MNIH41N,visit5,adult,8766.0,female,TZ,,,,,,,linked,1.0,0.001
SAMEA4357425,PRJEB14941,MNIH41N,,adult,8766.0,female,TZ,healthy_control,,,,,,primary,1.0,0.002
SAMEA4357426,PRJEB14941,MNIH41N,,adult,8766.0,female,TZ,healthy_control,,,,,,excluded,1.0,0.001
SAMEA4357427,PRJEB14941,MNIH41N,,adult,8766.0,female,TZ,,,,,,,linked,1.0,0.003
SAMEA4357428,PRJEB14941,MNIH41N,,infant,,male,TZ,healthy_control,,,,,,primary,1.0,0.002
SAMEA4357429,PRJEB14941,MNIH41N,,infant,,male,TZ,healthy_control,,,,,,excluded,1.0,0.002
SAMEA4357210,PRJEB14941,MNIH43N,birth,,,female,TZ,,,,,,,linked,1.0,0.004
SAMEA4357211,PRJEB14941,MNIH43N,birth,infant,,female,TZ,malnutrition,,,,,,primary,1.0,0.003
SAMEA4357212,PRJEB14941,MNIH43N,birth,infant,,female,TZ,malnutrition,,,,,,excluded,1.0,0.002
SAMEA4357213,PRJEB14941,MNIH43N,birth,,,female,TZ,,,,,,,linked,1.0,0.002
SAMEA4357214,PRJEB14941,MNIH43N,birth,neonate,0.0,female,TZ,malnutrition,,,,,,primary,1.0,0.005
SAMEA4357656,PRJEB14941,MNIH43N,visit1,adult,10592.0,female,TZ,malnutrition,,,,,,primary,1.0,0.001
SAMEA4357657,PRJEB14941,MNIH43N,visit1,adult,10592.0,female,TZ,malnutrition,,,,,,excluded,1.0,0.005
SAMEA4357658,PRJEB14941,MNIH43N,visit1,adult,10592.0,female,TZ,,,,,,,linked,1.0,0.002
SAMEA4357807,PRJEB14941,MNIH43N,visit2,adult,10592.0,female,TZ,malnutrition,,,,,,primary,1.0,0.006
SAMEA4357808,PRJEB14941,MNIH43N,visit2,adult,10592.0,female,TZ,malnutrition,,,,,,excluded,1.0,0.003
SAMEA4357809,PRJEB14941,MNIH43N,visit2,adult,10592.0,female,TZ,,,,,,,linked,1.0,0.003
SAMEA4357945,PRJEB14941,MNIH43N,visit3,adult,10592.0,female,TZ,malnutrition,,,,,,primary,1.0,0.005
SAMEA4357946,PRJEB14941,MNIH43N,visit3,adult,10592.0,female,TZ,malnutrition,,,,,,excluded,1.0,0.004
SAMEA4357947,PRJEB14941,MNIH43N,visit3,adult,10592.0,female,TZ,,,,,,,linked,1.0,0.001
SAMEA4358075,PRJEB14941,MNIH43N,visit4,adult,10592.0,female,TZ,malnutrition,,,,,,primary,1.0,0.004
SAMEA4358076,PRJEB14941,MNIH43N,visit4,adult,10592.0,female,TZ,malnutrition,,,,,,excluded,1.0,0.001
SAMEA4358077,PRJEB14941,MNIH43N,visit4,adult,10592.0,female,TZ,,,,,,,linked,1.0,0.001
SAMEA4357430,PRJEB14941,MNIH43N,,adult,10592.0,female,TZ,,,,,,,linked,1.0,0.006
SAMEA4357431,PRJEB14941,MNIH43N,,adult,10592.0,female,TZ,malnutrition,,,,,,primary,1.0,0.009
SAMEA4357432,PRJEB14941,MNIH43N,,adult,10592.0,female,TZ,malnutrition,,,,,,excluded,1.0,0.0
SAMEA4357433,PRJEB14941,MNIH43N,,adult,10592.0,female,TZ,,,,,,,linked,1.0,0.003
SAMEA4357434,PRJEB14941,MNIH43N,,neonate,12.0,female,TZ,malnutrition,,,,,,primary,1.0,0.003
SAMEA4357435,PRJEB14941,MNIH43N,,neonate,12.0,female,TZ,malnutrition,,,,,,excluded,1.0,0.003
SAMEA4357659,PRJEB14941,MNIH45N,visit1,adult,6940.0,female,TZ,malnutrition,,,,,,primary,1.0,0.0
SAMEA4357660,PRJEB14941,MNIH45N,visit1,adult,6940.0,female,TZ,malnutrition,,,,,,excluded,1.0,0.003
SAMEA4357661,PRJEB14941,MNIH45N,visit1,adult,6940.0,female,TZ,,,,,,,linked,1.0,0.003
SAMEA4357810,PRJEB14941,MNIH45N,visit2,adult,6940.0,female,TZ,malnutrition,,,,,,primary,1.0,0.002
SAMEA4357811,PRJEB14941,MNIH45N,visit2,adult,6940.0,female,TZ,malnutrition,,,,,,excluded,1.0,0.003
SAMEA4357812,PRJEB14941,MNIH45N,visit2,adult,6940.0,female,TZ,,,,,,,linked,1.0,0.002
SAMEA4357948,PRJEB14941,MNIH45N,visit3,adult,6940.0,female,TZ,malnutrition,,,,,,primary,1.0,0.004
SAMEA4357949,PRJEB14941,MNIH45N,visit3,adult,6940.0,female,TZ,malnutrition,,,,,,excluded,1.0,0.006
SAMEA4357950,PRJEB14941,MNIH45N,visit3,adult,6940.0,female,TZ,,,,,,,linked,1.0,0.001
SAMEA4357436,PRJEB14941,MNIH45N,,adult,6940.0,female,TZ,,,,,,,linked,1.0,0.0
SAMEA4357437,PRJEB14941,MNIH45N,,adult,6940.0,female,TZ,malnutrition,,,,,,primary,1.0,0.002
SAMEA4357438,PRJEB14941,MNIH45N,,adult,6940.0,female,TZ,malnutrition,,,,,,excluded,1.0,0.004
SAMEA4357439,PRJEB14941,MNIH45N,,adult,6940.0,female,TZ,,,,,,,linked,1.0,0.004
SAMEA4357440,PRJEB14941,MNIH45N,,neonate,12.0,female,TZ,malnutrition,,,,,,primary,1.0,0.001
SAMEA4357662,PRJEB14941,MNIH47N,visit1,adult,10227.0,female,TZ,healthy_control,,,,,,primary,1.0,0.002
SAMEA4357663,PRJEB14941,MNIH47N,visit1,adult,10227.0,female,TZ,healthy_control,,,,,,excluded,1.0,0.003
SAMEA4357664,PRJEB14941,MNIH47N,visit1,adult,10227.0,female,TZ,,,,,,,linked,1.0,0.002
SAMEA4357813,PRJEB14941,MNIH47N,visit2,adult,10227.0,female,TZ,healthy_control,,,,,,primary,1.0,0.002
SAMEA4357814,PRJEB14941,MNIH47N,visit2,adult,10227.0,female,TZ,healthy_control,,,,,,excluded,1.0,0.001
SAMEA4357815,PRJEB14941,MNIH47N,visit2,adult,10227.0,female,TZ,,,,,,,linked,1.0,0.003
SAMEA4357951,PRJEB14941,MNIH47N,visit3,adult,10227.0,female,TZ,healthy_control,,,,,,primary,1.0,0.005
SAMEA4357952,PRJEB14941,MNIH47N,visit3,adult,10227.0,female,TZ,healthy_control,,,,,,excluded,1.0,0.008
SAMEA4357953,PRJEB14941,MNIH47N,visit3,adult,10227.0,female,TZ,,,,,,,linked,1.0,0.001
SAMEA4358078,PRJEB14941,MNIH47N,visit4,adult,10227.0,female,TZ,healthy_control,,,,,,primary,1.0,0.004
SAMEA4358079,PRJEB14941,MNIH47N,visit4,adult,10227.0,female,TZ,healthy_control,,,,,,excluded,1.0,0.003
SAMEA4358080,PRJEB14941,MNIH47N,visit4,adult,10227.0,female,TZ,,,,,,,linked,1.0,0.002
SAMEA4358212,PRJEB14941,MNIH47N,visit5,adult,10227.0,female,TZ,healthy_control,,,,,,primary,1.0,0.002
SAMEA4358213,PRJEB14941,MNIH47N,visit5,adult,10227.0,female,TZ,healthy_control,,,,,,excluded,1.0,0.001
SAMEA4358214,PRJEB14941,MNIH47N,visit5,adult,10227.0,female,TZ,,,,,,,linked,1.0,0.0
SAMEA4357215,PRJEB14941,MNIH48N,birth,,,female,TZ,,,,,,,linked,1.0,0.002
SAMEA4357216,PRJEB14941,MNIH48N,birth,infant,,female,TZ,malnutrition,,,,,,primary,1.0,0.003
SAMEA4357217,PRJEB14941,MNIH48N,birth,infant,,female,TZ,malnutrition,,,,,,excluded,1.0,0.003
SAMEA4357218,PRJEB14941,MNIH48N,birth,,,female,TZ,,,,,,,linked,1.0,0.003
SAMEA4357219,PRJEB14941,MNIH48N,birth,neonate,0.0,male,TZ,malnutrition,,,,,,primary,1.0,0.006
SAMEA4357220,PRJEB14941,MNIH48N,birth,neonate,0.0,male,TZ,malnutrition,,,,,,excluded,1.0,0.003
SAMEA4357665,PRJEB14941,MNIH48N,visit1,adult,10958.0,female,TZ,malnutrition,,,,,,primary,1.0,0.005
SAMEA4357666,PRJEB14941,MNIH48N,visit1,adult,10958.0,female,TZ,malnutrition,,,,,,excluded,1.0,0.001
SAMEA4357667,PRJEB14941,MNIH48N,visit1,adult,10958.0,female,TZ,,,,,,,linked,1.0,0.004
SAMEA4357816,PRJEB14941,MNIH48N,visit2,adult,10958.0,female,TZ,malnutrition,,,,,,primary,1.0,0.001
SAMEA4357817,PRJEB14941,MNIH48N,visit2,adult,10958.0,female,TZ,malnutrition,,,,,,excluded,1.0,0.002
SAMEA4357818,PRJEB14941,MNIH48N,visit2,adult,10958.0,female,TZ,,,,,,,linked,1.0,0.002
SAMEA4357954,PRJEB14941,MNIH48N,visit3,adult,10958.0,female,TZ,malnutrition,,,,,,primary,1.0,0.002
SAMEA4357955,PRJEB14941,MNIH48N,visit3,adult,10958.0,female,TZ,malnutrition,,,,,,excluded,1.0,0.003
SAMEA4357956,PRJEB14941,MNIH48N,visit3,adult,10958.0,female,TZ,,,,,,,linked,1.0,0.002
SAMEA4358081,PRJEB14941,MNIH48N,visit4,adult,10958.0,female,TZ,malnutrition,,,,,,primary,1.0,0.002
SAMEA4358082,PRJEB14941,MNIH48N,visit4,adult,10958.0,female,TZ,malnutrition,,,,,,excluded,1.0,0.005
SAMEA4358083,PRJEB14941,MNIH48N,visit4,adult,10958.0,female,TZ,,,,,,,linked,1.0,0.001
SAMEA4358215,PRJEB14941,MNIH48N,visit5,adult,10958.0,female,TZ,malnutrition,,,,,,primary,1.0,0.002
SAMEA4358216,PRJEB14941,MNIH48N,visit5,adult,10958.0,female,TZ,malnutrition,,,,,,excluded,1.0,0.002
SAMEA4358217,PRJEB14941,MNIH48N,visit5,adult,10958.0,female,TZ,,,,,,,linked,1.0,0.001
SAMEA4357441,PRJEB14941,MNIH48N,,adult,10958.0,female,TZ,,,,,,,linked,1.0,0.003
SAMEA4357442,PRJEB14941,MNIH48N,,adult,10958.0,female,TZ,malnutrition,,,,,,primary,1.0,0.003
SAMEA4357443,PRJEB14941,MNIH48N,,adult,10958.0,female,TZ,malnutrition,,,,,,excluded,1.0,0.002
SAMEA4357444,PRJEB14941,MNIH48N,,neonate,10.0,male,TZ,malnutrition,,,,,,primary,1.0,0.002
SAMEA4357445,PRJEB14941,MNIH48N,,neonate,10.0,male,TZ,malnutrition,,,,,,excluded,1.0,0.001
SAMEA4357221,PRJEB14941,MNIH49N,birth,,,female,TZ,,,,,,,linked,1.0,0.003
SAMEA4357222,PRJEB14941,MNIH49N,birth,infant,,female,TZ,malnutrition,,,,,,primary,1.0,0.001
SAMEA4357223,PRJEB14941,MNIH49N,birth,infant,,female,TZ,malnutrition,,,,,,excluded,1.0,0.002
SAMEA4357224,PRJEB14941,MNIH49N,birth,,,female,TZ,,,,,,,linked,1.0,0.002
SAMEA4357225,PRJEB14941,MNIH49N,birth,neonate,0.0,female,TZ,malnutrition,,,,,,primary,1.0,0.006
SAMEA4357226,PRJEB14941,MNIH49N,birth,neonate,0.0,female,TZ,malnutrition,,,,,,excluded,1.0,0.004
SAMEA4357668,PRJEB14941,MNIH49N,visit1,adult,8036.0,female,TZ,malnutrition,,,,,,primary,1.0,0.002
SAMEA4357669,PRJEB14941,MNIH49N,visit1,adult,8036.0,female,TZ,malnutrition,,,,,,excluded,1.0,0.003
SAMEA4357670,PRJEB14941,MNIH49N,visit1,adult,8036.0,female,TZ,,,,,,,linked,1.0,0.003
SAMEA4357819,PRJEB14941,MNIH49N,visit2,adult,8036.0,female,TZ,malnutrition,,,,,,primary,1.0,0.004
SAMEA4357820,PRJEB14941,MNIH49N,visit2,adult,8036.0,female,TZ,malnutrition,,,,,,excluded,1.0,0.002
SAMEA4357821,PRJEB14941,MNIH49N,visit2,adult,8036.0,female,TZ,,,,,,,linked,1.0,0.002
SAMEA4357957,PRJEB14941,MNIH49N,visit3,adult,8036.0,female,TZ,malnutrition,,,,,,primary,1.0,0.001
SAMEA4357958,PRJEB14941,MNIH49N,visit3,adult,8036.0,female,TZ,malnutrition,,,,,,excluded,1.0,0.003
SAMEA4357959,PRJEB14941,MNIH49N,visit3,adult,8036.0,female,TZ,,,,,,,linked,1.0,0.002
SAMEA4358084,PRJEB14941,MNIH49N,visit4,adult,8036.0,female,TZ,malnutrition,,,,,,primary,1.0,0.004
SAMEA4358085,PRJEB14941,MNIH49N,visit4,adult,8036.0,female,TZ,malnutrition,,,,,,excluded,1.0,0.0
SAMEA4358086,PRJEB14941,MNIH49N,visit4,adult,8036.0,female,TZ,,,,,,,linked,1.0,0.001
SAMEA4358218,PRJEB14941,MNIH49N,visit5,adult,8036.0,female,TZ,malnutrition,,,,,,excluded,1.0,0.002
SAMEA4358219,PRJEB14941,MNIH49N,visit5,adult,8036.0,female,TZ,,,,,,,linked,1.0,0.002
SAMEA4357446,PRJEB14941,MNIH49N,,adult,8036.0,female,TZ,,,,,,,linked,1.0,0.003
SAMEA4357447,PRJEB14941,MNIH49N,,adult,8036.0,female,TZ,malnutrition,,,,,,primary,1.0,0.004
SAMEA4357448,PRJEB14941,MNIH49N,,adult,8036.0,female,TZ,malnutrition,,,,,,excluded,1.0,0.002
SAMEA4357449,PRJEB14941,MNIH49N,,adult,8036.0,female,TZ,,,,,,,linked,1.0,0.004
SAMEA4357450,PRJEB14941,MNIH49N,,neonate,12.0,female,TZ,malnutrition,,,,,,primary,1.0,0.007
SAMEA4357451,PRJEB14941,MNIH49N,,neonate,12.0,female,TZ,malnutrition,,,,,,excluded,1.0,0.002
SAMEA4357227,PRJEB14941,MNIH50N,birth,,,female,TZ,,,,,,,linked,1.0,0.004
SAMEA4357228,PRJEB14941,MNIH50N,birth,infant,,female,TZ,malnutrition,,,,,,primary,1.0,0.007
SAMEA4357229,PRJEB14941,MNIH50N,birth,infant,,female,TZ,malnutrition,,,,,,excluded,1.0,0.002
SAMEA4357230,PRJEB14941,MNIH50N,birth,,,female,TZ,,,,,,,linked,1.0,0.003
SAMEA4357231,PRJEB14941,MNIH50N,birth,neonate,0.0,male,TZ,malnutrition,,,,,,primary,1.0,0.004
SAMEA4357232,PRJEB14941,MNIH50N,birth,neonate,0.0,male,TZ,malnutrition,,,,,,excluded,1.0,0.003
SAMEA4357671,PRJEB14941,MNIH50N,visit1,adult,9131.0,female,TZ,malnutrition,,,,,,primary,1.0,0.004
SAMEA4357672,PRJEB14941,MNIH50N,visit1,adult,9131.0,female,TZ,malnutrition,,,,,,excluded,1.0,0.001
SAMEA4357673,PRJEB14941,MNIH50N,visit1,adult,9131.0,female,TZ,,,,,,,linked,1.0,0.003
SAMEA4357822,PRJEB14941,MNIH50N,visit2,adult,9131.0,female,TZ,malnutrition,,,,,,primary,1.0,0.001
SAMEA4357823,PRJEB14941,MNIH50N,visit2,adult,9131.0,female,TZ,malnutrition,,,,,,excluded,1.0,0.006
SAMEA4357824,PRJEB14941,MNIH50N,visit2,adult,9131.0,female,TZ,,,,,,,linked,1.0,0.001
SAMEA4357960,PRJEB14941,MNIH50N,visit3,adult,9131.0,female,TZ,malnutrition,,,,,,primary,1.0,0.006
SAMEA4357961,PRJEB14941,MNIH50N,visit3,adult,9131.0,female,TZ,malnutrition,,,,,,excluded,1.0,0.004
SAMEA4357962,PRJEB14941,MNIH50N,visit3,adult,9131.0,female,TZ,,,,,,,linked,1.0,0.001
SAMEA4358087,PRJEB14941,MNIH50N,visit4,adult,9131.0,female,TZ,malnutrition,,,,,,primary,1.0,0.004
SAMEA4358088,PRJEB14941,MNIH50N,visit4,adult,9131.0,female,TZ,malnutrition,,,,,,excluded,1.0,0.005
SAMEA4358089,PRJEB14941,MNIH50N,visit4,adult,9131.0,female,TZ,,,,,,,linked,1.0,0.002
SAMEA4357452,PRJEB14941,MNIH50N,,adult,9131.0,female,TZ,malnutrition,,,,,,primary,1.0,0.001
SAMEA4357453,PRJEB14941,MNIH50N,,adult,9131.0,female,TZ,malnutrition,,,,,,excluded,1.0,0.005
SAMEA4357454,PRJEB14941,MNIH50N,,adult,9131.0,female,TZ,,,,,,,linked,1.0,0.003
SAMEA4357455,PRJEB14941,MNIH50N,,neonate,13.0,male,TZ,malnutrition,,,,,,primary,1.0,0.006
SAMEA4357456,PRJEB14941,MNIH50N,,neonate,13.0,male,TZ,malnutrition,,,,,,excluded,1.0,0.003
SAMEA4357674,PRJEB14941,MNIH51N,visit1,adult,7670.0,female,TZ,healthy_control,,,,,,primary,1.0,0.007
SAMEA4357675,PRJEB14941,MNIH51N,visit1,adult,7670.0,female,TZ,healthy_control,,,,,,excluded,1.0,0.002
SAMEA4357676,PRJEB14941,MNIH51N,visit1,adult,7670.0,female,TZ,,,,,,,linked,1.0,0.003
SAMEA4357825,PRJEB14941,MNIH51N,visit2,adult,7670.0,female,TZ,healthy_control,,,,,,primary,1.0,0.001
SAMEA4357826,PRJEB14941,MNIH51N,visit2,adult,7670.0,female,TZ,healthy_control,,,,,,excluded,1.0,0.002
SAMEA4357827,PRJEB14941,MNIH51N,visit2,adult,7670.0,female,TZ,,,,,yes,,linked,1.0,0.005
SAMEA4357963,PRJEB14941,MNIH51N,visit3,adult,7670.0,female,TZ,healthy_control,,,,,,primary,1.0,0.002
SAMEA4357964,PRJEB14941,MNIH51N,visit3,adult,7670.0,female,TZ,healthy_control,,,,,,excluded,1.0,0.01
SAMEA4357965,PRJEB14941,MNIH51N,visit3,adult,7670.0,female,TZ,,,,,,,linked,1.0,0.005
SAMEA4358090,PRJEB14941,MNIH51N,visit4,adult,7670.0,female,TZ,healthy_control,,,,,,primary,1.0,0.002
SAMEA4358091,PRJEB14941,MNIH51N,visit4,adult,7670.0,female,TZ,healthy_control,,,,,,excluded,1.0,0.008
SAMEA4358092,PRJEB14941,MNIH51N,visit4,adult,7670.0,female,TZ,,,,,,,linked,1.0,0.007
SAMEA4358220,PRJEB14941,MNIH51N,visit5,adult,7670.0,female,TZ,healthy_control,,,,,,primary,1.0,0.002
SAMEA4358221,PRJEB14941,MNIH51N,visit5,adult,7670.0,female,TZ,healthy_control,,,,,,excluded,1.0,0.007
SAMEA4358222,PRJEB14941,MNIH51N,visit5,adult,7670.0,female,TZ,,,,,,,linked,1.0,0.002
SAMEA4357457,PRJEB14941,MNIH51N,,adult,7670.0,female,TZ,,,,,,,linked,1.0,0.0
SAMEA4357458,PRJEB14941,MNIH51N,,adult,7670.0,female,TZ,healthy_control,,,,,,primary,1.0,0.005
SAMEA4357459,PRJEB14941,MNIH51N,,adult,7670.0,female,TZ,healthy_control,,,,,,excluded,1.0,0.002
SAMEA4357460,PRJEB14941,MNIH51N,,adult,7670.0,female,TZ,,,,,,,linked,1.0,0.004
SAMEA4357461,PRJEB14941,MNIH51N,,,,female,TZ,healthy_control,,,,,,primary,1.0,0.001
SAMEA4357462,PRJEB14941,MNIH51N,,,,female,TZ,healthy_control,,,,,,excluded,1.0,0.002
SAMEA4357677,PRJEB14941,MNIH52N,visit1,adult,8036.0,female,TZ,healthy_control,,,,,,primary,1.0,0.002
SAMEA4357678,PRJEB14941,MNIH52N,visit1,adult,8036.0,female,TZ,healthy_control,,,,,,excluded,1.0,0.001
SAMEA4357679,PRJEB14941,MNIH52N,visit1,,,female,TZ,,,,,,,linked,1.0,0.003
SAMEA4357828,PRJEB14941,MNIH52N,visit2,adult,8036.0,female,TZ,healthy_control,,,,yes,,primary,1.0,0.002
SAMEA4357829,PRJEB14941,MNIH52N,visit2,adult,8036.0,female,TZ,healthy_control,,,,yes,,excluded,1.0,0.004
SAMEA4357830,PRJEB14941,MNIH52N,visit2,adult,8036.0,female,TZ,,,,,yes,,linked,1.0,0.002
SAMEA4357966,PRJEB14941,MNIH52N,visit3,adult,8036.0,female,TZ,healthy_control,,,,,,primary,1.0,0.003
SAMEA4357967,PRJEB14941,MNIH52N,visit3,adult,8036.0,female,TZ,healthy_control,,,,,,excluded,1.0,0.002
SAMEA4357968,PRJEB14941,MNIH52N,visit3,adult,8036.0,female,TZ,,,,,,,linked,1.0,0.002
SAMEA4358093,PRJEB14941,MNIH52N,visit4,adult,8036.0,female,TZ,healthy_control,,,,,,primary,1.0,0.005
SAMEA4358094,PRJEB14941,MNIH52N,visit4,adult,8036.0,female,TZ,healthy_control,,,,,,excluded,1.0,0.001
SAMEA4358095,PRJEB14941,MNIH52N,visit4,adult,8036.0,female,TZ,,,,,,,linked,1.0,0.002
SAMEA4358223,PRJEB14941,MNIH52N,visit5,adult,8036.0,female,TZ,healthy_control,,,,,,excluded,1.0,0.005
SAMEA4358224,PRJEB14941,MNIH52N,visit5,adult,8036.0,female,TZ,,,,,,,linked,1.0,0.001
SAMEA4357463,PRJEB14941,MNIH52N,,adult,8036.0,female,TZ,,,,,,,linked,1.0,0.002
SAMEA4357464,PRJEB14941,MNIH52N,,adult,8036.0,female,TZ,healthy_control,,,,,,primary,1.0,0.002
SAMEA4357465,PRJEB14941,MNIH52N,,adult,8036.0,female,TZ,healthy_control,,,,,,excluded,1.0,0.002
SAMEA4357466,PRJEB14941,MNIH52N,,,,male,TZ,healthy_control,,,,,,primary,1.0,0.002
SAMEA4357467,PRJEB14941,MNIH52N,,,,male,TZ,healthy_control,,,,,,excluded,1.0,0.004
SAMEA4357233,PRJEB14941,MNIH54N,birth,,,female,TZ,,,,,,,linked,1.0,0.002
SAMEA4357234,PRJEB14941,MNIH54N,birth,infant,,female,TZ,healthy_control,,,,,,primary,1.0,0.003
SAMEA4357235,PRJEB14941,MNIH54N,birth,infant,,female,TZ,healthy_control,,,,,,excluded,1.0,0.002
SAMEA4357236,PRJEB14941,MNIH54N,birth,,,female,TZ,,,,,,,linked,1.0,0.002
SAMEA4357237,PRJEB14941,MNIH54N,birth,neonate,0.0,male,TZ,healthy_control,,,,,,primary,1.0,0.002
SAMEA4357680,PRJEB14941,MNIH54N,visit1,adult,10227.0,female,TZ,healthy_control,,,,,,primary,1.0,0.002
SAMEA4357681,PRJEB14941,MNIH54N,visit1,adult,10227.0,female,TZ,healthy_control,,,,,,excluded,1.0,0.003
SAMEA4357682,PRJEB14941,MNIH54N,visit1,adult,10227.0,female,TZ,,,,,,,linked,1.0,0.003
SAMEA4357831,PRJEB14941,MNIH54N,visit2,adult,10227.0,female,TZ,healthy_control,,,,yes,,primary,1.0,0.001
SAMEA4357832,PRJEB14941,MNIH54N,visit2,adult,10227.0,female,TZ,healthy_control,,,,yes,,excluded,1.0,0.012
SAMEA4357833,PRJEB14941,MNIH54N,visit2,adult,10227.0,female,TZ,,,,,yes,,linked,1.0,0.005
SAMEA4357969,PRJEB14941,MNIH54N,visit3,adult,10227.0,female,TZ,healthy_control,,,,,,primary,1.0,0.003
SAMEA4357970,PRJEB14941,MNIH54N,visit3,adult,10227.0,female,TZ,healthy_control,,,,,,excluded,1.0,0.002
SAMEA4357971,PRJEB14941,MNIH54N,visit3,adult,10227.0,female,TZ,,,,,,,linked,1.0,0.003
SAMEA4358096,PRJEB14941,MNIH54N,visit4,adult,10227.0,female,TZ,healthy_control,,,,,,primary,1.0,0.006
SAMEA4358097,PRJEB14941,MNIH54N,visit4,adult,10227.0,female,TZ,healthy_control,,,,,,excluded,1.0,0.012
SAMEA4358098,PRJEB14941,MNIH54N,visit4,adult,10227.0,female,TZ,,,,,,,linked,1.0,0.004
SAMEA4357468,PRJEB14941,MNIH54N,,adult,10227.0,female,TZ,,,,,,,linked,1.0,0.003
SAMEA4357469,PRJEB14941,MNIH54N,,adult,10227.0,female,TZ,healthy_control,,,,,,primary,1.0,0.007
SAMEA4357470,PRJEB14941,MNIH54N,,adult,10227.0,female,TZ,healthy_control,,,,,,excluded,1.0,0.007
SAMEA4357471,PRJEB14941,MNIH54N,,adult,10227.0,female,TZ,,,,,,,linked,1.0,0.006
SAMEA4357238,PRJEB14941,MNIH55N,birth,,,female,TZ,,,,,,,linked,1.0,0.0
SAMEA4357239,PRJEB14941,MNIH55N,birth,infant,,female,TZ,malnutrition,,,,,,primary,1.0,0.002
SAMEA4357240,PRJEB14941,MNIH55N,birth,infant,,female,TZ,malnutrition,,,,,,excluded,1.0,0.008
SAMEA4357241,PRJEB14941,MNIH55N,birth,neonate,0.0,female,TZ,malnutrition,,,,,,primary,1.0,0.002
SAMEA4357242,PRJEB14941,MNIH55N,birth,neonate,0.0,female,TZ,malnutrition,,,,,,excluded,1.0,0.001
SAMEA4357683,PRJEB14941,MNIH55N,visit1,adult,12418.0,female,TZ,malnutrition,,,,,,primary,1.0,0.002
SAMEA4357684,PRJEB14941,MNIH55N,visit1,adult,12418.0,female,TZ,malnutrition,,,,,,excluded,1.0,0.012
SAMEA4357685,PRJEB14941,MNIH55N,visit1,adult,12418.0,female,TZ,,,,,,,linked,1.0,0.002
SAMEA4357834,PRJEB14941,MNIH55N,visit2,adult,12418.0,female,TZ,malnutrition,,,,,,primary,1.0,0.001
SAMEA4357835,PRJEB14941,MNIH55N,visit2,adult,12418.0,female,TZ,malnutrition,,,,,,excluded,1.0,0.003
SAMEA4357836,PRJEB14941,MNIH55N,visit2,adult,12418.0,female,TZ,,,,,,,linked,1.0,0.004
SAMEA4357972,PRJEB14941,MNIH55N,visit3,adult,12418.0,female,TZ,malnutrition,,,,,,primary,1.0,0.004
SAMEA4357973,PRJEB14941,MNIH55N,visit3,adult,12418.0,female,TZ,malnutrition,,,,,,excluded,1.0,0.007
SAMEA4357974,PRJEB14941,MNIH55N,visit3,adult,12418.0,female,TZ,,,,,,,linked,1.0,0.004
SAMEA4358099,PRJEB14941,MNIH55N,visit4,adult,12418.0,female,TZ,malnutrition,,,,,,primary,1.0,0.003
SAMEA4358100,PRJEB14941,MNIH55N,visit4,adult,12418.0,female,TZ,malnutrition,,,,,,excluded,1.0,0.002
SAMEA4358101,PRJEB14941,MNIH55N,visit4,adult,12418.0,female,TZ,,,,,,,linked,1.0,0.007
SAMEA4358225,PRJEB14941,MNIH55N,visit5,adult,12418.0,female,TZ,malnutrition,,,,,,primary,1.0,0.002
SAMEA4358226,PRJEB14941,MNIH55N,visit5,adult,12418.0,female,TZ,malnutrition,,,,,,excluded,1.0,0.006
SAMEA4358227,PRJEB14941,MNIH55N,visit5,adult,12418.0,female,TZ,,,,,,,linked,1.0,0.002
SAMEA4357472,PRJEB14941,MNIH55N,,adult,12418.0,female,TZ,,,,,,,linked,1.0,0.002
SAMEA4357473,PRJEB14941,MNIH55N,,adult,12418.0,female,TZ,malnutrition,,,,,,primary,1.0,0.003
SAMEA4357474,PRJEB14941,MNIH55N,,adult,12418.0,female,TZ,malnutrition,,,,,,excluded,1.0,0.002
SAMEA4357475,PRJEB14941,MNIH55N,,neonate,10.0,female,TZ,malnutrition,,,,,,primary,1.0,0.001
SAMEA4357476,PRJEB14941,MNIH55N,,neonate,10.0,female,TZ,malnutrition,,,,,,excluded,1.0,0.001
SAMEA4357243,PRJEB14941,MNIH56N,birth,,,female,TZ,,,,,,,linked,1.0,0.003
SAMEA4357244,PRJEB14941,MNIH56N,birth,infant,,female,TZ,malnutrition,,,,,,primary,1.0,0.001
SAMEA4357245,PRJEB14941,MNIH56N,birth,infant,,female,TZ,malnutrition,,,,,,excluded,1.0,0.001
SAMEA4357246,PRJEB14941,MNIH56N,birth,,,female,TZ,,,,,,,linked,1.0,0.003
SAMEA4357247,PRJEB14941,MNIH56N,birth,neonate,0.0,female,TZ,malnutrition,,,,,,primary,1.0,0.002
SAMEA4357248,PRJEB14941,MNIH56N,birth,neonate,0.0,female,TZ,malnutrition,,,,,,excluded,1.0,0.004
SAMEA4357686,PRJEB14941,MNIH56N,visit1,adult,7670.0,female,TZ,malnutrition,,,,,,primary,1.0,0.003
SAMEA4357687,PRJEB14941,MNIH56N,visit1,adult,7670.0,female,TZ,malnutrition,,,,,,excluded,1.0,0.004
SAMEA4357688,PRJEB14941,MNIH56N,visit1,adult,7670.0,female,TZ,,,,,,,linked,1.0,0.003
SAMEA4357837,PRJEB14941,MNIH56N,visit2,adult,7670.0,female,TZ,malnutrition,,,,,,primary,1.0,0.002
SAMEA4357838,PRJEB14941,MNIH56N,visit2,adult,7670.0,female,TZ,malnutrition,,,,,,excluded,1.0,0.002
SAMEA4357839,PRJEB14941,MNIH56N,visit2,adult,7670.0,female,TZ,,,,,,,linked,1.0,0.002
SAMEA4357975,PRJEB14941,MNIH56N,visit3,adult,7670.0,female,TZ,malnutrition,,,,,,primary,1.0,0.002
SAMEA4357976,PRJEB14941,MNIH56N,visit3,adult,7670.0,female,TZ,malnutrition,,,,,,excluded,1.0,0.002
SAMEA4357977,PRJEB14941,MNIH56N,visit3,adult,7670.0,female,TZ,,,,,,,linked,1.0,0.007
SAMEA4358102,PRJEB14941,MNIH56N,visit4,adult,7670.0,female,TZ,malnutrition,,,,,,primary,1.0,0.001
SAMEA4358103,PRJEB14941,MNIH56N,visit4,adult,7670.0,female,TZ,malnutrition,,,,,,excluded,1.0,0.003
SAMEA4358104,PRJEB14941,MNIH56N,visit4,adult,7670.0,female,TZ,,,,,,,linked,1.0,0.001
SAMEA4358228,PRJEB14941,MNIH56N,visit5,adult,7670.0,female,TZ,malnutrition,,,,,,primary,1.0,0.002
SAMEA4358229,PRJEB14941,MNIH56N,visit5,adult,7670.0,female,TZ,malnutrition,,,,,,excluded,1.0,0.0
SAMEA4358230,PRJEB14941,MNIH56N,visit5,adult,7670.0,female,TZ,,,,,,,linked,1.0,0.005
SAMEA4357477,PRJEB14941,MNIH56N,,adult,7670.0,female,TZ,,,,,,,linked,1.0,0.006
SAMEA4357478,PRJEB14941,MNIH56N,,adult,7670.0,female,TZ,malnutrition,,,,,,primary,1.0,0.007
SAMEA4357479,PRJEB14941,MNIH56N,,adult,7670.0,female,TZ,malnutrition,,,,,,excluded,1.0,0.002
SAMEA4357480,PRJEB14941,MNIH56N,,adult,7670.0,female,TZ,,,,,,,linked,1.0,0.002
SAMEA4357481,PRJEB14941,MNIH56N,,neonate,12.0,female,TZ,malnutrition,,,,,,excluded,1.0,0.005
SAMEA4357249,PRJEB14941,MNIH57N,birth,,,female,TZ,,,,,,,linked,1.0,0.003
SAMEA4357250,PRJEB14941,MNIH57N,birth,infant,,female,TZ,healthy_control,,,,,,primary,1.0,0.001
SAMEA4357251,PRJEB14941,MNIH57N,birth,infant,,female,TZ,healthy_control,,,,,,excluded,1.0,0.003
SAMEA4357252,PRJEB14941,MNIH57N,birth,,,female,TZ,,,,,,,linked,1.0,0.001
SAMEA4357253,PRJEB14941,MNIH57N,birth,neonate,0.0,female,TZ,healthy_control,,,,,,primary,1.0,0.002
SAMEA4357254,PRJEB14941,MNIH57N,birth,neonate,0.0,female,TZ,healthy_control,,,,,,excluded,1.0,0.006
SAMEA4357689,PRJEB14941,MNIH57N,visit1,adult,8766.0,female,TZ,healthy_control,,,,,,primary,1.0,0.005
SAMEA4357690,PRJEB14941,MNIH57N,visit1,adult,8766.0,female,TZ,healthy_control,,,,,,excluded,1.0,0.002
SAMEA4357691,PRJEB14941,MNIH57N,visit1,adult,8766.0,female,TZ,,,,,,,linked,1.0,0.003
SAMEA4357840,PRJEB14941,MNIH57N,visit2,adult,8766.0,female,TZ,healthy_control,,,,yes,,primary,1.0,0.002
SAMEA4357841,PRJEB14941,MNIH57N,visit2,adult,8766.0,female,TZ,healthy_control,,,,yes,,excluded,1.0,0.001
SAMEA4357842,PRJEB14941,MNIH57N,visit2,adult,8766.0,female,TZ,,,,,yes,,linked,1.0,0.004
SAMEA4357978,PRJEB14941,MNIH57N,visit3,adult,8766.0,female,TZ,healthy_control,,,,,,primary,1.0,0.002
SAMEA4357979,PRJEB14941,MNIH57N,visit3,adult,8766.0,female,TZ,healthy_control,,,,,,excluded,1.0,0.002
SAMEA4357980,PRJEB14941,MNIH57N,visit3,adult,8766.0,female,TZ,,,,,,,linked,1.0,0.003
SAMEA4358105,PRJEB14941,MNIH57N,visit4,adult,8766.0,female,TZ,healthy_control,,,,,,primary,1.0,0.006
SAMEA4358106,PRJEB14941,MNIH57N,visit4,adult,8766.0,female,TZ,healthy_control,,,,,,excluded,1.0,0.005
SAMEA4358107,PRJEB14941,MNIH57N,visit4,adult,8766.0,female,TZ,,,,,,,linked,1.0,0.001
SAMEA4358231,PRJEB14941,MNIH57N,visit5,adult,8766.0,female,TZ,healthy_control,,,,,,primary,1.0,0.002
SAMEA4358232,PRJEB14941,MNIH57N,visit5,adult,8766.0,female,TZ,healthy_control,,,,,,excluded,1.0,0.01
SAMEA4358233,PRJEB14941,MNIH57N,visit5,adult,8766.0,female,TZ,,,,,,,linked,1.0,0.002
SAMEA4357482,PRJEB14941,MNIH57N,,adult,8766.0,female,TZ,,,,,,,linked,1.0,0.005
SAMEA4357483,PRJEB14941,MNIH57N,,adult,8766.0,female,TZ,healthy_control,,,,,,primary,1.0,0.002
SAMEA4357484,PRJEB14941,MNIH57N,,adult,8766.0,female,TZ,healthy_control,,,,,,excluded,1.0,0.0
SAMEA4357485,PRJEB14941,MNIH57N,,adult,8766.0,female,TZ,,,,,,,linked,1.0,0.003
SAMEA4357486,PRJEB14941,MNIH57N,,infant,,female,TZ,healthy_control,,,,,,primary,1.0,0.002
SAMEA4357487,PRJEB14941,MNIH57N,,infant,,female,TZ,healthy_control,,,,,,excluded,1.0,0.003
SAMEA4357692,PRJEB14941,MNIH58N,visit1,adolescent,6574.0,female,TZ,malnutrition,,,,,,primary,1.0,0.002
SAMEA4357693,PRJEB14941,MNIH58N,visit1,adolescent,6574.0,female,TZ,malnutrition,,,,,,excluded,1.0,0.001
SAMEA4357694,PRJEB14941,MNIH58N,visit1,adolescent,6574.0,female,TZ,,,,,,,linked,1.0,0.002
SAMEA4357843,PRJEB14941,MNIH58N,visit2,adolescent,6574.0,female,TZ,malnutrition,,,,,,primary,1.0,0.002
SAMEA4357844,PRJEB14941,MNIH58N,visit2,adolescent,6574.0,female,TZ,malnutrition,,,,,,excluded,1.0,0.003
SAMEA4357845,PRJEB14941,MNIH58N,visit2,adolescent,6574.0,female,TZ,,,,,,,linked,1.0,0.002
SAMEA4357981,PRJEB14941,MNIH58N,visit3,adolescent,6574.0,female,TZ,malnutrition,,,,,,primary,1.0,0.004
SAMEA4357982,PRJEB14941,MNIH58N,visit3,adolescent,6574.0,female,TZ,malnutrition,,,,,,excluded,1.0,0.002
SAMEA4357983,PRJEB14941,MNIH58N,visit3,adolescent,6574.0,female,TZ,,,,,,,linked,1.0,0.006
SAMEA4358108,PRJEB14941,MNIH58N,visit4,adolescent,6574.0,female,TZ,malnutrition,,,,,,primary,1.0,0.005
SAMEA4358109,PRJEB14941,MNIH58N,visit4,adolescent,6574.0,female,TZ,malnutrition,,,,,,excluded,1.0,0.001
SAMEA4358110,PRJEB14941,MNIH58N,visit4,adolescent,6574.0,female,TZ,,,,,,,linked,1.0,0.002
SAMEA4357488,PRJEB14941,MNIH58N,,adolescent,6574.0,female,TZ,malnutrition,,,,,,primary,1.0,0.001
SAMEA4357489,PRJEB14941,MNIH58N,,adolescent,6574.0,female,TZ,malnutrition,,,,,,excluded,1.0,0.002
SAMEA4357490,PRJEB14941,MNIH58N,,adolescent,6574.0,female,TZ,,,,,,,linked,1.0,0.001
SAMEA4357695,PRJEB14941,MNIH59N,visit1,adult,7305.0,female,TZ,healthy_control,,,,,,primary,1.0,0.006
SAMEA4357696,PRJEB14941,MNIH59N,visit1,adult,7305.0,female,TZ,healthy_control,,,,,,excluded,1.0,0.002
SAMEA4357697,PRJEB14941,MNIH59N,visit1,adult,7305.0,female,TZ,,,,,,,linked,1.0,0.003
SAMEA4357846,PRJEB14941,MNIH59N,visit2,adult,7305.0,female,TZ,healthy_control,,,,yes,,excluded,1.0,0.002
SAMEA4357847,PRJEB14941,MNIH59N,visit2,adult,7305.0,female,TZ,,,,,yes,,linked,1.0,0.006
SAMEA4357984,PRJEB14941,MNIH59N,visit3,adult,7305.0,female,TZ,healthy_control,,,,,,primary,1.0,0.002
SAMEA4357985,PRJEB14941,MNIH59N,visit3,adult,7305.0,female,TZ,healthy_control,,,,,,excluded,1.0,0.01
SAMEA4357986,PRJEB14941,MNIH59N,visit3,adult,7305.0,female,TZ,,,,,,,linked,1.0,0.001
SAMEA4358111,PRJEB14941,MNIH59N,visit4,adult,7305.0,female,TZ,healthy_control,,,,,,primary,1.0,0.001
SAMEA4358112,PRJEB14941,MNIH59N,visit4,adult,7305.0,female,TZ,healthy_control,,,,,,excluded,1.0,0.012
SAMEA4358113,PRJEB14941,MNIH59N,visit4,adult,7305.0,female,TZ,,,,,,,linked,1.0,0.003
SAMEA4358234,PRJEB14941,MNIH59N,visit5,adult,7305.0,female,TZ,healthy_control,,,,,,primary,1.0,0.001
SAMEA4358235,PRJEB14941,MNIH59N,visit5,adult,7305.0,female,TZ,healthy_control,,,,,,excluded,1.0,0.002
SAMEA4358236,PRJEB14941,MNIH59N,visit5,adult,7305.0,female,TZ,,,,,,,linked,1.0,0.005
SAMEA4357491,PRJEB14941,MNIH59N,,adult,7305.0,female,TZ,healthy_control,,,,,,primary,1.0,0.001
SAMEA4357492,PRJEB14941,MNIH59N,,adult,7305.0,female,TZ,healthy_control,,,,,,excluded,1.0,0.001
SAMEA4357493,PRJEB14941,MNIH59N,,adult,7305.0,female,TZ,,,,,,,linked,1.0,0.003
SAMEA4357494,PRJEB14941,MNIH59N,,,,male,TZ,healthy_control,,,,,,primary,1.0,0.002
SAMEA4357495,PRJEB14941,MNIH59N,,,,male,TZ,healthy_control,,,,,,excluded,1.0,0.006
SAMEA4357255,PRJEB14941,MNIH60N,birth,,,female,TZ,,,,,,,linked,1.0,0.005
SAMEA4357256,PRJEB14941,MNIH60N,birth,infant,,female,TZ,healthy_control,,,,,,primary,1.0,0.004
SAMEA4357257,PRJEB14941,MNIH60N,birth,infant,,female,TZ,healthy_control,,,,,,excluded,1.0,0.006
SAMEA4357258,PRJEB14941,MNIH60N,birth,,,female,TZ,,,,,,,linked,1.0,0.012
SAMEA4357259,PRJEB14941,MNIH60N,birth,neonate,0.0,male,TZ,healthy_control,,,,,,primary,1.0,0.003
SAMEA4357260,PRJEB14941,MNIH60N,birth,neonate,0.0,male,TZ,healthy_control,,,,,,excluded,1.0,0.0
SAMEA4357698,PRJEB14941,MNIH60N,visit1,adult,7305.0,female,TZ,healthy_control,,,,,,primary,1.0,0.003
SAMEA4357699,PRJEB14941,MNIH60N,visit1,adult,7305.0,female,TZ,healthy_control,,,,,,excluded,1.0,0.003
SAMEA4357700,PRJEB14941,MNIH60N,visit1,adult,7305.0,female,TZ,,,,,,,linked,1.0,0.004
SAMEA4357848,PRJEB14941,MNIH60N,visit2,adult,7305.0,female,TZ,healthy_control,,,,yes,,primary,1.0,0.002
SAMEA4357849,PRJEB14941,MNIH60N,visit2,adult,7305.0,female,TZ,healthy_control,,,,yes,,excluded,1.0,0.002
SAMEA4357850,PRJEB14941,MNIH60N,visit2,adult,7305.0,female,TZ,,,,,,,linked,1.0,0.002
SAMEA4357987,PRJEB14941,MNIH60N,visit3,adult,7305.0,female,TZ,healthy_control,,,,,,primary,1.0,0.002
SAMEA4357988,PRJEB14941,MNIH60N,visit3,adult,7305.0,female,TZ,,,,,,,linked,1.0,0.004
SAMEA4358114,PRJEB14941,MNIH60N,visit4,adult,7305.0,female,TZ,healthy_control,,,,yes,,primary,1.0,0.004
SAMEA4358115,PRJEB14941,MNIH60N,visit4,adult,7305.0,female,TZ,healthy_control,,,,yes,,excluded,1.0,0.004
SAMEA4358116,PRJEB14941,MNIH60N,visit4,adult,7305.0,female,TZ,,,,,yes,,linked,1.0,0.003
SAMEA4358237,PRJEB14941,MNIH60N,visit5,adult,7305.0,female,TZ,healthy_control,,,,,,primary,1.0,0.001
SAMEA4358238,PRJEB14941,MNIH60N,visit5,adult,7305.0,female,TZ,healthy_control,,,,,,excluded,1.0,0.01
SAMEA4358239,PRJEB14941,MNIH60N,visit5,adult,7305.0,female,TZ,,,,,,,linked,1.0,0.002
SAMEA4357496,PRJEB14941,MNIH60N,,adult,7305.0,female,TZ,,,,,,,linked,1.0,0.008
SAMEA4357497,PRJEB14941,MNIH60N,,adult,7305.0,female,TZ,healthy_control,,,,,,primary,1.0,0.006
SAMEA4357498,PRJEB14941,MNIH60N,,adult,7305.0,female,TZ,,,,,,,linked,1.0,0.004
SAMEA4357499,PRJEB14941,MNIH60N,,infant,,male,TZ,healthy_control,,,,,,primary,1.0,0.003
SAMEA4357500,PRJEB14941,MNIH60N,,infant,,male,TZ,healthy_control,,,,,,excluded,1.0,0.001
SAMEA4357261,PRJEB14941,MNIH61O,birth,,,female,TZ,,,,,,,linked,1.0,0.004
SAMEA4357262,PRJEB14941,MNIH61O,birth,infant,,female,TZ,other_disease,,,,,,primary,1.0,0.004
SAMEA4357263,PRJEB14941,MNIH61O,birth,infant,,female,TZ,other_disease,,,,,,excluded,1.0,0.003
SAMEA4357264,PRJEB14941,MNIH61O,birth,,,female,TZ,,,,,,,linked,1.0,0.001
SAMEA4357265,PRJEB14941,MNIH61O,birth,neonate,0.0,female,TZ,other_disease,,,,,,primary,1.0,0.002
SAMEA4357266,PRJEB14941,MNIH61O,birth,neonate,0.0,female,TZ,other_disease,,,,,,excluded,1.0,0.004
SAMEA4357701,PRJEB14941,MNIH61O,visit1,adult,13149.0,female,TZ,other_disease,,,,,,primary,1.0,0.003
SAMEA4357702,PRJEB14941,MNIH61O,visit1,adult,13149.0,female,TZ,other_disease,,,,,,excluded,1.0,0.003
SAMEA4357703,PRJEB14941,MNIH61O,visit1,adult,13149.0,female,TZ,,,,,,,linked,1.0,0.003
SAMEA4357851,PRJEB14941,MNIH61O,visit2,adult,13149.0,female,TZ,other_disease,,,,,,primary,1.0,0.003
SAMEA4357852,PRJEB14941,MNIH61O,visit2,adult,13149.0,female,TZ,other_disease,,,,,,excluded,1.0,0.003
SAMEA4357853,PRJEB14941,MNIH61O,visit2,adult,13149.0,female,TZ,,,,,,,linked,1.0,0.003
SAMEA4357989,PRJEB14941,MNIH61O,visit3,adult,13149.0,female,TZ,other_disease,,,,,,primary,1.0,0.004
SAMEA4357990,PRJEB14941,MNIH61O,visit3,adult,13149.0,female,TZ,other_disease,,,,,,excluded,1.0,0.001
SAMEA4357991,PRJEB14941,MNIH61O,visit3,adult,13149.0,female,TZ,,,,,,,linked,1.0,0.002
SAMEA4358117,PRJEB14941,MNIH61O,visit4,adult,13149.0,female,TZ,other_disease,,,,,,primary,1.0,0.003
SAMEA4358118,PRJEB14941,MNIH61O,visit4,adult,13149.0,female,TZ,other_disease,,,,,,excluded,1.0,0.002
SAMEA4358119,PRJEB14941,MNIH61O,visit4,adult,13149.0,female,TZ,,,,,,,linked,1.0,0.001
SAMEA4358240,PRJEB14941,MNIH61O,visit5,adult,13149.0,female,TZ,other_disease,,,,,,excluded,1.0,0.002
SAMEA4358241,PRJEB14941,MNIH61O,visit5,adult,13149.0,female,TZ,,,,,,,linked,1.0,0.002
SAMEA4357501,PRJEB14941,MNIH61O,,adult,13149.0,female,TZ,,,,,,,linked,1.0,0.007
SAMEA4357502,PRJEB14941,MNIH61O,,adult,13149.0,female,TZ,other_disease,,,,,,primary,1.0,0.007
SAMEA4357503,PRJEB14941,MNIH61O,,adult,13149.0,female,TZ,other_disease,,,,,,excluded,1.0,0.001
SAMEA4357504,PRJEB14941,MNIH61O,,adult,13149.0,female,TZ,,,,,,,linked,1.0,0.003
SAMEA4357505,PRJEB14941,MNIH61O,,infant,,female,TZ,other_disease,,,,,,primary,1.0,0.003
SAMEA4357506,PRJEB14941,MNIH61O,,infant,,female,TZ,other_disease,,,,,,excluded,1.0,0.003
SAMEA4357267,PRJEB14941,MNIH62O,birth,,,female,TZ,,,,,,,linked,1.0,0.005
SAMEA4357268,PRJEB14941,MNIH62O,birth,infant,,female,TZ,other_disease,,,,,,primary,1.0,0.003
SAMEA4357269,PRJEB14941,MNIH62O,birth,infant,,female,TZ,other_disease,,,,,,excluded,1.0,0.007
SAMEA4357270,PRJEB14941,MNIH62O,birth,,,female,TZ,,,,,,,linked,1.0,0.002
SAMEA4357271,PRJEB14941,MNIH62O,birth,neonate,0.0,female,TZ,other_disease,,,,,,primary,1.0,0.002
SAMEA4357272,PRJEB14941,MNIH62O,birth,neonate,0.0,female,TZ,other_disease,,,,,,excluded,1.0,0.004
SAMEA4357704,PRJEB14941,MNIH62O,visit1,adult,11323.0,female,TZ,other_disease,,,,,,primary,1.0,0.003
SAMEA4357705,PRJEB14941,MNIH62O,visit1,adult,11323.0,female,TZ,other_disease,,,,,,excluded,1.0,0.004
SAMEA4357706,PRJEB14941,MNIH62O,visit1,adult,11323.0,female,TZ,,,,,,,linked,1.0,0.002
SAMEA4357854,PRJEB14941,MNIH62O,visit2,adult,11323.0,female,TZ,other_disease,,,,,,primary,1.0,0.002
SAMEA4357855,PRJEB14941,MNIH62O,visit2,adult,11323.0,female,TZ,other_disease,,,,,,excluded,1.0,0.004
SAMEA4357856,PRJEB14941,MNIH62O,visit2,adult,11323.0,female,TZ,,,,,,,linked,1.0,0.001
SAMEA4357992,PRJEB14941,MNIH62O,visit3,adult,11323.0,female,TZ,other_disease,,,,,,primary,1.0,0.001
SAMEA4357993,PRJEB14941,MNIH62O,visit3,adult,11323.0,female,TZ,other_disease,,,,,,excluded,1.0,0.005
SAMEA4357994,PRJEB14941,MNIH62O,visit3,adult,11323.0,female,TZ,,,,,,,linked,1.0,0.009
SAMEA4358120,PRJEB14941,MNIH62O,visit4,adult,11323.0,female,TZ,other_disease,,,,,,primary,1.0,0.002
SAMEA4358121,PRJEB14941,MNIH62O,visit4,adult,11323.0,female,TZ,other_disease,,,,,,excluded,1.0,0.002
SAMEA4358122,PRJEB14941,MNIH62O,visit4,adult,11323.0,female,TZ,,,,,,,linked,1.0,0.002
SAMEA4358242,PRJEB14941,MNIH62O,visit5,adult,11323.0,female,TZ,other_disease,,,,,,primary,1.0,0.002
SAMEA4358243,PRJEB14941,MNIH62O,visit5,adult,11323.0,female,TZ,other_disease,,,,,,excluded,1.0,0.003
SAMEA4358244,PRJEB14941,MNIH62O,visit5,adult,11323.0,female,TZ,,,,,,,linked,1.0,0.002
SAMEA4357507,PRJEB14941,MNIH62O,,adult,11323.0,female,TZ,,,,,,,linked,1.0,0.002
SAMEA4357508,PRJEB14941,MNIH62O,,adult,11323.0,female,TZ,other_disease,,,,,,primary,1.0,0.005
SAMEA4357509,PRJEB14941,MNIH62O,,adult,11323.0,female,TZ,other_disease,,,,,,excluded,1.0,0.002
SAMEA4357510,PRJEB14941,MNIH62O,,adult,11323.0,female,TZ,,,,,,,linked,1.0,0.001
SAMEA4357511,PRJEB14941,MNIH62O,,neonate,16.0,female,TZ,other_disease,,,,,,primary,1.0,0.001
SAMEA4357512,PRJEB14941,MNIH62O,,neonate,16.0,female,TZ,other_disease,,,,,,excluded,1.0,0.005
SAMEA4357707,PRJEB14941,MNIH63O,visit1,adult,11688.0,female,TZ,other_disease,,,,,,primary,1.0,0.001
SAMEA4357708,PRJEB14941,MNIH63O,visit1,adult,11688.0,female,TZ,other_disease,,,,,,excluded,1.0,0.001
SAMEA4357709,PRJEB14941,MNIH63O,visit1,adult,11688.0,female,TZ,,,,,,,linked,1.0,0.001
SAMEA4357857,PRJEB14941,MNIH63O,visit2,adult,11688.0,female,TZ,other_disease,,,,,,primary,1.0,0.001
SAMEA4357858,PRJEB14941,MNIH63O,visit2,adult,11688.0,female,TZ,other_disease,,,,,,excluded,1.0,0.013
SAMEA4357859,PRJEB14941,MNIH63O,visit2,adult,11688.0,female,TZ,,,,,,,linked,1.0,0.006
SAMEA4357995,PRJEB14941,MNIH63O,visit3,adult,11688.0,female,TZ,other_disease,,,,,,primary,1.0,0.001
SAMEA4357996,PRJEB14941,MNIH63O,visit3,adult,11688.0,female,TZ,other_disease,,,,,,excluded,1.0,0.004
SAMEA4357997,PRJEB14941,MNIH63O,visit3,adult,11688.0,female,TZ,,,,,,,linked,1.0,0.002
SAMEA4358123,PRJEB14941,MNIH63O,visit4,adult,11688.0,female,TZ,other_disease,,,,,,primary,1.0,0.007
SAMEA4358124,PRJEB14941,MNIH63O,visit4,adult,11688.0,female,TZ,other_disease,,,,,,excluded,1.0,0.003
SAMEA4358125,PRJEB14941,MNIH63O,visit4,adult,11688.0,female,TZ,,,,,,,linked,1.0,0.006
SAMEA4358245,PRJEB14941,MNIH63O,visit5,adult,11688.0,female,TZ,other_disease,,,,,,primary,1.0,0.005
SAMEA4358246,PRJEB14941,MNIH63O,visit5,adult,11688.0,female,TZ,other_disease,,,,,,excluded,1.0,0.012
SAMEA4358247,PRJEB14941,MNIH63O,visit5,adult,11688.0,female,TZ,,,,,,,linked,1.0,0.004
SAMEA4357273,PRJEB14941,MNIH64O,birth,,,female,TZ,,,,,,,linked,1.0,0.004
SAMEA4357274,PRJEB14941,MNIH64O,birth,infant,,female,TZ,other_disease,,,,,,excluded,1.0,0.007
SAMEA4357275,PRJEB14941,MNIH64O,birth,,,female,TZ,,,,,,,linked,1.0,0.002
SAMEA4357276,PRJEB14941,MNIH64O,birth,neonate,0.0,female,TZ,other_disease,,,,,,primary,1.0,0.003
SAMEA4357277,PRJEB14941,MNIH64O,birth,neonate,0.0,female,TZ,other_disease,,,,,,excluded,1.0,0.003
SAMEA4357710,PRJEB14941,MNIH64O,visit1,adult,9131.0,female,TZ,other_disease,,,,,,primary,1.0,0.002
SAMEA4357711,PRJEB14941,MNIH64O,visit1,adult,9131.0,female,TZ,other_disease,,,,,,excluded,1.0,0.002
SAMEA4357712,PRJEB14941,MNIH64O,visit1,adult,9131.0,female,TZ,,,,,,,linked,1.0,0.005
SAMEA4357860,PRJEB14941,MNIH64O,visit2,adult,9131.0,female,TZ,other_disease,,,,,,primary,1.0,0.002
SAMEA4357861,PRJEB14941,MNIH64O,visit2,adult,9131.0,female,TZ,other_disease,,,,,,excluded,1.0,0.003
SAMEA4357862,PRJEB14941,MNIH64O,visit2,adult,9131.0,female,TZ,,,,,,,linked,1.0,0.003
SAMEA4357998,PRJEB14941,MNIH64O,visit3,adult,9131.0,female,TZ,other_disease,,,,,,primary,1.0,0.004
SAMEA4357999,PRJEB14941,MNIH64O,visit3,adult,9131.0,female,TZ,other_disease,,,,,,excluded,1.0,0.007
SAMEA4358000,PRJEB14941,MNIH64O,visit3,adult,9131.0,female,TZ,,,,,,,linked,1.0,0.002
SAMEA4358126,PRJEB14941,MNIH64O,visit4,adult,9131.0,female,TZ,other_disease,,,,,,primary,1.0,0.002
SAMEA4358127,PRJEB14941,MNIH64O,visit4,adult,9131.0,female,TZ,other_disease,,,,,,excluded,1.0,0.005
SAMEA4358128,PRJEB14941,MNIH64O,visit4,adult,9131.0,female,TZ,,,,,,,linked,1.0,0.002
SAMEA4358248,PRJEB14941,MNIH64O,visit5,adult,9131.0,female,TZ,other_disease,,,,yes,,primary,1.0,0.0
SAMEA4358249,PRJEB14941,MNIH64O,visit5,adult,9131.0,female,TZ,other_disease,,,,yes,,excluded,1.0,0.009
SAMEA4358250,PRJEB14941,MNIH64O,visit5,adult,9131.0,female,TZ,,,,,yes,,linked,1.0,0.004
SAMEA4357513,PRJEB14941,MNIH64O,,adult,9131.0,female,TZ,,,,,,,linked,1.0,0.0
SAMEA4357514,PRJEB14941,MNIH64O,,adult,9131.0,female,TZ,other_disease,,,,,,primary,1.0,0.002
SAMEA4357515,PRJEB14941,MNIH64O,,adult,9131.0,female,TZ,other_disease,,,,,,excluded,1.0,0.003
SAMEA4357516,PRJEB14941,MNIH64O,,adult,9131.0,female,TZ,,,,,,,linked,1.0,0.003
SAMEA4357517,PRJEB14941,MNIH64O,,neonate,18.0,female,TZ,other_disease,,,,,,primary,1.0,0.002
SAMEA4357518,PRJEB14941,MNIH64O,,neonate,18.0,female,TZ,other_disease,,,,,,excluded,1.0,0.003
SAMEA4357278,PRJEB14941,MNIH65O,birth,,,female,TZ,,,,,,,linked,1.0,0.006
SAMEA4357279,PRJEB14941,MNIH65O,birth,infant,,female,TZ,other_disease,,,,,,primary,1.0,0.003
SAMEA4357280,PRJEB14941,MNIH65O,birth,infant,,female,TZ,other_disease,,,,,,excluded,1.0,0.005
SAMEA4357281,PRJEB14941,MNIH65O,birth,,,female,TZ,,,,,,,linked,1.0,0.004
SAMEA4357282,PRJEB14941,MNIH65O,birth,neonate,0.0,male,TZ,other_disease,,,,,,primary,1.0,0.002
SAMEA4357283,PRJEB14941,MNIH65O,birth,neonate,0.0,male,TZ,other_disease,,,,,,excluded,1.0,0.003
SAMEA4357713,PRJEB14941,MNIH65O,visit1,adult,11688.0,female,TZ,other_disease,,,,,,primary,1.0,0.002
SAMEA4357714,PRJEB14941,MNIH65O,visit1,adult,11688.0,female,TZ,other_disease,,,,,,excluded,1.0,0.002
SAMEA4357715,PRJEB14941,MNIH65O,visit1,adult,11688.0,female,TZ,,,,,,,linked,1.0,0.003
SAMEA4357863,PRJEB14941,MNIH65O,visit2,adult,11688.0,female,TZ,other_disease,,,,,,primary,1.0,0.005
SAMEA4357864,PRJEB14941,MNIH65O,visit2,adult,11688.0,female,TZ,other_disease,,,,,,excluded,1.0,0.001
SAMEA4357865,PRJEB14941,MNIH65O,visit2,adult,11688.0,female,TZ,,,,,,,linked,1.0,0.003
SAMEA4358129,PRJEB14941,MNIH65O,visit4,adult,11688.0,female,TZ,other_disease,,,,,,primary,1.0,0.002
SAMEA4358130,PRJEB14941,MNIH65O,visit4,adult,11688.0,female,TZ,other_disease,,,,,,excluded,1.0,0.003
SAMEA4358131,PRJEB14941,MNIH65O,visit4,adult,11688.0,female,TZ,,,,,,,linked,1.0,0.003
SAMEA4358251,PRJEB14941,MNIH65O,visit5,adult,11688.0,female,TZ,other_disease,,,,,,primary,1.0,0.004
SAMEA4358252,PRJEB14941,MNIH65O,visit5,adult,11688.0,female,TZ,other_disease,,,,,,excluded,1.0,0.0
SAMEA4358253,PRJEB14941,MNIH65O,visit5,adult,11688.0,female,TZ,,,,,,,linked,1.0,0.002
SAMEA4357519,PRJEB14941,MNIH65O,,adult,11688.0,female,TZ,,,,,,,linked,1.0,0.004
SAMEA4357520,PRJEB14941,MNIH65O,,adult,11688.0,female,TZ,other_disease,,,,,,primary,1.0,0.001
SAMEA4357521,PRJEB14941,MNIH65O,,adult,11688.0,female,TZ,other_disease,,,,,,excluded,1.0,0.002
SAMEA4357522,PRJEB14941,MNIH65O,,adult,11688.0,female,TZ,,,,,,,linked,1.0,0.002
SAMEA4357523,PRJEB14941,MNIH65O,,neonate,10.0,male,TZ,other_disease,,,,,,primary,1.0,0.001
SAMEA4357524,PRJEB14941,MNIH65O,,neonate,10.0,male,TZ,other_disease,,,,,,excluded,1.0,0.004
SAMEA4358132,PRJEB14941,MNIH66O,visit4,,,female,TZ,other_disease,,,,,,primary,1.0,0.005
SAMEA4358133,PRJEB14941,MNIH66O,visit4,,,female,TZ,other_disease,,,,,,excluded,1.0,0.005
SAMEA4358134,PRJEB14941,MNIH66O,visit4,,,female,TZ,,,,,,,linked,1.0,0.001
SAMEA4358135,PRJEB14941,MNIH67O,visit4,,,female,TZ,other_disease,,,,,,primary,1.0,0.006
SAMEA4358136,PRJEB14941,MNIH67O,visit4,,,female,TZ,other_disease,,,,,,excluded,1.0,0.004
SAMEA4358137,PRJEB14941,MNIH67O,visit4,,,female,TZ,,,,,,,linked,1.0,0.003
SAMEA4358138,PRJEB14941,MNIH68O,visit4,,,female,TZ,other_disease,,,,,,primary,1.0,0.005
SAMEA4358139,PRJEB14941,MNIH68O,visit4,,,female,TZ,other_disease,,,,,,excluded,1.0,0.003
SAMEA4358140,PRJEB14941,MNIH68O,visit4,,,female,TZ,,,,,,,linked,1.0,0.002
SAMEA4358141,PRJEB14941,MNIH69O,visit4,,,female,TZ,other_disease,,,,,,primary,1.0,0.005
SAMEA4358142,PRJEB14941,MNIH69O,visit4,,,female,TZ,other_disease,,,,,,excluded,1.0,0.001
SAMEA4358143,PRJEB14941,MNIH69O,visit4,,,female,TZ,,,,,,,linked,1.0,0.002
SAMEA4358144,PRJEB14941,MNIH70O,visit4,,,female,TZ,other_disease,,,,,,primary,1.0,0.005
SAMEA4358145,PRJEB14941,MNIH70O,visit4,,,female,TZ,other_disease,,,,,,excluded,1.0,0.005
SAMEA4358146,PRJEB14941,MNIH70O,visit4,,,female,TZ,,,,,,,linked,1.0,0.004
SAMEA4357284,PRJEB14941,MNIH81NP,birth,,,female,TZ,,,,,,,linked,1.0,0.001
SAMEA4357285,PRJEB14941,MNIH81NP,birth,infant,,female,TZ,healthy_control,,,,,,primary,1.0,0.003
SAMEA4357286,PRJEB14941,MNIH81NP,birth,infant,,female,TZ,healthy_control,,,,,,excluded,1.0,0.004
SAMEA4357287,PRJEB14941,MNIH81NP,birth,neonate,0.0,male,TZ,healthy_control,,,,,,primary,1.0,0.003
SAMEA4357288,PRJEB14941,MNIH81NP,birth,neonate,0.0,male,TZ,healthy_control,,,,,,excluded,1.0,0.001
SAMEA4357716,PRJEB14941,MNIH81NP,visit1,adult,7305.0,female,TZ,healthy_control,,,,,,primary,1.0,0.001
SAMEA4357717,PRJEB14941,MNIH81NP,visit1,adult,7305.0,female,TZ,healthy_control,,,,,,excluded,1.0,0.002
SAMEA4357718,PRJEB14941,MNIH81NP,visit1,adult,7305.0,female,TZ,,,,,,,linked,1.0,0.002
SAMEA4357866,PRJEB14941,MNIH81NP,visit2,adult,7305.0,female,TZ,healthy_control,,,,,,primary,1.0,0.002
SAMEA4357867,PRJEB14941,MNIH81NP,visit2,adult,7305.0,female,TZ,healthy_control,,,,,,excluded,1.0,0.005
SAMEA4357868,PRJEB14941,MNIH81NP,visit2,adult,7305.0,female,TZ,,,,,,,linked,1.0,0.003
SAMEA4358001,PRJEB14941,MNIH81NP,visit3,adult,7305.0,female,TZ,healthy_control,,,,,,primary,1.0,0.002
SAMEA4358002,PRJEB14941,MNIH81NP,visit3,adult,7305.0,female,TZ,healthy_control,,,,,,excluded,1.0,0.002
SAMEA4358003,PRJEB14941,MNIH81NP,visit3,adult,7305.0,female,TZ,,,,,,,linked,1.0,0.002
SAMEA4358147,PRJEB14941,MNIH81NP,visit4,adult,7305.0,female,TZ,healthy_control,,,,,,primary,1.0,0.004
SAMEA4358148,PRJEB14941,MNIH81NP,visit4,adult,7305.0,female,TZ,healthy_control,,,,,,excluded,1.0,0.003
SAMEA4358149,PRJEB14941,MNIH81NP,visit4,adult,7305.0,female,TZ,,,,,,,linked,1.0,0.003
SAMEA4358254,PRJEB14941,MNIH81NP,visit5,adult,7305.0,female,TZ,healthy_control,,,,,,primary,1.0,0.003
SAMEA4358255,PRJEB14941,MNIH81NP,visit5,adult,7305.0,female,TZ,healthy_control,,,,,,excluded,1.0,0.008
SAMEA4358256,PRJEB14941,MNIH81NP,visit5,adult,7305.0,female,TZ,,,,,,,linked,1.0,0.004
SAMEA4357525,PRJEB14941,MNIH81NP,,adult,7305.0,female,TZ,,,,,,,linked,1.0,0.003
SAMEA4357526,PRJEB14941,MNIH81NP,,adult,7305.0,female,TZ,healthy_control,,,,,,primary,1.0,0.003
SAMEA4357527,PRJEB14941,MNIH81NP,,adult,7305.0,female,TZ,healthy_control,,,,,,excluded,1.0,0.002
SAMEA4357528,PRJEB14941,MNIH81NP,,neonate,21.0,female,TZ,healthy_control,,,,,,primary,1.0,0.009
SAMEA4357529,PRJEB14941,MNIH81NP,,neonate,21.0,female,TZ,healthy_control,,,,,,excluded,1.0,0.003
SAMEA4357289,PRJEB14941,MNIH82NP,birth,,,female,TZ,,,,,,,linked,1.0,0.004
SAMEA4357290,PRJEB14941,MNIH82NP,birth,infant,,female,TZ,healthy_control,,,,,,primary,1.0,0.003
SAMEA4357291,PRJEB14941,MNIH82NP,birth,infant,,female,TZ,healthy_control,,,,,,excluded,1.0,0.003
SAMEA4357292,PRJEB14941,MNIH82NP,birth,neonate,0.0,female,TZ,healthy_control,,,,,,excluded,1.0,0.005
SAMEA4357719,PRJEB14941,MNIH82NP,visit1,adolescent,6574.0,female,TZ,healthy_control,,,,,,primary,1.0,0.002
SAMEA4357720,PRJEB14941,MNIH82NP,visit1,adolescent,6574.0,female,TZ,healthy_control,,,,,,excluded,1.0,0.005
SAMEA4357721,PRJEB14941,MNIH82NP,visit1,adolescent,6574.0,female,TZ,,,,,,,linked,1.0,0.003
SAMEA4357869,PRJEB14941,MNIH82NP,visit2,adolescent,6574.0,female,TZ,healthy_control,,,,,,primary,1.0,0.002
SAMEA4357870,PRJEB14941,MNIH82NP,visit2,adolescent,6574.0,female,TZ,healthy_control,,,,,,excluded,1.0,0.005
SAMEA4357871,PRJEB14941,MNIH82NP,visit2,adolescent,6574.0,female,TZ,,,,,,,linked,1.0,0.003
SAMEA4358004,PRJEB14941,MNIH82NP,visit3,adolescent,6574.0,female,TZ,healthy_control,,,,,,primary,1.0,0.002
SAMEA4358005,PRJEB14941,MNIH82NP,visit3,adolescent,6574.0,female,TZ,healthy_control,,,,,,excluded,1.0,0.003
SAMEA4358006,PRJEB14941,MNIH82NP,visit3,adolescent,6574.0,female,TZ,,,,,,,linked,1.0,0.002
SAMEA4358150,PRJEB14941,MNIH82NP,visit4,adolescent,6574.0,female,TZ,healthy_control,,,,,,primary,1.0,0.006
SAMEA4358151,PRJEB14941,MNIH82NP,visit4,adolescent,6574.0,female,TZ,healthy_control,,,,,,excluded,1.0,0.002
SAMEA4358152,PRJEB14941,MNIH82NP,visit4,adolescent,6574.0,female,TZ,,,,,,,linked,1.0,0.005
SAMEA4358257,PRJEB14941,MNIH82NP,visit5,adolescent,6574.0,female,TZ,healthy_control,,,,,,primary,1.0,0.003
SAMEA4358258,PRJEB14941,MNIH82NP,visit5,adolescent,6574.0,female,TZ,healthy_control,,,,,,excluded,1.0,0.0
SAMEA4358259,PRJEB14941,MNIH82NP,visit5,adolescent,6574.0,female,TZ,,,,,,,linked,1.0,0.004
SAMEA4357293,PRJEB14941,MNIH83NP,birth,,,female,TZ,,,,,,,linked,1.0,0.003
SAMEA4357294,PRJEB14941,MNIH83NP,birth,infant,,female,TZ,malnutrition,,,,,,primary,1.0,0.0
SAMEA4357295,PRJEB14941,MNIH83NP,birth,infant,,female,TZ,malnutrition,,,,,,excluded,1.0,0.001
SAMEA4357296,PRJEB14941,MNIH83NP,birth,,,female,TZ,,,,,,,linked,1.0,0.005
SAMEA4357297,PRJEB14941,MNIH83NP,birth,neonate,0.0,female,TZ,malnutrition,,,,,,primary,1.0,0.0
SAMEA4357298,PRJEB14941,MNIH83NP,birth,neonate,0.0,female,TZ,malnutrition,,,,,,excluded,1.0,0.003
SAMEA4357722,PRJEB14941,MNIH83NP,visit1,adult,8766.0,female,TZ,malnutrition,,,,,,primary,1.0,0.003
SAMEA4357723,PRJEB14941,MNIH83NP,visit1,adult,8766.0,female,TZ,malnutrition,,,,,,excluded,1.0,0.003
SAMEA4357724,PRJEB14941,MNIH83NP,visit1,adult,8766.0,female,TZ,,,,,,,linked,1.0,0.002
SAMEA4357872,PRJEB14941,MNIH83NP,visit2,adult,8766.0,female,TZ,malnutrition,,,,,,primary,1.0,0.004
SAMEA4357873,PRJEB14941,MNIH83NP,visit2,adult,8766.0,female,TZ,malnutrition,,,,,,excluded,1.0,0.002
SAMEA4357874,PRJEB14941,MNIH83NP,visit2,adult,8766.0,female,TZ,,,,,,,linked,1.0,0.003
SAMEA4358007,PRJEB14941,MNIH83NP,visit3,adult,8766.0,female,TZ,malnutrition,,,,yes,,primary,1.0,0.002
SAMEA4358008,PRJEB14941,MNIH83NP,visit3,adult,8766.0,female,TZ,malnutrition,,,,yes,,excluded,1.0,0.002
SAMEA4358009,PRJEB14941,MNIH83NP,visit3,adult,8766.0,female,TZ,,,,,yes,,linked,1.0,0.003
SAMEA4358153,PRJEB14941,MNIH83NP,visit4,adult,8766.0,female,TZ,malnutrition,,,,,,primary,1.0,0.004
SAMEA4358154,PRJEB14941,MNIH83NP,visit4,adult,8766.0,female,TZ,malnutrition,,,,,,excluded,1.0,0.012
SAMEA4358155,PRJEB14941,MNIH83NP,visit4,adult,8766.0,female,TZ,,,,,,,linked,1.0,0.002
SAMEA4358260,PRJEB14941,MNIH83NP,visit5,adult,8766.0,female,TZ,malnutrition,,,,,,excluded,1.0,0.004
SAMEA4358261,PRJEB14941,MNIH83NP,visit5,adult,8766.0,female,TZ,,,,,,,linked,1.0,0.002
SAMEA4357530,PRJEB14941,MNIH83NP,,adult,8766.0,female,TZ,,,,,,,linked,1.0,0.003
SAMEA4357531,PRJEB14941,MNIH83NP,,adult,8766.0,female,TZ,malnutrition,,,,,,primary,1.0,0.002
SAMEA4357532,PRJEB14941,MNIH83NP,,adult,8766.0,female,TZ,malnutrition,,,,,,excluded,1.0,0.009
SAMEA4357533,PRJEB14941,MNIH83NP,,adult,8766.0,female,TZ,,,,,,,linked,1.0,0.003
SAMEA4357534,PRJEB14941,MNIH83NP,,neonate,11.0,female,TZ,malnutrition,,,,,,primary,1.0,0.003
SAMEA4357535,PRJEB14941,MNIH83NP,,neonate,11.0,female,TZ,malnutrition,,,,,,excluded,1.0,0.002
SAMEA4357299,PRJEB14941,MNIH84NP,birth,,,female,TZ,,,,,,,linked,1.0,0.005
SAMEA4357300,PRJEB14941,MNIH84NP,birth,infant,,female,TZ,malnutrition,,,,,,primary,1.0,0.003
SAMEA4357301,PRJEB14941,MNIH84NP,birth,infant,,female,TZ,malnutrition,,,,,,excluded,1.0,0.006
SAMEA4357302,PRJEB14941,MNIH84NP,birth,,,female,TZ,,,,,,,linked,1.0,0.006
SAMEA4357303,PRJEB14941,MNIH84NP,birth,neonate,0.0,female,TZ,malnutrition,,,,,,primary,1.0,0.002
SAMEA4357725,PRJEB14941,MNIH84NP,visit1,adult,8036.0,female,TZ,malnutrition,,,,,,primary,1.0,0.003
SAMEA4357726,PRJEB14941,MNIH84NP,visit1,adult,8036.0,female,TZ,malnutrition,,,,,,excluded,1.0,0.003
SAMEA4357727,PRJEB14941,MNIH84NP,visit1,adult,8036.0,female,TZ,,,,,,,linked,1.0,0.002
SAMEA4357875,PRJEB14941,MNIH84NP,visit2,adult,8036.0,female,TZ,malnutrition,,,,,,primary,1.0,0.005
SAMEA4357876,PRJEB14941,MNIH84NP,visit2,adult,8036.0,female,TZ,malnutrition,,,,,,excluded,1.0,0.002
SAMEA4357877,PRJEB14941,MNIH84NP,visit2,adult,8036.0,female,TZ,,,,,,,linked,1.0,0.005
SAMEA4358010,PRJEB14941,MNIH84NP,visit3,adult,8036.0,female,TZ,malnutrition,,,,,,primary,1.0,0.003
SAMEA4358011,PRJEB14941,MNIH84NP,visit3,adult,8036.0,female,TZ,malnutrition,,,,,,excluded,1.0,0.003
SAMEA4358012,PRJEB14941,MNIH84NP,visit3,adult,8036.0,female,TZ,,,,,,,linked,1.0,0.0
SAMEA4357536,PRJEB14941,MNIH84NP,,adult,8036.0,female,TZ,,,,,,,linked,1.0,0.004
SAMEA4357537,PRJEB14941,MNIH84NP,,adult,8036.0,female,TZ,malnutrition,,,,,,primary,1.0,0.003
SAMEA4357538,PRJEB14941,MNIH84NP,,adult,8036.0,female,TZ,malnutrition,,,,,,excluded,1.0,0.004
SAMEA4357539,PRJEB14941,MNIH84NP,,adult,8036.0,female,TZ,,,,,,,linked,1.0,0.006
SAMEA4357540,PRJEB14941,MNIH84NP,,neonate,10.0,male,TZ,malnutrition,,,,,,primary,1.0,0.0
SAMEA4357304,PRJEB14941,MNIH85NP,birth,,,female,TZ,,,,,,,linked,1.0,0.006
SAMEA4357305,PRJEB14941,MNIH85NP,birth,infant,,female,TZ,healthy_control,,,,,,primary,1.0,0.0
SAMEA4357306,PRJEB14941,MNIH85NP,birth,infant,,female,TZ,healthy_control,,,,,,excluded,1.0,0.003
SAMEA4357307,PRJEB14941,MNIH85NP,birth,,,female,TZ,,,,,,,linked,1.0,0.002
SAMEA4357308,PRJEB14941,MNIH85NP,birth,neonate,0.0,male,TZ,healthy_control,,,,,,primary,1.0,0.003
SAMEA4357309,PRJEB14941,MNIH85NP,birth,neonate,0.0,male,TZ,healthy_control,,,,,,excluded,1.0,0.002
SAMEA4357728,PRJEB14941,MNIH85NP,visit1,adult,7305.0,female,TZ,healthy_control,,,,,,primary,1.0,0.005
SAMEA4357729,PRJEB14941,MNIH85NP,visit1,adult,7305.0,female,TZ,healthy_control,,,,,,excluded,1.0,0.002
SAMEA4357730,PRJEB14941,MNIH85NP,visit1,adult,7305.0,female,TZ,,,,,,,linked,1.0,0.004
SAMEA4357878,PRJEB14941,MNIH85NP,visit2,adult,7305.0,female,TZ,healthy_control,,,,,,primary,1.0,0.001
SAMEA4357879,PRJEB14941,MNIH85NP,visit2,adult,7305.0,female,TZ,healthy_control,,,,,,excluded,1.0,0.004
SAMEA4357880,PRJEB14941,MNIH85NP,visit2,adult,7305.0,female,TZ,,,,,,,linked,1.0,0.001
SAMEA4358013,PRJEB14941,MNIH85NP,visit3,adult,7305.0,female,TZ,healthy_control,,,,,,primary,1.0,0.001
SAMEA4358014,PRJEB14941,MNIH85NP,visit3,adult,7305.0,female,TZ,healthy_control,,,,,,excluded,1.0,0.004
SAMEA4358015,PRJEB14941,MNIH85NP,visit3,adult,7305.0,female,TZ,,,,,,,linked,1.0,0.002
SAMEA4358156,PRJEB14941,MNIH85NP,visit4,adult,7305.0,female,TZ,healthy_control,,,,,,excluded,1.0,0.002
SAMEA4358157,PRJEB14941,MNIH85NP,visit4,adult,7305.0,female,TZ,,,,,,,linked,1.0,0.002
SAMEA4358262,PRJEB14941,MNIH85NP,visit5,adult,7305.0,female,TZ,healthy_control,,,,,,primary,1.0,0.003
SAMEA4358263,PRJEB14941,MNIH85NP,visit5,adult,7305.0,female,TZ,healthy_control,,,,,,excluded,1.0,0.003
SAMEA4358264,PRJEB14941,MNIH85NP,visit5,adult,7305.0,female,TZ,,,,,,,linked,1.0,0.003
SAMEA4357541,PRJEB14941,MNIH85NP,,adult,7305.0,female,TZ,,,,,,,linked,1.0,0.004
SAMEA4357542,PRJEB14941,MNIH85NP,,adult,7305.0,female,TZ,healthy_control,,,,,,primary,1.0,0.002
SAMEA4357543,PRJEB14941,MNIH85NP,,adult,7305.0,female,TZ,healthy_control,,,,,,excluded,1.0,0.002
SAMEA4357544,PRJEB14941,MNIH85NP,,adult,7305.0,female,TZ,,,,,,,linked,1.0,0.004
SAMEA4357545,PRJEB14941,MNIH85NP,,neonate,12.0,female,TZ,healthy_control,,,,,,primary,1.0,0.002
SAMEA4357546,PRJEB14941,MNIH85NP,,neonate,12.0,female,TZ,healthy_control,,,,,,excluded,1.0,0.005
SAMEA4357310,PRJEB14941,MNIH86NP,birth,,,female,TZ,,,,,,,linked,1.0,0.004
SAMEA4357311,PRJEB14941,MNIH86NP,birth,infant,,female,TZ,healthy_control,,,,,,primary,1.0,0.002
SAMEA4357312,PRJEB14941,MNIH86NP,birth,neonate,0.0,male,TZ,healthy_control,,,,,,primary,1.0,0.002
SAMEA4357313,PRJEB14941,MNIH86NP,birth,neonate,0.0,male,TZ,healthy_control,,,,,,excluded,1.0,0.0
SAMEA4357731,PRJEB14941,MNIH86NP,visit1,adult,9131.0,female,TZ,healthy_control,,,,,,primary,1.0,0.002
SAMEA4357732,PRJEB14941,MNIH86NP,visit1,adult,9131.0,female,TZ,healthy_control,,,,,,excluded,1.0,0.003
SAMEA4357733,PRJEB14941,MNIH86NP,visit1,adult,9131.0,female,TZ,,,,,,,linked,1.0,0.002
SAMEA4357881,PRJEB14941,MNIH86NP,visit2,adult,9131.0,female,TZ,healthy_control,,,,,,primary,1.0,0.005
SAMEA4357882,PRJEB14941,MNIH86NP,visit2,adult,9131.0,female,TZ,healthy_control,,,,,,excluded,1.0,0.003
SAMEA4357883,PRJEB14941,MNIH86NP,visit2,adult,9131.0,female,TZ,,,,,,,linked,1.0,0.001
SAMEA4358016,PRJEB14941,MNIH86NP,visit3,adult,9131.0,female,TZ,healthy_control,,,,,,primary,1.0,0.002
SAMEA4358017,PRJEB14941,MNIH86NP,visit3,adult,9131.0,female,TZ,healthy_control,,,,,,excluded,1.0,0.002
SAMEA4358018,PRJEB14941,MNIH86NP,visit3,adult,9131.0,female,TZ,,,,,,,linked,1.0,0.003
SAMEA4358158,PRJEB14941,MNIH86NP,visit4,adult,9131.0,female,TZ,healthy_control,,,,,,primary,1.0,0.002
SAMEA4358159,PRJEB14941,MNIH86NP,visit4,adult,9131.0,female,TZ,healthy_control,,,,,,excluded,1.0,0.005
SAMEA4358265,PRJEB14941,MNIH86NP,visit5,adult,9131.0,female,TZ,healthy_control,,,,,,primary,1.0,0.001
SAMEA4358266,PRJEB14941,MNIH86NP,visit5,adult,9131.0,female,TZ,healthy_control,,,,,,excluded,1.0,0.004
SAMEA4358267,PRJEB14941,MNIH86NP,visit5,adult,9131.0,female,TZ,,,,,,,linked,1.0,0.002
SAMEA4357547,PRJEB14941,MNIH86NP,,adult,9131.0,female,TZ,,,,,,,linked,1.0,0.003
SAMEA4357548,PRJEB14941,MNIH86NP,,adult,9131.0,female,TZ,healthy_control,,,,,,primary,1.0,0.002
SAMEA4357549,PRJEB14941,MNIH86NP,,adult,9131.0,female,TZ,healthy_control,,,,,,excluded,1.0,0.001
SAMEA4357550,PRJEB14941,MNIH86NP,,infant,,male,TZ,healthy_control,,,,,,primary,1.0,0.002
SAMEA4357551,PRJEB14941,MNIH86NP,,infant,,male,TZ,healthy_control,,,,,,excluded,1.0,0.0
SAMEA4357314,PRJEB14941,MNIH87NP,birth,,,female,TZ,,,,,,,linked,1.0,0.006
SAMEA4357315,PRJEB14941,MNIH87NP,birth,infant,,female,TZ,healthy_control,,,,,,primary,1.0,0.004
SAMEA4357316,PRJEB14941,MNIH87NP,birth,infant,,female,TZ,healthy_control,,,,,,excluded,1.0,0.002
SAMEA4357317,PRJEB14941,MNIH87NP,birth,,,female,TZ,,,,,,,linked,1.0,0.001
SAMEA4357318,PRJEB14941,MNIH87NP,birth,neonate,0.0,male,TZ,healthy_control,,,,,,primary,1.0,0.002
SAMEA4357319,PRJEB14941,MNIH87NP,birth,neonate,0.0,male,TZ,healthy_control,,,,,,excluded,1.0,0.006
SAMEA4357734,PRJEB14941,MNIH87NP,visit1,adult,9131.0,female,TZ,healthy_control,,,,,,primary,1.0,0.003
SAMEA4357735,PRJEB14941,MNIH87NP,visit1,adult,9131.0,female,TZ,healthy_control,,,,,,excluded,1.0,0.003
SAMEA4357736,PRJEB14941,MNIH87NP,visit1,adult,9131.0,female,TZ,,,,,,,linked,1.0,0.002
SAMEA4357884,PRJEB14941,MNIH87NP,visit2,adult,9131.0,female,TZ,healthy_control,,,,,,primary,1.0,0.006
SAMEA4357885,PRJEB14941,MNIH87NP,visit2,adult,9131.0,female,TZ,healthy_control,,,,,,excluded,1.0,0.006
SAMEA4357886,PRJEB14941,MNIH87NP,visit2,adult,9131.0,female,TZ,,,,,,,linked,1.0,0.003
SAMEA4358160,PRJEB14941,MNIH87NP,visit4,adult,9131.0,female,TZ,healthy_control,,,,,,primary,1.0,0.003
SAMEA4358161,PRJEB14941,MNIH87NP,visit4,adult,9131.0,female,TZ,healthy_control,,,,,,excluded,1.0,0.001
SAMEA4358162,PRJEB14941,MNIH87NP,visit4,adult,9131.0,female,TZ,,,,,,,linked,1.0,0.002
SAMEA4358268,PRJEB14941,MNIH87NP,visit5,adult,9131.0,female,TZ,healthy_control,,,,,,primary,1.0,0.003
SAMEA4358269,PRJEB14941,MNIH87NP,visit5,adult,9131.0,female,TZ,healthy_control,,,,,,excluded,1.0,0.003
SAMEA4358270,PRJEB14941,MNIH87NP,visit5,adult,9131.0,female,TZ,,,,,,,linked,1.0,0.002
SAMEA4357552,PRJEB14941,MNIH87NP,,adult,9131.0,female,TZ,,,,,,,linked,1.0,0.002
SAMEA4357553,PRJEB14941,MNIH87NP,,adult,9131.0,female,TZ,healthy_control,,,,,,primary,1.0,0.002
SAMEA4357554,PRJEB14941,MNIH87NP,,adult,9131.0,female,TZ,,,,,,,linked,1.0,0.003
SAMEA4357555,PRJEB14941,MNIH87NP,,neonate,16.0,female,TZ,healthy_control,,,,,,primary,1.0,0.002
SAMEA4357556,PRJEB14941,MNIH87NP,,neonate,16.0,female,TZ,healthy_control,,,,,,excluded,1.0,0.002
SAMEA4357320,PRJEB14941,MNIH88NP,birth,infant,,female,TZ,malnutrition,,,,,,primary,1.0,0.002
SAMEA4357321,PRJEB14941,MNIH88NP,birth,infant,,female,TZ,malnutrition,,,,,,excluded,1.0,0.003
SAMEA4357322,PRJEB14941,MNIH88NP,birth,,,female,TZ,,,,,,,linked,1.0,0.005
SAMEA4357323,PRJEB14941,MNIH88NP,birth,neonate,0.0,female,TZ,malnutrition,,,,,,primary,1.0,0.001
SAMEA4357324,PRJEB14941,MNIH88NP,birth,neonate,0.0,female,TZ,malnutrition,,,,,,excluded,1.0,0.004
SAMEA4357737,PRJEB14941,MNIH88NP,visit1,adult,9862.0,female,TZ,malnutrition,,,,,,primary,1.0,0.001
SAMEA4357738,PRJEB14941,MNIH88NP,visit1,adult,9862.0,female,TZ,malnutrition,,,,,,excluded,1.0,0.009
SAMEA4357739,PRJEB14941,MNIH88NP,visit1,adult,9862.0,female,TZ,,,,,,,linked,1.0,0.003
SAMEA4357887,PRJEB14941,MNIH88NP,visit2,adult,9862.0,female,TZ,malnutrition,,,,,,primary,1.0,0.003
SAMEA4357888,PRJEB14941,MNIH88NP,visit2,adult,9862.0,female,TZ,,,,,,,linked,1.0,0.002
SAMEA4358019,PRJEB14941,MNIH88NP,visit3,adult,9862.0,female,TZ,malnutrition,,,,,,primary,1.0,0.002
SAMEA4358020,PRJEB14941,MNIH88NP,visit3,adult,9862.0,female,TZ,malnutrition,,,,,,excluded,1.0,0.005
SAMEA4358021,PRJEB14941,MNIH88NP,visit3,adult,9862.0,female,TZ,,,,,,,linked,1.0,0.002
SAMEA4358163,PRJEB14941,MNIH88NP,visit4,adult,9862.0,female,TZ,malnutrition,,,,,,primary,1.0,0.004
SAMEA4358164,PRJEB14941,MNIH88NP,visit4,adult,9862.0,female,TZ,malnutrition,,,,,,excluded,1.0,0.0
SAMEA4358165,PRJEB14941,MNIH88NP,visit4,adult,9862.0,female,TZ,,,,,,,linked,1.0,0.003
SAMEA4358271,PRJEB14941,MNIH88NP,visit5,adult,9862.0,female,TZ,malnutrition,,,,,,primary,1.0,0.001
SAMEA4358272,PRJEB14941,MNIH88NP,visit5,adult,9862.0,female,TZ,malnutrition,,,,,,excluded,1.0,0.002
SAMEA4358273,PRJEB14941,MNIH88NP,visit5,adult,9862.0,female,TZ,,,,,,,linked,1.0,0.003
SAMEA4357557,PRJEB14941,MNIH88NP,,adult,9862.0,female,TZ,,,,,,,linked,1.0,0.003
SAMEA4357558,PRJEB14941,MNIH88NP,,adult,9862.0,female,TZ,malnutrition,,,,,,primary,1.0,0.006
SAMEA4357559,PRJEB14941,MNIH88NP,,adult,9862.0,female,TZ,malnutrition,,,,,,excluded,1.0,0.002
SAMEA4357560,PRJEB14941,MNIH88NP,,adult,9862.0,female,TZ,,,,,,,linked,1.0,0.004
SAMEA4357561,PRJEB14941,MNIH88NP,,neonate,12.0,female,TZ,malnutrition,,,,,,primary,1.0,0.001
SAMEA4357562,PRJEB14941,MNIH88NP,,neonate,12.0,female,TZ,malnutrition,,,,,,excluded,1.0,0.001
SAMEA4357740,PRJEB14941,MNIH90NP,visit1,adult,9131.0,female,TZ,malnutrition,,,,,,primary,1.0,0.002
SAMEA4357741,PRJEB14941,MNIH90NP,visit1,adult,9131.0,female,TZ,malnutrition,,,,,,excluded,1.0,0.002
SAMEA4357742,PRJEB14941,MNIH90NP,visit1,adult,9131.0,female,TZ,,,,,,,linked,1.0,0.002
SAMEA4357889,PRJEB14941,MNIH90NP,visit2,adult,9131.0,female,TZ,malnutrition,,,,,,excluded,1.0,0.001
SAMEA4357890,PRJEB14941,MNIH90NP,visit2,adult,9131.0,female,TZ,,,,,,,linked,1.0,0.003
SAMEA4358022,PRJEB14941,MNIH90NP,visit3,adult,9131.0,female,TZ,malnutrition,,,,,,primary,1.0,0.003
SAMEA4358023,PRJEB14941,MNIH90NP,visit3,adult,9131.0,female,TZ,malnutrition,,,,,,excluded,1.0,0.002
SAMEA4358024,PRJEB14941,MNIH90NP,visit3,adult,9131.0,female,TZ,,,,,,,linked,1.0,0.001
SAMEA4358166,PRJEB14941,MNIH90NP,visit4,adult,9131.0,female,TZ,malnutrition,,,,,,primary,1.0,0.003
SAMEA4358167,PRJEB14941,MNIH90NP,visit4,adult,9131.0,female,TZ,malnutrition,,,,,,excluded,1.0,0.0
SAMEA4358168,PRJEB14941,MNIH90NP,visit4,adult,9131.0,female,TZ,,,,,,,linked,1.0,0.001
SAMEA4358274,PRJEB14941,MNIH90NP,visit5,adult,9131.0,female,TZ,malnutrition,,,,,,primary,1.0,0.005
SAMEA4358275,PRJEB14941,MNIH90NP,visit5,adult,9131.0,female,TZ,malnutrition,,,,,,excluded,1.0,0.008
SAMEA4358276,PRJEB14941,MNIH90NP,visit5,adult,9131.0,female,TZ,,,,,,,linked,1.0,0.002
SAMEA4357563,PRJEB14941,MNIH90NP,,adult,9131.0,female,TZ,,,,,,,linked,1.0,0.0
SAMEA4357564,PRJEB14941,MNIH90NP,,adult,9131.0,female,TZ,malnutrition,,,,,,primary,1.0,0.002
SAMEA4357565,PRJEB14941,MNIH90NP,,adult,9131.0,female,TZ,malnutrition,,,,,,excluded,1.0,0.008
SAMEA4357566,PRJEB14941,MNIH90NP,,adult,9131.0,female,TZ,,,,,,,linked,1.0,0.002
SAMEA4357567,PRJEB14941,MNIH90NP,,,,female,TZ,malnutrition,,,,,,excluded,1.0,0.0
SAMEA4357325,PRJEB14941,MNIH92NP,birth,,,female,TZ,,,,,,,linked,1.0,0.004
SAMEA4357326,PRJEB14941,MNIH92NP,birth,infant,,female,TZ,malnutrition,,,,,,primary,1.0,0.002
SAMEA4357327,PRJEB14941,MNIH92NP,birth,infant,,female,TZ,malnutrition,,,,,,excluded,1.0,0.005
SAMEA4357328,PRJEB14941,MNIH92NP,birth,neonate,0.0,female,TZ,malnutrition,,,,,,primary,1.0,0.0
SAMEA4357329,PRJEB14941,MNIH92NP,birth,neonate,0.0,female,TZ,malnutrition,,,,,,excluded,1.0,0.004
SAMEA4357743,PRJEB14941,MNIH92NP,visit1,adult,11323.0,female,TZ,malnutrition,,,,,,primary,1.0,0.002
SAMEA4357744,PRJEB14941,MNIH92NP,visit1,adult,11323.0,female,TZ,malnutrition,,,,,,excluded,1.0,0.002
SAMEA4357745,PRJEB14941,MNIH92NP,visit1,adult,11323.0,female,TZ,,,,,,,linked,1.0,0.002
SAMEA4357891,PRJEB14941,MNIH92NP,visit2,adult,11323.0,female,TZ,malnutrition,,,,,,primary,1.0,0.003
SAMEA4357892,PRJEB14941,MNIH92NP,visit2,adult,11323.0,female,TZ,malnutrition,,,,,,excluded,1.0,0.002
SAMEA4357893,PRJEB14941,MNIH92NP,visit2,adult,11323.0,female,TZ,,,,,,,linked,1.0,0.001
SAMEA4358025,PRJEB14941,MNIH92NP,visit3,adult,11323.0,female,TZ,malnutrition,,,,,,primary,1.0,0.002
SAMEA4358026,PRJEB14941,MNIH92NP,visit3,adult,11323.0,female,TZ,malnutrition,,,,,,excluded,1.0,0.0
SAMEA4358027,PRJEB14941,MNIH92NP,visit3,adult,11323.0,female,TZ,,,,,,,linked,1.0,0.006
SAMEA4358169,PRJEB14941,MNIH92NP,visit4,adult,11323.0,female,TZ,malnutrition,,,,,,primary,1.0,0.005
SAMEA4358170,PRJEB14941,MNIH92NP,visit4,adult,11323.0,female,TZ,malnutrition,,,,,,excluded,1.0,0.004
SAMEA4358171,PRJEB14941,MNIH92NP,visit4,adult,11323.0,female,TZ,,,,,,,linked,1.0,0.002
SAMEA4358277,PRJEB14941,MNIH92NP,visit5,adult,11323.0,female,TZ,malnutrition,,,,,,primary,1.0,0.005
SAMEA4358278,PRJEB14941,MNIH92NP,visit5,adult,11323.0,female,TZ,malnutrition,,,,,,excluded,1.0,0.0
SAMEA4358279,PRJEB14941,MNIH92NP,visit5,adult,11323.0,female,TZ,,,,,,,linked,1.0,0.002
SAMEA4357568,PRJEB14941,MNIH92NP,,adult,11323.0,female,TZ,,,,,,,linked,1.0,0.0
SAMEA4357569,PRJEB14941,MNIH92NP,,adult,11323.0,female,TZ,malnutrition,,,,,,primary,1.0,0.002
SAMEA4357570,PRJEB14941,MNIH92NP,,adult,11323.0,female,TZ,malnutrition,,,,,,excluded,1.0,0.002
SAMEA4357571,PRJEB14941,MNIH92NP,,adult,11323.0,female,TZ,,,,,,,linked,1.0,0.003
SAMEA4357572,PRJEB14941,MNIH92NP,,neonate,10.0,male,TZ,malnutrition,,,,,,primary,1.0,0.003
SAMEA4357573,PRJEB14941,MNIH92NP,,neonate,10.0,male,TZ,malnutrition,,,,,,excluded,1.0,0.001
SAMEA4357330,PRJEB14941,MNIH93NP,birth,,,female,TZ,,,,,,,linked,1.0,0.0
SAMEA4357331,PRJEB14941,MNIH93NP,birth,infant,,female,TZ,healthy_control,,,,,,excluded,1.0,0.006
SAMEA4357332,PRJEB14941,MNIH93NP,birth,,,female,TZ,,,,,,,linked,1.0,0.004
SAMEA4357333,PRJEB14941,MNIH93NP,birth,neonate,0.0,male,TZ,healthy_control,,,,,,primary,1.0,0.002
SAMEA4357746,PRJEB14941,MNIH93NP,visit1,adult,8766.0,female,TZ,healthy_control,,,,,,primary,1.0,0.001
SAMEA4357747,PRJEB14941,MNIH93NP,visit1,adult,8766.0,female,TZ,healthy_control,,,,,,excluded,1.0,0.003
SAMEA4357748,PRJEB14941,MNIH93NP,visit1,adult,8766.0,female,TZ,,,,,,,linked,1.0,0.002
SAMEA4357894,PRJEB14941,MNIH93NP,visit2,adult,8766.0,female,TZ,healthy_control,,,,yes,,primary,1.0,0.002
SAMEA4357895,PRJEB14941,MNIH93NP,visit2,adult,8766.0,female,TZ,healthy_control,,,,yes,,excluded,1.0,0.002
SAMEA4357896,PRJEB14941,MNIH93NP,visit2,adult,8766.0,female,TZ,,,,,yes,,linked,1.0,0.002
SAMEA4357574,PRJEB14941,MNIH93NP,,adult,8766.0,female,TZ,,,,,,,linked,1.0,0.007
SAMEA4357575,PRJEB14941,MNIH93NP,,adult,8766.0,female,TZ,healthy_control,,,,,,excluded,1.0,0.001
SAMEA4357576,PRJEB14941,MNIH93NP,,infant,31.0,female,TZ,healthy_control,,,,,,primary,1.0,0.003
SAMEA4357334,PRJEB14941,MNIH94NP,birth,,,female,TZ,,,,,,,linked,1.0,0.004
SAMEA4357335,PRJEB14941,MNIH94NP,birth,,,female,TZ,healthy_control,,,,,,primary,1.0,0.002
SAMEA4357336,PRJEB14941,MNIH94NP,birth,,,female,TZ,healthy_control,,,,,,excluded,1.0,0.002
SAMEA4357337,PRJEB14941,MNIH94NP,birth,,,female,TZ,,,,,,,linked,1.0,0.001
SAMEA4357749,PRJEB14941,MNIH94NP,visit1,adult,7670.0,female,TZ,healthy_control,,,,,,primary,1.0,0.002
SAMEA4357750,PRJEB14941,MNIH94NP,visit1,adult,7670.0,female,TZ,healthy_control,,,,,,excluded,1.0,0.003
SAMEA4357751,PRJEB14941,MNIH94NP,visit1,adult,7670.0,female,TZ,,,,,,,linked,1.0,0.004
SAMEA4357897,PRJEB14941,MNIH94NP,visit2,adult,7670.0,female,TZ,healthy_control,,,,,,primary,1.0,0.002
SAMEA4357898,PRJEB14941,MNIH94NP,visit2,adult,7670.0,female,TZ,healthy_control,,,,,,excluded,1.0,0.002
SAMEA4357899,PRJEB14941,MNIH94NP,visit2,adult,7670.0,female,TZ,,,,,,,linked,1.0,0.002
SAMEA4357577,PRJEB14941,MNIH94NP,,adult,7670.0,female,TZ,healthy_control,,,,,,primary,1.0,0.002
SAMEA4357578,PRJEB14941,MNIH94NP,,adult,7670.0,female,TZ,healthy_control,,,,,,excluded,1.0,0.002
SAMEA4357579,PRJEB14941,MNIH94NP,,adult,7670.0,female,TZ,,,,,,,linked,1.0,0.001
SAMEA4357338,PRJEB14941,MNIH95NP,birth,,,female,TZ,,,,,,,linked,1.0,0.003
SAMEA4357339,PRJEB14941,MNIH95NP,birth,infant,,female,TZ,malnutrition,,,,,,primary,1.0,0.001
SAMEA4357340,PRJEB14941,MNIH95NP,birth,infant,,female,TZ,malnutrition,,,,,,excluded,1.0,0.008
SAMEA4357341,PRJEB14941,MNIH95NP,birth,,,female,TZ,,,,,,,linked,1.0,0.004
SAMEA4357342,PRJEB14941,MNIH95NP,birth,neonate,0.0,female,TZ,malnutrition,,,,,,primary,1.0,0.001
SAMEA4357343,PRJEB14941,MNIH95NP,birth,neonate,0.0,female,TZ,malnutrition,,,,,,excluded,1.0,0.003
SAMEA4357752,PRJEB14941,MNIH95NP,visit1,adult,9496.0,female,TZ,malnutrition,,,,,,primary,1.0,0.004
SAMEA4357753,PRJEB14941,MNIH95NP,visit1,adult,9496.0,female,TZ,malnutrition,,,,,,excluded,1.0,0.002
SAMEA4357754,PRJEB14941,MNIH95NP,visit1,adult,9496.0,female,TZ,,,,,,,linked,1.0,0.005
SAMEA4357900,PRJEB14941,MNIH95NP,visit2,adult,9496.0,female,TZ,malnutrition,,,,,,primary,1.0,0.004
SAMEA4357901,PRJEB14941,MNIH95NP,visit2,adult,9496.0,female,TZ,malnutrition,,,,,,excluded,1.0,0.004
SAMEA4357902,PRJEB14941,MNIH95NP,visit2,adult,9496.0,female,TZ,,,,,,,linked,1.0,0.001
SAMEA4358172,PRJEB14941,MNIH95NP,visit4,adult,9496.0,female,TZ,malnutrition,,,,,,primary,1.0,0.002
SAMEA4358173,PRJEB14941,MNIH95NP,visit4,adult,9496.0,female,TZ,malnutrition,,,,,,excluded,1.0,0.007
SAMEA4358174,PRJEB14941,MNIH95NP,visit4,adult,9496.0,female,TZ,,,,,,,linked,1.0,0.002
SAMEA4358280,PRJEB14941,MNIH95NP,visit5,adult,9496.0,female,TZ,malnutrition,,,,,,primary,1.0,0.007
SAMEA4358281,PRJEB14941,MNIH95NP,visit5,adult,9496.0,female,TZ,malnutrition,,,,,,excluded,1.0,0.004
SAMEA4358282,PRJEB14941,MNIH95NP,visit5,adult,9496.0,female,TZ,,,,,,,linked,1.0,0.002
SAMEA4357580,PRJEB14941,MNIH95NP,,adult,9496.0,female,TZ,,,,,,,linked,1.0,0.001
SAMEA4357581,PRJEB14941,MNIH95NP,,adult,9496.0,female,TZ,malnutrition,,,,,,primary,1.0,0.003
SAMEA4357582,PRJEB14941,MNIH95NP,,adult,9496.0,female,TZ,malnutrition,,,,,,excluded,1.0,0.0
SAMEA4357583,PRJEB14941,MNIH95NP,,adult,9496.0,female,TZ,,,,,,,linked,1.0,0.002
SAMEA4357584,PRJEB14941,MNIH95NP,,neonate,13.0,male,TZ,malnutrition,,,,,,primary,1.0,0.003
SAMEA4357585,PRJEB14941,MNIH95NP,,neonate,13.0,male,TZ,malnutrition,,,,,,excluded,1.0,0.002
SAMEA4357344,PRJEB14941,MNIH96NP,birth,,,female,TZ,,,,,,,linked,1.0,0.0
SAMEA4357345,PRJEB14941,MNIH96NP,birth,infant,,female,TZ,healthy_control,,,,,,primary,1.0,0.005
SAMEA4357346,PRJEB14941,MNIH96NP,birth,infant,,female,TZ,healthy_control,,,,,,excluded,1.0,0.004
SAMEA4357347,PRJEB14941,MNIH96NP,birth,,,female,TZ,,,,,,,linked,1.0,0.003
SAMEA4357348,PRJEB14941,MNIH96NP,birth,neonate,0.0,female,TZ,healthy_control,,,,,,primary,1.0,0.002
SAMEA4357349,PRJEB14941,MNIH96NP,birth,neonate,0.0,female,TZ,healthy_control,,,,,,excluded,1.0,0.002
SAMEA4357755,PRJEB14941,MNIH96NP,visit1,adult,8036.0,female,TZ,healthy_control,,,,,,primary,1.0,0.002
SAMEA4357756,PRJEB14941,MNIH96NP,visit1,adult,8036.0,female,TZ,healthy_control,,,,,,excluded,1.0,0.002
SAMEA4357757,PRJEB14941,MNIH96NP,visit1,adult,8036.0,female,TZ,,,,,,,linked,1.0,0.003
SAMEA4357903,PRJEB14941,MNIH96NP,visit2,adult,8036.0,female,TZ,healthy_control,,,,,,primary,1.0,0.004
SAMEA4357904,PRJEB14941,MNIH96NP,visit2,adult,8036.0,female,TZ,healthy_control,,,,,,excluded,1.0,0.009
SAMEA4357905,PRJEB14941,MNIH96NP,visit2,adult,8036.0,female,TZ,,,,,,,linked,1.0,0.006
SAMEA4358028,PRJEB14941,MNIH96NP,visit3,adult,8036.0,female,TZ,healthy_control,,,,yes,,primary,1.0,0.002
SAMEA4358029,PRJEB14941,MNIH96NP,visit3,adult,8036.0,female,TZ,healthy_control,,,,yes,,excluded,1.0,0.005
SAMEA4358030,PRJEB14941,MNIH96NP,visit3,adult,8036.0,female,TZ,,,,,yes,,linked,1.0,0.003
SAMEA4358175,PRJEB14941,MNIH96NP,visit4,adult,8036.0,female,TZ,healthy_control,,,,,,primary,1.0,0.003
SAMEA4358176,PRJEB14941,MNIH96NP,visit4,adult,8036.0,female,TZ,,,,,,,linked,1.0,0.007
SAMEA4358283,PRJEB14941,MNIH96NP,visit5,adult,8036.0,female,TZ,healthy_control,,,,,,primary,1.0,0.003
SAMEA4358284,PRJEB14941,MNIH96NP,visit5,adult,8036.0,female,TZ,healthy_control,,,,,,excluded,1.0,0.004
SAMEA4358285,PRJEB14941,MNIH96NP,visit5,adult,8036.0,female,TZ,,,,,,,linked,1.0,0.002
SAMEA4357586,PRJEB14941,MNIH96NP,,adult,8036.0,female,TZ,,,,,,,linked,1.0,0.003
SAMEA4357587,PRJEB14941,MNIH96NP,,adult,8036.0,female,TZ,healthy_control,,,,,,primary,1.0,0.003
SAMEA4357588,PRJEB14941,MNIH96NP,,adult,8036.0,female,TZ,healthy_control,,,,,,excluded,1.0,0.007
SAMEA4357589,PRJEB14941,MNIH96NP,,adult,8036.0,female,TZ,,,,,,,linked,1.0,0.001
SAMEA4357590,PRJEB14941,MNIH96NP,,neonate,11.0,female,TZ,healthy_control,,,,,,primary,1.0,0.001
SAMEA4357591,PRJEB14941,MNIH96NP,,neonate,11.0,female,TZ,healthy_control,,,,,,excluded,1.0,0.004
SAMEA4357350,PRJEB14941,MNIH97NP,birth,,,female,TZ,,,,,,,linked,1.0,0.0
SAMEA4357351,PRJEB14941,MNIH97NP,birth,infant,,female,TZ,healthy_control,,,,,,primary,1.0,0.003
SAMEA4357352,PRJEB14941,MNIH97NP,birth,infant,,female,TZ,healthy_control,,,,,,excluded,1.0,0.002
SAMEA4357353,PRJEB14941,MNIH97NP,birth,,,female,TZ,,,,,,,linked,1.0,0.007
SAMEA4357354,PRJEB14941,MNIH97NP,birth,neonate,0.0,female,TZ,healthy_control,,,,,,primary,1.0,0.002
SAMEA4357355,PRJEB14941,MNIH97NP,birth,neonate,0.0,female,TZ,healthy_control,,,,,,excluded,1.0,0.006
SAMEA4357356,PRJEB14941,MNIH97NP,birth,neonate,0.0,female,TZ,healthy_control,,,,,,primary,1.0,0.003
SAMEA4357357,PRJEB14941,MNIH97NP,birth,neonate,0.0,female,TZ,healthy_control,,,,,,excluded,1.0,0.005
SAMEA4357758,PRJEB14941,MNIH97NP,visit1,adult,10227.0,female,TZ,healthy_control,,,,,,excluded,1.0,0.002
SAMEA4357759,PRJEB14941,MNIH97NP,visit1,adult,10227.0,female,TZ,,,,,,,linked,1.0,0.003
SAMEA4357906,PRJEB14941,MNIH97NP,visit2,adult,10227.0,female,TZ,healthy_control,,,,,,primary,1.0,0.003
SAMEA4357907,PRJEB14941,MNIH97NP,visit2,adult,10227.0,female,TZ,healthy_control,,,,,,excluded,1.0,0.006
SAMEA4357908,PRJEB14941,MNIH97NP,visit2,adult,10227.0,female,TZ,,,,,,,linked,1.0,0.002
SAMEA4358177,PRJEB14941,MNIH97NP,visit4,adult,10227.0,female,TZ,healthy_control,,,,,,primary,1.0,0.003
SAMEA4358178,PRJEB14941,MNIH97NP,visit4,adult,10227.0,female,TZ,,,,,,,linked,1.0,0.002
SAMEA4358286,PRJEB14941,MNIH97NP,visit5,adult,10227.0,female,TZ,healthy_control,,,,,,primary,1.0,0.003
SAMEA4358287,PRJEB14941,MNIH97NP,visit5,adult,10227.0,female,TZ,healthy_control,,,,,,excluded,1.0,0.007
SAMEA4358288,PRJEB14941,MNIH97NP,visit5,adult,10227.0,female,TZ,,,,,,,linked,1.0,0.001
SAMEA4357592,PRJEB14941,MNIH97NP,,adult,10227.0,female,TZ,,,,,,,linked,1.0,0.005
SAMEA4357593,PRJEB14941,MNIH97NP,,adult,10227.0,female,TZ,healthy_control,,,,,,primary,1.0,0.002
SAMEA4357594,PRJEB14941,MNIH97NP,,adult,10227.0,female,TZ,healthy_control,,,,,,excluded,1.0,0.001
SAMEA4357595,PRJEB14941,MNIH97NP,,adult,10227.0,female,TZ,,,,,,,linked,1.0,0.001
SAMEA4357596,PRJEB14941,MNIH97NP,,neonate,10.0,female,TZ,healthy_control,,,,,,primary,1.0,0.003
SAMEA4357597,PRJEB14941,MNIH97NP,,neonate,10.0,female,TZ,healthy_control,,,,,,excluded,1.0,0.003
SAMEA4357598,PRJEB14941,MNIH97NP,,neonate,10.0,female,TZ,healthy_control,,,,,,primary,1.0,0.008
SAMEA4357599,PRJEB14941,MNIH97NP,,neonate,10.0,female,TZ,healthy_control,,,,,,excluded,1.0,0.006
SAMEA4357358,PRJEB14941,MNIH99NP,birth,,,female,TZ,,,,,,,linked,1.0,0.0
SAMEA4357359,PRJEB14941,MNIH99NP,birth,infant,,female,TZ,healthy_control,,,,,,primary,1.0,0.002
SAMEA4357360,PRJEB14941,MNIH99NP,birth,infant,,female,TZ,healthy_control,,,,,,excluded,1.0,0.003
SAMEA4357361,PRJEB14941,MNIH99NP,birth,,,female,TZ,,,,,,,linked,1.0,0.004
SAMEA4357362,PRJEB14941,MNIH99NP,birth,neonate,0.0,female,TZ,healthy_control,,,,,,primary,1.0,0.001
SAMEA4357363,PRJEB14941,MNIH99NP,birth,neonate,0.0,female,TZ,healthy_control,,,,,,excluded,1.0,0.005
SAMEA4357364,PRJEB14941,MNIH99NP,birth,neonate,0.0,female,TZ,healthy_control,,,,,,primary,1.0,0.005
SAMEA4357365,PRJEB14941,MNIH99NP,birth,neonate,0.0,female,TZ,healthy_control,,,,,,excluded,1.0,0.007
SAMEA4357760,PRJEB14941,MNIH99NP,visit1,adult,9496.0,female,TZ,healthy_control,,,,,,primary,1.0,0.002
SAMEA4357761,PRJEB14941,MNIH99NP,visit1,adult,9496.0,female,TZ,healthy_control,,,,,,excluded,1.0,0.004
SAMEA4357762,PRJEB14941,MNIH99NP,visit1,adult,9496.0,female,TZ,,,,,,,linked,1.0,0.002
SAMEA4357909,PRJEB14941,MNIH99NP,visit2,adult,9496.0,female,TZ,healthy_control,,,,,,primary,1.0,0.002
SAMEA4357910,PRJEB14941,MNIH99NP,visit2,adult,9496.0,female,TZ,healthy_control,,,,,,excluded,1.0,0.013
SAMEA4357911,PRJEB14941,MNIH99NP,visit2,adult,9496.0,female,TZ,,,,,,,linked,1.0,0.002
SAMEA4358179,PRJEB14941,MNIH99NP,visit4,adult,9496.0,female,TZ,healthy_control,,,,,,primary,1.0,0.003
SAMEA4358180,PRJEB14941,MNIH99NP,visit4,adult,9496.0,female,TZ,healthy_control,,,,,,excluded,1.0,0.011
SAMEA4358181,PRJEB14941,MNIH99NP,visit4,adult,9496.0,female,TZ,,,,,,,linked,1.0,0.001
SAMEA4358289,PRJEB14941,MNIH99NP,visit5,adult,9496.0,female,TZ,healthy_control,,,,,,primary,1.0,0.001
SAMEA4358290,PRJEB14941,MNIH99NP,visit5,adult,9496.0,female,TZ,healthy_control,,,,,,excluded,1.0,0.005
SAMEA4358291,PRJEB14941,MNIH99NP,visit5,adult,9496.0,female,TZ,,,,,,,linked,1.0,0.002
SAMEA4357600,PRJEB14941,MNIH99NP,,adult,9496.0,female,TZ,,,,,,,linked,1.0,0.003
SAMEA4357601,PRJEB14941,MNIH99NP,,adult,9496.0,female,TZ,healthy_control,,,,,,primary,1.0,0.006
SAMEA4357602,PRJEB14941,MNIH99NP,,adult,9496.0,female,TZ,healthy_control,,,,,,excluded,1.0,0.0
SAMEA4357603,PRJEB14941,MNIH99NP,,adult,9496.0,female,TZ,,,,,,,linked,1.0,0.009
SAMEA4357604,PRJEB14941,MNIH99NP,,neonate,19.0,female,TZ,healthy_control,,,,,,primary,1.0,0.002
SAMEA4357605,PRJEB14941,MNIH99NP,,neonate,19.0,female,TZ,healthy_control,,,,,,excluded,1.0,0.002
SAMEA4357606,PRJEB14941,MNIH99NP,,neonate,19.0,female,TZ,healthy_control,,,,,,primary,1.0,0.003
SAMEA4357607,PRJEB14941,MNIH99NP,,neonate,19.0,female,TZ,healthy_control,,,,,,excluded,1.0,0.002
