sample_key,study_accession,subject_id,timepoint_label,age_category,age_at_collection_days,sex,country,health_condition,health_condition_detail,intervention,intervention_detail,antibiotic_exposure,collection_date,body_site_class,n_runs,seq_gbp
SAMN54097384,PRJNA1378986,V0005B,T1,infant,76.0,,AU,,,,,,,primary,1.0,8.117
SAMN54097385,PRJNA1378986,V0005B,T3,infant,365.0,,AU,,,,,,,primary,1.0,8.736
SAMN54097393,PRJNA1378986,V0007B,T1,infant,76.0,,AU,,,,,,,primary,2.0,11.33
SAMN54097394,PRJNA1378986,V0007B,T3,infant,365.0,,AU,,,,,,,primary,2.0,8.593
SAMN54097402,PRJNA1378986,V0008B,T1,infant,76.0,,AU,,,,,,,primary,2.0,10.645
SAMN54097403,PRJNA1378986,V0008B,T3,infant,365.0,,AU,,,,,,,primary,2.0,6.621
SAMN54097466,PRJNA1378986,V0009B,T1,infant,76.0,,AU,,,,,,,primary,2.0,12.499
SAMN54097467,PRJNA1378986,V0009B,T3,infant,365.0,,AU,,,,,,,primary,2.0,13.035
SAMN54097557,PRJNA1378986,V0010B,T1,infant,76.0,,AU,,,,,,,primary,2.0,15.08
SAMN54097558,PRJNA1378986,V0010B,T3,infant,365.0,,AU,,,,,,,primary,2.0,16.306
SAMN54097691,PRJNA1378986,V0011B,T1,infant,76.0,,AU,,,,,,,primary,2.0,12.284
SAMN54097692,PRJNA1378986,V0011B,T3,infant,365.0,,AU,,,,,,,primary,2.0,12.856
SAMN54097275,PRJNA1378986,V0012B,T1,infant,76.0,,AU,,,,,,,primary,1.0,10.843
SAMN54097276,PRJNA1378986,V0012B,T3,infant,365.0,,AU,,,,,,,primary,1.0,11.587
SAMN54097410,PRJNA1378986,V0013B,T1,infant,76.0,,AU,,,,,,,primary,2.0,9.89
SAMN54097411,PRJNA1378986,V0013B,T3,infant,365.0,,AU,,,,,,,primary,2.0,8.258
SAMN54097462,PRJNA1378986,V0014B,T1,infant,76.0,,AU,,,,,,,primary,2.0,18.226
SAMN54097463,PRJNA1378986,V0014B,T3,infant,365.0,,AU,,,,,,,primary,2.0,11.826
SAMN54097464,PRJNA1378986,V0015B,T1,infant,76.0,,AU,,,,,,,primary,2.0,10.604
SAMN54097465,PRJNA1378986,V0015B,T3,infant,365.0,,AU,,,,,,,primary,2.0,13.265
SAMN54097365,PRJNA1378986,V0016B,T3,infant,365.0,,AU,,,,,,,primary,2.0,9.114
SAMN54097416,PRJNA1378986,V0017B,T1,infant,76.0,,AU,,,,,,,primary,2.0,8.777
SAMN54097417,PRJNA1378986,V0017B,T3,infant,365.0,,AU,,,,,,,primary,2.0,8.445
SAMN54097444,PRJNA1378986,V0018B,T1,infant,76.0,,AU,,,,,,,primary,2.0,10.128
SAMN54097445,PRJNA1378986,V0018B,T3,infant,365.0,,AU,,,,,,,primary,2.0,8.225
SAMN54097355,PRJNA1378986,V0019B,T1,infant,76.0,,AU,,,,,,,primary,2.0,9.09
SAMN54097356,PRJNA1378986,V0019B,T3,infant,365.0,,AU,,,,,,,primary,2.0,8.54
SAMN54097476,PRJNA1378986,V0020B,T1,infant,76.0,,AU,,,,,,,primary,2.0,12.835
SAMN54097477,PRJNA1378986,V0020B,T3,infant,365.0,,AU,,,,,,,primary,2.0,11.807
SAMN54097141,PRJNA1378986,V0021B,T1,infant,76.0,,AU,,,,,,,primary,2.0,12.464
SAMN54097142,PRJNA1378986,V0021B,T3,infant,365.0,,AU,,,,,,,primary,2.0,12.539
SAMN54097279,PRJNA1378986,V0022B,T1,infant,76.0,,AU,,,,,,,primary,1.0,9.261
SAMN54097281,PRJNA1378986,V0022B,T3,infant,365.0,,AU,,,,,,,primary,1.0,9.846
SAMN54097280,PRJNA1378986,V0022B,,infant,76.0,,AU,,,,,,,primary,2.0,13.922
SAMN54097282,PRJNA1378986,V0022B,,infant,365.0,,AU,,,,,,,primary,2.0,12.16
SAMN54097679,PRJNA1378986,V0023B,T1,infant,76.0,,AU,,,,,,,primary,2.0,13.942
SAMN54097680,PRJNA1378986,V0023B,T3,infant,365.0,,AU,,,,,,,primary,2.0,9.124
SAMN54097361,PRJNA1378986,V0024B,T1,infant,76.0,,AU,,,,,,,primary,2.0,8.108
SAMN54097362,PRJNA1378986,V0024B,T3,infant,365.0,,AU,,,,,,,primary,2.0,8.507
SAMN54097368,PRJNA1378986,V0025B,T1,infant,76.0,,AU,,,,,,,primary,2.0,11.72
SAMN54097369,PRJNA1378986,V0025B,T3,infant,365.0,,AU,,,,,,,primary,2.0,11.465
SAMN54097446,PRJNA1378986,V0026B,T1,infant,76.0,,AU,,,,,,,primary,2.0,10.299
SAMN54097447,PRJNA1378986,V0026B,T3,infant,365.0,,AU,,,,,,,primary,2.0,7.859
SAMN54097251,PRJNA1378986,V0027B,T1,infant,76.0,,AU,,,,,,,primary,1.0,10.724
SAMN54097252,PRJNA1378986,V0027B,T3,infant,365.0,,AU,,,,,,,primary,1.0,9.089
SAMN54097299,PRJNA1378986,V0028B,T1,infant,76.0,,AU,,,,,,,primary,1.0,10.124
SAMN54097300,PRJNA1378986,V0028B,T3,infant,365.0,,AU,,,,,,,primary,1.0,9.885
SAMN54097305,PRJNA1378986,V0029B,T3,infant,365.0,,AU,,,,,,,primary,2.0,7.997
SAMN54097333,PRJNA1378986,V0030B,T1,infant,76.0,,AU,,,,,,,primary,2.0,5.015
SAMN54097334,PRJNA1378986,V0030B,T3,infant,365.0,,AU,,,,,,,primary,2.0,7.764
SAMN54097341,PRJNA1378986,V0031B,T1,infant,76.0,,AU,,,,,,,primary,2.0,7.204
SAMN54097342,PRJNA1378986,V0031B,T3,infant,365.0,,AU,,,,,,,primary,2.0,9.474
SAMN54097501,PRJNA1378986,V0032B,T1,infant,76.0,,AU,,,,,,,primary,2.0,12.09
SAMN54097502,PRJNA1378986,V0032B,T3,infant,365.0,,AU,,,,,,,primary,2.0,15.308
SAMN54097331,PRJNA1378986,V0033B,T1,infant,76.0,,AU,,,,,,,primary,1.0,9.854
SAMN54097332,PRJNA1378986,V0033B,T3,infant,365.0,,AU,,,,,,,primary,1.0,12.164
SAMN54097545,PRJNA1378986,V0034B,T1,infant,76.0,,AU,,,,,,,primary,1.0,9.816
SAMN54097546,PRJNA1378986,V0034B,T3,infant,365.0,,AU,,,,,,,primary,1.0,11.785
SAMN54097438,PRJNA1378986,V0036B,T1,infant,76.0,,AU,,,,,,,primary,1.0,14.007
SAMN54097439,PRJNA1378986,V0036B,T3,infant,365.0,,AU,,,,,,,primary,1.0,12.406
SAMN54097472,PRJNA1378986,V0037B,T1,infant,76.0,,AU,,,,,,,primary,1.0,13.008
SAMN54097473,PRJNA1378986,V0037B,T3,infant,365.0,,AU,,,,,,,primary,1.0,8.716
SAMN54097663,PRJNA1378986,V0038B,T1,infant,76.0,,AU,,,,,,,primary,1.0,12.486
SAMN54097664,PRJNA1378986,V0038B,T3,infant,365.0,,AU,,,,,,,primary,1.0,11.03
SAMN54097233,PRJNA1378986,V0039B,T1,infant,76.0,,AU,,,,,,,primary,2.0,9.892
SAMN54097234,PRJNA1378986,V0039B,T3,infant,365.0,,AU,,,,,,,primary,2.0,14.261
SAMN54097235,PRJNA1378986,V0040B,T1,infant,76.0,,AU,,,,,,,primary,1.0,9.786
SAMN54097236,PRJNA1378986,V0040B,T3,infant,365.0,,AU,,,,,,,primary,1.0,11.787
SAMN54097249,PRJNA1378986,V0041B,T1,infant,76.0,,AU,,,,,,,primary,1.0,10.048
SAMN54097250,PRJNA1378986,V0041B,T3,infant,365.0,,AU,,,,,,,primary,1.0,11.07
SAMN54097297,PRJNA1378986,V0042B,T1,infant,76.0,,AU,,,,,,,primary,1.0,14.343
SAMN54097298,PRJNA1378986,V0042B,T3,infant,365.0,,AU,,,,,,,primary,1.0,10.555
SAMN54097301,PRJNA1378986,V0043B,T1,infant,76.0,,AU,,,,,,,primary,1.0,13.419
SAMN54097302,PRJNA1378986,V0043B,T3,infant,365.0,,AU,,,,,,,primary,1.0,12.551
SAMN54097319,PRJNA1378986,V0044B,T1,infant,76.0,,AU,,,,,,,primary,1.0,13.985
SAMN54097320,PRJNA1378986,V0044B,T3,infant,365.0,,AU,,,,,,,primary,1.0,14.072
SAMN54097335,PRJNA1378986,V0045B,T1,infant,76.0,,AU,,,,,,,primary,2.0,9.77
SAMN54097336,PRJNA1378986,V0045B,T3,infant,365.0,,AU,,,,,,,primary,2.0,10.021
SAMN54097343,PRJNA1378986,V0046B,T1,infant,76.0,,AU,,,,,,,primary,1.0,11.964
SAMN54097344,PRJNA1378986,V0046B,T3,infant,365.0,,AU,,,,,,,primary,1.0,15.371
SAMN54097351,PRJNA1378986,V0048B,T1,infant,76.0,,AU,,,,,,,primary,2.0,12.73
SAMN54097352,PRJNA1378986,V0048B,T3,infant,365.0,,AU,,,,,,,primary,2.0,11.713
SAMN54097353,PRJNA1378986,V0049B,T1,infant,76.0,,AU,,,,,,,primary,2.0,12.031
SAMN54097354,PRJNA1378986,V0049B,T3,infant,365.0,,AU,,,,,,,primary,2.0,11.089
SAMN54097375,PRJNA1378986,V0051B,T1,infant,76.0,,AU,,,,,,,primary,2.0,11.796
SAMN54097376,PRJNA1378986,V0051B,T3,infant,365.0,,AU,,,,,,,primary,2.0,11.981
SAMN54097397,PRJNA1378986,V0052B,T1,infant,76.0,,AU,,,,,,,primary,2.0,13.913
SAMN54097398,PRJNA1378986,V0052B,T3,infant,365.0,,AU,,,,,,,primary,2.0,13.739
SAMN54097721,PRJNA1378986,V0053B,T1,infant,76.0,,AU,,,,,,,primary,1.0,13.573
SAMN54097722,PRJNA1378986,V0053B,T3,infant,365.0,,AU,,,,,,,primary,1.0,12.957
SAMN54097277,PRJNA1378986,V0057B,T1,infant,76.0,,AU,,,,,,,primary,1.0,8.724
SAMN54097278,PRJNA1378986,V0057B,T3,infant,365.0,,AU,,,,,,,primary,1.0,12.318
SAMN54097310,PRJNA1378986,V0059B,T1,infant,76.0,,AU,,,,,,,primary,2.0,8.948
SAMN54097311,PRJNA1378986,V0059B,T3,infant,365.0,,AU,,,,,,,primary,2.0,10.931
SAMN54097329,PRJNA1378986,V0061B,T1,infant,76.0,,AU,,,,,,,primary,1.0,10.391
SAMN54097330,PRJNA1378986,V0061B,T3,infant,365.0,,AU,,,,,,,primary,1.0,12.505
SAMN54097357,PRJNA1378986,V0063B,T1,infant,76.0,,AU,,,,,,,primary,1.0,11.766
SAMN54097358,PRJNA1378986,V0063B,T3,infant,365.0,,AU,,,,,,,primary,1.0,8.408
SAMN54097391,PRJNA1378986,V0064B,T1,infant,76.0,,AU,,,,,,,primary,2.0,9.861
SAMN54097392,PRJNA1378986,V0064B,T3,infant,365.0,,AU,,,,,,,primary,2.0,11.14
SAMN54097424,PRJNA1378986,V0065B,T1,infant,76.0,,AU,,,,,,,primary,1.0,10.145
SAMN54097425,PRJNA1378986,V0065B,T3,infant,365.0,,AU,,,,,,,primary,1.0,10.3
SAMN54097426,PRJNA1378986,V0066B,T1,infant,76.0,,AU,,,,,,,primary,1.0,11.119
SAMN54097427,PRJNA1378986,V0066B,T3,infant,365.0,,AU,,,,,,,primary,1.0,11.295
SAMN54097623,PRJNA1378986,V0068B,T1,infant,76.0,,AU,,,,,,,primary,1.0,9.378
SAMN54097624,PRJNA1378986,V0068B,T3,infant,365.0,,AU,,,,,,,primary,1.0,11.938
SAMN54097693,PRJNA1378986,V0071B,T1,infant,76.0,,AU,,,,,,,primary,1.0,11.953
SAMN54097694,PRJNA1378986,V0071B,T3,infant,365.0,,AU,,,,,,,primary,1.0,11.068
SAMN54097245,PRJNA1378986,V0072B,T1,infant,76.0,,AU,,,,,,,primary,1.0,10.549
SAMN54097246,PRJNA1378986,V0072B,T3,infant,365.0,,AU,,,,,,,primary,1.0,11.05
SAMN54097366,PRJNA1378986,V0073B,T1,infant,76.0,,AU,,,,,,,primary,1.0,13.193
SAMN54097367,PRJNA1378986,V0073B,T3,infant,365.0,,AU,,,,,,,primary,1.0,10.425
SAMN54097406,PRJNA1378986,V0074B,T1,infant,76.0,,AU,,,,,,,primary,1.0,9.98
SAMN54097407,PRJNA1378986,V0074B,T3,infant,365.0,,AU,,,,,,,primary,1.0,10.204
SAMN54098397,PRJNA1378986,V0078B,T1,infant,76.0,,AU,,,,,,,primary,1.0,8.551
SAMN54098398,PRJNA1378986,V0078B,T3,infant,365.0,,AU,,,,,,,primary,1.0,8.422
SAMN54098405,PRJNA1378986,V0079B,T1,infant,76.0,,AU,,,,,,,primary,1.0,10.86
SAMN54098406,PRJNA1378986,V0079B,T3,infant,365.0,,AU,,,,,,,primary,1.0,8.411
SAMN54098411,PRJNA1378986,V0080B,T1,infant,76.0,,AU,,,,,,,primary,1.0,9.427
SAMN54098412,PRJNA1378986,V0080B,T3,infant,365.0,,AU,,,,,,,primary,1.0,11.492
SAMN54098455,PRJNA1378986,V0082B,T1,infant,76.0,,AU,,,,,,,primary,1.0,9.591
SAMN54098456,PRJNA1378986,V0082B,T3,infant,365.0,,AU,,,,,,,primary,1.0,12.034
SAMN54098459,PRJNA1378986,V0084B,T1,infant,76.0,,AU,,,,,,,primary,1.0,12.829
SAMN54098460,PRJNA1378986,V0084B,T3,infant,365.0,,AU,,,,,,,primary,1.0,12.641
SAMN54098465,PRJNA1378986,V0085B,T1,infant,76.0,,AU,,,,,,,primary,1.0,26.084
SAMN54098470,PRJNA1378986,V0086B,T1,infant,76.0,,AU,,,,,,,primary,1.0,14.408
SAMN54098471,PRJNA1378986,V0086B,T3,infant,365.0,,AU,,,,,,,primary,1.0,13.434
SAMN54098492,PRJNA1378986,V0089B,T1,infant,76.0,,AU,,,,,,,primary,1.0,14.293
SAMN54098493,PRJNA1378986,V0089B,T3,infant,365.0,,AU,,,,,,,primary,1.0,11.881
SAMN54098494,PRJNA1378986,V0090B,T1,infant,76.0,,AU,,,,,,,primary,1.0,12.273
SAMN54098495,PRJNA1378986,V0090B,T3,infant,365.0,,AU,,,,,,,primary,1.0,12.292
SAMN54097056,PRJNA1378986,V0091B,T1,infant,76.0,,AU,,,,,,,primary,2.0,15.029
SAMN54097057,PRJNA1378986,V0091B,T3,infant,365.0,,AU,,,,,,,primary,2.0,10.182
SAMN54097076,PRJNA1378986,V0092B,T1,infant,76.0,,AU,,,,,,,primary,2.0,21.301
SAMN54097077,PRJNA1378986,V0092B,T3,infant,365.0,,AU,,,,,,,primary,2.0,13.891
SAMN54097096,PRJNA1378986,V0093B,T1,infant,76.0,,AU,,,,,,,primary,1.0,14.007
SAMN54097097,PRJNA1378986,V0093B,T3,infant,365.0,,AU,,,,,,,primary,1.0,8.902
SAMN54098429,PRJNA1378986,V0095B,T1,infant,76.0,,AU,,,,,,,primary,1.0,9.997
SAMN54098431,PRJNA1378986,V0095B,T3,infant,365.0,,AU,,,,,,,primary,1.0,9.207
SAMN54098430,PRJNA1378986,V0095B,,infant,76.0,,AU,,,,,,,primary,1.0,8.625
SAMN54098432,PRJNA1378986,V0095B,,infant,365.0,,AU,,,,,,,primary,1.0,7.988
SAMN54098476,PRJNA1378986,V0097B,T1,infant,76.0,,AU,,,,,,,primary,1.0,11.954
SAMN54098477,PRJNA1378986,V0097B,T3,infant,365.0,,AU,,,,,,,primary,1.0,12.786
SAMN54098496,PRJNA1378986,V0099B,T1,infant,76.0,,AU,,,,,,,primary,2.0,12.225
SAMN54098497,PRJNA1378986,V0099B,T3,infant,365.0,,AU,,,,,,,primary,2.0,13.147
SAMN54097053,PRJNA1378986,V0101B,T1,infant,76.0,,AU,,,,,,,primary,1.0,10.718
SAMN54097054,PRJNA1378986,V0101B,T3,infant,365.0,,AU,,,,,,,primary,1.0,12.94
SAMN54097058,PRJNA1378986,V0102B,T1,infant,76.0,,AU,,,,,,,primary,1.0,11.59
SAMN54097059,PRJNA1378986,V0102B,T3,infant,365.0,,AU,,,,,,,primary,1.0,13.543
SAMN54097078,PRJNA1378986,V0103B,T1,infant,76.0,,AU,,,,,,,primary,1.0,10.225
SAMN54097079,PRJNA1378986,V0103B,T3,infant,365.0,,AU,,,,,,,primary,1.0,11.7
SAMN54097082,PRJNA1378986,V0105B,T1,infant,76.0,,AU,,,,,,,primary,1.0,9.718
SAMN54097083,PRJNA1378986,V0105B,T3,infant,365.0,,AU,,,,,,,primary,1.0,10.97
SAMN54097088,PRJNA1378986,V0106B,T1,infant,76.0,,AU,,,,,,,primary,1.0,13.519
SAMN54097089,PRJNA1378986,V0106B,T3,infant,365.0,,AU,,,,,,,primary,1.0,12.24
SAMN54097177,PRJNA1378986,V0112B,T1,infant,76.0,,AU,,,,,,,primary,1.0,11.359
SAMN54097178,PRJNA1378986,V0112B,T3,infant,365.0,,AU,,,,,,,primary,1.0,11.676
SAMN54097199,PRJNA1378986,V0115B,T1,infant,76.0,,AU,,,,,,,primary,2.0,11.036
SAMN54097200,PRJNA1378986,V0115B,T3,infant,365.0,,AU,,,,,,,primary,2.0,10.448
SAMN54097468,PRJNA1378986,V0116B,T1,infant,76.0,,AU,,,,,,,primary,1.0,4.242
SAMN54097469,PRJNA1378986,V0116B,T3,infant,365.0,,AU,,,,,,,primary,1.0,10.836
SAMN54097349,PRJNA1378986,V0117B,T1,infant,76.0,,AU,,,,,,,primary,1.0,12.456
SAMN54097350,PRJNA1378986,V0117B,T3,infant,365.0,,AU,,,,,,,primary,1.0,7.914
SAMN54097219,PRJNA1378986,V0118B,T1,infant,76.0,,AU,,,,,,,primary,2.0,13.594
SAMN54097220,PRJNA1378986,V0118B,T3,infant,365.0,,AU,,,,,,,primary,1.0,10.261
SAMN54097625,PRJNA1378986,V0120B,T1,infant,76.0,,AU,,,,,,,primary,1.0,13.84
SAMN54097626,PRJNA1378986,V0120B,T3,infant,365.0,,AU,,,,,,,primary,1.0,12.512
SAMN54097531,PRJNA1378986,V0121B,T1,infant,76.0,,AU,,,,,,,primary,2.0,13.408
SAMN54097532,PRJNA1378986,V0121B,T3,infant,365.0,,AU,,,,,,,primary,2.0,12.107
SAMN54097613,PRJNA1378986,V0122B,T1,infant,76.0,,AU,,,,,,,primary,1.0,10.567
SAMN54097614,PRJNA1378986,V0122B,T3,infant,365.0,,AU,,,,,,,primary,1.0,11.073
SAMN54097553,PRJNA1378986,V0125B,T1,infant,76.0,,AU,,,,,,,primary,1.0,14.439
SAMN54097554,PRJNA1378986,V0125B,T3,infant,365.0,,AU,,,,,,,primary,1.0,11.794
SAMN54097584,PRJNA1378986,V0126B,T1,infant,76.0,,AU,,,,,,,primary,1.0,11.421
SAMN54097585,PRJNA1378986,V0126B,T3,infant,365.0,,AU,,,,,,,primary,1.0,10.262
SAMN54097312,PRJNA1378986,V0127B,T1,infant,76.0,,AU,,,,,,,primary,1.0,11.95
SAMN54097313,PRJNA1378986,V0127B,T3,infant,365.0,,AU,,,,,,,primary,1.0,14.502
SAMN54097390,PRJNA1378986,V0128B,T1,infant,76.0,,AU,,,,,,,primary,1.0,7.88
SAMN54097881,PRJNA1378986,V0129B,T1,infant,76.0,,AU,,,,,,,primary,2.0,13.295
SAMN54097882,PRJNA1378986,V0129B,T3,infant,365.0,,AU,,,,,,,primary,2.0,12.275
SAMN54097265,PRJNA1378986,V0130B,T1,infant,76.0,,AU,,,,,,,primary,1.0,12.947
SAMN54097266,PRJNA1378986,V0130B,T3,infant,365.0,,AU,,,,,,,primary,1.0,14.006
SAMN54097064,PRJNA1378986,V0131B,T1,infant,76.0,,AU,,,,,,,primary,1.0,12.32
SAMN54097065,PRJNA1378986,V0131B,T3,infant,365.0,,AU,,,,,,,primary,1.0,10.078
SAMN54097100,PRJNA1378986,V0132B,T1,infant,76.0,,AU,,,,,,,primary,1.0,7.648
SAMN54098490,PRJNA1378986,V0133B,T1,infant,76.0,,AU,,,,,,,primary,1.0,12.833
SAMN54098491,PRJNA1378986,V0133B,T3,infant,365.0,,AU,,,,,,,primary,1.0,12.537
SAMN54097931,PRJNA1378986,V0134B,T1,infant,76.0,,AU,,,,,,,primary,1.0,11.97
SAMN54097932,PRJNA1378986,V0134B,T3,infant,365.0,,AU,,,,,,,primary,1.0,10.227
SAMN54097267,PRJNA1378986,V0135B,T1,infant,76.0,,AU,,,,,,,primary,1.0,10.911
SAMN54097268,PRJNA1378986,V0135B,T3,infant,365.0,,AU,,,,,,,primary,1.0,13.058
SAMN54097388,PRJNA1378986,V0136B,T1,infant,76.0,,AU,,,,,,,primary,2.0,2.445
SAMN54097389,PRJNA1378986,V0136B,T3,infant,365.0,,AU,,,,,,,primary,2.0,13.362
SAMN54097181,PRJNA1378986,V0137B,T1,infant,76.0,,AU,,,,,,,primary,1.0,11.163
SAMN54097182,PRJNA1378986,V0137B,T3,infant,365.0,,AU,,,,,,,primary,1.0,13.039
SAMN54097257,PRJNA1378986,V0138B,T1,infant,76.0,,AU,,,,,,,primary,1.0,10.974
SAMN54097258,PRJNA1378986,V0138B,T3,infant,365.0,,AU,,,,,,,primary,1.0,11.459
SAMN54097923,PRJNA1378986,V0139B,T1,infant,76.0,,AU,,,,,,,primary,1.0,12.796
SAMN54097924,PRJNA1378986,V0139B,T3,infant,365.0,,AU,,,,,,,primary,1.0,11.823
SAMN54097889,PRJNA1378986,V0140B,T1,infant,76.0,,AU,,,,,,,primary,1.0,8.023
SAMN54097890,PRJNA1378986,V0140B,T3,infant,365.0,,AU,,,,,,,primary,1.0,7.949
SAMN54097263,PRJNA1378986,V0143B,T1,infant,76.0,,AU,,,,,,,primary,1.0,14.761
SAMN54097264,PRJNA1378986,V0143B,T3,infant,365.0,,AU,,,,,,,primary,1.0,11.907
SAMN54097314,PRJNA1378986,V0144B,T1,infant,76.0,,AU,,,,,,,primary,1.0,11.421
SAMN54097315,PRJNA1378986,V0144B,T3,infant,365.0,,AU,,,,,,,primary,1.0,12.324
SAMN54097217,PRJNA1378986,V0145B,T1,infant,76.0,,AU,,,,,,,primary,1.0,12.208
SAMN54097218,PRJNA1378986,V0145B,T3,infant,365.0,,AU,,,,,,,primary,1.0,11.851
SAMN54098453,PRJNA1378986,V0147B,T1,infant,76.0,,AU,,,,,,,primary,1.0,11.799
SAMN54098454,PRJNA1378986,V0147B,T3,infant,365.0,,AU,,,,,,,primary,1.0,11.317
SAMN54098484,PRJNA1378986,V0148B,T1,infant,76.0,,AU,,,,,,,primary,1.0,12.088
SAMN54098485,PRJNA1378986,V0148B,T3,infant,365.0,,AU,,,,,,,primary,1.0,11.919
SAMN54097101,PRJNA1378986,V0149B,T1,infant,76.0,,AU,,,,,,,primary,2.0,11.171
SAMN54097102,PRJNA1378986,V0149B,T3,infant,365.0,,AU,,,,,,,primary,2.0,11.638
SAMN54097237,PRJNA1378986,V0150B,T1,infant,76.0,,AU,,,,,,,primary,1.0,11.623
SAMN54097238,PRJNA1378986,V0150B,T3,infant,365.0,,AU,,,,,,,primary,1.0,12.013
SAMN54097149,PRJNA1378986,V0151B,T1,infant,76.0,,AU,,,,,,,primary,2.0,12.582
SAMN54097150,PRJNA1378986,V0151B,T3,infant,365.0,,AU,,,,,,,primary,2.0,15.332
SAMN54097317,PRJNA1378986,V0152B,T1,infant,76.0,,AU,,,,,,,primary,2.0,13.855
SAMN54097318,PRJNA1378986,V0152B,T3,infant,365.0,,AU,,,,,,,primary,2.0,14.295
SAMN54097677,PRJNA1378986,V0153B,T1,infant,76.0,,AU,,,,,,,primary,1.0,10.882
SAMN54097678,PRJNA1378986,V0153B,T3,infant,365.0,,AU,,,,,,,primary,1.0,14.257
SAMN54097493,PRJNA1378986,V0154B,T1,infant,76.0,,AU,,,,,,,primary,1.0,13.624
SAMN54097494,PRJNA1378986,V0154B,T3,infant,365.0,,AU,,,,,,,primary,1.0,10.449
SAMN54097685,PRJNA1378986,V0155B,T1,infant,76.0,,AU,,,,,,,primary,1.0,11.706
SAMN54097686,PRJNA1378986,V0155B,T3,infant,365.0,,AU,,,,,,,primary,1.0,11.911
SAMN54097713,PRJNA1378986,V0156B,T1,infant,76.0,,AU,,,,,,,primary,1.0,12.106
SAMN54097714,PRJNA1378986,V0156B,T3,infant,365.0,,AU,,,,,,,primary,1.0,13.148
SAMN54097345,PRJNA1378986,V0157B,T1,infant,76.0,,AU,,,,,,,primary,1.0,9.179
SAMN54097346,PRJNA1378986,V0157B,T3,infant,365.0,,AU,,,,,,,primary,1.0,10.259
SAMN54097634,PRJNA1378986,V0158B,T1,infant,76.0,,AU,,,,,,,primary,2.0,13.485
SAMN54097635,PRJNA1378986,V0158B,T3,infant,365.0,,AU,,,,,,,primary,2.0,16.329
SAMN54097607,PRJNA1378986,V0159B,T1,infant,76.0,,AU,,,,,,,primary,2.0,12.642
SAMN54097608,PRJNA1378986,V0159B,T3,infant,365.0,,AU,,,,,,,primary,2.0,14.39
SAMN54097539,PRJNA1378986,V0160B,T1,infant,76.0,,AU,,,,,,,primary,2.0,15.858
SAMN54097540,PRJNA1378986,V0160B,T3,infant,365.0,,AU,,,,,,,primary,2.0,15.037
SAMN54097671,PRJNA1378986,V0161B,T1,infant,76.0,,AU,,,,,,,primary,2.0,14.546
SAMN54097672,PRJNA1378986,V0161B,T3,infant,365.0,,AU,,,,,,,primary,2.0,15.637
SAMN54097810,PRJNA1378986,V0162B,T1,infant,76.0,,AU,,,,,,,primary,2.0,13.762
SAMN54097811,PRJNA1378986,V0162B,T3,infant,365.0,,AU,,,,,,,primary,2.0,17.496
SAMN54097879,PRJNA1378986,V0163B,T1,infant,76.0,,AU,,,,,,,primary,1.0,14.855
SAMN54097880,PRJNA1378986,V0163B,T3,infant,365.0,,AU,,,,,,,primary,1.0,13.039
SAMN54097505,PRJNA1378986,V0164B,T1,infant,76.0,,AU,,,,,,,primary,1.0,13.055
SAMN54097506,PRJNA1378986,V0164B,T3,infant,365.0,,AU,,,,,,,primary,1.0,10.122
SAMN54097525,PRJNA1378986,V0165B,T1,infant,76.0,,AU,,,,,,,primary,2.0,13.319
SAMN54097526,PRJNA1378986,V0165B,T3,infant,365.0,,AU,,,,,,,primary,2.0,14.111
SAMN54097561,PRJNA1378986,V0166B,T1,infant,76.0,,AU,,,,,,,primary,1.0,11.763
SAMN54097562,PRJNA1378986,V0166B,T3,infant,365.0,,AU,,,,,,,primary,1.0,10.94
SAMN54097609,PRJNA1378986,V0167B,T1,infant,76.0,,AU,,,,,,,primary,1.0,11.725
SAMN54097610,PRJNA1378986,V0167B,T3,infant,365.0,,AU,,,,,,,primary,1.0,10.903
SAMN54097775,PRJNA1378986,V0168B,T1,infant,76.0,,AU,,,,,,,primary,1.0,13.462
SAMN54097776,PRJNA1378986,V0168B,T3,infant,365.0,,AU,,,,,,,primary,1.0,11.075
SAMN54097777,PRJNA1378986,V0169B,T1,infant,76.0,,AU,,,,,,,primary,1.0,12.259
SAMN54097778,PRJNA1378986,V0169B,T3,infant,365.0,,AU,,,,,,,primary,1.0,12.14
SAMN54097769,PRJNA1378986,V0170B,T1,infant,76.0,,AU,,,,,,,primary,1.0,12.684
SAMN54097770,PRJNA1378986,V0170B,T3,infant,365.0,,AU,,,,,,,primary,1.0,11.321
SAMN54097324,PRJNA1378986,V0171B,T3,infant,365.0,,AU,,,,,,,primary,1.0,11.25
SAMN54097125,PRJNA1378986,V0172B,T1,infant,76.0,,AU,,,,,,,primary,2.0,11.989
SAMN54097126,PRJNA1378986,V0172B,T3,infant,365.0,,AU,,,,,,,primary,2.0,10.866
SAMN54097113,PRJNA1378986,V0173B,T1,infant,76.0,,AU,,,,,,,primary,2.0,12.201
SAMN54097114,PRJNA1378986,V0173B,T3,infant,365.0,,AU,,,,,,,primary,2.0,12.362
SAMN54097155,PRJNA1378986,V0174B,T1,infant,76.0,,AU,,,,,,,primary,1.0,10.715
SAMN54097156,PRJNA1378986,V0174B,T3,infant,365.0,,AU,,,,,,,primary,1.0,11.991
SAMN54097080,PRJNA1378986,V0175B,T1,infant,76.0,,AU,,,,,,,primary,2.0,13.532
SAMN54097081,PRJNA1378986,V0175B,T3,infant,365.0,,AU,,,,,,,primary,2.0,10.727
SAMN54097072,PRJNA1378986,V0176B,T1,infant,76.0,,AU,,,,,,,primary,1.0,11.928
SAMN54097073,PRJNA1378986,V0176B,T3,infant,365.0,,AU,,,,,,,primary,1.0,10.545
SAMN54097115,PRJNA1378986,V0177B,T1,infant,76.0,,AU,,,,,,,primary,2.0,13.847
SAMN54097116,PRJNA1378986,V0177B,T3,infant,365.0,,AU,,,,,,,primary,2.0,9.622
SAMN54098463,PRJNA1378986,V0178B,T1,infant,76.0,,AU,,,,,,,primary,1.0,16.08
SAMN54098464,PRJNA1378986,V0178B,T3,infant,365.0,,AU,,,,,,,primary,1.0,10.662
SAMN54097323,PRJNA1378986,V0179B,T1,infant,76.0,,AU,,,,,,,primary,1.0,10.056
SAMN54097084,PRJNA1378986,V0180B,T1,infant,76.0,,AU,,,,,,,primary,2.0,10.626
SAMN54097085,PRJNA1378986,V0180B,T3,infant,365.0,,AU,,,,,,,primary,2.0,12.093
SAMN54097913,PRJNA1378986,V0181B,T1,infant,76.0,,AU,,,,,,,primary,1.0,13.684
SAMN54097914,PRJNA1378986,V0181B,T3,infant,365.0,,AU,,,,,,,primary,1.0,11.746
SAMN54097846,PRJNA1378986,V0182B,T1,infant,76.0,,AU,,,,,,,primary,1.0,12.698
SAMN54097847,PRJNA1378986,V0182B,T3,infant,365.0,,AU,,,,,,,primary,1.0,11.876
SAMN54097858,PRJNA1378986,V0183B,T1,infant,76.0,,AU,,,,,,,primary,2.0,12.149
SAMN54097859,PRJNA1378986,V0183B,T3,infant,365.0,,AU,,,,,,,primary,2.0,13.897
SAMN54097909,PRJNA1378986,V0184B,T1,infant,76.0,,AU,,,,,,,primary,1.0,10.558
SAMN54097910,PRJNA1378986,V0184B,T3,infant,365.0,,AU,,,,,,,primary,1.0,12.494
SAMN54097842,PRJNA1378986,V0185B,T1,infant,76.0,,AU,,,,,,,primary,1.0,14.577
SAMN54097843,PRJNA1378986,V0185B,T3,infant,365.0,,AU,,,,,,,primary,1.0,12.077
SAMN54097193,PRJNA1378986,V0186B,T1,infant,76.0,,AU,,,,,,,primary,1.0,11.409
SAMN54097194,PRJNA1378986,V0186B,T3,infant,365.0,,AU,,,,,,,primary,1.0,10.109
SAMN54097627,PRJNA1378986,V0187B,T3,infant,365.0,,AU,,,,,,,primary,1.0,8.881
SAMN54097253,PRJNA1378986,V0188B,T1,infant,76.0,,AU,,,,,,,primary,1.0,14.877
SAMN54097254,PRJNA1378986,V0188B,T3,infant,365.0,,AU,,,,,,,primary,1.0,10.351
SAMN54097648,PRJNA1378986,V0189B,T1,infant,76.0,,AU,,,,,,,primary,1.0,10.932
SAMN54097649,PRJNA1378986,V0189B,T3,infant,365.0,,AU,,,,,,,primary,1.0,11.046
SAMN54097306,PRJNA1378986,V0190B,T1,infant,76.0,,AU,,,,,,,primary,1.0,12.448
SAMN54097307,PRJNA1378986,V0190B,T3,infant,365.0,,AU,,,,,,,primary,1.0,9.741
SAMN54097747,PRJNA1378986,V0191B,T1,infant,76.0,,AU,,,,,,,primary,2.0,12.082
SAMN54097748,PRJNA1378986,V0191B,T3,infant,365.0,,AU,,,,,,,primary,2.0,12.978
SAMN54097763,PRJNA1378986,V0192B,T1,infant,76.0,,AU,,,,,,,primary,1.0,11.318
SAMN54097764,PRJNA1378986,V0192B,T3,infant,365.0,,AU,,,,,,,primary,1.0,11.507
SAMN54098499,PRJNA1378986,V0193B,T1,infant,76.0,,AU,,,,,,,primary,2.0,13.636
SAMN54098500,PRJNA1378986,V0193B,T3,infant,365.0,,AU,,,,,,,primary,2.0,11.961
SAMN54097241,PRJNA1378986,V0194B,T1,infant,76.0,,AU,,,,,,,primary,1.0,13.882
SAMN54097242,PRJNA1378986,V0194B,T3,infant,365.0,,AU,,,,,,,primary,1.0,11.526
SAMN54097139,PRJNA1378986,V0195B,T1,infant,76.0,,AU,,,,,,,primary,1.0,16.146
SAMN54097140,PRJNA1378986,V0195B,T3,infant,365.0,,AU,,,,,,,primary,1.0,10.883
SAMN54097273,PRJNA1378986,V0198B,T1,infant,76.0,,AU,,,,,,,primary,2.0,16.079
SAMN54097274,PRJNA1378986,V0198B,T3,infant,365.0,,AU,,,,,,,primary,2.0,14.353
SAMN54097363,PRJNA1378986,V0200B,T1,infant,76.0,,AU,,,,,,,primary,1.0,14.848
SAMN54097364,PRJNA1378986,V0200B,T3,infant,365.0,,AU,,,,,,,primary,1.0,12.441
SAMN54097551,PRJNA1378986,V0201B,T1,infant,76.0,,AU,,,,,,,primary,1.0,10.714
SAMN54097552,PRJNA1378986,V0201B,T3,infant,365.0,,AU,,,,,,,primary,1.0,8.744
SAMN54097632,PRJNA1378986,V0203B,T1,infant,76.0,,AU,,,,,,,primary,1.0,11.885
SAMN54097633,PRJNA1378986,V0203B,T3,infant,365.0,,AU,,,,,,,primary,1.0,11.385
SAMN54097559,PRJNA1378986,V0204B,T1,infant,76.0,,AU,,,,,,,primary,2.0,12.831
SAMN54097560,PRJNA1378986,V0204B,T3,infant,365.0,,AU,,,,,,,primary,2.0,12.065
SAMN54097638,PRJNA1378986,V0205B,T1,infant,76.0,,AU,,,,,,,primary,1.0,10.578
SAMN54097639,PRJNA1378986,V0205B,T3,infant,365.0,,AU,,,,,,,primary,1.0,12.181
SAMN54097605,PRJNA1378986,V0206B,T1,infant,76.0,,AU,,,,,,,primary,1.0,12.915
SAMN54097606,PRJNA1378986,V0206B,T3,infant,365.0,,AU,,,,,,,primary,1.0,11.399
SAMN54097799,PRJNA1378986,V0207B,T1,infant,76.0,,AU,,,,,,,primary,1.0,12.424
SAMN54097800,PRJNA1378986,V0207B,T3,infant,365.0,,AU,,,,,,,primary,1.0,12.748
SAMN54097567,PRJNA1378986,V0208B,T1,infant,76.0,,AU,,,,,,,primary,1.0,12.912
SAMN54097568,PRJNA1378986,V0208B,T3,infant,365.0,,AU,,,,,,,primary,1.0,14.216
SAMN54097895,PRJNA1378986,V0209B,T1,infant,76.0,,AU,,,,,,,primary,2.0,11.843
SAMN54097897,PRJNA1378986,V0209B,T3,infant,365.0,,AU,,,,,,,primary,2.0,12.955
SAMN54097896,PRJNA1378986,V0209B,,infant,76.0,,AU,,,,,,,primary,1.0,12.842
SAMN54097898,PRJNA1378986,V0209B,,infant,365.0,,AU,,,,,,,primary,1.0,11.42
SAMN54097826,PRJNA1378986,V0210B,T1,infant,76.0,,AU,,,,,,,primary,2.0,7.838
SAMN54097827,PRJNA1378986,V0210B,T3,infant,365.0,,AU,,,,,,,primary,2.0,11.567
SAMN54097850,PRJNA1378986,V0211B,T1,infant,76.0,,AU,,,,,,,primary,2.0,14.469
SAMN54097851,PRJNA1378986,V0211B,T3,infant,365.0,,AU,,,,,,,primary,2.0,15.739
SAMN54097941,PRJNA1378986,V0214B,T1,infant,76.0,,AU,,,,,,,primary,1.0,12.25
SAMN54097942,PRJNA1378986,V0214B,T3,infant,365.0,,AU,,,,,,,primary,1.0,12.338
SAMN54097805,PRJNA1378986,V0215B,T1,infant,76.0,,AU,,,,,,,primary,1.0,8.348
SAMN54097337,PRJNA1378986,V0216B,T1,infant,76.0,,AU,,,,,,,primary,2.0,9.742
SAMN54097338,PRJNA1378986,V0216B,T3,infant,365.0,,AU,,,,,,,primary,2.0,9.618
SAMN54097488,PRJNA1378986,V0223B,T1,infant,76.0,,AU,,,,,,,primary,1.0,9.994
SAMN54097707,PRJNA1378986,V0225B,T1,infant,76.0,,AU,,,,,,,primary,1.0,11.927
SAMN54097708,PRJNA1378986,V0225B,T3,infant,365.0,,AU,,,,,,,primary,1.0,10.533
SAMN54097735,PRJNA1378986,V0226B,T1,infant,76.0,,AU,,,,,,,primary,1.0,11.097
SAMN54097736,PRJNA1378986,V0226B,T3,infant,365.0,,AU,,,,,,,primary,1.0,11.338
SAMN54097745,PRJNA1378986,V0227B,T1,infant,76.0,,AU,,,,,,,primary,2.0,9.687
SAMN54097746,PRJNA1378986,V0227B,T3,infant,365.0,,AU,,,,,,,primary,2.0,8.619
SAMN54097705,PRJNA1378986,V0228B,T1,infant,76.0,,AU,,,,,,,primary,1.0,12.134
SAMN54097706,PRJNA1378986,V0228B,T3,infant,365.0,,AU,,,,,,,primary,1.0,11.602
SAMN54097779,PRJNA1378986,V0229B,T1,infant,76.0,,AU,,,,,,,primary,1.0,12.253
SAMN54097780,PRJNA1378986,V0229B,T3,infant,365.0,,AU,,,,,,,primary,1.0,10.761
SAMN54097814,PRJNA1378986,V0231B,T1,infant,76.0,,AU,,,,,,,primary,1.0,7.928
SAMN54097815,PRJNA1378986,V0231B,T3,infant,365.0,,AU,,,,,,,primary,1.0,8.486
SAMN54097808,PRJNA1378986,V0232B,T1,infant,76.0,,AU,,,,,,,primary,2.0,9.432
SAMN54097809,PRJNA1378986,V0232B,T3,infant,365.0,,AU,,,,,,,primary,2.0,9.032
SAMN54097874,PRJNA1378986,V0234B,T1,infant,76.0,,AU,,,,,,,primary,2.0,13.535
SAMN54097549,PRJNA1378986,V0236B,T1,infant,76.0,,AU,,,,,,,primary,1.0,9.835
SAMN54097550,PRJNA1378986,V0236B,T3,infant,365.0,,AU,,,,,,,primary,1.0,8.707
SAMN54097547,PRJNA1378986,V0238B,T1,infant,76.0,,AU,,,,,,,primary,1.0,8.488
SAMN54097548,PRJNA1378986,V0238B,T3,infant,365.0,,AU,,,,,,,primary,1.0,8.681
SAMN54097741,PRJNA1378986,V0240B,T1,infant,76.0,,AU,,,,,,,primary,1.0,10.403
SAMN54097742,PRJNA1378986,V0240B,T3,infant,365.0,,AU,,,,,,,primary,1.0,10.417
SAMN54097185,PRJNA1378986,V0248B,T1,infant,76.0,,AU,,,,,,,primary,2.0,11.429
SAMN54097186,PRJNA1378986,V0248B,T3,infant,365.0,,AU,,,,,,,primary,2.0,14.318
SAMN54097167,PRJNA1378986,V0253B,T1,infant,76.0,,AU,,,,,,,primary,1.0,8.605
SAMN54097168,PRJNA1378986,V0253B,T3,infant,365.0,,AU,,,,,,,primary,1.0,8.409
SAMN54097171,PRJNA1378986,V0254B,T1,infant,76.0,,AU,,,,,,,primary,1.0,10.873
SAMN54097172,PRJNA1378986,V0254B,T3,infant,365.0,,AU,,,,,,,primary,1.0,12.505
SAMN54097868,PRJNA1378986,V0255B,T1,infant,76.0,,AU,,,,,,,primary,1.0,8.457
SAMN54097869,PRJNA1378986,V0255B,T3,infant,365.0,,AU,,,,,,,primary,2.0,11.649
SAMN54097883,PRJNA1378986,V0257B,T1,infant,76.0,,AU,,,,,,,primary,1.0,11.488
SAMN54097884,PRJNA1378986,V0257B,T3,infant,365.0,,AU,,,,,,,primary,1.0,10.249
SAMN54097929,PRJNA1378986,V0258B,T1,infant,76.0,,AU,,,,,,,primary,2.0,9.919
SAMN54097930,PRJNA1378986,V0258B,T3,infant,365.0,,AU,,,,,,,primary,2.0,11.808
SAMN54097094,PRJNA1378986,V0260B,T1,infant,76.0,,AU,,,,,,,primary,1.0,7.894
SAMN54097095,PRJNA1378986,V0260B,T3,infant,365.0,,AU,,,,,,,primary,1.0,8.021
SAMN54097915,PRJNA1378986,V0262B,T1,infant,76.0,,AU,,,,,,,primary,2.0,11.638
SAMN54097917,PRJNA1378986,V0262B,T3,infant,365.0,,AU,,,,,,,primary,2.0,10.927
SAMN54097916,PRJNA1378986,V0262B,,infant,76.0,,AU,,,,,,,primary,1.0,13.49
SAMN54097918,PRJNA1378986,V0262B,,infant,365.0,,AU,,,,,,,primary,1.0,10.612
SAMN54097948,PRJNA1378986,V0263B,T1,infant,76.0,,AU,,,,,,,primary,2.0,11.459
SAMN54097949,PRJNA1378986,V0263B,T3,infant,365.0,,AU,,,,,,,primary,2.0,11.385
SAMN54097937,PRJNA1378986,V0266B,T1,infant,76.0,,AU,,,,,,,primary,1.0,8.603
SAMN54097938,PRJNA1378986,V0266B,T3,infant,365.0,,AU,,,,,,,primary,1.0,8.603
SAMN54097968,PRJNA1378986,V0267B,T1,infant,76.0,,AU,,,,,,,primary,2.0,10.832
SAMN54097969,PRJNA1378986,V0267B,T3,infant,365.0,,AU,,,,,,,primary,2.0,13.998
SAMN54097952,PRJNA1378986,V0270B,T1,infant,76.0,,AU,,,,,,,primary,1.0,8.503
SAMN54097953,PRJNA1378986,V0270B,T3,infant,365.0,,AU,,,,,,,primary,1.0,11.582
SAMN54097537,PRJNA1378986,V0271B,T1,infant,76.0,,AU,,,,,,,primary,1.0,11.372
SAMN54097538,PRJNA1378986,V0271B,T3,infant,365.0,,AU,,,,,,,primary,1.0,10.818
SAMN54097541,PRJNA1378986,V0273B,T1,infant,76.0,,AU,,,,,,,primary,1.0,11.035
SAMN54097542,PRJNA1378986,V0273B,T3,infant,365.0,,AU,,,,,,,primary,1.0,12.288
SAMN54097509,PRJNA1378986,V0275B,T1,infant,76.0,,AU,,,,,,,primary,2.0,12.113
SAMN54097510,PRJNA1378986,V0275B,T3,infant,365.0,,AU,,,,,,,primary,2.0,11.94
SAMN54097658,PRJNA1378986,V0277B,T1,infant,76.0,,AU,,,,,,,primary,1.0,11.219
SAMN54097659,PRJNA1378986,V0277B,T3,infant,365.0,,AU,,,,,,,primary,1.0,11.822
SAMN54097460,PRJNA1378986,V0278B,T1,infant,76.0,,AU,,,,,,,primary,1.0,11.213
SAMN54097461,PRJNA1378986,V0278B,T3,infant,365.0,,AU,,,,,,,primary,1.0,11.035
SAMN54097646,PRJNA1378986,V0279B,T1,infant,76.0,,AU,,,,,,,primary,1.0,9.919
SAMN54097647,PRJNA1378986,V0279B,T3,infant,365.0,,AU,,,,,,,primary,1.0,9.351
SAMN54097683,PRJNA1378986,V0282B,T1,infant,76.0,,AU,,,,,,,primary,1.0,8.899
SAMN54097684,PRJNA1378986,V0282B,T3,infant,365.0,,AU,,,,,,,primary,1.0,10.071
SAMN54097667,PRJNA1378986,V0284B,T1,infant,76.0,,AU,,,,,,,primary,1.0,11.606
SAMN54097668,PRJNA1378986,V0284B,T3,infant,365.0,,AU,,,,,,,primary,1.0,11.934
SAMN54097711,PRJNA1378986,V0285B,T1,infant,76.0,,AU,,,,,,,primary,1.0,10.67
SAMN54097712,PRJNA1378986,V0285B,T3,infant,365.0,,AU,,,,,,,primary,2.0,10.111
SAMN54097697,PRJNA1378986,V0286B,T1,infant,76.0,,AU,,,,,,,primary,1.0,10.366
SAMN54097698,PRJNA1378986,V0286B,T3,infant,365.0,,AU,,,,,,,primary,1.0,13.813
SAMN54097727,PRJNA1378986,V0287B,T1,infant,76.0,,AU,,,,,,,primary,2.0,9.898
SAMN54097728,PRJNA1378986,V0287B,T3,infant,365.0,,AU,,,,,,,primary,2.0,8.293
SAMN54097729,PRJNA1378986,V0288B,T1,infant,76.0,,AU,,,,,,,primary,1.0,12.18
SAMN54097730,PRJNA1378986,V0288B,T3,infant,365.0,,AU,,,,,,,primary,1.0,11.087
SAMN54097527,PRJNA1378986,V0289B,T1,infant,76.0,,AU,,,,,,,primary,1.0,10.6
SAMN54097528,PRJNA1378986,V0289B,T3,infant,365.0,,AU,,,,,,,primary,1.0,9.869
SAMN54097223,PRJNA1378986,V0290B,T1,infant,76.0,,AU,,,,,,,primary,1.0,8.868
SAMN54097224,PRJNA1378986,V0290B,T3,infant,365.0,,AU,,,,,,,primary,1.0,10.742
SAMN54097239,PRJNA1378986,V0291B,T1,infant,76.0,,AU,,,,,,,primary,2.0,16.899
SAMN54097240,PRJNA1378986,V0291B,T3,infant,365.0,,AU,,,,,,,primary,2.0,15.214
SAMN54097719,PRJNA1378986,V0293B,T1,infant,76.0,,AU,,,,,,,primary,1.0,8.622
SAMN54097720,PRJNA1378986,V0293B,T3,infant,365.0,,AU,,,,,,,primary,1.0,9.365
SAMN54097519,PRJNA1378986,V0295B,T1,infant,76.0,,AU,,,,,,,primary,1.0,11.975
SAMN54097520,PRJNA1378986,V0295B,T3,infant,365.0,,AU,,,,,,,primary,1.0,12.703
SAMN54097571,PRJNA1378986,V0296B,T1,infant,76.0,,AU,,,,,,,primary,1.0,9.72
SAMN54097572,PRJNA1378986,V0296B,T3,infant,365.0,,AU,,,,,,,primary,1.0,10.238
SAMN54097442,PRJNA1378986,V0298B,T1,infant,76.0,,AU,,,,,,,primary,1.0,8.659
SAMN54097443,PRJNA1378986,V0298B,T3,infant,365.0,,AU,,,,,,,primary,1.0,10.163
SAMN54097470,PRJNA1378986,V0299B,T1,infant,76.0,,AU,,,,,,,primary,1.0,12.921
SAMN54097471,PRJNA1378986,V0299B,T3,infant,365.0,,AU,,,,,,,primary,1.0,14.505
SAMN54098413,PRJNA1378986,V0300B,T1,infant,76.0,,AU,,,,,,,primary,1.0,13.533
SAMN54098415,PRJNA1378986,V0300B,T3,infant,365.0,,AU,,,,,,,primary,1.0,9.752
SAMN54098414,PRJNA1378986,V0300B,,infant,76.0,,AU,,,,,,,primary,2.0,15.221
SAMN54098416,PRJNA1378986,V0300B,,infant,365.0,,AU,,,,,,,primary,2.0,11.856
SAMN54097434,PRJNA1378986,V0302B,T1,infant,76.0,,AU,,,,,,,primary,1.0,13.754
SAMN54097435,PRJNA1378986,V0302B,T3,infant,365.0,,AU,,,,,,,primary,1.0,7.534
SAMN54097650,PRJNA1378986,V0304B,T1,infant,76.0,,AU,,,,,,,primary,1.0,11.338
SAMN54097651,PRJNA1378986,V0304B,T3,infant,365.0,,AU,,,,,,,primary,1.0,10.948
SAMN54097665,PRJNA1378986,V0306B,T1,infant,76.0,,AU,,,,,,,primary,1.0,15.083
SAMN54097666,PRJNA1378986,V0306B,T3,infant,365.0,,AU,,,,,,,primary,1.0,12.08
SAMN54097321,PRJNA1378986,V0308B,T1,infant,76.0,,AU,,,,,,,primary,1.0,13.435
SAMN54097322,PRJNA1378986,V0308B,T3,infant,365.0,,AU,,,,,,,primary,1.0,15.032
SAMN54097797,PRJNA1378986,V0309B,T1,infant,76.0,,AU,,,,,,,primary,2.0,10.336
SAMN54097798,PRJNA1378986,V0309B,T3,infant,365.0,,AU,,,,,,,primary,2.0,8.891
SAMN54097801,PRJNA1378986,V0310B,T1,infant,76.0,,AU,,,,,,,primary,1.0,13.193
SAMN54097802,PRJNA1378986,V0310B,T3,infant,365.0,,AU,,,,,,,primary,1.0,11.666
SAMN54097803,PRJNA1378986,V0311B,T1,infant,76.0,,AU,,,,,,,primary,1.0,12.913
SAMN54097804,PRJNA1378986,V0311B,T3,infant,365.0,,AU,,,,,,,primary,1.0,8.922
SAMN54097824,PRJNA1378986,V0312B,T1,infant,76.0,,AU,,,,,,,primary,2.0,12.985
SAMN54097825,PRJNA1378986,V0312B,T3,infant,365.0,,AU,,,,,,,primary,2.0,14.587
SAMN54097543,PRJNA1378986,V0313B,T1,infant,76.0,,AU,,,,,,,primary,1.0,13.044
SAMN54097544,PRJNA1378986,V0313B,T3,infant,365.0,,AU,,,,,,,primary,1.0,12.571
SAMN54097563,PRJNA1378986,V0314B,T1,infant,76.0,,AU,,,,,,,primary,2.0,11.328
SAMN54097564,PRJNA1378986,V0314B,T3,infant,365.0,,AU,,,,,,,primary,2.0,12.974
SAMN54097573,PRJNA1378986,V0315B,T3,infant,365.0,,AU,,,,,,,primary,1.0,10.416
SAMN54097574,PRJNA1378986,V0316B,T1,infant,76.0,,AU,,,,,,,primary,1.0,10.229
SAMN54097575,PRJNA1378986,V0316B,T3,infant,365.0,,AU,,,,,,,primary,1.0,10.452
SAMN54097717,PRJNA1378986,V0318B,T1,infant,76.0,,AU,,,,,,,primary,1.0,12.362
SAMN54097718,PRJNA1378986,V0318B,T3,infant,365.0,,AU,,,,,,,primary,1.0,10.909
SAMN54097725,PRJNA1378986,V0319B,T1,infant,76.0,,AU,,,,,,,primary,1.0,9.654
SAMN54097726,PRJNA1378986,V0319B,T3,infant,365.0,,AU,,,,,,,primary,1.0,9.135
SAMN54097166,PRJNA1378986,V0320B,T1,infant,76.0,,AU,,,,,,,primary,1.0,7.881
SAMN54097259,PRJNA1378986,V0323B,T1,infant,76.0,,AU,,,,,,,primary,1.0,12.979
SAMN54097260,PRJNA1378986,V0323B,T3,infant,365.0,,AU,,,,,,,primary,1.0,10.175
SAMN54097885,PRJNA1378986,V0324B,T1,infant,76.0,,AU,,,,,,,primary,1.0,11.714
SAMN54097886,PRJNA1378986,V0324B,T3,infant,365.0,,AU,,,,,,,primary,1.0,12.421
SAMN54097901,PRJNA1378986,V0325B,T1,infant,76.0,,AU,,,,,,,primary,2.0,13.505
SAMN54097902,PRJNA1378986,V0325B,T3,infant,365.0,,AU,,,,,,,primary,2.0,13.124
SAMN54097961,PRJNA1378986,V0326B,T1,infant,76.0,,AU,,,,,,,primary,1.0,8.337
SAMN54097962,PRJNA1378986,V0326B,T3,infant,365.0,,AU,,,,,,,primary,1.0,7.995
SAMN54097856,PRJNA1378986,V0327B,T1,infant,76.0,,AU,,,,,,,primary,1.0,10.928
SAMN54097857,PRJNA1378986,V0327B,T3,infant,365.0,,AU,,,,,,,primary,1.0,9.305
SAMN54097860,PRJNA1378986,V0328B,T1,infant,76.0,,AU,,,,,,,primary,2.0,17.459
SAMN54097861,PRJNA1378986,V0328B,T3,infant,365.0,,AU,,,,,,,primary,2.0,12.212
SAMN54097925,PRJNA1378986,V0330B,T1,infant,76.0,,AU,,,,,,,primary,1.0,10.053
SAMN54097926,PRJNA1378986,V0330B,T3,infant,365.0,,AU,,,,,,,primary,1.0,10.692
SAMN54097862,PRJNA1378986,V0331B,T1,infant,76.0,,AU,,,,,,,primary,1.0,7.392
SAMN54097863,PRJNA1378986,V0331B,T3,infant,365.0,,AU,,,,,,,primary,1.0,8.748
SAMN54097891,PRJNA1378986,V0332B,T1,infant,76.0,,AU,,,,,,,primary,2.0,13.765
SAMN54097892,PRJNA1378986,V0332B,T3,infant,365.0,,AU,,,,,,,primary,2.0,13.592
SAMN54097377,PRJNA1378986,V0333B,T1,infant,76.0,,AU,,,,,,,primary,1.0,11.798
SAMN54097378,PRJNA1378986,V0333B,T3,infant,365.0,,AU,,,,,,,primary,1.0,8.339
SAMN54097379,PRJNA1378986,V0333B,,infant,365.0,,AU,,,,,,,primary,1.0,11.498
SAMN54097380,PRJNA1378986,V0334B,T1,infant,76.0,,AU,,,,,,,primary,1.0,13.338
SAMN54097381,PRJNA1378986,V0334B,T3,infant,365.0,,AU,,,,,,,primary,1.0,11.305
SAMN54097347,PRJNA1378986,V0336B,T1,infant,76.0,,AU,,,,,,,primary,1.0,12.452
SAMN54097348,PRJNA1378986,V0336B,T3,infant,365.0,,AU,,,,,,,primary,1.0,11.956
SAMN54097269,PRJNA1378986,V0337B,T1,infant,76.0,,AU,,,,,,,primary,2.0,10.492
SAMN54097270,PRJNA1378986,V0337B,T3,infant,365.0,,AU,,,,,,,primary,2.0,10.825
SAMN54097283,PRJNA1378986,V0338B,T1,infant,76.0,,AU,,,,,,,primary,1.0,11.503
SAMN54097284,PRJNA1378986,V0338B,T3,infant,365.0,,AU,,,,,,,primary,1.0,12.069
SAMN54097374,PRJNA1378986,V0339B,T1,infant,76.0,,AU,,,,,,,primary,1.0,9.511
SAMN54097652,PRJNA1378986,V0341B,T1,infant,76.0,,AU,,,,,,,primary,1.0,10.266
SAMN54097653,PRJNA1378986,V0341B,T3,infant,365.0,,AU,,,,,,,primary,1.0,10.463
SAMN54097440,PRJNA1378986,V0342B,T1,infant,76.0,,AU,,,,,,,primary,1.0,11.301
SAMN54097441,PRJNA1378986,V0342B,T3,infant,365.0,,AU,,,,,,,primary,1.0,9.609
SAMN54097816,PRJNA1378986,V0343B,T1,infant,76.0,,AU,,,,,,,primary,2.0,9.203
SAMN54097817,PRJNA1378986,V0343B,T3,infant,365.0,,AU,,,,,,,primary,2.0,8.746
SAMN54097600,PRJNA1378986,V0348B,T1,infant,76.0,,AU,,,,,,,primary,1.0,8.229
SAMN54097601,PRJNA1378986,V0348B,T3,infant,365.0,,AU,,,,,,,primary,1.0,10.409
SAMN54097400,PRJNA1378986,V0352B,T1,infant,76.0,,AU,,,,,,,primary,1.0,11.191
SAMN54097401,PRJNA1378986,V0352B,T3,infant,365.0,,AU,,,,,,,primary,1.0,9.322
SAMN54097687,PRJNA1378986,V0353B,T1,infant,76.0,,AU,,,,,,,primary,1.0,10.828
SAMN54097688,PRJNA1378986,V0353B,T3,infant,365.0,,AU,,,,,,,primary,1.0,9.88
SAMN54098501,PRJNA1378986,V0354B,T1,infant,76.0,,AU,,,,,,,primary,1.0,10.911
SAMN54098502,PRJNA1378986,V0354B,T3,infant,365.0,,AU,,,,,,,primary,1.0,13.832
SAMN54097325,PRJNA1378986,V0356B,T1,infant,76.0,,AU,,,,,,,primary,1.0,13.071
SAMN54097326,PRJNA1378986,V0356B,T3,infant,365.0,,AU,,,,,,,primary,1.0,10.718
SAMN54097773,PRJNA1378986,V0357B,T1,infant,76.0,,AU,,,,,,,primary,2.0,10.394
SAMN54097774,PRJNA1378986,V0357B,T3,infant,365.0,,AU,,,,,,,primary,2.0,9.436
SAMN54097877,PRJNA1378986,V0359B,T1,infant,76.0,,AU,,,,,,,primary,2.0,11.334
SAMN54097878,PRJNA1378986,V0359B,T3,infant,365.0,,AU,,,,,,,primary,2.0,11.52
SAMN54098423,PRJNA1378986,V0362B,T1,infant,76.0,,AU,,,,,,,primary,2.0,12.635
SAMN54098424,PRJNA1378986,V0362B,T3,infant,365.0,,AU,,,,,,,primary,2.0,16.693
SAMN54098427,PRJNA1378986,V0363B,T1,infant,76.0,,AU,,,,,,,primary,1.0,12.05
SAMN54098428,PRJNA1378986,V0363B,T3,infant,365.0,,AU,,,,,,,primary,1.0,13.399
SAMN54098433,PRJNA1378986,V0364B,T1,infant,76.0,,AU,,,,,,,primary,1.0,12.462
SAMN54098434,PRJNA1378986,V0364B,T3,infant,365.0,,AU,,,,,,,primary,1.0,12.456
SAMN54097372,PRJNA1378986,V0365B,T1,infant,76.0,,AU,,,,,,,primary,2.0,6.809
SAMN54097373,PRJNA1378986,V0365B,T3,infant,365.0,,AU,,,,,,,primary,2.0,12.78
SAMN54097436,PRJNA1378986,V0366B,T1,infant,76.0,,AU,,,,,,,primary,1.0,14.978
SAMN54097437,PRJNA1378986,V0366B,T3,infant,365.0,,AU,,,,,,,primary,1.0,12.661
SAMN54097715,PRJNA1378986,V0367B,T1,infant,76.0,,AU,,,,,,,primary,1.0,11.835
SAMN54097716,PRJNA1378986,V0367B,T3,infant,365.0,,AU,,,,,,,primary,1.0,10.726
SAMN54097759,PRJNA1378986,V0368B,T1,infant,76.0,,AU,,,,,,,primary,1.0,14.859
SAMN54097760,PRJNA1378986,V0368B,T3,infant,365.0,,AU,,,,,,,primary,1.0,13.208
SAMN54097511,PRJNA1378986,V0369B,T1,infant,76.0,,AU,,,,,,,primary,2.0,10.641
SAMN54097512,PRJNA1378986,V0369B,T3,infant,365.0,,AU,,,,,,,primary,2.0,12.445
SAMN54097656,PRJNA1378986,V0370B,T1,infant,76.0,,AU,,,,,,,primary,1.0,9.7
SAMN54097657,PRJNA1378986,V0370B,T3,infant,365.0,,AU,,,,,,,primary,1.0,8.936
SAMN54097327,PRJNA1378986,V0371B,T1,infant,76.0,,AU,,,,,,,primary,1.0,11.683
SAMN54097328,PRJNA1378986,V0371B,T3,infant,365.0,,AU,,,,,,,primary,1.0,10.468
SAMN54097395,PRJNA1378986,V0372B,T1,infant,76.0,,AU,,,,,,,primary,1.0,9.652
SAMN54097396,PRJNA1378986,V0372B,T3,infant,365.0,,AU,,,,,,,primary,1.0,8.334
SAMN54097507,PRJNA1378986,V0373B,T1,infant,76.0,,AU,,,,,,,primary,2.0,14.638
SAMN54097508,PRJNA1378986,V0373B,T3,infant,365.0,,AU,,,,,,,primary,2.0,12.231
SAMN54097399,PRJNA1378986,V0374B,T3,infant,365.0,,AU,,,,,,,primary,1.0,9.538
SAMN54097517,PRJNA1378986,V0375B,T1,infant,76.0,,AU,,,,,,,primary,2.0,11.447
SAMN54097518,PRJNA1378986,V0375B,T3,infant,365.0,,AU,,,,,,,primary,2.0,14.132
SAMN54097578,PRJNA1378986,V0376B,T1,infant,76.0,,AU,,,,,,,primary,2.0,8.925
SAMN54097579,PRJNA1378986,V0376B,T3,infant,365.0,,AU,,,,,,,primary,2.0,13.664
SAMN54097582,PRJNA1378986,V0377B,T1,infant,76.0,,AU,,,,,,,primary,1.0,11.576
SAMN54097583,PRJNA1378986,V0377B,T3,infant,365.0,,AU,,,,,,,primary,2.0,15.097
SAMN54097588,PRJNA1378986,V0378B,T1,infant,76.0,,AU,,,,,,,primary,1.0,10.716
SAMN54097589,PRJNA1378986,V0378B,T3,infant,365.0,,AU,,,,,,,primary,2.0,8.815
SAMN54097604,PRJNA1378986,V0379B,T3,infant,365.0,,AU,,,,,,,primary,1.0,25.83
SAMN54097594,PRJNA1378986,V0380B,T1,infant,76.0,,AU,,,,,,,primary,2.0,12.012
SAMN54097595,PRJNA1378986,V0380B,T3,infant,365.0,,AU,,,,,,,primary,1.0,66.514
SAMN54097681,PRJNA1378986,V0381B,T1,infant,76.0,,AU,,,,,,,primary,2.0,15.724
SAMN54097682,PRJNA1378986,V0381B,T3,infant,365.0,,AU,,,,,,,primary,2.0,12.072
SAMN54097497,PRJNA1378986,V0382B,T1,infant,76.0,,AU,,,,,,,primary,2.0,25.88
SAMN54097498,PRJNA1378986,V0382B,T3,infant,365.0,,AU,,,,,,,primary,2.0,12.176
SAMN54097499,PRJNA1378986,V0383B,T1,infant,76.0,,AU,,,,,,,primary,1.0,13.331
SAMN54097500,PRJNA1378986,V0383B,T3,infant,365.0,,AU,,,,,,,primary,1.0,10.279
SAMN54097586,PRJNA1378986,V0384B,T1,infant,76.0,,AU,,,,,,,primary,2.0,11.636
SAMN54097587,PRJNA1378986,V0384B,T3,infant,365.0,,AU,,,,,,,primary,2.0,13.077
SAMN54097602,PRJNA1378986,V0385B,T1,infant,76.0,,AU,,,,,,,primary,1.0,12.429
SAMN54097603,PRJNA1378986,V0385B,T3,infant,365.0,,AU,,,,,,,primary,2.0,12.313
SAMN54097619,PRJNA1378986,V0386B,T1,infant,76.0,,AU,,,,,,,primary,2.0,16.782
SAMN54097620,PRJNA1378986,V0386B,T3,infant,365.0,,AU,,,,,,,primary,2.0,14.373
SAMN54097866,PRJNA1378986,V0387B,T1,infant,76.0,,AU,,,,,,,primary,1.0,7.752
SAMN54097867,PRJNA1378986,V0387B,T3,infant,365.0,,AU,,,,,,,primary,1.0,7.735
SAMN54097806,PRJNA1378986,V0388B,T1,infant,76.0,,AU,,,,,,,primary,1.0,13.8
SAMN54097807,PRJNA1378986,V0388B,T3,infant,365.0,,AU,,,,,,,primary,1.0,13.828
SAMN54097812,PRJNA1378986,V0389B,T1,infant,76.0,,AU,,,,,,,primary,2.0,14.424
SAMN54097813,PRJNA1378986,V0389B,T3,infant,365.0,,AU,,,,,,,primary,2.0,13.151
SAMN54097382,PRJNA1378986,V0390B,T1,infant,76.0,,AU,,,,,,,primary,1.0,6.278
SAMN54097383,PRJNA1378986,V0390B,T3,infant,365.0,,AU,,,,,,,primary,1.0,7.454
SAMN54097422,PRJNA1378986,V0391B,T1,infant,76.0,,AU,,,,,,,primary,2.0,13.743
SAMN54097423,PRJNA1378986,V0391B,T3,infant,365.0,,AU,,,,,,,primary,2.0,12.93
SAMN54097448,PRJNA1378986,V0392B,T1,infant,76.0,,AU,,,,,,,primary,2.0,7.812
SAMN54097449,PRJNA1378986,V0392B,T3,infant,365.0,,AU,,,,,,,primary,2.0,10.873
SAMN54097753,PRJNA1378986,V0393B,T1,infant,76.0,,AU,,,,,,,primary,1.0,13.378
SAMN54097754,PRJNA1378986,V0393B,T3,infant,365.0,,AU,,,,,,,primary,1.0,12.589
SAMN54097767,PRJNA1378986,V0394B,T1,infant,76.0,,AU,,,,,,,primary,2.0,13.863
SAMN54097768,PRJNA1378986,V0394B,T3,infant,365.0,,AU,,,,,,,primary,2.0,16.082
SAMN54097793,PRJNA1378986,V0395B,T1,infant,76.0,,AU,,,,,,,primary,2.0,17.041
SAMN54097794,PRJNA1378986,V0395B,T3,infant,365.0,,AU,,,,,,,primary,2.0,15.742
SAMN54097147,PRJNA1378986,V0396B,T1,infant,76.0,,AU,,,,,,,primary,1.0,7.984
SAMN54097148,PRJNA1378986,V0396B,T3,infant,365.0,,AU,,,,,,,primary,1.0,8.386
SAMN54097163,PRJNA1378986,V0397B,T1,infant,76.0,,AU,,,,,,,primary,1.0,10.729
SAMN54097164,PRJNA1378986,V0397B,T3,infant,365.0,,AU,,,,,,,primary,1.0,8.02
SAMN54097189,PRJNA1378986,V0398B,T1,infant,76.0,,AU,,,,,,,primary,2.0,11.598
SAMN54097190,PRJNA1378986,V0398B,T3,infant,365.0,,AU,,,,,,,primary,2.0,12.341
SAMN54097127,PRJNA1378986,V0399B,T1,infant,76.0,,AU,,,,,,,primary,1.0,12.813
SAMN54097128,PRJNA1378986,V0399B,T3,infant,365.0,,AU,,,,,,,primary,1.0,9.976
SAMN54097213,PRJNA1378986,V0400B,T1,infant,76.0,,AU,,,,,,,primary,1.0,6.865
SAMN54097214,PRJNA1378986,V0400B,T3,infant,365.0,,AU,,,,,,,primary,1.0,8.161
SAMN54097195,PRJNA1378986,V0401B,T1,infant,76.0,,AU,,,,,,,primary,1.0,9.079
SAMN54097196,PRJNA1378986,V0401B,T3,infant,365.0,,AU,,,,,,,primary,1.0,9.913
SAMN54097225,PRJNA1378986,V0402B,T1,infant,76.0,,AU,,,,,,,primary,1.0,9.341
SAMN54097226,PRJNA1378986,V0402B,T3,infant,365.0,,AU,,,,,,,primary,1.0,11.024
SAMN54097243,PRJNA1378986,V0403B,T1,infant,76.0,,AU,,,,,,,primary,1.0,12.905
SAMN54097244,PRJNA1378986,V0403B,T3,infant,365.0,,AU,,,,,,,primary,1.0,9.842
SAMN54097247,PRJNA1378986,V0404B,T1,infant,76.0,,AU,,,,,,,primary,1.0,7.974
SAMN54097248,PRJNA1378986,V0404B,T3,infant,365.0,,AU,,,,,,,primary,1.0,7.339
SAMN54097822,PRJNA1378986,V0405B,T1,infant,76.0,,AU,,,,,,,primary,1.0,13.65
SAMN54097823,PRJNA1378986,V0405B,T3,infant,365.0,,AU,,,,,,,primary,1.0,14.984
SAMN54097844,PRJNA1378986,V0406B,T1,infant,76.0,,AU,,,,,,,primary,2.0,13.941
SAMN54097845,PRJNA1378986,V0406B,T3,infant,365.0,,AU,,,,,,,primary,2.0,12.953
SAMN54097872,PRJNA1378986,V0407B,T1,infant,76.0,,AU,,,,,,,primary,1.0,9.888
SAMN54097873,PRJNA1378986,V0407B,T3,infant,365.0,,AU,,,,,,,primary,1.0,8.69
SAMN54097070,PRJNA1378986,V0408B,T1,infant,76.0,,AU,,,,,,,primary,1.0,12.11
SAMN54097071,PRJNA1378986,V0408B,T3,infant,365.0,,AU,,,,,,,primary,1.0,12.145
SAMN54097673,PRJNA1378986,V0409B,T1,infant,76.0,,AU,,,,,,,primary,1.0,10.676
SAMN54097674,PRJNA1378986,V0409B,T3,infant,365.0,,AU,,,,,,,primary,1.0,9.989
SAMN54097111,PRJNA1378986,V0410B,T1,infant,76.0,,AU,,,,,,,primary,2.0,11.183
SAMN54097112,PRJNA1378986,V0410B,T3,infant,365.0,,AU,,,,,,,primary,2.0,14.47
SAMN54097209,PRJNA1378986,V0411B,T1,infant,76.0,,AU,,,,,,,primary,2.0,15.94
SAMN54097210,PRJNA1378986,V0411B,T3,infant,365.0,,AU,,,,,,,primary,2.0,12.087
SAMN54097211,PRJNA1378986,V0412B,T1,infant,76.0,,AU,,,,,,,primary,1.0,9.252
SAMN54097212,PRJNA1378986,V0412B,T3,infant,365.0,,AU,,,,,,,primary,1.0,11.234
SAMN54097215,PRJNA1378986,V0413B,T1,infant,76.0,,AU,,,,,,,primary,1.0,10.454
SAMN54097216,PRJNA1378986,V0413B,T3,infant,365.0,,AU,,,,,,,primary,1.0,9.558
SAMN54097303,PRJNA1378986,V0414B,T1,infant,76.0,,AU,,,,,,,primary,2.0,10.345
SAMN54097304,PRJNA1378986,V0414B,T3,infant,365.0,,AU,,,,,,,primary,2.0,9.089
SAMN54097129,PRJNA1378986,V0415B,T1,infant,76.0,,AU,,,,,,,primary,1.0,7.982
SAMN54097130,PRJNA1378986,V0415B,T3,infant,365.0,,AU,,,,,,,primary,1.0,7.776
SAMN54097771,PRJNA1378986,V0416B,T1,infant,76.0,,AU,,,,,,,primary,2.0,15.419
SAMN54097772,PRJNA1378986,V0416B,T3,infant,365.0,,AU,,,,,,,primary,2.0,17.14
SAMN54097783,PRJNA1378986,V0417B,T1,infant,76.0,,AU,,,,,,,primary,1.0,13.509
SAMN54097785,PRJNA1378986,V0417B,T3,infant,365.0,,AU,,,,,,,primary,1.0,12.336
SAMN54097784,PRJNA1378986,V0417B,,infant,76.0,,AU,,,,,,,primary,1.0,10.757
SAMN54097786,PRJNA1378986,V0417B,,infant,365.0,,AU,,,,,,,primary,1.0,11.941
SAMN54097478,PRJNA1378986,V0418B,T1,infant,76.0,,AU,,,,,,,primary,1.0,9.987
SAMN54097479,PRJNA1378986,V0418B,T3,infant,365.0,,AU,,,,,,,primary,1.0,10.109
SAMN54097737,PRJNA1378986,V0419B,T1,infant,76.0,,AU,,,,,,,primary,1.0,11.864
SAMN54097738,PRJNA1378986,V0419B,T3,infant,365.0,,AU,,,,,,,primary,1.0,10.088
SAMN54097755,PRJNA1378986,V0420B,T1,infant,76.0,,AU,,,,,,,primary,1.0,10.099
SAMN54097756,PRJNA1378986,V0420B,T3,infant,365.0,,AU,,,,,,,primary,1.0,8.137
SAMN54097789,PRJNA1378986,V0421B,T1,infant,76.0,,AU,,,,,,,primary,2.0,13.318
SAMN54097790,PRJNA1378986,V0421B,T3,infant,365.0,,AU,,,,,,,primary,2.0,12.516
SAMN54097820,PRJNA1378986,V0422B,T1,infant,76.0,,AU,,,,,,,primary,2.0,13.771
SAMN54097821,PRJNA1378986,V0422B,T3,infant,365.0,,AU,,,,,,,primary,1.0,11.821
SAMN54097830,PRJNA1378986,V0423B,T1,infant,76.0,,AU,,,,,,,primary,2.0,16.494
SAMN54097831,PRJNA1378986,V0423B,T3,infant,365.0,,AU,,,,,,,primary,1.0,8.485
SAMN54097580,PRJNA1378986,V0424B,T1,infant,76.0,,AU,,,,,,,primary,1.0,8.75
SAMN54097581,PRJNA1378986,V0424B,T3,infant,365.0,,AU,,,,,,,primary,1.0,10.226
SAMN54097636,PRJNA1378986,V0425B,T1,infant,76.0,,AU,,,,,,,primary,2.0,14.82
SAMN54097637,PRJNA1378986,V0425B,T3,infant,365.0,,AU,,,,,,,primary,2.0,11.651
SAMN54097060,PRJNA1378986,V0426B,T1,infant,76.0,,AU,,,,,,,primary,1.0,13.467
SAMN54097061,PRJNA1378986,V0426B,T3,infant,365.0,,AU,,,,,,,primary,1.0,13.507
SAMN54097117,PRJNA1378986,V0427B,T1,infant,76.0,,AU,,,,,,,primary,2.0,13.173
SAMN54097118,PRJNA1378986,V0427B,T3,infant,365.0,,AU,,,,,,,primary,2.0,19.257
SAMN54097121,PRJNA1378986,V0428B,T1,infant,76.0,,AU,,,,,,,primary,1.0,14.234
SAMN54097122,PRJNA1378986,V0428B,T3,infant,365.0,,AU,,,,,,,primary,1.0,10.795
SAMN54097905,PRJNA1378986,V0429B,T1,infant,76.0,,AU,,,,,,,primary,2.0,11.801
SAMN54097906,PRJNA1378986,V0429B,T3,infant,365.0,,AU,,,,,,,primary,2.0,10.193
SAMN54097086,PRJNA1378986,V0430B,T1,infant,76.0,,AU,,,,,,,primary,1.0,14.27
SAMN54097087,PRJNA1378986,V0430B,T3,infant,365.0,,AU,,,,,,,primary,1.0,13.149
SAMN54097207,PRJNA1378986,V0431B,T1,infant,76.0,,AU,,,,,,,primary,1.0,12.527
SAMN54097208,PRJNA1378986,V0431B,T3,infant,365.0,,AU,,,,,,,primary,1.0,8.087
SAMN54097412,PRJNA1378986,V0432B,T1,infant,76.0,,AU,,,,,,,primary,1.0,9.815
SAMN54097413,PRJNA1378986,V0432B,T3,infant,365.0,,AU,,,,,,,primary,1.0,9.033
SAMN54097893,PRJNA1378986,V0433B,T1,infant,76.0,,AU,,,,,,,primary,1.0,10.48
SAMN54097894,PRJNA1378986,V0433B,T3,infant,365.0,,AU,,,,,,,primary,1.0,7.763
SAMN54097945,PRJNA1378986,V0434B,T1,infant,76.0,,AU,,,,,,,primary,1.0,10.74
SAMN54097946,PRJNA1378986,V0434B,T3,infant,365.0,,AU,,,,,,,primary,1.0,8.31
SAMN54097958,PRJNA1378986,V0435B,T1,infant,76.0,,AU,,,,,,,primary,1.0,8.377
SAMN54097959,PRJNA1378986,V0435B,T3,infant,365.0,,AU,,,,,,,primary,1.0,8.208
SAMN54097408,PRJNA1378986,V0436B,T1,infant,76.0,,AU,,,,,,,primary,2.0,11.54
SAMN54097409,PRJNA1378986,V0436B,T3,infant,365.0,,AU,,,,,,,primary,2.0,12.305
SAMN54097049,PRJNA1378986,V0437B,T1,infant,76.0,,AU,,,,,,,primary,1.0,11.168
SAMN54097050,PRJNA1378986,V0437B,T3,infant,365.0,,AU,,,,,,,primary,1.0,13.027
SAMN54097051,PRJNA1378986,V0438B,T1,infant,76.0,,AU,,,,,,,primary,1.0,16.592
SAMN54097052,PRJNA1378986,V0438B,T3,infant,365.0,,AU,,,,,,,primary,1.0,11.707
SAMN54097055,PRJNA1378986,V0439B,T1,infant,76.0,,AU,,,,,,,primary,1.0,26.573
SAMN54097062,PRJNA1378986,V0440B,T1,infant,76.0,,AU,,,,,,,primary,1.0,12.323
SAMN54097063,PRJNA1378986,V0440B,T3,infant,365.0,,AU,,,,,,,primary,1.0,12.266
SAMN54097066,PRJNA1378986,V0441B,T1,infant,76.0,,AU,,,,,,,primary,1.0,9.988
SAMN54097067,PRJNA1378986,V0441B,T3,infant,365.0,,AU,,,,,,,primary,1.0,10.579
SAMN54097068,PRJNA1378986,V0442B,T1,infant,76.0,,AU,,,,,,,primary,1.0,10.803
SAMN54097069,PRJNA1378986,V0442B,T3,infant,365.0,,AU,,,,,,,primary,1.0,11.796
SAMN54097074,PRJNA1378986,V0443B,T1,infant,76.0,,AU,,,,,,,primary,1.0,7.483
SAMN54097075,PRJNA1378986,V0443B,T3,infant,365.0,,AU,,,,,,,primary,1.0,10.64
SAMN54097090,PRJNA1378986,V0444B,T1,infant,76.0,,AU,,,,,,,primary,1.0,10.059
SAMN54097091,PRJNA1378986,V0444B,T3,infant,365.0,,AU,,,,,,,primary,1.0,10.214
SAMN54097092,PRJNA1378986,V0445B,T1,infant,76.0,,AU,,,,,,,primary,2.0,9.922
SAMN54097093,PRJNA1378986,V0445B,T3,infant,365.0,,AU,,,,,,,primary,2.0,29.081
SAMN54097098,PRJNA1378986,V0446B,T1,infant,76.0,,AU,,,,,,,primary,2.0,18.091
SAMN54097099,PRJNA1378986,V0446B,T3,infant,365.0,,AU,,,,,,,primary,2.0,21.863
SAMN54097103,PRJNA1378986,V0447B,T1,infant,76.0,,AU,,,,,,,primary,1.0,13.205
SAMN54097104,PRJNA1378986,V0447B,T3,infant,365.0,,AU,,,,,,,primary,1.0,12.425
SAMN54097105,PRJNA1378986,V0448B,T1,infant,76.0,,AU,,,,,,,primary,1.0,13.779
SAMN54097106,PRJNA1378986,V0448B,T3,infant,365.0,,AU,,,,,,,primary,1.0,13.391
SAMN54097107,PRJNA1378986,V0449B,T1,infant,76.0,,AU,,,,,,,primary,1.0,14.876
SAMN54097108,PRJNA1378986,V0449B,T3,infant,365.0,,AU,,,,,,,primary,1.0,12.189
SAMN54097109,PRJNA1378986,V0450B,T1,infant,76.0,,AU,,,,,,,primary,1.0,13.347
SAMN54097110,PRJNA1378986,V0450B,T3,infant,365.0,,AU,,,,,,,primary,1.0,12.841
SAMN54097119,PRJNA1378986,V0451B,T1,infant,76.0,,AU,,,,,,,primary,1.0,10.168
SAMN54097120,PRJNA1378986,V0451B,T3,infant,365.0,,AU,,,,,,,primary,1.0,11.191
SAMN54097123,PRJNA1378986,V0452B,T1,infant,76.0,,AU,,,,,,,primary,1.0,13.919
SAMN54097124,PRJNA1378986,V0452B,T3,infant,365.0,,AU,,,,,,,primary,1.0,12.01
SAMN54097131,PRJNA1378986,V0453B,T1,infant,76.0,,AU,,,,,,,primary,1.0,12.221
SAMN54097132,PRJNA1378986,V0453B,T3,infant,365.0,,AU,,,,,,,primary,1.0,9.881
SAMN54097133,PRJNA1378986,V0454B,T1,infant,76.0,,AU,,,,,,,primary,1.0,13.182
SAMN54097134,PRJNA1378986,V0454B,T3,infant,365.0,,AU,,,,,,,primary,1.0,10.648
SAMN54097135,PRJNA1378986,V0455B,T1,infant,76.0,,AU,,,,,,,primary,1.0,13.171
SAMN54097136,PRJNA1378986,V0455B,T3,infant,365.0,,AU,,,,,,,primary,1.0,9.821
SAMN54097137,PRJNA1378986,V0456B,T1,infant,76.0,,AU,,,,,,,primary,1.0,10.202
SAMN54097138,PRJNA1378986,V0456B,T3,infant,365.0,,AU,,,,,,,primary,1.0,10.5
SAMN54097143,PRJNA1378986,V0457B,T1,infant,76.0,,AU,,,,,,,primary,1.0,10.726
SAMN54097144,PRJNA1378986,V0457B,T3,infant,365.0,,AU,,,,,,,primary,1.0,10.125
SAMN54097145,PRJNA1378986,V0458B,T1,infant,76.0,,AU,,,,,,,primary,1.0,12.38
SAMN54097146,PRJNA1378986,V0458B,T3,infant,365.0,,AU,,,,,,,primary,1.0,8.947
SAMN54097151,PRJNA1378986,V0459B,T1,infant,76.0,,AU,,,,,,,primary,1.0,12.054
SAMN54097152,PRJNA1378986,V0459B,T3,infant,365.0,,AU,,,,,,,primary,1.0,11.77
SAMN54097153,PRJNA1378986,V0460B,T1,infant,76.0,,AU,,,,,,,primary,1.0,12.986
SAMN54097154,PRJNA1378986,V0460B,T3,infant,365.0,,AU,,,,,,,primary,1.0,10.649
SAMN54097157,PRJNA1378986,V0461B,T1,infant,76.0,,AU,,,,,,,primary,1.0,7.287
SAMN54097158,PRJNA1378986,V0461B,T3,infant,365.0,,AU,,,,,,,primary,1.0,8.683
SAMN54097159,PRJNA1378986,V0462B,T1,infant,76.0,,AU,,,,,,,primary,1.0,13.415
SAMN54097160,PRJNA1378986,V0462B,T3,infant,365.0,,AU,,,,,,,primary,1.0,10.437
SAMN54097161,PRJNA1378986,V0463B,T1,infant,76.0,,AU,,,,,,,primary,1.0,10.535
SAMN54097162,PRJNA1378986,V0463B,T3,infant,365.0,,AU,,,,,,,primary,1.0,10.705
SAMN54097165,PRJNA1378986,V0464B,T1,infant,76.0,,AU,,,,,,,primary,1.0,27.48
SAMN54097169,PRJNA1378986,V0465B,T1,infant,76.0,,AU,,,,,,,primary,1.0,8.718
SAMN54097170,PRJNA1378986,V0465B,T3,infant,365.0,,AU,,,,,,,primary,1.0,8.313
SAMN54097173,PRJNA1378986,V0466B,T1,infant,76.0,,AU,,,,,,,primary,1.0,12.211
SAMN54097174,PRJNA1378986,V0466B,T3,infant,365.0,,AU,,,,,,,primary,1.0,9.287
SAMN54097175,PRJNA1378986,V0467B,T1,infant,76.0,,AU,,,,,,,primary,1.0,11.59
SAMN54097176,PRJNA1378986,V0467B,T3,infant,365.0,,AU,,,,,,,primary,1.0,11.641
SAMN54097179,PRJNA1378986,V0468B,T1,infant,76.0,,AU,,,,,,,primary,1.0,11.66
SAMN54097180,PRJNA1378986,V0468B,T3,infant,365.0,,AU,,,,,,,primary,1.0,10.244
SAMN54097183,PRJNA1378986,V0469B,T1,infant,76.0,,AU,,,,,,,primary,1.0,9.481
SAMN54097184,PRJNA1378986,V0469B,T3,infant,365.0,,AU,,,,,,,primary,1.0,7.9
SAMN54097187,PRJNA1378986,V0470B,T1,infant,76.0,,AU,,,,,,,primary,1.0,9.574
SAMN54097188,PRJNA1378986,V0470B,T3,infant,365.0,,AU,,,,,,,primary,1.0,10.393
SAMN54097191,PRJNA1378986,V0471B,T1,infant,76.0,,AU,,,,,,,primary,1.0,9.251
SAMN54097192,PRJNA1378986,V0471B,T3,infant,365.0,,AU,,,,,,,primary,1.0,8.479
SAMN54097197,PRJNA1378986,V0472B,T1,infant,76.0,,AU,,,,,,,primary,1.0,9.847
SAMN54097198,PRJNA1378986,V0472B,T3,infant,365.0,,AU,,,,,,,primary,1.0,10.942
SAMN54097201,PRJNA1378986,V0473B,T1,infant,76.0,,AU,,,,,,,primary,1.0,9.192
SAMN54097202,PRJNA1378986,V0473B,T3,infant,365.0,,AU,,,,,,,primary,1.0,9.424
SAMN54097203,PRJNA1378986,V0474B,T1,infant,76.0,,AU,,,,,,,primary,1.0,10.299
SAMN54097204,PRJNA1378986,V0474B,T3,infant,365.0,,AU,,,,,,,primary,1.0,10.526
SAMN54097205,PRJNA1378986,V0475B,T1,infant,76.0,,AU,,,,,,,primary,2.0,11.146
SAMN54097206,PRJNA1378986,V0475B,T3,infant,365.0,,AU,,,,,,,primary,2.0,11.643
SAMN54097221,PRJNA1378986,V0476B,T1,infant,76.0,,AU,,,,,,,primary,1.0,10.85
SAMN54097222,PRJNA1378986,V0476B,T3,infant,365.0,,AU,,,,,,,primary,1.0,10.102
SAMN54097227,PRJNA1378986,V0477B,T1,infant,76.0,,AU,,,,,,,primary,1.0,12.381
SAMN54097228,PRJNA1378986,V0477B,T3,infant,365.0,,AU,,,,,,,primary,1.0,9.327
SAMN54097229,PRJNA1378986,V0478B,T1,infant,76.0,,AU,,,,,,,primary,1.0,9.425
SAMN54097230,PRJNA1378986,V0478B,T3,infant,365.0,,AU,,,,,,,primary,1.0,9.702
SAMN54097231,PRJNA1378986,V0479B,T1,infant,76.0,,AU,,,,,,,primary,1.0,10.256
SAMN54097232,PRJNA1378986,V0479B,T3,infant,365.0,,AU,,,,,,,primary,1.0,8.871
SAMN54097255,PRJNA1378986,V0480B,T1,infant,76.0,,AU,,,,,,,primary,2.0,15.42
SAMN54097256,PRJNA1378986,V0480B,T3,infant,365.0,,AU,,,,,,,primary,2.0,14.27
SAMN54097261,PRJNA1378986,V0481B,T1,infant,76.0,,AU,,,,,,,primary,1.0,10.615
SAMN54097262,PRJNA1378986,V0481B,T3,infant,365.0,,AU,,,,,,,primary,1.0,11.178
SAMN54097271,PRJNA1378986,V0482B,T1,infant,76.0,,AU,,,,,,,primary,1.0,10.782
SAMN54097272,PRJNA1378986,V0482B,T3,infant,365.0,,AU,,,,,,,primary,1.0,6.457
SAMN54097285,PRJNA1378986,V0483B,T1,infant,76.0,,AU,,,,,,,primary,1.0,10.278
SAMN54097286,PRJNA1378986,V0483B,T3,infant,365.0,,AU,,,,,,,primary,1.0,8.635
SAMN54097287,PRJNA1378986,V0484B,T1,infant,76.0,,AU,,,,,,,primary,1.0,11.014
SAMN54097288,PRJNA1378986,V0484B,T3,infant,365.0,,AU,,,,,,,primary,1.0,9.224
SAMN54097289,PRJNA1378986,V0485B,T1,infant,76.0,,AU,,,,,,,primary,1.0,10.965
SAMN54097290,PRJNA1378986,V0485B,T3,infant,365.0,,AU,,,,,,,primary,1.0,10.087
SAMN54097291,PRJNA1378986,V0486B,T1,infant,76.0,,AU,,,,,,,primary,1.0,11.008
SAMN54097292,PRJNA1378986,V0486B,T3,infant,365.0,,AU,,,,,,,primary,1.0,10.459
SAMN54097293,PRJNA1378986,V0487B,T1,infant,76.0,,AU,,,,,,,primary,1.0,10.289
SAMN54097294,PRJNA1378986,V0487B,T3,infant,365.0,,AU,,,,,,,primary,1.0,10.968
SAMN54097295,PRJNA1378986,V0488B,T1,infant,76.0,,AU,,,,,,,primary,2.0,12.652
SAMN54097296,PRJNA1378986,V0488B,T3,infant,365.0,,AU,,,,,,,primary,2.0,13.425
SAMN54097308,PRJNA1378986,V0489B,T1,infant,76.0,,AU,,,,,,,primary,2.0,8.188
SAMN54097309,PRJNA1378986,V0489B,T3,infant,365.0,,AU,,,,,,,primary,2.0,8.403
SAMN54097316,PRJNA1378986,V0490B,T1,infant,76.0,,AU,,,,,,,primary,1.0,8.442
SAMN54097339,PRJNA1378986,V0491B,T1,infant,76.0,,AU,,,,,,,primary,1.0,9.825
SAMN54097340,PRJNA1378986,V0491B,T3,infant,365.0,,AU,,,,,,,primary,1.0,7.837
SAMN54097359,PRJNA1378986,V0492B,T1,infant,76.0,,AU,,,,,,,primary,2.0,9.348
SAMN54097360,PRJNA1378986,V0492B,T3,infant,365.0,,AU,,,,,,,primary,2.0,10.241
SAMN54097370,PRJNA1378986,V0493B,T1,infant,76.0,,AU,,,,,,,primary,2.0,9.399
SAMN54097371,PRJNA1378986,V0493B,T3,infant,365.0,,AU,,,,,,,primary,2.0,9.031
SAMN54097386,PRJNA1378986,V0494B,T1,infant,76.0,,AU,,,,,,,primary,1.0,9.378
SAMN54097387,PRJNA1378986,V0494B,T3,infant,365.0,,AU,,,,,,,primary,1.0,12.107
SAMN54097404,PRJNA1378986,V0495B,T1,infant,76.0,,AU,,,,,,,primary,1.0,9.173
SAMN54097405,PRJNA1378986,V0495B,T3,infant,365.0,,AU,,,,,,,primary,1.0,8.089
SAMN54097414,PRJNA1378986,V0496B,T1,infant,76.0,,AU,,,,,,,primary,1.0,7.762
SAMN54097415,PRJNA1378986,V0496B,T3,infant,365.0,,AU,,,,,,,primary,1.0,7.521
SAMN54097418,PRJNA1378986,V0497B,T1,infant,76.0,,AU,,,,,,,primary,2.0,11.476
SAMN54097419,PRJNA1378986,V0497B,T3,infant,365.0,,AU,,,,,,,primary,2.0,10.997
SAMN54097420,PRJNA1378986,V0498B,T1,infant,76.0,,AU,,,,,,,primary,1.0,10.61
SAMN54097421,PRJNA1378986,V0498B,T3,infant,365.0,,AU,,,,,,,primary,1.0,10.363
SAMN54097428,PRJNA1378986,V0499B,T1,infant,76.0,,AU,,,,,,,primary,1.0,6.987
SAMN54097429,PRJNA1378986,V0499B,T3,infant,365.0,,AU,,,,,,,primary,1.0,9.033
SAMN54097430,PRJNA1378986,V0500B,T1,infant,76.0,,AU,,,,,,,primary,1.0,9.081
SAMN54097431,PRJNA1378986,V0500B,T3,infant,365.0,,AU,,,,,,,primary,1.0,8.174
SAMN54097432,PRJNA1378986,V0501B,T1,infant,76.0,,AU,,,,,,,primary,1.0,10.932
SAMN54097433,PRJNA1378986,V0501B,T3,infant,365.0,,AU,,,,,,,primary,1.0,7.842
SAMN54097450,PRJNA1378986,V0502B,T1,infant,76.0,,AU,,,,,,,primary,2.0,9.218
SAMN54097451,PRJNA1378986,V0502B,T3,infant,365.0,,AU,,,,,,,primary,2.0,10.983
SAMN54097452,PRJNA1378986,V0503B,T1,infant,76.0,,AU,,,,,,,primary,2.0,14.834
SAMN54097453,PRJNA1378986,V0503B,T3,infant,365.0,,AU,,,,,,,primary,2.0,9.865
SAMN54097454,PRJNA1378986,V0504B,T1,infant,76.0,,AU,,,,,,,primary,2.0,9.738
SAMN54097455,PRJNA1378986,V0504B,T3,infant,365.0,,AU,,,,,,,primary,2.0,11.288
SAMN54097456,PRJNA1378986,V0505B,T1,infant,76.0,,AU,,,,,,,primary,1.0,8.283
SAMN54097457,PRJNA1378986,V0505B,T3,infant,365.0,,AU,,,,,,,primary,1.0,6.686
SAMN54097458,PRJNA1378986,V0506B,T1,infant,76.0,,AU,,,,,,,primary,2.0,13.007
SAMN54097459,PRJNA1378986,V0506B,T3,infant,365.0,,AU,,,,,,,primary,2.0,13.119
SAMN54097474,PRJNA1378986,V0507B,T1,infant,76.0,,AU,,,,,,,primary,2.0,10.88
SAMN54097475,PRJNA1378986,V0507B,T3,infant,365.0,,AU,,,,,,,primary,2.0,12.421
SAMN54097480,PRJNA1378986,V0508B,T1,infant,76.0,,AU,,,,,,,primary,2.0,12.381
SAMN54097481,PRJNA1378986,V0508B,T3,infant,365.0,,AU,,,,,,,primary,2.0,11.578
SAMN54097482,PRJNA1378986,V0509B,T1,infant,76.0,,AU,,,,,,,primary,2.0,11.731
SAMN54097483,PRJNA1378986,V0509B,T3,infant,365.0,,AU,,,,,,,primary,2.0,17.591
SAMN54097484,PRJNA1378986,V0510B,T1,infant,76.0,,AU,,,,,,,primary,1.0,10.064
SAMN54097485,PRJNA1378986,V0510B,T3,infant,365.0,,AU,,,,,,,primary,1.0,9.218
SAMN54097486,PRJNA1378986,V0511B,T1,infant,76.0,,AU,,,,,,,primary,1.0,11.065
SAMN54097487,PRJNA1378986,V0511B,T3,infant,365.0,,AU,,,,,,,primary,1.0,11.138
SAMN54097489,PRJNA1378986,V0512B,T1,infant,76.0,,AU,,,,,,,primary,1.0,8.499
SAMN54097490,PRJNA1378986,V0512B,T3,infant,365.0,,AU,,,,,,,primary,1.0,6.928
SAMN54097491,PRJNA1378986,V0513B,T1,infant,76.0,,AU,,,,,,,primary,2.0,17.528
SAMN54097492,PRJNA1378986,V0513B,T3,infant,365.0,,AU,,,,,,,primary,2.0,12.279
SAMN54097495,PRJNA1378986,V0514B,T1,infant,76.0,,AU,,,,,,,primary,2.0,12.341
SAMN54097496,PRJNA1378986,V0514B,T3,infant,365.0,,AU,,,,,,,primary,2.0,15.05
SAMN54097503,PRJNA1378986,V0515B,T1,infant,76.0,,AU,,,,,,,primary,1.0,8.645
SAMN54097504,PRJNA1378986,V0515B,T3,infant,365.0,,AU,,,,,,,primary,1.0,8.852
SAMN54097513,PRJNA1378986,V0516B,T1,infant,76.0,,AU,,,,,,,primary,2.0,12.067
SAMN54097514,PRJNA1378986,V0516B,T3,infant,365.0,,AU,,,,,,,primary,2.0,11.795
SAMN54097515,PRJNA1378986,V0517B,T1,infant,76.0,,AU,,,,,,,primary,1.0,9.205
SAMN54097516,PRJNA1378986,V0517B,T3,infant,365.0,,AU,,,,,,,primary,1.0,7.437
SAMN54097521,PRJNA1378986,V0518B,T1,infant,76.0,,AU,,,,,,,primary,2.0,11.02
SAMN54097522,PRJNA1378986,V0518B,T3,infant,365.0,,AU,,,,,,,primary,2.0,12.11
SAMN54097523,PRJNA1378986,V0519B,T1,infant,76.0,,AU,,,,,,,primary,1.0,13.091
SAMN54097524,PRJNA1378986,V0519B,T3,infant,365.0,,AU,,,,,,,primary,1.0,11.329
SAMN54097529,PRJNA1378986,V0520B,T1,infant,76.0,,AU,,,,,,,primary,2.0,10.612
SAMN54097530,PRJNA1378986,V0520B,T3,infant,365.0,,AU,,,,,,,primary,2.0,12.335
SAMN54097533,PRJNA1378986,V0521B,T1,infant,76.0,,AU,,,,,,,primary,2.0,10.899
SAMN54097534,PRJNA1378986,V0521B,T3,infant,365.0,,AU,,,,,,,primary,2.0,13.847
SAMN54097535,PRJNA1378986,V0522B,T1,infant,76.0,,AU,,,,,,,primary,1.0,8.84
SAMN54097536,PRJNA1378986,V0522B,T3,infant,365.0,,AU,,,,,,,primary,1.0,9.086
SAMN54097555,PRJNA1378986,V0523B,T1,infant,76.0,,AU,,,,,,,primary,2.0,12.516
SAMN54097556,PRJNA1378986,V0523B,T3,infant,365.0,,AU,,,,,,,primary,2.0,13.048
SAMN54097565,PRJNA1378986,V0524B,T1,infant,76.0,,AU,,,,,,,primary,1.0,8.056
SAMN54097566,PRJNA1378986,V0524B,T3,infant,365.0,,AU,,,,,,,primary,1.0,7.6
SAMN54097569,PRJNA1378986,V0525B,T1,infant,76.0,,AU,,,,,,,primary,2.0,12.299
SAMN54097570,PRJNA1378986,V0525B,T3,infant,365.0,,AU,,,,,,,primary,2.0,19.142
SAMN54097576,PRJNA1378986,V0526B,T1,infant,76.0,,AU,,,,,,,primary,2.0,17.363
SAMN54097577,PRJNA1378986,V0526B,T3,infant,365.0,,AU,,,,,,,primary,2.0,25.753
SAMN54097590,PRJNA1378986,V0527B,T1,infant,76.0,,AU,,,,,,,primary,2.0,11.224
SAMN54097591,PRJNA1378986,V0527B,T3,infant,365.0,,AU,,,,,,,primary,2.0,12.969
SAMN54097592,PRJNA1378986,V0528B,T1,infant,76.0,,AU,,,,,,,primary,1.0,13.052
SAMN54097593,PRJNA1378986,V0528B,T3,infant,365.0,,AU,,,,,,,primary,2.0,14.587
SAMN54097596,PRJNA1378986,V0529B,T1,infant,76.0,,AU,,,,,,,primary,1.0,11.478
SAMN54097597,PRJNA1378986,V0529B,T3,infant,365.0,,AU,,,,,,,primary,1.0,10.025
SAMN54097598,PRJNA1378986,V0530B,T1,infant,76.0,,AU,,,,,,,primary,2.0,12.364
SAMN54097599,PRJNA1378986,V0530B,T3,infant,365.0,,AU,,,,,,,primary,2.0,11.699
SAMN54097611,PRJNA1378986,V0531B,T1,infant,76.0,,AU,,,,,,,primary,1.0,9.3
SAMN54097612,PRJNA1378986,V0531B,T3,infant,365.0,,AU,,,,,,,primary,1.0,8.387
SAMN54097615,PRJNA1378986,V0532B,T1,infant,76.0,,AU,,,,,,,primary,1.0,9.683
SAMN54097616,PRJNA1378986,V0532B,T3,infant,365.0,,AU,,,,,,,primary,2.0,11.15
SAMN54097617,PRJNA1378986,V0533B,T1,infant,76.0,,AU,,,,,,,primary,2.0,18.075
SAMN54097618,PRJNA1378986,V0533B,T3,infant,365.0,,AU,,,,,,,primary,2.0,10.863
SAMN54097621,PRJNA1378986,V0534B,T1,infant,76.0,,AU,,,,,,,primary,2.0,15.93
SAMN54097622,PRJNA1378986,V0534B,T3,infant,365.0,,AU,,,,,,,primary,2.0,12.961
SAMN54097628,PRJNA1378986,V0535B,T1,infant,76.0,,AU,,,,,,,primary,1.0,7.831
SAMN54097629,PRJNA1378986,V0535B,T3,infant,365.0,,AU,,,,,,,primary,2.0,11.385
SAMN54097630,PRJNA1378986,V0536B,T1,infant,76.0,,AU,,,,,,,primary,1.0,8.018
SAMN54097631,PRJNA1378986,V0536B,T3,infant,365.0,,AU,,,,,,,primary,1.0,9.0
SAMN54097640,PRJNA1378986,V0537B,T1,infant,76.0,,AU,,,,,,,primary,2.0,12.499
SAMN54097641,PRJNA1378986,V0537B,T3,infant,365.0,,AU,,,,,,,primary,2.0,12.485
SAMN54097642,PRJNA1378986,V0538B,T1,infant,76.0,,AU,,,,,,,primary,2.0,13.237
SAMN54097643,PRJNA1378986,V0538B,T3,infant,365.0,,AU,,,,,,,primary,2.0,10.288
SAMN54097644,PRJNA1378986,V0539B,T1,infant,76.0,,AU,,,,,,,primary,1.0,8.419
SAMN54097645,PRJNA1378986,V0539B,T3,infant,365.0,,AU,,,,,,,primary,1.0,8.06
SAMN54097654,PRJNA1378986,V0540B,T1,infant,76.0,,AU,,,,,,,primary,2.0,11.152
SAMN54097655,PRJNA1378986,V0540B,T3,infant,365.0,,AU,,,,,,,primary,2.0,13.765
SAMN54097660,PRJNA1378986,V0541B,T1,infant,76.0,,AU,,,,,,,primary,2.0,17.103
SAMN54097661,PRJNA1378986,V0541B,T3,infant,365.0,,AU,,,,,,,primary,2.0,11.397
SAMN54097662,PRJNA1378986,V0542B,T3,infant,365.0,,AU,,,,,,,primary,2.0,11.276
SAMN54097669,PRJNA1378986,V0543B,T1,infant,76.0,,AU,,,,,,,primary,2.0,13.799
SAMN54097670,PRJNA1378986,V0543B,T3,infant,365.0,,AU,,,,,,,primary,2.0,10.769
SAMN54097675,PRJNA1378986,V0544B,T1,infant,76.0,,AU,,,,,,,primary,2.0,11.75
SAMN54097676,PRJNA1378986,V0544B,T3,infant,365.0,,AU,,,,,,,primary,2.0,13.52
SAMN54097689,PRJNA1378986,V0545B,T1,infant,76.0,,AU,,,,,,,primary,2.0,12.698
SAMN54097690,PRJNA1378986,V0546B,T3,infant,365.0,,AU,,,,,,,primary,2.0,11.455
SAMN54097695,PRJNA1378986,V0547B,T1,infant,76.0,,AU,,,,,,,primary,1.0,11.761
SAMN54097696,PRJNA1378986,V0547B,T3,infant,365.0,,AU,,,,,,,primary,1.0,11.936
SAMN54097699,PRJNA1378986,V0548B,T1,infant,76.0,,AU,,,,,,,primary,1.0,8.423
SAMN54097700,PRJNA1378986,V0548B,T3,infant,365.0,,AU,,,,,,,primary,1.0,9.491
SAMN54097701,PRJNA1378986,V0549B,T1,infant,76.0,,AU,,,,,,,primary,1.0,9.783
SAMN54097702,PRJNA1378986,V0549B,T3,infant,365.0,,AU,,,,,,,primary,1.0,8.16
SAMN54097703,PRJNA1378986,V0550B,T1,infant,76.0,,AU,,,,,,,primary,1.0,14.165
SAMN54097704,PRJNA1378986,V0550B,T3,infant,365.0,,AU,,,,,,,primary,1.0,13.243
SAMN54097709,PRJNA1378986,V0551B,T1,infant,76.0,,AU,,,,,,,primary,1.0,9.622
SAMN54097710,PRJNA1378986,V0551B,T3,infant,365.0,,AU,,,,,,,primary,1.0,9.47
SAMN54097723,PRJNA1378986,V0552B,T1,infant,76.0,,AU,,,,,,,primary,1.0,13.197
SAMN54097724,PRJNA1378986,V0552B,T3,infant,365.0,,AU,,,,,,,primary,1.0,13.648
SAMN54097731,PRJNA1378986,V0553B,T1,infant,76.0,,AU,,,,,,,primary,2.0,7.025
SAMN54097732,PRJNA1378986,V0553B,T3,infant,365.0,,AU,,,,,,,primary,2.0,9.046
SAMN54097733,PRJNA1378986,V0554B,T1,infant,76.0,,AU,,,,,,,primary,1.0,8.889
SAMN54097734,PRJNA1378986,V0554B,T3,infant,365.0,,AU,,,,,,,primary,1.0,9.655
SAMN54097739,PRJNA1378986,V0555B,T1,infant,76.0,,AU,,,,,,,primary,1.0,9.224
SAMN54097740,PRJNA1378986,V0555B,T3,infant,365.0,,AU,,,,,,,primary,1.0,8.407
SAMN54097743,PRJNA1378986,V0556B,T1,infant,76.0,,AU,,,,,,,primary,1.0,9.735
SAMN54097744,PRJNA1378986,V0556B,T3,infant,365.0,,AU,,,,,,,primary,1.0,10.662
SAMN54097749,PRJNA1378986,V0557B,T1,infant,76.0,,AU,,,,,,,primary,1.0,15.112
SAMN54097750,PRJNA1378986,V0557B,T3,infant,365.0,,AU,,,,,,,primary,1.0,10.485
SAMN54097751,PRJNA1378986,V0558B,T1,infant,76.0,,AU,,,,,,,primary,1.0,11.39
SAMN54097752,PRJNA1378986,V0558B,T3,infant,365.0,,AU,,,,,,,primary,1.0,10.587
SAMN54097757,PRJNA1378986,V0559B,T1,infant,76.0,,AU,,,,,,,primary,1.0,8.176
SAMN54097758,PRJNA1378986,V0559B,T3,infant,365.0,,AU,,,,,,,primary,1.0,12.872
SAMN54097761,PRJNA1378986,V0560B,T1,infant,76.0,,AU,,,,,,,primary,2.0,16.052
SAMN54097762,PRJNA1378986,V0560B,T3,infant,365.0,,AU,,,,,,,primary,2.0,12.694
SAMN54097765,PRJNA1378986,V0561B,T1,infant,76.0,,AU,,,,,,,primary,2.0,14.818
SAMN54097766,PRJNA1378986,V0561B,T3,infant,365.0,,AU,,,,,,,primary,2.0,12.706
SAMN54097781,PRJNA1378986,V0562B,T1,infant,76.0,,AU,,,,,,,primary,1.0,9.092
SAMN54097782,PRJNA1378986,V0562B,T3,infant,365.0,,AU,,,,,,,primary,1.0,9.493
SAMN54097787,PRJNA1378986,V0563B,T1,infant,76.0,,AU,,,,,,,primary,1.0,12.867
SAMN54097788,PRJNA1378986,V0563B,T3,infant,365.0,,AU,,,,,,,primary,1.0,10.988
SAMN54097791,PRJNA1378986,V0564B,T1,infant,76.0,,AU,,,,,,,primary,2.0,12.986
SAMN54097792,PRJNA1378986,V0564B,T3,infant,365.0,,AU,,,,,,,primary,2.0,13.272
SAMN54097795,PRJNA1378986,V0565B,T1,infant,76.0,,AU,,,,,,,primary,1.0,7.514
SAMN54097796,PRJNA1378986,V0565B,T3,infant,365.0,,AU,,,,,,,primary,1.0,7.765
SAMN54097818,PRJNA1378986,V0566B,T1,infant,76.0,,AU,,,,,,,primary,1.0,8.909
SAMN54097819,PRJNA1378986,V0566B,T3,infant,365.0,,AU,,,,,,,primary,1.0,7.195
SAMN54097828,PRJNA1378986,V0567B,T1,infant,76.0,,AU,,,,,,,primary,1.0,8.743
SAMN54097829,PRJNA1378986,V0567B,T3,infant,365.0,,AU,,,,,,,primary,1.0,8.68
SAMN54097832,PRJNA1378986,V0568B,T1,infant,76.0,,AU,,,,,,,primary,2.0,11.08
SAMN54097833,PRJNA1378986,V0568B,T3,infant,365.0,,AU,,,,,,,primary,2.0,12.969
SAMN54097834,PRJNA1378986,V0569B,T1,infant,76.0,,AU,,,,,,,primary,1.0,8.976
SAMN54097835,PRJNA1378986,V0569B,T3,infant,365.0,,AU,,,,,,,primary,1.0,7.156
SAMN54097836,PRJNA1378986,V0570B,T1,infant,76.0,,AU,,,,,,,primary,2.0,16.264
SAMN54097837,PRJNA1378986,V0570B,T3,infant,365.0,,AU,,,,,,,primary,1.0,7.677
SAMN54097838,PRJNA1378986,V0571B,T1,infant,76.0,,AU,,,,,,,primary,1.0,8.384
SAMN54097839,PRJNA1378986,V0571B,T3,infant,365.0,,AU,,,,,,,primary,1.0,8.188
SAMN54097840,PRJNA1378986,V0572B,T1,infant,76.0,,AU,,,,,,,primary,2.0,17.716
SAMN54097841,PRJNA1378986,V0572B,T3,infant,365.0,,AU,,,,,,,primary,1.0,7.73
SAMN54097848,PRJNA1378986,V0573B,T1,infant,76.0,,AU,,,,,,,primary,1.0,11.577
SAMN54097849,PRJNA1378986,V0573B,T3,infant,365.0,,AU,,,,,,,primary,1.0,10.296
SAMN54097852,PRJNA1378986,V0574B,T1,infant,76.0,,AU,,,,,,,primary,1.0,14.221
SAMN54097853,PRJNA1378986,V0574B,T3,infant,365.0,,AU,,,,,,,primary,1.0,13.615
SAMN54097854,PRJNA1378986,V0575B,T1,infant,76.0,,AU,,,,,,,primary,2.0,12.987
SAMN54097855,PRJNA1378986,V0575B,T3,infant,365.0,,AU,,,,,,,primary,2.0,12.764
SAMN54097864,PRJNA1378986,V0576B,T1,infant,76.0,,AU,,,,,,,primary,1.0,8.732
SAMN54097865,PRJNA1378986,V0576B,T3,infant,365.0,,AU,,,,,,,primary,1.0,10.271
SAMN54097870,PRJNA1378986,V0577B,T1,infant,76.0,,AU,,,,,,,primary,1.0,7.825
SAMN54097871,PRJNA1378986,V0577B,T3,infant,365.0,,AU,,,,,,,primary,1.0,8.356
SAMN54097875,PRJNA1378986,V0578B,T1,infant,76.0,,AU,,,,,,,primary,1.0,8.979
SAMN54097876,PRJNA1378986,V0578B,T3,infant,365.0,,AU,,,,,,,primary,1.0,9.517
SAMN54097887,PRJNA1378986,V0579B,T1,infant,76.0,,AU,,,,,,,primary,1.0,7.943
SAMN54097888,PRJNA1378986,V0579B,T3,infant,365.0,,AU,,,,,,,primary,1.0,10.266
SAMN54097899,PRJNA1378986,V0580B,T1,infant,76.0,,AU,,,,,,,primary,1.0,8.273
SAMN54097900,PRJNA1378986,V0580B,T3,infant,365.0,,AU,,,,,,,primary,1.0,9.121
SAMN54097903,PRJNA1378986,V0581B,T1,infant,76.0,,AU,,,,,,,primary,2.0,11.611
SAMN54097904,PRJNA1378986,V0581B,T3,infant,365.0,,AU,,,,,,,primary,2.0,14.835
SAMN54097907,PRJNA1378986,V0582B,T1,infant,76.0,,AU,,,,,,,primary,2.0,17.544
SAMN54097908,PRJNA1378986,V0582B,T3,infant,365.0,,AU,,,,,,,primary,2.0,13.121
SAMN54097911,PRJNA1378986,V0583B,T1,infant,76.0,,AU,,,,,,,primary,2.0,14.375
SAMN54097912,PRJNA1378986,V0583B,T3,infant,365.0,,AU,,,,,,,primary,2.0,11.91
SAMN54097919,PRJNA1378986,V0584B,T1,infant,76.0,,AU,,,,,,,primary,1.0,10.059
SAMN54097920,PRJNA1378986,V0584B,T3,infant,365.0,,AU,,,,,,,primary,1.0,9.561
SAMN54097921,PRJNA1378986,V0585B,T1,infant,76.0,,AU,,,,,,,primary,1.0,9.173
SAMN54097922,PRJNA1378986,V0585B,T3,infant,365.0,,AU,,,,,,,primary,1.0,9.129
SAMN54097927,PRJNA1378986,V0586B,T1,infant,76.0,,AU,,,,,,,primary,2.0,17.496
SAMN54097928,PRJNA1378986,V0586B,T3,infant,365.0,,AU,,,,,,,primary,2.0,11.109
SAMN54097933,PRJNA1378986,V0587B,T1,infant,76.0,,AU,,,,,,,primary,1.0,11.19
SAMN54097934,PRJNA1378986,V0587B,T3,infant,365.0,,AU,,,,,,,primary,1.0,10.656
SAMN54097935,PRJNA1378986,V0588B,T1,infant,76.0,,AU,,,,,,,primary,1.0,10.12
SAMN54097936,PRJNA1378986,V0588B,T3,infant,365.0,,AU,,,,,,,primary,1.0,10.024
SAMN54097939,PRJNA1378986,V0589B,T1,infant,76.0,,AU,,,,,,,primary,1.0,8.681
SAMN54097940,PRJNA1378986,V0589B,T3,infant,365.0,,AU,,,,,,,primary,1.0,7.285
SAMN54097943,PRJNA1378986,V0590B,T1,infant,76.0,,AU,,,,,,,primary,1.0,7.656
SAMN54097944,PRJNA1378986,V0590B,T3,infant,365.0,,AU,,,,,,,primary,1.0,7.724
SAMN54097947,PRJNA1378986,V0591B,T1,infant,76.0,,AU,,,,,,,primary,1.0,10.689
SAMN54097950,PRJNA1378986,V0592B,T1,infant,76.0,,AU,,,,,,,primary,1.0,9.728
SAMN54097951,PRJNA1378986,V0592B,T3,infant,365.0,,AU,,,,,,,primary,1.0,8.841
SAMN54097954,PRJNA1378986,V0593B,T1,infant,76.0,,AU,,,,,,,primary,1.0,8.869
SAMN54097955,PRJNA1378986,V0593B,T3,infant,365.0,,AU,,,,,,,primary,1.0,8.702
SAMN54097956,PRJNA1378986,V0594B,T1,infant,76.0,,AU,,,,,,,primary,1.0,2.194
SAMN54097957,PRJNA1378986,V0594B,T3,infant,365.0,,AU,,,,,,,primary,1.0,9.615
SAMN54097960,PRJNA1378986,V0595B,T1,infant,76.0,,AU,,,,,,,primary,1.0,10.455
SAMN54097963,PRJNA1378986,V0596B,T1,infant,76.0,,AU,,,,,,,primary,1.0,10.423
SAMN54097964,PRJNA1378986,V0597B,T1,infant,76.0,,AU,,,,,,,primary,1.0,9.007
SAMN54097965,PRJNA1378986,V0597B,T3,infant,365.0,,AU,,,,,,,primary,1.0,9.061
SAMN54097966,PRJNA1378986,V0598B,T1,infant,76.0,,AU,,,,,,,primary,1.0,10.268
SAMN54097967,PRJNA1378986,V0598B,T3,infant,365.0,,AU,,,,,,,primary,1.0,9.005
SAMN54097970,PRJNA1378986,V0599B,T1,infant,76.0,,AU,,,,,,,primary,1.0,8.993
SAMN54097971,PRJNA1378986,V0599B,T3,infant,365.0,,AU,,,,,,,primary,1.0,7.126
SAMN54097972,PRJNA1378986,V0600B,T1,infant,76.0,,AU,,,,,,,primary,2.0,15.262
SAMN54097973,PRJNA1378986,V0600B,T3,infant,365.0,,AU,,,,,,,primary,2.0,16.345
SAMN54097974,PRJNA1378986,V0601B,T1,infant,76.0,,AU,,,,,,,primary,1.0,8.529
SAMN54097975,PRJNA1378986,V0601B,T3,infant,365.0,,AU,,,,,,,primary,1.0,8.993
SAMN54097976,PRJNA1378986,V0602B,T1,infant,76.0,,AU,,,,,,,primary,1.0,9.988
SAMN54097977,PRJNA1378986,V0602B,T3,infant,365.0,,AU,,,,,,,primary,1.0,10.23
SAMN54097978,PRJNA1378986,V0603B,T1,infant,76.0,,AU,,,,,,,primary,1.0,10.333
SAMN54097979,PRJNA1378986,V0604B,T1,infant,76.0,,AU,,,,,,,primary,1.0,8.628
SAMN54097980,PRJNA1378986,V0605B,T1,infant,76.0,,AU,,,,,,,primary,2.0,11.621
SAMN54097981,PRJNA1378986,V0605B,T3,infant,365.0,,AU,,,,,,,primary,2.0,12.985
SAMN54097982,PRJNA1378986,V0606B,T1,infant,76.0,,AU,,,,,,,primary,1.0,10.166
SAMN54097983,PRJNA1378986,V0606B,T3,infant,365.0,,AU,,,,,,,primary,1.0,10.191
SAMN54097984,PRJNA1378986,V0607B,T1,infant,76.0,,AU,,,,,,,primary,1.0,10.85
SAMN54097985,PRJNA1378986,V0608B,T1,infant,76.0,,AU,,,,,,,primary,1.0,8.893
SAMN54097986,PRJNA1378986,V0609B,T1,infant,76.0,,AU,,,,,,,primary,2.0,11.034
SAMN54097987,PRJNA1378986,V0609B,T3,infant,365.0,,AU,,,,,,,primary,2.0,17.84
SAMN54097988,PRJNA1378986,V0610B,T1,infant,76.0,,AU,,,,,,,primary,1.0,4.743
SAMN54097989,PRJNA1378986,V0611B,T1,infant,76.0,,AU,,,,,,,primary,1.0,10.737
SAMN54097990,PRJNA1378986,V0612B,T1,infant,76.0,,AU,,,,,,,primary,1.0,10.839
SAMN54097991,PRJNA1378986,V0612B,T3,infant,365.0,,AU,,,,,,,primary,1.0,8.516
SAMN54097992,PRJNA1378986,V0613B,T1,infant,76.0,,AU,,,,,,,primary,1.0,9.67
SAMN54097993,PRJNA1378986,V0613B,T3,infant,365.0,,AU,,,,,,,primary,1.0,12.684
SAMN54097994,PRJNA1378986,V0614B,T1,infant,76.0,,AU,,,,,,,primary,1.0,14.029
SAMN54097995,PRJNA1378986,V0614B,T3,infant,365.0,,AU,,,,,,,primary,1.0,9.577
SAMN54097996,PRJNA1378986,V0615B,T1,infant,76.0,,AU,,,,,,,primary,1.0,8.255
SAMN54097997,PRJNA1378986,V0615B,T3,infant,365.0,,AU,,,,,,,primary,1.0,9.999
SAMN54097998,PRJNA1378986,V0616B,T1,infant,76.0,,AU,,,,,,,primary,1.0,7.661
SAMN54097999,PRJNA1378986,V0616B,T3,infant,365.0,,AU,,,,,,,primary,1.0,10.963
SAMN54098000,PRJNA1378986,V0617B,T1,infant,76.0,,AU,,,,,,,primary,1.0,10.943
SAMN54098001,PRJNA1378986,V0617B,T3,infant,365.0,,AU,,,,,,,primary,1.0,10.764
SAMN54098002,PRJNA1378986,V0618B,T1,infant,76.0,,AU,,,,,,,primary,1.0,9.229
SAMN54098003,PRJNA1378986,V0618B,T3,infant,365.0,,AU,,,,,,,primary,1.0,7.546
SAMN54098004,PRJNA1378986,V0619B,T1,infant,76.0,,AU,,,,,,,primary,1.0,9.586
SAMN54098005,PRJNA1378986,V0619B,T3,infant,365.0,,AU,,,,,,,primary,1.0,10.936
SAMN54098006,PRJNA1378986,V0620B,T1,infant,76.0,,AU,,,,,,,primary,2.0,15.797
SAMN54098007,PRJNA1378986,V0620B,T3,infant,365.0,,AU,,,,,,,primary,2.0,14.758
SAMN54098008,PRJNA1378986,V0621B,T1,infant,76.0,,AU,,,,,,,primary,1.0,10.514
SAMN54098009,PRJNA1378986,V0621B,T3,infant,365.0,,AU,,,,,,,primary,1.0,10.467
SAMN54098010,PRJNA1378986,V0622B,T1,infant,76.0,,AU,,,,,,,primary,1.0,10.034
SAMN54098011,PRJNA1378986,V0622B,T3,infant,365.0,,AU,,,,,,,primary,1.0,11.34
SAMN54098012,PRJNA1378986,V0623B,T1,infant,76.0,,AU,,,,,,,primary,1.0,10.644
SAMN54098013,PRJNA1378986,V0623B,T3,infant,365.0,,AU,,,,,,,primary,1.0,9.911
SAMN54098014,PRJNA1378986,V0624B,T1,infant,76.0,,AU,,,,,,,primary,1.0,4.286
SAMN54098015,PRJNA1378986,V0625B,T1,infant,76.0,,AU,,,,,,,primary,1.0,9.456
SAMN54098016,PRJNA1378986,V0626B,T1,infant,76.0,,AU,,,,,,,primary,1.0,9.92
SAMN54098017,PRJNA1378986,V0626B,T3,infant,365.0,,AU,,,,,,,primary,1.0,13.418
SAMN54098018,PRJNA1378986,V0627B,T1,infant,76.0,,AU,,,,,,,primary,1.0,8.859
SAMN54098019,PRJNA1378986,V0628B,T1,infant,76.0,,AU,,,,,,,primary,1.0,12.7
SAMN54098020,PRJNA1378986,V0628B,T3,infant,365.0,,AU,,,,,,,primary,1.0,9.748
SAMN54098021,PRJNA1378986,V0629B,T1,infant,76.0,,AU,,,,,,,primary,1.0,8.548
SAMN54098022,PRJNA1378986,V0630B,T1,infant,76.0,,AU,,,,,,,primary,1.0,11.554
SAMN54098023,PRJNA1378986,V0630B,T3,infant,365.0,,AU,,,,,,,primary,1.0,9.708
SAMN54098024,PRJNA1378986,V0631B,T1,infant,76.0,,AU,,,,,,,primary,1.0,5.922
SAMN54098025,PRJNA1378986,V0631B,T3,infant,365.0,,AU,,,,,,,primary,1.0,9.496
SAMN54098026,PRJNA1378986,V0632B,T3,infant,365.0,,AU,,,,,,,primary,1.0,10.982
SAMN54098027,PRJNA1378986,V0633B,T1,infant,76.0,,AU,,,,,,,primary,1.0,12.552
SAMN54098028,PRJNA1378986,V0633B,T3,infant,365.0,,AU,,,,,,,primary,1.0,11.378
SAMN54098029,PRJNA1378986,V0634B,T1,infant,76.0,,AU,,,,,,,primary,1.0,10.506
SAMN54098030,PRJNA1378986,V0634B,T3,infant,365.0,,AU,,,,,,,primary,1.0,9.824
SAMN54098031,PRJNA1378986,V0635B,T1,infant,76.0,,AU,,,,,,,primary,1.0,11.109
SAMN54098032,PRJNA1378986,V0635B,T3,infant,365.0,,AU,,,,,,,primary,1.0,9.221
SAMN54098033,PRJNA1378986,V0636B,T1,infant,76.0,,AU,,,,,,,primary,1.0,10.718
SAMN54098034,PRJNA1378986,V0636B,T3,infant,365.0,,AU,,,,,,,primary,1.0,9.307
SAMN54098035,PRJNA1378986,V0637B,T1,infant,76.0,,AU,,,,,,,primary,1.0,12.281
SAMN54098036,PRJNA1378986,V0637B,T3,infant,365.0,,AU,,,,,,,primary,1.0,10.36
SAMN54098037,PRJNA1378986,V0638B,T1,infant,76.0,,AU,,,,,,,primary,1.0,9.331
SAMN54098038,PRJNA1378986,V0638B,T3,infant,365.0,,AU,,,,,,,primary,1.0,9.638
SAMN54098039,PRJNA1378986,V0639B,T1,infant,76.0,,AU,,,,,,,primary,1.0,9.621
SAMN54098040,PRJNA1378986,V0639B,T3,infant,365.0,,AU,,,,,,,primary,1.0,10.609
SAMN54098041,PRJNA1378986,V0640B,T1,infant,76.0,,AU,,,,,,,primary,1.0,9.411
SAMN54098042,PRJNA1378986,V0640B,T3,infant,365.0,,AU,,,,,,,primary,1.0,11.534
SAMN54098043,PRJNA1378986,V0641B,T1,infant,76.0,,AU,,,,,,,primary,1.0,8.467
SAMN54098044,PRJNA1378986,V0642B,T1,infant,76.0,,AU,,,,,,,primary,1.0,14.21
SAMN54098045,PRJNA1378986,V0642B,T3,infant,365.0,,AU,,,,,,,primary,1.0,10.609
SAMN54098046,PRJNA1378986,V0643B,T1,infant,76.0,,AU,,,,,,,primary,1.0,9.715
SAMN54098047,PRJNA1378986,V0643B,T3,infant,365.0,,AU,,,,,,,primary,1.0,10.095
SAMN54098048,PRJNA1378986,V0644B,T1,infant,76.0,,AU,,,,,,,primary,1.0,12.351
SAMN54098049,PRJNA1378986,V0644B,T3,infant,365.0,,AU,,,,,,,primary,1.0,11.228
SAMN54098050,PRJNA1378986,V0645B,T1,infant,76.0,,AU,,,,,,,primary,1.0,15.202
SAMN54098051,PRJNA1378986,V0645B,T3,infant,365.0,,AU,,,,,,,primary,1.0,9.768
SAMN54098052,PRJNA1378986,V0646B,T1,infant,76.0,,AU,,,,,,,primary,2.0,10.448
SAMN54098053,PRJNA1378986,V0646B,T3,infant,365.0,,AU,,,,,,,primary,2.0,11.356
SAMN54098054,PRJNA1378986,V0647B,T1,infant,76.0,,AU,,,,,,,primary,1.0,10.989
SAMN54098055,PRJNA1378986,V0647B,T3,infant,365.0,,AU,,,,,,,primary,1.0,10.104
SAMN54098056,PRJNA1378986,V0648B,T1,infant,76.0,,AU,,,,,,,primary,1.0,12.519
SAMN54098057,PRJNA1378986,V0648B,T3,infant,365.0,,AU,,,,,,,primary,1.0,9.822
SAMN54098058,PRJNA1378986,V0649B,T1,infant,76.0,,AU,,,,,,,primary,2.0,11.827
SAMN54098059,PRJNA1378986,V0649B,T3,infant,365.0,,AU,,,,,,,primary,2.0,11.757
SAMN54098060,PRJNA1378986,V0650B,T1,infant,76.0,,AU,,,,,,,primary,2.0,14.708
SAMN54098061,PRJNA1378986,V0650B,T3,infant,365.0,,AU,,,,,,,primary,2.0,14.812
SAMN54098062,PRJNA1378986,V0651B,T1,infant,76.0,,AU,,,,,,,primary,1.0,9.313
SAMN54098063,PRJNA1378986,V0651B,T3,infant,365.0,,AU,,,,,,,primary,1.0,8.819
SAMN54098064,PRJNA1378986,V0652B,T1,infant,76.0,,AU,,,,,,,primary,1.0,9.043
SAMN54098065,PRJNA1378986,V0652B,T3,infant,365.0,,AU,,,,,,,primary,1.0,5.907
SAMN54098066,PRJNA1378986,V0653B,T1,infant,76.0,,AU,,,,,,,primary,1.0,10.365
SAMN54098067,PRJNA1378986,V0653B,T3,infant,365.0,,AU,,,,,,,primary,1.0,9.513
SAMN54098068,PRJNA1378986,V0654B,T1,infant,76.0,,AU,,,,,,,primary,1.0,10.757
SAMN54098069,PRJNA1378986,V0654B,T3,infant,365.0,,AU,,,,,,,primary,1.0,9.464
SAMN54098070,PRJNA1378986,V0655B,T1,infant,76.0,,AU,,,,,,,primary,1.0,15.746
SAMN54098071,PRJNA1378986,V0655B,T3,infant,365.0,,AU,,,,,,,primary,1.0,10.0
SAMN54098072,PRJNA1378986,V0656B,T1,infant,76.0,,AU,,,,,,,primary,1.0,10.076
SAMN54098073,PRJNA1378986,V0656B,T3,infant,365.0,,AU,,,,,,,primary,1.0,9.177
SAMN54098074,PRJNA1378986,V0657B,T3,infant,365.0,,AU,,,,,,,primary,1.0,11.543
SAMN54098075,PRJNA1378986,V0658B,T1,infant,76.0,,AU,,,,,,,primary,1.0,9.589
SAMN54098076,PRJNA1378986,V0658B,T3,infant,365.0,,AU,,,,,,,primary,1.0,11.26
SAMN54098077,PRJNA1378986,V0659B,T1,infant,76.0,,AU,,,,,,,primary,1.0,13.117
SAMN54098078,PRJNA1378986,V0659B,T3,infant,365.0,,AU,,,,,,,primary,1.0,9.253
SAMN54098079,PRJNA1378986,V0660B,T1,infant,76.0,,AU,,,,,,,primary,1.0,7.147
SAMN54098080,PRJNA1378986,V0661B,T1,infant,76.0,,AU,,,,,,,primary,1.0,13.444
SAMN54098081,PRJNA1378986,V0662B,T1,infant,76.0,,AU,,,,,,,primary,1.0,8.412
SAMN54098082,PRJNA1378986,V0662B,T3,infant,365.0,,AU,,,,,,,primary,1.0,11.074
SAMN54098083,PRJNA1378986,V0663B,T1,infant,76.0,,AU,,,,,,,primary,1.0,10.263
SAMN54098084,PRJNA1378986,V0663B,T3,infant,365.0,,AU,,,,,,,primary,1.0,10.958
SAMN54098085,PRJNA1378986,V0664B,T1,infant,76.0,,AU,,,,,,,primary,1.0,8.798
SAMN54098086,PRJNA1378986,V0664B,T3,infant,365.0,,AU,,,,,,,primary,1.0,13.812
SAMN54098087,PRJNA1378986,V0665B,T1,infant,76.0,,AU,,,,,,,primary,2.0,11.28
SAMN54098088,PRJNA1378986,V0665B,T3,infant,365.0,,AU,,,,,,,primary,2.0,12.329
SAMN54098089,PRJNA1378986,V0666B,T1,infant,76.0,,AU,,,,,,,primary,2.0,12.414
SAMN54098090,PRJNA1378986,V0666B,T3,infant,365.0,,AU,,,,,,,primary,2.0,11.83
SAMN54098091,PRJNA1378986,V0667B,T1,infant,76.0,,AU,,,,,,,primary,1.0,8.652
SAMN54098092,PRJNA1378986,V0667B,T3,infant,365.0,,AU,,,,,,,primary,1.0,11.632
SAMN54098093,PRJNA1378986,V0668B,T1,infant,76.0,,AU,,,,,,,primary,1.0,9.739
SAMN54098094,PRJNA1378986,V0668B,T3,infant,365.0,,AU,,,,,,,primary,1.0,12.159
SAMN54098095,PRJNA1378986,V0669B,T1,infant,76.0,,AU,,,,,,,primary,1.0,9.316
SAMN54098096,PRJNA1378986,V0669B,T3,infant,365.0,,AU,,,,,,,primary,1.0,8.916
SAMN54098097,PRJNA1378986,V0670B,T1,infant,76.0,,AU,,,,,,,primary,2.0,10.646
SAMN54098098,PRJNA1378986,V0670B,T3,infant,365.0,,AU,,,,,,,primary,2.0,16.14
SAMN54098099,PRJNA1378986,V0671B,T1,infant,76.0,,AU,,,,,,,primary,1.0,10.718
SAMN54098101,PRJNA1378986,V0671B,T3,infant,365.0,,AU,,,,,,,primary,1.0,12.824
SAMN54098100,PRJNA1378986,V0671B,,infant,76.0,,AU,,,,,,,primary,2.0,16.65
SAMN54098102,PRJNA1378986,V0671B,,infant,365.0,,AU,,,,,,,primary,2.0,17.038
SAMN54098103,PRJNA1378986,V0672B,T1,infant,76.0,,AU,,,,,,,primary,1.0,8.672
SAMN54098104,PRJNA1378986,V0672B,T3,infant,365.0,,AU,,,,,,,primary,1.0,8.989
SAMN54098105,PRJNA1378986,V0673B,T1,infant,76.0,,AU,,,,,,,primary,1.0,10.958
SAMN54098106,PRJNA1378986,V0673B,T3,infant,365.0,,AU,,,,,,,primary,1.0,10.64
SAMN54098107,PRJNA1378986,V0674B,T1,infant,76.0,,AU,,,,,,,primary,1.0,8.28
SAMN54098108,PRJNA1378986,V0674B,T3,infant,365.0,,AU,,,,,,,primary,1.0,9.179
SAMN54098109,PRJNA1378986,V0675B,T1,infant,76.0,,AU,,,,,,,primary,1.0,8.519
SAMN54098110,PRJNA1378986,V0675B,T3,infant,365.0,,AU,,,,,,,primary,1.0,10.031
SAMN54098111,PRJNA1378986,V0676B,T1,infant,76.0,,AU,,,,,,,primary,2.0,10.383
SAMN54098112,PRJNA1378986,V0676B,T3,infant,365.0,,AU,,,,,,,primary,2.0,11.899
SAMN54098113,PRJNA1378986,V0677B,T1,infant,76.0,,AU,,,,,,,primary,1.0,12.544
SAMN54098114,PRJNA1378986,V0677B,T3,infant,365.0,,AU,,,,,,,primary,1.0,12.206
SAMN54098115,PRJNA1378986,V0678B,T1,infant,76.0,,AU,,,,,,,primary,2.0,13.954
SAMN54098116,PRJNA1378986,V0678B,T3,infant,365.0,,AU,,,,,,,primary,2.0,12.392
SAMN54098117,PRJNA1378986,V0679B,T1,infant,76.0,,AU,,,,,,,primary,1.0,11.691
SAMN54098118,PRJNA1378986,V0679B,T3,infant,365.0,,AU,,,,,,,primary,1.0,11.946
SAMN54098119,PRJNA1378986,V0680B,T1,infant,76.0,,AU,,,,,,,primary,1.0,12.263
SAMN54098120,PRJNA1378986,V0680B,T3,infant,365.0,,AU,,,,,,,primary,1.0,12.595
SAMN54098121,PRJNA1378986,V0681B,T1,infant,76.0,,AU,,,,,,,primary,1.0,10.764
SAMN54098122,PRJNA1378986,V0681B,T3,infant,365.0,,AU,,,,,,,primary,1.0,8.645
SAMN54098123,PRJNA1378986,V0682B,T1,infant,76.0,,AU,,,,,,,primary,1.0,13.101
SAMN54098124,PRJNA1378986,V0682B,T3,infant,365.0,,AU,,,,,,,primary,1.0,10.376
SAMN54098125,PRJNA1378986,V0683B,T1,infant,76.0,,AU,,,,,,,primary,1.0,12.33
SAMN54098126,PRJNA1378986,V0683B,T3,infant,365.0,,AU,,,,,,,primary,1.0,8.753
SAMN54098127,PRJNA1378986,V0684B,T1,infant,76.0,,AU,,,,,,,primary,1.0,10.654
SAMN54098128,PRJNA1378986,V0684B,T3,infant,365.0,,AU,,,,,,,primary,1.0,10.143
SAMN54098129,PRJNA1378986,V0685B,T1,infant,76.0,,AU,,,,,,,primary,1.0,9.467
SAMN54098130,PRJNA1378986,V0685B,T3,infant,365.0,,AU,,,,,,,primary,1.0,10.771
SAMN54098131,PRJNA1378986,V0686B,T1,infant,76.0,,AU,,,,,,,primary,1.0,13.385
SAMN54098132,PRJNA1378986,V0686B,T3,infant,365.0,,AU,,,,,,,primary,1.0,11.786
SAMN54098133,PRJNA1378986,V0687B,,infant,76.0,,AU,,,,,,,primary,1.0,12.973
SAMN54098134,PRJNA1378986,V0687B,,infant,365.0,,AU,,,,,,,primary,1.0,11.79
SAMN54098135,PRJNA1378986,V0688B,T1,infant,76.0,,AU,,,,,,,primary,1.0,9.385
SAMN54098136,PRJNA1378986,V0688B,T3,infant,365.0,,AU,,,,,,,primary,1.0,11.413
SAMN54098137,PRJNA1378986,V0689B,T1,infant,76.0,,AU,,,,,,,primary,1.0,10.251
SAMN54098138,PRJNA1378986,V0689B,T3,infant,365.0,,AU,,,,,,,primary,1.0,10.129
SAMN54098139,PRJNA1378986,V0690B,T1,infant,76.0,,AU,,,,,,,primary,1.0,8.481
SAMN54098140,PRJNA1378986,V0690B,T3,infant,365.0,,AU,,,,,,,primary,1.0,11.153
SAMN54098141,PRJNA1378986,V0691B,T1,infant,76.0,,AU,,,,,,,primary,2.0,12.056
SAMN54098142,PRJNA1378986,V0691B,T3,infant,365.0,,AU,,,,,,,primary,2.0,13.866
SAMN54098143,PRJNA1378986,V0692B,T1,infant,76.0,,AU,,,,,,,primary,1.0,9.143
SAMN54098144,PRJNA1378986,V0692B,T3,infant,365.0,,AU,,,,,,,primary,1.0,10.656
SAMN54098145,PRJNA1378986,V0693B,T1,infant,76.0,,AU,,,,,,,primary,1.0,9.04
SAMN54098146,PRJNA1378986,V0693B,T3,infant,365.0,,AU,,,,,,,primary,1.0,9.056
SAMN54098147,PRJNA1378986,V0694B,T1,infant,76.0,,AU,,,,,,,primary,2.0,10.94
SAMN54098148,PRJNA1378986,V0694B,T3,infant,365.0,,AU,,,,,,,primary,2.0,11.932
SAMN54098149,PRJNA1378986,V0695B,T1,infant,76.0,,AU,,,,,,,primary,1.0,11.132
SAMN54098150,PRJNA1378986,V0695B,T3,infant,365.0,,AU,,,,,,,primary,1.0,9.293
SAMN54098151,PRJNA1378986,V0696B,T1,infant,76.0,,AU,,,,,,,primary,1.0,8.167
SAMN54098152,PRJNA1378986,V0696B,T3,infant,365.0,,AU,,,,,,,primary,1.0,11.204
SAMN54098153,PRJNA1378986,V0697B,T1,infant,76.0,,AU,,,,,,,primary,1.0,12.014
SAMN54098155,PRJNA1378986,V0697B,T3,infant,365.0,,AU,,,,,,,primary,1.0,11.921
SAMN54098154,PRJNA1378986,V0697B,,infant,76.0,,AU,,,,,,,primary,2.0,18.318
SAMN54098156,PRJNA1378986,V0697B,,infant,365.0,,AU,,,,,,,primary,2.0,14.276
SAMN54098157,PRJNA1378986,V0698B,T1,infant,76.0,,AU,,,,,,,primary,1.0,11.128
SAMN54098158,PRJNA1378986,V0698B,T3,infant,365.0,,AU,,,,,,,primary,1.0,11.308
SAMN54098159,PRJNA1378986,V0699B,T1,infant,76.0,,AU,,,,,,,primary,2.0,12.067
SAMN54098160,PRJNA1378986,V0699B,T3,infant,365.0,,AU,,,,,,,primary,2.0,13.512
SAMN54098161,PRJNA1378986,V0700B,T1,infant,76.0,,AU,,,,,,,primary,1.0,11.342
SAMN54098162,PRJNA1378986,V0700B,T3,infant,365.0,,AU,,,,,,,primary,1.0,11.174
SAMN54098163,PRJNA1378986,V0701B,T1,infant,76.0,,AU,,,,,,,primary,1.0,8.147
SAMN54098164,PRJNA1378986,V0701B,T3,infant,365.0,,AU,,,,,,,primary,1.0,10.401
SAMN54098165,PRJNA1378986,V0702B,T1,infant,76.0,,AU,,,,,,,primary,1.0,11.805
SAMN54098166,PRJNA1378986,V0702B,T3,infant,365.0,,AU,,,,,,,primary,1.0,11.074
SAMN54098167,PRJNA1378986,V0703B,T1,infant,76.0,,AU,,,,,,,primary,1.0,11.285
SAMN54098168,PRJNA1378986,V0703B,T3,infant,365.0,,AU,,,,,,,primary,1.0,11.086
SAMN54098169,PRJNA1378986,V0704B,T1,infant,76.0,,AU,,,,,,,primary,2.0,14.755
SAMN54098170,PRJNA1378986,V0704B,T3,infant,365.0,,AU,,,,,,,primary,2.0,10.3
SAMN54098171,PRJNA1378986,V0705B,T1,infant,76.0,,AU,,,,,,,primary,1.0,8.921
SAMN54098172,PRJNA1378986,V0706B,T1,infant,76.0,,AU,,,,,,,primary,1.0,11.051
SAMN54098173,PRJNA1378986,V0706B,T3,infant,365.0,,AU,,,,,,,primary,1.0,9.047
SAMN54098174,PRJNA1378986,V0707B,T1,infant,76.0,,AU,,,,,,,primary,1.0,12.898
SAMN54098175,PRJNA1378986,V0707B,T3,infant,365.0,,AU,,,,,,,primary,1.0,10.657
SAMN54098176,PRJNA1378986,V0708B,T1,infant,76.0,,AU,,,,,,,primary,1.0,8.105
SAMN54098177,PRJNA1378986,V0708B,T3,infant,365.0,,AU,,,,,,,primary,1.0,7.587
SAMN54098178,PRJNA1378986,V0709B,T1,infant,76.0,,AU,,,,,,,primary,2.0,12.013
SAMN54098179,PRJNA1378986,V0709B,T3,infant,365.0,,AU,,,,,,,primary,2.0,16.224
SAMN54098180,PRJNA1378986,V0710B,T1,infant,76.0,,AU,,,,,,,primary,1.0,11.03
SAMN54098181,PRJNA1378986,V0710B,T3,infant,365.0,,AU,,,,,,,primary,1.0,9.882
SAMN54098182,PRJNA1378986,V0711B,T1,infant,76.0,,AU,,,,,,,primary,1.0,11.762
SAMN54098183,PRJNA1378986,V0711B,T3,infant,365.0,,AU,,,,,,,primary,1.0,11.491
SAMN54098184,PRJNA1378986,V0712B,T1,infant,76.0,,AU,,,,,,,primary,1.0,11.894
SAMN54098185,PRJNA1378986,V0712B,T3,infant,365.0,,AU,,,,,,,primary,1.0,9.204
SAMN54098186,PRJNA1378986,V0713B,T1,infant,76.0,,AU,,,,,,,primary,1.0,11.551
SAMN54098187,PRJNA1378986,V0713B,T3,infant,365.0,,AU,,,,,,,primary,1.0,12.057
SAMN54098188,PRJNA1378986,V0714B,T1,infant,76.0,,AU,,,,,,,primary,1.0,11.851
SAMN54098189,PRJNA1378986,V0714B,T3,infant,365.0,,AU,,,,,,,primary,1.0,9.505
SAMN54098190,PRJNA1378986,V0715B,T3,infant,365.0,,AU,,,,,,,primary,1.0,11.047
SAMN54098191,PRJNA1378986,V0716B,T1,infant,76.0,,AU,,,,,,,primary,1.0,4.988
SAMN54098192,PRJNA1378986,V0716B,T3,infant,365.0,,AU,,,,,,,primary,1.0,8.778
SAMN54098193,PRJNA1378986,V0717B,T1,infant,76.0,,AU,,,,,,,primary,1.0,9.346
SAMN54098194,PRJNA1378986,V0717B,T3,infant,365.0,,AU,,,,,,,primary,1.0,11.081
SAMN54098195,PRJNA1378986,V0718B,T1,infant,76.0,,AU,,,,,,,primary,1.0,7.606
SAMN54098196,PRJNA1378986,V0718B,T3,infant,365.0,,AU,,,,,,,primary,1.0,11.581
SAMN54098197,PRJNA1378986,V0719B,T1,infant,76.0,,AU,,,,,,,primary,1.0,11.955
SAMN54098198,PRJNA1378986,V0719B,T3,infant,365.0,,AU,,,,,,,primary,1.0,11.107
SAMN54098199,PRJNA1378986,V0720B,T1,infant,76.0,,AU,,,,,,,primary,1.0,12.84
SAMN54098200,PRJNA1378986,V0720B,T3,infant,365.0,,AU,,,,,,,primary,1.0,10.532
SAMN54098201,PRJNA1378986,V0721B,T1,infant,76.0,,AU,,,,,,,primary,2.0,10.571
SAMN54098202,PRJNA1378986,V0721B,T3,infant,365.0,,AU,,,,,,,primary,2.0,14.438
SAMN54098203,PRJNA1378986,V0722B,T1,infant,76.0,,AU,,,,,,,primary,1.0,12.365
SAMN54098204,PRJNA1378986,V0722B,T3,infant,365.0,,AU,,,,,,,primary,1.0,11.478
SAMN54098205,PRJNA1378986,V0723B,T1,infant,76.0,,AU,,,,,,,primary,1.0,11.056
SAMN54098206,PRJNA1378986,V0723B,T3,infant,365.0,,AU,,,,,,,primary,1.0,9.475
SAMN54098207,PRJNA1378986,V0724B,T1,infant,76.0,,AU,,,,,,,primary,1.0,12.633
SAMN54098208,PRJNA1378986,V0724B,T3,infant,365.0,,AU,,,,,,,primary,1.0,9.778
SAMN54098209,PRJNA1378986,V0725B,T1,infant,76.0,,AU,,,,,,,primary,1.0,8.83
SAMN54098211,PRJNA1378986,V0725B,T3,infant,365.0,,AU,,,,,,,primary,1.0,10.719
SAMN54098210,PRJNA1378986,V0725B,,infant,76.0,,AU,,,,,,,primary,1.0,10.804
SAMN54098212,PRJNA1378986,V0726B,T1,infant,76.0,,AU,,,,,,,primary,1.0,11.852
SAMN54098213,PRJNA1378986,V0726B,T3,infant,365.0,,AU,,,,,,,primary,1.0,11.508
SAMN54098214,PRJNA1378986,V0727B,T1,infant,76.0,,AU,,,,,,,primary,1.0,9.679
SAMN54098215,PRJNA1378986,V0727B,T3,infant,365.0,,AU,,,,,,,primary,1.0,10.327
SAMN54098216,PRJNA1378986,V0728B,T1,infant,76.0,,AU,,,,,,,primary,1.0,12.29
SAMN54098217,PRJNA1378986,V0728B,T3,infant,365.0,,AU,,,,,,,primary,1.0,9.423
SAMN54098218,PRJNA1378986,V0729B,T1,infant,76.0,,AU,,,,,,,primary,1.0,11.124
SAMN54098219,PRJNA1378986,V0729B,T3,infant,365.0,,AU,,,,,,,primary,1.0,13.562
SAMN54098220,PRJNA1378986,V0730B,T3,infant,365.0,,AU,,,,,,,primary,1.0,8.776
SAMN54098221,PRJNA1378986,V0731B,T1,infant,76.0,,AU,,,,,,,primary,1.0,15.541
SAMN54098223,PRJNA1378986,V0731B,T3,infant,365.0,,AU,,,,,,,primary,1.0,11.153
SAMN54098222,PRJNA1378986,V0731B,,infant,76.0,,AU,,,,,,,primary,2.0,13.429
SAMN54098224,PRJNA1378986,V0731B,,infant,365.0,,AU,,,,,,,primary,2.0,11.543
SAMN54098225,PRJNA1378986,V0732B,T1,infant,76.0,,AU,,,,,,,primary,1.0,9.554
SAMN54098226,PRJNA1378986,V0732B,T3,infant,365.0,,AU,,,,,,,primary,1.0,13.055
SAMN54098227,PRJNA1378986,V0733B,T1,infant,76.0,,AU,,,,,,,primary,2.0,16.741
SAMN54098228,PRJNA1378986,V0733B,T3,infant,365.0,,AU,,,,,,,primary,2.0,14.247
SAMN54098229,PRJNA1378986,V0734B,T3,infant,365.0,,AU,,,,,,,primary,1.0,11.974
SAMN54098230,PRJNA1378986,V0735B,T1,infant,76.0,,AU,,,,,,,primary,2.0,12.025
SAMN54098231,PRJNA1378986,V0735B,T3,infant,365.0,,AU,,,,,,,primary,2.0,11.183
SAMN54098232,PRJNA1378986,V0736B,T1,infant,76.0,,AU,,,,,,,primary,2.0,15.038
SAMN54098233,PRJNA1378986,V0736B,T3,infant,365.0,,AU,,,,,,,primary,2.0,14.379
SAMN54098234,PRJNA1378986,V0737B,T1,infant,76.0,,AU,,,,,,,primary,1.0,12.498
SAMN54098235,PRJNA1378986,V0737B,T3,infant,365.0,,AU,,,,,,,primary,1.0,10.773
SAMN54098236,PRJNA1378986,V0738B,T1,infant,76.0,,AU,,,,,,,primary,1.0,10.796
SAMN54098237,PRJNA1378986,V0738B,T3,infant,365.0,,AU,,,,,,,primary,1.0,9.88
SAMN54098238,PRJNA1378986,V0739B,T1,infant,76.0,,AU,,,,,,,primary,2.0,13.492
SAMN54098239,PRJNA1378986,V0739B,T3,infant,365.0,,AU,,,,,,,primary,2.0,16.103
SAMN54098240,PRJNA1378986,V0740B,T1,infant,76.0,,AU,,,,,,,primary,1.0,12.61
SAMN54098241,PRJNA1378986,V0740B,T3,infant,365.0,,AU,,,,,,,primary,1.0,10.268
SAMN54098242,PRJNA1378986,V0741B,T1,infant,76.0,,AU,,,,,,,primary,1.0,12.147
SAMN54098243,PRJNA1378986,V0741B,T3,infant,365.0,,AU,,,,,,,primary,1.0,12.234
SAMN54098244,PRJNA1378986,V0742B,T1,infant,76.0,,AU,,,,,,,primary,1.0,10.068
SAMN54098245,PRJNA1378986,V0742B,T3,infant,365.0,,AU,,,,,,,primary,1.0,10.906
SAMN54098246,PRJNA1378986,V0743B,T1,infant,76.0,,AU,,,,,,,primary,2.0,13.894
SAMN54098247,PRJNA1378986,V0743B,T3,infant,365.0,,AU,,,,,,,primary,2.0,14.085
SAMN54098248,PRJNA1378986,V0744B,T1,infant,76.0,,AU,,,,,,,primary,1.0,9.554
SAMN54098249,PRJNA1378986,V0744B,T3,infant,365.0,,AU,,,,,,,primary,1.0,11.419
SAMN54098250,PRJNA1378986,V0745B,T1,infant,76.0,,AU,,,,,,,primary,1.0,9.044
SAMN54098251,PRJNA1378986,V0745B,T3,infant,365.0,,AU,,,,,,,primary,1.0,9.343
SAMN54098252,PRJNA1378986,V0746B,T1,infant,76.0,,AU,,,,,,,primary,1.0,10.178
SAMN54098253,PRJNA1378986,V0746B,T3,infant,365.0,,AU,,,,,,,primary,1.0,12.374
SAMN54098254,PRJNA1378986,V0747B,T1,infant,76.0,,AU,,,,,,,primary,1.0,7.806
SAMN54098255,PRJNA1378986,V0747B,T3,infant,365.0,,AU,,,,,,,primary,1.0,7.513
SAMN54098256,PRJNA1378986,V0748B,T1,infant,76.0,,AU,,,,,,,primary,1.0,15.268
SAMN54098258,PRJNA1378986,V0748B,T3,infant,365.0,,AU,,,,,,,primary,1.0,9.323
SAMN54098257,PRJNA1378986,V0748B,,infant,76.0,,AU,,,,,,,primary,2.0,10.35
SAMN54098259,PRJNA1378986,V0748B,,infant,365.0,,AU,,,,,,,primary,2.0,17.634
SAMN54098260,PRJNA1378986,V0749B,T1,infant,76.0,,AU,,,,,,,primary,1.0,14.618
SAMN54098262,PRJNA1378986,V0749B,T3,infant,365.0,,AU,,,,,,,primary,1.0,9.38
SAMN54098261,PRJNA1378986,V0749B,,infant,76.0,,AU,,,,,,,primary,2.0,14.691
SAMN54098263,PRJNA1378986,V0749B,,infant,365.0,,AU,,,,,,,primary,2.0,15.523
SAMN54098264,PRJNA1378986,V0750B,T1,infant,76.0,,AU,,,,,,,primary,1.0,10.871
SAMN54098265,PRJNA1378986,V0750B,T3,infant,365.0,,AU,,,,,,,primary,1.0,12.858
SAMN54098266,PRJNA1378986,V0751B,T1,infant,76.0,,AU,,,,,,,primary,1.0,10.981
SAMN54098267,PRJNA1378986,V0751B,T3,infant,365.0,,AU,,,,,,,primary,1.0,11.263
SAMN54098268,PRJNA1378986,V0752B,T1,infant,76.0,,AU,,,,,,,primary,1.0,8.82
SAMN54098269,PRJNA1378986,V0752B,T3,infant,365.0,,AU,,,,,,,primary,1.0,9.679
SAMN54098270,PRJNA1378986,V0753B,T1,infant,76.0,,AU,,,,,,,primary,1.0,12.975
SAMN54098271,PRJNA1378986,V0753B,T3,infant,365.0,,AU,,,,,,,primary,1.0,12.968
SAMN54098272,PRJNA1378986,V0754B,T1,infant,76.0,,AU,,,,,,,primary,2.0,14.44
SAMN54098273,PRJNA1378986,V0754B,T3,infant,365.0,,AU,,,,,,,primary,2.0,12.306
SAMN54098274,PRJNA1378986,V0755B,T1,infant,76.0,,AU,,,,,,,primary,1.0,8.297
SAMN54098275,PRJNA1378986,V0755B,T3,infant,365.0,,AU,,,,,,,primary,1.0,9.391
SAMN54098276,PRJNA1378986,V0756B,T1,infant,76.0,,AU,,,,,,,primary,1.0,8.971
SAMN54098277,PRJNA1378986,V0756B,T3,infant,365.0,,AU,,,,,,,primary,1.0,7.825
SAMN54098278,PRJNA1378986,V0757B,T1,infant,76.0,,AU,,,,,,,primary,2.0,7.813
SAMN54098279,PRJNA1378986,V0757B,T3,infant,365.0,,AU,,,,,,,primary,2.0,14.052
SAMN54098280,PRJNA1378986,V0758B,T1,infant,76.0,,AU,,,,,,,primary,1.0,11.723
SAMN54098281,PRJNA1378986,V0758B,T3,infant,365.0,,AU,,,,,,,primary,1.0,10.224
SAMN54098282,PRJNA1378986,V0759B,T1,infant,76.0,,AU,,,,,,,primary,1.0,10.857
SAMN54098283,PRJNA1378986,V0759B,T3,infant,365.0,,AU,,,,,,,primary,1.0,9.078
SAMN54098284,PRJNA1378986,V0760B,T1,infant,76.0,,AU,,,,,,,primary,2.0,9.907
SAMN54098285,PRJNA1378986,V0760B,T3,infant,365.0,,AU,,,,,,,primary,2.0,9.441
SAMN54098286,PRJNA1378986,V0761B,T1,infant,76.0,,AU,,,,,,,primary,1.0,9.721
SAMN54098287,PRJNA1378986,V0761B,T3,infant,365.0,,AU,,,,,,,primary,1.0,10.901
SAMN54098288,PRJNA1378986,V0762B,T1,infant,76.0,,AU,,,,,,,primary,2.0,11.566
SAMN54098289,PRJNA1378986,V0762B,T3,infant,365.0,,AU,,,,,,,primary,2.0,12.579
SAMN54098290,PRJNA1378986,V0763B,T1,infant,76.0,,AU,,,,,,,primary,2.0,12.642
SAMN54098291,PRJNA1378986,V0763B,T3,infant,365.0,,AU,,,,,,,primary,2.0,10.827
SAMN54098292,PRJNA1378986,V0764B,T1,infant,76.0,,AU,,,,,,,primary,1.0,7.591
SAMN54098293,PRJNA1378986,V0764B,T3,infant,365.0,,AU,,,,,,,primary,1.0,9.345
SAMN54098294,PRJNA1378986,V0765B,T1,infant,76.0,,AU,,,,,,,primary,1.0,10.785
SAMN54098295,PRJNA1378986,V0765B,T3,infant,365.0,,AU,,,,,,,primary,1.0,9.386
SAMN54098296,PRJNA1378986,V0766B,T1,infant,76.0,,AU,,,,,,,primary,1.0,11.686
SAMN54098297,PRJNA1378986,V0766B,T3,infant,365.0,,AU,,,,,,,primary,1.0,11.285
SAMN54098298,PRJNA1378986,V0767B,T1,infant,76.0,,AU,,,,,,,primary,1.0,11.091
SAMN54098299,PRJNA1378986,V0767B,T3,infant,365.0,,AU,,,,,,,primary,1.0,9.63
SAMN54098300,PRJNA1378986,V0768B,T1,infant,76.0,,AU,,,,,,,primary,1.0,8.873
SAMN54098301,PRJNA1378986,V0768B,T3,infant,365.0,,AU,,,,,,,primary,1.0,12.245
SAMN54098302,PRJNA1378986,V0769B,T1,infant,76.0,,AU,,,,,,,primary,1.0,11.082
SAMN54098303,PRJNA1378986,V0769B,T3,infant,365.0,,AU,,,,,,,primary,1.0,10.524
SAMN54098304,PRJNA1378986,V0770B,T1,infant,76.0,,AU,,,,,,,primary,1.0,11.052
SAMN54098305,PRJNA1378986,V0770B,T3,infant,365.0,,AU,,,,,,,primary,1.0,10.458
SAMN54098306,PRJNA1378986,V0771B,T1,infant,76.0,,AU,,,,,,,primary,1.0,10.738
SAMN54098307,PRJNA1378986,V0771B,T3,infant,365.0,,AU,,,,,,,primary,1.0,9.266
SAMN54098308,PRJNA1378986,V0772B,T1,infant,76.0,,AU,,,,,,,primary,1.0,13.508
SAMN54098309,PRJNA1378986,V0772B,T3,infant,365.0,,AU,,,,,,,primary,1.0,12.005
SAMN54098310,PRJNA1378986,V0773B,T1,infant,76.0,,AU,,,,,,,primary,1.0,9.686
SAMN54098311,PRJNA1378986,V0773B,T3,infant,365.0,,AU,,,,,,,primary,1.0,13.682
SAMN54098312,PRJNA1378986,V0774B,T1,infant,76.0,,AU,,,,,,,primary,1.0,12.428
SAMN54098313,PRJNA1378986,V0774B,T3,infant,365.0,,AU,,,,,,,primary,1.0,9.002
SAMN54098314,PRJNA1378986,V0775B,T1,infant,76.0,,AU,,,,,,,primary,1.0,9.786
SAMN54098315,PRJNA1378986,V0775B,T3,infant,365.0,,AU,,,,,,,primary,1.0,10.724
SAMN54098316,PRJNA1378986,V0776B,T1,infant,76.0,,AU,,,,,,,primary,1.0,8.893
SAMN54098317,PRJNA1378986,V0777B,T1,infant,76.0,,AU,,,,,,,primary,1.0,12.66
SAMN54098318,PRJNA1378986,V0777B,T3,infant,365.0,,AU,,,,,,,primary,1.0,15.47
SAMN54098319,PRJNA1378986,V0778B,T1,infant,76.0,,AU,,,,,,,primary,1.0,4.243
SAMN54098320,PRJNA1378986,V0778B,T3,infant,365.0,,AU,,,,,,,primary,1.0,9.349
SAMN54098321,PRJNA1378986,V0779B,T1,infant,76.0,,AU,,,,,,,primary,1.0,14.569
SAMN54098322,PRJNA1378986,V0779B,T3,infant,365.0,,AU,,,,,,,primary,1.0,11.898
SAMN54098323,PRJNA1378986,V0780B,T1,infant,76.0,,AU,,,,,,,primary,2.0,11.049
SAMN54098324,PRJNA1378986,V0780B,T3,infant,365.0,,AU,,,,,,,primary,2.0,9.407
SAMN54098325,PRJNA1378986,V0781B,T1,infant,76.0,,AU,,,,,,,primary,1.0,11.614
SAMN54098326,PRJNA1378986,V0781B,T3,infant,365.0,,AU,,,,,,,primary,1.0,9.358
SAMN54098327,PRJNA1378986,V0782B,T1,infant,76.0,,AU,,,,,,,primary,1.0,13.063
SAMN54098328,PRJNA1378986,V0782B,T3,infant,365.0,,AU,,,,,,,primary,1.0,11.758
SAMN54098329,PRJNA1378986,V0783B,T1,infant,76.0,,AU,,,,,,,primary,1.0,9.451
SAMN54098330,PRJNA1378986,V0783B,T3,infant,365.0,,AU,,,,,,,primary,1.0,9.166
SAMN54098331,PRJNA1378986,V0784B,T1,infant,76.0,,AU,,,,,,,primary,2.0,13.011
SAMN54098332,PRJNA1378986,V0784B,T3,infant,365.0,,AU,,,,,,,primary,2.0,12.083
SAMN54098333,PRJNA1378986,V0785B,T1,infant,76.0,,AU,,,,,,,primary,2.0,12.631
SAMN54098334,PRJNA1378986,V0785B,T3,infant,365.0,,AU,,,,,,,primary,2.0,13.549
SAMN54098335,PRJNA1378986,V0786B,T1,infant,76.0,,AU,,,,,,,primary,1.0,11.422
SAMN54098337,PRJNA1378986,V0786B,T3,infant,365.0,,AU,,,,,,,primary,1.0,9.87
SAMN54098336,PRJNA1378986,V0786B,,infant,76.0,,AU,,,,,,,primary,2.0,11.725
SAMN54098338,PRJNA1378986,V0786B,,infant,365.0,,AU,,,,,,,primary,2.0,11.241
SAMN54098339,PRJNA1378986,V0787B,T1,infant,76.0,,AU,,,,,,,primary,1.0,8.38
SAMN54098340,PRJNA1378986,V0787B,T3,infant,365.0,,AU,,,,,,,primary,1.0,13.727
SAMN54098341,PRJNA1378986,V0788B,T1,infant,76.0,,AU,,,,,,,primary,2.0,11.156
SAMN54098342,PRJNA1378986,V0788B,T3,infant,365.0,,AU,,,,,,,primary,2.0,9.345
SAMN54098343,PRJNA1378986,V0789B,T1,infant,76.0,,AU,,,,,,,primary,1.0,14.235
SAMN54098344,PRJNA1378986,V0789B,T3,infant,365.0,,AU,,,,,,,primary,1.0,15.572
SAMN54098345,PRJNA1378986,V0790B,T1,infant,76.0,,AU,,,,,,,primary,1.0,10.212
SAMN54098346,PRJNA1378986,V0790B,T3,infant,365.0,,AU,,,,,,,primary,1.0,9.808
SAMN54098347,PRJNA1378986,V0791B,T1,infant,76.0,,AU,,,,,,,primary,1.0,9.294
SAMN54098348,PRJNA1378986,V0791B,T3,infant,365.0,,AU,,,,,,,primary,1.0,8.631
SAMN54098349,PRJNA1378986,V0792B,T1,infant,76.0,,AU,,,,,,,primary,1.0,9.572
SAMN54098350,PRJNA1378986,V0792B,T3,infant,365.0,,AU,,,,,,,primary,1.0,9.972
SAMN54098351,PRJNA1378986,V0793B,T1,infant,76.0,,AU,,,,,,,primary,1.0,6.562
SAMN54098352,PRJNA1378986,V0793B,T3,infant,365.0,,AU,,,,,,,primary,1.0,11.571
SAMN54098353,PRJNA1378986,V0794B,T1,infant,76.0,,AU,,,,,,,primary,2.0,11.627
SAMN54098354,PRJNA1378986,V0794B,T3,infant,365.0,,AU,,,,,,,primary,2.0,12.748
SAMN54098355,PRJNA1378986,V0795B,T1,infant,76.0,,AU,,,,,,,primary,2.0,14.73
SAMN54098356,PRJNA1378986,V0795B,T3,infant,365.0,,AU,,,,,,,primary,2.0,13.539
SAMN54098357,PRJNA1378986,V0796B,T1,infant,76.0,,AU,,,,,,,primary,1.0,6.167
SAMN54098358,PRJNA1378986,V0796B,T3,infant,365.0,,AU,,,,,,,primary,1.0,9.544
SAMN54098359,PRJNA1378986,V0797B,T1,infant,76.0,,AU,,,,,,,primary,1.0,14.545
SAMN54098360,PRJNA1378986,V0797B,T3,infant,365.0,,AU,,,,,,,primary,1.0,14.945
SAMN54098361,PRJNA1378986,V0798B,T1,infant,76.0,,AU,,,,,,,primary,1.0,12.834
SAMN54098362,PRJNA1378986,V0798B,T3,infant,365.0,,AU,,,,,,,primary,1.0,9.974
SAMN54098363,PRJNA1378986,V0799B,T1,infant,76.0,,AU,,,,,,,primary,1.0,10.528
SAMN54098364,PRJNA1378986,V0799B,T3,infant,365.0,,AU,,,,,,,primary,1.0,10.858
SAMN54098365,PRJNA1378986,V0800B,T1,infant,76.0,,AU,,,,,,,primary,1.0,11.31
SAMN54098366,PRJNA1378986,V0800B,T3,infant,365.0,,AU,,,,,,,primary,1.0,13.866
SAMN54098367,PRJNA1378986,V0801B,T1,infant,76.0,,AU,,,,,,,primary,1.0,11.371
SAMN54098368,PRJNA1378986,V0801B,T3,infant,365.0,,AU,,,,,,,primary,1.0,13.075
SAMN54098369,PRJNA1378986,V0802B,T1,infant,76.0,,AU,,,,,,,primary,1.0,13.356
SAMN54098370,PRJNA1378986,V0802B,T3,infant,365.0,,AU,,,,,,,primary,1.0,7.874
SAMN54098371,PRJNA1378986,V0803B,T1,infant,76.0,,AU,,,,,,,primary,1.0,16.22
SAMN54098372,PRJNA1378986,V0803B,T3,infant,365.0,,AU,,,,,,,primary,1.0,9.278
SAMN54098373,PRJNA1378986,V0804B,T1,infant,76.0,,AU,,,,,,,primary,1.0,7.112
SAMN54098374,PRJNA1378986,V0804B,T3,infant,365.0,,AU,,,,,,,primary,1.0,8.943
SAMN54098375,PRJNA1378986,V0805B,T1,infant,76.0,,AU,,,,,,,primary,2.0,12.029
SAMN54098376,PRJNA1378986,V0805B,T3,infant,365.0,,AU,,,,,,,primary,2.0,8.722
SAMN54098377,PRJNA1378986,V0806B,T1,infant,76.0,,AU,,,,,,,primary,1.0,13.496
SAMN54098378,PRJNA1378986,V0806B,T3,infant,365.0,,AU,,,,,,,primary,1.0,8.948
SAMN54098379,PRJNA1378986,V0807B,T1,infant,76.0,,AU,,,,,,,primary,1.0,14.046
SAMN54098380,PRJNA1378986,V0807B,T3,infant,365.0,,AU,,,,,,,primary,1.0,9.941
SAMN54098381,PRJNA1378986,V0808B,T1,infant,76.0,,AU,,,,,,,primary,2.0,9.076
SAMN54098382,PRJNA1378986,V0808B,T3,infant,365.0,,AU,,,,,,,primary,2.0,13.029
SAMN54098383,PRJNA1378986,V0809B,T1,infant,76.0,,AU,,,,,,,primary,1.0,8.979
SAMN54098384,PRJNA1378986,V0809B,T3,infant,365.0,,AU,,,,,,,primary,1.0,10.502
SAMN54098385,PRJNA1378986,V0810B,T1,infant,76.0,,AU,,,,,,,primary,1.0,14.234
SAMN54098386,PRJNA1378986,V0810B,T3,infant,365.0,,AU,,,,,,,primary,1.0,9.683
SAMN54098387,PRJNA1378986,V0811B,T1,infant,76.0,,AU,,,,,,,primary,1.0,8.194
SAMN54098388,PRJNA1378986,V0811B,T3,infant,365.0,,AU,,,,,,,primary,1.0,8.74
SAMN54098389,PRJNA1378986,V0812B,T1,infant,76.0,,AU,,,,,,,primary,1.0,12.676
SAMN54098390,PRJNA1378986,V0812B,T3,infant,365.0,,AU,,,,,,,primary,1.0,12.894
SAMN54098391,PRJNA1378986,V0813B,T1,infant,76.0,,AU,,,,,,,primary,2.0,20.093
SAMN54098392,PRJNA1378986,V0813B,T3,infant,365.0,,AU,,,,,,,primary,2.0,15.766
SAMN54098393,PRJNA1378986,V0814B,T1,infant,76.0,,AU,,,,,,,primary,2.0,3.524
SAMN54098394,PRJNA1378986,V0814B,T3,infant,365.0,,AU,,,,,,,primary,2.0,15.551
SAMN54098395,PRJNA1378986,V0815B,T1,infant,76.0,,AU,,,,,,,primary,1.0,12.898
SAMN54098396,PRJNA1378986,V0815B,T3,infant,365.0,,AU,,,,,,,primary,1.0,12.283
SAMN54098399,PRJNA1378986,V0816B,T1,infant,76.0,,AU,,,,,,,primary,1.0,6.885
SAMN54098400,PRJNA1378986,V0816B,T3,infant,365.0,,AU,,,,,,,primary,1.0,11.587
SAMN54098401,PRJNA1378986,V0817B,T1,infant,76.0,,AU,,,,,,,primary,1.0,11.137
SAMN54098402,PRJNA1378986,V0817B,T3,infant,365.0,,AU,,,,,,,primary,1.0,12.869
SAMN54098403,PRJNA1378986,V0818B,T1,infant,76.0,,AU,,,,,,,primary,1.0,13.929
SAMN54098404,PRJNA1378986,V0818B,T3,infant,365.0,,AU,,,,,,,primary,1.0,13.003
SAMN54098407,PRJNA1378986,V0819B,T1,infant,76.0,,AU,,,,,,,primary,1.0,10.748
SAMN54098408,PRJNA1378986,V0819B,T3,infant,365.0,,AU,,,,,,,primary,1.0,16.919
SAMN54098409,PRJNA1378986,V0820B,T1,infant,76.0,,AU,,,,,,,primary,2.0,16.125
SAMN54098410,PRJNA1378986,V0820B,T3,infant,365.0,,AU,,,,,,,primary,2.0,23.462
SAMN54098417,PRJNA1378986,V0821B,T1,infant,76.0,,AU,,,,,,,primary,1.0,11.855
SAMN54098418,PRJNA1378986,V0821B,T3,infant,365.0,,AU,,,,,,,primary,1.0,11.267
SAMN54098419,PRJNA1378986,V0822B,T1,infant,76.0,,AU,,,,,,,primary,2.0,12.471
SAMN54098420,PRJNA1378986,V0822B,T3,infant,365.0,,AU,,,,,,,primary,2.0,12.581
SAMN54098421,PRJNA1378986,V0823B,T1,infant,76.0,,AU,,,,,,,primary,1.0,12.763
SAMN54098422,PRJNA1378986,V0823B,T3,infant,365.0,,AU,,,,,,,primary,1.0,9.122
SAMN54098425,PRJNA1378986,V0824B,T1,infant,76.0,,AU,,,,,,,primary,2.0,24.366
SAMN54098426,PRJNA1378986,V0824B,T3,infant,365.0,,AU,,,,,,,primary,2.0,7.163
SAMN54098435,PRJNA1378986,V0825B,T1,infant,76.0,,AU,,,,,,,primary,1.0,10.387
SAMN54098436,PRJNA1378986,V0825B,T3,infant,365.0,,AU,,,,,,,primary,1.0,9.356
SAMN54098437,PRJNA1378986,V0826B,T1,infant,76.0,,AU,,,,,,,primary,1.0,5.796
SAMN54098438,PRJNA1378986,V0826B,T3,infant,365.0,,AU,,,,,,,primary,1.0,13.486
SAMN54098439,PRJNA1378986,V0827B,T1,infant,76.0,,AU,,,,,,,primary,2.0,10.751
SAMN54098440,PRJNA1378986,V0827B,T3,infant,365.0,,AU,,,,,,,primary,2.0,12.228
SAMN54098441,PRJNA1378986,V0828B,T1,infant,76.0,,AU,,,,,,,primary,2.0,15.572
SAMN54098442,PRJNA1378986,V0828B,T3,infant,365.0,,AU,,,,,,,primary,2.0,13.981
SAMN54098443,PRJNA1378986,V0829B,T1,infant,76.0,,AU,,,,,,,primary,1.0,7.531
SAMN54098444,PRJNA1378986,V0829B,T3,infant,365.0,,AU,,,,,,,primary,1.0,7.976
SAMN54098445,PRJNA1378986,V0830B,T1,infant,76.0,,AU,,,,,,,primary,1.0,11.209
SAMN54098447,PRJNA1378986,V0830B,T3,infant,365.0,,AU,,,,,,,primary,1.0,11.107
SAMN54098446,PRJNA1378986,V0830B,,infant,76.0,,AU,,,,,,,primary,2.0,10.216
SAMN54098448,PRJNA1378986,V0830B,,infant,365.0,,AU,,,,,,,primary,2.0,13.572
SAMN54098449,PRJNA1378986,V0831B,T1,infant,76.0,,AU,,,,,,,primary,1.0,8.294
SAMN54098450,PRJNA1378986,V0831B,T3,infant,365.0,,AU,,,,,,,primary,1.0,8.183
SAMN54098451,PRJNA1378986,V0832B,T1,infant,76.0,,AU,,,,,,,primary,1.0,10.648
SAMN54098452,PRJNA1378986,V0832B,T3,infant,365.0,,AU,,,,,,,primary,1.0,11.096
SAMN54098457,PRJNA1378986,V0833B,T1,infant,76.0,,AU,,,,,,,primary,2.0,10.971
SAMN54098458,PRJNA1378986,V0833B,T3,infant,365.0,,AU,,,,,,,primary,2.0,15.136
SAMN54098461,PRJNA1378986,V0834B,T1,infant,76.0,,AU,,,,,,,primary,1.0,11.828
SAMN54098462,PRJNA1378986,V0834B,T3,infant,365.0,,AU,,,,,,,primary,1.0,12.854
SAMN54098466,PRJNA1378986,V0835B,T1,infant,76.0,,AU,,,,,,,primary,1.0,11.178
SAMN54098467,PRJNA1378986,V0835B,T3,infant,365.0,,AU,,,,,,,primary,1.0,12.877
SAMN54098468,PRJNA1378986,V0836B,T1,infant,76.0,,AU,,,,,,,primary,1.0,13.163
SAMN54098469,PRJNA1378986,V0836B,T3,infant,365.0,,AU,,,,,,,primary,1.0,11.562
SAMN54098472,PRJNA1378986,V0837B,T1,infant,76.0,,AU,,,,,,,primary,1.0,15.449
SAMN54098473,PRJNA1378986,V0837B,T3,infant,365.0,,AU,,,,,,,primary,1.0,12.31
SAMN54098474,PRJNA1378986,V0838B,T1,infant,76.0,,AU,,,,,,,primary,1.0,13.134
SAMN54098475,PRJNA1378986,V0838B,T3,infant,365.0,,AU,,,,,,,primary,1.0,12.837
SAMN54098478,PRJNA1378986,V0839B,T1,infant,76.0,,AU,,,,,,,primary,1.0,13.596
SAMN54098479,PRJNA1378986,V0839B,T3,infant,365.0,,AU,,,,,,,primary,1.0,11.778
SAMN54098480,PRJNA1378986,V0840B,T1,infant,76.0,,AU,,,,,,,primary,1.0,13.038
SAMN54098481,PRJNA1378986,V0840B,T3,infant,365.0,,AU,,,,,,,primary,1.0,10.652
SAMN54098482,PRJNA1378986,V0841B,T1,infant,76.0,,AU,,,,,,,primary,1.0,15.373
SAMN54098483,PRJNA1378986,V0841B,T3,infant,365.0,,AU,,,,,,,primary,1.0,10.749
SAMN54098486,PRJNA1378986,V0842B,T1,infant,76.0,,AU,,,,,,,primary,1.0,12.35
SAMN54098487,PRJNA1378986,V0842B,T3,infant,365.0,,AU,,,,,,,primary,1.0,13.823
SAMN54098488,PRJNA1378986,V0843B,T1,infant,76.0,,AU,,,,,,,primary,1.0,8.733
SAMN54098489,PRJNA1378986,V0843B,T3,infant,365.0,,AU,,,,,,,primary,1.0,8.679
SAMN54098498,PRJNA1378986,V0844B,T1,infant,76.0,,AU,,,,,,,primary,1.0,14.517
