sample_key,study_accession,subject_id,timepoint_label,age_category,age_at_collection_days,sex,country,health_condition,health_condition_detail,intervention,intervention_detail,antibiotic_exposure,collection_date,body_site_class,n_runs,seq_gbp
SAMN00034600,PRJNA48479,241666,,,,male,,healthy_control,Health,,,,,primary,1.0,1.181
SAMN00039691,PRJNA48479,241667,,,,female,,healthy_control,,,,,,excluded,13.0,11.434
SAMN00039697,PRJNA48479,241667,,,,female,,healthy_control,,,,,,excluded,38.0,18.895
SAMN00039706,PRJNA48479,241667,,,,female,,healthy_control,,,,,,excluded,1.0,1.212
SAMN00039719,PRJNA48479,241667,,,,female,US,healthy_control,,,,,,excluded,3.0,9.73
SAMN00039731,PRJNA48479,241667,,,,female,US,healthy_control,,,,,,excluded,3.0,10.158
SAMN00097428,PRJNA48479,241667,,,,female,,healthy_control,Health,,,,,primary,1.0,1.084
SAMN00042437,PRJNA48479,241669,,,,female,,healthy_control,Health,,,,,primary,13.0,13.441
SAMN00043931,PRJNA48479,241670,,adult,8035.5,female,US,healthy_control,Healthy,,,,,primary,1.0,9.262
SAMN00043937,PRJNA48479,241670,,adult,8035.5,female,US,healthy_control,,,,,,excluded,1.0,13.976
SAMN00043939,PRJNA48479,241670,,adult,8035.5,female,US,healthy_control,,,,,,excluded,1.0,12.534
SAMN00043943,PRJNA48479,241670,,adult,8035.5,female,US,healthy_control,,,,,,excluded,2.0,13.211
SAMN00043952,PRJNA48479,241670,,adult,8035.5,female,US,healthy_control,,,,,,excluded,1.0,14.732
SAMN00064671,PRJNA48479,241670,,adult,8035.5,female,US,healthy_control,,,,,,excluded,2.0,12.617
SAMN00072629,PRJNA48479,241670,,adult,8035.5,female,US,healthy_control,,,,,,excluded,1.0,13.374
SAMN00072677,PRJNA48479,241670,,adult,8035.5,female,US,healthy_control,,,,,,excluded,1.0,11.848
SAMN00073926,PRJNA48479,241670,,adult,8035.5,female,US,healthy_control,,,,,,excluded,1.0,11.785
SAMN00077487,PRJNA48479,241670,,adult,8035.5,female,US,healthy_control,Healthy,,,,,primary,1.0,10.15
SAMN00039273,PRJNA48479,241671,,,,male,,healthy_control,,,,,,excluded,12.0,5.16
SAMN00039279,PRJNA48479,241671,,,,male,,healthy_control,,,,,,excluded,12.0,4.84
SAMN00072087,PRJNA48479,241671,,,,male,,healthy_control,Health,,,,,primary,20.0,5.123
SAMN00097801,PRJNA48479,241671,,,,male,,healthy_control,,,,,,excluded,12.0,5.517
SAMN10658128,PRJNA48479,241671,,,,male,,healthy_control,Health,,,,,primary,2.0,0.975
SAMN10658145,PRJNA48479,241671,,,,male,,healthy_control,Health,,,,,primary,21.0,4.724
SAMN00034869,PRJNA48479,241672,,,,male,,healthy_control,,,,,,excluded,12.0,4.584
SAMN00034881,PRJNA48479,241672,,,,male,,healthy_control,,,,,,excluded,12.0,5.741
SAMN00088158,PRJNA48479,241672,,,,male,,healthy_control,Health,,,,,primary,1.0,1.015
SAMN00088164,PRJNA48479,241672,,,,male,,healthy_control,,,,,,excluded,12.0,6.124
SAMN00088166,PRJNA48479,241672,,,,male,,healthy_control,,,,,,excluded,12.0,6.508
SAMN00088170,PRJNA48479,241672,,,,male,,healthy_control,,,,,,excluded,12.0,5.232
SAMN10658125,PRJNA48479,241672,,,,male,,healthy_control,Health,,,,,primary,2.0,0.952
SAMN10658669,PRJNA48479,241672,,,,male,US,healthy_control,Health,,,,,primary,2.0,7.397
SAMN10659083,PRJNA48479,241672,,,,male,,healthy_control,Health,,,,,primary,38.0,21.177
SAMN10658129,PRJNA48479,241673,,,,female,,healthy_control,Health,,,,,primary,2.0,1.167
SAMN00038536,PRJNA48479,241674,,,,male,,healthy_control,Health,,,,,primary,1.0,0.0
SAMN00038542,PRJNA48479,241674,,,,male,,healthy_control,,,,,,excluded,12.0,5.485
SAMN00038544,PRJNA48479,241674,,,,male,,healthy_control,,,,,,excluded,12.0,4.963
SAMN00038548,PRJNA48479,241674,,,,male,,healthy_control,,,,,,excluded,12.0,5.901
SAMN00038554,PRJNA48479,241674,,,,male,,healthy_control,,,,,,excluded,12.0,5.137
SAMN00036372,PRJNA48479,241675,,adult,8400.75,female,US,healthy_control,,,,,,excluded,3.0,16.013
SAMN00036376,PRJNA48479,241675,,adult,8400.75,female,US,healthy_control,,,,,,excluded,2.0,11.875
SAMN00036386,PRJNA48479,241675,,adult,8400.75,female,US,healthy_control,,,,,,excluded,2.0,13.399
SAMN00036392,PRJNA48479,241675,,,,female,US,healthy_control,,,,,,excluded,3.0,18.556
SAMN00036408,PRJNA48479,241675,,adult,8400.75,female,US,healthy_control,Healthy,,,,,primary,2.0,14.857
SAMN00063027,PRJNA48479,241675,,adult,8400.75,female,US,healthy_control,,,,,,excluded,2.0,11.85
SAMN00063420,PRJNA48479,241675,,adult,8400.75,female,US,healthy_control,Healthy,,,,,primary,3.0,12.66
SAMN00064751,PRJNA48479,241675,,adult,8400.75,female,US,healthy_control,,,,,,excluded,5.0,40.642
SAMN00065987,PRJNA48479,241675,,adult,8400.75,female,US,healthy_control,,,,,,excluded,2.0,14.14
SAMN00067219,PRJNA48479,241675,,adult,8400.75,female,US,healthy_control,,,,,,excluded,2.0,11.05
SAMN00076219,PRJNA48479,241675,,adult,8400.75,female,US,healthy_control,,,,,,excluded,2.0,13.352
SAMN00034694,PRJNA48479,241676,,adult,9861.75,male,US,healthy_control,Healthy,,,,,primary,2.0,14.132
SAMN00034720,PRJNA48479,241676,,adult,9861.75,male,US,healthy_control,,,,,,excluded,2.0,14.821
SAMN00034724,PRJNA48479,241676,,adult,9861.75,male,US,healthy_control,,,,,,excluded,2.0,14.595
SAMN00034855,PRJNA48479,241676,,adult,9861.75,male,US,healthy_control,,,,,,excluded,4.0,22.734
SAMN00038522,PRJNA48479,241676,,adult,9861.75,male,US,healthy_control,,,,,,excluded,2.0,14.281
SAMN00045350,PRJNA48479,241676,,adult,9861.75,male,US,healthy_control,Healthy,,,,,primary,2.0,13.634
SAMN00045356,PRJNA48479,241676,,adult,9861.75,male,US,healthy_control,,,,,,excluded,2.0,13.893
SAMN00045358,PRJNA48479,241676,,adult,9861.75,male,US,healthy_control,,,,,,excluded,2.0,16.777
SAMN00045362,PRJNA48479,241676,,adult,9861.75,male,US,healthy_control,,,,,,excluded,2.0,15.088
SAMN00045368,PRJNA48479,241676,,,,male,,healthy_control,,,,,,excluded,30.0,10.911
SAMN00088586,PRJNA48479,241676,,,,male,,healthy_control,Health,,,,,primary,13.0,11.316
SAMN00088592,PRJNA48479,241676,,,,male,,healthy_control,,,,,,excluded,38.0,21.757
SAMN00088594,PRJNA48479,241676,,,,male,,healthy_control,,,,,,excluded,38.0,21.017
SAMN00088598,PRJNA48479,241676,,,,male,,healthy_control,,,,,,excluded,38.0,20.305
SAMN00088600,PRJNA48479,241676,,,,male,,healthy_control,,,,,,excluded,30.0,15.429
SAMN00088601,PRJNA48479,241676,,,,male,,healthy_control,,,,,,excluded,30.0,16.361
SAMN00042074,PRJNA48479,241679,,adult,11322.75,male,US,healthy_control,,,,,,excluded,2.0,13.725
SAMN00042076,PRJNA48479,241679,,adult,11322.75,male,US,healthy_control,,,,,,excluded,2.0,15.395
SAMN00042080,PRJNA48479,241679,,adult,11322.75,male,US,healthy_control,,,,,,excluded,2.0,14.998
SAMN00042086,PRJNA48479,241679,,adult,11322.75,male,US,healthy_control,,,,,,excluded,2.0,13.51
SAMN00042087,PRJNA48479,241679,,adult,11322.75,male,US,healthy_control,Healthy,,,,,primary,2.0,14.257
SAMN00042123,PRJNA48479,241679,,,,male,US,healthy_control,,,,,,excluded,2.0,14.829
SAMN00062346,PRJNA48479,241679,,,,male,,healthy_control,Health,,,,,primary,1.0,0.0
SAMN00041612,PRJNA48479,241680,,,,male,,healthy_control,Health,,,,,primary,12.0,4.905
SAMN00041618,PRJNA48479,241680,,,,male,,healthy_control,,,,,,excluded,12.0,4.839
SAMN00041620,PRJNA48479,241680,,,,male,,healthy_control,,,,,,excluded,12.0,5.96
SAMN00041624,PRJNA48479,241680,,,,male,,healthy_control,,,,,,excluded,12.0,4.022
SAMN00041630,PRJNA48479,241680,,,,male,,healthy_control,,,,,,excluded,12.0,5.812
SAMN00037485,PRJNA48479,241681,,adult,10592.25,male,US,healthy_control,Healthy,,,,,primary,2.0,11.723
SAMN00041005,PRJNA48479,241681,,adult,10592.25,male,US,healthy_control,Healthy,,,,,primary,2.0,12.309
SAMN00036587,PRJNA48479,241682,,adult,9861.75,female,US,healthy_control,Healthy,,,,,primary,19.0,20.896
SAMN00036592,PRJNA48479,241682,,adult,9861.75,female,US,healthy_control,,,,,,excluded,3.0,14.077
SAMN00036596,PRJNA48479,241682,,adult,9861.75,female,US,healthy_control,,,,,,excluded,2.0,10.532
SAMN00036599,PRJNA48479,241682,,adult,9861.75,female,US,healthy_control,,,,,,excluded,2.0,12.018
SAMN00036606,PRJNA48479,241682,,,,female,,healthy_control,Health,,,,,primary,2.0,4.581
SAMN00036613,PRJNA48479,241682,,adult,9861.75,female,US,healthy_control,,,,,,excluded,2.0,11.534
SAMN00036643,PRJNA48479,241682,,adult,9861.75,female,US,healthy_control,,,,,,excluded,2.0,13.32
SAMN00081564,PRJNA48479,241682,,adult,9861.75,female,US,healthy_control,,,,,,excluded,3.0,15.265
SAMN00081776,PRJNA48479,241682,,adult,9861.75,female,US,healthy_control,,,,,,excluded,2.0,11.744
SAMN00082239,PRJNA48479,241682,,adult,9861.75,female,US,healthy_control,,,,,,excluded,2.0,11.502
SAMN00082375,PRJNA48479,241682,,adult,9861.75,female,US,healthy_control,,,,,,excluded,2.0,14.985
SAMN00083400,PRJNA48479,241682,,adult,9861.75,female,US,healthy_control,,,,,,excluded,2.0,12.289
SAMN00083581,PRJNA48479,241682,,adult,9861.75,female,US,healthy_control,Healthy,,,,,primary,2.0,13.378
SAMN00084203,PRJNA48479,241682,,adult,9861.75,female,US,healthy_control,,,,,,excluded,2.0,10.969
SAMN00084334,PRJNA48479,241682,,adult,9861.75,female,US,healthy_control,,,,,,excluded,3.0,15.077
SAMN00043355,PRJNA48479,241683,,adult,9861.75,female,US,healthy_control,Healthy,,,,,primary,3.0,8.639
SAMN00043361,PRJNA48479,241683,,adult,9861.75,female,US,healthy_control,,,,,,excluded,2.0,11.804
SAMN00043363,PRJNA48479,241683,,adult,9861.75,female,US,healthy_control,,,,,,excluded,2.0,12.23
SAMN00043367,PRJNA48479,241683,,adult,9861.75,female,US,healthy_control,,,,,,excluded,2.0,12.356
SAMN00043376,PRJNA48479,241683,,adult,9861.75,female,US,healthy_control,,,,,,excluded,2.0,12.233
SAMN00062609,PRJNA48479,241683,,,,female,,healthy_control,Health,,,,,primary,2.0,1.093
SAMN00062993,PRJNA48479,241683,,adult,9861.75,female,US,healthy_control,,,,,,excluded,2.0,11.323
SAMN00068545,PRJNA48479,241683,,adult,9861.75,female,US,healthy_control,,,,,,excluded,3.0,23.556
SAMN00068800,PRJNA48479,241683,,adult,9861.75,female,US,healthy_control,,,,,,excluded,2.0,11.528
SAMN00071125,PRJNA48479,241683,,adult,9861.75,female,US,healthy_control,,,,,,excluded,2.0,11.709
SAMN00075991,PRJNA48479,241683,,adult,9861.75,female,US,healthy_control,Healthy,,,,,primary,5.0,10.913
SAMN00097960,PRJNA48479,241683,,,,female,,healthy_control,,,,,,excluded,38.0,20.114
SAMN00097966,PRJNA48479,241683,,,,female,,healthy_control,,,,,,excluded,38.0,15.313
SAMN00097975,PRJNA48479,241683,,,,female,,healthy_control,,,,,,excluded,13.0,10.902
SAMN10658563,PRJNA48479,241683,,,,female,,healthy_control,Health,,,,,primary,13.0,5.938
SAMN10659090,PRJNA48479,241683,,,,female,,healthy_control,,,,,,excluded,38.0,18.61
SAMN10659279,PRJNA48479,241683,,,,female,,healthy_control,,,,,,excluded,30.0,13.745
SAMN10659292,PRJNA48479,241683,,,,female,,healthy_control,,,,,,excluded,30.0,11.78
SAMN00040388,PRJNA48479,241684,,,,male,,healthy_control,,,,,,excluded,1.0,2.514
SAMN00040390,PRJNA48479,241684,,,,male,,healthy_control,,,,,,excluded,2.0,4.539
SAMN00040394,PRJNA48479,241684,,,,male,,healthy_control,,,,,,excluded,1.0,6.178
SAMN00146395,PRJNA48479,241684,,,,male,,healthy_control,,,,,,excluded,2.0,9.974
SAMN00146397,PRJNA48479,241684,,,,male,,healthy_control,,,,,,excluded,1.0,4.042
SAMN00036963,PRJNA48479,241685,,adult,9496.5,male,US,healthy_control,,,,,,excluded,2.0,12.411
SAMN00036970,PRJNA48479,241685,,adult,9496.5,male,US,healthy_control,,,,,,excluded,2.0,12.665
SAMN00036973,PRJNA48479,241685,,adult,9496.5,male,US,healthy_control,,,,,,excluded,3.0,12.19
SAMN00036980,PRJNA48479,241685,,adult,9496.5,male,US,healthy_control,,,,,,excluded,2.0,12.584
SAMN00037000,PRJNA48479,241685,,adult,9496.5,male,US,healthy_control,Healthy,,,,,primary,2.0,11.376
SAMN00064374,PRJNA48479,241685,,,,male,,healthy_control,Health,,,,,primary,1.0,4.472
SAMN00066697,PRJNA48479,241685,,adult,9496.5,male,US,healthy_control,,,,,,excluded,3.0,12.939
SAMN00067053,PRJNA48479,241685,,adult,9496.5,male,US,healthy_control,Healthy,,,,,primary,2.0,9.915
SAMN00073593,PRJNA48479,241685,,adult,9496.5,male,US,healthy_control,,,,,,excluded,2.0,11.666
SAMN00074785,PRJNA48479,241685,,adult,9496.5,male,US,healthy_control,,,,,,excluded,2.0,12.361
SAMN00077214,PRJNA48479,241685,,adult,9496.5,male,US,healthy_control,,,,,,excluded,2.0,11.431
SAMN00034067,PRJNA48479,241686,,,,male,,healthy_control,Health,,,,,primary,13.0,9.023
SAMN00037406,PRJNA48479,241687,,adult,8400.75,female,US,healthy_control,,,,,,excluded,2.0,9.755
SAMN00037409,PRJNA48479,241687,,adult,8400.75,female,US,healthy_control,,,,,,excluded,2.0,12.247
SAMN00037414,PRJNA48479,241687,,adult,8400.75,female,US,healthy_control,,,,,,excluded,2.0,12.361
SAMN00037418,PRJNA48479,241687,,adult,8400.75,female,US,healthy_control,,,,,,excluded,2.0,11.942
SAMN00037421,PRJNA48479,241687,,adult,8400.75,female,US,healthy_control,Healthy,,,,,primary,4.0,17.057
SAMN00037443,PRJNA48479,241687,,adult,8400.75,female,US,healthy_control,,,,,,excluded,2.0,12.096
SAMN00099993,PRJNA48479,241687,,,,female,,healthy_control,,,,,,excluded,1.0,10.594
SAMN00100009,PRJNA48479,241687,,,,female,,healthy_control,,,,,,excluded,1.0,18.726
SAMN00100013,PRJNA48479,241687,,,,female,,healthy_control,,,,,,excluded,1.0,20.067
SAMN00100025,PRJNA48479,241687,,,,female,,healthy_control,Health,,,,,primary,1.0,18.372
SAMN00100041,PRJNA48479,241687,,,,female,,healthy_control,,,,,,excluded,1.0,17.072
SAMN00037787,PRJNA48479,241690,,adult,11322.75,female,US,healthy_control,,,,,,excluded,2.0,13.706
SAMN00037793,PRJNA48479,241690,,adult,11322.75,female,US,healthy_control,,,,,,excluded,2.0,13.522
SAMN00037799,PRJNA48479,241690,,adult,11322.75,female,US,healthy_control,,,,,,excluded,2.0,13.562
SAMN00037802,PRJNA48479,241690,,adult,11322.75,female,US,healthy_control,,,,,,excluded,4.0,18.635
SAMN00037803,PRJNA48479,241690,,adult,11322.75,female,US,healthy_control,Healthy,,,,,primary,2.0,15.127
SAMN00037818,PRJNA48479,241690,,adult,11322.75,female,US,healthy_control,,,,,,excluded,4.0,26.929
SAMN00031101,PRJNA48479,241691,,,,female,,healthy_control,,,,,,excluded,38.0,20.786
SAMN00031103,PRJNA48479,241691,,,,female,,healthy_control,,,,,,excluded,38.0,19.942
SAMN00031107,PRJNA48479,241691,,,,female,,healthy_control,,,,,,excluded,30.0,15.441
SAMN00031109,PRJNA48479,241691,,,,female,,healthy_control,,,,,,excluded,30.0,13.685
SAMN00031110,PRJNA48479,241691,,,,female,,healthy_control,,,,,,excluded,30.0,11.438
SAMN00031113,PRJNA48479,241691,,,,female,,healthy_control,,,,,,excluded,30.0,14.235
SAMN00031116,PRJNA48479,241691,,,,female,,healthy_control,,,,,,excluded,38.0,20.776
SAMN00038729,PRJNA48479,241691,,adult,9496.5,female,US,healthy_control,,,,,,excluded,2.0,13.548
SAMN00038735,PRJNA48479,241691,,,,female,,healthy_control,,,,,,excluded,30.0,11.774
SAMN00038738,PRJNA48479,241691,,adult,9496.5,female,US,healthy_control,,,,,,excluded,2.0,13.046
SAMN00038751,PRJNA48479,241691,,adult,9496.5,female,US,healthy_control,,,,,,excluded,4.0,24.065
SAMN00038755,PRJNA48479,241691,,adult,9496.5,female,US,healthy_control,,,,,,excluded,2.0,13.947
SAMN00069411,PRJNA48479,241691,,,,female,,healthy_control,Health,,,,,primary,13.0,8.544
SAMN00070808,PRJNA48479,241691,,,,female,,healthy_control,,,,,,excluded,30.0,13.156
SAMN00071795,PRJNA48479,241691,,,,female,,healthy_control,,,,,,excluded,38.0,20.606
SAMN00074762,PRJNA48479,241691,,,,female,,healthy_control,Health,,,,,primary,1.0,1.098
SAMN00077133,PRJNA48479,241691,,,,female,,healthy_control,,,,,,excluded,30.0,14.644
SAMN00077353,PRJNA48479,241691,,,,female,,healthy_control,,,,,,excluded,30.0,17.041
SAMN00077568,PRJNA48479,241691,,,,female,,healthy_control,,,,,,excluded,30.0,13.61
SAMN10657905,PRJNA48479,241691,,adult,9496.5,female,US,healthy_control,Healthy,,,,,primary,2.0,13.832
SAMN10659257,PRJNA48479,241691,,,,female,,healthy_control,Health,,,,,primary,13.0,12.229
SAMN00039828,PRJNA48479,241692,,,,male,,healthy_control,,,,,,excluded,1.0,4.121
SAMN00039830,PRJNA48479,241692,,,,male,,healthy_control,,,,,,excluded,2.0,6.334
SAMN00039834,PRJNA48479,241692,,,,male,,healthy_control,,,,,,excluded,2.0,4.936
SAMN00071007,PRJNA48479,241692,,,,male,,healthy_control,Health,,,,,primary,2.0,2.536
SAMN00077499,PRJNA48479,241692,,,,male,,healthy_control,,,,,,excluded,2.0,6.114
SAMN00143579,PRJNA48479,241692,,,,male,,healthy_control,Health,,,,,primary,1.0,18.538
SAMN00143585,PRJNA48479,241692,,,,male,,healthy_control,,,,,,excluded,1.0,16.291
SAMN00143589,PRJNA48479,241692,,,,male,,healthy_control,,,,,,excluded,1.0,17.057
SAMN00143591,PRJNA48479,241692,,,,male,,healthy_control,,,,,,excluded,1.0,19.722
SAMN00143593,PRJNA48479,241692,,,,male,,healthy_control,,,,,,excluded,1.0,11.156
SAMN00143595,PRJNA48479,241692,,,,male,,healthy_control,,,,,,excluded,1.0,17.021
SAMN00143597,PRJNA48479,241692,,,,male,,healthy_control,,,,,,excluded,1.0,16.583
SAMN00143599,PRJNA48479,241692,,,,male,,healthy_control,,,,,,excluded,2.0,10.152
SAMN00035791,PRJNA48479,241693,,adult,13879.5,female,US,healthy_control,,,,,,excluded,2.0,10.677
SAMN00035793,PRJNA48479,241693,,adult,13879.5,female,US,healthy_control,,,,,,excluded,2.0,11.602
SAMN00035796,PRJNA48479,241693,,adult,13879.5,female,US,healthy_control,,,,,,excluded,3.0,15.608
SAMN00035831,PRJNA48479,241693,,adult,13879.5,female,US,healthy_control,Healthy,,,,,primary,2.0,11.628
SAMN00035847,PRJNA48479,241693,,adult,13879.5,female,US,healthy_control,,,,,,excluded,2.0,12.318
SAMN00081737,PRJNA48479,241693,,adult,13879.5,female,US,healthy_control,,,,,,excluded,2.0,11.153
SAMN00082217,PRJNA48479,241693,,adult,13879.5,female,US,healthy_control,,,,,,excluded,3.0,15.351
SAMN00082441,PRJNA48479,241693,,adult,13879.5,female,US,healthy_control,,,,,,excluded,2.0,10.211
SAMN00082502,PRJNA48479,241693,,adult,13879.5,female,US,healthy_control,,,,,,excluded,2.0,11.608
SAMN00083023,PRJNA48479,241693,,adult,13879.5,female,US,healthy_control,,,,,,excluded,2.0,10.222
SAMN00083300,PRJNA48479,241693,,adult,13879.5,female,US,healthy_control,Healthy,,,,,primary,2.0,9.603
SAMN00039518,PRJNA48479,241695,,adult,8400.75,male,US,healthy_control,,,,,,excluded,2.0,14.132
SAMN00039530,PRJNA48479,241695,,adult,8400.75,male,US,healthy_control,,,,,,excluded,2.0,12.663
SAMN00039531,PRJNA48479,241695,,adult,8400.75,male,US,healthy_control,Healthy,,,,,primary,2.0,15.9
SAMN00039547,PRJNA48479,241695,,adult,8400.75,male,US,healthy_control,,,,,,excluded,4.0,25.627
SAMN00039555,PRJNA48479,241695,,adult,8400.75,male,US,healthy_control,,,,,,excluded,2.0,14.72
SAMN00064767,PRJNA48479,241695,,,,male,,healthy_control,,,,,,excluded,30.0,13.758
SAMN00067599,PRJNA48479,241695,,,,male,,healthy_control,,,,,,excluded,38.0,18.893
SAMN00069262,PRJNA48479,241695,,,,male,,healthy_control,,,,,,excluded,13.0,10.415
SAMN00073582,PRJNA48479,241695,,,,male,,healthy_control,Health,,,,,primary,13.0,8.571
SAMN00073587,PRJNA48479,241695,,,,male,,healthy_control,,,,,,excluded,30.0,10.807
SAMN00076470,PRJNA48479,241695,,,,male,,healthy_control,,,,,,excluded,38.0,21.433
SAMN00078465,PRJNA48479,241695,,,,male,,healthy_control,,,,,,excluded,30.0,11.305
SAMN00085131,PRJNA48479,241695,,,,male,,healthy_control,Health,,,,,primary,13.0,11.223
SAMN00085137,PRJNA48479,241695,,,,male,,healthy_control,,,,,,excluded,13.0,7.23
SAMN00085139,PRJNA48479,241695,,,,male,,healthy_control,,,,,,excluded,38.0,22.953
SAMN00085143,PRJNA48479,241695,,,,male,,healthy_control,,,,,,excluded,38.0,20.269
SAMN00085149,PRJNA48479,241695,,,,male,,healthy_control,,,,,,excluded,30.0,13.26
SAMN00037350,PRJNA48479,241696,,,,female,,healthy_control,Health,,,,,primary,2.0,4.988
SAMN00037351,PRJNA48479,241696,,,,female,,healthy_control,,,,,,excluded,2.0,5.75
SAMN00037357,PRJNA48479,241696,,,,female,,healthy_control,,,,,,excluded,2.0,7.399
SAMN00037365,PRJNA48479,241696,,,,female,,healthy_control,,,,,,excluded,2.0,3.113
SAMN00064911,PRJNA48479,241696,,,,female,US,healthy_control,,,,,,excluded,1.0,20.656
SAMN00094387,PRJNA48479,241696,,,,female,,healthy_control,,,,,,excluded,1.0,12.53
SAMN00094388,PRJNA48479,241696,,,,female,,healthy_control,,,,,,excluded,1.0,10.222
SAMN00094392,PRJNA48479,241696,,,,female,,healthy_control,,,,,,excluded,1.0,16.722
SAMN00094406,PRJNA48479,241696,,,,female,,healthy_control,,,,,,excluded,1.0,11.68
SAMN00094408,PRJNA48479,241696,,,,female,,healthy_control,,,,,,excluded,1.0,16.978
SAMN00094410,PRJNA48479,241696,,,,female,,healthy_control,Health,,,,,primary,1.0,19.23
SAMN00094416,PRJNA48479,241696,,,,female,,healthy_control,,,,,,excluded,2.0,11.872
SAMN00094419,PRJNA48479,241696,,,,female,,healthy_control,,,,,,excluded,1.0,4.397
SAMN00094426,PRJNA48479,241696,,,,female,,healthy_control,,,,,,excluded,1.0,23.288
SAMN00094428,PRJNA48479,241696,,,,female,,healthy_control,,,,,,excluded,1.0,20.196
SAMN00142943,PRJNA48479,241696,,,,female,,healthy_control,,,,,,excluded,1.0,11.259
SAMN00142945,PRJNA48479,241696,,,,female,,healthy_control,,,,,,excluded,1.0,12.773
SAMN00142946,PRJNA48479,241696,,,,female,,healthy_control,,,,,,excluded,1.0,5.25
SAMN00142949,PRJNA48479,241696,,,,female,,healthy_control,,,,,,excluded,1.0,12.577
SAMN00142955,PRJNA48479,241696,,,,female,,healthy_control,,,,,,excluded,2.0,5.757
SAMN00142956,PRJNA48479,241696,,,,female,,healthy_control,,,,,,excluded,1.0,10.246
SAMN00142964,PRJNA48479,241696,,,,female,,healthy_control,,,,,,excluded,2.0,9.368
SAMN00142968,PRJNA48479,241696,,,,female,,healthy_control,,,,,,excluded,2.0,4.695
SAMN00142973,PRJNA48479,241696,,,,female,,healthy_control,,,,,,excluded,1.0,23.0
SAMN00142976,PRJNA48479,241696,,,,female,,healthy_control,,,,,,excluded,1.0,9.473
SAMN00142979,PRJNA48479,241696,,,,female,,healthy_control,,,,,,excluded,1.0,10.637
SAMN00142993,PRJNA48479,241696,,,,female,,healthy_control,,,,,,excluded,1.0,12.036
SAMN00142995,PRJNA48479,241696,,,,female,,healthy_control,,,,,,excluded,1.0,16.844
SAMN00142997,PRJNA48479,241696,,,,female,,healthy_control,Health,,,,,primary,1.0,21.632
SAMN00044564,PRJNA48479,241697,,adult,13879.5,female,US,healthy_control,Healthy,,,,,primary,1.0,8.456
SAMN00044570,PRJNA48479,241697,,adult,13879.5,female,US,healthy_control,,,,,,excluded,1.0,12.475
SAMN00044572,PRJNA48479,241697,,adult,13879.5,female,US,healthy_control,,,,,,excluded,1.0,3.362
SAMN00044576,PRJNA48479,241697,,adult,13879.5,female,US,healthy_control,,,,,,excluded,1.0,13.285
SAMN00044684,PRJNA48479,241697,,,,female,,healthy_control,,,,,,excluded,38.0,16.523
SAMN00044686,PRJNA48479,241697,,adult,13879.5,female,US,healthy_control,,,,,,excluded,1.0,12.333
SAMN00065724,PRJNA48479,241697,,adult,13879.5,female,US,healthy_control,,,,,,excluded,1.0,12.091
SAMN00069327,PRJNA48479,241697,,adult,13879.5,female,US,healthy_control,,,,,,excluded,1.0,9.972
SAMN00070234,PRJNA48479,241697,,,,female,,healthy_control,,,,,,excluded,13.0,11.225
SAMN00075307,PRJNA48479,241697,,adult,13879.5,female,US,healthy_control,,,,,,excluded,1.0,8.358
SAMN00077031,PRJNA48479,241697,,adult,13879.5,female,US,healthy_control,,,,,,excluded,1.0,11.104
SAMN00077726,PRJNA48479,241697,,adult,13879.5,female,US,healthy_control,Healthy,,,,,primary,1.0,9.98
SAMN00139862,PRJNA48479,241697,,,,female,,healthy_control,Health,,,,,primary,14.0,15.953
SAMN00139868,PRJNA48479,241697,,,,female,,healthy_control,,,,,,excluded,30.0,4.037
SAMN00139870,PRJNA48479,241697,,,,female,,healthy_control,,,,,,excluded,30.0,1.56
SAMN00139874,PRJNA48479,241697,,,,female,,healthy_control,,,,,,excluded,30.0,13.885
SAMN00139876,PRJNA48479,241697,,,,female,,healthy_control,,,,,,excluded,30.0,14.444
SAMN00139880,PRJNA48479,241697,,,,female,,healthy_control,,,,,,excluded,30.0,1.451
SAMN00139883,PRJNA48479,241697,,,,female,,healthy_control,,,,,,excluded,30.0,3.02
SAMN00044101,PRJNA48479,241698,,,,female,,healthy_control,,,,,,excluded,38.0,23.221
SAMN00081725,PRJNA48479,241698,,,,female,,healthy_control,Health,,,,,primary,12.0,5.408
SAMN00044198,PRJNA48479,241700,,,,female,,healthy_control,,,,,,excluded,38.0,21.397
SAMN00037304,PRJNA48479,241701,,adult,7670.25,female,US,healthy_control,,,,,,excluded,3.0,14.776
SAMN00037306,PRJNA48479,241701,,adult,7670.25,female,US,healthy_control,,,,,,excluded,2.0,10.915
SAMN00037310,PRJNA48479,241701,,adult,7670.25,female,US,healthy_control,,,,,,excluded,2.0,10.099
SAMN00037313,PRJNA48479,241701,,adult,7670.25,female,US,healthy_control,Healthy,,,,,primary,2.0,12.185
SAMN00037323,PRJNA48479,241701,,adult,7670.25,female,US,healthy_control,,,,,,excluded,2.0,13.172
SAMN00037329,PRJNA48479,241701,,adult,7670.25,female,US,healthy_control,,,,,,excluded,2.0,11.305
SAMN00087096,PRJNA48479,241701,,,,female,,healthy_control,Health,,,,,primary,1.0,11.515
SAMN00087112,PRJNA48479,241701,,,,female,,healthy_control,,,,,,excluded,1.0,14.538
SAMN00087118,PRJNA48479,241701,,,,female,,healthy_control,,,,,,excluded,1.0,28.519
SAMN10659040,PRJNA48479,241701,,,,female,,healthy_control,,,,,,excluded,1.0,14.804
SAMN00044801,PRJNA48479,241702,,adult,7305.0,female,US,healthy_control,Healthy,,,,,primary,2.0,11.779
SAMN00044809,PRJNA48479,241702,,adult,7305.0,female,US,healthy_control,,,,,,excluded,2.0,13.394
SAMN00044813,PRJNA48479,241702,,adult,7305.0,female,US,healthy_control,,,,,,excluded,2.0,12.939
SAMN00044822,PRJNA48479,241702,,adult,7305.0,female,US,healthy_control,,,,,,excluded,2.0,12.281
SAMN00044835,PRJNA48479,241702,,adult,7305.0,female,US,healthy_control,,,,,,excluded,4.0,23.899
SAMN00038593,PRJNA48479,241703,,,,male,,healthy_control,Health,,,,,primary,1.0,1.091
SAMN00038599,PRJNA48479,241703,,,,male,,healthy_control,,,,,,excluded,12.0,5.553
SAMN00038601,PRJNA48479,241703,,,,male,,healthy_control,,,,,,excluded,12.0,5.034
SAMN00038605,PRJNA48479,241703,,,,male,,healthy_control,,,,,,excluded,30.0,14.25
SAMN00034376,PRJNA48479,241704,,adult,8035.5,male,US,healthy_control,Healthy,,,,,primary,2.0,14.818
SAMN00034382,PRJNA48479,241704,,adult,8035.5,male,US,healthy_control,,,,,,excluded,2.0,15.145
SAMN00034388,PRJNA48479,241704,,adult,8035.5,male,US,healthy_control,,,,,,excluded,2.0,14.248
SAMN00045176,PRJNA48479,241704,,adult,8035.5,male,US,healthy_control,,,,,,excluded,2.0,14.138
SAMN00045182,PRJNA48479,241704,,adult,8035.5,male,US,healthy_control,,,,,,excluded,2.0,14.605
SAMN00045188,PRJNA48479,241704,,adult,8035.5,male,US,healthy_control,,,,,,excluded,2.0,14.969
SAMN00045189,PRJNA48479,241704,,adult,8035.5,male,US,healthy_control,Healthy,,,,,primary,2.0,15.4
SAMN00045205,PRJNA48479,241704,,adult,8035.5,male,US,healthy_control,,,,,,excluded,2.0,16.229
SAMN00038172,PRJNA48479,241705,,adult,8400.75,male,US,healthy_control,Healthy,,,,,primary,2.0,15.229
SAMN00038294,PRJNA48479,241705,,adult,8400.75,male,US,healthy_control,,,,,,excluded,3.0,16.784
SAMN00038298,PRJNA48479,241705,,adult,8400.75,male,US,healthy_control,,,,,,excluded,4.0,18.93
SAMN00038306,PRJNA48479,241705,,adult,8400.75,male,US,healthy_control,,,,,,excluded,2.0,14.215
SAMN00045838,PRJNA48479,241705,,adult,8400.75,male,US,healthy_control,,,,,,excluded,2.0,12.785
SAMN00045843,PRJNA48479,241705,,adult,8400.75,male,US,healthy_control,Healthy,,,,,primary,2.0,13.728
SAMN00045855,PRJNA48479,241705,,adult,8400.75,male,US,healthy_control,,,,,,excluded,2.0,12.509
SAMN00045859,PRJNA48479,241705,,adult,8400.75,male,US,healthy_control,,,,,,excluded,2.0,14.491
SAMN00045867,PRJNA48479,241705,,adult,8400.75,male,US,healthy_control,,,,,,excluded,4.0,27.637
SAMN00045873,PRJNA48479,241705,,adult,8400.75,male,US,healthy_control,,,,,,excluded,2.0,14.332
SAMN00036699,PRJNA48479,241707,,,,female,,healthy_control,,,,,,excluded,2.0,7.857
SAMN00036702,PRJNA48479,241707,,,,female,,healthy_control,,,,,,excluded,2.0,4.346
SAMN00036704,PRJNA48479,241707,,,,female,,healthy_control,Health,,,,,primary,2.0,5.945
SAMN00148796,PRJNA48479,241707,,,,female,,healthy_control,,,,,,excluded,1.0,4.107
SAMN00148798,PRJNA48479,241707,,,,female,,healthy_control,,,,,,excluded,2.0,7.85
SAMN00148802,PRJNA48479,241707,,,,female,,healthy_control,,,,,,excluded,2.0,9.104
SAMN00148808,PRJNA48479,241707,,,,female,,healthy_control,,,,,,excluded,1.0,7.173
SAMN00148811,PRJNA48479,241707,,,,female,,healthy_control,,,,,,excluded,2.0,9.153
SAMN00037203,PRJNA48479,241708,,adult,9861.75,male,US,healthy_control,,,,,,excluded,2.0,10.696
SAMN00037207,PRJNA48479,241708,,adult,9861.75,male,US,healthy_control,,,,,,excluded,2.0,11.397
SAMN00037214,PRJNA48479,241708,,adult,9861.75,male,US,healthy_control,,,,,,excluded,2.0,12.338
SAMN00037220,PRJNA48479,241708,,adult,9861.75,male,US,healthy_control,,,,,,excluded,2.0,11.342
SAMN00037236,PRJNA48479,241708,,adult,9861.75,male,US,healthy_control,Healthy,,,,,primary,3.0,16.567
SAMN00062637,PRJNA48479,241708,,adult,9861.75,male,US,healthy_control,Healthy,,,,,primary,2.0,11.795
SAMN00067263,PRJNA48479,241708,,adult,9861.75,male,US,healthy_control,,,,,,excluded,2.0,8.882
SAMN00077092,PRJNA48479,241708,,adult,9861.75,male,US,healthy_control,,,,,,excluded,1.0,6.485
SAMN00077299,PRJNA48479,241708,,adult,9861.75,male,US,healthy_control,,,,,,excluded,2.0,1.062
SAMN00078345,PRJNA48479,241708,,adult,9861.75,male,US,healthy_control,,,,,,excluded,3.0,16.742
SAMN00038905,PRJNA48479,241710,,adult,10957.5,female,US,healthy_control,,,,,,excluded,2.0,14.209
SAMN00038909,PRJNA48479,241710,,adult,10957.5,female,US,healthy_control,,,,,,excluded,2.0,11.283
SAMN00038915,PRJNA48479,241710,,adult,10957.5,female,US,healthy_control,,,,,,excluded,2.0,14.312
SAMN00038918,PRJNA48479,241710,,adult,10957.5,female,US,healthy_control,,,,,,excluded,2.0,12.124
SAMN00038919,PRJNA48479,241710,,adult,10957.5,female,US,healthy_control,Healthy,,,,,primary,2.0,14.84
SAMN00038931,PRJNA48479,241710,,adult,10957.5,female,US,healthy_control,,,,,,excluded,2.0,13.797
SAMN00062418,PRJNA48479,241710,,,,female,,healthy_control,,,,,,excluded,30.0,15.152
SAMN00064457,PRJNA48479,241710,,,,female,,healthy_control,,,,,,excluded,38.0,19.02
SAMN00067143,PRJNA48479,241710,,,,female,,healthy_control,,,,,,excluded,30.0,16.149
SAMN00068902,PRJNA48479,241710,,,,female,,healthy_control,,,,,,excluded,13.0,9.198
SAMN00069200,PRJNA48479,241710,,,,female,,healthy_control,,,,,,excluded,30.0,15.81
SAMN00071646,PRJNA48479,241710,,,,female,,healthy_control,,,,,,excluded,38.0,22.666
SAMN00073658,PRJNA48479,241710,,,,female,,healthy_control,Health,,,,,primary,13.0,9.711
SAMN00144714,PRJNA48479,241710,,,,female,,healthy_control,Health,,,,,primary,13.0,9.831
SAMN00144720,PRJNA48479,241710,,,,female,,healthy_control,,,,,,excluded,38.0,20.777
SAMN00144722,PRJNA48479,241710,,,,female,,healthy_control,,,,,,excluded,38.0,19.532
SAMN00144726,PRJNA48479,241710,,,,female,,healthy_control,,,,,,excluded,30.0,13.252
SAMN00144732,PRJNA48479,241710,,,,female,,healthy_control,,,,,,excluded,30.0,12.033
SAMN00144735,PRJNA48479,241710,,,,female,,healthy_control,,,,,,excluded,30.0,12.857
SAMN00039026,PRJNA48479,241711,,adult,10592.25,male,US,healthy_control,,,,,,excluded,2.0,15.062
SAMN00039028,PRJNA48479,241711,,adult,10592.25,male,US,healthy_control,,,,,,excluded,2.0,14.497
SAMN00039032,PRJNA48479,241711,,adult,10592.25,male,US,healthy_control,,,,,,excluded,2.0,13.305
SAMN00039038,PRJNA48479,241711,,adult,10592.25,male,US,healthy_control,,,,,,excluded,2.0,13.123
SAMN00039039,PRJNA48479,241711,,adult,10592.25,male,US,healthy_control,Healthy,,,,,primary,2.0,14.469
SAMN00039067,PRJNA48479,241711,,adult,10592.25,male,US,healthy_control,,,,,,excluded,2.0,11.648
SAMN00066044,PRJNA48479,241711,,,,male,,healthy_control,,,,,,excluded,38.0,20.106
SAMN00069556,PRJNA48479,241711,,,,male,,healthy_control,,,,,,excluded,30.0,16.106
SAMN00075186,PRJNA48479,241711,,,,male,,healthy_control,,,,,,excluded,38.0,19.875
SAMN00078739,PRJNA48479,241711,,,,male,,healthy_control,,,,,,excluded,38.0,17.979
SAMN00085508,PRJNA48479,241711,,,,male,,healthy_control,Health,,,,,primary,15.0,7.765
SAMN00085514,PRJNA48479,241711,,,,male,,healthy_control,,,,,,excluded,38.0,19.411
SAMN00085516,PRJNA48479,241711,,,,male,,healthy_control,,,,,,excluded,38.0,18.997
SAMN00085520,PRJNA48479,241711,,,,male,,healthy_control,,,,,,excluded,38.0,20.216
SAMN00085522,PRJNA48479,241711,,,,male,,healthy_control,,,,,,excluded,30.0,16.346
SAMN00085523,PRJNA48479,241711,,,,male,,healthy_control,,,,,,excluded,30.0,14.105
SAMN00085526,PRJNA48479,241711,,,,male,,healthy_control,,,,,,excluded,30.0,16.513
SAMN10657928,PRJNA48479,241711,,adult,10592.25,male,US,healthy_control,,,,,,excluded,2.0,11.156
SAMN10658117,PRJNA48479,241711,,,,male,,healthy_control,Health,,,,,primary,2.0,1.155
SAMN10659051,PRJNA48479,241711,,,,male,,healthy_control,Health,,,,,primary,13.0,10.018
SAMN10659096,PRJNA48479,241711,,,,male,,healthy_control,,,,,,excluded,30.0,18.099
SAMN00032739,PRJNA48479,241712,,adult,8766.0,female,US,healthy_control,Healthy,,,,,primary,2.0,15.555
SAMN00032743,PRJNA48479,241712,,adult,8766.0,female,US,healthy_control,,,,,,excluded,2.0,15.754
SAMN00032747,PRJNA48479,241712,,adult,8766.0,female,US,healthy_control,,,,,,excluded,4.0,20.228
SAMN00032780,PRJNA48479,241712,,adult,8766.0,female,US,healthy_control,,,,,,excluded,2.0,12.129
SAMN00032792,PRJNA48479,241712,,adult,8766.0,female,US,healthy_control,,,,,,excluded,4.0,24.781
SAMN00045495,PRJNA48479,241712,,adult,8766.0,female,US,healthy_control,,,,,,excluded,2.0,14.871
SAMN00045499,PRJNA48479,241712,,adult,8766.0,female,US,healthy_control,,,,,,excluded,4.0,13.337
SAMN00045507,PRJNA48479,241712,,adult,8766.0,female,US,healthy_control,,,,,,excluded,2.0,14.629
SAMN00045519,PRJNA48479,241712,,adult,8766.0,female,US,healthy_control,,,,,,excluded,2.0,14.841
SAMN00045528,PRJNA48479,241712,,adult,8766.0,female,US,healthy_control,,,,,,excluded,4.0,24.521
SAMN00088415,PRJNA48479,241712,,,,female,,healthy_control,,,,,,excluded,38.0,22.226
SAMN00088421,PRJNA48479,241712,,,,female,,healthy_control,,,,,,excluded,30.0,15.29
SAMN00088430,PRJNA48479,241712,,,,female,,healthy_control,,,,,,excluded,38.0,18.566
SAMN10657909,PRJNA48479,241712,,adult,8766.0,female,US,healthy_control,Healthy,,,,,primary,2.0,14.91
SAMN10659058,PRJNA48479,241712,,,,female,,healthy_control,Health,,,,,primary,13.0,9.732
SAMN10659089,PRJNA48479,241712,,,,female,,healthy_control,,,,,,excluded,30.0,13.59
SAMN10659271,PRJNA48479,241712,,,,female,,healthy_control,,,,,,excluded,30.0,14.277
SAMN10659276,PRJNA48479,241712,,,,female,,healthy_control,,,,,,excluded,30.0,12.261
SAMN00037847,PRJNA48479,241713,,,,female,,healthy_control,Health,,,,,primary,1.0,1.105
SAMN00037865,PRJNA48479,241713,,,,female,,healthy_control,,,,,,excluded,12.0,4.689
SAMN00037871,PRJNA48479,241713,,,,female,,healthy_control,,,,,,excluded,12.0,5.873
SAMN00037883,PRJNA48479,241713,,,,female,,healthy_control,,,,,,excluded,12.0,5.032
SAMN00037901,PRJNA48479,241713,,,,female,,healthy_control,,,,,,excluded,12.0,5.714
SAMN00037910,PRJNA48479,241713,,,,female,,healthy_control,,,,,,excluded,12.0,5.002
SAMN00037958,PRJNA48479,241715,,adult,7670.25,male,US,healthy_control,,,,,,excluded,2.0,13.802
SAMN00037960,PRJNA48479,241715,,,,male,,healthy_control,,,,,,excluded,30.0,14.062
SAMN00037964,PRJNA48479,241715,,adult,7670.25,male,US,healthy_control,,,,,,excluded,2.0,13.741
SAMN00037970,PRJNA48479,241715,,adult,7670.25,male,US,healthy_control,,,,,,excluded,2.0,13.042
SAMN00037971,PRJNA48479,241715,,adult,7670.25,male,US,healthy_control,Healthy,,,,,primary,2.0,13.791
SAMN00064239,PRJNA48479,241715,,,,male,,healthy_control,,,,,,excluded,30.0,17.014
SAMN00065748,PRJNA48479,241715,,,,male,,healthy_control,Health,,,,,primary,18.0,10.996
SAMN00065947,PRJNA48479,241715,,,,male,,healthy_control,Health,,,,,primary,2.0,1.164
SAMN00069997,PRJNA48479,241715,,,,male,,healthy_control,,,,,,excluded,38.0,21.83
SAMN00074816,PRJNA48479,241715,,,,male,,healthy_control,,,,,,excluded,38.0,18.683
SAMN00076721,PRJNA48479,241715,,,,male,,healthy_control,,,,,,excluded,30.0,14.315
SAMN00084843,PRJNA48479,241715,,,,male,,healthy_control,,,,,,excluded,38.0,21.157
SAMN00084845,PRJNA48479,241715,,,,male,,healthy_control,,,,,,excluded,38.0,21.281
SAMN00084849,PRJNA48479,241715,,,,male,,healthy_control,,,,,,excluded,30.0,15.844
SAMN00084855,PRJNA48479,241715,,,,male,,healthy_control,,,,,,excluded,13.0,7.616
SAMN10659053,PRJNA48479,241715,,,,male,,healthy_control,Health,,,,,primary,13.0,9.601
SAMN00040038,PRJNA48479,241716,,,,female,,healthy_control,,,,,,excluded,2.0,6.946
SAMN00040040,PRJNA48479,241716,,,,female,,healthy_control,,,,,,excluded,2.0,6.318
SAMN00040044,PRJNA48479,241716,,,,female,,healthy_control,,,,,,excluded,2.0,9.131
SAMN00040054,PRJNA48479,241716,,,,female,,healthy_control,Health,,,,,primary,4.0,5.2
SAMN00143096,PRJNA48479,241716,,,,female,,healthy_control,,,,,,excluded,2.0,6.799
SAMN00143098,PRJNA48479,241716,,,,female,,healthy_control,,,,,,excluded,2.0,4.322
SAMN00143102,PRJNA48479,241716,,,,female,,healthy_control,,,,,,excluded,2.0,6.148
SAMN00143108,PRJNA48479,241716,,,,female,,healthy_control,,,,,,excluded,2.0,5.193
SAMN00143111,PRJNA48479,241716,,,,female,,healthy_control,,,,,,excluded,2.0,5.977
SAMN00147413,PRJNA48479,241716,,,,female,,healthy_control,Health,,,,,primary,1.0,12.473
SAMN00147419,PRJNA48479,241716,,,,female,,healthy_control,,,,,,excluded,1.0,10.511
SAMN10658490,PRJNA48479,241716,,,,female,,healthy_control,,,,,,excluded,1.0,9.903
SAMN00065772,PRJNA48479,241717,,,,female,,healthy_control,,,,,,excluded,2.0,4.149
SAMN00066505,PRJNA48479,241717,,,,female,,healthy_control,,,,,,excluded,1.0,5.46
SAMN00068069,PRJNA48479,241717,,,,female,,healthy_control,Health,,,,,primary,2.0,5.387
SAMN00069349,PRJNA48479,241717,,,,female,,healthy_control,,,,,,excluded,1.0,11.107
SAMN00069399,PRJNA48479,241717,,,,female,,healthy_control,,,,,,excluded,2.0,8.878
SAMN00086094,PRJNA48479,241717,,,,female,,healthy_control,,,,,,excluded,1.0,11.253
SAMN00086114,PRJNA48479,241717,,,,female,,healthy_control,,,,,,excluded,1.0,15.956
SAMN00086117,PRJNA48479,241717,,,,female,,healthy_control,,,,,,excluded,2.0,4.473
SAMN00086120,PRJNA48479,241717,,,,female,,healthy_control,,,,,,excluded,1.0,19.97
SAMN00086124,PRJNA48479,241717,,,,female,,healthy_control,,,,,,excluded,1.0,21.437
SAMN00086126,PRJNA48479,241717,,,,female,,healthy_control,,,,,,excluded,1.0,20.463
SAMN00086128,PRJNA48479,241717,,,,female,,healthy_control,,,,,,excluded,1.0,15.656
SAMN00086130,PRJNA48479,241717,,,,female,,healthy_control,Health,,,,,primary,1.0,0.844
SAMN00086142,PRJNA48479,241717,,,,female,,healthy_control,,,,,,excluded,1.0,17.742
SAMN00086144,PRJNA48479,241717,,,,female,,healthy_control,,,,,,excluded,1.0,19.983
SAMN00086146,PRJNA48479,241717,,,,female,,healthy_control,,,,,,excluded,1.0,20.404
SAMN00036197,PRJNA48479,241718,,adult,7305.0,female,US,healthy_control,Healthy,,,,,primary,3.0,11.422
SAMN00036216,PRJNA48479,241718,,,,female,,healthy_control,Health,,,,,primary,4.0,4.454
SAMN00081544,PRJNA48479,241718,,adult,7305.0,female,US,healthy_control,,,,,,excluded,2.0,10.986
SAMN00082029,PRJNA48479,241718,,,,female,,healthy_control,,,,,,excluded,1.0,4.905
SAMN00082296,PRJNA48479,241718,,adult,7305.0,female,US,healthy_control,,,,,,excluded,2.0,9.625
SAMN00082828,PRJNA48479,241718,,,,female,,healthy_control,,,,,,excluded,2.0,5.062
SAMN00082895,PRJNA48479,241718,,,,female,,healthy_control,,,,,,excluded,1.0,4.049
SAMN00083182,PRJNA48479,241718,,,,female,,healthy_control,,,,,,excluded,2.0,2.705
SAMN00083258,PRJNA48479,241718,,,,female,,healthy_control,,,,,,excluded,2.0,4.278
SAMN00083473,PRJNA48479,241718,,adult,7305.0,female,US,healthy_control,,,,,,excluded,2.0,11.699
SAMN00083798,PRJNA48479,241718,,adult,7305.0,female,US,healthy_control,,,,,,excluded,2.0,11.144
SAMN00084166,PRJNA48479,241718,,adult,7305.0,female,US,healthy_control,,,,,,excluded,2.0,11.142
SAMN00143411,PRJNA48479,241718,,,,female,,healthy_control,,,,,,excluded,2.0,4.848
SAMN00143413,PRJNA48479,241718,,,,female,,healthy_control,,,,,,excluded,2.0,4.237
SAMN00143430,PRJNA48479,241718,,,,female,,healthy_control,,,,,,excluded,1.0,17.399
SAMN00143436,PRJNA48479,241718,,,,female,,healthy_control,,,,,,excluded,1.0,18.697
SAMN00143454,PRJNA48479,241718,,,,female,,healthy_control,,,,,,excluded,2.0,9.368
SAMN10657919,PRJNA48479,241718,,adult,7305.0,female,US,healthy_control,Healthy,,,,,primary,2.0,13.129
SAMN00032676,PRJNA48479,241719,,adult,9861.75,female,US,healthy_control,Healthy,,,,,primary,2.0,16.151
SAMN00032680,PRJNA48479,241719,,adult,9861.75,female,US,healthy_control,,,,,,excluded,2.0,14.887
SAMN00032684,PRJNA48479,241719,,adult,9861.75,female,US,healthy_control,,,,,,excluded,2.0,15.337
SAMN00032692,PRJNA48479,241719,,adult,9861.75,female,US,healthy_control,,,,,,excluded,2.0,14.824
SAMN00032700,PRJNA48479,241719,,adult,9861.75,female,US,healthy_control,,,,,,excluded,2.0,16.119
SAMN00032706,PRJNA48479,241719,,adult,9861.75,female,US,healthy_control,,,,,,excluded,2.0,15.648
SAMN00040800,PRJNA48479,241720,,adult,13514.25,male,US,healthy_control,Healthy,,,,,primary,3.0,15.102
SAMN00038651,PRJNA48479,241721,,adult,6939.75,female,US,healthy_control,Healthy,,,,,primary,2.0,12.648
SAMN00038657,PRJNA48479,241721,,adult,6939.75,female,US,healthy_control,,,,,,excluded,2.0,13.379
SAMN00038659,PRJNA48479,241721,,adult,6939.75,female,US,healthy_control,,,,,,excluded,2.0,14.416
SAMN00038663,PRJNA48479,241721,,adult,6939.75,female,US,healthy_control,,,,,,excluded,4.0,20.216
SAMN00038669,PRJNA48479,241721,,adult,6939.75,female,US,healthy_control,,,,,,excluded,2.0,12.72
SAMN00038715,PRJNA48479,241721,,adult,6939.75,female,US,healthy_control,,,,,,excluded,2.0,15.644
SAMN00062992,PRJNA48479,241721,,,,female,,healthy_control,,,,,,excluded,30.0,14.943
SAMN00065024,PRJNA48479,241721,,,,female,,healthy_control,,,,,,excluded,30.0,14.679
SAMN00065614,PRJNA48479,241721,,,,female,,healthy_control,,,,,,excluded,30.0,13.985
SAMN00070914,PRJNA48479,241721,,,,female,,healthy_control,,,,,,excluded,38.0,22.267
SAMN00072868,PRJNA48479,241721,,,,female,,healthy_control,,,,,,excluded,38.0,24.736
SAMN00074985,PRJNA48479,241721,,,,female,,healthy_control,,,,,,excluded,13.0,9.7
SAMN00078655,PRJNA48479,241721,,,,female,,healthy_control,,,,,,excluded,30.0,14.165
SAMN00088832,PRJNA48479,241721,,,,female,,healthy_control,Health,,,,,primary,13.0,10.837
SAMN00088838,PRJNA48479,241721,,,,female,,healthy_control,,,,,,excluded,38.0,25.091
SAMN00088840,PRJNA48479,241721,,,,female,,healthy_control,,,,,,excluded,38.0,19.255
SAMN00088844,PRJNA48479,241721,,,,female,,healthy_control,,,,,,excluded,38.0,19.264
SAMN00088846,PRJNA48479,241721,,,,female,,healthy_control,,,,,,excluded,30.0,12.57
SAMN00088850,PRJNA48479,241721,,,,female,,healthy_control,,,,,,excluded,30.0,14.001
SAMN00088853,PRJNA48479,241721,,,,female,,healthy_control,,,,,,excluded,13.0,10.4
SAMN10658550,PRJNA48479,241721,,,,female,,healthy_control,Health,,,,,primary,13.0,9.615
SAMN00032521,PRJNA48479,241722,,adult,10227.0,male,US,healthy_control,Healthy,,,,,primary,4.0,28.639
SAMN00032552,PRJNA48479,241722,,adult,10227.0,male,US,healthy_control,,,,,,excluded,4.0,27.262
SAMN00032563,PRJNA48479,241722,,adult,10227.0,male,US,healthy_control,,,,,,excluded,4.0,27.591
SAMN00032569,PRJNA48479,241722,,adult,10227.0,male,US,healthy_control,,,,,,excluded,2.0,15.637
SAMN00042691,PRJNA48479,241722,,adult,10227.0,male,US,healthy_control,,,,,,excluded,4.0,18.986
SAMN00042695,PRJNA48479,241722,,adult,10227.0,male,US,healthy_control,,,,,,excluded,2.0,12.973
SAMN00042701,PRJNA48479,241722,,adult,10227.0,male,US,healthy_control,,,,,,excluded,2.0,14.538
SAMN00042702,PRJNA48479,241722,,adult,10227.0,male,US,healthy_control,Healthy,,,,,primary,2.0,14.811
SAMN00042714,PRJNA48479,241722,,adult,10227.0,male,US,healthy_control,,,,,,excluded,2.0,14.463
SAMN00039897,PRJNA48479,241723,,,,female,,healthy_control,,,,,,excluded,2.0,7.525
SAMN00039901,PRJNA48479,241723,,,,female,,healthy_control,,,,,,excluded,2.0,6.6
SAMN00039909,PRJNA48479,241723,,,,female,,healthy_control,,,,,,excluded,2.0,6.637
SAMN00086971,PRJNA48479,241723,,,,female,,healthy_control,Health,,,,,primary,2.0,4.406
SAMN00086976,PRJNA48479,241723,,,,female,,healthy_control,,,,,,excluded,2.0,6.997
SAMN00086979,PRJNA48479,241723,,,,female,,healthy_control,,,,,,excluded,2.0,8.144
SAMN00086982,PRJNA48479,241723,,,,female,,healthy_control,,,,,,excluded,2.0,3.677
SAMN00086984,PRJNA48479,241723,,,,female,,healthy_control,,,,,,excluded,2.0,7.409
SAMN00086988,PRJNA48479,241723,,,,female,,healthy_control,,,,,,excluded,2.0,5.041
SAMN00099884,PRJNA48479,241723,,,,female,,healthy_control,,,,,,excluded,1.0,8.159
SAMN00099894,PRJNA48479,241723,,,,female,,healthy_control,,,,,,excluded,1.0,12.907
SAMN00099904,PRJNA48479,241723,,,,female,,healthy_control,,,,,,excluded,1.0,14.244
SAMN00099907,PRJNA48479,241723,,,,female,,healthy_control,,,,,,excluded,2.0,7.547
SAMN00099910,PRJNA48479,241723,,,,female,,healthy_control,,,,,,excluded,2.0,11.953
SAMN00099912,PRJNA48479,241723,,,,female,,healthy_control,,,,,,excluded,2.0,17.473
SAMN00099916,PRJNA48479,241723,,,,female,,healthy_control,,,,,,excluded,1.0,12.599
SAMN00099927,PRJNA48479,241723,,,,female,,healthy_control,,,,,,excluded,2.0,5.512
SAMN00099934,PRJNA48479,241723,,,,female,,healthy_control,,,,,,excluded,1.0,18.652
SAMN00099936,PRJNA48479,241723,,,,female,,healthy_control,Health,,,,,primary,1.0,16.538
SAMN00038465,PRJNA48479,241724,,adult,9496.5,male,US,healthy_control,Healthy,,,,,primary,2.0,8.361
SAMN00038466,PRJNA48479,241724,,,,male,,healthy_control,Health,,,,,primary,1.0,1.299
SAMN00038497,PRJNA48479,241724,,,,male,,healthy_control,,,,,,excluded,12.0,6.873
SAMN00038521,PRJNA48479,241724,,,,male,,healthy_control,,,,,,excluded,12.0,6.211
SAMN00045293,PRJNA48479,241724,,adult,9496.5,male,US,healthy_control,Healthy,,,,,primary,3.0,14.635
SAMN00045294,PRJNA48479,241724,,,,male,,healthy_control,Health,,,,,primary,1.0,1.111
SAMN00045299,PRJNA48479,241724,,adult,9496.5,male,US,healthy_control,,,,,,excluded,2.0,12.357
SAMN00045305,PRJNA48479,241724,,adult,9496.5,male,US,healthy_control,,,,,,excluded,2.0,9.365
SAMN00045325,PRJNA48479,241724,,,,male,,healthy_control,,,,,,excluded,12.0,5.464
SAMN00045337,PRJNA48479,241724,,,,male,,healthy_control,,,,,,excluded,12.0,5.051
SAMN00082059,PRJNA48479,241724,,adult,9496.5,male,US,healthy_control,,,,,,excluded,2.0,11.331
SAMN00082140,PRJNA48479,241724,,,,male,,healthy_control,,,,,,excluded,12.0,5.696
SAMN00082510,PRJNA48479,241724,,,,male,,healthy_control,,,,,,excluded,12.0,5.521
SAMN00082956,PRJNA48479,241724,,adult,9496.5,male,US,healthy_control,,,,,,excluded,2.0,11.256
SAMN00083284,PRJNA48479,241724,,,,male,,healthy_control,,,,,,excluded,12.0,5.181
SAMN00083353,PRJNA48479,241724,,adult,9496.5,male,US,healthy_control,,,,,,excluded,2.0,10.516
SAMN00084115,PRJNA48479,241724,,,,male,,healthy_control,,,,,,excluded,12.0,4.747
SAMN10658118,PRJNA48479,241724,,,,male,,healthy_control,Health,,,,,primary,2.0,1.154
SAMN00034905,PRJNA48479,241725,,adult,9861.75,male,US,healthy_control,Healthy,,,,,primary,2.0,14.868
SAMN00034923,PRJNA48479,241725,,adult,9861.75,male,US,healthy_control,,,,,,excluded,2.0,14.644
SAMN00034929,PRJNA48479,241725,,adult,9861.75,male,US,healthy_control,,,,,,excluded,2.0,15.219
SAMN00034941,PRJNA48479,241725,,adult,9861.75,male,US,healthy_control,,,,,,excluded,2.0,14.386
SAMN00034958,PRJNA48479,241725,,,,male,,healthy_control,,,,,,excluded,30.0,12.233
SAMN00045132,PRJNA48479,241725,,adult,9861.75,male,US,healthy_control,Healthy,,,,,primary,2.0,15.229
SAMN00045144,PRJNA48479,241725,,adult,9861.75,male,US,healthy_control,,,,,,excluded,2.0,14.605
SAMN00045148,PRJNA48479,241725,,adult,9861.75,male,US,healthy_control,,,,,,excluded,2.0,15.227
SAMN00045156,PRJNA48479,241725,,adult,9861.75,male,US,healthy_control,,,,,,excluded,2.0,14.057
SAMN00088900,PRJNA48479,241725,,,,male,,healthy_control,,,,,,excluded,13.0,9.536
SAMN00088905,PRJNA48479,241725,,,,male,,healthy_control,,,,,,excluded,38.0,22.546
SAMN00088908,PRJNA48479,241725,,,,male,,healthy_control,,,,,,excluded,30.0,14.252
SAMN00088911,PRJNA48479,241725,,,,male,,healthy_control,,,,,,excluded,30.0,12.13
SAMN00088942,PRJNA48479,241725,,,,male,,healthy_control,,,,,,excluded,30.0,15.231
SAMN00041546,PRJNA48479,241726,,adult,11688.0,female,US,healthy_control,Healthy,,,,,primary,2.0,12.9
SAMN00041552,PRJNA48479,241726,,adult,11688.0,female,US,healthy_control,,,,,,excluded,2.0,12.673
SAMN00041554,PRJNA48479,241726,,adult,11688.0,female,US,healthy_control,,,,,,excluded,2.0,12.772
SAMN00041558,PRJNA48479,241726,,adult,11688.0,female,US,healthy_control,,,,,,excluded,2.0,13.301
SAMN00041567,PRJNA48479,241726,,adult,11688.0,female,US,healthy_control,,,,,,excluded,2.0,14.056
SAMN00041604,PRJNA48479,241726,,adult,11688.0,female,US,healthy_control,,,,,,excluded,4.0,27.202
SAMN00062975,PRJNA48479,241726,,,,female,,healthy_control,Health,,,,,primary,12.0,4.301
SAMN00036153,PRJNA48479,241727,,,,male,,healthy_control,,,,,,excluded,2.0,7.418
SAMN00036159,PRJNA48479,241727,,,,male,,healthy_control,,,,,,excluded,1.0,4.436
SAMN00036166,PRJNA48479,241727,,,,male,,healthy_control,Health,,,,,primary,1.0,4.259
SAMN00074088,PRJNA48479,241727,,,,male,,healthy_control,,,,,,excluded,1.0,5.509
SAMN00040655,PRJNA48479,241728,,,,male,,healthy_control,,,,,,excluded,1.0,4.876
SAMN00040657,PRJNA48479,241728,,,,male,,healthy_control,,,,,,excluded,1.0,5.614
SAMN00040661,PRJNA48479,241728,,,,male,,healthy_control,,,,,,excluded,1.0,4.329
SAMN00040663,PRJNA48479,241728,,,,male,,healthy_control,Health,,,,,primary,2.0,6.612
SAMN00100587,PRJNA48479,241728,,,,male,,healthy_control,,,,,,excluded,2.0,6.608
SAMN00100589,PRJNA48479,241728,,,,male,,healthy_control,,,,,,excluded,2.0,3.975
SAMN00100593,PRJNA48479,241728,,,,male,,healthy_control,,,,,,excluded,2.0,4.101
SAMN00100599,PRJNA48479,241728,,,,male,,healthy_control,,,,,,excluded,2.0,7.751
SAMN00100600,PRJNA48479,241728,,,,male,,healthy_control,Health,,,,,primary,2.0,5.893
SAMN00146551,PRJNA48479,241728,,,,male,,healthy_control,,,,,,excluded,1.0,10.619
SAMN00146555,PRJNA48479,241728,,,,male,,healthy_control,,,,,,excluded,1.0,4.962
SAMN00146563,PRJNA48479,241728,,,,male,,healthy_control,Health,,,,,primary,1.0,19.498
SAMN00146572,PRJNA48479,241728,,,,male,,healthy_control,,,,,,excluded,2.0,7.895
SAMN00036427,PRJNA48479,241729,,adult,9496.5,female,US,healthy_control,,,,,,excluded,2.0,13.882
SAMN00036433,PRJNA48479,241729,,adult,9496.5,female,US,healthy_control,,,,,,excluded,2.0,10.573
SAMN00036435,PRJNA48479,241729,,adult,9496.5,female,US,healthy_control,Healthy,,,,,primary,2.0,11.44
SAMN00036443,PRJNA48479,241729,,adult,9496.5,female,US,healthy_control,,,,,,excluded,2.0,11.734
SAMN00036464,PRJNA48479,241729,,,,female,,healthy_control,Health,,,,,primary,1.0,4.355
SAMN00062976,PRJNA48479,241729,,,,female,,healthy_control,Health,,,,,primary,1.0,5.605
SAMN00067344,PRJNA48479,241729,,adult,9496.5,female,US,healthy_control,,,,,,excluded,2.0,11.055
SAMN00070493,PRJNA48479,241729,,adult,9496.5,female,US,healthy_control,,,,,,excluded,2.0,12.811
SAMN00071891,PRJNA48479,241729,,adult,9496.5,female,US,healthy_control,Healthy,,,,,primary,6.0,12.066
SAMN00071939,PRJNA48479,241729,,adult,9496.5,female,US,healthy_control,,,,,,excluded,3.0,15.227
SAMN00076631,PRJNA48479,241729,,adult,9496.5,female,US,healthy_control,,,,,,excluded,2.0,10.473
SAMN00076901,PRJNA48479,241729,,adult,9496.5,female,US,healthy_control,,,,,,excluded,2.0,10.773
SAMN00035741,PRJNA48479,241730,,,,female,,healthy_control,,,,,,excluded,1.0,5.114
SAMN00035742,PRJNA48479,241730,,,,female,,healthy_control,,,,,,excluded,1.0,5.603
SAMN00035746,PRJNA48479,241730,,,,female,,healthy_control,,,,,,excluded,2.0,3.46
SAMN00035748,PRJNA48479,241730,,,,female,,healthy_control,,,,,,excluded,2.0,4.742
SAMN00035752,PRJNA48479,241730,,,,female,,healthy_control,Health,,,,,primary,2.0,2.084
SAMN00081692,PRJNA48479,241730,,,,female,,healthy_control,,,,,,excluded,2.0,3.923
SAMN00084571,PRJNA48479,241730,,,,female,,healthy_control,,,,,,excluded,2.0,5.877
SAMN00039992,PRJNA48479,241731,,,,male,,healthy_control,,,,,,excluded,2.0,12.063
SAMN00039996,PRJNA48479,241731,,adult,9861.75,male,US,healthy_control,,,,,,excluded,3.0,14.377
SAMN00040002,PRJNA48479,241731,,adult,9861.75,male,US,healthy_control,,,,,,excluded,2.0,12.078
SAMN00040009,PRJNA48479,241731,,adult,9861.75,male,US,healthy_control,,,,,,excluded,2.0,14.844
SAMN00040012,PRJNA48479,241731,,,,male,,healthy_control,,,,,,excluded,2.0,7.105
SAMN00040020,PRJNA48479,241731,,,,male,,healthy_control,,,,,,excluded,2.0,6.845
SAMN00040032,PRJNA48479,241731,,,,male,,healthy_control,,,,,,excluded,2.0,6.694
SAMN00040035,PRJNA48479,241731,,adult,9861.75,male,US,healthy_control,Healthy,,,,,primary,2.0,12.952
SAMN00095388,PRJNA48479,241731,,,,male,,healthy_control,,,,,,excluded,1.0,14.5
SAMN00095390,PRJNA48479,241731,,,,male,,healthy_control,,,,,,excluded,2.0,5.698
SAMN00095402,PRJNA48479,241731,,,,male,,healthy_control,Health,,,,,primary,1.0,16.556
SAMN00095407,PRJNA48479,241731,,,,male,,healthy_control,,,,,,excluded,1.0,4.734
SAMN00095878,PRJNA48479,241731,,,,male,,healthy_control,,,,,,excluded,1.0,18.464
SAMN00142626,PRJNA48479,241731,,,,male,,healthy_control,,,,,,excluded,1.0,4.474
SAMN00142632,PRJNA48479,241731,,,,male,,healthy_control,,,,,,excluded,2.0,5.357
SAMN00142634,PRJNA48479,241731,,,,male,,healthy_control,Health,,,,,primary,1.0,12.249
SAMN00142640,PRJNA48479,241731,,,,male,,healthy_control,,,,,,excluded,1.0,19.248
SAMN00142644,PRJNA48479,241731,,,,male,,healthy_control,,,,,,excluded,1.0,13.077
SAMN00040093,PRJNA48479,241732,,,,male,,healthy_control,,,,,,excluded,2.0,5.452
SAMN00040106,PRJNA48479,241732,,,,male,,healthy_control,Health,,,,,primary,2.0,5.315
SAMN00099661,PRJNA48479,241732,,,,male,,healthy_control,Health,,,,,primary,1.0,4.306
SAMN00099664,PRJNA48479,241732,,,,male,,healthy_control,,,,,,excluded,1.0,4.445
SAMN00099666,PRJNA48479,241732,,,,male,,healthy_control,,,,,,excluded,2.0,7.883
SAMN00099670,PRJNA48479,241732,,,,male,,healthy_control,,,,,,excluded,2.0,4.817
SAMN00143711,PRJNA48479,241732,,,,male,,healthy_control,,,,,,excluded,2.0,20.136
SAMN00143723,PRJNA48479,241732,,,,male,,healthy_control,Health,,,,,primary,2.0,10.606
SAMN00143729,PRJNA48479,241732,,,,male,,healthy_control,,,,,,excluded,1.0,19.54
SAMN00035145,PRJNA48479,241736,,,,male,,healthy_control,,,,,,excluded,2.0,4.147
SAMN00035156,PRJNA48479,241736,,,,male,,healthy_control,,,,,,excluded,2.0,5.441
SAMN00035158,PRJNA48479,241736,,,,male,,healthy_control,Health,,,,,primary,1.0,4.026
SAMN00063372,PRJNA48479,241736,,,,male,,healthy_control,,,,,,excluded,2.0,7.334
SAMN00040141,PRJNA48479,241737,,,,male,,healthy_control,,,,,,excluded,2.0,9.051
SAMN00040143,PRJNA48479,241737,,,,male,,healthy_control,,,,,,excluded,1.0,4.058
SAMN00040147,PRJNA48479,241737,,,,male,,healthy_control,,,,,,excluded,1.0,5.171
SAMN00147938,PRJNA48479,241737,,,,male,,healthy_control,Health,,,,,primary,2.0,16.096
SAMN00147941,PRJNA48479,241737,,,,male,,healthy_control,,,,,,excluded,2.0,6.845
SAMN00147943,PRJNA48479,241737,,,,male,,healthy_control,,,,,,excluded,1.0,4.038
SAMN00147947,PRJNA48479,241737,,,,male,,healthy_control,,,,,,excluded,1.0,5.777
SAMN00147953,PRJNA48479,241737,,,,male,,healthy_control,,,,,,excluded,1.0,5.301
SAMN00148497,PRJNA48479,241737,,,,male,,healthy_control,,,,,,excluded,2.0,5.493
SAMN00148499,PRJNA48479,241737,,,,male,,healthy_control,,,,,,excluded,2.0,4.793
SAMN00148503,PRJNA48479,241737,,,,male,,healthy_control,,,,,,excluded,2.0,7.409
SAMN00074361,PRJNA48479,241738,,,,male,,healthy_control,Health,,,,,primary,13.0,9.868
SAMN00043115,PRJNA48479,241739,,,,male,,healthy_control,,,,,,excluded,38.0,20.765
SAMN00041789,PRJNA48479,241740,,,,male,,healthy_control,,,,,,excluded,13.0,10.48
SAMN00037251,PRJNA48479,241741,,adult,7670.25,male,US,healthy_control,,,,,,excluded,2.0,11.565
SAMN00037255,PRJNA48479,241741,,adult,7670.25,male,US,healthy_control,,,,,,excluded,2.0,11.838
SAMN00037257,PRJNA48479,241741,,adult,7670.25,male,US,healthy_control,,,,,,excluded,2.0,10.616
SAMN00037261,PRJNA48479,241741,,adult,7670.25,male,US,healthy_control,,,,,,excluded,2.0,10.78
SAMN00037271,PRJNA48479,241741,,,,male,,healthy_control,,,,,,excluded,2.0,4.295
SAMN00037277,PRJNA48479,241741,,,,male,,healthy_control,,,,,,excluded,2.0,7.911
SAMN00037281,PRJNA48479,241741,,,,male,,healthy_control,,,,,,excluded,2.0,6.945
SAMN00037289,PRJNA48479,241741,,,,male,,healthy_control,,,,,,excluded,2.0,8.455
SAMN00087707,PRJNA48479,241741,,,,male,,healthy_control,,,,,,excluded,1.0,11.141
SAMN00087712,PRJNA48479,241741,,,,male,,healthy_control,,,,,,excluded,1.0,14.191
SAMN00087716,PRJNA48479,241741,,,,male,,healthy_control,,,,,,excluded,1.0,4.38
SAMN00087719,PRJNA48479,241741,,,,male,,healthy_control,Health,,,,,primary,1.0,21.582
SAMN00087728,PRJNA48479,241741,,,,male,,healthy_control,,,,,,excluded,1.0,4.507
SAMN00087735,PRJNA48479,241741,,,,male,,healthy_control,,,,,,excluded,1.0,8.36
SAMN00087738,PRJNA48479,241741,,,,male,,healthy_control,,,,,,excluded,2.0,6.843
SAMN00143208,PRJNA48479,241741,,,,male,,healthy_control,Health,,,,,primary,1.0,11.456
SAMN00143213,PRJNA48479,241741,,,,male,,healthy_control,,,,,,excluded,1.0,13.742
SAMN00143217,PRJNA48479,241741,,,,male,,healthy_control,,,,,,excluded,2.0,4.885
SAMN00143231,PRJNA48479,241741,,,,male,,healthy_control,,,,,,excluded,1.0,9.963
SAMN00143234,PRJNA48479,241741,,,,male,,healthy_control,,,,,,excluded,1.0,4.874
SAMN00143243,PRJNA48479,241741,,,,male,,healthy_control,,,,,,excluded,1.0,13.102
SAMN00143255,PRJNA48479,241741,,,,male,,healthy_control,,,,,,excluded,2.0,7.164
SAMN10657920,PRJNA48479,241741,,adult,7670.25,male,US,healthy_control,Healthy,,,,,primary,2.0,9.568
SAMN00083997,PRJNA48479,241742,,,,male,,healthy_control,Health,,,,,primary,13.0,9.45
SAMN00036648,PRJNA48479,241743,,adult,12783.75,male,US,healthy_control,,,,,,excluded,2.0,10.034
SAMN00036649,PRJNA48479,241743,,,,male,,healthy_control,Health,,,,,primary,10.0,45.485
SAMN00036652,PRJNA48479,241743,,adult,12783.75,male,US,healthy_control,,,,,,excluded,2.0,11.709
SAMN00036654,PRJNA48479,241743,,adult,12783.75,male,US,healthy_control,,,,,,excluded,2.0,11.781
SAMN00036658,PRJNA48479,241743,,adult,12783.75,male,US,healthy_control,,,,,,excluded,3.0,15.718
SAMN00036668,PRJNA48479,241743,,adult,12783.75,male,US,healthy_control,,,,,,excluded,2.0,12.535
SAMN00036688,PRJNA48479,241743,,adult,12783.75,male,US,healthy_control,,,,,,excluded,2.0,11.093
SAMN00040281,PRJNA48479,241743,,adult,12783.75,male,US,healthy_control,,,,,,excluded,3.0,12.691
SAMN00040282,PRJNA48479,241743,,adult,12783.75,male,US,healthy_control,,,,,,excluded,2.0,11.198
SAMN00040285,PRJNA48479,241743,,adult,12783.75,male,US,healthy_control,,,,,,excluded,2.0,10.93
SAMN00040286,PRJNA48479,241743,,,,male,,healthy_control,Health,,,,,primary,14.0,46.742
SAMN00040289,PRJNA48479,241743,,adult,12783.75,male,US,healthy_control,,,,,,excluded,2.0,12.456
SAMN00040291,PRJNA48479,241743,,adult,12783.75,male,US,healthy_control,,,,,,excluded,2.0,12.214
SAMN00040295,PRJNA48479,241743,,adult,12783.75,male,US,healthy_control,,,,,,excluded,3.0,15.238
SAMN00040299,PRJNA48479,241743,,adult,12783.75,male,US,healthy_control,,,,,,excluded,2.0,12.912
SAMN00040305,PRJNA48479,241743,,adult,12783.75,male,US,healthy_control,,,,,,excluded,2.0,10.744
SAMN00040308,PRJNA48479,241743,,,,male,,healthy_control,Health,,,,,primary,1.0,4.921
SAMN00038058,PRJNA48479,241745,,,,male,,healthy_control,Health,,,,,primary,2.0,1.448
SAMN00038076,PRJNA48479,241745,,,,male,,healthy_control,,,,,,excluded,12.0,4.929
SAMN00038094,PRJNA48479,241745,,,,male,,healthy_control,,,,,,excluded,12.0,4.376
SAMN00038207,PRJNA48479,241746,,adult,10227.0,male,US,healthy_control,Healthy,,,,,primary,2.0,15.581
SAMN00038225,PRJNA48479,241746,,adult,10227.0,male,US,healthy_control,,,,,,excluded,4.0,20.058
SAMN00038231,PRJNA48479,241746,,adult,10227.0,male,US,healthy_control,,,,,,excluded,2.0,14.483
SAMN00038243,PRJNA48479,241746,,adult,10227.0,male,US,healthy_control,,,,,,excluded,2.0,14.938
SAMN00038262,PRJNA48479,241746,,adult,10227.0,male,US,healthy_control,,,,,,excluded,2.0,14.911
SAMN00064483,PRJNA48479,241746,,adult,10227.0,male,US,healthy_control,,,,,,excluded,2.0,13.897
SAMN00066695,PRJNA48479,241746,,adult,10227.0,male,US,healthy_control,,,,,,excluded,2.0,15.17
SAMN00074439,PRJNA48479,241746,,adult,10227.0,male,US,healthy_control,,,,,,excluded,2.0,14.628
SAMN00075504,PRJNA48479,241746,,adult,10227.0,male,US,healthy_control,,,,,,excluded,2.0,16.275
SAMN00078191,PRJNA48479,241746,,adult,10227.0,male,US,healthy_control,,,,,,excluded,2.0,10.737
SAMN10657902,PRJNA48479,241746,,adult,10227.0,male,US,healthy_control,Healthy,,,,,primary,2.0,14.763
SAMN10657941,PRJNA48479,241746,,,,male,US,healthy_control,Health,,,,,primary,2.0,0.768
SAMN00043166,PRJNA48479,241747,,adult,9861.75,female,US,healthy_control,Healthy,,,,,primary,2.0,11.93
SAMN00043172,PRJNA48479,241747,,adult,9861.75,female,US,healthy_control,,,,,,excluded,2.0,12.255
SAMN00043178,PRJNA48479,241747,,adult,9861.75,female,US,healthy_control,,,,,,excluded,2.0,11.657
SAMN00043187,PRJNA48479,241747,,adult,9861.75,female,US,healthy_control,,,,,,excluded,2.0,13.398
SAMN00043204,PRJNA48479,241747,,adult,9861.75,female,US,healthy_control,,,,,,excluded,3.0,15.577
SAMN00043224,PRJNA48479,241747,,adult,9861.75,female,US,healthy_control,,,,,,excluded,4.0,23.111
SAMN00032708,PRJNA48479,241748,,adult,9861.75,male,US,healthy_control,Healthy,,,,,primary,2.0,14.446
SAMN00034187,PRJNA48479,241748,,,,male,,healthy_control,Health,,,,,primary,13.0,12.837
SAMN00034201,PRJNA48479,241748,,,,male,,healthy_control,,,,,,excluded,30.0,16.387
SAMN00034203,PRJNA48479,241748,,,,male,,healthy_control,,,,,,excluded,30.0,17.608
SAMN00034207,PRJNA48479,241748,,,,male,,healthy_control,,,,,,excluded,30.0,15.24
SAMN00034209,PRJNA48479,241748,,,,male,,healthy_control,,,,,,excluded,30.0,14.423
SAMN00034216,PRJNA48479,241748,,,,male,,healthy_control,,,,,,excluded,38.0,20.692
SAMN00044744,PRJNA48479,241748,,adult,9861.75,male,US,healthy_control,Healthy,,,,,primary,2.0,12.908
SAMN00044752,PRJNA48479,241748,,adult,9861.75,male,US,healthy_control,,,,,,excluded,2.0,13.52
SAMN00044756,PRJNA48479,241748,,adult,9861.75,male,US,healthy_control,,,,,,excluded,2.0,13.991
SAMN00044775,PRJNA48479,241748,,adult,9861.75,male,US,healthy_control,,,,,,excluded,2.0,14.846
SAMN00088016,PRJNA48479,241748,,,,male,,healthy_control,Health,,,,,primary,13.0,8.876
SAMN00088022,PRJNA48479,241748,,,,male,,healthy_control,,,,,,excluded,38.0,20.512
SAMN00088024,PRJNA48479,241748,,,,male,,healthy_control,,,,,,excluded,38.0,21.577
SAMN00088028,PRJNA48479,241748,,,,male,,healthy_control,,,,,,excluded,30.0,16.615
SAMN00088030,PRJNA48479,241748,,,,male,,healthy_control,,,,,,excluded,30.0,16.378
SAMN00088031,PRJNA48479,241748,,,,male,,healthy_control,,,,,,excluded,30.0,12.539
SAMN00088034,PRJNA48479,241748,,,,male,,healthy_control,,,,,,excluded,30.0,14.886
SAMN00037599,PRJNA48479,241749,,,,male,,healthy_control,Health,,,,,primary,1.0,1.364
SAMN00037611,PRJNA48479,241749,,,,male,,healthy_control,,,,,,excluded,12.0,5.151
SAMN00037652,PRJNA48479,241749,,adult,9131.25,male,US,healthy_control,,,,,,excluded,2.0,15.916
SAMN00035163,PRJNA48479,241750,,adult,12053.25,male,US,healthy_control,,,,,,excluded,4.0,11.068
SAMN00035164,PRJNA48479,241750,,adult,12053.25,male,US,healthy_control,,,,,,excluded,2.0,11.087
SAMN00035165,PRJNA48479,241750,,adult,12053.25,male,US,healthy_control,,,,,,excluded,2.0,12.226
SAMN00035166,PRJNA48479,241750,,adult,12053.25,male,US,healthy_control,,,,,,excluded,3.0,16.004
SAMN00035167,PRJNA48479,241750,,adult,12053.25,male,US,healthy_control,,,,,,excluded,2.0,10.676
SAMN00035168,PRJNA48479,241750,,adult,12053.25,male,US,healthy_control,,,,,,excluded,4.0,23.5
SAMN00035169,PRJNA48479,241750,,adult,12053.25,male,US,healthy_control,Healthy,,,,,primary,2.0,10.512
SAMN00035174,PRJNA48479,241750,,adult,12053.25,male,US,healthy_control,,,,,,excluded,2.0,15.336
SAMN00035609,PRJNA48479,241750,,,,male,,healthy_control,Health,,,,,primary,2.0,3.479
SAMN00040334,PRJNA48479,241750,,adult,12053.25,male,US,healthy_control,,,,,,excluded,2.0,11.391
SAMN00040337,PRJNA48479,241750,,adult,12053.25,male,US,healthy_control,,,,,,excluded,2.0,11.755
SAMN00040340,PRJNA48479,241750,,adult,12053.25,male,US,healthy_control,,,,,,excluded,2.0,11.702
SAMN00040342,PRJNA48479,241750,,adult,12053.25,male,US,healthy_control,,,,,,excluded,2.0,15.059
SAMN00040343,PRJNA48479,241750,,adult,12053.25,male,US,healthy_control,,,,,,excluded,2.0,11.819
SAMN00040344,PRJNA48479,241750,,adult,12053.25,male,US,healthy_control,,,,,,excluded,2.0,12.484
SAMN00040345,PRJNA48479,241750,,adult,12053.25,male,US,healthy_control,,,,,,excluded,2.0,11.718
SAMN00040346,PRJNA48479,241750,,adult,12053.25,male,US,healthy_control,,,,,,excluded,2.0,10.661
SAMN00040347,PRJNA48479,241750,,adult,12053.25,male,US,healthy_control,,,,,,excluded,2.0,10.319
SAMN00040379,PRJNA48479,241750,,adult,12053.25,male,US,healthy_control,Healthy,,,,,primary,2.0,11.334
SAMN00045881,PRJNA48479,241753,,,,male,,healthy_control,Health,,,,,primary,13.0,10.595
SAMN00034134,PRJNA48479,241755,,,,female,,healthy_control,,,,,,excluded,38.0,21.827
SAMN00034136,PRJNA48479,241755,,,,female,,healthy_control,,,,,,excluded,30.0,13.859
SAMN00034140,PRJNA48479,241755,,,,female,,healthy_control,,,,,,excluded,30.0,14.748
SAMN00034142,PRJNA48479,241755,,,,female,,healthy_control,,,,,,excluded,30.0,12.708
SAMN00034152,PRJNA48479,241755,,,,female,,healthy_control,,,,,,excluded,38.0,23.906
SAMN00045047,PRJNA48479,241755,,adult,10592.25,female,US,healthy_control,Healthy,,,,,primary,2.0,14.407
SAMN00045053,PRJNA48479,241755,,adult,10592.25,female,US,healthy_control,,,,,,excluded,2.0,15.046
SAMN00045055,PRJNA48479,241755,,adult,10592.25,female,US,healthy_control,,,,,,excluded,2.0,14.108
SAMN00045059,PRJNA48479,241755,,adult,10592.25,female,US,healthy_control,,,,,,excluded,2.0,11.249
SAMN00045065,PRJNA48479,241755,,adult,10592.25,female,US,healthy_control,,,,,,excluded,2.0,14.324
SAMN00045068,PRJNA48479,241755,,adult,10592.25,female,US,healthy_control,,,,,,excluded,2.0,14.44
SAMN00085565,PRJNA48479,241755,,adult,10592.25,female,US,healthy_control,Healthy,,,,,primary,2.0,13.811
SAMN00085566,PRJNA48479,241755,,,,female,,healthy_control,Health,,,,,primary,2.0,1.002
SAMN00085571,PRJNA48479,241755,,adult,10592.25,female,US,healthy_control,,,,,,excluded,5.0,18.963
SAMN00085573,PRJNA48479,241755,,adult,10592.25,female,US,healthy_control,,,,,,excluded,2.0,15.184
SAMN00085577,PRJNA48479,241755,,adult,10592.25,female,US,healthy_control,,,,,,excluded,4.0,26.055
SAMN00085586,PRJNA48479,241755,,adult,10592.25,female,US,healthy_control,,,,,,excluded,2.0,14.844
SAMN00085600,PRJNA48479,241755,,,,female,,healthy_control,,,,,,excluded,12.0,5.259
SAMN00085604,PRJNA48479,241755,,,,female,,healthy_control,,,,,,excluded,12.0,0.055
SAMN00085612,PRJNA48479,241755,,,,female,,healthy_control,,,,,,excluded,12.0,5.136
SAMN00085630,PRJNA48479,241755,,,,female,,healthy_control,,,,,,excluded,1.0,1.077
SAMN10657903,PRJNA48479,241755,,adult,10592.25,female,US,healthy_control,Healthy,,,,,primary,2.0,12.284
SAMN00036904,PRJNA48479,241756,,,,female,,healthy_control,,,,,,excluded,2.0,5.005
SAMN00036906,PRJNA48479,241756,,,,female,,healthy_control,,,,,,excluded,2.0,5.358
SAMN00036910,PRJNA48479,241756,,,,female,,healthy_control,,,,,,excluded,2.0,5.864
SAMN00036912,PRJNA48479,241756,,,,female,,healthy_control,Health,,,,,primary,2.0,6.578
SAMN00036920,PRJNA48479,241756,,,,female,,healthy_control,,,,,,excluded,2.0,6.434
SAMN00081678,PRJNA48479,241756,,,,female,,healthy_control,Health,,,,,primary,2.0,5.905
SAMN00095123,PRJNA48479,241756,,,,female,,healthy_control,,,,,,excluded,2.0,7.75
SAMN00095133,PRJNA48479,241756,,,,female,,healthy_control,,,,,,excluded,1.0,11.259
SAMN00095137,PRJNA48479,241756,,,,female,,healthy_control,,,,,,excluded,1.0,19.714
SAMN00095139,PRJNA48479,241756,,,,female,,healthy_control,,,,,,excluded,1.0,16.15
SAMN00095141,PRJNA48479,241756,,,,female,,healthy_control,,,,,,excluded,2.0,11.7
SAMN00095145,PRJNA48479,241756,,,,female,,healthy_control,,,,,,excluded,1.0,9.756
SAMN00095147,PRJNA48479,241756,,,,female,,healthy_control,,,,,,excluded,1.0,18.405
SAMN00095161,PRJNA48479,241756,,,,female,,healthy_control,,,,,,excluded,1.0,19.644
SAMN00095163,PRJNA48479,241756,,,,female,,healthy_control,,,,,,excluded,1.0,17.194
SAMN00095165,PRJNA48479,241756,,,,female,,healthy_control,Health,,,,,primary,1.0,16.912
SAMN00039787,PRJNA48479,241758,,adult,6939.75,male,US,healthy_control,,,,,,excluded,2.0,8.825
SAMN00039791,PRJNA48479,241758,,adult,6939.75,male,US,healthy_control,,,,,,excluded,3.0,16.187
SAMN00039793,PRJNA48479,241758,,adult,6939.75,male,US,healthy_control,Healthy,,,,,primary,2.0,10.303
SAMN00039803,PRJNA48479,241758,,adult,6939.75,male,US,healthy_control,,,,,,excluded,5.0,43.585
SAMN00039809,PRJNA48479,241758,,adult,6939.75,male,US,healthy_control,,,,,,excluded,2.0,11.012
SAMN00039812,PRJNA48479,241758,,,,male,,healthy_control,,,,,,excluded,2.0,4.638
SAMN00039820,PRJNA48479,241758,,,,male,,healthy_control,,,,,,excluded,1.0,4.696
SAMN00039824,PRJNA48479,241758,,,,male,,healthy_control,Health,,,,,primary,2.0,9.25
SAMN00063812,PRJNA48479,241758,,adult,6939.75,male,US,healthy_control,,,,,,excluded,1.0,4.608
SAMN00064091,PRJNA48479,241758,,,,male,,healthy_control,,,,,,excluded,2.0,4.697
SAMN00065206,PRJNA48479,241758,,adult,6939.75,male,US,healthy_control,,,,,,excluded,2.0,12.528
SAMN00071609,PRJNA48479,241758,,adult,6939.75,male,US,healthy_control,,,,,,excluded,2.0,13.138
SAMN00071800,PRJNA48479,241758,,adult,6939.75,male,US,healthy_control,,,,,,excluded,2.0,10.722
SAMN00072997,PRJNA48479,241758,,adult,6939.75,male,US,healthy_control,,,,,,excluded,4.0,6.939
SAMN00073596,PRJNA48479,241758,,,,male,,healthy_control,Health,,,,,primary,2.0,5.248
SAMN00076528,PRJNA48479,241758,,adult,6939.75,male,US,healthy_control,Healthy,,,,,primary,2.0,12.966
SAMN00095225,PRJNA48479,241758,,,,male,,healthy_control,,,,,,excluded,2.0,5.719
SAMN00095227,PRJNA48479,241758,,,,male,,healthy_control,,,,,,excluded,2.0,5.541
SAMN00095238,PRJNA48479,241758,,,,male,,healthy_control,Health,,,,,primary,1.0,12.811
SAMN00095256,PRJNA48479,241758,,,,male,,healthy_control,,,,,,excluded,1.0,11.505
SAMN00095268,PRJNA48479,241758,,,,male,,healthy_control,,,,,,excluded,1.0,0.5
SAMN00095269,PRJNA48479,241758,,,,male,,healthy_control,Health,,,,,primary,2.0,4.335
SAMN00063738,PRJNA48479,241760,,,,male,,healthy_control,,,,,,excluded,12.0,4.698
SAMN00069457,PRJNA48479,241760,,,,male,,healthy_control,,,,,,excluded,12.0,4.688
SAMN00078084,PRJNA48479,241760,,,,male,,healthy_control,,,,,,excluded,12.0,5.431
SAMN00085200,PRJNA48479,241760,,,,male,,healthy_control,,,,,,excluded,12.0,4.946
SAMN10658146,PRJNA48479,241760,,,,male,,healthy_control,Health,,,,,primary,21.0,5.39
SAMN10658394,PRJNA48479,241760,,adult,10227.0,male,US,healthy_control,Healthy,,,,,primary,4.0,19.482
SAMN10659196,PRJNA48479,241760,,,,male,,healthy_control,Health,,,,,primary,13.0,5.598
SAMN00035183,PRJNA48479,241761,,,,female,,healthy_control,Health,,,,,primary,1.0,6.429
SAMN00035194,PRJNA48479,241761,,,,female,,healthy_control,,,,,,excluded,1.0,0.007
SAMN00095336,PRJNA48479,241761,,,,female,,healthy_control,,,,,,excluded,1.0,14.756
SAMN00095339,PRJNA48479,241761,,,,female,,healthy_control,,,,,,excluded,1.0,8.964
SAMN00095341,PRJNA48479,241761,,,,female,,healthy_control,,,,,,excluded,1.0,4.656
SAMN00095345,PRJNA48479,241761,,,,female,,healthy_control,,,,,,excluded,1.0,10.021
SAMN00095348,PRJNA48479,241761,,,,female,,healthy_control,Health,,,,,primary,1.0,13.554
SAMN00095363,PRJNA48479,241761,,,,female,,healthy_control,,,,,,excluded,1.0,4.544
SAMN00095369,PRJNA48479,241761,,,,female,,healthy_control,,,,,,excluded,1.0,4.616
SAMN00035094,PRJNA48479,241763,,adult,7670.25,male,US,healthy_control,,,,,,excluded,2.0,10.145
SAMN00035097,PRJNA48479,241763,,adult,7670.25,male,US,healthy_control,,,,,,excluded,2.0,11.709
SAMN00035099,PRJNA48479,241763,,adult,7670.25,male,US,healthy_control,,,,,,excluded,2.0,10.175
SAMN00035325,PRJNA48479,241763,,adult,7670.25,male,US,healthy_control,,,,,,excluded,3.0,15.288
SAMN00037011,PRJNA48479,241763,,adult,7670.25,male,US,healthy_control,,,,,,excluded,4.0,7.809
SAMN00037012,PRJNA48479,241763,,adult,7670.25,male,US,healthy_control,Healthy,,,,,primary,8.0,14.228
SAMN00037015,PRJNA48479,241763,,adult,7670.25,male,US,healthy_control,,,,,,excluded,2.0,11.945
SAMN00037017,PRJNA48479,241763,,adult,7670.25,male,US,healthy_control,,,,,,excluded,2.0,12.901
SAMN00037021,PRJNA48479,241763,,adult,7670.25,male,US,healthy_control,,,,,,excluded,2.0,11.096
SAMN00037034,PRJNA48479,241763,,,,male,,healthy_control,Health,,,,,primary,1.0,7.468
SAMN00045593,PRJNA48479,241764,,adult,9861.75,female,US,healthy_control,,,,,,excluded,2.0,12.651
SAMN00045595,PRJNA48479,241764,,adult,9861.75,female,US,healthy_control,,,,,,excluded,2.0,14.157
SAMN00045599,PRJNA48479,241764,,adult,9861.75,female,US,healthy_control,,,,,,excluded,2.0,14.712
SAMN00045606,PRJNA48479,241764,,adult,9861.75,female,US,healthy_control,Healthy,,,,,primary,2.0,16.749
SAMN00045642,PRJNA48479,241764,,adult,9861.75,female,US,healthy_control,,,,,,excluded,4.0,25.611
SAMN00045646,PRJNA48479,241764,,adult,9861.75,female,US,healthy_control,,,,,,excluded,2.0,13.628
SAMN00078277,PRJNA48479,241765,,,,male,,healthy_control,Health,,,,,primary,1.0,0.996
SAMN10659258,PRJNA48479,241765,,,,male,,healthy_control,Health,,,,,primary,13.0,10.862
SAMN00044394,PRJNA48479,241767,,,,male,US,healthy_control,Health,,,,,primary,2.0,15.107
SAMN00044430,PRJNA48479,241767,,adult,12053.25,male,US,healthy_control,,,,,,excluded,3.0,14.194
SAMN00037155,PRJNA48479,241769,,adult,8035.5,male,US,healthy_control,,,,,,excluded,3.0,15.835
SAMN00037159,PRJNA48479,241769,,adult,8035.5,male,US,healthy_control,,,,,,excluded,2.0,11.507
SAMN00037165,PRJNA48479,241769,,adult,8035.5,male,US,healthy_control,,,,,,excluded,2.0,11.075
SAMN00037178,PRJNA48479,241769,,adult,8035.5,male,US,healthy_control,Healthy,,,,,primary,2.0,10.341
SAMN00064635,PRJNA48479,241769,,adult,8035.5,male,US,healthy_control,,,,,,excluded,2.0,12.764
SAMN00068420,PRJNA48479,241769,,adult,8035.5,male,US,healthy_control,,,,,,excluded,2.0,13.083
SAMN00069292,PRJNA48479,241769,,adult,8035.5,male,US,healthy_control,,,,,,excluded,2.0,5.15
SAMN00075459,PRJNA48479,241769,,adult,8035.5,male,US,healthy_control,,,,,,excluded,2.0,14.413
SAMN00076268,PRJNA48479,241769,,adult,8035.5,male,US,healthy_control,Healthy,,,,,primary,2.0,12.862
SAMN00031566,PRJNA48479,241771,,,,female,,healthy_control,,,,,,excluded,1.0,11.044
SAMN00031568,PRJNA48479,241771,,,,female,,healthy_control,,,,,,excluded,1.0,13.113
SAMN00031572,PRJNA48479,241771,,,,female,,healthy_control,,,,,,excluded,1.0,12.046
SAMN00031579,PRJNA48479,241771,,,,female,,healthy_control,,,,,,excluded,2.0,7.164
SAMN00031587,PRJNA48479,241771,,,,female,,healthy_control,,,,,,excluded,2.0,5.005
SAMN00031591,PRJNA48479,241771,,,,female,,healthy_control,,,,,,excluded,2.0,7.295
SAMN00031599,PRJNA48479,241771,,,,female,,healthy_control,,,,,,excluded,2.0,5.693
SAMN00031604,PRJNA48479,241771,,,,female,,healthy_control,Health,,,,,primary,1.0,19.826
SAMN00031620,PRJNA48479,241771,,,,female,,healthy_control,,,,,,excluded,1.0,16.069
SAMN00040545,PRJNA48479,241771,,adult,8400.75,female,US,healthy_control,,,,,,excluded,2.0,11.797
SAMN00040547,PRJNA48479,241771,,adult,8400.75,female,US,healthy_control,,,,,,excluded,2.0,12.557
SAMN00040551,PRJNA48479,241771,,adult,8400.75,female,US,healthy_control,,,,,,excluded,2.0,12.554
SAMN00040557,PRJNA48479,241771,,adult,8400.75,female,US,healthy_control,,,,,,excluded,2.0,12.105
SAMN00040566,PRJNA48479,241771,,,,female,,healthy_control,,,,,,excluded,1.0,4.843
SAMN00040570,PRJNA48479,241771,,,,female,,healthy_control,,,,,,excluded,1.0,4.018
SAMN00040578,PRJNA48479,241771,,,,female,,healthy_control,,,,,,excluded,1.0,4.151
SAMN00040590,PRJNA48479,241771,,,,female,,healthy_control,,,,,,excluded,2.0,6.091
SAMN00040597,PRJNA48479,241771,,adult,8400.75,female,US,healthy_control,,,,,,excluded,2.0,12.822
SAMN00040599,PRJNA48479,241771,,,,female,US,healthy_control,Health,,,,,primary,2.0,9.998
SAMN00146642,PRJNA48479,241771,,,,female,,healthy_control,Health,,,,,primary,2.0,6.749
SAMN00146650,PRJNA48479,241771,,,,female,,healthy_control,,,,,,excluded,2.0,8.69
SAMN00146653,PRJNA48479,241771,,,,female,,healthy_control,,,,,,excluded,1.0,10.4
SAMN00146655,PRJNA48479,241771,,,,female,,healthy_control,,,,,,excluded,2.0,7.38
SAMN00146659,PRJNA48479,241771,,,,female,,healthy_control,,,,,,excluded,2.0,5.155
SAMN00146662,PRJNA48479,241771,,,,female,,healthy_control,Health,,,,,primary,1.0,1.33
SAMN00146683,PRJNA48479,241771,,,,female,,healthy_control,,,,,,excluded,1.0,6.859
SAMN00041085,PRJNA48479,241772,,adult,8400.75,male,US,healthy_control,,,,,,excluded,3.0,10.476
SAMN00041090,PRJNA48479,241772,,adult,8400.75,male,US,healthy_control,,,,,,excluded,3.0,14.927
SAMN00041112,PRJNA48479,241772,,adult,8400.75,male,US,healthy_control,,,,,,excluded,2.0,11.617
SAMN00041124,PRJNA48479,241772,,adult,8400.75,male,US,healthy_control,,,,,,excluded,2.0,12.168
SAMN00041128,PRJNA48479,241772,,adult,8400.75,male,US,healthy_control,Healthy,,,,,primary,3.0,15.667
SAMN00044933,PRJNA48479,241773,,,,male,,healthy_control,Health,,,,,primary,12.0,5.513
SAMN00038840,PRJNA48479,241775,,,,male,,healthy_control,Health,,,,,primary,1.0,1.235
SAMN00038848,PRJNA48479,241775,,,,male,,healthy_control,,,,,,excluded,12.0,5.43
SAMN00038852,PRJNA48479,241775,,,,male,,healthy_control,,,,,,excluded,12.0,5.47
SAMN00038858,PRJNA48479,241775,,,,male,,healthy_control,,,,,,excluded,12.0,3.291
SAMN00041840,PRJNA48479,241776,,,,male,,healthy_control,Health,,,,,primary,13.0,10.48
SAMN00041846,PRJNA48479,241776,,,,male,,healthy_control,,,,,,excluded,38.0,21.635
SAMN00037111,PRJNA48479,241778,,adult,8400.75,male,US,healthy_control,,,,,,excluded,3.0,15.341
SAMN00037113,PRJNA48479,241778,,adult,8400.75,male,US,healthy_control,,,,,,excluded,2.0,12.314
SAMN00037117,PRJNA48479,241778,,adult,8400.75,male,US,healthy_control,,,,,,excluded,2.0,11.743
SAMN00037139,PRJNA48479,241778,,adult,8400.75,male,US,healthy_control,,,,,,excluded,2.0,10.18
SAMN00040187,PRJNA48479,241778,,adult,8400.75,male,US,healthy_control,,,,,,excluded,2.0,13.085
SAMN00040189,PRJNA48479,241778,,adult,8400.75,male,US,healthy_control,,,,,,excluded,2.0,12.919
SAMN00040193,PRJNA48479,241778,,adult,8400.75,male,US,healthy_control,,,,,,excluded,3.0,15.526
SAMN00040196,PRJNA48479,241778,,adult,8400.75,male,US,healthy_control,,,,,,excluded,2.0,13.241
SAMN00040199,PRJNA48479,241778,,adult,8400.75,male,US,healthy_control,,,,,,excluded,3.0,15.593
SAMN00040202,PRJNA48479,241778,,,,male,,healthy_control,Health,,,,,primary,18.0,46.459
SAMN00040232,PRJNA48479,241778,,,,male,,healthy_control,Health,,,,,primary,2.0,4.408
SAMN10657895,PRJNA48479,241778,,,,male,,healthy_control,Health,,,,,primary,10.0,47.792
SAMN00040911,PRJNA48479,241779,,,,female,,healthy_control,Health,,,,,primary,1.0,5.033
SAMN00040914,PRJNA48479,241779,,,,female,,healthy_control,,,,,,excluded,1.0,5.07
SAMN00040916,PRJNA48479,241779,,,,female,,healthy_control,,,,,,excluded,2.0,5.081
SAMN00099712,PRJNA48479,241779,,,,female,,healthy_control,,,,,,excluded,1.0,4.369
SAMN00099714,PRJNA48479,241779,,,,female,,healthy_control,,,,,,excluded,2.0,4.256
SAMN00099718,PRJNA48479,241779,,,,female,,healthy_control,,,,,,excluded,2.0,5.665
SAMN00099727,PRJNA48479,241779,,,,female,,healthy_control,,,,,,excluded,1.0,6.236
SAMN00143861,PRJNA48479,241779,,,,female,,healthy_control,,,,,,excluded,1.0,7.046
SAMN00143863,PRJNA48479,241779,,,,female,,healthy_control,,,,,,excluded,1.0,11.321
SAMN00143866,PRJNA48479,241779,,,,female,,healthy_control,,,,,,excluded,1.0,10.15
SAMN00143886,PRJNA48479,241779,,,,female,,healthy_control,,,,,,excluded,2.0,6.343
SAMN00143891,PRJNA48479,241779,,,,female,,healthy_control,,,,,,excluded,1.0,18.07
SAMN00143909,PRJNA48479,241779,,,,female,,healthy_control,,,,,,excluded,1.0,7.458
SAMN00143911,PRJNA48479,241779,,,,female,,healthy_control,,,,,,excluded,1.0,20.221
SAMN00073365,PRJNA48479,241780,,,,male,,healthy_control,Health,,,,,primary,13.0,7.395
SAMN00038963,PRJNA48479,241782,,,,male,,healthy_control,Health,,,,,primary,1.0,1.261
SAMN00038969,PRJNA48479,241782,,,,male,,healthy_control,,,,,,excluded,12.0,5.225
SAMN00038971,PRJNA48479,241782,,,,male,,healthy_control,,,,,,excluded,12.0,5.152
SAMN00038975,PRJNA48479,241782,,,,male,,healthy_control,,,,,,excluded,38.0,16.929
SAMN00038981,PRJNA48479,241782,,,,male,,healthy_control,,,,,,excluded,12.0,4.905
SAMN00039006,PRJNA48479,241782,,,,male,US,healthy_control,,,,,,excluded,2.0,9.603
SAMN00033023,PRJNA48479,241783,,adult,8766.0,female,US,healthy_control,Healthy,,,,,primary,2.0,14.551
SAMN00038033,PRJNA48479,241783,,,,female,,healthy_control,,,,,,excluded,38.0,19.632
SAMN00084753,PRJNA48479,241783,,,,female,,healthy_control,Health,,,,,primary,1.0,0.886
SAMN00084759,PRJNA48479,241783,,,,female,,healthy_control,,,,,,excluded,1.0,1.224
SAMN00084765,PRJNA48479,241783,,,,female,,healthy_control,,,,,,excluded,12.0,4.714
SAMN00084830,PRJNA48479,241783,,,,female,,healthy_control,,,,,,excluded,1.0,0.708
SAMN00143970,PRJNA48479,241783,,,,female,,healthy_control,Health,,,,,primary,1.0,1.151
SAMN00143976,PRJNA48479,241783,,,,female,,healthy_control,,,,,,excluded,12.0,4.449
SAMN00143978,PRJNA48479,241783,,,,female,,healthy_control,,,,,,excluded,12.0,4.552
SAMN00143982,PRJNA48479,241783,,,,female,,healthy_control,,,,,,excluded,12.0,3.98
SAMN00143991,PRJNA48479,241783,,,,female,,healthy_control,,,,,,excluded,1.0,1.312
SAMN00036797,PRJNA48479,241784,,,,female,,healthy_control,Health,,,,,primary,1.0,4.585
SAMN00036802,PRJNA48479,241784,,,,female,,healthy_control,,,,,,excluded,1.0,4.385
SAMN00036805,PRJNA48479,241784,,,,female,,healthy_control,,,,,,excluded,1.0,5.472
SAMN00036808,PRJNA48479,241784,,,,female,,healthy_control,,,,,,excluded,2.0,5.074
SAMN00036810,PRJNA48479,241784,,,,female,,healthy_control,,,,,,excluded,2.0,3.457
SAMN00036814,PRJNA48479,241784,,,,female,,healthy_control,,,,,,excluded,1.0,4.748
SAMN00081569,PRJNA48479,241784,,,,female,,healthy_control,,,,,,excluded,1.0,4.21
SAMN00082645,PRJNA48479,241784,,,,female,,healthy_control,,,,,,excluded,1.0,5.009
SAMN00083249,PRJNA48479,241784,,,,female,,healthy_control,,,,,,excluded,1.0,4.207
SAMN00084566,PRJNA48479,241784,,,,female,,healthy_control,,,,,,excluded,2.0,4.901
SAMN00036482,PRJNA48479,241787,,adult,13514.25,male,US,healthy_control,Healthy,,,,,primary,2.0,7.15
SAMN00036487,PRJNA48479,241787,,adult,13514.25,male,US,healthy_control,,,,,,excluded,2.0,10.292
SAMN00036490,PRJNA48479,241787,,adult,13514.25,male,US,healthy_control,,,,,,excluded,2.0,11.055
SAMN00036492,PRJNA48479,241787,,adult,13514.25,male,US,healthy_control,,,,,,excluded,2.0,13.592
SAMN00036496,PRJNA48479,241787,,adult,13514.25,male,US,healthy_control,,,,,,excluded,3.0,14.011
SAMN00036498,PRJNA48479,241787,,,,male,,healthy_control,Health,,,,,primary,1.0,4.442
SAMN00036508,PRJNA48479,241787,,,,male,,healthy_control,,,,,,excluded,2.0,8.087
SAMN00036514,PRJNA48479,241787,,,,male,,healthy_control,,,,,,excluded,2.0,6.402
SAMN00036526,PRJNA48479,241787,,,,male,,healthy_control,,,,,,excluded,2.0,7.371
SAMN00062240,PRJNA48479,241787,,,,male,,healthy_control,Health,,,,,primary,2.0,4.028
SAMN00063781,PRJNA48479,241787,,adult,13514.25,male,US,healthy_control,,,,,,excluded,2.0,13.622
SAMN00064495,PRJNA48479,241787,,adult,13514.25,male,US,healthy_control,,,,,,excluded,2.0,11.611
SAMN00067853,PRJNA48479,241787,,adult,13514.25,male,US,healthy_control,,,,,,excluded,2.0,11.971
SAMN00069401,PRJNA48479,241787,,,,male,,healthy_control,,,,,,excluded,1.0,6.435
SAMN00070308,PRJNA48479,241787,,adult,13514.25,male,US,healthy_control,Healthy,,,,,primary,2.0,11.233
SAMN00087242,PRJNA48479,241787,,,,male,,healthy_control,,,,,,excluded,1.0,16.941
SAMN00087252,PRJNA48479,241787,,,,male,,healthy_control,,,,,,excluded,1.0,11.641
SAMN00087253,PRJNA48479,241787,,,,male,,healthy_control,Health,,,,,primary,1.0,10.392
SAMN00087259,PRJNA48479,241787,,,,male,,healthy_control,,,,,,excluded,1.0,17.803
SAMN00087262,PRJNA48479,241787,,,,male,,healthy_control,,,,,,excluded,2.0,4.86
SAMN00087271,PRJNA48479,241787,,,,male,,healthy_control,,,,,,excluded,1.0,9.651
SAMN00087282,PRJNA48479,241787,,,,male,,healthy_control,,,,,,excluded,2.0,3.228
SAMN00087284,PRJNA48479,241787,,,,male,,healthy_control,Health,,,,,primary,2.0,8.485
SAMN00041010,PRJNA48479,241790,,,,female,,healthy_control,,,,,,excluded,2.0,5.774
SAMN00041012,PRJNA48479,241790,,,,female,,healthy_control,,,,,,excluded,2.0,5.928
SAMN00041016,PRJNA48479,241790,,,,female,,healthy_control,,,,,,excluded,1.0,4.442
SAMN00041025,PRJNA48479,241790,,,,female,,healthy_control,,,,,,excluded,2.0,4.472
SAMN00100537,PRJNA48479,241790,,,,female,,healthy_control,Health,,,,,primary,2.0,5.819
SAMN00100540,PRJNA48479,241790,,,,female,,healthy_control,,,,,,excluded,2.0,6.608
SAMN00100546,PRJNA48479,241790,,,,female,,healthy_control,,,,,,excluded,2.0,8.384
SAMN00100552,PRJNA48479,241790,,,,female,,healthy_control,,,,,,excluded,2.0,6.862
SAMN10657923,PRJNA48479,241791,,adult,9131.25,male,US,healthy_control,Healthy,,,,,primary,2.0,12.841
SAMN10657924,PRJNA48479,241791,,adult,9131.25,male,US,healthy_control,Healthy,,,,,primary,2.0,11.013
SAMN00038115,PRJNA48479,241792,,,,male,,healthy_control,Health,,,,,primary,1.0,1.092
SAMN00038162,PRJNA48479,241792,,adult,10227.0,male,US,healthy_control,,,,,,excluded,4.0,22.167
SAMN00036005,PRJNA48479,241793,,,,female,,healthy_control,,,,,,excluded,2.0,3.59
SAMN00036019,PRJNA48479,241793,,,,female,,healthy_control,,,,,,excluded,2.0,7.338
SAMN00085980,PRJNA48479,241793,,,,female,,healthy_control,,,,,,excluded,1.0,6.337
SAMN00085982,PRJNA48479,241793,,,,female,,healthy_control,,,,,,excluded,1.0,5.565
SAMN00085986,PRJNA48479,241793,,,,female,,healthy_control,,,,,,excluded,2.0,6.755
SAMN00085988,PRJNA48479,241793,,,,female,,healthy_control,Health,,,,,primary,2.0,5.516
SAMN00085993,PRJNA48479,241793,,,,female,,healthy_control,,,,,,excluded,2.0,4.847
SAMN00085996,PRJNA48479,241793,,,,female,,healthy_control,,,,,,excluded,2.0,3.263
SAMN00095054,PRJNA48479,241793,,,,female,,healthy_control,,,,,,excluded,2.0,7.346
SAMN00095056,PRJNA48479,241793,,,,female,,healthy_control,,,,,,excluded,2.0,4.162
SAMN00095088,PRJNA48479,241793,,,,female,,healthy_control,,,,,,excluded,1.0,8.94
SAMN00095092,PRJNA48479,241793,,,,female,,healthy_control,Health,,,,,primary,1.0,17.462
SAMN00095106,PRJNA48479,241793,,,,female,,healthy_control,,,,,,excluded,2.0,13.548
SAMN00095108,PRJNA48479,241793,,,,female,,healthy_control,,,,,,excluded,1.0,8.716
SAMN00034373,PRJNA48479,241794,,adult,13879.5,male,US,healthy_control,,,,,,excluded,2.0,13.589
SAMN00035018,PRJNA48479,241794,,adult,13879.5,male,US,healthy_control,Healthy,,,,,primary,2.0,13.814
SAMN00035036,PRJNA48479,241794,,adult,13879.5,male,US,healthy_control,,,,,,excluded,2.0,13.493
SAMN00035043,PRJNA48479,241794,,adult,13879.5,male,US,healthy_control,,,,,,excluded,2.0,14.168
SAMN00035054,PRJNA48479,241794,,adult,13879.5,male,US,healthy_control,,,,,,excluded,2.0,14.554
SAMN00045653,PRJNA48479,241794,,adult,13879.5,male,US,healthy_control,Healthy,,,,,primary,2.0,14.267
SAMN00045659,PRJNA48479,241794,,adult,13879.5,male,US,healthy_control,,,,,,excluded,2.0,14.73
SAMN00045665,PRJNA48479,241794,,adult,13879.5,male,US,healthy_control,,,,,,excluded,2.0,15.542
SAMN00045688,PRJNA48479,241794,,adult,13879.5,male,US,healthy_control,,,,,,excluded,2.0,15.944
SAMN00045700,PRJNA48479,241794,,adult,13879.5,male,US,healthy_control,,,,,,excluded,2.0,14.248
SAMN00038187,PRJNA48479,241795,,,,female,,healthy_control,,,,,,excluded,38.0,22.594
SAMN00070529,PRJNA48479,241795,,,,female,,healthy_control,Health,,,,,primary,1.0,1.029
SAMN00034739,PRJNA48479,241796,,adult,8035.5,female,US,healthy_control,Healthy,,,,,primary,2.0,11.057
SAMN00034751,PRJNA48479,241796,,adult,8035.5,female,US,healthy_control,,,,,,excluded,2.0,7.757
SAMN00034760,PRJNA48479,241796,,adult,8035.5,female,US,healthy_control,,,,,,excluded,2.0,8.167
SAMN00068663,PRJNA48479,241796,,,,female,,healthy_control,Health,,,,,primary,12.0,4.883
SAMN00069156,PRJNA48479,241796,,adult,8035.5,female,US,healthy_control,,,,,,excluded,2.0,11.802
SAMN00070004,PRJNA48479,241796,,adult,8035.5,female,US,healthy_control,Healthy,,,,,primary,2.0,11.895
SAMN00072765,PRJNA48479,241796,,adult,8035.5,female,US,healthy_control,,,,,,excluded,2.0,11.647
SAMN00075168,PRJNA48479,241796,,,,female,,healthy_control,,,,,,excluded,12.0,0.0
SAMN00077895,PRJNA48479,241796,,,,female,,healthy_control,,,,,,excluded,12.0,5.956
SAMN00077903,PRJNA48479,241796,,,,female,,healthy_control,,,,,,excluded,12.0,4.781
SAMN00078013,PRJNA48479,241796,,,,female,,healthy_control,,,,,,excluded,5.0,0.0
SAMN00088343,PRJNA48479,241796,,adult,8035.5,female,US,healthy_control,Healthy,,,,,primary,2.0,10.113
SAMN00088344,PRJNA48479,241796,,,,female,,healthy_control,Health,,,,,primary,1.0,1.088
SAMN00088349,PRJNA48479,241796,,adult,8035.5,female,US,healthy_control,,,,,,excluded,2.0,0.807
SAMN00088364,PRJNA48479,241796,,adult,8035.5,female,US,healthy_control,,,,,,excluded,4.0,39.176
SAMN00088378,PRJNA48479,241796,,,,female,,healthy_control,,,,,,excluded,1.0,1.214
SAMN00088382,PRJNA48479,241796,,,,female,,healthy_control,,,,,,excluded,12.0,6.145
SAMN00088390,PRJNA48479,241796,,,,female,,healthy_control,,,,,,excluded,12.0,5.669
SAMN00088402,PRJNA48479,241796,,,,female,,healthy_control,,,,,,excluded,12.0,0.089
SAMN00088408,PRJNA48479,241796,,,,female,,healthy_control,,,,,,excluded,1.0,1.185
SAMN00039569,PRJNA48479,241797,,adult,8766.0,male,US,healthy_control,Healthy,,,,,primary,2.0,13.147
SAMN00039575,PRJNA48479,241797,,adult,8766.0,male,US,healthy_control,,,,,,excluded,2.0,12.53
SAMN00039577,PRJNA48479,241797,,adult,8766.0,male,US,healthy_control,,,,,,excluded,4.0,19.408
SAMN00039587,PRJNA48479,241797,,adult,8766.0,male,US,healthy_control,,,,,,excluded,2.0,14.643
SAMN00039612,PRJNA48479,241797,,adult,8766.0,male,US,healthy_control,,,,,,excluded,2.0,14.857
SAMN00062968,PRJNA48479,241797,,,,male,,healthy_control,,,,,,excluded,30.0,14.33
SAMN00064481,PRJNA48479,241797,,,,male,,healthy_control,,,,,,excluded,30.0,14.108
SAMN00065945,PRJNA48479,241797,,,,male,,healthy_control,Health,,,,,primary,12.0,5.08
SAMN00072527,PRJNA48479,241797,,,,male,,healthy_control,,,,,,excluded,38.0,19.684
SAMN00076708,PRJNA48479,241797,,,,male,,healthy_control,,,,,,excluded,30.0,13.404
SAMN00078270,PRJNA48479,241797,,,,male,,healthy_control,,,,,,excluded,30.0,13.954
SAMN00085245,PRJNA48479,241797,,,,male,,healthy_control,Health,,,,,primary,13.0,9.735
SAMN00085251,PRJNA48479,241797,,,,male,,healthy_control,,,,,,excluded,38.0,23.24
SAMN00085253,PRJNA48479,241797,,,,male,,healthy_control,,,,,,excluded,38.0,22.924
SAMN00085257,PRJNA48479,241797,,,,male,,healthy_control,,,,,,excluded,30.0,12.844
SAMN00085259,PRJNA48479,241797,,,,male,,healthy_control,,,,,,excluded,30.0,12.549
SAMN00085260,PRJNA48479,241797,,,,male,,healthy_control,,,,,,excluded,30.0,13.877
SAMN00085263,PRJNA48479,241797,,,,male,,healthy_control,,,,,,excluded,38.0,21.019
SAMN10659041,PRJNA48479,241797,,,,male,,healthy_control,Health,,,,,primary,13.0,10.85
SAMN00041438,PRJNA48479,241798,,adult,8766.0,male,US,healthy_control,,,,,,excluded,2.0,13.48
SAMN00041440,PRJNA48479,241798,,adult,8766.0,male,US,healthy_control,,,,,,excluded,4.0,18.026
SAMN00041444,PRJNA48479,241798,,adult,8766.0,male,US,healthy_control,,,,,,excluded,2.0,12.492
SAMN00041450,PRJNA48479,241798,,adult,8766.0,male,US,healthy_control,,,,,,excluded,2.0,13.624
SAMN00041451,PRJNA48479,241798,,adult,8766.0,male,US,healthy_control,Healthy,,,,,primary,2.0,15.762
SAMN00041479,PRJNA48479,241798,,adult,8766.0,male,US,healthy_control,,,,,,excluded,2.0,12.036
SAMN00041481,PRJNA48479,241798,,adult,8766.0,male,US,healthy_control,,,,,,excluded,2.0,11.951
SAMN00065009,PRJNA48479,241798,,,,male,,healthy_control,Health,,,,,primary,1.0,0.0
SAMN00039077,PRJNA48479,241799,,,,male,,healthy_control,Health,,,,,primary,12.0,4.897
SAMN00040433,PRJNA48479,241800,,adult,9861.75,female,US,healthy_control,,,,,,excluded,2.0,12.58
SAMN00040437,PRJNA48479,241800,,adult,9861.75,female,US,healthy_control,,,,,,excluded,2.0,11.608
SAMN00040439,PRJNA48479,241800,,adult,9861.75,female,US,healthy_control,,,,,,excluded,2.0,12.577
SAMN00040443,PRJNA48479,241800,,adult,9861.75,female,US,healthy_control,,,,,,excluded,2.0,11.624
SAMN00040463,PRJNA48479,241800,,,,female,US,healthy_control,,,,,,excluded,4.0,20.707
SAMN00040485,PRJNA48479,241800,,adult,9861.75,female,US,healthy_control,Healthy,,,,,primary,2.0,13.305
SAMN00142507,PRJNA48479,241800,,,,female,,healthy_control,,,,,,excluded,1.0,13.797
SAMN00142527,PRJNA48479,241800,,,,female,,healthy_control,,,,,,excluded,2.0,16.421
SAMN00142557,PRJNA48479,241800,,,,female,,healthy_control,,,,,,excluded,1.0,10.464
SAMN00142559,PRJNA48479,241800,,,,female,,healthy_control,Health,,,,,primary,1.0,14.104
SAMN00036755,PRJNA48479,241802,,,6574.5,male,US,healthy_control,,,,,,excluded,2.0,10.977
SAMN00036758,PRJNA48479,241802,,,,male,,healthy_control,,,,,,excluded,2.0,12.593
SAMN00036792,PRJNA48479,241802,,,6574.5,male,US,healthy_control,,,,,,excluded,2.0,11.593
SAMN00087658,PRJNA48479,241802,,,,male,,healthy_control,,,,,,excluded,1.0,15.925
SAMN00087668,PRJNA48479,241802,,,,male,,healthy_control,,,,,,excluded,1.0,13.708
SAMN00087669,PRJNA48479,241802,,,,male,,healthy_control,Health,,,,,primary,1.0,10.992
SAMN00087675,PRJNA48479,241802,,,,male,,healthy_control,,,,,,excluded,1.0,18.275
SAMN00087687,PRJNA48479,241802,,,,male,,healthy_control,,,,,,excluded,1.0,17.865
SAMN00087700,PRJNA48479,241802,,,,male,,healthy_control,Health,,,,,primary,2.0,6.221
SAMN10657921,PRJNA48479,241802,,,6574.5,male,US,healthy_control,Healthy,,,,,primary,2.0,12.777
SAMN00033491,PRJNA48479,241803,,adult,8035.5,female,US,healthy_control,Healthy,,,,,primary,2.0,14.041
SAMN00033497,PRJNA48479,241803,,adult,8035.5,female,US,healthy_control,,,,,,excluded,2.0,14.653
SAMN00033499,PRJNA48479,241803,,adult,8035.5,female,US,healthy_control,,,,,,excluded,2.0,14.234
SAMN00033503,PRJNA48479,241803,,adult,8035.5,female,US,healthy_control,,,,,,excluded,2.0,13.756
SAMN00033509,PRJNA48479,241803,,adult,8035.5,female,US,healthy_control,,,,,,excluded,2.0,13.451
SAMN00033512,PRJNA48479,241803,,adult,8035.5,female,US,healthy_control,,,,,,excluded,2.0,13.535
SAMN00043289,PRJNA48479,241803,,adult,8035.5,female,US,healthy_control,Healthy,,,,,primary,2.0,11.853
SAMN00043295,PRJNA48479,241803,,adult,8035.5,female,US,healthy_control,,,,,,excluded,2.0,12.683
SAMN00043297,PRJNA48479,241803,,adult,8035.5,female,US,healthy_control,,,,,,excluded,2.0,12.804
SAMN00043301,PRJNA48479,241803,,adult,8035.5,female,US,healthy_control,,,,,,excluded,2.0,12.045
SAMN00043310,PRJNA48479,241803,,adult,8035.5,female,US,healthy_control,,,,,,excluded,2.0,12.732
SAMN00043311,PRJNA48479,241803,,,,female,US,healthy_control,Health,,,,,primary,2.0,0.715
SAMN00043347,PRJNA48479,241803,,adult,8035.5,female,US,healthy_control,,,,,,excluded,2.0,14.941
SAMN00032834,PRJNA48479,241804,,adult,12783.75,female,US,healthy_control,,,,,,excluded,2.0,14.204
SAMN00034316,PRJNA48479,241804,,,,female,,healthy_control,Health,,,,,primary,38.0,20.609
SAMN00040604,PRJNA48479,241805,,adult,7670.25,male,US,healthy_control,,,,,,excluded,2.0,10.746
SAMN00040605,PRJNA48479,241805,,adult,7670.25,male,US,healthy_control,,,,,,excluded,2.0,11.841
SAMN00040607,PRJNA48479,241805,,adult,7670.25,male,US,healthy_control,,,,,,excluded,4.0,14.185
SAMN00040609,PRJNA48479,241805,,adult,7670.25,male,US,healthy_control,,,,,,excluded,3.0,13.857
SAMN00040615,PRJNA48479,241805,,adult,7670.25,male,US,healthy_control,Healthy,,,,,primary,2.0,11.969
SAMN00040646,PRJNA48479,241805,,,,male,,healthy_control,Health,,,,,primary,4.0,5.628
SAMN00081902,PRJNA48479,241805,,adult,7670.25,male,US,healthy_control,,,,,,excluded,2.0,10.875
SAMN00082202,PRJNA48479,241805,,adult,7670.25,male,US,healthy_control,,,,,,excluded,2.0,11.505
SAMN00084359,PRJNA48479,241805,,adult,7670.25,male,US,healthy_control,,,,,,excluded,2.0,11.346
SAMN00040805,PRJNA48479,241807,,adult,7670.25,female,US,healthy_control,,,,,,excluded,2.0,13.212
SAMN00040809,PRJNA48479,241807,,adult,7670.25,female,US,healthy_control,,,,,,excluded,2.0,12.478
SAMN00040815,PRJNA48479,241807,,adult,7670.25,female,US,healthy_control,,,,,,excluded,2.0,11.693
SAMN00040818,PRJNA48479,241807,,adult,7670.25,female,US,healthy_control,,,,,,excluded,2.0,12.259
SAMN00040819,PRJNA48479,241807,,adult,7670.25,female,US,healthy_control,Healthy,,,,,primary,2.0,13.557
SAMN00040825,PRJNA48479,241807,,adult,7670.25,female,US,healthy_control,,,,,,excluded,2.0,12.021
SAMN00040856,PRJNA48479,241807,,,,female,,healthy_control,Health,,,,,primary,1.0,7.78
SAMN00147150,PRJNA48479,241807,,,,female,,healthy_control,,,,,,excluded,1.0,7.948
SAMN00147154,PRJNA48479,241807,,,,female,,healthy_control,,,,,,excluded,1.0,10.578
SAMN00147167,PRJNA48479,241807,,,,female,,healthy_control,,,,,,excluded,1.0,28.452
SAMN00036106,PRJNA48479,241808,,adult,12053.25,male,US,healthy_control,,,,,,excluded,2.0,11.434
SAMN00036108,PRJNA48479,241808,,adult,12053.25,male,US,healthy_control,,,,,,excluded,2.0,12.293
SAMN00036112,PRJNA48479,241808,,adult,12053.25,male,US,healthy_control,,,,,,excluded,3.0,9.406
SAMN00036119,PRJNA48479,241808,,adult,12053.25,male,US,healthy_control,,,,,,excluded,2.0,10.773
SAMN00036141,PRJNA48479,241808,,adult,12053.25,male,US,healthy_control,Healthy,,,,,primary,2.0,12.425
SAMN00062699,PRJNA48479,241808,,,,male,,healthy_control,Health,,,,,primary,1.0,4.564
SAMN00070934,PRJNA48479,241808,,adult,12053.25,male,US,healthy_control,Healthy,,,,,primary,2.0,10.5
SAMN00075387,PRJNA48479,241808,,adult,12053.25,male,US,healthy_control,,,,,,excluded,2.0,11.912
SAMN00077364,PRJNA48479,241808,,adult,12053.25,male,US,healthy_control,,,,,,excluded,3.0,18.505
SAMN00039134,PRJNA48479,241809,,,,male,,healthy_control,Health,,,,,primary,30.0,13.898
SAMN00032498,PRJNA48479,241810,,adult,10957.5,female,US,healthy_control,Healthy,,,,,primary,3.0,14.832
SAMN00032523,PRJNA48479,241810,,adult,10957.5,female,US,healthy_control,,,,,,excluded,2.0,13.161
SAMN00032527,PRJNA48479,241810,,adult,10957.5,female,US,healthy_control,,,,,,excluded,2.0,14.974
SAMN00032535,PRJNA48479,241810,,adult,10957.5,female,US,healthy_control,,,,,,excluded,4.0,20.447
SAMN00032542,PRJNA48479,241810,,adult,10957.5,female,US,healthy_control,,,,,,excluded,2.0,15.452
SAMN00032548,PRJNA48479,241810,,adult,10957.5,female,US,healthy_control,,,,,,excluded,6.0,28.847
SAMN00043682,PRJNA48479,241810,,,,female,,healthy_control,,,,,,excluded,13.0,9.241
SAMN00068879,PRJNA48479,241811,,adult,8400.75,female,US,healthy_control,Healthy,,,,,primary,2.0,11.491
SAMN00035620,PRJNA48479,241812,,,,female,,healthy_control,,,,,,excluded,1.0,6.804
SAMN00035622,PRJNA48479,241812,,,,female,,healthy_control,,,,,,excluded,1.0,5.927
SAMN00035630,PRJNA48479,241812,,,,female,,healthy_control,Health,,,,,primary,2.0,4.536
SAMN00035633,PRJNA48479,241812,,,,female,,healthy_control,,,,,,excluded,2.0,5.624
SAMN00068629,PRJNA48479,241812,,,,female,,healthy_control,,,,,,excluded,2.0,7.563
SAMN00037510,PRJNA48479,241813,,adult,7305.0,male,US,healthy_control,,,,,,excluded,2.0,10.325
SAMN00037515,PRJNA48479,241813,,adult,7305.0,male,US,healthy_control,,,,,,excluded,2.0,12.119
SAMN00037530,PRJNA48479,241813,,,,male,,healthy_control,,,,,,excluded,1.0,2.335
SAMN00037537,PRJNA48479,241813,,adult,7305.0,male,US,healthy_control,,,,,,excluded,2.0,12.329
SAMN00037540,PRJNA48479,241813,,,,male,,healthy_control,,,,,,excluded,1.0,4.95
SAMN00037549,PRJNA48479,241813,,adult,7305.0,male,US,healthy_control,,,,,,excluded,2.0,12.813
SAMN00037553,PRJNA48479,241813,,adult,7305.0,male,US,healthy_control,Healthy,,,,,primary,2.0,13.606
SAMN00067023,PRJNA48479,241813,,adult,7305.0,male,US,healthy_control,Healthy,,,,,primary,2.0,11.374
SAMN00069173,PRJNA48479,241813,,adult,7305.0,male,US,healthy_control,Healthy,,,,,primary,3.0,14.271
SAMN00142096,PRJNA48479,241813,,,,male,,healthy_control,,,,,,excluded,2.0,4.92
SAMN00142100,PRJNA48479,241813,,,,male,,healthy_control,,,,,,excluded,1.0,14.597
SAMN00142107,PRJNA48479,241813,,,,male,,healthy_control,Health,,,,,primary,1.0,11.038
SAMN00142113,PRJNA48479,241813,,,,male,,healthy_control,,,,,,excluded,1.0,18.177
SAMN00142124,PRJNA48479,241813,,,,male,,healthy_control,,,,,,excluded,2.0,5.094
SAMN00142138,PRJNA48479,241813,,,,male,,healthy_control,Health,,,,,primary,2.0,9.833
SAMN00038321,PRJNA48479,241814,,adult,9496.5,male,US,healthy_control,Healthy,,,,,primary,2.0,14.153
SAMN00038338,PRJNA48479,241814,,adult,9496.5,male,US,healthy_control,,,,,,excluded,2.0,12.978
SAMN00038345,PRJNA48479,241814,,adult,9496.5,male,US,healthy_control,,,,,,excluded,2.0,15.259
SAMN00038357,PRJNA48479,241814,,adult,9496.5,male,US,healthy_control,,,,,,excluded,2.0,14.751
SAMN00038374,PRJNA48479,241814,,adult,9496.5,male,US,healthy_control,,,,,,excluded,2.0,14.338
SAMN00045536,PRJNA48479,241814,,adult,9496.5,male,US,healthy_control,,,,,,excluded,2.0,14.041
SAMN00045549,PRJNA48479,241814,,adult,9496.5,male,US,healthy_control,Healthy,,,,,primary,2.0,14.52
SAMN00045565,PRJNA48479,241814,,adult,9496.5,male,US,healthy_control,,,,,,excluded,2.0,15.02
SAMN00045573,PRJNA48479,241814,,adult,9496.5,male,US,healthy_control,,,,,,excluded,2.0,14.199
SAMN00082442,PRJNA48479,241815,,,,male,,healthy_control,,,,,,excluded,2.0,2.214
SAMN00082702,PRJNA48479,241815,,,,male,,healthy_control,,,,,,excluded,2.0,7.261
SAMN00087450,PRJNA48479,241815,,,,male,,healthy_control,,,,,,excluded,1.0,14.179
SAMN00087461,PRJNA48479,241815,,,,male,,healthy_control,Health,,,,,primary,1.0,8.692
SAMN00087467,PRJNA48479,241815,,,,male,,healthy_control,,,,,,excluded,1.0,16.345
SAMN00087470,PRJNA48479,241815,,,,male,,healthy_control,,,,,,excluded,2.0,3.387
SAMN00087475,PRJNA48479,241815,,,,male,,healthy_control,,,,,,excluded,1.0,18.362
SAMN00087479,PRJNA48479,241815,,,,male,,healthy_control,,,,,,excluded,1.0,16.551
SAMN00087489,PRJNA48479,241815,,,,male,,healthy_control,,,,,,excluded,1.0,25.826
SAMN00089474,PRJNA48479,241815,,,,male,,healthy_control,,,,,,excluded,1.0,27.309
SAMN00083038,PRJNA48479,241816,,,,male,,healthy_control,,,,,,excluded,38.0,20.375
SAMN00043742,PRJNA48479,241817,,adult,9496.5,female,US,healthy_control,Healthy,,,,,primary,3.0,3.098
SAMN00043748,PRJNA48479,241817,,adult,9496.5,female,US,healthy_control,,,,,,excluded,1.0,8.473
SAMN00043750,PRJNA48479,241817,,adult,9496.5,female,US,healthy_control,,,,,,excluded,1.0,6.146
SAMN00043754,PRJNA48479,241817,,adult,9496.5,female,US,healthy_control,,,,,,excluded,1.0,9.712
SAMN00043763,PRJNA48479,241817,,adult,9496.5,female,US,healthy_control,,,,,,excluded,1.0,5.404
SAMN00082064,PRJNA48479,241817,,adult,9496.5,female,US,healthy_control,Healthy,,,,,primary,4.0,12.689
SAMN00082312,PRJNA48479,241817,,adult,9496.5,female,US,healthy_control,,,,,,excluded,1.0,13.392
SAMN00083121,PRJNA48479,241817,,,,female,,healthy_control,,,,,,excluded,38.0,21.387
SAMN00083690,PRJNA48479,241817,,,,female,,healthy_control,,,,,,excluded,30.0,16.719
SAMN00083728,PRJNA48479,241817,,adult,9496.5,female,US,healthy_control,,,,,,excluded,1.0,13.328
SAMN00084123,PRJNA48479,241817,,adult,9496.5,female,US,healthy_control,,,,,,excluded,1.0,5.085
SAMN00084455,PRJNA48479,241817,,adult,9496.5,female,US,healthy_control,,,,,,excluded,1.0,0.679
SAMN00139730,PRJNA48479,241817,,,,female,,healthy_control,Health,,,,,primary,20.0,10.999
SAMN00139736,PRJNA48479,241817,,,,female,,healthy_control,,,,,,excluded,30.0,12.673
SAMN00139738,PRJNA48479,241817,,,,female,,healthy_control,,,,,,excluded,30.0,12.462
SAMN00139744,PRJNA48479,241817,,,,female,,healthy_control,,,,,,excluded,30.0,14.705
SAMN00139745,PRJNA48479,241817,,,,female,,healthy_control,,,,,,excluded,30.0,14.678
SAMN00139751,PRJNA48479,241817,,,,female,,healthy_control,,,,,,excluded,38.0,5.541
SAMN00040703,PRJNA48479,241818,,,,female,,healthy_control,,,,,,excluded,1.0,4.547
SAMN00040706,PRJNA48479,241818,,,,female,,healthy_control,,,,,,excluded,2.0,5.276
SAMN00040708,PRJNA48479,241818,,,,female,,healthy_control,,,,,,excluded,2.0,4.967
SAMN00040712,PRJNA48479,241818,,,,female,,healthy_control,,,,,,excluded,2.0,4.863
SAMN00100326,PRJNA48479,241818,,,,female,,healthy_control,,,,,,excluded,1.0,4.418
SAMN00100329,PRJNA48479,241818,,,,female,,healthy_control,,,,,,excluded,1.0,5.271
SAMN00100331,PRJNA48479,241818,,,,female,,healthy_control,,,,,,excluded,2.0,4.101
SAMN00100336,PRJNA48479,241818,,,,female,,healthy_control,,,,,,excluded,2.0,8.741
SAMN00045710,PRJNA48479,241819,,,,male,,healthy_control,Health,,,,,primary,12.0,4.716
SAMN00045716,PRJNA48479,241819,,,,male,,healthy_control,,,,,,excluded,12.0,5.25
SAMN00045718,PRJNA48479,241819,,,,male,,healthy_control,,,,,,excluded,12.0,5.656
SAMN00045722,PRJNA48479,241819,,,,male,,healthy_control,,,,,,excluded,12.0,4.588
SAMN00045728,PRJNA48479,241819,,,,male,,healthy_control,,,,,,excluded,2.0,0.0
SAMN00088077,PRJNA48479,241819,,,,male,,healthy_control,Health,,,,,primary,1.0,0.0
SAMN00088083,PRJNA48479,241819,,,,male,,healthy_control,,,,,,excluded,12.0,5.215
SAMN00088085,PRJNA48479,241819,,,,male,,healthy_control,,,,,,excluded,12.0,5.192
SAMN00088089,PRJNA48479,241819,,,,male,,healthy_control,,,,,,excluded,12.0,4.823
SAMN00032571,PRJNA48479,241820,,adult,9131.25,male,US,healthy_control,Healthy,,,,,primary,2.0,15.609
SAMN00032577,PRJNA48479,241820,,adult,9131.25,male,US,healthy_control,,,,,,excluded,2.0,12.807
SAMN00032581,PRJNA48479,241820,,adult,9131.25,male,US,healthy_control,,,,,,excluded,2.0,13.767
SAMN00032589,PRJNA48479,241820,,adult,9131.25,male,US,healthy_control,,,,,,excluded,2.0,15.354
SAMN00043820,PRJNA48479,241820,,adult,9131.25,male,US,healthy_control,,,,,,excluded,2.0,12.765
SAMN00043827,PRJNA48479,241820,,adult,9131.25,male,US,healthy_control,Healthy,,,,,primary,2.0,14.291
SAMN00043839,PRJNA48479,241820,,adult,9131.25,male,US,healthy_control,,,,,,excluded,2.0,15.123
SAMN00043843,PRJNA48479,241820,,adult,9131.25,male,US,healthy_control,,,,,,excluded,2.0,15.38
SAMN00043863,PRJNA48479,241820,,adult,9131.25,male,US,healthy_control,,,,,,excluded,2.0,14.412
SAMN00041726,PRJNA48479,241821,,,,male,,healthy_control,Health,,,,,primary,1.0,1.093
SAMN00041758,PRJNA48479,241821,,,,male,,healthy_control,,,,,,excluded,12.0,4.536
SAMN00072585,PRJNA48479,241821,,,,male,,healthy_control,Health,,,,,primary,1.0,1.116
SAMN00144525,PRJNA48479,241821,,,,male,,healthy_control,Health,,,,,primary,12.0,4.852
SAMN00035677,PRJNA48479,241822,,adult,10227.0,female,US,healthy_control,Healthy,,,,,primary,2.0,9.536
SAMN00035682,PRJNA48479,241822,,adult,10227.0,female,US,healthy_control,,,,,,excluded,2.0,9.734
SAMN00035683,PRJNA48479,241822,,adult,10227.0,female,US,healthy_control,,,,,,excluded,2.0,12.309
SAMN00035684,PRJNA48479,241822,,adult,10227.0,female,US,healthy_control,,,,,,excluded,2.0,10.428
SAMN00035688,PRJNA48479,241822,,adult,10227.0,female,US,healthy_control,,,,,,excluded,2.0,11.788
SAMN00035690,PRJNA48479,241822,,adult,10227.0,female,US,healthy_control,,,,,,excluded,2.0,10.8
SAMN00035691,PRJNA48479,241822,,adult,10227.0,female,US,healthy_control,,,,,,excluded,2.0,13.018
SAMN00035692,PRJNA48479,241822,,adult,10227.0,female,US,healthy_control,,,,,,excluded,2.0,12.699
SAMN00035693,PRJNA48479,241822,,adult,10227.0,female,US,healthy_control,,,,,,excluded,2.0,11.821
SAMN00035694,PRJNA48479,241822,,adult,10227.0,female,US,healthy_control,,,,,,excluded,2.0,11.034
SAMN00035695,PRJNA48479,241822,,adult,10227.0,female,US,healthy_control,,,,,,excluded,2.0,11.843
SAMN00035712,PRJNA48479,241822,,adult,10227.0,female,US,healthy_control,,,,,,excluded,2.0,13.561
SAMN00036275,PRJNA48479,241822,,adult,10227.0,female,US,healthy_control,,,,,,excluded,2.0,14.312
SAMN00036277,PRJNA48479,241822,,adult,10227.0,female,US,healthy_control,,,,,,excluded,4.0,8.704
SAMN00036278,PRJNA48479,241822,,adult,10227.0,female,US,healthy_control,,,,,,excluded,2.0,10.653
SAMN00036279,PRJNA48479,241822,,adult,10227.0,female,US,healthy_control,,,,,,excluded,2.0,12.171
SAMN00036280,PRJNA48479,241822,,adult,10227.0,female,US,healthy_control,,,,,,excluded,2.0,11.815
SAMN00036281,PRJNA48479,241822,,adult,10227.0,female,US,healthy_control,,,,,,excluded,2.0,11.17
SAMN00036282,PRJNA48479,241822,,,,female,,healthy_control,,,,,,excluded,2.0,11.413
SAMN00036283,PRJNA48479,241822,,adult,10227.0,female,US,healthy_control,Healthy,,,,,primary,2.0,10.492
SAMN00036289,PRJNA48479,241822,,adult,10227.0,female,US,healthy_control,,,,,,excluded,2.0,12.428
SAMN00036290,PRJNA48479,241822,,adult,10227.0,female,US,healthy_control,,,,,,excluded,2.0,12.156
SAMN00036291,PRJNA48479,241822,,adult,10227.0,female,US,healthy_control,,,,,,excluded,2.0,13.049
SAMN00036313,PRJNA48479,241822,,,,female,,healthy_control,Health,,,,,primary,2.0,5.366
SAMN00076905,PRJNA48479,241823,,,,male,,healthy_control,,,,,,excluded,1.0,4.035
SAMN00078103,PRJNA48479,241823,,,,male,,healthy_control,,,,,,excluded,1.0,4.556
SAMN00035946,PRJNA48479,241824,,,,female,,healthy_control,,,,,,excluded,2.0,6.011
SAMN00035954,PRJNA48479,241824,,,,female,,healthy_control,Health,,,,,primary,2.0,5.808
SAMN00035962,PRJNA48479,241824,,,,female,,healthy_control,,,,,,excluded,2.0,7.193
SAMN00081536,PRJNA48479,241824,,,,female,,healthy_control,,,,,,excluded,2.0,4.913
SAMN00100095,PRJNA48479,241824,,,,female,,healthy_control,,,,,,excluded,2.0,6.932
SAMN00100101,PRJNA48479,241824,,,,female,,healthy_control,,,,,,excluded,2.0,6.234
SAMN00100103,PRJNA48479,241824,,,,female,,healthy_control,,,,,,excluded,2.0,4.101
SAMN00100110,PRJNA48479,241824,,,,female,,healthy_control,Health,,,,,primary,1.0,19.745
SAMN00100122,PRJNA48479,241824,,,,female,,healthy_control,,,,,,excluded,1.0,9.345
SAMN00100124,PRJNA48479,241824,,,,female,,healthy_control,,,,,,excluded,1.0,19.936
SAMN00100126,PRJNA48479,241824,,,,female,,healthy_control,,,,,,excluded,2.0,12.501
SAMN00100144,PRJNA48479,241824,,,,female,,healthy_control,,,,,,excluded,1.0,24.024
SAMN00100146,PRJNA48479,241824,,,,female,,healthy_control,,,,,,excluded,1.0,27.719
SAMN00035489,PRJNA48479,241825,,adult,12783.75,male,US,healthy_control,,,,,,excluded,2.0,10.841
SAMN00035505,PRJNA48479,241825,,adult,12783.75,male,US,healthy_control,Healthy,,,,,primary,2.0,9.57
SAMN00067228,PRJNA48479,241825,,adult,12783.75,male,US,healthy_control,,,,,,excluded,2.0,11.14
SAMN00070431,PRJNA48479,241825,,adult,12783.75,male,US,healthy_control,Healthy,,,,,primary,3.0,15.361
SAMN00081451,PRJNA48479,241825,,adult,12783.75,male,US,healthy_control,Healthy,,,,,primary,2.0,12.462
SAMN00081568,PRJNA48479,241825,,adult,12783.75,male,US,healthy_control,,,,,,excluded,2.0,13.354
SAMN00082311,PRJNA48479,241825,,adult,12783.75,male,US,healthy_control,,,,,,excluded,2.0,10.548
SAMN00083517,PRJNA48479,241825,,adult,12783.75,male,US,healthy_control,,,,,,excluded,3.0,14.38
SAMN00039645,PRJNA48479,241826,,adult,9131.25,male,US,healthy_control,Healthy,,,,,primary,2.0,12.742
SAMN00039657,PRJNA48479,241826,,adult,9131.25,male,US,healthy_control,,,,,,excluded,2.0,14.136
SAMN00039661,PRJNA48479,241826,,adult,9131.25,male,US,healthy_control,,,,,,excluded,2.0,15.329
SAMN00039681,PRJNA48479,241826,,adult,9131.25,male,US,healthy_control,,,,,,excluded,2.0,14.009
SAMN10658130,PRJNA48479,241826,,,,male,,healthy_control,Health,,,,,primary,2.0,1.015
SAMN00033881,PRJNA48479,241827,,adult,11322.75,male,US,healthy_control,,,,,,excluded,4.0,30.325
SAMN00039363,PRJNA48479,241828,,adult,9496.5,male,US,healthy_control,,,,,,excluded,2.0,15.048
SAMN00039367,PRJNA48479,241828,,adult,9496.5,male,US,healthy_control,,,,,,excluded,4.0,26.414
SAMN00039375,PRJNA48479,241828,,adult,9496.5,male,US,healthy_control,,,,,,excluded,2.0,14.299
SAMN00067643,PRJNA48479,241828,,adult,9496.5,male,US,healthy_control,,,,,,excluded,2.0,14.867
SAMN00074578,PRJNA48479,241828,,adult,9496.5,male,US,healthy_control,,,,,,excluded,2.0,15.308
SAMN00077701,PRJNA48479,241828,,adult,9496.5,male,US,healthy_control,,,,,,excluded,2.0,13.616
SAMN10657908,PRJNA48479,241828,,adult,9496.5,male,US,healthy_control,Healthy,,,,,primary,2.0,15.11
SAMN10657930,PRJNA48479,241828,,adult,9496.5,male,US,healthy_control,Healthy,,,,,primary,2.0,14.335
SAMN00041489,PRJNA48479,241829,,,,male,,healthy_control,Health,,,,,primary,1.0,1.245
SAMN00041495,PRJNA48479,241829,,,,male,,healthy_control,,,,,,excluded,12.0,5.104
SAMN00041501,PRJNA48479,241829,,,,male,,healthy_control,,,,,,excluded,12.0,4.476
SAMN00036073,PRJNA48479,241830,,,,male,,healthy_control,Health,,,,,primary,2.0,6.229
SAMN00037072,PRJNA48479,241830,,adult,14244.75,male,US,healthy_control,Healthy,,,,,primary,2.0,11.712
SAMN00037713,PRJNA48479,241831,,adult,8400.75,female,US,healthy_control,Healthy,,,,,primary,2.0,12.381
SAMN00037719,PRJNA48479,241831,,adult,8400.75,female,US,healthy_control,,,,,,excluded,2.0,12.365
SAMN00037721,PRJNA48479,241831,,adult,8400.75,female,US,healthy_control,,,,,,excluded,2.0,10.76
SAMN00037731,PRJNA48479,241831,,adult,8400.75,female,US,healthy_control,,,,,,excluded,2.0,12.002
SAMN00037734,PRJNA48479,241831,,adult,8400.75,female,US,healthy_control,,,,,,excluded,2.0,11.119
SAMN00037747,PRJNA48479,241831,,adult,8400.75,female,US,healthy_control,,,,,,excluded,2.0,15.622
SAMN00037751,PRJNA48479,241831,,adult,8400.75,female,US,healthy_control,,,,,,excluded,2.0,14.366
SAMN00037759,PRJNA48479,241831,,adult,8400.75,female,US,healthy_control,,,,,,excluded,2.0,12.559
SAMN00037771,PRJNA48479,241831,,adult,8400.75,female,US,healthy_control,,,,,,excluded,2.0,13.485
SAMN00037777,PRJNA48479,241831,,adult,8400.75,female,US,healthy_control,,,,,,excluded,2.0,14.946
SAMN00062867,PRJNA48479,241831,,adult,8400.75,female,US,healthy_control,,,,,,excluded,2.0,11.249
SAMN00063619,PRJNA48479,241831,,,,female,,healthy_control,,,,,,excluded,30.0,13.3
SAMN00065537,PRJNA48479,241831,,,,female,,healthy_control,Health,,,,,primary,69.0,22.581
SAMN00070566,PRJNA48479,241831,,,,female,,healthy_control,,,,,,excluded,30.0,15.054
SAMN00074027,PRJNA48479,241831,,,,female,,healthy_control,,,,,,excluded,30.0,15.691
SAMN00076166,PRJNA48479,241831,,adult,8400.75,female,US,healthy_control,,,,,,excluded,2.0,10.196
SAMN00076632,PRJNA48479,241831,,,,female,,healthy_control,,,,,,excluded,30.0,16.078
SAMN00087897,PRJNA48479,241831,,adult,8400.75,female,US,healthy_control,Healthy,,,,,primary,2.0,11.345
SAMN00087903,PRJNA48479,241831,,adult,8400.75,female,US,healthy_control,,,,,,excluded,3.0,14.221
SAMN00087905,PRJNA48479,241831,,adult,8400.75,female,US,healthy_control,,,,,,excluded,2.0,12.289
SAMN00087911,PRJNA48479,241831,,,,female,,healthy_control,,,,,,excluded,30.0,14.952
SAMN00087912,PRJNA48479,241831,,,,female,,healthy_control,,,,,,excluded,30.0,14.451
SAMN00087918,PRJNA48479,241831,,adult,8400.75,female,US,healthy_control,,,,,,excluded,2.0,10.217
SAMN00087930,PRJNA48479,241831,,,,female,,healthy_control,,,,,,excluded,30.0,14.295
SAMN00087934,PRJNA48479,241831,,,,female,,healthy_control,,,,,,excluded,38.0,18.624
SAMN00087960,PRJNA48479,241831,,,,female,,healthy_control,,,,,,excluded,13.0,11.213
SAMN10657907,PRJNA48479,241831,,adult,8400.75,female,US,healthy_control,Healthy,,,,,primary,2.0,10.158
SAMN10657929,PRJNA48479,241831,,,,female,US,healthy_control,Health,,,,,primary,2.0,15.396
SAMN10658113,PRJNA48479,241831,,,,female,,healthy_control,Health,,,,,primary,22.0,5.368
SAMN10658131,PRJNA48479,241831,,,,female,,healthy_control,Health,,,,,primary,2.0,1.224
SAMN10659269,PRJNA48479,241831,,,,female,,healthy_control,Health,,,,,primary,38.0,18.908
SAMN00039874,PRJNA48479,241832,,adult,7670.25,female,US,healthy_control,Healthy,,,,,primary,4.0,19.955
SAMN00039879,PRJNA48479,241832,,adult,7670.25,female,US,healthy_control,,,,,,excluded,5.0,28.848
SAMN00039883,PRJNA48479,241832,,adult,7670.25,female,US,healthy_control,,,,,,excluded,2.0,11.038
SAMN00039889,PRJNA48479,241832,,adult,7670.25,female,US,healthy_control,,,,,,excluded,2.0,10.96
SAMN00039950,PRJNA48479,241832,,,,female,,healthy_control,Health,,,,,primary,2.0,4.429
SAMN00039957,PRJNA48479,241832,,adult,7670.25,female,US,healthy_control,,,,,,excluded,2.0,11.644
SAMN00039960,PRJNA48479,241832,,,,female,,healthy_control,,,,,,excluded,2.0,6.207
SAMN00039968,PRJNA48479,241832,,,,female,,healthy_control,,,,,,excluded,2.0,6.055
SAMN00039980,PRJNA48479,241832,,,,female,,healthy_control,,,,,,excluded,2.0,8.822
SAMN00039987,PRJNA48479,241832,,adult,7670.25,female,US,healthy_control,,,,,,excluded,3.0,15.679
SAMN00100164,PRJNA48479,241832,,,,female,,healthy_control,,,,,,excluded,1.0,15.292
SAMN00141722,PRJNA48479,241832,,,,female,,healthy_control,Health,,,,,primary,1.0,9.992
SAMN00141738,PRJNA48479,241832,,,,female,,healthy_control,,,,,,excluded,1.0,17.56
SAMN00141744,PRJNA48479,241832,,,,female,,healthy_control,,,,,,excluded,1.0,17.06
SAMN00141748,PRJNA48479,241832,,,,female,,healthy_control,,,,,,excluded,1.0,15.845
SAMN00146091,PRJNA48479,241832,,,,female,,healthy_control,,,,,,excluded,1.0,13.596
SAMN00146095,PRJNA48479,241832,,,,female,,healthy_control,,,,,,excluded,1.0,13.245
SAMN00146105,PRJNA48479,241832,,,,female,,healthy_control,Health,,,,,primary,2.0,6.018
SAMN00146111,PRJNA48479,241832,,,,female,,healthy_control,,,,,,excluded,1.0,17.714
SAMN00146141,PRJNA48479,241832,,,,female,,healthy_control,,,,,,excluded,1.0,22.175
SAMN00034433,PRJNA48479,241833,,adult,9861.75,male,US,healthy_control,Healthy,,,,,primary,2.0,13.547
SAMN00034434,PRJNA48479,241833,,,,male,US,healthy_control,Health,,,,,primary,2.0,0.773
SAMN00034452,PRJNA48479,241833,,adult,9861.75,male,US,healthy_control,,,,,,excluded,2.0,14.503
SAMN00034457,PRJNA48479,241833,,adult,9861.75,male,US,healthy_control,,,,,,excluded,2.0,14.348
SAMN00034470,PRJNA48479,241833,,adult,9861.75,male,US,healthy_control,,,,,,excluded,2.0,14.055
SAMN00034476,PRJNA48479,241833,,adult,9861.75,male,US,healthy_control,,,,,,excluded,4.0,22.847
SAMN00034479,PRJNA48479,241833,,adult,9861.75,male,US,healthy_control,,,,,,excluded,4.0,20.078
SAMN00034487,PRJNA48479,241833,,adult,9861.75,male,US,healthy_control,,,,,,excluded,2.0,14.109
SAMN00045767,PRJNA48479,241833,,adult,9861.75,male,US,healthy_control,Healthy,,,,,primary,2.0,12.002
SAMN00045775,PRJNA48479,241833,,adult,9861.75,male,US,healthy_control,,,,,,excluded,2.0,14.025
SAMN00045779,PRJNA48479,241833,,adult,9861.75,male,US,healthy_control,,,,,,excluded,2.0,13.374
SAMN00045785,PRJNA48479,241833,,adult,9861.75,male,US,healthy_control,,,,,,excluded,2.0,13.674
SAMN00045798,PRJNA48479,241833,,adult,9861.75,male,US,healthy_control,,,,,,excluded,2.0,15.388
SAMN00045814,PRJNA48479,241833,,adult,9861.75,male,US,healthy_control,,,,,,excluded,2.0,12.717
SAMN00045816,PRJNA48479,241833,,adult,9861.75,male,US,healthy_control,,,,,,excluded,2.0,12.141
SAMN00032842,PRJNA48479,241834,,adult,9861.75,female,US,healthy_control,Healthy,,,,,primary,2.0,14.112
SAMN00033021,PRJNA48479,241834,,adult,9861.75,female,US,healthy_control,,,,,,excluded,2.0,12.061
SAMN00045227,PRJNA48479,241834,,adult,9861.75,female,US,healthy_control,Healthy,,,,,primary,3.0,11.988
SAMN00045233,PRJNA48479,241834,,adult,9861.75,female,US,healthy_control,,,,,,excluded,2.0,12.77
SAMN00045235,PRJNA48479,241834,,adult,9861.75,female,US,healthy_control,,,,,,excluded,2.0,14.39
SAMN00045239,PRJNA48479,241834,,adult,9861.75,female,US,healthy_control,,,,,,excluded,2.0,13.568
SAMN00045282,PRJNA48479,241834,,adult,9861.75,female,US,healthy_control,,,,,,excluded,2.0,15.392
SAMN00045286,PRJNA48479,241834,,adult,9861.75,female,US,healthy_control,,,,,,excluded,2.0,13.745
SAMN00069905,PRJNA48479,241837,,,,male,,healthy_control,Health,,,,,primary,38.0,22.96
SAMN00072070,PRJNA48479,241837,,,,male,,healthy_control,,,,,,excluded,38.0,19.912
SAMN00074878,PRJNA48479,241837,,,,male,,healthy_control,Health,,,,,primary,12.0,4.839
SAMN10658877,PRJNA48479,241837,,adult,8400.75,male,US,healthy_control,Healthy,,,,,primary,2.0,14.439
SAMN00038409,PRJNA48479,241838,,adult,10592.25,male,US,healthy_control,Healthy,,,,,primary,2.0,12.643
SAMN00038427,PRJNA48479,241838,,adult,10592.25,male,US,healthy_control,,,,,,excluded,4.0,19.35
SAMN00038433,PRJNA48479,241838,,adult,10592.25,male,US,healthy_control,,,,,,excluded,2.0,15.714
SAMN00038445,PRJNA48479,241838,,adult,10592.25,male,US,healthy_control,,,,,,excluded,2.0,14.039
SAMN00038462,PRJNA48479,241838,,adult,10592.25,male,US,healthy_control,,,,,,excluded,2.0,11.691
SAMN00063431,PRJNA48479,241838,,,,male,US,healthy_control,,,,,,excluded,2.0,14.519
SAMN00063710,PRJNA48479,241838,,adult,10592.25,male,US,healthy_control,Healthy,,,,,primary,2.0,14.578
SAMN00067122,PRJNA48479,241838,,adult,10592.25,male,US,healthy_control,,,,,,excluded,2.0,14.132
SAMN00067234,PRJNA48479,241838,,adult,10592.25,male,US,healthy_control,,,,,,excluded,2.0,14.387
SAMN00070678,PRJNA48479,241838,,adult,10592.25,male,US,healthy_control,,,,,,excluded,2.0,14.761
SAMN00037560,PRJNA48479,241839,,adult,9861.75,male,US,healthy_control,,,,,,excluded,2.0,14.16
SAMN00037567,PRJNA48479,241839,,adult,9861.75,male,US,healthy_control,,,,,,excluded,2.0,14.751
SAMN00037578,PRJNA48479,241839,,adult,9861.75,male,US,healthy_control,,,,,,excluded,2.0,13.774
SAMN00038525,PRJNA48479,241839,,adult,9861.75,male,US,healthy_control,Healthy,,,,,primary,2.0,14.621
SAMN00074068,PRJNA48479,241839,,,,male,,healthy_control,Health,,,,,primary,1.0,1.154
SAMN00035900,PRJNA48479,241840,,adult,8400.75,male,US,healthy_control,,,,,,excluded,3.0,13.729
SAMN00035902,PRJNA48479,241840,,adult,8400.75,male,US,healthy_control,,,,,,excluded,2.0,14.548
SAMN00035904,PRJNA48479,241840,,adult,8400.75,male,US,healthy_control,,,,,,excluded,2.0,12.511
SAMN00035905,PRJNA48479,241840,,adult,8400.75,male,US,healthy_control,,,,,,excluded,2.0,14.22
SAMN00035907,PRJNA48479,241840,,adult,8400.75,male,US,healthy_control,,,,,,excluded,2.0,12.108
SAMN00035908,PRJNA48479,241840,,adult,8400.75,male,US,healthy_control,,,,,,excluded,2.0,12.002
SAMN00035909,PRJNA48479,241840,,adult,8400.75,male,US,healthy_control,,,,,,excluded,2.0,12.875
SAMN00040233,PRJNA48479,241840,,adult,8400.75,male,US,healthy_control,,,,,,excluded,2.0,12.075
SAMN00040234,PRJNA48479,241840,,adult,8400.75,male,US,healthy_control,,,,,,excluded,3.0,14.891
SAMN00040237,PRJNA48479,241840,,adult,8400.75,male,US,healthy_control,,,,,,excluded,3.0,11.808
SAMN00040240,PRJNA48479,241840,,adult,8400.75,male,US,healthy_control,,,,,,excluded,3.0,14.618
SAMN00040242,PRJNA48479,241840,,adult,8400.75,male,US,healthy_control,,,,,,excluded,2.0,10.485
SAMN00040243,PRJNA48479,241840,,adult,8400.75,male,US,healthy_control,,,,,,excluded,2.0,11.503
SAMN00040244,PRJNA48479,241840,,adult,8400.75,male,US,healthy_control,,,,,,excluded,2.0,10.183
SAMN00040245,PRJNA48479,241840,,adult,8400.75,male,US,healthy_control,,,,,,excluded,2.0,10.312
SAMN00040246,PRJNA48479,241840,,adult,8400.75,male,US,healthy_control,,,,,,excluded,2.0,12.309
SAMN00040247,PRJNA48479,241840,,adult,8400.75,male,US,healthy_control,,,,,,excluded,2.0,12.124
SAMN00040251,PRJNA48479,241840,,adult,8400.75,male,US,healthy_control,,,,,,excluded,2.0,12.289
SAMN00040257,PRJNA48479,241840,,adult,8400.75,male,US,healthy_control,,,,,,excluded,2.0,13.605
SAMN00040263,PRJNA48479,241840,,adult,8400.75,male,US,healthy_control,,,,,,excluded,2.0,10.954
SAMN10657911,PRJNA48479,241840,,adult,8400.75,male,US,healthy_control,Healthy,,,,,primary,2.0,9.616
SAMN10657934,PRJNA48479,241840,,adult,8400.75,male,US,healthy_control,Healthy,,,,,primary,20.0,14.383
SAMN00043499,PRJNA48479,241841,,,,female,,healthy_control,,,,,,excluded,38.0,17.531
SAMN00042371,PRJNA48479,241842,,,,female,,healthy_control,Health,,,,,primary,13.0,8.264
SAMN00042746,PRJNA48479,241843,,,,male,,healthy_control,,,,,,excluded,13.0,10.242
SAMN00035342,PRJNA48479,241844,,adult,9131.25,female,US,healthy_control,,,,,,excluded,2.0,11.916
SAMN00035344,PRJNA48479,241844,,adult,9131.25,female,US,healthy_control,,,,,,excluded,2.0,11.085
SAMN00035345,PRJNA48479,241844,,,,female,,healthy_control,,,,,,excluded,2.0,6.014
SAMN00035531,PRJNA48479,241844,,adult,9131.25,female,US,healthy_control,Healthy,,,,,primary,2.0,11.613
SAMN00035561,PRJNA48479,241844,,adult,9131.25,female,US,healthy_control,,,,,,excluded,2.0,12.627
SAMN00035562,PRJNA48479,241844,,,,female,,healthy_control,Health,,,,,primary,2.0,6.09
SAMN00062919,PRJNA48479,241844,,adult,9131.25,female,US,healthy_control,,,,,,excluded,2.0,11.785
SAMN00063685,PRJNA48479,241844,,adult,9131.25,female,US,healthy_control,,,,,,excluded,2.0,11.092
SAMN00067078,PRJNA48479,241844,,,,female,,healthy_control,Health,,,,,primary,1.0,2.374
SAMN00067299,PRJNA48479,241844,,,,female,,healthy_control,,,,,,excluded,1.0,2.767
SAMN00071387,PRJNA48479,241844,,adult,9131.25,female,US,healthy_control,,,,,,excluded,2.0,10.63
SAMN00074971,PRJNA48479,241844,,adult,9131.25,female,US,healthy_control,,,,,,excluded,2.0,12.186
SAMN00075027,PRJNA48479,241844,,,,female,,healthy_control,,,,,,excluded,2.0,7.496
SAMN00076456,PRJNA48479,241844,,,,female,,healthy_control,,,,,,excluded,3.0,4.68
SAMN00078732,PRJNA48479,241844,,adult,9131.25,female,US,healthy_control,Healthy,,,,,primary,6.0,12.639
SAMN00087494,PRJNA48479,241844,,,,female,,healthy_control,,,,,,excluded,2.0,6.816
SAMN00087496,PRJNA48479,241844,,,,female,,healthy_control,,,,,,excluded,1.0,4.258
SAMN00087502,PRJNA48479,241844,,,,female,,healthy_control,Health,,,,,primary,1.0,11.76
SAMN00087510,PRJNA48479,241844,,,,female,,healthy_control,,,,,,excluded,1.0,13.125
SAMN00087531,PRJNA48479,241844,,,,female,,healthy_control,Health,,,,,primary,2.0,12.455
SAMN00036858,PRJNA48479,241845,,adult,9496.5,male,US,healthy_control,,,,,,excluded,5.0,43.382
SAMN00036862,PRJNA48479,241845,,adult,9496.5,male,US,healthy_control,,,,,,excluded,2.0,10.01
SAMN00036864,PRJNA48479,241845,,adult,9496.5,male,US,healthy_control,,,,,,excluded,2.0,11.816
SAMN00036868,PRJNA48479,241845,,adult,9496.5,male,US,healthy_control,,,,,,excluded,2.0,12.057
SAMN00036881,PRJNA48479,241845,,adult,9496.5,male,US,healthy_control,Healthy,,,,,primary,2.0,11.728
SAMN00062140,PRJNA48479,241845,,adult,9496.5,male,US,healthy_control,,,,,,excluded,2.0,10.584
SAMN00067274,PRJNA48479,241845,,adult,9496.5,male,US,healthy_control,,,,,,excluded,2.0,14.445
SAMN00069753,PRJNA48479,241845,,adult,9496.5,male,US,healthy_control,,,,,,excluded,2.0,12.212
SAMN00071040,PRJNA48479,241845,,adult,9496.5,male,US,healthy_control,Healthy,,,,,primary,2.0,12.452
SAMN00078114,PRJNA48479,241845,,adult,9496.5,male,US,healthy_control,,,,,,excluded,2.0,10.801
SAMN00037674,PRJNA48479,241846,,,,male,,healthy_control,,,,,,excluded,12.0,5.446
SAMN00037692,PRJNA48479,241846,,,,male,,healthy_control,,,,,,excluded,12.0,5.033
SAMN00037710,PRJNA48479,241846,,,,male,,healthy_control,,,,,,excluded,12.0,0.052
SAMN10658667,PRJNA48479,241846,,,,male,US,healthy_control,Health,,,,,primary,2.0,9.656
SAMN10659048,PRJNA48479,241846,,,,male,,healthy_control,Health,,,,,primary,13.0,12.065
SAMN00041186,PRJNA48479,241847,,adult,8766.0,female,US,healthy_control,Healthy,,,,,primary,2.0,13.224
SAMN00041192,PRJNA48479,241847,,adult,8766.0,female,US,healthy_control,,,,,,excluded,2.0,14.368
SAMN00041194,PRJNA48479,241847,,adult,8766.0,female,US,healthy_control,,,,,,excluded,2.0,13.21
SAMN00041198,PRJNA48479,241847,,adult,8766.0,female,US,healthy_control,,,,,,excluded,2.0,12.956
SAMN00041204,PRJNA48479,241847,,adult,8766.0,female,US,healthy_control,,,,,,excluded,2.0,12.592
SAMN00041207,PRJNA48479,241847,,adult,8766.0,female,US,healthy_control,,,,,,excluded,2.0,13.2
SAMN00066378,PRJNA48479,241847,,,,female,,healthy_control,Health,,,,,primary,12.0,4.667
SAMN00040488,PRJNA48479,241848,,,,female,,healthy_control,,,,,,excluded,1.0,4.515
SAMN00040490,PRJNA48479,241848,,,,female,,healthy_control,,,,,,excluded,2.0,6.402
SAMN00040494,PRJNA48479,241848,,,,female,,healthy_control,,,,,,excluded,1.0,4.827
SAMN00040503,PRJNA48479,241848,,,,female,,healthy_control,,,,,,excluded,1.0,4.287
SAMN00040504,PRJNA48479,241848,,,,female,,healthy_control,Health,,,,,primary,1.0,5.476
SAMN00100261,PRJNA48479,241848,,,,female,,healthy_control,Health,,,,,primary,2.0,7.457
SAMN00100266,PRJNA48479,241848,,,,female,,healthy_control,,,,,,excluded,2.0,5.661
SAMN00100269,PRJNA48479,241848,,,,female,,healthy_control,,,,,,excluded,2.0,6.028
SAMN00100272,PRJNA48479,241848,,,,female,,healthy_control,,,,,,excluded,1.0,2.667
SAMN00100274,PRJNA48479,241848,,,,female,,healthy_control,,,,,,excluded,1.0,4.077
SAMN00146337,PRJNA48479,241848,,,,female,,healthy_control,,,,,,excluded,1.0,10.752
SAMN00146339,PRJNA48479,241848,,,,female,,healthy_control,,,,,,excluded,1.0,12.267
SAMN00146345,PRJNA48479,241848,,,,female,,healthy_control,,,,,,excluded,2.0,7.055
SAMN00146351,PRJNA48479,241848,,,,female,,healthy_control,,,,,,excluded,2.0,20.886
SAMN00146356,PRJNA48479,241848,,,,female,,healthy_control,Health,,,,,primary,1.0,19.788
SAMN00146357,PRJNA48479,241848,,,,female,,healthy_control,,,,,,excluded,1.0,19.808
SAMN00146361,PRJNA48479,241848,,,,female,,healthy_control,,,,,,excluded,2.0,6.761
SAMN00146366,PRJNA48479,241848,,,,female,,healthy_control,,,,,,excluded,1.0,16.606
SAMN00146368,PRJNA48479,241848,,,,female,,healthy_control,,,,,,excluded,1.0,23.422
SAMN00146385,PRJNA48479,241848,,,,female,,healthy_control,,,,,,excluded,1.0,4.203
SAMN00146392,PRJNA48479,241848,,,,female,,healthy_control,,,,,,excluded,1.0,20.428
SAMN00073096,PRJNA48479,241849,,,,female,,healthy_control,Health,,,,,primary,1.0,1.007
SAMN00036256,PRJNA48479,241850,,adult,10227.0,female,US,healthy_control,,,,,,excluded,2.0,5.562
SAMN00036258,PRJNA48479,241850,,adult,10227.0,female,US,healthy_control,,,,,,excluded,2.0,10.14
SAMN00036262,PRJNA48479,241850,,adult,10227.0,female,US,healthy_control,,,,,,excluded,2.0,10.358
SAMN00036269,PRJNA48479,241850,,adult,10227.0,female,US,healthy_control,,,,,,excluded,5.0,6.787
SAMN00036272,PRJNA48479,241850,,adult,10227.0,female,US,healthy_control,,,,,,excluded,2.0,11.365
SAMN00036334,PRJNA48479,241850,,,,female,,healthy_control,,,,,,excluded,1.0,4.621
SAMN00036338,PRJNA48479,241850,,,,female,,healthy_control,,,,,,excluded,2.0,5.549
SAMN00036346,PRJNA48479,241850,,,,female,,healthy_control,,,,,,excluded,2.0,4.331
SAMN00036351,PRJNA48479,241850,,adult,10227.0,female,US,healthy_control,Healthy,,,,,primary,2.0,11.372
SAMN00036366,PRJNA48479,241850,,,,female,,healthy_control,,,,,,excluded,2.0,3.89
SAMN00082627,PRJNA48479,241850,,adult,10227.0,female,US,healthy_control,,,,,,excluded,2.0,11.793
SAMN00083009,PRJNA48479,241850,,adult,10227.0,female,US,healthy_control,Healthy,,,,,primary,2.0,11.333
SAMN00083447,PRJNA48479,241850,,adult,10227.0,female,US,healthy_control,,,,,,excluded,2.0,10.447
SAMN00083833,PRJNA48479,241850,,adult,10227.0,female,US,healthy_control,,,,,,excluded,2.0,11.556
SAMN00084302,PRJNA48479,241850,,adult,10227.0,female,US,healthy_control,,,,,,excluded,3.0,15.33
SAMN00084371,PRJNA48479,241850,,adult,10227.0,female,US,healthy_control,,,,,,excluded,2.0,12.85
SAMN00147362,PRJNA48479,241850,,,,female,,healthy_control,,,,,,excluded,1.0,13.739
SAMN00147363,PRJNA48479,241850,,,,female,,healthy_control,,,,,,excluded,1.0,9.185
SAMN00147364,PRJNA48479,241850,,,,female,,healthy_control,,,,,,excluded,1.0,9.015
SAMN00147367,PRJNA48479,241850,,,,female,,healthy_control,,,,,,excluded,1.0,12.579
SAMN00147369,PRJNA48479,241850,,,,female,,healthy_control,,,,,,excluded,2.0,6.407
SAMN00147374,PRJNA48479,241850,,,,female,,healthy_control,,,,,,excluded,1.0,8.566
SAMN00147376,PRJNA48479,241850,,,,female,,healthy_control,Health,,,,,primary,1.0,12.702
SAMN00147397,PRJNA48479,241850,,,,female,,healthy_control,,,,,,excluded,2.0,5.128
SAMN00147410,PRJNA48479,241850,,,,female,,healthy_control,,,,,,excluded,1.0,25.812
SAMN00039753,PRJNA48479,241851,,,,female,,healthy_control,,,,,,excluded,1.0,4.565
SAMN00039754,PRJNA48479,241851,,,,female,,healthy_control,,,,,,excluded,2.0,5.356
SAMN00148907,PRJNA48479,241851,,,,female,,healthy_control,,,,,,excluded,2.0,7.114
SAMN00148913,PRJNA48479,241851,,,,female,,healthy_control,,,,,,excluded,1.0,4.366
SAMN00065263,PRJNA48479,241852,,adult,7670.25,male,US,healthy_control,,,,,,excluded,2.0,10.875
SAMN00068271,PRJNA48479,241852,,,,male,,healthy_control,Health,,,,,primary,1.0,5.407
SAMN00071253,PRJNA48479,241852,,adult,7670.25,male,US,healthy_control,,,,,,excluded,2.0,11.899
SAMN00071622,PRJNA48479,241852,,adult,7670.25,male,US,healthy_control,,,,,,excluded,3.0,16.734
SAMN00077548,PRJNA48479,241852,,adult,7670.25,male,US,healthy_control,,,,,,excluded,2.0,12.339
SAMN00100447,PRJNA48479,241852,,,,male,,healthy_control,,,,,,excluded,1.0,12.535
SAMN00100455,PRJNA48479,241852,,,,male,,healthy_control,,,,,,excluded,1.0,10.783
SAMN00100467,PRJNA48479,241852,,,,male,,healthy_control,,,,,,excluded,1.0,18.83
SAMN10657922,PRJNA48479,241852,,adult,7670.25,male,US,healthy_control,Healthy,,,,,primary,2.0,9.962
SAMN00068711,PRJNA48479,241853,,,,male,,healthy_control,,,,,,excluded,2.0,12.685
SAMN00142254,PRJNA48479,241853,,,,male,,healthy_control,,,,,,excluded,2.0,9.295
SAMN00142256,PRJNA48479,241853,,,,male,,healthy_control,,,,,,excluded,2.0,8.07
SAMN00142267,PRJNA48479,241853,,,,male,,healthy_control,,,,,,excluded,2.0,4.251
SAMN00142279,PRJNA48479,241853,,,,male,,healthy_control,,,,,,excluded,1.0,15.055
SAMN00142283,PRJNA48479,241853,,,,male,,healthy_control,,,,,,excluded,1.0,23.46
SAMN00142285,PRJNA48479,241853,,,,male,,healthy_control,,,,,,excluded,1.0,9.688
SAMN00142287,PRJNA48479,241853,,,,male,,healthy_control,Health,,,,,primary,1.0,9.7
SAMN00146443,PRJNA48479,241853,,,,male,,healthy_control,,,,,,excluded,1.0,11.72
SAMN00146445,PRJNA48479,241853,,,,male,,healthy_control,,,,,,excluded,1.0,5.515
SAMN00146455,PRJNA48479,241853,,,,male,,healthy_control,,,,,,excluded,1.0,13.19
SAMN00146461,PRJNA48479,241853,,,,male,,healthy_control,,,,,,excluded,2.0,5.653
SAMN00146485,PRJNA48479,241853,,,,male,,healthy_control,,,,,,excluded,1.0,4.0
SAMN00146488,PRJNA48479,241853,,,,male,,healthy_control,Health,,,,,primary,1.0,17.204
SAMN00063850,PRJNA48479,241854,,,,male,,healthy_control,Health,,,,,primary,2.0,3.832
SAMN00142398,PRJNA48479,241854,,,,male,,healthy_control,Health,,,,,primary,1.0,11.89
SAMN00142421,PRJNA48479,241854,,,,male,,healthy_control,,,,,,excluded,1.0,19.563
SAMN00142427,PRJNA48479,241854,,,,male,,healthy_control,,,,,,excluded,1.0,19.548
SAMN00142431,PRJNA48479,241854,,,,male,,healthy_control,,,,,,excluded,2.0,12.602
SAMN00142433,PRJNA48479,241854,,,,male,,healthy_control,,,,,,excluded,1.0,11.0
SAMN00142435,PRJNA48479,241854,,,,male,,healthy_control,,,,,,excluded,2.0,14.27
SAMN00142445,PRJNA48479,241854,,,,male,,healthy_control,,,,,,excluded,1.0,26.037
SAMN00066043,PRJNA48479,241855,,,,female,,healthy_control,,,,,,excluded,2.0,17.645
SAMN00147194,PRJNA48479,241856,,,,female,,healthy_control,Health,,,,,primary,2.0,6.759
SAMN00147197,PRJNA48479,241856,,,,female,,healthy_control,,,,,,excluded,2.0,6.518
SAMN00073872,PRJNA48479,241857,,,,female,,healthy_control,,,,,,excluded,2.0,6.427
SAMN00076960,PRJNA48479,241857,,,,female,,healthy_control,,,,,,excluded,1.0,8.28
SAMN00142667,PRJNA48479,241857,,,,female,,healthy_control,,,,,,excluded,2.0,5.647
SAMN00142669,PRJNA48479,241857,,,,female,,healthy_control,,,,,,excluded,2.0,7.275
SAMN00142679,PRJNA48479,241857,,,,female,,healthy_control,,,,,,excluded,2.0,6.229
SAMN00142682,PRJNA48479,241857,,,,female,,healthy_control,,,,,,excluded,2.0,6.692
SAMN00142683,PRJNA48479,241857,,,,female,,healthy_control,Health,,,,,primary,2.0,6.918
SAMN00081656,PRJNA48479,241858,,,,male,,healthy_control,,,,,,excluded,2.0,4.955
SAMN00082953,PRJNA48479,241858,,,,male,,healthy_control,,,,,,excluded,2.0,5.008
SAMN00084542,PRJNA48479,241858,,,,male,,healthy_control,,,,,,excluded,1.0,4.967
SAMN00149249,PRJNA48479,241858,,,,male,,healthy_control,,,,,,excluded,1.0,4.168
SAMN00149251,PRJNA48479,241858,,,,male,,healthy_control,,,,,,excluded,2.0,5.607
SAMN00149255,PRJNA48479,241858,,,,male,,healthy_control,,,,,,excluded,1.0,0.007
SAMN00065333,PRJNA48479,241859,,,,female,,healthy_control,Health,,,,,primary,2.0,2.541
SAMN00069220,PRJNA48479,241859,,,,female,,healthy_control,,,,,,excluded,2.0,2.175
SAMN00070792,PRJNA48479,241859,,,,female,,healthy_control,,,,,,excluded,1.0,9.181
SAMN00076099,PRJNA48479,241859,,,,female,,healthy_control,,,,,,excluded,1.0,4.05
SAMN00076492,PRJNA48479,241859,,,,female,,healthy_control,,,,,,excluded,2.0,2.662
SAMN00147520,PRJNA48479,241859,,,,female,,healthy_control,,,,,,excluded,1.0,4.115
SAMN00147535,PRJNA48479,241859,,,,female,,healthy_control,,,,,,excluded,2.0,5.564
SAMN00147536,PRJNA48479,241859,,,,female,,healthy_control,Health,,,,,primary,1.0,4.251
SAMN00065611,PRJNA48479,241860,,,,female,,healthy_control,,,,,,excluded,2.0,6.979
SAMN00067135,PRJNA48479,241860,,,,female,,healthy_control,,,,,,excluded,2.0,5.564
SAMN00067442,PRJNA48479,241860,,,,female,,healthy_control,Health,,,,,primary,2.0,5.942
SAMN00073750,PRJNA48479,241860,,,,female,,healthy_control,,,,,,excluded,2.0,9.626
SAMN00073904,PRJNA48479,241861,,,,male,,healthy_control,,,,,,excluded,1.0,4.543
SAMN00077398,PRJNA48479,241861,,,,male,,healthy_control,,,,,,excluded,1.0,5.292
SAMN00147578,PRJNA48479,241861,,,,male,,healthy_control,,,,,,excluded,1.0,4.34
SAMN00147580,PRJNA48479,241861,,,,male,,healthy_control,,,,,,excluded,1.0,5.607
SAMN00147584,PRJNA48479,241861,,,,male,,healthy_control,,,,,,excluded,2.0,5.636
SAMN00147590,PRJNA48479,241861,,,,male,,healthy_control,,,,,,excluded,1.0,5.205
SAMN00062437,PRJNA48479,241862,,adult,13149.0,female,US,healthy_control,,,,,,excluded,2.0,11.793
SAMN00065271,PRJNA48479,241862,,adult,13149.0,female,US,healthy_control,,,,,,excluded,2.0,10.973
SAMN00071950,PRJNA48479,241862,,adult,13149.0,female,US,healthy_control,,,,,,excluded,2.0,11.47
SAMN00072706,PRJNA48479,241862,,adult,13149.0,female,US,healthy_control,Healthy,,,,,primary,2.0,9.886
SAMN00074696,PRJNA48479,241862,,adult,13149.0,female,US,healthy_control,,,,,,excluded,2.0,12.023
SAMN00078222,PRJNA48479,241862,,adult,13149.0,female,US,healthy_control,,,,,,excluded,2.0,11.65
SAMN00141700,PRJNA48479,241862,,,,female,,healthy_control,,,,,,excluded,1.0,21.13
SAMN00141718,PRJNA48479,241862,,,,female,,healthy_control,,,,,,excluded,1.0,9.962
SAMN00141720,PRJNA48479,241862,,,,female,,healthy_control,Health,,,,,primary,1.0,18.29
SAMN00063470,PRJNA48479,241863,,,,male,,healthy_control,,,,,,excluded,2.0,3.771
SAMN00066819,PRJNA48479,241863,,,,male,,healthy_control,Health,,,,,primary,1.0,0.662
SAMN00077628,PRJNA48479,241863,,,,male,,healthy_control,,,,,,excluded,2.0,5.799
SAMN00143610,PRJNA48479,241863,,,,male,,healthy_control,Health,,,,,primary,1.0,0.008
SAMN00143613,PRJNA48479,241863,,,,male,,healthy_control,,,,,,excluded,1.0,0.006
SAMN00143615,PRJNA48479,241863,,,,male,,healthy_control,,,,,,excluded,1.0,4.438
SAMN00143619,PRJNA48479,241863,,,,male,,healthy_control,,,,,,excluded,1.0,8.535
SAMN00143641,PRJNA48479,241863,,,,male,,healthy_control,,,,,,excluded,1.0,9.351
SAMN00143644,PRJNA48479,241863,,,,male,,healthy_control,,,,,,excluded,1.0,4.37
SAMN00146196,PRJNA48479,241863,,,,male,,healthy_control,,,,,,excluded,1.0,14.176
SAMN00146206,PRJNA48479,241863,,,,male,,healthy_control,,,,,,excluded,2.0,8.858
SAMN00146213,PRJNA48479,241863,,,,male,,healthy_control,,,,,,excluded,1.0,16.079
SAMN00146216,PRJNA48479,241863,,,,male,,healthy_control,,,,,,excluded,1.0,5.148
SAMN00146225,PRJNA48479,241863,,,,male,,healthy_control,,,,,,excluded,1.0,14.075
SAMN00146239,PRJNA48479,241863,,,,male,,healthy_control,Health,,,,,primary,1.0,19.962
SAMN00063284,PRJNA48479,241864,,,,female,,healthy_control,,,,,,excluded,2.0,5.171
SAMN00064010,PRJNA48479,241864,,,,female,,healthy_control,,,,,,excluded,2.0,6.534
SAMN00067717,PRJNA48479,241864,,adult,8766.0,female,US,healthy_control,,,,,,excluded,2.0,0.298
SAMN00070193,PRJNA48479,241864,,adult,8766.0,female,US,healthy_control,,,,,,excluded,2.0,12.005
SAMN00073344,PRJNA48479,241864,,adult,8766.0,female,US,healthy_control,Healthy,,,,,primary,2.0,12.494
SAMN00073863,PRJNA48479,241864,,adult,8766.0,female,US,healthy_control,,,,,,excluded,2.0,11.551
SAMN00075004,PRJNA48479,241864,,,,female,,healthy_control,,,,,,excluded,2.0,10.926
SAMN00076165,PRJNA48479,241864,,,,female,,healthy_control,,,,,,excluded,1.0,5.726
SAMN00078195,PRJNA48479,241864,,adult,8766.0,female,US,healthy_control,,,,,,excluded,2.0,11.444
SAMN00099780,PRJNA48479,241864,,,,female,,healthy_control,,,,,,excluded,2.0,7.38
SAMN00099790,PRJNA48479,241864,,,,female,,healthy_control,,,,,,excluded,1.0,20.119
SAMN00099794,PRJNA48479,241864,,,,female,,healthy_control,,,,,,excluded,1.0,9.434
SAMN00099802,PRJNA48479,241864,,,,female,,healthy_control,,,,,,excluded,1.0,10.339
SAMN00099820,PRJNA48479,241864,,,,female,,healthy_control,,,,,,excluded,1.0,17.997
SAMN00099822,PRJNA48479,241864,,,,female,,healthy_control,Health,,,,,primary,1.0,18.971
SAMN00146929,PRJNA48479,241864,,,,female,,healthy_control,,,,,,excluded,1.0,4.37
SAMN00146931,PRJNA48479,241864,,,,female,,healthy_control,,,,,,excluded,1.0,4.053
SAMN00146935,PRJNA48479,241864,,,,female,,healthy_control,,,,,,excluded,2.0,13.442
SAMN00146941,PRJNA48479,241864,,,,female,,healthy_control,,,,,,excluded,1.0,4.802
SAMN00146944,PRJNA48479,241864,,,,female,,healthy_control,,,,,,excluded,2.0,6.688
SAMN00146962,PRJNA48479,241864,,,,female,,healthy_control,,,,,,excluded,1.0,4.023
SAMN00146983,PRJNA48479,241864,,,,female,,healthy_control,Health,,,,,primary,1.0,27.743
SAMN10659153,PRJNA48479,241864,,adult,8766.0,female,US,healthy_control,,,,,,excluded,3.0,14.982
SAMN00082126,PRJNA48479,241865,,,,male,,healthy_control,,,,,,excluded,2.0,4.467
SAMN00083046,PRJNA48479,241865,,,,male,,healthy_control,,,,,,excluded,1.0,5.741
SAMN00063503,PRJNA48479,241866,,,,female,,healthy_control,,,,,,excluded,2.0,5.439
SAMN00069550,PRJNA48479,241866,,,,female,,healthy_control,,,,,,excluded,1.0,6.233
SAMN00074914,PRJNA48479,241866,,,,female,,healthy_control,Health,,,,,primary,1.0,4.481
SAMN00142140,PRJNA48479,241866,,,,female,,healthy_control,Health,,,,,primary,2.0,4.101
SAMN00142145,PRJNA48479,241866,,,,female,,healthy_control,,,,,,excluded,2.0,4.184
SAMN00142153,PRJNA48479,241866,,,,female,,healthy_control,,,,,,excluded,1.0,13.111
SAMN00142157,PRJNA48479,241866,,,,female,,healthy_control,,,,,,excluded,1.0,4.881
SAMN00142174,PRJNA48479,241866,,,,female,,healthy_control,,,,,,excluded,1.0,13.133
SAMN00142176,PRJNA48479,241866,,,,female,,healthy_control,,,,,,excluded,3.0,12.527
SAMN00142182,PRJNA48479,241866,,,,female,,healthy_control,,,,,,excluded,1.0,8.638
SAMN00142185,PRJNA48479,241866,,,,female,,healthy_control,,,,,,excluded,2.0,8.078
SAMN00142190,PRJNA48479,241866,,,,female,,healthy_control,,,,,,excluded,1.0,1.65
SAMN00142192,PRJNA48479,241866,,,,female,,healthy_control,,,,,,excluded,1.0,16.968
SAMN00147625,PRJNA48479,241866,,,,female,,healthy_control,,,,,,excluded,1.0,13.886
SAMN00147631,PRJNA48479,241866,,,,female,,healthy_control,,,,,,excluded,2.0,5.85
SAMN00147637,PRJNA48479,241866,,,,female,,healthy_control,,,,,,excluded,1.0,10.132
SAMN00147640,PRJNA48479,241866,,,,female,,healthy_control,,,,,,excluded,1.0,10.09
SAMN00147641,PRJNA48479,241866,,,,female,,healthy_control,Health,,,,,primary,1.0,11.057
SAMN00147646,PRJNA48479,241866,,,,female,,healthy_control,,,,,,excluded,1.0,5.165
SAMN00147670,PRJNA48479,241866,,,,female,,healthy_control,,,,,,excluded,1.0,4.93
SAMN00147676,PRJNA48479,241866,,,,female,,healthy_control,,,,,,excluded,1.0,4.829
SAMN00147678,PRJNA48479,241866,,,,female,,healthy_control,Health,,,,,primary,1.0,5.072
SAMN00149095,PRJNA48479,241868,,,,female,,healthy_control,,,,,,excluded,1.0,4.355
SAMN00149096,PRJNA48479,241868,,,,female,,healthy_control,Health,,,,,primary,2.0,5.676
SAMN00149099,PRJNA48479,241868,,,,female,,healthy_control,,,,,,excluded,1.0,4.194
SAMN00063951,PRJNA48479,241869,,,,male,,healthy_control,,,,,,excluded,2.0,3.179
SAMN00068864,PRJNA48479,241869,,,,male,,healthy_control,,,,,,excluded,2.0,3.996
SAMN00070983,PRJNA48479,241869,,,,male,,healthy_control,Health,,,,,primary,2.0,0.826
SAMN00143307,PRJNA48479,241869,,,,male,,healthy_control,,,,,,excluded,2.0,7.645
SAMN00143309,PRJNA48479,241869,,,,male,,healthy_control,,,,,,excluded,1.0,15.857
SAMN00143313,PRJNA48479,241869,,,,male,,healthy_control,,,,,,excluded,1.0,13.428
SAMN00143319,PRJNA48479,241869,,,,male,,healthy_control,,,,,,excluded,2.0,4.93
SAMN00143330,PRJNA48479,241869,,,,male,,healthy_control,,,,,,excluded,2.0,3.525
SAMN00143333,PRJNA48479,241869,,,,male,,healthy_control,,,,,,excluded,1.0,0.548
SAMN00143338,PRJNA48479,241869,,,,male,,healthy_control,,,,,,excluded,2.0,8.301
SAMN00143341,PRJNA48479,241869,,,,male,,healthy_control,,,,,,excluded,1.0,20.199
SAMN00146293,PRJNA48479,241869,,,,male,,healthy_control,,,,,,excluded,2.0,6.774
SAMN00146305,PRJNA48479,241869,,,,male,,healthy_control,Health,,,,,primary,1.0,1.943
SAMN00146311,PRJNA48479,241869,,,,male,,healthy_control,,,,,,excluded,1.0,17.481
SAMN00146323,PRJNA48479,241869,,,,male,,healthy_control,,,,,,excluded,1.0,19.97
SAMN00063092,PRJNA48479,241871,,,,female,,healthy_control,,,,,,excluded,2.0,5.221
SAMN00063248,PRJNA48479,241871,,adult,8400.75,female,US,healthy_control,,,,,,excluded,2.0,11.217
SAMN00069108,PRJNA48479,241871,,,,female,,healthy_control,,,,,,excluded,2.0,7.776
SAMN00070253,PRJNA48479,241871,,adult,8400.75,female,US,healthy_control,,,,,,excluded,2.0,13.34
SAMN00071069,PRJNA48479,241871,,,,female,,healthy_control,,,,,,excluded,2.0,5.148
SAMN00075410,PRJNA48479,241871,,adult,8400.75,female,US,healthy_control,,,,,,excluded,2.0,11.682
SAMN00076805,PRJNA48479,241871,,adult,8400.75,female,US,healthy_control,,,,,,excluded,2.0,10.492
SAMN00099563,PRJNA48479,241871,,,,female,,healthy_control,,,,,,excluded,1.0,9.482
SAMN00099568,PRJNA48479,241871,,,,female,,healthy_control,,,,,,excluded,1.0,8.622
SAMN00099584,PRJNA48479,241871,,,,female,,healthy_control,,,,,,excluded,1.0,9.795
SAMN00099589,PRJNA48479,241871,,,,female,,healthy_control,,,,,,excluded,1.0,4.791
SAMN00099596,PRJNA48479,241871,,,,female,,healthy_control,,,,,,excluded,1.0,20.314
SAMN00099599,PRJNA48479,241871,,,,female,,healthy_control,,,,,,excluded,2.0,5.137
SAMN00099608,PRJNA48479,241871,,,,female,,healthy_control,,,,,,excluded,1.0,14.726
SAMN00099612,PRJNA48479,241871,,,,female,,healthy_control,Health,,,,,primary,1.0,23.709
SAMN00143806,PRJNA48479,241871,,,,female,,healthy_control,,,,,,excluded,1.0,4.947
SAMN00143820,PRJNA48479,241871,,,,female,,healthy_control,Health,,,,,primary,1.0,4.272
SAMN00143826,PRJNA48479,241871,,,,female,,healthy_control,,,,,,excluded,1.0,7.823
SAMN00143838,PRJNA48479,241871,,,,female,,healthy_control,,,,,,excluded,1.0,13.664
SAMN00143856,PRJNA48479,241871,,,,female,,healthy_control,,,,,,excluded,2.0,21.947
SAMN10657926,PRJNA48479,241871,,adult,8400.75,female,US,healthy_control,Healthy,,,,,primary,2.0,11.532
SAMN00066604,PRJNA48479,241872,,,,male,,healthy_control,,,,,,excluded,2.0,7.803
SAMN00087148,PRJNA48479,241872,,,,male,,healthy_control,,,,,,excluded,2.0,5.874
SAMN00062598,PRJNA48479,241873,,,,male,,healthy_control,,,,,,excluded,2.0,7.628
SAMN00069298,PRJNA48479,241873,,,,male,,healthy_control,,,,,,excluded,2.0,8.991
SAMN00072104,PRJNA48479,241873,,,,male,,healthy_control,,,,,,excluded,1.0,4.652
SAMN00077058,PRJNA48479,241873,,,,male,,healthy_control,Health,,,,,primary,1.0,0.007
SAMN00142305,PRJNA48479,241873,,,,male,,healthy_control,,,,,,excluded,2.0,7.866
SAMN00142307,PRJNA48479,241873,,,,male,,healthy_control,,,,,,excluded,2.0,4.609
SAMN00142311,PRJNA48479,241873,,,,male,,healthy_control,,,,,,excluded,2.0,6.431
SAMN00142317,PRJNA48479,241873,,,,male,,healthy_control,,,,,,excluded,2.0,6.488
SAMN00148187,PRJNA48479,241873,,,,male,,healthy_control,Health,,,,,primary,1.0,4.56
SAMN00148190,PRJNA48479,241873,,,,male,,healthy_control,,,,,,excluded,2.0,5.27
SAMN00148192,PRJNA48479,241873,,,,male,,healthy_control,,,,,,excluded,2.0,5.256
SAMN00148196,PRJNA48479,241873,,,,male,,healthy_control,,,,,,excluded,2.0,4.544
SAMN00067833,PRJNA48479,241874,,,6574.5,female,US,healthy_control,,,,,,excluded,2.0,11.932
SAMN00072599,PRJNA48479,241874,,,6574.5,female,US,healthy_control,,,,,,excluded,1.0,5.586
SAMN00072885,PRJNA48479,241874,,,6574.5,female,US,healthy_control,,,,,,excluded,2.0,12.553
SAMN00074668,PRJNA48479,241874,,,,female,,healthy_control,Health,,,,,primary,1.0,0.005
SAMN00074965,PRJNA48479,241874,,,6574.5,female,US,healthy_control,Healthy,,,,,primary,2.0,10.65
SAMN00075127,PRJNA48479,241874,,,6574.5,female,US,healthy_control,,,,,,excluded,2.0,12.661
SAMN00076704,PRJNA48479,241874,,,6574.5,female,US,healthy_control,,,,,,excluded,2.0,12.376
SAMN00147088,PRJNA48479,241874,,,,female,,healthy_control,,,,,,excluded,1.0,14.861
SAMN00147097,PRJNA48479,241874,,,,female,,healthy_control,,,,,,excluded,1.0,14.68
SAMN00147104,PRJNA48479,241874,,,,female,,healthy_control,,,,,,excluded,1.0,16.979
SAMN00147136,PRJNA48479,241874,,,,female,,healthy_control,Health,,,,,primary,1.0,18.525
SAMN00065597,PRJNA48479,241875,,,,male,,healthy_control,,,,,,excluded,1.0,2.74
SAMN00066058,PRJNA48479,241875,,,,male,,healthy_control,,,,,,excluded,2.0,5.406
SAMN00070718,PRJNA48479,241875,,,,male,,healthy_control,,,,,,excluded,2.0,4.607
SAMN00075975,PRJNA48479,241875,,,,male,,healthy_control,Health,,,,,primary,2.0,6.604
SAMN00082151,PRJNA48479,241875,,,,male,,healthy_control,Health,,,,,primary,2.0,3.643
SAMN00082270,PRJNA48479,241875,,,,male,,healthy_control,,,,,,excluded,1.0,4.269
SAMN00082437,PRJNA48479,241875,,,,male,,healthy_control,,,,,,excluded,2.0,5.016
SAMN00084330,PRJNA48479,241875,,,,male,,healthy_control,,,,,,excluded,2.0,3.726
SAMN00081955,PRJNA48479,241876,,,,male,,healthy_control,,,,,,excluded,2.0,5.629
SAMN00082696,PRJNA48479,241876,,,,male,,healthy_control,,,,,,excluded,2.0,9.343
SAMN00083417,PRJNA48479,241876,,,,male,,healthy_control,,,,,,excluded,2.0,4.478
SAMN00148937,PRJNA48479,241876,,,,male,,healthy_control,,,,,,excluded,1.0,5.149
SAMN00148939,PRJNA48479,241876,,,,male,,healthy_control,,,,,,excluded,1.0,4.166
SAMN00081664,PRJNA48479,241877,,,,male,,healthy_control,,,,,,excluded,1.0,4.471
SAMN00149149,PRJNA48479,241877,,,,male,,healthy_control,,,,,,excluded,1.0,8.344
SAMN00149155,PRJNA48479,241877,,,,male,,healthy_control,,,,,,excluded,2.0,11.605
SAMN00149178,PRJNA48479,241877,,,,male,,healthy_control,,,,,,excluded,2.0,12.676
SAMN00149190,PRJNA48479,241877,,,,male,,healthy_control,,,,,,excluded,1.0,17.235
SAMN00069455,PRJNA48479,241878,,,,female,,healthy_control,Health,,,,,primary,2.0,6.042
SAMN00071237,PRJNA48479,241878,,,,female,,healthy_control,,,,,,excluded,1.0,3.621
SAMN00071557,PRJNA48479,241878,,,,female,,healthy_control,,,,,,excluded,1.0,11.928
SAMN00076336,PRJNA48479,241878,,,,female,,healthy_control,,,,,,excluded,2.0,4.819
SAMN00077940,PRJNA48479,241878,,,,female,,healthy_control,,,,,,excluded,2.0,6.565
SAMN00094586,PRJNA48479,241878,,,,female,,healthy_control,,,,,,excluded,2.0,5.292
SAMN00094588,PRJNA48479,241878,,,,female,,healthy_control,,,,,,excluded,2.0,4.119
SAMN00094592,PRJNA48479,241878,,,,female,,healthy_control,,,,,,excluded,2.0,7.165
SAMN00094594,PRJNA48479,241878,,,,female,,healthy_control,Health,,,,,primary,1.0,4.632
SAMN00094599,PRJNA48479,241878,,,,female,,healthy_control,,,,,,excluded,2.0,7.159
SAMN00094602,PRJNA48479,241878,,,,female,,healthy_control,,,,,,excluded,2.0,7.119
SAMN00148542,PRJNA48479,241878,,,,female,,healthy_control,Health,,,,,primary,1.0,4.189
SAMN00148545,PRJNA48479,241878,,,,female,,healthy_control,,,,,,excluded,3.0,5.482
SAMN00148547,PRJNA48479,241878,,,,female,,healthy_control,,,,,,excluded,2.0,5.427
SAMN00148551,PRJNA48479,241878,,,,female,,healthy_control,,,,,,excluded,2.0,5.721
SAMN00148560,PRJNA48479,241878,,,,female,,healthy_control,,,,,,excluded,2.0,8.048
SAMN00062634,PRJNA48479,241879,,,,female,,healthy_control,,,,,,excluded,1.0,5.963
SAMN00066721,PRJNA48479,241879,,,,female,,healthy_control,Health,,,,,primary,2.0,5.925
SAMN00072579,PRJNA48479,241879,,,,female,,healthy_control,,,,,,excluded,2.0,4.9
SAMN00146489,PRJNA48479,241879,,,,female,,healthy_control,Health,,,,,primary,1.0,4.572
SAMN00146498,PRJNA48479,241879,,,,female,,healthy_control,,,,,,excluded,1.0,7.849
SAMN00146504,PRJNA48479,241879,,,,female,,healthy_control,,,,,,excluded,2.0,6.247
SAMN00146507,PRJNA48479,241879,,,,female,,healthy_control,,,,,,excluded,2.0,9.277
SAMN00148091,PRJNA48479,241880,,,,male,,healthy_control,Health,,,,,primary,4.0,7.629
SAMN00148094,PRJNA48479,241880,,,,male,,healthy_control,,,,,,excluded,2.0,8.019
SAMN00148096,PRJNA48479,241880,,,,male,,healthy_control,,,,,,excluded,2.0,6.757
SAMN00087183,PRJNA48479,241881,,,,female,,healthy_control,,,,,,excluded,1.0,4.607
SAMN00087185,PRJNA48479,241881,,,,female,,healthy_control,,,,,,excluded,1.0,4.281
SAMN00087189,PRJNA48479,241881,,,,female,,healthy_control,,,,,,excluded,2.0,5.014
SAMN00087191,PRJNA48479,241881,,,,female,,healthy_control,Health,,,,,primary,1.0,4.046
SAMN00087199,PRJNA48479,241881,,,,female,,healthy_control,,,,,,excluded,2.0,4.619
SAMN00148987,PRJNA48479,241881,,,,female,,healthy_control,,,,,,excluded,2.0,6.924
SAMN00149000,PRJNA48479,241881,,,,female,,healthy_control,,,,,,excluded,2.0,5.588
SAMN00149001,PRJNA48479,241881,,,,female,,healthy_control,Health,,,,,primary,3.0,5.236
SAMN00065615,PRJNA48479,241882,,adult,6939.75,female,US,healthy_control,,,,,,excluded,3.0,15.28
SAMN00070038,PRJNA48479,241882,,adult,6939.75,female,US,healthy_control,,,,,,excluded,2.0,11.166
SAMN00071514,PRJNA48479,241882,,adult,6939.75,female,US,healthy_control,,,,,,excluded,2.0,13.029
SAMN00072236,PRJNA48479,241882,,adult,6939.75,female,US,healthy_control,,,,,,excluded,2.0,9.343
SAMN00072613,PRJNA48479,241882,,adult,6939.75,female,US,healthy_control,,,,,,excluded,2.0,11.822
SAMN00074070,PRJNA48479,241882,,adult,6939.75,female,US,healthy_control,,,,,,excluded,2.0,10.621
SAMN00074599,PRJNA48479,241882,,adult,6939.75,female,US,healthy_control,Healthy,,,,,primary,3.0,15.971
SAMN00141877,PRJNA48479,241882,,,,female,,healthy_control,,,,,,excluded,1.0,11.333
SAMN00141881,PRJNA48479,241882,,,,female,,healthy_control,,,,,,excluded,1.0,11.528
SAMN00141897,PRJNA48479,241882,,,,female,,healthy_control,,,,,,excluded,1.0,12.484
SAMN00141927,PRJNA48479,241882,,,,female,,healthy_control,,,,,,excluded,1.0,7.879
SAMN00141929,PRJNA48479,241882,,,,female,,healthy_control,Health,,,,,primary,1.0,11.068
SAMN00071619,PRJNA48479,241883,,,,female,,healthy_control,Health,,,,,primary,1.0,4.505
SAMN00066982,PRJNA48479,241884,,adult,14244.75,male,US,healthy_control,,,,,,excluded,2.0,11.832
SAMN00069398,PRJNA48479,241884,,adult,14244.75,male,US,healthy_control,,,,,,excluded,2.0,11.684
SAMN00069968,PRJNA48479,241884,,adult,14244.75,male,US,healthy_control,Healthy,,,,,primary,2.0,12.267
SAMN00070637,PRJNA48479,241884,,adult,14244.75,male,US,healthy_control,,,,,,excluded,2.0,13.307
SAMN00078817,PRJNA48479,241884,,adult,14244.75,male,US,healthy_control,,,,,,excluded,2.0,12.586
SAMN00143754,PRJNA48479,241884,,,,male,,healthy_control,Health,,,,,primary,1.0,14.468
SAMN00143759,PRJNA48479,241884,,,,male,,healthy_control,,,,,,excluded,1.0,13.499
SAMN00143763,PRJNA48479,241884,,,,male,,healthy_control,,,,,,excluded,2.0,16.316
SAMN00143777,PRJNA48479,241884,,,,male,,healthy_control,,,,,,excluded,2.0,32.091
SAMN00031519,PRJNA48479,241885,,,,male,,healthy_control,,,,,,excluded,1.0,10.05
SAMN00031521,PRJNA48479,241885,,,,male,,healthy_control,,,,,,excluded,1.0,10.639
SAMN00031525,PRJNA48479,241885,,,,male,,healthy_control,,,,,,excluded,2.0,5.961
SAMN00031531,PRJNA48479,241885,,,,male,,healthy_control,,,,,,excluded,2.0,7.018
SAMN00031533,PRJNA48479,241885,,,,male,,healthy_control,Health,,,,,primary,1.0,18.659
SAMN00031538,PRJNA48479,241885,,,,male,,healthy_control,,,,,,excluded,2.0,6.891
SAMN00031542,PRJNA48479,241885,,,,male,,healthy_control,,,,,,excluded,2.0,4.388
SAMN00031551,PRJNA48479,241885,,,,male,,healthy_control,,,,,,excluded,1.0,26.525
SAMN00063816,PRJNA48479,241885,,,,male,,healthy_control,,,,,,excluded,2.0,7.125
SAMN00066353,PRJNA48479,241885,,adult,9861.75,male,US,healthy_control,,,,,,excluded,1.0,6.834
SAMN00068728,PRJNA48479,241885,,adult,9861.75,male,US,healthy_control,,,,,,excluded,3.0,11.011
SAMN00069721,PRJNA48479,241885,,adult,9861.75,male,US,healthy_control,Healthy,,,,,primary,2.0,13.514
SAMN00074205,PRJNA48479,241885,,,,male,,healthy_control,,,,,,excluded,2.0,5.455
SAMN00077800,PRJNA48479,241885,,adult,9861.75,male,US,healthy_control,,,,,,excluded,2.0,10.835
SAMN00143049,PRJNA48479,241885,,,,male,,healthy_control,,,,,,excluded,1.0,11.055
SAMN00143058,PRJNA48479,241885,,,,male,,healthy_control,,,,,,excluded,2.0,5.356
SAMN00143067,PRJNA48479,241885,,,,male,,healthy_control,,,,,,excluded,1.0,17.183
SAMN00143068,PRJNA48479,241885,,,,male,,healthy_control,,,,,,excluded,2.0,5.701
SAMN00143089,PRJNA48479,241885,,,,male,,healthy_control,,,,,,excluded,2.0,8.421
SAMN00143093,PRJNA48479,241885,,,,male,,healthy_control,Health,,,,,primary,1.0,22.995
SAMN00062652,PRJNA48479,241886,,adult,9131.25,male,US,healthy_control,,,,,,excluded,2.0,12.141
SAMN00063764,PRJNA48479,241886,,adult,9131.25,male,US,healthy_control,,,,,,excluded,2.0,12.626
SAMN00065058,PRJNA48479,241886,,adult,9131.25,male,US,healthy_control,,,,,,excluded,2.0,10.296
SAMN00070034,PRJNA48479,241886,,adult,9131.25,male,US,healthy_control,,,,,,excluded,2.0,10.962
SAMN00078230,PRJNA48479,241886,,adult,9131.25,male,US,healthy_control,,,,,,excluded,2.0,10.283
SAMN00147689,PRJNA48479,241886,,,,male,,healthy_control,,,,,,excluded,1.0,11.851
SAMN10657925,PRJNA48479,241886,,adult,9131.25,male,US,healthy_control,Healthy,,,,,primary,2.0,12.995
SAMN00062293,PRJNA48479,241887,,adult,7670.25,female,US,healthy_control,Healthy,,,,,primary,2.0,13.375
SAMN00067109,PRJNA48479,241887,,adult,7670.25,female,US,healthy_control,,,,,,excluded,2.0,10.575
SAMN00068316,PRJNA48479,241887,,,,female,,healthy_control,Health,,,,,primary,2.0,4.838
SAMN00069246,PRJNA48479,241887,,adult,7670.25,female,US,healthy_control,,,,,,excluded,2.0,10.931
SAMN00072883,PRJNA48479,241887,,adult,7670.25,female,US,healthy_control,,,,,,excluded,2.0,9.534
SAMN00073612,PRJNA48479,241887,,adult,7670.25,female,US,healthy_control,,,,,,excluded,3.0,15.417
SAMN00148864,PRJNA48479,241887,,,,female,,healthy_control,,,,,,excluded,1.0,10.217
SAMN00148882,PRJNA48479,241887,,,,female,,healthy_control,,,,,,excluded,1.0,18.058
SAMN00148888,PRJNA48479,241887,,,,female,,healthy_control,,,,,,excluded,1.0,18.787
SAMN00070080,PRJNA48479,241888,,,,female,,healthy_control,,,,,,excluded,2.0,5.749
SAMN00070761,PRJNA48479,241889,,adult,14244.75,female,US,healthy_control,Healthy,,,,,primary,2.0,12.02
SAMN00072339,PRJNA48479,241889,,adult,14244.75,female,US,healthy_control,,,,,,excluded,2.0,11.665
SAMN00073446,PRJNA48479,241889,,adult,14244.75,female,US,healthy_control,,,,,,excluded,2.0,13.171
SAMN00074662,PRJNA48479,241889,,adult,14244.75,female,US,healthy_control,,,,,,excluded,3.0,16.12
SAMN00076332,PRJNA48479,241889,,adult,14244.75,female,US,healthy_control,,,,,,excluded,2.0,10.626
SAMN00076490,PRJNA48479,241889,,,,female,,healthy_control,Health,,,,,primary,1.0,5.519
SAMN00077191,PRJNA48479,241889,,,,female,,healthy_control,,,,,,excluded,4.0,21.672
SAMN00146831,PRJNA48479,241889,,,,female,,healthy_control,Health,,,,,primary,1.0,4.905
SAMN00146869,PRJNA48479,241889,,,,female,,healthy_control,Health,,,,,primary,1.0,17.346
SAMN00066511,PRJNA48479,241890,,,,female,,healthy_control,Health,,,,,primary,2.0,3.729
SAMN00083406,PRJNA48479,241890,,,,female,,healthy_control,,,,,,excluded,2.0,5.491
SAMN00087354,PRJNA48479,241890,,,,female,,healthy_control,,,,,,excluded,2.0,2.686
SAMN00087361,PRJNA48479,241890,,,,female,,healthy_control,Health,,,,,primary,1.0,17.699
SAMN00087373,PRJNA48479,241890,,,,female,,healthy_control,,,,,,excluded,1.0,10.576
SAMN00087377,PRJNA48479,241890,,,,female,,healthy_control,,,,,,excluded,1.0,10.734
SAMN00087383,PRJNA48479,241890,,,,female,,healthy_control,,,,,,excluded,1.0,19.903
SAMN00062316,PRJNA48479,241891,,,,male,,healthy_control,,,,,,excluded,2.0,8.367
SAMN00066077,PRJNA48479,241891,,,,male,,healthy_control,Health,,,,,primary,4.0,4.676
SAMN00077253,PRJNA48479,241891,,,,male,,healthy_control,,,,,,excluded,1.0,4.432
SAMN00147311,PRJNA48479,241891,,,,male,,healthy_control,,,,,,excluded,2.0,6.076
SAMN00147313,PRJNA48479,241891,,,,male,,healthy_control,,,,,,excluded,2.0,4.639
SAMN00147317,PRJNA48479,241891,,,,male,,healthy_control,,,,,,excluded,2.0,5.536
SAMN00062902,PRJNA48479,241892,,,,female,,healthy_control,Health,,,,,primary,1.0,4.447
SAMN00063010,PRJNA48479,241892,,adult,9861.75,female,US,healthy_control,Healthy,,,,,primary,2.0,13.716
SAMN00063876,PRJNA48479,241892,,,,female,,healthy_control,,,,,,excluded,2.0,7.996
SAMN00064375,PRJNA48479,241892,,adult,9861.75,female,US,healthy_control,,,,,,excluded,2.0,12.002
SAMN00064382,PRJNA48479,241892,,adult,9861.75,female,US,healthy_control,,,,,,excluded,2.0,11.818
SAMN00067149,PRJNA48479,241892,,,,female,,healthy_control,,,,,,excluded,2.0,3.961
SAMN00068753,PRJNA48479,241892,,,,female,,healthy_control,,,,,,excluded,1.0,4.935
SAMN00070016,PRJNA48479,241892,,adult,9861.75,female,US,healthy_control,,,,,,excluded,2.0,11.693
SAMN00076051,PRJNA48479,241892,,,,female,,healthy_control,,,,,,excluded,2.0,4.626
SAMN00076915,PRJNA48479,241892,,,,female,,healthy_control,,,,,,excluded,3.0,14.973
SAMN00077816,PRJNA48479,241892,,adult,9861.75,female,US,healthy_control,,,,,,excluded,2.0,13.62
SAMN00095003,PRJNA48479,241892,,,,female,,healthy_control,,,,,,excluded,2.0,5.814
SAMN00095019,PRJNA48479,241892,,,,female,,healthy_control,,,,,,excluded,1.0,20.094
SAMN00095023,PRJNA48479,241892,,,,female,,healthy_control,,,,,,excluded,1.0,18.724
SAMN00095035,PRJNA48479,241892,,,,female,,healthy_control,Health,,,,,primary,1.0,20.21
SAMN00095051,PRJNA48479,241892,,,,female,,healthy_control,,,,,,excluded,1.0,10.937
SAMN00142782,PRJNA48479,241892,,,,female,,healthy_control,,,,,,excluded,1.0,11.205
SAMN00142783,PRJNA48479,241892,,,,female,,healthy_control,,,,,,excluded,1.0,4.049
SAMN00142813,PRJNA48479,241892,,,,female,,healthy_control,,,,,,excluded,1.0,14.043
SAMN00142815,PRJNA48479,241892,,,,female,,healthy_control,Health,,,,,primary,1.0,18.436
SAMN00142821,PRJNA48479,241892,,,,female,,healthy_control,,,,,,excluded,2.0,11.475
SAMN00142825,PRJNA48479,241892,,,,female,,healthy_control,,,,,,excluded,1.0,18.567
SAMN00142833,PRJNA48479,241892,,,,female,,healthy_control,,,,,,excluded,1.0,21.408
SAMN00063777,PRJNA48479,241893,,,,female,,healthy_control,Health,,,,,primary,2.0,7.235
SAMN00141816,PRJNA48479,241893,,,,female,,healthy_control,Health,,,,,primary,1.0,13.451
SAMN00141819,PRJNA48479,241893,,,,female,,healthy_control,,,,,,excluded,1.0,11.59
SAMN00141825,PRJNA48479,241893,,,,female,,healthy_control,,,,,,excluded,1.0,10.39
SAMN00141835,PRJNA48479,241893,,,,female,,healthy_control,Health,,,,,primary,2.0,6.111
SAMN00143352,PRJNA48479,257108,,,,male,,healthy_control,Health,,,,,primary,2.0,5.409
SAMN00143357,PRJNA48479,257108,,,,male,,healthy_control,,,,,,excluded,2.0,6.137
SAMN00143361,PRJNA48479,257108,,,,male,,healthy_control,,,,,,excluded,1.0,4.135
SAMN00145984,PRJNA48479,257108,,,,male,,healthy_control,,,,,,excluded,1.0,13.487
SAMN00145986,PRJNA48479,257108,,,,male,,healthy_control,,,,,,excluded,2.0,6.251
SAMN00145990,PRJNA48479,257108,,,,male,,healthy_control,,,,,,excluded,1.0,10.9
SAMN00145996,PRJNA48479,257108,,,,male,,healthy_control,,,,,,excluded,2.0,7.346
SAMN00146002,PRJNA48479,257108,,,,male,,healthy_control,,,,,,excluded,2.0,8.134
SAMN00146014,PRJNA48479,257108,,,,male,,healthy_control,,,,,,excluded,2.0,7.399
SAMN00146029,PRJNA48479,257108,,,,male,,healthy_control,Health,,,,,primary,1.0,12.884
SAMN00087398,PRJNA48479,257109,,,,male,,healthy_control,Health,,,,,primary,8.0,5.895
SAMN00087403,PRJNA48479,257109,,,,male,,healthy_control,,,,,,excluded,8.0,7.604
SAMN00087406,PRJNA48479,257109,,,,male,,healthy_control,,,,,,excluded,8.0,6.629
SAMN00087408,PRJNA48479,257109,,,,male,,healthy_control,,,,,,excluded,8.0,7.782
SAMN00087412,PRJNA48479,257109,,,,male,,healthy_control,,,,,,excluded,8.0,7.974
SAMN00087294,PRJNA48479,257110,,,,female,,healthy_control,Health,,,,,primary,8.0,8.244
SAMN00086147,PRJNA48479,257111,,,,female,,healthy_control,,,,,,excluded,8.0,5.111
SAMN00086150,PRJNA48479,257111,,,,female,,healthy_control,,,,,,excluded,8.0,8.581
SAMN00086151,PRJNA48479,257111,,,,female,,healthy_control,Health,,,,,primary,8.0,8.667
SAMN00086154,PRJNA48479,257111,,,,female,,healthy_control,,,,,,excluded,8.0,8.24
SAMN00086156,PRJNA48479,257111,,,,female,,healthy_control,,,,,,excluded,8.0,8.735
SAMN00086160,PRJNA48479,257111,,,,female,,healthy_control,,,,,,excluded,8.0,5.812
SAMN00141759,PRJNA48479,257111,,,,female,,healthy_control,Health,,,,,primary,8.0,8.652
SAMN00141762,PRJNA48479,257111,,,,female,,healthy_control,,,,,,excluded,8.0,4.337
SAMN00141764,PRJNA48479,257111,,,,female,,healthy_control,,,,,,excluded,8.0,5.214
SAMN00141768,PRJNA48479,257111,,,,female,,healthy_control,,,,,,excluded,8.0,5.81
SAMN00141774,PRJNA48479,257111,,,,female,,healthy_control,,,,,,excluded,8.0,7.602
SAMN00141777,PRJNA48479,257111,,,,female,,healthy_control,,,,,,excluded,8.0,9.079
SAMN00148034,PRJNA48479,257111,,,,female,,healthy_control,Health,,,,,primary,8.0,4.89
SAMN00148037,PRJNA48479,257111,,,,female,,healthy_control,,,,,,excluded,8.0,5.968
SAMN00148039,PRJNA48479,257111,,,,female,,healthy_control,,,,,,excluded,8.0,6.431
SAMN00148043,PRJNA48479,257111,,,,female,,healthy_control,,,,,,excluded,8.0,6.904
SAMN00148049,PRJNA48479,257111,,,,female,,healthy_control,,,,,,excluded,8.0,7.312
SAMN00148052,PRJNA48479,257111,,,,female,,healthy_control,,,,,,excluded,8.0,5.579
SAMN00081738,PRJNA48479,257112,,,,female,,healthy_control,,,,,,excluded,2.0,5.705
SAMN00082825,PRJNA48479,257112,,,,female,,healthy_control,,,,,,excluded,2.0,3.806
SAMN00082827,PRJNA48479,257112,,,,female,,healthy_control,,,,,,excluded,1.0,2.33
SAMN00083287,PRJNA48479,257112,,,,female,,healthy_control,,,,,,excluded,1.0,4.31
SAMN00146758,PRJNA48479,257112,,,,female,,healthy_control,,,,,,excluded,1.0,4.43
SAMN00146764,PRJNA48479,257112,,,,female,,healthy_control,,,,,,excluded,1.0,4.585
SAMN00146773,PRJNA48479,257112,,,,female,,healthy_control,,,,,,excluded,1.0,5.201
SAMN00063676,PRJNA48479,257113,,,,male,,healthy_control,Health,,,,,primary,13.0,9.923
SAMN00142197,PRJNA48479,257114,,,,female,,healthy_control,Health,,,,,primary,1.0,4.201
SAMN00142231,PRJNA48479,257114,,,,female,,healthy_control,,,,,,excluded,1.0,8.81
SAMN00142233,PRJNA48479,257114,,,,female,,healthy_control,,,,,,excluded,2.0,15.901
SAMN00142239,PRJNA48479,257114,,,,female,,healthy_control,,,,,,excluded,1.0,20.316
SAMN00142249,PRJNA48479,257114,,,,female,,healthy_control,,,,,,excluded,1.0,16.759
SAMN00142253,PRJNA48479,257114,,,,female,,healthy_control,,,,,,excluded,1.0,21.525
SAMN00082397,PRJNA48479,257115,,,,male,,healthy_control,,,,,,excluded,2.0,5.818
SAMN00082650,PRJNA48479,257115,,,,male,,healthy_control,,,,,,excluded,1.0,6.433
SAMN00083596,PRJNA48479,257115,,,,male,,healthy_control,,,,,,excluded,2.0,6.453
SAMN00083961,PRJNA48479,257115,,,,male,,healthy_control,,,,,,excluded,1.0,5.433
SAMN00146594,PRJNA48479,257115,,,,male,,healthy_control,Health,,,,,primary,2.0,8.647
SAMN00146597,PRJNA48479,257115,,,,male,,healthy_control,,,,,,excluded,2.0,8.613
SAMN00146603,PRJNA48479,257115,,,,male,,healthy_control,,,,,,excluded,2.0,9.485
SAMN00146609,PRJNA48479,257115,,,,male,,healthy_control,,,,,,excluded,2.0,5.116
SAMN00085932,PRJNA48479,257116,,,,male,,healthy_control,,,,,,excluded,8.0,7.295
SAMN00085934,PRJNA48479,257116,,,,male,,healthy_control,,,,,,excluded,8.0,5.999
SAMN00085938,PRJNA48479,257116,,,,male,,healthy_control,,,,,,excluded,8.0,7.258
SAMN00085940,PRJNA48479,257116,,,,male,,healthy_control,Health,,,,,primary,8.0,7.274
SAMN00085945,PRJNA48479,257116,,,,male,,healthy_control,,,,,,excluded,8.0,4.815
SAMN00081930,PRJNA48479,257117,,,,female,,healthy_control,,,,,,excluded,2.0,7.012
SAMN00082516,PRJNA48479,257117,,,,female,,healthy_control,,,,,,excluded,1.0,4.08
SAMN00082847,PRJNA48479,257117,,,,female,,healthy_control,,,,,,excluded,2.0,5.31
SAMN00083490,PRJNA48479,257117,,,,female,,healthy_control,,,,,,excluded,1.0,4.087
SAMN00084744,PRJNA48479,257117,,,,female,,healthy_control,,,,,,excluded,1.0,4.596
SAMN00147731,PRJNA48479,257117,,,,female,,healthy_control,,,,,,excluded,2.0,6.019
SAMN00147733,PRJNA48479,257117,,,,female,,healthy_control,,,,,,excluded,2.0,4.422
SAMN00147737,PRJNA48479,257117,,,,female,,healthy_control,,,,,,excluded,2.0,3.513
SAMN00147746,PRJNA48479,257117,,,,female,,healthy_control,,,,,,excluded,2.0,7.176
SAMN00082882,PRJNA48479,257118,,,,female,,healthy_control,,,,,,excluded,1.0,4.394
SAMN00083256,PRJNA48479,257118,,,,female,,healthy_control,Health,,,,,primary,1.0,4.375
SAMN00083855,PRJNA48479,257118,,,,female,,healthy_control,,,,,,excluded,1.0,4.686
SAMN00084323,PRJNA48479,257118,,,,female,,healthy_control,,,,,,excluded,1.0,4.504
SAMN00146870,PRJNA48479,257118,,,,female,,healthy_control,Health,,,,,primary,1.0,5.385
SAMN00146881,PRJNA48479,257118,,,,female,,healthy_control,,,,,,excluded,1.0,4.809
SAMN00146887,PRJNA48479,257118,,,,female,,healthy_control,,,,,,excluded,2.0,8.373
SAMN00094479,PRJNA48479,257119,,,,male,,healthy_control,Health,,,,,primary,8.0,9.835
SAMN00094484,PRJNA48479,257119,,,,male,,healthy_control,,,,,,excluded,8.0,7.173
SAMN00094487,PRJNA48479,257119,,,,male,,healthy_control,,,,,,excluded,8.0,7.513
SAMN00094489,PRJNA48479,257119,,,,male,,healthy_control,,,,,,excluded,8.0,6.517
SAMN00094493,PRJNA48479,257119,,,,male,,healthy_control,,,,,,excluded,8.0,7.905
SAMN00143514,PRJNA48479,257119,,,,male,,healthy_control,Health,,,,,primary,8.0,7.293
SAMN00143517,PRJNA48479,257119,,,,male,,healthy_control,,,,,,excluded,8.0,8.084
SAMN00143519,PRJNA48479,257119,,,,male,,healthy_control,,,,,,excluded,8.0,6.474
SAMN00143523,PRJNA48479,257119,,,,male,,healthy_control,,,,,,excluded,8.0,8.685
SAMN00143529,PRJNA48479,257119,,,,male,,healthy_control,,,,,,excluded,8.0,7.093
SAMN00143918,PRJNA48479,257119,,,,male,,healthy_control,,,,,,excluded,8.0,8.355
SAMN00143920,PRJNA48479,257119,,,,male,,healthy_control,,,,,,excluded,8.0,5.598
SAMN00143924,PRJNA48479,257119,,,,male,,healthy_control,,,,,,excluded,8.0,4.892
SAMN00143930,PRJNA48479,257119,,,,male,,healthy_control,,,,,,excluded,8.0,7.61
SAMN00143931,PRJNA48479,257119,,,,male,,healthy_control,Health,,,,,primary,8.0,7.108
SAMN00063460,PRJNA48479,257120,,,,male,,healthy_control,,,,,,excluded,30.0,14.592
SAMN00063655,PRJNA48479,257120,,adult,10592.25,male,US,healthy_control,,,,,,excluded,1.0,12.091
SAMN00065013,PRJNA48479,257120,,adult,10592.25,male,US,healthy_control,Healthy,,,,,primary,1.0,12.669
SAMN00065136,PRJNA48479,257120,,adult,10592.25,male,US,healthy_control,,,,,,excluded,1.0,11.45
SAMN00065849,PRJNA48479,257120,,,,male,,healthy_control,,,,,,excluded,38.0,18.53
SAMN00066632,PRJNA48479,257120,,adult,10592.25,male,US,healthy_control,,,,,,excluded,1.0,14.216
SAMN00069277,PRJNA48479,257120,,adult,10592.25,male,US,healthy_control,,,,,,excluded,1.0,7.823
SAMN00075435,PRJNA48479,257120,,adult,10592.25,male,US,healthy_control,,,,,,excluded,2.0,9.62
SAMN00078062,PRJNA48479,257120,,adult,10592.25,male,US,healthy_control,,,,,,excluded,1.0,12.724
SAMN00097897,PRJNA48479,257120,,,,male,,healthy_control,Health,,,,,primary,13.0,8.293
SAMN00097903,PRJNA48479,257120,,,,male,,healthy_control,,,,,,excluded,38.0,20.861
SAMN00097905,PRJNA48479,257120,,,,male,,healthy_control,,,,,,excluded,30.0,10.888
SAMN00097909,PRJNA48479,257120,,,,male,,healthy_control,,,,,,excluded,30.0,19.046
SAMN10658880,PRJNA48479,257120,,adult,10592.25,male,US,healthy_control,Healthy,,,,,primary,3.0,11.68
SAMN00147893,PRJNA48479,257121,,,,male,,healthy_control,,,,,,excluded,1.0,4.176
SAMN00148354,PRJNA48479,257121,,,,male,,healthy_control,,,,,,excluded,2.0,4.284
SAMN00062466,PRJNA48479,257122,,adult,10227.0,male,US,healthy_control,,,,,,excluded,2.0,15.096
SAMN00063672,PRJNA48479,257122,,adult,10227.0,male,US,healthy_control,,,,,,excluded,1.0,14.922
SAMN00065322,PRJNA48479,257122,,adult,10227.0,male,US,healthy_control,,,,,,excluded,2.0,10.063
SAMN00069909,PRJNA48479,257122,,adult,10227.0,male,US,healthy_control,Healthy,,,,,primary,1.0,14.741
SAMN00072787,PRJNA48479,257122,,,,male,,healthy_control,,,,,,excluded,30.0,14.525
SAMN00081785,PRJNA48479,257122,,adult,10227.0,male,US,healthy_control,,,,,,excluded,1.0,14.314
SAMN00082936,PRJNA48479,257122,,,,male,,healthy_control,,,,,,excluded,38.0,19.268
SAMN00083243,PRJNA48479,257122,,adult,10227.0,male,US,healthy_control,,,,,,excluded,2.0,11.376
SAMN00083669,PRJNA48479,257122,,adult,10227.0,male,US,healthy_control,Healthy,,,,,primary,3.0,3.196
SAMN00084157,PRJNA48479,257122,,adult,10227.0,male,US,healthy_control,,,,,,excluded,1.0,0.643
SAMN00096542,PRJNA48479,257122,,,,male,,healthy_control,Health,,,,,primary,13.0,9.88
SAMN00096548,PRJNA48479,257122,,,,male,,healthy_control,,,,,,excluded,13.0,9.659
SAMN00096550,PRJNA48479,257122,,,,male,,healthy_control,,,,,,excluded,30.0,12.056
SAMN00096554,PRJNA48479,257122,,,,male,,healthy_control,,,,,,excluded,30.0,15.159
SAMN00096557,PRJNA48479,257122,,,,male,,healthy_control,,,,,,excluded,30.0,14.374
SAMN00096560,PRJNA48479,257122,,,,male,,healthy_control,,,,,,excluded,30.0,18.456
SAMN00085883,PRJNA48479,257124,,,,female,,healthy_control,Health,,,,,primary,1.0,4.263
SAMN00141998,PRJNA48479,257124,,,,female,,healthy_control,Health,,,,,primary,1.0,25.099
SAMN00142004,PRJNA48479,257124,,,,female,,healthy_control,,,,,,excluded,1.0,17.309
SAMN00142008,PRJNA48479,257124,,,,female,,healthy_control,,,,,,excluded,1.0,17.518
SAMN00086037,PRJNA48479,257125,,,,female,,healthy_control,,,,,,excluded,8.0,6.949
SAMN00086039,PRJNA48479,257125,,,,female,,healthy_control,,,,,,excluded,8.0,8.795
SAMN00086043,PRJNA48479,257125,,,,female,,healthy_control,,,,,,excluded,8.0,5.979
SAMN00086045,PRJNA48479,257125,,,,female,,healthy_control,Health,,,,,primary,8.0,8.708
SAMN00086050,PRJNA48479,257125,,,,female,,healthy_control,,,,,,excluded,8.0,6.151
SAMN00086053,PRJNA48479,257125,,,,female,,healthy_control,,,,,,excluded,8.0,7.974
SAMN00082710,PRJNA48479,257126,,,,male,,healthy_control,,,,,,excluded,1.0,4.115
SAMN00083641,PRJNA48479,257126,,,,male,,healthy_control,,,,,,excluded,2.0,5.287
SAMN00099939,PRJNA48479,257126,,,,male,,healthy_control,,,,,,excluded,2.0,5.661
SAMN00099941,PRJNA48479,257126,,,,male,,healthy_control,,,,,,excluded,2.0,5.343
SAMN00099945,PRJNA48479,257126,,,,male,,healthy_control,,,,,,excluded,2.0,8.469
SAMN00099952,PRJNA48479,257126,,,,male,,healthy_control,Health,,,,,primary,2.0,5.127
SAMN00147470,PRJNA48479,257126,,,,male,,healthy_control,Health,,,,,primary,2.0,5.264
SAMN00147475,PRJNA48479,257126,,,,male,,healthy_control,,,,,,excluded,1.0,4.631
SAMN00147479,PRJNA48479,257126,,,,male,,healthy_control,,,,,,excluded,1.0,13.558
SAMN00147493,PRJNA48479,257126,,,,male,,healthy_control,,,,,,excluded,1.0,21.657
SAMN00147501,PRJNA48479,257126,,,,male,,healthy_control,,,,,,excluded,1.0,16.557
SAMN00147504,PRJNA48479,257126,,,,male,,healthy_control,,,,,,excluded,2.0,1.045
SAMN00147507,PRJNA48479,257126,,,,male,,healthy_control,,,,,,excluded,1.0,16.838
SAMN00065835,PRJNA48479,257127,,,,female,,healthy_control,Health,,,,,primary,2.0,5.817
SAMN00142726,PRJNA48479,257127,,,,female,,healthy_control,,,,,,excluded,1.0,13.487
SAMN00142740,PRJNA48479,257127,,,,female,,healthy_control,Health,,,,,primary,2.0,7.287
SAMN00142746,PRJNA48479,257127,,,,female,,healthy_control,,,,,,excluded,1.0,17.916
SAMN00142754,PRJNA48479,257127,,,,female,,healthy_control,,,,,,excluded,1.0,0.559
SAMN00087032,PRJNA48479,257128,,,,male,,healthy_control,,,,,,excluded,8.0,5.265
SAMN00087035,PRJNA48479,257128,,,,male,,healthy_control,,,,,,excluded,8.0,7.359
SAMN00087037,PRJNA48479,257128,,,,male,,healthy_control,,,,,,excluded,8.0,5.58
SAMN00087041,PRJNA48479,257128,,,,male,,healthy_control,,,,,,excluded,8.0,5.039
SAMN00087043,PRJNA48479,257128,,,,male,,healthy_control,Health,,,,,primary,8.0,5.16
SAMN00086928,PRJNA48479,257129,,,,male,,healthy_control,,,,,,excluded,8.0,5.331
SAMN00086931,PRJNA48479,257129,,,,male,,healthy_control,,,,,,excluded,8.0,8.947
SAMN00086933,PRJNA48479,257129,,,,male,,healthy_control,,,,,,excluded,8.0,5.778
SAMN00086937,PRJNA48479,257129,,,,male,,healthy_control,,,,,,excluded,8.0,7.27
SAMN10657952,PRJNA48479,257129,,,,male,,healthy_control,Health,,,,,primary,8.0,7.239
SAMN00083506,PRJNA48479,257130,,,,female,,healthy_control,,,,,,excluded,2.0,4.634
SAMN00083592,PRJNA48479,257130,,,,female,,healthy_control,,,,,,excluded,2.0,13.691
SAMN00084211,PRJNA48479,257130,,,,female,,healthy_control,,,,,,excluded,2.0,6.538
SAMN00142448,PRJNA48479,257130,,,,female,,healthy_control,,,,,,excluded,2.0,8.041
SAMN00142450,PRJNA48479,257130,,,,female,,healthy_control,,,,,,excluded,1.0,4.555
SAMN00142464,PRJNA48479,257130,,,,female,,healthy_control,,,,,,excluded,1.0,5.029
SAMN00142470,PRJNA48479,257130,,,,female,,healthy_control,,,,,,excluded,1.0,19.087
SAMN00146030,PRJNA48479,257130,,,,female,,healthy_control,Health,,,,,primary,1.0,10.533
SAMN00146035,PRJNA48479,257130,,,,female,,healthy_control,,,,,,excluded,2.0,5.033
SAMN00146041,PRJNA48479,257130,,,,female,,healthy_control,,,,,,excluded,1.0,11.408
SAMN00146043,PRJNA48479,257130,,,,female,,healthy_control,,,,,,excluded,2.0,6.92
SAMN00146047,PRJNA48479,257130,,,,female,,healthy_control,,,,,,excluded,1.0,13.184
SAMN00146049,PRJNA48479,257130,,,,female,,healthy_control,Health,,,,,primary,2.0,6.037
SAMN00146064,PRJNA48479,257130,,,,female,,healthy_control,,,,,,excluded,1.0,17.955
SAMN00146066,PRJNA48479,257130,,,,female,,healthy_control,,,,,,excluded,1.0,24.013
SAMN00146071,PRJNA48479,257130,,,,female,,healthy_control,,,,,,excluded,2.0,6.865
SAMN00146083,PRJNA48479,257130,,,,female,,healthy_control,,,,,,excluded,2.0,5.67
SAMN00064544,PRJNA48479,257131,,,,male,,healthy_control,Health,,,,,primary,2.0,9.093
SAMN00076122,PRJNA48479,257131,,,,male,,healthy_control,,,,,,excluded,1.0,4.352
SAMN00145938,PRJNA48479,257131,,,,male,,healthy_control,,,,,,excluded,1.0,11.284
SAMN00145948,PRJNA48479,257131,,,,male,,healthy_control,,,,,,excluded,1.0,9.072
SAMN00145955,PRJNA48479,257131,,,,male,,healthy_control,,,,,,excluded,1.0,17.621
SAMN00145958,PRJNA48479,257131,,,,male,,healthy_control,,,,,,excluded,2.0,3.99
SAMN00145963,PRJNA48479,257131,,,,male,,healthy_control,,,,,,excluded,2.0,1.78
SAMN00145967,PRJNA48479,257131,,,,male,,healthy_control,,,,,,excluded,1.0,13.644
SAMN00145978,PRJNA48479,257131,,,,male,,healthy_control,,,,,,excluded,3.0,4.408
SAMN00145981,PRJNA48479,257131,,,,male,,healthy_control,Health,,,,,primary,2.0,10.881
SAMN00148705,PRJNA48479,257131,,,,male,,healthy_control,,,,,,excluded,2.0,4.794
SAMN00148709,PRJNA48479,257131,,,,male,,healthy_control,,,,,,excluded,2.0,5.824
SAMN00081442,PRJNA48479,257132,,,,male,,healthy_control,,,,,,excluded,1.0,5.595
SAMN00082164,PRJNA48479,257132,,,,male,,healthy_control,,,,,,excluded,1.0,4.887
SAMN00083221,PRJNA48479,257132,,,,male,,healthy_control,,,,,,excluded,2.0,5.721
SAMN00148448,PRJNA48479,257132,,,,male,,healthy_control,,,,,,excluded,2.0,5.582
SAMN00148454,PRJNA48479,257132,,,,male,,healthy_control,,,,,,excluded,2.0,4.686
SAMN00078702,PRJNA48479,257133,,,,female,,healthy_control,,,,,,excluded,13.0,8.879
SAMN00082214,PRJNA48479,268865,,,,female,,healthy_control,Health,,,,,primary,12.0,5.349
SAMN00082509,PRJNA48479,268866,,,,female,,healthy_control,,,,,,excluded,38.0,19.489
SAMN00082952,PRJNA48479,268869,,,,female,,healthy_control,Health,,,,,primary,1.0,1.232
SAMN00094554,PRJNA48479,268870,,,,female,,healthy_control,,,,,,excluded,3.0,10.237
SAMN00094560,PRJNA48479,268870,,,,female,,healthy_control,,,,,,excluded,3.0,6.844
SAMN00094566,PRJNA48479,268870,,,,female,,healthy_control,,,,,,excluded,3.0,6.352
SAMN00094570,PRJNA48479,268870,,,,female,,healthy_control,,,,,,excluded,3.0,8.086
SAMN00094578,PRJNA48479,268870,,,,female,,healthy_control,,,,,,excluded,3.0,5.261
SAMN00094582,PRJNA48479,268870,,,,female,,healthy_control,Health,,,,,primary,3.0,5.934
SAMN00142571,PRJNA48479,268870,,,,female,,healthy_control,,,,,,excluded,8.0,6.815
SAMN00142573,PRJNA48479,268870,,,,female,,healthy_control,,,,,,excluded,8.0,5.383
SAMN00142577,PRJNA48479,268870,,,,female,,healthy_control,,,,,,excluded,8.0,5.327
SAMN00142587,PRJNA48479,268870,,,,female,,healthy_control,,,,,,excluded,3.0,9.903
SAMN00142589,PRJNA48479,268870,,,,female,,healthy_control,Health,,,,,primary,3.0,6.939
SAMN00142595,PRJNA48479,268870,,,,female,,healthy_control,,,,,,excluded,3.0,10.682
SAMN00148292,PRJNA48479,268870,,,,female,,healthy_control,Health,,,,,primary,13.0,4.998
SAMN00148295,PRJNA48479,268870,,,,female,,healthy_control,,,,,,excluded,8.0,5.851
SAMN00148297,PRJNA48479,268870,,,,female,,healthy_control,,,,,,excluded,8.0,10.648
SAMN00148301,PRJNA48479,268870,,,,female,,healthy_control,,,,,,excluded,8.0,5.763
SAMN00148307,PRJNA48479,268870,,,,female,,healthy_control,,,,,,excluded,8.0,6.886
SAMN00148310,PRJNA48479,268870,,,,female,,healthy_control,,,,,,excluded,8.0,5.811
SAMN00094433,PRJNA48479,268871,,,,male,,healthy_control,,,,,,excluded,8.0,7.145
SAMN00094435,PRJNA48479,268871,,,,male,,healthy_control,,,,,,excluded,8.0,5.99
SAMN00094439,PRJNA48479,268871,,,,male,,healthy_control,,,,,,excluded,8.0,6.374
SAMN00094441,PRJNA48479,268871,,,,male,,healthy_control,Health,,,,,primary,8.0,7.396
SAMN00094446,PRJNA48479,268871,,,,male,,healthy_control,,,,,,excluded,8.0,6.379
SAMN00142352,PRJNA48479,268871,,,,male,,healthy_control,,,,,,excluded,8.0,5.552
SAMN00142354,PRJNA48479,268871,,,,male,,healthy_control,,,,,,excluded,8.0,6.015
SAMN00142358,PRJNA48479,268871,,,,male,,healthy_control,,,,,,excluded,8.0,4.627
SAMN00142364,PRJNA48479,268871,,,,male,,healthy_control,,,,,,excluded,8.0,5.911
SAMN00142365,PRJNA48479,268871,,,,male,,healthy_control,Health,,,,,primary,8.0,6.474
SAMN00147988,PRJNA48479,268871,,,,male,,healthy_control,,,,,,excluded,8.0,4.285
SAMN00147990,PRJNA48479,268871,,,,male,,healthy_control,,,,,,excluded,8.0,7.415
SAMN00147994,PRJNA48479,268871,,,,male,,healthy_control,,,,,,excluded,8.0,6.625
SAMN00148000,PRJNA48479,268871,,,,male,,healthy_control,,,,,,excluded,8.0,5.943
SAMN00148001,PRJNA48479,268871,,,,male,,healthy_control,Health,,,,,primary,8.0,6.162
SAMN00087551,PRJNA48479,268873,,,,female,,healthy_control,,,,,,excluded,8.0,6.773
SAMN00087553,PRJNA48479,268873,,,,female,,healthy_control,,,,,,excluded,8.0,5.102
SAMN00087557,PRJNA48479,268873,,,,female,,healthy_control,,,,,,excluded,8.0,5.655
SAMN00087559,PRJNA48479,268873,,,,female,,healthy_control,Health,,,,,primary,8.0,7.418
SAMN00087564,PRJNA48479,268873,,,,female,,healthy_control,,,,,,excluded,8.0,7.988
SAMN00087567,PRJNA48479,268873,,,,female,,healthy_control,,,,,,excluded,8.0,5.317
SAMN00087800,PRJNA48479,268874,,,,female,,healthy_control,,,,,,excluded,8.0,6.935
SAMN00087802,PRJNA48479,268874,,,,female,,healthy_control,,,,,,excluded,8.0,4.97
SAMN00087806,PRJNA48479,268874,,,,female,,healthy_control,,,,,,excluded,8.0,7.459
SAMN00087808,PRJNA48479,268874,,,,female,,healthy_control,Health,,,,,primary,8.0,8.218
SAMN00087813,PRJNA48479,268874,,,,female,,healthy_control,,,,,,excluded,8.0,5.385
SAMN00087816,PRJNA48479,268874,,,,female,,healthy_control,,,,,,excluded,8.0,4.8
SAMN00087608,PRJNA48479,268875,,,,male,,healthy_control,,,,,,excluded,8.0,6.047
SAMN00087610,PRJNA48479,268875,,,,male,,healthy_control,,,,,,excluded,8.0,6.217
SAMN00087614,PRJNA48479,268875,,,,male,,healthy_control,,,,,,excluded,8.0,6.764
SAMN00087620,PRJNA48479,268875,,,,male,,healthy_control,,,,,,excluded,8.0,7.2
SAMN00087621,PRJNA48479,268875,,,,male,,healthy_control,Health,,,,,primary,8.0,5.642
SAMN00142895,PRJNA48479,268875,,,,male,,healthy_control,,,,,,excluded,8.0,8.068
SAMN00142897,PRJNA48479,268875,,,,male,,healthy_control,,,,,,excluded,8.0,5.511
SAMN00142901,PRJNA48479,268875,,,,male,,healthy_control,,,,,,excluded,8.0,7.144
SAMN00142907,PRJNA48479,268875,,,,male,,healthy_control,,,,,,excluded,8.0,7.871
SAMN00142939,PRJNA48479,268875,,,,male,,healthy_control,Health,,,,,primary,3.0,6.861
SAMN00146256,PRJNA48479,268875,,,,male,,healthy_control,Health,,,,,primary,3.0,9.453
SAMN00146262,PRJNA48479,268875,,,,male,,healthy_control,,,,,,excluded,3.0,6.204
SAMN00146266,PRJNA48479,268875,,,,male,,healthy_control,,,,,,excluded,3.0,9.102
SAMN00146274,PRJNA48479,268875,,,,male,,healthy_control,,,,,,excluded,3.0,7.635
SAMN00146286,PRJNA48479,268875,,,,male,,healthy_control,,,,,,excluded,3.0,0.0
SAMN10658939,PRJNA48479,268876,,,,female,,healthy_control,Health,,,,,primary,19.0,6.055
SAMN00082542,PRJNA48479,268877,,,,female,,healthy_control,Health,,,,,primary,38.0,23.348
SAMN00083686,PRJNA48479,268877,,,,female,,healthy_control,Health,,,,,primary,12.0,3.673
SAMN00081740,PRJNA48479,268878,,,,female,,healthy_control,Health,,,,,primary,1.0,0.824
SAMN00082513,PRJNA48479,268878,,,,female,,healthy_control,Health,,,,,primary,13.0,6.933
SAMN00095176,PRJNA48479,268879,,,,female,,healthy_control,Health,,,,,primary,8.0,4.531
SAMN00087756,PRJNA48479,268880,,,,male,,healthy_control,Health,,,,,primary,8.0,4.815
SAMN00148398,PRJNA48479,285233,,,,male,,healthy_control,Health,,,,,primary,8.0,6.358
SAMN00148401,PRJNA48479,285233,,,,male,,healthy_control,,,,,,excluded,8.0,8.119
SAMN00148403,PRJNA48479,285233,,,,male,,healthy_control,,,,,,excluded,8.0,6.715
SAMN00148407,PRJNA48479,285233,,,,male,,healthy_control,,,,,,excluded,8.0,6.387
SAMN00148413,PRJNA48479,285233,,,,male,,healthy_control,,,,,,excluded,8.0,6.696
