sample_key,study_accession,subject_id,timepoint_label,age_category,age_at_collection_days,sex,country,health_condition,health_condition_detail,intervention,intervention_detail,antibiotic_exposure,collection_date,body_site_class,n_runs,seq_gbp
SAMN12007754,PRJNA1464738,0001,12,,,,US,transplant_or_immunocompromised,allogeneic hematopoietic cell transplant recipients,,,,,primary,2.0,9.836
SAMN12019373,PRJNA1464738,0100,-7,,,,US,transplant_or_immunocompromised,allogeneic hematopoietic cell transplant recipients,,,,,primary,1.0,9.614
SAMN12018542,PRJNA1464738,0107,13,,,,US,transplant_or_immunocompromised,allogeneic hematopoietic cell transplant recipients,,,,,primary,1.0,1.998
SAMN12019384,PRJNA1464738,0112,21,,,,US,transplant_or_immunocompromised,allogeneic hematopoietic cell transplant recipients,,,,,primary,1.0,4.088
SAMN12019395,PRJNA1464738,0125,-1,,,,US,transplant_or_immunocompromised,allogeneic hematopoietic cell transplant recipients,,,,,primary,1.0,4.186
SAMN12019393,PRJNA1464738,0125,-4,,,,US,transplant_or_immunocompromised,allogeneic hematopoietic cell transplant recipients,,,,,primary,1.0,6.031
SAMN12019475,PRJNA1464738,0125,10,,,,US,transplant_or_immunocompromised,allogeneic hematopoietic cell transplant recipients,,,,,primary,1.0,4.02
SAMN12019477,PRJNA1464738,0125,13,,,,US,transplant_or_immunocompromised,allogeneic hematopoietic cell transplant recipients,,,,,primary,1.0,0.763
SAMN12019479,PRJNA1464738,0125,17,,,,US,transplant_or_immunocompromised,allogeneic hematopoietic cell transplant recipients,,,,,primary,1.0,4.055
SAMN12019480,PRJNA1464738,0125,19,,,,US,transplant_or_immunocompromised,allogeneic hematopoietic cell transplant recipients,,,,,primary,1.0,4.405
SAMN12019396,PRJNA1464738,0125,4,,,,US,transplant_or_immunocompromised,allogeneic hematopoietic cell transplant recipients,,,,,primary,1.0,4.287
SAMN12019433,PRJNA1464738,0139,11,,,,US,transplant_or_immunocompromised,allogeneic hematopoietic cell transplant recipients,,,,,primary,1.0,0.026
SAMN12018575,PRJNA1464738,0158,-2,,,,US,transplant_or_immunocompromised,allogeneic hematopoietic cell transplant recipients,,,,,primary,1.0,6.963
SAMN12018574,PRJNA1464738,0158,-6,,,,US,transplant_or_immunocompromised,allogeneic hematopoietic cell transplant recipients,,,,,primary,1.0,7.044
SAMN12018573,PRJNA1464738,0158,-8,,,,US,transplant_or_immunocompromised,allogeneic hematopoietic cell transplant recipients,,,,,primary,1.0,9.201
SAMN12018572,PRJNA1464738,0158,-9,,,,US,transplant_or_immunocompromised,allogeneic hematopoietic cell transplant recipients,,,,,primary,1.0,6.751
SAMN12018577,PRJNA1464738,0158,0,,,,US,transplant_or_immunocompromised,allogeneic hematopoietic cell transplant recipients,,,,,primary,1.0,5.947
SAMN12018578,PRJNA1464738,0158,1,,,,US,transplant_or_immunocompromised,allogeneic hematopoietic cell transplant recipients,,,,,primary,1.0,5.384
SAMN12019525,PRJNA1464738,0165,-2,,,,US,transplant_or_immunocompromised,allogeneic hematopoietic cell transplant recipients,,,,,primary,1.0,6.088
SAMN12020200,PRJNA1464738,0172,-1,,,,US,transplant_or_immunocompromised,allogeneic hematopoietic cell transplant recipients,,,,,primary,1.0,4.298
SAMN12020199,PRJNA1464738,0172,-3,,,,US,transplant_or_immunocompromised,allogeneic hematopoietic cell transplant recipients,,,,,primary,1.0,5.474
SAMN12020198,PRJNA1464738,0172,-5,,,,US,transplant_or_immunocompromised,allogeneic hematopoietic cell transplant recipients,,,,,primary,1.0,5.694
SAMN12020201,PRJNA1464738,0172,0,,,,US,transplant_or_immunocompromised,allogeneic hematopoietic cell transplant recipients,,,,,primary,1.0,4.819
SAMN12020208,PRJNA1464738,0172,12,,,,US,transplant_or_immunocompromised,allogeneic hematopoietic cell transplant recipients,,,,,primary,1.0,4.167
SAMN12020202,PRJNA1464738,0172,2,,,,US,transplant_or_immunocompromised,allogeneic hematopoietic cell transplant recipients,,,,,primary,1.0,4.965
SAMN12020203,PRJNA1464738,0172,3,,,,US,transplant_or_immunocompromised,allogeneic hematopoietic cell transplant recipients,,,,,primary,1.0,2.748
SAMN12020204,PRJNA1464738,0172,5,,,,US,transplant_or_immunocompromised,allogeneic hematopoietic cell transplant recipients,,,,,primary,1.0,3.215
SAMN12020206,PRJNA1464738,0172,7,,,,US,transplant_or_immunocompromised,allogeneic hematopoietic cell transplant recipients,,,,,primary,1.0,3.507
SAMN12020207,PRJNA1464738,0172,9,,,,US,transplant_or_immunocompromised,allogeneic hematopoietic cell transplant recipients,,,,,primary,1.0,3.45
SAMN12020209,PRJNA1464738,0182,-8,,,,US,transplant_or_immunocompromised,allogeneic hematopoietic cell transplant recipients,,,,,primary,1.0,9.963
SAMN12020637,PRJNA1464738,0185,-7,,,,US,transplant_or_immunocompromised,allogeneic hematopoietic cell transplant recipients,,,,,primary,1.0,5.872
SAMN12019672,PRJNA1464738,0186,-1,,,,US,transplant_or_immunocompromised,allogeneic hematopoietic cell transplant recipients,,,,,primary,1.0,3.544
SAMN12019671,PRJNA1464738,0186,-2,,,,US,transplant_or_immunocompromised,allogeneic hematopoietic cell transplant recipients,,,,,primary,1.0,4.467
SAMN12019670,PRJNA1464738,0186,-4,,,,US,transplant_or_immunocompromised,allogeneic hematopoietic cell transplant recipients,,,,,primary,1.0,4.464
SAMN12019669,PRJNA1464738,0186,-8,,,,US,transplant_or_immunocompromised,allogeneic hematopoietic cell transplant recipients,,,,,primary,1.0,2.916
SAMN12019779,PRJNA1464738,0186,0,,,,US,transplant_or_immunocompromised,allogeneic hematopoietic cell transplant recipients,,,,,primary,1.0,3.675
SAMN12019780,PRJNA1464738,0186,1,,,,US,transplant_or_immunocompromised,allogeneic hematopoietic cell transplant recipients,,,,,primary,1.0,4.25
SAMN12019781,PRJNA1464738,0186,3,,,,US,transplant_or_immunocompromised,allogeneic hematopoietic cell transplant recipients,,,,,primary,1.0,4.853
SAMN12019784,PRJNA1464738,0186,6,,,,US,transplant_or_immunocompromised,allogeneic hematopoietic cell transplant recipients,,,,,primary,1.0,5.614
SAMN12019790,PRJNA1464738,0189,-4,,,,US,transplant_or_immunocompromised,allogeneic hematopoietic cell transplant recipients,,,,,primary,1.0,4.772
SAMN12019789,PRJNA1464738,0189,-5,,,,US,transplant_or_immunocompromised,allogeneic hematopoietic cell transplant recipients,,,,,primary,1.0,5.463
SAMN12020107,PRJNA1464738,0189,1,,,,US,transplant_or_immunocompromised,allogeneic hematopoietic cell transplant recipients,,,,,primary,1.0,6.472
SAMN12020112,PRJNA1464738,0189,10,,,,US,transplant_or_immunocompromised,allogeneic hematopoietic cell transplant recipients,,,,,primary,1.0,2.397
SAMN12020113,PRJNA1464738,0189,12,,,,US,transplant_or_immunocompromised,allogeneic hematopoietic cell transplant recipients,,,,,primary,1.0,1.612
SAMN12020689,PRJNA1464738,0189,14,,,,US,transplant_or_immunocompromised,allogeneic hematopoietic cell transplant recipients,,,,,primary,1.0,2.991
SAMN12020108,PRJNA1464738,0189,6,,,,US,transplant_or_immunocompromised,allogeneic hematopoietic cell transplant recipients,,,,,primary,1.0,5.03
SAMN12020109,PRJNA1464738,0189,7,,,,US,transplant_or_immunocompromised,allogeneic hematopoietic cell transplant recipients,,,,,primary,1.0,4.687
SAMN12020110,PRJNA1464738,0189,8,,,,US,transplant_or_immunocompromised,allogeneic hematopoietic cell transplant recipients,,,,,primary,1.0,7.089
SAMN12020111,PRJNA1464738,0189,9,,,,US,transplant_or_immunocompromised,allogeneic hematopoietic cell transplant recipients,,,,,primary,1.0,2.368
SAMN12019684,PRJNA1464738,0191,-7,,,,US,transplant_or_immunocompromised,allogeneic hematopoietic cell transplant recipients,,,,,primary,1.0,10.162
SAMN12020146,PRJNA1464738,0196,-5,,,,US,transplant_or_immunocompromised,allogeneic hematopoietic cell transplant recipients,,,,,primary,1.0,2.907
SAMN12019654,PRJNA1464738,0196,-7,,,,US,transplant_or_immunocompromised,allogeneic hematopoietic cell transplant recipients,,,,,primary,1.0,5.199
SAMN12020147,PRJNA1464738,0196,0,,,,US,transplant_or_immunocompromised,allogeneic hematopoietic cell transplant recipients,,,,,primary,1.0,3.656
SAMN12020150,PRJNA1464738,0196,12,,,,US,transplant_or_immunocompromised,allogeneic hematopoietic cell transplant recipients,,,,,primary,1.0,2.471
SAMN12020151,PRJNA1464738,0196,13,,,,US,transplant_or_immunocompromised,allogeneic hematopoietic cell transplant recipients,,,,,primary,1.0,0.18
SAMN12020152,PRJNA1464738,0196,14,,,,US,transplant_or_immunocompromised,allogeneic hematopoietic cell transplant recipients,,,,,primary,1.0,2.045
SAMN12020154,PRJNA1464738,0196,16,,,,US,transplant_or_immunocompromised,allogeneic hematopoietic cell transplant recipients,,,,,primary,1.0,5.016
SAMN12020148,PRJNA1464738,0196,4,,,,US,transplant_or_immunocompromised,allogeneic hematopoietic cell transplant recipients,,,,,primary,1.0,3.601
SAMN12020155,PRJNA1464738,0200,-1,,,,US,transplant_or_immunocompromised,allogeneic hematopoietic cell transplant recipients,,,,,primary,1.0,3.498
SAMN12020156,PRJNA1464738,0200,0,,,,US,transplant_or_immunocompromised,allogeneic hematopoietic cell transplant recipients,,,,,primary,1.0,4.9
SAMN12020160,PRJNA1464738,0200,12,,,,US,transplant_or_immunocompromised,allogeneic hematopoietic cell transplant recipients,,,,,primary,1.0,6.243
SAMN12020161,PRJNA1464738,0200,14,,,,US,transplant_or_immunocompromised,allogeneic hematopoietic cell transplant recipients,,,,,primary,1.0,5.964
SAMN12019718,PRJNA1464738,0200,15,,,,US,transplant_or_immunocompromised,allogeneic hematopoietic cell transplant recipients,,,,,primary,1.0,5.077
SAMN12020157,PRJNA1464738,0200,5,,,,US,transplant_or_immunocompromised,allogeneic hematopoietic cell transplant recipients,,,,,primary,1.0,5.401
SAMN12020158,PRJNA1464738,0200,8,,,,US,transplant_or_immunocompromised,allogeneic hematopoietic cell transplant recipients,,,,,primary,1.0,3.393
SAMN12020159,PRJNA1464738,0200,9,,,,US,transplant_or_immunocompromised,allogeneic hematopoietic cell transplant recipients,,,,,primary,1.0,2.104
SAMN12019688,PRJNA1464738,0202,-7,,,,US,transplant_or_immunocompromised,allogeneic hematopoietic cell transplant recipients,,,,,primary,1.0,5.35
SAMN12021212,PRJNA1464738,0241,-2,,,,US,transplant_or_immunocompromised,allogeneic hematopoietic cell transplant recipients,,,,,primary,1.0,1.294
SAMN12021215,PRJNA1464738,0241,12,,,,US,transplant_or_immunocompromised,allogeneic hematopoietic cell transplant recipients,,,,,primary,1.0,5.89
SAMN12021279,PRJNA1464738,0250,-1,,,,US,transplant_or_immunocompromised,allogeneic hematopoietic cell transplant recipients,,,,,primary,1.0,4.994
SAMN12021278,PRJNA1464738,0250,-2,,,,US,transplant_or_immunocompromised,allogeneic hematopoietic cell transplant recipients,,,,,primary,1.0,5.126
SAMN12021280,PRJNA1464738,0250,0,,,,US,transplant_or_immunocompromised,allogeneic hematopoietic cell transplant recipients,,,,,primary,1.0,5.62
SAMN12021281,PRJNA1464738,0250,1,,,,US,transplant_or_immunocompromised,allogeneic hematopoietic cell transplant recipients,,,,,primary,1.0,3.691
SAMN12021288,PRJNA1464738,0250,12,,,,US,transplant_or_immunocompromised,allogeneic hematopoietic cell transplant recipients,,,,,primary,1.0,4.011
SAMN12021289,PRJNA1464738,0250,15,,,,US,transplant_or_immunocompromised,allogeneic hematopoietic cell transplant recipients,,,,,primary,1.0,4.156
SAMN12021283,PRJNA1464738,0250,5,,,,US,transplant_or_immunocompromised,allogeneic hematopoietic cell transplant recipients,,,,,primary,1.0,5.372
SAMN12021284,PRJNA1464738,0250,6,,,,US,transplant_or_immunocompromised,allogeneic hematopoietic cell transplant recipients,,,,,primary,1.0,3.74
SAMN12021285,PRJNA1464738,0250,7,,,,US,transplant_or_immunocompromised,allogeneic hematopoietic cell transplant recipients,,,,,primary,1.0,4.46
SAMN12021286,PRJNA1464738,0250,8,,,,US,transplant_or_immunocompromised,allogeneic hematopoietic cell transplant recipients,,,,,primary,1.0,4.086
SAMN12021287,PRJNA1464738,0250,9,,,,US,transplant_or_immunocompromised,allogeneic hematopoietic cell transplant recipients,,,,,primary,1.0,3.423
SAMN07491259,PRJNA1464738,1042,,,,,US,transplant_or_immunocompromised,allogeneic hematopoietic cell transplant recipients,,,,,primary,3.0,0.002
SAMN07491265,PRJNA1464738,1044,,,,,US,transplant_or_immunocompromised,allogeneic hematopoietic cell transplant recipients,,,,,primary,4.0,27.463
SAMN07561966,PRJNA1464738,107,,,,,US,transplant_or_immunocompromised,allogeneic hematopoietic cell transplant recipients,,,,,primary,1.0,3.604
SAMN10083222,PRJNA1464738,11,18,,,,US,transplant_or_immunocompromised,allogeneic hematopoietic cell transplant recipients,,,,,primary,1.0,4.866
SAMN07491374,PRJNA1464738,1101,,,,,US,transplant_or_immunocompromised,allogeneic hematopoietic cell transplant recipients,,,,,primary,1.0,2.086
SAMN07491375,PRJNA1464738,1101,,,,,US,transplant_or_immunocompromised,allogeneic hematopoietic cell transplant recipients,,,,,primary,1.0,0.171
SAMN07491412,PRJNA1464738,1107,,,,,US,transplant_or_immunocompromised,allogeneic hematopoietic cell transplant recipients,,,,,primary,1.0,6.136
SAMN07562040,PRJNA1464738,112,,,,,US,transplant_or_immunocompromised,allogeneic hematopoietic cell transplant recipients,,,,,primary,1.0,5.851
SAMN07562071,PRJNA1464738,116,,,,,US,transplant_or_immunocompromised,allogeneic hematopoietic cell transplant recipients,,,,,primary,1.0,3.834
SAMN07560282,PRJNA1464738,1167,,,,,US,transplant_or_immunocompromised,allogeneic hematopoietic cell transplant recipients,,,,,primary,1.0,2.051
SAMN07560283,PRJNA1464738,1167,,,,,US,transplant_or_immunocompromised,allogeneic hematopoietic cell transplant recipients,,,,,primary,1.0,4.107
SAMN12018896,PRJNA1464738,1176,15,,,,US,transplant_or_immunocompromised,allogeneic hematopoietic cell transplant recipients,,,,,primary,1.0,5.356
SAMN10084758,PRJNA1464738,118,18,,,,US,transplant_or_immunocompromised,allogeneic hematopoietic cell transplant recipients,,,,,primary,1.0,4.033
SAMN07560333,PRJNA1464738,1191,,,,,US,transplant_or_immunocompromised,allogeneic hematopoietic cell transplant recipients,,,,,primary,1.0,7.495
SAMN12019641,PRJNA1464738,1195,-2,,,,US,transplant_or_immunocompromised,allogeneic hematopoietic cell transplant recipients,,,,,primary,1.0,4.548
SAMN12018929,PRJNA1464738,1195,-3,,,,US,transplant_or_immunocompromised,allogeneic hematopoietic cell transplant recipients,,,,,primary,1.0,4.523
SAMN12018928,PRJNA1464738,1195,-4,,,,US,transplant_or_immunocompromised,allogeneic hematopoietic cell transplant recipients,,,,,primary,1.0,5.599
SAMN12018927,PRJNA1464738,1195,-6,,,,US,transplant_or_immunocompromised,allogeneic hematopoietic cell transplant recipients,,,,,primary,1.0,4.569
SAMN12018930,PRJNA1464738,1195,0,,,,US,transplant_or_immunocompromised,allogeneic hematopoietic cell transplant recipients,,,,,primary,1.0,3.587
SAMN12018931,PRJNA1464738,1195,1,,,,US,transplant_or_immunocompromised,allogeneic hematopoietic cell transplant recipients,,,,,primary,1.0,1.698
SAMN12018938,PRJNA1464738,1195,10,,,,US,transplant_or_immunocompromised,allogeneic hematopoietic cell transplant recipients,,,,,primary,1.0,4.428
SAMN12018939,PRJNA1464738,1195,11,,,,US,transplant_or_immunocompromised,allogeneic hematopoietic cell transplant recipients,,,,,primary,1.0,4.272
SAMN12018940,PRJNA1464738,1195,12,,,,US,transplant_or_immunocompromised,allogeneic hematopoietic cell transplant recipients,,,,,primary,1.0,4.966
SAMN12018941,PRJNA1464738,1195,15,,,,US,transplant_or_immunocompromised,allogeneic hematopoietic cell transplant recipients,,,,,primary,1.0,4.833
SAMN12018942,PRJNA1464738,1195,17,,,,US,transplant_or_immunocompromised,allogeneic hematopoietic cell transplant recipients,,,,,primary,1.0,3.988
SAMN12018943,PRJNA1464738,1195,18,,,,US,transplant_or_immunocompromised,allogeneic hematopoietic cell transplant recipients,,,,,primary,1.0,4.314
SAMN12018944,PRJNA1464738,1195,19,,,,US,transplant_or_immunocompromised,allogeneic hematopoietic cell transplant recipients,,,,,primary,1.0,6.439
SAMN12018932,PRJNA1464738,1195,2,,,,US,transplant_or_immunocompromised,allogeneic hematopoietic cell transplant recipients,,,,,primary,1.0,3.971
SAMN12018933,PRJNA1464738,1195,3,,,,US,transplant_or_immunocompromised,allogeneic hematopoietic cell transplant recipients,,,,,primary,1.0,1.983
SAMN12018934,PRJNA1464738,1195,4,,,,US,transplant_or_immunocompromised,allogeneic hematopoietic cell transplant recipients,,,,,primary,1.0,2.487
SAMN12018935,PRJNA1464738,1195,5,,,,US,transplant_or_immunocompromised,allogeneic hematopoietic cell transplant recipients,,,,,primary,1.0,1.687
SAMN12018936,PRJNA1464738,1195,6,,,,US,transplant_or_immunocompromised,allogeneic hematopoietic cell transplant recipients,,,,,primary,1.0,0.704
SAMN12018937,PRJNA1464738,1195,9,,,,US,transplant_or_immunocompromised,allogeneic hematopoietic cell transplant recipients,,,,,primary,1.0,3.922
SAMN07560343,PRJNA1464738,1195,,,,,US,transplant_or_immunocompromised,allogeneic hematopoietic cell transplant recipients,,,,,primary,1.0,3.968
SAMN12018947,PRJNA1464738,1196,-7,,,,US,transplant_or_immunocompromised,allogeneic hematopoietic cell transplant recipients,,,,,primary,1.0,4.831
SAMN10084868,PRJNA1464738,12,15,,,,US,transplant_or_immunocompromised,allogeneic hematopoietic cell transplant recipients,,,,,primary,1.0,0.362
SAMN07562091,PRJNA1464738,120,,,,,US,transplant_or_immunocompromised,allogeneic hematopoietic cell transplant recipients,,,,,primary,1.0,6.325
SAMN12018654,PRJNA1464738,1203,1,,,,US,transplant_or_immunocompromised,allogeneic hematopoietic cell transplant recipients,,,,,primary,2.0,7.459
SAMN12019145,PRJNA1464738,1220,-7,,,,US,transplant_or_immunocompromised,allogeneic hematopoietic cell transplant recipients,,,,,primary,1.0,5.414
SAMN12018957,PRJNA1464738,1220,8,,,,US,transplant_or_immunocompromised,allogeneic hematopoietic cell transplant recipients,,,,,primary,1.0,5.376
SAMN07560360,PRJNA1464738,1221,,,,,US,transplant_or_immunocompromised,allogeneic hematopoietic cell transplant recipients,,,,,primary,2.0,14.799
SAMN10084901,PRJNA1464738,124,13,,,,US,transplant_or_immunocompromised,allogeneic hematopoietic cell transplant recipients,,,,,primary,1.0,4.288
SAMN10084132,PRJNA1464738,126,18,,,,US,transplant_or_immunocompromised,allogeneic hematopoietic cell transplant recipients,,,,,primary,1.0,5.93
SAMN10084134,PRJNA1464738,126,37,,,,US,transplant_or_immunocompromised,allogeneic hematopoietic cell transplant recipients,,,,,primary,1.0,5.273
SAMN07560471,PRJNA1464738,1277,,,,,US,transplant_or_immunocompromised,allogeneic hematopoietic cell transplant recipients,,,,,primary,1.0,0.638
SAMN07560472,PRJNA1464738,1277,,,,,US,transplant_or_immunocompromised,allogeneic hematopoietic cell transplant recipients,,,,,primary,1.0,2.982
SAMN12020271,PRJNA1464738,1305,-7,,,,US,transplant_or_immunocompromised,allogeneic hematopoietic cell transplant recipients,,,,,primary,1.0,5.992
SAMN12019006,PRJNA1464738,1326,13,,,,US,transplant_or_immunocompromised,allogeneic hematopoietic cell transplant recipients,,,,,primary,6.0,18.877
SAMN12018638,PRJNA1464738,1337,16,,,,US,transplant_or_immunocompromised,allogeneic hematopoietic cell transplant recipients,,,,,primary,1.0,4.59
SAMN10085874,PRJNA1464738,136,7,,,,US,transplant_or_immunocompromised,allogeneic hematopoietic cell transplant recipients,,,,,primary,1.0,4.631
SAMN12018456,PRJNA1464738,1361,-8,,,,US,transplant_or_immunocompromised,allogeneic hematopoietic cell transplant recipients,,,,,primary,1.0,16.252
SAMN07560491,PRJNA1464738,1362,,,,,US,transplant_or_immunocompromised,allogeneic hematopoietic cell transplant recipients,,,,,primary,1.0,0.047
SAMN07560507,PRJNA1464738,1364,,,,,US,transplant_or_immunocompromised,allogeneic hematopoietic cell transplant recipients,,,,,primary,1.0,4.657
SAMN12019050,PRJNA1464738,1366,-5,,,,US,transplant_or_immunocompromised,allogeneic hematopoietic cell transplant recipients,,,,,primary,1.0,4.982
SAMN07562126,PRJNA1464738,137,,,,,US,transplant_or_immunocompromised,allogeneic hematopoietic cell transplant recipients,,,,,primary,1.0,4.318
SAMN12020302,PRJNA1464738,1380,-1,,,,US,transplant_or_immunocompromised,allogeneic hematopoietic cell transplant recipients,,,,,primary,1.0,7.728
SAMN12020300,PRJNA1464738,1380,-7,,,,US,transplant_or_immunocompromised,allogeneic hematopoietic cell transplant recipients,,,,,primary,1.0,7.004
SAMN12020299,PRJNA1464738,1380,-8,,,,US,transplant_or_immunocompromised,allogeneic hematopoietic cell transplant recipients,,,,,primary,1.0,6.062
SAMN12020608,PRJNA1464738,1390,14,,,,US,transplant_or_immunocompromised,allogeneic hematopoietic cell transplant recipients,,,,,primary,1.0,4.905
SAMN12019086,PRJNA1464738,1393,-1,,,,US,transplant_or_immunocompromised,allogeneic hematopoietic cell transplant recipients,,,,,primary,1.0,8.655
SAMN12019084,PRJNA1464738,1393,-4,,,,US,transplant_or_immunocompromised,allogeneic hematopoietic cell transplant recipients,,,,,primary,1.0,6.761
SAMN12019083,PRJNA1464738,1393,-5,,,,US,transplant_or_immunocompromised,allogeneic hematopoietic cell transplant recipients,,,,,primary,1.0,7.645
SAMN12019082,PRJNA1464738,1393,-8,,,,US,transplant_or_immunocompromised,allogeneic hematopoietic cell transplant recipients,,,,,primary,1.0,6.789
SAMN12019089,PRJNA1464738,1393,5,,,,US,transplant_or_immunocompromised,allogeneic hematopoietic cell transplant recipients,,,,,primary,1.0,7.018
SAMN12019090,PRJNA1464738,1393,6,,,,US,transplant_or_immunocompromised,allogeneic hematopoietic cell transplant recipients,,,,,primary,1.0,7.794
SAMN12020218,PRJNA1464738,1394,-2,,,,US,transplant_or_immunocompromised,allogeneic hematopoietic cell transplant recipients,,,,,primary,1.0,0.944
SAMN12020216,PRJNA1464738,1394,-4,,,,US,transplant_or_immunocompromised,allogeneic hematopoietic cell transplant recipients,,,,,primary,1.0,3.056
SAMN12020225,PRJNA1464738,1394,10,,,,US,transplant_or_immunocompromised,allogeneic hematopoietic cell transplant recipients,,,,,primary,1.0,1.886
SAMN12020220,PRJNA1464738,1394,4,,,,US,transplant_or_immunocompromised,allogeneic hematopoietic cell transplant recipients,,,,,primary,1.0,3.924
SAMN12020221,PRJNA1464738,1394,5,,,,US,transplant_or_immunocompromised,allogeneic hematopoietic cell transplant recipients,,,,,primary,1.0,0.249
SAMN12020223,PRJNA1464738,1394,6,,,,US,transplant_or_immunocompromised,allogeneic hematopoietic cell transplant recipients,,,,,primary,1.0,4.155
SAMN12020222,PRJNA1464738,1394,7,,,,US,transplant_or_immunocompromised,allogeneic hematopoietic cell transplant recipients,,,,,primary,1.0,2.622
SAMN12020224,PRJNA1464738,1394,8,,,,US,transplant_or_immunocompromised,allogeneic hematopoietic cell transplant recipients,,,,,primary,1.0,1.659
SAMN12007067,PRJNA1464738,1431,-2,,,,US,transplant_or_immunocompromised,allogeneic hematopoietic cell transplant recipients,,,,,primary,1.0,14.834
SAMN12007071,PRJNA1464738,1431,10,,,,US,transplant_or_immunocompromised,allogeneic hematopoietic cell transplant recipients,,,,,primary,1.0,12.754
SAMN12007072,PRJNA1464738,1431,11,,,,US,transplant_or_immunocompromised,allogeneic hematopoietic cell transplant recipients,,,,,primary,1.0,13.624
SAMN12019329,PRJNA1464738,1432,-7,,,,US,transplant_or_immunocompromised,allogeneic hematopoietic cell transplant recipients,,,,,primary,1.0,8.523
SAMN12019611,PRJNA1464738,1442,-5,,,,US,transplant_or_immunocompromised,allogeneic hematopoietic cell transplant recipients,,,,,primary,1.0,5.153
SAMN12019613,PRJNA1464738,1442,0,,,,US,transplant_or_immunocompromised,allogeneic hematopoietic cell transplant recipients,,,,,primary,1.0,6.553
SAMN12019614,PRJNA1464738,1442,2,,,,US,transplant_or_immunocompromised,allogeneic hematopoietic cell transplant recipients,,,,,primary,1.0,5.771
SAMN12019616,PRJNA1464738,1442,5,,,,US,transplant_or_immunocompromised,allogeneic hematopoietic cell transplant recipients,,,,,primary,1.0,5.299
SAMN12019650,PRJNA1464738,1442,8,,,,US,transplant_or_immunocompromised,allogeneic hematopoietic cell transplant recipients,,,,,primary,1.0,7.584
SAMN12019620,PRJNA1464738,1443,-2,,,,US,transplant_or_immunocompromised,allogeneic hematopoietic cell transplant recipients,,,,,primary,1.0,5.402
SAMN12019618,PRJNA1464738,1443,-8,,,,US,transplant_or_immunocompromised,allogeneic hematopoietic cell transplant recipients,,,,,primary,1.0,3.801
SAMN12019622,PRJNA1464738,1443,4,,,,US,transplant_or_immunocompromised,allogeneic hematopoietic cell transplant recipients,,,,,primary,1.0,8.188
SAMN12019659,PRJNA1464738,1460,-3,,,,US,transplant_or_immunocompromised,allogeneic hematopoietic cell transplant recipients,,,,,primary,1.0,5.302
SAMN12019658,PRJNA1464738,1460,-4,,,,US,transplant_or_immunocompromised,allogeneic hematopoietic cell transplant recipients,,,,,primary,1.0,4.008
SAMN12019657,PRJNA1464738,1460,-5,,,,US,transplant_or_immunocompromised,allogeneic hematopoietic cell transplant recipients,,,,,primary,1.0,4.26
SAMN12019724,PRJNA1464738,1460,11,,,,US,transplant_or_immunocompromised,allogeneic hematopoietic cell transplant recipients,,,,,primary,1.0,4.395
SAMN12019725,PRJNA1464738,1460,17,,,,US,transplant_or_immunocompromised,allogeneic hematopoietic cell transplant recipients,,,,,primary,1.0,4.757
SAMN12019727,PRJNA1464738,1460,23,,,,US,transplant_or_immunocompromised,allogeneic hematopoietic cell transplant recipients,,,,,primary,1.0,4.215
SAMN12020667,PRJNA1464738,1460,24,,,,US,transplant_or_immunocompromised,allogeneic hematopoietic cell transplant recipients,,,,,primary,1.0,5.14
SAMN12019720,PRJNA1464738,1460,5,,,,US,transplant_or_immunocompromised,allogeneic hematopoietic cell transplant recipients,,,,,primary,1.0,7.953
SAMN12019721,PRJNA1464738,1460,6,,,,US,transplant_or_immunocompromised,allogeneic hematopoietic cell transplant recipients,,,,,primary,1.0,4.423
SAMN12019722,PRJNA1464738,1460,9,,,,US,transplant_or_immunocompromised,allogeneic hematopoietic cell transplant recipients,,,,,primary,1.0,7.803
SAMN12019660,PRJNA1464738,1461,-5,,,,US,transplant_or_immunocompromised,allogeneic hematopoietic cell transplant recipients,,,,,primary,1.0,3.552
SAMN12019663,PRJNA1464738,1462,-2,,,,US,transplant_or_immunocompromised,allogeneic hematopoietic cell transplant recipients,,,,,primary,1.0,4.184
SAMN12019744,PRJNA1464738,1462,13,,,,US,transplant_or_immunocompromised,allogeneic hematopoietic cell transplant recipients,,,,,primary,1.0,7.138
SAMN12019749,PRJNA1464738,1479,-1,,,,US,transplant_or_immunocompromised,allogeneic hematopoietic cell transplant recipients,,,,,primary,1.0,5.523
SAMN12019748,PRJNA1464738,1479,-4,,,,US,transplant_or_immunocompromised,allogeneic hematopoietic cell transplant recipients,,,,,primary,1.0,5.88
SAMN12020591,PRJNA1464738,1479,20,,,,US,transplant_or_immunocompromised,allogeneic hematopoietic cell transplant recipients,,,,,primary,1.0,5.879
SAMN12019750,PRJNA1464738,1479,6,,,,US,transplant_or_immunocompromised,allogeneic hematopoietic cell transplant recipients,,,,,primary,1.0,7.867
SAMN12020558,PRJNA1464738,1493,-8,,,,US,transplant_or_immunocompromised,allogeneic hematopoietic cell transplant recipients,,,,,primary,1.0,4.343
SAMN12020746,PRJNA1464738,1498,-7,,,,US,transplant_or_immunocompromised,allogeneic hematopoietic cell transplant recipients,,,,,primary,1.0,5.833
SAMN12020333,PRJNA1464738,1511,0,,,,US,transplant_or_immunocompromised,allogeneic hematopoietic cell transplant recipients,,,,,primary,1.0,4.026
SAMN12020334,PRJNA1464738,1511,2,,,,US,transplant_or_immunocompromised,allogeneic hematopoietic cell transplant recipients,,,,,primary,1.0,4.139
SAMN12020336,PRJNA1464738,1511,5,,,,US,transplant_or_immunocompromised,allogeneic hematopoietic cell transplant recipients,,,,,primary,1.0,5.768
SAMN12020679,PRJNA1464738,1530,-8,,,,US,transplant_or_immunocompromised,allogeneic hematopoietic cell transplant recipients,,,,,primary,1.0,2.991
SAMN12020687,PRJNA1464738,1530,13,,,,US,transplant_or_immunocompromised,allogeneic hematopoietic cell transplant recipients,,,,,primary,1.0,6.198
SAMN12020343,PRJNA1464738,1539,-6,,,,US,transplant_or_immunocompromised,allogeneic hematopoietic cell transplant recipients,,,,,primary,1.0,10.799
SAMN12020921,PRJNA1464738,1553,32,,,,US,transplant_or_immunocompromised,allogeneic hematopoietic cell transplant recipients,,,,,primary,1.0,4.146
SAMN12021133,PRJNA1464738,1560,-2,,,,US,transplant_or_immunocompromised,allogeneic hematopoietic cell transplant recipients,,,,,primary,1.0,5.332
SAMN12021132,PRJNA1464738,1560,-4,,,,US,transplant_or_immunocompromised,allogeneic hematopoietic cell transplant recipients,,,,,primary,1.0,5.267
SAMN12021134,PRJNA1464738,1560,0,,,,US,transplant_or_immunocompromised,allogeneic hematopoietic cell transplant recipients,,,,,primary,1.0,4.799
SAMN12021138,PRJNA1464738,1560,10,,,,US,transplant_or_immunocompromised,allogeneic hematopoietic cell transplant recipients,,,,,primary,1.0,7.155
SAMN12021135,PRJNA1464738,1560,2,,,,US,transplant_or_immunocompromised,allogeneic hematopoietic cell transplant recipients,,,,,primary,1.0,5.401
SAMN12020941,PRJNA1464738,1564,-7,,,,US,transplant_or_immunocompromised,allogeneic hematopoietic cell transplant recipients,,,,,primary,1.0,5.557
SAMN10084051,PRJNA1464738,157,27,,,,US,transplant_or_immunocompromised,allogeneic hematopoietic cell transplant recipients,,,,,primary,1.0,4.081
SAMN12020987,PRJNA1464738,1580,-1,,,,US,transplant_or_immunocompromised,allogeneic hematopoietic cell transplant recipients,,,,,primary,1.0,8.096
SAMN12020986,PRJNA1464738,1580,-3,,,,US,transplant_or_immunocompromised,allogeneic hematopoietic cell transplant recipients,,,,,primary,1.0,7.497
SAMN12020985,PRJNA1464738,1580,-6,,,,US,transplant_or_immunocompromised,allogeneic hematopoietic cell transplant recipients,,,,,primary,1.0,5.262
SAMN12020988,PRJNA1464738,1580,0,,,,US,transplant_or_immunocompromised,allogeneic hematopoietic cell transplant recipients,,,,,primary,1.0,7.432
SAMN12020993,PRJNA1464738,1580,9,,,,US,transplant_or_immunocompromised,allogeneic hematopoietic cell transplant recipients,,,,,primary,1.0,4.824
SAMN12021223,PRJNA1464738,1588,1,,,,US,transplant_or_immunocompromised,allogeneic hematopoietic cell transplant recipients,,,,,primary,1.0,4.995
SAMN12021224,PRJNA1464738,1588,5,,,,US,transplant_or_immunocompromised,allogeneic hematopoietic cell transplant recipients,,,,,primary,1.0,2.62
SAMN07491507,PRJNA1464738,16,,,,,US,transplant_or_immunocompromised,allogeneic hematopoietic cell transplant recipients,,,,,primary,1.0,5.893
SAMN12021065,PRJNA1464738,1606,-7,,,,US,transplant_or_immunocompromised,allogeneic hematopoietic cell transplant recipients,,,,,primary,1.0,5.647
SAMN12021071,PRJNA1464738,1606,14,,,,US,transplant_or_immunocompromised,allogeneic hematopoietic cell transplant recipients,,,,,primary,1.0,4.749
SAMN12021072,PRJNA1464738,1617,-2,,,,US,transplant_or_immunocompromised,allogeneic hematopoietic cell transplant recipients,,,,,primary,2.0,7.32
SAMN12021073,PRJNA1464738,1617,0,,,,US,transplant_or_immunocompromised,allogeneic hematopoietic cell transplant recipients,,,,,primary,1.0,4.261
SAMN12021074,PRJNA1464738,1617,1,,,,US,transplant_or_immunocompromised,allogeneic hematopoietic cell transplant recipients,,,,,primary,1.0,3.594
SAMN12021076,PRJNA1464738,1617,13,,,,US,transplant_or_immunocompromised,allogeneic hematopoietic cell transplant recipients,,,,,primary,1.0,3.001
SAMN12021075,PRJNA1464738,1617,2,,,,US,transplant_or_immunocompromised,allogeneic hematopoietic cell transplant recipients,,,,,primary,1.0,5.0
SAMN10084172,PRJNA1464738,162,1,,,,US,transplant_or_immunocompromised,allogeneic hematopoietic cell transplant recipients,,,,,primary,1.0,4.463
SAMN10084174,PRJNA1464738,162,15,,,,US,transplant_or_immunocompromised,allogeneic hematopoietic cell transplant recipients,,,,,primary,1.0,5.16
SAMN10084173,PRJNA1464738,162,5,,,,US,transplant_or_immunocompromised,allogeneic hematopoietic cell transplant recipients,,,,,primary,1.0,4.934
SAMN12021109,PRJNA1464738,1642,-10,,,,US,transplant_or_immunocompromised,allogeneic hematopoietic cell transplant recipients,,,,,primary,1.0,5.809
SAMN12021111,PRJNA1464738,1642,-8,,,,US,transplant_or_immunocompromised,allogeneic hematopoietic cell transplant recipients,,,,,primary,1.0,5.132
SAMN12021110,PRJNA1464738,1642,-9,,,,US,transplant_or_immunocompromised,allogeneic hematopoietic cell transplant recipients,,,,,primary,1.0,6.734
SAMN12021229,PRJNA1464738,1648,1,,,,US,transplant_or_immunocompromised,allogeneic hematopoietic cell transplant recipients,,,,,primary,1.0,4.643
SAMN12021295,PRJNA1464738,1656,-1,,,,US,transplant_or_immunocompromised,allogeneic hematopoietic cell transplant recipients,,,,,primary,1.0,3.691
SAMN12021293,PRJNA1464738,1656,-3,,,,US,transplant_or_immunocompromised,allogeneic hematopoietic cell transplant recipients,,,,,primary,1.0,3.145
SAMN12021296,PRJNA1464738,1656,0,,,,US,transplant_or_immunocompromised,allogeneic hematopoietic cell transplant recipients,,,,,primary,1.0,3.687
SAMN12021303,PRJNA1464738,1656,16,,,,US,transplant_or_immunocompromised,allogeneic hematopoietic cell transplant recipients,,,,,primary,1.0,4.232
SAMN12021304,PRJNA1464738,1656,18,,,,US,transplant_or_immunocompromised,allogeneic hematopoietic cell transplant recipients,,,,,primary,1.0,4.668
SAMN12021297,PRJNA1464738,1656,2,,,,US,transplant_or_immunocompromised,allogeneic hematopoietic cell transplant recipients,,,,,primary,1.0,3.604
SAMN12021299,PRJNA1464738,1656,7,,,,US,transplant_or_immunocompromised,allogeneic hematopoietic cell transplant recipients,,,,,primary,1.0,2.848
SAMN12021300,PRJNA1464738,1656,8,,,,US,transplant_or_immunocompromised,allogeneic hematopoietic cell transplant recipients,,,,,primary,1.0,4.02
SAMN12021261,PRJNA1464738,1657,6,,,,US,transplant_or_immunocompromised,allogeneic hematopoietic cell transplant recipients,,,,,primary,1.0,5.013
SAMN12021308,PRJNA1464738,1658,-2,,,,US,transplant_or_immunocompromised,allogeneic hematopoietic cell transplant recipients,,,,,primary,1.0,4.998
SAMN12021310,PRJNA1464738,1658,0,,,,US,transplant_or_immunocompromised,allogeneic hematopoietic cell transplant recipients,,,,,primary,1.0,5.106
SAMN12021312,PRJNA1464738,1658,16,,,,US,transplant_or_immunocompromised,allogeneic hematopoietic cell transplant recipients,,,,,primary,1.0,6.613
SAMN12021311,PRJNA1464738,1658,2,,,,US,transplant_or_immunocompromised,allogeneic hematopoietic cell transplant recipients,,,,,primary,1.0,4.935
SAMN12021726,PRJNA1464738,1663,10,,,,US,transplant_or_immunocompromised,allogeneic hematopoietic cell transplant recipients,,,,,primary,1.0,4.143
SAMN12021727,PRJNA1464738,1663,11,,,,US,transplant_or_immunocompromised,allogeneic hematopoietic cell transplant recipients,,,,,primary,1.0,5.054
SAMN12021723,PRJNA1464738,1663,2,,,,US,transplant_or_immunocompromised,allogeneic hematopoietic cell transplant recipients,,,,,primary,1.0,5.0
SAMN12021724,PRJNA1464738,1663,4,,,,US,transplant_or_immunocompromised,allogeneic hematopoietic cell transplant recipients,,,,,primary,1.0,4.241
SAMN12021725,PRJNA1464738,1663,9,,,,US,transplant_or_immunocompromised,allogeneic hematopoietic cell transplant recipients,,,,,primary,1.0,4.808
SAMN12021273,PRJNA1464738,1665,12,,,,US,transplant_or_immunocompromised,allogeneic hematopoietic cell transplant recipients,,,,,primary,1.0,6.414
SAMN12021276,PRJNA1464738,1665,19,,,,US,transplant_or_immunocompromised,allogeneic hematopoietic cell transplant recipients,,,,,primary,1.0,5.242
SAMN12021270,PRJNA1464738,1665,5,,,,US,transplant_or_immunocompromised,allogeneic hematopoietic cell transplant recipients,,,,,primary,1.0,5.638
SAMN12021271,PRJNA1464738,1665,6,,,,US,transplant_or_immunocompromised,allogeneic hematopoietic cell transplant recipients,,,,,primary,1.0,7.769
SAMN12021272,PRJNA1464738,1665,8,,,,US,transplant_or_immunocompromised,allogeneic hematopoietic cell transplant recipients,,,,,primary,1.0,5.8
SAMN12021313,PRJNA1464738,1671,-7,,,,US,transplant_or_immunocompromised,allogeneic hematopoietic cell transplant recipients,,,,,primary,1.0,5.251
SAMN12021315,PRJNA1464738,1671,12,,,,US,transplant_or_immunocompromised,allogeneic hematopoietic cell transplant recipients,,,,,primary,1.0,4.825
SAMN12021316,PRJNA1464738,1671,14,,,,US,transplant_or_immunocompromised,allogeneic hematopoietic cell transplant recipients,,,,,primary,1.0,4.403
SAMN12021317,PRJNA1464738,1671,17,,,,US,transplant_or_immunocompromised,allogeneic hematopoietic cell transplant recipients,,,,,primary,2.0,14.884
SAMN12021318,PRJNA1464738,1671,21,,,,US,transplant_or_immunocompromised,allogeneic hematopoietic cell transplant recipients,,,,,primary,1.0,4.756
SAMN12021314,PRJNA1464738,1671,3,,,,US,transplant_or_immunocompromised,allogeneic hematopoietic cell transplant recipients,,,,,primary,1.0,6.925
SAMN12021321,PRJNA1464738,1686,-7,,,,US,transplant_or_immunocompromised,allogeneic hematopoietic cell transplant recipients,,,,,primary,1.0,4.174
SAMN12021323,PRJNA1464738,1686,0,,,,US,transplant_or_immunocompromised,allogeneic hematopoietic cell transplant recipients,,,,,primary,1.0,4.871
SAMN12021324,PRJNA1464738,1686,2,,,,US,transplant_or_immunocompromised,allogeneic hematopoietic cell transplant recipients,,,,,primary,1.0,4.308
SAMN12021326,PRJNA1464738,1686,5,,,,US,transplant_or_immunocompromised,allogeneic hematopoietic cell transplant recipients,,,,,primary,1.0,3.53
SAMN12021352,PRJNA1464738,1694,10,,,,US,transplant_or_immunocompromised,allogeneic hematopoietic cell transplant recipients,,,,,primary,1.0,5.333
SAMN12021353,PRJNA1464738,1694,11,,,,US,transplant_or_immunocompromised,allogeneic hematopoietic cell transplant recipients,,,,,primary,1.0,4.73
SAMN12021351,PRJNA1464738,1694,9,,,,US,transplant_or_immunocompromised,allogeneic hematopoietic cell transplant recipients,,,,,primary,1.0,4.599
SAMN12021378,PRJNA1464738,1708,-1,,,,US,transplant_or_immunocompromised,allogeneic hematopoietic cell transplant recipients,,,,,primary,1.0,4.782
SAMN12021377,PRJNA1464738,1708,-2,,,,US,transplant_or_immunocompromised,allogeneic hematopoietic cell transplant recipients,,,,,primary,1.0,4.247
SAMN12021376,PRJNA1464738,1708,-4,,,,US,transplant_or_immunocompromised,allogeneic hematopoietic cell transplant recipients,,,,,primary,1.0,9.83
SAMN12021387,PRJNA1464738,1709,10,,,,US,transplant_or_immunocompromised,allogeneic hematopoietic cell transplant recipients,,,,,primary,1.0,3.365
SAMN12021393,PRJNA1464738,1710,14,,,,US,transplant_or_immunocompromised,allogeneic hematopoietic cell transplant recipients,,,,,primary,1.0,4.778
SAMN12021394,PRJNA1464738,1710,19,,,,US,transplant_or_immunocompromised,allogeneic hematopoietic cell transplant recipients,,,,,primary,1.0,6.125
SAMN12021395,PRJNA1464738,1710,20,,,,US,transplant_or_immunocompromised,allogeneic hematopoietic cell transplant recipients,,,,,primary,1.0,5.826
SAMN12021396,PRJNA1464738,1711,-3,,,,US,transplant_or_immunocompromised,allogeneic hematopoietic cell transplant recipients,,,,,primary,1.0,4.602
SAMN12021357,PRJNA1464738,1713,-8,,,,US,transplant_or_immunocompromised,allogeneic hematopoietic cell transplant recipients,,,,,primary,1.0,3.857
SAMN12021356,PRJNA1464738,1713,-9,,,,US,transplant_or_immunocompromised,allogeneic hematopoietic cell transplant recipients,,,,,primary,1.0,6.76
SAMN12021414,PRJNA1464738,1713,7,,,,US,transplant_or_immunocompromised,allogeneic hematopoietic cell transplant recipients,,,,,primary,1.0,4.837
SAMN12021415,PRJNA1464738,1713,8,,,,US,transplant_or_immunocompromised,allogeneic hematopoietic cell transplant recipients,,,,,primary,1.0,1.715
SAMN12021411,PRJNA1464738,1721,-3,,,,US,transplant_or_immunocompromised,allogeneic hematopoietic cell transplant recipients,,,,,primary,1.0,4.713
SAMN12021410,PRJNA1464738,1721,-4,,,,US,transplant_or_immunocompromised,allogeneic hematopoietic cell transplant recipients,,,,,primary,1.0,5.692
SAMN12021412,PRJNA1464738,1721,2,,,,US,transplant_or_immunocompromised,allogeneic hematopoietic cell transplant recipients,,,,,primary,1.0,5.349
SAMN12021413,PRJNA1464738,1721,4,,,,US,transplant_or_immunocompromised,allogeneic hematopoietic cell transplant recipients,,,,,primary,1.0,4.671
SAMN12021420,PRJNA1464738,1721,5,,,,US,transplant_or_immunocompromised,allogeneic hematopoietic cell transplant recipients,,,,,primary,1.0,4.496
SAMN12021421,PRJNA1464738,1721,6,,,,US,transplant_or_immunocompromised,allogeneic hematopoietic cell transplant recipients,,,,,primary,1.0,4.883
SAMN12021424,PRJNA1464738,1728,-1,,,,US,transplant_or_immunocompromised,allogeneic hematopoietic cell transplant recipients,,,,,primary,1.0,2.598
SAMN12021590,PRJNA1464738,1728,12,,,,US,transplant_or_immunocompromised,allogeneic hematopoietic cell transplant recipients,,,,,primary,1.0,5.51
SAMN12021425,PRJNA1464738,1728,4,,,,US,transplant_or_immunocompromised,allogeneic hematopoietic cell transplant recipients,,,,,primary,1.0,0.02
SAMN12007815,PRJNA1464738,173,12,,,,US,transplant_or_immunocompromised,allogeneic hematopoietic cell transplant recipients,,,,,primary,1.0,4.356
SAMN12021592,PRJNA1464738,1730,-4,,,,US,transplant_or_immunocompromised,allogeneic hematopoietic cell transplant recipients,,,,,primary,1.0,4.177
SAMN12021593,PRJNA1464738,1730,4,,,,US,transplant_or_immunocompromised,allogeneic hematopoietic cell transplant recipients,,,,,primary,1.0,4.99
SAMN12021594,PRJNA1464738,1730,6,,,,US,transplant_or_immunocompromised,allogeneic hematopoietic cell transplant recipients,,,,,primary,1.0,4.617
SAMN12021596,PRJNA1464738,1731,-4,,,,US,transplant_or_immunocompromised,allogeneic hematopoietic cell transplant recipients,,,,,primary,1.0,7.328
SAMN12021603,PRJNA1464738,1731,11,,,,US,transplant_or_immunocompromised,allogeneic hematopoietic cell transplant recipients,,,,,primary,1.0,3.828
SAMN12021599,PRJNA1464738,1731,4,,,,US,transplant_or_immunocompromised,allogeneic hematopoietic cell transplant recipients,,,,,primary,1.0,2.926
SAMN12021600,PRJNA1464738,1731,5,,,,US,transplant_or_immunocompromised,allogeneic hematopoietic cell transplant recipients,,,,,primary,1.0,3.886
SAMN12021601,PRJNA1464738,1731,6,,,,US,transplant_or_immunocompromised,allogeneic hematopoietic cell transplant recipients,,,,,primary,1.0,3.847
SAMN12021606,PRJNA1464738,1734,3,,,,US,transplant_or_immunocompromised,allogeneic hematopoietic cell transplant recipients,,,,,primary,1.0,2.098
SAMN12021607,PRJNA1464738,1734,4,,,,US,transplant_or_immunocompromised,allogeneic hematopoietic cell transplant recipients,,,,,primary,1.0,5.434
SAMN10082873,PRJNA1464738,174,26,,,,US,transplant_or_immunocompromised,allogeneic hematopoietic cell transplant recipients,,,,,primary,1.0,5.463
SAMN12021617,PRJNA1464738,1751,-2,,,,US,transplant_or_immunocompromised,allogeneic hematopoietic cell transplant recipients,,,,,primary,1.0,3.75
SAMN12021616,PRJNA1464738,1751,-3,,,,US,transplant_or_immunocompromised,allogeneic hematopoietic cell transplant recipients,,,,,primary,1.0,2.857
SAMN12021621,PRJNA1464738,1755,-2,,,,US,transplant_or_immunocompromised,allogeneic hematopoietic cell transplant recipients,,,,,primary,1.0,5.527
SAMN12021620,PRJNA1464738,1755,-3,,,,US,transplant_or_immunocompromised,allogeneic hematopoietic cell transplant recipients,,,,,primary,1.0,4.975
SAMN12021734,PRJNA1464738,1755,11,,,,US,transplant_or_immunocompromised,allogeneic hematopoietic cell transplant recipients,,,,,primary,1.0,5.09
SAMN12021736,PRJNA1464738,1755,17,,,,US,transplant_or_immunocompromised,allogeneic hematopoietic cell transplant recipients,,,,,primary,1.0,4.817
SAMN12021737,PRJNA1464738,1755,18,,,,US,transplant_or_immunocompromised,allogeneic hematopoietic cell transplant recipients,,,,,primary,1.0,8.225
SAMN12021623,PRJNA1464738,1755,3,,,,US,transplant_or_immunocompromised,allogeneic hematopoietic cell transplant recipients,,,,,primary,1.0,4.927
SAMN10082179,PRJNA1464738,176,7,,,,US,transplant_or_immunocompromised,allogeneic hematopoietic cell transplant recipients,,,,,primary,1.0,5.517
SAMN12021745,PRJNA1464738,1760,-1,,,,US,transplant_or_immunocompromised,allogeneic hematopoietic cell transplant recipients,,,,,primary,1.0,7.553
SAMN12021744,PRJNA1464738,1760,-2,,,,US,transplant_or_immunocompromised,allogeneic hematopoietic cell transplant recipients,,,,,primary,1.0,4.193
SAMN12021748,PRJNA1464738,1760,2,,,,US,transplant_or_immunocompromised,allogeneic hematopoietic cell transplant recipients,,,,,primary,1.0,3.949
SAMN12021749,PRJNA1464738,1760,4,,,,US,transplant_or_immunocompromised,allogeneic hematopoietic cell transplant recipients,,,,,primary,1.0,6.761
SAMN12021751,PRJNA1464738,1760,6,,,,US,transplant_or_immunocompromised,allogeneic hematopoietic cell transplant recipients,,,,,primary,1.0,4.499
SAMN12021752,PRJNA1464738,1760,8,,,,US,transplant_or_immunocompromised,allogeneic hematopoietic cell transplant recipients,,,,,primary,1.0,5.944
SAMN12021649,PRJNA1464738,1766,-1,,,,US,transplant_or_immunocompromised,allogeneic hematopoietic cell transplant recipients,,,,,primary,1.0,8.798
SAMN12021650,PRJNA1464738,1766,1,,,,US,transplant_or_immunocompromised,allogeneic hematopoietic cell transplant recipients,,,,,primary,1.0,6.235
SAMN12021655,PRJNA1464738,1766,11,,,,US,transplant_or_immunocompromised,allogeneic hematopoietic cell transplant recipients,,,,,primary,1.0,3.188
SAMN12021656,PRJNA1464738,1766,12,,,,US,transplant_or_immunocompromised,allogeneic hematopoietic cell transplant recipients,,,,,primary,1.0,5.622
SAMN12021658,PRJNA1464738,1766,15,,,,US,transplant_or_immunocompromised,allogeneic hematopoietic cell transplant recipients,,,,,primary,1.0,4.663
SAMN12021651,PRJNA1464738,1766,4,,,,US,transplant_or_immunocompromised,allogeneic hematopoietic cell transplant recipients,,,,,primary,1.0,4.442
SAMN12021685,PRJNA1464738,1785,-1,,,,US,transplant_or_immunocompromised,allogeneic hematopoietic cell transplant recipients,,,,,primary,1.0,2.078
SAMN12021684,PRJNA1464738,1785,-2,,,,US,transplant_or_immunocompromised,allogeneic hematopoietic cell transplant recipients,,,,,primary,1.0,5.401
SAMN12021682,PRJNA1464738,1785,-7,,,,US,transplant_or_immunocompromised,allogeneic hematopoietic cell transplant recipients,,,,,primary,1.0,4.477
SAMN12021680,PRJNA1464738,1785,-9,,,,US,transplant_or_immunocompromised,allogeneic hematopoietic cell transplant recipients,,,,,primary,1.0,4.219
SAMN12021686,PRJNA1464738,1785,0,,,,US,transplant_or_immunocompromised,allogeneic hematopoietic cell transplant recipients,,,,,primary,1.0,0.22
SAMN12021687,PRJNA1464738,1785,1,,,,US,transplant_or_immunocompromised,allogeneic hematopoietic cell transplant recipients,,,,,primary,1.0,1.551
SAMN12021692,PRJNA1464738,1785,10,,,,US,transplant_or_immunocompromised,allogeneic hematopoietic cell transplant recipients,,,,,primary,1.0,0.987
SAMN12021693,PRJNA1464738,1785,12,,,,US,transplant_or_immunocompromised,allogeneic hematopoietic cell transplant recipients,,,,,primary,1.0,3.92
SAMN12021688,PRJNA1464738,1785,4,,,,US,transplant_or_immunocompromised,allogeneic hematopoietic cell transplant recipients,,,,,primary,1.0,5.054
SAMN12021691,PRJNA1464738,1785,7,,,,US,transplant_or_immunocompromised,allogeneic hematopoietic cell transplant recipients,,,,,primary,1.0,2.365
SAMN12021757,PRJNA1464738,1786,-1,,,,US,transplant_or_immunocompromised,allogeneic hematopoietic cell transplant recipients,,,,,primary,1.0,2.621
SAMN12021758,PRJNA1464738,1786,0,,,,US,transplant_or_immunocompromised,allogeneic hematopoietic cell transplant recipients,,,,,primary,1.0,5.462
SAMN12021759,PRJNA1464738,1786,1,,,,US,transplant_or_immunocompromised,allogeneic hematopoietic cell transplant recipients,,,,,primary,1.0,5.557
SAMN12021697,PRJNA1464738,1789,-1,,,,US,transplant_or_immunocompromised,allogeneic hematopoietic cell transplant recipients,,,,,primary,1.0,6.982
SAMN12021695,PRJNA1464738,1789,-3,,,,US,transplant_or_immunocompromised,allogeneic hematopoietic cell transplant recipients,,,,,primary,1.0,10.518
SAMN12021694,PRJNA1464738,1789,-6,,,,US,transplant_or_immunocompromised,allogeneic hematopoietic cell transplant recipients,,,,,primary,1.0,9.765
SAMN12021700,PRJNA1464738,1789,11,,,,US,transplant_or_immunocompromised,allogeneic hematopoietic cell transplant recipients,,,,,primary,1.0,6.131
SAMN12021701,PRJNA1464738,1789,13,,,,US,transplant_or_immunocompromised,allogeneic hematopoietic cell transplant recipients,,,,,primary,1.0,6.364
SAMN12021702,PRJNA1464738,1789,14,,,,US,transplant_or_immunocompromised,allogeneic hematopoietic cell transplant recipients,,,,,primary,1.0,5.786
SAMN12021704,PRJNA1464738,1789,16,,,,US,transplant_or_immunocompromised,allogeneic hematopoietic cell transplant recipients,,,,,primary,1.0,4.531
SAMN12021698,PRJNA1464738,1789,7,,,,US,transplant_or_immunocompromised,allogeneic hematopoietic cell transplant recipients,,,,,primary,1.0,3.91
SAMN12021699,PRJNA1464738,1789,8,,,,US,transplant_or_immunocompromised,allogeneic hematopoietic cell transplant recipients,,,,,primary,1.0,4.499
SAMN12021763,PRJNA1464738,1796,4,,,,US,transplant_or_immunocompromised,allogeneic hematopoietic cell transplant recipients,,,,,primary,1.0,7.44
SAMN12021767,PRJNA1464738,1798,-1,,,,US,transplant_or_immunocompromised,allogeneic hematopoietic cell transplant recipients,,,,,primary,1.0,1.922
SAMN12021770,PRJNA1464738,1798,6,,,,US,transplant_or_immunocompromised,allogeneic hematopoietic cell transplant recipients,,,,,primary,1.0,1.214
SAMN12021772,PRJNA1464738,1802,-3,,,,US,transplant_or_immunocompromised,allogeneic hematopoietic cell transplant recipients,,,,,primary,1.0,5.506
SAMN12021775,PRJNA1464738,1802,10,,,,US,transplant_or_immunocompromised,allogeneic hematopoietic cell transplant recipients,,,,,primary,1.0,5.934
SAMN12021779,PRJNA1464738,1802,16,,,,US,transplant_or_immunocompromised,allogeneic hematopoietic cell transplant recipients,,,,,primary,1.0,5.23
SAMN12021781,PRJNA1464738,1802,20,,,,US,transplant_or_immunocompromised,allogeneic hematopoietic cell transplant recipients,,,,,primary,2.0,7.388
SAMN12021789,PRJNA1464738,1809,-1,,,,US,transplant_or_immunocompromised,allogeneic hematopoietic cell transplant recipients,,,,,primary,1.0,4.582
SAMN12021790,PRJNA1464738,1809,2,,,,US,transplant_or_immunocompromised,allogeneic hematopoietic cell transplant recipients,,,,,primary,1.0,4.986
SAMN12021821,PRJNA1464738,1814,19,,,,US,transplant_or_immunocompromised,allogeneic hematopoietic cell transplant recipients,,,,,primary,1.0,2.747
SAMN12021822,PRJNA1464738,1814,21,,,,US,transplant_or_immunocompromised,allogeneic hematopoietic cell transplant recipients,,,,,primary,1.0,2.962
SAMN12021826,PRJNA1464738,1818,-1,,,,US,transplant_or_immunocompromised,allogeneic hematopoietic cell transplant recipients,,,,,primary,1.0,4.353
SAMN12021823,PRJNA1464738,1818,-10,,,,US,transplant_or_immunocompromised,allogeneic hematopoietic cell transplant recipients,,,,,primary,1.0,6.409
SAMN12021825,PRJNA1464738,1818,-4,,,,US,transplant_or_immunocompromised,allogeneic hematopoietic cell transplant recipients,,,,,primary,1.0,4.105
SAMN12021824,PRJNA1464738,1818,-9,,,,US,transplant_or_immunocompromised,allogeneic hematopoietic cell transplant recipients,,,,,primary,1.0,6.729
SAMN12021827,PRJNA1464738,1818,2,,,,US,transplant_or_immunocompromised,allogeneic hematopoietic cell transplant recipients,,,,,primary,1.0,2.021
SAMN12021828,PRJNA1464738,1818,3,,,,US,transplant_or_immunocompromised,allogeneic hematopoietic cell transplant recipients,,,,,primary,1.0,0.109
SAMN12021947,PRJNA1464738,1822,-4,,,,US,transplant_or_immunocompromised,allogeneic hematopoietic cell transplant recipients,,,,,primary,1.0,6.951
SAMN12021948,PRJNA1464738,1822,3,,,,US,transplant_or_immunocompromised,allogeneic hematopoietic cell transplant recipients,,,,,primary,1.0,4.417
SAMN12021968,PRJNA1464738,1838,-1,,,,US,transplant_or_immunocompromised,allogeneic hematopoietic cell transplant recipients,,,,,primary,1.0,4.891
SAMN12021967,PRJNA1464738,1838,-2,,,,US,transplant_or_immunocompromised,allogeneic hematopoietic cell transplant recipients,,,,,primary,1.0,4.539
SAMN12021970,PRJNA1464738,1838,2,,,,US,transplant_or_immunocompromised,allogeneic hematopoietic cell transplant recipients,,,,,primary,1.0,14.404
SAMN12021971,PRJNA1464738,1838,3,,,,US,transplant_or_immunocompromised,allogeneic hematopoietic cell transplant recipients,,,,,primary,1.0,7.258
SAMN12021976,PRJNA1464738,1842,-1,,,,US,transplant_or_immunocompromised,allogeneic hematopoietic cell transplant recipients,,,,,primary,1.0,5.173
SAMN12021974,PRJNA1464738,1842,-3,,,,US,transplant_or_immunocompromised,allogeneic hematopoietic cell transplant recipients,,,,,primary,1.0,6.954
SAMN12021973,PRJNA1464738,1842,-7,,,,US,transplant_or_immunocompromised,allogeneic hematopoietic cell transplant recipients,,,,,primary,1.0,4.014
SAMN12021977,PRJNA1464738,1842,0,,,,US,transplant_or_immunocompromised,allogeneic hematopoietic cell transplant recipients,,,,,primary,1.0,6.148
SAMN12021981,PRJNA1464738,1842,14,,,,US,transplant_or_immunocompromised,allogeneic hematopoietic cell transplant recipients,,,,,primary,1.0,0.07
SAMN12021978,PRJNA1464738,1842,4,,,,US,transplant_or_immunocompromised,allogeneic hematopoietic cell transplant recipients,,,,,primary,1.0,5.071
SAMN12022089,PRJNA1464738,1844,-2,,,,US,transplant_or_immunocompromised,allogeneic hematopoietic cell transplant recipients,,,,,primary,1.0,5.09
SAMN12022091,PRJNA1464738,1844,0,,,,US,transplant_or_immunocompromised,allogeneic hematopoietic cell transplant recipients,,,,,primary,1.0,2.552
SAMN12022092,PRJNA1464738,1844,2,,,,US,transplant_or_immunocompromised,allogeneic hematopoietic cell transplant recipients,,,,,primary,1.0,7.122
SAMN12022094,PRJNA1464738,1844,5,,,,US,transplant_or_immunocompromised,allogeneic hematopoietic cell transplant recipients,,,,,primary,1.0,1.555
SAMN12022050,PRJNA1464738,1846,13,,,,US,transplant_or_immunocompromised,allogeneic hematopoietic cell transplant recipients,,,,,primary,2.0,4.842
SAMN12021984,PRJNA1464738,1848,-1,,,,US,transplant_or_immunocompromised,allogeneic hematopoietic cell transplant recipients,,,,,primary,1.0,4.885
SAMN12022006,PRJNA1464738,1848,0,,,,US,transplant_or_immunocompromised,allogeneic hematopoietic cell transplant recipients,,,,,primary,1.0,3.995
SAMN12022007,PRJNA1464738,1848,1,,,,US,transplant_or_immunocompromised,allogeneic hematopoietic cell transplant recipients,,,,,primary,1.0,4.923
SAMN12022013,PRJNA1464738,1848,10,,,,US,transplant_or_immunocompromised,allogeneic hematopoietic cell transplant recipients,,,,,primary,1.0,2.915
SAMN12022014,PRJNA1464738,1848,11,,,,US,transplant_or_immunocompromised,allogeneic hematopoietic cell transplant recipients,,,,,primary,1.0,3.678
SAMN12022015,PRJNA1464738,1848,12,,,,US,transplant_or_immunocompromised,allogeneic hematopoietic cell transplant recipients,,,,,primary,1.0,1.867
SAMN12022008,PRJNA1464738,1848,3,,,,US,transplant_or_immunocompromised,allogeneic hematopoietic cell transplant recipients,,,,,primary,1.0,4.012
SAMN12022009,PRJNA1464738,1848,4,,,,US,transplant_or_immunocompromised,allogeneic hematopoietic cell transplant recipients,,,,,primary,1.0,5.034
SAMN12022010,PRJNA1464738,1848,5,,,,US,transplant_or_immunocompromised,allogeneic hematopoietic cell transplant recipients,,,,,primary,1.0,4.824
SAMN12022011,PRJNA1464738,1848,6,,,,US,transplant_or_immunocompromised,allogeneic hematopoietic cell transplant recipients,,,,,primary,1.0,2.72
SAMN12022012,PRJNA1464738,1848,7,,,,US,transplant_or_immunocompromised,allogeneic hematopoietic cell transplant recipients,,,,,primary,1.0,2.199
SAMN12022068,PRJNA1464738,1858,-1,,,,US,transplant_or_immunocompromised,allogeneic hematopoietic cell transplant recipients,,,,,primary,1.0,4.9
SAMN12022069,PRJNA1464738,1858,2,,,,US,transplant_or_immunocompromised,allogeneic hematopoietic cell transplant recipients,,,,,primary,1.0,4.642
SAMN12022071,PRJNA1464738,1858,4,,,,US,transplant_or_immunocompromised,allogeneic hematopoietic cell transplant recipients,,,,,primary,1.0,2.449
SAMN12021987,PRJNA1464738,1866,-1,,,,US,transplant_or_immunocompromised,allogeneic hematopoietic cell transplant recipients,,,,,primary,1.0,5.021
SAMN12021986,PRJNA1464738,1866,-3,,,,US,transplant_or_immunocompromised,allogeneic hematopoietic cell transplant recipients,,,,,primary,1.0,5.131
SAMN12021985,PRJNA1464738,1866,-4,,,,US,transplant_or_immunocompromised,allogeneic hematopoietic cell transplant recipients,,,,,primary,1.0,4.594
SAMN12021990,PRJNA1464738,1866,12,,,,US,transplant_or_immunocompromised,allogeneic hematopoietic cell transplant recipients,,,,,primary,1.0,6.716
SAMN12021991,PRJNA1464738,1866,13,,,,US,transplant_or_immunocompromised,allogeneic hematopoietic cell transplant recipients,,,,,primary,1.0,6.193
SAMN12021993,PRJNA1464738,1866,17,,,,US,transplant_or_immunocompromised,allogeneic hematopoietic cell transplant recipients,,,,,primary,1.0,5.65
SAMN12021988,PRJNA1464738,1866,2,,,,US,transplant_or_immunocompromised,allogeneic hematopoietic cell transplant recipients,,,,,primary,1.0,6.404
SAMN12021989,PRJNA1464738,1866,3,,,,US,transplant_or_immunocompromised,allogeneic hematopoietic cell transplant recipients,,,,,primary,1.0,6.408
SAMN12022082,PRJNA1464738,1896,-1,,,,US,transplant_or_immunocompromised,allogeneic hematopoietic cell transplant recipients,,,,,primary,1.0,5.753
SAMN12022081,PRJNA1464738,1896,-2,,,,US,transplant_or_immunocompromised,allogeneic hematopoietic cell transplant recipients,,,,,primary,1.0,5.027
SAMN12022083,PRJNA1464738,1896,2,,,,US,transplant_or_immunocompromised,allogeneic hematopoietic cell transplant recipients,,,,,primary,1.0,4.949
SAMN12022084,PRJNA1464738,1896,3,,,,US,transplant_or_immunocompromised,allogeneic hematopoietic cell transplant recipients,,,,,primary,1.0,5.301
SAMN10082668,PRJNA1464738,206,-8,,,,US,transplant_or_immunocompromised,allogeneic hematopoietic cell transplant recipients,,,,,primary,1.0,5.08
SAMN10082669,PRJNA1464738,206,19,,,,US,transplant_or_immunocompromised,allogeneic hematopoietic cell transplant recipients,,,,,primary,1.0,4.639
SAMN10082986,PRJNA1464738,207,31,,,,US,transplant_or_immunocompromised,allogeneic hematopoietic cell transplant recipients,,,,,primary,1.0,4.707
SAMN10082390,PRJNA1464738,215,7,,,,US,transplant_or_immunocompromised,allogeneic hematopoietic cell transplant recipients,,,,,primary,1.0,5.622
SAMN10082743,PRJNA1464738,222,34,,,,US,transplant_or_immunocompromised,allogeneic hematopoietic cell transplant recipients,,,,,primary,1.0,4.621
SAMN12007824,PRJNA1464738,223,13,,,,US,transplant_or_immunocompromised,allogeneic hematopoietic cell transplant recipients,,,,,primary,1.0,0.392
SAMN10083878,PRJNA1464738,23,13,,,,US,transplant_or_immunocompromised,allogeneic hematopoietic cell transplant recipients,,,,,primary,1.0,4.267
SAMN10082937,PRJNA1464738,254,21,,,,US,transplant_or_immunocompromised,allogeneic hematopoietic cell transplant recipients,,,,,primary,1.0,3.793
SAMN10082878,PRJNA1464738,258,27,,,,US,transplant_or_immunocompromised,allogeneic hematopoietic cell transplant recipients,,,,,primary,1.0,4.627
SAMN10083056,PRJNA1464738,261,28,,,,US,transplant_or_immunocompromised,allogeneic hematopoietic cell transplant recipients,,,,,primary,1.0,4.87
SAMN10086020,PRJNA1464738,27,4,,,,US,transplant_or_immunocompromised,allogeneic hematopoietic cell transplant recipients,,,,,primary,1.0,0.023
SAMN10085899,PRJNA1464738,272,16,,,,US,transplant_or_immunocompromised,allogeneic hematopoietic cell transplant recipients,,,,,primary,1.0,5.618
SAMN10082991,PRJNA1464738,276,18,,,,US,transplant_or_immunocompromised,allogeneic hematopoietic cell transplant recipients,,,,,primary,1.0,5.631
SAMN10082992,PRJNA1464738,276,26,,,,US,transplant_or_immunocompromised,allogeneic hematopoietic cell transplant recipients,,,,,primary,1.0,4.711
SAMN10083338,PRJNA1464738,286,17,,,,US,transplant_or_immunocompromised,allogeneic hematopoietic cell transplant recipients,,,,,primary,1.0,4.169
SAMN10083549,PRJNA1464738,289,10,,,,US,transplant_or_immunocompromised,allogeneic hematopoietic cell transplant recipients,,,,,primary,1.0,4.868
SAMN10083256,PRJNA1464738,291,12,,,,US,transplant_or_immunocompromised,allogeneic hematopoietic cell transplant recipients,,,,,primary,1.0,4.75
SAMN10083065,PRJNA1464738,297,-9,,,,US,transplant_or_immunocompromised,allogeneic hematopoietic cell transplant recipients,,,,,primary,1.0,5.21
SAMN10083068,PRJNA1464738,297,18,,,,US,transplant_or_immunocompromised,allogeneic hematopoietic cell transplant recipients,,,,,primary,1.0,3.569
SAMN10083273,PRJNA1464738,301,-2,,,,US,transplant_or_immunocompromised,allogeneic hematopoietic cell transplant recipients,,,,,primary,1.0,5.349
SAMN10083272,PRJNA1464738,301,-9,,,,US,transplant_or_immunocompromised,allogeneic hematopoietic cell transplant recipients,,,,,primary,1.0,4.791
SAMN10083275,PRJNA1464738,301,25,,,,US,transplant_or_immunocompromised,allogeneic hematopoietic cell transplant recipients,,,,,primary,1.0,4.422
SAMN10083310,PRJNA1464738,310,19,,,,US,transplant_or_immunocompromised,allogeneic hematopoietic cell transplant recipients,,,,,primary,1.0,4.943
SAMN10083552,PRJNA1464738,342,-8,,,,US,transplant_or_immunocompromised,allogeneic hematopoietic cell transplant recipients,,,,,primary,1.0,4.203
SAMN10083554,PRJNA1464738,342,17,,,,US,transplant_or_immunocompromised,allogeneic hematopoietic cell transplant recipients,,,,,primary,1.0,4.973
SAMN10084251,PRJNA1464738,347,17,,,,US,transplant_or_immunocompromised,allogeneic hematopoietic cell transplant recipients,,,,,primary,1.0,4.711
SAMN10083454,PRJNA1464738,352,13,,,,US,transplant_or_immunocompromised,allogeneic hematopoietic cell transplant recipients,,,,,primary,1.0,5.236
SAMN10083366,PRJNA1464738,354,-8,,,,US,transplant_or_immunocompromised,allogeneic hematopoietic cell transplant recipients,,,,,primary,1.0,5.415
SAMN10083372,PRJNA1464738,354,25,,,,US,transplant_or_immunocompromised,allogeneic hematopoietic cell transplant recipients,,,,,primary,1.0,4.704
SAMN10083503,PRJNA1464738,375,-7,,,,US,transplant_or_immunocompromised,allogeneic hematopoietic cell transplant recipients,,,,,primary,1.0,6.149
SAMN10083510,PRJNA1464738,377,-7,,,,US,transplant_or_immunocompromised,allogeneic hematopoietic cell transplant recipients,,,,,primary,1.0,4.709
SAMN10083514,PRJNA1464738,377,29,,,,US,transplant_or_immunocompromised,allogeneic hematopoietic cell transplant recipients,,,,,primary,1.0,4.561
SAMN10083497,PRJNA1464738,390,-8,,,,US,transplant_or_immunocompromised,allogeneic hematopoietic cell transplant recipients,,,,,primary,1.0,4.93
SAMN10083622,PRJNA1464738,393,-8,,,,US,transplant_or_immunocompromised,allogeneic hematopoietic cell transplant recipients,,,,,primary,1.0,5.341
SAMN10083602,PRJNA1464738,414,12,,,,US,transplant_or_immunocompromised,allogeneic hematopoietic cell transplant recipients,,,,,primary,1.0,5.833
SAMN10083595,PRJNA1464738,417,-9,,,,US,transplant_or_immunocompromised,allogeneic hematopoietic cell transplant recipients,,,,,primary,1.0,4.238
SAMN10083669,PRJNA1464738,423,21,,,,US,transplant_or_immunocompromised,allogeneic hematopoietic cell transplant recipients,,,,,primary,1.0,8.152
SAMN10083663,PRJNA1464738,432,-9,,,,US,transplant_or_immunocompromised,allogeneic hematopoietic cell transplant recipients,,,,,primary,1.0,4.643
SAMN10083653,PRJNA1464738,442,24,,,,US,transplant_or_immunocompromised,allogeneic hematopoietic cell transplant recipients,,,,,primary,1.0,6.191
SAMN10083893,PRJNA1464738,45,-5,,,,US,transplant_or_immunocompromised,allogeneic hematopoietic cell transplant recipients,,,,,primary,1.0,4.709
SAMN10083894,PRJNA1464738,45,0,,,,US,transplant_or_immunocompromised,allogeneic hematopoietic cell transplant recipients,,,,,primary,1.0,4.493
SAMN10083896,PRJNA1464738,45,12,,,,US,transplant_or_immunocompromised,allogeneic hematopoietic cell transplant recipients,,,,,primary,1.0,7.131
SAMN10083897,PRJNA1464738,45,20,,,,US,transplant_or_immunocompromised,allogeneic hematopoietic cell transplant recipients,,,,,primary,1.0,7.852
SAMN10083899,PRJNA1464738,45,40,,,,US,transplant_or_immunocompromised,allogeneic hematopoietic cell transplant recipients,,,,,primary,1.0,5.283
SAMN10083895,PRJNA1464738,45,8,,,,US,transplant_or_immunocompromised,allogeneic hematopoietic cell transplant recipients,,,,,primary,1.0,5.692
SAMN10083956,PRJNA1464738,466,17,,,,US,transplant_or_immunocompromised,allogeneic hematopoietic cell transplant recipients,,,,,primary,1.0,5.199
SAMN10084021,PRJNA1464738,486,-8,,,,US,transplant_or_immunocompromised,allogeneic hematopoietic cell transplant recipients,,,,,primary,1.0,5.094
SAMN10084778,PRJNA1464738,488,15,,,,US,transplant_or_immunocompromised,allogeneic hematopoietic cell transplant recipients,,,,,primary,1.0,3.855
SAMN10084206,PRJNA1464738,491,-8,,,,US,transplant_or_immunocompromised,allogeneic hematopoietic cell transplant recipients,,,,,primary,1.0,5.273
SAMN10084087,PRJNA1464738,494,21,,,,US,transplant_or_immunocompromised,allogeneic hematopoietic cell transplant recipients,,,,,primary,1.0,3.772
SAMN10084141,PRJNA1464738,495,18,,,,US,transplant_or_immunocompromised,allogeneic hematopoietic cell transplant recipients,,,,,primary,1.0,4.008
SAMN10084588,PRJNA1464738,512,29,,,,US,transplant_or_immunocompromised,allogeneic hematopoietic cell transplant recipients,,,,,primary,1.0,5.987
SAMN10085676,PRJNA1464738,525,25,,,,US,transplant_or_immunocompromised,allogeneic hematopoietic cell transplant recipients,,,,,primary,1.0,4.655
SAMN10084327,PRJNA1464738,537,13,,,,US,transplant_or_immunocompromised,allogeneic hematopoietic cell transplant recipients,,,,,primary,1.0,6.025
SAMN10084335,PRJNA1464738,537,28,,,,US,transplant_or_immunocompromised,allogeneic hematopoietic cell transplant recipients,,,,,primary,1.0,5.738
SAMN10084557,PRJNA1464738,539,8,,,,US,transplant_or_immunocompromised,allogeneic hematopoietic cell transplant recipients,,,,,primary,1.0,0.451
SAMN10084476,PRJNA1464738,540,14,,,,US,transplant_or_immunocompromised,allogeneic hematopoietic cell transplant recipients,,,,,primary,1.0,3.604
SAMN10085766,PRJNA1464738,555,8,,,,US,transplant_or_immunocompromised,allogeneic hematopoietic cell transplant recipients,,,,,primary,1.0,4.103
SAMN10085809,PRJNA1464738,583,31,,,,US,transplant_or_immunocompromised,allogeneic hematopoietic cell transplant recipients,,,,,primary,1.0,5.744
SAMN10082281,PRJNA1464738,6,7,,,,US,transplant_or_immunocompromised,allogeneic hematopoietic cell transplant recipients,,,,,primary,1.0,1.615
SAMN10084181,PRJNA1464738,62,12,,,,US,transplant_or_immunocompromised,allogeneic hematopoietic cell transplant recipients,,,,,primary,1.0,3.067
SAMN10085913,PRJNA1464738,623,14,,,,US,transplant_or_immunocompromised,allogeneic hematopoietic cell transplant recipients,,,,,primary,1.0,2.18
SAMN10085911,PRJNA1464738,623,2,,,,US,transplant_or_immunocompromised,allogeneic hematopoietic cell transplant recipients,,,,,primary,1.0,4.454
SAMN10085912,PRJNA1464738,623,5,,,,US,transplant_or_immunocompromised,allogeneic hematopoietic cell transplant recipients,,,,,primary,1.0,5.652
SAMN10084926,PRJNA1464738,624,-9,,,,US,transplant_or_immunocompromised,allogeneic hematopoietic cell transplant recipients,,,,,primary,1.0,3.791
SAMN10085656,PRJNA1464738,627,-8,,,,US,transplant_or_immunocompromised,allogeneic hematopoietic cell transplant recipients,,,,,primary,1.0,4.01
SAMN12020998,PRJNA1464738,628,-1,,,,US,transplant_or_immunocompromised,allogeneic hematopoietic cell transplant recipients,,,,,primary,1.0,6.113
SAMN12020997,PRJNA1464738,628,-2,,,,US,transplant_or_immunocompromised,allogeneic hematopoietic cell transplant recipients,,,,,primary,1.0,5.979
SAMN12020996,PRJNA1464738,628,-3,,,,US,transplant_or_immunocompromised,allogeneic hematopoietic cell transplant recipients,,,,,primary,1.0,4.29
SAMN12020995,PRJNA1464738,628,-4,,,,US,transplant_or_immunocompromised,allogeneic hematopoietic cell transplant recipients,,,,,primary,1.0,6.108
SAMN12020994,PRJNA1464738,628,-5,,,,US,transplant_or_immunocompromised,allogeneic hematopoietic cell transplant recipients,,,,,primary,1.0,5.789
SAMN12020999,PRJNA1464738,628,0,,,,US,transplant_or_immunocompromised,allogeneic hematopoietic cell transplant recipients,,,,,primary,1.0,4.751
SAMN12021000,PRJNA1464738,628,2,,,,US,transplant_or_immunocompromised,allogeneic hematopoietic cell transplant recipients,,,,,primary,1.0,8.972
SAMN12021001,PRJNA1464738,628,3,,,,US,transplant_or_immunocompromised,allogeneic hematopoietic cell transplant recipients,,,,,primary,1.0,5.793
SAMN12021002,PRJNA1464738,628,4,,,,US,transplant_or_immunocompromised,allogeneic hematopoietic cell transplant recipients,,,,,primary,1.0,3.941
SAMN12021003,PRJNA1464738,628,5,,,,US,transplant_or_immunocompromised,allogeneic hematopoietic cell transplant recipients,,,,,primary,1.0,6.399
SAMN12021004,PRJNA1464738,628,7,,,,US,transplant_or_immunocompromised,allogeneic hematopoietic cell transplant recipients,,,,,primary,1.0,5.187
SAMN10084951,PRJNA1464738,629,33,,,,US,transplant_or_immunocompromised,allogeneic hematopoietic cell transplant recipients,,,,,primary,1.0,6.398
SAMN10082850,PRJNA1464738,63,18,,,,US,transplant_or_immunocompromised,allogeneic hematopoietic cell transplant recipients,,,,,primary,1.0,9.108
SAMN10085697,PRJNA1464738,634,13,,,,US,transplant_or_immunocompromised,allogeneic hematopoietic cell transplant recipients,,,,,primary,1.0,4.095
SAMN10082408,PRJNA1464738,644,-5,,,,US,transplant_or_immunocompromised,allogeneic hematopoietic cell transplant recipients,,,,,primary,1.0,3.174
SAMN10082410,PRJNA1464738,644,12,,,,US,transplant_or_immunocompromised,allogeneic hematopoietic cell transplant recipients,,,,,primary,1.0,0.531
SAMN10082409,PRJNA1464738,644,4,,,,US,transplant_or_immunocompromised,allogeneic hematopoietic cell transplant recipients,,,,,primary,1.0,5.24
SAMN10082412,PRJNA1464738,644,41,,,,US,transplant_or_immunocompromised,allogeneic hematopoietic cell transplant recipients,,,,,primary,1.0,5.867
SAMN10082413,PRJNA1464738,644,55,,,,US,transplant_or_immunocompromised,allogeneic hematopoietic cell transplant recipients,,,,,primary,1.0,6.35
SAMN10085662,PRJNA1464738,646,21,,,,US,transplant_or_immunocompromised,allogeneic hematopoietic cell transplant recipients,,,,,primary,1.0,5.702
SAMN10085820,PRJNA1464738,653,19,,,,US,transplant_or_immunocompromised,allogeneic hematopoietic cell transplant recipients,,,,,primary,1.0,4.485
SAMN10085720,PRJNA1464738,660,11,,,,US,transplant_or_immunocompromised,allogeneic hematopoietic cell transplant recipients,,,,,primary,1.0,1.149
SAMN10085872,PRJNA1464738,666,24,,,,US,transplant_or_immunocompromised,allogeneic hematopoietic cell transplant recipients,,,,,primary,1.0,4.952
SAMN10085869,PRJNA1464738,666,9,,,,US,transplant_or_immunocompromised,allogeneic hematopoietic cell transplant recipients,,,,,primary,1.0,5.233
SAMN07491454,PRJNA1464738,668,,,,,US,transplant_or_immunocompromised,allogeneic hematopoietic cell transplant recipients,,,,,primary,4.0,10.221
SAMN10085796,PRJNA1464738,674,17,,,,US,transplant_or_immunocompromised,allogeneic hematopoietic cell transplant recipients,,,,,primary,1.0,0.27
SAMN10082270,PRJNA1464738,676,15,,,,US,transplant_or_immunocompromised,allogeneic hematopoietic cell transplant recipients,,,,,primary,1.0,4.63
SAMN10082069,PRJNA1464738,685,16,,,,US,transplant_or_immunocompromised,allogeneic hematopoietic cell transplant recipients,,,,,primary,1.0,1.619
SAMN10082987,PRJNA1464738,702,-7,,,,US,transplant_or_immunocompromised,allogeneic hematopoietic cell transplant recipients,,,,,primary,1.0,5.586
SAMN10085980,PRJNA1464738,709,40,,,,US,transplant_or_immunocompromised,allogeneic hematopoietic cell transplant recipients,,,,,primary,2.0,8.44
SAMN10086004,PRJNA1464738,722,10.5,,,,US,transplant_or_immunocompromised,allogeneic hematopoietic cell transplant recipients,,,,,primary,1.0,4.513
SAMN10086047,PRJNA1464738,732,53,,,,US,transplant_or_immunocompromised,allogeneic hematopoietic cell transplant recipients,,,,,primary,2.0,10.908
SAMN10082445,PRJNA1464738,752,68,,,,US,transplant_or_immunocompromised,allogeneic hematopoietic cell transplant recipients,,,,,primary,1.0,6.081
SAMN10083922,PRJNA1464738,80,15,,,,US,transplant_or_immunocompromised,allogeneic hematopoietic cell transplant recipients,,,,,primary,1.0,3.247
SAMN07561804,PRJNA1464738,91,,,,,US,transplant_or_immunocompromised,allogeneic hematopoietic cell transplant recipients,,,,,primary,1.0,5.399
SAMN07561815,PRJNA1464738,91,,,,,US,transplant_or_immunocompromised,allogeneic hematopoietic cell transplant recipients,,,,,primary,1.0,5.166
SAMN12021706,PRJNA1464738,972,-1,,,,US,transplant_or_immunocompromised,allogeneic hematopoietic cell transplant recipients,,,,,primary,1.0,6.706
SAMN12021705,PRJNA1464738,972,-2,,,,US,transplant_or_immunocompromised,allogeneic hematopoietic cell transplant recipients,,,,,primary,1.0,5.177
SAMN12021713,PRJNA1464738,972,12,,,,US,transplant_or_immunocompromised,allogeneic hematopoietic cell transplant recipients,,,,,primary,1.0,5.831
SAMN12021714,PRJNA1464738,972,13,,,,US,transplant_or_immunocompromised,allogeneic hematopoietic cell transplant recipients,,,,,primary,1.0,5.546
SAMN12021715,PRJNA1464738,972,14,,,,US,transplant_or_immunocompromised,allogeneic hematopoietic cell transplant recipients,,,,,primary,1.0,5.952
SAMN12021709,PRJNA1464738,972,4,,,,US,transplant_or_immunocompromised,allogeneic hematopoietic cell transplant recipients,,,,,primary,1.0,5.375
SAMN12021710,PRJNA1464738,972,5,,,,US,transplant_or_immunocompromised,allogeneic hematopoietic cell transplant recipients,,,,,primary,1.0,4.949
SAMN12021711,PRJNA1464738,972,7,,,,US,transplant_or_immunocompromised,allogeneic hematopoietic cell transplant recipients,,,,,primary,1.0,4.06
SAMN11884973,PRJNA1464738,,,,,,US,transplant_or_immunocompromised,allogeneic hematopoietic cell transplant recipients,,,,,primary,2.0,9.364
SAMN11884977,PRJNA1464738,,,,,,US,transplant_or_immunocompromised,allogeneic hematopoietic cell transplant recipients,,,,,primary,2.0,7.628
SAMN11884979,PRJNA1464738,,,,,,US,transplant_or_immunocompromised,allogeneic hematopoietic cell transplant recipients,,,,,primary,2.0,8.176
SAMN13270436,PRJNA1464738,,,,,,US,transplant_or_immunocompromised,allogeneic hematopoietic cell transplant recipients,,,,,primary,1.0,7.447
SAMN13270479,PRJNA1464738,,,,,,US,transplant_or_immunocompromised,allogeneic hematopoietic cell transplant recipients,,,,,primary,2.0,11.385
SAMN13270508,PRJNA1464738,,,,,,US,transplant_or_immunocompromised,allogeneic hematopoietic cell transplant recipients,,,,,primary,1.0,1.76
SAMN13270591,PRJNA1464738,,,,,,US,transplant_or_immunocompromised,allogeneic hematopoietic cell transplant recipients,,,,,primary,1.0,2.82
SAMN13270604,PRJNA1464738,,,,,,US,transplant_or_immunocompromised,allogeneic hematopoietic cell transplant recipients,,,,,primary,1.0,6.833
SAMN13270607,PRJNA1464738,,,,,,US,transplant_or_immunocompromised,allogeneic hematopoietic cell transplant recipients,,,,,primary,1.0,6.183
SAMN13270647,PRJNA1464738,,,,,,US,transplant_or_immunocompromised,allogeneic hematopoietic cell transplant recipients,,,,,primary,1.0,6.025
SAMN13270766,PRJNA1464738,,,,,,US,transplant_or_immunocompromised,allogeneic hematopoietic cell transplant recipients,,,,,primary,1.0,8.49
SAMN13270769,PRJNA1464738,,,,,,US,transplant_or_immunocompromised,allogeneic hematopoietic cell transplant recipients,,,,,primary,1.0,9.229
SAMN13270812,PRJNA1464738,,,,,,US,transplant_or_immunocompromised,allogeneic hematopoietic cell transplant recipients,,,,,primary,1.0,5.417
SAMN13270872,PRJNA1464738,,,,,,US,transplant_or_immunocompromised,allogeneic hematopoietic cell transplant recipients,,,,,primary,2.0,10.189
SAMN13270894,PRJNA1464738,,,,,,US,transplant_or_immunocompromised,allogeneic hematopoietic cell transplant recipients,,,,,primary,1.0,5.136
SAMN13270899,PRJNA1464738,,,,,,US,transplant_or_immunocompromised,allogeneic hematopoietic cell transplant recipients,,,,,primary,1.0,1.795
SAMN13270900,PRJNA1464738,,,,,,US,transplant_or_immunocompromised,allogeneic hematopoietic cell transplant recipients,,,,,primary,1.0,2.809
SAMN13270901,PRJNA1464738,,,,,,US,transplant_or_immunocompromised,allogeneic hematopoietic cell transplant recipients,,,,,primary,1.0,8.44
SAMN13270926,PRJNA1464738,,,,,,US,transplant_or_immunocompromised,allogeneic hematopoietic cell transplant recipients,,,,,primary,1.0,6.029
SAMN13270927,PRJNA1464738,,,,,,US,transplant_or_immunocompromised,allogeneic hematopoietic cell transplant recipients,,,,,primary,2.0,10.437
SAMN13270933,PRJNA1464738,,,,,,US,transplant_or_immunocompromised,allogeneic hematopoietic cell transplant recipients,,,,,primary,3.0,27.367
SAMN13270974,PRJNA1464738,,,,,,US,transplant_or_immunocompromised,allogeneic hematopoietic cell transplant recipients,,,,,primary,1.0,6.039
SAMN13270994,PRJNA1464738,,,,,,US,transplant_or_immunocompromised,allogeneic hematopoietic cell transplant recipients,,,,,primary,1.0,3.812
SAMN13270995,PRJNA1464738,,,,,,US,transplant_or_immunocompromised,allogeneic hematopoietic cell transplant recipients,,,,,primary,1.0,4.94
SAMN13270996,PRJNA1464738,,,,,,US,transplant_or_immunocompromised,allogeneic hematopoietic cell transplant recipients,,,,,primary,1.0,4.669
SAMN13271065,PRJNA1464738,,,,,,US,transplant_or_immunocompromised,allogeneic hematopoietic cell transplant recipients,,,,,primary,1.0,5.096
SAMN13271147,PRJNA1464738,,,,,,US,transplant_or_immunocompromised,allogeneic hematopoietic cell transplant recipients,,,,,primary,1.0,6.232
SAMN13271176,PRJNA1464738,,,,,,US,transplant_or_immunocompromised,allogeneic hematopoietic cell transplant recipients,,,,,primary,1.0,5.214
SAMN13271214,PRJNA1464738,,,,,,US,transplant_or_immunocompromised,allogeneic hematopoietic cell transplant recipients,,,,,primary,1.0,3.949
SAMN13271215,PRJNA1464738,,,,,,US,transplant_or_immunocompromised,allogeneic hematopoietic cell transplant recipients,,,,,primary,1.0,3.432
SAMN13271365,PRJNA1464738,,,,,,US,transplant_or_immunocompromised,allogeneic hematopoietic cell transplant recipients,,,,,primary,1.0,6.043
SAMN13271388,PRJNA1464738,,,,,,US,transplant_or_immunocompromised,allogeneic hematopoietic cell transplant recipients,,,,,primary,2.0,14.506
SAMN13271393,PRJNA1464738,,,,,,US,transplant_or_immunocompromised,allogeneic hematopoietic cell transplant recipients,,,,,primary,1.0,6.37
SAMN13271409,PRJNA1464738,,,,,,US,transplant_or_immunocompromised,allogeneic hematopoietic cell transplant recipients,,,,,primary,1.0,5.305
SAMN13271448,PRJNA1464738,,,,,,US,transplant_or_immunocompromised,allogeneic hematopoietic cell transplant recipients,,,,,primary,1.0,4.389
SAMN13271449,PRJNA1464738,,,,,,US,transplant_or_immunocompromised,allogeneic hematopoietic cell transplant recipients,,,,,primary,1.0,3.524
SAMN13271450,PRJNA1464738,,,,,,US,transplant_or_immunocompromised,allogeneic hematopoietic cell transplant recipients,,,,,primary,1.0,4.795
SAMN13271451,PRJNA1464738,,,,,,US,transplant_or_immunocompromised,allogeneic hematopoietic cell transplant recipients,,,,,primary,1.0,3.784
SAMN13271577,PRJNA1464738,,,,,,US,transplant_or_immunocompromised,allogeneic hematopoietic cell transplant recipients,,,,,primary,1.0,2.509
SAMN13271578,PRJNA1464738,,,,,,US,transplant_or_immunocompromised,allogeneic hematopoietic cell transplant recipients,,,,,primary,2.0,12.835
SAMN13271587,PRJNA1464738,,,,,,US,transplant_or_immunocompromised,allogeneic hematopoietic cell transplant recipients,,,,,primary,1.0,3.842
SAMN13271588,PRJNA1464738,,,,,,US,transplant_or_immunocompromised,allogeneic hematopoietic cell transplant recipients,,,,,primary,2.0,8.878
SAMN13271589,PRJNA1464738,,,,,,US,transplant_or_immunocompromised,allogeneic hematopoietic cell transplant recipients,,,,,primary,1.0,5.329
SAMN13271590,PRJNA1464738,,,,,,US,transplant_or_immunocompromised,allogeneic hematopoietic cell transplant recipients,,,,,primary,1.0,4.985
SAMN13271591,PRJNA1464738,,,,,,US,transplant_or_immunocompromised,allogeneic hematopoietic cell transplant recipients,,,,,primary,1.0,4.666
SAMN13271592,PRJNA1464738,,,,,,US,transplant_or_immunocompromised,allogeneic hematopoietic cell transplant recipients,,,,,primary,1.0,4.317
SAMN13271593,PRJNA1464738,,,,,,US,transplant_or_immunocompromised,allogeneic hematopoietic cell transplant recipients,,,,,primary,1.0,5.832
SAMN13271594,PRJNA1464738,,,,,,US,transplant_or_immunocompromised,allogeneic hematopoietic cell transplant recipients,,,,,primary,1.0,6.431
SAMN13271595,PRJNA1464738,,,,,,US,transplant_or_immunocompromised,allogeneic hematopoietic cell transplant recipients,,,,,primary,1.0,5.809
SAMN13271596,PRJNA1464738,,,,,,US,transplant_or_immunocompromised,allogeneic hematopoietic cell transplant recipients,,,,,primary,1.0,4.539
SAMN13271598,PRJNA1464738,,,,,,US,transplant_or_immunocompromised,allogeneic hematopoietic cell transplant recipients,,,,,primary,1.0,4.837
SAMN13271600,PRJNA1464738,,,,,,US,transplant_or_immunocompromised,allogeneic hematopoietic cell transplant recipients,,,,,primary,1.0,4.745
SAMN13271601,PRJNA1464738,,,,,,US,transplant_or_immunocompromised,allogeneic hematopoietic cell transplant recipients,,,,,primary,1.0,5.075
SAMN13271605,PRJNA1464738,,,,,,US,transplant_or_immunocompromised,allogeneic hematopoietic cell transplant recipients,,,,,primary,1.0,7.049
SAMN13271606,PRJNA1464738,,,,,,US,transplant_or_immunocompromised,allogeneic hematopoietic cell transplant recipients,,,,,primary,1.0,8.503
SAMN13271608,PRJNA1464738,,,,,,US,transplant_or_immunocompromised,allogeneic hematopoietic cell transplant recipients,,,,,primary,1.0,7.428
SAMN13271624,PRJNA1464738,,,,,,US,transplant_or_immunocompromised,allogeneic hematopoietic cell transplant recipients,,,,,primary,1.0,2.162
SAMN13271630,PRJNA1464738,,,,,,US,transplant_or_immunocompromised,allogeneic hematopoietic cell transplant recipients,,,,,primary,1.0,1.251
SAMN13271696,PRJNA1464738,,,,,,US,transplant_or_immunocompromised,allogeneic hematopoietic cell transplant recipients,,,,,primary,1.0,3.732
SAMN13271706,PRJNA1464738,,,,,,US,transplant_or_immunocompromised,allogeneic hematopoietic cell transplant recipients,,,,,primary,1.0,5.769
SAMN13271710,PRJNA1464738,,,,,,US,transplant_or_immunocompromised,allogeneic hematopoietic cell transplant recipients,,,,,primary,1.0,0.393
SAMN13271712,PRJNA1464738,,,,,,US,transplant_or_immunocompromised,allogeneic hematopoietic cell transplant recipients,,,,,primary,2.0,17.384
SAMN13271718,PRJNA1464738,,,,,,US,transplant_or_immunocompromised,allogeneic hematopoietic cell transplant recipients,,,,,primary,1.0,5.44
SAMN13271738,PRJNA1464738,,,,,,US,transplant_or_immunocompromised,allogeneic hematopoietic cell transplant recipients,,,,,primary,1.0,5.609
SAMN13271742,PRJNA1464738,,,,,,US,transplant_or_immunocompromised,allogeneic hematopoietic cell transplant recipients,,,,,primary,1.0,3.106
SAMN13271901,PRJNA1464738,,,,,,US,transplant_or_immunocompromised,allogeneic hematopoietic cell transplant recipients,,,,,primary,2.0,14.02
SAMN13271936,PRJNA1464738,,,,,,US,transplant_or_immunocompromised,allogeneic hematopoietic cell transplant recipients,,,,,primary,1.0,1.789
SAMN13271937,PRJNA1464738,,,,,,US,transplant_or_immunocompromised,allogeneic hematopoietic cell transplant recipients,,,,,primary,1.0,1.606
SAMN13272072,PRJNA1464738,,,,,,US,transplant_or_immunocompromised,allogeneic hematopoietic cell transplant recipients,,,,,primary,1.0,6.922
SAMN13272073,PRJNA1464738,,,,,,US,transplant_or_immunocompromised,allogeneic hematopoietic cell transplant recipients,,,,,primary,1.0,4.453
SAMN13272100,PRJNA1464738,,,,,,US,transplant_or_immunocompromised,allogeneic hematopoietic cell transplant recipients,,,,,primary,1.0,5.184
SAMN13272128,PRJNA1464738,,,,,,US,transplant_or_immunocompromised,allogeneic hematopoietic cell transplant recipients,,,,,primary,2.0,9.806
SAMN13272145,PRJNA1464738,,,,,,US,transplant_or_immunocompromised,allogeneic hematopoietic cell transplant recipients,,,,,primary,1.0,5.539
SAMN13272146,PRJNA1464738,,,,,,US,transplant_or_immunocompromised,allogeneic hematopoietic cell transplant recipients,,,,,primary,1.0,6.068
SAMN13272152,PRJNA1464738,,,,,,US,transplant_or_immunocompromised,allogeneic hematopoietic cell transplant recipients,,,,,primary,1.0,4.996
SAMN13272183,PRJNA1464738,,,,,,US,transplant_or_immunocompromised,allogeneic hematopoietic cell transplant recipients,,,,,primary,1.0,3.042
SAMN13272437,PRJNA1464738,,,,,,US,transplant_or_immunocompromised,allogeneic hematopoietic cell transplant recipients,,,,,primary,1.0,4.04
SAMN13272857,PRJNA1464738,,,,,,US,transplant_or_immunocompromised,allogeneic hematopoietic cell transplant recipients,,,,,primary,1.0,4.689
SAMN13272900,PRJNA1464738,,,,,,US,transplant_or_immunocompromised,allogeneic hematopoietic cell transplant recipients,,,,,primary,1.0,4.017
SAMN13272904,PRJNA1464738,,,,,,US,transplant_or_immunocompromised,allogeneic hematopoietic cell transplant recipients,,,,,primary,2.0,18.205
SAMN13272908,PRJNA1464738,,,,,,US,transplant_or_immunocompromised,allogeneic hematopoietic cell transplant recipients,,,,,primary,1.0,2.312
SAMN13272985,PRJNA1464738,,,,,,US,transplant_or_immunocompromised,allogeneic hematopoietic cell transplant recipients,,,,,primary,1.0,4.666
SAMN13272987,PRJNA1464738,,,,,,US,transplant_or_immunocompromised,allogeneic hematopoietic cell transplant recipients,,,,,primary,1.0,4.591
SAMN13273086,PRJNA1464738,,,,,,US,transplant_or_immunocompromised,allogeneic hematopoietic cell transplant recipients,,,,,primary,1.0,5.483
SAMN13273101,PRJNA1464738,,,,,,US,transplant_or_immunocompromised,allogeneic hematopoietic cell transplant recipients,,,,,primary,1.0,5.782
SAMN13273152,PRJNA1464738,,,,,,US,transplant_or_immunocompromised,allogeneic hematopoietic cell transplant recipients,,,,,primary,1.0,5.72
SAMN13273158,PRJNA1464738,,,,,,US,transplant_or_immunocompromised,allogeneic hematopoietic cell transplant recipients,,,,,primary,1.0,6.151
SAMN13273209,PRJNA1464738,,,,,,US,transplant_or_immunocompromised,allogeneic hematopoietic cell transplant recipients,,,,,primary,1.0,3.065
SAMN13273210,PRJNA1464738,,,,,,US,transplant_or_immunocompromised,allogeneic hematopoietic cell transplant recipients,,,,,primary,1.0,2.674
SAMN13273211,PRJNA1464738,,,,,,US,transplant_or_immunocompromised,allogeneic hematopoietic cell transplant recipients,,,,,primary,1.0,1.021
SAMN13273212,PRJNA1464738,,,,,,US,transplant_or_immunocompromised,allogeneic hematopoietic cell transplant recipients,,,,,primary,1.0,4.425
SAMN13273218,PRJNA1464738,,,,,,US,transplant_or_immunocompromised,allogeneic hematopoietic cell transplant recipients,,,,,primary,2.0,10.139
SAMN13273220,PRJNA1464738,,,,,,US,transplant_or_immunocompromised,allogeneic hematopoietic cell transplant recipients,,,,,primary,1.0,5.024
SAMN13273221,PRJNA1464738,,,,,,US,transplant_or_immunocompromised,allogeneic hematopoietic cell transplant recipients,,,,,primary,2.0,10.855
SAMN13273227,PRJNA1464738,,,,,,US,transplant_or_immunocompromised,allogeneic hematopoietic cell transplant recipients,,,,,primary,1.0,4.738
SAMN13273255,PRJNA1464738,,,,,,US,transplant_or_immunocompromised,allogeneic hematopoietic cell transplant recipients,,,,,primary,1.0,5.513
SAMN13273262,PRJNA1464738,,,,,,US,transplant_or_immunocompromised,allogeneic hematopoietic cell transplant recipients,,,,,primary,1.0,4.798
SAMN13273294,PRJNA1464738,,,,,,US,transplant_or_immunocompromised,allogeneic hematopoietic cell transplant recipients,,,,,primary,1.0,4.268
SAMN13273320,PRJNA1464738,,,,,,US,transplant_or_immunocompromised,allogeneic hematopoietic cell transplant recipients,,,,,primary,2.0,7.222
SAMN13273321,PRJNA1464738,,,,,,US,transplant_or_immunocompromised,allogeneic hematopoietic cell transplant recipients,,,,,primary,1.0,4.64
SAMN13273337,PRJNA1464738,,,,,,US,transplant_or_immunocompromised,allogeneic hematopoietic cell transplant recipients,,,,,primary,1.0,3.346
SAMN13273338,PRJNA1464738,,,,,,US,transplant_or_immunocompromised,allogeneic hematopoietic cell transplant recipients,,,,,primary,1.0,4.691
SAMN13273339,PRJNA1464738,,,,,,US,transplant_or_immunocompromised,allogeneic hematopoietic cell transplant recipients,,,,,primary,1.0,5.422
SAMN13273340,PRJNA1464738,,,,,,US,transplant_or_immunocompromised,allogeneic hematopoietic cell transplant recipients,,,,,primary,1.0,5.184
SAMN13273341,PRJNA1464738,,,,,,US,transplant_or_immunocompromised,allogeneic hematopoietic cell transplant recipients,,,,,primary,1.0,4.154
SAMN13273342,PRJNA1464738,,,,,,US,transplant_or_immunocompromised,allogeneic hematopoietic cell transplant recipients,,,,,primary,1.0,3.781
SAMN13273343,PRJNA1464738,,,,,,US,transplant_or_immunocompromised,allogeneic hematopoietic cell transplant recipients,,,,,primary,1.0,5.6
SAMN13273406,PRJNA1464738,,,,,,US,transplant_or_immunocompromised,allogeneic hematopoietic cell transplant recipients,,,,,primary,1.0,5.874
SAMN13273464,PRJNA1464738,,,,,,US,transplant_or_immunocompromised,allogeneic hematopoietic cell transplant recipients,,,,,primary,1.0,4.116
SAMN13273468,PRJNA1464738,,,,,,US,transplant_or_immunocompromised,allogeneic hematopoietic cell transplant recipients,,,,,primary,1.0,2.788
SAMN13273470,PRJNA1464738,,,,,,US,transplant_or_immunocompromised,allogeneic hematopoietic cell transplant recipients,,,,,primary,1.0,4.646
SAMN13273474,PRJNA1464738,,,,,,US,transplant_or_immunocompromised,allogeneic hematopoietic cell transplant recipients,,,,,primary,1.0,4.217
SAMN13273476,PRJNA1464738,,,,,,US,transplant_or_immunocompromised,allogeneic hematopoietic cell transplant recipients,,,,,primary,1.0,2.652
SAMN13273478,PRJNA1464738,,,,,,US,transplant_or_immunocompromised,allogeneic hematopoietic cell transplant recipients,,,,,primary,1.0,3.956
SAMN13273480,PRJNA1464738,,,,,,US,transplant_or_immunocompromised,allogeneic hematopoietic cell transplant recipients,,,,,primary,1.0,4.65
SAMN13273482,PRJNA1464738,,,,,,US,transplant_or_immunocompromised,allogeneic hematopoietic cell transplant recipients,,,,,primary,1.0,1.196
SAMN13273484,PRJNA1464738,,,,,,US,transplant_or_immunocompromised,allogeneic hematopoietic cell transplant recipients,,,,,primary,1.0,3.598
SAMN13273486,PRJNA1464738,,,,,,US,transplant_or_immunocompromised,allogeneic hematopoietic cell transplant recipients,,,,,primary,1.0,5.626
SAMN13273496,PRJNA1464738,,,,,,US,transplant_or_immunocompromised,allogeneic hematopoietic cell transplant recipients,,,,,primary,1.0,4.185
SAMN13273497,PRJNA1464738,,,,,,US,transplant_or_immunocompromised,allogeneic hematopoietic cell transplant recipients,,,,,primary,1.0,3.986
SAMN13273499,PRJNA1464738,,,,,,US,transplant_or_immunocompromised,allogeneic hematopoietic cell transplant recipients,,,,,primary,1.0,3.307
SAMN13273501,PRJNA1464738,,,,,,US,transplant_or_immunocompromised,allogeneic hematopoietic cell transplant recipients,,,,,primary,1.0,3.989
SAMN13273502,PRJNA1464738,,,,,,US,transplant_or_immunocompromised,allogeneic hematopoietic cell transplant recipients,,,,,primary,1.0,4.792
SAMN13273503,PRJNA1464738,,,,,,US,transplant_or_immunocompromised,allogeneic hematopoietic cell transplant recipients,,,,,primary,1.0,2.919
SAMN13273504,PRJNA1464738,,,,,,US,transplant_or_immunocompromised,allogeneic hematopoietic cell transplant recipients,,,,,primary,1.0,4.313
SAMN13273505,PRJNA1464738,,,,,,US,transplant_or_immunocompromised,allogeneic hematopoietic cell transplant recipients,,,,,primary,1.0,3.925
SAMN13273506,PRJNA1464738,,,,,,US,transplant_or_immunocompromised,allogeneic hematopoietic cell transplant recipients,,,,,primary,1.0,4.837
SAMN13273507,PRJNA1464738,,,,,,US,transplant_or_immunocompromised,allogeneic hematopoietic cell transplant recipients,,,,,primary,1.0,4.905
SAMN13273554,PRJNA1464738,,,,,,US,transplant_or_immunocompromised,allogeneic hematopoietic cell transplant recipients,,,,,primary,2.0,15.224
SAMN13273630,PRJNA1464738,,,,,,US,transplant_or_immunocompromised,allogeneic hematopoietic cell transplant recipients,,,,,primary,2.0,1.293
SAMN13273664,PRJNA1464738,,,,,,US,transplant_or_immunocompromised,allogeneic hematopoietic cell transplant recipients,,,,,primary,1.0,6.587
SAMN13273672,PRJNA1464738,,,,,,US,transplant_or_immunocompromised,allogeneic hematopoietic cell transplant recipients,,,,,primary,2.0,8.571
SAMN13273732,PRJNA1464738,,,,,,US,transplant_or_immunocompromised,allogeneic hematopoietic cell transplant recipients,,,,,primary,1.0,5.458
SAMN13273747,PRJNA1464738,,,,,,US,transplant_or_immunocompromised,allogeneic hematopoietic cell transplant recipients,,,,,primary,1.0,4.367
SAMN13273809,PRJNA1464738,,,,,,US,transplant_or_immunocompromised,allogeneic hematopoietic cell transplant recipients,,,,,primary,1.0,5.678
SAMN13273872,PRJNA1464738,,,,,,US,transplant_or_immunocompromised,allogeneic hematopoietic cell transplant recipients,,,,,primary,1.0,5.004
SAMN13273935,PRJNA1464738,,,,,,US,transplant_or_immunocompromised,allogeneic hematopoietic cell transplant recipients,,,,,primary,1.0,5.759
SAMN13274655,PRJNA1464738,,,,,,US,transplant_or_immunocompromised,allogeneic hematopoietic cell transplant recipients,,,,,primary,1.0,4.983
SAMN13274700,PRJNA1464738,,,,,,US,transplant_or_immunocompromised,allogeneic hematopoietic cell transplant recipients,,,,,primary,1.0,4.245
SAMN13274798,PRJNA1464738,,,,,,US,transplant_or_immunocompromised,allogeneic hematopoietic cell transplant recipients,,,,,primary,2.0,15.4
SAMN13275749,PRJNA1464738,,,,,,US,transplant_or_immunocompromised,allogeneic hematopoietic cell transplant recipients,,,,,primary,2.0,7.254
SAMN13276269,PRJNA1464738,,,,,,US,transplant_or_immunocompromised,allogeneic hematopoietic cell transplant recipients,,,,,primary,2.0,12.373
SAMN13276394,PRJNA1464738,,,,,,US,transplant_or_immunocompromised,allogeneic hematopoietic cell transplant recipients,,,,,primary,2.0,14.198
SAMN13277158,PRJNA1464738,,,,,,US,transplant_or_immunocompromised,allogeneic hematopoietic cell transplant recipients,,,,,primary,1.0,5.328
SAMN13277218,PRJNA1464738,,,,,,US,transplant_or_immunocompromised,allogeneic hematopoietic cell transplant recipients,,,,,primary,1.0,0.005
SAMN13277219,PRJNA1464738,,,,,,US,transplant_or_immunocompromised,allogeneic hematopoietic cell transplant recipients,,,,,primary,1.0,0.047
SAMN13277725,PRJNA1464738,,,,,,US,transplant_or_immunocompromised,allogeneic hematopoietic cell transplant recipients,,,,,primary,2.0,10.352
SAMN13277853,PRJNA1464738,,,,,,US,transplant_or_immunocompromised,allogeneic hematopoietic cell transplant recipients,,,,,primary,2.0,18.068
SAMN13279202,PRJNA1464738,,,,,,US,transplant_or_immunocompromised,allogeneic hematopoietic cell transplant recipients,,,,,primary,1.0,5.041
SAMN13279203,PRJNA1464738,,,,,,US,transplant_or_immunocompromised,allogeneic hematopoietic cell transplant recipients,,,,,primary,1.0,4.018
SAMN13502424,PRJNA1464738,,,,,,US,transplant_or_immunocompromised,allogeneic hematopoietic cell transplant recipients,,,,,primary,1.0,2.955
SAMN13502429,PRJNA1464738,,,,,,US,transplant_or_immunocompromised,allogeneic hematopoietic cell transplant recipients,,,,,primary,1.0,6.817
SAMN13502434,PRJNA1464738,,,,,,US,transplant_or_immunocompromised,allogeneic hematopoietic cell transplant recipients,,,,,primary,1.0,6.098
SAMN13502441,PRJNA1464738,,,,,,US,transplant_or_immunocompromised,allogeneic hematopoietic cell transplant recipients,,,,,primary,2.0,0.688
SAMN13502442,PRJNA1464738,,,,,,US,transplant_or_immunocompromised,allogeneic hematopoietic cell transplant recipients,,,,,primary,1.0,0.055
SAMN13502469,PRJNA1464738,,,,,,US,transplant_or_immunocompromised,allogeneic hematopoietic cell transplant recipients,,,,,primary,2.0,10.381
SAMN13502504,PRJNA1464738,,,,,,US,transplant_or_immunocompromised,allogeneic hematopoietic cell transplant recipients,,,,,primary,3.0,28.683
SAMN13502507,PRJNA1464738,,,,,,US,transplant_or_immunocompromised,allogeneic hematopoietic cell transplant recipients,,,,,primary,1.0,1.032
SAMN13502508,PRJNA1464738,,,,,,US,transplant_or_immunocompromised,allogeneic hematopoietic cell transplant recipients,,,,,primary,1.0,0.333
SAMN13502509,PRJNA1464738,,,,,,US,transplant_or_immunocompromised,allogeneic hematopoietic cell transplant recipients,,,,,primary,1.0,7.091
SAMN13502511,PRJNA1464738,,,,,,US,transplant_or_immunocompromised,allogeneic hematopoietic cell transplant recipients,,,,,primary,1.0,0.054
SAMN13502512,PRJNA1464738,,,,,,US,transplant_or_immunocompromised,allogeneic hematopoietic cell transplant recipients,,,,,primary,1.0,0.18
SAMN14095747,PRJNA1464738,,,,,,US,transplant_or_immunocompromised,allogeneic hematopoietic cell transplant recipients,,,,,primary,1.0,1.048
SAMN14138793,PRJNA1464738,,,,,,US,transplant_or_immunocompromised,allogeneic hematopoietic cell transplant recipients,,,,,primary,1.0,0.262
SAMN14138830,PRJNA1464738,,,,,,US,transplant_or_immunocompromised,allogeneic hematopoietic cell transplant recipients,,,,,primary,2.0,11.995
SAMN14138845,PRJNA1464738,,,,,,US,transplant_or_immunocompromised,allogeneic hematopoietic cell transplant recipients,,,,,primary,2.0,15.168
SAMN14138876,PRJNA1464738,,,,,,US,transplant_or_immunocompromised,allogeneic hematopoietic cell transplant recipients,,,,,primary,2.0,13.551
SAMN14138881,PRJNA1464738,,,,,,US,transplant_or_immunocompromised,allogeneic hematopoietic cell transplant recipients,,,,,primary,2.0,15.465
SAMN14138885,PRJNA1464738,,,,,,US,transplant_or_immunocompromised,allogeneic hematopoietic cell transplant recipients,,,,,primary,1.0,4.659
SAMN14138886,PRJNA1464738,,,,,,US,transplant_or_immunocompromised,allogeneic hematopoietic cell transplant recipients,,,,,primary,1.0,5.678
SAMN14138887,PRJNA1464738,,,,,,US,transplant_or_immunocompromised,allogeneic hematopoietic cell transplant recipients,,,,,primary,1.0,4.884
SAMN14138888,PRJNA1464738,,,,,,US,transplant_or_immunocompromised,allogeneic hematopoietic cell transplant recipients,,,,,primary,1.0,4.893
SAMN14138889,PRJNA1464738,,,,,,US,transplant_or_immunocompromised,allogeneic hematopoietic cell transplant recipients,,,,,primary,1.0,6.261
SAMN14138890,PRJNA1464738,,,,,,US,transplant_or_immunocompromised,allogeneic hematopoietic cell transplant recipients,,,,,primary,1.0,4.631
SAMN14138891,PRJNA1464738,,,,,,US,transplant_or_immunocompromised,allogeneic hematopoietic cell transplant recipients,,,,,primary,1.0,5.557
SAMN14138892,PRJNA1464738,,,,,,US,transplant_or_immunocompromised,allogeneic hematopoietic cell transplant recipients,,,,,primary,1.0,5.608
SAMN14138903,PRJNA1464738,,,,,,US,transplant_or_immunocompromised,allogeneic hematopoietic cell transplant recipients,,,,,primary,2.0,8.761
SAMN14138911,PRJNA1464738,,,,,,US,transplant_or_immunocompromised,allogeneic hematopoietic cell transplant recipients,,,,,primary,1.0,8.345
SAMN14138913,PRJNA1464738,,,,,,US,transplant_or_immunocompromised,allogeneic hematopoietic cell transplant recipients,,,,,primary,2.0,10.03
SAMN14138917,PRJNA1464738,,,,,,US,transplant_or_immunocompromised,allogeneic hematopoietic cell transplant recipients,,,,,primary,1.0,6.846
SAMN14138918,PRJNA1464738,,,,,,US,transplant_or_immunocompromised,allogeneic hematopoietic cell transplant recipients,,,,,primary,1.0,2.448
SAMN14138919,PRJNA1464738,,,,,,US,transplant_or_immunocompromised,allogeneic hematopoietic cell transplant recipients,,,,,primary,1.0,4.476
SAMN14138920,PRJNA1464738,,,,,,US,transplant_or_immunocompromised,allogeneic hematopoietic cell transplant recipients,,,,,primary,1.0,3.802
SAMN14138922,PRJNA1464738,,,,,,US,transplant_or_immunocompromised,allogeneic hematopoietic cell transplant recipients,,,,,primary,1.0,4.557
SAMN14138923,PRJNA1464738,,,,,,US,transplant_or_immunocompromised,allogeneic hematopoietic cell transplant recipients,,,,,primary,1.0,4.942
SAMN14138924,PRJNA1464738,,,,,,US,transplant_or_immunocompromised,allogeneic hematopoietic cell transplant recipients,,,,,primary,1.0,4.762
SAMN14138927,PRJNA1464738,,,,,,US,transplant_or_immunocompromised,allogeneic hematopoietic cell transplant recipients,,,,,primary,1.0,1.608
SAMN14138928,PRJNA1464738,,,,,,US,transplant_or_immunocompromised,allogeneic hematopoietic cell transplant recipients,,,,,primary,1.0,1.356
SAMN14138929,PRJNA1464738,,,,,,US,transplant_or_immunocompromised,allogeneic hematopoietic cell transplant recipients,,,,,primary,1.0,1.78
SAMN14138930,PRJNA1464738,,,,,,US,transplant_or_immunocompromised,allogeneic hematopoietic cell transplant recipients,,,,,primary,1.0,3.305
SAMN14138931,PRJNA1464738,,,,,,US,transplant_or_immunocompromised,allogeneic hematopoietic cell transplant recipients,,,,,primary,1.0,3.87
SAMN14138933,PRJNA1464738,,,,,,US,transplant_or_immunocompromised,allogeneic hematopoietic cell transplant recipients,,,,,primary,1.0,3.653
SAMN14138944,PRJNA1464738,,,,,,US,transplant_or_immunocompromised,allogeneic hematopoietic cell transplant recipients,,,,,primary,2.0,14.932
SAMN14138962,PRJNA1464738,,,,,,US,transplant_or_immunocompromised,allogeneic hematopoietic cell transplant recipients,,,,,primary,2.0,19.509
SAMN14138964,PRJNA1464738,,,,,,US,transplant_or_immunocompromised,allogeneic hematopoietic cell transplant recipients,,,,,primary,1.0,3.049
SAMN14138965,PRJNA1464738,,,,,,US,transplant_or_immunocompromised,allogeneic hematopoietic cell transplant recipients,,,,,primary,1.0,2.683
SAMN14138968,PRJNA1464738,,,,,,US,transplant_or_immunocompromised,allogeneic hematopoietic cell transplant recipients,,,,,primary,1.0,2.742
SAMN14138969,PRJNA1464738,,,,,,US,transplant_or_immunocompromised,allogeneic hematopoietic cell transplant recipients,,,,,primary,1.0,4.494
SAMN14138970,PRJNA1464738,,,,,,US,transplant_or_immunocompromised,allogeneic hematopoietic cell transplant recipients,,,,,primary,1.0,5.033
SAMN14138971,PRJNA1464738,,,,,,US,transplant_or_immunocompromised,allogeneic hematopoietic cell transplant recipients,,,,,primary,1.0,5.408
SAMN14138975,PRJNA1464738,,,,,,US,transplant_or_immunocompromised,allogeneic hematopoietic cell transplant recipients,,,,,primary,1.0,4.25
SAMN14138979,PRJNA1464738,,,,,,US,transplant_or_immunocompromised,allogeneic hematopoietic cell transplant recipients,,,,,primary,1.0,2.298
SAMN14138991,PRJNA1464738,,,,,,US,transplant_or_immunocompromised,allogeneic hematopoietic cell transplant recipients,,,,,primary,1.0,4.466
SAMN14138994,PRJNA1464738,,,,,,US,transplant_or_immunocompromised,allogeneic hematopoietic cell transplant recipients,,,,,primary,1.0,4.328
SAMN14138995,PRJNA1464738,,,,,,US,transplant_or_immunocompromised,allogeneic hematopoietic cell transplant recipients,,,,,primary,1.0,6.63
SAMN14138996,PRJNA1464738,,,,,,US,transplant_or_immunocompromised,allogeneic hematopoietic cell transplant recipients,,,,,primary,1.0,5.174
SAMN14138998,PRJNA1464738,,,,,,US,transplant_or_immunocompromised,allogeneic hematopoietic cell transplant recipients,,,,,primary,1.0,3.209
SAMN14138999,PRJNA1464738,,,,,,US,transplant_or_immunocompromised,allogeneic hematopoietic cell transplant recipients,,,,,primary,1.0,3.962
SAMN14139013,PRJNA1464738,,,,,,US,transplant_or_immunocompromised,allogeneic hematopoietic cell transplant recipients,,,,,primary,1.0,7.419
SAMN14139022,PRJNA1464738,,,,,,US,transplant_or_immunocompromised,allogeneic hematopoietic cell transplant recipients,,,,,primary,1.0,1.333
SAMN14139034,PRJNA1464738,,,,,,US,transplant_or_immunocompromised,allogeneic hematopoietic cell transplant recipients,,,,,primary,2.0,10.639
SAMN14139037,PRJNA1464738,,,,,,US,transplant_or_immunocompromised,allogeneic hematopoietic cell transplant recipients,,,,,primary,1.0,2.356
SAMN14139038,PRJNA1464738,,,,,,US,transplant_or_immunocompromised,allogeneic hematopoietic cell transplant recipients,,,,,primary,1.0,1.681
SAMN14139042,PRJNA1464738,,,,,,US,transplant_or_immunocompromised,allogeneic hematopoietic cell transplant recipients,,,,,primary,1.0,1.751
SAMN14139043,PRJNA1464738,,,,,,US,transplant_or_immunocompromised,allogeneic hematopoietic cell transplant recipients,,,,,primary,1.0,2.186
SAMN14139044,PRJNA1464738,,,,,,US,transplant_or_immunocompromised,allogeneic hematopoietic cell transplant recipients,,,,,primary,1.0,1.715
SAMN14139045,PRJNA1464738,,,,,,US,transplant_or_immunocompromised,allogeneic hematopoietic cell transplant recipients,,,,,primary,1.0,2.176
SAMN14139046,PRJNA1464738,,,,,,US,transplant_or_immunocompromised,allogeneic hematopoietic cell transplant recipients,,,,,primary,1.0,1.597
SAMN14139047,PRJNA1464738,,,,,,US,transplant_or_immunocompromised,allogeneic hematopoietic cell transplant recipients,,,,,primary,1.0,2.911
SAMN14139049,PRJNA1464738,,,,,,US,transplant_or_immunocompromised,allogeneic hematopoietic cell transplant recipients,,,,,primary,1.0,2.215
SAMN14139051,PRJNA1464738,,,,,,US,transplant_or_immunocompromised,allogeneic hematopoietic cell transplant recipients,,,,,primary,1.0,2.487
SAMN14139052,PRJNA1464738,,,,,,US,transplant_or_immunocompromised,allogeneic hematopoietic cell transplant recipients,,,,,primary,1.0,2.992
SAMN14139054,PRJNA1464738,,,,,,US,transplant_or_immunocompromised,allogeneic hematopoietic cell transplant recipients,,,,,primary,1.0,7.841
SAMN14139055,PRJNA1464738,,,,,,US,transplant_or_immunocompromised,allogeneic hematopoietic cell transplant recipients,,,,,primary,2.0,10.459
SAMN14139060,PRJNA1464738,,,,,,US,transplant_or_immunocompromised,allogeneic hematopoietic cell transplant recipients,,,,,primary,1.0,3.222
SAMN14139062,PRJNA1464738,,,,,,US,transplant_or_immunocompromised,allogeneic hematopoietic cell transplant recipients,,,,,primary,1.0,6.086
SAMN14139084,PRJNA1464738,,,,,,US,transplant_or_immunocompromised,allogeneic hematopoietic cell transplant recipients,,,,,primary,1.0,5.099
SAMN14139085,PRJNA1464738,,,,,,US,transplant_or_immunocompromised,allogeneic hematopoietic cell transplant recipients,,,,,primary,1.0,4.728
SAMN14139086,PRJNA1464738,,,,,,US,transplant_or_immunocompromised,allogeneic hematopoietic cell transplant recipients,,,,,primary,1.0,5.026
SAMN14139090,PRJNA1464738,,,,,,US,transplant_or_immunocompromised,allogeneic hematopoietic cell transplant recipients,,,,,primary,1.0,3.051
SAMN14139106,PRJNA1464738,,,,,,US,transplant_or_immunocompromised,allogeneic hematopoietic cell transplant recipients,,,,,primary,1.0,3.645
SAMN14139107,PRJNA1464738,,,,,,US,transplant_or_immunocompromised,allogeneic hematopoietic cell transplant recipients,,,,,primary,1.0,2.541
SAMN14139108,PRJNA1464738,,,,,,US,transplant_or_immunocompromised,allogeneic hematopoietic cell transplant recipients,,,,,primary,1.0,1.972
SAMN14139140,PRJNA1464738,,,,,,US,transplant_or_immunocompromised,allogeneic hematopoietic cell transplant recipients,,,,,primary,1.0,7.13
SAMN14139141,PRJNA1464738,,,,,,US,transplant_or_immunocompromised,allogeneic hematopoietic cell transplant recipients,,,,,primary,1.0,6.724
SAMN14139146,PRJNA1464738,,,,,,US,transplant_or_immunocompromised,allogeneic hematopoietic cell transplant recipients,,,,,primary,1.0,4.602
SAMN14139147,PRJNA1464738,,,,,,US,transplant_or_immunocompromised,allogeneic hematopoietic cell transplant recipients,,,,,primary,2.0,12.031
SAMN14139165,PRJNA1464738,,,,,,US,transplant_or_immunocompromised,allogeneic hematopoietic cell transplant recipients,,,,,primary,1.0,5.626
SAMN14139166,PRJNA1464738,,,,,,US,transplant_or_immunocompromised,allogeneic hematopoietic cell transplant recipients,,,,,primary,1.0,3.691
SAMN14139167,PRJNA1464738,,,,,,US,transplant_or_immunocompromised,allogeneic hematopoietic cell transplant recipients,,,,,primary,1.0,4.721
SAMN14139168,PRJNA1464738,,,,,,US,transplant_or_immunocompromised,allogeneic hematopoietic cell transplant recipients,,,,,primary,1.0,5.659
SAMN14139178,PRJNA1464738,,,,,,US,transplant_or_immunocompromised,allogeneic hematopoietic cell transplant recipients,,,,,primary,1.0,3.011
SAMN14139187,PRJNA1464738,,,,,,US,transplant_or_immunocompromised,allogeneic hematopoietic cell transplant recipients,,,,,primary,1.0,5.642
SAMN14139188,PRJNA1464738,,,,,,US,transplant_or_immunocompromised,allogeneic hematopoietic cell transplant recipients,,,,,primary,2.0,16.166
SAMN14139198,PRJNA1464738,,,,,,US,transplant_or_immunocompromised,allogeneic hematopoietic cell transplant recipients,,,,,primary,5.0,9.468
SAMN14139201,PRJNA1464738,,,,,,US,transplant_or_immunocompromised,allogeneic hematopoietic cell transplant recipients,,,,,primary,1.0,7.981
SAMN14139204,PRJNA1464738,,,,,,US,transplant_or_immunocompromised,allogeneic hematopoietic cell transplant recipients,,,,,primary,1.0,3.356
SAMN14139206,PRJNA1464738,,,,,,US,transplant_or_immunocompromised,allogeneic hematopoietic cell transplant recipients,,,,,primary,1.0,2.826
SAMN14139211,PRJNA1464738,,,,,,US,transplant_or_immunocompromised,allogeneic hematopoietic cell transplant recipients,,,,,primary,1.0,4.934
SAMN14139219,PRJNA1464738,,,,,,US,transplant_or_immunocompromised,allogeneic hematopoietic cell transplant recipients,,,,,primary,2.0,12.515
SAMN14139220,PRJNA1464738,,,,,,US,transplant_or_immunocompromised,allogeneic hematopoietic cell transplant recipients,,,,,primary,1.0,1.624
SAMN14139222,PRJNA1464738,,,,,,US,transplant_or_immunocompromised,allogeneic hematopoietic cell transplant recipients,,,,,primary,1.0,1.055
SAMN14139224,PRJNA1464738,,,,,,US,transplant_or_immunocompromised,allogeneic hematopoietic cell transplant recipients,,,,,primary,1.0,7.486
SAMN14139225,PRJNA1464738,,,,,,US,transplant_or_immunocompromised,allogeneic hematopoietic cell transplant recipients,,,,,primary,1.0,5.49
SAMN14139227,PRJNA1464738,,,,,,US,transplant_or_immunocompromised,allogeneic hematopoietic cell transplant recipients,,,,,primary,1.0,3.441
SAMN14139234,PRJNA1464738,,,,,,US,transplant_or_immunocompromised,allogeneic hematopoietic cell transplant recipients,,,,,primary,2.0,18.73
SAMN14139254,PRJNA1464738,,,,,,US,transplant_or_immunocompromised,allogeneic hematopoietic cell transplant recipients,,,,,primary,1.0,0.05
SAMN14139255,PRJNA1464738,,,,,,US,transplant_or_immunocompromised,allogeneic hematopoietic cell transplant recipients,,,,,primary,1.0,6.367
SAMN14139257,PRJNA1464738,,,,,,US,transplant_or_immunocompromised,allogeneic hematopoietic cell transplant recipients,,,,,primary,1.0,6.359
SAMN14139258,PRJNA1464738,,,,,,US,transplant_or_immunocompromised,allogeneic hematopoietic cell transplant recipients,,,,,primary,1.0,7.358
SAMN14139266,PRJNA1464738,,,,,,US,transplant_or_immunocompromised,allogeneic hematopoietic cell transplant recipients,,,,,primary,2.0,15.561
SAMN14139275,PRJNA1464738,,,,,,US,transplant_or_immunocompromised,allogeneic hematopoietic cell transplant recipients,,,,,primary,1.0,5.384
SAMN14139296,PRJNA1464738,,,,,,US,transplant_or_immunocompromised,allogeneic hematopoietic cell transplant recipients,,,,,primary,2.0,14.871
SAMN14139311,PRJNA1464738,,,,,,US,transplant_or_immunocompromised,allogeneic hematopoietic cell transplant recipients,,,,,primary,1.0,8.383
SAMN14139315,PRJNA1464738,,,,,,US,transplant_or_immunocompromised,allogeneic hematopoietic cell transplant recipients,,,,,primary,2.0,10.186
SAMN14139331,PRJNA1464738,,,,,,US,transplant_or_immunocompromised,allogeneic hematopoietic cell transplant recipients,,,,,primary,2.0,14.306
SAMN14139346,PRJNA1464738,,,,,,US,transplant_or_immunocompromised,allogeneic hematopoietic cell transplant recipients,,,,,primary,2.0,10.829
SAMN14139373,PRJNA1464738,,,,,,US,transplant_or_immunocompromised,allogeneic hematopoietic cell transplant recipients,,,,,primary,2.0,13.954
SAMN14139384,PRJNA1464738,,,,,,US,transplant_or_immunocompromised,allogeneic hematopoietic cell transplant recipients,,,,,primary,1.0,3.607
SAMN14139385,PRJNA1464738,,,,,,US,transplant_or_immunocompromised,allogeneic hematopoietic cell transplant recipients,,,,,primary,1.0,3.631
SAMN14139386,PRJNA1464738,,,,,,US,transplant_or_immunocompromised,allogeneic hematopoietic cell transplant recipients,,,,,primary,1.0,2.572
SAMN14139387,PRJNA1464738,,,,,,US,transplant_or_immunocompromised,allogeneic hematopoietic cell transplant recipients,,,,,primary,1.0,1.572
SAMN14139388,PRJNA1464738,,,,,,US,transplant_or_immunocompromised,allogeneic hematopoietic cell transplant recipients,,,,,primary,1.0,2.688
SAMN14139390,PRJNA1464738,,,,,,US,transplant_or_immunocompromised,allogeneic hematopoietic cell transplant recipients,,,,,primary,1.0,2.258
SAMN14139391,PRJNA1464738,,,,,,US,transplant_or_immunocompromised,allogeneic hematopoietic cell transplant recipients,,,,,primary,1.0,2.748
SAMN14139394,PRJNA1464738,,,,,,US,transplant_or_immunocompromised,allogeneic hematopoietic cell transplant recipients,,,,,primary,1.0,4.542
SAMN14139395,PRJNA1464738,,,,,,US,transplant_or_immunocompromised,allogeneic hematopoietic cell transplant recipients,,,,,primary,1.0,4.519
SAMN14139397,PRJNA1464738,,,,,,US,transplant_or_immunocompromised,allogeneic hematopoietic cell transplant recipients,,,,,primary,1.0,5.009
SAMN14139398,PRJNA1464738,,,,,,US,transplant_or_immunocompromised,allogeneic hematopoietic cell transplant recipients,,,,,primary,1.0,8.021
SAMN14139401,PRJNA1464738,,,,,,US,transplant_or_immunocompromised,allogeneic hematopoietic cell transplant recipients,,,,,primary,1.0,6.318
SAMN14139402,PRJNA1464738,,,,,,US,transplant_or_immunocompromised,allogeneic hematopoietic cell transplant recipients,,,,,primary,1.0,5.394
SAMN14139409,PRJNA1464738,,,,,,US,transplant_or_immunocompromised,allogeneic hematopoietic cell transplant recipients,,,,,primary,2.0,10.03
SAMN14139430,PRJNA1464738,,,,,,US,transplant_or_immunocompromised,allogeneic hematopoietic cell transplant recipients,,,,,primary,1.0,21.09
SAMN14139431,PRJNA1464738,,,,,,US,transplant_or_immunocompromised,allogeneic hematopoietic cell transplant recipients,,,,,primary,1.0,4.048
SAMN14139434,PRJNA1464738,,,,,,US,transplant_or_immunocompromised,allogeneic hematopoietic cell transplant recipients,,,,,primary,1.0,2.506
SAMN14139470,PRJNA1464738,,,,,,US,transplant_or_immunocompromised,allogeneic hematopoietic cell transplant recipients,,,,,primary,2.0,16.065
SAMN14139486,PRJNA1464738,,,,,,US,transplant_or_immunocompromised,allogeneic hematopoietic cell transplant recipients,,,,,primary,1.0,5.663
SAMN14139551,PRJNA1464738,,,,,,US,transplant_or_immunocompromised,allogeneic hematopoietic cell transplant recipients,,,,,primary,1.0,5.025
SAMN14139552,PRJNA1464738,,,,,,US,transplant_or_immunocompromised,allogeneic hematopoietic cell transplant recipients,,,,,primary,1.0,6.388
SAMN14139554,PRJNA1464738,,,,,,US,transplant_or_immunocompromised,allogeneic hematopoietic cell transplant recipients,,,,,primary,1.0,4.875
SAMN14139555,PRJNA1464738,,,,,,US,transplant_or_immunocompromised,allogeneic hematopoietic cell transplant recipients,,,,,primary,1.0,6.64
SAMN14139557,PRJNA1464738,,,,,,US,transplant_or_immunocompromised,allogeneic hematopoietic cell transplant recipients,,,,,primary,2.0,9.192
SAMN14139579,PRJNA1464738,,,,,,US,transplant_or_immunocompromised,allogeneic hematopoietic cell transplant recipients,,,,,primary,1.0,5.512
SAMN14139583,PRJNA1464738,,,,,,US,transplant_or_immunocompromised,allogeneic hematopoietic cell transplant recipients,,,,,primary,1.0,2.161
SAMN14139592,PRJNA1464738,,,,,,US,transplant_or_immunocompromised,allogeneic hematopoietic cell transplant recipients,,,,,primary,1.0,5.248
SAMN14139598,PRJNA1464738,,,,,,US,transplant_or_immunocompromised,allogeneic hematopoietic cell transplant recipients,,,,,primary,1.0,0.33
SAMN14139599,PRJNA1464738,,,,,,US,transplant_or_immunocompromised,allogeneic hematopoietic cell transplant recipients,,,,,primary,1.0,0.712
SAMN14139600,PRJNA1464738,,,,,,US,transplant_or_immunocompromised,allogeneic hematopoietic cell transplant recipients,,,,,primary,1.0,0.73
SAMN14139627,PRJNA1464738,,,,,,US,transplant_or_immunocompromised,allogeneic hematopoietic cell transplant recipients,,,,,primary,1.0,2.683
SAMN14139628,PRJNA1464738,,,,,,US,transplant_or_immunocompromised,allogeneic hematopoietic cell transplant recipients,,,,,primary,1.0,2.774
SAMN14139629,PRJNA1464738,,,,,,US,transplant_or_immunocompromised,allogeneic hematopoietic cell transplant recipients,,,,,primary,1.0,2.958
SAMN14139630,PRJNA1464738,,,,,,US,transplant_or_immunocompromised,allogeneic hematopoietic cell transplant recipients,,,,,primary,1.0,4.347
SAMN14139631,PRJNA1464738,,,,,,US,transplant_or_immunocompromised,allogeneic hematopoietic cell transplant recipients,,,,,primary,1.0,4.178
SAMN14139632,PRJNA1464738,,,,,,US,transplant_or_immunocompromised,allogeneic hematopoietic cell transplant recipients,,,,,primary,1.0,2.514
SAMN14139633,PRJNA1464738,,,,,,US,transplant_or_immunocompromised,allogeneic hematopoietic cell transplant recipients,,,,,primary,1.0,5.127
SAMN14139634,PRJNA1464738,,,,,,US,transplant_or_immunocompromised,allogeneic hematopoietic cell transplant recipients,,,,,primary,1.0,3.828
SAMN14139635,PRJNA1464738,,,,,,US,transplant_or_immunocompromised,allogeneic hematopoietic cell transplant recipients,,,,,primary,1.0,4.17
SAMN14139637,PRJNA1464738,,,,,,US,transplant_or_immunocompromised,allogeneic hematopoietic cell transplant recipients,,,,,primary,1.0,3.492
SAMN14139638,PRJNA1464738,,,,,,US,transplant_or_immunocompromised,allogeneic hematopoietic cell transplant recipients,,,,,primary,1.0,3.924
SAMN14139640,PRJNA1464738,,,,,,US,transplant_or_immunocompromised,allogeneic hematopoietic cell transplant recipients,,,,,primary,1.0,6.421
SAMN14139642,PRJNA1464738,,,,,,US,transplant_or_immunocompromised,allogeneic hematopoietic cell transplant recipients,,,,,primary,1.0,5.784
SAMN14139660,PRJNA1464738,,,,,,US,transplant_or_immunocompromised,allogeneic hematopoietic cell transplant recipients,,,,,primary,1.0,5.623
SAMN14139661,PRJNA1464738,,,,,,US,transplant_or_immunocompromised,allogeneic hematopoietic cell transplant recipients,,,,,primary,1.0,5.783
SAMN14139663,PRJNA1464738,,,,,,US,transplant_or_immunocompromised,allogeneic hematopoietic cell transplant recipients,,,,,primary,1.0,6.328
SAMN14139665,PRJNA1464738,,,,,,US,transplant_or_immunocompromised,allogeneic hematopoietic cell transplant recipients,,,,,primary,1.0,3.367
SAMN14140774,PRJNA1464738,,,,,,US,transplant_or_immunocompromised,allogeneic hematopoietic cell transplant recipients,,,,,primary,1.0,5.123
SAMN14140778,PRJNA1464738,,,,,,US,transplant_or_immunocompromised,allogeneic hematopoietic cell transplant recipients,,,,,primary,1.0,2.578
SAMN14140781,PRJNA1464738,,,,,,US,transplant_or_immunocompromised,allogeneic hematopoietic cell transplant recipients,,,,,primary,1.0,11.266
SAMN14140806,PRJNA1464738,,,,,,US,transplant_or_immunocompromised,allogeneic hematopoietic cell transplant recipients,,,,,primary,2.0,12.096
SAMN14140835,PRJNA1464738,,,,,,US,transplant_or_immunocompromised,allogeneic hematopoietic cell transplant recipients,,,,,primary,1.0,5.019
SAMN14140841,PRJNA1464738,,,,,,US,transplant_or_immunocompromised,allogeneic hematopoietic cell transplant recipients,,,,,primary,1.0,4.262
SAMN14140845,PRJNA1464738,,,,,,US,transplant_or_immunocompromised,allogeneic hematopoietic cell transplant recipients,,,,,primary,2.0,10.241
SAMN14140868,PRJNA1464738,,,,,,US,transplant_or_immunocompromised,allogeneic hematopoietic cell transplant recipients,,,,,primary,1.0,5.389
SAMN14140883,PRJNA1464738,,,,,,US,transplant_or_immunocompromised,allogeneic hematopoietic cell transplant recipients,,,,,primary,1.0,4.204
SAMN14140890,PRJNA1464738,,,,,,US,transplant_or_immunocompromised,allogeneic hematopoietic cell transplant recipients,,,,,primary,1.0,6.236
SAMN14140892,PRJNA1464738,,,,,,US,transplant_or_immunocompromised,allogeneic hematopoietic cell transplant recipients,,,,,primary,1.0,4.427
SAMN14140918,PRJNA1464738,,,,,,US,transplant_or_immunocompromised,allogeneic hematopoietic cell transplant recipients,,,,,primary,2.0,11.469
SAMN14140922,PRJNA1464738,,,,,,US,transplant_or_immunocompromised,allogeneic hematopoietic cell transplant recipients,,,,,primary,2.0,13.214
SAMN14140935,PRJNA1464738,,,,,,US,transplant_or_immunocompromised,allogeneic hematopoietic cell transplant recipients,,,,,primary,1.0,5.121
SAMN14140940,PRJNA1464738,,,,,,US,transplant_or_immunocompromised,allogeneic hematopoietic cell transplant recipients,,,,,primary,1.0,4.54
SAMN14140950,PRJNA1464738,,,,,,US,transplant_or_immunocompromised,allogeneic hematopoietic cell transplant recipients,,,,,primary,2.0,13.815
SAMN14140971,PRJNA1464738,,,,,,US,transplant_or_immunocompromised,allogeneic hematopoietic cell transplant recipients,,,,,primary,1.0,10.477
SAMN14141012,PRJNA1464738,,,,,,US,transplant_or_immunocompromised,allogeneic hematopoietic cell transplant recipients,,,,,primary,1.0,10.925
SAMN14141019,PRJNA1464738,,,,,,US,transplant_or_immunocompromised,allogeneic hematopoietic cell transplant recipients,,,,,primary,1.0,11.478
SAMN14141022,PRJNA1464738,,,,,,US,transplant_or_immunocompromised,allogeneic hematopoietic cell transplant recipients,,,,,primary,1.0,14.259
SAMN14141024,PRJNA1464738,,,,,,US,transplant_or_immunocompromised,allogeneic hematopoietic cell transplant recipients,,,,,primary,1.0,8.477
SAMN14141030,PRJNA1464738,,,,,,US,transplant_or_immunocompromised,allogeneic hematopoietic cell transplant recipients,,,,,primary,2.0,10.854
SAMN14141035,PRJNA1464738,,,,,,US,transplant_or_immunocompromised,allogeneic hematopoietic cell transplant recipients,,,,,primary,2.0,6.896
SAMN14141039,PRJNA1464738,,,,,,US,transplant_or_immunocompromised,allogeneic hematopoietic cell transplant recipients,,,,,primary,1.0,4.262
SAMN14141056,PRJNA1464738,,,,,,US,transplant_or_immunocompromised,allogeneic hematopoietic cell transplant recipients,,,,,primary,2.0,16.27
SAMN14141067,PRJNA1464738,,,,,,US,transplant_or_immunocompromised,allogeneic hematopoietic cell transplant recipients,,,,,primary,1.0,4.003
SAMN14141082,PRJNA1464738,,,,,,US,transplant_or_immunocompromised,allogeneic hematopoietic cell transplant recipients,,,,,primary,1.0,4.276
SAMN14141097,PRJNA1464738,,,,,,US,transplant_or_immunocompromised,allogeneic hematopoietic cell transplant recipients,,,,,primary,2.0,17.757
SAMN14141100,PRJNA1464738,,,,,,US,transplant_or_immunocompromised,allogeneic hematopoietic cell transplant recipients,,,,,primary,1.0,4.738
SAMN14141124,PRJNA1464738,,,,,,US,transplant_or_immunocompromised,allogeneic hematopoietic cell transplant recipients,,,,,primary,1.0,3.487
SAMN14141126,PRJNA1464738,,,,,,US,transplant_or_immunocompromised,allogeneic hematopoietic cell transplant recipients,,,,,primary,1.0,4.118
SAMN14141127,PRJNA1464738,,,,,,US,transplant_or_immunocompromised,allogeneic hematopoietic cell transplant recipients,,,,,primary,2.0,7.092
SAMN14141137,PRJNA1464738,,,,,,US,transplant_or_immunocompromised,allogeneic hematopoietic cell transplant recipients,,,,,primary,1.0,5.548
SAMN14141139,PRJNA1464738,,,,,,US,transplant_or_immunocompromised,allogeneic hematopoietic cell transplant recipients,,,,,primary,1.0,5.117
SAMN14141140,PRJNA1464738,,,,,,US,transplant_or_immunocompromised,allogeneic hematopoietic cell transplant recipients,,,,,primary,1.0,5.055
SAMN14141165,PRJNA1464738,,,,,,US,transplant_or_immunocompromised,allogeneic hematopoietic cell transplant recipients,,,,,primary,1.0,5.094
SAMN14141205,PRJNA1464738,,,,,,US,transplant_or_immunocompromised,allogeneic hematopoietic cell transplant recipients,,,,,primary,1.0,6.555
SAMN14141211,PRJNA1464738,,,,,,US,transplant_or_immunocompromised,allogeneic hematopoietic cell transplant recipients,,,,,primary,2.0,9.202
SAMN14141216,PRJNA1464738,,,,,,US,transplant_or_immunocompromised,allogeneic hematopoietic cell transplant recipients,,,,,primary,1.0,0.058
SAMN14141217,PRJNA1464738,,,,,,US,transplant_or_immunocompromised,allogeneic hematopoietic cell transplant recipients,,,,,primary,1.0,0.378
SAMN14141223,PRJNA1464738,,,,,,US,transplant_or_immunocompromised,allogeneic hematopoietic cell transplant recipients,,,,,primary,1.0,11.314
SAMN14141225,PRJNA1464738,,,,,,US,transplant_or_immunocompromised,allogeneic hematopoietic cell transplant recipients,,,,,primary,1.0,3.716
SAMN14141233,PRJNA1464738,,,,,,US,transplant_or_immunocompromised,allogeneic hematopoietic cell transplant recipients,,,,,primary,1.0,11.019
SAMN14141234,PRJNA1464738,,,,,,US,transplant_or_immunocompromised,allogeneic hematopoietic cell transplant recipients,,,,,primary,2.0,4.303
SAMN14141235,PRJNA1464738,,,,,,US,transplant_or_immunocompromised,allogeneic hematopoietic cell transplant recipients,,,,,primary,2.0,48.785
SAMN14141236,PRJNA1464738,,,,,,US,transplant_or_immunocompromised,allogeneic hematopoietic cell transplant recipients,,,,,primary,1.0,6.284
SAMN14141237,PRJNA1464738,,,,,,US,transplant_or_immunocompromised,allogeneic hematopoietic cell transplant recipients,,,,,primary,2.0,25.12
SAMN14141240,PRJNA1464738,,,,,,US,transplant_or_immunocompromised,allogeneic hematopoietic cell transplant recipients,,,,,primary,1.0,5.545
SAMN14141265,PRJNA1464738,,,,,,US,transplant_or_immunocompromised,allogeneic hematopoietic cell transplant recipients,,,,,primary,1.0,0.148
SAMN14141269,PRJNA1464738,,,,,,US,transplant_or_immunocompromised,allogeneic hematopoietic cell transplant recipients,,,,,primary,1.0,0.274
SAMN14141272,PRJNA1464738,,,,,,US,transplant_or_immunocompromised,allogeneic hematopoietic cell transplant recipients,,,,,primary,2.0,20.094
SAMN14141294,PRJNA1464738,,,,,,US,transplant_or_immunocompromised,allogeneic hematopoietic cell transplant recipients,,,,,primary,2.0,12.987
SAMN14141295,PRJNA1464738,,,,,,US,transplant_or_immunocompromised,allogeneic hematopoietic cell transplant recipients,,,,,primary,1.0,4.094
SAMN14141301,PRJNA1464738,,,,,,US,transplant_or_immunocompromised,allogeneic hematopoietic cell transplant recipients,,,,,primary,2.0,13.363
SAMN14141302,PRJNA1464738,,,,,,US,transplant_or_immunocompromised,allogeneic hematopoietic cell transplant recipients,,,,,primary,1.0,4.561
SAMN14141340,PRJNA1464738,,,,,,US,transplant_or_immunocompromised,allogeneic hematopoietic cell transplant recipients,,,,,primary,1.0,6.784
SAMN14141355,PRJNA1464738,,,,,,US,transplant_or_immunocompromised,allogeneic hematopoietic cell transplant recipients,,,,,primary,1.0,4.425
SAMN14141356,PRJNA1464738,,,,,,US,transplant_or_immunocompromised,allogeneic hematopoietic cell transplant recipients,,,,,primary,1.0,3.649
SAMN14141393,PRJNA1464738,,,,,,US,transplant_or_immunocompromised,allogeneic hematopoietic cell transplant recipients,,,,,primary,1.0,3.797
SAMN14141436,PRJNA1464738,,,,,,US,transplant_or_immunocompromised,allogeneic hematopoietic cell transplant recipients,,,,,primary,1.0,3.909
SAMN14141438,PRJNA1464738,,,,,,US,transplant_or_immunocompromised,allogeneic hematopoietic cell transplant recipients,,,,,primary,1.0,0.127
SAMN14141443,PRJNA1464738,,,,,,US,transplant_or_immunocompromised,allogeneic hematopoietic cell transplant recipients,,,,,primary,1.0,0.299
SAMN14141569,PRJNA1464738,,,,,,US,transplant_or_immunocompromised,allogeneic hematopoietic cell transplant recipients,,,,,primary,1.0,5.878
SAMN14141571,PRJNA1464738,,,,,,US,transplant_or_immunocompromised,allogeneic hematopoietic cell transplant recipients,,,,,primary,1.0,3.532
SAMN14141572,PRJNA1464738,,,,,,US,transplant_or_immunocompromised,allogeneic hematopoietic cell transplant recipients,,,,,primary,1.0,5.007
SAMN14141573,PRJNA1464738,,,,,,US,transplant_or_immunocompromised,allogeneic hematopoietic cell transplant recipients,,,,,primary,1.0,5.372
SAMN14141574,PRJNA1464738,,,,,,US,transplant_or_immunocompromised,allogeneic hematopoietic cell transplant recipients,,,,,primary,1.0,4.632
SAMN14431730,PRJNA1464738,,,,,,US,transplant_or_immunocompromised,allogeneic hematopoietic cell transplant recipients,,,,,primary,1.0,6.191
SAMN14431746,PRJNA1464738,,,,,,US,transplant_or_immunocompromised,allogeneic hematopoietic cell transplant recipients,,,,,primary,1.0,5.67
SAMN14431960,PRJNA1464738,,,,,,US,transplant_or_immunocompromised,allogeneic hematopoietic cell transplant recipients,,,,,primary,1.0,6.298
