sample_key,study_accession,subject_id,timepoint_label,age_category,age_at_collection_days,sex,country,health_condition,health_condition_detail,intervention,intervention_detail,antibiotic_exposure,collection_date,body_site_class,n_runs,seq_gbp
SAMN21447445,PRJNA763692,,,,,,CN,,,,,,2020-09,primary,1.0,102.595
SAMN21447446,PRJNA763692,,,,,,CN,,,,,,2020-09,primary,1.0,102.507
SAMN21447447,PRJNA763692,,,,,,CN,,,,,,2020-09,primary,1.0,114.252
SAMN21447448,PRJNA763692,,,,,,CN,,,,,,2020-09,primary,1.0,104.015
SAMN21447449,PRJNA763692,,,,,,CN,,,,,,2020-09,primary,1.0,117.228
SAMN21447450,PRJNA763692,,,,,,CN,,,,,,2020-09,primary,1.0,105.419
SAMN21447451,PRJNA763692,,,,,,CN,,,,,,2020-09,primary,1.0,97.672
SAMN21447452,PRJNA763692,,,,,,CN,,,,,,2020-09,primary,1.0,122.708
SAMN21447453,PRJNA763692,,,,,,CN,,,,,,2020-09,primary,1.0,123.295
SAMN21447454,PRJNA763692,,,,,,CN,,,,,,2020-09,primary,1.0,97.197
SAMN21447455,PRJNA763692,,,,,,CN,,,,,,2020-09,primary,1.0,117.927
SAMN21447456,PRJNA763692,,,,,,CN,,,,,,2020-09,primary,1.0,97.795
SAMN21447457,PRJNA763692,,,,,,CN,,,,,,2020-09,primary,1.0,96.946
SAMN21447458,PRJNA763692,,,,,,CN,,,,,,2020-09,primary,1.0,119.455
SAMN21447459,PRJNA763692,,,,,,CN,,,,,,2020-09,primary,1.0,93.89
SAMN21447460,PRJNA763692,,,,,,CN,,,,,,2020-09,primary,1.0,88.667
SAMN21447461,PRJNA763692,,,,,,CN,,,,,,2020-09,primary,1.0,117.458
SAMN21447462,PRJNA763692,,,,,,CN,,,,,,2020-09,primary,1.0,114.602
SAMN21447463,PRJNA763692,,,,,,CN,,,,,,2020-09,primary,1.0,108.76
SAMN21447464,PRJNA763692,,,,,,CN,,,,,,2020-09,primary,1.0,118.864
SAMN21447465,PRJNA763692,,,,,,CN,,,,,,2020-09,primary,1.0,102.36
SAMN21447466,PRJNA763692,,,,,,CN,,,,,,2020-09,primary,1.0,112.687
SAMN21447467,PRJNA763692,,,,,,CN,,,,,,2020-09,primary,1.0,115.478
SAMN21447468,PRJNA763692,,,,,,CN,,,,,,2020-09,primary,1.0,100.004
SAMN21447469,PRJNA763692,,,,,,CN,,,,,,2020-09,primary,1.0,95.229
SAMN21447470,PRJNA763692,,,,,,CN,,,,,,2020-09,primary,1.0,107.856
SAMN21447471,PRJNA763692,,,,,,CN,,,,,,2020-09,primary,1.0,108.32
SAMN21447472,PRJNA763692,,,,,,CN,,,,,,2020-09,primary,1.0,106.161
SAMN21447473,PRJNA763692,,,,,,CN,,,,,,2020-09,primary,1.0,126.116
SAMN21447474,PRJNA763692,,,,,,CN,,,,,,2020-09,primary,1.0,88.047
SAMN21447475,PRJNA763692,,,,,,CN,,,,,,2020-09,primary,1.0,122.984
SAMN21447476,PRJNA763692,,,,,,CN,,,,,,2020-09,primary,1.0,134.872
SAMN21447477,PRJNA763692,,,,,,CN,,,,,,2020-09,primary,1.0,134.571
SAMN21447478,PRJNA763692,,,,,,CN,,,,,,2020-09,primary,1.0,91.694
SAMN21447479,PRJNA763692,,,,,,CN,,,,,,2020-09,primary,1.0,106.592
SAMN21447480,PRJNA763692,,,,,,CN,,,,,,2020-09,primary,1.0,109.783
SAMN21447481,PRJNA763692,,,,,,CN,,,,,,2020-09,primary,1.0,122.761
SAMN21447482,PRJNA763692,,,,,,CN,,,,,,2020-09,primary,1.0,106.461
SAMN21447483,PRJNA763692,,,,,,CN,,,,,,2020-09,primary,1.0,90.995
SAMN21447484,PRJNA763692,,,,,,CN,,,,,,2020-09,primary,1.0,110.5
SAMN21447485,PRJNA763692,,,,,,CN,,,,,,2020-09,primary,1.0,96.284
SAMN21447486,PRJNA763692,,,,,,CN,,,,,,2020-09,primary,1.0,102.881
SAMN21447487,PRJNA763692,,,,,,CN,,,,,,2020-09,primary,1.0,107.721
SAMN21447488,PRJNA763692,,,,,,CN,,,,,,2020-09,primary,1.0,94.009
SAMN21447489,PRJNA763692,,,,,,CN,,,,,,2020-09,primary,1.0,115.24
SAMN21447490,PRJNA763692,,,,,,CN,,,,,,2020-09,primary,1.0,113.423
SAMN21447491,PRJNA763692,,,,,,CN,,,,,,2020-09,primary,1.0,94.774
SAMN21447492,PRJNA763692,,,,,,CN,,,,,,2020-09,primary,1.0,120.222
SAMN21447493,PRJNA763692,,,,,,CN,,,,,,2020-09,primary,1.0,127.695
SAMN21447494,PRJNA763692,,,,,,CN,,,,,,2020-09,primary,1.0,101.456
SAMN21447495,PRJNA763692,,,,,,CN,,,,,,2020-09,primary,1.0,116.194
SAMN21447496,PRJNA763692,,,,,,CN,,,,,,2020-09,primary,1.0,114.409
SAMN21447497,PRJNA763692,,,,,,CN,,,,,,2020-09,primary,1.0,109.586
SAMN21447498,PRJNA763692,,,,,,CN,,,,,,2020-09,primary,1.0,132.64
SAMN21447499,PRJNA763692,,,,,,CN,,,,,,2020-09,primary,1.0,119.636
SAMN21447500,PRJNA763692,,,,,,CN,,,,,,2020-09,primary,1.0,91.343
SAMN21447501,PRJNA763692,,,,,,CN,,,,,,2020-09,primary,1.0,102.002
SAMN21447502,PRJNA763692,,,,,,CN,,,,,,2020-09,primary,1.0,115.214
SAMN21447503,PRJNA763692,,,,,,CN,,,,,,2020-09,primary,1.0,133.064
SAMN21447504,PRJNA763692,,,,,,CN,,,,,,2020-09,primary,1.0,115.806
SAMN21447505,PRJNA763692,,,,,,CN,,,,,,2020-09,primary,1.0,121.883
SAMN21447506,PRJNA763692,,,,,,CN,,,,,,2020-09,primary,1.0,96.46
SAMN21447507,PRJNA763692,,,,,,CN,,,,,,2020-09,primary,1.0,113.545
SAMN21447508,PRJNA763692,,,,,,CN,,,,,,2020-09,primary,1.0,103.193
SAMN21447509,PRJNA763692,,,,,,CN,,,,,,2020-09,primary,1.0,115.696
SAMN21447510,PRJNA763692,,,,,,CN,,,,,,2020-09,primary,1.0,115.925
SAMN21447511,PRJNA763692,,,,,,CN,,,,,,2020-09,primary,1.0,98.85
SAMN21447512,PRJNA763692,,,,,,CN,,,,,,2020-09,primary,1.0,123.268
SAMN21447513,PRJNA763692,,,,,,CN,,,,,,2020-09,primary,1.0,106.3
SAMN21447514,PRJNA763692,,,,,,CN,,,,,,2020-09,primary,1.0,106.599
SAMN21447515,PRJNA763692,,,,,,CN,,,,,,2020-09,primary,1.0,126.03
SAMN21447516,PRJNA763692,,,,,,CN,,,,,,2020-09,primary,1.0,124.154
SAMN21447517,PRJNA763692,,,,,,CN,,,,,,2020-09,primary,1.0,100.857
SAMN21447518,PRJNA763692,,,,,,CN,,,,,,2020-09,primary,1.0,114.156
SAMN21447519,PRJNA763692,,,,,,CN,,,,,,2020-09,primary,1.0,99.172
SAMN21447520,PRJNA763692,,,,,,CN,,,,,,2020-09,primary,1.0,103.98
SAMN21447521,PRJNA763692,,,,,,CN,,,,,,2020-09,primary,1.0,119.259
SAMN21447522,PRJNA763692,,,,,,CN,,,,,,2020-09,primary,1.0,96.024
SAMN21447523,PRJNA763692,,,,,,CN,,,,,,2020-09,primary,1.0,107.249
SAMN21447524,PRJNA763692,,,,,,CN,,,,,,2020-09,primary,1.0,104.627
SAMN21447525,PRJNA763692,,,,,,CN,,,,,,2020-09,primary,1.0,113.771
SAMN21447526,PRJNA763692,,,,,,CN,,,,,,2020-09,primary,1.0,94.05
SAMN21447527,PRJNA763692,,,,,,CN,,,,,,2020-09,primary,1.0,105.499
SAMN21447528,PRJNA763692,,,,,,CN,,,,,,2020-09,primary,1.0,89.821
SAMN21447529,PRJNA763692,,,,,,CN,,,,,,2020-09,primary,1.0,113.262
SAMN21447530,PRJNA763692,,,,,,CN,,,,,,2020-09,primary,1.0,96.581
SAMN21447531,PRJNA763692,,,,,,CN,,,,,,2020-09,primary,1.0,114.799
SAMN21447532,PRJNA763692,,,,,,CN,,,,,,2020-09,primary,1.0,105.512
SAMN21447533,PRJNA763692,,,,,,CN,,,,,,2020-09,primary,1.0,124.019
SAMN21447534,PRJNA763692,,,,,,CN,,,,,,2020-09,primary,1.0,136.319
SAMN21447535,PRJNA763692,,,,,,CN,,,,,,2020-09,primary,1.0,117.202
SAMN21447536,PRJNA763692,,,,,,CN,,,,,,2020-09,primary,1.0,118.824
SAMN21447537,PRJNA763692,,,,,,CN,,,,,,2020-09,primary,1.0,132.905
SAMN21447538,PRJNA763692,,,,,,CN,,,,,,2020-09,primary,1.0,119.23
SAMN21447539,PRJNA763692,,,,,,CN,,,,,,2020-09,primary,1.0,127.533
SAMN21447540,PRJNA763692,,,,,,CN,,,,,,2020-09,primary,1.0,93.949
SAMN21447541,PRJNA763692,,,,,,CN,,,,,,2020-09,primary,1.0,102.408
SAMN21447542,PRJNA763692,,,,,,CN,,,,,,2020-09,primary,1.0,91.296
SAMN21447543,PRJNA763692,,,,,,CN,,,,,,2020-09,primary,1.0,121.924
SAMN21447544,PRJNA763692,,,,,,CN,,,,,,2020-09,primary,1.0,101.032
SAMN21447545,PRJNA763692,,,,,,CN,,,,,,2020-09,primary,1.0,101.128
SAMN21447546,PRJNA763692,,,,,,CN,,,,,,2020-09,primary,1.0,131.876
SAMN21447547,PRJNA763692,,,,,,CN,,,,,,2020-09,primary,1.0,109.081
SAMN21447548,PRJNA763692,,,,,,CN,,,,,,2020-09,primary,1.0,119.497
SAMN21447549,PRJNA763692,,,,,,CN,,,,,,2020-09,primary,1.0,109.178
SAMN21447550,PRJNA763692,,,,,,CN,,,,,,2020-09,primary,1.0,116.218
SAMN21447551,PRJNA763692,,,,,,CN,,,,,,2020-09,primary,1.0,116.799
SAMN21447552,PRJNA763692,,,,,,CN,,,,,,2020-09,primary,1.0,127.068
SAMN21447553,PRJNA763692,,,,,,CN,,,,,,2020-09,primary,1.0,132.964
SAMN21447554,PRJNA763692,,,,,,CN,,,,,,2020-09,primary,1.0,130.375
SAMN21447555,PRJNA763692,,,,,,CN,,,,,,2020-09,primary,1.0,117.197
SAMN21447556,PRJNA763692,,,,,,CN,,,,,,2020-09,primary,1.0,113.252
SAMN21447557,PRJNA763692,,,,,,CN,,,,,,2020-09,primary,1.0,108.932
SAMN21447558,PRJNA763692,,,,,,CN,,,,,,2020-09,primary,1.0,108.607
SAMN21447559,PRJNA763692,,,,,,CN,,,,,,2020-09,primary,1.0,121.261
SAMN21447560,PRJNA763692,,,,,,CN,,,,,,2020-09,primary,1.0,92.198
SAMN21447561,PRJNA763692,,,,,,CN,,,,,,2020-09,primary,1.0,112.303
SAMN21447562,PRJNA763692,,,,,,CN,,,,,,2020-09,primary,1.0,120.915
SAMN21447563,PRJNA763692,,,,,,CN,,,,,,2020-09,primary,1.0,130.026
SAMN21447564,PRJNA763692,,,,,,CN,,,,,,2020-09,primary,1.0,119.231
SAMN21447565,PRJNA763692,,,,,,CN,,,,,,2020-09,primary,1.0,113.209
SAMN21447566,PRJNA763692,,,,,,CN,,,,,,2020-09,primary,1.0,96.833
SAMN21447567,PRJNA763692,,,,,,CN,,,,,,2020-09,primary,1.0,152.863
SAMN21447568,PRJNA763692,,,,,,CN,,,,,,2020-09,primary,1.0,101.446
SAMN21447569,PRJNA763692,,,,,,CN,,,,,,2020-09,primary,1.0,112.371
SAMN21447570,PRJNA763692,,,,,,CN,,,,,,2020-09,primary,1.0,122.983
SAMN21447571,PRJNA763692,,,,,,CN,,,,,,2020-09,primary,1.0,140.814
SAMN21447572,PRJNA763692,,,,,,CN,,,,,,2020-09,primary,1.0,131.652
SAMN21447573,PRJNA763692,,,,,,CN,,,,,,2020-09,primary,1.0,107.783
SAMN21447574,PRJNA763692,,,,,,CN,,,,,,2020-09,primary,1.0,116.303
SAMN21447575,PRJNA763692,,,,,,CN,,,,,,2020-09,primary,1.0,105.013
SAMN21447576,PRJNA763692,,,,,,CN,,,,,,2020-09,primary,1.0,121.317
SAMN21447577,PRJNA763692,,,,,,CN,,,,,,2020-09,primary,1.0,97.752
SAMN21447578,PRJNA763692,,,,,,CN,,,,,,2020-09,primary,1.0,114.065
SAMN21447579,PRJNA763692,,,,,,CN,,,,,,2020-09,primary,1.0,114.727
SAMN21447580,PRJNA763692,,,,,,CN,,,,,,2020-09,primary,1.0,108.474
SAMN21447581,PRJNA763692,,,,,,CN,,,,,,2020-09,primary,1.0,111.229
SAMN21447582,PRJNA763692,,,,,,CN,,,,,,2020-09,primary,1.0,113.398
SAMN21447583,PRJNA763692,,,,,,CN,,,,,,2020-09,primary,1.0,107.864
SAMN21447584,PRJNA763692,,,,,,CN,,,,,,2020-09,primary,1.0,117.434
SAMN21447585,PRJNA763692,,,,,,CN,,,,,,2020-09,primary,1.0,121.311
SAMN21447586,PRJNA763692,,,,,,CN,,,,,,2020-09,primary,1.0,122.057
SAMN21447587,PRJNA763692,,,,,,CN,,,,,,2020-09,primary,1.0,107.978
SAMN21447588,PRJNA763692,,,,,,CN,,,,,,2020-09,primary,1.0,89.003
SAMN21447589,PRJNA763692,,,,,,CN,,,,,,2020-09,primary,1.0,96.131
SAMN21447590,PRJNA763692,,,,,,CN,,,,,,2020-09,primary,1.0,110.776
SAMN21447591,PRJNA763692,,,,,,CN,,,,,,2020-09,primary,1.0,122.003
SAMN21447592,PRJNA763692,,,,,,CN,,,,,,2020-09,primary,1.0,109.266
SAMN21447593,PRJNA763692,,,,,,CN,,,,,,2020-09,primary,1.0,111.585
SAMN21447594,PRJNA763692,,,,,,CN,,,,,,2020-09,primary,1.0,140.49
SAMN21447595,PRJNA763692,,,,,,CN,,,,,,2020-09,primary,1.0,104.599
SAMN21447596,PRJNA763692,,,,,,CN,,,,,,2020-09,primary,1.0,118.524
SAMN21447597,PRJNA763692,,,,,,CN,,,,,,2020-09,primary,1.0,106.503
SAMN21447598,PRJNA763692,,,,,,CN,,,,,,2020-09,primary,1.0,99.859
SAMN21447599,PRJNA763692,,,,,,CN,,,,,,2020-09,primary,1.0,117.025
SAMN21447600,PRJNA763692,,,,,,CN,,,,,,2020-09,primary,1.0,106.344
SAMN21447601,PRJNA763692,,,,,,CN,,,,,,2020-09,primary,1.0,107.041
SAMN21447602,PRJNA763692,,,,,,CN,,,,,,2020-09,primary,1.0,101.607
SAMN21447603,PRJNA763692,,,,,,CN,,,,,,2020-09,primary,1.0,102.893
SAMN21447604,PRJNA763692,,,,,,CN,,,,,,2020-09,primary,1.0,105.556
SAMN21447605,PRJNA763692,,,,,,CN,,,,,,2020-09,primary,1.0,106.035
SAMN21447606,PRJNA763692,,,,,,CN,,,,,,2020-09,primary,1.0,116.102
SAMN21447607,PRJNA763692,,,,,,CN,,,,,,2020-09,primary,1.0,117.329
SAMN21447608,PRJNA763692,,,,,,CN,,,,,,2020-09,primary,1.0,110.381
SAMN21447609,PRJNA763692,,,,,,CN,,,,,,2020-09,primary,1.0,93.649
SAMN21447610,PRJNA763692,,,,,,CN,,,,,,2020-09,primary,1.0,103.729
SAMN21447611,PRJNA763692,,,,,,CN,,,,,,2020-09,primary,1.0,116.78
SAMN21447612,PRJNA763692,,,,,,CN,,,,,,2020-09,primary,1.0,121.537
SAMN21447613,PRJNA763692,,,,,,CN,,,,,,2020-09,primary,1.0,106.606
SAMN21447614,PRJNA763692,,,,,,CN,,,,,,2020-09,primary,1.0,111.913
SAMN21447615,PRJNA763692,,,,,,CN,,,,,,2020-09,primary,1.0,121.785
SAMN21447616,PRJNA763692,,,,,,CN,,,,,,2020-09,primary,1.0,111.137
SAMN21447617,PRJNA763692,,,,,,CN,,,,,,2020-09,primary,1.0,106.572
SAMN21447618,PRJNA763692,,,,,,CN,,,,,,2020-09,primary,1.0,138.199
SAMN21447619,PRJNA763692,,,,,,CN,,,,,,2020-09,primary,1.0,117.621
SAMN21447620,PRJNA763692,,,,,,CN,,,,,,2020-09,primary,1.0,119.332
SAMN21447621,PRJNA763692,,,,,,CN,,,,,,2020-09,primary,1.0,116.756
SAMN21447622,PRJNA763692,,,,,,CN,,,,,,2020-09,primary,1.0,130.239
SAMN21447623,PRJNA763692,,,,,,CN,,,,,,2020-09,primary,1.0,115.842
SAMN21447624,PRJNA763692,,,,,,CN,,,,,,2020-09,primary,1.0,107.83
SAMN22267681,PRJNA763692,,,,,,CN,,,,,,2020-09,primary,1.0,28.318
SAMN22267682,PRJNA763692,,,,,,CN,,,,,,2020-09,primary,1.0,21.715
SAMN22267683,PRJNA763692,,,,,,CN,,,,,,2020-09,primary,1.0,41.477
SAMN22267684,PRJNA763692,,,,,,CN,,,,,,2020-09,primary,1.0,20.034
SAMN22267685,PRJNA763692,,,,,,CN,,,,,,2020-09,primary,1.0,20.359
SAMN22267686,PRJNA763692,,,,,,CN,,,,,,2020-09,primary,1.0,37.011
SAMN22267687,PRJNA763692,,,,,,CN,,,,,,2020-09,primary,1.0,24.416
SAMN22267688,PRJNA763692,,,,,,CN,,,,,,2020-09,primary,1.0,2.617
SAMN22267689,PRJNA763692,,,,,,CN,,,,,,2020-09,primary,1.0,22.803
SAMN22267690,PRJNA763692,,,,,,CN,,,,,,2020-09,primary,1.0,26.047
SAMN22267691,PRJNA763692,,,,,,CN,,,,,,2020-09,primary,1.0,20.744
SAMN22267692,PRJNA763692,,,,,,CN,,,,,,2020-09,primary,1.0,21.215
SAMN22267693,PRJNA763692,,,,,,CN,,,,,,2020-09,primary,1.0,32.106
SAMN22267694,PRJNA763692,,,,,,CN,,,,,,2020-09,primary,1.0,26.566
SAMN22267695,PRJNA763692,,,,,,CN,,,,,,2020-09,primary,1.0,23.038
SAMN22267696,PRJNA763692,,,,,,CN,,,,,,2020-09,primary,1.0,21.181
SAMN22267697,PRJNA763692,,,,,,CN,,,,,,2020-09,primary,1.0,25.384
SAMN22267698,PRJNA763692,,,,,,CN,,,,,,2020-09,primary,1.0,21.181
SAMN22267699,PRJNA763692,,,,,,CN,,,,,,2020-09,primary,1.0,20.377
SAMN22267700,PRJNA763692,,,,,,CN,,,,,,2020-09,primary,1.0,28.598
SAMN22267701,PRJNA763692,,,,,,CN,,,,,,2020-09,primary,1.0,23.286
SAMN22267702,PRJNA763692,,,,,,CN,,,,,,2020-09,primary,1.0,30.512
SAMN22267703,PRJNA763692,,,,,,CN,,,,,,2020-09,primary,1.0,20.404
SAMN22267704,PRJNA763692,,,,,,CN,,,,,,2020-09,primary,1.0,20.653
SAMN22267705,PRJNA763692,,,,,,CN,,,,,,2020-09,primary,1.0,37.512
SAMN22267706,PRJNA763692,,,,,,CN,,,,,,2020-09,primary,1.0,30.921
SAMN22267707,PRJNA763692,,,,,,CN,,,,,,2020-09,primary,1.0,29.859
SAMN22267708,PRJNA763692,,,,,,CN,,,,,,2020-09,primary,1.0,34.258
SAMN22267709,PRJNA763692,,,,,,CN,,,,,,2020-09,primary,1.0,29.266
SAMN22267710,PRJNA763692,,,,,,CN,,,,,,2020-09,primary,1.0,20.188
SAMN22267711,PRJNA763692,,,,,,CN,,,,,,2020-09,primary,1.0,22.863
SAMN22267712,PRJNA763692,,,,,,CN,,,,,,2020-09,primary,1.0,29.406
SAMN22267713,PRJNA763692,,,,,,CN,,,,,,2020-09,primary,1.0,25.796
SAMN22267714,PRJNA763692,,,,,,CN,,,,,,2020-09,primary,1.0,30.381
SAMN22267715,PRJNA763692,,,,,,CN,,,,,,2020-09,primary,1.0,23.517
SAMN22267716,PRJNA763692,,,,,,CN,,,,,,2020-09,primary,1.0,26.067
SAMN22267717,PRJNA763692,,,,,,CN,,,,,,2020-09,primary,1.0,22.108
SAMN22267718,PRJNA763692,,,,,,CN,,,,,,2020-09,primary,1.0,27.925
SAMN22267719,PRJNA763692,,,,,,CN,,,,,,2020-09,primary,1.0,20.434
SAMN22267720,PRJNA763692,,,,,,CN,,,,,,2020-09,primary,1.0,28.653
SAMN22267721,PRJNA763692,,,,,,CN,,,,,,2020-09,primary,1.0,20.844
SAMN22267722,PRJNA763692,,,,,,CN,,,,,,2020-09,primary,1.0,23.75
SAMN22267723,PRJNA763692,,,,,,CN,,,,,,2020-09,primary,1.0,28.119
SAMN22267724,PRJNA763692,,,,,,CN,,,,,,2020-09,primary,1.0,21.098
SAMN22267725,PRJNA763692,,,,,,CN,,,,,,2020-09,primary,1.0,28.3
SAMN22267726,PRJNA763692,,,,,,CN,,,,,,2020-09,primary,1.0,34.758
SAMN22267727,PRJNA763692,,,,,,CN,,,,,,2020-09,primary,1.0,25.769
SAMN22267728,PRJNA763692,,,,,,CN,,,,,,2020-09,primary,1.0,31.638
SAMN22267729,PRJNA763692,,,,,,CN,,,,,,2020-09,primary,1.0,28.314
SAMN22267730,PRJNA763692,,,,,,CN,,,,,,2020-09,primary,1.0,31.164
SAMN22267731,PRJNA763692,,,,,,CN,,,,,,2020-09,primary,1.0,27.237
SAMN22267732,PRJNA763692,,,,,,CN,,,,,,2020-09,primary,1.0,21.718
SAMN22267733,PRJNA763692,,,,,,CN,,,,,,2020-09,primary,1.0,30.51
SAMN22267734,PRJNA763692,,,,,,CN,,,,,,2020-09,primary,1.0,23.925
SAMN22267735,PRJNA763692,,,,,,CN,,,,,,2020-09,primary,1.0,30.879
SAMN22267736,PRJNA763692,,,,,,CN,,,,,,2020-09,primary,1.0,29.329
SAMN22267737,PRJNA763692,,,,,,CN,,,,,,2020-09,primary,1.0,20.009
SAMN22267738,PRJNA763692,,,,,,CN,,,,,,2020-09,primary,1.0,25.789
SAMN22267739,PRJNA763692,,,,,,CN,,,,,,2020-09,primary,1.0,21.834
SAMN22267740,PRJNA763692,,,,,,CN,,,,,,2020-09,primary,1.0,27.279
SAMN22267741,PRJNA763692,,,,,,CN,,,,,,2020-09,primary,1.0,29.691
SAMN22267742,PRJNA763692,,,,,,CN,,,,,,2020-09,primary,1.0,23.473
SAMN22267743,PRJNA763692,,,,,,CN,,,,,,2020-09,primary,1.0,24.763
SAMN22267744,PRJNA763692,,,,,,CN,,,,,,2020-09,primary,1.0,30.989
SAMN22267745,PRJNA763692,,,,,,CN,,,,,,2020-09,primary,1.0,29.853
SAMN22267746,PRJNA763692,,,,,,CN,,,,,,2020-09,primary,1.0,32.805
SAMN22267747,PRJNA763692,,,,,,CN,,,,,,2020-09,primary,1.0,26.955
SAMN22267748,PRJNA763692,,,,,,CN,,,,,,2020-09,primary,1.0,25.173
SAMN22267749,PRJNA763692,,,,,,CN,,,,,,2020-09,primary,1.0,20.325
SAMN22267750,PRJNA763692,,,,,,CN,,,,,,2020-09,primary,1.0,32.155
SAMN22267751,PRJNA763692,,,,,,CN,,,,,,2020-09,primary,1.0,25.37
SAMN22267752,PRJNA763692,,,,,,CN,,,,,,2020-09,primary,1.0,22.697
SAMN22267753,PRJNA763692,,,,,,CN,,,,,,2020-09,primary,1.0,29.858
SAMN22267754,PRJNA763692,,,,,,CN,,,,,,2020-09,primary,1.0,23.128
SAMN22267755,PRJNA763692,,,,,,CN,,,,,,2020-09,primary,1.0,21.302
SAMN22267756,PRJNA763692,,,,,,CN,,,,,,2020-09,primary,1.0,20.012
SAMN22267757,PRJNA763692,,,,,,CN,,,,,,2020-09,primary,1.0,23.601
SAMN22267758,PRJNA763692,,,,,,CN,,,,,,2020-09,primary,1.0,20.356
SAMN22267759,PRJNA763692,,,,,,CN,,,,,,2020-09,primary,1.0,22.378
SAMN22267760,PRJNA763692,,,,,,CN,,,,,,2020-09,primary,1.0,52.232
SAMN22267761,PRJNA763692,,,,,,CN,,,,,,2020-09,primary,1.0,24.632
SAMN22267762,PRJNA763692,,,,,,CN,,,,,,2020-09,primary,1.0,26.282
SAMN22267763,PRJNA763692,,,,,,CN,,,,,,2020-09,primary,1.0,27.12
SAMN22267764,PRJNA763692,,,,,,CN,,,,,,2020-09,primary,1.0,21.049
SAMN22267765,PRJNA763692,,,,,,CN,,,,,,2020-09,primary,1.0,23.087
SAMN22267766,PRJNA763692,,,,,,CN,,,,,,2020-09,primary,1.0,30.962
SAMN22267767,PRJNA763692,,,,,,CN,,,,,,2020-09,primary,1.0,30.881
SAMN22267768,PRJNA763692,,,,,,CN,,,,,,2020-09,primary,1.0,28.315
SAMN22267769,PRJNA763692,,,,,,CN,,,,,,2020-09,primary,1.0,31.734
SAMN22267770,PRJNA763692,,,,,,CN,,,,,,2020-09,primary,1.0,28.772
SAMN22267771,PRJNA763692,,,,,,CN,,,,,,2020-09,primary,1.0,21.175
SAMN22267772,PRJNA763692,,,,,,CN,,,,,,2020-09,primary,1.0,22.715
SAMN22267773,PRJNA763692,,,,,,CN,,,,,,2020-09,primary,1.0,28.655
SAMN22267774,PRJNA763692,,,,,,CN,,,,,,2020-09,primary,1.0,29.109
SAMN22267775,PRJNA763692,,,,,,CN,,,,,,2020-09,primary,1.0,23.041
SAMN22267776,PRJNA763692,,,,,,CN,,,,,,2020-09,primary,1.0,22.45
SAMN22267777,PRJNA763692,,,,,,CN,,,,,,2020-09,primary,1.0,29.089
SAMN22267778,PRJNA763692,,,,,,CN,,,,,,2020-09,primary,1.0,26.612
SAMN22267779,PRJNA763692,,,,,,CN,,,,,,2020-09,primary,1.0,27.976
SAMN22267780,PRJNA763692,,,,,,CN,,,,,,2020-09,primary,1.0,28.564
SAMN22267781,PRJNA763692,,,,,,CN,,,,,,2020-09,primary,1.0,20.886
SAMN22267782,PRJNA763692,,,,,,CN,,,,,,2020-09,primary,1.0,23.147
SAMN22267783,PRJNA763692,,,,,,CN,,,,,,2020-09,primary,1.0,24.835
SAMN22267784,PRJNA763692,,,,,,CN,,,,,,2020-09,primary,1.0,33.943
SAMN22267785,PRJNA763692,,,,,,CN,,,,,,2020-09,primary,1.0,22.722
SAMN22267786,PRJNA763692,,,,,,CN,,,,,,2020-09,primary,1.0,31.502
SAMN22267787,PRJNA763692,,,,,,CN,,,,,,2020-09,primary,1.0,27.097
SAMN22267788,PRJNA763692,,,,,,CN,,,,,,2020-09,primary,1.0,22.41
SAMN22267789,PRJNA763692,,,,,,CN,,,,,,2020-09,primary,1.0,24.451
SAMN22267790,PRJNA763692,,,,,,CN,,,,,,2020-09,primary,1.0,27.981
SAMN22267791,PRJNA763692,,,,,,CN,,,,,,2020-09,primary,1.0,22.25
SAMN22267792,PRJNA763692,,,,,,CN,,,,,,2020-09,primary,1.0,26.506
SAMN22267793,PRJNA763692,,,,,,CN,,,,,,2020-09,primary,1.0,21.494
SAMN22267794,PRJNA763692,,,,,,CN,,,,,,2020-09,primary,1.0,21.773
SAMN22267795,PRJNA763692,,,,,,CN,,,,,,2020-09,primary,1.0,28.805
SAMN22267796,PRJNA763692,,,,,,CN,,,,,,2020-09,primary,1.0,20.097
SAMN22267797,PRJNA763692,,,,,,CN,,,,,,2020-09,primary,1.0,21.173
SAMN22267798,PRJNA763692,,,,,,CN,,,,,,2020-09,primary,1.0,29.406
SAMN22267799,PRJNA763692,,,,,,CN,,,,,,2020-09,primary,1.0,24.646
SAMN22267800,PRJNA763692,,,,,,CN,,,,,,2020-09,primary,1.0,20.952
SAMN22267801,PRJNA763692,,,,,,CN,,,,,,2020-09,primary,1.0,20.998
SAMN22267802,PRJNA763692,,,,,,CN,,,,,,2020-09,primary,1.0,21.909
SAMN22267803,PRJNA763692,,,,,,CN,,,,,,2020-09,primary,1.0,25.013
SAMN22267804,PRJNA763692,,,,,,CN,,,,,,2020-09,primary,1.0,25.214
SAMN22267805,PRJNA763692,,,,,,CN,,,,,,2020-09,primary,1.0,23.445
SAMN22267806,PRJNA763692,,,,,,CN,,,,,,2020-09,primary,1.0,22.167
SAMN22267807,PRJNA763692,,,,,,CN,,,,,,2020-09,primary,1.0,24.041
SAMN22267808,PRJNA763692,,,,,,CN,,,,,,2020-09,primary,1.0,28.798
SAMN22267809,PRJNA763692,,,,,,CN,,,,,,2020-09,primary,1.0,26.203
SAMN22267810,PRJNA763692,,,,,,CN,,,,,,2020-09,primary,1.0,24.265
SAMN22267811,PRJNA763692,,,,,,CN,,,,,,2020-09,primary,1.0,21.238
SAMN22267812,PRJNA763692,,,,,,CN,,,,,,2020-09,primary,1.0,23.487
SAMN22267813,PRJNA763692,,,,,,CN,,,,,,2020-09,primary,1.0,20.571
SAMN22267814,PRJNA763692,,,,,,CN,,,,,,2020-09,primary,1.0,32.58
SAMN22267815,PRJNA763692,,,,,,CN,,,,,,2020-09,primary,1.0,28.277
SAMN22267816,PRJNA763692,,,,,,CN,,,,,,2020-09,primary,1.0,23.683
SAMN22267817,PRJNA763692,,,,,,CN,,,,,,2020-09,primary,1.0,27.671
SAMN22267818,PRJNA763692,,,,,,CN,,,,,,2020-09,primary,1.0,25.688
SAMN22267819,PRJNA763692,,,,,,CN,,,,,,2020-09,primary,1.0,32.55
SAMN22267820,PRJNA763692,,,,,,CN,,,,,,2020-09,primary,1.0,25.468
SAMN22267821,PRJNA763692,,,,,,CN,,,,,,2020-09,primary,1.0,28.193
SAMN22267822,PRJNA763692,,,,,,CN,,,,,,2020-09,primary,1.0,27.772
SAMN22267823,PRJNA763692,,,,,,CN,,,,,,2020-09,primary,1.0,31.103
SAMN22267824,PRJNA763692,,,,,,CN,,,,,,2020-09,primary,1.0,20.234
SAMN22267825,PRJNA763692,,,,,,CN,,,,,,2020-09,primary,1.0,21.607
SAMN22267826,PRJNA763692,,,,,,CN,,,,,,2020-09,primary,1.0,29.681
SAMN22267827,PRJNA763692,,,,,,CN,,,,,,2020-09,primary,1.0,34.446
SAMN22267828,PRJNA763692,,,,,,CN,,,,,,2020-09,primary,1.0,31.88
SAMN22267829,PRJNA763692,,,,,,CN,,,,,,2020-09,primary,1.0,27.891
SAMN22267830,PRJNA763692,,,,,,CN,,,,,,2020-09,primary,1.0,33.402
SAMN22267831,PRJNA763692,,,,,,CN,,,,,,2020-09,primary,1.0,21.66
SAMN22267832,PRJNA763692,,,,,,CN,,,,,,2020-09,primary,1.0,24.665
SAMN22267833,PRJNA763692,,,,,,CN,,,,,,2020-09,primary,1.0,24.645
SAMN22267834,PRJNA763692,,,,,,CN,,,,,,2020-09,primary,1.0,27.529
SAMN22267835,PRJNA763692,,,,,,CN,,,,,,2020-09,primary,1.0,24.545
SAMN22267836,PRJNA763692,,,,,,CN,,,,,,2020-09,primary,1.0,22.615
SAMN22267837,PRJNA763692,,,,,,CN,,,,,,2020-09,primary,1.0,28.391
SAMN22267838,PRJNA763692,,,,,,CN,,,,,,2020-09,primary,1.0,19.693
SAMN22267839,PRJNA763692,,,,,,CN,,,,,,2020-09,primary,1.0,18.477
SAMN22267840,PRJNA763692,,,,,,CN,,,,,,2020-09,primary,1.0,29.865
SAMN22267841,PRJNA763692,,,,,,CN,,,,,,2020-09,primary,1.0,25.944
SAMN22267842,PRJNA763692,,,,,,CN,,,,,,2020-09,primary,1.0,21.304
SAMN22267843,PRJNA763692,,,,,,CN,,,,,,2020-09,primary,1.0,25.148
SAMN22267844,PRJNA763692,,,,,,CN,,,,,,2020-09,primary,1.0,21.893
SAMN22267845,PRJNA763692,,,,,,CN,,,,,,2020-09,primary,1.0,26.462
SAMN22267846,PRJNA763692,,,,,,CN,,,,,,2020-09,primary,1.0,23.242
SAMN22267847,PRJNA763692,,,,,,CN,,,,,,2020-09,primary,1.0,38.549
SAMN22267848,PRJNA763692,,,,,,CN,,,,,,2020-09,primary,1.0,24.463
SAMN22267849,PRJNA763692,,,,,,CN,,,,,,2020-09,primary,1.0,23.006
SAMN22267850,PRJNA763692,,,,,,CN,,,,,,2020-09,primary,1.0,25.184
SAMN22267851,PRJNA763692,,,,,,CN,,,,,,2020-09,primary,1.0,21.72
SAMN22267852,PRJNA763692,,,,,,CN,,,,,,2020-09,primary,1.0,21.902
SAMN22267853,PRJNA763692,,,,,,CN,,,,,,2020-09,primary,1.0,23.548
SAMN22267854,PRJNA763692,,,,,,CN,,,,,,2020-09,primary,1.0,20.417
SAMN22267855,PRJNA763692,,,,,,CN,,,,,,2020-09,primary,1.0,23.708
SAMN22267856,PRJNA763692,,,,,,CN,,,,,,2020-09,primary,1.0,23.401
SAMN22267857,PRJNA763692,,,,,,CN,,,,,,2020-09,primary,1.0,26.611
SAMN22267858,PRJNA763692,,,,,,CN,,,,,,2020-09,primary,1.0,21.786
SAMN22267859,PRJNA763692,,,,,,CN,,,,,,2020-09,primary,1.0,20.53
SAMN22267860,PRJNA763692,,,,,,CN,,,,,,2020-09,primary,1.0,37.796
SAMN24625493,PRJNA763692,,,,,,CN,,,,,,2021-11-10,primary,1.0,0.003
SAMN24625494,PRJNA763692,,,,,,CN,,,,,,2021-11-10,primary,1.0,0.003
SAMN24625495,PRJNA763692,,,,,,CN,,,,,,2021-11-10,primary,1.0,0.002
SAMN24625496,PRJNA763692,,,,,,CN,,,,,,2021-11-10,primary,1.0,0.003
SAMN24625497,PRJNA763692,,,,,,CN,,,,,,2021-11-10,primary,1.0,0.003
SAMN24625498,PRJNA763692,,,,,,CN,,,,,,2021-11-10,primary,1.0,0.003
SAMN24625499,PRJNA763692,,,,,,CN,,,,,,2021-11-10,primary,1.0,0.004
SAMN24625500,PRJNA763692,,,,,,CN,,,,,,2021-11-10,primary,1.0,0.003
SAMN24625501,PRJNA763692,,,,,,CN,,,,,,2021-11-10,primary,1.0,0.002
SAMN24625502,PRJNA763692,,,,,,CN,,,,,,2021-11-10,primary,1.0,0.002
SAMN24625503,PRJNA763692,,,,,,CN,,,,,,2021-11-10,primary,1.0,0.003
SAMN24625504,PRJNA763692,,,,,,CN,,,,,,2021-11-10,primary,1.0,0.002
SAMN24625505,PRJNA763692,,,,,,CN,,,,,,2021-11-10,primary,1.0,0.003
SAMN24625506,PRJNA763692,,,,,,CN,,,,,,2021-11-10,primary,1.0,0.003
SAMN24625507,PRJNA763692,,,,,,CN,,,,,,2021-11-10,primary,1.0,0.002
SAMN24625508,PRJNA763692,,,,,,CN,,,,,,2021-11-10,primary,1.0,0.002
SAMN24625509,PRJNA763692,,,,,,CN,,,,,,2021-11-10,primary,1.0,0.003
SAMN24625510,PRJNA763692,,,,,,CN,,,,,,2021-11-10,primary,1.0,0.003
SAMN24625511,PRJNA763692,,,,,,CN,,,,,,2021-11-10,primary,1.0,0.003
SAMN24625512,PRJNA763692,,,,,,CN,,,,,,2021-11-10,primary,1.0,0.003
SAMN24625513,PRJNA763692,,,,,,CN,,,,,,2021-11-10,primary,1.0,0.001
SAMN24625514,PRJNA763692,,,,,,CN,,,,,,2021-11-10,primary,1.0,0.003
SAMN24625515,PRJNA763692,,,,,,CN,,,,,,2021-11-10,primary,1.0,0.003
SAMN24625516,PRJNA763692,,,,,,CN,,,,,,2021-11-10,primary,1.0,0.005
SAMN24625517,PRJNA763692,,,,,,CN,,,,,,2021-11-10,primary,1.0,0.004
SAMN24625518,PRJNA763692,,,,,,CN,,,,,,2021-11-10,primary,1.0,0.004
SAMN24625519,PRJNA763692,,,,,,CN,,,,,,2021-11-10,primary,1.0,0.004
SAMN24625520,PRJNA763692,,,,,,CN,,,,,,2021-11-10,primary,1.0,0.004
SAMN24625521,PRJNA763692,,,,,,CN,,,,,,2021-11-10,primary,1.0,0.003
SAMN24625522,PRJNA763692,,,,,,CN,,,,,,2021-11-10,primary,1.0,0.003
SAMN24625523,PRJNA763692,,,,,,CN,,,,,,2021-11-10,primary,1.0,0.003
SAMN24625524,PRJNA763692,,,,,,CN,,,,,,2021-11-10,primary,1.0,0.002
SAMN24625525,PRJNA763692,,,,,,CN,,,,,,2021-11-10,primary,1.0,0.003
SAMN24625526,PRJNA763692,,,,,,CN,,,,,,2021-11-10,primary,1.0,0.003
SAMN24625527,PRJNA763692,,,,,,CN,,,,,,2021-11-10,primary,1.0,0.003
SAMN24625528,PRJNA763692,,,,,,CN,,,,,,2021-11-10,primary,1.0,0.003
SAMN24625529,PRJNA763692,,,,,,CN,,,,,,2021-11-10,primary,1.0,0.003
SAMN24625530,PRJNA763692,,,,,,CN,,,,,,2021-11-10,primary,1.0,0.003
SAMN24625531,PRJNA763692,,,,,,CN,,,,,,2021-11-10,primary,1.0,0.003
SAMN24625532,PRJNA763692,,,,,,CN,,,,,,2021-11-10,primary,1.0,0.002
SAMN24625533,PRJNA763692,,,,,,CN,,,,,,2021-11-10,primary,1.0,0.002
SAMN24625534,PRJNA763692,,,,,,CN,,,,,,2021-11-10,primary,1.0,0.002
SAMN24625535,PRJNA763692,,,,,,CN,,,,,,2021-11-10,primary,1.0,0.002
SAMN24625536,PRJNA763692,,,,,,CN,,,,,,2021-11-10,primary,1.0,0.002
SAMN24625537,PRJNA763692,,,,,,CN,,,,,,2021-11-10,primary,1.0,0.001
SAMN24625538,PRJNA763692,,,,,,CN,,,,,,2021-11-10,primary,1.0,0.003
SAMN24625539,PRJNA763692,,,,,,CN,,,,,,2021-11-10,primary,1.0,0.002
SAMN24625540,PRJNA763692,,,,,,CN,,,,,,2021-11-10,primary,1.0,0.003
SAMN24625541,PRJNA763692,,,,,,CN,,,,,,2021-11-10,primary,1.0,0.002
SAMN24625542,PRJNA763692,,,,,,CN,,,,,,2021-11-10,primary,1.0,0.003
SAMN24625543,PRJNA763692,,,,,,CN,,,,,,2021-11-10,primary,1.0,0.003
SAMN24625544,PRJNA763692,,,,,,CN,,,,,,2021-11-10,primary,1.0,0.003
SAMN24625545,PRJNA763692,,,,,,CN,,,,,,2021-11-10,primary,1.0,0.002
SAMN24625546,PRJNA763692,,,,,,CN,,,,,,2021-11-10,primary,1.0,0.003
SAMN24625547,PRJNA763692,,,,,,CN,,,,,,2021-11-10,primary,1.0,0.002
SAMN24625548,PRJNA763692,,,,,,CN,,,,,,2021-11-10,primary,1.0,0.003
SAMN24625549,PRJNA763692,,,,,,CN,,,,,,2021-11-10,primary,1.0,0.002
SAMN24625550,PRJNA763692,,,,,,CN,,,,,,2021-11-10,primary,1.0,0.003
SAMN24625551,PRJNA763692,,,,,,CN,,,,,,2021-11-10,primary,1.0,0.002
SAMN24625552,PRJNA763692,,,,,,CN,,,,,,2021-11-10,primary,1.0,0.006
SAMN24625553,PRJNA763692,,,,,,CN,,,,,,2021-11-10,primary,1.0,0.003
SAMN24625554,PRJNA763692,,,,,,CN,,,,,,2021-11-10,primary,1.0,0.003
SAMN24625555,PRJNA763692,,,,,,CN,,,,,,2021-11-10,primary,1.0,0.003
SAMN24625556,PRJNA763692,,,,,,CN,,,,,,2021-11-10,primary,1.0,0.003
SAMN24625557,PRJNA763692,,,,,,CN,,,,,,2021-11-10,primary,1.0,0.003
SAMN24625558,PRJNA763692,,,,,,CN,,,,,,2021-11-10,primary,1.0,0.003
SAMN24625559,PRJNA763692,,,,,,CN,,,,,,2021-11-10,primary,1.0,0.003
SAMN24625560,PRJNA763692,,,,,,CN,,,,,,2021-11-10,primary,1.0,0.004
SAMN24625561,PRJNA763692,,,,,,CN,,,,,,2021-11-10,primary,1.0,0.003
SAMN24625562,PRJNA763692,,,,,,CN,,,,,,2021-11-10,primary,1.0,0.004
SAMN24625563,PRJNA763692,,,,,,CN,,,,,,2021-11-10,primary,1.0,0.004
SAMN24625564,PRJNA763692,,,,,,CN,,,,,,2021-11-10,primary,1.0,0.003
SAMN24625565,PRJNA763692,,,,,,CN,,,,,,2021-11-10,primary,1.0,0.002
SAMN24625566,PRJNA763692,,,,,,CN,,,,,,2021-11-10,primary,1.0,0.003
SAMN24625567,PRJNA763692,,,,,,CN,,,,,,2021-11-10,primary,1.0,0.005
SAMN24625568,PRJNA763692,,,,,,CN,,,,,,2021-11-10,primary,1.0,0.003
SAMN24625569,PRJNA763692,,,,,,CN,,,,,,2021-11-10,primary,1.0,0.002
SAMN24625570,PRJNA763692,,,,,,CN,,,,,,2021-11-10,primary,1.0,0.004
SAMN24625571,PRJNA763692,,,,,,CN,,,,,,2021-11-10,primary,1.0,0.003
SAMN24625572,PRJNA763692,,,,,,CN,,,,,,2021-11-10,primary,1.0,0.003
SAMN24625573,PRJNA763692,,,,,,CN,,,,,,2021-11-10,primary,1.0,0.003
SAMN24625574,PRJNA763692,,,,,,CN,,,,,,2021-11-10,primary,1.0,0.003
SAMN24625575,PRJNA763692,,,,,,CN,,,,,,2021-11-10,primary,1.0,0.003
SAMN24625576,PRJNA763692,,,,,,CN,,,,,,2021-11-10,primary,1.0,0.002
SAMN24625577,PRJNA763692,,,,,,CN,,,,,,2021-11-10,primary,1.0,0.003
SAMN24625578,PRJNA763692,,,,,,CN,,,,,,2021-11-10,primary,1.0,0.003
SAMN24625579,PRJNA763692,,,,,,CN,,,,,,2021-11-10,primary,1.0,0.005
SAMN24625580,PRJNA763692,,,,,,CN,,,,,,2021-11-10,primary,1.0,0.002
SAMN24625581,PRJNA763692,,,,,,CN,,,,,,2021-11-10,primary,1.0,0.003
SAMN24625582,PRJNA763692,,,,,,CN,,,,,,2021-11-10,primary,1.0,0.002
SAMN24625583,PRJNA763692,,,,,,CN,,,,,,2021-11-10,primary,1.0,0.002
SAMN24625584,PRJNA763692,,,,,,CN,,,,,,2021-11-10,primary,1.0,0.003
SAMN24625585,PRJNA763692,,,,,,CN,,,,,,2021-11-10,primary,1.0,0.002
SAMN24625586,PRJNA763692,,,,,,CN,,,,,,2021-11-10,primary,1.0,0.003
SAMN24625587,PRJNA763692,,,,,,CN,,,,,,2021-11-10,primary,1.0,0.003
SAMN24625588,PRJNA763692,,,,,,CN,,,,,,2021-11-10,primary,1.0,0.005
SAMN24625589,PRJNA763692,,,,,,CN,,,,,,2021-11-10,primary,1.0,0.002
SAMN24625590,PRJNA763692,,,,,,CN,,,,,,2021-11-10,primary,1.0,0.003
SAMN24625591,PRJNA763692,,,,,,CN,,,,,,2021-11-10,primary,1.0,0.002
SAMN24625592,PRJNA763692,,,,,,CN,,,,,,2021-11-10,primary,1.0,0.004
SAMN24625593,PRJNA763692,,,,,,CN,,,,,,2021-11-10,primary,1.0,0.004
SAMN24625594,PRJNA763692,,,,,,CN,,,,,,2021-11-10,primary,1.0,0.003
SAMN24625595,PRJNA763692,,,,,,CN,,,,,,2021-11-10,primary,1.0,0.003
SAMN24625596,PRJNA763692,,,,,,CN,,,,,,2021-11-10,primary,1.0,0.002
SAMN24625597,PRJNA763692,,,,,,CN,,,,,,2021-11-10,primary,1.0,0.004
SAMN24625598,PRJNA763692,,,,,,CN,,,,,,2021-11-10,primary,1.0,0.003
SAMN24625599,PRJNA763692,,,,,,CN,,,,,,2021-11-10,primary,1.0,0.002
SAMN24625600,PRJNA763692,,,,,,CN,,,,,,2021-11-10,primary,1.0,0.003
SAMN24625601,PRJNA763692,,,,,,CN,,,,,,2021-11-10,primary,1.0,0.002
SAMN24625602,PRJNA763692,,,,,,CN,,,,,,2021-11-10,primary,1.0,0.003
SAMN24625603,PRJNA763692,,,,,,CN,,,,,,2021-11-10,primary,1.0,0.003
SAMN24625604,PRJNA763692,,,,,,CN,,,,,,2021-11-10,primary,1.0,0.003
SAMN24625605,PRJNA763692,,,,,,CN,,,,,,2021-11-10,primary,1.0,0.003
SAMN24625606,PRJNA763692,,,,,,CN,,,,,,2021-11-10,primary,1.0,0.003
SAMN24625607,PRJNA763692,,,,,,CN,,,,,,2021-11-10,primary,1.0,0.004
SAMN24625608,PRJNA763692,,,,,,CN,,,,,,2021-11-10,primary,1.0,0.003
SAMN24625609,PRJNA763692,,,,,,CN,,,,,,2021-11-10,primary,1.0,0.002
SAMN24625610,PRJNA763692,,,,,,CN,,,,,,2021-11-10,primary,1.0,0.002
SAMN24625611,PRJNA763692,,,,,,CN,,,,,,2021-11-10,primary,1.0,0.003
SAMN24625612,PRJNA763692,,,,,,CN,,,,,,2021-11-10,primary,1.0,0.005
SAMN24625613,PRJNA763692,,,,,,CN,,,,,,2021-11-10,primary,1.0,0.002
SAMN24625614,PRJNA763692,,,,,,CN,,,,,,2021-11-10,primary,1.0,0.005
SAMN24625615,PRJNA763692,,,,,,CN,,,,,,2021-11-10,primary,1.0,0.004
SAMN24625616,PRJNA763692,,,,,,CN,,,,,,2021-11-10,primary,1.0,0.003
SAMN24625617,PRJNA763692,,,,,,CN,,,,,,2021-11-10,primary,1.0,0.005
SAMN24625618,PRJNA763692,,,,,,CN,,,,,,2021-11-10,primary,1.0,0.003
SAMN24625619,PRJNA763692,,,,,,CN,,,,,,2021-11-10,primary,1.0,0.003
SAMN24625620,PRJNA763692,,,,,,CN,,,,,,2021-11-10,primary,1.0,0.001
SAMN24625621,PRJNA763692,,,,,,CN,,,,,,2021-11-10,primary,1.0,0.006
SAMN24625622,PRJNA763692,,,,,,CN,,,,,,2021-11-10,primary,1.0,0.004
SAMN24625623,PRJNA763692,,,,,,CN,,,,,,2021-11-10,primary,1.0,0.004
SAMN24625624,PRJNA763692,,,,,,CN,,,,,,2021-11-10,primary,1.0,0.003
SAMN24625625,PRJNA763692,,,,,,CN,,,,,,2021-11-10,primary,1.0,0.003
SAMN24625626,PRJNA763692,,,,,,CN,,,,,,2021-11-10,primary,1.0,0.003
SAMN24625627,PRJNA763692,,,,,,CN,,,,,,2021-11-10,primary,1.0,0.001
SAMN24625628,PRJNA763692,,,,,,CN,,,,,,2021-11-10,primary,1.0,0.005
SAMN24625629,PRJNA763692,,,,,,CN,,,,,,2021-11-10,primary,1.0,0.002
SAMN24625630,PRJNA763692,,,,,,CN,,,,,,2021-11-10,primary,1.0,0.002
SAMN24625631,PRJNA763692,,,,,,CN,,,,,,2021-11-10,primary,1.0,0.002
SAMN24625632,PRJNA763692,,,,,,CN,,,,,,2021-11-10,primary,1.0,0.002
SAMN24625633,PRJNA763692,,,,,,CN,,,,,,2021-11-10,primary,1.0,0.002
SAMN24625634,PRJNA763692,,,,,,CN,,,,,,2021-11-10,primary,1.0,0.004
SAMN24625635,PRJNA763692,,,,,,CN,,,,,,2021-11-10,primary,1.0,0.005
SAMN24625636,PRJNA763692,,,,,,CN,,,,,,2021-11-10,primary,1.0,0.003
SAMN24625637,PRJNA763692,,,,,,CN,,,,,,2021-11-10,primary,1.0,0.003
SAMN24625638,PRJNA763692,,,,,,CN,,,,,,2021-11-10,primary,1.0,0.003
SAMN24625639,PRJNA763692,,,,,,CN,,,,,,2021-11-10,primary,1.0,0.004
SAMN24625640,PRJNA763692,,,,,,CN,,,,,,2021-11-10,primary,1.0,0.002
SAMN24625641,PRJNA763692,,,,,,CN,,,,,,2021-11-10,primary,1.0,0.002
SAMN24625642,PRJNA763692,,,,,,CN,,,,,,2021-11-10,primary,1.0,0.002
SAMN24625643,PRJNA763692,,,,,,CN,,,,,,2021-11-10,primary,1.0,0.004
SAMN24625644,PRJNA763692,,,,,,CN,,,,,,2021-11-10,primary,1.0,0.003
SAMN24625645,PRJNA763692,,,,,,CN,,,,,,2021-11-10,primary,1.0,0.003
SAMN24625646,PRJNA763692,,,,,,CN,,,,,,2021-11-10,primary,1.0,0.003
SAMN24625647,PRJNA763692,,,,,,CN,,,,,,2021-11-10,primary,1.0,0.003
SAMN24625648,PRJNA763692,,,,,,CN,,,,,,2021-11-10,primary,1.0,0.003
SAMN24625649,PRJNA763692,,,,,,CN,,,,,,2021-11-10,primary,1.0,0.003
SAMN24625650,PRJNA763692,,,,,,CN,,,,,,2021-11-10,primary,1.0,0.003
SAMN24625651,PRJNA763692,,,,,,CN,,,,,,2021-11-10,primary,1.0,0.003
SAMN24625652,PRJNA763692,,,,,,CN,,,,,,2021-11-10,primary,1.0,0.003
SAMN24625653,PRJNA763692,,,,,,CN,,,,,,2021-11-10,primary,1.0,0.002
SAMN24625654,PRJNA763692,,,,,,CN,,,,,,2021-11-10,primary,1.0,0.004
SAMN24625655,PRJNA763692,,,,,,CN,,,,,,2021-11-10,primary,1.0,0.002
SAMN24625656,PRJNA763692,,,,,,CN,,,,,,2021-11-10,primary,1.0,0.002
SAMN24625657,PRJNA763692,,,,,,CN,,,,,,2021-11-10,primary,1.0,0.002
SAMN24625658,PRJNA763692,,,,,,CN,,,,,,2021-11-10,primary,1.0,0.004
SAMN24625659,PRJNA763692,,,,,,CN,,,,,,2021-11-10,primary,1.0,0.002
SAMN24625660,PRJNA763692,,,,,,CN,,,,,,2021-11-10,primary,1.0,0.002
SAMN24625661,PRJNA763692,,,,,,CN,,,,,,2021-11-10,primary,1.0,0.003
SAMN24625662,PRJNA763692,,,,,,CN,,,,,,2021-11-10,primary,1.0,0.004
SAMN24625663,PRJNA763692,,,,,,CN,,,,,,2021-11-10,primary,1.0,0.004
SAMN24625664,PRJNA763692,,,,,,CN,,,,,,2021-11-10,primary,1.0,0.004
SAMN24625665,PRJNA763692,,,,,,CN,,,,,,2021-11-10,primary,1.0,0.003
SAMN24625666,PRJNA763692,,,,,,CN,,,,,,2021-11-10,primary,1.0,0.002
SAMN24625667,PRJNA763692,,,,,,CN,,,,,,2021-11-10,primary,1.0,0.005
SAMN24625668,PRJNA763692,,,,,,CN,,,,,,2021-11-10,primary,1.0,0.003
SAMN24625669,PRJNA763692,,,,,,CN,,,,,,2021-11-10,primary,1.0,0.003
SAMN24625670,PRJNA763692,,,,,,CN,,,,,,2021-11-10,primary,1.0,0.004
SAMN24625671,PRJNA763692,,,,,,CN,,,,,,2021-11-10,primary,1.0,0.003
SAMN24625672,PRJNA763692,,,,,,CN,,,,,,2021-11-10,primary,1.0,0.003
SAMN24625673,PRJNA763692,,,,,,CN,,,,,,2021-11-10,primary,1.0,0.003
SAMN24625674,PRJNA763692,,,,,,CN,,,,,,2021-11-10,primary,1.0,0.004
SAMN24625675,PRJNA763692,,,,,,CN,,,,,,2021-11-10,primary,1.0,0.003
SAMN24625676,PRJNA763692,,,,,,CN,,,,,,2021-11-10,primary,1.0,0.006
SAMN24625677,PRJNA763692,,,,,,CN,,,,,,2021-11-10,primary,1.0,0.001
SAMN24625678,PRJNA763692,,,,,,CN,,,,,,2021-11-10,primary,1.0,0.003
SAMN24625679,PRJNA763692,,,,,,CN,,,,,,2021-11-10,primary,1.0,0.003
SAMN24625680,PRJNA763692,,,,,,CN,,,,,,2021-11-10,primary,1.0,0.003
SAMN24625681,PRJNA763692,,,,,,CN,,,,,,2021-11-10,primary,1.0,0.002
SAMN24625682,PRJNA763692,,,,,,CN,,,,,,2021-11-10,primary,1.0,0.003
SAMN24625683,PRJNA763692,,,,,,CN,,,,,,2021-11-10,primary,1.0,0.004
SAMN24625684,PRJNA763692,,,,,,CN,,,,,,2021-11-10,primary,1.0,0.004
SAMN24625685,PRJNA763692,,,,,,CN,,,,,,2021-11-10,primary,1.0,0.002
SAMN24625686,PRJNA763692,,,,,,CN,,,,,,2021-11-10,primary,1.0,0.003
SAMN24625687,PRJNA763692,,,,,,CN,,,,,,2021-11-10,primary,1.0,0.003
SAMN24625688,PRJNA763692,,,,,,CN,,,,,,2021-11-10,primary,1.0,0.003
SAMN24625689,PRJNA763692,,,,,,CN,,,,,,2021-11-10,primary,1.0,0.003
SAMN24625690,PRJNA763692,,,,,,CN,,,,,,2021-11-10,primary,1.0,0.003
SAMN24625691,PRJNA763692,,,,,,CN,,,,,,2021-11-10,primary,1.0,0.003
SAMN24625692,PRJNA763692,,,,,,CN,,,,,,2021-11-10,primary,1.0,0.001
SAMN24625693,PRJNA763692,,,,,,CN,,,,,,2021-11-10,primary,1.0,0.003
SAMN24625694,PRJNA763692,,,,,,CN,,,,,,2021-11-10,primary,1.0,0.004
SAMN24625695,PRJNA763692,,,,,,CN,,,,,,2021-11-10,primary,1.0,0.003
SAMN24625696,PRJNA763692,,,,,,CN,,,,,,2021-11-10,primary,1.0,0.003
SAMN24625697,PRJNA763692,,,,,,CN,,,,,,2021-11-10,primary,1.0,0.002
SAMN24625698,PRJNA763692,,,,,,CN,,,,,,2021-11-10,primary,1.0,0.002
SAMN24625699,PRJNA763692,,,,,,CN,,,,,,2021-11-10,primary,1.0,0.002
SAMN24625700,PRJNA763692,,,,,,CN,,,,,,2021-11-10,primary,1.0,0.003
SAMN24625701,PRJNA763692,,,,,,CN,,,,,,2021-11-10,primary,1.0,0.003
SAMN24625702,PRJNA763692,,,,,,CN,,,,,,2021-11-10,primary,1.0,0.003
SAMN24625703,PRJNA763692,,,,,,CN,,,,,,2021-11-10,primary,1.0,0.002
SAMN24625704,PRJNA763692,,,,,,CN,,,,,,2021-11-10,primary,1.0,0.002
SAMN24625705,PRJNA763692,,,,,,CN,,,,,,2021-11-10,primary,1.0,0.002
SAMN24625706,PRJNA763692,,,,,,CN,,,,,,2021-11-10,primary,1.0,0.002
SAMN24625707,PRJNA763692,,,,,,CN,,,,,,2021-11-10,primary,1.0,0.003
SAMN24625708,PRJNA763692,,,,,,CN,,,,,,2021-11-10,primary,1.0,0.003
SAMN24625709,PRJNA763692,,,,,,CN,,,,,,2021-11-10,primary,1.0,0.004
SAMN24625710,PRJNA763692,,,,,,CN,,,,,,2021-11-10,primary,1.0,0.002
SAMN24625711,PRJNA763692,,,,,,CN,,,,,,2021-11-10,primary,1.0,0.002
SAMN24625712,PRJNA763692,,,,,,CN,,,,,,2021-11-10,primary,1.0,0.004
SAMN24625713,PRJNA763692,,,,,,CN,,,,,,2021-11-10,primary,1.0,0.003
SAMN24625714,PRJNA763692,,,,,,CN,,,,,,2021-11-10,primary,1.0,0.003
SAMN24625715,PRJNA763692,,,,,,CN,,,,,,2021-11-10,primary,1.0,0.004
SAMN24625716,PRJNA763692,,,,,,CN,,,,,,2021-11-10,primary,1.0,0.003
SAMN24625717,PRJNA763692,,,,,,CN,,,,,,2021-11-10,primary,1.0,0.003
SAMN24625718,PRJNA763692,,,,,,CN,,,,,,2021-11-10,primary,1.0,0.002
SAMN24625719,PRJNA763692,,,,,,CN,,,,,,2021-11-10,primary,1.0,0.003
SAMN24625720,PRJNA763692,,,,,,CN,,,,,,2021-11-10,primary,1.0,0.003
SAMN24625721,PRJNA763692,,,,,,CN,,,,,,2021-11-10,primary,1.0,0.003
SAMN24625722,PRJNA763692,,,,,,CN,,,,,,2021-11-10,primary,1.0,0.003
SAMN24625723,PRJNA763692,,,,,,CN,,,,,,2021-11-10,primary,1.0,0.002
SAMN24625724,PRJNA763692,,,,,,CN,,,,,,2021-11-10,primary,1.0,0.002
SAMN24625725,PRJNA763692,,,,,,CN,,,,,,2021-11-10,primary,1.0,0.003
SAMN24625726,PRJNA763692,,,,,,CN,,,,,,2021-11-10,primary,1.0,0.003
SAMN24625727,PRJNA763692,,,,,,CN,,,,,,2021-11-10,primary,1.0,0.003
SAMN24625728,PRJNA763692,,,,,,CN,,,,,,2021-11-10,primary,1.0,0.003
SAMN24625729,PRJNA763692,,,,,,CN,,,,,,2021-11-10,primary,1.0,0.003
SAMN24625730,PRJNA763692,,,,,,CN,,,,,,2021-11-10,primary,1.0,0.003
SAMN24625731,PRJNA763692,,,,,,CN,,,,,,2021-11-10,primary,1.0,0.003
SAMN24625732,PRJNA763692,,,,,,CN,,,,,,2021-11-10,primary,1.0,0.002
SAMN24625733,PRJNA763692,,,,,,CN,,,,,,2021-11-10,primary,1.0,0.004
SAMN24625734,PRJNA763692,,,,,,CN,,,,,,2021-11-10,primary,1.0,0.003
SAMN24625735,PRJNA763692,,,,,,CN,,,,,,2021-11-10,primary,1.0,0.003
SAMN24625736,PRJNA763692,,,,,,CN,,,,,,2021-11-10,primary,1.0,0.003
SAMN24625737,PRJNA763692,,,,,,CN,,,,,,2021-11-10,primary,1.0,0.001
SAMN24625738,PRJNA763692,,,,,,CN,,,,,,2021-11-10,primary,1.0,0.003
SAMN24625739,PRJNA763692,,,,,,CN,,,,,,2021-11-10,primary,1.0,0.004
SAMN24625740,PRJNA763692,,,,,,CN,,,,,,2021-11-10,primary,1.0,0.005
SAMN24625741,PRJNA763692,,,,,,CN,,,,,,2021-11-10,primary,1.0,0.005
SAMN24625742,PRJNA763692,,,,,,CN,,,,,,2021-11-10,primary,1.0,0.003
SAMN24625743,PRJNA763692,,,,,,CN,,,,,,2021-11-10,primary,1.0,0.004
SAMN24625744,PRJNA763692,,,,,,CN,,,,,,2021-11-10,primary,1.0,0.002
SAMN24625745,PRJNA763692,,,,,,CN,,,,,,2021-11-10,primary,1.0,0.002
SAMN24625746,PRJNA763692,,,,,,CN,,,,,,2021-11-10,primary,1.0,0.004
SAMN24625747,PRJNA763692,,,,,,CN,,,,,,2021-11-10,primary,1.0,0.005
SAMN24625748,PRJNA763692,,,,,,CN,,,,,,2021-11-10,primary,1.0,0.003
SAMN24625749,PRJNA763692,,,,,,CN,,,,,,2021-11-10,primary,1.0,0.002
SAMN24625750,PRJNA763692,,,,,,CN,,,,,,2021-11-10,primary,1.0,0.003
SAMN24625751,PRJNA763692,,,,,,CN,,,,,,2021-11-10,primary,1.0,0.004
SAMN24625752,PRJNA763692,,,,,,CN,,,,,,2021-11-10,primary,1.0,0.003
SAMN24625753,PRJNA763692,,,,,,CN,,,,,,2021-11-10,primary,1.0,0.003
SAMN24625754,PRJNA763692,,,,,,CN,,,,,,2021-11-10,primary,1.0,0.003
SAMN24625755,PRJNA763692,,,,,,CN,,,,,,2021-11-10,primary,1.0,0.004
SAMN24625756,PRJNA763692,,,,,,CN,,,,,,2021-11-10,primary,1.0,0.003
SAMN24625757,PRJNA763692,,,,,,CN,,,,,,2021-11-10,primary,1.0,0.001
SAMN24625758,PRJNA763692,,,,,,CN,,,,,,2021-11-10,primary,1.0,0.003
SAMN24625759,PRJNA763692,,,,,,CN,,,,,,2021-11-10,primary,1.0,0.004
SAMN24625760,PRJNA763692,,,,,,CN,,,,,,2021-11-10,primary,1.0,0.003
SAMN24625761,PRJNA763692,,,,,,CN,,,,,,2021-11-10,primary,1.0,0.003
SAMN24625762,PRJNA763692,,,,,,CN,,,,,,2021-11-10,primary,1.0,0.002
SAMN24625763,PRJNA763692,,,,,,CN,,,,,,2021-11-10,primary,1.0,0.003
SAMN24625764,PRJNA763692,,,,,,CN,,,,,,2021-11-10,primary,1.0,0.002
SAMN24625765,PRJNA763692,,,,,,CN,,,,,,2021-11-10,primary,1.0,0.002
SAMN24625766,PRJNA763692,,,,,,CN,,,,,,2021-11-10,primary,1.0,0.003
SAMN24625767,PRJNA763692,,,,,,CN,,,,,,2021-11-10,primary,1.0,0.002
SAMN24625768,PRJNA763692,,,,,,CN,,,,,,2021-11-10,primary,1.0,0.002
SAMN24625769,PRJNA763692,,,,,,CN,,,,,,2021-11-10,primary,1.0,0.003
SAMN24625770,PRJNA763692,,,,,,CN,,,,,,2021-11-10,primary,1.0,0.001
SAMN24625771,PRJNA763692,,,,,,CN,,,,,,2021-11-10,primary,1.0,0.003
SAMN24625772,PRJNA763692,,,,,,CN,,,,,,2021-11-10,primary,1.0,0.003
SAMN24625773,PRJNA763692,,,,,,CN,,,,,,2021-11-10,primary,1.0,0.003
SAMN24625774,PRJNA763692,,,,,,CN,,,,,,2021-11-10,primary,1.0,0.003
SAMN24625775,PRJNA763692,,,,,,CN,,,,,,2021-11-10,primary,1.0,0.003
SAMN24625776,PRJNA763692,,,,,,CN,,,,,,2021-11-10,primary,1.0,0.004
SAMN24625777,PRJNA763692,,,,,,CN,,,,,,2021-11-10,primary,1.0,0.002
SAMN24625778,PRJNA763692,,,,,,CN,,,,,,2021-11-10,primary,1.0,0.001
SAMN24625779,PRJNA763692,,,,,,CN,,,,,,2021-11-10,primary,1.0,0.003
SAMN24625780,PRJNA763692,,,,,,CN,,,,,,2021-11-10,primary,1.0,0.003
SAMN24625781,PRJNA763692,,,,,,CN,,,,,,2021-11-10,primary,1.0,0.002
SAMN24625782,PRJNA763692,,,,,,CN,,,,,,2021-11-10,primary,1.0,0.003
SAMN24625783,PRJNA763692,,,,,,CN,,,,,,2021-11-10,primary,1.0,0.004
SAMN24625784,PRJNA763692,,,,,,CN,,,,,,2021-11-10,primary,1.0,0.003
SAMN24625785,PRJNA763692,,,,,,CN,,,,,,2021-11-10,primary,1.0,0.003
SAMN24625786,PRJNA763692,,,,,,CN,,,,,,2021-11-10,primary,1.0,0.006
SAMN24625787,PRJNA763692,,,,,,CN,,,,,,2021-11-10,primary,1.0,0.002
SAMN24625788,PRJNA763692,,,,,,CN,,,,,,2021-11-10,primary,1.0,0.004
SAMN24625789,PRJNA763692,,,,,,CN,,,,,,2021-11-10,primary,1.0,0.002
SAMN24625790,PRJNA763692,,,,,,CN,,,,,,2021-11-10,primary,1.0,0.003
SAMN24625791,PRJNA763692,,,,,,CN,,,,,,2021-11-10,primary,1.0,0.002
SAMN24625792,PRJNA763692,,,,,,CN,,,,,,2021-11-10,primary,1.0,0.002
SAMN24625793,PRJNA763692,,,,,,CN,,,,,,2021-11-10,primary,1.0,0.003
SAMN24625794,PRJNA763692,,,,,,CN,,,,,,2021-11-10,primary,1.0,0.003
SAMN24625795,PRJNA763692,,,,,,CN,,,,,,2021-11-10,primary,1.0,0.004
SAMN24625796,PRJNA763692,,,,,,CN,,,,,,2021-11-10,primary,1.0,0.004
SAMN24625797,PRJNA763692,,,,,,CN,,,,,,2021-11-10,primary,1.0,0.003
SAMN24625798,PRJNA763692,,,,,,CN,,,,,,2021-11-10,primary,1.0,0.005
SAMN24625799,PRJNA763692,,,,,,CN,,,,,,2021-11-10,primary,1.0,0.003
SAMN24625800,PRJNA763692,,,,,,CN,,,,,,2021-11-10,primary,1.0,0.003
SAMN24625801,PRJNA763692,,,,,,CN,,,,,,2021-11-10,primary,1.0,0.003
SAMN24625802,PRJNA763692,,,,,,CN,,,,,,2021-11-10,primary,1.0,0.003
SAMN24625803,PRJNA763692,,,,,,CN,,,,,,2021-11-10,primary,1.0,0.0
SAMN24625804,PRJNA763692,,,,,,CN,,,,,,2021-11-10,primary,1.0,0.002
SAMN24625805,PRJNA763692,,,,,,CN,,,,,,2021-11-10,primary,1.0,0.002
SAMN24625806,PRJNA763692,,,,,,CN,,,,,,2021-11-10,primary,1.0,0.002
SAMN24625807,PRJNA763692,,,,,,CN,,,,,,2021-11-10,primary,1.0,0.003
SAMN24625808,PRJNA763692,,,,,,CN,,,,,,2021-11-10,primary,1.0,0.003
SAMN24625809,PRJNA763692,,,,,,CN,,,,,,2021-11-10,primary,1.0,0.003
SAMN24625810,PRJNA763692,,,,,,CN,,,,,,2021-11-10,primary,1.0,0.002
SAMN24625811,PRJNA763692,,,,,,CN,,,,,,2021-11-10,primary,1.0,0.002
SAMN24625812,PRJNA763692,,,,,,CN,,,,,,2021-11-10,primary,1.0,0.003
SAMN24625813,PRJNA763692,,,,,,CN,,,,,,2021-11-10,primary,1.0,0.003
SAMN24625814,PRJNA763692,,,,,,CN,,,,,,2021-11-10,primary,1.0,0.002
SAMN24625815,PRJNA763692,,,,,,CN,,,,,,2021-11-10,primary,1.0,0.003
SAMN24625816,PRJNA763692,,,,,,CN,,,,,,2021-11-10,primary,1.0,0.002
SAMN24625817,PRJNA763692,,,,,,CN,,,,,,2021-11-10,primary,1.0,0.002
SAMN24625818,PRJNA763692,,,,,,CN,,,,,,2021-11-10,primary,1.0,0.003
SAMN24625819,PRJNA763692,,,,,,CN,,,,,,2021-11-10,primary,1.0,0.005
SAMN24625820,PRJNA763692,,,,,,CN,,,,,,2021-11-10,primary,1.0,0.005
SAMN24625821,PRJNA763692,,,,,,CN,,,,,,2021-11-10,primary,1.0,0.003
SAMN24625822,PRJNA763692,,,,,,CN,,,,,,2021-11-10,primary,1.0,0.002
SAMN24625823,PRJNA763692,,,,,,CN,,,,,,2021-11-10,primary,1.0,0.003
SAMN24625824,PRJNA763692,,,,,,CN,,,,,,2021-11-10,primary,1.0,0.003
SAMN24625825,PRJNA763692,,,,,,CN,,,,,,2021-11-10,primary,1.0,0.002
SAMN24625826,PRJNA763692,,,,,,CN,,,,,,2021-11-10,primary,1.0,0.002
SAMN24625827,PRJNA763692,,,,,,CN,,,,,,2021-11-10,primary,1.0,0.003
SAMN24625828,PRJNA763692,,,,,,CN,,,,,,2021-11-10,primary,1.0,0.003
SAMN24625829,PRJNA763692,,,,,,CN,,,,,,2021-11-10,primary,1.0,0.003
SAMN24625830,PRJNA763692,,,,,,CN,,,,,,2021-11-10,primary,1.0,0.002
SAMN24625831,PRJNA763692,,,,,,CN,,,,,,2021-11-10,primary,1.0,0.002
SAMN24625832,PRJNA763692,,,,,,CN,,,,,,2021-11-10,primary,1.0,0.003
SAMN24625833,PRJNA763692,,,,,,CN,,,,,,2021-11-10,primary,1.0,0.003
SAMN24625834,PRJNA763692,,,,,,CN,,,,,,2021-11-10,primary,1.0,0.002
SAMN24625835,PRJNA763692,,,,,,CN,,,,,,2021-11-10,primary,1.0,0.003
SAMN24625836,PRJNA763692,,,,,,CN,,,,,,2021-11-10,primary,1.0,0.002
SAMN24625837,PRJNA763692,,,,,,CN,,,,,,2021-11-10,primary,1.0,0.002
SAMN24625838,PRJNA763692,,,,,,CN,,,,,,2021-11-10,primary,1.0,0.004
SAMN24625839,PRJNA763692,,,,,,CN,,,,,,2021-11-10,primary,1.0,0.002
SAMN24625840,PRJNA763692,,,,,,CN,,,,,,2021-11-10,primary,1.0,0.002
SAMN24625841,PRJNA763692,,,,,,CN,,,,,,2021-11-10,primary,1.0,0.003
SAMN24625842,PRJNA763692,,,,,,CN,,,,,,2021-11-10,primary,1.0,0.004
SAMN24625843,PRJNA763692,,,,,,CN,,,,,,2021-11-10,primary,1.0,0.005
SAMN24625844,PRJNA763692,,,,,,CN,,,,,,2021-11-10,primary,1.0,0.002
SAMN24625845,PRJNA763692,,,,,,CN,,,,,,2021-11-10,primary,1.0,0.004
SAMN24625846,PRJNA763692,,,,,,CN,,,,,,2021-11-10,primary,1.0,0.003
SAMN24625847,PRJNA763692,,,,,,CN,,,,,,2021-11-10,primary,1.0,0.003
SAMN24625848,PRJNA763692,,,,,,CN,,,,,,2021-11-10,primary,1.0,0.003
SAMN24625849,PRJNA763692,,,,,,CN,,,,,,2021-11-10,primary,1.0,0.002
SAMN24625850,PRJNA763692,,,,,,CN,,,,,,2021-11-10,primary,1.0,0.003
SAMN24625851,PRJNA763692,,,,,,CN,,,,,,2021-11-10,primary,1.0,0.003
SAMN24625852,PRJNA763692,,,,,,CN,,,,,,2021-11-10,primary,1.0,0.002
SAMN24625853,PRJNA763692,,,,,,CN,,,,,,2021-11-10,primary,1.0,0.002
SAMN24625854,PRJNA763692,,,,,,CN,,,,,,2021-11-10,primary,1.0,0.003
SAMN24625855,PRJNA763692,,,,,,CN,,,,,,2021-11-10,primary,1.0,0.004
SAMN24625856,PRJNA763692,,,,,,CN,,,,,,2021-11-10,primary,1.0,0.003
SAMN24625857,PRJNA763692,,,,,,CN,,,,,,2021-11-10,primary,1.0,0.003
SAMN24625858,PRJNA763692,,,,,,CN,,,,,,2021-11-10,primary,1.0,0.004
SAMN24625859,PRJNA763692,,,,,,CN,,,,,,2021-11-10,primary,1.0,0.005
SAMN24625860,PRJNA763692,,,,,,CN,,,,,,2021-11-10,primary,1.0,0.003
SAMN24625861,PRJNA763692,,,,,,CN,,,,,,2021-11-10,primary,1.0,0.003
SAMN24625862,PRJNA763692,,,,,,CN,,,,,,2021-11-10,primary,1.0,0.004
SAMN24625863,PRJNA763692,,,,,,CN,,,,,,2021-11-10,primary,1.0,0.002
SAMN24625864,PRJNA763692,,,,,,CN,,,,,,2021-11-10,primary,1.0,0.004
SAMN24625865,PRJNA763692,,,,,,CN,,,,,,2021-11-10,primary,1.0,0.002
SAMN24625866,PRJNA763692,,,,,,CN,,,,,,2021-11-10,primary,1.0,0.003
SAMN24625867,PRJNA763692,,,,,,CN,,,,,,2021-11-10,primary,1.0,0.005
SAMN24625868,PRJNA763692,,,,,,CN,,,,,,2021-11-10,primary,1.0,0.004
SAMN24625869,PRJNA763692,,,,,,CN,,,,,,2021-11-10,primary,1.0,0.002
SAMN24625870,PRJNA763692,,,,,,CN,,,,,,2021-11-10,primary,1.0,0.005
SAMN24625871,PRJNA763692,,,,,,CN,,,,,,2021-11-10,primary,1.0,0.003
SAMN24625872,PRJNA763692,,,,,,CN,,,,,,2021-11-10,primary,1.0,0.003
SAMN24625873,PRJNA763692,,,,,,CN,,,,,,2021-11-10,primary,1.0,0.002
SAMN24625874,PRJNA763692,,,,,,CN,,,,,,2021-11-10,primary,1.0,0.002
SAMN24625875,PRJNA763692,,,,,,CN,,,,,,2021-11-10,primary,1.0,0.002
SAMN24625876,PRJNA763692,,,,,,CN,,,,,,2021-11-10,primary,1.0,0.003
SAMN24625877,PRJNA763692,,,,,,CN,,,,,,2021-11-10,primary,1.0,0.004
SAMN24625878,PRJNA763692,,,,,,CN,,,,,,2021-11-10,primary,1.0,0.005
SAMN24625879,PRJNA763692,,,,,,CN,,,,,,2021-11-10,primary,1.0,0.003
SAMN24625880,PRJNA763692,,,,,,CN,,,,,,2021-11-10,primary,1.0,0.003
SAMN24625881,PRJNA763692,,,,,,CN,,,,,,2021-11-10,primary,1.0,0.003
SAMN24625882,PRJNA763692,,,,,,CN,,,,,,2021-11-10,primary,1.0,0.003
SAMN24625883,PRJNA763692,,,,,,CN,,,,,,2021-11-10,primary,1.0,0.002
SAMN24625884,PRJNA763692,,,,,,CN,,,,,,2021-11-10,primary,1.0,0.004
SAMN24625885,PRJNA763692,,,,,,CN,,,,,,2021-11-10,primary,1.0,0.004
SAMN24625886,PRJNA763692,,,,,,CN,,,,,,2021-11-10,primary,1.0,0.003
SAMN24625887,PRJNA763692,,,,,,CN,,,,,,2021-11-10,primary,1.0,0.003
SAMN24625888,PRJNA763692,,,,,,CN,,,,,,2021-11-10,primary,1.0,0.003
SAMN24625889,PRJNA763692,,,,,,CN,,,,,,2021-11-10,primary,1.0,0.005
SAMN24625890,PRJNA763692,,,,,,CN,,,,,,2021-11-10,primary,1.0,0.002
SAMN24625891,PRJNA763692,,,,,,CN,,,,,,2021-11-10,primary,1.0,0.003
SAMN24625892,PRJNA763692,,,,,,CN,,,,,,2021-11-10,primary,1.0,0.002
SAMN24625893,PRJNA763692,,,,,,CN,,,,,,2021-11-10,primary,1.0,0.003
SAMN24625894,PRJNA763692,,,,,,CN,,,,,,2021-11-10,primary,1.0,0.006
SAMN24625895,PRJNA763692,,,,,,CN,,,,,,2021-11-10,primary,1.0,0.005
SAMN24625896,PRJNA763692,,,,,,CN,,,,,,2021-11-10,primary,1.0,0.003
SAMN24625897,PRJNA763692,,,,,,CN,,,,,,2021-11-10,primary,1.0,0.005
SAMN24625898,PRJNA763692,,,,,,CN,,,,,,2021-11-10,primary,1.0,0.005
SAMN24625899,PRJNA763692,,,,,,CN,,,,,,2021-11-10,primary,1.0,0.005
SAMN24625900,PRJNA763692,,,,,,CN,,,,,,2021-11-10,primary,1.0,0.004
SAMN24625901,PRJNA763692,,,,,,CN,,,,,,2021-11-10,primary,1.0,0.004
SAMN24625902,PRJNA763692,,,,,,CN,,,,,,2021-11-10,primary,1.0,0.006
SAMN24625903,PRJNA763692,,,,,,CN,,,,,,2021-11-10,primary,1.0,0.003
SAMN24625904,PRJNA763692,,,,,,CN,,,,,,2021-11-10,primary,1.0,0.004
SAMN24625905,PRJNA763692,,,,,,CN,,,,,,2021-11-10,primary,1.0,0.005
SAMN24625906,PRJNA763692,,,,,,CN,,,,,,2021-11-10,primary,1.0,0.003
SAMN24625907,PRJNA763692,,,,,,CN,,,,,,2021-11-10,primary,1.0,0.003
SAMN24625908,PRJNA763692,,,,,,CN,,,,,,2021-11-10,primary,1.0,0.003
SAMN24625909,PRJNA763692,,,,,,CN,,,,,,2021-11-10,primary,1.0,0.003
SAMN24625910,PRJNA763692,,,,,,CN,,,,,,2021-11-10,primary,1.0,0.002
SAMN24625911,PRJNA763692,,,,,,CN,,,,,,2021-11-10,primary,1.0,0.002
SAMN24625912,PRJNA763692,,,,,,CN,,,,,,2021-11-10,primary,1.0,0.002
SAMN24625913,PRJNA763692,,,,,,CN,,,,,,2021-11-10,primary,1.0,0.002
SAMN24625914,PRJNA763692,,,,,,CN,,,,,,2021-11-10,primary,1.0,0.003
SAMN24625915,PRJNA763692,,,,,,CN,,,,,,2021-11-10,primary,1.0,0.003
SAMN24625916,PRJNA763692,,,,,,CN,,,,,,2021-11-10,primary,1.0,0.002
SAMN24625917,PRJNA763692,,,,,,CN,,,,,,2021-11-10,primary,1.0,0.004
SAMN24625918,PRJNA763692,,,,,,CN,,,,,,2021-11-10,primary,1.0,0.003
SAMN24625919,PRJNA763692,,,,,,CN,,,,,,2021-11-10,primary,1.0,0.0
SAMN24625920,PRJNA763692,,,,,,CN,,,,,,2021-11-10,primary,1.0,0.003
SAMN24625921,PRJNA763692,,,,,,CN,,,,,,2021-11-10,primary,1.0,0.003
SAMN24625922,PRJNA763692,,,,,,CN,,,,,,2021-11-10,primary,1.0,0.005
SAMN24625923,PRJNA763692,,,,,,CN,,,,,,2021-11-10,primary,1.0,0.002
SAMN24625924,PRJNA763692,,,,,,CN,,,,,,2021-11-10,primary,1.0,0.003
SAMN24625925,PRJNA763692,,,,,,CN,,,,,,2021-11-10,primary,1.0,0.003
SAMN24625926,PRJNA763692,,,,,,CN,,,,,,2021-11-10,primary,1.0,0.007
SAMN24625927,PRJNA763692,,,,,,CN,,,,,,2021-11-10,primary,1.0,0.003
SAMN24625928,PRJNA763692,,,,,,CN,,,,,,2021-11-10,primary,1.0,0.003
SAMN24625929,PRJNA763692,,,,,,CN,,,,,,2021-11-10,primary,1.0,0.003
SAMN24625930,PRJNA763692,,,,,,CN,,,,,,2021-11-10,primary,1.0,0.003
SAMN24625931,PRJNA763692,,,,,,CN,,,,,,2021-11-10,primary,1.0,0.007
SAMN24625932,PRJNA763692,,,,,,CN,,,,,,2021-11-10,primary,1.0,0.003
SAMN24625933,PRJNA763692,,,,,,CN,,,,,,2021-11-10,primary,1.0,0.003
SAMN24625934,PRJNA763692,,,,,,CN,,,,,,2021-11-10,primary,1.0,0.003
SAMN24625935,PRJNA763692,,,,,,CN,,,,,,2021-11-10,primary,1.0,0.002
SAMN24625936,PRJNA763692,,,,,,CN,,,,,,2021-11-10,primary,1.0,0.003
SAMN24625937,PRJNA763692,,,,,,CN,,,,,,2021-11-10,primary,1.0,0.003
SAMN24625938,PRJNA763692,,,,,,CN,,,,,,2021-11-10,primary,1.0,0.002
SAMN24625939,PRJNA763692,,,,,,CN,,,,,,2021-11-10,primary,1.0,0.002
SAMN24625940,PRJNA763692,,,,,,CN,,,,,,2021-11-10,primary,1.0,0.004
SAMN24625941,PRJNA763692,,,,,,CN,,,,,,2021-11-10,primary,1.0,0.004
SAMN24625942,PRJNA763692,,,,,,CN,,,,,,2021-11-10,primary,1.0,0.003
SAMN24625943,PRJNA763692,,,,,,CN,,,,,,2021-11-10,primary,1.0,0.004
SAMN24625944,PRJNA763692,,,,,,CN,,,,,,2021-11-10,primary,1.0,0.002
SAMN24625945,PRJNA763692,,,,,,CN,,,,,,2021-11-10,primary,1.0,0.002
SAMN24625946,PRJNA763692,,,,,,CN,,,,,,2021-11-10,primary,1.0,0.002
SAMN24625947,PRJNA763692,,,,,,CN,,,,,,2021-11-10,primary,1.0,0.003
SAMN24625948,PRJNA763692,,,,,,CN,,,,,,2021-11-10,primary,1.0,0.003
SAMN24625949,PRJNA763692,,,,,,CN,,,,,,2021-11-10,primary,1.0,0.005
SAMN24625950,PRJNA763692,,,,,,CN,,,,,,2021-11-10,primary,1.0,0.003
SAMN24625951,PRJNA763692,,,,,,CN,,,,,,2021-11-10,primary,1.0,0.003
SAMN24625952,PRJNA763692,,,,,,CN,,,,,,2021-11-10,primary,1.0,0.003
SAMN24625953,PRJNA763692,,,,,,CN,,,,,,2021-11-10,primary,1.0,0.004
SAMN24625954,PRJNA763692,,,,,,CN,,,,,,2021-11-10,primary,1.0,0.003
SAMN24625955,PRJNA763692,,,,,,CN,,,,,,2021-11-10,primary,1.0,0.003
SAMN24625956,PRJNA763692,,,,,,CN,,,,,,2021-11-10,primary,1.0,0.002
SAMN24625957,PRJNA763692,,,,,,CN,,,,,,2021-11-10,primary,1.0,0.005
SAMN24625958,PRJNA763692,,,,,,CN,,,,,,2021-11-10,primary,1.0,0.0
SAMN24625959,PRJNA763692,,,,,,CN,,,,,,2021-11-10,primary,1.0,0.006
SAMN24625960,PRJNA763692,,,,,,CN,,,,,,2021-11-10,primary,1.0,0.003
SAMN24625961,PRJNA763692,,,,,,CN,,,,,,2021-11-10,primary,1.0,0.003
SAMN24625962,PRJNA763692,,,,,,CN,,,,,,2021-11-10,primary,1.0,0.004
SAMN24625963,PRJNA763692,,,,,,CN,,,,,,2021-11-10,primary,1.0,0.003
SAMN24625964,PRJNA763692,,,,,,CN,,,,,,2021-11-10,primary,1.0,0.003
SAMN24625965,PRJNA763692,,,,,,CN,,,,,,2021-11-10,primary,1.0,0.003
SAMN24625966,PRJNA763692,,,,,,CN,,,,,,2021-11-10,primary,1.0,0.002
SAMN24625967,PRJNA763692,,,,,,CN,,,,,,2021-11-10,primary,1.0,0.002
SAMN24625968,PRJNA763692,,,,,,CN,,,,,,2021-11-10,primary,1.0,0.002
SAMN24625969,PRJNA763692,,,,,,CN,,,,,,2021-11-10,primary,1.0,0.002
SAMN24625970,PRJNA763692,,,,,,CN,,,,,,2021-11-10,primary,1.0,0.003
SAMN24625971,PRJNA763692,,,,,,CN,,,,,,2021-11-10,primary,1.0,0.003
SAMN24625972,PRJNA763692,,,,,,CN,,,,,,2021-11-10,primary,1.0,0.003
SAMN24625973,PRJNA763692,,,,,,CN,,,,,,2021-11-10,primary,1.0,0.003
SAMN24625974,PRJNA763692,,,,,,CN,,,,,,2021-11-10,primary,1.0,0.002
SAMN24625975,PRJNA763692,,,,,,CN,,,,,,2021-11-10,primary,1.0,0.001
SAMN24625976,PRJNA763692,,,,,,CN,,,,,,2021-11-10,primary,1.0,0.003
SAMN24625977,PRJNA763692,,,,,,CN,,,,,,2021-11-10,primary,1.0,0.0
SAMN24625978,PRJNA763692,,,,,,CN,,,,,,2021-11-10,primary,1.0,0.002
SAMN24625979,PRJNA763692,,,,,,CN,,,,,,2021-11-10,primary,1.0,0.002
SAMN24625980,PRJNA763692,,,,,,CN,,,,,,2021-11-10,primary,1.0,0.003
SAMN24625981,PRJNA763692,,,,,,CN,,,,,,2021-11-10,primary,1.0,0.003
SAMN24625982,PRJNA763692,,,,,,CN,,,,,,2021-11-10,primary,1.0,0.004
SAMN24625983,PRJNA763692,,,,,,CN,,,,,,2021-11-10,primary,1.0,0.003
SAMN24625984,PRJNA763692,,,,,,CN,,,,,,2021-11-10,primary,1.0,0.002
SAMN24625985,PRJNA763692,,,,,,CN,,,,,,2021-11-10,primary,1.0,0.002
SAMN24625986,PRJNA763692,,,,,,CN,,,,,,2021-11-10,primary,1.0,0.004
SAMN24625987,PRJNA763692,,,,,,CN,,,,,,2021-11-10,primary,1.0,0.004
SAMN24625988,PRJNA763692,,,,,,CN,,,,,,2021-11-10,primary,1.0,0.003
SAMN24625989,PRJNA763692,,,,,,CN,,,,,,2021-11-10,primary,1.0,0.003
SAMN24625990,PRJNA763692,,,,,,CN,,,,,,2021-11-10,primary,1.0,0.002
SAMN24625991,PRJNA763692,,,,,,CN,,,,,,2021-11-10,primary,1.0,0.004
SAMN24625992,PRJNA763692,,,,,,CN,,,,,,2021-11-10,primary,1.0,0.003
SAMN24695883,PRJNA763692,,,,,,CN,,,,,,2021-11-10,primary,1.0,0.003
SAMN24695884,PRJNA763692,,,,,,CN,,,,,,2021-11-10,primary,1.0,0.003
SAMN24695885,PRJNA763692,,,,,,CN,,,,,,2021-11-10,primary,1.0,0.005
SAMN24695886,PRJNA763692,,,,,,CN,,,,,,2021-11-10,primary,1.0,0.004
SAMN24695887,PRJNA763692,,,,,,CN,,,,,,2021-11-10,primary,1.0,0.003
SAMN24695888,PRJNA763692,,,,,,CN,,,,,,2021-11-10,primary,1.0,0.003
SAMN24695889,PRJNA763692,,,,,,CN,,,,,,2021-11-10,primary,1.0,0.003
SAMN24695890,PRJNA763692,,,,,,CN,,,,,,2021-11-10,primary,1.0,0.003
SAMN24695891,PRJNA763692,,,,,,CN,,,,,,2021-11-10,primary,1.0,0.003
SAMN24695892,PRJNA763692,,,,,,CN,,,,,,2021-11-10,primary,1.0,0.003
SAMN24695893,PRJNA763692,,,,,,CN,,,,,,2021-11-10,primary,1.0,0.004
SAMN24695894,PRJNA763692,,,,,,CN,,,,,,2021-11-10,primary,1.0,0.002
SAMN24695895,PRJNA763692,,,,,,CN,,,,,,2021-11-10,primary,1.0,0.005
SAMN24695896,PRJNA763692,,,,,,CN,,,,,,2021-11-10,primary,1.0,0.004
SAMN24695897,PRJNA763692,,,,,,CN,,,,,,2021-11-10,primary,1.0,0.003
SAMN24695898,PRJNA763692,,,,,,CN,,,,,,2021-11-10,primary,1.0,0.003
SAMN24695899,PRJNA763692,,,,,,CN,,,,,,2021-11-10,primary,1.0,0.003
SAMN24695900,PRJNA763692,,,,,,CN,,,,,,2021-11-10,primary,1.0,0.005
SAMN24695901,PRJNA763692,,,,,,CN,,,,,,2021-11-10,primary,1.0,0.004
SAMN24695902,PRJNA763692,,,,,,CN,,,,,,2021-11-10,primary,1.0,0.0
SAMN24695903,PRJNA763692,,,,,,CN,,,,,,2021-11-10,primary,1.0,0.003
SAMN24695904,PRJNA763692,,,,,,CN,,,,,,2021-11-10,primary,1.0,0.003
SAMN24695905,PRJNA763692,,,,,,CN,,,,,,2021-11-10,primary,1.0,0.004
SAMN24695906,PRJNA763692,,,,,,CN,,,,,,2021-11-10,primary,1.0,0.004
SAMN24695907,PRJNA763692,,,,,,CN,,,,,,2021-11-10,primary,1.0,0.003
SAMN24695908,PRJNA763692,,,,,,CN,,,,,,2021-11-10,primary,1.0,0.003
SAMN24695909,PRJNA763692,,,,,,CN,,,,,,2021-11-10,primary,1.0,0.005
SAMN24695910,PRJNA763692,,,,,,CN,,,,,,2021-11-10,primary,1.0,0.004
SAMN24695911,PRJNA763692,,,,,,CN,,,,,,2021-11-10,primary,1.0,0.004
SAMN24695912,PRJNA763692,,,,,,CN,,,,,,2021-11-10,primary,1.0,0.003
SAMN24695913,PRJNA763692,,,,,,CN,,,,,,2021-11-10,primary,1.0,0.003
SAMN24695914,PRJNA763692,,,,,,CN,,,,,,2021-11-10,primary,1.0,0.003
SAMN24695915,PRJNA763692,,,,,,CN,,,,,,2021-11-10,primary,1.0,0.002
SAMN24695916,PRJNA763692,,,,,,CN,,,,,,2021-11-10,primary,1.0,0.002
SAMN24695917,PRJNA763692,,,,,,CN,,,,,,2021-11-10,primary,1.0,0.002
SAMN24695918,PRJNA763692,,,,,,CN,,,,,,2021-11-10,primary,1.0,0.003
SAMN24695919,PRJNA763692,,,,,,CN,,,,,,2021-11-10,primary,1.0,0.001
SAMN24695920,PRJNA763692,,,,,,CN,,,,,,2021-11-10,primary,1.0,0.003
SAMN24695921,PRJNA763692,,,,,,CN,,,,,,2021-11-10,primary,1.0,0.005
SAMN24695922,PRJNA763692,,,,,,CN,,,,,,2021-11-10,primary,1.0,0.002
SAMN24695923,PRJNA763692,,,,,,CN,,,,,,2021-11-10,primary,1.0,0.002
SAMN24695924,PRJNA763692,,,,,,CN,,,,,,2021-11-10,primary,1.0,0.003
SAMN24695925,PRJNA763692,,,,,,CN,,,,,,2021-11-10,primary,1.0,0.002
SAMN24695926,PRJNA763692,,,,,,CN,,,,,,2021-11-10,primary,1.0,0.002
SAMN24695927,PRJNA763692,,,,,,CN,,,,,,2021-11-10,primary,1.0,0.003
SAMN24695928,PRJNA763692,,,,,,CN,,,,,,2021-11-10,primary,1.0,0.002
SAMN24695929,PRJNA763692,,,,,,CN,,,,,,2021-11-10,primary,1.0,0.002
SAMN24695930,PRJNA763692,,,,,,CN,,,,,,2021-11-10,primary,1.0,0.002
SAMN24695931,PRJNA763692,,,,,,CN,,,,,,2021-11-10,primary,1.0,0.003
SAMN24695932,PRJNA763692,,,,,,CN,,,,,,2021-11-10,primary,1.0,0.002
SAMN24695933,PRJNA763692,,,,,,CN,,,,,,2021-11-10,primary,1.0,0.003
SAMN24695934,PRJNA763692,,,,,,CN,,,,,,2021-11-10,primary,1.0,0.003
SAMN24695935,PRJNA763692,,,,,,CN,,,,,,2021-11-10,primary,1.0,0.003
SAMN24695936,PRJNA763692,,,,,,CN,,,,,,2021-11-10,primary,1.0,0.003
SAMN24695937,PRJNA763692,,,,,,CN,,,,,,2021-11-10,primary,1.0,0.003
SAMN24695938,PRJNA763692,,,,,,CN,,,,,,2021-11-10,primary,1.0,0.003
SAMN24695939,PRJNA763692,,,,,,CN,,,,,,2021-11-10,primary,1.0,0.002
SAMN24695940,PRJNA763692,,,,,,CN,,,,,,2021-11-10,primary,1.0,0.003
SAMN24695941,PRJNA763692,,,,,,CN,,,,,,2021-11-10,primary,1.0,0.004
SAMN24695942,PRJNA763692,,,,,,CN,,,,,,2021-11-10,primary,1.0,0.003
SAMN24695943,PRJNA763692,,,,,,CN,,,,,,2021-11-10,primary,1.0,0.004
SAMN24695944,PRJNA763692,,,,,,CN,,,,,,2021-11-10,primary,1.0,0.003
SAMN24695945,PRJNA763692,,,,,,CN,,,,,,2021-11-10,primary,1.0,0.002
SAMN24695946,PRJNA763692,,,,,,CN,,,,,,2021-11-10,primary,1.0,0.003
SAMN24695947,PRJNA763692,,,,,,CN,,,,,,2021-11-10,primary,1.0,0.003
SAMN24695948,PRJNA763692,,,,,,CN,,,,,,2021-11-10,primary,1.0,0.005
SAMN24695949,PRJNA763692,,,,,,CN,,,,,,2021-11-10,primary,1.0,0.003
SAMN24695950,PRJNA763692,,,,,,CN,,,,,,2021-11-10,primary,1.0,0.003
SAMN24695951,PRJNA763692,,,,,,CN,,,,,,2021-11-10,primary,1.0,0.003
SAMN24695952,PRJNA763692,,,,,,CN,,,,,,2021-11-10,primary,1.0,0.003
SAMN24695953,PRJNA763692,,,,,,CN,,,,,,2021-11-10,primary,1.0,0.003
SAMN24695954,PRJNA763692,,,,,,CN,,,,,,2021-11-10,primary,1.0,0.003
SAMN24695955,PRJNA763692,,,,,,CN,,,,,,2021-11-10,primary,1.0,0.004
SAMN24695956,PRJNA763692,,,,,,CN,,,,,,2021-11-10,primary,1.0,0.004
SAMN24695957,PRJNA763692,,,,,,CN,,,,,,2021-11-10,primary,1.0,0.004
SAMN24695958,PRJNA763692,,,,,,CN,,,,,,2021-11-10,primary,1.0,0.002
SAMN24695959,PRJNA763692,,,,,,CN,,,,,,2021-11-10,primary,1.0,0.003
SAMN24695960,PRJNA763692,,,,,,CN,,,,,,2021-11-10,primary,1.0,0.003
SAMN24695961,PRJNA763692,,,,,,CN,,,,,,2021-11-10,primary,1.0,0.003
SAMN24695962,PRJNA763692,,,,,,CN,,,,,,2021-11-10,primary,1.0,0.002
SAMN24695963,PRJNA763692,,,,,,CN,,,,,,2021-11-10,primary,1.0,0.002
SAMN24695964,PRJNA763692,,,,,,CN,,,,,,2021-11-10,primary,1.0,0.004
SAMN24695965,PRJNA763692,,,,,,CN,,,,,,2021-11-10,primary,1.0,0.002
SAMN24695966,PRJNA763692,,,,,,CN,,,,,,2021-11-10,primary,1.0,0.002
SAMN24695967,PRJNA763692,,,,,,CN,,,,,,2021-11-10,primary,1.0,0.002
SAMN24695968,PRJNA763692,,,,,,CN,,,,,,2021-11-10,primary,1.0,0.003
SAMN24695969,PRJNA763692,,,,,,CN,,,,,,2021-11-10,primary,1.0,0.003
SAMN24695970,PRJNA763692,,,,,,CN,,,,,,2021-11-10,primary,1.0,0.005
SAMN24695971,PRJNA763692,,,,,,CN,,,,,,2021-11-10,primary,1.0,0.003
SAMN24695972,PRJNA763692,,,,,,CN,,,,,,2021-11-10,primary,1.0,0.005
SAMN24695973,PRJNA763692,,,,,,CN,,,,,,2021-11-10,primary,1.0,0.002
SAMN24695974,PRJNA763692,,,,,,CN,,,,,,2021-11-10,primary,1.0,0.003
SAMN24695975,PRJNA763692,,,,,,CN,,,,,,2021-11-10,primary,1.0,0.002
SAMN24695976,PRJNA763692,,,,,,CN,,,,,,2021-11-10,primary,1.0,0.004
SAMN24695977,PRJNA763692,,,,,,CN,,,,,,2021-11-10,primary,1.0,0.005
SAMN24695978,PRJNA763692,,,,,,CN,,,,,,2021-11-10,primary,1.0,0.003
SAMN24695979,PRJNA763692,,,,,,CN,,,,,,2021-11-10,primary,1.0,0.003
SAMN24695980,PRJNA763692,,,,,,CN,,,,,,2021-11-10,primary,1.0,0.003
SAMN24695981,PRJNA763692,,,,,,CN,,,,,,2021-11-10,primary,1.0,0.002
SAMN24695982,PRJNA763692,,,,,,CN,,,,,,2021-11-10,primary,1.0,0.002
SAMN24695983,PRJNA763692,,,,,,CN,,,,,,2021-11-10,primary,1.0,0.003
SAMN24695984,PRJNA763692,,,,,,CN,,,,,,2021-11-10,primary,1.0,0.003
SAMN24695985,PRJNA763692,,,,,,CN,,,,,,2021-11-10,primary,1.0,0.003
SAMN24695986,PRJNA763692,,,,,,CN,,,,,,2021-11-10,primary,1.0,0.002
SAMN24695987,PRJNA763692,,,,,,CN,,,,,,2021-11-10,primary,1.0,0.002
SAMN24695988,PRJNA763692,,,,,,CN,,,,,,2021-11-10,primary,1.0,0.006
SAMN24695989,PRJNA763692,,,,,,CN,,,,,,2021-11-10,primary,1.0,0.003
SAMN24695990,PRJNA763692,,,,,,CN,,,,,,2021-11-10,primary,1.0,0.003
SAMN24695991,PRJNA763692,,,,,,CN,,,,,,2021-11-10,primary,1.0,0.004
SAMN24695992,PRJNA763692,,,,,,CN,,,,,,2021-11-10,primary,1.0,0.003
SAMN24695993,PRJNA763692,,,,,,CN,,,,,,2021-11-10,primary,1.0,0.003
SAMN24695994,PRJNA763692,,,,,,CN,,,,,,2021-11-10,primary,1.0,0.002
SAMN24695995,PRJNA763692,,,,,,CN,,,,,,2021-11-10,primary,1.0,0.003
SAMN24695996,PRJNA763692,,,,,,CN,,,,,,2021-11-10,primary,1.0,0.003
SAMN24695997,PRJNA763692,,,,,,CN,,,,,,2021-11-10,primary,1.0,0.003
SAMN24695998,PRJNA763692,,,,,,CN,,,,,,2021-11-10,primary,1.0,0.003
SAMN24695999,PRJNA763692,,,,,,CN,,,,,,2021-11-10,primary,1.0,0.004
SAMN24696000,PRJNA763692,,,,,,CN,,,,,,2021-11-10,primary,1.0,0.003
SAMN24696001,PRJNA763692,,,,,,CN,,,,,,2021-11-10,primary,1.0,0.003
SAMN24696002,PRJNA763692,,,,,,CN,,,,,,2021-11-10,primary,1.0,0.002
SAMN24696003,PRJNA763692,,,,,,CN,,,,,,2021-11-10,primary,1.0,0.003
SAMN24696004,PRJNA763692,,,,,,CN,,,,,,2021-11-10,primary,1.0,0.003
SAMN24696005,PRJNA763692,,,,,,CN,,,,,,2021-11-10,primary,1.0,0.004
SAMN24696006,PRJNA763692,,,,,,CN,,,,,,2021-11-10,primary,1.0,0.004
SAMN24696007,PRJNA763692,,,,,,CN,,,,,,2021-11-10,primary,1.0,0.004
SAMN24696008,PRJNA763692,,,,,,CN,,,,,,2021-11-10,primary,1.0,0.002
SAMN24696009,PRJNA763692,,,,,,CN,,,,,,2021-11-10,primary,1.0,0.003
SAMN24696010,PRJNA763692,,,,,,CN,,,,,,2021-11-10,primary,1.0,0.006
SAMN24696011,PRJNA763692,,,,,,CN,,,,,,2021-11-10,primary,1.0,0.003
SAMN24696012,PRJNA763692,,,,,,CN,,,,,,2021-11-10,primary,1.0,0.003
SAMN24696013,PRJNA763692,,,,,,CN,,,,,,2021-11-10,primary,1.0,0.003
SAMN24696014,PRJNA763692,,,,,,CN,,,,,,2021-11-10,primary,1.0,0.002
SAMN24696015,PRJNA763692,,,,,,CN,,,,,,2021-11-10,primary,1.0,0.002
SAMN24696016,PRJNA763692,,,,,,CN,,,,,,2021-11-10,primary,1.0,0.003
SAMN24696017,PRJNA763692,,,,,,CN,,,,,,2021-11-10,primary,1.0,0.003
SAMN24696018,PRJNA763692,,,,,,CN,,,,,,2021-11-10,primary,1.0,0.002
SAMN24696019,PRJNA763692,,,,,,CN,,,,,,2021-11-10,primary,1.0,0.002
SAMN24696020,PRJNA763692,,,,,,CN,,,,,,2021-11-10,primary,1.0,0.002
SAMN24696021,PRJNA763692,,,,,,CN,,,,,,2021-11-10,primary,1.0,0.001
SAMN24696022,PRJNA763692,,,,,,CN,,,,,,2021-11-10,primary,1.0,0.003
SAMN24696023,PRJNA763692,,,,,,CN,,,,,,2021-11-10,primary,1.0,0.002
SAMN24696024,PRJNA763692,,,,,,CN,,,,,,2021-11-10,primary,1.0,0.003
SAMN24696025,PRJNA763692,,,,,,CN,,,,,,2021-11-10,primary,1.0,0.003
SAMN24696026,PRJNA763692,,,,,,CN,,,,,,2021-11-10,primary,1.0,0.003
SAMN24696027,PRJNA763692,,,,,,CN,,,,,,2021-11-10,primary,1.0,0.005
SAMN24696028,PRJNA763692,,,,,,CN,,,,,,2021-11-10,primary,1.0,0.003
SAMN24696029,PRJNA763692,,,,,,CN,,,,,,2021-11-10,primary,1.0,0.004
SAMN24696030,PRJNA763692,,,,,,CN,,,,,,2021-11-10,primary,1.0,0.003
SAMN24696031,PRJNA763692,,,,,,CN,,,,,,2021-11-10,primary,1.0,0.003
SAMN24696032,PRJNA763692,,,,,,CN,,,,,,2021-11-10,primary,1.0,0.002
SAMN24696033,PRJNA763692,,,,,,CN,,,,,,2021-11-10,primary,1.0,0.003
SAMN24696034,PRJNA763692,,,,,,CN,,,,,,2021-11-10,primary,1.0,0.004
SAMN24696035,PRJNA763692,,,,,,CN,,,,,,2021-11-10,primary,1.0,0.003
SAMN24696036,PRJNA763692,,,,,,CN,,,,,,2021-11-10,primary,1.0,0.004
SAMN24696037,PRJNA763692,,,,,,CN,,,,,,2021-11-10,primary,1.0,0.003
SAMN24696038,PRJNA763692,,,,,,CN,,,,,,2021-11-10,primary,1.0,0.003
SAMN24696039,PRJNA763692,,,,,,CN,,,,,,2021-11-10,primary,1.0,0.003
SAMN24696040,PRJNA763692,,,,,,CN,,,,,,2021-11-10,primary,1.0,0.003
SAMN24696041,PRJNA763692,,,,,,CN,,,,,,2021-11-10,primary,1.0,0.003
SAMN24696042,PRJNA763692,,,,,,CN,,,,,,2021-11-10,primary,1.0,0.003
SAMN24696043,PRJNA763692,,,,,,CN,,,,,,2021-11-10,primary,1.0,0.003
SAMN24696044,PRJNA763692,,,,,,CN,,,,,,2021-11-10,primary,1.0,0.004
SAMN24696045,PRJNA763692,,,,,,CN,,,,,,2021-11-10,primary,1.0,0.004
SAMN24696046,PRJNA763692,,,,,,CN,,,,,,2021-11-10,primary,1.0,0.003
SAMN24696047,PRJNA763692,,,,,,CN,,,,,,2021-11-10,primary,1.0,0.003
SAMN24696048,PRJNA763692,,,,,,CN,,,,,,2021-11-10,primary,1.0,0.003
SAMN24696049,PRJNA763692,,,,,,CN,,,,,,2021-11-10,primary,1.0,0.004
SAMN24696050,PRJNA763692,,,,,,CN,,,,,,2021-11-10,primary,1.0,0.002
SAMN24696051,PRJNA763692,,,,,,CN,,,,,,2021-11-10,primary,1.0,0.002
SAMN24696052,PRJNA763692,,,,,,CN,,,,,,2021-11-10,primary,1.0,0.003
SAMN24696053,PRJNA763692,,,,,,CN,,,,,,2021-11-10,primary,1.0,0.005
SAMN24696054,PRJNA763692,,,,,,CN,,,,,,2021-11-10,primary,1.0,0.003
SAMN24696055,PRJNA763692,,,,,,CN,,,,,,2021-11-10,primary,1.0,0.002
SAMN24696056,PRJNA763692,,,,,,CN,,,,,,2021-11-10,primary,1.0,0.004
SAMN24696057,PRJNA763692,,,,,,CN,,,,,,2021-11-10,primary,1.0,0.005
SAMN24696058,PRJNA763692,,,,,,CN,,,,,,2021-11-10,primary,1.0,0.003
SAMN24696059,PRJNA763692,,,,,,CN,,,,,,2021-11-10,primary,1.0,0.003
SAMN24696060,PRJNA763692,,,,,,CN,,,,,,2021-11-10,primary,1.0,0.003
SAMN24696061,PRJNA763692,,,,,,CN,,,,,,2021-11-10,primary,1.0,0.003
SAMN24696062,PRJNA763692,,,,,,CN,,,,,,2021-11-10,primary,1.0,0.003
SAMN24696063,PRJNA763692,,,,,,CN,,,,,,2021-11-10,primary,1.0,0.003
SAMN24696064,PRJNA763692,,,,,,CN,,,,,,2021-11-10,primary,1.0,0.003
SAMN24696065,PRJNA763692,,,,,,CN,,,,,,2021-11-10,primary,1.0,0.002
SAMN24696066,PRJNA763692,,,,,,CN,,,,,,2021-11-10,primary,1.0,0.002
SAMN24696067,PRJNA763692,,,,,,CN,,,,,,2021-11-10,primary,1.0,0.002
SAMN24696068,PRJNA763692,,,,,,CN,,,,,,2021-11-10,primary,1.0,0.002
SAMN24696069,PRJNA763692,,,,,,CN,,,,,,2021-11-10,primary,1.0,0.003
SAMN24696070,PRJNA763692,,,,,,CN,,,,,,2021-11-10,primary,1.0,0.002
SAMN24696071,PRJNA763692,,,,,,CN,,,,,,2021-11-10,primary,1.0,0.002
SAMN24696072,PRJNA763692,,,,,,CN,,,,,,2021-11-10,primary,1.0,0.004
SAMN24696073,PRJNA763692,,,,,,CN,,,,,,2021-11-10,primary,1.0,0.003
SAMN24696074,PRJNA763692,,,,,,CN,,,,,,2021-11-10,primary,1.0,0.003
SAMN24696075,PRJNA763692,,,,,,CN,,,,,,2021-11-10,primary,1.0,0.005
SAMN24696076,PRJNA763692,,,,,,CN,,,,,,2021-11-10,primary,1.0,0.003
SAMN24696077,PRJNA763692,,,,,,CN,,,,,,2021-11-10,primary,1.0,0.003
SAMN24696078,PRJNA763692,,,,,,CN,,,,,,2021-11-10,primary,1.0,0.003
SAMN24696079,PRJNA763692,,,,,,CN,,,,,,2021-11-10,primary,1.0,0.002
SAMN24696080,PRJNA763692,,,,,,CN,,,,,,2021-11-10,primary,1.0,0.003
SAMN24696081,PRJNA763692,,,,,,CN,,,,,,2021-11-10,primary,1.0,0.004
SAMN24696082,PRJNA763692,,,,,,CN,,,,,,2021-11-10,primary,1.0,0.004
SAMN24696083,PRJNA763692,,,,,,CN,,,,,,2021-11-10,primary,1.0,0.002
SAMN24696084,PRJNA763692,,,,,,CN,,,,,,2021-11-10,primary,1.0,0.002
SAMN24696085,PRJNA763692,,,,,,CN,,,,,,2021-11-10,primary,1.0,0.003
SAMN24696086,PRJNA763692,,,,,,CN,,,,,,2021-11-10,primary,1.0,0.003
SAMN24696087,PRJNA763692,,,,,,CN,,,,,,2021-11-10,primary,1.0,0.003
SAMN24696088,PRJNA763692,,,,,,CN,,,,,,2021-11-10,primary,1.0,0.004
SAMN24696089,PRJNA763692,,,,,,CN,,,,,,2021-11-10,primary,1.0,0.003
SAMN24696090,PRJNA763692,,,,,,CN,,,,,,2021-11-10,primary,1.0,0.004
SAMN24696091,PRJNA763692,,,,,,CN,,,,,,2021-11-10,primary,1.0,0.002
SAMN24696092,PRJNA763692,,,,,,CN,,,,,,2021-11-10,primary,1.0,0.002
SAMN24696093,PRJNA763692,,,,,,CN,,,,,,2021-11-10,primary,1.0,0.005
SAMN24696094,PRJNA763692,,,,,,CN,,,,,,2021-11-10,primary,1.0,0.003
SAMN24696095,PRJNA763692,,,,,,CN,,,,,,2021-11-10,primary,1.0,0.003
SAMN24696096,PRJNA763692,,,,,,CN,,,,,,2021-11-10,primary,1.0,0.002
SAMN24696097,PRJNA763692,,,,,,CN,,,,,,2021-11-10,primary,1.0,0.005
SAMN24696098,PRJNA763692,,,,,,CN,,,,,,2021-11-10,primary,1.0,0.003
SAMN24696099,PRJNA763692,,,,,,CN,,,,,,2021-11-10,primary,1.0,0.002
SAMN24696100,PRJNA763692,,,,,,CN,,,,,,2021-11-10,primary,1.0,0.004
SAMN24696101,PRJNA763692,,,,,,CN,,,,,,2021-11-10,primary,1.0,0.003
SAMN24696102,PRJNA763692,,,,,,CN,,,,,,2021-11-10,primary,1.0,0.003
SAMN24696103,PRJNA763692,,,,,,CN,,,,,,2021-11-10,primary,1.0,0.003
SAMN24696104,PRJNA763692,,,,,,CN,,,,,,2021-11-10,primary,1.0,0.003
SAMN24696105,PRJNA763692,,,,,,CN,,,,,,2021-11-10,primary,1.0,0.004
SAMN24696106,PRJNA763692,,,,,,CN,,,,,,2021-11-10,primary,1.0,0.003
SAMN24696107,PRJNA763692,,,,,,CN,,,,,,2021-11-10,primary,1.0,0.003
SAMN24696108,PRJNA763692,,,,,,CN,,,,,,2021-11-10,primary,1.0,0.005
SAMN24696109,PRJNA763692,,,,,,CN,,,,,,2021-11-10,primary,1.0,0.003
SAMN24696110,PRJNA763692,,,,,,CN,,,,,,2021-11-10,primary,1.0,0.003
SAMN24696111,PRJNA763692,,,,,,CN,,,,,,2021-11-10,primary,1.0,0.002
SAMN24696112,PRJNA763692,,,,,,CN,,,,,,2021-11-10,primary,1.0,0.002
SAMN24696113,PRJNA763692,,,,,,CN,,,,,,2021-11-10,primary,1.0,0.002
SAMN24696114,PRJNA763692,,,,,,CN,,,,,,2021-11-10,primary,1.0,0.003
SAMN24696115,PRJNA763692,,,,,,CN,,,,,,2021-11-10,primary,1.0,0.003
SAMN24696116,PRJNA763692,,,,,,CN,,,,,,2021-11-10,primary,1.0,0.002
SAMN24696117,PRJNA763692,,,,,,CN,,,,,,2021-11-10,primary,1.0,0.004
SAMN24696118,PRJNA763692,,,,,,CN,,,,,,2021-11-10,primary,1.0,0.003
SAMN24696119,PRJNA763692,,,,,,CN,,,,,,2021-11-10,primary,1.0,0.005
SAMN24696120,PRJNA763692,,,,,,CN,,,,,,2021-11-10,primary,1.0,0.003
SAMN24696121,PRJNA763692,,,,,,CN,,,,,,2021-11-10,primary,1.0,0.003
SAMN24696122,PRJNA763692,,,,,,CN,,,,,,2021-11-10,primary,1.0,0.003
SAMN24696123,PRJNA763692,,,,,,CN,,,,,,2021-11-10,primary,1.0,0.003
SAMN24696124,PRJNA763692,,,,,,CN,,,,,,2021-11-10,primary,1.0,0.003
SAMN24696125,PRJNA763692,,,,,,CN,,,,,,2021-11-10,primary,1.0,0.004
SAMN24696126,PRJNA763692,,,,,,CN,,,,,,2021-11-10,primary,1.0,0.003
SAMN24696127,PRJNA763692,,,,,,CN,,,,,,2021-11-10,primary,1.0,0.005
SAMN24696128,PRJNA763692,,,,,,CN,,,,,,2021-11-10,primary,1.0,0.003
SAMN24696129,PRJNA763692,,,,,,CN,,,,,,2021-11-10,primary,1.0,0.003
SAMN24696130,PRJNA763692,,,,,,CN,,,,,,2021-11-10,primary,1.0,0.003
SAMN24696131,PRJNA763692,,,,,,CN,,,,,,2021-11-10,primary,1.0,0.004
SAMN24696132,PRJNA763692,,,,,,CN,,,,,,2021-11-10,primary,1.0,0.002
SAMN24696133,PRJNA763692,,,,,,CN,,,,,,2021-11-10,primary,1.0,0.003
SAMN24696134,PRJNA763692,,,,,,CN,,,,,,2021-11-10,primary,1.0,0.003
SAMN24696135,PRJNA763692,,,,,,CN,,,,,,2021-11-10,primary,1.0,0.003
SAMN24696136,PRJNA763692,,,,,,CN,,,,,,2021-11-10,primary,1.0,0.003
SAMN24696137,PRJNA763692,,,,,,CN,,,,,,2021-11-10,primary,1.0,0.004
SAMN24696138,PRJNA763692,,,,,,CN,,,,,,2021-11-10,primary,1.0,0.002
SAMN24696139,PRJNA763692,,,,,,CN,,,,,,2021-11-10,primary,1.0,0.002
SAMN24696140,PRJNA763692,,,,,,CN,,,,,,2021-11-10,primary,1.0,0.003
SAMN24696141,PRJNA763692,,,,,,CN,,,,,,2021-11-10,primary,1.0,0.003
SAMN24696142,PRJNA763692,,,,,,CN,,,,,,2021-11-10,primary,1.0,0.002
SAMN24696143,PRJNA763692,,,,,,CN,,,,,,2021-11-10,primary,1.0,0.003
SAMN24696144,PRJNA763692,,,,,,CN,,,,,,2021-11-10,primary,1.0,0.003
SAMN24696145,PRJNA763692,,,,,,CN,,,,,,2021-11-10,primary,1.0,0.002
SAMN24696146,PRJNA763692,,,,,,CN,,,,,,2021-11-10,primary,1.0,0.003
SAMN24696147,PRJNA763692,,,,,,CN,,,,,,2021-11-10,primary,1.0,0.003
SAMN24696148,PRJNA763692,,,,,,CN,,,,,,2021-11-10,primary,1.0,0.005
SAMN24696149,PRJNA763692,,,,,,CN,,,,,,2021-11-10,primary,1.0,0.003
SAMN24696150,PRJNA763692,,,,,,CN,,,,,,2021-11-10,primary,1.0,0.002
SAMN24696151,PRJNA763692,,,,,,CN,,,,,,2021-11-10,primary,1.0,0.004
SAMN24696152,PRJNA763692,,,,,,CN,,,,,,2021-11-10,primary,1.0,0.003
SAMN24696153,PRJNA763692,,,,,,CN,,,,,,2021-11-10,primary,1.0,0.003
SAMN24696154,PRJNA763692,,,,,,CN,,,,,,2021-11-10,primary,1.0,0.003
SAMN24696155,PRJNA763692,,,,,,CN,,,,,,2021-11-10,primary,1.0,0.002
SAMN24696156,PRJNA763692,,,,,,CN,,,,,,2021-11-10,primary,1.0,0.003
SAMN24696157,PRJNA763692,,,,,,CN,,,,,,2021-11-10,primary,1.0,0.002
SAMN24696158,PRJNA763692,,,,,,CN,,,,,,2021-11-10,primary,1.0,0.002
SAMN24696159,PRJNA763692,,,,,,CN,,,,,,2021-11-10,primary,1.0,0.002
SAMN24696160,PRJNA763692,,,,,,CN,,,,,,2021-11-10,primary,1.0,0.002
SAMN24696161,PRJNA763692,,,,,,CN,,,,,,2021-11-10,primary,1.0,0.003
SAMN24696162,PRJNA763692,,,,,,CN,,,,,,2021-11-10,primary,1.0,0.004
SAMN24696163,PRJNA763692,,,,,,CN,,,,,,2021-11-10,primary,1.0,0.006
SAMN24696164,PRJNA763692,,,,,,CN,,,,,,2021-11-10,primary,1.0,0.004
SAMN24696165,PRJNA763692,,,,,,CN,,,,,,2021-11-10,primary,1.0,0.003
SAMN24696166,PRJNA763692,,,,,,CN,,,,,,2021-11-10,primary,1.0,0.002
SAMN24696167,PRJNA763692,,,,,,CN,,,,,,2021-11-10,primary,1.0,0.003
SAMN24696168,PRJNA763692,,,,,,CN,,,,,,2021-11-10,primary,1.0,0.002
SAMN24696169,PRJNA763692,,,,,,CN,,,,,,2021-11-10,primary,1.0,0.002
SAMN24696170,PRJNA763692,,,,,,CN,,,,,,2021-11-10,primary,1.0,0.003
SAMN24696171,PRJNA763692,,,,,,CN,,,,,,2021-11-10,primary,1.0,0.003
SAMN24696172,PRJNA763692,,,,,,CN,,,,,,2021-11-10,primary,1.0,0.003
SAMN24696173,PRJNA763692,,,,,,CN,,,,,,2021-11-10,primary,1.0,0.005
SAMN24696174,PRJNA763692,,,,,,CN,,,,,,2021-11-10,primary,1.0,0.002
SAMN24696175,PRJNA763692,,,,,,CN,,,,,,2021-11-10,primary,1.0,0.005
SAMN24696176,PRJNA763692,,,,,,CN,,,,,,2021-11-10,primary,1.0,0.003
SAMN24696177,PRJNA763692,,,,,,CN,,,,,,2021-11-10,primary,1.0,0.002
SAMN24696178,PRJNA763692,,,,,,CN,,,,,,2021-11-10,primary,1.0,0.003
SAMN24696179,PRJNA763692,,,,,,CN,,,,,,2021-11-10,primary,1.0,0.002
SAMN24696180,PRJNA763692,,,,,,CN,,,,,,2021-11-10,primary,1.0,0.002
SAMN24696181,PRJNA763692,,,,,,CN,,,,,,2021-11-10,primary,1.0,0.002
SAMN24696182,PRJNA763692,,,,,,CN,,,,,,2021-11-10,primary,1.0,0.002
SAMN24696183,PRJNA763692,,,,,,CN,,,,,,2021-11-10,primary,1.0,0.004
SAMN24696184,PRJNA763692,,,,,,CN,,,,,,2021-11-10,primary,1.0,0.004
SAMN24696185,PRJNA763692,,,,,,CN,,,,,,2021-11-10,primary,1.0,0.003
SAMN24696186,PRJNA763692,,,,,,CN,,,,,,2021-11-10,primary,1.0,0.003
SAMN24696187,PRJNA763692,,,,,,CN,,,,,,2021-11-10,primary,1.0,0.003
SAMN24696188,PRJNA763692,,,,,,CN,,,,,,2021-11-10,primary,1.0,0.002
SAMN24696189,PRJNA763692,,,,,,CN,,,,,,2021-11-10,primary,1.0,0.005
SAMN24696190,PRJNA763692,,,,,,CN,,,,,,2021-11-10,primary,1.0,0.003
SAMN24696191,PRJNA763692,,,,,,CN,,,,,,2021-11-10,primary,1.0,0.002
SAMN24696192,PRJNA763692,,,,,,CN,,,,,,2021-11-10,primary,1.0,0.004
SAMN24696193,PRJNA763692,,,,,,CN,,,,,,2021-11-10,primary,1.0,0.002
SAMN24696194,PRJNA763692,,,,,,CN,,,,,,2021-11-10,primary,1.0,0.004
SAMN24696195,PRJNA763692,,,,,,CN,,,,,,2021-11-10,primary,1.0,0.003
SAMN24696196,PRJNA763692,,,,,,CN,,,,,,2021-11-10,primary,1.0,0.006
SAMN24696197,PRJNA763692,,,,,,CN,,,,,,2021-11-10,primary,1.0,0.003
SAMN24696198,PRJNA763692,,,,,,CN,,,,,,2021-11-10,primary,1.0,0.002
SAMN24696199,PRJNA763692,,,,,,CN,,,,,,2021-11-10,primary,1.0,0.003
SAMN24696200,PRJNA763692,,,,,,CN,,,,,,2021-11-10,primary,1.0,0.003
SAMN24696201,PRJNA763692,,,,,,CN,,,,,,2021-11-10,primary,1.0,0.003
SAMN24696202,PRJNA763692,,,,,,CN,,,,,,2021-11-10,primary,1.0,0.003
SAMN24696203,PRJNA763692,,,,,,CN,,,,,,2021-11-10,primary,1.0,0.002
SAMN24696204,PRJNA763692,,,,,,CN,,,,,,2021-11-10,primary,1.0,0.003
SAMN24696205,PRJNA763692,,,,,,CN,,,,,,2021-11-10,primary,1.0,0.003
SAMN24696206,PRJNA763692,,,,,,CN,,,,,,2021-11-10,primary,1.0,0.003
SAMN24696207,PRJNA763692,,,,,,CN,,,,,,2021-11-10,primary,1.0,0.003
SAMN24696208,PRJNA763692,,,,,,CN,,,,,,2021-11-10,primary,1.0,0.003
SAMN24696209,PRJNA763692,,,,,,CN,,,,,,2021-11-10,primary,1.0,0.004
SAMN24696210,PRJNA763692,,,,,,CN,,,,,,2021-11-10,primary,1.0,0.003
SAMN24696211,PRJNA763692,,,,,,CN,,,,,,2021-11-10,primary,1.0,0.002
SAMN24696212,PRJNA763692,,,,,,CN,,,,,,2021-11-10,primary,1.0,0.003
SAMN24696213,PRJNA763692,,,,,,CN,,,,,,2021-11-10,primary,1.0,0.002
SAMN24696214,PRJNA763692,,,,,,CN,,,,,,2021-11-10,primary,1.0,0.004
SAMN24696215,PRJNA763692,,,,,,CN,,,,,,2021-11-10,primary,1.0,0.003
SAMN24696216,PRJNA763692,,,,,,CN,,,,,,2021-11-10,primary,1.0,0.0
SAMN24696217,PRJNA763692,,,,,,CN,,,,,,2021-11-10,primary,1.0,0.005
SAMN24696218,PRJNA763692,,,,,,CN,,,,,,2021-11-10,primary,1.0,0.003
SAMN24696219,PRJNA763692,,,,,,CN,,,,,,2021-11-10,primary,1.0,0.003
SAMN24696220,PRJNA763692,,,,,,CN,,,,,,2021-11-10,primary,1.0,0.004
SAMN24696221,PRJNA763692,,,,,,CN,,,,,,2021-11-10,primary,1.0,0.003
SAMN24696222,PRJNA763692,,,,,,CN,,,,,,2021-11-10,primary,1.0,0.003
SAMN24696223,PRJNA763692,,,,,,CN,,,,,,2021-11-10,primary,1.0,0.003
SAMN24696224,PRJNA763692,,,,,,CN,,,,,,2021-11-10,primary,1.0,0.002
SAMN24696225,PRJNA763692,,,,,,CN,,,,,,2021-11-10,primary,1.0,0.003
SAMN24696226,PRJNA763692,,,,,,CN,,,,,,2021-11-10,primary,1.0,0.002
SAMN24696227,PRJNA763692,,,,,,CN,,,,,,2021-11-10,primary,1.0,0.004
SAMN24696228,PRJNA763692,,,,,,CN,,,,,,2021-11-10,primary,1.0,0.003
SAMN24696229,PRJNA763692,,,,,,CN,,,,,,2021-11-10,primary,1.0,0.002
SAMN24696230,PRJNA763692,,,,,,CN,,,,,,2021-11-10,primary,1.0,0.002
SAMN24696231,PRJNA763692,,,,,,CN,,,,,,2021-11-10,primary,1.0,0.003
SAMN24696232,PRJNA763692,,,,,,CN,,,,,,2021-11-10,primary,1.0,0.003
SAMN24696233,PRJNA763692,,,,,,CN,,,,,,2021-11-10,primary,1.0,0.002
SAMN24696234,PRJNA763692,,,,,,CN,,,,,,2021-11-10,primary,1.0,0.002
SAMN24696235,PRJNA763692,,,,,,CN,,,,,,2021-11-10,primary,1.0,0.003
SAMN24696236,PRJNA763692,,,,,,CN,,,,,,2021-11-10,primary,1.0,0.003
SAMN24696237,PRJNA763692,,,,,,CN,,,,,,2021-11-10,primary,1.0,0.002
SAMN24696238,PRJNA763692,,,,,,CN,,,,,,2021-11-10,primary,1.0,0.005
SAMN24696239,PRJNA763692,,,,,,CN,,,,,,2021-11-10,primary,1.0,0.002
SAMN24696240,PRJNA763692,,,,,,CN,,,,,,2021-11-10,primary,1.0,0.002
SAMN24696241,PRJNA763692,,,,,,CN,,,,,,2021-11-10,primary,1.0,0.002
SAMN24696242,PRJNA763692,,,,,,CN,,,,,,2021-11-10,primary,1.0,0.003
SAMN24696243,PRJNA763692,,,,,,CN,,,,,,2021-11-10,primary,1.0,0.003
SAMN24696244,PRJNA763692,,,,,,CN,,,,,,2021-11-10,primary,1.0,0.003
SAMN24696245,PRJNA763692,,,,,,CN,,,,,,2021-11-10,primary,1.0,0.003
SAMN24696246,PRJNA763692,,,,,,CN,,,,,,2021-11-10,primary,1.0,0.003
SAMN24696247,PRJNA763692,,,,,,CN,,,,,,2021-11-10,primary,1.0,0.003
SAMN24696248,PRJNA763692,,,,,,CN,,,,,,2021-11-10,primary,1.0,0.002
SAMN24696249,PRJNA763692,,,,,,CN,,,,,,2021-11-10,primary,1.0,0.003
SAMN24696250,PRJNA763692,,,,,,CN,,,,,,2021-11-10,primary,1.0,0.003
SAMN24696251,PRJNA763692,,,,,,CN,,,,,,2021-11-10,primary,1.0,0.004
SAMN24696252,PRJNA763692,,,,,,CN,,,,,,2021-11-10,primary,1.0,0.003
SAMN24696253,PRJNA763692,,,,,,CN,,,,,,2021-11-10,primary,1.0,0.002
SAMN24696254,PRJNA763692,,,,,,CN,,,,,,2021-11-10,primary,1.0,0.003
SAMN24696255,PRJNA763692,,,,,,CN,,,,,,2021-11-10,primary,1.0,0.003
SAMN24696256,PRJNA763692,,,,,,CN,,,,,,2021-11-10,primary,1.0,0.004
SAMN24696257,PRJNA763692,,,,,,CN,,,,,,2021-11-10,primary,1.0,0.006
SAMN24696258,PRJNA763692,,,,,,CN,,,,,,2021-11-10,primary,1.0,0.002
SAMN24696259,PRJNA763692,,,,,,CN,,,,,,2021-11-10,primary,1.0,0.003
SAMN24696260,PRJNA763692,,,,,,CN,,,,,,2021-11-10,primary,1.0,0.003
SAMN24696261,PRJNA763692,,,,,,CN,,,,,,2021-11-10,primary,1.0,0.003
SAMN24696262,PRJNA763692,,,,,,CN,,,,,,2021-11-10,primary,1.0,0.005
SAMN24696263,PRJNA763692,,,,,,CN,,,,,,2021-11-10,primary,1.0,0.003
SAMN24696264,PRJNA763692,,,,,,CN,,,,,,2021-11-10,primary,1.0,0.002
SAMN24696265,PRJNA763692,,,,,,CN,,,,,,2021-11-10,primary,1.0,0.002
SAMN24696266,PRJNA763692,,,,,,CN,,,,,,2021-11-10,primary,1.0,0.003
SAMN24696267,PRJNA763692,,,,,,CN,,,,,,2021-11-10,primary,1.0,0.002
SAMN24696268,PRJNA763692,,,,,,CN,,,,,,2021-11-10,primary,1.0,0.003
SAMN24696269,PRJNA763692,,,,,,CN,,,,,,2021-11-10,primary,1.0,0.003
SAMN24696270,PRJNA763692,,,,,,CN,,,,,,2021-11-10,primary,1.0,0.004
SAMN24696271,PRJNA763692,,,,,,CN,,,,,,2021-11-10,primary,1.0,0.002
SAMN24696272,PRJNA763692,,,,,,CN,,,,,,2021-11-10,primary,1.0,0.002
SAMN24696273,PRJNA763692,,,,,,CN,,,,,,2021-11-10,primary,1.0,0.002
SAMN24696274,PRJNA763692,,,,,,CN,,,,,,2021-11-10,primary,1.0,0.003
SAMN24696275,PRJNA763692,,,,,,CN,,,,,,2021-11-10,primary,1.0,0.002
SAMN24696276,PRJNA763692,,,,,,CN,,,,,,2021-11-10,primary,1.0,0.002
SAMN24696277,PRJNA763692,,,,,,CN,,,,,,2021-11-10,primary,1.0,0.003
SAMN24696278,PRJNA763692,,,,,,CN,,,,,,2021-11-10,primary,1.0,0.003
SAMN24696279,PRJNA763692,,,,,,CN,,,,,,2021-11-10,primary,1.0,0.001
SAMN24696280,PRJNA763692,,,,,,CN,,,,,,2021-11-10,primary,1.0,0.002
SAMN24696281,PRJNA763692,,,,,,CN,,,,,,2021-11-10,primary,1.0,0.002
SAMN24696282,PRJNA763692,,,,,,CN,,,,,,2021-11-10,primary,1.0,0.004
SAMN24696283,PRJNA763692,,,,,,CN,,,,,,2021-11-10,primary,1.0,0.004
SAMN24696284,PRJNA763692,,,,,,CN,,,,,,2021-11-10,primary,1.0,0.003
SAMN24696285,PRJNA763692,,,,,,CN,,,,,,2021-11-10,primary,1.0,0.003
SAMN24696286,PRJNA763692,,,,,,CN,,,,,,2021-11-10,primary,1.0,0.003
SAMN24696287,PRJNA763692,,,,,,CN,,,,,,2021-11-10,primary,1.0,0.005
SAMN24696288,PRJNA763692,,,,,,CN,,,,,,2021-11-10,primary,1.0,0.004
SAMN24696289,PRJNA763692,,,,,,CN,,,,,,2021-11-10,primary,1.0,0.003
SAMN24696290,PRJNA763692,,,,,,CN,,,,,,2021-11-10,primary,1.0,0.003
SAMN24696291,PRJNA763692,,,,,,CN,,,,,,2021-11-10,primary,1.0,0.003
SAMN24696292,PRJNA763692,,,,,,CN,,,,,,2021-11-10,primary,1.0,0.002
SAMN24696293,PRJNA763692,,,,,,CN,,,,,,2021-11-10,primary,1.0,0.002
SAMN24696294,PRJNA763692,,,,,,CN,,,,,,2021-11-10,primary,1.0,0.002
SAMN24696295,PRJNA763692,,,,,,CN,,,,,,2021-11-10,primary,1.0,0.002
SAMN24696296,PRJNA763692,,,,,,CN,,,,,,2021-11-10,primary,1.0,0.003
SAMN24696297,PRJNA763692,,,,,,CN,,,,,,2021-11-10,primary,1.0,0.002
SAMN24696298,PRJNA763692,,,,,,CN,,,,,,2021-11-10,primary,1.0,0.005
SAMN24696299,PRJNA763692,,,,,,CN,,,,,,2021-11-10,primary,1.0,0.002
SAMN24696300,PRJNA763692,,,,,,CN,,,,,,2021-11-10,primary,1.0,0.002
SAMN24696301,PRJNA763692,,,,,,CN,,,,,,2021-11-10,primary,1.0,0.002
SAMN24696302,PRJNA763692,,,,,,CN,,,,,,2021-11-10,primary,1.0,0.005
SAMN24696303,PRJNA763692,,,,,,CN,,,,,,2021-11-10,primary,1.0,0.002
SAMN24696304,PRJNA763692,,,,,,CN,,,,,,2021-11-10,primary,1.0,0.005
SAMN24696305,PRJNA763692,,,,,,CN,,,,,,2021-11-10,primary,1.0,0.002
SAMN24696306,PRJNA763692,,,,,,CN,,,,,,2021-11-10,primary,1.0,0.003
SAMN24696307,PRJNA763692,,,,,,CN,,,,,,2021-11-10,primary,1.0,0.006
SAMN24696308,PRJNA763692,,,,,,CN,,,,,,2021-11-10,primary,1.0,0.003
SAMN24696309,PRJNA763692,,,,,,CN,,,,,,2021-11-10,primary,1.0,0.003
SAMN24696310,PRJNA763692,,,,,,CN,,,,,,2021-11-10,primary,1.0,0.003
SAMN24696311,PRJNA763692,,,,,,CN,,,,,,2021-11-10,primary,1.0,0.004
SAMN24696312,PRJNA763692,,,,,,CN,,,,,,2021-11-10,primary,1.0,0.004
SAMN24696313,PRJNA763692,,,,,,CN,,,,,,2021-11-10,primary,1.0,0.003
SAMN24696314,PRJNA763692,,,,,,CN,,,,,,2021-11-10,primary,1.0,0.003
SAMN24696315,PRJNA763692,,,,,,CN,,,,,,2021-11-10,primary,1.0,0.002
SAMN24696316,PRJNA763692,,,,,,CN,,,,,,2021-11-10,primary,1.0,0.002
SAMN24696317,PRJNA763692,,,,,,CN,,,,,,2021-11-10,primary,1.0,0.002
SAMN24696318,PRJNA763692,,,,,,CN,,,,,,2021-11-10,primary,1.0,0.0
SAMN24696319,PRJNA763692,,,,,,CN,,,,,,2021-11-10,primary,1.0,0.003
SAMN24696320,PRJNA763692,,,,,,CN,,,,,,2021-11-10,primary,1.0,0.002
SAMN24696321,PRJNA763692,,,,,,CN,,,,,,2021-11-10,primary,1.0,0.003
SAMN24696322,PRJNA763692,,,,,,CN,,,,,,2021-11-10,primary,1.0,0.003
SAMN24696323,PRJNA763692,,,,,,CN,,,,,,2021-11-10,primary,1.0,0.002
SAMN24696324,PRJNA763692,,,,,,CN,,,,,,2021-11-10,primary,1.0,0.002
SAMN24696325,PRJNA763692,,,,,,CN,,,,,,2021-11-10,primary,1.0,0.004
SAMN24696326,PRJNA763692,,,,,,CN,,,,,,2021-11-10,primary,1.0,0.003
SAMN24696327,PRJNA763692,,,,,,CN,,,,,,2021-11-10,primary,1.0,0.003
SAMN24696328,PRJNA763692,,,,,,CN,,,,,,2021-11-10,primary,1.0,0.005
SAMN24696329,PRJNA763692,,,,,,CN,,,,,,2021-11-10,primary,1.0,0.002
SAMN24696330,PRJNA763692,,,,,,CN,,,,,,2021-11-10,primary,1.0,0.003
SAMN24696331,PRJNA763692,,,,,,CN,,,,,,2021-11-10,primary,1.0,0.004
SAMN24696332,PRJNA763692,,,,,,CN,,,,,,2021-11-10,primary,1.0,0.003
SAMN24696333,PRJNA763692,,,,,,CN,,,,,,2021-11-10,primary,1.0,0.004
SAMN24696334,PRJNA763692,,,,,,CN,,,,,,2021-11-10,primary,1.0,0.005
SAMN24696335,PRJNA763692,,,,,,CN,,,,,,2021-11-10,primary,1.0,0.002
SAMN24696336,PRJNA763692,,,,,,CN,,,,,,2021-11-10,primary,1.0,0.003
SAMN24696337,PRJNA763692,,,,,,CN,,,,,,2021-11-10,primary,1.0,0.003
SAMN24696338,PRJNA763692,,,,,,CN,,,,,,2021-11-10,primary,1.0,0.002
SAMN24696339,PRJNA763692,,,,,,CN,,,,,,2021-11-10,primary,1.0,0.003
SAMN24696340,PRJNA763692,,,,,,CN,,,,,,2021-11-10,primary,1.0,0.003
SAMN24696341,PRJNA763692,,,,,,CN,,,,,,2021-11-10,primary,1.0,0.001
SAMN24696342,PRJNA763692,,,,,,CN,,,,,,2021-11-10,primary,1.0,0.003
SAMN24696343,PRJNA763692,,,,,,CN,,,,,,2021-11-10,primary,1.0,0.003
SAMN24696344,PRJNA763692,,,,,,CN,,,,,,2021-11-10,primary,1.0,0.005
SAMN24696345,PRJNA763692,,,,,,CN,,,,,,2021-11-10,primary,1.0,0.004
SAMN24696346,PRJNA763692,,,,,,CN,,,,,,2021-11-10,primary,1.0,0.004
SAMN24696347,PRJNA763692,,,,,,CN,,,,,,2021-11-10,primary,1.0,0.005
SAMN24696348,PRJNA763692,,,,,,CN,,,,,,2021-11-10,primary,1.0,0.002
SAMN24696349,PRJNA763692,,,,,,CN,,,,,,2021-11-10,primary,1.0,0.002
SAMN24696350,PRJNA763692,,,,,,CN,,,,,,2021-11-10,primary,1.0,0.002
SAMN24696351,PRJNA763692,,,,,,CN,,,,,,2021-11-10,primary,1.0,0.002
SAMN24696352,PRJNA763692,,,,,,CN,,,,,,2021-11-10,primary,1.0,0.003
SAMN24696353,PRJNA763692,,,,,,CN,,,,,,2021-11-10,primary,1.0,0.002
SAMN24696354,PRJNA763692,,,,,,CN,,,,,,2021-11-10,primary,1.0,0.004
SAMN24696355,PRJNA763692,,,,,,CN,,,,,,2021-11-10,primary,1.0,0.002
SAMN24696356,PRJNA763692,,,,,,CN,,,,,,2021-11-10,primary,1.0,0.004
SAMN24696357,PRJNA763692,,,,,,CN,,,,,,2021-11-10,primary,1.0,0.003
SAMN24696358,PRJNA763692,,,,,,CN,,,,,,2021-11-10,primary,1.0,0.004
SAMN24696359,PRJNA763692,,,,,,CN,,,,,,2021-11-10,primary,1.0,0.004
SAMN24696360,PRJNA763692,,,,,,CN,,,,,,2021-11-10,primary,1.0,0.003
SAMN24696361,PRJNA763692,,,,,,CN,,,,,,2021-11-10,primary,1.0,0.003
SAMN24696362,PRJNA763692,,,,,,CN,,,,,,2021-11-10,primary,1.0,0.002
SAMN24696363,PRJNA763692,,,,,,CN,,,,,,2021-11-10,primary,1.0,0.003
SAMN24696364,PRJNA763692,,,,,,CN,,,,,,2021-11-10,primary,1.0,0.004
SAMN24696365,PRJNA763692,,,,,,CN,,,,,,2021-11-10,primary,1.0,0.003
SAMN24696366,PRJNA763692,,,,,,CN,,,,,,2021-11-10,primary,1.0,0.003
SAMN24696367,PRJNA763692,,,,,,CN,,,,,,2021-11-10,primary,1.0,0.002
SAMN24696368,PRJNA763692,,,,,,CN,,,,,,2021-11-10,primary,1.0,0.004
SAMN24696369,PRJNA763692,,,,,,CN,,,,,,2021-11-10,primary,1.0,0.003
SAMN24696370,PRJNA763692,,,,,,CN,,,,,,2021-11-10,primary,1.0,0.003
SAMN24696371,PRJNA763692,,,,,,CN,,,,,,2021-11-10,primary,1.0,0.007
SAMN24696372,PRJNA763692,,,,,,CN,,,,,,2021-11-10,primary,1.0,0.005
SAMN24696373,PRJNA763692,,,,,,CN,,,,,,2021-11-10,primary,1.0,0.003
SAMN24696374,PRJNA763692,,,,,,CN,,,,,,2021-11-10,primary,1.0,0.002
SAMN24696375,PRJNA763692,,,,,,CN,,,,,,2021-11-10,primary,1.0,0.004
SAMN24696376,PRJNA763692,,,,,,CN,,,,,,2021-11-10,primary,1.0,0.002
SAMN24696377,PRJNA763692,,,,,,CN,,,,,,2021-11-10,primary,1.0,0.003
SAMN24696378,PRJNA763692,,,,,,CN,,,,,,2021-11-10,primary,1.0,0.002
SAMN24696379,PRJNA763692,,,,,,CN,,,,,,2021-11-10,primary,1.0,0.003
SAMN24696380,PRJNA763692,,,,,,CN,,,,,,2021-11-10,primary,1.0,0.003
SAMN24696381,PRJNA763692,,,,,,CN,,,,,,2021-11-10,primary,1.0,0.003
SAMN24696382,PRJNA763692,,,,,,CN,,,,,,2021-11-10,primary,1.0,0.002
SAMN24696383,PRJNA763692,,,,,,CN,,,,,,2021-11-10,primary,1.0,0.002
SAMN24696384,PRJNA763692,,,,,,CN,,,,,,2021-11-10,primary,1.0,0.005
SAMN24696385,PRJNA763692,,,,,,CN,,,,,,2021-11-10,primary,1.0,0.002
SAMN24696386,PRJNA763692,,,,,,CN,,,,,,2021-11-10,primary,1.0,0.003
SAMN24696387,PRJNA763692,,,,,,CN,,,,,,2021-11-10,primary,1.0,0.003
SAMN24696388,PRJNA763692,,,,,,CN,,,,,,2021-11-10,primary,1.0,0.002
SAMN24696389,PRJNA763692,,,,,,CN,,,,,,2021-11-10,primary,1.0,0.002
SAMN24696390,PRJNA763692,,,,,,CN,,,,,,2021-11-10,primary,1.0,0.002
SAMN24696391,PRJNA763692,,,,,,CN,,,,,,2021-11-10,primary,1.0,0.003
SAMN24696392,PRJNA763692,,,,,,CN,,,,,,2021-11-10,primary,1.0,0.001
SAMN24696393,PRJNA763692,,,,,,CN,,,,,,2021-11-10,primary,1.0,0.003
SAMN24696394,PRJNA763692,,,,,,CN,,,,,,2021-11-10,primary,1.0,0.002
SAMN24696395,PRJNA763692,,,,,,CN,,,,,,2021-11-10,primary,1.0,0.003
SAMN24696396,PRJNA763692,,,,,,CN,,,,,,2021-11-10,primary,1.0,0.003
SAMN24696397,PRJNA763692,,,,,,CN,,,,,,2021-11-10,primary,1.0,0.003
SAMN24696398,PRJNA763692,,,,,,CN,,,,,,2021-11-10,primary,1.0,0.002
SAMN24696399,PRJNA763692,,,,,,CN,,,,,,2021-11-10,primary,1.0,0.002
SAMN24696400,PRJNA763692,,,,,,CN,,,,,,2021-11-10,primary,1.0,0.005
SAMN24696401,PRJNA763692,,,,,,CN,,,,,,2021-11-10,primary,1.0,0.003
SAMN24696402,PRJNA763692,,,,,,CN,,,,,,2021-11-10,primary,1.0,0.004
SAMN24696403,PRJNA763692,,,,,,CN,,,,,,2021-11-10,primary,1.0,0.004
SAMN24696404,PRJNA763692,,,,,,CN,,,,,,2021-11-10,primary,1.0,0.003
SAMN24696405,PRJNA763692,,,,,,CN,,,,,,2021-11-10,primary,1.0,0.003
SAMN24696406,PRJNA763692,,,,,,CN,,,,,,2021-11-10,primary,1.0,0.003
SAMN24696407,PRJNA763692,,,,,,CN,,,,,,2021-11-10,primary,1.0,0.002
SAMN24696408,PRJNA763692,,,,,,CN,,,,,,2021-11-10,primary,1.0,0.004
SAMN24696409,PRJNA763692,,,,,,CN,,,,,,2021-11-10,primary,1.0,0.004
SAMN24696410,PRJNA763692,,,,,,CN,,,,,,2021-11-10,primary,1.0,0.002
SAMN24696411,PRJNA763692,,,,,,CN,,,,,,2021-11-10,primary,1.0,0.003
SAMN24696412,PRJNA763692,,,,,,CN,,,,,,2021-11-10,primary,1.0,0.003
SAMN24696413,PRJNA763692,,,,,,CN,,,,,,2021-11-10,primary,1.0,0.003
SAMN24696414,PRJNA763692,,,,,,CN,,,,,,2021-11-10,primary,1.0,0.003
SAMN24696415,PRJNA763692,,,,,,CN,,,,,,2021-11-10,primary,1.0,0.003
SAMN24696416,PRJNA763692,,,,,,CN,,,,,,2021-11-10,primary,1.0,0.002
SAMN24696417,PRJNA763692,,,,,,CN,,,,,,2021-11-10,primary,1.0,0.002
SAMN24696418,PRJNA763692,,,,,,CN,,,,,,2021-11-10,primary,1.0,0.002
SAMN24696419,PRJNA763692,,,,,,CN,,,,,,2021-11-10,primary,1.0,0.002
SAMN24696420,PRJNA763692,,,,,,CN,,,,,,2021-11-10,primary,1.0,0.002
SAMN24696421,PRJNA763692,,,,,,CN,,,,,,2021-11-10,primary,1.0,0.003
SAMN24696422,PRJNA763692,,,,,,CN,,,,,,2021-11-10,primary,1.0,0.003
SAMN24696423,PRJNA763692,,,,,,CN,,,,,,2021-11-10,primary,1.0,0.003
SAMN24696424,PRJNA763692,,,,,,CN,,,,,,2021-11-10,primary,1.0,0.003
SAMN24696425,PRJNA763692,,,,,,CN,,,,,,2021-11-10,primary,1.0,0.002
SAMN24696426,PRJNA763692,,,,,,CN,,,,,,2021-11-10,primary,1.0,0.005
SAMN24696427,PRJNA763692,,,,,,CN,,,,,,2021-11-10,primary,1.0,0.003
SAMN24696428,PRJNA763692,,,,,,CN,,,,,,2021-11-10,primary,1.0,0.005
SAMN24696429,PRJNA763692,,,,,,CN,,,,,,2021-11-10,primary,1.0,0.002
SAMN24696430,PRJNA763692,,,,,,CN,,,,,,2021-11-10,primary,1.0,0.003
SAMN24696431,PRJNA763692,,,,,,CN,,,,,,2021-11-10,primary,1.0,0.003
SAMN24696432,PRJNA763692,,,,,,CN,,,,,,2021-11-10,primary,1.0,0.003
SAMN24696433,PRJNA763692,,,,,,CN,,,,,,2021-11-10,primary,1.0,0.003
SAMN24696434,PRJNA763692,,,,,,CN,,,,,,2021-11-10,primary,1.0,0.003
SAMN24696435,PRJNA763692,,,,,,CN,,,,,,2021-11-10,primary,1.0,0.003
SAMN24696436,PRJNA763692,,,,,,CN,,,,,,2021-11-10,primary,1.0,0.004
SAMN24696437,PRJNA763692,,,,,,CN,,,,,,2021-11-10,primary,1.0,0.002
SAMN24696438,PRJNA763692,,,,,,CN,,,,,,2021-11-10,primary,1.0,0.003
SAMN24696439,PRJNA763692,,,,,,CN,,,,,,2021-11-10,primary,1.0,0.003
SAMN24696440,PRJNA763692,,,,,,CN,,,,,,2021-11-10,primary,1.0,0.004
SAMN24696441,PRJNA763692,,,,,,CN,,,,,,2021-11-10,primary,1.0,0.003
SAMN24696442,PRJNA763692,,,,,,CN,,,,,,2021-11-10,primary,1.0,0.005
SAMN24696443,PRJNA763692,,,,,,CN,,,,,,2021-11-10,primary,1.0,0.003
SAMN24696444,PRJNA763692,,,,,,CN,,,,,,2021-11-10,primary,1.0,0.003
SAMN24696445,PRJNA763692,,,,,,CN,,,,,,2021-11-10,primary,1.0,0.005
SAMN24696446,PRJNA763692,,,,,,CN,,,,,,2021-11-10,primary,1.0,0.005
SAMN24696447,PRJNA763692,,,,,,CN,,,,,,2021-11-10,primary,1.0,0.003
SAMN24696448,PRJNA763692,,,,,,CN,,,,,,2021-11-10,primary,1.0,0.003
SAMN24696449,PRJNA763692,,,,,,CN,,,,,,2021-11-10,primary,1.0,0.002
SAMN24696450,PRJNA763692,,,,,,CN,,,,,,2021-11-10,primary,1.0,0.004
SAMN24696451,PRJNA763692,,,,,,CN,,,,,,2021-11-10,primary,1.0,0.003
SAMN24696452,PRJNA763692,,,,,,CN,,,,,,2021-11-10,primary,1.0,0.003
SAMN24696453,PRJNA763692,,,,,,CN,,,,,,2021-11-10,primary,1.0,0.003
SAMN24696454,PRJNA763692,,,,,,CN,,,,,,2021-11-10,primary,1.0,0.004
SAMN24696455,PRJNA763692,,,,,,CN,,,,,,2021-11-10,primary,1.0,0.002
SAMN24696456,PRJNA763692,,,,,,CN,,,,,,2021-11-10,primary,1.0,0.004
SAMN24696457,PRJNA763692,,,,,,CN,,,,,,2021-11-10,primary,1.0,0.002
SAMN24696458,PRJNA763692,,,,,,CN,,,,,,2021-11-10,primary,1.0,0.002
SAMN24696459,PRJNA763692,,,,,,CN,,,,,,2021-11-10,primary,1.0,0.004
SAMN24696460,PRJNA763692,,,,,,CN,,,,,,2021-11-10,primary,1.0,0.002
SAMN24696461,PRJNA763692,,,,,,CN,,,,,,2021-11-10,primary,1.0,0.004
SAMN24696462,PRJNA763692,,,,,,CN,,,,,,2021-11-10,primary,1.0,0.007
SAMN24696463,PRJNA763692,,,,,,CN,,,,,,2021-11-10,primary,1.0,0.004
SAMN24696464,PRJNA763692,,,,,,CN,,,,,,2021-11-10,primary,1.0,0.003
SAMN24696465,PRJNA763692,,,,,,CN,,,,,,2021-11-10,primary,1.0,0.006
SAMN24696466,PRJNA763692,,,,,,CN,,,,,,2021-11-10,primary,1.0,0.004
SAMN24696467,PRJNA763692,,,,,,CN,,,,,,2021-11-10,primary,1.0,0.002
SAMN24696468,PRJNA763692,,,,,,CN,,,,,,2021-11-10,primary,1.0,0.004
SAMN24696469,PRJNA763692,,,,,,CN,,,,,,2021-11-10,primary,1.0,0.003
SAMN24696470,PRJNA763692,,,,,,CN,,,,,,2021-11-10,primary,1.0,0.004
SAMN24696471,PRJNA763692,,,,,,CN,,,,,,2021-11-10,primary,1.0,0.003
SAMN24696472,PRJNA763692,,,,,,CN,,,,,,2021-11-10,primary,1.0,0.003
SAMN24696473,PRJNA763692,,,,,,CN,,,,,,2021-11-10,primary,1.0,0.003
SAMN24696474,PRJNA763692,,,,,,CN,,,,,,2021-11-10,primary,1.0,0.002
SAMN24696475,PRJNA763692,,,,,,CN,,,,,,2021-11-10,primary,1.0,0.003
SAMN24696476,PRJNA763692,,,,,,CN,,,,,,2021-11-10,primary,1.0,0.005
SAMN24696477,PRJNA763692,,,,,,CN,,,,,,2021-11-10,primary,1.0,0.002
SAMN24696478,PRJNA763692,,,,,,CN,,,,,,2021-11-10,primary,1.0,0.002
SAMN24696479,PRJNA763692,,,,,,CN,,,,,,2021-11-10,primary,1.0,0.002
SAMN24696480,PRJNA763692,,,,,,CN,,,,,,2021-11-10,primary,1.0,0.002
SAMN24696481,PRJNA763692,,,,,,CN,,,,,,2021-11-10,primary,1.0,0.002
SAMN24696482,PRJNA763692,,,,,,CN,,,,,,2021-11-10,primary,1.0,0.002
SAMN24696483,PRJNA763692,,,,,,CN,,,,,,2021-11-10,primary,1.0,0.003
SAMN24696484,PRJNA763692,,,,,,CN,,,,,,2021-11-10,primary,1.0,0.004
SAMN24696485,PRJNA763692,,,,,,CN,,,,,,2021-11-10,primary,1.0,0.002
SAMN24696486,PRJNA763692,,,,,,CN,,,,,,2021-11-10,primary,1.0,0.003
SAMN24696487,PRJNA763692,,,,,,CN,,,,,,2021-11-10,primary,1.0,0.004
SAMN24696488,PRJNA763692,,,,,,CN,,,,,,2021-11-10,primary,1.0,0.003
SAMN24696489,PRJNA763692,,,,,,CN,,,,,,2021-11-10,primary,1.0,0.003
SAMN24696490,PRJNA763692,,,,,,CN,,,,,,2021-11-10,primary,1.0,0.003
SAMN24696491,PRJNA763692,,,,,,CN,,,,,,2021-11-10,primary,1.0,0.003
SAMN24696492,PRJNA763692,,,,,,CN,,,,,,2021-11-10,primary,1.0,0.003
SAMN24696493,PRJNA763692,,,,,,CN,,,,,,2021-11-10,primary,1.0,0.003
SAMN24696494,PRJNA763692,,,,,,CN,,,,,,2021-11-10,primary,1.0,0.003
SAMN24696495,PRJNA763692,,,,,,CN,,,,,,2021-11-10,primary,1.0,0.003
SAMN24696496,PRJNA763692,,,,,,CN,,,,,,2021-11-10,primary,1.0,0.003
SAMN24696497,PRJNA763692,,,,,,CN,,,,,,2021-11-10,primary,1.0,0.003
SAMN24696498,PRJNA763692,,,,,,CN,,,,,,2021-11-10,primary,1.0,0.003
SAMN24696499,PRJNA763692,,,,,,CN,,,,,,2021-11-10,primary,1.0,0.002
SAMN24696500,PRJNA763692,,,,,,CN,,,,,,2021-11-10,primary,1.0,0.003
SAMN24696501,PRJNA763692,,,,,,CN,,,,,,2021-11-10,primary,1.0,0.004
SAMN24696502,PRJNA763692,,,,,,CN,,,,,,2021-11-10,primary,1.0,0.002
SAMN24696503,PRJNA763692,,,,,,CN,,,,,,2021-11-10,primary,1.0,0.003
SAMN24696504,PRJNA763692,,,,,,CN,,,,,,2021-11-10,primary,1.0,0.003
SAMN24696505,PRJNA763692,,,,,,CN,,,,,,2021-11-10,primary,1.0,0.003
SAMN24696506,PRJNA763692,,,,,,CN,,,,,,2021-11-10,primary,1.0,0.004
SAMN24696507,PRJNA763692,,,,,,CN,,,,,,2021-11-10,primary,1.0,0.002
SAMN24696508,PRJNA763692,,,,,,CN,,,,,,2021-11-10,primary,1.0,0.004
SAMN24696509,PRJNA763692,,,,,,CN,,,,,,2021-11-10,primary,1.0,0.003
SAMN24696510,PRJNA763692,,,,,,CN,,,,,,2021-11-10,primary,1.0,0.001
SAMN24696511,PRJNA763692,,,,,,CN,,,,,,2021-11-10,primary,1.0,0.002
SAMN24696512,PRJNA763692,,,,,,CN,,,,,,2021-11-10,primary,1.0,0.006
SAMN24696513,PRJNA763692,,,,,,CN,,,,,,2021-11-10,primary,1.0,0.002
SAMN24696514,PRJNA763692,,,,,,CN,,,,,,2021-11-10,primary,1.0,0.003
SAMN24696515,PRJNA763692,,,,,,CN,,,,,,2021-11-10,primary,1.0,0.003
SAMN24696516,PRJNA763692,,,,,,CN,,,,,,2021-11-10,primary,1.0,0.004
SAMN24696517,PRJNA763692,,,,,,CN,,,,,,2021-11-10,primary,1.0,0.004
SAMN24696518,PRJNA763692,,,,,,CN,,,,,,2021-11-10,primary,1.0,0.002
SAMN24696519,PRJNA763692,,,,,,CN,,,,,,2021-11-10,primary,1.0,0.002
SAMN24696520,PRJNA763692,,,,,,CN,,,,,,2021-11-10,primary,1.0,0.002
SAMN24696521,PRJNA763692,,,,,,CN,,,,,,2021-11-10,primary,1.0,0.003
SAMN24696522,PRJNA763692,,,,,,CN,,,,,,2021-11-10,primary,1.0,0.003
SAMN24696523,PRJNA763692,,,,,,CN,,,,,,2021-11-10,primary,1.0,0.003
SAMN24696524,PRJNA763692,,,,,,CN,,,,,,2021-11-10,primary,1.0,0.003
SAMN24696525,PRJNA763692,,,,,,CN,,,,,,2021-11-10,primary,1.0,0.002
SAMN24696526,PRJNA763692,,,,,,CN,,,,,,2021-11-10,primary,1.0,0.003
SAMN24696527,PRJNA763692,,,,,,CN,,,,,,2021-11-10,primary,1.0,0.003
SAMN24696528,PRJNA763692,,,,,,CN,,,,,,2021-11-10,primary,1.0,0.003
SAMN24696529,PRJNA763692,,,,,,CN,,,,,,2021-11-10,primary,1.0,0.003
SAMN24696530,PRJNA763692,,,,,,CN,,,,,,2021-11-10,primary,1.0,0.003
SAMN24696531,PRJNA763692,,,,,,CN,,,,,,2021-11-10,primary,1.0,0.003
SAMN24696532,PRJNA763692,,,,,,CN,,,,,,2021-11-10,primary,1.0,0.003
SAMN24696533,PRJNA763692,,,,,,CN,,,,,,2021-11-10,primary,1.0,0.004
SAMN24696534,PRJNA763692,,,,,,CN,,,,,,2021-11-10,primary,1.0,0.002
SAMN24696535,PRJNA763692,,,,,,CN,,,,,,2021-11-10,primary,1.0,0.002
SAMN24696536,PRJNA763692,,,,,,CN,,,,,,2021-11-10,primary,1.0,0.002
SAMN24696537,PRJNA763692,,,,,,CN,,,,,,2021-11-10,primary,1.0,0.003
SAMN24696538,PRJNA763692,,,,,,CN,,,,,,2021-11-10,primary,1.0,0.002
SAMN24696539,PRJNA763692,,,,,,CN,,,,,,2021-11-10,primary,1.0,0.002
SAMN24696540,PRJNA763692,,,,,,CN,,,,,,2021-11-10,primary,1.0,0.003
SAMN24696541,PRJNA763692,,,,,,CN,,,,,,2021-11-10,primary,1.0,0.002
SAMN24696542,PRJNA763692,,,,,,CN,,,,,,2021-11-10,primary,1.0,0.003
SAMN24696543,PRJNA763692,,,,,,CN,,,,,,2021-11-10,primary,1.0,0.003
SAMN24696544,PRJNA763692,,,,,,CN,,,,,,2021-11-10,primary,1.0,0.003
SAMN24696545,PRJNA763692,,,,,,CN,,,,,,2021-11-10,primary,1.0,0.003
SAMN24696546,PRJNA763692,,,,,,CN,,,,,,2021-11-10,primary,1.0,0.002
SAMN24696547,PRJNA763692,,,,,,CN,,,,,,2021-11-10,primary,1.0,0.005
SAMN24696548,PRJNA763692,,,,,,CN,,,,,,2021-11-10,primary,1.0,0.003
SAMN24696549,PRJNA763692,,,,,,CN,,,,,,2021-11-10,primary,1.0,0.004
SAMN24696550,PRJNA763692,,,,,,CN,,,,,,2021-11-10,primary,1.0,0.003
SAMN24696551,PRJNA763692,,,,,,CN,,,,,,2021-11-10,primary,1.0,0.004
SAMN24696552,PRJNA763692,,,,,,CN,,,,,,2021-11-10,primary,1.0,0.004
SAMN24696553,PRJNA763692,,,,,,CN,,,,,,2021-11-10,primary,1.0,0.002
SAMN24696554,PRJNA763692,,,,,,CN,,,,,,2021-11-10,primary,1.0,0.002
SAMN24696555,PRJNA763692,,,,,,CN,,,,,,2021-11-10,primary,1.0,0.004
SAMN24696556,PRJNA763692,,,,,,CN,,,,,,2021-11-10,primary,1.0,0.002
SAMN24696557,PRJNA763692,,,,,,CN,,,,,,2021-11-10,primary,1.0,0.003
SAMN24696558,PRJNA763692,,,,,,CN,,,,,,2021-11-10,primary,1.0,0.003
SAMN24696559,PRJNA763692,,,,,,CN,,,,,,2021-11-10,primary,1.0,0.004
SAMN24696560,PRJNA763692,,,,,,CN,,,,,,2021-11-10,primary,1.0,0.003
SAMN24696561,PRJNA763692,,,,,,CN,,,,,,2021-11-10,primary,1.0,0.002
SAMN24696562,PRJNA763692,,,,,,CN,,,,,,2021-11-10,primary,1.0,0.004
SAMN24696563,PRJNA763692,,,,,,CN,,,,,,2021-11-10,primary,1.0,0.003
SAMN24696564,PRJNA763692,,,,,,CN,,,,,,2021-11-10,primary,1.0,0.003
SAMN24696565,PRJNA763692,,,,,,CN,,,,,,2021-11-10,primary,1.0,0.003
SAMN24696566,PRJNA763692,,,,,,CN,,,,,,2021-11-10,primary,1.0,0.003
SAMN24696567,PRJNA763692,,,,,,CN,,,,,,2021-11-10,primary,1.0,0.003
SAMN24696568,PRJNA763692,,,,,,CN,,,,,,2021-11-10,primary,1.0,0.002
SAMN24696569,PRJNA763692,,,,,,CN,,,,,,2021-11-10,primary,1.0,0.002
SAMN24696570,PRJNA763692,,,,,,CN,,,,,,2021-11-10,primary,1.0,0.002
SAMN24696571,PRJNA763692,,,,,,CN,,,,,,2021-11-10,primary,1.0,0.005
SAMN24696572,PRJNA763692,,,,,,CN,,,,,,2021-11-10,primary,1.0,0.003
SAMN24696573,PRJNA763692,,,,,,CN,,,,,,2021-11-10,primary,1.0,0.002
SAMN24696574,PRJNA763692,,,,,,CN,,,,,,2021-11-10,primary,1.0,0.002
SAMN24696575,PRJNA763692,,,,,,CN,,,,,,2021-11-10,primary,1.0,0.002
SAMN24696576,PRJNA763692,,,,,,CN,,,,,,2021-11-10,primary,1.0,0.001
SAMN24696577,PRJNA763692,,,,,,CN,,,,,,2021-11-10,primary,1.0,0.003
SAMN24696578,PRJNA763692,,,,,,CN,,,,,,2021-11-10,primary,1.0,0.003
SAMN24696579,PRJNA763692,,,,,,CN,,,,,,2021-11-10,primary,1.0,0.002
SAMN24696580,PRJNA763692,,,,,,CN,,,,,,2021-11-10,primary,1.0,0.002
SAMN24696581,PRJNA763692,,,,,,CN,,,,,,2021-11-10,primary,1.0,0.004
SAMN24696582,PRJNA763692,,,,,,CN,,,,,,2021-11-10,primary,1.0,0.004
SAMN24696583,PRJNA763692,,,,,,CN,,,,,,2021-11-10,primary,1.0,0.005
SAMN24696584,PRJNA763692,,,,,,CN,,,,,,2021-11-10,primary,1.0,0.004
SAMN24696585,PRJNA763692,,,,,,CN,,,,,,2021-11-10,primary,1.0,0.003
SAMN24696586,PRJNA763692,,,,,,CN,,,,,,2021-11-10,primary,1.0,0.004
SAMN24696587,PRJNA763692,,,,,,CN,,,,,,2021-11-10,primary,1.0,0.003
SAMN24696588,PRJNA763692,,,,,,CN,,,,,,2021-11-10,primary,1.0,0.002
SAMN24696589,PRJNA763692,,,,,,CN,,,,,,2021-11-10,primary,1.0,0.002
SAMN24696590,PRJNA763692,,,,,,CN,,,,,,2021-11-10,primary,1.0,0.004
SAMN24696591,PRJNA763692,,,,,,CN,,,,,,2021-11-10,primary,1.0,0.004
SAMN24696592,PRJNA763692,,,,,,CN,,,,,,2021-11-10,primary,1.0,0.003
SAMN24696593,PRJNA763692,,,,,,CN,,,,,,2021-11-10,primary,1.0,0.005
SAMN24696594,PRJNA763692,,,,,,CN,,,,,,2021-11-10,primary,1.0,0.003
SAMN24696595,PRJNA763692,,,,,,CN,,,,,,2021-11-10,primary,1.0,0.003
SAMN24696596,PRJNA763692,,,,,,CN,,,,,,2021-11-10,primary,1.0,0.003
SAMN24696597,PRJNA763692,,,,,,CN,,,,,,2021-11-10,primary,1.0,0.004
SAMN24696598,PRJNA763692,,,,,,CN,,,,,,2021-11-10,primary,1.0,0.001
SAMN24696599,PRJNA763692,,,,,,CN,,,,,,2021-11-10,primary,1.0,0.004
SAMN24696600,PRJNA763692,,,,,,CN,,,,,,2021-11-10,primary,1.0,0.004
SAMN24696601,PRJNA763692,,,,,,CN,,,,,,2021-11-10,primary,1.0,0.003
SAMN24696602,PRJNA763692,,,,,,CN,,,,,,2021-11-10,primary,1.0,0.004
SAMN24696603,PRJNA763692,,,,,,CN,,,,,,2021-11-10,primary,1.0,0.003
SAMN24696604,PRJNA763692,,,,,,CN,,,,,,2021-11-10,primary,1.0,0.003
SAMN24696605,PRJNA763692,,,,,,CN,,,,,,2021-11-10,primary,1.0,0.003
SAMN24696606,PRJNA763692,,,,,,CN,,,,,,2021-11-10,primary,1.0,0.005
SAMN24696607,PRJNA763692,,,,,,CN,,,,,,2021-11-10,primary,1.0,0.002
SAMN24696608,PRJNA763692,,,,,,CN,,,,,,2021-11-10,primary,1.0,0.003
SAMN24696609,PRJNA763692,,,,,,CN,,,,,,2021-11-10,primary,1.0,0.002
SAMN24696610,PRJNA763692,,,,,,CN,,,,,,2021-11-10,primary,1.0,0.002
SAMN24696611,PRJNA763692,,,,,,CN,,,,,,2021-11-10,primary,1.0,0.002
SAMN24696612,PRJNA763692,,,,,,CN,,,,,,2021-11-10,primary,1.0,0.002
SAMN24696613,PRJNA763692,,,,,,CN,,,,,,2021-11-10,primary,1.0,0.004
SAMN24696614,PRJNA763692,,,,,,CN,,,,,,2021-11-10,primary,1.0,0.004
SAMN24696615,PRJNA763692,,,,,,CN,,,,,,2021-11-10,primary,1.0,0.006
SAMN24696616,PRJNA763692,,,,,,CN,,,,,,2021-11-10,primary,1.0,0.004
SAMN24696617,PRJNA763692,,,,,,CN,,,,,,2021-11-10,primary,1.0,0.003
SAMN24696618,PRJNA763692,,,,,,CN,,,,,,2021-11-10,primary,1.0,0.003
SAMN24696619,PRJNA763692,,,,,,CN,,,,,,2021-11-10,primary,1.0,0.001
SAMN24696620,PRJNA763692,,,,,,CN,,,,,,2021-11-10,primary,1.0,0.003
SAMN24696621,PRJNA763692,,,,,,CN,,,,,,2021-11-10,primary,1.0,0.003
SAMN24696622,PRJNA763692,,,,,,CN,,,,,,2021-11-10,primary,1.0,0.001
SAMN24696623,PRJNA763692,,,,,,CN,,,,,,2021-11-10,primary,1.0,0.003
SAMN24696624,PRJNA763692,,,,,,CN,,,,,,2021-11-10,primary,1.0,0.002
SAMN24696625,PRJNA763692,,,,,,CN,,,,,,2021-11-10,primary,1.0,0.003
SAMN24696626,PRJNA763692,,,,,,CN,,,,,,2021-11-10,primary,1.0,0.003
SAMN24696627,PRJNA763692,,,,,,CN,,,,,,2021-11-10,primary,1.0,0.003
SAMN24696628,PRJNA763692,,,,,,CN,,,,,,2021-11-10,primary,1.0,0.002
SAMN24696629,PRJNA763692,,,,,,CN,,,,,,2021-11-10,primary,1.0,0.002
SAMN24696630,PRJNA763692,,,,,,CN,,,,,,2021-11-10,primary,1.0,0.003
SAMN24696631,PRJNA763692,,,,,,CN,,,,,,2021-11-10,primary,1.0,0.003
SAMN24696632,PRJNA763692,,,,,,CN,,,,,,2021-11-10,primary,1.0,0.002
SAMN24696633,PRJNA763692,,,,,,CN,,,,,,2021-11-10,primary,1.0,0.003
SAMN24696634,PRJNA763692,,,,,,CN,,,,,,2021-11-10,primary,1.0,0.003
SAMN24696635,PRJNA763692,,,,,,CN,,,,,,2021-11-10,primary,1.0,0.003
SAMN24696636,PRJNA763692,,,,,,CN,,,,,,2021-11-10,primary,1.0,0.003
SAMN24696637,PRJNA763692,,,,,,CN,,,,,,2021-11-10,primary,1.0,0.004
SAMN24696638,PRJNA763692,,,,,,CN,,,,,,2021-11-10,primary,1.0,0.005
SAMN24696639,PRJNA763692,,,,,,CN,,,,,,2021-11-10,primary,1.0,0.004
SAMN24696640,PRJNA763692,,,,,,CN,,,,,,2021-11-10,primary,1.0,0.003
SAMN24696641,PRJNA763692,,,,,,CN,,,,,,2021-11-10,primary,1.0,0.003
SAMN24696642,PRJNA763692,,,,,,CN,,,,,,2021-11-10,primary,1.0,0.003
SAMN24696643,PRJNA763692,,,,,,CN,,,,,,2021-11-10,primary,1.0,0.003
SAMN24696644,PRJNA763692,,,,,,CN,,,,,,2021-11-10,primary,1.0,0.004
SAMN24696645,PRJNA763692,,,,,,CN,,,,,,2021-11-10,primary,1.0,0.003
SAMN24696646,PRJNA763692,,,,,,CN,,,,,,2021-11-10,primary,1.0,0.003
SAMN24696647,PRJNA763692,,,,,,CN,,,,,,2021-11-10,primary,1.0,0.004
SAMN24696648,PRJNA763692,,,,,,CN,,,,,,2021-11-10,primary,1.0,0.004
SAMN24696649,PRJNA763692,,,,,,CN,,,,,,2021-11-10,primary,1.0,0.004
SAMN24696650,PRJNA763692,,,,,,CN,,,,,,2021-11-10,primary,1.0,0.003
SAMN24696651,PRJNA763692,,,,,,CN,,,,,,2021-11-10,primary,1.0,0.005
SAMN24696652,PRJNA763692,,,,,,CN,,,,,,2021-11-10,primary,1.0,0.001
SAMN24696653,PRJNA763692,,,,,,CN,,,,,,2021-11-10,primary,1.0,0.003
SAMN24696654,PRJNA763692,,,,,,CN,,,,,,2021-11-10,primary,1.0,0.002
SAMN24696655,PRJNA763692,,,,,,CN,,,,,,2021-11-10,primary,1.0,0.003
SAMN24696656,PRJNA763692,,,,,,CN,,,,,,2021-11-10,primary,1.0,0.001
SAMN24696657,PRJNA763692,,,,,,CN,,,,,,2021-11-10,primary,1.0,0.003
SAMN24696658,PRJNA763692,,,,,,CN,,,,,,2021-11-10,primary,1.0,0.005
SAMN24696659,PRJNA763692,,,,,,CN,,,,,,2021-11-10,primary,1.0,0.003
SAMN24696660,PRJNA763692,,,,,,CN,,,,,,2021-11-10,primary,1.0,0.003
SAMN24696661,PRJNA763692,,,,,,CN,,,,,,2021-11-10,primary,1.0,0.002
SAMN24696662,PRJNA763692,,,,,,CN,,,,,,2021-11-10,primary,1.0,0.002
SAMN24696663,PRJNA763692,,,,,,CN,,,,,,2021-11-10,primary,1.0,0.003
SAMN24696664,PRJNA763692,,,,,,CN,,,,,,2021-11-10,primary,1.0,0.001
SAMN24696665,PRJNA763692,,,,,,CN,,,,,,2021-11-10,primary,1.0,0.002
SAMN24696666,PRJNA763692,,,,,,CN,,,,,,2021-11-10,primary,1.0,0.003
SAMN24696667,PRJNA763692,,,,,,CN,,,,,,2021-11-10,primary,1.0,0.003
SAMN24696668,PRJNA763692,,,,,,CN,,,,,,2021-11-10,primary,1.0,0.003
SAMN24696669,PRJNA763692,,,,,,CN,,,,,,2021-11-10,primary,1.0,0.002
SAMN24696670,PRJNA763692,,,,,,CN,,,,,,2021-11-10,primary,1.0,0.004
SAMN24696671,PRJNA763692,,,,,,CN,,,,,,2021-11-10,primary,1.0,0.003
SAMN24696672,PRJNA763692,,,,,,CN,,,,,,2021-11-10,primary,1.0,0.002
SAMN24696673,PRJNA763692,,,,,,CN,,,,,,2021-11-10,primary,1.0,0.004
SAMN24696674,PRJNA763692,,,,,,CN,,,,,,2021-11-10,primary,1.0,0.003
SAMN24696675,PRJNA763692,,,,,,CN,,,,,,2021-11-10,primary,1.0,0.002
SAMN24696676,PRJNA763692,,,,,,CN,,,,,,2021-11-10,primary,1.0,0.003
SAMN24696677,PRJNA763692,,,,,,CN,,,,,,2021-11-10,primary,1.0,0.002
SAMN24696678,PRJNA763692,,,,,,CN,,,,,,2021-11-10,primary,1.0,0.002
SAMN24696679,PRJNA763692,,,,,,CN,,,,,,2021-11-10,primary,1.0,0.002
SAMN24696680,PRJNA763692,,,,,,CN,,,,,,2021-11-10,primary,1.0,0.003
SAMN24696681,PRJNA763692,,,,,,CN,,,,,,2021-11-10,primary,1.0,0.003
SAMN24696682,PRJNA763692,,,,,,CN,,,,,,2021-11-10,primary,1.0,0.003
SAMN24696683,PRJNA763692,,,,,,CN,,,,,,2021-11-10,primary,1.0,0.004
SAMN24696684,PRJNA763692,,,,,,CN,,,,,,2021-11-10,primary,1.0,0.003
SAMN24696685,PRJNA763692,,,,,,CN,,,,,,2021-11-10,primary,1.0,0.004
SAMN24696686,PRJNA763692,,,,,,CN,,,,,,2021-11-10,primary,1.0,0.002
SAMN24696687,PRJNA763692,,,,,,CN,,,,,,2021-11-10,primary,1.0,0.003
SAMN24696688,PRJNA763692,,,,,,CN,,,,,,2021-11-10,primary,1.0,0.004
SAMN24696689,PRJNA763692,,,,,,CN,,,,,,2021-11-10,primary,1.0,0.002
SAMN24696690,PRJNA763692,,,,,,CN,,,,,,2021-11-10,primary,1.0,0.003
SAMN24696691,PRJNA763692,,,,,,CN,,,,,,2021-11-10,primary,1.0,0.003
SAMN24696692,PRJNA763692,,,,,,CN,,,,,,2021-11-10,primary,1.0,0.004
SAMN24696693,PRJNA763692,,,,,,CN,,,,,,2021-11-10,primary,1.0,0.004
SAMN24696694,PRJNA763692,,,,,,CN,,,,,,2021-11-10,primary,1.0,0.0
SAMN24696695,PRJNA763692,,,,,,CN,,,,,,2021-11-10,primary,1.0,0.002
SAMN24696696,PRJNA763692,,,,,,CN,,,,,,2021-11-10,primary,1.0,0.003
SAMN24696697,PRJNA763692,,,,,,CN,,,,,,2021-11-10,primary,1.0,0.002
SAMN24696698,PRJNA763692,,,,,,CN,,,,,,2021-11-10,primary,1.0,0.003
SAMN24696699,PRJNA763692,,,,,,CN,,,,,,2021-11-10,primary,1.0,0.002
SAMN24696700,PRJNA763692,,,,,,CN,,,,,,2021-11-10,primary,1.0,0.003
SAMN24696701,PRJNA763692,,,,,,CN,,,,,,2021-11-10,primary,1.0,0.005
SAMN24696702,PRJNA763692,,,,,,CN,,,,,,2021-11-10,primary,1.0,0.003
SAMN24696703,PRJNA763692,,,,,,CN,,,,,,2021-11-10,primary,1.0,0.003
SAMN24696704,PRJNA763692,,,,,,CN,,,,,,2021-11-10,primary,1.0,0.003
SAMN24696705,PRJNA763692,,,,,,CN,,,,,,2021-11-10,primary,1.0,0.003
SAMN24696706,PRJNA763692,,,,,,CN,,,,,,2021-11-10,primary,1.0,0.003
SAMN24696707,PRJNA763692,,,,,,CN,,,,,,2021-11-10,primary,1.0,0.004
SAMN24696708,PRJNA763692,,,,,,CN,,,,,,2021-11-10,primary,1.0,0.003
SAMN24696709,PRJNA763692,,,,,,CN,,,,,,2021-11-10,primary,1.0,0.002
SAMN24696710,PRJNA763692,,,,,,CN,,,,,,2021-11-10,primary,1.0,0.002
SAMN24696711,PRJNA763692,,,,,,CN,,,,,,2021-11-10,primary,1.0,0.002
SAMN24696712,PRJNA763692,,,,,,CN,,,,,,2021-11-10,primary,1.0,0.002
SAMN24696713,PRJNA763692,,,,,,CN,,,,,,2021-11-10,primary,1.0,0.002
SAMN24696714,PRJNA763692,,,,,,CN,,,,,,2021-11-10,primary,1.0,0.003
SAMN24696715,PRJNA763692,,,,,,CN,,,,,,2021-11-10,primary,1.0,0.002
SAMN24696716,PRJNA763692,,,,,,CN,,,,,,2021-11-10,primary,1.0,0.005
SAMN24696717,PRJNA763692,,,,,,CN,,,,,,2021-11-10,primary,1.0,0.004
SAMN24696718,PRJNA763692,,,,,,CN,,,,,,2021-11-10,primary,1.0,0.004
SAMN24696719,PRJNA763692,,,,,,CN,,,,,,2021-11-10,primary,1.0,0.003
SAMN24696720,PRJNA763692,,,,,,CN,,,,,,2021-11-10,primary,1.0,0.003
SAMN24696721,PRJNA763692,,,,,,CN,,,,,,2021-11-10,primary,1.0,0.004
SAMN24696722,PRJNA763692,,,,,,CN,,,,,,2021-11-10,primary,1.0,0.003
SAMN24696723,PRJNA763692,,,,,,CN,,,,,,2021-11-10,primary,1.0,0.003
SAMN24696724,PRJNA763692,,,,,,CN,,,,,,2021-11-10,primary,1.0,0.003
SAMN24696725,PRJNA763692,,,,,,CN,,,,,,2021-11-10,primary,1.0,0.002
SAMN24696726,PRJNA763692,,,,,,CN,,,,,,2021-11-10,primary,1.0,0.002
SAMN24696727,PRJNA763692,,,,,,CN,,,,,,2021-11-10,primary,1.0,0.003
SAMN24696728,PRJNA763692,,,,,,CN,,,,,,2021-11-10,primary,1.0,0.002
SAMN24696729,PRJNA763692,,,,,,CN,,,,,,2021-11-10,primary,1.0,0.003
SAMN24696730,PRJNA763692,,,,,,CN,,,,,,2021-11-10,primary,1.0,0.002
SAMN24696731,PRJNA763692,,,,,,CN,,,,,,2021-11-10,primary,1.0,0.002
SAMN24696732,PRJNA763692,,,,,,CN,,,,,,2021-11-10,primary,1.0,0.003
SAMN24696733,PRJNA763692,,,,,,CN,,,,,,2021-11-10,primary,1.0,0.003
SAMN24696734,PRJNA763692,,,,,,CN,,,,,,2021-11-10,primary,1.0,0.003
SAMN24696735,PRJNA763692,,,,,,CN,,,,,,2021-11-10,primary,1.0,0.005
SAMN24696736,PRJNA763692,,,,,,CN,,,,,,2021-11-10,primary,1.0,0.005
SAMN24696737,PRJNA763692,,,,,,CN,,,,,,2021-11-10,primary,1.0,0.005
SAMN24696738,PRJNA763692,,,,,,CN,,,,,,2021-11-10,primary,1.0,0.005
SAMN24696739,PRJNA763692,,,,,,CN,,,,,,2021-11-10,primary,1.0,0.003
SAMN24696740,PRJNA763692,,,,,,CN,,,,,,2021-11-10,primary,1.0,0.003
SAMN24696741,PRJNA763692,,,,,,CN,,,,,,2021-11-10,primary,1.0,0.006
SAMN24696742,PRJNA763692,,,,,,CN,,,,,,2021-11-10,primary,1.0,0.003
SAMN24696743,PRJNA763692,,,,,,CN,,,,,,2021-11-10,primary,1.0,0.002
SAMN24696744,PRJNA763692,,,,,,CN,,,,,,2021-11-10,primary,1.0,0.003
SAMN24696745,PRJNA763692,,,,,,CN,,,,,,2021-11-10,primary,1.0,0.002
SAMN24696746,PRJNA763692,,,,,,CN,,,,,,2021-11-10,primary,1.0,0.003
SAMN24696747,PRJNA763692,,,,,,CN,,,,,,2021-11-10,primary,1.0,0.004
SAMN24696748,PRJNA763692,,,,,,CN,,,,,,2021-11-10,primary,1.0,0.003
SAMN24696749,PRJNA763692,,,,,,CN,,,,,,2021-11-10,primary,1.0,0.004
SAMN24696750,PRJNA763692,,,,,,CN,,,,,,2021-11-10,primary,1.0,0.004
SAMN24696751,PRJNA763692,,,,,,CN,,,,,,2021-11-10,primary,1.0,0.004
SAMN24696752,PRJNA763692,,,,,,CN,,,,,,2021-11-10,primary,1.0,0.003
SAMN24696753,PRJNA763692,,,,,,CN,,,,,,2021-11-10,primary,1.0,0.003
SAMN24696754,PRJNA763692,,,,,,CN,,,,,,2021-11-10,primary,1.0,0.007
SAMN24696755,PRJNA763692,,,,,,CN,,,,,,2021-11-10,primary,1.0,0.004
SAMN24696756,PRJNA763692,,,,,,CN,,,,,,2021-11-10,primary,1.0,0.004
SAMN24696757,PRJNA763692,,,,,,CN,,,,,,2021-11-10,primary,1.0,0.002
SAMN24696758,PRJNA763692,,,,,,CN,,,,,,2021-11-10,primary,1.0,0.003
SAMN24696759,PRJNA763692,,,,,,CN,,,,,,2021-11-10,primary,1.0,0.005
SAMN24696760,PRJNA763692,,,,,,CN,,,,,,2021-11-10,primary,1.0,0.002
SAMN24696761,PRJNA763692,,,,,,CN,,,,,,2021-11-10,primary,1.0,0.003
SAMN24696762,PRJNA763692,,,,,,CN,,,,,,2021-11-10,primary,1.0,0.004
SAMN24696763,PRJNA763692,,,,,,CN,,,,,,2021-11-10,primary,1.0,0.003
SAMN24696764,PRJNA763692,,,,,,CN,,,,,,2021-11-10,primary,1.0,0.004
SAMN24696765,PRJNA763692,,,,,,CN,,,,,,2021-11-10,primary,1.0,0.002
SAMN24696766,PRJNA763692,,,,,,CN,,,,,,2021-11-10,primary,1.0,0.003
SAMN24696767,PRJNA763692,,,,,,CN,,,,,,2021-11-10,primary,1.0,0.003
SAMN24696768,PRJNA763692,,,,,,CN,,,,,,2021-11-10,primary,1.0,0.002
SAMN24696769,PRJNA763692,,,,,,CN,,,,,,2021-11-10,primary,1.0,0.006
SAMN24696770,PRJNA763692,,,,,,CN,,,,,,2021-11-10,primary,1.0,0.003
SAMN24696771,PRJNA763692,,,,,,CN,,,,,,2021-11-10,primary,1.0,0.003
SAMN24696772,PRJNA763692,,,,,,CN,,,,,,2021-11-10,primary,1.0,0.003
SAMN24696773,PRJNA763692,,,,,,CN,,,,,,2021-11-10,primary,1.0,0.003
SAMN24696774,PRJNA763692,,,,,,CN,,,,,,2021-11-10,primary,1.0,0.003
SAMN24696775,PRJNA763692,,,,,,CN,,,,,,2021-11-10,primary,1.0,0.005
SAMN24696776,PRJNA763692,,,,,,CN,,,,,,2021-11-10,primary,1.0,0.002
SAMN24696777,PRJNA763692,,,,,,CN,,,,,,2021-11-10,primary,1.0,0.002
SAMN24696778,PRJNA763692,,,,,,CN,,,,,,2021-11-10,primary,1.0,0.002
SAMN24696779,PRJNA763692,,,,,,CN,,,,,,2021-11-10,primary,1.0,0.003
SAMN24696780,PRJNA763692,,,,,,CN,,,,,,2021-11-10,primary,1.0,0.003
SAMN24696781,PRJNA763692,,,,,,CN,,,,,,2021-11-10,primary,1.0,0.005
SAMN24696782,PRJNA763692,,,,,,CN,,,,,,2021-11-10,primary,1.0,0.004
SAMN24696783,PRJNA763692,,,,,,CN,,,,,,2021-11-10,primary,1.0,0.002
SAMN24696784,PRJNA763692,,,,,,CN,,,,,,2021-11-10,primary,1.0,0.003
SAMN24696785,PRJNA763692,,,,,,CN,,,,,,2021-11-10,primary,1.0,0.004
SAMN24696786,PRJNA763692,,,,,,CN,,,,,,2021-11-10,primary,1.0,0.004
SAMN24696787,PRJNA763692,,,,,,CN,,,,,,2021-11-10,primary,1.0,0.003
SAMN24696788,PRJNA763692,,,,,,CN,,,,,,2021-11-10,primary,1.0,0.002
SAMN24696789,PRJNA763692,,,,,,CN,,,,,,2021-11-10,primary,1.0,0.002
SAMN24696790,PRJNA763692,,,,,,CN,,,,,,2021-11-10,primary,1.0,0.003
SAMN24696791,PRJNA763692,,,,,,CN,,,,,,2021-11-10,primary,1.0,0.004
SAMN24696792,PRJNA763692,,,,,,CN,,,,,,2021-11-10,primary,1.0,0.003
SAMN24696793,PRJNA763692,,,,,,CN,,,,,,2021-11-10,primary,1.0,0.004
SAMN24696794,PRJNA763692,,,,,,CN,,,,,,2021-11-10,primary,1.0,0.002
SAMN24696795,PRJNA763692,,,,,,CN,,,,,,2021-11-10,primary,1.0,0.003
SAMN24696796,PRJNA763692,,,,,,CN,,,,,,2021-11-10,primary,1.0,0.002
SAMN24696797,PRJNA763692,,,,,,CN,,,,,,2021-11-10,primary,1.0,0.003
SAMN24696798,PRJNA763692,,,,,,CN,,,,,,2021-11-10,primary,1.0,0.002
SAMN24696799,PRJNA763692,,,,,,CN,,,,,,2021-11-10,primary,1.0,0.002
SAMN24696800,PRJNA763692,,,,,,CN,,,,,,2021-11-10,primary,1.0,0.003
SAMN24696801,PRJNA763692,,,,,,CN,,,,,,2021-11-10,primary,1.0,0.002
SAMN24696802,PRJNA763692,,,,,,CN,,,,,,2021-11-10,primary,1.0,0.003
SAMN24696803,PRJNA763692,,,,,,CN,,,,,,2021-11-10,primary,1.0,0.003
SAMN24696804,PRJNA763692,,,,,,CN,,,,,,2021-11-10,primary,1.0,0.002
SAMN24696805,PRJNA763692,,,,,,CN,,,,,,2021-11-10,primary,1.0,0.003
SAMN24696806,PRJNA763692,,,,,,CN,,,,,,2021-11-10,primary,1.0,0.004
SAMN24696807,PRJNA763692,,,,,,CN,,,,,,2021-11-10,primary,1.0,0.003
SAMN24696808,PRJNA763692,,,,,,CN,,,,,,2021-11-10,primary,1.0,0.003
SAMN24696809,PRJNA763692,,,,,,CN,,,,,,2021-11-10,primary,1.0,0.004
SAMN24696810,PRJNA763692,,,,,,CN,,,,,,2021-11-10,primary,1.0,0.002
SAMN24696811,PRJNA763692,,,,,,CN,,,,,,2021-11-10,primary,1.0,0.003
SAMN24696812,PRJNA763692,,,,,,CN,,,,,,2021-11-10,primary,1.0,0.002
SAMN24696813,PRJNA763692,,,,,,CN,,,,,,2021-11-10,primary,1.0,0.002
SAMN24696814,PRJNA763692,,,,,,CN,,,,,,2021-11-10,primary,1.0,0.004
SAMN24696815,PRJNA763692,,,,,,CN,,,,,,2021-11-10,primary,1.0,0.003
SAMN24696816,PRJNA763692,,,,,,CN,,,,,,2021-11-10,primary,1.0,0.003
SAMN24696817,PRJNA763692,,,,,,CN,,,,,,2021-11-10,primary,1.0,0.004
SAMN24696818,PRJNA763692,,,,,,CN,,,,,,2021-11-10,primary,1.0,0.004
SAMN24696819,PRJNA763692,,,,,,CN,,,,,,2021-11-10,primary,1.0,0.003
SAMN24696820,PRJNA763692,,,,,,CN,,,,,,2021-11-10,primary,1.0,0.003
SAMN24696821,PRJNA763692,,,,,,CN,,,,,,2021-11-10,primary,1.0,0.003
SAMN24696822,PRJNA763692,,,,,,CN,,,,,,2021-11-10,primary,1.0,0.002
SAMN24696823,PRJNA763692,,,,,,CN,,,,,,2021-11-10,primary,1.0,0.002
SAMN24696824,PRJNA763692,,,,,,CN,,,,,,2021-11-10,primary,1.0,0.002
SAMN24696825,PRJNA763692,,,,,,CN,,,,,,2021-11-10,primary,1.0,0.003
SAMN24696826,PRJNA763692,,,,,,CN,,,,,,2021-11-10,primary,1.0,0.004
SAMN24696827,PRJNA763692,,,,,,CN,,,,,,2021-11-10,primary,1.0,0.003
SAMN24696828,PRJNA763692,,,,,,CN,,,,,,2021-11-10,primary,1.0,0.003
SAMN24696829,PRJNA763692,,,,,,CN,,,,,,2021-11-10,primary,1.0,0.002
SAMN24696830,PRJNA763692,,,,,,CN,,,,,,2021-11-10,primary,1.0,0.004
SAMN24696831,PRJNA763692,,,,,,CN,,,,,,2021-11-10,primary,1.0,0.003
SAMN24696832,PRJNA763692,,,,,,CN,,,,,,2021-11-10,primary,1.0,0.006
SAMN24696833,PRJNA763692,,,,,,CN,,,,,,2021-11-10,primary,1.0,0.002
SAMN24696834,PRJNA763692,,,,,,CN,,,,,,2021-11-10,primary,1.0,0.003
SAMN24696835,PRJNA763692,,,,,,CN,,,,,,2021-11-10,primary,1.0,0.002
SAMN24696836,PRJNA763692,,,,,,CN,,,,,,2021-11-10,primary,1.0,0.003
SAMN24696837,PRJNA763692,,,,,,CN,,,,,,2021-11-10,primary,1.0,0.003
SAMN24696838,PRJNA763692,,,,,,CN,,,,,,2021-11-10,primary,1.0,0.0
SAMN24696839,PRJNA763692,,,,,,CN,,,,,,2021-11-10,primary,1.0,0.003
SAMN24696840,PRJNA763692,,,,,,CN,,,,,,2021-11-10,primary,1.0,0.003
SAMN24696841,PRJNA763692,,,,,,CN,,,,,,2021-11-10,primary,1.0,0.003
SAMN24696842,PRJNA763692,,,,,,CN,,,,,,2021-11-10,primary,1.0,0.002
SAMN24696843,PRJNA763692,,,,,,CN,,,,,,2021-11-10,primary,1.0,0.003
SAMN24696844,PRJNA763692,,,,,,CN,,,,,,2021-11-10,primary,1.0,0.002
SAMN24696845,PRJNA763692,,,,,,CN,,,,,,2021-11-10,primary,1.0,0.003
SAMN24696846,PRJNA763692,,,,,,CN,,,,,,2021-11-10,primary,1.0,0.003
SAMN24696847,PRJNA763692,,,,,,CN,,,,,,2021-11-10,primary,1.0,0.003
SAMN24696848,PRJNA763692,,,,,,CN,,,,,,2021-11-10,primary,1.0,0.002
SAMN24696849,PRJNA763692,,,,,,CN,,,,,,2021-11-10,primary,1.0,0.003
SAMN24696850,PRJNA763692,,,,,,CN,,,,,,2021-11-10,primary,1.0,0.003
SAMN24696851,PRJNA763692,,,,,,CN,,,,,,2021-11-10,primary,1.0,0.003
SAMN24696852,PRJNA763692,,,,,,CN,,,,,,2021-11-10,primary,1.0,0.002
SAMN24696853,PRJNA763692,,,,,,CN,,,,,,2021-11-10,primary,1.0,0.004
SAMN24696854,PRJNA763692,,,,,,CN,,,,,,2021-11-10,primary,1.0,0.002
SAMN24696855,PRJNA763692,,,,,,CN,,,,,,2021-11-10,primary,1.0,0.003
SAMN24696856,PRJNA763692,,,,,,CN,,,,,,2021-11-10,primary,1.0,0.002
SAMN24696857,PRJNA763692,,,,,,CN,,,,,,2021-11-10,primary,1.0,0.003
SAMN24696858,PRJNA763692,,,,,,CN,,,,,,2021-11-10,primary,1.0,0.003
SAMN24696859,PRJNA763692,,,,,,CN,,,,,,2021-11-10,primary,1.0,0.003
SAMN24696860,PRJNA763692,,,,,,CN,,,,,,2021-11-10,primary,1.0,0.003
SAMN24696861,PRJNA763692,,,,,,CN,,,,,,2021-11-10,primary,1.0,0.002
SAMN24696862,PRJNA763692,,,,,,CN,,,,,,2021-11-10,primary,1.0,0.002
SAMN24696863,PRJNA763692,,,,,,CN,,,,,,2021-11-10,primary,1.0,0.002
SAMN24696864,PRJNA763692,,,,,,CN,,,,,,2021-11-10,primary,1.0,0.005
SAMN24696865,PRJNA763692,,,,,,CN,,,,,,2021-11-10,primary,1.0,0.004
SAMN24696866,PRJNA763692,,,,,,CN,,,,,,2021-11-10,primary,1.0,0.003
SAMN24696867,PRJNA763692,,,,,,CN,,,,,,2021-11-10,primary,1.0,0.003
SAMN24696868,PRJNA763692,,,,,,CN,,,,,,2021-11-10,primary,1.0,0.003
SAMN24696869,PRJNA763692,,,,,,CN,,,,,,2021-11-10,primary,1.0,0.003
SAMN24696870,PRJNA763692,,,,,,CN,,,,,,2021-11-10,primary,1.0,0.003
SAMN24696871,PRJNA763692,,,,,,CN,,,,,,2021-11-10,primary,1.0,0.004
SAMN24696872,PRJNA763692,,,,,,CN,,,,,,2021-11-10,primary,1.0,0.002
SAMN24696873,PRJNA763692,,,,,,CN,,,,,,2021-11-10,primary,1.0,0.003
SAMN24696874,PRJNA763692,,,,,,CN,,,,,,2021-11-10,primary,1.0,0.005
SAMN24696875,PRJNA763692,,,,,,CN,,,,,,2021-11-10,primary,1.0,0.002
SAMN24696876,PRJNA763692,,,,,,CN,,,,,,2021-11-10,primary,1.0,0.003
SAMN24696877,PRJNA763692,,,,,,CN,,,,,,2021-11-10,primary,1.0,0.002
SAMN24696878,PRJNA763692,,,,,,CN,,,,,,2021-11-10,primary,1.0,0.003
SAMN24696879,PRJNA763692,,,,,,CN,,,,,,2021-11-10,primary,1.0,0.003
SAMN24696880,PRJNA763692,,,,,,CN,,,,,,2021-11-10,primary,1.0,0.002
SAMN24696881,PRJNA763692,,,,,,CN,,,,,,2021-11-10,primary,1.0,0.003
