sample_key,study_accession,subject_id,timepoint_label,age_category,age_at_collection_days,sex,country,health_condition,health_condition_detail,intervention,intervention_detail,antibiotic_exposure,collection_date,body_site_class,n_runs,seq_gbp
SAMN26285829,PRJNA806984,,10 months,infant,304.0,,BD,,,,,,2013-04/2016-10,primary,1.0,1.249
SAMN26285835,PRJNA806984,,10 months,infant,304.0,,BD,,,,,,2013-04/2016-10,primary,1.0,2.712
SAMN26285842,PRJNA806984,,10 months,infant,304.0,,BD,,,,,,2013-04/2016-10,primary,1.0,2.871
SAMN26285849,PRJNA806984,,10 months,infant,304.0,,BD,,,,,,2013-04/2016-10,primary,1.0,4.324
SAMN26285856,PRJNA806984,,10 months,infant,304.0,,BD,,,,,,2013-04/2016-10,primary,1.0,4.491
SAMN26285863,PRJNA806984,,10 months,infant,304.0,,BD,,,,,,2013-04/2016-10,primary,1.0,3.023
SAMN26285868,PRJNA806984,,10 months,infant,304.0,,BD,,,,,,2013-04/2016-10,primary,1.0,3.246
SAMN26285873,PRJNA806984,,10 months,infant,304.0,,BD,,,,,,2013-04/2016-10,primary,1.0,3.824
SAMN26285879,PRJNA806984,,10 months,infant,304.0,,BD,,,,,,2013-04/2016-10,primary,1.0,1.477
SAMN26285886,PRJNA806984,,10 months,infant,304.0,,BD,,,,,,2013-04/2016-10,primary,1.0,3.493
SAMN26285891,PRJNA806984,,10 months,infant,304.0,,BD,,,,,,2013-04/2016-10,primary,1.0,2.619
SAMN26285897,PRJNA806984,,10 months,infant,304.0,,BD,,,,,,2013-04/2016-10,primary,1.0,1.405
SAMN26285903,PRJNA806984,,10 months,infant,304.0,,BD,,,,,,2013-04/2016-10,primary,1.0,1.785
SAMN26285910,PRJNA806984,,10 months,infant,304.0,,BD,,,,,,2013-04/2016-10,primary,1.0,3.143
SAMN26285916,PRJNA806984,,10 months,infant,304.0,,BD,,,,,,2013-04/2016-10,primary,1.0,2.085
SAMN26285923,PRJNA806984,,10 months,infant,304.0,,BD,,,,,,2013-04/2016-10,primary,1.0,2.519
SAMN26285929,PRJNA806984,,10 months,infant,304.0,,BD,,,,,,2013-04/2016-10,primary,1.0,4.936
SAMN26285935,PRJNA806984,,10 months,infant,304.0,,BD,,,,,,2013-04/2016-10,primary,1.0,2.707
SAMN26285942,PRJNA806984,,10 months,infant,304.0,,BD,,,,,,2013-04/2016-10,primary,1.0,2.01
SAMN26285948,PRJNA806984,,10 months,infant,304.0,,BD,,,,,,2013-04/2016-10,primary,1.0,2.431
SAMN26285953,PRJNA806984,,10 months,infant,304.0,,BD,,,,,,2013-04/2016-10,primary,1.0,5.329
SAMN26285959,PRJNA806984,,10 months,infant,304.0,,BD,,,,,,2013-04/2016-10,primary,1.0,2.206
SAMN26285970,PRJNA806984,,10 months,infant,304.0,,BD,,,,,,2013-04/2016-10,primary,1.0,2.086
SAMN26285977,PRJNA806984,,10 months,infant,304.0,,BD,,,,,,2013-04/2016-10,primary,1.0,1.421
SAMN26285983,PRJNA806984,,10 months,infant,304.0,,BD,,,,,,2013-04/2016-10,primary,1.0,4.625
SAMN26285989,PRJNA806984,,10 months,infant,304.0,,BD,,,,,,2013-04/2016-10,primary,1.0,4.764
SAMN26285996,PRJNA806984,,10 months,infant,304.0,,BD,,,,,,2013-04/2016-10,primary,1.0,2.298
SAMN26286003,PRJNA806984,,10 months,infant,304.0,,BD,,,,,,2013-04/2016-10,primary,1.0,4.81
SAMN26286010,PRJNA806984,,10 months,infant,304.0,,BD,,,,,,2013-04/2016-10,primary,1.0,3.312
SAMN26286016,PRJNA806984,,10 months,infant,304.0,,BD,,,,,,2013-04/2016-10,primary,1.0,1.229
SAMN26286023,PRJNA806984,,10 months,infant,304.0,,BD,,,,,,2013-04/2016-10,primary,1.0,0.973
SAMN26286028,PRJNA806984,,10 months,infant,304.0,,BD,,,,,,2013-04/2016-10,primary,1.0,2.829
SAMN26286034,PRJNA806984,,10 months,infant,304.0,,BD,,,,,,2013-04/2016-10,primary,1.0,3.72
SAMN26286041,PRJNA806984,,10 months,infant,304.0,,BD,,,,,,2013-04/2016-10,primary,1.0,1.876
SAMN26286047,PRJNA806984,,10 months,infant,304.0,,BD,,,,,,2013-04/2016-10,primary,1.0,5.764
SAMN26286052,PRJNA806984,,10 months,infant,304.0,,BD,,,,,,2013-04/2016-10,primary,1.0,4.526
SAMN26286058,PRJNA806984,,10 months,infant,304.0,,BD,,,,,,2013-04/2016-10,primary,1.0,0.858
SAMN26286064,PRJNA806984,,10 months,infant,304.0,,BD,,,,,,2013-04/2016-10,primary,1.0,1.918
SAMN26286071,PRJNA806984,,10 months,infant,304.0,,BD,,,,,,2013-04/2016-10,primary,1.0,2.289
SAMN26286077,PRJNA806984,,10 months,infant,304.0,,BD,,,,,,2013-04/2016-10,primary,1.0,5.937
SAMN26286084,PRJNA806984,,10 months,infant,304.0,,BD,,,,,,2013-04/2016-10,primary,1.0,5.16
SAMN26286090,PRJNA806984,,10 months,infant,304.0,,BD,,,,,,2013-04/2016-10,primary,1.0,0.788
SAMN26286095,PRJNA806984,,10 months,infant,304.0,,BD,,,,,,2013-04/2016-10,primary,1.0,2.141
SAMN26286100,PRJNA806984,,10 months,infant,304.0,,BD,,,,,,2013-04/2016-10,primary,1.0,2.001
SAMN26286106,PRJNA806984,,10 months,infant,304.0,,BD,,,,,,2013-04/2016-10,primary,1.0,1.619
SAMN26286112,PRJNA806984,,10 months,infant,304.0,,BD,,,,,,2013-04/2016-10,primary,1.0,1.091
SAMN26286119,PRJNA806984,,10 months,infant,304.0,,BD,,,,,,2013-04/2016-10,primary,1.0,4.424
SAMN26286125,PRJNA806984,,10 months,infant,304.0,,BD,,,,,,2013-04/2016-10,primary,1.0,2.475
SAMN26286131,PRJNA806984,,10 months,infant,304.0,,BD,,,,,,2013-04/2016-10,primary,1.0,4.651
SAMN26286136,PRJNA806984,,10 months,infant,304.0,,BD,,,,,,2013-04/2016-10,primary,1.0,3.251
SAMN26286141,PRJNA806984,,10 months,infant,304.0,,BD,,,,,,2013-04/2016-10,primary,1.0,5.848
SAMN26286147,PRJNA806984,,10 months,infant,304.0,,BD,,,,,,2013-04/2016-10,primary,1.0,3.331
SAMN26286158,PRJNA806984,,10 months,infant,304.0,,BD,,,,,,2013-04/2016-10,primary,1.0,3.518
SAMN26286164,PRJNA806984,,10 months,infant,304.0,,BD,,,,,,2013-04/2016-10,primary,1.0,1.57
SAMN26286170,PRJNA806984,,10 months,infant,304.0,,BD,,,,,,2013-04/2016-10,primary,1.0,2.248
SAMN26286176,PRJNA806984,,10 months,infant,304.0,,BD,,,,,,2013-04/2016-10,primary,1.0,3.231
SAMN26286182,PRJNA806984,,10 months,infant,304.0,,BD,,,,,,2013-04/2016-10,primary,1.0,2.333
SAMN26286188,PRJNA806984,,10 months,infant,304.0,,BD,,,,,,2013-04/2016-10,primary,1.0,1.883
SAMN26286195,PRJNA806984,,10 months,infant,304.0,,BD,,,,,,2013-04/2016-10,primary,1.0,4.697
SAMN26286202,PRJNA806984,,10 months,infant,304.0,,BD,,,,,,2013-04/2016-10,primary,1.0,2.744
SAMN26286207,PRJNA806984,,10 months,infant,304.0,,BD,,,,,,2013-04/2016-10,primary,1.0,2.788
SAMN26286213,PRJNA806984,,10 months,infant,304.0,,BD,,,,,,2013-04/2016-10,primary,1.0,1.318
SAMN26286219,PRJNA806984,,10 months,infant,304.0,,BD,,,,,,2013-04/2016-10,primary,1.0,1.517
SAMN26286225,PRJNA806984,,10 months,infant,304.0,,BD,,,,,,2013-04/2016-10,primary,1.0,2.784
SAMN26286231,PRJNA806984,,10 months,infant,304.0,,BD,,,,,,2013-04/2016-10,primary,1.0,2.679
SAMN26286237,PRJNA806984,,10 months,infant,304.0,,BD,,,,,,2013-04/2016-10,primary,1.0,2.43
SAMN26286242,PRJNA806984,,10 months,infant,304.0,,BD,,,,,,2013-04/2016-10,primary,1.0,2.652
SAMN26286247,PRJNA806984,,10 months,infant,304.0,,BD,,,,,,2013-04/2016-10,primary,1.0,3.436
SAMN26286252,PRJNA806984,,10 months,infant,304.0,,BD,,,,,,2013-04/2016-10,primary,1.0,4.311
SAMN26286258,PRJNA806984,,10 months,infant,304.0,,BD,,,,,,2013-04/2016-10,primary,1.0,1.931
SAMN26286264,PRJNA806984,,10 months,infant,304.0,,BD,,,,,,2013-04/2016-10,primary,1.0,3.365
SAMN26286269,PRJNA806984,,10 months,infant,304.0,,BD,,,,,,2013-04/2016-10,primary,1.0,3.135
SAMN26286275,PRJNA806984,,10 months,infant,304.0,,BD,,,,,,2013-04/2016-10,primary,1.0,0.988
SAMN26286281,PRJNA806984,,10 months,infant,304.0,,BD,,,,,,2013-04/2016-10,primary,1.0,2.192
SAMN26286286,PRJNA806984,,10 months,infant,304.0,,BD,,,,,,2013-04/2016-10,primary,1.0,2.203
SAMN26286292,PRJNA806984,,10 months,infant,304.0,,BD,,,,,,2013-04/2016-10,primary,1.0,4.943
SAMN26286297,PRJNA806984,,10 months,infant,304.0,,BD,,,,,,2013-04/2016-10,primary,1.0,3.094
SAMN26286302,PRJNA806984,,10 months,infant,304.0,,BD,,,,,,2013-04/2016-10,primary,1.0,3.334
SAMN26286308,PRJNA806984,,10 months,infant,304.0,,BD,,,,,,2013-04/2016-10,primary,1.0,5.84
SAMN26286314,PRJNA806984,,10 months,infant,304.0,,BD,,,,,,2013-04/2016-10,primary,1.0,2.413
SAMN26286319,PRJNA806984,,10 months,infant,304.0,,BD,,,,,,2013-04/2016-10,primary,1.0,3.69
SAMN26286330,PRJNA806984,,10 months,infant,304.0,,BD,,,,,,2013-04/2016-10,primary,1.0,8.112
SAMN26286336,PRJNA806984,,10 months,infant,304.0,,BD,,,,,,2013-04/2016-10,primary,1.0,1.386
SAMN26286342,PRJNA806984,,10 months,infant,304.0,,BD,,,,,,2013-04/2016-10,primary,1.0,2.543
SAMN26286349,PRJNA806984,,10 months,infant,304.0,,BD,,,,,,2013-04/2016-10,primary,1.0,2.457
SAMN26286355,PRJNA806984,,10 months,infant,304.0,,BD,,,,,,2013-04/2016-10,primary,1.0,4.71
SAMN26286361,PRJNA806984,,10 months,infant,304.0,,BD,,,,,,2013-04/2016-10,primary,1.0,3.964
SAMN26286366,PRJNA806984,,10 months,infant,304.0,,BD,,,,,,2013-04/2016-10,primary,1.0,3.388
SAMN26286372,PRJNA806984,,10 months,infant,304.0,,BD,,,,,,2013-04/2016-10,primary,1.0,4.718
SAMN26286378,PRJNA806984,,10 months,infant,304.0,,BD,,,,,,2013-04/2016-10,primary,1.0,2.037
SAMN26286384,PRJNA806984,,10 months,infant,304.0,,BD,,,,,,2013-04/2016-10,primary,1.0,4.615
SAMN26286390,PRJNA806984,,10 months,infant,304.0,,BD,,,,,,2013-04/2016-10,primary,1.0,3.585
SAMN26286396,PRJNA806984,,10 months,infant,304.0,,BD,,,,,,2013-04/2016-10,primary,1.0,2.815
SAMN26286402,PRJNA806984,,10 months,infant,304.0,,BD,,,,,,2013-04/2016-10,primary,1.0,3.915
SAMN26286412,PRJNA806984,,10 months,infant,304.0,,BD,,,,,,2013-04/2016-10,primary,1.0,4.729
SAMN26286418,PRJNA806984,,10 months,infant,304.0,,BD,,,,,,2013-04/2016-10,primary,1.0,2.579
SAMN26286424,PRJNA806984,,10 months,infant,304.0,,BD,,,,,,2013-04/2016-10,primary,1.0,7.622
SAMN26286429,PRJNA806984,,10 months,infant,304.0,,BD,,,,,,2013-04/2016-10,primary,1.0,2.457
SAMN26286435,PRJNA806984,,10 months,infant,304.0,,BD,,,,,,2013-04/2016-10,primary,1.0,1.194
SAMN26286442,PRJNA806984,,10 months,infant,304.0,,BD,,,,,,2013-04/2016-10,primary,1.0,4.721
SAMN26286448,PRJNA806984,,10 months,infant,304.0,,BD,,,,,,2013-04/2016-10,primary,1.0,3.808
SAMN26286454,PRJNA806984,,10 months,infant,304.0,,BD,,,,,,2013-04/2016-10,primary,1.0,5.582
SAMN26286461,PRJNA806984,,10 months,infant,304.0,,BD,,,,,,2013-04/2016-10,primary,1.0,2.068
SAMN26286467,PRJNA806984,,10 months,infant,304.0,,BD,,,,,,2013-04/2016-10,primary,1.0,5.826
SAMN26286476,PRJNA806984,,10 months,infant,304.0,,BD,,,,,,2013-04/2016-10,primary,1.0,1.747
SAMN26286482,PRJNA806984,,10 months,infant,304.0,,BD,,,,,,2013-04/2016-10,primary,1.0,2.585
SAMN26286488,PRJNA806984,,10 months,infant,304.0,,BD,,,,,,2013-04/2016-10,primary,1.0,5.238
SAMN26286503,PRJNA806984,,10 months,infant,304.0,,BD,,,,,,2013-04/2016-10,primary,1.0,1.693
SAMN26286510,PRJNA806984,,10 months,infant,304.0,,BD,,,,,,2013-04/2016-10,primary,1.0,2.264
SAMN26286516,PRJNA806984,,10 months,infant,304.0,,BD,,,,,,2013-04/2016-10,primary,1.0,3.15
SAMN26286522,PRJNA806984,,10 months,infant,304.0,,BD,,,,,,2013-04/2016-10,primary,1.0,2.434
SAMN26286529,PRJNA806984,,10 months,infant,304.0,,BD,,,,,,2013-04/2016-10,primary,1.0,1.518
SAMN26286535,PRJNA806984,,10 months,infant,304.0,,BD,,,,,,2013-04/2016-10,primary,1.0,4.206
SAMN26286541,PRJNA806984,,10 months,infant,304.0,,BD,,,,,,2013-04/2016-10,primary,1.0,3.104
SAMN26286547,PRJNA806984,,10 months,infant,304.0,,BD,,,,,,2013-04/2016-10,primary,1.0,5.36
SAMN26286553,PRJNA806984,,10 months,infant,304.0,,BD,,,,,,2013-04/2016-10,primary,1.0,3.935
SAMN26286560,PRJNA806984,,10 months,infant,304.0,,BD,,,,,,2013-04/2016-10,primary,1.0,1.436
SAMN26286565,PRJNA806984,,10 months,infant,304.0,,BD,,,,,,2013-04/2016-10,primary,1.0,2.216
SAMN26286569,PRJNA806984,,10 months,infant,304.0,,BD,,,,,,2013-04/2016-10,primary,1.0,3.319
SAMN26286575,PRJNA806984,,10 months,infant,304.0,,BD,,,,,,2013-04/2016-10,primary,1.0,2.343
SAMN26286581,PRJNA806984,,10 months,infant,304.0,,BD,,,,,,2013-04/2016-10,primary,1.0,3.272
SAMN26286585,PRJNA806984,,10 months,infant,304.0,,BD,,,,,,2013-04/2016-10,primary,1.0,2.479
SAMN26286591,PRJNA806984,,10 months,infant,304.0,,BD,,,,,,2013-04/2016-10,primary,1.0,5.046
SAMN26286599,PRJNA806984,,10 months,infant,304.0,,BD,,,,,,2013-04/2016-10,primary,1.0,5.153
SAMN26286605,PRJNA806984,,10 months,infant,304.0,,BD,,,,,,2013-04/2016-10,primary,1.0,2.3
SAMN26286611,PRJNA806984,,10 months,infant,304.0,,BD,,,,,,2013-04/2016-10,primary,1.0,4.545
SAMN26286617,PRJNA806984,,10 months,infant,304.0,,BD,,,,,,2013-04/2016-10,primary,1.0,5.868
SAMN26286623,PRJNA806984,,10 months,infant,304.0,,BD,,,,,,2013-04/2016-10,primary,1.0,1.289
SAMN26286629,PRJNA806984,,10 months,infant,304.0,,BD,,,,,,2013-04/2016-10,primary,1.0,1.425
SAMN26286634,PRJNA806984,,10 months,infant,304.0,,BD,,,,,,2013-04/2016-10,primary,1.0,2.972
SAMN26286640,PRJNA806984,,10 months,infant,304.0,,BD,,,,,,2013-04/2016-10,primary,1.0,3.526
SAMN26286649,PRJNA806984,,10 months,infant,304.0,,BD,,,,,,2013-04/2016-10,primary,1.0,4.087
SAMN26286655,PRJNA806984,,10 months,infant,304.0,,BD,,,,,,2013-04/2016-10,primary,1.0,5.285
SAMN26286666,PRJNA806984,,10 months,infant,304.0,,BD,,,,,,2013-04/2016-10,primary,1.0,2.97
SAMN26286671,PRJNA806984,,10 months,infant,304.0,,BD,,,,,,2013-04/2016-10,primary,1.0,2.302
SAMN26286677,PRJNA806984,,10 months,infant,304.0,,BD,,,,,,2013-04/2016-10,primary,1.0,2.756
SAMN26286683,PRJNA806984,,10 months,infant,304.0,,BD,,,,,,2013-04/2016-10,primary,1.0,5.357
SAMN26286690,PRJNA806984,,10 months,infant,304.0,,BD,,,,,,2013-04/2016-10,primary,1.0,3.124
SAMN26286696,PRJNA806984,,10 months,infant,304.0,,BD,,,,,,2013-04/2016-10,primary,1.0,2.188
SAMN26286710,PRJNA806984,,10 months,infant,304.0,,BD,,,,,,2013-04/2016-10,primary,1.0,3.835
SAMN26286716,PRJNA806984,,10 months,infant,304.0,,BD,,,,,,2013-04/2016-10,primary,1.0,3.429
SAMN26286723,PRJNA806984,,10 months,infant,304.0,,BD,,,,,,2013-04/2016-10,primary,1.0,1.412
SAMN26286729,PRJNA806984,,10 months,infant,304.0,,BD,,,,,,2013-04/2016-10,primary,1.0,2.459
SAMN26286736,PRJNA806984,,10 months,infant,304.0,,BD,,,,,,2013-04/2016-10,primary,1.0,3.193
SAMN26286742,PRJNA806984,,10 months,infant,304.0,,BD,,,,,,2013-04/2016-10,primary,1.0,2.737
SAMN26286747,PRJNA806984,,10 months,infant,304.0,,BD,,,,,,2013-04/2016-10,primary,1.0,1.117
SAMN26286753,PRJNA806984,,10 months,infant,304.0,,BD,,,,,,2013-04/2016-10,primary,1.0,4.082
SAMN26286759,PRJNA806984,,10 months,infant,304.0,,BD,,,,,,2013-04/2016-10,primary,1.0,4.676
SAMN26286764,PRJNA806984,,10 months,infant,304.0,,BD,,,,,,2013-04/2016-10,primary,1.0,2.095
SAMN26286770,PRJNA806984,,10 months,infant,304.0,,BD,,,,,,2013-04/2016-10,primary,1.0,2.398
SAMN26286775,PRJNA806984,,10 months,infant,304.0,,BD,,,,,,2013-04/2016-10,primary,1.0,5.109
SAMN26286780,PRJNA806984,,10 months,infant,304.0,,BD,,,,,,2013-04/2016-10,primary,1.0,1.171
SAMN26286786,PRJNA806984,,10 months,infant,304.0,,BD,,,,,,2013-04/2016-10,primary,1.0,3.235
SAMN26286793,PRJNA806984,,10 months,infant,304.0,,BD,,,,,,2013-04/2016-10,primary,1.0,2.667
SAMN26286800,PRJNA806984,,10 months,infant,304.0,,BD,,,,,,2013-04/2016-10,primary,1.0,1.449
SAMN26286805,PRJNA806984,,10 months,infant,304.0,,BD,,,,,,2013-04/2016-10,primary,1.0,5.545
SAMN26286811,PRJNA806984,,10 months,infant,304.0,,BD,,,,,,2013-04/2016-10,primary,1.0,2.863
SAMN26286817,PRJNA806984,,10 months,infant,304.0,,BD,,,,,,2013-04/2016-10,primary,1.0,7.357
SAMN26286826,PRJNA806984,,10 months,infant,304.0,,BD,,,,,,2013-04/2016-10,primary,1.0,5.004
SAMN26286835,PRJNA806984,,10 months,infant,304.0,,BD,,,,,,2013-04/2016-10,primary,1.0,2.971
SAMN26286841,PRJNA806984,,10 months,infant,304.0,,BD,,,,,,2013-04/2016-10,primary,1.0,4.102
SAMN26286847,PRJNA806984,,10 months,infant,304.0,,BD,,,,,,2013-04/2016-10,primary,1.0,1.773
SAMN26286853,PRJNA806984,,10 months,infant,304.0,,BD,,,,,,2013-04/2016-10,primary,1.0,2.623
SAMN26286858,PRJNA806984,,10 months,infant,304.0,,BD,,,,,,2013-04/2016-10,primary,1.0,3.795
SAMN26286864,PRJNA806984,,10 months,infant,304.0,,BD,,,,,,2013-04/2016-10,primary,1.0,2.892
SAMN26286871,PRJNA806984,,10 months,infant,304.0,,BD,,,,,,2013-04/2016-10,primary,1.0,2.681
SAMN26286877,PRJNA806984,,10 months,infant,304.0,,BD,,,,,,2013-04/2016-10,primary,1.0,8.288
SAMN26286883,PRJNA806984,,10 months,infant,304.0,,BD,,,,,,2013-04/2016-10,primary,1.0,2.93
SAMN26286889,PRJNA806984,,10 months,infant,304.0,,BD,,,,,,2013-04/2016-10,primary,1.0,2.672
SAMN26286895,PRJNA806984,,10 months,infant,304.0,,BD,,,,,,2013-04/2016-10,primary,1.0,3.636
SAMN26286902,PRJNA806984,,10 months,infant,304.0,,BD,,,,,,2013-04/2016-10,primary,1.0,3.969
SAMN26286909,PRJNA806984,,10 months,infant,304.0,,BD,,,,,,2013-04/2016-10,primary,1.0,3.449
SAMN26286915,PRJNA806984,,10 months,infant,304.0,,BD,,,,,,2013-04/2016-10,primary,1.0,5.091
SAMN26286921,PRJNA806984,,10 months,infant,304.0,,BD,,,,,,2013-04/2016-10,primary,1.0,1.361
SAMN26286926,PRJNA806984,,10 months,infant,304.0,,BD,,,,,,2013-04/2016-10,primary,1.0,2.537
SAMN26286930,PRJNA806984,,10 months,infant,304.0,,BD,,,,,,2013-04/2016-10,primary,1.0,4.0
SAMN26286940,PRJNA806984,,10 months,infant,304.0,,BD,,,,,,2013-04/2016-10,primary,1.0,6.452
SAMN26286947,PRJNA806984,,10 months,infant,304.0,,BD,,,,,,2013-04/2016-10,primary,1.0,2.338
SAMN26286953,PRJNA806984,,10 months,infant,304.0,,BD,,,,,,2013-04/2016-10,primary,1.0,5.325
SAMN26286958,PRJNA806984,,10 months,infant,304.0,,BD,,,,,,2013-04/2016-10,primary,1.0,2.766
SAMN26286963,PRJNA806984,,10 months,infant,304.0,,BD,,,,,,2013-04/2016-10,primary,1.0,6.898
SAMN26286969,PRJNA806984,,10 months,infant,304.0,,BD,,,,,,2013-04/2016-10,primary,1.0,4.076
SAMN26286975,PRJNA806984,,10 months,infant,304.0,,BD,,,,,,2013-04/2016-10,primary,1.0,1.145
SAMN26286981,PRJNA806984,,10 months,infant,304.0,,BD,,,,,,2013-04/2016-10,primary,1.0,2.981
SAMN26286988,PRJNA806984,,10 months,infant,304.0,,BD,,,,,,2013-04/2016-10,primary,1.0,1.982
SAMN26286994,PRJNA806984,,10 months,infant,304.0,,BD,,,,,,2013-04/2016-10,primary,1.0,2.628
SAMN26287000,PRJNA806984,,10 months,infant,304.0,,BD,,,,,,2013-04/2016-10,primary,1.0,2.918
SAMN26287006,PRJNA806984,,10 months,infant,304.0,,BD,,,,,,2013-04/2016-10,primary,1.0,3.873
SAMN26287013,PRJNA806984,,10 months,infant,304.0,,BD,,,,,,2013-04/2016-10,primary,1.0,4.503
SAMN26287019,PRJNA806984,,10 months,infant,304.0,,BD,,,,,,2013-04/2016-10,primary,1.0,2.831
SAMN26287024,PRJNA806984,,10 months,infant,304.0,,BD,,,,,,2013-04/2016-10,primary,1.0,2.931
SAMN26287030,PRJNA806984,,10 months,infant,304.0,,BD,,,,,,2013-04/2016-10,primary,1.0,1.422
SAMN26287036,PRJNA806984,,10 months,infant,304.0,,BD,,,,,,2013-04/2016-10,primary,1.0,2.41
SAMN26287042,PRJNA806984,,10 months,infant,304.0,,BD,,,,,,2013-04/2016-10,primary,1.0,1.826
SAMN26287048,PRJNA806984,,10 months,infant,304.0,,BD,,,,,,2013-04/2016-10,primary,1.0,2.53
SAMN26287052,PRJNA806984,,10 months,infant,304.0,,BD,,,,,,2013-04/2016-10,primary,1.0,3.215
SAMN26287062,PRJNA806984,,10 months,infant,304.0,,BD,,,,,,2013-04/2016-10,primary,1.0,2.973
SAMN26287068,PRJNA806984,,10 months,infant,304.0,,BD,,,,,,2013-04/2016-10,primary,1.0,3.535
SAMN26287071,PRJNA806984,,10 months,infant,304.0,,BD,,,,,,2013-04/2016-10,primary,1.0,2.554
SAMN26287077,PRJNA806984,,10 months,infant,304.0,,BD,,,,,,2013-04/2016-10,primary,1.0,1.212
SAMN26287087,PRJNA806984,,10 months,infant,304.0,,BD,,,,,,2013-04/2016-10,primary,1.0,6.546
SAMN26287092,PRJNA806984,,10 months,infant,304.0,,BD,,,,,,2013-04/2016-10,primary,1.0,3.189
SAMN26287098,PRJNA806984,,10 months,infant,304.0,,BD,,,,,,2013-04/2016-10,primary,1.0,2.915
SAMN26287105,PRJNA806984,,10 months,infant,304.0,,BD,,,,,,2013-04/2016-10,primary,1.0,2.303
SAMN26287112,PRJNA806984,,10 months,infant,304.0,,BD,,,,,,2013-04/2016-10,primary,1.0,2.319
SAMN26287117,PRJNA806984,,10 months,infant,304.0,,BD,,,,,,2013-04/2016-10,primary,1.0,1.906
SAMN26287123,PRJNA806984,,10 months,infant,304.0,,BD,,,,,,2013-04/2016-10,primary,1.0,3.023
SAMN26287129,PRJNA806984,,10 months,infant,304.0,,BD,,,,,,2013-04/2016-10,primary,1.0,4.064
SAMN26287140,PRJNA806984,,10 months,infant,304.0,,BD,,,,,,2013-04/2016-10,primary,1.0,6.144
SAMN26287147,PRJNA806984,,10 months,infant,304.0,,BD,,,,,,2013-04/2016-10,primary,1.0,2.36
SAMN26287152,PRJNA806984,,10 months,infant,304.0,,BD,,,,,,2013-04/2016-10,primary,1.0,3.222
SAMN26287158,PRJNA806984,,10 months,infant,304.0,,BD,,,,,,2013-04/2016-10,primary,1.0,5.303
SAMN26287164,PRJNA806984,,10 months,infant,304.0,,BD,,,,,,2013-04/2016-10,primary,1.0,4.194
SAMN26287170,PRJNA806984,,10 months,infant,304.0,,BD,,,,,,2013-04/2016-10,primary,1.0,2.981
SAMN26286499,PRJNA806984,,102 days,infant,102.0,,BD,,,,,,2013-04/2016-10,primary,1.0,5.76
SAMN26286661,PRJNA806984,,143 days,infant,143.0,,BD,,,,,,2013-04/2016-10,primary,1.0,2.309
SAMN26285830,PRJNA806984,,15 months,infant,457.0,,BD,,,,,,2013-04/2016-10,primary,1.0,2.698
SAMN26285836,PRJNA806984,,15 months,infant,457.0,,BD,,,,,,2013-04/2016-10,primary,1.0,5.397
SAMN26285843,PRJNA806984,,15 months,infant,457.0,,BD,,,,,,2013-04/2016-10,primary,1.0,3.536
SAMN26285850,PRJNA806984,,15 months,infant,457.0,,BD,,,,,,2013-04/2016-10,primary,1.0,4.413
SAMN26285857,PRJNA806984,,15 months,infant,457.0,,BD,,,,,,2013-04/2016-10,primary,1.0,1.612
SAMN26285864,PRJNA806984,,15 months,infant,457.0,,BD,,,,,,2013-04/2016-10,primary,1.0,2.391
SAMN26285869,PRJNA806984,,15 months,infant,457.0,,BD,,,,,,2013-04/2016-10,primary,1.0,4.392
SAMN26285874,PRJNA806984,,15 months,infant,457.0,,BD,,,,,,2013-04/2016-10,primary,1.0,6.908
SAMN26285880,PRJNA806984,,15 months,infant,457.0,,BD,,,,,,2013-04/2016-10,primary,1.0,6.04
SAMN26285887,PRJNA806984,,15 months,infant,457.0,,BD,,,,,,2013-04/2016-10,primary,1.0,3.514
SAMN26285892,PRJNA806984,,15 months,infant,457.0,,BD,,,,,,2013-04/2016-10,primary,1.0,4.29
SAMN26285898,PRJNA806984,,15 months,infant,457.0,,BD,,,,,,2013-04/2016-10,primary,1.0,2.366
SAMN26285904,PRJNA806984,,15 months,infant,457.0,,BD,,,,,,2013-04/2016-10,primary,1.0,6.903
SAMN26285911,PRJNA806984,,15 months,infant,457.0,,BD,,,,,,2013-04/2016-10,primary,1.0,5.586
SAMN26285917,PRJNA806984,,15 months,infant,457.0,,BD,,,,,,2013-04/2016-10,primary,1.0,1.647
SAMN26285924,PRJNA806984,,15 months,infant,457.0,,BD,,,,,,2013-04/2016-10,primary,1.0,3.638
SAMN26285930,PRJNA806984,,15 months,infant,457.0,,BD,,,,,,2013-04/2016-10,primary,1.0,1.207
SAMN26285936,PRJNA806984,,15 months,infant,457.0,,BD,,,,,,2013-04/2016-10,primary,1.0,2.831
SAMN26285943,PRJNA806984,,15 months,infant,457.0,,BD,,,,,,2013-04/2016-10,primary,1.0,4.3
SAMN26285949,PRJNA806984,,15 months,infant,457.0,,BD,,,,,,2013-04/2016-10,primary,1.0,3.778
SAMN26285954,PRJNA806984,,15 months,infant,457.0,,BD,,,,,,2013-04/2016-10,primary,1.0,4.562
SAMN26285960,PRJNA806984,,15 months,infant,457.0,,BD,,,,,,2013-04/2016-10,primary,1.0,3.174
SAMN26285966,PRJNA806984,,15 months,infant,457.0,,BD,,,,,,2013-04/2016-10,primary,1.0,3.072
SAMN26285971,PRJNA806984,,15 months,infant,457.0,,BD,,,,,,2013-04/2016-10,primary,1.0,5.521
SAMN26285978,PRJNA806984,,15 months,infant,457.0,,BD,,,,,,2013-04/2016-10,primary,1.0,3.232
SAMN26285984,PRJNA806984,,15 months,infant,457.0,,BD,,,,,,2013-04/2016-10,primary,1.0,0.865
SAMN26285990,PRJNA806984,,15 months,infant,457.0,,BD,,,,,,2013-04/2016-10,primary,1.0,8.047
SAMN26285997,PRJNA806984,,15 months,infant,457.0,,BD,,,,,,2013-04/2016-10,primary,1.0,2.822
SAMN26286004,PRJNA806984,,15 months,infant,457.0,,BD,,,,,,2013-04/2016-10,primary,1.0,2.656
SAMN26286011,PRJNA806984,,15 months,infant,457.0,,BD,,,,,,2013-04/2016-10,primary,1.0,3.375
SAMN26286017,PRJNA806984,,15 months,infant,457.0,,BD,,,,,,2013-04/2016-10,primary,1.0,4.695
SAMN26286024,PRJNA806984,,15 months,infant,457.0,,BD,,,,,,2013-04/2016-10,primary,1.0,6.069
SAMN26286029,PRJNA806984,,15 months,infant,457.0,,BD,,,,,,2013-04/2016-10,primary,1.0,1.638
SAMN26286035,PRJNA806984,,15 months,infant,457.0,,BD,,,,,,2013-04/2016-10,primary,1.0,2.432
SAMN26286042,PRJNA806984,,15 months,infant,457.0,,BD,,,,,,2013-04/2016-10,primary,1.0,4.73
SAMN26286048,PRJNA806984,,15 months,infant,457.0,,BD,,,,,,2013-04/2016-10,primary,1.0,2.826
SAMN26286053,PRJNA806984,,15 months,infant,457.0,,BD,,,,,,2013-04/2016-10,primary,1.0,1.417
SAMN26286059,PRJNA806984,,15 months,infant,457.0,,BD,,,,,,2013-04/2016-10,primary,1.0,5.544
SAMN26286065,PRJNA806984,,15 months,infant,457.0,,BD,,,,,,2013-04/2016-10,primary,1.0,1.086
SAMN26286072,PRJNA806984,,15 months,infant,457.0,,BD,,,,,,2013-04/2016-10,primary,1.0,5.281
SAMN26286078,PRJNA806984,,15 months,infant,457.0,,BD,,,,,,2013-04/2016-10,primary,1.0,4.158
SAMN26286085,PRJNA806984,,15 months,infant,457.0,,BD,,,,,,2013-04/2016-10,primary,1.0,4.139
SAMN26286091,PRJNA806984,,15 months,infant,457.0,,BD,,,,,,2013-04/2016-10,primary,1.0,3.016
SAMN26286096,PRJNA806984,,15 months,infant,457.0,,BD,,,,,,2013-04/2016-10,primary,1.0,1.353
SAMN26286101,PRJNA806984,,15 months,infant,457.0,,BD,,,,,,2013-04/2016-10,primary,1.0,5.603
SAMN26286107,PRJNA806984,,15 months,infant,457.0,,BD,,,,,,2013-04/2016-10,primary,1.0,1.962
SAMN26286113,PRJNA806984,,15 months,infant,457.0,,BD,,,,,,2013-04/2016-10,primary,1.0,4.023
SAMN26286120,PRJNA806984,,15 months,infant,457.0,,BD,,,,,,2013-04/2016-10,primary,1.0,0.703
SAMN26286126,PRJNA806984,,15 months,infant,457.0,,BD,,,,,,2013-04/2016-10,primary,1.0,1.166
SAMN26286132,PRJNA806984,,15 months,infant,457.0,,BD,,,,,,2013-04/2016-10,primary,1.0,3.329
SAMN26286142,PRJNA806984,,15 months,infant,457.0,,BD,,,,,,2013-04/2016-10,primary,1.0,4.103
SAMN26286148,PRJNA806984,,15 months,infant,457.0,,BD,,,,,,2013-04/2016-10,primary,1.0,3.91
SAMN26286153,PRJNA806984,,15 months,infant,457.0,,BD,,,,,,2013-04/2016-10,primary,1.0,2.859
SAMN26286159,PRJNA806984,,15 months,infant,457.0,,BD,,,,,,2013-04/2016-10,primary,1.0,3.964
SAMN26286165,PRJNA806984,,15 months,infant,457.0,,BD,,,,,,2013-04/2016-10,primary,1.0,1.249
SAMN26286171,PRJNA806984,,15 months,infant,457.0,,BD,,,,,,2013-04/2016-10,primary,1.0,3.663
SAMN26286177,PRJNA806984,,15 months,infant,457.0,,BD,,,,,,2013-04/2016-10,primary,1.0,2.299
SAMN26286183,PRJNA806984,,15 months,infant,457.0,,BD,,,,,,2013-04/2016-10,primary,1.0,1.722
SAMN26286189,PRJNA806984,,15 months,infant,457.0,,BD,,,,,,2013-04/2016-10,primary,1.0,1.581
SAMN26286196,PRJNA806984,,15 months,infant,457.0,,BD,,,,,,2013-04/2016-10,primary,1.0,1.143
SAMN26286203,PRJNA806984,,15 months,infant,457.0,,BD,,,,,,2013-04/2016-10,primary,1.0,1.563
SAMN26286208,PRJNA806984,,15 months,infant,457.0,,BD,,,,,,2013-04/2016-10,primary,1.0,0.733
SAMN26286214,PRJNA806984,,15 months,infant,457.0,,BD,,,,,,2013-04/2016-10,primary,1.0,2.883
SAMN26286220,PRJNA806984,,15 months,infant,457.0,,BD,,,,,,2013-04/2016-10,primary,1.0,4.793
SAMN26286226,PRJNA806984,,15 months,infant,457.0,,BD,,,,,,2013-04/2016-10,primary,1.0,3.499
SAMN26286232,PRJNA806984,,15 months,infant,457.0,,BD,,,,,,2013-04/2016-10,primary,1.0,2.335
SAMN26286238,PRJNA806984,,15 months,infant,457.0,,BD,,,,,,2013-04/2016-10,primary,1.0,1.008
SAMN26286243,PRJNA806984,,15 months,infant,457.0,,BD,,,,,,2013-04/2016-10,primary,1.0,2.731
SAMN26286248,PRJNA806984,,15 months,infant,457.0,,BD,,,,,,2013-04/2016-10,primary,1.0,3.126
SAMN26286253,PRJNA806984,,15 months,infant,457.0,,BD,,,,,,2013-04/2016-10,primary,1.0,2.327
SAMN26286259,PRJNA806984,,15 months,infant,457.0,,BD,,,,,,2013-04/2016-10,primary,1.0,1.535
SAMN26286265,PRJNA806984,,15 months,infant,457.0,,BD,,,,,,2013-04/2016-10,primary,1.0,2.971
SAMN26286270,PRJNA806984,,15 months,infant,457.0,,BD,,,,,,2013-04/2016-10,primary,1.0,1.376
SAMN26286276,PRJNA806984,,15 months,infant,457.0,,BD,,,,,,2013-04/2016-10,primary,1.0,3.543
SAMN26286282,PRJNA806984,,15 months,infant,457.0,,BD,,,,,,2013-04/2016-10,primary,1.0,4.07
SAMN26286287,PRJNA806984,,15 months,infant,457.0,,BD,,,,,,2013-04/2016-10,primary,1.0,6.953
SAMN26286293,PRJNA806984,,15 months,infant,457.0,,BD,,,,,,2013-04/2016-10,primary,1.0,3.616
SAMN26286298,PRJNA806984,,15 months,infant,457.0,,BD,,,,,,2013-04/2016-10,primary,1.0,2.46
SAMN26286303,PRJNA806984,,15 months,infant,457.0,,BD,,,,,,2013-04/2016-10,primary,1.0,4.972
SAMN26286309,PRJNA806984,,15 months,infant,457.0,,BD,,,,,,2013-04/2016-10,primary,1.0,4.041
SAMN26286315,PRJNA806984,,15 months,infant,457.0,,BD,,,,,,2013-04/2016-10,primary,1.0,3.646
SAMN26286320,PRJNA806984,,15 months,infant,457.0,,BD,,,,,,2013-04/2016-10,primary,1.0,4.188
SAMN26286331,PRJNA806984,,15 months,infant,457.0,,BD,,,,,,2013-04/2016-10,primary,1.0,2.836
SAMN26286337,PRJNA806984,,15 months,infant,457.0,,BD,,,,,,2013-04/2016-10,primary,1.0,5.825
SAMN26286343,PRJNA806984,,15 months,infant,457.0,,BD,,,,,,2013-04/2016-10,primary,1.0,2.22
SAMN26286350,PRJNA806984,,15 months,infant,457.0,,BD,,,,,,2013-04/2016-10,primary,1.0,0.787
SAMN26286356,PRJNA806984,,15 months,infant,457.0,,BD,,,,,,2013-04/2016-10,primary,1.0,2.665
SAMN26286362,PRJNA806984,,15 months,infant,457.0,,BD,,,,,,2013-04/2016-10,primary,1.0,2.159
SAMN26286367,PRJNA806984,,15 months,infant,457.0,,BD,,,,,,2013-04/2016-10,primary,1.0,3.303
SAMN26286373,PRJNA806984,,15 months,infant,457.0,,BD,,,,,,2013-04/2016-10,primary,1.0,4.256
SAMN26286379,PRJNA806984,,15 months,infant,457.0,,BD,,,,,,2013-04/2016-10,primary,1.0,5.583
SAMN26286385,PRJNA806984,,15 months,infant,457.0,,BD,,,,,,2013-04/2016-10,primary,1.0,1.005
SAMN26286391,PRJNA806984,,15 months,infant,457.0,,BD,,,,,,2013-04/2016-10,primary,1.0,0.686
SAMN26286397,PRJNA806984,,15 months,infant,457.0,,BD,,,,,,2013-04/2016-10,primary,1.0,2.253
SAMN26286403,PRJNA806984,,15 months,infant,457.0,,BD,,,,,,2013-04/2016-10,primary,1.0,4.947
SAMN26286413,PRJNA806984,,15 months,infant,457.0,,BD,,,,,,2013-04/2016-10,primary,1.0,1.813
SAMN26286419,PRJNA806984,,15 months,infant,457.0,,BD,,,,,,2013-04/2016-10,primary,1.0,1.38
SAMN26286425,PRJNA806984,,15 months,infant,457.0,,BD,,,,,,2013-04/2016-10,primary,1.0,3.098
SAMN26286430,PRJNA806984,,15 months,infant,457.0,,BD,,,,,,2013-04/2016-10,primary,1.0,1.596
SAMN26286436,PRJNA806984,,15 months,infant,457.0,,BD,,,,,,2013-04/2016-10,primary,1.0,1.86
SAMN26286443,PRJNA806984,,15 months,infant,457.0,,BD,,,,,,2013-04/2016-10,primary,1.0,2.602
SAMN26286449,PRJNA806984,,15 months,infant,457.0,,BD,,,,,,2013-04/2016-10,primary,1.0,2.106
SAMN26286455,PRJNA806984,,15 months,infant,457.0,,BD,,,,,,2013-04/2016-10,primary,1.0,3.375
SAMN26286462,PRJNA806984,,15 months,infant,457.0,,BD,,,,,,2013-04/2016-10,primary,1.0,1.703
SAMN26286468,PRJNA806984,,15 months,infant,457.0,,BD,,,,,,2013-04/2016-10,primary,1.0,3.435
SAMN26286473,PRJNA806984,,15 months,infant,457.0,,BD,,,,,,2013-04/2016-10,primary,1.0,3.24
SAMN26286477,PRJNA806984,,15 months,infant,457.0,,BD,,,,,,2013-04/2016-10,primary,1.0,4.181
SAMN26286483,PRJNA806984,,15 months,infant,457.0,,BD,,,,,,2013-04/2016-10,primary,1.0,2.204
SAMN26286489,PRJNA806984,,15 months,infant,457.0,,BD,,,,,,2013-04/2016-10,primary,1.0,6.082
SAMN26286494,PRJNA806984,,15 months,infant,457.0,,BD,,,,,,2013-04/2016-10,primary,1.0,5.192
SAMN26286504,PRJNA806984,,15 months,infant,457.0,,BD,,,,,,2013-04/2016-10,primary,1.0,1.96
SAMN26286511,PRJNA806984,,15 months,infant,457.0,,BD,,,,,,2013-04/2016-10,primary,1.0,3.814
SAMN26286517,PRJNA806984,,15 months,infant,457.0,,BD,,,,,,2013-04/2016-10,primary,1.0,3.744
SAMN26286523,PRJNA806984,,15 months,infant,457.0,,BD,,,,,,2013-04/2016-10,primary,1.0,3.753
SAMN26286530,PRJNA806984,,15 months,infant,457.0,,BD,,,,,,2013-04/2016-10,primary,1.0,7.191
SAMN26286536,PRJNA806984,,15 months,infant,457.0,,BD,,,,,,2013-04/2016-10,primary,1.0,2.729
SAMN26286542,PRJNA806984,,15 months,infant,457.0,,BD,,,,,,2013-04/2016-10,primary,1.0,5.287
SAMN26286548,PRJNA806984,,15 months,infant,457.0,,BD,,,,,,2013-04/2016-10,primary,1.0,5.388
SAMN26286554,PRJNA806984,,15 months,infant,457.0,,BD,,,,,,2013-04/2016-10,primary,1.0,4.758
SAMN26286561,PRJNA806984,,15 months,infant,457.0,,BD,,,,,,2013-04/2016-10,primary,1.0,3.491
SAMN26286566,PRJNA806984,,15 months,infant,457.0,,BD,,,,,,2013-04/2016-10,primary,1.0,3.249
SAMN26286570,PRJNA806984,,15 months,infant,457.0,,BD,,,,,,2013-04/2016-10,primary,1.0,5.707
SAMN26286576,PRJNA806984,,15 months,infant,457.0,,BD,,,,,,2013-04/2016-10,primary,1.0,4.847
SAMN26286586,PRJNA806984,,15 months,infant,457.0,,BD,,,,,,2013-04/2016-10,primary,1.0,3.603
SAMN26286592,PRJNA806984,,15 months,infant,457.0,,BD,,,,,,2013-04/2016-10,primary,1.0,3.921
SAMN26286600,PRJNA806984,,15 months,infant,457.0,,BD,,,,,,2013-04/2016-10,primary,1.0,2.781
SAMN26286606,PRJNA806984,,15 months,infant,457.0,,BD,,,,,,2013-04/2016-10,primary,1.0,2.501
SAMN26286612,PRJNA806984,,15 months,infant,457.0,,BD,,,,,,2013-04/2016-10,primary,1.0,3.441
SAMN26286618,PRJNA806984,,15 months,infant,457.0,,BD,,,,,,2013-04/2016-10,primary,1.0,2.875
SAMN26286624,PRJNA806984,,15 months,infant,457.0,,BD,,,,,,2013-04/2016-10,primary,1.0,3.434
SAMN26286630,PRJNA806984,,15 months,infant,457.0,,BD,,,,,,2013-04/2016-10,primary,1.0,3.827
SAMN26286635,PRJNA806984,,15 months,infant,457.0,,BD,,,,,,2013-04/2016-10,primary,1.0,2.144
SAMN26286641,PRJNA806984,,15 months,infant,457.0,,BD,,,,,,2013-04/2016-10,primary,1.0,1.441
SAMN26286650,PRJNA806984,,15 months,infant,457.0,,BD,,,,,,2013-04/2016-10,primary,1.0,5.625
SAMN26286656,PRJNA806984,,15 months,infant,457.0,,BD,,,,,,2013-04/2016-10,primary,1.0,3.438
SAMN26286667,PRJNA806984,,15 months,infant,457.0,,BD,,,,,,2013-04/2016-10,primary,1.0,5.919
SAMN26286672,PRJNA806984,,15 months,infant,457.0,,BD,,,,,,2013-04/2016-10,primary,1.0,4.513
SAMN26286678,PRJNA806984,,15 months,infant,457.0,,BD,,,,,,2013-04/2016-10,primary,1.0,3.328
SAMN26286684,PRJNA806984,,15 months,infant,457.0,,BD,,,,,,2013-04/2016-10,primary,1.0,1.568
SAMN26286691,PRJNA806984,,15 months,infant,457.0,,BD,,,,,,2013-04/2016-10,primary,1.0,5.952
SAMN26286697,PRJNA806984,,15 months,infant,457.0,,BD,,,,,,2013-04/2016-10,primary,1.0,3.966
SAMN26286705,PRJNA806984,,15 months,infant,457.0,,BD,,,,,,2013-04/2016-10,primary,1.0,1.795
SAMN26286711,PRJNA806984,,15 months,infant,457.0,,BD,,,,,,2013-04/2016-10,primary,1.0,2.746
SAMN26286717,PRJNA806984,,15 months,infant,457.0,,BD,,,,,,2013-04/2016-10,primary,1.0,3.176
SAMN26286724,PRJNA806984,,15 months,infant,457.0,,BD,,,,,,2013-04/2016-10,primary,1.0,3.11
SAMN26286730,PRJNA806984,,15 months,infant,457.0,,BD,,,,,,2013-04/2016-10,primary,1.0,5.199
SAMN26286737,PRJNA806984,,15 months,infant,457.0,,BD,,,,,,2013-04/2016-10,primary,1.0,2.455
SAMN26286743,PRJNA806984,,15 months,infant,457.0,,BD,,,,,,2013-04/2016-10,primary,1.0,3.806
SAMN26286748,PRJNA806984,,15 months,infant,457.0,,BD,,,,,,2013-04/2016-10,primary,1.0,2.985
SAMN26286754,PRJNA806984,,15 months,infant,457.0,,BD,,,,,,2013-04/2016-10,primary,1.0,5.069
SAMN26286760,PRJNA806984,,15 months,infant,457.0,,BD,,,,,,2013-04/2016-10,primary,1.0,2.604
SAMN26286765,PRJNA806984,,15 months,infant,457.0,,BD,,,,,,2013-04/2016-10,primary,1.0,4.743
SAMN26286771,PRJNA806984,,15 months,infant,457.0,,BD,,,,,,2013-04/2016-10,primary,1.0,2.014
SAMN26286776,PRJNA806984,,15 months,infant,457.0,,BD,,,,,,2013-04/2016-10,primary,1.0,0.821
SAMN26286781,PRJNA806984,,15 months,infant,457.0,,BD,,,,,,2013-04/2016-10,primary,1.0,2.51
SAMN26286787,PRJNA806984,,15 months,infant,457.0,,BD,,,,,,2013-04/2016-10,primary,1.0,1.768
SAMN26286794,PRJNA806984,,15 months,infant,457.0,,BD,,,,,,2013-04/2016-10,primary,1.0,1.762
SAMN26286801,PRJNA806984,,15 months,infant,457.0,,BD,,,,,,2013-04/2016-10,primary,1.0,4.915
SAMN26286806,PRJNA806984,,15 months,infant,457.0,,BD,,,,,,2013-04/2016-10,primary,1.0,2.61
SAMN26286812,PRJNA806984,,15 months,infant,457.0,,BD,,,,,,2013-04/2016-10,primary,1.0,3.738
SAMN26286818,PRJNA806984,,15 months,infant,457.0,,BD,,,,,,2013-04/2016-10,primary,1.0,4.324
SAMN26286827,PRJNA806984,,15 months,infant,457.0,,BD,,,,,,2013-04/2016-10,primary,1.0,2.989
SAMN26286836,PRJNA806984,,15 months,infant,457.0,,BD,,,,,,2013-04/2016-10,primary,1.0,2.396
SAMN26286842,PRJNA806984,,15 months,infant,457.0,,BD,,,,,,2013-04/2016-10,primary,1.0,3.831
SAMN26286848,PRJNA806984,,15 months,infant,457.0,,BD,,,,,,2013-04/2016-10,primary,1.0,3.248
SAMN26286854,PRJNA806984,,15 months,infant,457.0,,BD,,,,,,2013-04/2016-10,primary,1.0,5.101
SAMN26286859,PRJNA806984,,15 months,infant,457.0,,BD,,,,,,2013-04/2016-10,primary,1.0,4.435
SAMN26286865,PRJNA806984,,15 months,infant,457.0,,BD,,,,,,2013-04/2016-10,primary,1.0,2.786
SAMN26286872,PRJNA806984,,15 months,infant,457.0,,BD,,,,,,2013-04/2016-10,primary,1.0,1.849
SAMN26286878,PRJNA806984,,15 months,infant,457.0,,BD,,,,,,2013-04/2016-10,primary,1.0,7.544
SAMN26286884,PRJNA806984,,15 months,infant,457.0,,BD,,,,,,2013-04/2016-10,primary,1.0,1.58
SAMN26286890,PRJNA806984,,15 months,infant,457.0,,BD,,,,,,2013-04/2016-10,primary,1.0,2.424
SAMN26286896,PRJNA806984,,15 months,infant,457.0,,BD,,,,,,2013-04/2016-10,primary,1.0,5.21
SAMN26286903,PRJNA806984,,15 months,infant,457.0,,BD,,,,,,2013-04/2016-10,primary,1.0,2.892
SAMN26286910,PRJNA806984,,15 months,infant,457.0,,BD,,,,,,2013-04/2016-10,primary,1.0,5.499
SAMN26286916,PRJNA806984,,15 months,infant,457.0,,BD,,,,,,2013-04/2016-10,primary,1.0,2.357
SAMN26286922,PRJNA806984,,15 months,infant,457.0,,BD,,,,,,2013-04/2016-10,primary,1.0,3.87
SAMN26286931,PRJNA806984,,15 months,infant,457.0,,BD,,,,,,2013-04/2016-10,primary,1.0,2.733
SAMN26286941,PRJNA806984,,15 months,infant,457.0,,BD,,,,,,2013-04/2016-10,primary,1.0,6.492
SAMN26286948,PRJNA806984,,15 months,infant,457.0,,BD,,,,,,2013-04/2016-10,primary,1.0,1.263
SAMN26286954,PRJNA806984,,15 months,infant,457.0,,BD,,,,,,2013-04/2016-10,primary,1.0,2.125
SAMN26286959,PRJNA806984,,15 months,infant,457.0,,BD,,,,,,2013-04/2016-10,primary,1.0,3.73
SAMN26286964,PRJNA806984,,15 months,infant,457.0,,BD,,,,,,2013-04/2016-10,primary,1.0,1.427
SAMN26286970,PRJNA806984,,15 months,infant,457.0,,BD,,,,,,2013-04/2016-10,primary,1.0,4.42
SAMN26286976,PRJNA806984,,15 months,infant,457.0,,BD,,,,,,2013-04/2016-10,primary,1.0,4.401
SAMN26286982,PRJNA806984,,15 months,infant,457.0,,BD,,,,,,2013-04/2016-10,primary,1.0,3.062
SAMN26286989,PRJNA806984,,15 months,infant,457.0,,BD,,,,,,2013-04/2016-10,primary,1.0,3.738
SAMN26286995,PRJNA806984,,15 months,infant,457.0,,BD,,,,,,2013-04/2016-10,primary,1.0,2.975
SAMN26287001,PRJNA806984,,15 months,infant,457.0,,BD,,,,,,2013-04/2016-10,primary,1.0,4.307
SAMN26287007,PRJNA806984,,15 months,infant,457.0,,BD,,,,,,2013-04/2016-10,primary,1.0,4.028
SAMN26287014,PRJNA806984,,15 months,infant,457.0,,BD,,,,,,2013-04/2016-10,primary,1.0,3.549
SAMN26287020,PRJNA806984,,15 months,infant,457.0,,BD,,,,,,2013-04/2016-10,primary,1.0,2.764
SAMN26287025,PRJNA806984,,15 months,infant,457.0,,BD,,,,,,2013-04/2016-10,primary,1.0,2.859
SAMN26287031,PRJNA806984,,15 months,infant,457.0,,BD,,,,,,2013-04/2016-10,primary,1.0,3.057
SAMN26287037,PRJNA806984,,15 months,infant,457.0,,BD,,,,,,2013-04/2016-10,primary,1.0,4.442
SAMN26287043,PRJNA806984,,15 months,infant,457.0,,BD,,,,,,2013-04/2016-10,primary,1.0,2.393
SAMN26287053,PRJNA806984,,15 months,infant,457.0,,BD,,,,,,2013-04/2016-10,primary,1.0,5.568
SAMN26287057,PRJNA806984,,15 months,infant,457.0,,BD,,,,,,2013-04/2016-10,primary,1.0,2.749
SAMN26287063,PRJNA806984,,15 months,infant,457.0,,BD,,,,,,2013-04/2016-10,primary,1.0,2.474
SAMN26287069,PRJNA806984,,15 months,infant,457.0,,BD,,,,,,2013-04/2016-10,primary,1.0,1.361
SAMN26287072,PRJNA806984,,15 months,infant,457.0,,BD,,,,,,2013-04/2016-10,primary,1.0,1.142
SAMN26287078,PRJNA806984,,15 months,infant,457.0,,BD,,,,,,2013-04/2016-10,primary,1.0,6.028
SAMN26287082,PRJNA806984,,15 months,infant,457.0,,BD,,,,,,2013-04/2016-10,primary,1.0,2.122
SAMN26287088,PRJNA806984,,15 months,infant,457.0,,BD,,,,,,2013-04/2016-10,primary,1.0,3.524
SAMN26287093,PRJNA806984,,15 months,infant,457.0,,BD,,,,,,2013-04/2016-10,primary,1.0,2.048
SAMN26287099,PRJNA806984,,15 months,infant,457.0,,BD,,,,,,2013-04/2016-10,primary,1.0,2.214
SAMN26287106,PRJNA806984,,15 months,infant,457.0,,BD,,,,,,2013-04/2016-10,primary,1.0,4.919
SAMN26287118,PRJNA806984,,15 months,infant,457.0,,BD,,,,,,2013-04/2016-10,primary,1.0,4.627
SAMN26287124,PRJNA806984,,15 months,infant,457.0,,BD,,,,,,2013-04/2016-10,primary,1.0,1.452
SAMN26287130,PRJNA806984,,15 months,infant,457.0,,BD,,,,,,2013-04/2016-10,primary,1.0,2.377
SAMN26287141,PRJNA806984,,15 months,infant,457.0,,BD,,,,,,2013-04/2016-10,primary,1.0,1.075
SAMN26287153,PRJNA806984,,15 months,infant,457.0,,BD,,,,,,2013-04/2016-10,primary,1.0,1.213
SAMN26287159,PRJNA806984,,15 months,infant,457.0,,BD,,,,,,2013-04/2016-10,primary,1.0,2.537
SAMN26287165,PRJNA806984,,15 months,infant,457.0,,BD,,,,,,2013-04/2016-10,primary,1.0,1.42
SAMN26287171,PRJNA806984,,15 months,infant,457.0,,BD,,,,,,2013-04/2016-10,primary,1.0,5.294
SAMN26286935,PRJNA806984,,161 days,infant,161.0,,BD,,,,,,2013-04/2016-10,primary,1.0,0.944
SAMN26285831,PRJNA806984,,18 months,infant,548.0,,BD,,,,,,2013-04/2016-10,primary,1.0,3.781
SAMN26285837,PRJNA806984,,18 months,infant,548.0,,BD,,,,,,2013-04/2016-10,primary,1.0,6.404
SAMN26285844,PRJNA806984,,18 months,infant,548.0,,BD,,,,,,2013-04/2016-10,primary,1.0,4.334
SAMN26285851,PRJNA806984,,18 months,infant,548.0,,BD,,,,,,2013-04/2016-10,primary,1.0,2.859
SAMN26285858,PRJNA806984,,18 months,infant,548.0,,BD,,,,,,2013-04/2016-10,primary,1.0,4.573
SAMN26285865,PRJNA806984,,18 months,infant,548.0,,BD,,,,,,2013-04/2016-10,primary,1.0,5.306
SAMN26285870,PRJNA806984,,18 months,infant,548.0,,BD,,,,,,2013-04/2016-10,primary,1.0,3.487
SAMN26285875,PRJNA806984,,18 months,infant,548.0,,BD,,,,,,2013-04/2016-10,primary,1.0,1.247
SAMN26285881,PRJNA806984,,18 months,infant,548.0,,BD,,,,,,2013-04/2016-10,primary,1.0,1.441
SAMN26285888,PRJNA806984,,18 months,infant,548.0,,BD,,,,,,2013-04/2016-10,primary,1.0,1.686
SAMN26285893,PRJNA806984,,18 months,infant,548.0,,BD,,,,,,2013-04/2016-10,primary,1.0,2.633
SAMN26285899,PRJNA806984,,18 months,infant,548.0,,BD,,,,,,2013-04/2016-10,primary,1.0,3.541
SAMN26285905,PRJNA806984,,18 months,infant,548.0,,BD,,,,,,2013-04/2016-10,primary,1.0,4.21
SAMN26285912,PRJNA806984,,18 months,infant,548.0,,BD,,,,,,2013-04/2016-10,primary,1.0,1.77
SAMN26285918,PRJNA806984,,18 months,infant,548.0,,BD,,,,,,2013-04/2016-10,primary,1.0,3.505
SAMN26285925,PRJNA806984,,18 months,infant,548.0,,BD,,,,,,2013-04/2016-10,primary,1.0,1.512
SAMN26285931,PRJNA806984,,18 months,infant,548.0,,BD,,,,,,2013-04/2016-10,primary,1.0,4.466
SAMN26285937,PRJNA806984,,18 months,infant,548.0,,BD,,,,,,2013-04/2016-10,primary,1.0,2.954
SAMN26285944,PRJNA806984,,18 months,infant,548.0,,BD,,,,,,2013-04/2016-10,primary,1.0,3.443
SAMN26285950,PRJNA806984,,18 months,infant,548.0,,BD,,,,,,2013-04/2016-10,primary,1.0,5.979
SAMN26285955,PRJNA806984,,18 months,infant,548.0,,BD,,,,,,2013-04/2016-10,primary,1.0,1.244
SAMN26285961,PRJNA806984,,18 months,infant,548.0,,BD,,,,,,2013-04/2016-10,primary,1.0,1.507
SAMN26285967,PRJNA806984,,18 months,infant,548.0,,BD,,,,,,2013-04/2016-10,primary,1.0,2.023
SAMN26285972,PRJNA806984,,18 months,infant,548.0,,BD,,,,,,2013-04/2016-10,primary,1.0,0.901
SAMN26285979,PRJNA806984,,18 months,infant,548.0,,BD,,,,,,2013-04/2016-10,primary,1.0,3.324
SAMN26285985,PRJNA806984,,18 months,infant,548.0,,BD,,,,,,2013-04/2016-10,primary,1.0,5.168
SAMN26285991,PRJNA806984,,18 months,infant,548.0,,BD,,,,,,2013-04/2016-10,primary,1.0,5.517
SAMN26285998,PRJNA806984,,18 months,infant,548.0,,BD,,,,,,2013-04/2016-10,primary,1.0,1.237
SAMN26286005,PRJNA806984,,18 months,infant,548.0,,BD,,,,,,2013-04/2016-10,primary,1.0,6.54
SAMN26286012,PRJNA806984,,18 months,infant,548.0,,BD,,,,,,2013-04/2016-10,primary,1.0,2.55
SAMN26286018,PRJNA806984,,18 months,infant,548.0,,BD,,,,,,2013-04/2016-10,primary,1.0,1.469
SAMN26286025,PRJNA806984,,18 months,infant,548.0,,BD,,,,,,2013-04/2016-10,primary,1.0,4.383
SAMN26286030,PRJNA806984,,18 months,infant,548.0,,BD,,,,,,2013-04/2016-10,primary,1.0,3.42
SAMN26286036,PRJNA806984,,18 months,infant,548.0,,BD,,,,,,2013-04/2016-10,primary,1.0,1.78
SAMN26286043,PRJNA806984,,18 months,infant,548.0,,BD,,,,,,2013-04/2016-10,primary,1.0,4.035
SAMN26286049,PRJNA806984,,18 months,infant,548.0,,BD,,,,,,2013-04/2016-10,primary,1.0,2.117
SAMN26286054,PRJNA806984,,18 months,infant,548.0,,BD,,,,,,2013-04/2016-10,primary,1.0,2.756
SAMN26286060,PRJNA806984,,18 months,infant,548.0,,BD,,,,,,2013-04/2016-10,primary,1.0,3.506
SAMN26286066,PRJNA806984,,18 months,infant,548.0,,BD,,,,,,2013-04/2016-10,primary,1.0,1.911
SAMN26286073,PRJNA806984,,18 months,infant,548.0,,BD,,,,,,2013-04/2016-10,primary,1.0,0.994
SAMN26286079,PRJNA806984,,18 months,infant,548.0,,BD,,,,,,2013-04/2016-10,primary,1.0,2.625
SAMN26286086,PRJNA806984,,18 months,infant,548.0,,BD,,,,,,2013-04/2016-10,primary,1.0,1.654
SAMN26286092,PRJNA806984,,18 months,infant,548.0,,BD,,,,,,2013-04/2016-10,primary,1.0,1.895
SAMN26286097,PRJNA806984,,18 months,infant,548.0,,BD,,,,,,2013-04/2016-10,primary,1.0,2.812
SAMN26286102,PRJNA806984,,18 months,infant,548.0,,BD,,,,,,2013-04/2016-10,primary,1.0,3.047
SAMN26286108,PRJNA806984,,18 months,infant,548.0,,BD,,,,,,2013-04/2016-10,primary,1.0,3.59
SAMN26286114,PRJNA806984,,18 months,infant,548.0,,BD,,,,,,2013-04/2016-10,primary,1.0,3.242
SAMN26286121,PRJNA806984,,18 months,infant,548.0,,BD,,,,,,2013-04/2016-10,primary,1.0,2.901
SAMN26286127,PRJNA806984,,18 months,infant,548.0,,BD,,,,,,2013-04/2016-10,primary,1.0,1.621
SAMN26286133,PRJNA806984,,18 months,infant,548.0,,BD,,,,,,2013-04/2016-10,primary,1.0,2.293
SAMN26286137,PRJNA806984,,18 months,infant,548.0,,BD,,,,,,2013-04/2016-10,primary,1.0,6.658
SAMN26286143,PRJNA806984,,18 months,infant,548.0,,BD,,,,,,2013-04/2016-10,primary,1.0,3.858
SAMN26286149,PRJNA806984,,18 months,infant,548.0,,BD,,,,,,2013-04/2016-10,primary,1.0,3.325
SAMN26286154,PRJNA806984,,18 months,infant,548.0,,BD,,,,,,2013-04/2016-10,primary,1.0,3.625
SAMN26286160,PRJNA806984,,18 months,infant,548.0,,BD,,,,,,2013-04/2016-10,primary,1.0,2.774
SAMN26286166,PRJNA806984,,18 months,infant,548.0,,BD,,,,,,2013-04/2016-10,primary,1.0,3.585
SAMN26286172,PRJNA806984,,18 months,infant,548.0,,BD,,,,,,2013-04/2016-10,primary,1.0,4.295
SAMN26286178,PRJNA806984,,18 months,infant,548.0,,BD,,,,,,2013-04/2016-10,primary,1.0,1.87
SAMN26286184,PRJNA806984,,18 months,infant,548.0,,BD,,,,,,2013-04/2016-10,primary,1.0,2.905
SAMN26286190,PRJNA806984,,18 months,infant,548.0,,BD,,,,,,2013-04/2016-10,primary,1.0,5.037
SAMN26286197,PRJNA806984,,18 months,infant,548.0,,BD,,,,,,2013-04/2016-10,primary,1.0,3.871
SAMN26286204,PRJNA806984,,18 months,infant,548.0,,BD,,,,,,2013-04/2016-10,primary,1.0,4.17
SAMN26286209,PRJNA806984,,18 months,infant,548.0,,BD,,,,,,2013-04/2016-10,primary,1.0,2.364
SAMN26286215,PRJNA806984,,18 months,infant,548.0,,BD,,,,,,2013-04/2016-10,primary,1.0,4.414
SAMN26286221,PRJNA806984,,18 months,infant,548.0,,BD,,,,,,2013-04/2016-10,primary,1.0,1.886
SAMN26286227,PRJNA806984,,18 months,infant,548.0,,BD,,,,,,2013-04/2016-10,primary,1.0,1.868
SAMN26286233,PRJNA806984,,18 months,infant,548.0,,BD,,,,,,2013-04/2016-10,primary,1.0,2.831
SAMN26286239,PRJNA806984,,18 months,infant,548.0,,BD,,,,,,2013-04/2016-10,primary,1.0,5.353
SAMN26286244,PRJNA806984,,18 months,infant,548.0,,BD,,,,,,2013-04/2016-10,primary,1.0,4.966
SAMN26286249,PRJNA806984,,18 months,infant,548.0,,BD,,,,,,2013-04/2016-10,primary,1.0,4.733
SAMN26286254,PRJNA806984,,18 months,infant,548.0,,BD,,,,,,2013-04/2016-10,primary,1.0,2.817
SAMN26286260,PRJNA806984,,18 months,infant,548.0,,BD,,,,,,2013-04/2016-10,primary,1.0,2.821
SAMN26286266,PRJNA806984,,18 months,infant,548.0,,BD,,,,,,2013-04/2016-10,primary,1.0,4.429
SAMN26286271,PRJNA806984,,18 months,infant,548.0,,BD,,,,,,2013-04/2016-10,primary,1.0,3.013
SAMN26286277,PRJNA806984,,18 months,infant,548.0,,BD,,,,,,2013-04/2016-10,primary,1.0,1.153
SAMN26286283,PRJNA806984,,18 months,infant,548.0,,BD,,,,,,2013-04/2016-10,primary,1.0,3.621
SAMN26286288,PRJNA806984,,18 months,infant,548.0,,BD,,,,,,2013-04/2016-10,primary,1.0,3.319
SAMN26286294,PRJNA806984,,18 months,infant,548.0,,BD,,,,,,2013-04/2016-10,primary,1.0,1.919
SAMN26286299,PRJNA806984,,18 months,infant,548.0,,BD,,,,,,2013-04/2016-10,primary,1.0,3.067
SAMN26286304,PRJNA806984,,18 months,infant,548.0,,BD,,,,,,2013-04/2016-10,primary,1.0,3.248
SAMN26286310,PRJNA806984,,18 months,infant,548.0,,BD,,,,,,2013-04/2016-10,primary,1.0,1.145
SAMN26286316,PRJNA806984,,18 months,infant,548.0,,BD,,,,,,2013-04/2016-10,primary,1.0,4.513
SAMN26286321,PRJNA806984,,18 months,infant,548.0,,BD,,,,,,2013-04/2016-10,primary,1.0,2.244
SAMN26286332,PRJNA806984,,18 months,infant,548.0,,BD,,,,,,2013-04/2016-10,primary,1.0,6.65
SAMN26286338,PRJNA806984,,18 months,infant,548.0,,BD,,,,,,2013-04/2016-10,primary,1.0,3.832
SAMN26286344,PRJNA806984,,18 months,infant,548.0,,BD,,,,,,2013-04/2016-10,primary,1.0,2.995
SAMN26286351,PRJNA806984,,18 months,infant,548.0,,BD,,,,,,2013-04/2016-10,primary,1.0,2.1
SAMN26286357,PRJNA806984,,18 months,infant,548.0,,BD,,,,,,2013-04/2016-10,primary,1.0,2.089
SAMN26286363,PRJNA806984,,18 months,infant,548.0,,BD,,,,,,2013-04/2016-10,primary,1.0,2.975
SAMN26286368,PRJNA806984,,18 months,infant,548.0,,BD,,,,,,2013-04/2016-10,primary,1.0,2.513
SAMN26286374,PRJNA806984,,18 months,infant,548.0,,BD,,,,,,2013-04/2016-10,primary,1.0,1.785
SAMN26286380,PRJNA806984,,18 months,infant,548.0,,BD,,,,,,2013-04/2016-10,primary,1.0,2.484
SAMN26286386,PRJNA806984,,18 months,infant,548.0,,BD,,,,,,2013-04/2016-10,primary,1.0,3.598
SAMN26286392,PRJNA806984,,18 months,infant,548.0,,BD,,,,,,2013-04/2016-10,primary,1.0,1.889
SAMN26286398,PRJNA806984,,18 months,infant,548.0,,BD,,,,,,2013-04/2016-10,primary,1.0,1.19
SAMN26286404,PRJNA806984,,18 months,infant,548.0,,BD,,,,,,2013-04/2016-10,primary,1.0,3.126
SAMN26286414,PRJNA806984,,18 months,infant,548.0,,BD,,,,,,2013-04/2016-10,primary,1.0,3.082
SAMN26286420,PRJNA806984,,18 months,infant,548.0,,BD,,,,,,2013-04/2016-10,primary,1.0,3.615
SAMN26286426,PRJNA806984,,18 months,infant,548.0,,BD,,,,,,2013-04/2016-10,primary,1.0,2.944
SAMN26286431,PRJNA806984,,18 months,infant,548.0,,BD,,,,,,2013-04/2016-10,primary,1.0,2.384
SAMN26286437,PRJNA806984,,18 months,infant,548.0,,BD,,,,,,2013-04/2016-10,primary,1.0,2.505
SAMN26286444,PRJNA806984,,18 months,infant,548.0,,BD,,,,,,2013-04/2016-10,primary,1.0,4.059
SAMN26286450,PRJNA806984,,18 months,infant,548.0,,BD,,,,,,2013-04/2016-10,primary,1.0,2.424
SAMN26286456,PRJNA806984,,18 months,infant,548.0,,BD,,,,,,2013-04/2016-10,primary,1.0,3.626
SAMN26286463,PRJNA806984,,18 months,infant,548.0,,BD,,,,,,2013-04/2016-10,primary,1.0,2.796
SAMN26286469,PRJNA806984,,18 months,infant,548.0,,BD,,,,,,2013-04/2016-10,primary,1.0,4.546
SAMN26286474,PRJNA806984,,18 months,infant,548.0,,BD,,,,,,2013-04/2016-10,primary,1.0,2.536
SAMN26286478,PRJNA806984,,18 months,infant,548.0,,BD,,,,,,2013-04/2016-10,primary,1.0,2.285
SAMN26286484,PRJNA806984,,18 months,infant,548.0,,BD,,,,,,2013-04/2016-10,primary,1.0,6.038
SAMN26286490,PRJNA806984,,18 months,infant,548.0,,BD,,,,,,2013-04/2016-10,primary,1.0,1.218
SAMN26286495,PRJNA806984,,18 months,infant,548.0,,BD,,,,,,2013-04/2016-10,primary,1.0,3.325
SAMN26286505,PRJNA806984,,18 months,infant,548.0,,BD,,,,,,2013-04/2016-10,primary,1.0,2.555
SAMN26286512,PRJNA806984,,18 months,infant,548.0,,BD,,,,,,2013-04/2016-10,primary,1.0,5.431
SAMN26286518,PRJNA806984,,18 months,infant,548.0,,BD,,,,,,2013-04/2016-10,primary,1.0,2.623
SAMN26286524,PRJNA806984,,18 months,infant,548.0,,BD,,,,,,2013-04/2016-10,primary,1.0,4.663
SAMN26286531,PRJNA806984,,18 months,infant,548.0,,BD,,,,,,2013-04/2016-10,primary,1.0,2.586
SAMN26286537,PRJNA806984,,18 months,infant,548.0,,BD,,,,,,2013-04/2016-10,primary,1.0,3.691
SAMN26286543,PRJNA806984,,18 months,infant,548.0,,BD,,,,,,2013-04/2016-10,primary,1.0,1.694
SAMN26286549,PRJNA806984,,18 months,infant,548.0,,BD,,,,,,2013-04/2016-10,primary,1.0,6.206
SAMN26286555,PRJNA806984,,18 months,infant,548.0,,BD,,,,,,2013-04/2016-10,primary,1.0,3.853
SAMN26286562,PRJNA806984,,18 months,infant,548.0,,BD,,,,,,2013-04/2016-10,primary,1.0,6.508
SAMN26286571,PRJNA806984,,18 months,infant,548.0,,BD,,,,,,2013-04/2016-10,primary,1.0,3.204
SAMN26286577,PRJNA806984,,18 months,infant,548.0,,BD,,,,,,2013-04/2016-10,primary,1.0,1.872
SAMN26286582,PRJNA806984,,18 months,infant,548.0,,BD,,,,,,2013-04/2016-10,primary,1.0,5.313
SAMN26286587,PRJNA806984,,18 months,infant,548.0,,BD,,,,,,2013-04/2016-10,primary,1.0,2.933
SAMN26286593,PRJNA806984,,18 months,infant,548.0,,BD,,,,,,2013-04/2016-10,primary,1.0,4.606
SAMN26286601,PRJNA806984,,18 months,infant,548.0,,BD,,,,,,2013-04/2016-10,primary,1.0,2.07
SAMN26286607,PRJNA806984,,18 months,infant,548.0,,BD,,,,,,2013-04/2016-10,primary,1.0,1.617
SAMN26286613,PRJNA806984,,18 months,infant,548.0,,BD,,,,,,2013-04/2016-10,primary,1.0,5.364
SAMN26286619,PRJNA806984,,18 months,infant,548.0,,BD,,,,,,2013-04/2016-10,primary,1.0,3.206
SAMN26286625,PRJNA806984,,18 months,infant,548.0,,BD,,,,,,2013-04/2016-10,primary,1.0,3.492
SAMN26286631,PRJNA806984,,18 months,infant,548.0,,BD,,,,,,2013-04/2016-10,primary,1.0,2.03
SAMN26286636,PRJNA806984,,18 months,infant,548.0,,BD,,,,,,2013-04/2016-10,primary,1.0,2.179
SAMN26286642,PRJNA806984,,18 months,infant,548.0,,BD,,,,,,2013-04/2016-10,primary,1.0,2.38
SAMN26286651,PRJNA806984,,18 months,infant,548.0,,BD,,,,,,2013-04/2016-10,primary,1.0,3.136
SAMN26286657,PRJNA806984,,18 months,infant,548.0,,BD,,,,,,2013-04/2016-10,primary,1.0,3.497
SAMN26286668,PRJNA806984,,18 months,infant,548.0,,BD,,,,,,2013-04/2016-10,primary,1.0,1.522
SAMN26286673,PRJNA806984,,18 months,infant,548.0,,BD,,,,,,2013-04/2016-10,primary,1.0,3.517
SAMN26286679,PRJNA806984,,18 months,infant,548.0,,BD,,,,,,2013-04/2016-10,primary,1.0,1.881
SAMN26286685,PRJNA806984,,18 months,infant,548.0,,BD,,,,,,2013-04/2016-10,primary,1.0,3.217
SAMN26286692,PRJNA806984,,18 months,infant,548.0,,BD,,,,,,2013-04/2016-10,primary,1.0,2.525
SAMN26286698,PRJNA806984,,18 months,infant,548.0,,BD,,,,,,2013-04/2016-10,primary,1.0,3.376
SAMN26286701,PRJNA806984,,18 months,infant,548.0,,BD,,,,,,2013-04/2016-10,primary,1.0,3.445
SAMN26286706,PRJNA806984,,18 months,infant,548.0,,BD,,,,,,2013-04/2016-10,primary,1.0,2.589
SAMN26286712,PRJNA806984,,18 months,infant,548.0,,BD,,,,,,2013-04/2016-10,primary,1.0,3.388
SAMN26286718,PRJNA806984,,18 months,infant,548.0,,BD,,,,,,2013-04/2016-10,primary,1.0,0.761
SAMN26286725,PRJNA806984,,18 months,infant,548.0,,BD,,,,,,2013-04/2016-10,primary,1.0,2.238
SAMN26286731,PRJNA806984,,18 months,infant,548.0,,BD,,,,,,2013-04/2016-10,primary,1.0,2.102
SAMN26286738,PRJNA806984,,18 months,infant,548.0,,BD,,,,,,2013-04/2016-10,primary,1.0,3.293
SAMN26286744,PRJNA806984,,18 months,infant,548.0,,BD,,,,,,2013-04/2016-10,primary,1.0,1.981
SAMN26286749,PRJNA806984,,18 months,infant,548.0,,BD,,,,,,2013-04/2016-10,primary,1.0,2.161
SAMN26286755,PRJNA806984,,18 months,infant,548.0,,BD,,,,,,2013-04/2016-10,primary,1.0,3.315
SAMN26286761,PRJNA806984,,18 months,infant,548.0,,BD,,,,,,2013-04/2016-10,primary,1.0,2.134
SAMN26286766,PRJNA806984,,18 months,infant,548.0,,BD,,,,,,2013-04/2016-10,primary,1.0,3.421
SAMN26286772,PRJNA806984,,18 months,infant,548.0,,BD,,,,,,2013-04/2016-10,primary,1.0,2.549
SAMN26286782,PRJNA806984,,18 months,infant,548.0,,BD,,,,,,2013-04/2016-10,primary,1.0,2.574
SAMN26286788,PRJNA806984,,18 months,infant,548.0,,BD,,,,,,2013-04/2016-10,primary,1.0,1.817
SAMN26286795,PRJNA806984,,18 months,infant,548.0,,BD,,,,,,2013-04/2016-10,primary,1.0,2.729
SAMN26286802,PRJNA806984,,18 months,infant,548.0,,BD,,,,,,2013-04/2016-10,primary,1.0,2.673
SAMN26286807,PRJNA806984,,18 months,infant,548.0,,BD,,,,,,2013-04/2016-10,primary,1.0,1.437
SAMN26286813,PRJNA806984,,18 months,infant,548.0,,BD,,,,,,2013-04/2016-10,primary,1.0,1.094
SAMN26286819,PRJNA806984,,18 months,infant,548.0,,BD,,,,,,2013-04/2016-10,primary,1.0,1.85
SAMN26286828,PRJNA806984,,18 months,infant,548.0,,BD,,,,,,2013-04/2016-10,primary,1.0,0.775
SAMN26286837,PRJNA806984,,18 months,infant,548.0,,BD,,,,,,2013-04/2016-10,primary,1.0,4.503
SAMN26286843,PRJNA806984,,18 months,infant,548.0,,BD,,,,,,2013-04/2016-10,primary,1.0,2.755
SAMN26286849,PRJNA806984,,18 months,infant,548.0,,BD,,,,,,2013-04/2016-10,primary,1.0,4.022
SAMN26286855,PRJNA806984,,18 months,infant,548.0,,BD,,,,,,2013-04/2016-10,primary,1.0,1.124
SAMN26286860,PRJNA806984,,18 months,infant,548.0,,BD,,,,,,2013-04/2016-10,primary,1.0,1.992
SAMN26286866,PRJNA806984,,18 months,infant,548.0,,BD,,,,,,2013-04/2016-10,primary,1.0,1.7
SAMN26286873,PRJNA806984,,18 months,infant,548.0,,BD,,,,,,2013-04/2016-10,primary,1.0,2.365
SAMN26286879,PRJNA806984,,18 months,infant,548.0,,BD,,,,,,2013-04/2016-10,primary,1.0,0.751
SAMN26286885,PRJNA806984,,18 months,infant,548.0,,BD,,,,,,2013-04/2016-10,primary,1.0,1.122
SAMN26286891,PRJNA806984,,18 months,infant,548.0,,BD,,,,,,2013-04/2016-10,primary,1.0,1.026
SAMN26286897,PRJNA806984,,18 months,infant,548.0,,BD,,,,,,2013-04/2016-10,primary,1.0,3.385
SAMN26286904,PRJNA806984,,18 months,infant,548.0,,BD,,,,,,2013-04/2016-10,primary,1.0,1.481
SAMN26286911,PRJNA806984,,18 months,infant,548.0,,BD,,,,,,2013-04/2016-10,primary,1.0,4.55
SAMN26286917,PRJNA806984,,18 months,infant,548.0,,BD,,,,,,2013-04/2016-10,primary,1.0,2.936
SAMN26286923,PRJNA806984,,18 months,infant,548.0,,BD,,,,,,2013-04/2016-10,primary,1.0,4.689
SAMN26286927,PRJNA806984,,18 months,infant,548.0,,BD,,,,,,2013-04/2016-10,primary,1.0,5.216
SAMN26286932,PRJNA806984,,18 months,infant,548.0,,BD,,,,,,2013-04/2016-10,primary,1.0,2.804
SAMN26286942,PRJNA806984,,18 months,infant,548.0,,BD,,,,,,2013-04/2016-10,primary,1.0,1.802
SAMN26286949,PRJNA806984,,18 months,infant,548.0,,BD,,,,,,2013-04/2016-10,primary,1.0,3.626
SAMN26286955,PRJNA806984,,18 months,infant,548.0,,BD,,,,,,2013-04/2016-10,primary,1.0,4.243
SAMN26286960,PRJNA806984,,18 months,infant,548.0,,BD,,,,,,2013-04/2016-10,primary,1.0,3.201
SAMN26286965,PRJNA806984,,18 months,infant,548.0,,BD,,,,,,2013-04/2016-10,primary,1.0,2.496
SAMN26286971,PRJNA806984,,18 months,infant,548.0,,BD,,,,,,2013-04/2016-10,primary,1.0,0.827
SAMN26286977,PRJNA806984,,18 months,infant,548.0,,BD,,,,,,2013-04/2016-10,primary,1.0,3.187
SAMN26286983,PRJNA806984,,18 months,infant,548.0,,BD,,,,,,2013-04/2016-10,primary,1.0,3.562
SAMN26286990,PRJNA806984,,18 months,infant,548.0,,BD,,,,,,2013-04/2016-10,primary,1.0,4.092
SAMN26286996,PRJNA806984,,18 months,infant,548.0,,BD,,,,,,2013-04/2016-10,primary,1.0,2.399
SAMN26287002,PRJNA806984,,18 months,infant,548.0,,BD,,,,,,2013-04/2016-10,primary,1.0,4.43
SAMN26287008,PRJNA806984,,18 months,infant,548.0,,BD,,,,,,2013-04/2016-10,primary,1.0,0.974
SAMN26287015,PRJNA806984,,18 months,infant,548.0,,BD,,,,,,2013-04/2016-10,primary,1.0,2.849
SAMN26287026,PRJNA806984,,18 months,infant,548.0,,BD,,,,,,2013-04/2016-10,primary,1.0,5.53
SAMN26287032,PRJNA806984,,18 months,infant,548.0,,BD,,,,,,2013-04/2016-10,primary,1.0,4.37
SAMN26287038,PRJNA806984,,18 months,infant,548.0,,BD,,,,,,2013-04/2016-10,primary,1.0,2.69
SAMN26287044,PRJNA806984,,18 months,infant,548.0,,BD,,,,,,2013-04/2016-10,primary,1.0,2.183
SAMN26287049,PRJNA806984,,18 months,infant,548.0,,BD,,,,,,2013-04/2016-10,primary,1.0,2.822
SAMN26287054,PRJNA806984,,18 months,infant,548.0,,BD,,,,,,2013-04/2016-10,primary,1.0,4.378
SAMN26287058,PRJNA806984,,18 months,infant,548.0,,BD,,,,,,2013-04/2016-10,primary,1.0,3.731
SAMN26287064,PRJNA806984,,18 months,infant,548.0,,BD,,,,,,2013-04/2016-10,primary,1.0,1.275
SAMN26287073,PRJNA806984,,18 months,infant,548.0,,BD,,,,,,2013-04/2016-10,primary,1.0,3.354
SAMN26287079,PRJNA806984,,18 months,infant,548.0,,BD,,,,,,2013-04/2016-10,primary,1.0,2.364
SAMN26287083,PRJNA806984,,18 months,infant,548.0,,BD,,,,,,2013-04/2016-10,primary,1.0,7.49
SAMN26287089,PRJNA806984,,18 months,infant,548.0,,BD,,,,,,2013-04/2016-10,primary,1.0,0.84
SAMN26287094,PRJNA806984,,18 months,infant,548.0,,BD,,,,,,2013-04/2016-10,primary,1.0,1.854
SAMN26287100,PRJNA806984,,18 months,infant,548.0,,BD,,,,,,2013-04/2016-10,primary,1.0,2.982
SAMN26287107,PRJNA806984,,18 months,infant,548.0,,BD,,,,,,2013-04/2016-10,primary,1.0,3.749
SAMN26287113,PRJNA806984,,18 months,infant,548.0,,BD,,,,,,2013-04/2016-10,primary,1.0,1.848
SAMN26287119,PRJNA806984,,18 months,infant,548.0,,BD,,,,,,2013-04/2016-10,primary,1.0,1.789
SAMN26287125,PRJNA806984,,18 months,infant,548.0,,BD,,,,,,2013-04/2016-10,primary,1.0,4.176
SAMN26287131,PRJNA806984,,18 months,infant,548.0,,BD,,,,,,2013-04/2016-10,primary,1.0,3.711
SAMN26287142,PRJNA806984,,18 months,infant,548.0,,BD,,,,,,2013-04/2016-10,primary,1.0,0.756
SAMN26287148,PRJNA806984,,18 months,infant,548.0,,BD,,,,,,2013-04/2016-10,primary,1.0,0.833
SAMN26287154,PRJNA806984,,18 months,infant,548.0,,BD,,,,,,2013-04/2016-10,primary,1.0,4.48
SAMN26287160,PRJNA806984,,18 months,infant,548.0,,BD,,,,,,2013-04/2016-10,primary,1.0,4.072
SAMN26287166,PRJNA806984,,18 months,infant,548.0,,BD,,,,,,2013-04/2016-10,primary,1.0,0.934
SAMN26287172,PRJNA806984,,18 months,infant,548.0,,BD,,,,,,2013-04/2016-10,primary,1.0,0.923
SAMN26286325,PRJNA806984,,189 days,infant,189.0,,BD,,,,,,2013-04/2016-10,primary,1.0,2.919
SAMN26286500,PRJNA806984,,196 days,infant,196.0,,BD,,,,,,2013-04/2016-10,primary,1.0,4.185
SAMN26285833,PRJNA806984,,2 months,infant,61.0,,BD,,,,,,2013-04/2016-10,primary,1.0,4.068
SAMN26285839,PRJNA806984,,2 months,infant,61.0,,BD,,,,,,2013-04/2016-10,primary,1.0,4.878
SAMN26285846,PRJNA806984,,2 months,infant,61.0,,BD,,,,,,2013-04/2016-10,primary,1.0,7.395
SAMN26285853,PRJNA806984,,2 months,infant,61.0,,BD,,,,,,2013-04/2016-10,primary,1.0,4.255
SAMN26285872,PRJNA806984,,2 months,infant,61.0,,BD,,,,,,2013-04/2016-10,primary,1.0,5.894
SAMN26285877,PRJNA806984,,2 months,infant,61.0,,BD,,,,,,2013-04/2016-10,primary,1.0,6.858
SAMN26285883,PRJNA806984,,2 months,infant,61.0,,BD,,,,,,2013-04/2016-10,primary,1.0,3.629
SAMN26285895,PRJNA806984,,2 months,infant,61.0,,BD,,,,,,2013-04/2016-10,primary,1.0,3.769
SAMN26285901,PRJNA806984,,2 months,infant,61.0,,BD,,,,,,2013-04/2016-10,primary,1.0,6.84
SAMN26285907,PRJNA806984,,2 months,infant,61.0,,BD,,,,,,2013-04/2016-10,primary,1.0,5.96
SAMN26285920,PRJNA806984,,2 months,infant,61.0,,BD,,,,,,2013-04/2016-10,primary,1.0,6.493
SAMN26285927,PRJNA806984,,2 months,infant,61.0,,BD,,,,,,2013-04/2016-10,primary,1.0,4.57
SAMN26285933,PRJNA806984,,2 months,infant,61.0,,BD,,,,,,2013-04/2016-10,primary,1.0,5.256
SAMN26285939,PRJNA806984,,2 months,infant,61.0,,BD,,,,,,2013-04/2016-10,primary,1.0,6.858
SAMN26285946,PRJNA806984,,2 months,infant,61.0,,BD,,,,,,2013-04/2016-10,primary,1.0,1.652
SAMN26285952,PRJNA806984,,2 months,infant,61.0,,BD,,,,,,2013-04/2016-10,primary,1.0,3.896
SAMN26285956,PRJNA806984,,2 months,infant,61.0,,BD,,,,,,2013-04/2016-10,primary,1.0,3.806
SAMN26285963,PRJNA806984,,2 months,infant,61.0,,BD,,,,,,2013-04/2016-10,primary,1.0,5.974
SAMN26285974,PRJNA806984,,2 months,infant,61.0,,BD,,,,,,2013-04/2016-10,primary,1.0,5.4
SAMN26285981,PRJNA806984,,2 months,infant,61.0,,BD,,,,,,2013-04/2016-10,primary,1.0,9.379
SAMN26285987,PRJNA806984,,2 months,infant,61.0,,BD,,,,,,2013-04/2016-10,primary,1.0,5.566
SAMN26285993,PRJNA806984,,2 months,infant,61.0,,BD,,,,,,2013-04/2016-10,primary,1.0,21.837
SAMN26286000,PRJNA806984,,2 months,infant,61.0,,BD,,,,,,2013-04/2016-10,primary,1.0,13.938
SAMN26286007,PRJNA806984,,2 months,infant,61.0,,BD,,,,,,2013-04/2016-10,primary,1.0,3.718
SAMN26286014,PRJNA806984,,2 months,infant,61.0,,BD,,,,,,2013-04/2016-10,primary,1.0,5.882
SAMN26286020,PRJNA806984,,2 months,infant,61.0,,BD,,,,,,2013-04/2016-10,primary,1.0,12.219
SAMN26286032,PRJNA806984,,2 months,infant,61.0,,BD,,,,,,2013-04/2016-10,primary,1.0,3.287
SAMN26286038,PRJNA806984,,2 months,infant,61.0,,BD,,,,,,2013-04/2016-10,primary,1.0,5.923
SAMN26286045,PRJNA806984,,2 months,infant,61.0,,BD,,,,,,2013-04/2016-10,primary,1.0,6.909
SAMN26286051,PRJNA806984,,2 months,infant,61.0,,BD,,,,,,2013-04/2016-10,primary,1.0,10.454
SAMN26286056,PRJNA806984,,2 months,infant,61.0,,BD,,,,,,2013-04/2016-10,primary,1.0,10.716
SAMN26286062,PRJNA806984,,2 months,infant,61.0,,BD,,,,,,2013-04/2016-10,primary,1.0,4.144
SAMN26286068,PRJNA806984,,2 months,infant,61.0,,BD,,,,,,2013-04/2016-10,primary,1.0,3.94
SAMN26286075,PRJNA806984,,2 months,infant,61.0,,BD,,,,,,2013-04/2016-10,primary,1.0,6.229
SAMN26286081,PRJNA806984,,2 months,infant,61.0,,BD,,,,,,2013-04/2016-10,primary,1.0,3.698
SAMN26286088,PRJNA806984,,2 months,infant,61.0,,BD,,,,,,2013-04/2016-10,primary,1.0,8.822
SAMN26286104,PRJNA806984,,2 months,infant,61.0,,BD,,,,,,2013-04/2016-10,primary,1.0,1.699
SAMN26286110,PRJNA806984,,2 months,infant,61.0,,BD,,,,,,2013-04/2016-10,primary,1.0,3.763
SAMN26286116,PRJNA806984,,2 months,infant,61.0,,BD,,,,,,2013-04/2016-10,primary,1.0,5.794
SAMN26286123,PRJNA806984,,2 months,infant,61.0,,BD,,,,,,2013-04/2016-10,primary,1.0,6.142
SAMN26286129,PRJNA806984,,2 months,infant,61.0,,BD,,,,,,2013-04/2016-10,primary,1.0,1.326
SAMN26286139,PRJNA806984,,2 months,infant,61.0,,BD,,,,,,2013-04/2016-10,primary,1.0,3.551
SAMN26286145,PRJNA806984,,2 months,infant,61.0,,BD,,,,,,2013-04/2016-10,primary,1.0,0.739
SAMN26286151,PRJNA806984,,2 months,infant,61.0,,BD,,,,,,2013-04/2016-10,primary,1.0,1.777
SAMN26286156,PRJNA806984,,2 months,infant,61.0,,BD,,,,,,2013-04/2016-10,primary,1.0,4.846
SAMN26286162,PRJNA806984,,2 months,infant,61.0,,BD,,,,,,2013-04/2016-10,primary,1.0,10.537
SAMN26286168,PRJNA806984,,2 months,infant,61.0,,BD,,,,,,2013-04/2016-10,primary,1.0,8.817
SAMN26286174,PRJNA806984,,2 months,infant,61.0,,BD,,,,,,2013-04/2016-10,primary,1.0,3.267
SAMN26286180,PRJNA806984,,2 months,infant,61.0,,BD,,,,,,2013-04/2016-10,primary,1.0,6.164
SAMN26286186,PRJNA806984,,2 months,infant,61.0,,BD,,,,,,2013-04/2016-10,primary,1.0,9.686
SAMN26286192,PRJNA806984,,2 months,infant,61.0,,BD,,,,,,2013-04/2016-10,primary,1.0,6.742
SAMN26286199,PRJNA806984,,2 months,infant,61.0,,BD,,,,,,2013-04/2016-10,primary,1.0,3.11
SAMN26286211,PRJNA806984,,2 months,infant,61.0,,BD,,,,,,2013-04/2016-10,primary,1.0,9.945
SAMN26286217,PRJNA806984,,2 months,infant,61.0,,BD,,,,,,2013-04/2016-10,primary,1.0,6.004
SAMN26286223,PRJNA806984,,2 months,infant,61.0,,BD,,,,,,2013-04/2016-10,primary,1.0,6.986
SAMN26286235,PRJNA806984,,2 months,infant,61.0,,BD,,,,,,2013-04/2016-10,primary,1.0,5.322
SAMN26286246,PRJNA806984,,2 months,infant,61.0,,BD,,,,,,2013-04/2016-10,primary,1.0,3.312
SAMN26286256,PRJNA806984,,2 months,infant,61.0,,BD,,,,,,2013-04/2016-10,primary,1.0,6.443
SAMN26286262,PRJNA806984,,2 months,infant,61.0,,BD,,,,,,2013-04/2016-10,primary,1.0,4.796
SAMN26286268,PRJNA806984,,2 months,infant,61.0,,BD,,,,,,2013-04/2016-10,primary,1.0,3.59
SAMN26286273,PRJNA806984,,2 months,infant,61.0,,BD,,,,,,2013-04/2016-10,primary,1.0,7.099
SAMN26286279,PRJNA806984,,2 months,infant,61.0,,BD,,,,,,2013-04/2016-10,primary,1.0,8.718
SAMN26286290,PRJNA806984,,2 months,infant,61.0,,BD,,,,,,2013-04/2016-10,primary,1.0,0.932
SAMN26286295,PRJNA806984,,2 months,infant,61.0,,BD,,,,,,2013-04/2016-10,primary,1.0,6.801
SAMN26286301,PRJNA806984,,2 months,infant,61.0,,BD,,,,,,2013-04/2016-10,primary,1.0,2.358
SAMN26286306,PRJNA806984,,2 months,infant,61.0,,BD,,,,,,2013-04/2016-10,primary,1.0,3.527
SAMN26286312,PRJNA806984,,2 months,infant,61.0,,BD,,,,,,2013-04/2016-10,primary,1.0,4.004
SAMN26286323,PRJNA806984,,2 months,infant,61.0,,BD,,,,,,2013-04/2016-10,primary,1.0,1.756
SAMN26286334,PRJNA806984,,2 months,infant,61.0,,BD,,,,,,2013-04/2016-10,primary,1.0,4.467
SAMN26286340,PRJNA806984,,2 months,infant,61.0,,BD,,,,,,2013-04/2016-10,primary,1.0,10.18
SAMN26286346,PRJNA806984,,2 months,infant,61.0,,BD,,,,,,2013-04/2016-10,primary,1.0,6.866
SAMN26286353,PRJNA806984,,2 months,infant,61.0,,BD,,,,,,2013-04/2016-10,primary,1.0,0.771
SAMN26286359,PRJNA806984,,2 months,infant,61.0,,BD,,,,,,2013-04/2016-10,primary,1.0,8.958
SAMN26286365,PRJNA806984,,2 months,infant,61.0,,BD,,,,,,2013-04/2016-10,primary,1.0,7.682
SAMN26286370,PRJNA806984,,2 months,infant,61.0,,BD,,,,,,2013-04/2016-10,primary,1.0,3.82
SAMN26286376,PRJNA806984,,2 months,infant,61.0,,BD,,,,,,2013-04/2016-10,primary,1.0,4.837
SAMN26286382,PRJNA806984,,2 months,infant,61.0,,BD,,,,,,2013-04/2016-10,primary,1.0,3.024
SAMN26286388,PRJNA806984,,2 months,infant,61.0,,BD,,,,,,2013-04/2016-10,primary,1.0,4.91
SAMN26286394,PRJNA806984,,2 months,infant,61.0,,BD,,,,,,2013-04/2016-10,primary,1.0,4.766
SAMN26286400,PRJNA806984,,2 months,infant,61.0,,BD,,,,,,2013-04/2016-10,primary,1.0,5.998
SAMN26286416,PRJNA806984,,2 months,infant,61.0,,BD,,,,,,2013-04/2016-10,primary,1.0,2.918
SAMN26286422,PRJNA806984,,2 months,infant,61.0,,BD,,,,,,2013-04/2016-10,primary,1.0,1.493
SAMN26286433,PRJNA806984,,2 months,infant,61.0,,BD,,,,,,2013-04/2016-10,primary,1.0,2.949
SAMN26286439,PRJNA806984,,2 months,infant,61.0,,BD,,,,,,2013-04/2016-10,primary,1.0,6.804
SAMN26286446,PRJNA806984,,2 months,infant,61.0,,BD,,,,,,2013-04/2016-10,primary,1.0,3.16
SAMN26286452,PRJNA806984,,2 months,infant,61.0,,BD,,,,,,2013-04/2016-10,primary,1.0,4.785
SAMN26286458,PRJNA806984,,2 months,infant,61.0,,BD,,,,,,2013-04/2016-10,primary,1.0,0.933
SAMN26286465,PRJNA806984,,2 months,infant,61.0,,BD,,,,,,2013-04/2016-10,primary,1.0,2.018
SAMN26286471,PRJNA806984,,2 months,infant,61.0,,BD,,,,,,2013-04/2016-10,primary,1.0,6.88
SAMN26286475,PRJNA806984,,2 months,infant,61.0,,BD,,,,,,2013-04/2016-10,primary,1.0,4.324
SAMN26286480,PRJNA806984,,2 months,infant,61.0,,BD,,,,,,2013-04/2016-10,primary,1.0,1.2
SAMN26286486,PRJNA806984,,2 months,infant,61.0,,BD,,,,,,2013-04/2016-10,primary,1.0,1.752
SAMN26286492,PRJNA806984,,2 months,infant,61.0,,BD,,,,,,2013-04/2016-10,primary,1.0,6.974
SAMN26286497,PRJNA806984,,2 months,infant,61.0,,BD,,,,,,2013-04/2016-10,primary,1.0,1.094
SAMN26286507,PRJNA806984,,2 months,infant,61.0,,BD,,,,,,2013-04/2016-10,primary,1.0,5.0
SAMN26286514,PRJNA806984,,2 months,infant,61.0,,BD,,,,,,2013-04/2016-10,primary,1.0,5.353
SAMN26286520,PRJNA806984,,2 months,infant,61.0,,BD,,,,,,2013-04/2016-10,primary,1.0,8.578
SAMN26286526,PRJNA806984,,2 months,infant,61.0,,BD,,,,,,2013-04/2016-10,primary,1.0,6.302
SAMN26286533,PRJNA806984,,2 months,infant,61.0,,BD,,,,,,2013-04/2016-10,primary,1.0,3.81
SAMN26286539,PRJNA806984,,2 months,infant,61.0,,BD,,,,,,2013-04/2016-10,primary,1.0,4.273
SAMN26286545,PRJNA806984,,2 months,infant,61.0,,BD,,,,,,2013-04/2016-10,primary,1.0,5.474
SAMN26286551,PRJNA806984,,2 months,infant,61.0,,BD,,,,,,2013-04/2016-10,primary,1.0,3.584
SAMN26286557,PRJNA806984,,2 months,infant,61.0,,BD,,,,,,2013-04/2016-10,primary,1.0,4.446
SAMN26286563,PRJNA806984,,2 months,infant,61.0,,BD,,,,,,2013-04/2016-10,primary,1.0,2.737
SAMN26286567,PRJNA806984,,2 months,infant,61.0,,BD,,,,,,2013-04/2016-10,primary,1.0,0.743
SAMN26286573,PRJNA806984,,2 months,infant,61.0,,BD,,,,,,2013-04/2016-10,primary,1.0,3.224
SAMN26286579,PRJNA806984,,2 months,infant,61.0,,BD,,,,,,2013-04/2016-10,primary,1.0,4.038
SAMN26286589,PRJNA806984,,2 months,infant,61.0,,BD,,,,,,2013-04/2016-10,primary,1.0,3.136
SAMN26286595,PRJNA806984,,2 months,infant,61.0,,BD,,,,,,2013-04/2016-10,primary,1.0,4.474
SAMN26286603,PRJNA806984,,2 months,infant,61.0,,BD,,,,,,2013-04/2016-10,primary,1.0,6.543
SAMN26286609,PRJNA806984,,2 months,infant,61.0,,BD,,,,,,2013-04/2016-10,primary,1.0,3.887
SAMN26286615,PRJNA806984,,2 months,infant,61.0,,BD,,,,,,2013-04/2016-10,primary,1.0,9.745
SAMN26286621,PRJNA806984,,2 months,infant,61.0,,BD,,,,,,2013-04/2016-10,primary,1.0,2.585
SAMN26286627,PRJNA806984,,2 months,infant,61.0,,BD,,,,,,2013-04/2016-10,primary,1.0,11.206
SAMN26286638,PRJNA806984,,2 months,infant,61.0,,BD,,,,,,2013-04/2016-10,primary,1.0,2.052
SAMN26286644,PRJNA806984,,2 months,infant,61.0,,BD,,,,,,2013-04/2016-10,primary,1.0,4.095
SAMN26286653,PRJNA806984,,2 months,infant,61.0,,BD,,,,,,2013-04/2016-10,primary,1.0,3.046
SAMN26286659,PRJNA806984,,2 months,infant,61.0,,BD,,,,,,2013-04/2016-10,primary,1.0,5.856
SAMN26286675,PRJNA806984,,2 months,infant,61.0,,BD,,,,,,2013-04/2016-10,primary,1.0,6.955
SAMN26286681,PRJNA806984,,2 months,infant,61.0,,BD,,,,,,2013-04/2016-10,primary,1.0,4.712
SAMN26286687,PRJNA806984,,2 months,infant,61.0,,BD,,,,,,2013-04/2016-10,primary,1.0,2.646
SAMN26286694,PRJNA806984,,2 months,infant,61.0,,BD,,,,,,2013-04/2016-10,primary,1.0,4.46
SAMN26286703,PRJNA806984,,2 months,infant,61.0,,BD,,,,,,2013-04/2016-10,primary,1.0,2.252
SAMN26286708,PRJNA806984,,2 months,infant,61.0,,BD,,,,,,2013-04/2016-10,primary,1.0,5.743
SAMN26286714,PRJNA806984,,2 months,infant,61.0,,BD,,,,,,2013-04/2016-10,primary,1.0,3.399
SAMN26286720,PRJNA806984,,2 months,infant,61.0,,BD,,,,,,2013-04/2016-10,primary,1.0,2.793
SAMN26286727,PRJNA806984,,2 months,infant,61.0,,BD,,,,,,2013-04/2016-10,primary,1.0,0.713
SAMN26286733,PRJNA806984,,2 months,infant,61.0,,BD,,,,,,2013-04/2016-10,primary,1.0,1.455
SAMN26286751,PRJNA806984,,2 months,infant,61.0,,BD,,,,,,2013-04/2016-10,primary,1.0,12.739
SAMN26286757,PRJNA806984,,2 months,infant,61.0,,BD,,,,,,2013-04/2016-10,primary,1.0,17.576
SAMN26286768,PRJNA806984,,2 months,infant,61.0,,BD,,,,,,2013-04/2016-10,primary,1.0,0.859
SAMN26286773,PRJNA806984,,2 months,infant,61.0,,BD,,,,,,2013-04/2016-10,primary,1.0,6.037
SAMN26286778,PRJNA806984,,2 months,infant,61.0,,BD,,,,,,2013-04/2016-10,primary,1.0,3.044
SAMN26286784,PRJNA806984,,2 months,infant,61.0,,BD,,,,,,2013-04/2016-10,primary,1.0,3.546
SAMN26286790,PRJNA806984,,2 months,infant,61.0,,BD,,,,,,2013-04/2016-10,primary,1.0,7.245
SAMN26286797,PRJNA806984,,2 months,infant,61.0,,BD,,,,,,2013-04/2016-10,primary,1.0,4.478
SAMN26286809,PRJNA806984,,2 months,infant,61.0,,BD,,,,,,2013-04/2016-10,primary,1.0,2.925
SAMN26286815,PRJNA806984,,2 months,infant,61.0,,BD,,,,,,2013-04/2016-10,primary,1.0,7.587
SAMN26286821,PRJNA806984,,2 months,infant,61.0,,BD,,,,,,2013-04/2016-10,primary,1.0,1.615
SAMN26286830,PRJNA806984,,2 months,infant,61.0,,BD,,,,,,2013-04/2016-10,primary,1.0,1.837
SAMN26286839,PRJNA806984,,2 months,infant,61.0,,BD,,,,,,2013-04/2016-10,primary,1.0,6.456
SAMN26286845,PRJNA806984,,2 months,infant,61.0,,BD,,,,,,2013-04/2016-10,primary,1.0,5.567
SAMN26286851,PRJNA806984,,2 months,infant,61.0,,BD,,,,,,2013-04/2016-10,primary,1.0,4.853
SAMN26286856,PRJNA806984,,2 months,infant,61.0,,BD,,,,,,2013-04/2016-10,primary,1.0,3.225
SAMN26286862,PRJNA806984,,2 months,infant,61.0,,BD,,,,,,2013-04/2016-10,primary,1.0,2.975
SAMN26286868,PRJNA806984,,2 months,infant,61.0,,BD,,,,,,2013-04/2016-10,primary,1.0,3.504
SAMN26286875,PRJNA806984,,2 months,infant,61.0,,BD,,,,,,2013-04/2016-10,primary,1.0,1.744
SAMN26286881,PRJNA806984,,2 months,infant,61.0,,BD,,,,,,2013-04/2016-10,primary,1.0,2.987
SAMN26286887,PRJNA806984,,2 months,infant,61.0,,BD,,,,,,2013-04/2016-10,primary,1.0,1.788
SAMN26286893,PRJNA806984,,2 months,infant,61.0,,BD,,,,,,2013-04/2016-10,primary,1.0,10.175
SAMN26286899,PRJNA806984,,2 months,infant,61.0,,BD,,,,,,2013-04/2016-10,primary,1.0,3.118
SAMN26286906,PRJNA806984,,2 months,infant,61.0,,BD,,,,,,2013-04/2016-10,primary,1.0,6.148
SAMN26286913,PRJNA806984,,2 months,infant,61.0,,BD,,,,,,2013-04/2016-10,primary,1.0,11.581
SAMN26286919,PRJNA806984,,2 months,infant,61.0,,BD,,,,,,2013-04/2016-10,primary,1.0,3.048
SAMN26286925,PRJNA806984,,2 months,infant,61.0,,BD,,,,,,2013-04/2016-10,primary,1.0,0.824
SAMN26286929,PRJNA806984,,2 months,infant,61.0,,BD,,,,,,2013-04/2016-10,primary,1.0,4.174
SAMN26286944,PRJNA806984,,2 months,infant,61.0,,BD,,,,,,2013-04/2016-10,primary,1.0,4.844
SAMN26286951,PRJNA806984,,2 months,infant,61.0,,BD,,,,,,2013-04/2016-10,primary,1.0,1.305
SAMN26286967,PRJNA806984,,2 months,infant,61.0,,BD,,,,,,2013-04/2016-10,primary,1.0,3.553
SAMN26286973,PRJNA806984,,2 months,infant,61.0,,BD,,,,,,2013-04/2016-10,primary,1.0,1.905
SAMN26286979,PRJNA806984,,2 months,infant,61.0,,BD,,,,,,2013-04/2016-10,primary,1.0,8.024
SAMN26286985,PRJNA806984,,2 months,infant,61.0,,BD,,,,,,2013-04/2016-10,primary,1.0,6.165
SAMN26286992,PRJNA806984,,2 months,infant,61.0,,BD,,,,,,2013-04/2016-10,primary,1.0,2.062
SAMN26286998,PRJNA806984,,2 months,infant,61.0,,BD,,,,,,2013-04/2016-10,primary,1.0,5.186
SAMN26287004,PRJNA806984,,2 months,infant,61.0,,BD,,,,,,2013-04/2016-10,primary,1.0,5.973
SAMN26287010,PRJNA806984,,2 months,infant,61.0,,BD,,,,,,2013-04/2016-10,primary,1.0,5.308
SAMN26287017,PRJNA806984,,2 months,infant,61.0,,BD,,,,,,2013-04/2016-10,primary,1.0,4.465
SAMN26287022,PRJNA806984,,2 months,infant,61.0,,BD,,,,,,2013-04/2016-10,primary,1.0,5.288
SAMN26287028,PRJNA806984,,2 months,infant,61.0,,BD,,,,,,2013-04/2016-10,primary,1.0,5.861
SAMN26287040,PRJNA806984,,2 months,infant,61.0,,BD,,,,,,2013-04/2016-10,primary,1.0,5.599
SAMN26287046,PRJNA806984,,2 months,infant,61.0,,BD,,,,,,2013-04/2016-10,primary,1.0,8.908
SAMN26287060,PRJNA806984,,2 months,infant,61.0,,BD,,,,,,2013-04/2016-10,primary,1.0,8.72
SAMN26287066,PRJNA806984,,2 months,infant,61.0,,BD,,,,,,2013-04/2016-10,primary,1.0,5.85
SAMN26287070,PRJNA806984,,2 months,infant,61.0,,BD,,,,,,2013-04/2016-10,primary,1.0,4.227
SAMN26287075,PRJNA806984,,2 months,infant,61.0,,BD,,,,,,2013-04/2016-10,primary,1.0,5.808
SAMN26287080,PRJNA806984,,2 months,infant,61.0,,BD,,,,,,2013-04/2016-10,primary,1.0,5.148
SAMN26287085,PRJNA806984,,2 months,infant,61.0,,BD,,,,,,2013-04/2016-10,primary,1.0,3.194
SAMN26287090,PRJNA806984,,2 months,infant,61.0,,BD,,,,,,2013-04/2016-10,primary,1.0,1.652
SAMN26287102,PRJNA806984,,2 months,infant,61.0,,BD,,,,,,2013-04/2016-10,primary,1.0,9.196
SAMN26287109,PRJNA806984,,2 months,infant,61.0,,BD,,,,,,2013-04/2016-10,primary,1.0,6.082
SAMN26287115,PRJNA806984,,2 months,infant,61.0,,BD,,,,,,2013-04/2016-10,primary,1.0,4.926
SAMN26287121,PRJNA806984,,2 months,infant,61.0,,BD,,,,,,2013-04/2016-10,primary,1.0,4.56
SAMN26287127,PRJNA806984,,2 months,infant,61.0,,BD,,,,,,2013-04/2016-10,primary,1.0,5.278
SAMN26287133,PRJNA806984,,2 months,infant,61.0,,BD,,,,,,2013-04/2016-10,primary,1.0,2.482
SAMN26287144,PRJNA806984,,2 months,infant,61.0,,BD,,,,,,2013-04/2016-10,primary,1.0,1.772
SAMN26287150,PRJNA806984,,2 months,infant,61.0,,BD,,,,,,2013-04/2016-10,primary,1.0,7.729
SAMN26287156,PRJNA806984,,2 months,infant,61.0,,BD,,,,,,2013-04/2016-10,primary,1.0,5.397
SAMN26287162,PRJNA806984,,2 months,infant,61.0,,BD,,,,,,2013-04/2016-10,primary,1.0,7.795
SAMN26287168,PRJNA806984,,2 months,infant,61.0,,BD,,,,,,2013-04/2016-10,primary,1.0,5.927
SAMN26287174,PRJNA806984,,2 months,infant,61.0,,BD,,,,,,2013-04/2016-10,primary,1.0,5.028
SAMN26286598,PRJNA806984,,210 days,infant,210.0,,BD,,,,,,2013-04/2016-10,primary,1.0,1.778
SAMN26286407,PRJNA806984,,218 days,infant,218.0,,BD,,,,,,2013-04/2016-10,primary,1.0,3.52
SAMN26287137,PRJNA806984,,230 days,infant,230.0,,BD,,,,,,2013-04/2016-10,primary,1.0,4.069
SAMN26285832,PRJNA806984,,24 months,infant,730.0,,BD,,,,,,2013-04/2016-10,primary,1.0,2.031
SAMN26285838,PRJNA806984,,24 months,infant,730.0,,BD,,,,,,2013-04/2016-10,primary,1.0,3.696
SAMN26285845,PRJNA806984,,24 months,infant,730.0,,BD,,,,,,2013-04/2016-10,primary,1.0,1.876
SAMN26285852,PRJNA806984,,24 months,infant,730.0,,BD,,,,,,2013-04/2016-10,primary,1.0,2.388
SAMN26285859,PRJNA806984,,24 months,infant,730.0,,BD,,,,,,2013-04/2016-10,primary,1.0,2.849
SAMN26285866,PRJNA806984,,24 months,infant,730.0,,BD,,,,,,2013-04/2016-10,primary,1.0,2.084
SAMN26285871,PRJNA806984,,24 months,infant,730.0,,BD,,,,,,2013-04/2016-10,primary,1.0,3.347
SAMN26285876,PRJNA806984,,24 months,infant,730.0,,BD,,,,,,2013-04/2016-10,primary,1.0,1.463
SAMN26285882,PRJNA806984,,24 months,infant,730.0,,BD,,,,,,2013-04/2016-10,primary,1.0,6.272
SAMN26285889,PRJNA806984,,24 months,infant,730.0,,BD,,,,,,2013-04/2016-10,primary,1.0,0.772
SAMN26285894,PRJNA806984,,24 months,infant,730.0,,BD,,,,,,2013-04/2016-10,primary,1.0,3.363
SAMN26285900,PRJNA806984,,24 months,infant,730.0,,BD,,,,,,2013-04/2016-10,primary,1.0,5.221
SAMN26285906,PRJNA806984,,24 months,infant,730.0,,BD,,,,,,2013-04/2016-10,primary,1.0,2.703
SAMN26285913,PRJNA806984,,24 months,infant,730.0,,BD,,,,,,2013-04/2016-10,primary,1.0,4.326
SAMN26285919,PRJNA806984,,24 months,infant,730.0,,BD,,,,,,2013-04/2016-10,primary,1.0,4.735
SAMN26285926,PRJNA806984,,24 months,infant,730.0,,BD,,,,,,2013-04/2016-10,primary,1.0,2.621
SAMN26285932,PRJNA806984,,24 months,infant,730.0,,BD,,,,,,2013-04/2016-10,primary,1.0,2.299
SAMN26285938,PRJNA806984,,24 months,infant,730.0,,BD,,,,,,2013-04/2016-10,primary,1.0,4.894
SAMN26285945,PRJNA806984,,24 months,infant,730.0,,BD,,,,,,2013-04/2016-10,primary,1.0,3.643
SAMN26285951,PRJNA806984,,24 months,infant,730.0,,BD,,,,,,2013-04/2016-10,primary,1.0,5.681
SAMN26285962,PRJNA806984,,24 months,infant,730.0,,BD,,,,,,2013-04/2016-10,primary,1.0,6.158
SAMN26285968,PRJNA806984,,24 months,infant,730.0,,BD,,,,,,2013-04/2016-10,primary,1.0,3.974
SAMN26285973,PRJNA806984,,24 months,infant,730.0,,BD,,,,,,2013-04/2016-10,primary,1.0,4.453
SAMN26285980,PRJNA806984,,24 months,infant,730.0,,BD,,,,,,2013-04/2016-10,primary,1.0,0.952
SAMN26285986,PRJNA806984,,24 months,infant,730.0,,BD,,,,,,2013-04/2016-10,primary,1.0,3.269
SAMN26285992,PRJNA806984,,24 months,infant,730.0,,BD,,,,,,2013-04/2016-10,primary,1.0,4.692
SAMN26285999,PRJNA806984,,24 months,infant,730.0,,BD,,,,,,2013-04/2016-10,primary,1.0,0.919
SAMN26286006,PRJNA806984,,24 months,infant,730.0,,BD,,,,,,2013-04/2016-10,primary,1.0,3.274
SAMN26286013,PRJNA806984,,24 months,infant,730.0,,BD,,,,,,2013-04/2016-10,primary,1.0,4.902
SAMN26286019,PRJNA806984,,24 months,infant,730.0,,BD,,,,,,2013-04/2016-10,primary,1.0,2.151
SAMN26286026,PRJNA806984,,24 months,infant,730.0,,BD,,,,,,2013-04/2016-10,primary,1.0,1.698
SAMN26286031,PRJNA806984,,24 months,infant,730.0,,BD,,,,,,2013-04/2016-10,primary,1.0,2.798
SAMN26286037,PRJNA806984,,24 months,infant,730.0,,BD,,,,,,2013-04/2016-10,primary,1.0,6.154
SAMN26286044,PRJNA806984,,24 months,infant,730.0,,BD,,,,,,2013-04/2016-10,primary,1.0,2.525
SAMN26286050,PRJNA806984,,24 months,infant,730.0,,BD,,,,,,2013-04/2016-10,primary,1.0,1.713
SAMN26286055,PRJNA806984,,24 months,infant,730.0,,BD,,,,,,2013-04/2016-10,primary,1.0,2.728
SAMN26286061,PRJNA806984,,24 months,infant,730.0,,BD,,,,,,2013-04/2016-10,primary,1.0,3.389
SAMN26286067,PRJNA806984,,24 months,infant,730.0,,BD,,,,,,2013-04/2016-10,primary,1.0,1.223
SAMN26286074,PRJNA806984,,24 months,infant,730.0,,BD,,,,,,2013-04/2016-10,primary,1.0,1.974
SAMN26286080,PRJNA806984,,24 months,infant,730.0,,BD,,,,,,2013-04/2016-10,primary,1.0,4.393
SAMN26286087,PRJNA806984,,24 months,infant,730.0,,BD,,,,,,2013-04/2016-10,primary,1.0,2.862
SAMN26286093,PRJNA806984,,24 months,infant,730.0,,BD,,,,,,2013-04/2016-10,primary,1.0,3.795
SAMN26286098,PRJNA806984,,24 months,infant,730.0,,BD,,,,,,2013-04/2016-10,primary,1.0,2.216
SAMN26286103,PRJNA806984,,24 months,infant,730.0,,BD,,,,,,2013-04/2016-10,primary,1.0,1.94
SAMN26286109,PRJNA806984,,24 months,infant,730.0,,BD,,,,,,2013-04/2016-10,primary,1.0,1.455
SAMN26286115,PRJNA806984,,24 months,infant,730.0,,BD,,,,,,2013-04/2016-10,primary,1.0,4.419
SAMN26286122,PRJNA806984,,24 months,infant,730.0,,BD,,,,,,2013-04/2016-10,primary,1.0,1.394
SAMN26286128,PRJNA806984,,24 months,infant,730.0,,BD,,,,,,2013-04/2016-10,primary,1.0,2.834
SAMN26286134,PRJNA806984,,24 months,infant,730.0,,BD,,,,,,2013-04/2016-10,primary,1.0,2.877
SAMN26286138,PRJNA806984,,24 months,infant,730.0,,BD,,,,,,2013-04/2016-10,primary,1.0,2.561
SAMN26286144,PRJNA806984,,24 months,infant,730.0,,BD,,,,,,2013-04/2016-10,primary,1.0,1.848
SAMN26286150,PRJNA806984,,24 months,infant,730.0,,BD,,,,,,2013-04/2016-10,primary,1.0,2.964
SAMN26286155,PRJNA806984,,24 months,infant,730.0,,BD,,,,,,2013-04/2016-10,primary,1.0,4.174
SAMN26286161,PRJNA806984,,24 months,infant,730.0,,BD,,,,,,2013-04/2016-10,primary,1.0,1.314
SAMN26286167,PRJNA806984,,24 months,infant,730.0,,BD,,,,,,2013-04/2016-10,primary,1.0,3.319
SAMN26286173,PRJNA806984,,24 months,infant,730.0,,BD,,,,,,2013-04/2016-10,primary,1.0,4.542
SAMN26286179,PRJNA806984,,24 months,infant,730.0,,BD,,,,,,2013-04/2016-10,primary,1.0,1.944
SAMN26286185,PRJNA806984,,24 months,infant,730.0,,BD,,,,,,2013-04/2016-10,primary,1.0,1.869
SAMN26286191,PRJNA806984,,24 months,infant,730.0,,BD,,,,,,2013-04/2016-10,primary,1.0,1.979
SAMN26286198,PRJNA806984,,24 months,infant,730.0,,BD,,,,,,2013-04/2016-10,primary,1.0,0.794
SAMN26286205,PRJNA806984,,24 months,infant,730.0,,BD,,,,,,2013-04/2016-10,primary,1.0,3.982
SAMN26286210,PRJNA806984,,24 months,infant,730.0,,BD,,,,,,2013-04/2016-10,primary,1.0,1.864
SAMN26286216,PRJNA806984,,24 months,infant,730.0,,BD,,,,,,2013-04/2016-10,primary,1.0,6.159
SAMN26286222,PRJNA806984,,24 months,infant,730.0,,BD,,,,,,2013-04/2016-10,primary,1.0,1.942
SAMN26286228,PRJNA806984,,24 months,infant,730.0,,BD,,,,,,2013-04/2016-10,primary,1.0,2.299
SAMN26286234,PRJNA806984,,24 months,infant,730.0,,BD,,,,,,2013-04/2016-10,primary,1.0,2.82
SAMN26286240,PRJNA806984,,24 months,infant,730.0,,BD,,,,,,2013-04/2016-10,primary,1.0,1.551
SAMN26286245,PRJNA806984,,24 months,infant,730.0,,BD,,,,,,2013-04/2016-10,primary,1.0,3.732
SAMN26286250,PRJNA806984,,24 months,infant,730.0,,BD,,,,,,2013-04/2016-10,primary,1.0,3.587
SAMN26286255,PRJNA806984,,24 months,infant,730.0,,BD,,,,,,2013-04/2016-10,primary,1.0,3.286
SAMN26286261,PRJNA806984,,24 months,infant,730.0,,BD,,,,,,2013-04/2016-10,primary,1.0,1.778
SAMN26286267,PRJNA806984,,24 months,infant,730.0,,BD,,,,,,2013-04/2016-10,primary,1.0,2.411
SAMN26286272,PRJNA806984,,24 months,infant,730.0,,BD,,,,,,2013-04/2016-10,primary,1.0,2.086
SAMN26286278,PRJNA806984,,24 months,infant,730.0,,BD,,,,,,2013-04/2016-10,primary,1.0,2.819
SAMN26286284,PRJNA806984,,24 months,infant,730.0,,BD,,,,,,2013-04/2016-10,primary,1.0,4.795
SAMN26286289,PRJNA806984,,24 months,infant,730.0,,BD,,,,,,2013-04/2016-10,primary,1.0,2.784
SAMN26286300,PRJNA806984,,24 months,infant,730.0,,BD,,,,,,2013-04/2016-10,primary,1.0,3.866
SAMN26286305,PRJNA806984,,24 months,infant,730.0,,BD,,,,,,2013-04/2016-10,primary,1.0,2.684
SAMN26286311,PRJNA806984,,24 months,infant,730.0,,BD,,,,,,2013-04/2016-10,primary,1.0,2.45
SAMN26286317,PRJNA806984,,24 months,infant,730.0,,BD,,,,,,2013-04/2016-10,primary,1.0,3.49
SAMN26286322,PRJNA806984,,24 months,infant,730.0,,BD,,,,,,2013-04/2016-10,primary,1.0,3.769
SAMN26286333,PRJNA806984,,24 months,infant,730.0,,BD,,,,,,2013-04/2016-10,primary,1.0,1.674
SAMN26286339,PRJNA806984,,24 months,infant,730.0,,BD,,,,,,2013-04/2016-10,primary,1.0,4.462
SAMN26286345,PRJNA806984,,24 months,infant,730.0,,BD,,,,,,2013-04/2016-10,primary,1.0,3.135
SAMN26286352,PRJNA806984,,24 months,infant,730.0,,BD,,,,,,2013-04/2016-10,primary,1.0,3.42
SAMN26286358,PRJNA806984,,24 months,infant,730.0,,BD,,,,,,2013-04/2016-10,primary,1.0,1.344
SAMN26286364,PRJNA806984,,24 months,infant,730.0,,BD,,,,,,2013-04/2016-10,primary,1.0,0.771
SAMN26286369,PRJNA806984,,24 months,infant,730.0,,BD,,,,,,2013-04/2016-10,primary,1.0,3.231
SAMN26286375,PRJNA806984,,24 months,infant,730.0,,BD,,,,,,2013-04/2016-10,primary,1.0,3.896
SAMN26286381,PRJNA806984,,24 months,infant,730.0,,BD,,,,,,2013-04/2016-10,primary,1.0,3.991
SAMN26286387,PRJNA806984,,24 months,infant,730.0,,BD,,,,,,2013-04/2016-10,primary,1.0,1.545
SAMN26286393,PRJNA806984,,24 months,infant,730.0,,BD,,,,,,2013-04/2016-10,primary,1.0,3.147
SAMN26286399,PRJNA806984,,24 months,infant,730.0,,BD,,,,,,2013-04/2016-10,primary,1.0,4.399
SAMN26286405,PRJNA806984,,24 months,infant,730.0,,BD,,,,,,2013-04/2016-10,primary,1.0,2.281
SAMN26286415,PRJNA806984,,24 months,infant,730.0,,BD,,,,,,2013-04/2016-10,primary,1.0,1.397
SAMN26286421,PRJNA806984,,24 months,infant,730.0,,BD,,,,,,2013-04/2016-10,primary,1.0,3.737
SAMN26286427,PRJNA806984,,24 months,infant,730.0,,BD,,,,,,2013-04/2016-10,primary,1.0,4.799
SAMN26286432,PRJNA806984,,24 months,infant,730.0,,BD,,,,,,2013-04/2016-10,primary,1.0,4.044
SAMN26286438,PRJNA806984,,24 months,infant,730.0,,BD,,,,,,2013-04/2016-10,primary,1.0,5.967
SAMN26286445,PRJNA806984,,24 months,infant,730.0,,BD,,,,,,2013-04/2016-10,primary,1.0,3.786
SAMN26286451,PRJNA806984,,24 months,infant,730.0,,BD,,,,,,2013-04/2016-10,primary,1.0,2.073
SAMN26286457,PRJNA806984,,24 months,infant,730.0,,BD,,,,,,2013-04/2016-10,primary,1.0,2.258
SAMN26286464,PRJNA806984,,24 months,infant,730.0,,BD,,,,,,2013-04/2016-10,primary,1.0,1.706
SAMN26286470,PRJNA806984,,24 months,infant,730.0,,BD,,,,,,2013-04/2016-10,primary,1.0,5.122
SAMN26286479,PRJNA806984,,24 months,infant,730.0,,BD,,,,,,2013-04/2016-10,primary,1.0,1.013
SAMN26286485,PRJNA806984,,24 months,infant,730.0,,BD,,,,,,2013-04/2016-10,primary,1.0,3.092
SAMN26286491,PRJNA806984,,24 months,infant,730.0,,BD,,,,,,2013-04/2016-10,primary,1.0,5.432
SAMN26286496,PRJNA806984,,24 months,infant,730.0,,BD,,,,,,2013-04/2016-10,primary,1.0,2.01
SAMN26286506,PRJNA806984,,24 months,infant,730.0,,BD,,,,,,2013-04/2016-10,primary,1.0,1.17
SAMN26286513,PRJNA806984,,24 months,infant,730.0,,BD,,,,,,2013-04/2016-10,primary,1.0,1.669
SAMN26286519,PRJNA806984,,24 months,infant,730.0,,BD,,,,,,2013-04/2016-10,primary,1.0,2.621
SAMN26286525,PRJNA806984,,24 months,infant,730.0,,BD,,,,,,2013-04/2016-10,primary,1.0,2.017
SAMN26286532,PRJNA806984,,24 months,infant,730.0,,BD,,,,,,2013-04/2016-10,primary,1.0,4.81
SAMN26286538,PRJNA806984,,24 months,infant,730.0,,BD,,,,,,2013-04/2016-10,primary,1.0,2.491
SAMN26286544,PRJNA806984,,24 months,infant,730.0,,BD,,,,,,2013-04/2016-10,primary,1.0,2.217
SAMN26286550,PRJNA806984,,24 months,infant,730.0,,BD,,,,,,2013-04/2016-10,primary,1.0,0.787
SAMN26286556,PRJNA806984,,24 months,infant,730.0,,BD,,,,,,2013-04/2016-10,primary,1.0,2.687
SAMN26286572,PRJNA806984,,24 months,infant,730.0,,BD,,,,,,2013-04/2016-10,primary,1.0,6.184
SAMN26286578,PRJNA806984,,24 months,infant,730.0,,BD,,,,,,2013-04/2016-10,primary,1.0,4.914
SAMN26286583,PRJNA806984,,24 months,infant,730.0,,BD,,,,,,2013-04/2016-10,primary,1.0,3.273
SAMN26286588,PRJNA806984,,24 months,infant,730.0,,BD,,,,,,2013-04/2016-10,primary,1.0,3.15
SAMN26286594,PRJNA806984,,24 months,infant,730.0,,BD,,,,,,2013-04/2016-10,primary,1.0,2.968
SAMN26286602,PRJNA806984,,24 months,infant,730.0,,BD,,,,,,2013-04/2016-10,primary,1.0,3.581
SAMN26286608,PRJNA806984,,24 months,infant,730.0,,BD,,,,,,2013-04/2016-10,primary,1.0,1.934
SAMN26286614,PRJNA806984,,24 months,infant,730.0,,BD,,,,,,2013-04/2016-10,primary,1.0,1.973
SAMN26286620,PRJNA806984,,24 months,infant,730.0,,BD,,,,,,2013-04/2016-10,primary,1.0,3.268
SAMN26286626,PRJNA806984,,24 months,infant,730.0,,BD,,,,,,2013-04/2016-10,primary,1.0,2.713
SAMN26286632,PRJNA806984,,24 months,infant,730.0,,BD,,,,,,2013-04/2016-10,primary,1.0,3.669
SAMN26286637,PRJNA806984,,24 months,infant,730.0,,BD,,,,,,2013-04/2016-10,primary,1.0,2.202
SAMN26286643,PRJNA806984,,24 months,infant,730.0,,BD,,,,,,2013-04/2016-10,primary,1.0,2.303
SAMN26286652,PRJNA806984,,24 months,infant,730.0,,BD,,,,,,2013-04/2016-10,primary,1.0,1.429
SAMN26286658,PRJNA806984,,24 months,infant,730.0,,BD,,,,,,2013-04/2016-10,primary,1.0,5.338
SAMN26286669,PRJNA806984,,24 months,infant,730.0,,BD,,,,,,2013-04/2016-10,primary,1.0,3.646
SAMN26286674,PRJNA806984,,24 months,infant,730.0,,BD,,,,,,2013-04/2016-10,primary,1.0,1.032
SAMN26286680,PRJNA806984,,24 months,infant,730.0,,BD,,,,,,2013-04/2016-10,primary,1.0,6.037
SAMN26286686,PRJNA806984,,24 months,infant,730.0,,BD,,,,,,2013-04/2016-10,primary,1.0,2.223
SAMN26286693,PRJNA806984,,24 months,infant,730.0,,BD,,,,,,2013-04/2016-10,primary,1.0,2.29
SAMN26286699,PRJNA806984,,24 months,infant,730.0,,BD,,,,,,2013-04/2016-10,primary,1.0,1.622
SAMN26286702,PRJNA806984,,24 months,infant,730.0,,BD,,,,,,2013-04/2016-10,primary,1.0,2.747
SAMN26286707,PRJNA806984,,24 months,infant,730.0,,BD,,,,,,2013-04/2016-10,primary,1.0,1.111
SAMN26286713,PRJNA806984,,24 months,infant,730.0,,BD,,,,,,2013-04/2016-10,primary,1.0,1.88
SAMN26286719,PRJNA806984,,24 months,infant,730.0,,BD,,,,,,2013-04/2016-10,primary,1.0,4.885
SAMN26286726,PRJNA806984,,24 months,infant,730.0,,BD,,,,,,2013-04/2016-10,primary,1.0,0.909
SAMN26286732,PRJNA806984,,24 months,infant,730.0,,BD,,,,,,2013-04/2016-10,primary,1.0,1.627
SAMN26286739,PRJNA806984,,24 months,infant,730.0,,BD,,,,,,2013-04/2016-10,primary,1.0,2.999
SAMN26286745,PRJNA806984,,24 months,infant,730.0,,BD,,,,,,2013-04/2016-10,primary,1.0,1.082
SAMN26286750,PRJNA806984,,24 months,infant,730.0,,BD,,,,,,2013-04/2016-10,primary,1.0,1.506
SAMN26286756,PRJNA806984,,24 months,infant,730.0,,BD,,,,,,2013-04/2016-10,primary,1.0,1.642
SAMN26286762,PRJNA806984,,24 months,infant,730.0,,BD,,,,,,2013-04/2016-10,primary,1.0,1.702
SAMN26286767,PRJNA806984,,24 months,infant,730.0,,BD,,,,,,2013-04/2016-10,primary,1.0,2.545
SAMN26286777,PRJNA806984,,24 months,infant,730.0,,BD,,,,,,2013-04/2016-10,primary,1.0,1.353
SAMN26286783,PRJNA806984,,24 months,infant,730.0,,BD,,,,,,2013-04/2016-10,primary,1.0,2.585
SAMN26286789,PRJNA806984,,24 months,infant,730.0,,BD,,,,,,2013-04/2016-10,primary,1.0,2.546
SAMN26286796,PRJNA806984,,24 months,infant,730.0,,BD,,,,,,2013-04/2016-10,primary,1.0,1.803
SAMN26286803,PRJNA806984,,24 months,infant,730.0,,BD,,,,,,2013-04/2016-10,primary,1.0,1.652
SAMN26286808,PRJNA806984,,24 months,infant,730.0,,BD,,,,,,2013-04/2016-10,primary,1.0,2.243
SAMN26286814,PRJNA806984,,24 months,infant,730.0,,BD,,,,,,2013-04/2016-10,primary,1.0,3.872
SAMN26286820,PRJNA806984,,24 months,infant,730.0,,BD,,,,,,2013-04/2016-10,primary,1.0,1.774
SAMN26286829,PRJNA806984,,24 months,infant,730.0,,BD,,,,,,2013-04/2016-10,primary,1.0,2.872
SAMN26286838,PRJNA806984,,24 months,infant,730.0,,BD,,,,,,2013-04/2016-10,primary,1.0,2.589
SAMN26286844,PRJNA806984,,24 months,infant,730.0,,BD,,,,,,2013-04/2016-10,primary,1.0,1.831
SAMN26286850,PRJNA806984,,24 months,infant,730.0,,BD,,,,,,2013-04/2016-10,primary,1.0,1.636
SAMN26286861,PRJNA806984,,24 months,infant,730.0,,BD,,,,,,2013-04/2016-10,primary,1.0,3.707
SAMN26286867,PRJNA806984,,24 months,infant,730.0,,BD,,,,,,2013-04/2016-10,primary,1.0,5.443
SAMN26286874,PRJNA806984,,24 months,infant,730.0,,BD,,,,,,2013-04/2016-10,primary,1.0,2.917
SAMN26286880,PRJNA806984,,24 months,infant,730.0,,BD,,,,,,2013-04/2016-10,primary,1.0,1.389
SAMN26286886,PRJNA806984,,24 months,infant,730.0,,BD,,,,,,2013-04/2016-10,primary,1.0,1.021
SAMN26286892,PRJNA806984,,24 months,infant,730.0,,BD,,,,,,2013-04/2016-10,primary,1.0,1.435
SAMN26286898,PRJNA806984,,24 months,infant,730.0,,BD,,,,,,2013-04/2016-10,primary,1.0,1.273
SAMN26286905,PRJNA806984,,24 months,infant,730.0,,BD,,,,,,2013-04/2016-10,primary,1.0,1.416
SAMN26286912,PRJNA806984,,24 months,infant,730.0,,BD,,,,,,2013-04/2016-10,primary,1.0,1.278
SAMN26286918,PRJNA806984,,24 months,infant,730.0,,BD,,,,,,2013-04/2016-10,primary,1.0,1.198
SAMN26286924,PRJNA806984,,24 months,infant,730.0,,BD,,,,,,2013-04/2016-10,primary,1.0,3.493
SAMN26286928,PRJNA806984,,24 months,infant,730.0,,BD,,,,,,2013-04/2016-10,primary,1.0,2.945
SAMN26286933,PRJNA806984,,24 months,infant,730.0,,BD,,,,,,2013-04/2016-10,primary,1.0,2.635
SAMN26286943,PRJNA806984,,24 months,infant,730.0,,BD,,,,,,2013-04/2016-10,primary,1.0,1.598
SAMN26286950,PRJNA806984,,24 months,infant,730.0,,BD,,,,,,2013-04/2016-10,primary,1.0,1.78
SAMN26286956,PRJNA806984,,24 months,infant,730.0,,BD,,,,,,2013-04/2016-10,primary,1.0,3.166
SAMN26286961,PRJNA806984,,24 months,infant,730.0,,BD,,,,,,2013-04/2016-10,primary,1.0,2.485
SAMN26286966,PRJNA806984,,24 months,infant,730.0,,BD,,,,,,2013-04/2016-10,primary,1.0,3.385
SAMN26286972,PRJNA806984,,24 months,infant,730.0,,BD,,,,,,2013-04/2016-10,primary,1.0,1.175
SAMN26286978,PRJNA806984,,24 months,infant,730.0,,BD,,,,,,2013-04/2016-10,primary,1.0,4.87
SAMN26286984,PRJNA806984,,24 months,infant,730.0,,BD,,,,,,2013-04/2016-10,primary,1.0,5.281
SAMN26286991,PRJNA806984,,24 months,infant,730.0,,BD,,,,,,2013-04/2016-10,primary,1.0,2.318
SAMN26286997,PRJNA806984,,24 months,infant,730.0,,BD,,,,,,2013-04/2016-10,primary,1.0,1.564
SAMN26287003,PRJNA806984,,24 months,infant,730.0,,BD,,,,,,2013-04/2016-10,primary,1.0,0.781
SAMN26287009,PRJNA806984,,24 months,infant,730.0,,BD,,,,,,2013-04/2016-10,primary,1.0,3.861
SAMN26287016,PRJNA806984,,24 months,infant,730.0,,BD,,,,,,2013-04/2016-10,primary,1.0,1.199
SAMN26287021,PRJNA806984,,24 months,infant,730.0,,BD,,,,,,2013-04/2016-10,primary,1.0,2.252
SAMN26287027,PRJNA806984,,24 months,infant,730.0,,BD,,,,,,2013-04/2016-10,primary,1.0,2.417
SAMN26287033,PRJNA806984,,24 months,infant,730.0,,BD,,,,,,2013-04/2016-10,primary,1.0,2.66
SAMN26287039,PRJNA806984,,24 months,infant,730.0,,BD,,,,,,2013-04/2016-10,primary,1.0,1.442
SAMN26287045,PRJNA806984,,24 months,infant,730.0,,BD,,,,,,2013-04/2016-10,primary,1.0,1.176
SAMN26287050,PRJNA806984,,24 months,infant,730.0,,BD,,,,,,2013-04/2016-10,primary,1.0,0.766
SAMN26287055,PRJNA806984,,24 months,infant,730.0,,BD,,,,,,2013-04/2016-10,primary,1.0,2.642
SAMN26287059,PRJNA806984,,24 months,infant,730.0,,BD,,,,,,2013-04/2016-10,primary,1.0,3.471
SAMN26287065,PRJNA806984,,24 months,infant,730.0,,BD,,,,,,2013-04/2016-10,primary,1.0,3.576
SAMN26287074,PRJNA806984,,24 months,infant,730.0,,BD,,,,,,2013-04/2016-10,primary,1.0,3.842
SAMN26287084,PRJNA806984,,24 months,infant,730.0,,BD,,,,,,2013-04/2016-10,primary,1.0,2.442
SAMN26287095,PRJNA806984,,24 months,infant,730.0,,BD,,,,,,2013-04/2016-10,primary,1.0,1.961
SAMN26287101,PRJNA806984,,24 months,infant,730.0,,BD,,,,,,2013-04/2016-10,primary,1.0,3.156
SAMN26287108,PRJNA806984,,24 months,infant,730.0,,BD,,,,,,2013-04/2016-10,primary,1.0,5.211
SAMN26287114,PRJNA806984,,24 months,infant,730.0,,BD,,,,,,2013-04/2016-10,primary,1.0,2.385
SAMN26287120,PRJNA806984,,24 months,infant,730.0,,BD,,,,,,2013-04/2016-10,primary,1.0,4.475
SAMN26287126,PRJNA806984,,24 months,infant,730.0,,BD,,,,,,2013-04/2016-10,primary,1.0,2.054
SAMN26287132,PRJNA806984,,24 months,infant,730.0,,BD,,,,,,2013-04/2016-10,primary,1.0,2.507
SAMN26287143,PRJNA806984,,24 months,infant,730.0,,BD,,,,,,2013-04/2016-10,primary,1.0,1.078
SAMN26287149,PRJNA806984,,24 months,infant,730.0,,BD,,,,,,2013-04/2016-10,primary,1.0,2.357
SAMN26287155,PRJNA806984,,24 months,infant,730.0,,BD,,,,,,2013-04/2016-10,primary,1.0,3.702
SAMN26287161,PRJNA806984,,24 months,infant,730.0,,BD,,,,,,2013-04/2016-10,primary,1.0,1.37
SAMN26287167,PRJNA806984,,24 months,infant,730.0,,BD,,,,,,2013-04/2016-10,primary,1.0,4.145
SAMN26287173,PRJNA806984,,24 months,infant,730.0,,BD,,,,,,2013-04/2016-10,primary,1.0,4.026
SAMN26287146,PRJNA806984,,249 days,infant,249.0,,BD,,,,,,2013-04/2016-10,primary,1.0,5.045
SAMN26286946,PRJNA806984,,256 days,infant,256.0,,BD,,,,,,2013-04/2016-10,primary,1.0,2.168
SAMN26286194,PRJNA806984,,261 days,infant,261.0,,BD,,,,,,2013-04/2016-10,primary,1.0,2.919
SAMN26286936,PRJNA806984,,283 days,infant,283.0,,BD,,,,,,2013-04/2016-10,primary,1.0,4.843
SAMN26286937,PRJNA806984,,300 days,infant,300.0,,BD,,,,,,2013-04/2016-10,primary,1.0,3.766
SAMN26286938,PRJNA806984,,316 days,infant,316.0,,BD,,,,,,2013-04/2016-10,primary,1.0,1.462
SAMN26286832,PRJNA806984,,332 days,infant,332.0,,BD,,,,,,2013-04/2016-10,primary,1.0,4.322
SAMN26286824,PRJNA806984,,333 days,infant,333.0,,BD,,,,,,2013-04/2016-10,primary,1.0,3.954
SAMN26286939,PRJNA806984,,337 days,infant,337.0,,BD,,,,,,2013-04/2016-10,primary,1.0,3.661
SAMN26286662,PRJNA806984,,349 days,infant,349.0,,BD,,,,,,2013-04/2016-10,primary,1.0,0.692
SAMN26285862,PRJNA806984,,350 days,infant,350.0,,BD,,,,,,2013-04/2016-10,primary,1.0,1.832
SAMN26286408,PRJNA806984,,375 days,infant,375.0,,BD,,,,,,2013-04/2016-10,primary,1.0,1.247
SAMN26286501,PRJNA806984,,377 days,infant,377.0,,BD,,,,,,2013-04/2016-10,primary,1.0,0.852
SAMN26286663,PRJNA806984,,396 days,infant,396.0,,BD,,,,,,2013-04/2016-10,primary,1.0,2.461
SAMN26286409,PRJNA806984,,401 days,infant,401.0,,BD,,,,,,2013-04/2016-10,primary,1.0,13.806
SAMN26286646,PRJNA806984,,403 days,infant,403.0,,BD,,,,,,2013-04/2016-10,primary,1.0,4.822
SAMN26287138,PRJNA806984,,408 days,infant,408.0,,BD,,,,,,2013-04/2016-10,primary,1.0,3.163
SAMN26286647,PRJNA806984,,429 days,infant,429.0,,BD,,,,,,2013-04/2016-10,primary,1.0,3.61
SAMN26286326,PRJNA806984,,431 days,infant,431.0,,BD,,,,,,2013-04/2016-10,primary,1.0,1.559
SAMN26286833,PRJNA806984,,446 days,infant,446.0,,BD,,,,,,2013-04/2016-10,primary,1.0,0.693
SAMN26286825,PRJNA806984,,457 days,infant,457.0,,BD,,,,,,2013-04/2016-10,primary,1.0,3.37
SAMN26286834,PRJNA806984,,459 days,infant,459.0,,BD,,,,,,2013-04/2016-10,primary,1.0,4.814
SAMN26286327,PRJNA806984,,467 days,infant,467.0,,BD,,,,,,2013-04/2016-10,primary,1.0,2.575
SAMN26286823,PRJNA806984,,48 days,infant,48.0,,BD,,,,,,2013-04/2016-10,primary,1.0,4.64
SAMN26285885,PRJNA806984,,485 days,infant,485.0,,BD,,,,,,2013-04/2016-10,primary,1.0,1.434
SAMN26286328,PRJNA806984,,487 days,infant,487.0,,BD,,,,,,2013-04/2016-10,primary,1.0,4.65
SAMN26286410,PRJNA806984,,500 days,infant,500.0,,BD,,,,,,2013-04/2016-10,primary,1.0,2.005
SAMN26286411,PRJNA806984,,534 days,infant,534.0,,BD,,,,,,2013-04/2016-10,primary,1.0,7.27
SAMN26286664,PRJNA806984,,576 days,infant,576.0,,BD,,,,,,2013-04/2016-10,primary,1.0,2.938
SAMN26287139,PRJNA806984,,582 days,infant,582.0,,BD,,,,,,2013-04/2016-10,primary,1.0,0.758
SAMN26285834,PRJNA806984,,6 months,infant,183.0,,BD,,,,,,2013-04/2016-10,primary,1.0,2.536
SAMN26285840,PRJNA806984,,6 months,infant,183.0,,BD,,,,,,2013-04/2016-10,primary,1.0,5.576
SAMN26285847,PRJNA806984,,6 months,infant,183.0,,BD,,,,,,2013-04/2016-10,primary,1.0,5.193
SAMN26285854,PRJNA806984,,6 months,infant,183.0,,BD,,,,,,2013-04/2016-10,primary,1.0,4.453
SAMN26285860,PRJNA806984,,6 months,infant,183.0,,BD,,,,,,2013-04/2016-10,primary,1.0,5.352
SAMN26285867,PRJNA806984,,6 months,infant,183.0,,BD,,,,,,2013-04/2016-10,primary,1.0,3.566
SAMN26285878,PRJNA806984,,6 months,infant,183.0,,BD,,,,,,2013-04/2016-10,primary,1.0,6.403
SAMN26285884,PRJNA806984,,6 months,infant,183.0,,BD,,,,,,2013-04/2016-10,primary,1.0,3.546
SAMN26285890,PRJNA806984,,6 months,infant,183.0,,BD,,,,,,2013-04/2016-10,primary,1.0,1.377
SAMN26285896,PRJNA806984,,6 months,infant,183.0,,BD,,,,,,2013-04/2016-10,primary,1.0,4.613
SAMN26285902,PRJNA806984,,6 months,infant,183.0,,BD,,,,,,2013-04/2016-10,primary,1.0,3.759
SAMN26285908,PRJNA806984,,6 months,infant,183.0,,BD,,,,,,2013-04/2016-10,primary,1.0,2.672
SAMN26285914,PRJNA806984,,6 months,infant,183.0,,BD,,,,,,2013-04/2016-10,primary,1.0,3.166
SAMN26285921,PRJNA806984,,6 months,infant,183.0,,BD,,,,,,2013-04/2016-10,primary,1.0,8.488
SAMN26285928,PRJNA806984,,6 months,infant,183.0,,BD,,,,,,2013-04/2016-10,primary,1.0,6.136
SAMN26285934,PRJNA806984,,6 months,infant,183.0,,BD,,,,,,2013-04/2016-10,primary,1.0,3.043
SAMN26285940,PRJNA806984,,6 months,infant,183.0,,BD,,,,,,2013-04/2016-10,primary,1.0,4.3
SAMN26285947,PRJNA806984,,6 months,infant,183.0,,BD,,,,,,2013-04/2016-10,primary,1.0,1.329
SAMN26285957,PRJNA806984,,6 months,infant,183.0,,BD,,,,,,2013-04/2016-10,primary,1.0,3.219
SAMN26285964,PRJNA806984,,6 months,infant,183.0,,BD,,,,,,2013-04/2016-10,primary,1.0,5.086
SAMN26285969,PRJNA806984,,6 months,infant,183.0,,BD,,,,,,2013-04/2016-10,primary,1.0,4.705
SAMN26285975,PRJNA806984,,6 months,infant,183.0,,BD,,,,,,2013-04/2016-10,primary,1.0,6.621
SAMN26285982,PRJNA806984,,6 months,infant,183.0,,BD,,,,,,2013-04/2016-10,primary,1.0,1.764
SAMN26285988,PRJNA806984,,6 months,infant,183.0,,BD,,,,,,2013-04/2016-10,primary,1.0,6.267
SAMN26285994,PRJNA806984,,6 months,infant,183.0,,BD,,,,,,2013-04/2016-10,primary,1.0,5.498
SAMN26286001,PRJNA806984,,6 months,infant,183.0,,BD,,,,,,2013-04/2016-10,primary,1.0,4.19
SAMN26286008,PRJNA806984,,6 months,infant,183.0,,BD,,,,,,2013-04/2016-10,primary,1.0,6.949
SAMN26286015,PRJNA806984,,6 months,infant,183.0,,BD,,,,,,2013-04/2016-10,primary,1.0,2.602
SAMN26286021,PRJNA806984,,6 months,infant,183.0,,BD,,,,,,2013-04/2016-10,primary,1.0,1.389
SAMN26286027,PRJNA806984,,6 months,infant,183.0,,BD,,,,,,2013-04/2016-10,primary,1.0,0.979
SAMN26286033,PRJNA806984,,6 months,infant,183.0,,BD,,,,,,2013-04/2016-10,primary,1.0,1.612
SAMN26286039,PRJNA806984,,6 months,infant,183.0,,BD,,,,,,2013-04/2016-10,primary,1.0,1.349
SAMN26286046,PRJNA806984,,6 months,infant,183.0,,BD,,,,,,2013-04/2016-10,primary,1.0,5.588
SAMN26286057,PRJNA806984,,6 months,infant,183.0,,BD,,,,,,2013-04/2016-10,primary,1.0,3.415
SAMN26286063,PRJNA806984,,6 months,infant,183.0,,BD,,,,,,2013-04/2016-10,primary,1.0,6.26
SAMN26286069,PRJNA806984,,6 months,infant,183.0,,BD,,,,,,2013-04/2016-10,primary,1.0,3.343
SAMN26286076,PRJNA806984,,6 months,infant,183.0,,BD,,,,,,2013-04/2016-10,primary,1.0,3.458
SAMN26286082,PRJNA806984,,6 months,infant,183.0,,BD,,,,,,2013-04/2016-10,primary,1.0,3.627
SAMN26286089,PRJNA806984,,6 months,infant,183.0,,BD,,,,,,2013-04/2016-10,primary,1.0,5.951
SAMN26286094,PRJNA806984,,6 months,infant,183.0,,BD,,,,,,2013-04/2016-10,primary,1.0,6.93
SAMN26286099,PRJNA806984,,6 months,infant,183.0,,BD,,,,,,2013-04/2016-10,primary,1.0,8.515
SAMN26286105,PRJNA806984,,6 months,infant,183.0,,BD,,,,,,2013-04/2016-10,primary,1.0,10.024
SAMN26286111,PRJNA806984,,6 months,infant,183.0,,BD,,,,,,2013-04/2016-10,primary,1.0,6.632
SAMN26286117,PRJNA806984,,6 months,infant,183.0,,BD,,,,,,2013-04/2016-10,primary,1.0,5.02
SAMN26286124,PRJNA806984,,6 months,infant,183.0,,BD,,,,,,2013-04/2016-10,primary,1.0,5.164
SAMN26286130,PRJNA806984,,6 months,infant,183.0,,BD,,,,,,2013-04/2016-10,primary,1.0,2.486
SAMN26286135,PRJNA806984,,6 months,infant,183.0,,BD,,,,,,2013-04/2016-10,primary,1.0,3.402
SAMN26286140,PRJNA806984,,6 months,infant,183.0,,BD,,,,,,2013-04/2016-10,primary,1.0,3.166
SAMN26286146,PRJNA806984,,6 months,infant,183.0,,BD,,,,,,2013-04/2016-10,primary,1.0,1.486
SAMN26286152,PRJNA806984,,6 months,infant,183.0,,BD,,,,,,2013-04/2016-10,primary,1.0,5.207
SAMN26286157,PRJNA806984,,6 months,infant,183.0,,BD,,,,,,2013-04/2016-10,primary,1.0,4.864
SAMN26286163,PRJNA806984,,6 months,infant,183.0,,BD,,,,,,2013-04/2016-10,primary,1.0,2.762
SAMN26286169,PRJNA806984,,6 months,infant,183.0,,BD,,,,,,2013-04/2016-10,primary,1.0,4.822
SAMN26286175,PRJNA806984,,6 months,infant,183.0,,BD,,,,,,2013-04/2016-10,primary,1.0,5.359
SAMN26286181,PRJNA806984,,6 months,infant,183.0,,BD,,,,,,2013-04/2016-10,primary,1.0,9.186
SAMN26286187,PRJNA806984,,6 months,infant,183.0,,BD,,,,,,2013-04/2016-10,primary,1.0,1.668
SAMN26286193,PRJNA806984,,6 months,infant,183.0,,BD,,,,,,2013-04/2016-10,primary,1.0,4.02
SAMN26286200,PRJNA806984,,6 months,infant,183.0,,BD,,,,,,2013-04/2016-10,primary,1.0,5.56
SAMN26286206,PRJNA806984,,6 months,infant,183.0,,BD,,,,,,2013-04/2016-10,primary,1.0,5.289
SAMN26286212,PRJNA806984,,6 months,infant,183.0,,BD,,,,,,2013-04/2016-10,primary,1.0,4.531
SAMN26286218,PRJNA806984,,6 months,infant,183.0,,BD,,,,,,2013-04/2016-10,primary,1.0,6.808
SAMN26286224,PRJNA806984,,6 months,infant,183.0,,BD,,,,,,2013-04/2016-10,primary,1.0,7.89
SAMN26286229,PRJNA806984,,6 months,infant,183.0,,BD,,,,,,2013-04/2016-10,primary,1.0,2.136
SAMN26286236,PRJNA806984,,6 months,infant,183.0,,BD,,,,,,2013-04/2016-10,primary,1.0,3.412
SAMN26286241,PRJNA806984,,6 months,infant,183.0,,BD,,,,,,2013-04/2016-10,primary,1.0,0.924
SAMN26286251,PRJNA806984,,6 months,infant,183.0,,BD,,,,,,2013-04/2016-10,primary,1.0,4.842
SAMN26286257,PRJNA806984,,6 months,infant,183.0,,BD,,,,,,2013-04/2016-10,primary,1.0,1.87
SAMN26286263,PRJNA806984,,6 months,infant,183.0,,BD,,,,,,2013-04/2016-10,primary,1.0,6.329
SAMN26286274,PRJNA806984,,6 months,infant,183.0,,BD,,,,,,2013-04/2016-10,primary,1.0,5.155
SAMN26286280,PRJNA806984,,6 months,infant,183.0,,BD,,,,,,2013-04/2016-10,primary,1.0,3.008
SAMN26286285,PRJNA806984,,6 months,infant,183.0,,BD,,,,,,2013-04/2016-10,primary,1.0,3.885
SAMN26286291,PRJNA806984,,6 months,infant,183.0,,BD,,,,,,2013-04/2016-10,primary,1.0,1.495
SAMN26286296,PRJNA806984,,6 months,infant,183.0,,BD,,,,,,2013-04/2016-10,primary,1.0,6.347
SAMN26286307,PRJNA806984,,6 months,infant,183.0,,BD,,,,,,2013-04/2016-10,primary,1.0,3.234
SAMN26286313,PRJNA806984,,6 months,infant,183.0,,BD,,,,,,2013-04/2016-10,primary,1.0,7.155
SAMN26286318,PRJNA806984,,6 months,infant,183.0,,BD,,,,,,2013-04/2016-10,primary,1.0,4.011
SAMN26286324,PRJNA806984,,6 months,infant,183.0,,BD,,,,,,2013-04/2016-10,primary,1.0,1.515
SAMN26286335,PRJNA806984,,6 months,infant,183.0,,BD,,,,,,2013-04/2016-10,primary,1.0,5.683
SAMN26286341,PRJNA806984,,6 months,infant,183.0,,BD,,,,,,2013-04/2016-10,primary,1.0,2.903
SAMN26286347,PRJNA806984,,6 months,infant,183.0,,BD,,,,,,2013-04/2016-10,primary,1.0,1.938
SAMN26286354,PRJNA806984,,6 months,infant,183.0,,BD,,,,,,2013-04/2016-10,primary,1.0,4.77
SAMN26286360,PRJNA806984,,6 months,infant,183.0,,BD,,,,,,2013-04/2016-10,primary,1.0,3.446
SAMN26286371,PRJNA806984,,6 months,infant,183.0,,BD,,,,,,2013-04/2016-10,primary,1.0,1.89
SAMN26286377,PRJNA806984,,6 months,infant,183.0,,BD,,,,,,2013-04/2016-10,primary,1.0,7.983
SAMN26286383,PRJNA806984,,6 months,infant,183.0,,BD,,,,,,2013-04/2016-10,primary,1.0,1.23
SAMN26286389,PRJNA806984,,6 months,infant,183.0,,BD,,,,,,2013-04/2016-10,primary,1.0,2.75
SAMN26286395,PRJNA806984,,6 months,infant,183.0,,BD,,,,,,2013-04/2016-10,primary,1.0,4.193
SAMN26286401,PRJNA806984,,6 months,infant,183.0,,BD,,,,,,2013-04/2016-10,primary,1.0,5.293
SAMN26286406,PRJNA806984,,6 months,infant,183.0,,BD,,,,,,2013-04/2016-10,primary,1.0,3.723
SAMN26286417,PRJNA806984,,6 months,infant,183.0,,BD,,,,,,2013-04/2016-10,primary,1.0,3.631
SAMN26286423,PRJNA806984,,6 months,infant,183.0,,BD,,,,,,2013-04/2016-10,primary,1.0,8.529
SAMN26286428,PRJNA806984,,6 months,infant,183.0,,BD,,,,,,2013-04/2016-10,primary,1.0,3.353
SAMN26286434,PRJNA806984,,6 months,infant,183.0,,BD,,,,,,2013-04/2016-10,primary,1.0,4.198
SAMN26286440,PRJNA806984,,6 months,infant,183.0,,BD,,,,,,2013-04/2016-10,primary,1.0,5.962
SAMN26286447,PRJNA806984,,6 months,infant,183.0,,BD,,,,,,2013-04/2016-10,primary,1.0,3.331
SAMN26286453,PRJNA806984,,6 months,infant,183.0,,BD,,,,,,2013-04/2016-10,primary,1.0,5.209
SAMN26286459,PRJNA806984,,6 months,infant,183.0,,BD,,,,,,2013-04/2016-10,primary,1.0,4.966
SAMN26286466,PRJNA806984,,6 months,infant,183.0,,BD,,,,,,2013-04/2016-10,primary,1.0,1.601
SAMN26286472,PRJNA806984,,6 months,infant,183.0,,BD,,,,,,2013-04/2016-10,primary,1.0,5.867
SAMN26286481,PRJNA806984,,6 months,infant,183.0,,BD,,,,,,2013-04/2016-10,primary,1.0,4.593
SAMN26286487,PRJNA806984,,6 months,infant,183.0,,BD,,,,,,2013-04/2016-10,primary,1.0,4.805
SAMN26286493,PRJNA806984,,6 months,infant,183.0,,BD,,,,,,2013-04/2016-10,primary,1.0,3.75
SAMN26286498,PRJNA806984,,6 months,infant,183.0,,BD,,,,,,2013-04/2016-10,primary,1.0,2.666
SAMN26286508,PRJNA806984,,6 months,infant,183.0,,BD,,,,,,2013-04/2016-10,primary,1.0,4.68
SAMN26286515,PRJNA806984,,6 months,infant,183.0,,BD,,,,,,2013-04/2016-10,primary,1.0,6.161
SAMN26286521,PRJNA806984,,6 months,infant,183.0,,BD,,,,,,2013-04/2016-10,primary,1.0,5.502
SAMN26286527,PRJNA806984,,6 months,infant,183.0,,BD,,,,,,2013-04/2016-10,primary,1.0,1.0
SAMN26286534,PRJNA806984,,6 months,infant,183.0,,BD,,,,,,2013-04/2016-10,primary,1.0,5.779
SAMN26286540,PRJNA806984,,6 months,infant,183.0,,BD,,,,,,2013-04/2016-10,primary,1.0,3.202
SAMN26286546,PRJNA806984,,6 months,infant,183.0,,BD,,,,,,2013-04/2016-10,primary,1.0,3.681
SAMN26286552,PRJNA806984,,6 months,infant,183.0,,BD,,,,,,2013-04/2016-10,primary,1.0,5.607
SAMN26286558,PRJNA806984,,6 months,infant,183.0,,BD,,,,,,2013-04/2016-10,primary,1.0,6.783
SAMN26286564,PRJNA806984,,6 months,infant,183.0,,BD,,,,,,2013-04/2016-10,primary,1.0,3.066
SAMN26286568,PRJNA806984,,6 months,infant,183.0,,BD,,,,,,2013-04/2016-10,primary,1.0,8.028
SAMN26286574,PRJNA806984,,6 months,infant,183.0,,BD,,,,,,2013-04/2016-10,primary,1.0,3.643
SAMN26286580,PRJNA806984,,6 months,infant,183.0,,BD,,,,,,2013-04/2016-10,primary,1.0,1.751
SAMN26286584,PRJNA806984,,6 months,infant,183.0,,BD,,,,,,2013-04/2016-10,primary,1.0,5.103
SAMN26286590,PRJNA806984,,6 months,infant,183.0,,BD,,,,,,2013-04/2016-10,primary,1.0,0.995
SAMN26286596,PRJNA806984,,6 months,infant,183.0,,BD,,,,,,2013-04/2016-10,primary,1.0,5.199
SAMN26286604,PRJNA806984,,6 months,infant,183.0,,BD,,,,,,2013-04/2016-10,primary,1.0,3.286
SAMN26286610,PRJNA806984,,6 months,infant,183.0,,BD,,,,,,2013-04/2016-10,primary,1.0,3.433
SAMN26286616,PRJNA806984,,6 months,infant,183.0,,BD,,,,,,2013-04/2016-10,primary,1.0,3.565
SAMN26286622,PRJNA806984,,6 months,infant,183.0,,BD,,,,,,2013-04/2016-10,primary,1.0,2.097
SAMN26286628,PRJNA806984,,6 months,infant,183.0,,BD,,,,,,2013-04/2016-10,primary,1.0,5.255
SAMN26286633,PRJNA806984,,6 months,infant,183.0,,BD,,,,,,2013-04/2016-10,primary,1.0,5.038
SAMN26286639,PRJNA806984,,6 months,infant,183.0,,BD,,,,,,2013-04/2016-10,primary,1.0,3.002
SAMN26286645,PRJNA806984,,6 months,infant,183.0,,BD,,,,,,2013-04/2016-10,primary,1.0,2.295
SAMN26286654,PRJNA806984,,6 months,infant,183.0,,BD,,,,,,2013-04/2016-10,primary,1.0,3.61
SAMN26286660,PRJNA806984,,6 months,infant,183.0,,BD,,,,,,2013-04/2016-10,primary,1.0,4.346
SAMN26286670,PRJNA806984,,6 months,infant,183.0,,BD,,,,,,2013-04/2016-10,primary,1.0,1.789
SAMN26286676,PRJNA806984,,6 months,infant,183.0,,BD,,,,,,2013-04/2016-10,primary,1.0,3.87
SAMN26286682,PRJNA806984,,6 months,infant,183.0,,BD,,,,,,2013-04/2016-10,primary,1.0,4.757
SAMN26286688,PRJNA806984,,6 months,infant,183.0,,BD,,,,,,2013-04/2016-10,primary,1.0,2.633
SAMN26286695,PRJNA806984,,6 months,infant,183.0,,BD,,,,,,2013-04/2016-10,primary,1.0,2.758
SAMN26286700,PRJNA806984,,6 months,infant,183.0,,BD,,,,,,2013-04/2016-10,primary,1.0,3.207
SAMN26286704,PRJNA806984,,6 months,infant,183.0,,BD,,,,,,2013-04/2016-10,primary,1.0,2.656
SAMN26286709,PRJNA806984,,6 months,infant,183.0,,BD,,,,,,2013-04/2016-10,primary,1.0,3.942
SAMN26286715,PRJNA806984,,6 months,infant,183.0,,BD,,,,,,2013-04/2016-10,primary,1.0,4.9
SAMN26286721,PRJNA806984,,6 months,infant,183.0,,BD,,,,,,2013-04/2016-10,primary,1.0,4.846
SAMN26286728,PRJNA806984,,6 months,infant,183.0,,BD,,,,,,2013-04/2016-10,primary,1.0,5.288
SAMN26286734,PRJNA806984,,6 months,infant,183.0,,BD,,,,,,2013-04/2016-10,primary,1.0,4.259
SAMN26286740,PRJNA806984,,6 months,infant,183.0,,BD,,,,,,2013-04/2016-10,primary,1.0,3.107
SAMN26286746,PRJNA806984,,6 months,infant,183.0,,BD,,,,,,2013-04/2016-10,primary,1.0,3.342
SAMN26286752,PRJNA806984,,6 months,infant,183.0,,BD,,,,,,2013-04/2016-10,primary,1.0,1.118
SAMN26286758,PRJNA806984,,6 months,infant,183.0,,BD,,,,,,2013-04/2016-10,primary,1.0,3.433
SAMN26286763,PRJNA806984,,6 months,infant,183.0,,BD,,,,,,2013-04/2016-10,primary,1.0,0.859
SAMN26286769,PRJNA806984,,6 months,infant,183.0,,BD,,,,,,2013-04/2016-10,primary,1.0,3.513
SAMN26286774,PRJNA806984,,6 months,infant,183.0,,BD,,,,,,2013-04/2016-10,primary,1.0,2.211
SAMN26286779,PRJNA806984,,6 months,infant,183.0,,BD,,,,,,2013-04/2016-10,primary,1.0,2.639
SAMN26286785,PRJNA806984,,6 months,infant,183.0,,BD,,,,,,2013-04/2016-10,primary,1.0,4.338
SAMN26286791,PRJNA806984,,6 months,infant,183.0,,BD,,,,,,2013-04/2016-10,primary,1.0,3.28
SAMN26286798,PRJNA806984,,6 months,infant,183.0,,BD,,,,,,2013-04/2016-10,primary,1.0,5.969
SAMN26286804,PRJNA806984,,6 months,infant,183.0,,BD,,,,,,2013-04/2016-10,primary,1.0,3.457
SAMN26286810,PRJNA806984,,6 months,infant,183.0,,BD,,,,,,2013-04/2016-10,primary,1.0,2.327
SAMN26286816,PRJNA806984,,6 months,infant,183.0,,BD,,,,,,2013-04/2016-10,primary,1.0,6.114
SAMN26286822,PRJNA806984,,6 months,infant,183.0,,BD,,,,,,2013-04/2016-10,primary,1.0,3.999
SAMN26286831,PRJNA806984,,6 months,infant,183.0,,BD,,,,,,2013-04/2016-10,primary,1.0,2.057
SAMN26286840,PRJNA806984,,6 months,infant,183.0,,BD,,,,,,2013-04/2016-10,primary,1.0,5.037
SAMN26286846,PRJNA806984,,6 months,infant,183.0,,BD,,,,,,2013-04/2016-10,primary,1.0,5.975
SAMN26286852,PRJNA806984,,6 months,infant,183.0,,BD,,,,,,2013-04/2016-10,primary,1.0,3.02
SAMN26286857,PRJNA806984,,6 months,infant,183.0,,BD,,,,,,2013-04/2016-10,primary,1.0,2.025
SAMN26286863,PRJNA806984,,6 months,infant,183.0,,BD,,,,,,2013-04/2016-10,primary,1.0,5.583
SAMN26286869,PRJNA806984,,6 months,infant,183.0,,BD,,,,,,2013-04/2016-10,primary,1.0,1.868
SAMN26286876,PRJNA806984,,6 months,infant,183.0,,BD,,,,,,2013-04/2016-10,primary,1.0,3.729
SAMN26286882,PRJNA806984,,6 months,infant,183.0,,BD,,,,,,2013-04/2016-10,primary,1.0,3.419
SAMN26286888,PRJNA806984,,6 months,infant,183.0,,BD,,,,,,2013-04/2016-10,primary,1.0,3.443
SAMN26286894,PRJNA806984,,6 months,infant,183.0,,BD,,,,,,2013-04/2016-10,primary,1.0,4.516
SAMN26286900,PRJNA806984,,6 months,infant,183.0,,BD,,,,,,2013-04/2016-10,primary,1.0,1.303
SAMN26286907,PRJNA806984,,6 months,infant,183.0,,BD,,,,,,2013-04/2016-10,primary,1.0,1.301
SAMN26286914,PRJNA806984,,6 months,infant,183.0,,BD,,,,,,2013-04/2016-10,primary,1.0,8.005
SAMN26286920,PRJNA806984,,6 months,infant,183.0,,BD,,,,,,2013-04/2016-10,primary,1.0,3.464
SAMN26286934,PRJNA806984,,6 months,infant,183.0,,BD,,,,,,2013-04/2016-10,primary,1.0,4.632
SAMN26286945,PRJNA806984,,6 months,infant,183.0,,BD,,,,,,2013-04/2016-10,primary,1.0,4.638
SAMN26286952,PRJNA806984,,6 months,infant,183.0,,BD,,,,,,2013-04/2016-10,primary,1.0,5.046
SAMN26286957,PRJNA806984,,6 months,infant,183.0,,BD,,,,,,2013-04/2016-10,primary,1.0,0.915
SAMN26286962,PRJNA806984,,6 months,infant,183.0,,BD,,,,,,2013-04/2016-10,primary,1.0,1.582
SAMN26286968,PRJNA806984,,6 months,infant,183.0,,BD,,,,,,2013-04/2016-10,primary,1.0,0.696
SAMN26286974,PRJNA806984,,6 months,infant,183.0,,BD,,,,,,2013-04/2016-10,primary,1.0,2.194
SAMN26286980,PRJNA806984,,6 months,infant,183.0,,BD,,,,,,2013-04/2016-10,primary,1.0,2.991
SAMN26286986,PRJNA806984,,6 months,infant,183.0,,BD,,,,,,2013-04/2016-10,primary,1.0,4.602
SAMN26286993,PRJNA806984,,6 months,infant,183.0,,BD,,,,,,2013-04/2016-10,primary,1.0,9.623
SAMN26286999,PRJNA806984,,6 months,infant,183.0,,BD,,,,,,2013-04/2016-10,primary,1.0,2.004
SAMN26287005,PRJNA806984,,6 months,infant,183.0,,BD,,,,,,2013-04/2016-10,primary,1.0,5.12
SAMN26287011,PRJNA806984,,6 months,infant,183.0,,BD,,,,,,2013-04/2016-10,primary,1.0,4.483
SAMN26287018,PRJNA806984,,6 months,infant,183.0,,BD,,,,,,2013-04/2016-10,primary,1.0,2.343
SAMN26287023,PRJNA806984,,6 months,infant,183.0,,BD,,,,,,2013-04/2016-10,primary,1.0,2.676
SAMN26287029,PRJNA806984,,6 months,infant,183.0,,BD,,,,,,2013-04/2016-10,primary,1.0,4.263
SAMN26287034,PRJNA806984,,6 months,infant,183.0,,BD,,,,,,2013-04/2016-10,primary,1.0,1.093
SAMN26287035,PRJNA806984,,6 months,infant,183.0,,BD,,,,,,2013-04/2016-10,primary,1.0,3.682
SAMN26287041,PRJNA806984,,6 months,infant,183.0,,BD,,,,,,2013-04/2016-10,primary,1.0,3.968
SAMN26287047,PRJNA806984,,6 months,infant,183.0,,BD,,,,,,2013-04/2016-10,primary,1.0,5.795
SAMN26287051,PRJNA806984,,6 months,infant,183.0,,BD,,,,,,2013-04/2016-10,primary,1.0,2.552
SAMN26287056,PRJNA806984,,6 months,infant,183.0,,BD,,,,,,2013-04/2016-10,primary,1.0,4.44
SAMN26287061,PRJNA806984,,6 months,infant,183.0,,BD,,,,,,2013-04/2016-10,primary,1.0,3.213
SAMN26287067,PRJNA806984,,6 months,infant,183.0,,BD,,,,,,2013-04/2016-10,primary,1.0,1.585
SAMN26287076,PRJNA806984,,6 months,infant,183.0,,BD,,,,,,2013-04/2016-10,primary,1.0,1.983
SAMN26287081,PRJNA806984,,6 months,infant,183.0,,BD,,,,,,2013-04/2016-10,primary,1.0,5.249
SAMN26287086,PRJNA806984,,6 months,infant,183.0,,BD,,,,,,2013-04/2016-10,primary,1.0,1.748
SAMN26287096,PRJNA806984,,6 months,infant,183.0,,BD,,,,,,2013-04/2016-10,primary,1.0,3.929
SAMN26287103,PRJNA806984,,6 months,infant,183.0,,BD,,,,,,2013-04/2016-10,primary,1.0,2.061
SAMN26287110,PRJNA806984,,6 months,infant,183.0,,BD,,,,,,2013-04/2016-10,primary,1.0,2.247
SAMN26287116,PRJNA806984,,6 months,infant,183.0,,BD,,,,,,2013-04/2016-10,primary,1.0,4.198
SAMN26287122,PRJNA806984,,6 months,infant,183.0,,BD,,,,,,2013-04/2016-10,primary,1.0,2.401
SAMN26287128,PRJNA806984,,6 months,infant,183.0,,BD,,,,,,2013-04/2016-10,primary,1.0,3.801
SAMN26287134,PRJNA806984,,6 months,infant,183.0,,BD,,,,,,2013-04/2016-10,primary,1.0,1.399
SAMN26287145,PRJNA806984,,6 months,infant,183.0,,BD,,,,,,2013-04/2016-10,primary,1.0,2.667
SAMN26287151,PRJNA806984,,6 months,infant,183.0,,BD,,,,,,2013-04/2016-10,primary,1.0,2.175
SAMN26287157,PRJNA806984,,6 months,infant,183.0,,BD,,,,,,2013-04/2016-10,primary,1.0,4.42
SAMN26287163,PRJNA806984,,6 months,infant,183.0,,BD,,,,,,2013-04/2016-10,primary,1.0,3.684
SAMN26287169,PRJNA806984,,6 months,infant,183.0,,BD,,,,,,2013-04/2016-10,primary,1.0,3.079
SAMN26287175,PRJNA806984,,6 months,infant,183.0,,BD,,,,,,2013-04/2016-10,primary,1.0,1.585
SAMN26286502,PRJNA806984,,608 days,infant,608.0,,BD,,,,,,2013-04/2016-10,primary,1.0,2.668
SAMN26286329,PRJNA806984,,631 days,infant,631.0,,BD,,,,,,2013-04/2016-10,primary,1.0,2.198
SAMN26286665,PRJNA806984,,689 days,infant,689.0,,BD,,,,,,2013-04/2016-10,primary,1.0,7.442
SAMN26286648,PRJNA806984,,715 days,infant,715.0,,BD,,,,,,2013-04/2016-10,primary,1.0,5.604
SAMN26287136,PRJNA806984,,85 days,infant,85.0,,BD,,,,,,2013-04/2016-10,primary,1.0,2.628
SAMN26285841,PRJNA806984,,near birth,neonate,0.0,,BD,,,,,,2013-04/2016-10,primary,1.0,7.36
SAMN26285848,PRJNA806984,,near birth,neonate,0.0,,BD,,,,,,2013-04/2016-10,primary,1.0,2.783
SAMN26285855,PRJNA806984,,near birth,neonate,0.0,,BD,,,,,,2013-04/2016-10,primary,1.0,11.278
SAMN26285861,PRJNA806984,,near birth,neonate,0.0,,BD,,,,,,2013-04/2016-10,primary,1.0,6.923
SAMN26285909,PRJNA806984,,near birth,neonate,0.0,,BD,,,,,,2013-04/2016-10,primary,1.0,12.219
SAMN26285915,PRJNA806984,,near birth,neonate,0.0,,BD,,,,,,2013-04/2016-10,primary,1.0,11.003
SAMN26285922,PRJNA806984,,near birth,neonate,0.0,,BD,,,,,,2013-04/2016-10,primary,1.0,4.342
SAMN26285941,PRJNA806984,,near birth,neonate,0.0,,BD,,,,,,2013-04/2016-10,primary,1.0,5.218
SAMN26285958,PRJNA806984,,near birth,neonate,0.0,,BD,,,,,,2013-04/2016-10,primary,1.0,10.818
SAMN26285965,PRJNA806984,,near birth,neonate,0.0,,BD,,,,,,2013-04/2016-10,primary,1.0,7.553
SAMN26285976,PRJNA806984,,near birth,neonate,0.0,,BD,,,,,,2013-04/2016-10,primary,1.0,6.382
SAMN26285995,PRJNA806984,,near birth,neonate,0.0,,BD,,,,,,2013-04/2016-10,primary,1.0,7.089
SAMN26286002,PRJNA806984,,near birth,neonate,0.0,,BD,,,,,,2013-04/2016-10,primary,1.0,0.999
SAMN26286009,PRJNA806984,,near birth,neonate,0.0,,BD,,,,,,2013-04/2016-10,primary,1.0,5.102
SAMN26286022,PRJNA806984,,near birth,neonate,0.0,,BD,,,,,,2013-04/2016-10,primary,1.0,5.972
SAMN26286040,PRJNA806984,,near birth,neonate,0.0,,BD,,,,,,2013-04/2016-10,primary,1.0,8.298
SAMN26286070,PRJNA806984,,near birth,neonate,0.0,,BD,,,,,,2013-04/2016-10,primary,1.0,4.955
SAMN26286083,PRJNA806984,,near birth,neonate,0.0,,BD,,,,,,2013-04/2016-10,primary,1.0,9.782
SAMN26286118,PRJNA806984,,near birth,neonate,0.0,,BD,,,,,,2013-04/2016-10,primary,1.0,3.845
SAMN26286201,PRJNA806984,,near birth,neonate,0.0,,BD,,,,,,2013-04/2016-10,primary,1.0,8.252
SAMN26286230,PRJNA806984,,near birth,neonate,0.0,,BD,,,,,,2013-04/2016-10,primary,1.0,1.341
SAMN26286348,PRJNA806984,,near birth,neonate,0.0,,BD,,,,,,2013-04/2016-10,primary,1.0,5.931
SAMN26286441,PRJNA806984,,near birth,neonate,0.0,,BD,,,,,,2013-04/2016-10,primary,1.0,5.412
SAMN26286460,PRJNA806984,,near birth,neonate,0.0,,BD,,,,,,2013-04/2016-10,primary,1.0,3.296
SAMN26286509,PRJNA806984,,near birth,neonate,0.0,,BD,,,,,,2013-04/2016-10,primary,1.0,3.404
SAMN26286528,PRJNA806984,,near birth,neonate,0.0,,BD,,,,,,2013-04/2016-10,primary,1.0,12.007
SAMN26286559,PRJNA806984,,near birth,neonate,0.0,,BD,,,,,,2013-04/2016-10,primary,1.0,1.296
SAMN26286597,PRJNA806984,,near birth,neonate,0.0,,BD,,,,,,2013-04/2016-10,primary,1.0,9.825
SAMN26286689,PRJNA806984,,near birth,neonate,0.0,,BD,,,,,,2013-04/2016-10,primary,1.0,6.455
SAMN26286722,PRJNA806984,,near birth,neonate,0.0,,BD,,,,,,2013-04/2016-10,primary,1.0,3.879
SAMN26286735,PRJNA806984,,near birth,neonate,0.0,,BD,,,,,,2013-04/2016-10,primary,1.0,5.823
SAMN26286741,PRJNA806984,,near birth,neonate,0.0,,BD,,,,,,2013-04/2016-10,primary,1.0,3.323
SAMN26286792,PRJNA806984,,near birth,neonate,0.0,,BD,,,,,,2013-04/2016-10,primary,1.0,4.754
SAMN26286799,PRJNA806984,,near birth,neonate,0.0,,BD,,,,,,2013-04/2016-10,primary,1.0,5.123
SAMN26286870,PRJNA806984,,near birth,neonate,0.0,,BD,,,,,,2013-04/2016-10,primary,1.0,5.121
SAMN26286901,PRJNA806984,,near birth,neonate,0.0,,BD,,,,,,2013-04/2016-10,primary,1.0,3.681
SAMN26286908,PRJNA806984,,near birth,neonate,0.0,,BD,,,,,,2013-04/2016-10,primary,1.0,9.133
SAMN26286987,PRJNA806984,,near birth,neonate,0.0,,BD,,,,,,2013-04/2016-10,primary,1.0,9.635
SAMN26287012,PRJNA806984,,near birth,neonate,0.0,,BD,,,,,,2013-04/2016-10,primary,1.0,12.052
SAMN26287091,PRJNA806984,,near birth,neonate,0.0,,BD,,,,,,2013-04/2016-10,primary,1.0,5.016
SAMN26287097,PRJNA806984,,near birth,neonate,0.0,,BD,,,,,,2013-04/2016-10,primary,1.0,4.185
SAMN26287104,PRJNA806984,,near birth,neonate,0.0,,BD,,,,,,2013-04/2016-10,primary,1.0,13.018
SAMN26287111,PRJNA806984,,near birth,neonate,0.0,,BD,,,,,,2013-04/2016-10,primary,1.0,8.08
SAMN26287135,PRJNA806984,,near birth,neonate,0.0,,BD,,,,,,2013-04/2016-10,primary,1.0,4.367
