sample_key,study_accession,subject_id,timepoint_label,age_category,age_at_collection_days,sex,country,health_condition,health_condition_detail,intervention,intervention_detail,antibiotic_exposure,collection_date,body_site_class,n_runs,seq_gbp
SAMN28495809,PRJNA838575,,,infant,365.0,,CA,,,,,,,primary,1.0,1.419
SAMN28495810,PRJNA838575,,,infant,91.0,,CA,,,,,,,primary,1.0,0.936
SAMN28495811,PRJNA838575,,,infant,91.0,,CA,,,,,,,primary,1.0,1.846
SAMN28495812,PRJNA838575,,,infant,91.0,,CA,,,,,,,primary,1.0,1.57
SAMN28495813,PRJNA838575,,,infant,91.0,,CA,,,,,,,primary,1.0,1.429
SAMN28495814,PRJNA838575,,,infant,91.0,,CA,,,,,,,primary,1.0,1.309
SAMN28495815,PRJNA838575,,,infant,365.0,,CA,,,,,,,primary,1.0,0.99
SAMN28495816,PRJNA838575,,,infant,91.0,,CA,,,,,,,primary,1.0,2.115
SAMN28495817,PRJNA838575,,,infant,365.0,,CA,,,,,,,primary,1.0,1.414
SAMN28495818,PRJNA838575,,,infant,365.0,,CA,,,,,,,primary,1.0,1.515
SAMN28495819,PRJNA838575,,,infant,365.0,,CA,,,,,,,primary,1.0,0.959
SAMN28495820,PRJNA838575,,,infant,91.0,,CA,,,,,,,primary,1.0,3.217
SAMN28495821,PRJNA838575,,,infant,365.0,,CA,,,,,,,primary,1.0,0.793
SAMN28495822,PRJNA838575,,,infant,91.0,,CA,,,,,,,primary,1.0,1.87
SAMN28495823,PRJNA838575,,,infant,365.0,,CA,,,,,,,primary,1.0,1.449
SAMN28495824,PRJNA838575,,,infant,91.0,,CA,,,,,,,primary,1.0,0.766
SAMN28495825,PRJNA838575,,,infant,91.0,,CA,,,,,,,primary,1.0,1.515
SAMN28495826,PRJNA838575,,,infant,365.0,,CA,,,,,,,primary,1.0,1.286
SAMN28495827,PRJNA838575,,,infant,365.0,,CA,,,,,,,primary,1.0,1.895
SAMN28495828,PRJNA838575,,,infant,365.0,,CA,,,,,,,primary,1.0,1.828
SAMN28495829,PRJNA838575,,,infant,365.0,,CA,,,,,,,primary,1.0,0.975
SAMN28495830,PRJNA838575,,,infant,91.0,,CA,,,,,,,primary,1.0,2.528
SAMN28495831,PRJNA838575,,,infant,91.0,,CA,,,,,,,primary,1.0,1.86
SAMN28495832,PRJNA838575,,,infant,91.0,,CA,,,,,,,primary,1.0,1.9
SAMN28495833,PRJNA838575,,,infant,365.0,,CA,,,,,,,primary,1.0,2.056
SAMN28495834,PRJNA838575,,,infant,91.0,,CA,,,,,,,primary,1.0,2.36
SAMN28495835,PRJNA838575,,,infant,91.0,,CA,,,,,,,primary,1.0,0.034
SAMN28495836,PRJNA838575,,,infant,91.0,,CA,,,,,,,primary,1.0,1.924
SAMN28495837,PRJNA838575,,,infant,365.0,,CA,,,,,,,primary,1.0,1.719
SAMN28495838,PRJNA838575,,,infant,91.0,,CA,,,,,,,primary,1.0,1.025
SAMN28495839,PRJNA838575,,,infant,91.0,,CA,,,,,,,primary,1.0,1.419
SAMN28495840,PRJNA838575,,,infant,91.0,,CA,,,,,,,primary,1.0,2.008
SAMN28495841,PRJNA838575,,,infant,365.0,,CA,,,,,,,primary,1.0,1.545
SAMN28495842,PRJNA838575,,,infant,91.0,,CA,,,,,,,primary,1.0,2.744
SAMN28495843,PRJNA838575,,,infant,365.0,,CA,,,,,,,primary,1.0,1.489
SAMN28495844,PRJNA838575,,,infant,91.0,,CA,,,,,,,primary,1.0,2.206
SAMN28495845,PRJNA838575,,,infant,365.0,,CA,,,,,,,primary,1.0,2.443
SAMN28495846,PRJNA838575,,,infant,365.0,,CA,,,,,,,primary,1.0,1.267
SAMN28495847,PRJNA838575,,,infant,365.0,,CA,,,,,,,primary,1.0,1.194
SAMN28495848,PRJNA838575,,,infant,91.0,,CA,,,,,,,primary,1.0,1.647
SAMN28495849,PRJNA838575,,,infant,91.0,,CA,,,,,,,primary,1.0,1.579
SAMN28495850,PRJNA838575,,,infant,365.0,,CA,,,,,,,primary,1.0,0.716
SAMN28495851,PRJNA838575,,,infant,365.0,,CA,,,,,,,primary,1.0,1.301
SAMN28495852,PRJNA838575,,,infant,91.0,,CA,,,,,,,primary,1.0,2.188
SAMN28495853,PRJNA838575,,,infant,91.0,,CA,,,,,,,primary,1.0,1.323
SAMN28495854,PRJNA838575,,,infant,91.0,,CA,,,,,,,primary,1.0,2.773
SAMN28495855,PRJNA838575,,,infant,365.0,,CA,,,,,,,primary,1.0,1.142
SAMN28495856,PRJNA838575,,,infant,91.0,,CA,,,,,,,primary,1.0,1.148
SAMN28495857,PRJNA838575,,,infant,365.0,,CA,,,,,,,primary,1.0,1.699
SAMN28495858,PRJNA838575,,,infant,91.0,,CA,,,,,,,primary,1.0,2.658
SAMN28495859,PRJNA838575,,,infant,365.0,,CA,,,,,,,primary,1.0,1.37
SAMN28495860,PRJNA838575,,,infant,365.0,,CA,,,,,,,primary,1.0,1.295
SAMN28495861,PRJNA838575,,,infant,365.0,,CA,,,,,,,primary,1.0,1.115
SAMN28495862,PRJNA838575,,,infant,365.0,,CA,,,,,,,primary,1.0,1.197
SAMN28495863,PRJNA838575,,,infant,91.0,,CA,,,,,,,primary,1.0,1.655
SAMN28495864,PRJNA838575,,,infant,365.0,,CA,,,,,,,primary,1.0,1.329
SAMN28495865,PRJNA838575,,,infant,91.0,,CA,,,,,,,primary,1.0,2.706
SAMN28495866,PRJNA838575,,,infant,365.0,,CA,,,,,,,primary,1.0,1.266
SAMN28495867,PRJNA838575,,,infant,91.0,,CA,,,,,,,primary,1.0,2.163
SAMN28495868,PRJNA838575,,,infant,365.0,,CA,,,,,,,primary,1.0,1.437
SAMN28495869,PRJNA838575,,,infant,91.0,,CA,,,,,,,primary,1.0,1.95
SAMN28495870,PRJNA838575,,,infant,91.0,,CA,,,,,,,primary,1.0,1.273
SAMN28495871,PRJNA838575,,,infant,365.0,,CA,,,,,,,primary,1.0,2.021
SAMN28495872,PRJNA838575,,,infant,91.0,,CA,,,,,,,primary,1.0,1.518
SAMN28495873,PRJNA838575,,,infant,365.0,,CA,,,,,,,primary,1.0,1.393
SAMN28495874,PRJNA838575,,,infant,91.0,,CA,,,,,,,primary,1.0,1.536
SAMN28495875,PRJNA838575,,,infant,91.0,,CA,,,,,,,primary,1.0,1.992
SAMN28495876,PRJNA838575,,,infant,91.0,,CA,,,,,,,primary,1.0,2.008
SAMN28495877,PRJNA838575,,,infant,365.0,,CA,,,,,,,primary,1.0,1.337
SAMN28495878,PRJNA838575,,,infant,365.0,,CA,,,,,,,primary,1.0,1.51
SAMN28495879,PRJNA838575,,,infant,365.0,,CA,,,,,,,primary,1.0,1.361
SAMN28495880,PRJNA838575,,,infant,365.0,,CA,,,,,,,primary,1.0,1.419
SAMN28495881,PRJNA838575,,,infant,91.0,,CA,,,,,,,primary,1.0,1.995
SAMN28495882,PRJNA838575,,,infant,365.0,,CA,,,,,,,primary,1.0,2.516
SAMN28495883,PRJNA838575,,,infant,91.0,,CA,,,,,,,primary,1.0,1.465
SAMN28495884,PRJNA838575,,,infant,91.0,,CA,,,,,,,primary,1.0,1.888
SAMN28495885,PRJNA838575,,,infant,91.0,,CA,,,,,,,primary,1.0,0.793
SAMN28495886,PRJNA838575,,,infant,365.0,,CA,,,,,,,primary,1.0,2.029
SAMN28495887,PRJNA838575,,,infant,365.0,,CA,,,,,,,primary,1.0,2.326
SAMN28495888,PRJNA838575,,,infant,365.0,,CA,,,,,,,primary,1.0,1.622
SAMN28495889,PRJNA838575,,,infant,365.0,,CA,,,,,,,primary,1.0,2.517
SAMN28495890,PRJNA838575,,,infant,91.0,,CA,,,,,,,primary,1.0,2.413
SAMN28495891,PRJNA838575,,,infant,91.0,,CA,,,,,,,primary,1.0,2.295
SAMN28495892,PRJNA838575,,,infant,91.0,,CA,,,,,,,primary,1.0,0.03
SAMN28495893,PRJNA838575,,,infant,365.0,,CA,,,,,,,primary,1.0,2.925
SAMN28495894,PRJNA838575,,,infant,91.0,,CA,,,,,,,primary,1.0,2.271
SAMN28495895,PRJNA838575,,,infant,365.0,,CA,,,,,,,primary,1.0,1.677
SAMN28495896,PRJNA838575,,,infant,365.0,,CA,,,,,,,primary,1.0,1.581
SAMN28495897,PRJNA838575,,,infant,365.0,,CA,,,,,,,primary,1.0,1.77
SAMN28495898,PRJNA838575,,,infant,365.0,,CA,,,,,,,primary,1.0,2.443
SAMN28495899,PRJNA838575,,,infant,91.0,,CA,,,,,,,primary,1.0,1.999
SAMN28495900,PRJNA838575,,,infant,91.0,,CA,,,,,,,primary,1.0,2.205
SAMN28495901,PRJNA838575,,,infant,365.0,,CA,,,,,,,primary,1.0,1.546
SAMN28495902,PRJNA838575,,,infant,365.0,,CA,,,,,,,primary,1.0,1.512
SAMN28495903,PRJNA838575,,,infant,365.0,,CA,,,,,,,primary,1.0,1.577
SAMN28495904,PRJNA838575,,,infant,91.0,,CA,,,,,,,primary,1.0,1.477
SAMN28495905,PRJNA838575,,,infant,91.0,,CA,,,,,,,primary,1.0,3.07
SAMN28495906,PRJNA838575,,,infant,91.0,,CA,,,,,,,primary,1.0,1.966
SAMN28495907,PRJNA838575,,,infant,365.0,,CA,,,,,,,primary,1.0,2.522
SAMN28495908,PRJNA838575,,,infant,91.0,,CA,,,,,,,primary,1.0,2.554
SAMN28495909,PRJNA838575,,,infant,365.0,,CA,,,,,,,primary,1.0,1.053
SAMN28495910,PRJNA838575,,,infant,91.0,,CA,,,,,,,primary,1.0,2.083
SAMN28495911,PRJNA838575,,,infant,91.0,,CA,,,,,,,primary,1.0,1.574
SAMN28495912,PRJNA838575,,,infant,91.0,,CA,,,,,,,primary,1.0,1.701
SAMN28495913,PRJNA838575,,,infant,365.0,,CA,,,,,,,primary,1.0,1.397
SAMN28495914,PRJNA838575,,,infant,91.0,,CA,,,,,,,primary,1.0,2.386
SAMN28495915,PRJNA838575,,,infant,365.0,,CA,,,,,,,primary,1.0,1.057
SAMN28495916,PRJNA838575,,,infant,365.0,,CA,,,,,,,primary,1.0,1.732
SAMN28495917,PRJNA838575,,,infant,365.0,,CA,,,,,,,primary,1.0,1.721
SAMN28495918,PRJNA838575,,,infant,365.0,,CA,,,,,,,primary,1.0,0.415
SAMN28495919,PRJNA838575,,,infant,91.0,,CA,,,,,,,primary,1.0,1.623
SAMN28495920,PRJNA838575,,,infant,365.0,,CA,,,,,,,primary,1.0,2.092
SAMN28495921,PRJNA838575,,,infant,91.0,,CA,,,,,,,primary,1.0,0.284
SAMN28495922,PRJNA838575,,,infant,365.0,,CA,,,,,,,primary,1.0,1.033
SAMN28495923,PRJNA838575,,,infant,91.0,,CA,,,,,,,primary,1.0,2.731
SAMN28495924,PRJNA838575,,,infant,365.0,,CA,,,,,,,primary,1.0,1.769
SAMN28495925,PRJNA838575,,,infant,365.0,,CA,,,,,,,primary,1.0,2.238
SAMN28495926,PRJNA838575,,,infant,91.0,,CA,,,,,,,primary,1.0,1.533
SAMN28495927,PRJNA838575,,,infant,91.0,,CA,,,,,,,primary,1.0,2.126
SAMN28495928,PRJNA838575,,,infant,365.0,,CA,,,,,,,primary,1.0,1.641
SAMN28495929,PRJNA838575,,,infant,91.0,,CA,,,,,,,primary,1.0,2.293
SAMN28495930,PRJNA838575,,,infant,91.0,,CA,,,,,,,primary,1.0,1.329
SAMN28495931,PRJNA838575,,,infant,91.0,,CA,,,,,,,primary,1.0,1.459
SAMN28495932,PRJNA838575,,,infant,91.0,,CA,,,,,,,primary,1.0,2.022
SAMN28495933,PRJNA838575,,,infant,365.0,,CA,,,,,,,primary,1.0,0.875
SAMN28495934,PRJNA838575,,,infant,365.0,,CA,,,,,,,primary,1.0,1.446
SAMN28495935,PRJNA838575,,,infant,91.0,,CA,,,,,,,primary,1.0,2.507
SAMN28495936,PRJNA838575,,,infant,91.0,,CA,,,,,,,primary,1.0,1.187
SAMN28495937,PRJNA838575,,,infant,365.0,,CA,,,,,,,primary,1.0,1.956
SAMN28495938,PRJNA838575,,,infant,91.0,,CA,,,,,,,primary,1.0,2.124
SAMN28495939,PRJNA838575,,,infant,365.0,,CA,,,,,,,primary,1.0,0.793
SAMN28495940,PRJNA838575,,,infant,365.0,,CA,,,,,,,primary,1.0,1.178
SAMN28495941,PRJNA838575,,,infant,91.0,,CA,,,,,,,primary,1.0,1.536
SAMN28495942,PRJNA838575,,,infant,365.0,,CA,,,,,,,primary,1.0,2.474
SAMN28495943,PRJNA838575,,,infant,91.0,,CA,,,,,,,primary,1.0,1.896
SAMN28495944,PRJNA838575,,,infant,365.0,,CA,,,,,,,primary,1.0,1.501
SAMN28495945,PRJNA838575,,,infant,365.0,,CA,,,,,,,primary,1.0,0.957
SAMN28495946,PRJNA838575,,,infant,365.0,,CA,,,,,,,primary,1.0,1.375
SAMN28495947,PRJNA838575,,,infant,91.0,,CA,,,,,,,primary,1.0,2.315
SAMN28495948,PRJNA838575,,,infant,365.0,,CA,,,,,,,primary,1.0,0.408
SAMN28495949,PRJNA838575,,,infant,365.0,,CA,,,,,,,primary,1.0,1.975
SAMN28495950,PRJNA838575,,,infant,91.0,,CA,,,,,,,primary,1.0,2.053
SAMN28495951,PRJNA838575,,,infant,365.0,,CA,,,,,,,primary,1.0,1.836
SAMN28495952,PRJNA838575,,,infant,365.0,,CA,,,,,,,primary,1.0,1.388
SAMN28495953,PRJNA838575,,,infant,365.0,,CA,,,,,,,primary,1.0,0.532
SAMN28495954,PRJNA838575,,,infant,91.0,,CA,,,,,,,primary,1.0,2.32
SAMN28495955,PRJNA838575,,,infant,91.0,,CA,,,,,,,primary,1.0,1.522
SAMN28495956,PRJNA838575,,,infant,365.0,,CA,,,,,,,primary,1.0,1.461
SAMN28495957,PRJNA838575,,,infant,91.0,,CA,,,,,,,primary,1.0,2.381
SAMN28495958,PRJNA838575,,,infant,91.0,,CA,,,,,,,primary,1.0,1.74
SAMN28495959,PRJNA838575,,,infant,365.0,,CA,,,,,,,primary,1.0,2.187
SAMN28495960,PRJNA838575,,,infant,365.0,,CA,,,,,,,primary,1.0,1.589
SAMN28495961,PRJNA838575,,,infant,365.0,,CA,,,,,,,primary,1.0,2.419
SAMN28495962,PRJNA838575,,,infant,91.0,,CA,,,,,,,primary,1.0,1.914
SAMN28495963,PRJNA838575,,,infant,365.0,,CA,,,,,,,primary,1.0,1.572
SAMN28495964,PRJNA838575,,,infant,365.0,,CA,,,,,,,primary,1.0,1.007
SAMN28495965,PRJNA838575,,,infant,91.0,,CA,,,,,,,primary,1.0,1.746
SAMN28495966,PRJNA838575,,,infant,91.0,,CA,,,,,,,primary,1.0,2.527
SAMN28495967,PRJNA838575,,,infant,91.0,,CA,,,,,,,primary,1.0,1.818
SAMN28495968,PRJNA838575,,,infant,91.0,,CA,,,,,,,primary,1.0,1.321
SAMN28495969,PRJNA838575,,,infant,91.0,,CA,,,,,,,primary,1.0,2.409
SAMN28495970,PRJNA838575,,,infant,365.0,,CA,,,,,,,primary,1.0,2.075
SAMN28495971,PRJNA838575,,,infant,91.0,,CA,,,,,,,primary,1.0,1.847
SAMN28495972,PRJNA838575,,,infant,91.0,,CA,,,,,,,primary,1.0,1.741
SAMN28495973,PRJNA838575,,,infant,365.0,,CA,,,,,,,primary,1.0,1.149
SAMN28495974,PRJNA838575,,,infant,365.0,,CA,,,,,,,primary,1.0,2.381
SAMN28495975,PRJNA838575,,,infant,91.0,,CA,,,,,,,primary,1.0,2.168
SAMN28495976,PRJNA838575,,,infant,365.0,,CA,,,,,,,primary,1.0,1.215
SAMN28495977,PRJNA838575,,,infant,365.0,,CA,,,,,,,primary,1.0,2.326
SAMN28495978,PRJNA838575,,,infant,91.0,,CA,,,,,,,primary,1.0,2.122
SAMN28495979,PRJNA838575,,,infant,91.0,,CA,,,,,,,primary,1.0,1.178
SAMN28495980,PRJNA838575,,,infant,91.0,,CA,,,,,,,primary,1.0,1.096
SAMN28495981,PRJNA838575,,,infant,365.0,,CA,,,,,,,primary,1.0,1.424
SAMN28495982,PRJNA838575,,,infant,365.0,,CA,,,,,,,primary,1.0,2.077
SAMN28495983,PRJNA838575,,,infant,365.0,,CA,,,,,,,primary,1.0,1.432
SAMN28495984,PRJNA838575,,,infant,91.0,,CA,,,,,,,primary,1.0,2.215
SAMN28495985,PRJNA838575,,,infant,91.0,,CA,,,,,,,primary,1.0,2.386
SAMN28495986,PRJNA838575,,,infant,91.0,,CA,,,,,,,primary,1.0,1.328
SAMN28495987,PRJNA838575,,,infant,365.0,,CA,,,,,,,primary,1.0,1.094
SAMN28495988,PRJNA838575,,,infant,365.0,,CA,,,,,,,primary,1.0,2.771
SAMN28495989,PRJNA838575,,,infant,91.0,,CA,,,,,,,primary,1.0,2.087
SAMN28495990,PRJNA838575,,,infant,365.0,,CA,,,,,,,primary,1.0,1.239
SAMN28495991,PRJNA838575,,,infant,365.0,,CA,,,,,,,primary,1.0,1.413
SAMN28495992,PRJNA838575,,,infant,365.0,,CA,,,,,,,primary,1.0,1.705
SAMN28495993,PRJNA838575,,,infant,365.0,,CA,,,,,,,primary,1.0,2.112
SAMN28495994,PRJNA838575,,,infant,365.0,,CA,,,,,,,primary,1.0,1.279
SAMN28495995,PRJNA838575,,,infant,365.0,,CA,,,,,,,primary,1.0,1.094
SAMN28495996,PRJNA838575,,,infant,91.0,,CA,,,,,,,primary,1.0,1.642
SAMN28495997,PRJNA838575,,,infant,91.0,,CA,,,,,,,primary,1.0,1.156
SAMN28495998,PRJNA838575,,,infant,365.0,,CA,,,,,,,primary,1.0,1.128
SAMN28495999,PRJNA838575,,,infant,365.0,,CA,,,,,,,primary,1.0,1.337
SAMN28496000,PRJNA838575,,,infant,365.0,,CA,,,,,,,primary,1.0,0.773
SAMN28496001,PRJNA838575,,,infant,91.0,,CA,,,,,,,primary,1.0,1.31
SAMN28496002,PRJNA838575,,,infant,365.0,,CA,,,,,,,primary,1.0,1.251
SAMN28496003,PRJNA838575,,,infant,91.0,,CA,,,,,,,primary,1.0,1.678
SAMN28496004,PRJNA838575,,,infant,365.0,,CA,,,,,,,primary,1.0,2.215
SAMN28496005,PRJNA838575,,,infant,365.0,,CA,,,,,,,primary,1.0,1.358
SAMN28496006,PRJNA838575,,,infant,91.0,,CA,,,,,,,primary,1.0,1.978
SAMN28496007,PRJNA838575,,,infant,365.0,,CA,,,,,,,primary,1.0,1.321
SAMN28496008,PRJNA838575,,,infant,365.0,,CA,,,,,,,primary,1.0,1.446
SAMN28496009,PRJNA838575,,,infant,365.0,,CA,,,,,,,primary,1.0,1.682
SAMN28496010,PRJNA838575,,,infant,91.0,,CA,,,,,,,primary,1.0,1.131
SAMN28496011,PRJNA838575,,,infant,365.0,,CA,,,,,,,primary,1.0,1.655
SAMN28496012,PRJNA838575,,,infant,91.0,,CA,,,,,,,primary,1.0,1.91
SAMN28496013,PRJNA838575,,,infant,365.0,,CA,,,,,,,primary,1.0,1.48
SAMN28496014,PRJNA838575,,,infant,365.0,,CA,,,,,,,primary,1.0,1.832
SAMN28496015,PRJNA838575,,,infant,365.0,,CA,,,,,,,primary,1.0,1.587
SAMN28496016,PRJNA838575,,,infant,91.0,,CA,,,,,,,primary,1.0,1.857
SAMN28496017,PRJNA838575,,,infant,365.0,,CA,,,,,,,primary,1.0,1.889
SAMN28496018,PRJNA838575,,,infant,91.0,,CA,,,,,,,primary,1.0,2.013
SAMN28496019,PRJNA838575,,,infant,365.0,,CA,,,,,,,primary,1.0,1.414
SAMN28496020,PRJNA838575,,,infant,91.0,,CA,,,,,,,primary,1.0,2.24
SAMN28496021,PRJNA838575,,,infant,365.0,,CA,,,,,,,primary,1.0,1.83
SAMN28496022,PRJNA838575,,,infant,365.0,,CA,,,,,,,primary,1.0,2.445
SAMN28496023,PRJNA838575,,,infant,91.0,,CA,,,,,,,primary,1.0,1.417
SAMN28496024,PRJNA838575,,,infant,365.0,,CA,,,,,,,primary,1.0,1.541
SAMN28496025,PRJNA838575,,,infant,365.0,,CA,,,,,,,primary,1.0,1.354
SAMN28496026,PRJNA838575,,,infant,365.0,,CA,,,,,,,primary,1.0,1.244
SAMN28496027,PRJNA838575,,,infant,91.0,,CA,,,,,,,primary,1.0,0.022
SAMN28496028,PRJNA838575,,,infant,365.0,,CA,,,,,,,primary,1.0,1.213
SAMN28496029,PRJNA838575,,,infant,91.0,,CA,,,,,,,primary,1.0,1.516
SAMN28496030,PRJNA838575,,,infant,91.0,,CA,,,,,,,primary,1.0,1.883
SAMN28496031,PRJNA838575,,,infant,365.0,,CA,,,,,,,primary,1.0,1.023
SAMN28496032,PRJNA838575,,,infant,91.0,,CA,,,,,,,primary,1.0,2.018
SAMN28496033,PRJNA838575,,,infant,365.0,,CA,,,,,,,primary,1.0,1.162
SAMN28496034,PRJNA838575,,,infant,91.0,,CA,,,,,,,primary,1.0,2.578
SAMN28496035,PRJNA838575,,,infant,91.0,,CA,,,,,,,primary,1.0,1.505
SAMN28496036,PRJNA838575,,,infant,365.0,,CA,,,,,,,primary,1.0,1.397
SAMN28496037,PRJNA838575,,,infant,365.0,,CA,,,,,,,primary,1.0,1.281
SAMN28496038,PRJNA838575,,,infant,365.0,,CA,,,,,,,primary,1.0,1.536
SAMN28496039,PRJNA838575,,,infant,365.0,,CA,,,,,,,primary,1.0,1.231
SAMN28496040,PRJNA838575,,,infant,91.0,,CA,,,,,,,primary,1.0,1.393
SAMN28496041,PRJNA838575,,,infant,365.0,,CA,,,,,,,primary,1.0,1.35
SAMN28496042,PRJNA838575,,,infant,91.0,,CA,,,,,,,primary,1.0,0.976
SAMN28496043,PRJNA838575,,,infant,365.0,,CA,,,,,,,primary,1.0,1.331
SAMN28496044,PRJNA838575,,,infant,365.0,,CA,,,,,,,primary,1.0,1.351
SAMN28496045,PRJNA838575,,,infant,365.0,,CA,,,,,,,primary,1.0,1.157
SAMN28496046,PRJNA838575,,,infant,365.0,,CA,,,,,,,primary,1.0,1.651
SAMN28496047,PRJNA838575,,,infant,91.0,,CA,,,,,,,primary,1.0,1.333
SAMN28496048,PRJNA838575,,,infant,365.0,,CA,,,,,,,primary,1.0,1.637
SAMN28496049,PRJNA838575,,,infant,91.0,,CA,,,,,,,primary,1.0,2.353
SAMN28496050,PRJNA838575,,,infant,91.0,,CA,,,,,,,primary,1.0,2.334
SAMN28496051,PRJNA838575,,,infant,365.0,,CA,,,,,,,primary,1.0,1.095
SAMN28496052,PRJNA838575,,,infant,365.0,,CA,,,,,,,primary,1.0,1.475
SAMN28496053,PRJNA838575,,,infant,365.0,,CA,,,,,,,primary,1.0,1.328
SAMN28496054,PRJNA838575,,,infant,91.0,,CA,,,,,,,primary,1.0,2.174
SAMN28496055,PRJNA838575,,,infant,91.0,,CA,,,,,,,primary,1.0,1.77
SAMN28496056,PRJNA838575,,,infant,365.0,,CA,,,,,,,primary,1.0,1.892
SAMN28496057,PRJNA838575,,,infant,91.0,,CA,,,,,,,primary,1.0,1.509
SAMN28496058,PRJNA838575,,,infant,91.0,,CA,,,,,,,primary,1.0,1.942
SAMN28496059,PRJNA838575,,,infant,91.0,,CA,,,,,,,primary,1.0,1.326
SAMN28496060,PRJNA838575,,,infant,365.0,,CA,,,,,,,primary,1.0,1.474
SAMN28496061,PRJNA838575,,,infant,91.0,,CA,,,,,,,primary,1.0,1.021
SAMN28496062,PRJNA838575,,,infant,365.0,,CA,,,,,,,primary,1.0,1.966
SAMN28496063,PRJNA838575,,,infant,91.0,,CA,,,,,,,primary,1.0,1.254
SAMN28496064,PRJNA838575,,,infant,91.0,,CA,,,,,,,primary,1.0,1.327
SAMN28496065,PRJNA838575,,,infant,91.0,,CA,,,,,,,primary,1.0,1.362
SAMN28496066,PRJNA838575,,,infant,365.0,,CA,,,,,,,primary,1.0,1.448
SAMN28496067,PRJNA838575,,,infant,91.0,,CA,,,,,,,primary,1.0,1.271
SAMN28496068,PRJNA838575,,,infant,365.0,,CA,,,,,,,primary,1.0,2.132
SAMN28496069,PRJNA838575,,,infant,91.0,,CA,,,,,,,primary,1.0,1.267
SAMN28496070,PRJNA838575,,,infant,365.0,,CA,,,,,,,primary,1.0,1.446
SAMN28496071,PRJNA838575,,,infant,365.0,,CA,,,,,,,primary,1.0,1.741
SAMN28496072,PRJNA838575,,,infant,91.0,,CA,,,,,,,primary,1.0,2.129
SAMN28496073,PRJNA838575,,,infant,91.0,,CA,,,,,,,primary,1.0,1.558
SAMN28496074,PRJNA838575,,,infant,91.0,,CA,,,,,,,primary,1.0,2.166
SAMN28496075,PRJNA838575,,,infant,365.0,,CA,,,,,,,primary,1.0,1.406
SAMN28496076,PRJNA838575,,,infant,91.0,,CA,,,,,,,primary,1.0,2.109
SAMN28496077,PRJNA838575,,,infant,365.0,,CA,,,,,,,primary,1.0,2.054
SAMN28496078,PRJNA838575,,,infant,365.0,,CA,,,,,,,primary,1.0,2.233
SAMN28496079,PRJNA838575,,,infant,365.0,,CA,,,,,,,primary,1.0,1.922
SAMN28496080,PRJNA838575,,,infant,91.0,,CA,,,,,,,primary,1.0,1.697
SAMN28496081,PRJNA838575,,,infant,365.0,,CA,,,,,,,primary,1.0,1.62
SAMN28496082,PRJNA838575,,,infant,91.0,,CA,,,,,,,primary,1.0,1.365
SAMN28496083,PRJNA838575,,,infant,91.0,,CA,,,,,,,primary,1.0,2.19
SAMN28496084,PRJNA838575,,,infant,91.0,,CA,,,,,,,primary,1.0,2.28
SAMN28496085,PRJNA838575,,,infant,91.0,,CA,,,,,,,primary,1.0,1.509
SAMN28496086,PRJNA838575,,,infant,91.0,,CA,,,,,,,primary,1.0,1.732
SAMN28496087,PRJNA838575,,,infant,91.0,,CA,,,,,,,primary,1.0,2.352
SAMN28496088,PRJNA838575,,,infant,91.0,,CA,,,,,,,primary,1.0,1.902
SAMN28496089,PRJNA838575,,,infant,91.0,,CA,,,,,,,primary,1.0,1.528
SAMN28496090,PRJNA838575,,,infant,365.0,,CA,,,,,,,primary,1.0,1.718
SAMN28496091,PRJNA838575,,,infant,365.0,,CA,,,,,,,primary,1.0,1.535
SAMN28496092,PRJNA838575,,,infant,91.0,,CA,,,,,,,primary,1.0,2.12
SAMN28496093,PRJNA838575,,,infant,365.0,,CA,,,,,,,primary,1.0,2.524
SAMN28496094,PRJNA838575,,,infant,91.0,,CA,,,,,,,primary,1.0,2.856
SAMN28496095,PRJNA838575,,,infant,91.0,,CA,,,,,,,primary,1.0,2.002
SAMN28496096,PRJNA838575,,,infant,91.0,,CA,,,,,,,primary,1.0,2.916
SAMN28496097,PRJNA838575,,,infant,91.0,,CA,,,,,,,primary,1.0,1.386
SAMN28496098,PRJNA838575,,,infant,365.0,,CA,,,,,,,primary,1.0,2.55
SAMN28496099,PRJNA838575,,,infant,91.0,,CA,,,,,,,primary,1.0,1.873
SAMN28496100,PRJNA838575,,,infant,91.0,,CA,,,,,,,primary,1.0,2.755
SAMN28496101,PRJNA838575,,,infant,91.0,,CA,,,,,,,primary,1.0,2.682
SAMN28496102,PRJNA838575,,,infant,365.0,,CA,,,,,,,primary,1.0,1.805
SAMN28496103,PRJNA838575,,,infant,365.0,,CA,,,,,,,primary,1.0,1.109
SAMN28496104,PRJNA838575,,,infant,365.0,,CA,,,,,,,primary,1.0,1.77
SAMN28496105,PRJNA838575,,,infant,91.0,,CA,,,,,,,primary,1.0,0.823
SAMN28496106,PRJNA838575,,,infant,365.0,,CA,,,,,,,primary,1.0,1.506
SAMN28496107,PRJNA838575,,,infant,91.0,,CA,,,,,,,primary,1.0,1.954
SAMN28496108,PRJNA838575,,,infant,365.0,,CA,,,,,,,primary,1.0,1.855
SAMN28496109,PRJNA838575,,,infant,91.0,,CA,,,,,,,primary,1.0,2.755
SAMN28496110,PRJNA838575,,,infant,365.0,,CA,,,,,,,primary,1.0,2.443
SAMN28496111,PRJNA838575,,,infant,91.0,,CA,,,,,,,primary,1.0,1.322
SAMN28496112,PRJNA838575,,,infant,91.0,,CA,,,,,,,primary,1.0,1.121
SAMN28496113,PRJNA838575,,,infant,365.0,,CA,,,,,,,primary,1.0,0.84
SAMN28496114,PRJNA838575,,,infant,91.0,,CA,,,,,,,primary,1.0,2.477
SAMN28496115,PRJNA838575,,,infant,91.0,,CA,,,,,,,primary,1.0,1.777
SAMN28496116,PRJNA838575,,,infant,365.0,,CA,,,,,,,primary,1.0,1.536
SAMN28496117,PRJNA838575,,,infant,91.0,,CA,,,,,,,primary,1.0,3.179
SAMN28496118,PRJNA838575,,,infant,365.0,,CA,,,,,,,primary,1.0,1.305
SAMN28496119,PRJNA838575,,,infant,91.0,,CA,,,,,,,primary,1.0,0.116
SAMN28496120,PRJNA838575,,,infant,365.0,,CA,,,,,,,primary,1.0,1.407
SAMN28496121,PRJNA838575,,,infant,91.0,,CA,,,,,,,primary,1.0,2.63
SAMN28496122,PRJNA838575,,,infant,365.0,,CA,,,,,,,primary,1.0,1.467
SAMN28496123,PRJNA838575,,,infant,91.0,,CA,,,,,,,primary,1.0,1.605
SAMN28496124,PRJNA838575,,,infant,91.0,,CA,,,,,,,primary,1.0,1.506
SAMN28496125,PRJNA838575,,,infant,91.0,,CA,,,,,,,primary,1.0,2.695
SAMN28496126,PRJNA838575,,,infant,91.0,,CA,,,,,,,primary,1.0,1.479
SAMN28496127,PRJNA838575,,,infant,91.0,,CA,,,,,,,primary,1.0,1.713
SAMN28496128,PRJNA838575,,,infant,91.0,,CA,,,,,,,primary,1.0,2.103
SAMN28496129,PRJNA838575,,,infant,91.0,,CA,,,,,,,primary,1.0,2.512
SAMN28496130,PRJNA838575,,,infant,91.0,,CA,,,,,,,primary,1.0,0.882
SAMN28496131,PRJNA838575,,,infant,365.0,,CA,,,,,,,primary,1.0,2.956
SAMN28496132,PRJNA838575,,,infant,91.0,,CA,,,,,,,primary,1.0,1.29
SAMN28496133,PRJNA838575,,,infant,91.0,,CA,,,,,,,primary,1.0,1.079
SAMN28496134,PRJNA838575,,,infant,365.0,,CA,,,,,,,primary,1.0,2.918
SAMN28496135,PRJNA838575,,,infant,91.0,,CA,,,,,,,primary,1.0,1.596
SAMN28496136,PRJNA838575,,,infant,91.0,,CA,,,,,,,primary,1.0,0.366
SAMN28496137,PRJNA838575,,,infant,91.0,,CA,,,,,,,primary,1.0,1.533
SAMN28496138,PRJNA838575,,,infant,365.0,,CA,,,,,,,primary,1.0,1.261
SAMN28496139,PRJNA838575,,,infant,365.0,,CA,,,,,,,primary,1.0,2.112
SAMN28496140,PRJNA838575,,,infant,365.0,,CA,,,,,,,primary,1.0,1.648
SAMN28496141,PRJNA838575,,,infant,365.0,,CA,,,,,,,primary,1.0,1.777
SAMN28496142,PRJNA838575,,,infant,365.0,,CA,,,,,,,primary,1.0,1.191
SAMN28496143,PRJNA838575,,,infant,91.0,,CA,,,,,,,primary,1.0,2.004
SAMN28496144,PRJNA838575,,,infant,365.0,,CA,,,,,,,primary,1.0,1.552
SAMN28496145,PRJNA838575,,,infant,91.0,,CA,,,,,,,primary,1.0,3.233
SAMN28496146,PRJNA838575,,,infant,91.0,,CA,,,,,,,primary,1.0,1.485
SAMN28496147,PRJNA838575,,,infant,365.0,,CA,,,,,,,primary,1.0,1.273
SAMN28496148,PRJNA838575,,,infant,365.0,,CA,,,,,,,primary,1.0,0.871
SAMN28496149,PRJNA838575,,,infant,365.0,,CA,,,,,,,primary,1.0,2.07
SAMN28496150,PRJNA838575,,,infant,365.0,,CA,,,,,,,primary,1.0,1.907
SAMN28496151,PRJNA838575,,,infant,91.0,,CA,,,,,,,primary,1.0,1.922
SAMN28496152,PRJNA838575,,,infant,365.0,,CA,,,,,,,primary,1.0,2.136
SAMN28496153,PRJNA838575,,,infant,365.0,,CA,,,,,,,primary,1.0,1.259
SAMN28496154,PRJNA838575,,,infant,365.0,,CA,,,,,,,primary,1.0,1.544
SAMN28496155,PRJNA838575,,,infant,91.0,,CA,,,,,,,primary,1.0,1.697
SAMN28496156,PRJNA838575,,,infant,91.0,,CA,,,,,,,primary,1.0,1.558
SAMN28496157,PRJNA838575,,,infant,365.0,,CA,,,,,,,primary,1.0,1.008
SAMN28496158,PRJNA838575,,,infant,91.0,,CA,,,,,,,primary,1.0,2.254
SAMN28496159,PRJNA838575,,,infant,91.0,,CA,,,,,,,primary,1.0,2.313
SAMN28496160,PRJNA838575,,,infant,91.0,,CA,,,,,,,primary,1.0,2.81
SAMN28496161,PRJNA838575,,,infant,91.0,,CA,,,,,,,primary,1.0,1.892
SAMN28496162,PRJNA838575,,,infant,365.0,,CA,,,,,,,primary,1.0,0.833
SAMN28496163,PRJNA838575,,,infant,91.0,,CA,,,,,,,primary,1.0,1.4
SAMN28496164,PRJNA838575,,,infant,91.0,,CA,,,,,,,primary,1.0,1.282
SAMN28496165,PRJNA838575,,,infant,365.0,,CA,,,,,,,primary,1.0,1.663
SAMN28496166,PRJNA838575,,,infant,365.0,,CA,,,,,,,primary,1.0,2.534
SAMN28496167,PRJNA838575,,,infant,91.0,,CA,,,,,,,primary,1.0,1.903
SAMN28496168,PRJNA838575,,,infant,365.0,,CA,,,,,,,primary,1.0,1.983
SAMN28496169,PRJNA838575,,,infant,91.0,,CA,,,,,,,primary,1.0,1.711
SAMN28496170,PRJNA838575,,,infant,91.0,,CA,,,,,,,primary,1.0,1.482
SAMN28496171,PRJNA838575,,,infant,365.0,,CA,,,,,,,primary,1.0,1.526
SAMN28496172,PRJNA838575,,,infant,91.0,,CA,,,,,,,primary,1.0,1.431
SAMN28496173,PRJNA838575,,,infant,365.0,,CA,,,,,,,primary,1.0,1.682
SAMN28496174,PRJNA838575,,,infant,91.0,,CA,,,,,,,primary,1.0,1.833
SAMN28496175,PRJNA838575,,,infant,91.0,,CA,,,,,,,primary,1.0,1.657
SAMN28496176,PRJNA838575,,,infant,365.0,,CA,,,,,,,primary,1.0,1.676
SAMN28496177,PRJNA838575,,,infant,91.0,,CA,,,,,,,primary,1.0,0.936
SAMN28496178,PRJNA838575,,,infant,365.0,,CA,,,,,,,primary,1.0,0.713
SAMN28496179,PRJNA838575,,,infant,365.0,,CA,,,,,,,primary,1.0,2.019
SAMN28496180,PRJNA838575,,,infant,365.0,,CA,,,,,,,primary,1.0,1.486
SAMN28496181,PRJNA838575,,,infant,91.0,,CA,,,,,,,primary,1.0,2.325
SAMN28496182,PRJNA838575,,,infant,365.0,,CA,,,,,,,primary,1.0,1.489
SAMN28496183,PRJNA838575,,,infant,365.0,,CA,,,,,,,primary,1.0,1.377
SAMN28496184,PRJNA838575,,,infant,365.0,,CA,,,,,,,primary,1.0,2.274
SAMN28496185,PRJNA838575,,,infant,365.0,,CA,,,,,,,primary,1.0,1.246
SAMN28496186,PRJNA838575,,,infant,365.0,,CA,,,,,,,primary,1.0,1.836
SAMN28496187,PRJNA838575,,,infant,365.0,,CA,,,,,,,primary,1.0,1.325
SAMN28496188,PRJNA838575,,,infant,365.0,,CA,,,,,,,primary,1.0,1.646
SAMN28496189,PRJNA838575,,,infant,365.0,,CA,,,,,,,primary,1.0,3.318
SAMN28496190,PRJNA838575,,,infant,365.0,,CA,,,,,,,primary,1.0,0.992
SAMN28496191,PRJNA838575,,,infant,365.0,,CA,,,,,,,primary,1.0,2.509
SAMN28496192,PRJNA838575,,,infant,365.0,,CA,,,,,,,primary,1.0,0.836
SAMN28496193,PRJNA838575,,,infant,365.0,,CA,,,,,,,primary,1.0,1.976
SAMN28496194,PRJNA838575,,,infant,365.0,,CA,,,,,,,primary,1.0,1.249
SAMN28496195,PRJNA838575,,,infant,365.0,,CA,,,,,,,primary,1.0,1.682
SAMN28496196,PRJNA838575,,,infant,365.0,,CA,,,,,,,primary,1.0,1.487
SAMN28496197,PRJNA838575,,,infant,365.0,,CA,,,,,,,primary,1.0,1.082
SAMN28496198,PRJNA838575,,,infant,365.0,,CA,,,,,,,primary,1.0,1.073
SAMN28496199,PRJNA838575,,,infant,365.0,,CA,,,,,,,primary,1.0,0.744
SAMN28496200,PRJNA838575,,,infant,365.0,,CA,,,,,,,primary,1.0,0.603
SAMN28496201,PRJNA838575,,,infant,365.0,,CA,,,,,,,primary,1.0,1.645
SAMN28496202,PRJNA838575,,,infant,365.0,,CA,,,,,,,primary,1.0,0.727
SAMN28496203,PRJNA838575,,,infant,365.0,,CA,,,,,,,primary,1.0,0.862
SAMN28496204,PRJNA838575,,,infant,365.0,,CA,,,,,,,primary,1.0,1.226
SAMN28496205,PRJNA838575,,,infant,365.0,,CA,,,,,,,primary,1.0,2.049
SAMN28496206,PRJNA838575,,,infant,365.0,,CA,,,,,,,primary,1.0,1.902
SAMN28496207,PRJNA838575,,,infant,365.0,,CA,,,,,,,primary,1.0,1.687
SAMN28496208,PRJNA838575,,,infant,365.0,,CA,,,,,,,primary,1.0,1.817
SAMN28496209,PRJNA838575,,,infant,365.0,,CA,,,,,,,primary,1.0,0.992
SAMN28496210,PRJNA838575,,,infant,365.0,,CA,,,,,,,primary,1.0,1.378
SAMN28496211,PRJNA838575,,,infant,365.0,,CA,,,,,,,primary,1.0,1.358
SAMN28496212,PRJNA838575,,,infant,365.0,,CA,,,,,,,primary,1.0,0.79
SAMN28496213,PRJNA838575,,,infant,365.0,,CA,,,,,,,primary,1.0,1.631
SAMN28496214,PRJNA838575,,,infant,365.0,,CA,,,,,,,primary,1.0,1.143
SAMN28496215,PRJNA838575,,,infant,365.0,,CA,,,,,,,primary,1.0,1.848
SAMN28496216,PRJNA838575,,,infant,365.0,,CA,,,,,,,primary,1.0,1.492
SAMN28496217,PRJNA838575,,,infant,365.0,,CA,,,,,,,primary,1.0,0.691
SAMN28496218,PRJNA838575,,,infant,365.0,,CA,,,,,,,primary,1.0,1.256
SAMN28496219,PRJNA838575,,,infant,365.0,,CA,,,,,,,primary,1.0,1.296
SAMN28496220,PRJNA838575,,,infant,365.0,,CA,,,,,,,primary,1.0,1.502
SAMN28496221,PRJNA838575,,,infant,365.0,,CA,,,,,,,primary,1.0,1.091
SAMN28496222,PRJNA838575,,,infant,365.0,,CA,,,,,,,primary,1.0,1.686
SAMN28496223,PRJNA838575,,,infant,365.0,,CA,,,,,,,primary,1.0,1.371
SAMN28496224,PRJNA838575,,,infant,365.0,,CA,,,,,,,primary,1.0,1.863
SAMN28496225,PRJNA838575,,,infant,365.0,,CA,,,,,,,primary,1.0,1.886
SAMN28496226,PRJNA838575,,,infant,365.0,,CA,,,,,,,primary,1.0,2.306
SAMN28496227,PRJNA838575,,,infant,365.0,,CA,,,,,,,primary,1.0,1.924
SAMN28496228,PRJNA838575,,,infant,365.0,,CA,,,,,,,primary,1.0,1.272
SAMN28496229,PRJNA838575,,,infant,365.0,,CA,,,,,,,primary,1.0,2.165
SAMN28496230,PRJNA838575,,,infant,365.0,,CA,,,,,,,primary,1.0,1.056
SAMN28496231,PRJNA838575,,,infant,365.0,,CA,,,,,,,primary,1.0,1.345
SAMN28496232,PRJNA838575,,,infant,365.0,,CA,,,,,,,primary,1.0,1.426
SAMN28496233,PRJNA838575,,,infant,365.0,,CA,,,,,,,primary,1.0,1.434
SAMN28496234,PRJNA838575,,,infant,365.0,,CA,,,,,,,primary,1.0,1.553
SAMN28496235,PRJNA838575,,,infant,365.0,,CA,,,,,,,primary,1.0,0.37
SAMN28496236,PRJNA838575,,,infant,365.0,,CA,,,,,,,primary,1.0,0.783
SAMN28496237,PRJNA838575,,,infant,365.0,,CA,,,,,,,primary,1.0,2.501
SAMN28496238,PRJNA838575,,,infant,365.0,,CA,,,,,,,primary,1.0,1.264
SAMN28496239,PRJNA838575,,,infant,365.0,,CA,,,,,,,primary,1.0,1.52
SAMN28496240,PRJNA838575,,,infant,365.0,,CA,,,,,,,primary,1.0,1.045
SAMN28496241,PRJNA838575,,,infant,365.0,,CA,,,,,,,primary,1.0,1.512
SAMN28496242,PRJNA838575,,,infant,365.0,,CA,,,,,,,primary,1.0,0.436
SAMN28496243,PRJNA838575,,,infant,365.0,,CA,,,,,,,primary,1.0,1.344
SAMN28496244,PRJNA838575,,,infant,365.0,,CA,,,,,,,primary,1.0,1.088
SAMN28496245,PRJNA838575,,,infant,365.0,,CA,,,,,,,primary,1.0,1.727
SAMN28496246,PRJNA838575,,,infant,365.0,,CA,,,,,,,primary,1.0,1.714
SAMN28496247,PRJNA838575,,,infant,365.0,,CA,,,,,,,primary,1.0,1.401
SAMN28496248,PRJNA838575,,,infant,365.0,,CA,,,,,,,primary,1.0,0.911
SAMN28496249,PRJNA838575,,,infant,365.0,,CA,,,,,,,primary,1.0,1.408
SAMN28496250,PRJNA838575,,,infant,365.0,,CA,,,,,,,primary,1.0,1.37
SAMN28496251,PRJNA838575,,,infant,365.0,,CA,,,,,,,primary,1.0,1.065
SAMN28496252,PRJNA838575,,,infant,365.0,,CA,,,,,,,primary,1.0,1.318
SAMN28496253,PRJNA838575,,,infant,365.0,,CA,,,,,,,primary,1.0,2.298
SAMN28496254,PRJNA838575,,,infant,365.0,,CA,,,,,,,primary,1.0,1.464
SAMN28496255,PRJNA838575,,,infant,365.0,,CA,,,,,,,primary,1.0,1.763
SAMN28496256,PRJNA838575,,,infant,365.0,,CA,,,,,,,primary,1.0,1.35
SAMN28496257,PRJNA838575,,,infant,365.0,,CA,,,,,,,primary,1.0,1.747
SAMN28496258,PRJNA838575,,,infant,365.0,,CA,,,,,,,primary,1.0,2.222
SAMN28496259,PRJNA838575,,,infant,365.0,,CA,,,,,,,primary,1.0,1.568
SAMN28496260,PRJNA838575,,,infant,365.0,,CA,,,,,,,primary,1.0,1.115
SAMN28496261,PRJNA838575,,,infant,365.0,,CA,,,,,,,primary,1.0,1.429
SAMN28496262,PRJNA838575,,,infant,365.0,,CA,,,,,,,primary,1.0,1.513
SAMN28496263,PRJNA838575,,,infant,365.0,,CA,,,,,,,primary,1.0,1.14
SAMN28496264,PRJNA838575,,,infant,365.0,,CA,,,,,,,primary,1.0,1.535
SAMN28496265,PRJNA838575,,,infant,365.0,,CA,,,,,,,primary,1.0,1.145
SAMN28496266,PRJNA838575,,,infant,365.0,,CA,,,,,,,primary,1.0,1.367
SAMN28496267,PRJNA838575,,,infant,365.0,,CA,,,,,,,primary,1.0,2.033
SAMN28496268,PRJNA838575,,,infant,365.0,,CA,,,,,,,primary,1.0,1.262
SAMN28496269,PRJNA838575,,,infant,365.0,,CA,,,,,,,primary,1.0,1.786
SAMN28496270,PRJNA838575,,,infant,365.0,,CA,,,,,,,primary,1.0,0.639
SAMN28496271,PRJNA838575,,,infant,365.0,,CA,,,,,,,primary,1.0,2.504
SAMN28496272,PRJNA838575,,,infant,365.0,,CA,,,,,,,primary,1.0,0.679
SAMN28496273,PRJNA838575,,,infant,365.0,,CA,,,,,,,primary,1.0,1.747
SAMN28496274,PRJNA838575,,,infant,365.0,,CA,,,,,,,primary,1.0,1.779
SAMN28496275,PRJNA838575,,,infant,365.0,,CA,,,,,,,primary,1.0,1.461
SAMN28496276,PRJNA838575,,,infant,365.0,,CA,,,,,,,primary,1.0,1.296
SAMN28496277,PRJNA838575,,,infant,365.0,,CA,,,,,,,primary,1.0,1.651
SAMN28496278,PRJNA838575,,,infant,365.0,,CA,,,,,,,primary,1.0,0.859
SAMN28496279,PRJNA838575,,,infant,365.0,,CA,,,,,,,primary,1.0,1.738
SAMN28496280,PRJNA838575,,,infant,365.0,,CA,,,,,,,primary,1.0,2.128
SAMN28496281,PRJNA838575,,,infant,365.0,,CA,,,,,,,primary,1.0,1.041
SAMN28496282,PRJNA838575,,,infant,365.0,,CA,,,,,,,primary,1.0,2.38
SAMN28496283,PRJNA838575,,,infant,365.0,,CA,,,,,,,primary,1.0,0.928
SAMN28496284,PRJNA838575,,,infant,365.0,,CA,,,,,,,primary,1.0,2.254
SAMN28496285,PRJNA838575,,,infant,365.0,,CA,,,,,,,primary,1.0,1.451
SAMN28496286,PRJNA838575,,,infant,365.0,,CA,,,,,,,primary,1.0,1.7
SAMN28496287,PRJNA838575,,,infant,365.0,,CA,,,,,,,primary,1.0,1.784
SAMN28496288,PRJNA838575,,,infant,365.0,,CA,,,,,,,primary,1.0,1.043
SAMN28496289,PRJNA838575,,,infant,365.0,,CA,,,,,,,primary,1.0,1.547
SAMN28496290,PRJNA838575,,,infant,365.0,,CA,,,,,,,primary,1.0,1.075
SAMN28496291,PRJNA838575,,,infant,365.0,,CA,,,,,,,primary,1.0,1.2
SAMN28496292,PRJNA838575,,,infant,365.0,,CA,,,,,,,primary,1.0,1.249
SAMN28496293,PRJNA838575,,,infant,365.0,,CA,,,,,,,primary,1.0,1.179
SAMN28496294,PRJNA838575,,,infant,365.0,,CA,,,,,,,primary,1.0,1.512
SAMN28496295,PRJNA838575,,,infant,365.0,,CA,,,,,,,primary,1.0,1.668
SAMN28496296,PRJNA838575,,,infant,365.0,,CA,,,,,,,primary,1.0,1.692
SAMN28496297,PRJNA838575,,,infant,365.0,,CA,,,,,,,primary,1.0,1.619
SAMN28496298,PRJNA838575,,,infant,365.0,,CA,,,,,,,primary,1.0,2.181
SAMN28496299,PRJNA838575,,,infant,365.0,,CA,,,,,,,primary,1.0,1.931
SAMN28496300,PRJNA838575,,,infant,365.0,,CA,,,,,,,primary,1.0,1.238
SAMN28496301,PRJNA838575,,,infant,365.0,,CA,,,,,,,primary,1.0,1.623
SAMN28496302,PRJNA838575,,,infant,365.0,,CA,,,,,,,primary,1.0,1.06
SAMN28496303,PRJNA838575,,,infant,365.0,,CA,,,,,,,primary,1.0,1.259
SAMN28496304,PRJNA838575,,,infant,365.0,,CA,,,,,,,primary,1.0,1.814
SAMN28496305,PRJNA838575,,,infant,365.0,,CA,,,,,,,primary,1.0,2.713
SAMN28496306,PRJNA838575,,,infant,365.0,,CA,,,,,,,primary,1.0,0.906
SAMN28496307,PRJNA838575,,,infant,365.0,,CA,,,,,,,primary,1.0,1.567
SAMN28496308,PRJNA838575,,,infant,365.0,,CA,,,,,,,primary,1.0,2.164
SAMN28496309,PRJNA838575,,,infant,365.0,,CA,,,,,,,primary,1.0,1.554
SAMN28496310,PRJNA838575,,,infant,365.0,,CA,,,,,,,primary,1.0,1.702
SAMN28496311,PRJNA838575,,,infant,365.0,,CA,,,,,,,primary,1.0,1.149
SAMN28496312,PRJNA838575,,,infant,365.0,,CA,,,,,,,primary,1.0,1.352
SAMN28496313,PRJNA838575,,,infant,365.0,,CA,,,,,,,primary,1.0,3.052
SAMN28496314,PRJNA838575,,,infant,365.0,,CA,,,,,,,primary,1.0,2.336
SAMN28496315,PRJNA838575,,,infant,365.0,,CA,,,,,,,primary,1.0,1.642
SAMN28496316,PRJNA838575,,,infant,365.0,,CA,,,,,,,primary,1.0,1.944
SAMN28496317,PRJNA838575,,,infant,365.0,,CA,,,,,,,primary,1.0,1.8
SAMN28496318,PRJNA838575,,,infant,365.0,,CA,,,,,,,primary,1.0,1.819
SAMN28496319,PRJNA838575,,,infant,365.0,,CA,,,,,,,primary,1.0,1.264
SAMN28496320,PRJNA838575,,,infant,365.0,,CA,,,,,,,primary,1.0,1.372
SAMN28496321,PRJNA838575,,,infant,365.0,,CA,,,,,,,primary,1.0,1.235
SAMN28496322,PRJNA838575,,,infant,365.0,,CA,,,,,,,primary,1.0,1.673
SAMN28496323,PRJNA838575,,,infant,365.0,,CA,,,,,,,primary,1.0,1.72
SAMN28496324,PRJNA838575,,,infant,365.0,,CA,,,,,,,primary,1.0,1.013
SAMN28496325,PRJNA838575,,,infant,365.0,,CA,,,,,,,primary,1.0,1.378
SAMN28496326,PRJNA838575,,,infant,365.0,,CA,,,,,,,primary,1.0,3.593
SAMN28496327,PRJNA838575,,,infant,365.0,,CA,,,,,,,primary,1.0,1.508
SAMN28496328,PRJNA838575,,,infant,365.0,,CA,,,,,,,primary,1.0,0.032
SAMN28496329,PRJNA838575,,,infant,365.0,,CA,,,,,,,primary,1.0,1.583
SAMN28496330,PRJNA838575,,,infant,365.0,,CA,,,,,,,primary,1.0,3.324
SAMN28496331,PRJNA838575,,,infant,365.0,,CA,,,,,,,primary,1.0,2.179
SAMN28496332,PRJNA838575,,,infant,365.0,,CA,,,,,,,primary,1.0,0.053
SAMN28496333,PRJNA838575,,,infant,365.0,,CA,,,,,,,primary,1.0,1.937
SAMN28496334,PRJNA838575,,,infant,365.0,,CA,,,,,,,primary,1.0,2.406
SAMN28496335,PRJNA838575,,,infant,365.0,,CA,,,,,,,primary,1.0,1.248
SAMN28496336,PRJNA838575,,,infant,365.0,,CA,,,,,,,primary,1.0,2.026
SAMN28496337,PRJNA838575,,,infant,365.0,,CA,,,,,,,primary,1.0,1.533
SAMN28496338,PRJNA838575,,,infant,365.0,,CA,,,,,,,primary,1.0,2.666
SAMN28496339,PRJNA838575,,,infant,365.0,,CA,,,,,,,primary,1.0,1.637
SAMN28496340,PRJNA838575,,,infant,365.0,,CA,,,,,,,primary,1.0,1.574
SAMN28496341,PRJNA838575,,,infant,365.0,,CA,,,,,,,primary,1.0,0.284
SAMN28496342,PRJNA838575,,,infant,365.0,,CA,,,,,,,primary,1.0,1.398
SAMN28496343,PRJNA838575,,,infant,365.0,,CA,,,,,,,primary,1.0,1.767
SAMN28496344,PRJNA838575,,,infant,365.0,,CA,,,,,,,primary,1.0,1.208
SAMN28496345,PRJNA838575,,,infant,365.0,,CA,,,,,,,primary,1.0,1.523
SAMN28496346,PRJNA838575,,,infant,365.0,,CA,,,,,,,primary,1.0,1.951
SAMN28496347,PRJNA838575,,,infant,365.0,,CA,,,,,,,primary,1.0,1.86
SAMN28496348,PRJNA838575,,,infant,365.0,,CA,,,,,,,primary,1.0,1.927
SAMN28496349,PRJNA838575,,,infant,365.0,,CA,,,,,,,primary,1.0,0.893
SAMN28496350,PRJNA838575,,,infant,365.0,,CA,,,,,,,primary,1.0,1.572
SAMN28496351,PRJNA838575,,,infant,365.0,,CA,,,,,,,primary,1.0,1.657
SAMN28496352,PRJNA838575,,,infant,365.0,,CA,,,,,,,primary,1.0,1.965
SAMN28496353,PRJNA838575,,,infant,365.0,,CA,,,,,,,primary,1.0,1.327
SAMN28496354,PRJNA838575,,,infant,365.0,,CA,,,,,,,primary,1.0,1.49
SAMN28496355,PRJNA838575,,,infant,365.0,,CA,,,,,,,primary,1.0,1.217
SAMN28496356,PRJNA838575,,,infant,365.0,,CA,,,,,,,primary,1.0,1.125
SAMN28496357,PRJNA838575,,,infant,365.0,,CA,,,,,,,primary,1.0,0.973
SAMN28496358,PRJNA838575,,,infant,365.0,,CA,,,,,,,primary,1.0,1.16
SAMN28496359,PRJNA838575,,,infant,365.0,,CA,,,,,,,primary,1.0,1.176
SAMN28496360,PRJNA838575,,,infant,365.0,,CA,,,,,,,primary,1.0,3.15
SAMN28496361,PRJNA838575,,,infant,365.0,,CA,,,,,,,primary,1.0,1.57
SAMN28496362,PRJNA838575,,,infant,365.0,,CA,,,,,,,primary,1.0,1.595
SAMN28496363,PRJNA838575,,,infant,365.0,,CA,,,,,,,primary,1.0,1.31
SAMN28496364,PRJNA838575,,,infant,365.0,,CA,,,,,,,primary,1.0,1.483
SAMN28496365,PRJNA838575,,,infant,365.0,,CA,,,,,,,primary,1.0,1.255
SAMN28496366,PRJNA838575,,,infant,365.0,,CA,,,,,,,primary,1.0,1.313
SAMN28496367,PRJNA838575,,,infant,365.0,,CA,,,,,,,primary,1.0,2.421
SAMN28496368,PRJNA838575,,,infant,365.0,,CA,,,,,,,primary,1.0,1.373
SAMN28496369,PRJNA838575,,,infant,365.0,,CA,,,,,,,primary,1.0,1.565
SAMN28496370,PRJNA838575,,,infant,365.0,,CA,,,,,,,primary,1.0,1.754
SAMN28496371,PRJNA838575,,,infant,365.0,,CA,,,,,,,primary,1.0,1.79
SAMN28496372,PRJNA838575,,,infant,365.0,,CA,,,,,,,primary,1.0,0.038
SAMN28496373,PRJNA838575,,,infant,365.0,,CA,,,,,,,primary,1.0,1.158
SAMN28496374,PRJNA838575,,,infant,365.0,,CA,,,,,,,primary,1.0,1.212
SAMN28496375,PRJNA838575,,,infant,365.0,,CA,,,,,,,primary,1.0,1.425
SAMN28496376,PRJNA838575,,,infant,365.0,,CA,,,,,,,primary,1.0,1.163
SAMN28496377,PRJNA838575,,,infant,365.0,,CA,,,,,,,primary,1.0,1.342
SAMN28496378,PRJNA838575,,,infant,365.0,,CA,,,,,,,primary,1.0,1.45
SAMN28496379,PRJNA838575,,,infant,365.0,,CA,,,,,,,primary,1.0,1.414
SAMN28496380,PRJNA838575,,,infant,365.0,,CA,,,,,,,primary,1.0,1.755
SAMN28496381,PRJNA838575,,,infant,365.0,,CA,,,,,,,primary,1.0,1.039
SAMN28496382,PRJNA838575,,,infant,365.0,,CA,,,,,,,primary,1.0,1.285
SAMN28496383,PRJNA838575,,,infant,365.0,,CA,,,,,,,primary,1.0,1.607
SAMN28496384,PRJNA838575,,,infant,365.0,,CA,,,,,,,primary,1.0,2.044
SAMN28496385,PRJNA838575,,,infant,365.0,,CA,,,,,,,primary,1.0,1.35
SAMN28496386,PRJNA838575,,,infant,365.0,,CA,,,,,,,primary,1.0,1.1
SAMN28496387,PRJNA838575,,,infant,365.0,,CA,,,,,,,primary,1.0,1.061
SAMN28496388,PRJNA838575,,,infant,365.0,,CA,,,,,,,primary,1.0,0.66
SAMN28496389,PRJNA838575,,,infant,365.0,,CA,,,,,,,primary,1.0,1.743
SAMN28496390,PRJNA838575,,,infant,365.0,,CA,,,,,,,primary,1.0,2.456
SAMN28496391,PRJNA838575,,,infant,365.0,,CA,,,,,,,primary,1.0,1.606
SAMN28496392,PRJNA838575,,,infant,365.0,,CA,,,,,,,primary,1.0,0.263
SAMN28496393,PRJNA838575,,,infant,365.0,,CA,,,,,,,primary,1.0,1.466
SAMN28496394,PRJNA838575,,,infant,365.0,,CA,,,,,,,primary,1.0,1.909
SAMN28496395,PRJNA838575,,,infant,365.0,,CA,,,,,,,primary,1.0,1.47
SAMN28496396,PRJNA838575,,,infant,365.0,,CA,,,,,,,primary,1.0,1.231
SAMN28496397,PRJNA838575,,,infant,365.0,,CA,,,,,,,primary,1.0,1.594
SAMN28496398,PRJNA838575,,,infant,365.0,,CA,,,,,,,primary,1.0,1.628
SAMN28496399,PRJNA838575,,,infant,365.0,,CA,,,,,,,primary,1.0,1.362
SAMN28496400,PRJNA838575,,,infant,365.0,,CA,,,,,,,primary,1.0,2.415
SAMN28496401,PRJNA838575,,,infant,365.0,,CA,,,,,,,primary,1.0,1.755
SAMN28496402,PRJNA838575,,,infant,365.0,,CA,,,,,,,primary,1.0,1.662
SAMN28496403,PRJNA838575,,,infant,365.0,,CA,,,,,,,primary,1.0,1.637
SAMN28496404,PRJNA838575,,,infant,365.0,,CA,,,,,,,primary,1.0,0.481
SAMN28496405,PRJNA838575,,,infant,365.0,,CA,,,,,,,primary,1.0,2.362
SAMN28496406,PRJNA838575,,,infant,365.0,,CA,,,,,,,primary,1.0,2.413
SAMN28496407,PRJNA838575,,,infant,365.0,,CA,,,,,,,primary,1.0,1.509
SAMN28496408,PRJNA838575,,,infant,365.0,,CA,,,,,,,primary,1.0,1.444
SAMN28496409,PRJNA838575,,,infant,365.0,,CA,,,,,,,primary,1.0,0.787
SAMN28496410,PRJNA838575,,,infant,365.0,,CA,,,,,,,primary,1.0,1.386
SAMN28496411,PRJNA838575,,,infant,365.0,,CA,,,,,,,primary,1.0,0.68
SAMN28496412,PRJNA838575,,,infant,365.0,,CA,,,,,,,primary,1.0,1.411
SAMN28496413,PRJNA838575,,,infant,365.0,,CA,,,,,,,primary,1.0,1.402
SAMN28496414,PRJNA838575,,,infant,365.0,,CA,,,,,,,primary,1.0,1.494
SAMN28496415,PRJNA838575,,,infant,365.0,,CA,,,,,,,primary,1.0,1.298
SAMN28496416,PRJNA838575,,,infant,365.0,,CA,,,,,,,primary,1.0,2.117
SAMN28496417,PRJNA838575,,,infant,365.0,,CA,,,,,,,primary,1.0,1.615
SAMN28496418,PRJNA838575,,,infant,365.0,,CA,,,,,,,primary,1.0,2.119
SAMN28496419,PRJNA838575,,,infant,365.0,,CA,,,,,,,primary,1.0,2.163
SAMN28496420,PRJNA838575,,,infant,365.0,,CA,,,,,,,primary,1.0,1.888
SAMN28496421,PRJNA838575,,,infant,365.0,,CA,,,,,,,primary,1.0,2.185
SAMN28496422,PRJNA838575,,,infant,365.0,,CA,,,,,,,primary,1.0,3.632
SAMN28496423,PRJNA838575,,,infant,365.0,,CA,,,,,,,primary,1.0,1.451
SAMN28496424,PRJNA838575,,,infant,365.0,,CA,,,,,,,primary,1.0,1.466
SAMN28496425,PRJNA838575,,,infant,365.0,,CA,,,,,,,primary,1.0,1.565
SAMN28496426,PRJNA838575,,,infant,365.0,,CA,,,,,,,primary,1.0,2.229
SAMN28496427,PRJNA838575,,,infant,365.0,,CA,,,,,,,primary,1.0,0.027
SAMN28496428,PRJNA838575,,,infant,365.0,,CA,,,,,,,primary,1.0,1.219
SAMN28496429,PRJNA838575,,,infant,365.0,,CA,,,,,,,primary,1.0,1.432
SAMN28496430,PRJNA838575,,,infant,365.0,,CA,,,,,,,primary,1.0,1.687
SAMN28496431,PRJNA838575,,,infant,365.0,,CA,,,,,,,primary,1.0,1.144
SAMN28496432,PRJNA838575,,,infant,365.0,,CA,,,,,,,primary,1.0,1.39
SAMN28496433,PRJNA838575,,,infant,365.0,,CA,,,,,,,primary,1.0,2.376
SAMN28496434,PRJNA838575,,,infant,365.0,,CA,,,,,,,primary,1.0,0.85
SAMN28496435,PRJNA838575,,,infant,365.0,,CA,,,,,,,primary,1.0,2.652
SAMN28496436,PRJNA838575,,,infant,365.0,,CA,,,,,,,primary,1.0,1.563
SAMN28496437,PRJNA838575,,,infant,365.0,,CA,,,,,,,primary,1.0,2.165
SAMN28496438,PRJNA838575,,,infant,365.0,,CA,,,,,,,primary,1.0,1.077
SAMN28496439,PRJNA838575,,,infant,365.0,,CA,,,,,,,primary,1.0,1.098
SAMN28496440,PRJNA838575,,,infant,365.0,,CA,,,,,,,primary,1.0,1.987
SAMN28496441,PRJNA838575,,,infant,365.0,,CA,,,,,,,primary,1.0,1.481
SAMN28496442,PRJNA838575,,,infant,365.0,,CA,,,,,,,primary,1.0,1.868
SAMN28496443,PRJNA838575,,,infant,365.0,,CA,,,,,,,primary,1.0,2.568
SAMN28496444,PRJNA838575,,,infant,365.0,,CA,,,,,,,primary,1.0,1.687
SAMN28496445,PRJNA838575,,,infant,365.0,,CA,,,,,,,primary,1.0,0.727
SAMN28496446,PRJNA838575,,,infant,365.0,,CA,,,,,,,primary,1.0,1.566
SAMN28496447,PRJNA838575,,,infant,365.0,,CA,,,,,,,primary,1.0,1.671
SAMN28496448,PRJNA838575,,,infant,365.0,,CA,,,,,,,primary,1.0,1.518
SAMN28496449,PRJNA838575,,,infant,365.0,,CA,,,,,,,primary,1.0,1.12
SAMN28496450,PRJNA838575,,,infant,365.0,,CA,,,,,,,primary,1.0,1.31
SAMN28496451,PRJNA838575,,,infant,365.0,,CA,,,,,,,primary,1.0,1.713
SAMN28496452,PRJNA838575,,,infant,365.0,,CA,,,,,,,primary,1.0,1.689
SAMN28496453,PRJNA838575,,,infant,365.0,,CA,,,,,,,primary,1.0,1.451
SAMN28496454,PRJNA838575,,,infant,365.0,,CA,,,,,,,primary,1.0,1.576
SAMN28496455,PRJNA838575,,,infant,365.0,,CA,,,,,,,primary,1.0,2.185
SAMN28496456,PRJNA838575,,,infant,365.0,,CA,,,,,,,primary,1.0,1.487
SAMN28496457,PRJNA838575,,,infant,365.0,,CA,,,,,,,primary,1.0,1.496
SAMN28496458,PRJNA838575,,,infant,365.0,,CA,,,,,,,primary,1.0,2.034
SAMN28496459,PRJNA838575,,,infant,365.0,,CA,,,,,,,primary,1.0,1.1
SAMN28496460,PRJNA838575,,,infant,365.0,,CA,,,,,,,primary,1.0,1.724
SAMN28496461,PRJNA838575,,,infant,365.0,,CA,,,,,,,primary,1.0,1.867
SAMN28496462,PRJNA838575,,,infant,365.0,,CA,,,,,,,primary,1.0,2.031
SAMN28496463,PRJNA838575,,,infant,365.0,,CA,,,,,,,primary,1.0,1.579
SAMN28496464,PRJNA838575,,,infant,365.0,,CA,,,,,,,primary,1.0,1.343
SAMN28496465,PRJNA838575,,,infant,365.0,,CA,,,,,,,primary,1.0,2.21
SAMN28496466,PRJNA838575,,,infant,365.0,,CA,,,,,,,primary,1.0,2.101
SAMN28496467,PRJNA838575,,,infant,365.0,,CA,,,,,,,primary,1.0,1.591
SAMN28496468,PRJNA838575,,,infant,365.0,,CA,,,,,,,primary,1.0,1.389
SAMN28496469,PRJNA838575,,,infant,365.0,,CA,,,,,,,primary,1.0,1.572
SAMN28496470,PRJNA838575,,,infant,365.0,,CA,,,,,,,primary,1.0,2.135
SAMN28496471,PRJNA838575,,,infant,365.0,,CA,,,,,,,primary,1.0,1.2
SAMN28496472,PRJNA838575,,,infant,365.0,,CA,,,,,,,primary,1.0,1.839
SAMN28496473,PRJNA838575,,,infant,365.0,,CA,,,,,,,primary,1.0,1.712
SAMN28496474,PRJNA838575,,,infant,365.0,,CA,,,,,,,primary,1.0,2.137
SAMN28496475,PRJNA838575,,,infant,365.0,,CA,,,,,,,primary,1.0,1.81
SAMN28496476,PRJNA838575,,,infant,365.0,,CA,,,,,,,primary,1.0,2.559
SAMN28496477,PRJNA838575,,,infant,365.0,,CA,,,,,,,primary,1.0,1.934
SAMN28496478,PRJNA838575,,,infant,365.0,,CA,,,,,,,primary,1.0,1.035
SAMN28496479,PRJNA838575,,,infant,365.0,,CA,,,,,,,primary,1.0,1.378
SAMN28496480,PRJNA838575,,,infant,365.0,,CA,,,,,,,primary,1.0,1.367
SAMN28496481,PRJNA838575,,,infant,365.0,,CA,,,,,,,primary,1.0,1.7
SAMN28496482,PRJNA838575,,,infant,365.0,,CA,,,,,,,primary,1.0,1.329
SAMN28496483,PRJNA838575,,,infant,365.0,,CA,,,,,,,primary,1.0,1.346
SAMN28496484,PRJNA838575,,,infant,365.0,,CA,,,,,,,primary,1.0,3.465
SAMN28496485,PRJNA838575,,,infant,365.0,,CA,,,,,,,primary,1.0,1.846
SAMN28496486,PRJNA838575,,,infant,365.0,,CA,,,,,,,primary,1.0,1.749
SAMN28496487,PRJNA838575,,,infant,365.0,,CA,,,,,,,primary,1.0,2.406
SAMN28496488,PRJNA838575,,,infant,365.0,,CA,,,,,,,primary,1.0,1.488
SAMN28496489,PRJNA838575,,,infant,365.0,,CA,,,,,,,primary,1.0,0.575
SAMN28496490,PRJNA838575,,,infant,365.0,,CA,,,,,,,primary,1.0,1.731
SAMN28496491,PRJNA838575,,,infant,365.0,,CA,,,,,,,primary,1.0,1.578
SAMN28496492,PRJNA838575,,,infant,365.0,,CA,,,,,,,primary,1.0,1.744
SAMN28496493,PRJNA838575,,,infant,365.0,,CA,,,,,,,primary,1.0,2.281
SAMN28496494,PRJNA838575,,,infant,365.0,,CA,,,,,,,primary,1.0,1.096
SAMN28496495,PRJNA838575,,,infant,365.0,,CA,,,,,,,primary,1.0,1.776
SAMN28496496,PRJNA838575,,,infant,365.0,,CA,,,,,,,primary,1.0,1.996
SAMN28496497,PRJNA838575,,,infant,365.0,,CA,,,,,,,primary,1.0,1.243
SAMN28496498,PRJNA838575,,,infant,365.0,,CA,,,,,,,primary,1.0,1.352
SAMN28496499,PRJNA838575,,,infant,365.0,,CA,,,,,,,primary,1.0,1.802
SAMN28496500,PRJNA838575,,,infant,365.0,,CA,,,,,,,primary,1.0,1.712
SAMN28496501,PRJNA838575,,,infant,365.0,,CA,,,,,,,primary,1.0,1.522
SAMN28496502,PRJNA838575,,,infant,365.0,,CA,,,,,,,primary,1.0,1.479
SAMN28496503,PRJNA838575,,,infant,365.0,,CA,,,,,,,primary,1.0,1.698
SAMN28496504,PRJNA838575,,,infant,365.0,,CA,,,,,,,primary,1.0,1.875
SAMN28496505,PRJNA838575,,,infant,365.0,,CA,,,,,,,primary,1.0,1.867
SAMN28496506,PRJNA838575,,,infant,365.0,,CA,,,,,,,primary,1.0,1.923
SAMN28496507,PRJNA838575,,,infant,365.0,,CA,,,,,,,primary,1.0,2.258
SAMN28496508,PRJNA838575,,,infant,365.0,,CA,,,,,,,primary,1.0,1.483
SAMN28496509,PRJNA838575,,,infant,365.0,,CA,,,,,,,primary,1.0,1.187
SAMN28496510,PRJNA838575,,,infant,365.0,,CA,,,,,,,primary,1.0,1.982
SAMN28496511,PRJNA838575,,,infant,365.0,,CA,,,,,,,primary,1.0,1.71
SAMN28496512,PRJNA838575,,,infant,365.0,,CA,,,,,,,primary,1.0,2.189
SAMN28496513,PRJNA838575,,,infant,365.0,,CA,,,,,,,primary,1.0,0.402
SAMN28496514,PRJNA838575,,,infant,365.0,,CA,,,,,,,primary,1.0,2.044
SAMN28496515,PRJNA838575,,,infant,365.0,,CA,,,,,,,primary,1.0,2.11
SAMN28496516,PRJNA838575,,,infant,365.0,,CA,,,,,,,primary,1.0,0.593
SAMN28496517,PRJNA838575,,,infant,365.0,,CA,,,,,,,primary,1.0,1.293
SAMN28496518,PRJNA838575,,,infant,365.0,,CA,,,,,,,primary,1.0,1.6
SAMN28496519,PRJNA838575,,,infant,365.0,,CA,,,,,,,primary,1.0,1.65
SAMN28496520,PRJNA838575,,,infant,365.0,,CA,,,,,,,primary,1.0,0.056
SAMN28496521,PRJNA838575,,,infant,365.0,,CA,,,,,,,primary,1.0,1.532
SAMN28496522,PRJNA838575,,,infant,365.0,,CA,,,,,,,primary,1.0,1.878
SAMN28496523,PRJNA838575,,,infant,365.0,,CA,,,,,,,primary,1.0,1.565
SAMN28496524,PRJNA838575,,,infant,365.0,,CA,,,,,,,primary,1.0,1.218
SAMN28496525,PRJNA838575,,,infant,365.0,,CA,,,,,,,primary,1.0,2.59
SAMN28496526,PRJNA838575,,,infant,365.0,,CA,,,,,,,primary,1.0,1.213
SAMN28496527,PRJNA838575,,,infant,365.0,,CA,,,,,,,primary,1.0,1.194
SAMN28496528,PRJNA838575,,,infant,365.0,,CA,,,,,,,primary,1.0,1.864
SAMN28496529,PRJNA838575,,,infant,365.0,,CA,,,,,,,primary,1.0,1.594
SAMN28496530,PRJNA838575,,,infant,365.0,,CA,,,,,,,primary,1.0,1.462
SAMN28496531,PRJNA838575,,,infant,365.0,,CA,,,,,,,primary,1.0,1.292
SAMN28496532,PRJNA838575,,,infant,365.0,,CA,,,,,,,primary,1.0,1.215
SAMN28496533,PRJNA838575,,,infant,365.0,,CA,,,,,,,primary,1.0,0.924
SAMN28496534,PRJNA838575,,,infant,365.0,,CA,,,,,,,primary,1.0,1.792
SAMN28496535,PRJNA838575,,,infant,365.0,,CA,,,,,,,primary,1.0,1.326
SAMN28496536,PRJNA838575,,,infant,365.0,,CA,,,,,,,primary,1.0,1.433
SAMN28496537,PRJNA838575,,,infant,365.0,,CA,,,,,,,primary,1.0,2.79
SAMN28496538,PRJNA838575,,,infant,365.0,,CA,,,,,,,primary,1.0,0.895
SAMN28496539,PRJNA838575,,,infant,365.0,,CA,,,,,,,primary,1.0,1.495
SAMN28496540,PRJNA838575,,,infant,365.0,,CA,,,,,,,primary,1.0,1.526
SAMN28496541,PRJNA838575,,,infant,365.0,,CA,,,,,,,primary,1.0,2.933
SAMN28496542,PRJNA838575,,,infant,365.0,,CA,,,,,,,primary,1.0,1.458
SAMN28496543,PRJNA838575,,,infant,365.0,,CA,,,,,,,primary,1.0,1.561
SAMN28496544,PRJNA838575,,,infant,365.0,,CA,,,,,,,primary,1.0,1.367
SAMN28496545,PRJNA838575,,,infant,365.0,,CA,,,,,,,primary,1.0,1.189
SAMN28496546,PRJNA838575,,,infant,365.0,,CA,,,,,,,primary,1.0,1.444
SAMN28496547,PRJNA838575,,,infant,365.0,,CA,,,,,,,primary,1.0,1.468
SAMN28496548,PRJNA838575,,,infant,365.0,,CA,,,,,,,primary,1.0,1.457
SAMN28496549,PRJNA838575,,,infant,365.0,,CA,,,,,,,primary,1.0,1.057
SAMN28496550,PRJNA838575,,,infant,365.0,,CA,,,,,,,primary,1.0,1.738
SAMN28496551,PRJNA838575,,,infant,365.0,,CA,,,,,,,primary,1.0,1.655
SAMN28496552,PRJNA838575,,,infant,365.0,,CA,,,,,,,primary,1.0,1.996
SAMN28496553,PRJNA838575,,,infant,365.0,,CA,,,,,,,primary,1.0,2.041
SAMN28496554,PRJNA838575,,,infant,365.0,,CA,,,,,,,primary,1.0,1.736
SAMN28496555,PRJNA838575,,,infant,365.0,,CA,,,,,,,primary,1.0,1.237
SAMN28496556,PRJNA838575,,,infant,365.0,,CA,,,,,,,primary,1.0,1.246
SAMN28496557,PRJNA838575,,,infant,365.0,,CA,,,,,,,primary,1.0,2.722
SAMN28496558,PRJNA838575,,,infant,365.0,,CA,,,,,,,primary,1.0,1.428
SAMN28496559,PRJNA838575,,,infant,365.0,,CA,,,,,,,primary,1.0,1.491
SAMN28496560,PRJNA838575,,,infant,365.0,,CA,,,,,,,primary,1.0,1.527
SAMN28496561,PRJNA838575,,,infant,365.0,,CA,,,,,,,primary,1.0,1.148
SAMN28496562,PRJNA838575,,,infant,365.0,,CA,,,,,,,primary,1.0,1.132
SAMN28496563,PRJNA838575,,,infant,365.0,,CA,,,,,,,primary,1.0,1.991
SAMN28496564,PRJNA838575,,,infant,365.0,,CA,,,,,,,primary,1.0,1.27
SAMN28496565,PRJNA838575,,,infant,365.0,,CA,,,,,,,primary,1.0,1.28
SAMN28496566,PRJNA838575,,,infant,365.0,,CA,,,,,,,primary,1.0,1.651
SAMN28496567,PRJNA838575,,,infant,365.0,,CA,,,,,,,primary,1.0,1.321
SAMN28496568,PRJNA838575,,,infant,365.0,,CA,,,,,,,primary,1.0,2.196
SAMN28496569,PRJNA838575,,,infant,365.0,,CA,,,,,,,primary,1.0,1.037
SAMN28496570,PRJNA838575,,,infant,365.0,,CA,,,,,,,primary,1.0,0.651
SAMN28496571,PRJNA838575,,,infant,365.0,,CA,,,,,,,primary,1.0,2.348
SAMN28496572,PRJNA838575,,,infant,365.0,,CA,,,,,,,primary,1.0,1.204
SAMN28496573,PRJNA838575,,,infant,365.0,,CA,,,,,,,primary,1.0,1.087
SAMN28496574,PRJNA838575,,,infant,365.0,,CA,,,,,,,primary,1.0,2.284
SAMN28496575,PRJNA838575,,,infant,365.0,,CA,,,,,,,primary,1.0,2.642
SAMN28496576,PRJNA838575,,,infant,365.0,,CA,,,,,,,primary,1.0,1.687
SAMN28496577,PRJNA838575,,,infant,365.0,,CA,,,,,,,primary,1.0,1.795
SAMN28496578,PRJNA838575,,,infant,365.0,,CA,,,,,,,primary,1.0,1.54
SAMN28496579,PRJNA838575,,,infant,365.0,,CA,,,,,,,primary,1.0,0.789
SAMN28496580,PRJNA838575,,,infant,365.0,,CA,,,,,,,primary,1.0,1.203
SAMN28496581,PRJNA838575,,,infant,365.0,,CA,,,,,,,primary,1.0,0.208
SAMN28496582,PRJNA838575,,,infant,365.0,,CA,,,,,,,primary,1.0,0.977
SAMN28496583,PRJNA838575,,,infant,365.0,,CA,,,,,,,primary,1.0,2.436
SAMN28496584,PRJNA838575,,,infant,365.0,,CA,,,,,,,primary,1.0,1.76
SAMN28496585,PRJNA838575,,,infant,365.0,,CA,,,,,,,primary,1.0,1.684
SAMN28496586,PRJNA838575,,,infant,365.0,,CA,,,,,,,primary,1.0,1.301
SAMN28496587,PRJNA838575,,,infant,365.0,,CA,,,,,,,primary,1.0,1.993
SAMN28496588,PRJNA838575,,,infant,365.0,,CA,,,,,,,primary,1.0,2.142
SAMN28496589,PRJNA838575,,,infant,365.0,,CA,,,,,,,primary,1.0,1.56
SAMN28496590,PRJNA838575,,,infant,365.0,,CA,,,,,,,primary,1.0,2.006
SAMN28496591,PRJNA838575,,,infant,365.0,,CA,,,,,,,primary,1.0,1.921
SAMN28496592,PRJNA838575,,,infant,365.0,,CA,,,,,,,primary,1.0,0.884
SAMN28496593,PRJNA838575,,,infant,365.0,,CA,,,,,,,primary,1.0,1.352
SAMN28496594,PRJNA838575,,,infant,365.0,,CA,,,,,,,primary,1.0,2.432
SAMN28496595,PRJNA838575,,,infant,365.0,,CA,,,,,,,primary,1.0,1.747
SAMN28496596,PRJNA838575,,,infant,365.0,,CA,,,,,,,primary,1.0,1.77
SAMN28496597,PRJNA838575,,,infant,365.0,,CA,,,,,,,primary,1.0,2.001
SAMN28496598,PRJNA838575,,,infant,365.0,,CA,,,,,,,primary,1.0,3.286
SAMN28496599,PRJNA838575,,,infant,365.0,,CA,,,,,,,primary,1.0,1.764
SAMN28496600,PRJNA838575,,,infant,365.0,,CA,,,,,,,primary,1.0,1.45
SAMN28496601,PRJNA838575,,,infant,365.0,,CA,,,,,,,primary,1.0,1.487
SAMN28496602,PRJNA838575,,,infant,365.0,,CA,,,,,,,primary,1.0,1.295
SAMN28496603,PRJNA838575,,,infant,365.0,,CA,,,,,,,primary,1.0,1.484
SAMN28496604,PRJNA838575,,,infant,365.0,,CA,,,,,,,primary,1.0,2.27
SAMN28496605,PRJNA838575,,,infant,365.0,,CA,,,,,,,primary,1.0,1.668
SAMN28496606,PRJNA838575,,,infant,365.0,,CA,,,,,,,primary,1.0,1.438
SAMN28496607,PRJNA838575,,,infant,365.0,,CA,,,,,,,primary,1.0,1.177
SAMN28496608,PRJNA838575,,,infant,365.0,,CA,,,,,,,primary,1.0,1.4
SAMN28496609,PRJNA838575,,,infant,365.0,,CA,,,,,,,primary,1.0,1.151
SAMN28496610,PRJNA838575,,,infant,365.0,,CA,,,,,,,primary,1.0,1.324
SAMN28496611,PRJNA838575,,,infant,365.0,,CA,,,,,,,primary,1.0,1.509
SAMN28496612,PRJNA838575,,,infant,365.0,,CA,,,,,,,primary,1.0,0.49
SAMN28496613,PRJNA838575,,,infant,365.0,,CA,,,,,,,primary,1.0,1.574
SAMN28496614,PRJNA838575,,,infant,365.0,,CA,,,,,,,primary,1.0,1.496
SAMN28496615,PRJNA838575,,,infant,365.0,,CA,,,,,,,primary,1.0,1.712
SAMN28496616,PRJNA838575,,,infant,365.0,,CA,,,,,,,primary,1.0,1.593
SAMN28496617,PRJNA838575,,,infant,365.0,,CA,,,,,,,primary,1.0,1.447
SAMN28496618,PRJNA838575,,,infant,365.0,,CA,,,,,,,primary,1.0,1.568
SAMN28496619,PRJNA838575,,,infant,365.0,,CA,,,,,,,primary,1.0,1.302
SAMN28496620,PRJNA838575,,,infant,365.0,,CA,,,,,,,primary,1.0,1.565
SAMN28496621,PRJNA838575,,,infant,365.0,,CA,,,,,,,primary,1.0,1.516
SAMN28496622,PRJNA838575,,,infant,365.0,,CA,,,,,,,primary,1.0,1.265
SAMN28496623,PRJNA838575,,,infant,365.0,,CA,,,,,,,primary,1.0,1.765
SAMN28496624,PRJNA838575,,,infant,365.0,,CA,,,,,,,primary,1.0,1.033
SAMN28496625,PRJNA838575,,,infant,365.0,,CA,,,,,,,primary,1.0,1.151
SAMN28496626,PRJNA838575,,,infant,365.0,,CA,,,,,,,primary,1.0,1.074
SAMN28496627,PRJNA838575,,,infant,365.0,,CA,,,,,,,primary,1.0,1.364
SAMN28496628,PRJNA838575,,,infant,365.0,,CA,,,,,,,primary,1.0,1.548
SAMN28496629,PRJNA838575,,,infant,365.0,,CA,,,,,,,primary,1.0,0.832
SAMN28496630,PRJNA838575,,,infant,365.0,,CA,,,,,,,primary,1.0,1.122
SAMN28496631,PRJNA838575,,,infant,365.0,,CA,,,,,,,primary,1.0,1.418
SAMN28496632,PRJNA838575,,,infant,365.0,,CA,,,,,,,primary,1.0,2.657
SAMN28496633,PRJNA838575,,,infant,365.0,,CA,,,,,,,primary,1.0,1.393
SAMN28496634,PRJNA838575,,,infant,365.0,,CA,,,,,,,primary,1.0,1.627
SAMN28496635,PRJNA838575,,,infant,365.0,,CA,,,,,,,primary,1.0,2.176
SAMN28496636,PRJNA838575,,,infant,365.0,,CA,,,,,,,primary,1.0,1.772
SAMN28496637,PRJNA838575,,,infant,365.0,,CA,,,,,,,primary,1.0,1.308
SAMN28496638,PRJNA838575,,,infant,365.0,,CA,,,,,,,primary,1.0,1.341
SAMN28496639,PRJNA838575,,,infant,365.0,,CA,,,,,,,primary,1.0,1.368
SAMN28496640,PRJNA838575,,,infant,365.0,,CA,,,,,,,primary,1.0,1.408
SAMN28496641,PRJNA838575,,,infant,365.0,,CA,,,,,,,primary,1.0,1.33
SAMN28496642,PRJNA838575,,,infant,365.0,,CA,,,,,,,primary,1.0,1.143
SAMN28496643,PRJNA838575,,,infant,365.0,,CA,,,,,,,primary,1.0,1.534
SAMN28496644,PRJNA838575,,,infant,365.0,,CA,,,,,,,primary,1.0,1.219
SAMN28496645,PRJNA838575,,,infant,365.0,,CA,,,,,,,primary,1.0,1.439
SAMN28496646,PRJNA838575,,,infant,365.0,,CA,,,,,,,primary,1.0,1.26
SAMN28496647,PRJNA838575,,,infant,365.0,,CA,,,,,,,primary,1.0,0.823
SAMN28496648,PRJNA838575,,,infant,365.0,,CA,,,,,,,primary,1.0,1.726
SAMN28496649,PRJNA838575,,,infant,365.0,,CA,,,,,,,primary,1.0,1.612
SAMN28496650,PRJNA838575,,,infant,365.0,,CA,,,,,,,primary,1.0,1.545
SAMN28496651,PRJNA838575,,,infant,365.0,,CA,,,,,,,primary,1.0,0.508
SAMN28496652,PRJNA838575,,,infant,365.0,,CA,,,,,,,primary,1.0,2.047
SAMN28496653,PRJNA838575,,,infant,365.0,,CA,,,,,,,primary,1.0,1.651
SAMN28496654,PRJNA838575,,,infant,365.0,,CA,,,,,,,primary,1.0,1.512
SAMN28496655,PRJNA838575,,,infant,365.0,,CA,,,,,,,primary,1.0,1.472
SAMN28496656,PRJNA838575,,,infant,365.0,,CA,,,,,,,primary,1.0,2.738
SAMN28496657,PRJNA838575,,,infant,365.0,,CA,,,,,,,primary,1.0,1.791
SAMN28496658,PRJNA838575,,,infant,365.0,,CA,,,,,,,primary,1.0,2.132
SAMN28496659,PRJNA838575,,,infant,365.0,,CA,,,,,,,primary,1.0,1.387
SAMN28496660,PRJNA838575,,,infant,365.0,,CA,,,,,,,primary,1.0,0.968
SAMN28496661,PRJNA838575,,,infant,365.0,,CA,,,,,,,primary,1.0,1.208
SAMN28496662,PRJNA838575,,,infant,365.0,,CA,,,,,,,primary,1.0,1.513
SAMN28496663,PRJNA838575,,,infant,365.0,,CA,,,,,,,primary,1.0,1.722
SAMN28496664,PRJNA838575,,,infant,365.0,,CA,,,,,,,primary,1.0,2.155
SAMN28496665,PRJNA838575,,,infant,365.0,,CA,,,,,,,primary,1.0,1.083
SAMN28496666,PRJNA838575,,,infant,365.0,,CA,,,,,,,primary,1.0,1.853
SAMN28496667,PRJNA838575,,,infant,365.0,,CA,,,,,,,primary,1.0,1.2
SAMN28496668,PRJNA838575,,,infant,365.0,,CA,,,,,,,primary,1.0,1.507
SAMN28496669,PRJNA838575,,,infant,365.0,,CA,,,,,,,primary,1.0,2.259
SAMN28496670,PRJNA838575,,,infant,365.0,,CA,,,,,,,primary,1.0,2.592
SAMN28496671,PRJNA838575,,,infant,365.0,,CA,,,,,,,primary,1.0,1.703
SAMN28496672,PRJNA838575,,,infant,365.0,,CA,,,,,,,primary,1.0,1.61
SAMN28496673,PRJNA838575,,,infant,365.0,,CA,,,,,,,primary,1.0,1.615
SAMN28496674,PRJNA838575,,,infant,365.0,,CA,,,,,,,primary,1.0,1.665
SAMN28496675,PRJNA838575,,,infant,365.0,,CA,,,,,,,primary,1.0,1.664
SAMN28496676,PRJNA838575,,,infant,365.0,,CA,,,,,,,primary,1.0,1.526
SAMN28496677,PRJNA838575,,,infant,365.0,,CA,,,,,,,primary,1.0,1.294
SAMN28496678,PRJNA838575,,,infant,365.0,,CA,,,,,,,primary,1.0,2.506
SAMN28496679,PRJNA838575,,,infant,365.0,,CA,,,,,,,primary,1.0,0.725
SAMN28496680,PRJNA838575,,,infant,365.0,,CA,,,,,,,primary,1.0,1.357
SAMN28496681,PRJNA838575,,,infant,365.0,,CA,,,,,,,primary,1.0,1.345
SAMN28496682,PRJNA838575,,,infant,365.0,,CA,,,,,,,primary,1.0,1.464
SAMN28496683,PRJNA838575,,,infant,365.0,,CA,,,,,,,primary,1.0,2.321
SAMN28496684,PRJNA838575,,,infant,365.0,,CA,,,,,,,primary,1.0,1.594
SAMN28496685,PRJNA838575,,,infant,365.0,,CA,,,,,,,primary,1.0,1.195
SAMN28496686,PRJNA838575,,,infant,365.0,,CA,,,,,,,primary,1.0,1.666
SAMN28496687,PRJNA838575,,,infant,365.0,,CA,,,,,,,primary,1.0,1.911
SAMN28496688,PRJNA838575,,,infant,365.0,,CA,,,,,,,primary,1.0,2.653
SAMN28496689,PRJNA838575,,,infant,365.0,,CA,,,,,,,primary,1.0,1.6
SAMN28496690,PRJNA838575,,,infant,365.0,,CA,,,,,,,primary,1.0,1.105
SAMN28496691,PRJNA838575,,,infant,365.0,,CA,,,,,,,primary,1.0,1.237
SAMN28496692,PRJNA838575,,,infant,365.0,,CA,,,,,,,primary,1.0,2.325
SAMN28496693,PRJNA838575,,,infant,365.0,,CA,,,,,,,primary,1.0,1.456
SAMN28496694,PRJNA838575,,,infant,365.0,,CA,,,,,,,primary,1.0,1.289
SAMN28496695,PRJNA838575,,,infant,365.0,,CA,,,,,,,primary,1.0,1.407
SAMN28496696,PRJNA838575,,,infant,365.0,,CA,,,,,,,primary,1.0,1.159
SAMN28496697,PRJNA838575,,,infant,365.0,,CA,,,,,,,primary,1.0,1.55
SAMN28496698,PRJNA838575,,,infant,365.0,,CA,,,,,,,primary,1.0,2.04
SAMN28496699,PRJNA838575,,,infant,365.0,,CA,,,,,,,primary,1.0,1.384
SAMN28496700,PRJNA838575,,,infant,365.0,,CA,,,,,,,primary,1.0,1.209
SAMN28496701,PRJNA838575,,,infant,365.0,,CA,,,,,,,primary,1.0,2.254
SAMN28496702,PRJNA838575,,,infant,365.0,,CA,,,,,,,primary,1.0,1.211
SAMN28496703,PRJNA838575,,,infant,365.0,,CA,,,,,,,primary,1.0,2.103
SAMN28496704,PRJNA838575,,,infant,365.0,,CA,,,,,,,primary,1.0,1.928
SAMN28496705,PRJNA838575,,,infant,365.0,,CA,,,,,,,primary,1.0,1.536
SAMN28496706,PRJNA838575,,,infant,365.0,,CA,,,,,,,primary,1.0,1.613
SAMN28496707,PRJNA838575,,,infant,365.0,,CA,,,,,,,primary,1.0,1.84
SAMN28496708,PRJNA838575,,,infant,365.0,,CA,,,,,,,primary,1.0,1.152
SAMN28496709,PRJNA838575,,,infant,365.0,,CA,,,,,,,primary,1.0,1.366
SAMN28496710,PRJNA838575,,,infant,365.0,,CA,,,,,,,primary,1.0,2.402
SAMN28496711,PRJNA838575,,,infant,365.0,,CA,,,,,,,primary,1.0,1.477
SAMN28496712,PRJNA838575,,,infant,365.0,,CA,,,,,,,primary,1.0,1.218
SAMN28496713,PRJNA838575,,,infant,365.0,,CA,,,,,,,primary,1.0,1.79
SAMN28496714,PRJNA838575,,,infant,365.0,,CA,,,,,,,primary,1.0,1.43
SAMN28496715,PRJNA838575,,,infant,365.0,,CA,,,,,,,primary,1.0,1.771
SAMN28496716,PRJNA838575,,,infant,365.0,,CA,,,,,,,primary,1.0,1.67
SAMN28496717,PRJNA838575,,,infant,365.0,,CA,,,,,,,primary,1.0,1.107
SAMN28496718,PRJNA838575,,,infant,365.0,,CA,,,,,,,primary,1.0,1.597
SAMN28496719,PRJNA838575,,,infant,365.0,,CA,,,,,,,primary,1.0,1.353
SAMN28496720,PRJNA838575,,,infant,365.0,,CA,,,,,,,primary,1.0,1.961
SAMN28496721,PRJNA838575,,,infant,365.0,,CA,,,,,,,primary,1.0,2.801
SAMN28496722,PRJNA838575,,,infant,365.0,,CA,,,,,,,primary,1.0,1.735
SAMN28496723,PRJNA838575,,,infant,365.0,,CA,,,,,,,primary,1.0,1.528
SAMN28496724,PRJNA838575,,,infant,365.0,,CA,,,,,,,primary,1.0,1.758
SAMN28496725,PRJNA838575,,,infant,365.0,,CA,,,,,,,primary,1.0,1.724
SAMN28496726,PRJNA838575,,,infant,365.0,,CA,,,,,,,primary,1.0,1.529
SAMN28496727,PRJNA838575,,,infant,365.0,,CA,,,,,,,primary,1.0,1.411
SAMN28496728,PRJNA838575,,,infant,365.0,,CA,,,,,,,primary,1.0,2.0
SAMN28496729,PRJNA838575,,,infant,365.0,,CA,,,,,,,primary,1.0,1.734
SAMN28496730,PRJNA838575,,,infant,365.0,,CA,,,,,,,primary,1.0,1.65
SAMN28496731,PRJNA838575,,,infant,365.0,,CA,,,,,,,primary,1.0,1.285
SAMN28496732,PRJNA838575,,,infant,365.0,,CA,,,,,,,primary,1.0,1.329
SAMN28496733,PRJNA838575,,,infant,365.0,,CA,,,,,,,primary,1.0,2.378
SAMN28496734,PRJNA838575,,,infant,365.0,,CA,,,,,,,primary,1.0,1.432
SAMN28496735,PRJNA838575,,,infant,365.0,,CA,,,,,,,primary,1.0,2.98
SAMN28496736,PRJNA838575,,,infant,365.0,,CA,,,,,,,primary,1.0,1.087
SAMN28496737,PRJNA838575,,,infant,365.0,,CA,,,,,,,primary,1.0,1.105
SAMN28496738,PRJNA838575,,,infant,365.0,,CA,,,,,,,primary,1.0,1.482
SAMN28496739,PRJNA838575,,,infant,365.0,,CA,,,,,,,primary,1.0,1.417
SAMN28496740,PRJNA838575,,,infant,365.0,,CA,,,,,,,primary,1.0,1.764
SAMN28496741,PRJNA838575,,,infant,365.0,,CA,,,,,,,primary,1.0,2.018
SAMN28496742,PRJNA838575,,,infant,365.0,,CA,,,,,,,primary,1.0,3.474
SAMN28496743,PRJNA838575,,,infant,365.0,,CA,,,,,,,primary,1.0,1.333
SAMN28496744,PRJNA838575,,,infant,365.0,,CA,,,,,,,primary,1.0,2.001
SAMN28496745,PRJNA838575,,,infant,365.0,,CA,,,,,,,primary,1.0,1.364
SAMN28496746,PRJNA838575,,,infant,365.0,,CA,,,,,,,primary,1.0,1.584
SAMN28496747,PRJNA838575,,,infant,365.0,,CA,,,,,,,primary,1.0,2.072
SAMN28496748,PRJNA838575,,,infant,365.0,,CA,,,,,,,primary,1.0,1.419
SAMN28496749,PRJNA838575,,,infant,365.0,,CA,,,,,,,primary,1.0,1.779
SAMN28496750,PRJNA838575,,,infant,365.0,,CA,,,,,,,primary,1.0,1.317
SAMN28496751,PRJNA838575,,,infant,365.0,,CA,,,,,,,primary,1.0,1.15
SAMN28496752,PRJNA838575,,,infant,365.0,,CA,,,,,,,primary,1.0,0.567
SAMN28496753,PRJNA838575,,,infant,365.0,,CA,,,,,,,primary,1.0,1.629
SAMN28496754,PRJNA838575,,,infant,365.0,,CA,,,,,,,primary,1.0,1.732
SAMN28496755,PRJNA838575,,,infant,365.0,,CA,,,,,,,primary,1.0,0.989
SAMN28496756,PRJNA838575,,,infant,365.0,,CA,,,,,,,primary,1.0,1.994
SAMN28496757,PRJNA838575,,,infant,365.0,,CA,,,,,,,primary,1.0,1.396
SAMN28496758,PRJNA838575,,,infant,365.0,,CA,,,,,,,primary,1.0,1.099
SAMN28496759,PRJNA838575,,,infant,365.0,,CA,,,,,,,primary,1.0,2.526
SAMN28496760,PRJNA838575,,,infant,365.0,,CA,,,,,,,primary,1.0,2.207
SAMN28496761,PRJNA838575,,,infant,365.0,,CA,,,,,,,primary,1.0,1.844
SAMN28496762,PRJNA838575,,,infant,365.0,,CA,,,,,,,primary,1.0,1.313
SAMN28496763,PRJNA838575,,,infant,365.0,,CA,,,,,,,primary,1.0,2.69
SAMN28496764,PRJNA838575,,,infant,365.0,,CA,,,,,,,primary,1.0,2.507
SAMN28496765,PRJNA838575,,,infant,365.0,,CA,,,,,,,primary,1.0,1.42
SAMN28496766,PRJNA838575,,,infant,365.0,,CA,,,,,,,primary,1.0,1.591
SAMN28496767,PRJNA838575,,,infant,365.0,,CA,,,,,,,primary,1.0,1.196
SAMN28496768,PRJNA838575,,,infant,365.0,,CA,,,,,,,primary,1.0,1.653
SAMN28496769,PRJNA838575,,,infant,365.0,,CA,,,,,,,primary,1.0,1.395
SAMN28496770,PRJNA838575,,,infant,365.0,,CA,,,,,,,primary,1.0,1.571
SAMN28496771,PRJNA838575,,,infant,365.0,,CA,,,,,,,primary,1.0,1.113
SAMN28496772,PRJNA838575,,,infant,365.0,,CA,,,,,,,primary,1.0,1.374
SAMN28496773,PRJNA838575,,,infant,365.0,,CA,,,,,,,primary,1.0,1.533
SAMN28496774,PRJNA838575,,,infant,365.0,,CA,,,,,,,primary,1.0,1.368
SAMN28496775,PRJNA838575,,,infant,365.0,,CA,,,,,,,primary,1.0,1.49
SAMN28496776,PRJNA838575,,,infant,365.0,,CA,,,,,,,primary,1.0,1.699
SAMN28496777,PRJNA838575,,,infant,365.0,,CA,,,,,,,primary,1.0,1.307
SAMN28496778,PRJNA838575,,,infant,365.0,,CA,,,,,,,primary,1.0,2.068
SAMN28496779,PRJNA838575,,,infant,365.0,,CA,,,,,,,primary,1.0,1.425
SAMN28496780,PRJNA838575,,,infant,365.0,,CA,,,,,,,primary,1.0,0.822
SAMN28496781,PRJNA838575,,,infant,365.0,,CA,,,,,,,primary,1.0,1.21
SAMN28496782,PRJNA838575,,,infant,365.0,,CA,,,,,,,primary,1.0,1.334
SAMN28496783,PRJNA838575,,,infant,365.0,,CA,,,,,,,primary,1.0,1.79
SAMN28496784,PRJNA838575,,,infant,365.0,,CA,,,,,,,primary,1.0,1.346
SAMN28496785,PRJNA838575,,,infant,365.0,,CA,,,,,,,primary,1.0,1.163
SAMN28496786,PRJNA838575,,,infant,365.0,,CA,,,,,,,primary,1.0,1.336
SAMN28496787,PRJNA838575,,,infant,365.0,,CA,,,,,,,primary,1.0,2.043
SAMN28496788,PRJNA838575,,,infant,365.0,,CA,,,,,,,primary,1.0,1.301
SAMN28496789,PRJNA838575,,,infant,365.0,,CA,,,,,,,primary,1.0,1.221
SAMN28496790,PRJNA838575,,,infant,365.0,,CA,,,,,,,primary,1.0,2.677
SAMN28496791,PRJNA838575,,,infant,365.0,,CA,,,,,,,primary,1.0,1.615
SAMN28496792,PRJNA838575,,,infant,365.0,,CA,,,,,,,primary,1.0,1.739
SAMN28496793,PRJNA838575,,,infant,365.0,,CA,,,,,,,primary,1.0,0.77
SAMN28496794,PRJNA838575,,,infant,365.0,,CA,,,,,,,primary,1.0,1.761
SAMN28496795,PRJNA838575,,,infant,365.0,,CA,,,,,,,primary,1.0,1.828
SAMN28496796,PRJNA838575,,,infant,365.0,,CA,,,,,,,primary,1.0,1.387
SAMN28496797,PRJNA838575,,,infant,365.0,,CA,,,,,,,primary,1.0,1.698
SAMN28496798,PRJNA838575,,,infant,365.0,,CA,,,,,,,primary,1.0,1.181
SAMN28496799,PRJNA838575,,,infant,365.0,,CA,,,,,,,primary,1.0,1.599
SAMN28496800,PRJNA838575,,,infant,365.0,,CA,,,,,,,primary,1.0,0.981
SAMN28496801,PRJNA838575,,,infant,365.0,,CA,,,,,,,primary,1.0,1.522
SAMN28496802,PRJNA838575,,,infant,365.0,,CA,,,,,,,primary,1.0,0.819
SAMN28496803,PRJNA838575,,,infant,365.0,,CA,,,,,,,primary,1.0,1.637
SAMN28496804,PRJNA838575,,,infant,365.0,,CA,,,,,,,primary,1.0,0.921
SAMN28496805,PRJNA838575,,,infant,365.0,,CA,,,,,,,primary,1.0,0.448
SAMN28496948,PRJNA838575,,,infant,365.0,,CA,,,,,,,primary,1.0,1.866
SAMN28496949,PRJNA838575,,,infant,365.0,,CA,,,,,,,primary,1.0,0.593
SAMN28496950,PRJNA838575,,,infant,365.0,,CA,,,,,,,primary,1.0,1.129
SAMN28496951,PRJNA838575,,,infant,365.0,,CA,,,,,,,primary,1.0,2.173
SAMN28496952,PRJNA838575,,,infant,365.0,,CA,,,,,,,primary,1.0,1.218
SAMN28496953,PRJNA838575,,,infant,365.0,,CA,,,,,,,primary,1.0,1.312
SAMN28496954,PRJNA838575,,,infant,365.0,,CA,,,,,,,primary,1.0,1.496
SAMN28496955,PRJNA838575,,,infant,365.0,,CA,,,,,,,primary,1.0,0.684
SAMN28496956,PRJNA838575,,,infant,365.0,,CA,,,,,,,primary,1.0,1.824
SAMN28496957,PRJNA838575,,,infant,365.0,,CA,,,,,,,primary,1.0,0.921
SAMN28496958,PRJNA838575,,,infant,365.0,,CA,,,,,,,primary,1.0,1.213
SAMN28496959,PRJNA838575,,,infant,365.0,,CA,,,,,,,primary,1.0,0.923
SAMN28496960,PRJNA838575,,,infant,365.0,,CA,,,,,,,primary,1.0,1.388
SAMN28496961,PRJNA838575,,,infant,365.0,,CA,,,,,,,primary,1.0,2.949
SAMN28496962,PRJNA838575,,,infant,365.0,,CA,,,,,,,primary,1.0,1.496
SAMN28496963,PRJNA838575,,,infant,365.0,,CA,,,,,,,primary,1.0,1.498
SAMN28496964,PRJNA838575,,,infant,365.0,,CA,,,,,,,primary,1.0,1.898
SAMN28496965,PRJNA838575,,,infant,365.0,,CA,,,,,,,primary,1.0,1.793
SAMN28496966,PRJNA838575,,,infant,365.0,,CA,,,,,,,primary,1.0,2.23
SAMN28496967,PRJNA838575,,,infant,365.0,,CA,,,,,,,primary,1.0,2.304
SAMN28496968,PRJNA838575,,,infant,365.0,,CA,,,,,,,primary,1.0,2.151
SAMN28496969,PRJNA838575,,,infant,365.0,,CA,,,,,,,primary,1.0,1.389
SAMN28496970,PRJNA838575,,,infant,365.0,,CA,,,,,,,primary,1.0,1.221
SAMN28496971,PRJNA838575,,,infant,365.0,,CA,,,,,,,primary,1.0,1.937
SAMN28496972,PRJNA838575,,,infant,365.0,,CA,,,,,,,primary,1.0,1.232
SAMN28496973,PRJNA838575,,,infant,365.0,,CA,,,,,,,primary,1.0,1.586
SAMN28496974,PRJNA838575,,,infant,365.0,,CA,,,,,,,primary,1.0,1.656
SAMN28496975,PRJNA838575,,,infant,365.0,,CA,,,,,,,primary,1.0,1.621
SAMN28496976,PRJNA838575,,,infant,365.0,,CA,,,,,,,primary,1.0,1.384
SAMN28496977,PRJNA838575,,,infant,365.0,,CA,,,,,,,primary,1.0,1.54
SAMN28496978,PRJNA838575,,,infant,365.0,,CA,,,,,,,primary,1.0,1.164
SAMN28496979,PRJNA838575,,,infant,365.0,,CA,,,,,,,primary,1.0,1.648
SAMN28496980,PRJNA838575,,,infant,365.0,,CA,,,,,,,primary,1.0,0.06
SAMN28496981,PRJNA838575,,,infant,365.0,,CA,,,,,,,primary,1.0,1.802
SAMN28496982,PRJNA838575,,,infant,365.0,,CA,,,,,,,primary,1.0,2.73
SAMN28496983,PRJNA838575,,,infant,365.0,,CA,,,,,,,primary,1.0,1.684
SAMN28496984,PRJNA838575,,,infant,365.0,,CA,,,,,,,primary,1.0,0.9
SAMN28496985,PRJNA838575,,,infant,365.0,,CA,,,,,,,primary,1.0,1.319
SAMN28496986,PRJNA838575,,,infant,365.0,,CA,,,,,,,primary,1.0,1.37
SAMN28496987,PRJNA838575,,,infant,365.0,,CA,,,,,,,primary,1.0,2.087
SAMN28496988,PRJNA838575,,,infant,365.0,,CA,,,,,,,primary,1.0,1.53
SAMN28496989,PRJNA838575,,,infant,365.0,,CA,,,,,,,primary,1.0,3.034
SAMN28496990,PRJNA838575,,,infant,365.0,,CA,,,,,,,primary,1.0,3.408
SAMN28496991,PRJNA838575,,,infant,365.0,,CA,,,,,,,primary,1.0,1.81
SAMN28496992,PRJNA838575,,,infant,365.0,,CA,,,,,,,primary,1.0,2.166
SAMN28496993,PRJNA838575,,,infant,365.0,,CA,,,,,,,primary,1.0,1.272
SAMN28496994,PRJNA838575,,,infant,365.0,,CA,,,,,,,primary,1.0,2.235
SAMN28496995,PRJNA838575,,,infant,365.0,,CA,,,,,,,primary,1.0,3.126
SAMN28496996,PRJNA838575,,,infant,365.0,,CA,,,,,,,primary,1.0,2.122
SAMN28496997,PRJNA838575,,,infant,365.0,,CA,,,,,,,primary,1.0,0.334
SAMN28496998,PRJNA838575,,,infant,365.0,,CA,,,,,,,primary,1.0,2.055
SAMN28496999,PRJNA838575,,,infant,365.0,,CA,,,,,,,primary,1.0,2.736
SAMN28497000,PRJNA838575,,,infant,365.0,,CA,,,,,,,primary,1.0,1.354
SAMN28497001,PRJNA838575,,,infant,365.0,,CA,,,,,,,primary,1.0,1.482
SAMN28497002,PRJNA838575,,,infant,365.0,,CA,,,,,,,primary,1.0,1.775
SAMN28497003,PRJNA838575,,,infant,365.0,,CA,,,,,,,primary,1.0,1.827
SAMN28497004,PRJNA838575,,,infant,365.0,,CA,,,,,,,primary,1.0,1.461
SAMN28497005,PRJNA838575,,,infant,365.0,,CA,,,,,,,primary,1.0,1.519
SAMN28497006,PRJNA838575,,,infant,365.0,,CA,,,,,,,primary,1.0,1.548
SAMN28497007,PRJNA838575,,,infant,365.0,,CA,,,,,,,primary,1.0,2.365
SAMN28497008,PRJNA838575,,,infant,365.0,,CA,,,,,,,primary,1.0,2.64
SAMN28497009,PRJNA838575,,,infant,365.0,,CA,,,,,,,primary,1.0,1.299
SAMN28497010,PRJNA838575,,,infant,365.0,,CA,,,,,,,primary,1.0,1.174
SAMN28497011,PRJNA838575,,,infant,365.0,,CA,,,,,,,primary,1.0,2.885
SAMN28497012,PRJNA838575,,,infant,365.0,,CA,,,,,,,primary,1.0,1.522
SAMN28497013,PRJNA838575,,,infant,365.0,,CA,,,,,,,primary,1.0,1.36
SAMN28497014,PRJNA838575,,,infant,365.0,,CA,,,,,,,primary,1.0,2.156
SAMN28497015,PRJNA838575,,,infant,365.0,,CA,,,,,,,primary,1.0,1.572
SAMN28497016,PRJNA838575,,,infant,365.0,,CA,,,,,,,primary,1.0,2.237
SAMN28497017,PRJNA838575,,,infant,365.0,,CA,,,,,,,primary,1.0,1.709
SAMN28497018,PRJNA838575,,,infant,365.0,,CA,,,,,,,primary,1.0,1.152
SAMN28497019,PRJNA838575,,,infant,365.0,,CA,,,,,,,primary,1.0,1.565
SAMN28497020,PRJNA838575,,,infant,365.0,,CA,,,,,,,primary,1.0,1.008
SAMN28497021,PRJNA838575,,,infant,365.0,,CA,,,,,,,primary,1.0,1.317
SAMN28497022,PRJNA838575,,,infant,365.0,,CA,,,,,,,primary,1.0,1.426
SAMN28497023,PRJNA838575,,,infant,365.0,,CA,,,,,,,primary,1.0,1.681
SAMN28497024,PRJNA838575,,,infant,365.0,,CA,,,,,,,primary,1.0,1.254
SAMN28497025,PRJNA838575,,,infant,365.0,,CA,,,,,,,primary,1.0,1.662
SAMN28497026,PRJNA838575,,,infant,365.0,,CA,,,,,,,primary,1.0,1.091
SAMN28497027,PRJNA838575,,,infant,365.0,,CA,,,,,,,primary,1.0,1.659
SAMN28497028,PRJNA838575,,,infant,365.0,,CA,,,,,,,primary,1.0,2.516
SAMN28497029,PRJNA838575,,,infant,365.0,,CA,,,,,,,primary,1.0,1.535
SAMN28497030,PRJNA838575,,,infant,365.0,,CA,,,,,,,primary,1.0,1.231
SAMN28497031,PRJNA838575,,,infant,365.0,,CA,,,,,,,primary,1.0,1.413
SAMN28497032,PRJNA838575,,,infant,365.0,,CA,,,,,,,primary,1.0,1.114
SAMN28497033,PRJNA838575,,,infant,365.0,,CA,,,,,,,primary,1.0,1.29
SAMN28497034,PRJNA838575,,,infant,365.0,,CA,,,,,,,primary,1.0,1.303
SAMN28497035,PRJNA838575,,,infant,365.0,,CA,,,,,,,primary,1.0,1.581
SAMN28497036,PRJNA838575,,,infant,365.0,,CA,,,,,,,primary,1.0,1.361
SAMN28497037,PRJNA838575,,,infant,365.0,,CA,,,,,,,primary,1.0,1.473
SAMN28497038,PRJNA838575,,,infant,365.0,,CA,,,,,,,primary,1.0,2.035
SAMN28497039,PRJNA838575,,,infant,365.0,,CA,,,,,,,primary,1.0,1.353
SAMN28497040,PRJNA838575,,,infant,365.0,,CA,,,,,,,primary,1.0,1.274
SAMN28497041,PRJNA838575,,,infant,365.0,,CA,,,,,,,primary,1.0,1.061
SAMN28497042,PRJNA838575,,,infant,365.0,,CA,,,,,,,primary,1.0,1.521
SAMN28497043,PRJNA838575,,,infant,365.0,,CA,,,,,,,primary,1.0,1.719
SAMN28497044,PRJNA838575,,,infant,365.0,,CA,,,,,,,primary,1.0,1.21
SAMN28497045,PRJNA838575,,,infant,365.0,,CA,,,,,,,primary,1.0,1.678
SAMN28497046,PRJNA838575,,,infant,365.0,,CA,,,,,,,primary,1.0,1.183
SAMN28497047,PRJNA838575,,,infant,365.0,,CA,,,,,,,primary,1.0,1.226
SAMN28497048,PRJNA838575,,,infant,365.0,,CA,,,,,,,primary,1.0,1.774
SAMN28497049,PRJNA838575,,,infant,365.0,,CA,,,,,,,primary,1.0,1.305
SAMN28497050,PRJNA838575,,,infant,365.0,,CA,,,,,,,primary,1.0,1.744
SAMN28497051,PRJNA838575,,,infant,365.0,,CA,,,,,,,primary,1.0,1.439
SAMN28497052,PRJNA838575,,,infant,365.0,,CA,,,,,,,primary,1.0,1.942
SAMN28497053,PRJNA838575,,,infant,365.0,,CA,,,,,,,primary,1.0,2.023
SAMN28497054,PRJNA838575,,,infant,365.0,,CA,,,,,,,primary,1.0,1.381
SAMN28497055,PRJNA838575,,,infant,365.0,,CA,,,,,,,primary,1.0,1.931
SAMN28497056,PRJNA838575,,,infant,365.0,,CA,,,,,,,primary,1.0,1.651
SAMN28497057,PRJNA838575,,,infant,365.0,,CA,,,,,,,primary,1.0,1.347
SAMN28497058,PRJNA838575,,,infant,365.0,,CA,,,,,,,primary,1.0,1.279
SAMN28497059,PRJNA838575,,,infant,365.0,,CA,,,,,,,primary,1.0,2.663
SAMN28497060,PRJNA838575,,,infant,365.0,,CA,,,,,,,primary,1.0,1.495
SAMN28497061,PRJNA838575,,,infant,365.0,,CA,,,,,,,primary,1.0,1.247
SAMN28497062,PRJNA838575,,,infant,365.0,,CA,,,,,,,primary,1.0,2.131
SAMN28497063,PRJNA838575,,,infant,365.0,,CA,,,,,,,primary,1.0,0.784
SAMN28497064,PRJNA838575,,,infant,365.0,,CA,,,,,,,primary,1.0,1.877
SAMN28497065,PRJNA838575,,,infant,365.0,,CA,,,,,,,primary,1.0,2.397
SAMN28497066,PRJNA838575,,,infant,365.0,,CA,,,,,,,primary,1.0,0.63
SAMN28497067,PRJNA838575,,,infant,365.0,,CA,,,,,,,primary,1.0,1.987
SAMN28497068,PRJNA838575,,,infant,365.0,,CA,,,,,,,primary,1.0,1.046
SAMN28497069,PRJNA838575,,,infant,365.0,,CA,,,,,,,primary,1.0,3.054
SAMN28497070,PRJNA838575,,,infant,365.0,,CA,,,,,,,primary,1.0,1.09
SAMN28497071,PRJNA838575,,,infant,365.0,,CA,,,,,,,primary,1.0,2.67
SAMN28497072,PRJNA838575,,,infant,365.0,,CA,,,,,,,primary,1.0,1.503
SAMN28497073,PRJNA838575,,,infant,365.0,,CA,,,,,,,primary,1.0,1.33
SAMN28497074,PRJNA838575,,,infant,365.0,,CA,,,,,,,primary,1.0,2.104
SAMN28497075,PRJNA838575,,,infant,365.0,,CA,,,,,,,primary,1.0,1.432
SAMN28497076,PRJNA838575,,,infant,365.0,,CA,,,,,,,primary,1.0,1.756
SAMN28497077,PRJNA838575,,,infant,365.0,,CA,,,,,,,primary,1.0,1.631
SAMN28497078,PRJNA838575,,,infant,365.0,,CA,,,,,,,primary,1.0,1.678
SAMN28497079,PRJNA838575,,,infant,365.0,,CA,,,,,,,primary,1.0,0.868
SAMN28497080,PRJNA838575,,,infant,365.0,,CA,,,,,,,primary,1.0,1.543
SAMN28497081,PRJNA838575,,,infant,365.0,,CA,,,,,,,primary,1.0,1.913
SAMN28497082,PRJNA838575,,,infant,365.0,,CA,,,,,,,primary,1.0,1.371
SAMN28497083,PRJNA838575,,,infant,365.0,,CA,,,,,,,primary,1.0,1.444
SAMN28497084,PRJNA838575,,,infant,365.0,,CA,,,,,,,primary,1.0,1.705
SAMN28497085,PRJNA838575,,,infant,365.0,,CA,,,,,,,primary,1.0,1.438
SAMN28497086,PRJNA838575,,,infant,365.0,,CA,,,,,,,primary,1.0,1.27
SAMN28497087,PRJNA838575,,,infant,365.0,,CA,,,,,,,primary,1.0,1.404
SAMN28497088,PRJNA838575,,,infant,365.0,,CA,,,,,,,primary,1.0,2.575
SAMN28497089,PRJNA838575,,,infant,365.0,,CA,,,,,,,primary,1.0,0.859
SAMN28497090,PRJNA838575,,,infant,365.0,,CA,,,,,,,primary,1.0,1.196
SAMN28497091,PRJNA838575,,,infant,365.0,,CA,,,,,,,primary,1.0,1.117
SAMN28497092,PRJNA838575,,,infant,365.0,,CA,,,,,,,primary,1.0,0.564
SAMN28497093,PRJNA838575,,,infant,365.0,,CA,,,,,,,primary,1.0,1.371
SAMN28497094,PRJNA838575,,,infant,365.0,,CA,,,,,,,primary,1.0,1.1
SAMN28497095,PRJNA838575,,,infant,365.0,,CA,,,,,,,primary,1.0,2.364
SAMN28497096,PRJNA838575,,,infant,365.0,,CA,,,,,,,primary,1.0,2.416
SAMN28497097,PRJNA838575,,,infant,365.0,,CA,,,,,,,primary,1.0,2.039
SAMN28497098,PRJNA838575,,,infant,365.0,,CA,,,,,,,primary,1.0,2.688
SAMN28497099,PRJNA838575,,,infant,365.0,,CA,,,,,,,primary,1.0,2.231
SAMN28497100,PRJNA838575,,,infant,365.0,,CA,,,,,,,primary,1.0,1.645
SAMN28497101,PRJNA838575,,,infant,365.0,,CA,,,,,,,primary,1.0,1.832
SAMN28497102,PRJNA838575,,,infant,365.0,,CA,,,,,,,primary,1.0,1.871
SAMN28497103,PRJNA838575,,,infant,365.0,,CA,,,,,,,primary,1.0,1.837
SAMN28497104,PRJNA838575,,,infant,365.0,,CA,,,,,,,primary,1.0,1.811
SAMN28497105,PRJNA838575,,,infant,365.0,,CA,,,,,,,primary,1.0,1.775
SAMN28497106,PRJNA838575,,,infant,365.0,,CA,,,,,,,primary,1.0,1.719
SAMN28497107,PRJNA838575,,,infant,365.0,,CA,,,,,,,primary,1.0,1.585
SAMN28497108,PRJNA838575,,,infant,365.0,,CA,,,,,,,primary,1.0,1.069
SAMN28497109,PRJNA838575,,,infant,365.0,,CA,,,,,,,primary,1.0,1.269
SAMN28497110,PRJNA838575,,,infant,365.0,,CA,,,,,,,primary,1.0,1.634
SAMN28497111,PRJNA838575,,,infant,365.0,,CA,,,,,,,primary,1.0,1.207
SAMN28497112,PRJNA838575,,,infant,365.0,,CA,,,,,,,primary,1.0,1.94
SAMN28497113,PRJNA838575,,,infant,365.0,,CA,,,,,,,primary,1.0,1.441
SAMN28497114,PRJNA838575,,,infant,365.0,,CA,,,,,,,primary,1.0,1.284
SAMN28497115,PRJNA838575,,,infant,365.0,,CA,,,,,,,primary,1.0,2.513
SAMN28497116,PRJNA838575,,,infant,365.0,,CA,,,,,,,primary,1.0,0.385
SAMN28497117,PRJNA838575,,,infant,365.0,,CA,,,,,,,primary,1.0,1.603
SAMN28497118,PRJNA838575,,,infant,365.0,,CA,,,,,,,primary,1.0,2.817
SAMN28497119,PRJNA838575,,,infant,365.0,,CA,,,,,,,primary,1.0,1.431
SAMN28497120,PRJNA838575,,,infant,365.0,,CA,,,,,,,primary,1.0,1.862
SAMN28497121,PRJNA838575,,,infant,365.0,,CA,,,,,,,primary,1.0,3.051
SAMN28497122,PRJNA838575,,,infant,365.0,,CA,,,,,,,primary,1.0,0.567
SAMN28497123,PRJNA838575,,,infant,365.0,,CA,,,,,,,primary,1.0,3.055
SAMN28497124,PRJNA838575,,,infant,365.0,,CA,,,,,,,primary,1.0,1.757
SAMN28497125,PRJNA838575,,,infant,365.0,,CA,,,,,,,primary,1.0,2.491
SAMN28497126,PRJNA838575,,,infant,365.0,,CA,,,,,,,primary,1.0,0.917
SAMN28497127,PRJNA838575,,,infant,365.0,,CA,,,,,,,primary,1.0,1.278
SAMN28497128,PRJNA838575,,,infant,365.0,,CA,,,,,,,primary,1.0,1.331
SAMN28497129,PRJNA838575,,,infant,365.0,,CA,,,,,,,primary,1.0,1.969
SAMN28497130,PRJNA838575,,,infant,365.0,,CA,,,,,,,primary,1.0,0.606
SAMN28497131,PRJNA838575,,,infant,365.0,,CA,,,,,,,primary,1.0,1.217
SAMN28497132,PRJNA838575,,,infant,365.0,,CA,,,,,,,primary,1.0,1.857
SAMN28497133,PRJNA838575,,,infant,365.0,,CA,,,,,,,primary,1.0,1.134
SAMN28497134,PRJNA838575,,,infant,365.0,,CA,,,,,,,primary,1.0,3.73
SAMN28497135,PRJNA838575,,,infant,365.0,,CA,,,,,,,primary,1.0,1.629
SAMN28497136,PRJNA838575,,,infant,365.0,,CA,,,,,,,primary,1.0,1.842
SAMN28497137,PRJNA838575,,,infant,365.0,,CA,,,,,,,primary,1.0,1.138
SAMN28497138,PRJNA838575,,,infant,365.0,,CA,,,,,,,primary,1.0,1.307
SAMN28497139,PRJNA838575,,,infant,365.0,,CA,,,,,,,primary,1.0,1.604
SAMN28497140,PRJNA838575,,,infant,365.0,,CA,,,,,,,primary,1.0,1.511
SAMN28497141,PRJNA838575,,,infant,365.0,,CA,,,,,,,primary,1.0,1.683
SAMN28497142,PRJNA838575,,,infant,365.0,,CA,,,,,,,primary,1.0,1.952
SAMN28497143,PRJNA838575,,,infant,365.0,,CA,,,,,,,primary,1.0,1.112
SAMN28497144,PRJNA838575,,,infant,365.0,,CA,,,,,,,primary,1.0,2.445
SAMN28497145,PRJNA838575,,,infant,365.0,,CA,,,,,,,primary,1.0,1.921
SAMN28497146,PRJNA838575,,,infant,365.0,,CA,,,,,,,primary,1.0,1.015
SAMN28497147,PRJNA838575,,,infant,365.0,,CA,,,,,,,primary,1.0,1.07
SAMN28497148,PRJNA838575,,,infant,365.0,,CA,,,,,,,primary,1.0,1.681
SAMN28497149,PRJNA838575,,,infant,365.0,,CA,,,,,,,primary,1.0,1.428
SAMN28497150,PRJNA838575,,,infant,365.0,,CA,,,,,,,primary,1.0,1.445
SAMN28497151,PRJNA838575,,,infant,365.0,,CA,,,,,,,primary,1.0,1.221
SAMN28497152,PRJNA838575,,,infant,365.0,,CA,,,,,,,primary,1.0,1.434
SAMN28497153,PRJNA838575,,,infant,365.0,,CA,,,,,,,primary,1.0,1.526
SAMN28497154,PRJNA838575,,,infant,365.0,,CA,,,,,,,primary,1.0,1.412
SAMN28497155,PRJNA838575,,,infant,365.0,,CA,,,,,,,primary,1.0,1.421
SAMN28497156,PRJNA838575,,,infant,365.0,,CA,,,,,,,primary,1.0,1.5
SAMN28497157,PRJNA838575,,,infant,365.0,,CA,,,,,,,primary,1.0,1.113
SAMN28497158,PRJNA838575,,,infant,365.0,,CA,,,,,,,primary,1.0,1.516
SAMN28497159,PRJNA838575,,,infant,365.0,,CA,,,,,,,primary,1.0,1.359
SAMN28497160,PRJNA838575,,,infant,365.0,,CA,,,,,,,primary,1.0,2.632
SAMN28497161,PRJNA838575,,,infant,365.0,,CA,,,,,,,primary,1.0,1.882
SAMN28497162,PRJNA838575,,,infant,365.0,,CA,,,,,,,primary,1.0,1.406
SAMN28497163,PRJNA838575,,,infant,365.0,,CA,,,,,,,primary,1.0,2.238
SAMN28497164,PRJNA838575,,,infant,365.0,,CA,,,,,,,primary,1.0,1.817
SAMN28497165,PRJNA838575,,,infant,365.0,,CA,,,,,,,primary,1.0,0.807
SAMN28497166,PRJNA838575,,,infant,365.0,,CA,,,,,,,primary,1.0,1.835
SAMN28497167,PRJNA838575,,,infant,365.0,,CA,,,,,,,primary,1.0,1.435
SAMN28497168,PRJNA838575,,,infant,365.0,,CA,,,,,,,primary,1.0,1.227
SAMN28497169,PRJNA838575,,,infant,365.0,,CA,,,,,,,primary,1.0,1.392
SAMN28497170,PRJNA838575,,,infant,365.0,,CA,,,,,,,primary,1.0,1.054
SAMN28497171,PRJNA838575,,,infant,365.0,,CA,,,,,,,primary,1.0,1.853
SAMN28497172,PRJNA838575,,,infant,365.0,,CA,,,,,,,primary,1.0,2.351
SAMN28497173,PRJNA838575,,,infant,365.0,,CA,,,,,,,primary,1.0,2.352
SAMN28497174,PRJNA838575,,,infant,365.0,,CA,,,,,,,primary,1.0,1.835
SAMN28497175,PRJNA838575,,,infant,365.0,,CA,,,,,,,primary,1.0,3.004
SAMN28497176,PRJNA838575,,,infant,365.0,,CA,,,,,,,primary,1.0,0.994
SAMN28497177,PRJNA838575,,,infant,365.0,,CA,,,,,,,primary,1.0,1.379
SAMN28497178,PRJNA838575,,,infant,365.0,,CA,,,,,,,primary,1.0,1.412
SAMN28497179,PRJNA838575,,,infant,365.0,,CA,,,,,,,primary,1.0,1.182
SAMN28497180,PRJNA838575,,,infant,365.0,,CA,,,,,,,primary,1.0,1.671
SAMN28497181,PRJNA838575,,,infant,365.0,,CA,,,,,,,primary,1.0,1.387
SAMN28497182,PRJNA838575,,,infant,365.0,,CA,,,,,,,primary,1.0,0.253
SAMN28497183,PRJNA838575,,,infant,365.0,,CA,,,,,,,primary,1.0,1.287
SAMN28497184,PRJNA838575,,,infant,365.0,,CA,,,,,,,primary,1.0,2.53
SAMN28497185,PRJNA838575,,,infant,365.0,,CA,,,,,,,primary,1.0,1.869
SAMN28497186,PRJNA838575,,,infant,365.0,,CA,,,,,,,primary,1.0,1.291
SAMN28497187,PRJNA838575,,,infant,365.0,,CA,,,,,,,primary,1.0,1.513
SAMN28497188,PRJNA838575,,,infant,365.0,,CA,,,,,,,primary,1.0,1.841
SAMN28497189,PRJNA838575,,,infant,365.0,,CA,,,,,,,primary,1.0,1.438
SAMN28497190,PRJNA838575,,,infant,365.0,,CA,,,,,,,primary,1.0,1.799
SAMN28497191,PRJNA838575,,,infant,365.0,,CA,,,,,,,primary,1.0,2.347
SAMN28497192,PRJNA838575,,,infant,365.0,,CA,,,,,,,primary,1.0,1.496
SAMN28497193,PRJNA838575,,,infant,365.0,,CA,,,,,,,primary,1.0,0.963
SAMN28497194,PRJNA838575,,,infant,365.0,,CA,,,,,,,primary,1.0,1.703
SAMN28497195,PRJNA838575,,,infant,365.0,,CA,,,,,,,primary,1.0,1.944
SAMN28497196,PRJNA838575,,,infant,365.0,,CA,,,,,,,primary,1.0,1.736
SAMN28497197,PRJNA838575,,,infant,365.0,,CA,,,,,,,primary,1.0,2.093
SAMN28497198,PRJNA838575,,,infant,365.0,,CA,,,,,,,primary,1.0,1.971
SAMN28497199,PRJNA838575,,,infant,365.0,,CA,,,,,,,primary,1.0,2.439
SAMN28497200,PRJNA838575,,,infant,365.0,,CA,,,,,,,primary,1.0,1.555
SAMN28497201,PRJNA838575,,,infant,365.0,,CA,,,,,,,primary,1.0,0.48
SAMN28497202,PRJNA838575,,,infant,365.0,,CA,,,,,,,primary,1.0,1.958
SAMN28497203,PRJNA838575,,,infant,365.0,,CA,,,,,,,primary,1.0,3.582
SAMN28497204,PRJNA838575,,,infant,365.0,,CA,,,,,,,primary,1.0,0.994
SAMN28497205,PRJNA838575,,,infant,365.0,,CA,,,,,,,primary,1.0,1.478
SAMN28497206,PRJNA838575,,,infant,365.0,,CA,,,,,,,primary,1.0,0.102
SAMN28497207,PRJNA838575,,,infant,365.0,,CA,,,,,,,primary,1.0,1.426
SAMN28497208,PRJNA838575,,,infant,365.0,,CA,,,,,,,primary,1.0,1.378
SAMN28497209,PRJNA838575,,,infant,365.0,,CA,,,,,,,primary,1.0,1.432
SAMN28497210,PRJNA838575,,,infant,365.0,,CA,,,,,,,primary,1.0,3.394
SAMN28497211,PRJNA838575,,,infant,365.0,,CA,,,,,,,primary,1.0,1.937
SAMN28497212,PRJNA838575,,,infant,365.0,,CA,,,,,,,primary,1.0,1.246
SAMN28497213,PRJNA838575,,,infant,365.0,,CA,,,,,,,primary,1.0,2.316
SAMN28497214,PRJNA838575,,,infant,365.0,,CA,,,,,,,primary,1.0,1.396
SAMN28497215,PRJNA838575,,,infant,365.0,,CA,,,,,,,primary,1.0,1.926
SAMN28497216,PRJNA838575,,,infant,365.0,,CA,,,,,,,primary,1.0,1.521
SAMN28497217,PRJNA838575,,,infant,365.0,,CA,,,,,,,primary,1.0,1.14
SAMN28497218,PRJNA838575,,,infant,365.0,,CA,,,,,,,primary,1.0,1.223
SAMN28497219,PRJNA838575,,,infant,365.0,,CA,,,,,,,primary,1.0,2.041
SAMN28497220,PRJNA838575,,,infant,365.0,,CA,,,,,,,primary,1.0,0.841
SAMN28497221,PRJNA838575,,,infant,365.0,,CA,,,,,,,primary,1.0,2.231
SAMN28497222,PRJNA838575,,,infant,365.0,,CA,,,,,,,primary,1.0,1.845
SAMN28497223,PRJNA838575,,,infant,365.0,,CA,,,,,,,primary,1.0,2.75
SAMN28497224,PRJNA838575,,,infant,365.0,,CA,,,,,,,primary,1.0,1.896
SAMN28497225,PRJNA838575,,,infant,365.0,,CA,,,,,,,primary,1.0,1.688
SAMN28497226,PRJNA838575,,,infant,365.0,,CA,,,,,,,primary,1.0,1.052
SAMN28497227,PRJNA838575,,,infant,365.0,,CA,,,,,,,primary,1.0,2.395
SAMN28497228,PRJNA838575,,,infant,365.0,,CA,,,,,,,primary,1.0,2.068
SAMN28497229,PRJNA838575,,,infant,365.0,,CA,,,,,,,primary,1.0,1.711
SAMN28497230,PRJNA838575,,,infant,365.0,,CA,,,,,,,primary,1.0,1.23
SAMN28497231,PRJNA838575,,,infant,365.0,,CA,,,,,,,primary,1.0,1.574
SAMN28497232,PRJNA838575,,,infant,365.0,,CA,,,,,,,primary,1.0,1.95
SAMN28497233,PRJNA838575,,,infant,365.0,,CA,,,,,,,primary,1.0,1.709
SAMN28497234,PRJNA838575,,,infant,365.0,,CA,,,,,,,primary,1.0,0.926
SAMN28497235,PRJNA838575,,,infant,365.0,,CA,,,,,,,primary,1.0,0.157
SAMN28497236,PRJNA838575,,,infant,365.0,,CA,,,,,,,primary,1.0,1.69
SAMN28497237,PRJNA838575,,,infant,365.0,,CA,,,,,,,primary,1.0,1.776
SAMN28497238,PRJNA838575,,,infant,365.0,,CA,,,,,,,primary,1.0,1.342
SAMN28497239,PRJNA838575,,,infant,365.0,,CA,,,,,,,primary,1.0,1.566
SAMN28497240,PRJNA838575,,,infant,365.0,,CA,,,,,,,primary,1.0,1.754
SAMN28497241,PRJNA838575,,,infant,365.0,,CA,,,,,,,primary,1.0,1.131
SAMN28497242,PRJNA838575,,,infant,365.0,,CA,,,,,,,primary,1.0,1.51
SAMN28497243,PRJNA838575,,,infant,365.0,,CA,,,,,,,primary,1.0,1.645
SAMN28497244,PRJNA838575,,,infant,365.0,,CA,,,,,,,primary,1.0,1.212
SAMN28497245,PRJNA838575,,,infant,365.0,,CA,,,,,,,primary,1.0,0.941
SAMN28497246,PRJNA838575,,,infant,365.0,,CA,,,,,,,primary,1.0,1.391
SAMN28497247,PRJNA838575,,,infant,365.0,,CA,,,,,,,primary,1.0,1.336
SAMN28497248,PRJNA838575,,,infant,365.0,,CA,,,,,,,primary,1.0,2.563
SAMN28497249,PRJNA838575,,,infant,365.0,,CA,,,,,,,primary,1.0,2.017
SAMN28497250,PRJNA838575,,,infant,365.0,,CA,,,,,,,primary,1.0,1.541
SAMN28497251,PRJNA838575,,,infant,365.0,,CA,,,,,,,primary,1.0,1.627
SAMN28497252,PRJNA838575,,,infant,365.0,,CA,,,,,,,primary,1.0,1.641
SAMN28497253,PRJNA838575,,,infant,365.0,,CA,,,,,,,primary,1.0,0.966
SAMN28497254,PRJNA838575,,,infant,365.0,,CA,,,,,,,primary,1.0,2.051
SAMN28497255,PRJNA838575,,,infant,365.0,,CA,,,,,,,primary,1.0,1.253
SAMN28497256,PRJNA838575,,,infant,365.0,,CA,,,,,,,primary,1.0,1.587
SAMN28497257,PRJNA838575,,,infant,365.0,,CA,,,,,,,primary,1.0,1.617
SAMN28497258,PRJNA838575,,,infant,365.0,,CA,,,,,,,primary,1.0,1.373
SAMN28497259,PRJNA838575,,,infant,365.0,,CA,,,,,,,primary,1.0,1.307
SAMN28497260,PRJNA838575,,,infant,365.0,,CA,,,,,,,primary,1.0,1.313
SAMN28497261,PRJNA838575,,,infant,365.0,,CA,,,,,,,primary,1.0,1.569
SAMN28497262,PRJNA838575,,,infant,365.0,,CA,,,,,,,primary,1.0,1.945
SAMN28497263,PRJNA838575,,,infant,365.0,,CA,,,,,,,primary,1.0,1.327
SAMN28497264,PRJNA838575,,,infant,365.0,,CA,,,,,,,primary,1.0,1.248
SAMN28497265,PRJNA838575,,,infant,365.0,,CA,,,,,,,primary,1.0,1.368
SAMN28497266,PRJNA838575,,,infant,365.0,,CA,,,,,,,primary,1.0,1.645
SAMN28497267,PRJNA838575,,,infant,365.0,,CA,,,,,,,primary,1.0,1.727
SAMN28497268,PRJNA838575,,,infant,365.0,,CA,,,,,,,primary,1.0,2.169
SAMN28497269,PRJNA838575,,,infant,365.0,,CA,,,,,,,primary,1.0,1.62
SAMN28497270,PRJNA838575,,,infant,365.0,,CA,,,,,,,primary,1.0,0.842
SAMN28497271,PRJNA838575,,,infant,365.0,,CA,,,,,,,primary,1.0,2.21
SAMN28497272,PRJNA838575,,,infant,365.0,,CA,,,,,,,primary,1.0,1.131
SAMN28497273,PRJNA838575,,,infant,365.0,,CA,,,,,,,primary,1.0,0.406
SAMN28497274,PRJNA838575,,,infant,365.0,,CA,,,,,,,primary,1.0,1.291
SAMN28497275,PRJNA838575,,,infant,365.0,,CA,,,,,,,primary,1.0,1.812
SAMN28497276,PRJNA838575,,,infant,365.0,,CA,,,,,,,primary,1.0,2.217
SAMN28497277,PRJNA838575,,,infant,365.0,,CA,,,,,,,primary,1.0,0.114
SAMN28497278,PRJNA838575,,,infant,365.0,,CA,,,,,,,primary,1.0,0.938
SAMN28497279,PRJNA838575,,,infant,365.0,,CA,,,,,,,primary,1.0,1.813
SAMN28497280,PRJNA838575,,,infant,365.0,,CA,,,,,,,primary,1.0,2.171
SAMN28497281,PRJNA838575,,,infant,365.0,,CA,,,,,,,primary,1.0,2.495
SAMN28497282,PRJNA838575,,,infant,365.0,,CA,,,,,,,primary,1.0,1.896
SAMN28497283,PRJNA838575,,,infant,365.0,,CA,,,,,,,primary,1.0,2.098
SAMN28497284,PRJNA838575,,,infant,365.0,,CA,,,,,,,primary,1.0,2.087
SAMN28497285,PRJNA838575,,,infant,365.0,,CA,,,,,,,primary,1.0,1.185
SAMN28497286,PRJNA838575,,,infant,365.0,,CA,,,,,,,primary,1.0,2.318
SAMN28497287,PRJNA838575,,,infant,365.0,,CA,,,,,,,primary,1.0,2.863
SAMN28497288,PRJNA838575,,,infant,365.0,,CA,,,,,,,primary,1.0,1.248
SAMN28497289,PRJNA838575,,,infant,365.0,,CA,,,,,,,primary,1.0,1.115
SAMN28497290,PRJNA838575,,,infant,365.0,,CA,,,,,,,primary,1.0,1.617
SAMN28497291,PRJNA838575,,,infant,365.0,,CA,,,,,,,primary,1.0,1.204
SAMN28497292,PRJNA838575,,,infant,365.0,,CA,,,,,,,primary,1.0,1.981
SAMN28497293,PRJNA838575,,,infant,365.0,,CA,,,,,,,primary,1.0,0.595
SAMN28497294,PRJNA838575,,,infant,365.0,,CA,,,,,,,primary,1.0,1.403
SAMN28497295,PRJNA838575,,,infant,365.0,,CA,,,,,,,primary,1.0,1.896
SAMN28497296,PRJNA838575,,,infant,365.0,,CA,,,,,,,primary,1.0,2.756
SAMN28497297,PRJNA838575,,,infant,365.0,,CA,,,,,,,primary,1.0,1.947
SAMN28497298,PRJNA838575,,,infant,365.0,,CA,,,,,,,primary,1.0,2.549
SAMN28497299,PRJNA838575,,,infant,365.0,,CA,,,,,,,primary,1.0,2.024
SAMN28497300,PRJNA838575,,,infant,365.0,,CA,,,,,,,primary,1.0,1.988
SAMN28497301,PRJNA838575,,,infant,365.0,,CA,,,,,,,primary,1.0,1.304
SAMN28497302,PRJNA838575,,,infant,365.0,,CA,,,,,,,primary,1.0,1.479
SAMN28497303,PRJNA838575,,,infant,365.0,,CA,,,,,,,primary,1.0,2.238
SAMN28497304,PRJNA838575,,,infant,365.0,,CA,,,,,,,primary,1.0,2.197
SAMN28497305,PRJNA838575,,,infant,365.0,,CA,,,,,,,primary,1.0,1.441
SAMN28497306,PRJNA838575,,,infant,365.0,,CA,,,,,,,primary,1.0,1.205
SAMN28497307,PRJNA838575,,,infant,365.0,,CA,,,,,,,primary,1.0,1.224
SAMN28497308,PRJNA838575,,,infant,365.0,,CA,,,,,,,primary,1.0,1.589
SAMN28497309,PRJNA838575,,,infant,365.0,,CA,,,,,,,primary,1.0,1.0
SAMN28497310,PRJNA838575,,,infant,365.0,,CA,,,,,,,primary,1.0,1.837
SAMN28497311,PRJNA838575,,,infant,365.0,,CA,,,,,,,primary,1.0,2.887
SAMN28497312,PRJNA838575,,,infant,365.0,,CA,,,,,,,primary,1.0,1.295
SAMN28497313,PRJNA838575,,,infant,365.0,,CA,,,,,,,primary,1.0,1.304
SAMN28497314,PRJNA838575,,,infant,365.0,,CA,,,,,,,primary,1.0,2.912
SAMN28497315,PRJNA838575,,,infant,365.0,,CA,,,,,,,primary,1.0,2.043
SAMN28497316,PRJNA838575,,,infant,365.0,,CA,,,,,,,primary,1.0,1.09
SAMN28497317,PRJNA838575,,,infant,365.0,,CA,,,,,,,primary,1.0,1.401
SAMN28497318,PRJNA838575,,,infant,365.0,,CA,,,,,,,primary,1.0,1.799
SAMN28497319,PRJNA838575,,,infant,365.0,,CA,,,,,,,primary,1.0,2.732
SAMN28497320,PRJNA838575,,,infant,365.0,,CA,,,,,,,primary,1.0,2.073
SAMN28497321,PRJNA838575,,,infant,365.0,,CA,,,,,,,primary,1.0,1.316
SAMN28497322,PRJNA838575,,,infant,365.0,,CA,,,,,,,primary,1.0,1.729
SAMN28497323,PRJNA838575,,,infant,365.0,,CA,,,,,,,primary,1.0,1.66
SAMN28497324,PRJNA838575,,,infant,365.0,,CA,,,,,,,primary,1.0,0.789
SAMN28497325,PRJNA838575,,,infant,365.0,,CA,,,,,,,primary,1.0,1.524
SAMN28497326,PRJNA838575,,,infant,365.0,,CA,,,,,,,primary,1.0,1.292
SAMN28497327,PRJNA838575,,,infant,365.0,,CA,,,,,,,primary,1.0,1.787
SAMN28497328,PRJNA838575,,,infant,365.0,,CA,,,,,,,primary,1.0,1.92
SAMN28497329,PRJNA838575,,,infant,365.0,,CA,,,,,,,primary,1.0,1.426
SAMN28497330,PRJNA838575,,,infant,365.0,,CA,,,,,,,primary,1.0,1.386
SAMN28497331,PRJNA838575,,,infant,365.0,,CA,,,,,,,primary,1.0,0.342
SAMN28497332,PRJNA838575,,,infant,365.0,,CA,,,,,,,primary,1.0,1.304
SAMN28497333,PRJNA838575,,,infant,365.0,,CA,,,,,,,primary,1.0,1.753
SAMN28497334,PRJNA838575,,,infant,365.0,,CA,,,,,,,primary,1.0,1.766
SAMN28497335,PRJNA838575,,,infant,365.0,,CA,,,,,,,primary,1.0,2.179
SAMN28497336,PRJNA838575,,,infant,365.0,,CA,,,,,,,primary,1.0,0.908
SAMN28497337,PRJNA838575,,,infant,365.0,,CA,,,,,,,primary,1.0,1.415
SAMN28497338,PRJNA838575,,,infant,365.0,,CA,,,,,,,primary,1.0,1.243
SAMN28497339,PRJNA838575,,,infant,365.0,,CA,,,,,,,primary,1.0,1.661
SAMN28497340,PRJNA838575,,,infant,365.0,,CA,,,,,,,primary,1.0,1.83
SAMN28497341,PRJNA838575,,,infant,365.0,,CA,,,,,,,primary,1.0,0.897
SAMN28497342,PRJNA838575,,,infant,365.0,,CA,,,,,,,primary,1.0,2.593
SAMN28497343,PRJNA838575,,,infant,365.0,,CA,,,,,,,primary,1.0,1.347
SAMN28497344,PRJNA838575,,,infant,365.0,,CA,,,,,,,primary,1.0,3.193
SAMN28497345,PRJNA838575,,,infant,365.0,,CA,,,,,,,primary,1.0,1.831
SAMN28497346,PRJNA838575,,,infant,365.0,,CA,,,,,,,primary,1.0,1.314
SAMN28497347,PRJNA838575,,,infant,365.0,,CA,,,,,,,primary,1.0,3.039
SAMN28497348,PRJNA838575,,,infant,365.0,,CA,,,,,,,primary,1.0,1.893
SAMN28497349,PRJNA838575,,,infant,365.0,,CA,,,,,,,primary,1.0,2.161
SAMN28497350,PRJNA838575,,,infant,365.0,,CA,,,,,,,primary,1.0,1.763
SAMN28497351,PRJNA838575,,,infant,365.0,,CA,,,,,,,primary,1.0,3.29
SAMN28497352,PRJNA838575,,,infant,365.0,,CA,,,,,,,primary,1.0,1.03
SAMN28497353,PRJNA838575,,,infant,365.0,,CA,,,,,,,primary,1.0,1.559
SAMN28497354,PRJNA838575,,,infant,365.0,,CA,,,,,,,primary,1.0,1.675
SAMN28497355,PRJNA838575,,,infant,365.0,,CA,,,,,,,primary,1.0,2.392
SAMN28497356,PRJNA838575,,,infant,365.0,,CA,,,,,,,primary,1.0,0.793
SAMN28497357,PRJNA838575,,,infant,365.0,,CA,,,,,,,primary,1.0,1.237
SAMN28497358,PRJNA838575,,,infant,365.0,,CA,,,,,,,primary,1.0,1.767
SAMN28497359,PRJNA838575,,,infant,365.0,,CA,,,,,,,primary,1.0,2.544
SAMN28497360,PRJNA838575,,,infant,365.0,,CA,,,,,,,primary,1.0,1.256
SAMN28497361,PRJNA838575,,,infant,365.0,,CA,,,,,,,primary,1.0,1.482
SAMN28497362,PRJNA838575,,,infant,365.0,,CA,,,,,,,primary,1.0,2.293
SAMN28497363,PRJNA838575,,,infant,365.0,,CA,,,,,,,primary,1.0,2.773
SAMN28497364,PRJNA838575,,,infant,365.0,,CA,,,,,,,primary,1.0,1.739
SAMN28497365,PRJNA838575,,,infant,365.0,,CA,,,,,,,primary,1.0,1.436
SAMN28497366,PRJNA838575,,,infant,365.0,,CA,,,,,,,primary,1.0,1.014
SAMN28497367,PRJNA838575,,,infant,365.0,,CA,,,,,,,primary,1.0,1.439
SAMN28497368,PRJNA838575,,,infant,365.0,,CA,,,,,,,primary,1.0,1.401
SAMN28497369,PRJNA838575,,,infant,365.0,,CA,,,,,,,primary,1.0,0.893
SAMN28497370,PRJNA838575,,,infant,365.0,,CA,,,,,,,primary,1.0,1.566
SAMN28497371,PRJNA838575,,,infant,365.0,,CA,,,,,,,primary,1.0,1.422
SAMN28497372,PRJNA838575,,,infant,365.0,,CA,,,,,,,primary,1.0,2.029
SAMN28497373,PRJNA838575,,,infant,365.0,,CA,,,,,,,primary,1.0,1.992
SAMN28497374,PRJNA838575,,,infant,365.0,,CA,,,,,,,primary,1.0,1.521
SAMN28497375,PRJNA838575,,,infant,365.0,,CA,,,,,,,primary,1.0,1.496
SAMN28497376,PRJNA838575,,,infant,365.0,,CA,,,,,,,primary,1.0,1.417
SAMN28497377,PRJNA838575,,,infant,365.0,,CA,,,,,,,primary,1.0,1.933
SAMN28497378,PRJNA838575,,,infant,365.0,,CA,,,,,,,primary,1.0,1.429
SAMN28497379,PRJNA838575,,,infant,365.0,,CA,,,,,,,primary,1.0,1.532
SAMN28497380,PRJNA838575,,,infant,365.0,,CA,,,,,,,primary,1.0,1.359
SAMN28497381,PRJNA838575,,,infant,365.0,,CA,,,,,,,primary,1.0,1.328
SAMN28497382,PRJNA838575,,,infant,365.0,,CA,,,,,,,primary,1.0,1.429
SAMN28497383,PRJNA838575,,,infant,365.0,,CA,,,,,,,primary,1.0,1.683
SAMN28497384,PRJNA838575,,,infant,365.0,,CA,,,,,,,primary,1.0,1.09
SAMN28497385,PRJNA838575,,,infant,365.0,,CA,,,,,,,primary,1.0,1.951
SAMN28497386,PRJNA838575,,,infant,365.0,,CA,,,,,,,primary,1.0,1.346
SAMN28497387,PRJNA838575,,,infant,365.0,,CA,,,,,,,primary,1.0,1.228
SAMN28497388,PRJNA838575,,,infant,365.0,,CA,,,,,,,primary,1.0,1.602
SAMN28497389,PRJNA838575,,,infant,365.0,,CA,,,,,,,primary,1.0,1.306
SAMN28497390,PRJNA838575,,,infant,365.0,,CA,,,,,,,primary,1.0,1.527
SAMN28497391,PRJNA838575,,,infant,365.0,,CA,,,,,,,primary,1.0,1.51
SAMN28497392,PRJNA838575,,,infant,365.0,,CA,,,,,,,primary,1.0,2.063
SAMN28497393,PRJNA838575,,,infant,365.0,,CA,,,,,,,primary,1.0,1.455
SAMN28497394,PRJNA838575,,,infant,365.0,,CA,,,,,,,primary,1.0,1.842
SAMN28497395,PRJNA838575,,,infant,365.0,,CA,,,,,,,primary,1.0,1.89
SAMN28497396,PRJNA838575,,,infant,365.0,,CA,,,,,,,primary,1.0,1.445
SAMN28497397,PRJNA838575,,,infant,365.0,,CA,,,,,,,primary,1.0,1.064
SAMN28497398,PRJNA838575,,,infant,365.0,,CA,,,,,,,primary,1.0,2.25
SAMN28497399,PRJNA838575,,,infant,365.0,,CA,,,,,,,primary,1.0,1.123
SAMN28497400,PRJNA838575,,,infant,365.0,,CA,,,,,,,primary,1.0,1.168
SAMN28497401,PRJNA838575,,,infant,365.0,,CA,,,,,,,primary,1.0,1.067
SAMN28497402,PRJNA838575,,,infant,365.0,,CA,,,,,,,primary,1.0,1.181
SAMN28497403,PRJNA838575,,,infant,365.0,,CA,,,,,,,primary,1.0,1.637
SAMN28497404,PRJNA838575,,,infant,365.0,,CA,,,,,,,primary,1.0,1.073
SAMN28497405,PRJNA838575,,,infant,365.0,,CA,,,,,,,primary,1.0,1.056
SAMN28497406,PRJNA838575,,,infant,365.0,,CA,,,,,,,primary,1.0,1.77
SAMN28497407,PRJNA838575,,,infant,365.0,,CA,,,,,,,primary,1.0,1.111
SAMN28497408,PRJNA838575,,,infant,365.0,,CA,,,,,,,primary,1.0,1.447
SAMN28497409,PRJNA838575,,,infant,365.0,,CA,,,,,,,primary,1.0,0.884
SAMN28497410,PRJNA838575,,,infant,365.0,,CA,,,,,,,primary,1.0,1.257
SAMN28497411,PRJNA838575,,,infant,365.0,,CA,,,,,,,primary,1.0,1.893
SAMN28497412,PRJNA838575,,,infant,365.0,,CA,,,,,,,primary,1.0,1.229
SAMN28497413,PRJNA838575,,,infant,365.0,,CA,,,,,,,primary,1.0,1.213
SAMN28497414,PRJNA838575,,,infant,365.0,,CA,,,,,,,primary,1.0,1.866
SAMN28497415,PRJNA838575,,,infant,365.0,,CA,,,,,,,primary,1.0,1.733
SAMN28497416,PRJNA838575,,,infant,365.0,,CA,,,,,,,primary,1.0,1.301
SAMN28497417,PRJNA838575,,,infant,365.0,,CA,,,,,,,primary,1.0,2.86
SAMN28497418,PRJNA838575,,,infant,365.0,,CA,,,,,,,primary,1.0,1.004
SAMN28497419,PRJNA838575,,,infant,365.0,,CA,,,,,,,primary,1.0,0.98
SAMN28497420,PRJNA838575,,,infant,365.0,,CA,,,,,,,primary,1.0,1.098
SAMN28497421,PRJNA838575,,,infant,365.0,,CA,,,,,,,primary,1.0,2.272
SAMN28497422,PRJNA838575,,,infant,365.0,,CA,,,,,,,primary,1.0,2.617
SAMN28497423,PRJNA838575,,,infant,365.0,,CA,,,,,,,primary,1.0,1.389
SAMN28497424,PRJNA838575,,,infant,365.0,,CA,,,,,,,primary,1.0,1.45
SAMN28497425,PRJNA838575,,,infant,365.0,,CA,,,,,,,primary,1.0,0.847
SAMN28497426,PRJNA838575,,,infant,365.0,,CA,,,,,,,primary,1.0,1.604
SAMN28497427,PRJNA838575,,,infant,365.0,,CA,,,,,,,primary,1.0,2.064
SAMN28497428,PRJNA838575,,,infant,365.0,,CA,,,,,,,primary,1.0,1.355
SAMN28497429,PRJNA838575,,,infant,365.0,,CA,,,,,,,primary,1.0,0.79
SAMN28497430,PRJNA838575,,,infant,365.0,,CA,,,,,,,primary,1.0,1.686
SAMN28497431,PRJNA838575,,,infant,365.0,,CA,,,,,,,primary,1.0,1.485
SAMN28497432,PRJNA838575,,,infant,365.0,,CA,,,,,,,primary,1.0,1.417
SAMN28497433,PRJNA838575,,,infant,365.0,,CA,,,,,,,primary,1.0,1.759
SAMN28497434,PRJNA838575,,,infant,365.0,,CA,,,,,,,primary,1.0,1.679
SAMN28497435,PRJNA838575,,,infant,365.0,,CA,,,,,,,primary,1.0,0.67
SAMN28497436,PRJNA838575,,,infant,365.0,,CA,,,,,,,primary,1.0,0.985
SAMN28497437,PRJNA838575,,,infant,365.0,,CA,,,,,,,primary,1.0,2.953
SAMN28497438,PRJNA838575,,,infant,365.0,,CA,,,,,,,primary,1.0,1.52
SAMN28497439,PRJNA838575,,,infant,365.0,,CA,,,,,,,primary,1.0,1.47
SAMN28497440,PRJNA838575,,,infant,365.0,,CA,,,,,,,primary,1.0,0.897
SAMN28497441,PRJNA838575,,,infant,365.0,,CA,,,,,,,primary,1.0,1.991
SAMN28497442,PRJNA838575,,,infant,365.0,,CA,,,,,,,primary,1.0,1.683
SAMN28497443,PRJNA838575,,,infant,365.0,,CA,,,,,,,primary,1.0,1.415
SAMN28497444,PRJNA838575,,,infant,365.0,,CA,,,,,,,primary,1.0,1.946
SAMN28497445,PRJNA838575,,,infant,365.0,,CA,,,,,,,primary,1.0,2.155
SAMN28497446,PRJNA838575,,,infant,365.0,,CA,,,,,,,primary,1.0,1.844
SAMN28497447,PRJNA838575,,,infant,365.0,,CA,,,,,,,primary,1.0,1.433
SAMN28497448,PRJNA838575,,,infant,365.0,,CA,,,,,,,primary,1.0,1.659
SAMN28497449,PRJNA838575,,,infant,365.0,,CA,,,,,,,primary,1.0,2.981
SAMN28497450,PRJNA838575,,,infant,365.0,,CA,,,,,,,primary,1.0,2.019
SAMN28497451,PRJNA838575,,,infant,365.0,,CA,,,,,,,primary,1.0,1.256
SAMN28497452,PRJNA838575,,,infant,365.0,,CA,,,,,,,primary,1.0,0.962
SAMN28497453,PRJNA838575,,,infant,365.0,,CA,,,,,,,primary,1.0,1.354
SAMN28497454,PRJNA838575,,,infant,365.0,,CA,,,,,,,primary,1.0,1.257
SAMN28497455,PRJNA838575,,,infant,365.0,,CA,,,,,,,primary,1.0,1.542
SAMN28497456,PRJNA838575,,,infant,365.0,,CA,,,,,,,primary,1.0,1.744
SAMN28497457,PRJNA838575,,,infant,365.0,,CA,,,,,,,primary,1.0,2.711
SAMN28497458,PRJNA838575,,,infant,365.0,,CA,,,,,,,primary,1.0,1.462
SAMN28497459,PRJNA838575,,,infant,365.0,,CA,,,,,,,primary,1.0,2.4
SAMN28497460,PRJNA838575,,,infant,365.0,,CA,,,,,,,primary,1.0,1.228
SAMN28497461,PRJNA838575,,,infant,365.0,,CA,,,,,,,primary,1.0,0.487
SAMN28497462,PRJNA838575,,,infant,365.0,,CA,,,,,,,primary,1.0,2.054
SAMN28497463,PRJNA838575,,,infant,365.0,,CA,,,,,,,primary,1.0,1.556
SAMN28497464,PRJNA838575,,,infant,365.0,,CA,,,,,,,primary,1.0,1.691
SAMN28497465,PRJNA838575,,,infant,365.0,,CA,,,,,,,primary,1.0,1.525
SAMN28497466,PRJNA838575,,,infant,365.0,,CA,,,,,,,primary,1.0,1.227
SAMN28497467,PRJNA838575,,,infant,365.0,,CA,,,,,,,primary,1.0,1.638
SAMN28497468,PRJNA838575,,,infant,365.0,,CA,,,,,,,primary,1.0,1.519
SAMN28497469,PRJNA838575,,,infant,365.0,,CA,,,,,,,primary,1.0,1.454
SAMN28497470,PRJNA838575,,,infant,365.0,,CA,,,,,,,primary,1.0,1.163
SAMN28497471,PRJNA838575,,,infant,365.0,,CA,,,,,,,primary,1.0,0.023
SAMN28497472,PRJNA838575,,,infant,365.0,,CA,,,,,,,primary,1.0,2.115
SAMN28497473,PRJNA838575,,,infant,365.0,,CA,,,,,,,primary,1.0,1.529
SAMN28497474,PRJNA838575,,,infant,365.0,,CA,,,,,,,primary,1.0,2.369
SAMN28497475,PRJNA838575,,,infant,365.0,,CA,,,,,,,primary,1.0,2.241
SAMN28497476,PRJNA838575,,,infant,365.0,,CA,,,,,,,primary,1.0,2.595
SAMN28497477,PRJNA838575,,,infant,365.0,,CA,,,,,,,primary,1.0,1.493
SAMN28497478,PRJNA838575,,,infant,365.0,,CA,,,,,,,primary,1.0,1.368
SAMN28497479,PRJNA838575,,,infant,365.0,,CA,,,,,,,primary,1.0,1.447
SAMN28497480,PRJNA838575,,,infant,365.0,,CA,,,,,,,primary,1.0,1.615
SAMN28497481,PRJNA838575,,,infant,365.0,,CA,,,,,,,primary,1.0,1.42
SAMN28497482,PRJNA838575,,,infant,365.0,,CA,,,,,,,primary,1.0,1.546
SAMN28497483,PRJNA838575,,,infant,365.0,,CA,,,,,,,primary,1.0,0.488
SAMN28497484,PRJNA838575,,,infant,365.0,,CA,,,,,,,primary,1.0,1.182
SAMN28497485,PRJNA838575,,,infant,365.0,,CA,,,,,,,primary,1.0,1.438
SAMN28497486,PRJNA838575,,,infant,365.0,,CA,,,,,,,primary,1.0,1.731
SAMN28497487,PRJNA838575,,,infant,365.0,,CA,,,,,,,primary,1.0,1.722
SAMN28497488,PRJNA838575,,,infant,365.0,,CA,,,,,,,primary,1.0,1.63
SAMN28497489,PRJNA838575,,,infant,365.0,,CA,,,,,,,primary,1.0,0.048
SAMN28497490,PRJNA838575,,,infant,365.0,,CA,,,,,,,primary,1.0,3.037
SAMN28497491,PRJNA838575,,,infant,365.0,,CA,,,,,,,primary,1.0,1.733
SAMN28497492,PRJNA838575,,,infant,365.0,,CA,,,,,,,primary,1.0,1.2
SAMN28497493,PRJNA838575,,,infant,365.0,,CA,,,,,,,primary,1.0,1.421
SAMN28497494,PRJNA838575,,,infant,365.0,,CA,,,,,,,primary,1.0,1.937
SAMN28497495,PRJNA838575,,,infant,365.0,,CA,,,,,,,primary,1.0,1.14
SAMN28497496,PRJNA838575,,,infant,365.0,,CA,,,,,,,primary,1.0,0.931
SAMN28497497,PRJNA838575,,,infant,365.0,,CA,,,,,,,primary,1.0,1.776
SAMN28497498,PRJNA838575,,,infant,365.0,,CA,,,,,,,primary,1.0,1.557
SAMN28497499,PRJNA838575,,,infant,365.0,,CA,,,,,,,primary,1.0,1.334
SAMN28497500,PRJNA838575,,,infant,365.0,,CA,,,,,,,primary,1.0,1.72
SAMN28497501,PRJNA838575,,,infant,365.0,,CA,,,,,,,primary,1.0,1.178
SAMN28497502,PRJNA838575,,,infant,365.0,,CA,,,,,,,primary,1.0,1.215
SAMN28497503,PRJNA838575,,,infant,365.0,,CA,,,,,,,primary,1.0,0.904
SAMN28497504,PRJNA838575,,,infant,365.0,,CA,,,,,,,primary,1.0,1.025
SAMN28497505,PRJNA838575,,,infant,365.0,,CA,,,,,,,primary,1.0,1.31
SAMN28497506,PRJNA838575,,,infant,365.0,,CA,,,,,,,primary,1.0,2.822
SAMN28497507,PRJNA838575,,,infant,365.0,,CA,,,,,,,primary,1.0,1.562
SAMN28497508,PRJNA838575,,,infant,365.0,,CA,,,,,,,primary,1.0,1.238
SAMN28497509,PRJNA838575,,,infant,365.0,,CA,,,,,,,primary,1.0,2.158
SAMN28497510,PRJNA838575,,,infant,365.0,,CA,,,,,,,primary,1.0,2.059
SAMN28497511,PRJNA838575,,,infant,365.0,,CA,,,,,,,primary,1.0,1.17
SAMN28497512,PRJNA838575,,,infant,365.0,,CA,,,,,,,primary,1.0,1.284
SAMN28497513,PRJNA838575,,,infant,365.0,,CA,,,,,,,primary,1.0,1.976
SAMN28497514,PRJNA838575,,,infant,365.0,,CA,,,,,,,primary,1.0,1.279
SAMN28497515,PRJNA838575,,,infant,365.0,,CA,,,,,,,primary,1.0,1.809
SAMN28497516,PRJNA838575,,,infant,365.0,,CA,,,,,,,primary,1.0,3.834
SAMN28497517,PRJNA838575,,,infant,365.0,,CA,,,,,,,primary,1.0,1.811
SAMN28497518,PRJNA838575,,,infant,365.0,,CA,,,,,,,primary,1.0,1.341
SAMN28497519,PRJNA838575,,,infant,365.0,,CA,,,,,,,primary,1.0,2.139
SAMN28497520,PRJNA838575,,,infant,365.0,,CA,,,,,,,primary,1.0,1.976
SAMN28497521,PRJNA838575,,,infant,365.0,,CA,,,,,,,primary,1.0,1.294
SAMN28497522,PRJNA838575,,,infant,365.0,,CA,,,,,,,primary,1.0,1.412
SAMN28497523,PRJNA838575,,,infant,365.0,,CA,,,,,,,primary,1.0,1.169
SAMN28497524,PRJNA838575,,,infant,365.0,,CA,,,,,,,primary,1.0,1.731
SAMN28497525,PRJNA838575,,,infant,365.0,,CA,,,,,,,primary,1.0,1.286
SAMN28497526,PRJNA838575,,,infant,365.0,,CA,,,,,,,primary,1.0,1.542
SAMN28497527,PRJNA838575,,,infant,365.0,,CA,,,,,,,primary,1.0,1.692
SAMN28497528,PRJNA838575,,,infant,365.0,,CA,,,,,,,primary,1.0,1.415
SAMN28497529,PRJNA838575,,,infant,365.0,,CA,,,,,,,primary,1.0,1.381
SAMN28497530,PRJNA838575,,,infant,365.0,,CA,,,,,,,primary,1.0,0.317
SAMN28497531,PRJNA838575,,,infant,365.0,,CA,,,,,,,primary,1.0,1.302
SAMN28497532,PRJNA838575,,,infant,365.0,,CA,,,,,,,primary,1.0,1.279
SAMN28497533,PRJNA838575,,,infant,365.0,,CA,,,,,,,primary,1.0,1.283
SAMN28497534,PRJNA838575,,,infant,365.0,,CA,,,,,,,primary,1.0,0.972
SAMN28497535,PRJNA838575,,,infant,365.0,,CA,,,,,,,primary,1.0,1.433
SAMN28497536,PRJNA838575,,,infant,365.0,,CA,,,,,,,primary,1.0,1.331
SAMN28497537,PRJNA838575,,,infant,365.0,,CA,,,,,,,primary,1.0,3.185
SAMN28497538,PRJNA838575,,,infant,365.0,,CA,,,,,,,primary,1.0,1.556
SAMN28497539,PRJNA838575,,,infant,365.0,,CA,,,,,,,primary,1.0,1.336
SAMN28497540,PRJNA838575,,,infant,365.0,,CA,,,,,,,primary,1.0,2.377
SAMN28497541,PRJNA838575,,,infant,365.0,,CA,,,,,,,primary,1.0,2.998
SAMN28497542,PRJNA838575,,,infant,365.0,,CA,,,,,,,primary,1.0,2.295
SAMN28497543,PRJNA838575,,,infant,365.0,,CA,,,,,,,primary,1.0,4.078
SAMN28497544,PRJNA838575,,,infant,365.0,,CA,,,,,,,primary,1.0,2.297
SAMN28497545,PRJNA838575,,,infant,365.0,,CA,,,,,,,primary,1.0,1.56
SAMN28497546,PRJNA838575,,,infant,365.0,,CA,,,,,,,primary,1.0,1.939
SAMN28497547,PRJNA838575,,,infant,365.0,,CA,,,,,,,primary,1.0,1.972
SAMN28497548,PRJNA838575,,,infant,365.0,,CA,,,,,,,primary,1.0,1.699
SAMN28497549,PRJNA838575,,,infant,365.0,,CA,,,,,,,primary,1.0,1.15
SAMN28497550,PRJNA838575,,,infant,365.0,,CA,,,,,,,primary,1.0,1.801
SAMN28497551,PRJNA838575,,,infant,365.0,,CA,,,,,,,primary,1.0,1.047
SAMN28497552,PRJNA838575,,,infant,365.0,,CA,,,,,,,primary,1.0,1.809
SAMN28497553,PRJNA838575,,,infant,365.0,,CA,,,,,,,primary,1.0,1.237
SAMN28497554,PRJNA838575,,,infant,365.0,,CA,,,,,,,primary,1.0,2.722
SAMN28497555,PRJNA838575,,,infant,365.0,,CA,,,,,,,primary,1.0,2.33
SAMN28497556,PRJNA838575,,,infant,365.0,,CA,,,,,,,primary,1.0,2.081
SAMN28497557,PRJNA838575,,,infant,365.0,,CA,,,,,,,primary,1.0,2.449
SAMN28497558,PRJNA838575,,,infant,365.0,,CA,,,,,,,primary,1.0,1.315
SAMN28497559,PRJNA838575,,,infant,365.0,,CA,,,,,,,primary,1.0,2.096
SAMN28497560,PRJNA838575,,,infant,365.0,,CA,,,,,,,primary,1.0,2.0
SAMN28497561,PRJNA838575,,,infant,365.0,,CA,,,,,,,primary,1.0,0.568
SAMN28497562,PRJNA838575,,,infant,365.0,,CA,,,,,,,primary,1.0,1.471
SAMN28497563,PRJNA838575,,,infant,365.0,,CA,,,,,,,primary,1.0,1.636
SAMN28497564,PRJNA838575,,,infant,365.0,,CA,,,,,,,primary,1.0,2.298
SAMN28497565,PRJNA838575,,,infant,365.0,,CA,,,,,,,primary,1.0,2.166
SAMN28497566,PRJNA838575,,,infant,365.0,,CA,,,,,,,primary,1.0,1.865
SAMN28497567,PRJNA838575,,,infant,365.0,,CA,,,,,,,primary,1.0,2.411
SAMN28497568,PRJNA838575,,,infant,365.0,,CA,,,,,,,primary,1.0,1.956
SAMN28497569,PRJNA838575,,,infant,365.0,,CA,,,,,,,primary,1.0,1.595
SAMN28497570,PRJNA838575,,,infant,365.0,,CA,,,,,,,primary,1.0,1.633
SAMN28497571,PRJNA838575,,,infant,365.0,,CA,,,,,,,primary,1.0,1.751
SAMN28497572,PRJNA838575,,,infant,365.0,,CA,,,,,,,primary,1.0,2.702
SAMN28497573,PRJNA838575,,,infant,365.0,,CA,,,,,,,primary,1.0,1.238
SAMN28497574,PRJNA838575,,,infant,365.0,,CA,,,,,,,primary,1.0,2.165
SAMN28497575,PRJNA838575,,,infant,365.0,,CA,,,,,,,primary,1.0,1.317
SAMN28497576,PRJNA838575,,,infant,365.0,,CA,,,,,,,primary,1.0,1.116
SAMN28497577,PRJNA838575,,,infant,365.0,,CA,,,,,,,primary,1.0,3.383
SAMN28497578,PRJNA838575,,,infant,365.0,,CA,,,,,,,primary,1.0,1.406
SAMN28497579,PRJNA838575,,,infant,365.0,,CA,,,,,,,primary,1.0,1.322
SAMN28497580,PRJNA838575,,,infant,365.0,,CA,,,,,,,primary,1.0,2.017
SAMN28497581,PRJNA838575,,,infant,365.0,,CA,,,,,,,primary,1.0,2.515
SAMN28497582,PRJNA838575,,,infant,365.0,,CA,,,,,,,primary,1.0,1.181
SAMN28497583,PRJNA838575,,,infant,365.0,,CA,,,,,,,primary,1.0,1.484
SAMN28497584,PRJNA838575,,,infant,365.0,,CA,,,,,,,primary,1.0,1.288
SAMN28497585,PRJNA838575,,,infant,365.0,,CA,,,,,,,primary,1.0,2.268
SAMN28497587,PRJNA838575,,,infant,365.0,,CA,,,,,,,primary,1.0,1.644
SAMN28497588,PRJNA838575,,,infant,365.0,,CA,,,,,,,primary,1.0,1.818
SAMN28497589,PRJNA838575,,,infant,365.0,,CA,,,,,,,primary,1.0,1.318
SAMN28497590,PRJNA838575,,,infant,365.0,,CA,,,,,,,primary,1.0,1.443
SAMN28497591,PRJNA838575,,,infant,365.0,,CA,,,,,,,primary,1.0,1.654
SAMN28497592,PRJNA838575,,,infant,365.0,,CA,,,,,,,primary,1.0,2.789
SAMN28497593,PRJNA838575,,,infant,365.0,,CA,,,,,,,primary,1.0,2.214
SAMN28497594,PRJNA838575,,,infant,365.0,,CA,,,,,,,primary,1.0,1.989
SAMN28497595,PRJNA838575,,,infant,365.0,,CA,,,,,,,primary,1.0,1.693
SAMN28497596,PRJNA838575,,,infant,365.0,,CA,,,,,,,primary,1.0,1.053
SAMN28497597,PRJNA838575,,,infant,365.0,,CA,,,,,,,primary,1.0,1.92
SAMN28497598,PRJNA838575,,,infant,365.0,,CA,,,,,,,primary,1.0,1.348
SAMN28497599,PRJNA838575,,,infant,365.0,,CA,,,,,,,primary,1.0,1.636
SAMN28497600,PRJNA838575,,,infant,365.0,,CA,,,,,,,primary,1.0,1.577
SAMN28497601,PRJNA838575,,,infant,91.0,,CA,,,,,,,primary,1.0,1.984
SAMN28497602,PRJNA838575,,,infant,91.0,,CA,,,,,,,primary,1.0,1.814
SAMN28497603,PRJNA838575,,,infant,91.0,,CA,,,,,,,primary,1.0,1.901
SAMN28497604,PRJNA838575,,,infant,91.0,,CA,,,,,,,primary,1.0,1.799
SAMN28497605,PRJNA838575,,,infant,91.0,,CA,,,,,,,primary,1.0,1.405
SAMN28497606,PRJNA838575,,,infant,91.0,,CA,,,,,,,primary,1.0,1.985
SAMN28497607,PRJNA838575,,,infant,91.0,,CA,,,,,,,primary,1.0,1.514
SAMN28497608,PRJNA838575,,,infant,91.0,,CA,,,,,,,primary,1.0,2.04
SAMN28497609,PRJNA838575,,,infant,91.0,,CA,,,,,,,primary,1.0,1.346
SAMN28497610,PRJNA838575,,,infant,91.0,,CA,,,,,,,primary,1.0,1.395
SAMN28497611,PRJNA838575,,,infant,91.0,,CA,,,,,,,primary,1.0,0.889
SAMN28497612,PRJNA838575,,,infant,91.0,,CA,,,,,,,primary,1.0,1.489
SAMN28497613,PRJNA838575,,,infant,91.0,,CA,,,,,,,primary,1.0,0.94
SAMN28497614,PRJNA838575,,,infant,91.0,,CA,,,,,,,primary,1.0,2.322
SAMN28497615,PRJNA838575,,,infant,91.0,,CA,,,,,,,primary,1.0,2.138
SAMN28497616,PRJNA838575,,,infant,91.0,,CA,,,,,,,primary,1.0,1.699
SAMN28497617,PRJNA838575,,,infant,91.0,,CA,,,,,,,primary,1.0,1.514
SAMN28497618,PRJNA838575,,,infant,91.0,,CA,,,,,,,primary,1.0,2.142
SAMN28497619,PRJNA838575,,,infant,91.0,,CA,,,,,,,primary,1.0,1.274
SAMN28497620,PRJNA838575,,,infant,91.0,,CA,,,,,,,primary,1.0,1.645
SAMN28497621,PRJNA838575,,,infant,91.0,,CA,,,,,,,primary,1.0,1.688
SAMN28497622,PRJNA838575,,,infant,91.0,,CA,,,,,,,primary,1.0,1.465
SAMN28497623,PRJNA838575,,,infant,91.0,,CA,,,,,,,primary,1.0,1.785
SAMN28497624,PRJNA838575,,,infant,91.0,,CA,,,,,,,primary,1.0,2.769
SAMN28497625,PRJNA838575,,,infant,91.0,,CA,,,,,,,primary,1.0,2.246
SAMN28497626,PRJNA838575,,,infant,91.0,,CA,,,,,,,primary,1.0,1.797
SAMN28497627,PRJNA838575,,,infant,91.0,,CA,,,,,,,primary,1.0,1.558
SAMN28497628,PRJNA838575,,,infant,91.0,,CA,,,,,,,primary,1.0,2.784
SAMN28497629,PRJNA838575,,,infant,91.0,,CA,,,,,,,primary,1.0,1.369
SAMN28497630,PRJNA838575,,,infant,91.0,,CA,,,,,,,primary,1.0,2.163
SAMN28497631,PRJNA838575,,,infant,91.0,,CA,,,,,,,primary,1.0,1.721
SAMN28497632,PRJNA838575,,,infant,91.0,,CA,,,,,,,primary,1.0,2.558
SAMN28497633,PRJNA838575,,,infant,91.0,,CA,,,,,,,primary,1.0,2.552
SAMN28497634,PRJNA838575,,,infant,91.0,,CA,,,,,,,primary,1.0,1.181
SAMN28497635,PRJNA838575,,,infant,91.0,,CA,,,,,,,primary,1.0,2.37
SAMN28497636,PRJNA838575,,,infant,91.0,,CA,,,,,,,primary,1.0,3.739
SAMN28497637,PRJNA838575,,,infant,91.0,,CA,,,,,,,primary,1.0,1.523
SAMN28497638,PRJNA838575,,,infant,91.0,,CA,,,,,,,primary,1.0,1.424
SAMN28497639,PRJNA838575,,,infant,91.0,,CA,,,,,,,primary,1.0,1.757
SAMN28497640,PRJNA838575,,,infant,91.0,,CA,,,,,,,primary,1.0,1.65
SAMN28497641,PRJNA838575,,,infant,91.0,,CA,,,,,,,primary,1.0,1.483
SAMN28497642,PRJNA838575,,,infant,91.0,,CA,,,,,,,primary,1.0,1.832
SAMN28497643,PRJNA838575,,,infant,91.0,,CA,,,,,,,primary,1.0,1.993
SAMN28497644,PRJNA838575,,,infant,91.0,,CA,,,,,,,primary,1.0,2.666
SAMN28497645,PRJNA838575,,,infant,91.0,,CA,,,,,,,primary,1.0,1.902
SAMN28497646,PRJNA838575,,,infant,91.0,,CA,,,,,,,primary,1.0,1.944
SAMN28497647,PRJNA838575,,,infant,91.0,,CA,,,,,,,primary,1.0,1.193
SAMN28497648,PRJNA838575,,,infant,91.0,,CA,,,,,,,primary,1.0,1.443
SAMN28497649,PRJNA838575,,,infant,91.0,,CA,,,,,,,primary,1.0,1.311
SAMN28497650,PRJNA838575,,,infant,91.0,,CA,,,,,,,primary,1.0,1.654
SAMN28497651,PRJNA838575,,,infant,91.0,,CA,,,,,,,primary,1.0,2.005
SAMN28497652,PRJNA838575,,,infant,91.0,,CA,,,,,,,primary,1.0,1.738
SAMN28497653,PRJNA838575,,,infant,91.0,,CA,,,,,,,primary,1.0,1.223
SAMN28497654,PRJNA838575,,,infant,91.0,,CA,,,,,,,primary,1.0,0.869
SAMN28497655,PRJNA838575,,,infant,91.0,,CA,,,,,,,primary,1.0,0.911
SAMN28497656,PRJNA838575,,,infant,91.0,,CA,,,,,,,primary,1.0,1.557
SAMN28497657,PRJNA838575,,,infant,91.0,,CA,,,,,,,primary,1.0,1.48
SAMN28497658,PRJNA838575,,,infant,91.0,,CA,,,,,,,primary,1.0,1.6
SAMN28497659,PRJNA838575,,,infant,91.0,,CA,,,,,,,primary,1.0,2.065
SAMN28497660,PRJNA838575,,,infant,91.0,,CA,,,,,,,primary,1.0,1.094
SAMN28497661,PRJNA838575,,,infant,91.0,,CA,,,,,,,primary,1.0,1.895
SAMN28497662,PRJNA838575,,,infant,91.0,,CA,,,,,,,primary,1.0,1.383
SAMN28497663,PRJNA838575,,,infant,91.0,,CA,,,,,,,primary,1.0,2.371
SAMN28497664,PRJNA838575,,,infant,91.0,,CA,,,,,,,primary,1.0,1.127
SAMN28497665,PRJNA838575,,,infant,91.0,,CA,,,,,,,primary,1.0,2.261
SAMN28497666,PRJNA838575,,,infant,91.0,,CA,,,,,,,primary,1.0,1.449
SAMN28497667,PRJNA838575,,,infant,91.0,,CA,,,,,,,primary,1.0,0.523
SAMN28497668,PRJNA838575,,,infant,91.0,,CA,,,,,,,primary,1.0,1.48
SAMN28497669,PRJNA838575,,,infant,91.0,,CA,,,,,,,primary,1.0,1.731
SAMN28497670,PRJNA838575,,,infant,91.0,,CA,,,,,,,primary,1.0,2.147
SAMN28497671,PRJNA838575,,,infant,91.0,,CA,,,,,,,primary,1.0,1.156
SAMN28497672,PRJNA838575,,,infant,91.0,,CA,,,,,,,primary,1.0,3.327
SAMN28497673,PRJNA838575,,,infant,91.0,,CA,,,,,,,primary,1.0,1.971
SAMN28497674,PRJNA838575,,,infant,91.0,,CA,,,,,,,primary,1.0,1.253
SAMN28497675,PRJNA838575,,,infant,91.0,,CA,,,,,,,primary,1.0,1.953
SAMN28497676,PRJNA838575,,,infant,91.0,,CA,,,,,,,primary,1.0,1.79
SAMN28497677,PRJNA838575,,,infant,91.0,,CA,,,,,,,primary,1.0,1.332
SAMN28497678,PRJNA838575,,,infant,91.0,,CA,,,,,,,primary,1.0,1.843
SAMN28497679,PRJNA838575,,,infant,91.0,,CA,,,,,,,primary,1.0,1.917
SAMN28497680,PRJNA838575,,,infant,91.0,,CA,,,,,,,primary,1.0,1.806
SAMN28497681,PRJNA838575,,,infant,91.0,,CA,,,,,,,primary,1.0,1.677
SAMN28497682,PRJNA838575,,,infant,91.0,,CA,,,,,,,primary,1.0,1.026
SAMN28497683,PRJNA838575,,,infant,91.0,,CA,,,,,,,primary,1.0,1.871
SAMN28497684,PRJNA838575,,,infant,91.0,,CA,,,,,,,primary,1.0,1.608
SAMN28497685,PRJNA838575,,,infant,91.0,,CA,,,,,,,primary,1.0,1.868
SAMN28497686,PRJNA838575,,,infant,91.0,,CA,,,,,,,primary,1.0,1.245
SAMN28497687,PRJNA838575,,,infant,91.0,,CA,,,,,,,primary,1.0,1.207
SAMN28497688,PRJNA838575,,,infant,91.0,,CA,,,,,,,primary,1.0,0.874
SAMN28497689,PRJNA838575,,,infant,91.0,,CA,,,,,,,primary,1.0,1.395
SAMN28497690,PRJNA838575,,,infant,91.0,,CA,,,,,,,primary,1.0,2.166
SAMN28497691,PRJNA838575,,,infant,91.0,,CA,,,,,,,primary,1.0,1.592
SAMN28497692,PRJNA838575,,,infant,91.0,,CA,,,,,,,primary,1.0,1.725
SAMN28497693,PRJNA838575,,,infant,91.0,,CA,,,,,,,primary,1.0,2.554
SAMN28497694,PRJNA838575,,,infant,91.0,,CA,,,,,,,primary,1.0,2.182
SAMN28497695,PRJNA838575,,,infant,91.0,,CA,,,,,,,primary,1.0,2.597
SAMN28497696,PRJNA838575,,,infant,91.0,,CA,,,,,,,primary,1.0,1.861
SAMN28497697,PRJNA838575,,,infant,91.0,,CA,,,,,,,primary,1.0,1.901
SAMN28497698,PRJNA838575,,,infant,91.0,,CA,,,,,,,primary,1.0,2.104
SAMN28497699,PRJNA838575,,,infant,91.0,,CA,,,,,,,primary,1.0,1.704
SAMN28497700,PRJNA838575,,,infant,91.0,,CA,,,,,,,primary,1.0,1.265
SAMN28497701,PRJNA838575,,,infant,91.0,,CA,,,,,,,primary,1.0,0.022
SAMN28497702,PRJNA838575,,,infant,91.0,,CA,,,,,,,primary,1.0,1.093
SAMN28497703,PRJNA838575,,,infant,91.0,,CA,,,,,,,primary,1.0,2.286
SAMN28497704,PRJNA838575,,,infant,91.0,,CA,,,,,,,primary,1.0,1.404
SAMN28497705,PRJNA838575,,,infant,91.0,,CA,,,,,,,primary,1.0,2.581
SAMN28497706,PRJNA838575,,,infant,91.0,,CA,,,,,,,primary,1.0,2.345
SAMN28497707,PRJNA838575,,,infant,91.0,,CA,,,,,,,primary,1.0,1.597
SAMN28497708,PRJNA838575,,,infant,91.0,,CA,,,,,,,primary,1.0,1.426
SAMN28497709,PRJNA838575,,,infant,91.0,,CA,,,,,,,primary,1.0,2.245
SAMN28497710,PRJNA838575,,,infant,91.0,,CA,,,,,,,primary,1.0,1.457
SAMN28497711,PRJNA838575,,,infant,91.0,,CA,,,,,,,primary,1.0,1.836
SAMN28497712,PRJNA838575,,,infant,91.0,,CA,,,,,,,primary,1.0,2.0
SAMN28497713,PRJNA838575,,,infant,91.0,,CA,,,,,,,primary,1.0,1.266
SAMN28497714,PRJNA838575,,,infant,91.0,,CA,,,,,,,primary,1.0,1.778
SAMN28497715,PRJNA838575,,,infant,91.0,,CA,,,,,,,primary,1.0,0.285
SAMN28497716,PRJNA838575,,,infant,91.0,,CA,,,,,,,primary,1.0,0.428
SAMN28497717,PRJNA838575,,,infant,91.0,,CA,,,,,,,primary,1.0,1.105
SAMN28497718,PRJNA838575,,,infant,91.0,,CA,,,,,,,primary,1.0,2.063
SAMN28497719,PRJNA838575,,,infant,91.0,,CA,,,,,,,primary,1.0,1.467
SAMN28497720,PRJNA838575,,,infant,91.0,,CA,,,,,,,primary,1.0,1.233
SAMN28497721,PRJNA838575,,,infant,91.0,,CA,,,,,,,primary,1.0,1.336
SAMN28497722,PRJNA838575,,,infant,91.0,,CA,,,,,,,primary,1.0,1.56
SAMN28497723,PRJNA838575,,,infant,91.0,,CA,,,,,,,primary,1.0,3.436
SAMN28497724,PRJNA838575,,,infant,91.0,,CA,,,,,,,primary,1.0,3.181
SAMN28497725,PRJNA838575,,,infant,91.0,,CA,,,,,,,primary,1.0,1.852
SAMN28497726,PRJNA838575,,,infant,91.0,,CA,,,,,,,primary,1.0,1.297
SAMN28497727,PRJNA838575,,,infant,91.0,,CA,,,,,,,primary,1.0,1.176
SAMN28497728,PRJNA838575,,,infant,91.0,,CA,,,,,,,primary,1.0,1.041
SAMN28497729,PRJNA838575,,,infant,91.0,,CA,,,,,,,primary,1.0,2.49
SAMN28497730,PRJNA838575,,,infant,91.0,,CA,,,,,,,primary,1.0,1.622
SAMN28497731,PRJNA838575,,,infant,91.0,,CA,,,,,,,primary,1.0,1.473
SAMN28497732,PRJNA838575,,,infant,91.0,,CA,,,,,,,primary,1.0,1.603
SAMN28497733,PRJNA838575,,,infant,91.0,,CA,,,,,,,primary,1.0,2.162
SAMN28497734,PRJNA838575,,,infant,91.0,,CA,,,,,,,primary,1.0,1.949
SAMN28497735,PRJNA838575,,,infant,91.0,,CA,,,,,,,primary,1.0,2.886
SAMN28497736,PRJNA838575,,,infant,91.0,,CA,,,,,,,primary,1.0,1.643
SAMN28497737,PRJNA838575,,,infant,91.0,,CA,,,,,,,primary,1.0,1.183
SAMN28497738,PRJNA838575,,,infant,91.0,,CA,,,,,,,primary,1.0,2.656
SAMN28497739,PRJNA838575,,,infant,91.0,,CA,,,,,,,primary,1.0,0.319
SAMN28497740,PRJNA838575,,,infant,91.0,,CA,,,,,,,primary,1.0,0.968
SAMN28497741,PRJNA838575,,,infant,91.0,,CA,,,,,,,primary,1.0,1.32
SAMN28497742,PRJNA838575,,,infant,91.0,,CA,,,,,,,primary,1.0,1.394
SAMN28497743,PRJNA838575,,,infant,91.0,,CA,,,,,,,primary,1.0,1.275
SAMN28497744,PRJNA838575,,,infant,91.0,,CA,,,,,,,primary,1.0,2.209
SAMN28497745,PRJNA838575,,,infant,91.0,,CA,,,,,,,primary,1.0,0.603
SAMN28497746,PRJNA838575,,,infant,91.0,,CA,,,,,,,primary,1.0,1.038
SAMN28497747,PRJNA838575,,,infant,91.0,,CA,,,,,,,primary,1.0,1.697
SAMN28497748,PRJNA838575,,,infant,91.0,,CA,,,,,,,primary,1.0,1.147
SAMN28497749,PRJNA838575,,,infant,91.0,,CA,,,,,,,primary,1.0,2.288
SAMN28497750,PRJNA838575,,,infant,91.0,,CA,,,,,,,primary,1.0,2.098
SAMN28497751,PRJNA838575,,,infant,91.0,,CA,,,,,,,primary,1.0,1.652
SAMN28497752,PRJNA838575,,,infant,91.0,,CA,,,,,,,primary,1.0,1.732
SAMN28497753,PRJNA838575,,,infant,91.0,,CA,,,,,,,primary,1.0,2.532
SAMN28497754,PRJNA838575,,,infant,91.0,,CA,,,,,,,primary,1.0,2.065
SAMN28497755,PRJNA838575,,,infant,91.0,,CA,,,,,,,primary,1.0,1.845
SAMN28497756,PRJNA838575,,,infant,91.0,,CA,,,,,,,primary,1.0,1.433
SAMN28497757,PRJNA838575,,,infant,91.0,,CA,,,,,,,primary,1.0,1.655
SAMN28497758,PRJNA838575,,,infant,91.0,,CA,,,,,,,primary,1.0,1.711
SAMN28497759,PRJNA838575,,,infant,91.0,,CA,,,,,,,primary,1.0,2.204
SAMN28497760,PRJNA838575,,,infant,91.0,,CA,,,,,,,primary,1.0,1.468
SAMN28497761,PRJNA838575,,,infant,91.0,,CA,,,,,,,primary,1.0,1.317
SAMN28497762,PRJNA838575,,,infant,91.0,,CA,,,,,,,primary,1.0,1.159
SAMN28497763,PRJNA838575,,,infant,91.0,,CA,,,,,,,primary,1.0,1.238
SAMN28497764,PRJNA838575,,,infant,91.0,,CA,,,,,,,primary,1.0,1.291
SAMN28497765,PRJNA838575,,,infant,91.0,,CA,,,,,,,primary,1.0,2.246
SAMN28497766,PRJNA838575,,,infant,91.0,,CA,,,,,,,primary,1.0,1.146
SAMN28497767,PRJNA838575,,,infant,91.0,,CA,,,,,,,primary,1.0,2.473
SAMN28497768,PRJNA838575,,,infant,91.0,,CA,,,,,,,primary,1.0,1.751
SAMN28497769,PRJNA838575,,,infant,91.0,,CA,,,,,,,primary,1.0,1.21
SAMN28497770,PRJNA838575,,,infant,91.0,,CA,,,,,,,primary,1.0,2.898
SAMN28497771,PRJNA838575,,,infant,91.0,,CA,,,,,,,primary,1.0,2.0
SAMN28497772,PRJNA838575,,,infant,91.0,,CA,,,,,,,primary,1.0,2.286
SAMN28497773,PRJNA838575,,,infant,91.0,,CA,,,,,,,primary,1.0,3.074
SAMN28497774,PRJNA838575,,,infant,91.0,,CA,,,,,,,primary,1.0,2.399
SAMN28497775,PRJNA838575,,,infant,91.0,,CA,,,,,,,primary,1.0,0.942
SAMN28497776,PRJNA838575,,,infant,91.0,,CA,,,,,,,primary,1.0,1.385
SAMN28497777,PRJNA838575,,,infant,91.0,,CA,,,,,,,primary,1.0,1.593
SAMN28497778,PRJNA838575,,,infant,91.0,,CA,,,,,,,primary,1.0,2.278
SAMN28497779,PRJNA838575,,,infant,91.0,,CA,,,,,,,primary,1.0,2.867
SAMN28497780,PRJNA838575,,,infant,91.0,,CA,,,,,,,primary,1.0,1.733
SAMN28497781,PRJNA838575,,,infant,91.0,,CA,,,,,,,primary,1.0,1.298
SAMN28497782,PRJNA838575,,,infant,91.0,,CA,,,,,,,primary,1.0,1.697
SAMN28497783,PRJNA838575,,,infant,91.0,,CA,,,,,,,primary,1.0,1.747
SAMN28497784,PRJNA838575,,,infant,91.0,,CA,,,,,,,primary,1.0,1.435
SAMN28497785,PRJNA838575,,,infant,91.0,,CA,,,,,,,primary,1.0,2.651
SAMN28497786,PRJNA838575,,,infant,91.0,,CA,,,,,,,primary,1.0,4.317
SAMN28497787,PRJNA838575,,,infant,91.0,,CA,,,,,,,primary,1.0,2.195
SAMN28497788,PRJNA838575,,,infant,91.0,,CA,,,,,,,primary,1.0,1.924
SAMN28497789,PRJNA838575,,,infant,91.0,,CA,,,,,,,primary,1.0,1.714
SAMN28497790,PRJNA838575,,,infant,91.0,,CA,,,,,,,primary,1.0,1.756
SAMN28497791,PRJNA838575,,,infant,91.0,,CA,,,,,,,primary,1.0,1.643
SAMN28497792,PRJNA838575,,,infant,91.0,,CA,,,,,,,primary,1.0,2.208
SAMN28497793,PRJNA838575,,,infant,91.0,,CA,,,,,,,primary,1.0,2.166
SAMN28497794,PRJNA838575,,,infant,91.0,,CA,,,,,,,primary,1.0,1.366
SAMN28497795,PRJNA838575,,,infant,91.0,,CA,,,,,,,primary,1.0,1.132
SAMN28497796,PRJNA838575,,,infant,91.0,,CA,,,,,,,primary,1.0,2.699
SAMN28497797,PRJNA838575,,,infant,91.0,,CA,,,,,,,primary,1.0,1.258
SAMN28497798,PRJNA838575,,,infant,91.0,,CA,,,,,,,primary,1.0,1.088
SAMN28497799,PRJNA838575,,,infant,91.0,,CA,,,,,,,primary,1.0,1.678
SAMN28497800,PRJNA838575,,,infant,91.0,,CA,,,,,,,primary,1.0,1.686
SAMN28497801,PRJNA838575,,,infant,91.0,,CA,,,,,,,primary,1.0,2.401
SAMN28497802,PRJNA838575,,,infant,91.0,,CA,,,,,,,primary,1.0,1.571
SAMN28497803,PRJNA838575,,,infant,91.0,,CA,,,,,,,primary,1.0,1.166
SAMN28497804,PRJNA838575,,,infant,91.0,,CA,,,,,,,primary,1.0,1.421
SAMN28497805,PRJNA838575,,,infant,91.0,,CA,,,,,,,primary,1.0,1.996
SAMN28497806,PRJNA838575,,,infant,91.0,,CA,,,,,,,primary,1.0,1.971
SAMN28497807,PRJNA838575,,,infant,91.0,,CA,,,,,,,primary,1.0,1.791
SAMN28497808,PRJNA838575,,,infant,91.0,,CA,,,,,,,primary,1.0,1.583
SAMN28497809,PRJNA838575,,,infant,91.0,,CA,,,,,,,primary,1.0,1.351
SAMN28497810,PRJNA838575,,,infant,91.0,,CA,,,,,,,primary,1.0,2.324
SAMN28497811,PRJNA838575,,,infant,91.0,,CA,,,,,,,primary,1.0,1.212
SAMN28497812,PRJNA838575,,,infant,91.0,,CA,,,,,,,primary,1.0,1.813
SAMN28497813,PRJNA838575,,,infant,91.0,,CA,,,,,,,primary,1.0,1.458
SAMN28497814,PRJNA838575,,,infant,91.0,,CA,,,,,,,primary,1.0,1.814
SAMN28497815,PRJNA838575,,,infant,91.0,,CA,,,,,,,primary,1.0,1.477
SAMN28497816,PRJNA838575,,,infant,91.0,,CA,,,,,,,primary,1.0,1.811
SAMN28497817,PRJNA838575,,,infant,91.0,,CA,,,,,,,primary,1.0,2.797
SAMN28497818,PRJNA838575,,,infant,91.0,,CA,,,,,,,primary,1.0,0.689
SAMN28497819,PRJNA838575,,,infant,91.0,,CA,,,,,,,primary,1.0,1.542
SAMN28497820,PRJNA838575,,,infant,91.0,,CA,,,,,,,primary,1.0,1.774
SAMN28497821,PRJNA838575,,,infant,91.0,,CA,,,,,,,primary,1.0,2.047
SAMN28497822,PRJNA838575,,,infant,91.0,,CA,,,,,,,primary,1.0,2.298
SAMN28497823,PRJNA838575,,,infant,91.0,,CA,,,,,,,primary,1.0,1.886
SAMN28497824,PRJNA838575,,,infant,91.0,,CA,,,,,,,primary,1.0,1.675
SAMN28497825,PRJNA838575,,,infant,91.0,,CA,,,,,,,primary,1.0,1.508
SAMN28497826,PRJNA838575,,,infant,91.0,,CA,,,,,,,primary,1.0,2.426
SAMN28497827,PRJNA838575,,,infant,91.0,,CA,,,,,,,primary,1.0,1.902
SAMN28497828,PRJNA838575,,,infant,91.0,,CA,,,,,,,primary,1.0,1.507
SAMN28497829,PRJNA838575,,,infant,91.0,,CA,,,,,,,primary,1.0,1.588
SAMN28497830,PRJNA838575,,,infant,91.0,,CA,,,,,,,primary,1.0,1.693
SAMN28497831,PRJNA838575,,,infant,91.0,,CA,,,,,,,primary,1.0,1.719
SAMN28497832,PRJNA838575,,,infant,91.0,,CA,,,,,,,primary,1.0,1.719
SAMN28497833,PRJNA838575,,,infant,91.0,,CA,,,,,,,primary,1.0,0.351
SAMN28497834,PRJNA838575,,,infant,91.0,,CA,,,,,,,primary,1.0,1.293
SAMN28497835,PRJNA838575,,,infant,91.0,,CA,,,,,,,primary,1.0,2.716
SAMN28497836,PRJNA838575,,,infant,91.0,,CA,,,,,,,primary,1.0,1.657
SAMN28497837,PRJNA838575,,,infant,91.0,,CA,,,,,,,primary,1.0,1.749
SAMN28497838,PRJNA838575,,,infant,91.0,,CA,,,,,,,primary,1.0,1.46
SAMN28497839,PRJNA838575,,,infant,91.0,,CA,,,,,,,primary,1.0,1.008
SAMN28497840,PRJNA838575,,,infant,91.0,,CA,,,,,,,primary,1.0,1.87
SAMN28497841,PRJNA838575,,,infant,91.0,,CA,,,,,,,primary,1.0,2.586
SAMN28497842,PRJNA838575,,,infant,91.0,,CA,,,,,,,primary,1.0,1.572
SAMN28497843,PRJNA838575,,,infant,91.0,,CA,,,,,,,primary,1.0,1.103
SAMN28497845,PRJNA838575,,,infant,91.0,,CA,,,,,,,primary,1.0,1.684
SAMN28497846,PRJNA838575,,,infant,91.0,,CA,,,,,,,primary,1.0,1.447
SAMN28497847,PRJNA838575,,,infant,91.0,,CA,,,,,,,primary,1.0,1.892
SAMN28497848,PRJNA838575,,,infant,91.0,,CA,,,,,,,primary,1.0,1.526
SAMN28497849,PRJNA838575,,,infant,91.0,,CA,,,,,,,primary,1.0,1.414
SAMN28497850,PRJNA838575,,,infant,91.0,,CA,,,,,,,primary,1.0,1.649
SAMN28497851,PRJNA838575,,,infant,91.0,,CA,,,,,,,primary,1.0,1.931
SAMN28497852,PRJNA838575,,,infant,91.0,,CA,,,,,,,primary,1.0,2.615
SAMN28497853,PRJNA838575,,,infant,91.0,,CA,,,,,,,primary,1.0,1.547
SAMN28497854,PRJNA838575,,,infant,91.0,,CA,,,,,,,primary,1.0,1.92
SAMN28497855,PRJNA838575,,,infant,91.0,,CA,,,,,,,primary,1.0,1.93
SAMN28497856,PRJNA838575,,,infant,91.0,,CA,,,,,,,primary,1.0,1.502
SAMN28497857,PRJNA838575,,,infant,91.0,,CA,,,,,,,primary,1.0,1.921
SAMN28497858,PRJNA838575,,,infant,91.0,,CA,,,,,,,primary,1.0,2.726
SAMN28497859,PRJNA838575,,,infant,91.0,,CA,,,,,,,primary,1.0,2.344
SAMN28497860,PRJNA838575,,,infant,91.0,,CA,,,,,,,primary,1.0,1.152
SAMN28497861,PRJNA838575,,,infant,91.0,,CA,,,,,,,primary,1.0,2.756
SAMN28497862,PRJNA838575,,,infant,91.0,,CA,,,,,,,primary,1.0,1.099
SAMN28497863,PRJNA838575,,,infant,91.0,,CA,,,,,,,primary,1.0,3.019
SAMN28497864,PRJNA838575,,,infant,91.0,,CA,,,,,,,primary,1.0,1.604
SAMN28497865,PRJNA838575,,,infant,91.0,,CA,,,,,,,primary,1.0,1.652
SAMN28497866,PRJNA838575,,,infant,91.0,,CA,,,,,,,primary,1.0,1.644
SAMN28497867,PRJNA838575,,,infant,91.0,,CA,,,,,,,primary,1.0,2.061
SAMN28497868,PRJNA838575,,,infant,91.0,,CA,,,,,,,primary,1.0,1.589
SAMN28497869,PRJNA838575,,,infant,91.0,,CA,,,,,,,primary,1.0,1.419
SAMN28497870,PRJNA838575,,,infant,91.0,,CA,,,,,,,primary,1.0,1.152
SAMN28497871,PRJNA838575,,,infant,91.0,,CA,,,,,,,primary,1.0,1.467
SAMN28497872,PRJNA838575,,,infant,91.0,,CA,,,,,,,primary,1.0,2.046
SAMN28497873,PRJNA838575,,,infant,91.0,,CA,,,,,,,primary,1.0,0.763
SAMN28497874,PRJNA838575,,,infant,91.0,,CA,,,,,,,primary,1.0,2.289
SAMN28497875,PRJNA838575,,,infant,91.0,,CA,,,,,,,primary,1.0,3.799
SAMN28497876,PRJNA838575,,,infant,91.0,,CA,,,,,,,primary,1.0,2.616
SAMN28497877,PRJNA838575,,,infant,91.0,,CA,,,,,,,primary,1.0,1.7
SAMN28497878,PRJNA838575,,,infant,91.0,,CA,,,,,,,primary,1.0,1.889
SAMN28497879,PRJNA838575,,,infant,91.0,,CA,,,,,,,primary,1.0,1.834
SAMN28497880,PRJNA838575,,,infant,91.0,,CA,,,,,,,primary,1.0,1.78
SAMN28497881,PRJNA838575,,,infant,91.0,,CA,,,,,,,primary,1.0,1.419
SAMN28497882,PRJNA838575,,,infant,91.0,,CA,,,,,,,primary,1.0,2.763
SAMN28497883,PRJNA838575,,,infant,91.0,,CA,,,,,,,primary,1.0,1.25
SAMN28497884,PRJNA838575,,,infant,91.0,,CA,,,,,,,primary,1.0,2.247
SAMN28497885,PRJNA838575,,,infant,91.0,,CA,,,,,,,primary,1.0,1.572
SAMN28497886,PRJNA838575,,,infant,91.0,,CA,,,,,,,primary,1.0,1.437
SAMN28497887,PRJNA838575,,,infant,91.0,,CA,,,,,,,primary,1.0,1.519
SAMN28497888,PRJNA838575,,,infant,91.0,,CA,,,,,,,primary,1.0,1.074
SAMN28497889,PRJNA838575,,,infant,91.0,,CA,,,,,,,primary,1.0,1.339
SAMN28497890,PRJNA838575,,,infant,91.0,,CA,,,,,,,primary,1.0,2.964
SAMN28497891,PRJNA838575,,,infant,91.0,,CA,,,,,,,primary,1.0,2.455
SAMN28497892,PRJNA838575,,,infant,91.0,,CA,,,,,,,primary,1.0,1.614
SAMN28497893,PRJNA838575,,,infant,91.0,,CA,,,,,,,primary,1.0,1.295
SAMN28497894,PRJNA838575,,,infant,91.0,,CA,,,,,,,primary,1.0,1.566
SAMN28497895,PRJNA838575,,,infant,91.0,,CA,,,,,,,primary,1.0,1.19
SAMN28497896,PRJNA838575,,,infant,91.0,,CA,,,,,,,primary,1.0,1.644
SAMN28497897,PRJNA838575,,,infant,91.0,,CA,,,,,,,primary,1.0,1.992
SAMN28497898,PRJNA838575,,,infant,91.0,,CA,,,,,,,primary,1.0,2.365
SAMN28497899,PRJNA838575,,,infant,91.0,,CA,,,,,,,primary,1.0,1.56
SAMN28497900,PRJNA838575,,,infant,91.0,,CA,,,,,,,primary,1.0,2.619
SAMN28497901,PRJNA838575,,,infant,91.0,,CA,,,,,,,primary,1.0,2.352
SAMN28497902,PRJNA838575,,,infant,91.0,,CA,,,,,,,primary,1.0,0.949
SAMN28497903,PRJNA838575,,,infant,91.0,,CA,,,,,,,primary,1.0,1.295
SAMN28497904,PRJNA838575,,,infant,91.0,,CA,,,,,,,primary,1.0,1.723
SAMN28497905,PRJNA838575,,,infant,91.0,,CA,,,,,,,primary,1.0,1.796
SAMN28497906,PRJNA838575,,,infant,91.0,,CA,,,,,,,primary,1.0,1.948
SAMN28497907,PRJNA838575,,,infant,91.0,,CA,,,,,,,primary,1.0,2.673
SAMN28497908,PRJNA838575,,,infant,91.0,,CA,,,,,,,primary,1.0,2.16
SAMN28497909,PRJNA838575,,,infant,91.0,,CA,,,,,,,primary,1.0,2.968
SAMN28497910,PRJNA838575,,,infant,91.0,,CA,,,,,,,primary,1.0,2.223
SAMN28497911,PRJNA838575,,,infant,91.0,,CA,,,,,,,primary,1.0,0.048
SAMN28497912,PRJNA838575,,,infant,91.0,,CA,,,,,,,primary,1.0,0.007
SAMN28497913,PRJNA838575,,,infant,91.0,,CA,,,,,,,primary,1.0,1.96
SAMN28497914,PRJNA838575,,,infant,91.0,,CA,,,,,,,primary,1.0,0.18
SAMN28497915,PRJNA838575,,,infant,91.0,,CA,,,,,,,primary,1.0,2.121
SAMN28497916,PRJNA838575,,,infant,91.0,,CA,,,,,,,primary,1.0,2.091
SAMN28497917,PRJNA838575,,,infant,91.0,,CA,,,,,,,primary,1.0,2.097
SAMN28497918,PRJNA838575,,,infant,91.0,,CA,,,,,,,primary,1.0,1.512
SAMN28497919,PRJNA838575,,,infant,91.0,,CA,,,,,,,primary,1.0,1.388
SAMN28497920,PRJNA838575,,,infant,91.0,,CA,,,,,,,primary,1.0,1.921
SAMN28497921,PRJNA838575,,,infant,91.0,,CA,,,,,,,primary,1.0,1.322
SAMN28497922,PRJNA838575,,,infant,91.0,,CA,,,,,,,primary,1.0,2.513
SAMN28497924,PRJNA838575,,,infant,91.0,,CA,,,,,,,primary,1.0,1.831
SAMN28497925,PRJNA838575,,,infant,91.0,,CA,,,,,,,primary,1.0,2.027
SAMN28497926,PRJNA838575,,,infant,91.0,,CA,,,,,,,primary,1.0,3.956
SAMN28497927,PRJNA838575,,,infant,91.0,,CA,,,,,,,primary,1.0,1.617
SAMN28497928,PRJNA838575,,,infant,91.0,,CA,,,,,,,primary,1.0,1.875
SAMN28497929,PRJNA838575,,,infant,91.0,,CA,,,,,,,primary,1.0,1.907
SAMN28497930,PRJNA838575,,,infant,91.0,,CA,,,,,,,primary,1.0,1.252
SAMN28497931,PRJNA838575,,,infant,91.0,,CA,,,,,,,primary,1.0,1.855
SAMN28497932,PRJNA838575,,,infant,91.0,,CA,,,,,,,primary,1.0,1.232
SAMN28497933,PRJNA838575,,,infant,91.0,,CA,,,,,,,primary,1.0,1.556
SAMN28497934,PRJNA838575,,,infant,91.0,,CA,,,,,,,primary,1.0,1.906
SAMN28497935,PRJNA838575,,,infant,91.0,,CA,,,,,,,primary,1.0,2.847
SAMN28497936,PRJNA838575,,,infant,91.0,,CA,,,,,,,primary,1.0,0.104
SAMN28497937,PRJNA838575,,,infant,91.0,,CA,,,,,,,primary,1.0,1.182
SAMN28497938,PRJNA838575,,,infant,91.0,,CA,,,,,,,primary,1.0,1.285
SAMN28497939,PRJNA838575,,,infant,91.0,,CA,,,,,,,primary,1.0,0.073
SAMN28497940,PRJNA838575,,,infant,91.0,,CA,,,,,,,primary,1.0,1.974
SAMN28497941,PRJNA838575,,,infant,91.0,,CA,,,,,,,primary,1.0,1.081
SAMN28497942,PRJNA838575,,,infant,91.0,,CA,,,,,,,primary,1.0,1.667
SAMN28497943,PRJNA838575,,,infant,91.0,,CA,,,,,,,primary,1.0,1.398
SAMN28497944,PRJNA838575,,,infant,91.0,,CA,,,,,,,primary,1.0,2.077
SAMN28497945,PRJNA838575,,,infant,91.0,,CA,,,,,,,primary,1.0,2.303
SAMN28497946,PRJNA838575,,,infant,91.0,,CA,,,,,,,primary,1.0,1.824
SAMN28497947,PRJNA838575,,,infant,91.0,,CA,,,,,,,primary,1.0,2.429
SAMN28497948,PRJNA838575,,,infant,91.0,,CA,,,,,,,primary,1.0,2.37
SAMN28497949,PRJNA838575,,,infant,91.0,,CA,,,,,,,primary,1.0,1.715
SAMN28497950,PRJNA838575,,,infant,91.0,,CA,,,,,,,primary,1.0,0.938
SAMN28497951,PRJNA838575,,,infant,91.0,,CA,,,,,,,primary,1.0,0.85
SAMN28497952,PRJNA838575,,,infant,91.0,,CA,,,,,,,primary,1.0,1.111
SAMN28497953,PRJNA838575,,,infant,91.0,,CA,,,,,,,primary,1.0,1.468
SAMN28497954,PRJNA838575,,,infant,91.0,,CA,,,,,,,primary,1.0,3.101
SAMN28497955,PRJNA838575,,,infant,91.0,,CA,,,,,,,primary,1.0,1.683
SAMN28497956,PRJNA838575,,,infant,91.0,,CA,,,,,,,primary,1.0,2.363
SAMN28497957,PRJNA838575,,,infant,91.0,,CA,,,,,,,primary,1.0,1.236
SAMN28497958,PRJNA838575,,,infant,91.0,,CA,,,,,,,primary,1.0,1.351
SAMN28497959,PRJNA838575,,,infant,91.0,,CA,,,,,,,primary,1.0,1.839
SAMN28497960,PRJNA838575,,,infant,91.0,,CA,,,,,,,primary,1.0,1.38
SAMN28497961,PRJNA838575,,,infant,91.0,,CA,,,,,,,primary,1.0,1.624
SAMN28497962,PRJNA838575,,,infant,91.0,,CA,,,,,,,primary,1.0,1.562
SAMN28497963,PRJNA838575,,,infant,91.0,,CA,,,,,,,primary,1.0,1.377
SAMN28497964,PRJNA838575,,,infant,91.0,,CA,,,,,,,primary,1.0,1.67
SAMN28497965,PRJNA838575,,,infant,91.0,,CA,,,,,,,primary,1.0,1.513
SAMN28497966,PRJNA838575,,,infant,91.0,,CA,,,,,,,primary,1.0,0.996
SAMN28497967,PRJNA838575,,,infant,91.0,,CA,,,,,,,primary,1.0,2.217
SAMN28497968,PRJNA838575,,,infant,91.0,,CA,,,,,,,primary,1.0,1.698
SAMN28497969,PRJNA838575,,,infant,91.0,,CA,,,,,,,primary,1.0,1.187
SAMN28497970,PRJNA838575,,,infant,91.0,,CA,,,,,,,primary,1.0,1.898
SAMN28497971,PRJNA838575,,,infant,91.0,,CA,,,,,,,primary,1.0,1.347
SAMN28497972,PRJNA838575,,,infant,91.0,,CA,,,,,,,primary,1.0,1.945
SAMN28497973,PRJNA838575,,,infant,91.0,,CA,,,,,,,primary,1.0,1.661
SAMN28497974,PRJNA838575,,,infant,91.0,,CA,,,,,,,primary,1.0,1.809
SAMN28497975,PRJNA838575,,,infant,91.0,,CA,,,,,,,primary,1.0,1.503
SAMN28497976,PRJNA838575,,,infant,91.0,,CA,,,,,,,primary,1.0,1.776
SAMN28497977,PRJNA838575,,,infant,91.0,,CA,,,,,,,primary,1.0,1.522
SAMN28497978,PRJNA838575,,,infant,91.0,,CA,,,,,,,primary,1.0,2.536
SAMN28497979,PRJNA838575,,,infant,91.0,,CA,,,,,,,primary,1.0,2.336
SAMN28497980,PRJNA838575,,,infant,91.0,,CA,,,,,,,primary,1.0,2.005
SAMN28497981,PRJNA838575,,,infant,91.0,,CA,,,,,,,primary,1.0,1.797
SAMN28497982,PRJNA838575,,,infant,91.0,,CA,,,,,,,primary,1.0,2.435
SAMN28497983,PRJNA838575,,,infant,91.0,,CA,,,,,,,primary,1.0,1.443
SAMN28497984,PRJNA838575,,,infant,91.0,,CA,,,,,,,primary,1.0,1.744
SAMN28497985,PRJNA838575,,,infant,91.0,,CA,,,,,,,primary,1.0,1.35
SAMN28497986,PRJNA838575,,,infant,91.0,,CA,,,,,,,primary,1.0,0.746
SAMN28497987,PRJNA838575,,,infant,91.0,,CA,,,,,,,primary,1.0,1.423
SAMN28497988,PRJNA838575,,,infant,91.0,,CA,,,,,,,primary,1.0,2.697
SAMN28497989,PRJNA838575,,,infant,91.0,,CA,,,,,,,primary,1.0,1.685
SAMN28497990,PRJNA838575,,,infant,91.0,,CA,,,,,,,primary,1.0,1.941
SAMN28497991,PRJNA838575,,,infant,91.0,,CA,,,,,,,primary,1.0,2.081
SAMN28497992,PRJNA838575,,,infant,91.0,,CA,,,,,,,primary,1.0,1.496
SAMN28497993,PRJNA838575,,,infant,91.0,,CA,,,,,,,primary,1.0,2.333
SAMN28497994,PRJNA838575,,,infant,91.0,,CA,,,,,,,primary,1.0,1.665
SAMN28497995,PRJNA838575,,,infant,91.0,,CA,,,,,,,primary,1.0,1.506
SAMN28497996,PRJNA838575,,,infant,91.0,,CA,,,,,,,primary,1.0,1.662
SAMN28497997,PRJNA838575,,,infant,91.0,,CA,,,,,,,primary,1.0,2.424
SAMN28497998,PRJNA838575,,,infant,91.0,,CA,,,,,,,primary,1.0,1.944
SAMN28497999,PRJNA838575,,,infant,91.0,,CA,,,,,,,primary,1.0,2.023
SAMN28498000,PRJNA838575,,,infant,91.0,,CA,,,,,,,primary,1.0,1.927
SAMN28498001,PRJNA838575,,,infant,91.0,,CA,,,,,,,primary,1.0,2.127
SAMN28498002,PRJNA838575,,,infant,91.0,,CA,,,,,,,primary,1.0,1.622
SAMN28498003,PRJNA838575,,,infant,91.0,,CA,,,,,,,primary,1.0,1.884
SAMN28498004,PRJNA838575,,,infant,91.0,,CA,,,,,,,primary,1.0,1.693
SAMN28498005,PRJNA838575,,,infant,91.0,,CA,,,,,,,primary,1.0,1.881
SAMN28498006,PRJNA838575,,,infant,91.0,,CA,,,,,,,primary,1.0,1.696
SAMN28498007,PRJNA838575,,,infant,91.0,,CA,,,,,,,primary,1.0,1.41
SAMN28498008,PRJNA838575,,,infant,91.0,,CA,,,,,,,primary,1.0,2.121
SAMN28498009,PRJNA838575,,,infant,91.0,,CA,,,,,,,primary,1.0,1.681
SAMN28498010,PRJNA838575,,,infant,91.0,,CA,,,,,,,primary,1.0,1.757
SAMN28498011,PRJNA838575,,,infant,91.0,,CA,,,,,,,primary,1.0,1.727
SAMN28498012,PRJNA838575,,,infant,91.0,,CA,,,,,,,primary,1.0,1.885
SAMN28498013,PRJNA838575,,,infant,91.0,,CA,,,,,,,primary,1.0,1.572
SAMN28498014,PRJNA838575,,,infant,91.0,,CA,,,,,,,primary,1.0,1.838
SAMN28498015,PRJNA838575,,,infant,91.0,,CA,,,,,,,primary,1.0,3.211
SAMN28498016,PRJNA838575,,,infant,91.0,,CA,,,,,,,primary,1.0,1.08
SAMN28498017,PRJNA838575,,,infant,91.0,,CA,,,,,,,primary,1.0,1.968
SAMN28498018,PRJNA838575,,,infant,91.0,,CA,,,,,,,primary,1.0,1.962
SAMN28498019,PRJNA838575,,,infant,91.0,,CA,,,,,,,primary,1.0,1.846
SAMN28498020,PRJNA838575,,,infant,91.0,,CA,,,,,,,primary,1.0,2.062
SAMN28498021,PRJNA838575,,,infant,91.0,,CA,,,,,,,primary,1.0,1.456
SAMN28498022,PRJNA838575,,,infant,91.0,,CA,,,,,,,primary,1.0,0.389
SAMN28498023,PRJNA838575,,,infant,91.0,,CA,,,,,,,primary,1.0,2.136
SAMN28498024,PRJNA838575,,,infant,91.0,,CA,,,,,,,primary,1.0,1.504
SAMN28498025,PRJNA838575,,,infant,91.0,,CA,,,,,,,primary,1.0,0.365
SAMN28498026,PRJNA838575,,,infant,91.0,,CA,,,,,,,primary,1.0,2.635
SAMN28498027,PRJNA838575,,,infant,91.0,,CA,,,,,,,primary,1.0,1.942
SAMN28498028,PRJNA838575,,,infant,91.0,,CA,,,,,,,primary,1.0,0.038
SAMN28498029,PRJNA838575,,,infant,91.0,,CA,,,,,,,primary,1.0,2.183
SAMN28498030,PRJNA838575,,,infant,91.0,,CA,,,,,,,primary,1.0,1.583
SAMN28498031,PRJNA838575,,,infant,91.0,,CA,,,,,,,primary,1.0,1.319
SAMN28498032,PRJNA838575,,,infant,91.0,,CA,,,,,,,primary,1.0,1.445
SAMN28498033,PRJNA838575,,,infant,91.0,,CA,,,,,,,primary,1.0,1.221
SAMN28498034,PRJNA838575,,,infant,91.0,,CA,,,,,,,primary,1.0,1.349
SAMN28498035,PRJNA838575,,,infant,91.0,,CA,,,,,,,primary,1.0,1.525
SAMN28498036,PRJNA838575,,,infant,91.0,,CA,,,,,,,primary,1.0,1.384
SAMN28498037,PRJNA838575,,,infant,91.0,,CA,,,,,,,primary,1.0,1.384
SAMN28498038,PRJNA838575,,,infant,91.0,,CA,,,,,,,primary,1.0,1.739
SAMN28498039,PRJNA838575,,,infant,91.0,,CA,,,,,,,primary,1.0,2.516
SAMN28498040,PRJNA838575,,,infant,91.0,,CA,,,,,,,primary,1.0,1.413
SAMN28498041,PRJNA838575,,,infant,91.0,,CA,,,,,,,primary,1.0,1.343
SAMN28498042,PRJNA838575,,,infant,91.0,,CA,,,,,,,primary,1.0,3.368
SAMN28498043,PRJNA838575,,,infant,91.0,,CA,,,,,,,primary,1.0,1.188
SAMN28498044,PRJNA838575,,,infant,91.0,,CA,,,,,,,primary,1.0,1.266
SAMN28498045,PRJNA838575,,,infant,91.0,,CA,,,,,,,primary,1.0,1.907
SAMN28498046,PRJNA838575,,,infant,91.0,,CA,,,,,,,primary,1.0,2.695
SAMN28498047,PRJNA838575,,,infant,91.0,,CA,,,,,,,primary,1.0,1.379
SAMN28498048,PRJNA838575,,,infant,91.0,,CA,,,,,,,primary,1.0,1.52
SAMN28498049,PRJNA838575,,,infant,91.0,,CA,,,,,,,primary,1.0,2.059
SAMN28498050,PRJNA838575,,,infant,91.0,,CA,,,,,,,primary,1.0,1.174
SAMN28498051,PRJNA838575,,,infant,91.0,,CA,,,,,,,primary,1.0,1.988
SAMN28498052,PRJNA838575,,,infant,91.0,,CA,,,,,,,primary,1.0,1.607
SAMN28498053,PRJNA838575,,,infant,91.0,,CA,,,,,,,primary,1.0,1.361
SAMN28498054,PRJNA838575,,,infant,91.0,,CA,,,,,,,primary,1.0,1.07
SAMN28498055,PRJNA838575,,,infant,91.0,,CA,,,,,,,primary,1.0,1.707
SAMN28498056,PRJNA838575,,,infant,91.0,,CA,,,,,,,primary,1.0,1.462
SAMN28498057,PRJNA838575,,,infant,91.0,,CA,,,,,,,primary,1.0,1.71
SAMN28498058,PRJNA838575,,,infant,91.0,,CA,,,,,,,primary,1.0,1.152
SAMN28498059,PRJNA838575,,,infant,91.0,,CA,,,,,,,primary,1.0,2.287
SAMN28498060,PRJNA838575,,,infant,91.0,,CA,,,,,,,primary,1.0,2.188
SAMN28498061,PRJNA838575,,,infant,91.0,,CA,,,,,,,primary,1.0,2.462
SAMN28498062,PRJNA838575,,,infant,91.0,,CA,,,,,,,primary,1.0,2.265
SAMN28498063,PRJNA838575,,,infant,91.0,,CA,,,,,,,primary,1.0,2.666
SAMN28498064,PRJNA838575,,,infant,91.0,,CA,,,,,,,primary,1.0,1.658
SAMN28498065,PRJNA838575,,,infant,91.0,,CA,,,,,,,primary,1.0,1.522
SAMN28498066,PRJNA838575,,,infant,91.0,,CA,,,,,,,primary,1.0,1.915
SAMN28498067,PRJNA838575,,,infant,91.0,,CA,,,,,,,primary,1.0,1.87
SAMN28498068,PRJNA838575,,,infant,91.0,,CA,,,,,,,primary,1.0,0.91
SAMN28498069,PRJNA838575,,,infant,91.0,,CA,,,,,,,primary,1.0,1.51
SAMN28498070,PRJNA838575,,,infant,91.0,,CA,,,,,,,primary,1.0,2.048
SAMN28498071,PRJNA838575,,,infant,91.0,,CA,,,,,,,primary,1.0,2.13
SAMN28498072,PRJNA838575,,,infant,91.0,,CA,,,,,,,primary,1.0,1.855
SAMN28498073,PRJNA838575,,,infant,91.0,,CA,,,,,,,primary,1.0,1.808
SAMN28498074,PRJNA838575,,,infant,91.0,,CA,,,,,,,primary,1.0,2.08
SAMN28498075,PRJNA838575,,,infant,91.0,,CA,,,,,,,primary,1.0,1.744
SAMN28498076,PRJNA838575,,,infant,91.0,,CA,,,,,,,primary,1.0,1.539
SAMN28498077,PRJNA838575,,,infant,91.0,,CA,,,,,,,primary,1.0,0.629
SAMN28498078,PRJNA838575,,,infant,91.0,,CA,,,,,,,primary,1.0,2.661
SAMN28498079,PRJNA838575,,,infant,91.0,,CA,,,,,,,primary,1.0,0.922
SAMN28498080,PRJNA838575,,,infant,91.0,,CA,,,,,,,primary,1.0,1.588
SAMN28498081,PRJNA838575,,,infant,91.0,,CA,,,,,,,primary,1.0,1.682
SAMN28498082,PRJNA838575,,,infant,91.0,,CA,,,,,,,primary,1.0,1.638
SAMN28498083,PRJNA838575,,,infant,91.0,,CA,,,,,,,primary,1.0,1.287
SAMN28498084,PRJNA838575,,,infant,91.0,,CA,,,,,,,primary,1.0,1.619
SAMN28498085,PRJNA838575,,,infant,91.0,,CA,,,,,,,primary,1.0,0.796
SAMN28498086,PRJNA838575,,,infant,91.0,,CA,,,,,,,primary,1.0,2.501
SAMN28498087,PRJNA838575,,,infant,91.0,,CA,,,,,,,primary,1.0,1.948
SAMN28498088,PRJNA838575,,,infant,91.0,,CA,,,,,,,primary,1.0,2.066
SAMN28498089,PRJNA838575,,,infant,91.0,,CA,,,,,,,primary,1.0,2.227
SAMN28498090,PRJNA838575,,,infant,91.0,,CA,,,,,,,primary,1.0,1.732
SAMN28498091,PRJNA838575,,,infant,91.0,,CA,,,,,,,primary,1.0,2.323
SAMN28498092,PRJNA838575,,,infant,91.0,,CA,,,,,,,primary,1.0,1.331
SAMN28498093,PRJNA838575,,,infant,91.0,,CA,,,,,,,primary,1.0,0.013
SAMN28498094,PRJNA838575,,,infant,91.0,,CA,,,,,,,primary,1.0,2.16
SAMN28498095,PRJNA838575,,,infant,91.0,,CA,,,,,,,primary,1.0,1.779
SAMN28498096,PRJNA838575,,,infant,91.0,,CA,,,,,,,primary,1.0,1.985
SAMN28498097,PRJNA838575,,,infant,91.0,,CA,,,,,,,primary,1.0,1.17
SAMN28498098,PRJNA838575,,,infant,91.0,,CA,,,,,,,primary,1.0,1.945
SAMN28498099,PRJNA838575,,,infant,91.0,,CA,,,,,,,primary,1.0,1.632
SAMN28498100,PRJNA838575,,,infant,91.0,,CA,,,,,,,primary,1.0,1.053
SAMN28498101,PRJNA838575,,,infant,91.0,,CA,,,,,,,primary,1.0,2.929
SAMN28498102,PRJNA838575,,,infant,91.0,,CA,,,,,,,primary,1.0,1.628
SAMN28498103,PRJNA838575,,,infant,91.0,,CA,,,,,,,primary,1.0,1.326
SAMN28498104,PRJNA838575,,,infant,91.0,,CA,,,,,,,primary,1.0,2.954
SAMN28498105,PRJNA838575,,,infant,91.0,,CA,,,,,,,primary,1.0,0.021
SAMN28498106,PRJNA838575,,,infant,91.0,,CA,,,,,,,primary,1.0,2.198
SAMN28498107,PRJNA838575,,,infant,91.0,,CA,,,,,,,primary,1.0,1.283
SAMN28498108,PRJNA838575,,,infant,91.0,,CA,,,,,,,primary,1.0,2.839
SAMN28498109,PRJNA838575,,,infant,91.0,,CA,,,,,,,primary,1.0,0.926
SAMN28498110,PRJNA838575,,,infant,91.0,,CA,,,,,,,primary,1.0,1.458
SAMN28498111,PRJNA838575,,,infant,91.0,,CA,,,,,,,primary,1.0,1.65
SAMN28498112,PRJNA838575,,,infant,91.0,,CA,,,,,,,primary,1.0,2.242
SAMN28498113,PRJNA838575,,,infant,91.0,,CA,,,,,,,primary,1.0,0.941
SAMN28498114,PRJNA838575,,,infant,91.0,,CA,,,,,,,primary,1.0,1.295
SAMN28498115,PRJNA838575,,,infant,91.0,,CA,,,,,,,primary,1.0,3.942
SAMN28498116,PRJNA838575,,,infant,91.0,,CA,,,,,,,primary,1.0,1.111
SAMN28498117,PRJNA838575,,,infant,91.0,,CA,,,,,,,primary,1.0,2.124
SAMN28498118,PRJNA838575,,,infant,91.0,,CA,,,,,,,primary,1.0,1.338
SAMN28498119,PRJNA838575,,,infant,91.0,,CA,,,,,,,primary,1.0,1.174
SAMN28498120,PRJNA838575,,,infant,91.0,,CA,,,,,,,primary,1.0,2.412
SAMN28498121,PRJNA838575,,,infant,91.0,,CA,,,,,,,primary,1.0,1.868
SAMN28498122,PRJNA838575,,,infant,91.0,,CA,,,,,,,primary,1.0,1.928
SAMN28498123,PRJNA838575,,,infant,91.0,,CA,,,,,,,primary,1.0,1.731
SAMN28498124,PRJNA838575,,,infant,91.0,,CA,,,,,,,primary,1.0,0.723
SAMN28498125,PRJNA838575,,,infant,91.0,,CA,,,,,,,primary,1.0,2.197
SAMN28498126,PRJNA838575,,,infant,91.0,,CA,,,,,,,primary,1.0,1.252
SAMN28498127,PRJNA838575,,,infant,91.0,,CA,,,,,,,primary,1.0,1.436
SAMN28498128,PRJNA838575,,,infant,91.0,,CA,,,,,,,primary,1.0,1.377
SAMN28498129,PRJNA838575,,,infant,91.0,,CA,,,,,,,primary,1.0,1.24
SAMN28498130,PRJNA838575,,,infant,91.0,,CA,,,,,,,primary,1.0,1.579
SAMN28498131,PRJNA838575,,,infant,91.0,,CA,,,,,,,primary,1.0,1.81
SAMN28498132,PRJNA838575,,,infant,91.0,,CA,,,,,,,primary,1.0,2.169
SAMN28498133,PRJNA838575,,,infant,91.0,,CA,,,,,,,primary,1.0,0.37
SAMN28498134,PRJNA838575,,,infant,91.0,,CA,,,,,,,primary,1.0,3.097
SAMN28498135,PRJNA838575,,,infant,91.0,,CA,,,,,,,primary,1.0,1.693
SAMN28498136,PRJNA838575,,,infant,91.0,,CA,,,,,,,primary,1.0,1.867
SAMN28498137,PRJNA838575,,,infant,91.0,,CA,,,,,,,primary,1.0,1.922
SAMN28498138,PRJNA838575,,,infant,91.0,,CA,,,,,,,primary,1.0,1.287
SAMN28498139,PRJNA838575,,,infant,91.0,,CA,,,,,,,primary,1.0,1.223
SAMN28498140,PRJNA838575,,,infant,91.0,,CA,,,,,,,primary,1.0,2.014
SAMN28498141,PRJNA838575,,,infant,91.0,,CA,,,,,,,primary,1.0,1.464
SAMN28498142,PRJNA838575,,,infant,91.0,,CA,,,,,,,primary,1.0,2.382
SAMN28498143,PRJNA838575,,,infant,91.0,,CA,,,,,,,primary,1.0,1.569
SAMN28498144,PRJNA838575,,,infant,91.0,,CA,,,,,,,primary,1.0,1.621
SAMN28498145,PRJNA838575,,,infant,91.0,,CA,,,,,,,primary,1.0,1.824
SAMN28498146,PRJNA838575,,,infant,91.0,,CA,,,,,,,primary,1.0,0.995
SAMN28498147,PRJNA838575,,,infant,91.0,,CA,,,,,,,primary,1.0,1.215
SAMN28498148,PRJNA838575,,,infant,91.0,,CA,,,,,,,primary,1.0,2.139
SAMN28498149,PRJNA838575,,,infant,91.0,,CA,,,,,,,primary,1.0,1.636
SAMN28498150,PRJNA838575,,,infant,91.0,,CA,,,,,,,primary,1.0,1.487
SAMN28498151,PRJNA838575,,,infant,91.0,,CA,,,,,,,primary,1.0,1.503
SAMN28498152,PRJNA838575,,,infant,91.0,,CA,,,,,,,primary,1.0,1.943
SAMN28498153,PRJNA838575,,,infant,91.0,,CA,,,,,,,primary,1.0,2.1
SAMN28498154,PRJNA838575,,,infant,91.0,,CA,,,,,,,primary,1.0,1.674
SAMN28498155,PRJNA838575,,,infant,91.0,,CA,,,,,,,primary,1.0,2.126
SAMN28498156,PRJNA838575,,,infant,91.0,,CA,,,,,,,primary,1.0,1.708
SAMN28498157,PRJNA838575,,,infant,91.0,,CA,,,,,,,primary,1.0,1.919
SAMN28498158,PRJNA838575,,,infant,91.0,,CA,,,,,,,primary,1.0,2.293
SAMN28498159,PRJNA838575,,,infant,91.0,,CA,,,,,,,primary,1.0,2.308
SAMN28498160,PRJNA838575,,,infant,91.0,,CA,,,,,,,primary,1.0,1.034
SAMN28498161,PRJNA838575,,,infant,91.0,,CA,,,,,,,primary,1.0,1.657
SAMN28498162,PRJNA838575,,,infant,91.0,,CA,,,,,,,primary,1.0,0.869
SAMN28498163,PRJNA838575,,,infant,91.0,,CA,,,,,,,primary,1.0,0.88
SAMN28498164,PRJNA838575,,,infant,91.0,,CA,,,,,,,primary,1.0,1.22
SAMN28498165,PRJNA838575,,,infant,91.0,,CA,,,,,,,primary,1.0,3.31
SAMN28498166,PRJNA838575,,,infant,91.0,,CA,,,,,,,primary,1.0,2.311
SAMN28498167,PRJNA838575,,,infant,91.0,,CA,,,,,,,primary,1.0,2.756
SAMN28498168,PRJNA838575,,,infant,91.0,,CA,,,,,,,primary,1.0,1.248
SAMN28498169,PRJNA838575,,,infant,91.0,,CA,,,,,,,primary,1.0,1.604
SAMN28498170,PRJNA838575,,,infant,91.0,,CA,,,,,,,primary,1.0,1.916
SAMN28498171,PRJNA838575,,,infant,91.0,,CA,,,,,,,primary,1.0,1.755
SAMN28498172,PRJNA838575,,,infant,91.0,,CA,,,,,,,primary,1.0,2.3
SAMN28498173,PRJNA838575,,,infant,91.0,,CA,,,,,,,primary,1.0,2.212
SAMN28498174,PRJNA838575,,,infant,91.0,,CA,,,,,,,primary,1.0,1.099
SAMN28498175,PRJNA838575,,,infant,91.0,,CA,,,,,,,primary,1.0,1.34
SAMN28498176,PRJNA838575,,,infant,91.0,,CA,,,,,,,primary,1.0,1.308
SAMN28498177,PRJNA838575,,,infant,91.0,,CA,,,,,,,primary,1.0,1.966
SAMN28498178,PRJNA838575,,,infant,91.0,,CA,,,,,,,primary,1.0,0.473
SAMN28498179,PRJNA838575,,,infant,91.0,,CA,,,,,,,primary,1.0,1.193
SAMN28498180,PRJNA838575,,,infant,91.0,,CA,,,,,,,primary,1.0,3.001
SAMN28498181,PRJNA838575,,,infant,91.0,,CA,,,,,,,primary,1.0,2.987
SAMN28498182,PRJNA838575,,,infant,91.0,,CA,,,,,,,primary,1.0,2.405
SAMN28498183,PRJNA838575,,,infant,91.0,,CA,,,,,,,primary,1.0,1.479
SAMN28498184,PRJNA838575,,,infant,91.0,,CA,,,,,,,primary,1.0,1.852
SAMN28498185,PRJNA838575,,,infant,91.0,,CA,,,,,,,primary,1.0,1.861
SAMN28498186,PRJNA838575,,,infant,91.0,,CA,,,,,,,primary,1.0,2.395
SAMN28498187,PRJNA838575,,,infant,91.0,,CA,,,,,,,primary,1.0,1.601
SAMN28498188,PRJNA838575,,,infant,91.0,,CA,,,,,,,primary,1.0,2.228
SAMN28498189,PRJNA838575,,,infant,91.0,,CA,,,,,,,primary,1.0,1.586
SAMN28498190,PRJNA838575,,,infant,91.0,,CA,,,,,,,primary,1.0,1.999
SAMN28498191,PRJNA838575,,,infant,91.0,,CA,,,,,,,primary,1.0,2.068
SAMN28498192,PRJNA838575,,,infant,91.0,,CA,,,,,,,primary,1.0,1.74
SAMN28498193,PRJNA838575,,,infant,91.0,,CA,,,,,,,primary,1.0,1.738
SAMN28498194,PRJNA838575,,,infant,91.0,,CA,,,,,,,primary,1.0,1.669
SAMN28498195,PRJNA838575,,,infant,91.0,,CA,,,,,,,primary,1.0,1.852
SAMN28498196,PRJNA838575,,,infant,91.0,,CA,,,,,,,primary,1.0,1.517
SAMN28498197,PRJNA838575,,,infant,91.0,,CA,,,,,,,primary,1.0,1.71
SAMN28498198,PRJNA838575,,,infant,91.0,,CA,,,,,,,primary,1.0,2.338
SAMN28498199,PRJNA838575,,,infant,91.0,,CA,,,,,,,primary,1.0,1.709
SAMN28498200,PRJNA838575,,,infant,91.0,,CA,,,,,,,primary,1.0,1.635
SAMN28498201,PRJNA838575,,,infant,91.0,,CA,,,,,,,primary,1.0,1.254
SAMN28498202,PRJNA838575,,,infant,91.0,,CA,,,,,,,primary,1.0,1.008
SAMN28498203,PRJNA838575,,,infant,91.0,,CA,,,,,,,primary,1.0,2.406
SAMN28498204,PRJNA838575,,,infant,91.0,,CA,,,,,,,primary,1.0,1.697
SAMN28498205,PRJNA838575,,,infant,91.0,,CA,,,,,,,primary,1.0,1.55
SAMN28498206,PRJNA838575,,,infant,91.0,,CA,,,,,,,primary,1.0,1.837
SAMN28498207,PRJNA838575,,,infant,91.0,,CA,,,,,,,primary,1.0,1.067
SAMN28498208,PRJNA838575,,,infant,91.0,,CA,,,,,,,primary,1.0,2.704
SAMN28498209,PRJNA838575,,,infant,91.0,,CA,,,,,,,primary,1.0,2.93
SAMN28498210,PRJNA838575,,,infant,91.0,,CA,,,,,,,primary,1.0,1.072
SAMN28498211,PRJNA838575,,,infant,91.0,,CA,,,,,,,primary,1.0,1.449
SAMN28498212,PRJNA838575,,,infant,91.0,,CA,,,,,,,primary,1.0,1.563
SAMN28498213,PRJNA838575,,,infant,91.0,,CA,,,,,,,primary,1.0,2.637
SAMN28498214,PRJNA838575,,,infant,91.0,,CA,,,,,,,primary,1.0,2.241
SAMN28498215,PRJNA838575,,,infant,91.0,,CA,,,,,,,primary,1.0,1.947
SAMN28498216,PRJNA838575,,,infant,91.0,,CA,,,,,,,primary,1.0,1.022
SAMN28498217,PRJNA838575,,,infant,91.0,,CA,,,,,,,primary,1.0,1.442
SAMN28498218,PRJNA838575,,,infant,91.0,,CA,,,,,,,primary,1.0,1.418
SAMN28498219,PRJNA838575,,,infant,91.0,,CA,,,,,,,primary,1.0,1.421
SAMN28498220,PRJNA838575,,,infant,91.0,,CA,,,,,,,primary,1.0,2.273
SAMN28498221,PRJNA838575,,,infant,91.0,,CA,,,,,,,primary,1.0,1.047
SAMN28498222,PRJNA838575,,,infant,91.0,,CA,,,,,,,primary,1.0,1.333
SAMN28498223,PRJNA838575,,,infant,91.0,,CA,,,,,,,primary,1.0,2.489
SAMN28498224,PRJNA838575,,,infant,91.0,,CA,,,,,,,primary,1.0,1.029
SAMN28498225,PRJNA838575,,,infant,91.0,,CA,,,,,,,primary,1.0,2.053
SAMN28498226,PRJNA838575,,,infant,91.0,,CA,,,,,,,primary,1.0,1.394
SAMN28498227,PRJNA838575,,,infant,91.0,,CA,,,,,,,primary,1.0,1.851
SAMN28498228,PRJNA838575,,,infant,91.0,,CA,,,,,,,primary,1.0,3.078
SAMN28498229,PRJNA838575,,,infant,91.0,,CA,,,,,,,primary,1.0,2.128
SAMN28498230,PRJNA838575,,,infant,91.0,,CA,,,,,,,primary,1.0,2.314
SAMN28498231,PRJNA838575,,,infant,91.0,,CA,,,,,,,primary,1.0,2.464
SAMN28498232,PRJNA838575,,,infant,91.0,,CA,,,,,,,primary,1.0,2.17
SAMN28498233,PRJNA838575,,,infant,91.0,,CA,,,,,,,primary,1.0,1.007
SAMN28498234,PRJNA838575,,,infant,91.0,,CA,,,,,,,primary,1.0,2.289
SAMN28498235,PRJNA838575,,,infant,91.0,,CA,,,,,,,primary,1.0,2.346
SAMN28498236,PRJNA838575,,,infant,91.0,,CA,,,,,,,primary,1.0,1.118
SAMN28498237,PRJNA838575,,,infant,91.0,,CA,,,,,,,primary,1.0,2.02
SAMN28498238,PRJNA838575,,,infant,91.0,,CA,,,,,,,primary,1.0,1.93
SAMN28498239,PRJNA838575,,,infant,91.0,,CA,,,,,,,primary,1.0,2.418
SAMN28498240,PRJNA838575,,,infant,91.0,,CA,,,,,,,primary,1.0,1.66
SAMN28498241,PRJNA838575,,,infant,91.0,,CA,,,,,,,primary,1.0,1.219
SAMN28498242,PRJNA838575,,,infant,91.0,,CA,,,,,,,primary,1.0,2.362
SAMN28498243,PRJNA838575,,,infant,91.0,,CA,,,,,,,primary,1.0,1.777
SAMN28498244,PRJNA838575,,,infant,91.0,,CA,,,,,,,primary,1.0,2.627
SAMN28498245,PRJNA838575,,,infant,91.0,,CA,,,,,,,primary,1.0,2.302
SAMN28498246,PRJNA838575,,,infant,91.0,,CA,,,,,,,primary,1.0,1.293
SAMN28498247,PRJNA838575,,,infant,91.0,,CA,,,,,,,primary,1.0,1.886
SAMN28498248,PRJNA838575,,,infant,91.0,,CA,,,,,,,primary,1.0,2.142
SAMN28498249,PRJNA838575,,,infant,91.0,,CA,,,,,,,primary,1.0,1.736
SAMN28498250,PRJNA838575,,,infant,91.0,,CA,,,,,,,primary,1.0,2.001
SAMN28498251,PRJNA838575,,,infant,91.0,,CA,,,,,,,primary,1.0,2.787
SAMN28498252,PRJNA838575,,,infant,91.0,,CA,,,,,,,primary,1.0,1.081
SAMN28498253,PRJNA838575,,,infant,91.0,,CA,,,,,,,primary,1.0,1.252
SAMN28498254,PRJNA838575,,,infant,91.0,,CA,,,,,,,primary,1.0,2.363
SAMN28498255,PRJNA838575,,,infant,91.0,,CA,,,,,,,primary,1.0,1.596
SAMN28498256,PRJNA838575,,,infant,91.0,,CA,,,,,,,primary,1.0,2.199
SAMN28498257,PRJNA838575,,,infant,91.0,,CA,,,,,,,primary,1.0,1.655
SAMN28498258,PRJNA838575,,,infant,91.0,,CA,,,,,,,primary,1.0,2.823
SAMN28498259,PRJNA838575,,,infant,91.0,,CA,,,,,,,primary,1.0,3.39
SAMN28498260,PRJNA838575,,,infant,91.0,,CA,,,,,,,primary,1.0,1.335
SAMN28498261,PRJNA838575,,,infant,91.0,,CA,,,,,,,primary,1.0,2.666
SAMN28498262,PRJNA838575,,,infant,91.0,,CA,,,,,,,primary,1.0,1.865
SAMN28498263,PRJNA838575,,,infant,91.0,,CA,,,,,,,primary,1.0,1.812
SAMN28498264,PRJNA838575,,,infant,91.0,,CA,,,,,,,primary,1.0,1.065
SAMN28498265,PRJNA838575,,,infant,91.0,,CA,,,,,,,primary,1.0,1.738
SAMN28498266,PRJNA838575,,,infant,91.0,,CA,,,,,,,primary,1.0,1.511
SAMN28498267,PRJNA838575,,,infant,91.0,,CA,,,,,,,primary,1.0,1.042
SAMN28498268,PRJNA838575,,,infant,91.0,,CA,,,,,,,primary,1.0,1.889
SAMN28498269,PRJNA838575,,,infant,91.0,,CA,,,,,,,primary,1.0,1.681
SAMN28498270,PRJNA838575,,,infant,91.0,,CA,,,,,,,primary,1.0,1.921
SAMN28498271,PRJNA838575,,,infant,91.0,,CA,,,,,,,primary,1.0,1.355
SAMN28498272,PRJNA838575,,,infant,91.0,,CA,,,,,,,primary,1.0,2.413
SAMN28498273,PRJNA838575,,,infant,91.0,,CA,,,,,,,primary,1.0,1.779
SAMN28498274,PRJNA838575,,,infant,91.0,,CA,,,,,,,primary,1.0,2.237
SAMN28498275,PRJNA838575,,,infant,91.0,,CA,,,,,,,primary,1.0,2.108
SAMN28498276,PRJNA838575,,,infant,91.0,,CA,,,,,,,primary,1.0,1.492
SAMN28498277,PRJNA838575,,,infant,91.0,,CA,,,,,,,primary,1.0,0.647
SAMN28498278,PRJNA838575,,,infant,91.0,,CA,,,,,,,primary,1.0,1.527
SAMN28498279,PRJNA838575,,,infant,91.0,,CA,,,,,,,primary,1.0,1.58
SAMN28498280,PRJNA838575,,,infant,91.0,,CA,,,,,,,primary,1.0,1.344
SAMN28498281,PRJNA838575,,,infant,91.0,,CA,,,,,,,primary,1.0,2.551
SAMN28498282,PRJNA838575,,,infant,91.0,,CA,,,,,,,primary,1.0,1.657
SAMN28498283,PRJNA838575,,,infant,91.0,,CA,,,,,,,primary,1.0,1.46
SAMN28498284,PRJNA838575,,,infant,91.0,,CA,,,,,,,primary,1.0,0.818
SAMN28498285,PRJNA838575,,,infant,91.0,,CA,,,,,,,primary,1.0,1.792
SAMN28498286,PRJNA838575,,,infant,91.0,,CA,,,,,,,primary,1.0,1.857
SAMN28498287,PRJNA838575,,,infant,91.0,,CA,,,,,,,primary,1.0,1.131
SAMN28498288,PRJNA838575,,,infant,91.0,,CA,,,,,,,primary,1.0,2.243
SAMN28498289,PRJNA838575,,,infant,91.0,,CA,,,,,,,primary,1.0,1.588
SAMN28498290,PRJNA838575,,,infant,91.0,,CA,,,,,,,primary,1.0,1.598
SAMN28498291,PRJNA838575,,,infant,91.0,,CA,,,,,,,primary,1.0,1.441
SAMN28498292,PRJNA838575,,,infant,91.0,,CA,,,,,,,primary,1.0,1.388
SAMN28498293,PRJNA838575,,,infant,91.0,,CA,,,,,,,primary,1.0,1.432
SAMN28498294,PRJNA838575,,,infant,91.0,,CA,,,,,,,primary,1.0,3.514
SAMN28498295,PRJNA838575,,,infant,91.0,,CA,,,,,,,primary,1.0,2.057
SAMN28498296,PRJNA838575,,,infant,91.0,,CA,,,,,,,primary,1.0,1.817
SAMN28498297,PRJNA838575,,,infant,91.0,,CA,,,,,,,primary,1.0,2.634
SAMN28498298,PRJNA838575,,,infant,91.0,,CA,,,,,,,primary,1.0,4.08
SAMN28498299,PRJNA838575,,,infant,91.0,,CA,,,,,,,primary,1.0,2.173
SAMN28498300,PRJNA838575,,,infant,91.0,,CA,,,,,,,primary,1.0,2.009
SAMN28498301,PRJNA838575,,,infant,91.0,,CA,,,,,,,primary,1.0,1.335
SAMN28498302,PRJNA838575,,,infant,91.0,,CA,,,,,,,primary,1.0,1.927
SAMN28498303,PRJNA838575,,,infant,91.0,,CA,,,,,,,primary,1.0,1.489
SAMN28498304,PRJNA838575,,,infant,91.0,,CA,,,,,,,primary,1.0,1.493
SAMN28498305,PRJNA838575,,,infant,91.0,,CA,,,,,,,primary,1.0,3.44
SAMN28498306,PRJNA838575,,,infant,91.0,,CA,,,,,,,primary,1.0,2.42
SAMN28498307,PRJNA838575,,,infant,91.0,,CA,,,,,,,primary,1.0,1.45
SAMN28498308,PRJNA838575,,,infant,91.0,,CA,,,,,,,primary,1.0,0.877
SAMN28498309,PRJNA838575,,,infant,91.0,,CA,,,,,,,primary,1.0,1.723
SAMN28498310,PRJNA838575,,,infant,91.0,,CA,,,,,,,primary,1.0,1.73
SAMN28498311,PRJNA838575,,,infant,91.0,,CA,,,,,,,primary,1.0,1.551
SAMN28498312,PRJNA838575,,,infant,91.0,,CA,,,,,,,primary,1.0,1.669
SAMN28498313,PRJNA838575,,,infant,91.0,,CA,,,,,,,primary,1.0,1.282
SAMN28498314,PRJNA838575,,,infant,91.0,,CA,,,,,,,primary,1.0,1.677
SAMN28498315,PRJNA838575,,,infant,91.0,,CA,,,,,,,primary,1.0,1.772
SAMN28498316,PRJNA838575,,,infant,91.0,,CA,,,,,,,primary,1.0,1.216
SAMN28498317,PRJNA838575,,,infant,91.0,,CA,,,,,,,primary,1.0,1.103
SAMN28498318,PRJNA838575,,,infant,91.0,,CA,,,,,,,primary,1.0,1.051
SAMN28498319,PRJNA838575,,,infant,91.0,,CA,,,,,,,primary,1.0,1.656
SAMN28498320,PRJNA838575,,,infant,91.0,,CA,,,,,,,primary,1.0,1.404
SAMN28498321,PRJNA838575,,,infant,91.0,,CA,,,,,,,primary,1.0,1.529
SAMN28498322,PRJNA838575,,,infant,91.0,,CA,,,,,,,primary,1.0,1.617
SAMN28498323,PRJNA838575,,,infant,91.0,,CA,,,,,,,primary,1.0,1.854
SAMN28498324,PRJNA838575,,,infant,91.0,,CA,,,,,,,primary,1.0,2.371
SAMN28498325,PRJNA838575,,,infant,91.0,,CA,,,,,,,primary,1.0,2.329
SAMN28498326,PRJNA838575,,,infant,91.0,,CA,,,,,,,primary,1.0,1.26
SAMN28498327,PRJNA838575,,,infant,91.0,,CA,,,,,,,primary,1.0,1.773
SAMN28498328,PRJNA838575,,,infant,91.0,,CA,,,,,,,primary,1.0,0.883
SAMN28498329,PRJNA838575,,,infant,91.0,,CA,,,,,,,primary,1.0,1.25
SAMN28498330,PRJNA838575,,,infant,91.0,,CA,,,,,,,primary,1.0,1.712
SAMN28498331,PRJNA838575,,,infant,91.0,,CA,,,,,,,primary,1.0,1.254
SAMN28498332,PRJNA838575,,,infant,91.0,,CA,,,,,,,primary,1.0,1.058
SAMN28498333,PRJNA838575,,,infant,91.0,,CA,,,,,,,primary,1.0,1.586
SAMN28498334,PRJNA838575,,,infant,91.0,,CA,,,,,,,primary,1.0,1.542
SAMN28498335,PRJNA838575,,,infant,91.0,,CA,,,,,,,primary,1.0,2.292
SAMN28498336,PRJNA838575,,,infant,91.0,,CA,,,,,,,primary,1.0,1.477
SAMN28498337,PRJNA838575,,,infant,91.0,,CA,,,,,,,primary,1.0,1.862
SAMN28498338,PRJNA838575,,,infant,91.0,,CA,,,,,,,primary,1.0,2.24
SAMN28498339,PRJNA838575,,,infant,91.0,,CA,,,,,,,primary,1.0,2.542
SAMN28498340,PRJNA838575,,,infant,91.0,,CA,,,,,,,primary,1.0,1.729
SAMN28498341,PRJNA838575,,,infant,91.0,,CA,,,,,,,primary,1.0,1.217
SAMN28498342,PRJNA838575,,,infant,91.0,,CA,,,,,,,primary,1.0,2.081
SAMN28498343,PRJNA838575,,,infant,91.0,,CA,,,,,,,primary,1.0,1.646
SAMN28498344,PRJNA838575,,,infant,91.0,,CA,,,,,,,primary,1.0,0.079
SAMN28498345,PRJNA838575,,,infant,91.0,,CA,,,,,,,primary,1.0,1.774
SAMN28498346,PRJNA838575,,,infant,91.0,,CA,,,,,,,primary,1.0,1.623
SAMN28498347,PRJNA838575,,,infant,91.0,,CA,,,,,,,primary,1.0,1.436
SAMN28498348,PRJNA838575,,,infant,91.0,,CA,,,,,,,primary,1.0,1.715
SAMN28498349,PRJNA838575,,,infant,91.0,,CA,,,,,,,primary,1.0,1.872
SAMN28498350,PRJNA838575,,,infant,91.0,,CA,,,,,,,primary,1.0,2.087
SAMN28498351,PRJNA838575,,,infant,91.0,,CA,,,,,,,primary,1.0,1.584
SAMN28498352,PRJNA838575,,,infant,91.0,,CA,,,,,,,primary,1.0,1.904
SAMN28498353,PRJNA838575,,,infant,91.0,,CA,,,,,,,primary,1.0,2.312
SAMN28498354,PRJNA838575,,,infant,91.0,,CA,,,,,,,primary,1.0,1.232
SAMN28498355,PRJNA838575,,,infant,91.0,,CA,,,,,,,primary,1.0,1.391
SAMN28498356,PRJNA838575,,,infant,91.0,,CA,,,,,,,primary,1.0,1.155
SAMN28498357,PRJNA838575,,,infant,91.0,,CA,,,,,,,primary,1.0,0.942
SAMN28498358,PRJNA838575,,,infant,91.0,,CA,,,,,,,primary,1.0,1.622
SAMN28498359,PRJNA838575,,,infant,91.0,,CA,,,,,,,primary,1.0,0.905
SAMN28498360,PRJNA838575,,,infant,91.0,,CA,,,,,,,primary,1.0,1.176
SAMN28498361,PRJNA838575,,,infant,91.0,,CA,,,,,,,primary,1.0,1.801
SAMN28498362,PRJNA838575,,,infant,91.0,,CA,,,,,,,primary,1.0,1.721
SAMN28498363,PRJNA838575,,,infant,91.0,,CA,,,,,,,primary,1.0,2.236
SAMN28498364,PRJNA838575,,,infant,91.0,,CA,,,,,,,primary,1.0,2.421
SAMN28498365,PRJNA838575,,,infant,91.0,,CA,,,,,,,primary,1.0,1.687
SAMN28498366,PRJNA838575,,,infant,91.0,,CA,,,,,,,primary,1.0,1.259
SAMN28498367,PRJNA838575,,,infant,91.0,,CA,,,,,,,primary,1.0,2.613
SAMN28498368,PRJNA838575,,,infant,91.0,,CA,,,,,,,primary,1.0,0.957
SAMN28498369,PRJNA838575,,,infant,91.0,,CA,,,,,,,primary,1.0,2.237
SAMN28498370,PRJNA838575,,,infant,91.0,,CA,,,,,,,primary,1.0,1.379
SAMN28498371,PRJNA838575,,,infant,91.0,,CA,,,,,,,primary,1.0,2.163
SAMN28498372,PRJNA838575,,,infant,91.0,,CA,,,,,,,primary,1.0,1.388
SAMN28498373,PRJNA838575,,,infant,91.0,,CA,,,,,,,primary,1.0,3.131
SAMN28498374,PRJNA838575,,,infant,91.0,,CA,,,,,,,primary,1.0,1.918
SAMN28498375,PRJNA838575,,,infant,91.0,,CA,,,,,,,primary,1.0,1.668
SAMN28498376,PRJNA838575,,,infant,91.0,,CA,,,,,,,primary,1.0,1.771
SAMN28498377,PRJNA838575,,,infant,91.0,,CA,,,,,,,primary,1.0,1.771
SAMN28498378,PRJNA838575,,,infant,91.0,,CA,,,,,,,primary,1.0,2.143
SAMN28498379,PRJNA838575,,,infant,91.0,,CA,,,,,,,primary,1.0,2.463
SAMN28498380,PRJNA838575,,,infant,91.0,,CA,,,,,,,primary,1.0,2.088
SAMN28498381,PRJNA838575,,,infant,91.0,,CA,,,,,,,primary,1.0,1.773
SAMN28498382,PRJNA838575,,,infant,91.0,,CA,,,,,,,primary,1.0,1.843
SAMN28498383,PRJNA838575,,,infant,91.0,,CA,,,,,,,primary,1.0,1.609
SAMN28498384,PRJNA838575,,,infant,91.0,,CA,,,,,,,primary,1.0,1.657
SAMN28498385,PRJNA838575,,,infant,91.0,,CA,,,,,,,primary,1.0,1.558
SAMN28498386,PRJNA838575,,,infant,91.0,,CA,,,,,,,primary,1.0,1.164
SAMN28498387,PRJNA838575,,,infant,91.0,,CA,,,,,,,primary,1.0,1.783
SAMN28498388,PRJNA838575,,,infant,91.0,,CA,,,,,,,primary,1.0,1.668
SAMN28498389,PRJNA838575,,,infant,91.0,,CA,,,,,,,primary,1.0,2.152
SAMN28498390,PRJNA838575,,,infant,91.0,,CA,,,,,,,primary,1.0,1.743
SAMN28498391,PRJNA838575,,,infant,91.0,,CA,,,,,,,primary,1.0,2.962
SAMN28498392,PRJNA838575,,,infant,91.0,,CA,,,,,,,primary,1.0,1.669
SAMN28498393,PRJNA838575,,,infant,91.0,,CA,,,,,,,primary,1.0,1.725
SAMN28498394,PRJNA838575,,,infant,91.0,,CA,,,,,,,primary,1.0,1.869
SAMN28498395,PRJNA838575,,,infant,91.0,,CA,,,,,,,primary,1.0,1.351
SAMN28498396,PRJNA838575,,,infant,91.0,,CA,,,,,,,primary,1.0,1.451
SAMN28498397,PRJNA838575,,,infant,91.0,,CA,,,,,,,primary,1.0,2.266
SAMN28498398,PRJNA838575,,,infant,91.0,,CA,,,,,,,primary,1.0,1.652
SAMN28498399,PRJNA838575,,,infant,91.0,,CA,,,,,,,primary,1.0,1.461
SAMN28498400,PRJNA838575,,,infant,91.0,,CA,,,,,,,primary,1.0,2.079
SAMN28498401,PRJNA838575,,,infant,91.0,,CA,,,,,,,primary,1.0,1.753
SAMN28498402,PRJNA838575,,,infant,91.0,,CA,,,,,,,primary,1.0,1.997
SAMN28498403,PRJNA838575,,,infant,91.0,,CA,,,,,,,primary,1.0,1.349
SAMN28498404,PRJNA838575,,,infant,91.0,,CA,,,,,,,primary,1.0,1.8
SAMN28498405,PRJNA838575,,,infant,91.0,,CA,,,,,,,primary,1.0,2.311
SAMN28498406,PRJNA838575,,,infant,91.0,,CA,,,,,,,primary,1.0,1.327
SAMN28498407,PRJNA838575,,,infant,91.0,,CA,,,,,,,primary,1.0,1.638
SAMN28498408,PRJNA838575,,,infant,91.0,,CA,,,,,,,primary,1.0,1.762
SAMN28498409,PRJNA838575,,,infant,91.0,,CA,,,,,,,primary,1.0,2.3
SAMN28498410,PRJNA838575,,,infant,91.0,,CA,,,,,,,primary,1.0,1.473
SAMN28498411,PRJNA838575,,,infant,91.0,,CA,,,,,,,primary,1.0,2.754
SAMN28498412,PRJNA838575,,,infant,91.0,,CA,,,,,,,primary,1.0,1.722
SAMN28498413,PRJNA838575,,,infant,91.0,,CA,,,,,,,primary,1.0,2.056
SAMN28498414,PRJNA838575,,,infant,91.0,,CA,,,,,,,primary,1.0,1.414
SAMN28498415,PRJNA838575,,,infant,91.0,,CA,,,,,,,primary,1.0,1.796
SAMN28498416,PRJNA838575,,,infant,91.0,,CA,,,,,,,primary,1.0,2.152
SAMN28498417,PRJNA838575,,,infant,91.0,,CA,,,,,,,primary,1.0,2.529
SAMN28498418,PRJNA838575,,,infant,91.0,,CA,,,,,,,primary,1.0,2.27
SAMN28498419,PRJNA838575,,,infant,91.0,,CA,,,,,,,primary,1.0,1.61
SAMN28498420,PRJNA838575,,,infant,91.0,,CA,,,,,,,primary,1.0,1.715
SAMN28498421,PRJNA838575,,,infant,91.0,,CA,,,,,,,primary,1.0,2.088
SAMN28498422,PRJNA838575,,,infant,91.0,,CA,,,,,,,primary,1.0,1.907
SAMN28498423,PRJNA838575,,,infant,91.0,,CA,,,,,,,primary,1.0,1.698
SAMN28498424,PRJNA838575,,,infant,91.0,,CA,,,,,,,primary,1.0,1.648
SAMN28498425,PRJNA838575,,,infant,91.0,,CA,,,,,,,primary,1.0,4.081
SAMN28498426,PRJNA838575,,,infant,91.0,,CA,,,,,,,primary,1.0,1.698
SAMN28498427,PRJNA838575,,,infant,91.0,,CA,,,,,,,primary,1.0,2.278
SAMN28498428,PRJNA838575,,,infant,91.0,,CA,,,,,,,primary,1.0,1.819
SAMN28498429,PRJNA838575,,,infant,91.0,,CA,,,,,,,primary,1.0,1.181
SAMN28498430,PRJNA838575,,,infant,91.0,,CA,,,,,,,primary,1.0,1.363
SAMN28498431,PRJNA838575,,,infant,91.0,,CA,,,,,,,primary,1.0,2.27
SAMN28498432,PRJNA838575,,,infant,91.0,,CA,,,,,,,primary,1.0,2.957
SAMN28498433,PRJNA838575,,,infant,91.0,,CA,,,,,,,primary,1.0,1.87
SAMN28498434,PRJNA838575,,,infant,91.0,,CA,,,,,,,primary,1.0,1.926
SAMN28498435,PRJNA838575,,,infant,91.0,,CA,,,,,,,primary,1.0,1.53
SAMN28498436,PRJNA838575,,,infant,91.0,,CA,,,,,,,primary,1.0,1.315
SAMN28498437,PRJNA838575,,,infant,91.0,,CA,,,,,,,primary,1.0,1.591
SAMN28498438,PRJNA838575,,,infant,91.0,,CA,,,,,,,primary,1.0,1.461
SAMN28498439,PRJNA838575,,,infant,91.0,,CA,,,,,,,primary,1.0,1.775
SAMN28498440,PRJNA838575,,,infant,91.0,,CA,,,,,,,primary,1.0,1.952
SAMN28498441,PRJNA838575,,,infant,91.0,,CA,,,,,,,primary,1.0,1.226
SAMN28498442,PRJNA838575,,,infant,91.0,,CA,,,,,,,primary,1.0,1.615
SAMN28498443,PRJNA838575,,,infant,91.0,,CA,,,,,,,primary,1.0,1.52
SAMN28498444,PRJNA838575,,,infant,91.0,,CA,,,,,,,primary,1.0,1.398
SAMN28498445,PRJNA838575,,,infant,91.0,,CA,,,,,,,primary,1.0,1.452
SAMN28498446,PRJNA838575,,,infant,91.0,,CA,,,,,,,primary,1.0,1.337
SAMN28498447,PRJNA838575,,,infant,91.0,,CA,,,,,,,primary,1.0,2.245
SAMN28498448,PRJNA838575,,,infant,91.0,,CA,,,,,,,primary,1.0,1.072
SAMN28498449,PRJNA838575,,,infant,91.0,,CA,,,,,,,primary,1.0,1.354
SAMN28498450,PRJNA838575,,,infant,91.0,,CA,,,,,,,primary,1.0,1.472
SAMN28498451,PRJNA838575,,,infant,91.0,,CA,,,,,,,primary,1.0,1.694
SAMN28498452,PRJNA838575,,,infant,91.0,,CA,,,,,,,primary,1.0,1.165
SAMN28498453,PRJNA838575,,,infant,91.0,,CA,,,,,,,primary,1.0,1.113
SAMN28498454,PRJNA838575,,,infant,91.0,,CA,,,,,,,primary,1.0,2.134
SAMN28498455,PRJNA838575,,,infant,91.0,,CA,,,,,,,primary,1.0,1.513
SAMN28498456,PRJNA838575,,,infant,91.0,,CA,,,,,,,primary,1.0,2.264
SAMN28498457,PRJNA838575,,,infant,91.0,,CA,,,,,,,primary,1.0,1.689
SAMN28498458,PRJNA838575,,,infant,91.0,,CA,,,,,,,primary,1.0,1.696
SAMN28498459,PRJNA838575,,,infant,91.0,,CA,,,,,,,primary,1.0,2.565
SAMN28498460,PRJNA838575,,,infant,91.0,,CA,,,,,,,primary,1.0,2.146
SAMN28498461,PRJNA838575,,,infant,91.0,,CA,,,,,,,primary,1.0,1.822
SAMN28498462,PRJNA838575,,,infant,91.0,,CA,,,,,,,primary,1.0,2.409
SAMN28498463,PRJNA838575,,,infant,91.0,,CA,,,,,,,primary,1.0,2.47
SAMN28498464,PRJNA838575,,,infant,91.0,,CA,,,,,,,primary,1.0,1.787
SAMN28498465,PRJNA838575,,,infant,91.0,,CA,,,,,,,primary,1.0,1.506
SAMN28498466,PRJNA838575,,,infant,91.0,,CA,,,,,,,primary,1.0,2.38
SAMN28498467,PRJNA838575,,,infant,91.0,,CA,,,,,,,primary,1.0,1.752
SAMN28498468,PRJNA838575,,,infant,91.0,,CA,,,,,,,primary,1.0,1.202
SAMN28498469,PRJNA838575,,,infant,91.0,,CA,,,,,,,primary,1.0,1.663
SAMN28498470,PRJNA838575,,,infant,91.0,,CA,,,,,,,primary,1.0,1.856
SAMN28498471,PRJNA838575,,,infant,91.0,,CA,,,,,,,primary,1.0,1.928
SAMN28498472,PRJNA838575,,,infant,91.0,,CA,,,,,,,primary,1.0,1.233
SAMN28498473,PRJNA838575,,,infant,91.0,,CA,,,,,,,primary,1.0,2.665
SAMN28498474,PRJNA838575,,,infant,91.0,,CA,,,,,,,primary,1.0,1.977
SAMN28498475,PRJNA838575,,,infant,91.0,,CA,,,,,,,primary,1.0,2.064
SAMN28498476,PRJNA838575,,,infant,91.0,,CA,,,,,,,primary,1.0,2.47
SAMN28498477,PRJNA838575,,,infant,91.0,,CA,,,,,,,primary,1.0,1.38
SAMN28498478,PRJNA838575,,,infant,91.0,,CA,,,,,,,primary,1.0,2.081
SAMN28498479,PRJNA838575,,,infant,91.0,,CA,,,,,,,primary,1.0,2.437
SAMN28498480,PRJNA838575,,,infant,91.0,,CA,,,,,,,primary,1.0,3.368
SAMN28498481,PRJNA838575,,,infant,91.0,,CA,,,,,,,primary,1.0,2.619
SAMN28498482,PRJNA838575,,,infant,91.0,,CA,,,,,,,primary,1.0,1.537
SAMN28498483,PRJNA838575,,,infant,91.0,,CA,,,,,,,primary,1.0,2.339
SAMN28498484,PRJNA838575,,,infant,91.0,,CA,,,,,,,primary,1.0,2.094
SAMN28498485,PRJNA838575,,,infant,91.0,,CA,,,,,,,primary,1.0,1.832
SAMN28498486,PRJNA838575,,,infant,91.0,,CA,,,,,,,primary,1.0,1.603
SAMN28498487,PRJNA838575,,,infant,91.0,,CA,,,,,,,primary,1.0,1.965
SAMN28498488,PRJNA838575,,,infant,91.0,,CA,,,,,,,primary,1.0,1.791
SAMN28498489,PRJNA838575,,,infant,91.0,,CA,,,,,,,primary,1.0,2.153
SAMN28498490,PRJNA838575,,,infant,91.0,,CA,,,,,,,primary,1.0,2.061
SAMN28498491,PRJNA838575,,,infant,91.0,,CA,,,,,,,primary,1.0,1.762
SAMN28498492,PRJNA838575,,,infant,91.0,,CA,,,,,,,primary,1.0,1.118
SAMN28498493,PRJNA838575,,,infant,91.0,,CA,,,,,,,primary,1.0,1.541
SAMN28498494,PRJNA838575,,,infant,91.0,,CA,,,,,,,primary,1.0,2.659
SAMN28498495,PRJNA838575,,,infant,91.0,,CA,,,,,,,primary,1.0,2.553
SAMN28498496,PRJNA838575,,,infant,91.0,,CA,,,,,,,primary,1.0,2.481
SAMN28498497,PRJNA838575,,,infant,91.0,,CA,,,,,,,primary,1.0,2.144
SAMN28498498,PRJNA838575,,,infant,91.0,,CA,,,,,,,primary,1.0,1.485
SAMN28498499,PRJNA838575,,,infant,91.0,,CA,,,,,,,primary,1.0,1.201
SAMN28498500,PRJNA838575,,,infant,91.0,,CA,,,,,,,primary,1.0,2.184
SAMN28498501,PRJNA838575,,,infant,91.0,,CA,,,,,,,primary,1.0,0.597
SAMN28498502,PRJNA838575,,,infant,91.0,,CA,,,,,,,primary,1.0,1.367
SAMN28498503,PRJNA838575,,,infant,91.0,,CA,,,,,,,primary,1.0,1.427
SAMN28498504,PRJNA838575,,,infant,91.0,,CA,,,,,,,primary,1.0,1.617
SAMN28498505,PRJNA838575,,,infant,91.0,,CA,,,,,,,primary,1.0,1.265
SAMN28498506,PRJNA838575,,,infant,91.0,,CA,,,,,,,primary,1.0,2.184
SAMN28498507,PRJNA838575,,,infant,91.0,,CA,,,,,,,primary,1.0,2.974
SAMN28498508,PRJNA838575,,,infant,91.0,,CA,,,,,,,primary,1.0,2.462
SAMN28498509,PRJNA838575,,,infant,91.0,,CA,,,,,,,primary,1.0,1.909
SAMN28498510,PRJNA838575,,,infant,91.0,,CA,,,,,,,primary,1.0,1.526
SAMN28498511,PRJNA838575,,,infant,91.0,,CA,,,,,,,primary,1.0,1.404
SAMN28498512,PRJNA838575,,,infant,91.0,,CA,,,,,,,primary,1.0,1.176
SAMN28498513,PRJNA838575,,,infant,91.0,,CA,,,,,,,primary,1.0,1.403
SAMN28498514,PRJNA838575,,,infant,91.0,,CA,,,,,,,primary,1.0,1.055
SAMN28498515,PRJNA838575,,,infant,91.0,,CA,,,,,,,primary,1.0,1.786
SAMN28498516,PRJNA838575,,,infant,91.0,,CA,,,,,,,primary,1.0,1.708
SAMN28498517,PRJNA838575,,,infant,91.0,,CA,,,,,,,primary,1.0,2.113
SAMN28498518,PRJNA838575,,,infant,91.0,,CA,,,,,,,primary,1.0,1.924
SAMN28498519,PRJNA838575,,,infant,91.0,,CA,,,,,,,primary,1.0,1.561
SAMN28498520,PRJNA838575,,,infant,91.0,,CA,,,,,,,primary,1.0,1.767
SAMN28498521,PRJNA838575,,,infant,91.0,,CA,,,,,,,primary,1.0,1.581
SAMN28498522,PRJNA838575,,,infant,91.0,,CA,,,,,,,primary,1.0,1.834
SAMN28498523,PRJNA838575,,,infant,91.0,,CA,,,,,,,primary,1.0,0.749
SAMN28498524,PRJNA838575,,,infant,91.0,,CA,,,,,,,primary,1.0,1.257
SAMN28498525,PRJNA838575,,,infant,91.0,,CA,,,,,,,primary,1.0,1.881
SAMN28498526,PRJNA838575,,,infant,91.0,,CA,,,,,,,primary,1.0,1.668
SAMN28498527,PRJNA838575,,,infant,91.0,,CA,,,,,,,primary,1.0,2.52
SAMN28498528,PRJNA838575,,,infant,91.0,,CA,,,,,,,primary,1.0,1.957
SAMN28498529,PRJNA838575,,,infant,91.0,,CA,,,,,,,primary,1.0,1.845
SAMN28498530,PRJNA838575,,,infant,91.0,,CA,,,,,,,primary,1.0,2.462
SAMN28498531,PRJNA838575,,,infant,91.0,,CA,,,,,,,primary,1.0,2.051
SAMN28498532,PRJNA838575,,,infant,91.0,,CA,,,,,,,primary,1.0,2.857
SAMN28498533,PRJNA838575,,,infant,91.0,,CA,,,,,,,primary,1.0,1.827
SAMN28498534,PRJNA838575,,,infant,91.0,,CA,,,,,,,primary,1.0,2.079
SAMN28498535,PRJNA838575,,,infant,91.0,,CA,,,,,,,primary,1.0,2.801
SAMN28498536,PRJNA838575,,,infant,91.0,,CA,,,,,,,primary,1.0,3.261
SAMN28498537,PRJNA838575,,,infant,91.0,,CA,,,,,,,primary,1.0,2.244
SAMN28498538,PRJNA838575,,,infant,91.0,,CA,,,,,,,primary,1.0,1.186
SAMN28498539,PRJNA838575,,,infant,91.0,,CA,,,,,,,primary,1.0,1.56
SAMN28498540,PRJNA838575,,,infant,91.0,,CA,,,,,,,primary,1.0,2.004
SAMN28498541,PRJNA838575,,,infant,91.0,,CA,,,,,,,primary,1.0,1.972
SAMN28498542,PRJNA838575,,,infant,91.0,,CA,,,,,,,primary,1.0,2.489
SAMN28498543,PRJNA838575,,,infant,91.0,,CA,,,,,,,primary,1.0,1.238
SAMN28498544,PRJNA838575,,,infant,91.0,,CA,,,,,,,primary,1.0,1.143
SAMN28498545,PRJNA838575,,,infant,91.0,,CA,,,,,,,primary,1.0,2.052
SAMN28498546,PRJNA838575,,,infant,91.0,,CA,,,,,,,primary,1.0,1.343
SAMN28498547,PRJNA838575,,,infant,91.0,,CA,,,,,,,primary,1.0,2.323
SAMN28498548,PRJNA838575,,,infant,91.0,,CA,,,,,,,primary,1.0,2.254
SAMN28498549,PRJNA838575,,,infant,91.0,,CA,,,,,,,primary,1.0,2.415
SAMN28498550,PRJNA838575,,,infant,91.0,,CA,,,,,,,primary,1.0,1.417
SAMN28498551,PRJNA838575,,,infant,91.0,,CA,,,,,,,primary,1.0,1.197
SAMN28498552,PRJNA838575,,,infant,91.0,,CA,,,,,,,primary,1.0,1.323
SAMN28498553,PRJNA838575,,,infant,91.0,,CA,,,,,,,primary,1.0,2.296
SAMN28498554,PRJNA838575,,,infant,91.0,,CA,,,,,,,primary,1.0,1.023
SAMN28498555,PRJNA838575,,,infant,91.0,,CA,,,,,,,primary,1.0,1.989
SAMN28498556,PRJNA838575,,,infant,91.0,,CA,,,,,,,primary,1.0,2.491
SAMN28498557,PRJNA838575,,,infant,91.0,,CA,,,,,,,primary,1.0,1.727
SAMN28498558,PRJNA838575,,,infant,91.0,,CA,,,,,,,primary,1.0,1.387
SAMN28498559,PRJNA838575,,,infant,91.0,,CA,,,,,,,primary,1.0,2.233
SAMN28498560,PRJNA838575,,,infant,91.0,,CA,,,,,,,primary,1.0,2.015
SAMN28498561,PRJNA838575,,,infant,91.0,,CA,,,,,,,primary,1.0,1.844
SAMN28498562,PRJNA838575,,,infant,91.0,,CA,,,,,,,primary,1.0,1.507
SAMN28498563,PRJNA838575,,,infant,91.0,,CA,,,,,,,primary,1.0,1.264
SAMN28498564,PRJNA838575,,,infant,91.0,,CA,,,,,,,primary,1.0,2.175
SAMN28498565,PRJNA838575,,,infant,91.0,,CA,,,,,,,primary,1.0,1.724
SAMN28498566,PRJNA838575,,,infant,91.0,,CA,,,,,,,primary,1.0,1.283
SAMN28498567,PRJNA838575,,,infant,91.0,,CA,,,,,,,primary,1.0,1.366
SAMN28498568,PRJNA838575,,,infant,91.0,,CA,,,,,,,primary,1.0,1.521
SAMN28498569,PRJNA838575,,,infant,91.0,,CA,,,,,,,primary,1.0,1.923
SAMN28498570,PRJNA838575,,,infant,91.0,,CA,,,,,,,primary,1.0,2.346
SAMN28498571,PRJNA838575,,,infant,91.0,,CA,,,,,,,primary,1.0,1.698
SAMN28498572,PRJNA838575,,,infant,91.0,,CA,,,,,,,primary,1.0,1.919
SAMN28498573,PRJNA838575,,,infant,91.0,,CA,,,,,,,primary,1.0,2.762
SAMN28498574,PRJNA838575,,,infant,91.0,,CA,,,,,,,primary,1.0,1.976
SAMN28498575,PRJNA838575,,,infant,91.0,,CA,,,,,,,primary,1.0,1.583
SAMN28498576,PRJNA838575,,,infant,91.0,,CA,,,,,,,primary,1.0,2.179
SAMN28498577,PRJNA838575,,,infant,91.0,,CA,,,,,,,primary,1.0,2.598
SAMN28498578,PRJNA838575,,,infant,91.0,,CA,,,,,,,primary,1.0,1.6
SAMN28498579,PRJNA838575,,,infant,91.0,,CA,,,,,,,primary,1.0,0.119
SAMN28498580,PRJNA838575,,,infant,91.0,,CA,,,,,,,primary,1.0,2.797
SAMN28498581,PRJNA838575,,,infant,91.0,,CA,,,,,,,primary,1.0,4.061
SAMN28498582,PRJNA838575,,,infant,91.0,,CA,,,,,,,primary,1.0,2.585
SAMN28498583,PRJNA838575,,,infant,91.0,,CA,,,,,,,primary,1.0,2.345
SAMN28498584,PRJNA838575,,,infant,91.0,,CA,,,,,,,primary,1.0,2.315
SAMN28498585,PRJNA838575,,,infant,91.0,,CA,,,,,,,primary,1.0,1.472
SAMN28498586,PRJNA838575,,,infant,91.0,,CA,,,,,,,primary,1.0,1.086
SAMN28498587,PRJNA838575,,,infant,91.0,,CA,,,,,,,primary,1.0,1.313
SAMN28498588,PRJNA838575,,,infant,91.0,,CA,,,,,,,primary,1.0,1.322
SAMN28498589,PRJNA838575,,,infant,91.0,,CA,,,,,,,primary,1.0,1.797
SAMN28498590,PRJNA838575,,,infant,91.0,,CA,,,,,,,primary,1.0,1.695
SAMN28498591,PRJNA838575,,,infant,91.0,,CA,,,,,,,primary,1.0,1.249
SAMN28498592,PRJNA838575,,,infant,91.0,,CA,,,,,,,primary,1.0,1.88
SAMN28498593,PRJNA838575,,,infant,91.0,,CA,,,,,,,primary,1.0,1.909
SAMN28498594,PRJNA838575,,,infant,91.0,,CA,,,,,,,primary,1.0,1.407
SAMN28498595,PRJNA838575,,,infant,91.0,,CA,,,,,,,primary,1.0,1.916
SAMN28498596,PRJNA838575,,,infant,91.0,,CA,,,,,,,primary,1.0,1.708
SAMN28498597,PRJNA838575,,,infant,91.0,,CA,,,,,,,primary,1.0,1.702
SAMN28498598,PRJNA838575,,,infant,91.0,,CA,,,,,,,primary,1.0,1.994
SAMN28498599,PRJNA838575,,,infant,91.0,,CA,,,,,,,primary,1.0,1.292
SAMN28498600,PRJNA838575,,,infant,91.0,,CA,,,,,,,primary,1.0,2.604
SAMN28498601,PRJNA838575,,,infant,91.0,,CA,,,,,,,primary,1.0,0.841
SAMN28498602,PRJNA838575,,,infant,91.0,,CA,,,,,,,primary,1.0,2.607
SAMN28498603,PRJNA838575,,,infant,91.0,,CA,,,,,,,primary,1.0,1.773
SAMN28498604,PRJNA838575,,,infant,91.0,,CA,,,,,,,primary,1.0,2.307
SAMN28498605,PRJNA838575,,,infant,91.0,,CA,,,,,,,primary,1.0,1.483
SAMN28498606,PRJNA838575,,,infant,91.0,,CA,,,,,,,primary,1.0,1.572
SAMN28498607,PRJNA838575,,,infant,91.0,,CA,,,,,,,primary,1.0,1.204
SAMN28498608,PRJNA838575,,,infant,91.0,,CA,,,,,,,primary,1.0,1.865
SAMN28498609,PRJNA838575,,,infant,91.0,,CA,,,,,,,primary,1.0,1.526
SAMN28498610,PRJNA838575,,,infant,91.0,,CA,,,,,,,primary,1.0,1.437
SAMN28498611,PRJNA838575,,,infant,91.0,,CA,,,,,,,primary,1.0,2.264
SAMN28498612,PRJNA838575,,,infant,91.0,,CA,,,,,,,primary,1.0,2.116
SAMN28498613,PRJNA838575,,,infant,91.0,,CA,,,,,,,primary,1.0,1.299
SAMN28498614,PRJNA838575,,,infant,91.0,,CA,,,,,,,primary,1.0,1.355
SAMN28498615,PRJNA838575,,,infant,91.0,,CA,,,,,,,primary,1.0,1.295
SAMN28498616,PRJNA838575,,,infant,91.0,,CA,,,,,,,primary,1.0,1.924
SAMN28498617,PRJNA838575,,,infant,91.0,,CA,,,,,,,primary,1.0,2.998
SAMN28498618,PRJNA838575,,,infant,91.0,,CA,,,,,,,primary,1.0,2.195
SAMN28498619,PRJNA838575,,,infant,91.0,,CA,,,,,,,primary,1.0,1.619
SAMN28498620,PRJNA838575,,,infant,91.0,,CA,,,,,,,primary,1.0,1.758
SAMN28498621,PRJNA838575,,,infant,91.0,,CA,,,,,,,primary,1.0,1.576
SAMN28498622,PRJNA838575,,,infant,91.0,,CA,,,,,,,primary,1.0,0.965
SAMN28498623,PRJNA838575,,,infant,91.0,,CA,,,,,,,primary,1.0,2.504
SAMN28498624,PRJNA838575,,,infant,91.0,,CA,,,,,,,primary,1.0,1.704
SAMN28498625,PRJNA838575,,,infant,91.0,,CA,,,,,,,primary,1.0,2.273
SAMN28498626,PRJNA838575,,,infant,91.0,,CA,,,,,,,primary,1.0,1.127
SAMN28498627,PRJNA838575,,,infant,91.0,,CA,,,,,,,primary,1.0,1.318
SAMN28498628,PRJNA838575,,,infant,91.0,,CA,,,,,,,primary,1.0,1.343
SAMN28498629,PRJNA838575,,,infant,91.0,,CA,,,,,,,primary,1.0,2.665
SAMN28498630,PRJNA838575,,,infant,91.0,,CA,,,,,,,primary,1.0,1.972
SAMN28498631,PRJNA838575,,,infant,91.0,,CA,,,,,,,primary,1.0,2.431
SAMN28498632,PRJNA838575,,,infant,91.0,,CA,,,,,,,primary,1.0,0.841
SAMN28498633,PRJNA838575,,,infant,91.0,,CA,,,,,,,primary,1.0,2.542
SAMN28498634,PRJNA838575,,,infant,91.0,,CA,,,,,,,primary,1.0,1.498
SAMN28498635,PRJNA838575,,,infant,91.0,,CA,,,,,,,primary,1.0,2.896
SAMN28498636,PRJNA838575,,,infant,91.0,,CA,,,,,,,primary,1.0,3.012
SAMN28498637,PRJNA838575,,,infant,91.0,,CA,,,,,,,primary,1.0,1.323
SAMN28498638,PRJNA838575,,,infant,91.0,,CA,,,,,,,primary,1.0,1.884
SAMN28498639,PRJNA838575,,,infant,91.0,,CA,,,,,,,primary,1.0,1.65
SAMN28498640,PRJNA838575,,,infant,91.0,,CA,,,,,,,primary,1.0,1.61
SAMN28498641,PRJNA838575,,,infant,91.0,,CA,,,,,,,primary,1.0,1.192
SAMN28498642,PRJNA838575,,,infant,91.0,,CA,,,,,,,primary,1.0,1.337
SAMN28498643,PRJNA838575,,,infant,91.0,,CA,,,,,,,primary,1.0,1.421
SAMN28498644,PRJNA838575,,,infant,91.0,,CA,,,,,,,primary,1.0,1.219
SAMN28498645,PRJNA838575,,,infant,91.0,,CA,,,,,,,primary,1.0,2.372
SAMN28498646,PRJNA838575,,,infant,91.0,,CA,,,,,,,primary,1.0,0.969
SAMN28498647,PRJNA838575,,,infant,91.0,,CA,,,,,,,primary,1.0,1.652
SAMN28498648,PRJNA838575,,,infant,91.0,,CA,,,,,,,primary,1.0,1.526
SAMN28498649,PRJNA838575,,,infant,91.0,,CA,,,,,,,primary,1.0,1.968
SAMN28498650,PRJNA838575,,,infant,91.0,,CA,,,,,,,primary,1.0,1.205
SAMN28498651,PRJNA838575,,,infant,91.0,,CA,,,,,,,primary,1.0,0.859
SAMN28498652,PRJNA838575,,,infant,91.0,,CA,,,,,,,primary,1.0,2.347
SAMN28498653,PRJNA838575,,,infant,91.0,,CA,,,,,,,primary,1.0,2.374
SAMN28498654,PRJNA838575,,,infant,91.0,,CA,,,,,,,primary,1.0,1.056
SAMN28498655,PRJNA838575,,,infant,91.0,,CA,,,,,,,primary,1.0,1.885
SAMN28498656,PRJNA838575,,,infant,91.0,,CA,,,,,,,primary,1.0,1.001
SAMN28498657,PRJNA838575,,,infant,91.0,,CA,,,,,,,primary,1.0,1.408
SAMN28498658,PRJNA838575,,,infant,91.0,,CA,,,,,,,primary,1.0,1.499
SAMN28498659,PRJNA838575,,,infant,91.0,,CA,,,,,,,primary,1.0,1.217
SAMN28498660,PRJNA838575,,,infant,91.0,,CA,,,,,,,primary,1.0,0.603
SAMN28498661,PRJNA838575,,,infant,91.0,,CA,,,,,,,primary,1.0,1.755
SAMN28498662,PRJNA838575,,,infant,91.0,,CA,,,,,,,primary,1.0,1.981
SAMN28498663,PRJNA838575,,,infant,91.0,,CA,,,,,,,primary,1.0,2.057
SAMN28498664,PRJNA838575,,,infant,91.0,,CA,,,,,,,primary,1.0,2.819
SAMN28498665,PRJNA838575,,,infant,91.0,,CA,,,,,,,primary,1.0,1.813
SAMN28498666,PRJNA838575,,,infant,91.0,,CA,,,,,,,primary,1.0,2.045
SAMN28498667,PRJNA838575,,,infant,91.0,,CA,,,,,,,primary,1.0,3.252
SAMN28498668,PRJNA838575,,,infant,91.0,,CA,,,,,,,primary,1.0,1.169
SAMN28498669,PRJNA838575,,,infant,91.0,,CA,,,,,,,primary,1.0,1.143
SAMN28498670,PRJNA838575,,,infant,91.0,,CA,,,,,,,primary,1.0,2.069
SAMN28498671,PRJNA838575,,,infant,91.0,,CA,,,,,,,primary,1.0,1.815
SAMN28498672,PRJNA838575,,,infant,91.0,,CA,,,,,,,primary,1.0,2.161
SAMN28498673,PRJNA838575,,,infant,91.0,,CA,,,,,,,primary,1.0,3.524
SAMN28498674,PRJNA838575,,,infant,91.0,,CA,,,,,,,primary,1.0,1.789
SAMN28498675,PRJNA838575,,,infant,91.0,,CA,,,,,,,primary,1.0,1.691
SAMN28498676,PRJNA838575,,,infant,91.0,,CA,,,,,,,primary,1.0,2.466
SAMN28498677,PRJNA838575,,,infant,91.0,,CA,,,,,,,primary,1.0,1.976
SAMN28498678,PRJNA838575,,,infant,91.0,,CA,,,,,,,primary,1.0,1.871
SAMN28498679,PRJNA838575,,,infant,91.0,,CA,,,,,,,primary,1.0,1.198
SAMN28498680,PRJNA838575,,,infant,91.0,,CA,,,,,,,primary,1.0,2.931
SAMN28498681,PRJNA838575,,,infant,91.0,,CA,,,,,,,primary,1.0,1.652
SAMN28498682,PRJNA838575,,,infant,91.0,,CA,,,,,,,primary,1.0,0.889
SAMN28498683,PRJNA838575,,,infant,91.0,,CA,,,,,,,primary,1.0,1.657
SAMN28498684,PRJNA838575,,,infant,91.0,,CA,,,,,,,primary,1.0,1.872
SAMN28498685,PRJNA838575,,,infant,91.0,,CA,,,,,,,primary,1.0,2.133
SAMN28498686,PRJNA838575,,,infant,91.0,,CA,,,,,,,primary,1.0,1.765
SAMN28498687,PRJNA838575,,,infant,91.0,,CA,,,,,,,primary,1.0,2.562
SAMN28498688,PRJNA838575,,,infant,91.0,,CA,,,,,,,primary,1.0,2.11
SAMN28498689,PRJNA838575,,,infant,91.0,,CA,,,,,,,primary,1.0,1.113
SAMN28498690,PRJNA838575,,,infant,91.0,,CA,,,,,,,primary,1.0,1.869
SAMN28498691,PRJNA838575,,,infant,91.0,,CA,,,,,,,primary,1.0,1.564
SAMN28498692,PRJNA838575,,,infant,91.0,,CA,,,,,,,primary,1.0,1.882
SAMN28498693,PRJNA838575,,,infant,91.0,,CA,,,,,,,primary,1.0,1.517
SAMN28498694,PRJNA838575,,,infant,91.0,,CA,,,,,,,primary,1.0,1.816
SAMN28498695,PRJNA838575,,,infant,91.0,,CA,,,,,,,primary,1.0,2.696
SAMN28498697,PRJNA838575,,,infant,91.0,,CA,,,,,,,primary,1.0,3.208
SAMN28498698,PRJNA838575,,,infant,91.0,,CA,,,,,,,primary,1.0,2.191
SAMN28498699,PRJNA838575,,,infant,91.0,,CA,,,,,,,primary,1.0,2.218
SAMN28498700,PRJNA838575,,,infant,91.0,,CA,,,,,,,primary,1.0,1.84
SAMN28498701,PRJNA838575,,,infant,91.0,,CA,,,,,,,primary,1.0,1.83
SAMN28498702,PRJNA838575,,,infant,91.0,,CA,,,,,,,primary,1.0,2.1
SAMN28498703,PRJNA838575,,,infant,91.0,,CA,,,,,,,primary,1.0,1.504
SAMN28498704,PRJNA838575,,,infant,91.0,,CA,,,,,,,primary,1.0,1.793
SAMN28498705,PRJNA838575,,,infant,91.0,,CA,,,,,,,primary,1.0,2.197
SAMN28498706,PRJNA838575,,,infant,91.0,,CA,,,,,,,primary,1.0,1.699
SAMN28498707,PRJNA838575,,,infant,91.0,,CA,,,,,,,primary,1.0,1.166
SAMN28498708,PRJNA838575,,,infant,91.0,,CA,,,,,,,primary,1.0,1.325
SAMN28498709,PRJNA838575,,,infant,91.0,,CA,,,,,,,primary,1.0,0.051
SAMN28498710,PRJNA838575,,,infant,91.0,,CA,,,,,,,primary,1.0,1.045
SAMN28498711,PRJNA838575,,,infant,91.0,,CA,,,,,,,primary,1.0,1.877
SAMN28498712,PRJNA838575,,,infant,91.0,,CA,,,,,,,primary,1.0,2.092
SAMN28498713,PRJNA838575,,,infant,91.0,,CA,,,,,,,primary,1.0,1.509
SAMN28498714,PRJNA838575,,,infant,91.0,,CA,,,,,,,primary,1.0,1.494
SAMN28498715,PRJNA838575,,,infant,91.0,,CA,,,,,,,primary,1.0,1.389
SAMN28498716,PRJNA838575,,,infant,91.0,,CA,,,,,,,primary,1.0,1.023
SAMN28498717,PRJNA838575,,,infant,91.0,,CA,,,,,,,primary,1.0,1.924
SAMN28498718,PRJNA838575,,,infant,91.0,,CA,,,,,,,primary,1.0,1.817
SAMN28498719,PRJNA838575,,,infant,91.0,,CA,,,,,,,primary,1.0,2.613
SAMN28498720,PRJNA838575,,,infant,91.0,,CA,,,,,,,primary,1.0,4.295
SAMN28498721,PRJNA838575,,,infant,91.0,,CA,,,,,,,primary,1.0,2.43
SAMN28498722,PRJNA838575,,,infant,91.0,,CA,,,,,,,primary,1.0,2.498
SAMN28498723,PRJNA838575,,,infant,91.0,,CA,,,,,,,primary,1.0,1.41
SAMN28498724,PRJNA838575,,,infant,91.0,,CA,,,,,,,primary,1.0,1.946
SAMN28498725,PRJNA838575,,,infant,91.0,,CA,,,,,,,primary,1.0,2.039
SAMN28498726,PRJNA838575,,,infant,91.0,,CA,,,,,,,primary,1.0,1.351
SAMN28498727,PRJNA838575,,,infant,91.0,,CA,,,,,,,primary,1.0,2.539
SAMN28498728,PRJNA838575,,,infant,91.0,,CA,,,,,,,primary,1.0,2.106
SAMN28498729,PRJNA838575,,,infant,91.0,,CA,,,,,,,primary,1.0,2.21
SAMN28498730,PRJNA838575,,,infant,91.0,,CA,,,,,,,primary,1.0,3.064
SAMN28498731,PRJNA838575,,,infant,91.0,,CA,,,,,,,primary,1.0,3.056
SAMN28498732,PRJNA838575,,,infant,91.0,,CA,,,,,,,primary,1.0,2.212
SAMN28498733,PRJNA838575,,,infant,91.0,,CA,,,,,,,primary,1.0,1.779
SAMN28498734,PRJNA838575,,,infant,91.0,,CA,,,,,,,primary,1.0,2.049
SAMN28498735,PRJNA838575,,,infant,91.0,,CA,,,,,,,primary,1.0,1.632
SAMN28498736,PRJNA838575,,,infant,91.0,,CA,,,,,,,primary,1.0,1.746
SAMN28498737,PRJNA838575,,,infant,91.0,,CA,,,,,,,primary,1.0,2.314
SAMN28498738,PRJNA838575,,,infant,91.0,,CA,,,,,,,primary,1.0,1.305
SAMN28498739,PRJNA838575,,,infant,91.0,,CA,,,,,,,primary,1.0,2.156
SAMN28498740,PRJNA838575,,,infant,91.0,,CA,,,,,,,primary,1.0,1.319
SAMN28498741,PRJNA838575,,,infant,91.0,,CA,,,,,,,primary,1.0,1.509
SAMN28498742,PRJNA838575,,,infant,91.0,,CA,,,,,,,primary,1.0,1.384
SAMN28498743,PRJNA838575,,,infant,91.0,,CA,,,,,,,primary,1.0,1.902
SAMN28498744,PRJNA838575,,,infant,91.0,,CA,,,,,,,primary,1.0,1.648
SAMN28498745,PRJNA838575,,,infant,91.0,,CA,,,,,,,primary,1.0,1.175
SAMN28498746,PRJNA838575,,,infant,91.0,,CA,,,,,,,primary,1.0,0.858
SAMN28498747,PRJNA838575,,,infant,91.0,,CA,,,,,,,primary,1.0,1.735
SAMN28498748,PRJNA838575,,,infant,91.0,,CA,,,,,,,primary,1.0,2.235
SAMN28498749,PRJNA838575,,,infant,91.0,,CA,,,,,,,primary,1.0,2.905
SAMN28498750,PRJNA838575,,,infant,91.0,,CA,,,,,,,primary,1.0,1.576
SAMN28498751,PRJNA838575,,,infant,91.0,,CA,,,,,,,primary,1.0,1.692
SAMN28498752,PRJNA838575,,,infant,91.0,,CA,,,,,,,primary,1.0,3.324
SAMN28498753,PRJNA838575,,,infant,91.0,,CA,,,,,,,primary,1.0,1.471
SAMN28498754,PRJNA838575,,,infant,91.0,,CA,,,,,,,primary,1.0,1.216
SAMN28498755,PRJNA838575,,,infant,91.0,,CA,,,,,,,primary,1.0,2.399
SAMN28498756,PRJNA838575,,,infant,91.0,,CA,,,,,,,primary,1.0,1.616
SAMN28498757,PRJNA838575,,,infant,91.0,,CA,,,,,,,primary,1.0,1.808
SAMN28498758,PRJNA838575,,,infant,91.0,,CA,,,,,,,primary,1.0,1.253
SAMN28498759,PRJNA838575,,,infant,91.0,,CA,,,,,,,primary,1.0,2.567
SAMN28498760,PRJNA838575,,,infant,91.0,,CA,,,,,,,primary,1.0,2.149
SAMN28498761,PRJNA838575,,,infant,91.0,,CA,,,,,,,primary,1.0,2.454
SAMN28498762,PRJNA838575,,,infant,91.0,,CA,,,,,,,primary,1.0,2.314
SAMN28498763,PRJNA838575,,,infant,91.0,,CA,,,,,,,primary,1.0,1.479
SAMN28498764,PRJNA838575,,,infant,91.0,,CA,,,,,,,primary,1.0,1.674
SAMN28498765,PRJNA838575,,,infant,91.0,,CA,,,,,,,primary,1.0,0.593
SAMN28498766,PRJNA838575,,,infant,91.0,,CA,,,,,,,primary,1.0,1.676
SAMN28498767,PRJNA838575,,,infant,91.0,,CA,,,,,,,primary,1.0,0.819
SAMN28498768,PRJNA838575,,,infant,91.0,,CA,,,,,,,primary,1.0,1.519
SAMN28498769,PRJNA838575,,,infant,91.0,,CA,,,,,,,primary,1.0,1.649
SAMN28498770,PRJNA838575,,,infant,91.0,,CA,,,,,,,primary,1.0,2.768
SAMN28498771,PRJNA838575,,,infant,91.0,,CA,,,,,,,primary,1.0,1.088
SAMN28498772,PRJNA838575,,,infant,91.0,,CA,,,,,,,primary,1.0,1.504
SAMN28498773,PRJNA838575,,,infant,91.0,,CA,,,,,,,primary,1.0,1.459
SAMN28498774,PRJNA838575,,,infant,91.0,,CA,,,,,,,primary,1.0,2.31
SAMN28498775,PRJNA838575,,,infant,91.0,,CA,,,,,,,primary,1.0,1.317
SAMN28498776,PRJNA838575,,,infant,91.0,,CA,,,,,,,primary,1.0,1.372
SAMN28498777,PRJNA838575,,,infant,91.0,,CA,,,,,,,primary,1.0,1.206
SAMN28498778,PRJNA838575,,,infant,91.0,,CA,,,,,,,primary,1.0,1.802
SAMN28498779,PRJNA838575,,,infant,91.0,,CA,,,,,,,primary,1.0,1.481
SAMN28498780,PRJNA838575,,,infant,91.0,,CA,,,,,,,primary,1.0,2.12
SAMN28498781,PRJNA838575,,,infant,91.0,,CA,,,,,,,primary,1.0,2.998
SAMN28498782,PRJNA838575,,,infant,91.0,,CA,,,,,,,primary,1.0,1.997
SAMN28498783,PRJNA838575,,,infant,91.0,,CA,,,,,,,primary,1.0,1.521
SAMN28498784,PRJNA838575,,,infant,91.0,,CA,,,,,,,primary,1.0,1.967
SAMN28498785,PRJNA838575,,,infant,91.0,,CA,,,,,,,primary,1.0,1.927
SAMN28498786,PRJNA838575,,,infant,91.0,,CA,,,,,,,primary,1.0,1.405
SAMN28498787,PRJNA838575,,,infant,91.0,,CA,,,,,,,primary,1.0,1.342
SAMN28498788,PRJNA838575,,,infant,91.0,,CA,,,,,,,primary,1.0,1.52
SAMN28498789,PRJNA838575,,,infant,91.0,,CA,,,,,,,primary,1.0,1.415
SAMN28498790,PRJNA838575,,,infant,91.0,,CA,,,,,,,primary,1.0,0.316
SAMN28498791,PRJNA838575,,,infant,91.0,,CA,,,,,,,primary,1.0,2.149
SAMN28498792,PRJNA838575,,,infant,91.0,,CA,,,,,,,primary,1.0,1.902
SAMN28498793,PRJNA838575,,,infant,91.0,,CA,,,,,,,primary,1.0,1.968
SAMN28498794,PRJNA838575,,,infant,91.0,,CA,,,,,,,primary,1.0,2.034
SAMN28498795,PRJNA838575,,,infant,91.0,,CA,,,,,,,primary,1.0,1.338
SAMN28498796,PRJNA838575,,,infant,91.0,,CA,,,,,,,primary,1.0,2.966
SAMN28498797,PRJNA838575,,,infant,91.0,,CA,,,,,,,primary,1.0,1.367
SAMN28498798,PRJNA838575,,,infant,91.0,,CA,,,,,,,primary,1.0,2.583
SAMN28498799,PRJNA838575,,,infant,91.0,,CA,,,,,,,primary,1.0,2.277
SAMN28498800,PRJNA838575,,,infant,91.0,,CA,,,,,,,primary,1.0,1.589
SAMN28498801,PRJNA838575,,,infant,91.0,,CA,,,,,,,primary,1.0,1.405
SAMN28498802,PRJNA838575,,,infant,91.0,,CA,,,,,,,primary,1.0,1.822
SAMN28498803,PRJNA838575,,,infant,91.0,,CA,,,,,,,primary,1.0,2.295
SAMN28498804,PRJNA838575,,,infant,91.0,,CA,,,,,,,primary,1.0,2.616
SAMN28498805,PRJNA838575,,,infant,91.0,,CA,,,,,,,primary,1.0,2.734
SAMN28498806,PRJNA838575,,,infant,91.0,,CA,,,,,,,primary,1.0,1.438
SAMN28498807,PRJNA838575,,,infant,91.0,,CA,,,,,,,primary,1.0,2.066
SAMN28498808,PRJNA838575,,,infant,91.0,,CA,,,,,,,primary,1.0,1.535
SAMN28498809,PRJNA838575,,,infant,91.0,,CA,,,,,,,primary,1.0,2.713
SAMN28498810,PRJNA838575,,,infant,91.0,,CA,,,,,,,primary,1.0,1.919
SAMN28498811,PRJNA838575,,,infant,91.0,,CA,,,,,,,primary,1.0,1.385
SAMN28498812,PRJNA838575,,,infant,91.0,,CA,,,,,,,primary,1.0,2.126
SAMN28498813,PRJNA838575,,,infant,91.0,,CA,,,,,,,primary,1.0,2.334
SAMN28498814,PRJNA838575,,,infant,91.0,,CA,,,,,,,primary,1.0,1.901
SAMN28498815,PRJNA838575,,,infant,91.0,,CA,,,,,,,primary,1.0,2.355
SAMN28498816,PRJNA838575,,,infant,91.0,,CA,,,,,,,primary,1.0,0.929
SAMN28498817,PRJNA838575,,,infant,91.0,,CA,,,,,,,primary,1.0,2.421
SAMN28498818,PRJNA838575,,,infant,91.0,,CA,,,,,,,primary,1.0,1.696
SAMN28498819,PRJNA838575,,,infant,91.0,,CA,,,,,,,primary,1.0,2.576
SAMN28498820,PRJNA838575,,,infant,91.0,,CA,,,,,,,primary,1.0,2.117
SAMN28498821,PRJNA838575,,,infant,91.0,,CA,,,,,,,primary,1.0,1.219
SAMN28498822,PRJNA838575,,,infant,91.0,,CA,,,,,,,primary,1.0,1.7
SAMN28498823,PRJNA838575,,,infant,91.0,,CA,,,,,,,primary,1.0,2.013
SAMN28498824,PRJNA838575,,,infant,91.0,,CA,,,,,,,primary,1.0,1.278
SAMN28498825,PRJNA838575,,,infant,91.0,,CA,,,,,,,primary,1.0,0.921
SAMN28498826,PRJNA838575,,,infant,91.0,,CA,,,,,,,primary,1.0,0.05
SAMN28498827,PRJNA838575,,,infant,91.0,,CA,,,,,,,primary,1.0,0.846
SAMN28498828,PRJNA838575,,,infant,91.0,,CA,,,,,,,primary,1.0,0.974
SAMN28498829,PRJNA838575,,,infant,91.0,,CA,,,,,,,primary,1.0,1.94
SAMN28498830,PRJNA838575,,,infant,91.0,,CA,,,,,,,primary,1.0,1.768
SAMN28498831,PRJNA838575,,,infant,91.0,,CA,,,,,,,primary,1.0,1.436
SAMN28498832,PRJNA838575,,,infant,91.0,,CA,,,,,,,primary,1.0,4.341
SAMN28498833,PRJNA838575,,,infant,91.0,,CA,,,,,,,primary,1.0,2.518
SAMN28498834,PRJNA838575,,,infant,91.0,,CA,,,,,,,primary,1.0,2.073
SAMN28498835,PRJNA838575,,,infant,91.0,,CA,,,,,,,primary,1.0,1.189
SAMN28498836,PRJNA838575,,,infant,91.0,,CA,,,,,,,primary,1.0,2.81
SAMN28498837,PRJNA838575,,,infant,91.0,,CA,,,,,,,primary,1.0,1.683
SAMN28498838,PRJNA838575,,,infant,91.0,,CA,,,,,,,primary,1.0,1.385
SAMN28498839,PRJNA838575,,,infant,91.0,,CA,,,,,,,primary,1.0,2.356
SAMN28498840,PRJNA838575,,,infant,91.0,,CA,,,,,,,primary,1.0,1.53
SAMN28498841,PRJNA838575,,,infant,91.0,,CA,,,,,,,primary,1.0,2.266
SAMN28498842,PRJNA838575,,,infant,91.0,,CA,,,,,,,primary,1.0,1.583
SAMN28498843,PRJNA838575,,,infant,91.0,,CA,,,,,,,primary,1.0,1.801
SAMN28498844,PRJNA838575,,,infant,91.0,,CA,,,,,,,primary,1.0,2.66
SAMN28498845,PRJNA838575,,,infant,91.0,,CA,,,,,,,primary,1.0,1.497
SAMN28498846,PRJNA838575,,,infant,91.0,,CA,,,,,,,primary,1.0,2.169
SAMN28498847,PRJNA838575,,,infant,91.0,,CA,,,,,,,primary,1.0,1.39
SAMN28498848,PRJNA838575,,,infant,91.0,,CA,,,,,,,primary,1.0,1.453
SAMN28498849,PRJNA838575,,,infant,91.0,,CA,,,,,,,primary,1.0,1.865
SAMN28498850,PRJNA838575,,,infant,91.0,,CA,,,,,,,primary,1.0,0.97
SAMN28498851,PRJNA838575,,,infant,91.0,,CA,,,,,,,primary,1.0,2.059
SAMN28498852,PRJNA838575,,,infant,91.0,,CA,,,,,,,primary,1.0,1.65
SAMN28498853,PRJNA838575,,,infant,91.0,,CA,,,,,,,primary,1.0,1.707
SAMN28498854,PRJNA838575,,,infant,91.0,,CA,,,,,,,primary,1.0,1.41
SAMN28498855,PRJNA838575,,,infant,91.0,,CA,,,,,,,primary,1.0,1.589
SAMN28498856,PRJNA838575,,,infant,91.0,,CA,,,,,,,primary,1.0,1.669
SAMN28498857,PRJNA838575,,,infant,91.0,,CA,,,,,,,primary,1.0,2.251
SAMN28498858,PRJNA838575,,,infant,91.0,,CA,,,,,,,primary,1.0,2.772
SAMN28498859,PRJNA838575,,,infant,91.0,,CA,,,,,,,primary,1.0,1.9
SAMN28498860,PRJNA838575,,,infant,91.0,,CA,,,,,,,primary,1.0,2.099
SAMN28498861,PRJNA838575,,,infant,91.0,,CA,,,,,,,primary,1.0,1.001
SAMN28498862,PRJNA838575,,,infant,91.0,,CA,,,,,,,primary,1.0,1.021
SAMN28498863,PRJNA838575,,,infant,91.0,,CA,,,,,,,primary,1.0,1.276
SAMN28498864,PRJNA838575,,,infant,91.0,,CA,,,,,,,primary,1.0,1.629
SAMN28498865,PRJNA838575,,,infant,91.0,,CA,,,,,,,primary,1.0,2.201
SAMN28498866,PRJNA838575,,,infant,91.0,,CA,,,,,,,primary,1.0,0.64
SAMN28498867,PRJNA838575,,,infant,91.0,,CA,,,,,,,primary,1.0,1.107
SAMN28498868,PRJNA838575,,,infant,91.0,,CA,,,,,,,primary,1.0,1.512
SAMN28498869,PRJNA838575,,,infant,91.0,,CA,,,,,,,primary,1.0,1.346
SAMN28498870,PRJNA838575,,,infant,365.0,,CA,,,,,,,primary,1.0,2.575
SAMN28498871,PRJNA838575,,,infant,365.0,,CA,,,,,,,primary,1.0,1.284
SAMN28498872,PRJNA838575,,,infant,365.0,,CA,,,,,,,primary,1.0,1.225
SAMN28498873,PRJNA838575,,,infant,365.0,,CA,,,,,,,primary,1.0,1.539
SAMN28498874,PRJNA838575,,,infant,365.0,,CA,,,,,,,primary,1.0,1.543
SAMN28498875,PRJNA838575,,,infant,365.0,,CA,,,,,,,primary,1.0,1.835
SAMN28498876,PRJNA838575,,,infant,365.0,,CA,,,,,,,primary,1.0,0.903
SAMN28498877,PRJNA838575,,,infant,365.0,,CA,,,,,,,primary,1.0,1.7
SAMN28498878,PRJNA838575,,,infant,365.0,,CA,,,,,,,primary,1.0,0.905
SAMN28498879,PRJNA838575,,,infant,365.0,,CA,,,,,,,primary,1.0,1.997
SAMN28498880,PRJNA838575,,,infant,91.0,,CA,,,,,,,primary,1.0,2.307
SAMN28498881,PRJNA838575,,,infant,91.0,,CA,,,,,,,primary,1.0,1.263
SAMN28498882,PRJNA838575,,,infant,91.0,,CA,,,,,,,primary,1.0,1.788
SAMN28498883,PRJNA838575,,,infant,91.0,,CA,,,,,,,primary,1.0,0.113
SAMN28498884,PRJNA838575,,,infant,91.0,,CA,,,,,,,primary,1.0,1.952
SAMN28498885,PRJNA838575,,,infant,91.0,,CA,,,,,,,primary,1.0,1.284
SAMN28498886,PRJNA838575,,,infant,91.0,,CA,,,,,,,primary,1.0,1.437
SAMN28498887,PRJNA838575,,,infant,91.0,,CA,,,,,,,primary,1.0,1.428
SAMN28498888,PRJNA838575,,,infant,91.0,,CA,,,,,,,primary,1.0,1.124
