sample_key,study_accession,subject_id,timepoint_label,age_category,age_at_collection_days,sex,country,health_condition,health_condition_detail,intervention,intervention_detail,antibiotic_exposure,collection_date,body_site_class,n_runs,seq_gbp
SAMN43029264,PRJNA1081952,1F0323,Post-follow-up,infant,244.0,,BD,,,,,,2019-08-29,primary,1.0,1.714
SAMN40195430,PRJNA1081952,1F0323,Post-intervention,infant,244.0,,BD,,,placebo,,,2018-12-26,primary,1.0,0.018
SAMN43029265,PRJNA1081952,1F0325,Post-follow-up,infant,244.0,,BD,,,,,,2019-08-29,primary,1.0,2.232
SAMN40195431,PRJNA1081952,1F0325,Post-intervention,infant,244.0,,BD,,,dietary_supplement,,,2018-12-20,primary,1.0,0.017
SAMN43028948,PRJNA1081952,1F0327,Baseline,infant,244.0,,BD,,,,,,2018-09-13,primary,1.0,2.363
SAMN43029266,PRJNA1081952,1F0327,Post-follow-up,infant,244.0,,BD,,,,,,2019-09-01,primary,1.0,3.024
SAMN40195432,PRJNA1081952,1F0327,,infant,244.0,,BD,,,,,,2018-12-19,primary,1.0,0.02
SAMN43029267,PRJNA1081952,1F0330,Post-follow-up,infant,244.0,,BD,,,,,,2019-09-08,primary,1.0,2.392
SAMN40195433,PRJNA1081952,1F0330,Post-intervention,infant,244.0,,BD,,,dietary_supplement,,,2018-12-20,primary,1.0,0.019
SAMN40195434,PRJNA1081952,1F0331,Post-intervention,infant,244.0,,BD,,,dietary_supplement,,,2018-12-24,primary,1.0,0.018
SAMN40195435,PRJNA1081952,1F0332,Post-intervention,infant,244.0,,BD,,,placebo,,,2018-12-23,primary,1.0,0.019
SAMN40195436,PRJNA1081952,1F0333,Post-intervention,infant,244.0,,BD,,,placebo,,,2019-01-09,primary,1.0,0.02
SAMN40195437,PRJNA1081952,1F0334,Post-intervention,infant,244.0,,BD,,,dietary_supplement,,,2018-09/2019-02,primary,1.0,0.018
SAMN40195438,PRJNA1081952,1F0335,Post-intervention,infant,244.0,,BD,,,dietary_supplement,,,2018-12-19,primary,1.0,0.019
SAMN43029268,PRJNA1081952,1F0337,Post-follow-up,infant,244.0,,BD,,,,,,2019-09-08,primary,1.0,3.005
SAMN40195439,PRJNA1081952,1F0337,Post-intervention,infant,244.0,,BD,,,placebo,,no,2018-12-27,primary,2.0,1.432
SAMN43029269,PRJNA1081952,1F0341,Post-follow-up,infant,244.0,,BD,,,,,,2019-09-19,primary,1.0,3.029
SAMN40195440,PRJNA1081952,1F0341,Post-intervention,infant,244.0,,BD,,,dietary_supplement,,no,2018-12-27,primary,2.0,1.53
SAMN40195441,PRJNA1081952,1F0344,Post-intervention,infant,244.0,,BD,,,dietary_supplement,,,2019-01-09,primary,1.0,0.02
SAMN43028949,PRJNA1081952,1F0345,Baseline,infant,244.0,,BD,,,,,,2018-09-27,primary,1.0,2.308
SAMN40195442,PRJNA1081952,1F0345,Post-intervention,infant,244.0,,BD,,,dietary_supplement,,no,2019-01-16,primary,2.0,3.468
SAMN43028950,PRJNA1081952,1F0349,Baseline,infant,244.0,,BD,,,,,,2018-04-10,primary,1.0,1.368
SAMN40195443,PRJNA1081952,1F0349,Post-intervention,infant,244.0,,BD,,,dietary_supplement,,no,2019-01-10,primary,2.0,2.476
SAMN43028951,PRJNA1081952,1F0350,Baseline,infant,244.0,,BD,,,,,,2018-10-04,primary,1.0,0.733
SAMN43029270,PRJNA1081952,1F0350,Post-follow-up,infant,244.0,,BD,,,,,,2019-09-26,primary,1.0,1.993
SAMN40195444,PRJNA1081952,1F0350,Post-intervention,infant,244.0,,BD,,,dietary_supplement,,,2019-01-29,primary,1.0,0.019
SAMN40195445,PRJNA1081952,1F0352,Post-intervention,infant,244.0,,BD,,,placebo,,no,2019-01-20,primary,2.0,9.582
SAMN43028952,PRJNA1081952,1F0354,Baseline,infant,244.0,,BD,,,,,,2018-10-10,primary,1.0,2.382
SAMN40195446,PRJNA1081952,1F0354,Post-intervention,infant,244.0,,BD,,,dietary_supplement,,no,2019-01-16,primary,2.0,2.094
SAMN43028953,PRJNA1081952,1F0357,Baseline,infant,244.0,,BD,,,,,,2018-10-15,primary,1.0,2.334
SAMN40195447,PRJNA1081952,1F0357,Post-intervention,infant,244.0,,BD,,,placebo,,no,2019-01-16,primary,2.0,2.156
SAMN43028954,PRJNA1081952,1F0359,Baseline,infant,244.0,,BD,,,,,,2018-10-17,primary,1.0,1.219
SAMN43029271,PRJNA1081952,1F0359,Post-follow-up,infant,244.0,,BD,,,,,,2019-10-09,primary,1.0,1.332
SAMN40195448,PRJNA1081952,1F0359,Post-intervention,infant,244.0,,BD,,,dietary_supplement,,no,2018-09/2019-02,primary,2.0,2.04
SAMN43028955,PRJNA1081952,1F0362,Baseline,infant,244.0,,BD,,,,,,2018-10-22,primary,1.0,1.397
SAMN43029272,PRJNA1081952,1F0362,Post-follow-up,infant,244.0,,BD,,,,,,2019-10-13,primary,1.0,0.971
SAMN40195449,PRJNA1081952,1F0362,Post-intervention,infant,244.0,,BD,,,placebo,,,2019-01-26,primary,1.0,0.01
SAMN43028956,PRJNA1081952,1F0364,Baseline,infant,244.0,,BD,,,,,,2018-10-22,primary,1.0,0.905
SAMN43029273,PRJNA1081952,1F0364,Post-follow-up,infant,244.0,,BD,,,,,,2019-10-15,primary,1.0,1.269
SAMN40195450,PRJNA1081952,1F0364,Post-intervention,infant,244.0,,BD,,,dietary_supplement,,,2019-01-28,primary,1.0,0.023
SAMN43028957,PRJNA1081952,1F0366,Baseline,infant,244.0,,BD,,,,,,2018-10-23,primary,1.0,2.24
SAMN43029274,PRJNA1081952,1F0366,Post-follow-up,infant,244.0,,BD,,,,,,2019-10-09,primary,1.0,1.867
SAMN40195451,PRJNA1081952,1F0366,Post-intervention,infant,244.0,,BD,,,dietary_supplement,,,2019-01-26,primary,1.0,0.016
SAMN43028958,PRJNA1081952,1F0368,Baseline,infant,244.0,,BD,,,,,,2018-10-25,primary,1.0,2.095
SAMN40195452,PRJNA1081952,1F0368,Post-intervention,infant,244.0,,BD,,,placebo,,no,2019-01-23,primary,2.0,2.302
SAMN43028959,PRJNA1081952,1F0369,Baseline,infant,244.0,,BD,,,,,,2018-10-24,primary,1.0,1.33
SAMN43029275,PRJNA1081952,1F0369,Post-follow-up,infant,244.0,,BD,,,,,,2019-10-09,primary,1.0,2.803
SAMN40195453,PRJNA1081952,1F0369,Post-intervention,infant,244.0,,BD,,,dietary_supplement,,,2019-01-26,primary,1.0,0.02
SAMN43028960,PRJNA1081952,1F0370,Baseline,infant,244.0,,BD,,,,,,2018-10-25,primary,1.0,1.443
SAMN43029276,PRJNA1081952,1F0370,Post-follow-up,infant,244.0,,BD,,,,,,2019-10-13,primary,1.0,1.37
SAMN40195454,PRJNA1081952,1F0370,Post-intervention,infant,244.0,,BD,,,dietary_supplement,,,2019-01-30,primary,1.0,0.017
SAMN43028961,PRJNA1081952,1F0373,Baseline,infant,244.0,,BD,,,,,,2018-10-28,primary,1.0,2.392
SAMN43029277,PRJNA1081952,1F0373,Post-follow-up,infant,244.0,,BD,,,,,,2019-10-15,primary,1.0,1.456
SAMN40195455,PRJNA1081952,1F0373,Post-intervention,infant,244.0,,BD,,,placebo,,,2019-01-28,primary,1.0,0.021
SAMN43028962,PRJNA1081952,1F0374,Baseline,infant,244.0,,BD,,,,,,2018-10-30,primary,1.0,2.702
SAMN43029278,PRJNA1081952,1F0374,Post-follow-up,infant,244.0,,BD,,,,,,2019-10-16,primary,1.0,1.485
SAMN40195456,PRJNA1081952,1F0374,Post-intervention,infant,244.0,,BD,,,placebo,,,2019-02-05,primary,1.0,0.022
SAMN43028963,PRJNA1081952,1F0377,Baseline,infant,244.0,,BD,,,,,,2018-10-22,primary,1.0,2.291
SAMN43029279,PRJNA1081952,1F0377,Post-follow-up,infant,244.0,,BD,,,,,,2019-10-23,primary,1.0,1.888
SAMN40195457,PRJNA1081952,1F0377,Post-intervention,infant,244.0,,BD,,,dietary_supplement,,,2019-02-04,primary,1.0,0.019
SAMN40195458,PRJNA1081952,1F0378,Post-intervention,infant,244.0,,BD,,,placebo,,,2019-02-04,primary,1.0,0.02
SAMN43028964,PRJNA1081952,1F0379,Baseline,infant,244.0,,BD,,,,,,2018-11-05,primary,1.0,2.809
SAMN43029280,PRJNA1081952,1F0379,Post-follow-up,infant,244.0,,BD,,,,,,2019-10-28,primary,1.0,2.131
SAMN40195459,PRJNA1081952,1F0379,Post-intervention,infant,244.0,,BD,,,dietary_supplement,,,2019-02-04,primary,1.0,0.019
SAMN40195460,PRJNA1081952,1F0380,Post-intervention,infant,244.0,,BD,,,dietary_supplement,,,2018-09/2019-02,primary,1.0,0.013
SAMN43028965,PRJNA1081952,1F0381,Baseline,infant,244.0,,BD,,,,,,2018-11-04,primary,1.0,3.126
SAMN43029281,PRJNA1081952,1F0381,Post-follow-up,infant,244.0,,BD,,,,,,2019-10-22,primary,1.0,2.526
SAMN40195461,PRJNA1081952,1F0381,Post-intervention,infant,244.0,,BD,,,dietary_supplement,,,2019-02-05,primary,1.0,0.026
SAMN43028966,PRJNA1081952,1F0382,Baseline,infant,244.0,,BD,,,,,,2018-11-07,primary,1.0,2.542
SAMN43029282,PRJNA1081952,1F0382,Post-follow-up,infant,244.0,,BD,,,,,,2019-10-24,primary,1.0,2.949
SAMN40195462,PRJNA1081952,1F0382,Post-intervention,infant,244.0,,BD,,,dietary_supplement,,,2019-02-17,primary,1.0,0.017
SAMN43028967,PRJNA1081952,1F0383,Baseline,infant,244.0,,BD,,,,,,2018-11-07,primary,1.0,3.36
SAMN43029283,PRJNA1081952,1F0383,Post-follow-up,infant,244.0,,BD,,,,,,2019-10-27,primary,1.0,2.608
SAMN40195463,PRJNA1081952,1F0383,Post-intervention,infant,244.0,,BD,,,dietary_supplement,,,2019-02-13,primary,1.0,0.019
SAMN43028968,PRJNA1081952,1F0384,Baseline,infant,244.0,,BD,,,,,,2018-11-08,primary,1.0,2.16
SAMN43029284,PRJNA1081952,1F0384,Post-follow-up,infant,244.0,,BD,,,,,,2019-10-28,primary,1.0,1.662
SAMN40195464,PRJNA1081952,1F0384,Post-intervention,infant,244.0,,BD,,,dietary_supplement,,,2019-02-10,primary,1.0,0.014
SAMN43028969,PRJNA1081952,1F0385,Baseline,infant,244.0,,BD,,,,,,2018-11-12,primary,1.0,2.472
SAMN43029285,PRJNA1081952,1F0385,Post-follow-up,infant,244.0,,BD,,,,,,2019-10-29,primary,1.0,3.129
SAMN40195465,PRJNA1081952,1F0385,Post-intervention,infant,244.0,,BD,,,dietary_supplement,,no,2019-03-06,primary,2.0,1.408
SAMN43028970,PRJNA1081952,1F0387,Baseline,infant,244.0,,BD,,,,,,2018-11-12,primary,1.0,3.257
SAMN43029286,PRJNA1081952,1F0387,Post-follow-up,infant,244.0,,BD,,,,,,2019-11-04,primary,1.0,2.873
SAMN40195466,PRJNA1081952,1F0387,Post-intervention,infant,244.0,,BD,,,dietary_supplement,,,2019-02-17,primary,1.0,0.016
SAMN43028971,PRJNA1081952,1F0388,Baseline,infant,244.0,,BD,,,,,,2018-11-12,primary,1.0,3.141
SAMN43029287,PRJNA1081952,1F0388,Post-follow-up,infant,244.0,,BD,,,,,,2019-11-04,primary,1.0,2.304
SAMN40195467,PRJNA1081952,1F0388,Post-intervention,infant,244.0,,BD,,,placebo,,,2019-02-14,primary,1.0,0.021
SAMN43028972,PRJNA1081952,1F0389,Baseline,infant,244.0,,BD,,,,,,2018-11-13,primary,1.0,2.839
SAMN43029288,PRJNA1081952,1F0389,Post-follow-up,infant,244.0,,BD,,,,,,2019-10-30,primary,1.0,2.164
SAMN40195468,PRJNA1081952,1F0389,Post-intervention,infant,244.0,,BD,,,placebo,,no,2019-02-13,primary,2.0,3.078
SAMN40195469,PRJNA1081952,1F0390,Post-intervention,infant,244.0,,BD,,,dietary_supplement,,,2019-02-13,primary,1.0,0.015
SAMN40195470,PRJNA1081952,1F0392,Post-intervention,infant,244.0,,BD,,,placebo,,,2019-02-20,primary,1.0,0.013
SAMN43028973,PRJNA1081952,1F0393,Baseline,infant,244.0,,BD,,,,,,2018-11-18,primary,1.0,2.297
SAMN43029289,PRJNA1081952,1F0393,Post-follow-up,infant,244.0,,BD,,,,,,2019-11-04,primary,1.0,2.54
SAMN40195471,PRJNA1081952,1F0393,Post-intervention,infant,244.0,,BD,,,dietary_supplement,,no,2019-02-20,primary,2.0,2.919
SAMN43028974,PRJNA1081952,1F0394,Baseline,infant,244.0,,BD,,,,,,2018-11-08,primary,1.0,2.904
SAMN43029290,PRJNA1081952,1F0394,Post-follow-up,infant,244.0,,BD,,,,,,2019-11-04,primary,1.0,2.185
SAMN40195472,PRJNA1081952,1F0394,Post-intervention,infant,244.0,,BD,,,dietary_supplement,,,2019-02-19,primary,1.0,0.016
SAMN40195473,PRJNA1081952,1F0395,13;30,infant,244.0,,BD,,,dietary_supplement,,,2019-02-17,primary,1.0,0.019
SAMN43028975,PRJNA1081952,1F0395,Baseline,infant,244.0,,BD,,,,,,2018-11-18,primary,1.0,1.776
SAMN43029291,PRJNA1081952,1F0395,Post-follow-up,infant,244.0,,BD,,,,,,2019-11-04,primary,1.0,3.187
SAMN43028976,PRJNA1081952,1F0399,Baseline,infant,244.0,,BD,,,,,,2018-11-27,primary,1.0,1.882
SAMN43029292,PRJNA1081952,1F0399,Post-follow-up,infant,244.0,,BD,,,,,,2019-11-17,primary,1.0,2.32
SAMN40195474,PRJNA1081952,1F0399,Post-intervention,infant,244.0,,BD,,,dietary_supplement,,no,2019-02-27,primary,2.0,1.314
SAMN43028977,PRJNA1081952,1F0401,Baseline,infant,244.0,,BD,,,,,,2018-12-01,primary,1.0,1.427
SAMN40195475,PRJNA1081952,1F0401,Post-intervention,infant,244.0,,BD,,,dietary_supplement,,no,2019-03-05,primary,2.0,1.455
SAMN43028978,PRJNA1081952,1F0403,Baseline,infant,244.0,,BD,,,,,,2018-12-02,primary,1.0,2.267
SAMN40195476,PRJNA1081952,1F0403,Post-intervention,infant,244.0,,BD,,,placebo,,no,2019-03-05,primary,2.0,2.12
SAMN40195477,PRJNA1081952,1F0404,Post-intervention,infant,244.0,,BD,,,dietary_supplement,,,2019-03-11,primary,1.0,0.02
SAMN43028979,PRJNA1081952,1F0405,Baseline,infant,244.0,,BD,,,,,,2018-12-02,primary,1.0,2.085
SAMN40195478,PRJNA1081952,1F0405,Post-intervention,infant,244.0,,BD,,,dietary_supplement,,no,2019-03-04,primary,2.0,1.867
SAMN43028980,PRJNA1081952,1F0406,Baseline,infant,244.0,,BD,,,,,,2018-12-03,primary,1.0,2.192
SAMN40195479,PRJNA1081952,1F0406,Post-intervention,infant,244.0,,BD,,,dietary_supplement,,no,2019-03-05,primary,2.0,1.687
SAMN40195480,PRJNA1081952,1F0407,Post-intervention,infant,244.0,,BD,,,placebo,,,2019-03-07,primary,1.0,0.019
SAMN40195481,PRJNA1081952,1F0408,Post-intervention,infant,244.0,,BD,,,placebo,,,2019-03-10,primary,1.0,0.02
SAMN40195482,PRJNA1081952,1F0409,Post-intervention,infant,244.0,,BD,,,placebo,,,2019-03-10,primary,1.0,0.021
SAMN43028981,PRJNA1081952,1F0411,Baseline,infant,244.0,,BD,,,,,,2018-12-12,primary,1.0,2.376
SAMN40195483,PRJNA1081952,1F0411,Post-intervention,infant,244.0,,BD,,,dietary_supplement,,no,2019-03-21,primary,2.0,0.998
SAMN43028982,PRJNA1081952,1F0412,Baseline,infant,244.0,,BD,,,,,,2018-12-11,primary,1.0,1.026
SAMN40195484,PRJNA1081952,1F0412,Post-intervention,infant,244.0,,BD,,,dietary_supplement,,no,2019-03-12,primary,2.0,1.892
SAMN40195485,PRJNA1081952,1F0413,Post-intervention,infant,244.0,,BD,,,dietary_supplement,,,2019-03-19,primary,1.0,0.008
SAMN40195486,PRJNA1081952,1F0414,Post-intervention,infant,244.0,,BD,,,dietary_supplement,,no,2018-09/2019-02,primary,2.0,0.871
SAMN40195487,PRJNA1081952,1F0415,Post-intervention,infant,244.0,,BD,,,placebo,,no,2019-03-21,primary,2.0,1.458
SAMN40195488,PRJNA1081952,1F0416,Post-intervention,infant,244.0,,BD,,,placebo,,,2019-03-19,primary,1.0,0.021
SAMN40195489,PRJNA1081952,1F0417,Post-intervention,infant,244.0,,BD,,,dietary_supplement,,,2019-03-19,primary,1.0,0.018
SAMN40195490,PRJNA1081952,1F0418,Post-intervention,infant,244.0,,BD,,,placebo,,,2019-03-28,primary,1.0,0.019
SAMN40195491,PRJNA1081952,1F0419,Post-intervention,infant,244.0,,BD,,,dietary_supplement,,,2019-03-28,primary,1.0,0.014
SAMN40195492,PRJNA1081952,1F0420,Post-intervention,infant,244.0,,BD,,,dietary_supplement,,,2019-03-27,primary,1.0,0.013
SAMN40195493,PRJNA1081952,1F0421,Post-intervention,infant,244.0,,BD,,,placebo,,,2019-03-28,primary,1.0,0.024
SAMN40195494,PRJNA1081952,1F0422,Post-intervention,infant,244.0,,BD,,,dietary_supplement,,,2019-04-01,primary,1.0,0.037
SAMN40195495,PRJNA1081952,1F0423,Post-intervention,infant,244.0,,BD,,,dietary_supplement,,,2019-04-03,primary,1.0,0.005
SAMN40195496,PRJNA1081952,1F0424,Post-intervention,infant,244.0,,BD,,,placebo,,,2019-04-08,primary,1.0,0.014
SAMN40195497,PRJNA1081952,1F0425,Post-intervention,infant,244.0,,BD,,,dietary_supplement,,,2018-09/2019-02,primary,1.0,0.016
SAMN40195498,PRJNA1081952,1F0426,Post-intervention,infant,244.0,,BD,,,dietary_supplement,,,2019-04-08,primary,1.0,0.006
SAMN40195499,PRJNA1081952,1F0427,Post-intervention,infant,244.0,,BD,,,dietary_supplement,,,2019-04-08,primary,1.0,0.01
SAMN40195500,PRJNA1081952,1F0428,Post-intervention,infant,244.0,,BD,,,placebo,,,2019-04-10,primary,1.0,0.027
SAMN40195501,PRJNA1081952,1F0429,Post-intervention,infant,244.0,,BD,,,dietary_supplement,,,2019-04-10,primary,1.0,0.027
SAMN40195502,PRJNA1081952,1F0430,Post-intervention,infant,244.0,,BD,,,dietary_supplement,,,2019-04-17,primary,1.0,0.03
SAMN40195503,PRJNA1081952,1F0431,Post-intervention,infant,244.0,,BD,,,dietary_supplement,,,2019-04-10,primary,1.0,0.029
SAMN43028983,PRJNA1081952,1F0432,Baseline,infant,244.0,,BD,,,,,,2019-01-09,primary,1.0,1.234
SAMN40195504,PRJNA1081952,1F0432,Post-intervention,infant,244.0,,BD,,,placebo,,no,2019-04-15,primary,2.0,1.529
SAMN40195505,PRJNA1081952,1F0433,Post-intervention,infant,244.0,,BD,,,dietary_supplement,,,2019-04-17,primary,1.0,0.027
SAMN40195506,PRJNA1081952,1F0434,Post-intervention,infant,244.0,,BD,,,dietary_supplement,,no,2019-04-16,primary,2.0,1.256
SAMN43028984,PRJNA1081952,1F0435,Baseline,infant,244.0,,BD,,,,,,2019-01-13,primary,1.0,0.074
SAMN40195507,PRJNA1081952,1F0435,Post-intervention,infant,244.0,,BD,,,dietary_supplement,,no,2019-04-15,primary,2.0,0.8
SAMN43028985,PRJNA1081952,1F0436,Baseline,infant,244.0,,BD,,,,,,2019-01-17,primary,1.0,2.026
SAMN40195508,PRJNA1081952,1F0436,Post-intervention,infant,244.0,,BD,,,dietary_supplement,,no,2019-04-18,primary,2.0,1.453
SAMN40195509,PRJNA1081952,1F0437,Post-intervention,infant,244.0,,BD,,,placebo,,,2019-04-15,primary,1.0,0.029
SAMN40195510,PRJNA1081952,1F0438,Post-intervention,infant,244.0,,BD,,,dietary_supplement,,,2019-04-17,primary,1.0,0.027
SAMN40195511,PRJNA1081952,1F0439,Post-intervention,infant,244.0,,BD,,,placebo,,no,2018-09/2019-02,primary,2.0,2.293
SAMN40195512,PRJNA1081952,1F0440,Post-intervention,infant,244.0,,BD,,,dietary_supplement,,,2019-04-28,primary,1.0,0.02
SAMN43029293,PRJNA1081952,1F0442,Post-follow-up,infant,244.0,,BD,,,,,,2020-01-09,primary,1.0,2.043
SAMN40195513,PRJNA1081952,1F0442,Post-intervention,infant,244.0,,BD,,,placebo,,,2019-04-25,primary,1.0,0.017
SAMN40195514,PRJNA1081952,1F0443,Post-intervention,infant,244.0,,BD,,,dietary_supplement,,,2019-04-24,primary,1.0,0.029
SAMN40195515,PRJNA1081952,1F0444,Post-intervention,infant,244.0,,BD,,,dietary_supplement,,,2019-04-23,primary,1.0,0.026
SAMN40195516,PRJNA1081952,1F0445,Post-intervention,infant,244.0,,BD,,,dietary_supplement,,,2019-04-27,primary,1.0,0.019
SAMN43029294,PRJNA1081952,1F0447,Post-follow-up,infant,244.0,,BD,,,,,,2020-01-08,primary,1.0,2.168
SAMN40195517,PRJNA1081952,1F0447,Post-intervention,infant,244.0,,BD,,,dietary_supplement,,,2019-04-29,primary,1.0,0.013
SAMN43029295,PRJNA1081952,1F0448,Post-follow-up,infant,244.0,,BD,,,,,,2020-01-09,primary,1.0,1.923
SAMN40195518,PRJNA1081952,1F0448,Post-intervention,infant,244.0,,BD,,,dietary_supplement,,yes,2019-04-24,primary,2.0,1.53
SAMN40195519,PRJNA1081952,1F0449,Post-intervention,infant,244.0,,BD,,,dietary_supplement,,,2019-04-28,primary,1.0,0.022
SAMN43029296,PRJNA1081952,1F0450,Post-follow-up,infant,244.0,,BD,,,,,,2020-01-08,primary,1.0,1.53
SAMN40195520,PRJNA1081952,1F0450,Post-intervention,infant,244.0,,BD,,,dietary_supplement,,no,2019-04-23,primary,2.0,1.843
SAMN40195521,PRJNA1081952,1F0451,Post-intervention,infant,244.0,,BD,,,dietary_supplement,,,2019-04-25,primary,1.0,0.013
SAMN43029297,PRJNA1081952,1F0452,Post-follow-up,infant,244.0,,BD,,,,,,2020-01-15,primary,1.0,0.575
SAMN40195522,PRJNA1081952,1F0452,Post-intervention,infant,244.0,,BD,,,placebo,,no,2019-04-24,primary,2.0,1.319
SAMN43029298,PRJNA1081952,1F0453,Post-follow-up,infant,244.0,,BD,,,,,,2020-01-12,primary,1.0,1.962
SAMN40195523,PRJNA1081952,1F0453,Post-intervention,infant,244.0,,BD,,,placebo,,,2019-05-02,primary,1.0,0.022
SAMN43029299,PRJNA1081952,1F0454,Post-follow-up,infant,244.0,,BD,,,,,,2020-01-12,primary,1.0,2.728
SAMN40195524,PRJNA1081952,1F0454,Post-intervention,infant,244.0,,BD,,,placebo,,,2019-04-29,primary,1.0,0.01
SAMN43029300,PRJNA1081952,1F0455,Post-follow-up,infant,244.0,,BD,,,,,,2020-01-13,primary,1.0,1.932
SAMN40195525,PRJNA1081952,1F0455,Post-intervention,infant,244.0,,BD,,,dietary_supplement,,,2019-04-28,primary,1.0,0.066
SAMN43028986,PRJNA1081952,1F0457,Baseline,infant,244.0,,BD,,,,,,2019-01-24,primary,1.0,1.854
SAMN43029301,PRJNA1081952,1F0457,Post-follow-up,infant,244.0,,BD,,,,,,2020-01-15,primary,1.0,2.347
SAMN40195526,PRJNA1081952,1F0457,Post-intervention,infant,244.0,,BD,,,dietary_supplement,,no,2019-04-29,primary,2.0,1.631
SAMN43029302,PRJNA1081952,1F0459,Post-follow-up,infant,244.0,,BD,,,,,,2020-01-13,primary,1.0,1.782
SAMN40195527,PRJNA1081952,1F0459,Post-intervention,infant,244.0,,BD,,,dietary_supplement,,no,2019-05-07,primary,2.0,1.913
SAMN43028987,PRJNA1081952,1F0460,Baseline,infant,244.0,,BD,,,,,,2019-01-27,primary,1.0,2.331
SAMN43029303,PRJNA1081952,1F0460,Post-follow-up,infant,244.0,,BD,,,,,,2020-01-16,primary,1.0,2.308
SAMN40195528,PRJNA1081952,1F0460,Post-intervention,infant,244.0,,BD,,,placebo,,yes,2019-04-28,primary,2.0,1.129
SAMN43028988,PRJNA1081952,1F0461,Baseline,infant,244.0,,BD,,,,,,2019-01-27,primary,1.0,0.966
SAMN43029304,PRJNA1081952,1F0461,Post-follow-up,infant,244.0,,BD,,,,,,2020-01-20,primary,1.0,1.134
SAMN40195529,PRJNA1081952,1F0461,Post-intervention,infant,244.0,,BD,,,placebo,,no,2019-04-30,primary,2.0,1.758
SAMN43028989,PRJNA1081952,1F0462,Baseline,infant,244.0,,BD,,,,,,2019-01-28,primary,1.0,1.903
SAMN43029305,PRJNA1081952,1F0462,Post-follow-up,infant,244.0,,BD,,,,,,2020-01-19,primary,1.0,2.117
SAMN43028990,PRJNA1081952,1F0463,Baseline,infant,244.0,,BD,,,,,,2019-01-29,primary,1.0,0.994
SAMN43029306,PRJNA1081952,1F0463,Post-follow-up,infant,244.0,,BD,,,,,,2020-01-19,primary,1.0,0.92
SAMN43029307,PRJNA1081952,1F0464,Post-follow-up,infant,244.0,,BD,,,,,,2020-01-27,primary,1.0,1.124
SAMN40195530,PRJNA1081952,1F0464,Post-intervention,infant,244.0,,BD,,,dietary_supplement,,,2019-05-02,primary,1.0,0.015
SAMN43028991,PRJNA1081952,1F0465,Baseline,infant,244.0,,BD,,,,,,2019-01-29,primary,1.0,2.12
SAMN43029308,PRJNA1081952,1F0465,Post-follow-up,infant,244.0,,BD,,,,,,2020-01-16,primary,1.0,1.79
SAMN40195531,PRJNA1081952,1F0466,Post-intervention,infant,244.0,,BD,,,dietary_supplement,,,2019-05-05,primary,1.0,0.015
SAMN40195532,PRJNA1081952,1F0467,Post-intervention,infant,244.0,,BD,,,dietary_supplement,,,2019-05-05,primary,1.0,0.019
SAMN43029309,PRJNA1081952,1F0468,Post-follow-up,infant,244.0,,BD,,,,,,2020-01-23,primary,1.0,2.459
SAMN40195533,PRJNA1081952,1F0468,Post-intervention,infant,244.0,,BD,,,dietary_supplement,,no,2018-09/2019-02,primary,2.0,2.741
SAMN43029310,PRJNA1081952,1F0470,Post-follow-up,infant,244.0,,BD,,,,,,2020-01-21,primary,1.0,0.86
SAMN40195534,PRJNA1081952,1F0470,Post-intervention,infant,244.0,,BD,,,dietary_supplement,,no,2019-05-05,primary,2.0,2.081
SAMN40195535,PRJNA1081952,1F0472,Post-intervention,infant,244.0,,BD,,,dietary_supplement,,,2019-05-06,primary,1.0,0.023
SAMN43028992,PRJNA1081952,1F0473,Baseline,infant,244.0,,BD,,,,,,2019-02-03,primary,1.0,1.299
SAMN43029311,PRJNA1081952,1F0473,Post-follow-up,infant,244.0,,BD,,,,,,2020-01-20,primary,1.0,1.282
SAMN40195536,PRJNA1081952,1F0473,Post-intervention,infant,244.0,,BD,,,placebo,,no,2019-05-07,primary,2.0,1.486
SAMN43029312,PRJNA1081952,1F0474,Post-follow-up,infant,244.0,,BD,,,,,,2020-01-21,primary,1.0,3.56
SAMN40195537,PRJNA1081952,1F0474,Post-intervention,infant,244.0,,BD,,,placebo,,no,2019-05-06,primary,2.0,1.486
SAMN40195538,PRJNA1081952,1F0475,Post-intervention,infant,244.0,,BD,,,dietary_supplement,,,2019-05-07,primary,1.0,0.006
SAMN40195539,PRJNA1081952,1F0476,Post-intervention,infant,244.0,,BD,,,dietary_supplement,,,2019-05-07,primary,1.0,0.006
SAMN40195540,PRJNA1081952,1F0477,Post-intervention,infant,244.0,,BD,,,dietary_supplement,,,2019-05-08,primary,1.0,0.02
SAMN43029313,PRJNA1081952,1F0479,Post-follow-up,infant,244.0,,BD,,,,,,2020-01-27,primary,1.0,2.191
SAMN40195541,PRJNA1081952,1F0479,Post-intervention,infant,244.0,,BD,,,dietary_supplement,,,2019-05-13,primary,1.0,0.018
SAMN43029314,PRJNA1081952,1F0480,Post-follow-up,infant,244.0,,BD,,,,,,2020-01-28,primary,1.0,2.222
SAMN40195542,PRJNA1081952,1F0480,Post-intervention,infant,244.0,,BD,,,dietary_supplement,,,2019-05-09,primary,1.0,0.013
SAMN40195543,PRJNA1081952,1F0481,Post-intervention,infant,244.0,,BD,,,dietary_supplement,,,2019-05-12,primary,1.0,0.006
SAMN40195544,PRJNA1081952,1F0482,Post-intervention,infant,244.0,,BD,,,placebo,,,2019-05-12,primary,1.0,0.006
SAMN43029315,PRJNA1081952,1F0484,Post-follow-up,infant,244.0,,BD,,,,,,2020-01-26,primary,1.0,1.102
SAMN43028993,PRJNA1081952,1F0485,Baseline,infant,244.0,,BD,,,,,,2019-02-09,primary,1.0,2.21
SAMN40195545,PRJNA1081952,1F0485,Post-intervention,infant,244.0,,BD,,,placebo,,no,2019-05-14,primary,2.0,1.773
SAMN43028994,PRJNA1081952,1F0486,Baseline,infant,244.0,,BD,,,,,,2019-02-07,primary,1.0,2.574
SAMN40195546,PRJNA1081952,1F0486,Post-intervention,infant,244.0,,BD,,,dietary_supplement,,no,2019-05-18,primary,2.0,2.993
SAMN43028995,PRJNA1081952,1F0487,Baseline,infant,244.0,,BD,,,,,,2019-02-10,primary,1.0,2.489
SAMN43029316,PRJNA1081952,1F0487,Post-follow-up,infant,244.0,,BD,,,,,,2020-01-29,primary,1.0,1.146
SAMN40195547,PRJNA1081952,1F0487,Post-intervention,infant,244.0,,BD,,,dietary_supplement,,no,2019-05-13,primary,2.0,1.45
SAMN43029317,PRJNA1081952,1F0488,Post-follow-up,infant,244.0,,BD,,,,,,2020-01-04,primary,1.0,1.417
SAMN40195548,PRJNA1081952,1F0488,Post-intervention,infant,244.0,,BD,,,dietary_supplement,,yes,2019-05-21,primary,2.0,1.499
SAMN43028996,PRJNA1081952,1F0489,Baseline,infant,244.0,,BD,,,,,,2019-02-10,primary,1.0,1.865
SAMN40195549,PRJNA1081952,1F0489,Post-intervention,infant,244.0,,BD,,,dietary_supplement,,no,2019-05-18,primary,2.0,3.074
SAMN40195550,PRJNA1081952,1F0490,Post-intervention,infant,244.0,,BD,,,placebo,,,2019-05-13,primary,1.0,0.016
SAMN40195551,PRJNA1081952,1F0491,Post-intervention,infant,244.0,,BD,,,dietary_supplement,,,2019-05-16,primary,1.0,0.013
SAMN40195552,PRJNA1081952,1F0492,Post-intervention,infant,244.0,,BD,,,placebo,,,2019-05-20,primary,1.0,0.024
SAMN40195553,PRJNA1081952,1F0493,Post-intervention,infant,244.0,,BD,,,placebo,,,2018-09/2019-02,primary,1.0,0.029
SAMN43028997,PRJNA1081952,1F0496,Baseline,infant,244.0,,BD,,,,,,2019-02-17,primary,1.0,1.816
SAMN40195554,PRJNA1081952,1F0496,Post-intervention,infant,244.0,,BD,,,dietary_supplement,,no,2019-05-20,primary,2.0,3.273
SAMN43028998,PRJNA1081952,1F0497,Baseline,infant,244.0,,BD,,,,,,2019-02-17,primary,1.0,1.687
SAMN40195555,PRJNA1081952,1F0497,Post-intervention,infant,244.0,,BD,,,dietary_supplement,,no,2019-05-20,primary,2.0,2.357
SAMN43028999,PRJNA1081952,1F0498,Baseline,infant,244.0,,BD,,,,,,2019-02-17,primary,1.0,1.855
SAMN40195556,PRJNA1081952,1F0498,Post-intervention,infant,244.0,,BD,,,dietary_supplement,,no,2019-05-20,primary,2.0,2.085
SAMN40195557,PRJNA1081952,1F0499,Post-intervention,infant,244.0,,BD,,,placebo,,,2019-05-20,primary,1.0,0.013
SAMN43029318,PRJNA1081952,1F0500,Post-follow-up,infant,244.0,,BD,,,,,,2020-01-27,primary,1.0,2.375
SAMN40195558,PRJNA1081952,1F0501,Post-intervention,infant,244.0,,BD,,,dietary_supplement,,,2019-05-22,primary,1.0,0.003
SAMN40195559,PRJNA1081952,1F0502,Post-intervention,infant,244.0,,BD,,,placebo,,,2019-05-21,primary,1.0,0.02
SAMN40195560,PRJNA1081952,1F0503,Post-intervention,infant,244.0,,BD,,,dietary_supplement,,,2019-05-21,primary,1.0,0.003
SAMN40195561,PRJNA1081952,1F0505,Post-intervention,infant,244.0,,BD,,,placebo,,,2019-05-25,primary,1.0,0.003
SAMN40195562,PRJNA1081952,1F0506,Post-intervention,infant,244.0,,BD,,,placebo,,,2019-05-02,primary,1.0,0.005
SAMN40195563,PRJNA1081952,1F0507,Post-intervention,infant,244.0,,BD,,,dietary_supplement,,,2019-05-25,primary,1.0,0.003
SAMN40195564,PRJNA1081952,1M0354,Post-intervention,infant,244.0,,BD,,,dietary_supplement,,,2018-12-27,primary,1.0,0.018
SAMN43029319,PRJNA1081952,1M0362,Post-follow-up,infant,244.0,,BD,,,,,,2019-09-01,primary,1.0,2.494
SAMN40195565,PRJNA1081952,1M0362,Post-intervention,infant,244.0,,BD,,,dietary_supplement,,no,2018-12-19,primary,2.0,1.959
SAMN43029320,PRJNA1081952,1M0367,Post-follow-up,infant,244.0,,BD,,,,,,2019-09-08,primary,1.0,2.07
SAMN40195566,PRJNA1081952,1M0367,Post-intervention,infant,244.0,,BD,,,placebo,,no,2018-12-26,primary,2.0,1.998
SAMN43029321,PRJNA1081952,1M0368,Post-follow-up,infant,244.0,,BD,,,,,,2019-09-08,primary,1.0,0.902
SAMN40195567,PRJNA1081952,1M0368,Post-intervention,infant,244.0,,BD,,,dietary_supplement,,no,2018-09/2019-02,primary,2.0,3.674
SAMN40195568,PRJNA1081952,1M0369,Post-intervention,infant,244.0,,BD,,,placebo,,,2018-12-24,primary,1.0,0.019
SAMN40195569,PRJNA1081952,1M0371,Post-intervention,infant,244.0,,BD,,,dietary_supplement,,,2019-01-26,primary,1.0,0.02
SAMN40195570,PRJNA1081952,1M0372,Post-intervention,infant,244.0,,BD,,,dietary_supplement,,,2018-12-27,primary,1.0,0.023
SAMN40195571,PRJNA1081952,1M0373,Post-intervention,infant,244.0,,BD,,,placebo,,,2018-12-27,primary,1.0,0.016
SAMN40195572,PRJNA1081952,1M0374,Post-intervention,infant,244.0,,BD,,,placebo,,,2018-12-26,primary,1.0,0.022
SAMN40195573,PRJNA1081952,1M0376,Post-intervention,infant,244.0,,BD,,,dietary_supplement,,,2019-01-09,primary,1.0,0.004
SAMN40195574,PRJNA1081952,1M0377,Post-intervention,infant,244.0,,BD,,,placebo,,,2019-01-07,primary,1.0,0.004
SAMN43029000,PRJNA1081952,1M0382,Baseline,infant,244.0,,BD,,,,,,2018-10-02,primary,1.0,1.388
SAMN40195575,PRJNA1081952,1M0382,Post-intervention,infant,244.0,,BD,,,dietary_supplement,,no,2019-01-06,primary,2.0,1.074
SAMN43029001,PRJNA1081952,1M0383,Baseline,infant,244.0,,BD,,,,,,2018-10-03,primary,1.0,2.313
SAMN40195576,PRJNA1081952,1M0383,Post-intervention,infant,244.0,,BD,,,dietary_supplement,,no,2019-01-13,primary,2.0,2.93
SAMN43029002,PRJNA1081952,1M0384,Baseline,infant,244.0,,BD,,,,,,2018-10-03,primary,1.0,2.292
SAMN40195577,PRJNA1081952,1M0384,Post-intervention,infant,244.0,,BD,,,dietary_supplement,,no,2019-01-06,primary,2.0,1.623
SAMN43029003,PRJNA1081952,1M0385,Baseline,infant,244.0,,BD,,,,,,2018-02-10,primary,1.0,1.449
SAMN40195578,PRJNA1081952,1M0385,Post-intervention,infant,244.0,,BD,,,dietary_supplement,,,2019-01-13,primary,1.0,0.017
SAMN43029004,PRJNA1081952,1M0387,Baseline,infant,244.0,,BD,,,,,,2018-10-03,primary,1.0,1.582
SAMN40195579,PRJNA1081952,1M0387,Post-intervention,infant,244.0,,BD,,,dietary_supplement,,no,2019-01-06,primary,2.0,1.328
SAMN43029005,PRJNA1081952,1M0389,Baseline,infant,244.0,,BD,,,,,,2018-10-04,primary,1.0,2.112
SAMN43029006,PRJNA1081952,1M0393,Baseline,infant,244.0,,BD,,,,,,2018-10-02,primary,1.0,1.484
SAMN40195580,PRJNA1081952,1M0393,Post-intervention,infant,244.0,,BD,,,placebo,,no,2019-01-06,primary,2.0,1.061
SAMN43029007,PRJNA1081952,1M0394,Baseline,infant,244.0,,BD,,,,,,2018-08-10,primary,1.0,5.29
SAMN40195581,PRJNA1081952,1M0394,Post-intervention,infant,244.0,,BD,,,placebo,,no,2019-01-10,primary,2.0,1.681
SAMN43029008,PRJNA1081952,1M0398,Baseline,infant,244.0,,BD,,,,,,2018-10-16,primary,1.0,0.996
SAMN40195582,PRJNA1081952,1M0398,Post-intervention,infant,244.0,,BD,,,placebo,,no,2019-01-15,primary,2.0,2.669
SAMN43029009,PRJNA1081952,1M0399,Baseline,infant,244.0,,BD,,,,,,2018-10-14,primary,1.0,1.141
SAMN40195583,PRJNA1081952,1M0399,Post-intervention,infant,244.0,,BD,,,dietary_supplement,,no,2019-01-08,primary,2.0,2.249
SAMN43029010,PRJNA1081952,1M0402,Baseline,infant,244.0,,BD,,,,,,2018-10-15,primary,1.0,0.991
SAMN40195584,PRJNA1081952,1M0402,Post-intervention,infant,244.0,,BD,,,placebo,,no,2019-01-14,primary,2.0,1.576
SAMN43029011,PRJNA1081952,1M0403,Baseline,infant,244.0,,BD,,,,,,2018-10-15,primary,1.0,3.308
SAMN40195585,PRJNA1081952,1M0403,Post-intervention,infant,244.0,,BD,,,dietary_supplement,,no,2019-01-16,primary,2.0,1.347
SAMN43029012,PRJNA1081952,1M0406,Baseline,infant,244.0,,BD,,,,,,2018-10-15,primary,1.0,0.054
SAMN40195586,PRJNA1081952,1M0406,Post-intervention,infant,244.0,,BD,,,dietary_supplement,,no,2019-01-21,primary,2.0,1.588
SAMN43029013,PRJNA1081952,1M0407,Baseline,infant,244.0,,BD,,,,,,2018-10-15,primary,1.0,1.017
SAMN40195587,PRJNA1081952,1M0407,Post-intervention,infant,244.0,,BD,,,dietary_supplement,,no,2019-01-21,primary,2.0,2.478
SAMN43029014,PRJNA1081952,1M0408,Baseline,infant,244.0,,BD,,,,,,2018-10-16,primary,1.0,2.915
SAMN40195588,PRJNA1081952,1M0408,Post-intervention,infant,244.0,,BD,,,dietary_supplement,,no,2019-01-15,primary,2.0,3.022
SAMN43029015,PRJNA1081952,1M0409,Baseline,infant,244.0,,BD,,,,,,2018-10-16,primary,1.0,1.348
SAMN43029322,PRJNA1081952,1M0409,Post-follow-up,infant,244.0,,BD,,,,,,2019-10-15,primary,1.0,5.161
SAMN40195589,PRJNA1081952,1M0409,Post-intervention,infant,244.0,,BD,,,dietary_supplement,,no,2019-01-19,primary,2.0,2.054
SAMN43029016,PRJNA1081952,1M0410,Baseline,infant,244.0,,BD,,,,,,2018-10-03,primary,1.0,0.879
SAMN40195590,PRJNA1081952,1M0410,Post-intervention,infant,244.0,,BD,,,dietary_supplement,,no,2019-01-17,primary,2.0,3.271
SAMN40195591,PRJNA1081952,1M0411,Post-intervention,infant,244.0,,BD,,,placebo,,,2019-01-26,primary,1.0,0.012
SAMN43029017,PRJNA1081952,1M0416,Baseline,infant,244.0,,BD,,,,,,2018-10-31,primary,1.0,2.483
SAMN43029323,PRJNA1081952,1M0416,Post-follow-up,infant,244.0,,BD,,,,,,2019-10-17,primary,1.0,2.677
SAMN40195592,PRJNA1081952,1M0416,Post-intervention,infant,244.0,,BD,,,placebo,,,2019-02-13,primary,1.0,0.021
SAMN43029018,PRJNA1081952,1M0419,Baseline,infant,244.0,,BD,,,,,,2018-11-05,primary,1.0,2.994
SAMN43029324,PRJNA1081952,1M0419,Post-follow-up,infant,244.0,,BD,,,,,,2019-10-22,primary,1.0,2.857
SAMN40195593,PRJNA1081952,1M0419,Post-intervention,infant,244.0,,BD,,,dietary_supplement,,no,2019-03-10,primary,2.0,1.779
SAMN43029019,PRJNA1081952,1M0420,Baseline,infant,244.0,,BD,,,,,,2018-11-06,primary,1.0,2.758
SAMN43029325,PRJNA1081952,1M0420,Post-follow-up,infant,244.0,,BD,,,,,,2019-11-14,primary,1.0,3.076
SAMN40195594,PRJNA1081952,1M0420,Post-intervention,infant,244.0,,BD,,,dietary_supplement,,,2019-03-04,primary,1.0,0.023
SAMN43029020,PRJNA1081952,1M0422,Baseline,infant,244.0,,BD,,,,,,2018-11-05,primary,1.0,2.062
SAMN43029326,PRJNA1081952,1M0422,Post-follow-up,infant,244.0,,BD,,,,,,2019-10-24,primary,1.0,2.224
SAMN40195595,PRJNA1081952,1M0422,Post-intervention,infant,244.0,,BD,,,dietary_supplement,,,2019-02-11,primary,1.0,0.015
SAMN43029021,PRJNA1081952,1M0423,Baseline,infant,244.0,,BD,,,,,,2018-11-11,primary,1.0,3.128
SAMN43029327,PRJNA1081952,1M0423,Post-follow-up,infant,244.0,,BD,,,,,,2019-11-03,primary,1.0,1.989
SAMN40195596,PRJNA1081952,1M0423,Post-intervention,infant,244.0,,BD,,,dietary_supplement,,no,2019-02-27,primary,2.0,0.954
SAMN40195597,PRJNA1081952,1M0424,Post-intervention,infant,244.0,,BD,,,dietary_supplement,,,2019-02-26,primary,1.0,0.01
SAMN43029022,PRJNA1081952,1M0425,Baseline,infant,244.0,,BD,,,,,,2018-11-11,primary,1.0,2.446
SAMN43029328,PRJNA1081952,1M0425,Post-follow-up,infant,244.0,,BD,,,,,,2019-10-28,primary,1.0,2.413
SAMN40195598,PRJNA1081952,1M0425,Post-intervention,infant,244.0,,BD,,,placebo,,,2018-09/2019-02,primary,1.0,0.018
SAMN43029023,PRJNA1081952,1M0427,Baseline,infant,244.0,,BD,,,,,,2018-11-13,primary,1.0,1.702
SAMN43029329,PRJNA1081952,1M0427,Post-follow-up,infant,244.0,,BD,,,,,,2019-10-30,primary,1.0,2.537
SAMN40195599,PRJNA1081952,1M0427,Post-intervention,infant,244.0,,BD,,,dietary_supplement,,no,2019-03-05,primary,2.0,1.265
SAMN43029024,PRJNA1081952,1M0428,Baseline,infant,244.0,,BD,,,,,,2018-11-13,primary,1.0,1.774
SAMN43029330,PRJNA1081952,1M0428,Post-follow-up,infant,244.0,,BD,,,,,,2019-11-03,primary,1.0,1.903
SAMN40195600,PRJNA1081952,1M0428,Post-intervention,infant,244.0,,BD,,,placebo,,,2019-02-13,primary,1.0,0.022
SAMN43029025,PRJNA1081952,1M0430,Baseline,infant,244.0,,BD,,,,,,2018-11-15,primary,1.0,1.969
SAMN43029331,PRJNA1081952,1M0430,Post-follow-up,infant,244.0,,BD,,,,,,2019-11-05,primary,1.0,4.46
SAMN40195601,PRJNA1081952,1M0430,Post-intervention,infant,244.0,,BD,,,dietary_supplement,,no,2019-03-10,primary,2.0,1.564
SAMN43029026,PRJNA1081952,1M0431,Baseline,infant,244.0,,BD,,,,,,2018-11-15,primary,1.0,3.638
SAMN43029332,PRJNA1081952,1M0431,Post-follow-up,infant,244.0,,BD,,,,,,2019-11-07,primary,1.0,2.188
SAMN40195602,PRJNA1081952,1M0431,Post-intervention,infant,244.0,,BD,,,placebo,,no,2019-03-03,primary,2.0,1.386
SAMN43029027,PRJNA1081952,1M0432,Baseline,infant,244.0,,BD,,,,,,2018-11-29,primary,1.0,1.889
SAMN43029333,PRJNA1081952,1M0432,Post-follow-up,infant,244.0,,BD,,,,,,2019-11-07,primary,1.0,3.016
SAMN40195603,PRJNA1081952,1M0432,Post-intervention,infant,244.0,,BD,,,dietary_supplement,,,2019-02-19,primary,1.0,0.069
SAMN43029028,PRJNA1081952,1M0433,Baseline,infant,244.0,,BD,,,,,,2018-11-19,primary,1.0,4.059
SAMN43029334,PRJNA1081952,1M0433,Post-follow-up,infant,244.0,,BD,,,,,,2019-11-05,primary,1.0,2.612
SAMN40195604,PRJNA1081952,1M0433,Post-intervention,infant,244.0,,BD,,,placebo,,,2019-02-19,primary,1.0,0.028
SAMN43029029,PRJNA1081952,1M0434,Baseline,infant,244.0,,BD,,,,,,2018-11-19,primary,1.0,2.25
SAMN43029335,PRJNA1081952,1M0434,Post-follow-up,infant,244.0,,BD,,,,,,2019-11-07,primary,1.0,2.444
SAMN40195605,PRJNA1081952,1M0434,Post-intervention,infant,244.0,,BD,,,placebo,,no,2019-02-26,primary,2.0,2.017
SAMN43029030,PRJNA1081952,1M0435,Baseline,infant,244.0,,BD,,,,,,2018-11-19,primary,1.0,1.801
SAMN43029336,PRJNA1081952,1M0435,Post-follow-up,infant,244.0,,BD,,,,,,2019-11-05,primary,1.0,2.502
SAMN40195606,PRJNA1081952,1M0435,Post-intervention,infant,244.0,,BD,,,dietary_supplement,,no,2019-03-04,primary,2.0,1.093
SAMN43029031,PRJNA1081952,1M0438,Baseline,infant,244.0,,BD,,,,,,2018-11-20,primary,1.0,1.673
SAMN43029337,PRJNA1081952,1M0438,Post-follow-up,infant,244.0,,BD,,,,,,2019-11-11,primary,1.0,2.562
SAMN40195607,PRJNA1081952,1M0438,Post-intervention,infant,244.0,,BD,,,placebo,,no,2019-03-25,primary,2.0,1.637
SAMN43029032,PRJNA1081952,1M0439,Baseline,infant,244.0,,BD,,,,,,2018-11-25,primary,1.0,1.837
SAMN43029338,PRJNA1081952,1M0439,Post-follow-up,infant,244.0,,BD,,,,,,2019-11-18,primary,1.0,2.396
SAMN40195608,PRJNA1081952,1M0439,Post-intervention,infant,244.0,,BD,,,dietary_supplement,,no,2019-03-05,primary,2.0,1.915
SAMN43029033,PRJNA1081952,1M0440,Baseline,infant,244.0,,BD,,,,,,2018-11-25,primary,1.0,2.87
SAMN43029339,PRJNA1081952,1M0440,Post-follow-up,infant,244.0,,BD,,,,,,2019-11-11,primary,1.0,2.792
SAMN40195609,PRJNA1081952,1M0440,Post-intervention,infant,244.0,,BD,,,placebo,,no,2019-02-27,primary,2.0,1.407
SAMN40195610,PRJNA1081952,1M0441,Post-intervention,infant,244.0,,BD,,,dietary_supplement,,,2019-02-28,primary,1.0,0.013
SAMN43029034,PRJNA1081952,1M0442,Baseline,infant,244.0,,BD,,,,,,2018-11-26,primary,1.0,2.398
SAMN43029340,PRJNA1081952,1M0442,Post-follow-up,infant,244.0,,BD,,,,,,2019-11-17,primary,1.0,2.14
SAMN40195611,PRJNA1081952,1M0442,Post-intervention,infant,244.0,,BD,,,dietary_supplement,,no,2019-02-26,primary,2.0,1.017
SAMN43029035,PRJNA1081952,1M0443,Baseline,infant,244.0,,BD,,,,,,2018-11-26,primary,1.0,1.953
SAMN43029341,PRJNA1081952,1M0443,Post-follow-up,infant,244.0,,BD,,,,,,2019-11-18,primary,1.0,3.082
SAMN40195612,PRJNA1081952,1M0443,Post-intervention,infant,244.0,,BD,,,dietary_supplement,,no,2019-02-26,primary,2.0,0.813
SAMN43029036,PRJNA1081952,1M0445,Baseline,infant,244.0,,BD,,,,,,2018-11-28,primary,1.0,2.892
SAMN43029342,PRJNA1081952,1M0445,Post-follow-up,infant,244.0,,BD,,,,,,2019-11-19,primary,1.0,2.044
SAMN40195613,PRJNA1081952,1M0445,Post-intervention,infant,244.0,,BD,,,dietary_supplement,,no,2019-03-04,primary,2.0,1.692
SAMN40195614,PRJNA1081952,1M0446,Post-intervention,infant,244.0,,BD,,,dietary_supplement,,no,2019-03-04,primary,2.0,2.25
SAMN40195615,PRJNA1081952,1M0447,Post-intervention,infant,244.0,,BD,,,placebo,,,2019-03-19,primary,1.0,0.018
SAMN43029037,PRJNA1081952,1M0448,Baseline,infant,244.0,,BD,,,,,,2018-12-01,primary,1.0,1.473
SAMN40195616,PRJNA1081952,1M0448,Post-intervention,infant,244.0,,BD,,,dietary_supplement,,yes,2019-03-05,primary,2.0,2.007
SAMN40195617,PRJNA1081952,1M0450,Post-intervention,infant,244.0,,BD,,,dietary_supplement,,,2019-03-04,primary,1.0,0.017
SAMN43029038,PRJNA1081952,1M0451,Baseline,infant,244.0,,BD,,,,,,2018-12-03,primary,1.0,1.762
SAMN43029343,PRJNA1081952,1M0451,Post-follow-up,infant,244.0,,BD,,,,,,2019-11-26,primary,1.0,2.137
SAMN40195618,PRJNA1081952,1M0451,Post-intervention,infant,244.0,,BD,,,dietary_supplement,,no,2019-03-06,primary,2.0,1.83
SAMN40195619,PRJNA1081952,1M0454,Post-intervention,infant,244.0,,BD,,,placebo,,,2019-03-06,primary,1.0,0.02
SAMN40195620,PRJNA1081952,1M0455,Post-intervention,infant,244.0,,BD,,,dietary_supplement,,no,2019-03-19,primary,2.0,1.491
SAMN40195621,PRJNA1081952,1M0456,Post-intervention,infant,244.0,,BD,,,dietary_supplement,,,2019-03-10,primary,1.0,0.019
SAMN43029344,PRJNA1081952,1M0457,Post-follow-up,infant,244.0,,BD,,,,,,2019-11-24,primary,1.0,2.17
SAMN40195622,PRJNA1081952,1M0457,Post-intervention,infant,244.0,,BD,,,dietary_supplement,,no,2019-03-13,primary,2.0,4.026
SAMN40195623,PRJNA1081952,1M0458,Post-intervention,infant,244.0,,BD,,,dietary_supplement,,no,2019-03-14,primary,2.0,1.777
SAMN40195624,PRJNA1081952,1M0460,Post-intervention,infant,244.0,,BD,,,dietary_supplement,,,2019-03-17,primary,1.0,0.019
SAMN43029345,PRJNA1081952,1M0461,Post-follow-up,infant,244.0,,BD,,,,,,2019-11-26,primary,1.0,0.418
SAMN40195625,PRJNA1081952,1M0462,Post-intervention,infant,244.0,,BD,,,dietary_supplement,,,2019-03-12,primary,1.0,0.02
SAMN40195626,PRJNA1081952,1M0463,Post-intervention,infant,244.0,,BD,,,placebo,,,2019-03-20,primary,1.0,0.019
SAMN40195627,PRJNA1081952,1M0464,Post-intervention,infant,244.0,,BD,,,dietary_supplement,,,2019-03-27,primary,1.0,0.014
SAMN40195628,PRJNA1081952,1M0465,Post-intervention,infant,244.0,,BD,,,placebo,,no,2019-03-20,primary,2.0,1.32
SAMN40195629,PRJNA1081952,1M0466,Post-intervention,infant,244.0,,BD,,,placebo,,,2019-03-24,primary,1.0,0.036
SAMN40195630,PRJNA1081952,1M0467,Post-intervention,infant,244.0,,BD,,,dietary_supplement,,,2019-03-19,primary,1.0,0.018
SAMN40195631,PRJNA1081952,1M0468,Post-intervention,infant,244.0,,BD,,,dietary_supplement,,,2019-03-25,primary,1.0,0.018
SAMN40195632,PRJNA1081952,1M0469,Post-intervention,infant,244.0,,BD,,,placebo,,,2019-03-27,primary,1.0,0.016
SAMN40195633,PRJNA1081952,1M0470,Post-intervention,infant,244.0,,BD,,,dietary_supplement,,,2019-03-25,primary,1.0,0.018
SAMN40195634,PRJNA1081952,1M0471,Post-intervention,infant,244.0,,BD,,,dietary_supplement,,,2019-03-25,primary,1.0,0.019
SAMN40195635,PRJNA1081952,1M0472,Post-intervention,infant,244.0,,BD,,,dietary_supplement,,,2019-03-28,primary,1.0,0.023
SAMN40195636,PRJNA1081952,1M0475,Post-intervention,infant,244.0,,BD,,,placebo,,,2019-04-03,primary,1.0,0.008
SAMN40195637,PRJNA1081952,1M0476,Post-intervention,infant,244.0,,BD,,,dietary_supplement,,,2019-04-03,primary,1.0,0.016
SAMN40195638,PRJNA1081952,1M0477,Post-intervention,infant,244.0,,BD,,,dietary_supplement,,,2019-09-02,primary,1.0,0.051
SAMN40195639,PRJNA1081952,1M0478,Post-intervention,infant,244.0,,BD,,,placebo,,,2019-04-03,primary,1.0,0.016
SAMN40195640,PRJNA1081952,1M0479,Post-intervention,infant,244.0,,BD,,,dietary_supplement,,,2019-04-09,primary,1.0,0.027
SAMN40195641,PRJNA1081952,1M0480,Post-intervention,infant,244.0,,BD,,,dietary_supplement,,,2019-04-07,primary,1.0,0.011
SAMN40195642,PRJNA1081952,1M0481,Post-intervention,infant,244.0,,BD,,,dietary_supplement,,,2019-04-04,primary,1.0,0.031
SAMN40195643,PRJNA1081952,1M0482,Post-intervention,infant,244.0,,BD,,,placebo,,,2019-04-04,primary,1.0,0.008
SAMN43029039,PRJNA1081952,1M0483,Baseline,infant,244.0,,BD,,,,,,2019-01-03,primary,1.0,1.586
SAMN40195644,PRJNA1081952,1M0483,Post-intervention,infant,244.0,,BD,,,dietary_supplement,,no,2019-04-10,primary,2.0,2.2
SAMN40195645,PRJNA1081952,1M0484,Post-intervention,infant,244.0,,BD,,,dietary_supplement,,,2019-04-07,primary,1.0,0.01
SAMN40195646,PRJNA1081952,1M0485,Post-intervention,infant,244.0,,BD,,,placebo,,,2019-04-08,primary,1.0,0.013
SAMN40195647,PRJNA1081952,1M0486,Post-intervention,infant,244.0,,BD,,,dietary_supplement,,,2019-04-09,primary,1.0,0.027
SAMN40195648,PRJNA1081952,1M0487,Post-intervention,infant,244.0,,BD,,,dietary_supplement,,,2019-04-11,primary,1.0,0.028
SAMN40195649,PRJNA1081952,1M0488,Post-intervention,infant,244.0,,BD,,,dietary_supplement,,,2019-04-10,primary,1.0,0.039
SAMN40195650,PRJNA1081952,1M0489,Post-intervention,infant,244.0,,BD,,,dietary_supplement,,,2019-04-09,primary,1.0,0.008
SAMN40195651,PRJNA1081952,1M0490,Post-intervention,infant,244.0,,BD,,,dietary_supplement,,,2019-04-09,primary,1.0,0.005
SAMN40195652,PRJNA1081952,1M0491,Post-intervention,infant,244.0,,BD,,,placebo,,,2019-04-09,primary,1.0,0.029
SAMN40195653,PRJNA1081952,1M0492,Post-intervention,infant,244.0,,BD,,,placebo,,,2019-04-16,primary,1.0,0.007
SAMN40195654,PRJNA1081952,1M0493,Post-intervention,infant,244.0,,BD,,,placebo,,,2019-04-15,primary,1.0,0.03
SAMN43029040,PRJNA1081952,1M0494,Baseline,infant,244.0,,BD,,,,,,2019-01-14,primary,1.0,1.517
SAMN40195655,PRJNA1081952,1M0494,Post-intervention,infant,244.0,,BD,,,dietary_supplement,,no,2019-04-16,primary,2.0,2.041
SAMN40195656,PRJNA1081952,1M0496,Post-intervention,infant,244.0,,BD,,,dietary_supplement,,,2019-04-18,primary,1.0,0.031
SAMN40195657,PRJNA1081952,1M0497,Post-intervention,infant,244.0,,BD,,,dietary_supplement,,,2019-04-21,primary,1.0,0.028
SAMN43029041,PRJNA1081952,1M0498,Baseline,infant,244.0,,BD,,,,,,2019-01-15,primary,1.0,2.108
SAMN43029346,PRJNA1081952,1M0498,Post-follow-up,infant,244.0,,BD,,,,,,2020-01-13,primary,1.0,1.613
SAMN40195658,PRJNA1081952,1M0498,Post-intervention,infant,244.0,,BD,,,placebo,,,2019-04-16,primary,1.0,0.026
SAMN43029347,PRJNA1081952,1M0499,Post-follow-up,infant,244.0,,BD,,,,,,2020-01-13,primary,1.0,2.112
SAMN40195659,PRJNA1081952,1M0499,Post-intervention,infant,244.0,,BD,,,dietary_supplement,,no,2019-04-29,primary,2.0,2.069
SAMN43029042,PRJNA1081952,1M0500,Baseline,infant,244.0,,BD,,,,,,2019-01-15,primary,1.0,2.457
SAMN40195660,PRJNA1081952,1M0500,Post-intervention,infant,244.0,,BD,,,dietary_supplement,,no,2019-04-16,primary,2.0,2.174
SAMN40195661,PRJNA1081952,1M0502,Post-intervention,infant,244.0,,BD,,,dietary_supplement,,,2019-04-23,primary,1.0,0.026
SAMN43029348,PRJNA1081952,1M0503,Post-follow-up,infant,244.0,,BD,,,,,,2020-01-09,primary,1.0,2.039
SAMN40195662,PRJNA1081952,1M0503,Post-intervention,infant,244.0,,BD,,,dietary_supplement,,no,2019-04-24,primary,2.0,1.805
SAMN43029349,PRJNA1081952,1M0504,Post-follow-up,infant,244.0,,BD,,,,,,2020-01-08,primary,1.0,1.683
SAMN40195663,PRJNA1081952,1M0504,Post-intervention,infant,244.0,,BD,,,dietary_supplement,,no,2019-04-24,primary,2.0,1.17
SAMN40195664,PRJNA1081952,1M0505,Post-intervention,infant,244.0,,BD,,,placebo,,,2019-04-25,primary,1.0,0.014
SAMN40195665,PRJNA1081952,1M0506,Post-intervention,infant,244.0,,BD,,,dietary_supplement,,,2019-04-28,primary,1.0,0.022
SAMN43029350,PRJNA1081952,1M0507,Post-follow-up,infant,244.0,,BD,,,,,,2020-01-09,primary,1.0,1.628
SAMN40195666,PRJNA1081952,1M0507,Post-intervention,infant,244.0,,BD,,,dietary_supplement,,no,2019-04-24,primary,2.0,0.959
SAMN40195667,PRJNA1081952,1M0509,Post-intervention,infant,244.0,,BD,,,dietary_supplement,,,2019-04-30,primary,1.0,0.027
SAMN43029043,PRJNA1081952,1M0510,Baseline,infant,244.0,,BD,,,,,,2019-01-28,primary,1.0,1.174
SAMN43029351,PRJNA1081952,1M0510,Post-follow-up,infant,244.0,,BD,,,,,,2020-01-14,primary,1.0,1.03
SAMN43029044,PRJNA1081952,1M0511,Baseline,infant,244.0,,BD,,,,,,2019-01-28,primary,1.0,2.392
SAMN43029352,PRJNA1081952,1M0511,Post-follow-up,infant,244.0,,BD,,,,,,2020-01-15,primary,1.0,2.761
SAMN40195668,PRJNA1081952,1M0511,Post-intervention,infant,244.0,,BD,,,dietary_supplement,,no,2019-04-30,primary,2.0,1.466
SAMN43029045,PRJNA1081952,1M0512,Baseline,infant,244.0,,BD,,,,,,2019-01-28,primary,1.0,1.253
SAMN43029353,PRJNA1081952,1M0512,Post-follow-up,infant,244.0,,BD,,,,,,2020-01-19,primary,1.0,4.045
SAMN40195669,PRJNA1081952,1M0512,Post-intervention,infant,244.0,,BD,,,placebo,,no,2019-04-29,primary,2.0,1.665
SAMN43029046,PRJNA1081952,1M0513,Baseline,infant,244.0,,BD,,,,,,2019-01-29,primary,1.0,1.741
SAMN43029354,PRJNA1081952,1M0513,Post-follow-up,infant,244.0,,BD,,,,,,2020-01-19,primary,1.0,1.961
SAMN43029355,PRJNA1081952,1M0515,Post-follow-up,infant,244.0,,BD,,,,,,2020-01-27,primary,1.0,2.04
SAMN40195670,PRJNA1081952,1M0515,Post-intervention,infant,244.0,,BD,,,placebo,,no,2018-09/2019-02,primary,2.0,1.359
SAMN43029047,PRJNA1081952,1M0516,Baseline,infant,244.0,,BD,,,,,,2019-01-30,primary,1.0,2.212
SAMN43029356,PRJNA1081952,1M0516,Post-follow-up,infant,244.0,,BD,,,,,,2020-01-23,primary,1.0,2.067
SAMN40195671,PRJNA1081952,1M0516,Post-intervention,infant,244.0,,BD,,,placebo,,no,2019-05-07,primary,2.0,1.881
SAMN40195672,PRJNA1081952,1M0517,Post-intervention,infant,244.0,,BD,,,placebo,,,2019-05-02,primary,1.0,0.025
SAMN43029357,PRJNA1081952,1M0518,Post-follow-up,infant,244.0,,BD,,,,,,2020-01-21,primary,1.0,1.478
SAMN40195673,PRJNA1081952,1M0518,Post-intervention,infant,244.0,,BD,,,dietary_supplement,,no,2019-05-05,primary,2.0,1.706
SAMN43029358,PRJNA1081952,1M0519,Post-follow-up,infant,244.0,,BD,,,,,,2020-01-22,primary,1.0,1.65
SAMN40195674,PRJNA1081952,1M0519,Post-intervention,infant,244.0,,BD,,,dietary_supplement,,no,2019-05-08,primary,2.0,1.351
SAMN43029359,PRJNA1081952,1M0520,Post-follow-up,infant,244.0,,BD,,,,,,2020-01-20,primary,1.0,1.843
SAMN40195675,PRJNA1081952,1M0520,Post-intervention,infant,244.0,,BD,,,dietary_supplement,,no,2019-05-06,primary,2.0,1.67
SAMN43029360,PRJNA1081952,1M0521,Post-follow-up,infant,244.0,,BD,,,,,,2020-01-21,primary,1.0,2.153
SAMN40195676,PRJNA1081952,1M0521,Post-intervention,infant,244.0,,BD,,,dietary_supplement,,no,2019-05-08,primary,2.0,1.962
SAMN43029361,PRJNA1081952,1M0522,Post-follow-up,infant,244.0,,BD,,,,,,2020-01-22,primary,1.0,4.383
SAMN40195677,PRJNA1081952,1M0522,Post-intervention,infant,244.0,,BD,,,placebo,,no,2019-05-05,primary,2.0,0.453
SAMN40195678,PRJNA1081952,1M0523,Post-intervention,infant,244.0,,BD,,,placebo,,,2019-05-06,primary,1.0,0.029
SAMN43029362,PRJNA1081952,1M0525,Post-follow-up,infant,244.0,,BD,,,,,,2020-01-22,primary,1.0,1.151
SAMN40195679,PRJNA1081952,1M0525,Post-intervention,infant,244.0,,BD,,,dietary_supplement,,no,2019-05-08,primary,2.0,1.82
SAMN40195680,PRJNA1081952,1M0527,Post-intervention,infant,244.0,,BD,,,dietary_supplement,,,2019-05-12,primary,1.0,0.006
SAMN40195681,PRJNA1081952,1M0528,Post-intervention,infant,244.0,,BD,,,dietary_supplement,,no,2019-05-16,primary,2.0,0.893
SAMN43029048,PRJNA1081952,1M0529,Baseline,infant,244.0,,BD,,,,,,2018-09/2019-02,primary,1.0,1.041
SAMN43029363,PRJNA1081952,1M0529,Post-follow-up,infant,244.0,,BD,,,,,,2020-01-25,primary,1.0,1.145
SAMN40195682,PRJNA1081952,1M0529,Post-intervention,infant,244.0,,BD,,,dietary_supplement,,no,2019-05-09,primary,2.0,2.452
SAMN43029049,PRJNA1081952,1M0530,Baseline,infant,244.0,,BD,,,,,,2019-02-07,primary,1.0,3.005
SAMN40195683,PRJNA1081952,1M0530,Post-intervention,infant,244.0,,BD,,,dietary_supplement,,no,2019-05-14,primary,2.0,1.23
SAMN43029364,PRJNA1081952,1M0531,Post-follow-up,infant,244.0,,BD,,,,,,2020-01-27,primary,1.0,1.501
SAMN40195684,PRJNA1081952,1M0531,Post-intervention,infant,244.0,,BD,,,dietary_supplement,,,2019-05-15,primary,1.0,0.011
SAMN40195685,PRJNA1081952,1M0532,Post-intervention,infant,244.0,,BD,,,placebo,,,2019-05-09,primary,1.0,0.015
SAMN40195686,PRJNA1081952,1M0533,Post-intervention,infant,244.0,,BD,,,placebo,,,2019-05-13,primary,1.0,0.019
SAMN43029050,PRJNA1081952,1M0534,Baseline,infant,244.0,,BD,,,,,,2019-02-07,primary,1.0,2.659
SAMN43029365,PRJNA1081952,1M0534,Post-follow-up,infant,244.0,,BD,,,,,,2020-01-26,primary,1.0,0.576
SAMN40195687,PRJNA1081952,1M0534,Post-intervention,infant,244.0,,BD,,,placebo,,,2019-05-13,primary,1.0,0.031
SAMN43029051,PRJNA1081952,1M0535,Baseline,infant,244.0,,BD,,,,,,2019-02-09,primary,1.0,2.791
SAMN40195688,PRJNA1081952,1M0535,Post-intervention,infant,244.0,,BD,,,dietary_supplement,,no,2019-05-18,primary,2.0,1.333
SAMN43029052,PRJNA1081952,1M0536,Baseline,infant,244.0,,BD,,,,,,2019-02-11,primary,1.0,2.289
SAMN40195689,PRJNA1081952,1M0536,Post-intervention,infant,244.0,,BD,,,placebo,,no,2019-05-14,primary,2.0,1.174
SAMN40195690,PRJNA1081952,1M0537,Post-intervention,infant,244.0,,BD,,,dietary_supplement,,,2019-05-19,primary,1.0,0.029
SAMN43029053,PRJNA1081952,1M0538,Baseline,infant,244.0,,BD,,,,,,2019-02-11,primary,1.0,1.982
SAMN43029366,PRJNA1081952,1M0538,Post-follow-up,infant,244.0,,BD,,,,,,2020-01-30,primary,1.0,2.175
SAMN40195691,PRJNA1081952,1M0538,Post-intervention,infant,244.0,,BD,,,dietary_supplement,,no,2019-05-13,primary,2.0,1.497
SAMN43029054,PRJNA1081952,1M0539,Baseline,infant,244.0,,BD,,,,,,2019-02-10,primary,1.0,2.033
SAMN43029367,PRJNA1081952,1M0539,Post-follow-up,infant,244.0,,BD,,,,,,2020-01-28,primary,1.0,1.58
SAMN40195692,PRJNA1081952,1M0539,Post-intervention,infant,244.0,,BD,,,dietary_supplement,,no,2019-05-13,primary,2.0,0.942
SAMN43029055,PRJNA1081952,1M0540,Baseline,infant,244.0,,BD,,,,,,2019-02-10,primary,1.0,2.695
SAMN40195693,PRJNA1081952,1M0540,Post-intervention,infant,244.0,,BD,,,dietary_supplement,,yes,2019-05-18,primary,2.0,2.205
SAMN43029056,PRJNA1081952,1M0541,Baseline,infant,244.0,,BD,,,,,,2019-02-11,primary,1.0,2.16
SAMN43029368,PRJNA1081952,1M0541,Post-follow-up,infant,244.0,,BD,,,,,,2020-01-30,primary,1.0,0.865
SAMN40195694,PRJNA1081952,1M0541,Post-intervention,infant,244.0,,BD,,,dietary_supplement,,no,2019-05-16,primary,2.0,1.461
SAMN43029057,PRJNA1081952,1M0542,Baseline,infant,244.0,,BD,,,,,,2019-02-11,primary,1.0,2.209
SAMN40195695,PRJNA1081952,1M0542,Post-intervention,infant,244.0,,BD,,,dietary_supplement,,yes,2019-05-21,primary,2.0,2.725
SAMN43029058,PRJNA1081952,1M0543,Baseline,infant,244.0,,BD,,,,,,2019-02-11,primary,1.0,1.792
SAMN40195696,PRJNA1081952,1M0543,Post-intervention,infant,244.0,,BD,,,placebo,,yes,2019-05-19,primary,2.0,1.134
SAMN40195697,PRJNA1081952,1M0544,Post-intervention,infant,244.0,,BD,,,placebo,,,2019-05-19,primary,1.0,0.023
SAMN43029059,PRJNA1081952,1M0545,Baseline,infant,244.0,,BD,,,,,,2019-02-11,primary,1.0,2.374
SAMN43029369,PRJNA1081952,1M0545,Post-follow-up,infant,244.0,,BD,,,,,,2020-01-29,primary,1.0,1.934
SAMN40195698,PRJNA1081952,1M0545,Post-intervention,infant,244.0,,BD,,,dietary_supplement,,no,2019-05-19,primary,2.0,2.09
SAMN43029060,PRJNA1081952,1M0547,Baseline,infant,244.0,,BD,,,,,,2019-02-12,primary,1.0,1.919
SAMN40195699,PRJNA1081952,1M0547,Post-intervention,infant,244.0,,BD,,,placebo,,no,2019-05-15,primary,2.0,1.35
SAMN43029061,PRJNA1081952,1M0548,Baseline,infant,244.0,,BD,,,,,,2019-02-13,primary,1.0,1.927
SAMN40195700,PRJNA1081952,1M0548,Post-intervention,infant,244.0,,BD,,,dietary_supplement,,,2019-05-19,primary,1.0,0.022
SAMN43029062,PRJNA1081952,1M0550,Baseline,infant,244.0,,BD,,,,,,2019-02-14,primary,1.0,0.772
SAMN40195701,PRJNA1081952,1M0550,Post-intervention,infant,244.0,,BD,,,dietary_supplement,,no,2019-05-20,primary,2.0,3.404
SAMN40195702,PRJNA1081952,2F0359,Post-intervention,infant,335.0,,BD,,,placebo,,,2019-01-06,primary,1.0,0.017
SAMN40195703,PRJNA1081952,2F0378,Post-intervention,infant,335.0,,BD,,,dietary_supplement,,,2018-12-18,primary,1.0,0.018
SAMN43029063,PRJNA1081952,2F0382,Baseline,infant,335.0,,BD,,,,,,2018-12-09,primary,1.0,3.387
SAMN43029370,PRJNA1081952,2F0382,Post-follow-up,infant,335.0,,BD,,,,,,2019-09-02,primary,1.0,1.535
SAMN40195704,PRJNA1081952,2F0382,Post-intervention,infant,335.0,,BD,,,dietary_supplement,,no,2018-12-23,primary,2.0,1.859
SAMN40195705,PRJNA1081952,2F0390,Post-intervention,infant,335.0,,BD,,,dietary_supplement,,,2018-12-27,primary,1.0,0.018
SAMN40195706,PRJNA1081952,2F0392,Post-intervention,infant,335.0,,BD,,,placebo,,,2019-01-02,primary,1.0,0.018
SAMN40195707,PRJNA1081952,2F0393,Post-intervention,infant,335.0,,BD,,,dietary_supplement,,,2018-12-27,primary,1.0,0.018
SAMN40195708,PRJNA1081952,2F0394,Post-intervention,infant,335.0,,BD,,,placebo,,,2019-01-03,primary,1.0,0.018
SAMN40195709,PRJNA1081952,2F0395,Post-intervention,infant,335.0,,BD,,,dietary_supplement,,,2019-01-02,primary,1.0,0.022
SAMN43029064,PRJNA1081952,2F0397,Baseline,infant,335.0,,BD,,,,,,2018-10-03,primary,1.0,1.991
SAMN40195710,PRJNA1081952,2F0397,Post-intervention,infant,335.0,,BD,,,dietary_supplement,,no,2019-01-03,primary,2.0,1.385
SAMN43029065,PRJNA1081952,2F0398,Baseline,infant,335.0,,BD,,,,,,2018-10-04,primary,1.0,1.936
SAMN40195711,PRJNA1081952,2F0398,Post-intervention,infant,335.0,,BD,,,dietary_supplement,,no,2018-06-01,primary,2.0,1.613
SAMN43029066,PRJNA1081952,2F0399,Baseline,infant,335.0,,BD,,,,,,2018-07-10,primary,1.0,1.947
SAMN40195712,PRJNA1081952,2F0399,Post-intervention,infant,335.0,,BD,,,placebo,,no,2019-01-06,primary,2.0,1.209
SAMN43029067,PRJNA1081952,2F0401,Baseline,infant,335.0,,BD,,,,,,2018-08-10,primary,1.0,1.336
SAMN40195713,PRJNA1081952,2F0401,Post-intervention,infant,335.0,,BD,,,dietary_supplement,,no,2019-01-08,primary,2.0,2.25
SAMN43029068,PRJNA1081952,2F0402,Baseline,infant,335.0,,BD,,,,,,2018-10-10,primary,1.0,1.3
SAMN40195714,PRJNA1081952,2F0402,Post-intervention,infant,335.0,,BD,,,dietary_supplement,,no,2019-01-10,primary,2.0,3.288
SAMN43029069,PRJNA1081952,2F0403,Baseline,infant,335.0,,BD,,,,,,2018-10-14,primary,1.0,1.04
SAMN40195715,PRJNA1081952,2F0403,Post-intervention,infant,335.0,,BD,,,dietary_supplement,,no,2019-01-22,primary,2.0,0.589
SAMN43029070,PRJNA1081952,2F0404,Baseline,infant,335.0,,BD,,,,,,2018-11-10,primary,1.0,1.115
SAMN40195716,PRJNA1081952,2F0404,Post-intervention,infant,335.0,,BD,,,placebo,,,2019-01-20,primary,2.0,2.657
SAMN43029071,PRJNA1081952,2F0406,Baseline,infant,335.0,,BD,,,,,,2018-10-15,primary,1.0,1.471
SAMN40195717,PRJNA1081952,2F0406,Post-intervention,infant,335.0,,BD,,,dietary_supplement,,no,2019-01-15,primary,2.0,2.659
SAMN43029072,PRJNA1081952,2F0407,Baseline,infant,335.0,,BD,,,,,,2018-10-16,primary,1.0,0.74
SAMN40195718,PRJNA1081952,2F0407,Post-intervention,infant,335.0,,BD,,,placebo,,no,2019-01-20,primary,2.0,6.654
SAMN43029073,PRJNA1081952,2F0410,Baseline,infant,335.0,,BD,,,,,,2018-10-30,primary,1.0,2.494
SAMN43029371,PRJNA1081952,2F0410,Post-follow-up,infant,335.0,,BD,,,,,,2019-10-15,primary,1.0,1.059
SAMN40195719,PRJNA1081952,2F0410,Post-intervention,infant,335.0,,BD,,,placebo,,,2019-02-10,primary,1.0,0.002
SAMN43029074,PRJNA1081952,2F0412,Baseline,infant,335.0,,BD,,,,,,2018-10-30,primary,1.0,1.324
SAMN43029372,PRJNA1081952,2F0412,Post-follow-up,infant,335.0,,BD,,,,,,2019-10-20,primary,1.0,2.529
SAMN40195720,PRJNA1081952,2F0412,Post-intervention,infant,335.0,,BD,,,placebo,,,2019-02-02,primary,1.0,0.017
SAMN43029075,PRJNA1081952,2F0415,Baseline,infant,335.0,,BD,,,,,,2018-11-01,primary,1.0,2.404
SAMN43029373,PRJNA1081952,2F0415,Post-follow-up,infant,335.0,,BD,,,,,,2019-10-24,primary,1.0,2.612
SAMN40195721,PRJNA1081952,2F0415,Post-intervention,infant,335.0,,BD,,,dietary_supplement,,,2019-02-04,primary,1.0,0.016
SAMN43029076,PRJNA1081952,2F0416,Baseline,infant,335.0,,BD,,,,,,2018-11-04,primary,1.0,2.544
SAMN43029374,PRJNA1081952,2F0416,Post-follow-up,infant,335.0,,BD,,,,,,2019-10-23,primary,1.0,2.283
SAMN40195722,PRJNA1081952,2F0416,Post-intervention,infant,335.0,,BD,,,placebo,,,2019-02-06,primary,1.0,0.028
SAMN43029077,PRJNA1081952,2F0419,Baseline,infant,335.0,,BD,,,,,,2018-11-08,primary,1.0,2.528
SAMN43029375,PRJNA1081952,2F0419,Post-follow-up,infant,335.0,,BD,,,,,,2019-10-24,primary,1.0,3.008
SAMN40195723,PRJNA1081952,2F0419,Post-intervention,infant,335.0,,BD,,,dietary_supplement,,,2019-02-14,primary,1.0,0.021
SAMN40195724,PRJNA1081952,2F0420,Post-intervention,infant,335.0,,BD,,,dietary_supplement,,,2019-02-09,primary,1.0,0.014
SAMN43029078,PRJNA1081952,2F0421,Baseline,infant,335.0,,BD,,,,,,2018-11-12,primary,1.0,3.048
SAMN43029376,PRJNA1081952,2F0421,Post-follow-up,infant,335.0,,BD,,,,,,2019-11-03,primary,1.0,2.322
SAMN40195725,PRJNA1081952,2F0421,Post-intervention,infant,335.0,,BD,,,placebo,,,2019-02-18,primary,1.0,0.017
SAMN43029079,PRJNA1081952,2F0425,Baseline,infant,335.0,,BD,,,,,,2018-11-14,primary,1.0,1.717
SAMN43029377,PRJNA1081952,2F0425,Post-follow-up,infant,335.0,,BD,,,,,,2019-11-06,primary,1.0,2.866
SAMN40195726,PRJNA1081952,2F0425,Post-intervention,infant,335.0,,BD,,,placebo,,,2019-02-18,primary,1.0,0.01
SAMN40195727,PRJNA1081952,2F0430,Post-intervention,infant,335.0,,BD,,,dietary_supplement,,,2019-02-25,primary,1.0,0.011
SAMN43029378,PRJNA1081952,2F0432,Post-follow-up,infant,335.0,,BD,,,,,,2019-11-19,primary,1.0,2.011
SAMN40195728,PRJNA1081952,2F0432,Post-intervention,infant,335.0,,BD,,,dietary_supplement,,no,2019-03-11,primary,2.0,1.202
SAMN43029080,PRJNA1081952,2F0433,Baseline,infant,335.0,,BD,,,,,,2018-12-03,primary,1.0,1.494
SAMN40195729,PRJNA1081952,2F0433,Post-intervention,infant,335.0,,BD,,,placebo,,no,2019-03-05,primary,2.0,1.946
SAMN43029081,PRJNA1081952,2F0434,Baseline,infant,335.0,,BD,,,,,,2018-12-04,primary,1.0,1.812
SAMN43029379,PRJNA1081952,2F0434,Post-follow-up,infant,335.0,,BD,,,,,,2019-11-19,primary,1.0,2.386
SAMN40195730,PRJNA1081952,2F0434,Post-intervention,infant,335.0,,BD,,,placebo,,no,2019-03-24,primary,2.0,1.043
SAMN43029380,PRJNA1081952,2F0435,Post-follow-up,infant,335.0,,BD,,,,,,2019-11-24,primary,1.0,2.68
SAMN40195731,PRJNA1081952,2F0435,Post-intervention,infant,335.0,,BD,,,dietary_supplement,,no,2019-03-10,primary,2.0,2.296
SAMN43029082,PRJNA1081952,2F0436,Baseline,infant,335.0,,BD,,,,,,2018-12-10,primary,1.0,1.616
SAMN43029381,PRJNA1081952,2F0436,Post-follow-up,infant,335.0,,BD,,,,,,2019-11-26,primary,1.0,4.149
SAMN40195732,PRJNA1081952,2F0436,Post-intervention,infant,335.0,,BD,,,placebo,,,2019-03-14,primary,1.0,0.02
SAMN43029083,PRJNA1081952,2F0437,Baseline,infant,335.0,,BD,,,,,,2018-12-10,primary,1.0,1.505
SAMN43029382,PRJNA1081952,2F0437,Post-follow-up,infant,335.0,,BD,,,,,,2019-11-25,primary,1.0,2.377
SAMN40195733,PRJNA1081952,2F0437,Post-intervention,infant,335.0,,BD,,,dietary_supplement,,no,2019-03-11,primary,2.0,2.287
SAMN43029084,PRJNA1081952,2F0438,Baseline,infant,335.0,,BD,,,,,,2018-12-12,primary,1.0,1.235
SAMN40195734,PRJNA1081952,2F0438,Post-intervention,infant,335.0,,BD,,,dietary_supplement,,no,2019-03-17,primary,2.0,1.809
SAMN43029085,PRJNA1081952,2F0439,Baseline,infant,335.0,,BD,,,,,,2018-12-12,primary,1.0,1.647
SAMN40195735,PRJNA1081952,2F0439,Post-intervention,infant,335.0,,BD,,,dietary_supplement,,,2019-03-13,primary,1.0,0.027
SAMN40195736,PRJNA1081952,2F0440,Post-intervention,infant,335.0,,BD,,,placebo,,,2019-03-21,primary,1.0,0.019
SAMN40195737,PRJNA1081952,2F0441,Post-intervention,infant,335.0,,BD,,,dietary_supplement,,,2019-03-21,primary,1.0,0.023
SAMN40195738,PRJNA1081952,2F0442,Post-intervention,infant,335.0,,BD,,,dietary_supplement,,,2019-03-28,primary,1.0,0.012
SAMN40195739,PRJNA1081952,2F0443,Post-intervention,infant,335.0,,BD,,,dietary_supplement,,,2019-03-20,primary,1.0,0.018
SAMN40195740,PRJNA1081952,2F0446,Post-intervention,infant,335.0,,BD,,,placebo,,,2019-03-28,primary,1.0,0.012
SAMN40195741,PRJNA1081952,2F0447,Post-intervention,infant,335.0,,BD,,,placebo,,,2019-03-25,primary,1.0,0.028
SAMN40195742,PRJNA1081952,2F0448,Post-intervention,infant,335.0,,BD,,,dietary_supplement,,,2019-04-04,primary,1.0,0.014
SAMN40195743,PRJNA1081952,2F0449,Post-intervention,infant,335.0,,BD,,,placebo,,,2019-04-02,primary,1.0,0.045
SAMN40195744,PRJNA1081952,2F0451,Post-intervention,infant,335.0,,BD,,,dietary_supplement,,,2019-04-03,primary,1.0,0.015
SAMN40195745,PRJNA1081952,2F0452,Post-intervention,infant,335.0,,BD,,,dietary_supplement,,,2019-04-08,primary,1.0,0.009
SAMN40195746,PRJNA1081952,2F0453,Post-intervention,infant,335.0,,BD,,,dietary_supplement,,,2019-04-04,primary,1.0,0.019
SAMN40195747,PRJNA1081952,2F0454,Post-intervention,infant,335.0,,BD,,,dietary_supplement,,,2019-04-08,primary,1.0,0.011
SAMN40195748,PRJNA1081952,2F0455,Post-intervention,infant,335.0,,BD,,,dietary_supplement,,,2019-04-08,primary,1.0,0.029
SAMN40195749,PRJNA1081952,2F0456,Post-intervention,infant,335.0,,BD,,,dietary_supplement,,,2019-04-10,primary,1.0,0.027
SAMN40195750,PRJNA1081952,2F0457,Post-intervention,infant,335.0,,BD,,,dietary_supplement,,,2019-04-09,primary,1.0,0.007
SAMN40195751,PRJNA1081952,2F0461,Post-intervention,infant,335.0,,BD,,,dietary_supplement,,,2019-04-18,primary,1.0,0.026
SAMN43029086,PRJNA1081952,2F0462,Baseline,infant,335.0,,BD,,,,,,2019-01-09,primary,1.0,2.666
SAMN40195752,PRJNA1081952,2F0462,Post-intervention,infant,335.0,,BD,,,placebo,,no,2019-04-09,primary,2.0,1.761
SAMN43029087,PRJNA1081952,2F0463,Baseline,infant,335.0,,BD,,,,,,2019-01-09,primary,1.0,1.743
SAMN40195753,PRJNA1081952,2F0463,Post-intervention,infant,335.0,,BD,,,placebo,,no,2019-04-11,primary,2.0,3.215
SAMN43029088,PRJNA1081952,2F0464,Baseline,infant,335.0,,BD,,,,,,2019-01-10,primary,1.0,0.637
SAMN40195754,PRJNA1081952,2F0464,Post-intervention,infant,335.0,,BD,,,dietary_supplement,,no,2019-04-10,primary,2.0,1.751
SAMN43029089,PRJNA1081952,2F0465,Baseline,infant,335.0,,BD,,,,,,2019-01-09,primary,1.0,1.569
SAMN40195755,PRJNA1081952,2F0465,Post-intervention,infant,335.0,,BD,,,placebo,,no,2019-04-11,primary,2.0,2.031
SAMN43029090,PRJNA1081952,2F0466,Baseline,infant,335.0,,BD,,,,,,2019-01-10,primary,1.0,1.311
SAMN40195756,PRJNA1081952,2F0466,Post-intervention,infant,335.0,,BD,,,dietary_supplement,,no,2019-04-11,primary,2.0,1.461
SAMN43029091,PRJNA1081952,2F0468,Baseline,infant,335.0,,BD,,,,,,2019-01-14,primary,1.0,1.013
SAMN40195757,PRJNA1081952,2F0468,Post-intervention,infant,335.0,,BD,,,dietary_supplement,,no,2019-04-18,primary,2.0,2.068
SAMN43029092,PRJNA1081952,2F0469,Baseline,infant,335.0,,BD,,,,,,2019-01-14,primary,1.0,1.775
SAMN40195758,PRJNA1081952,2F0469,Post-intervention,infant,335.0,,BD,,,placebo,,no,2019-04-24,primary,2.0,1.459
SAMN43029093,PRJNA1081952,2F0470,Baseline,infant,335.0,,BD,,,,,,2019-01-15,primary,1.0,1.863
SAMN40195759,PRJNA1081952,2F0470,Post-intervention,infant,335.0,,BD,,,dietary_supplement,,no,2019-04-17,primary,2.0,0.954
SAMN43029094,PRJNA1081952,2F0471,Baseline,infant,335.0,,BD,,,,,,2019-01-17,primary,1.0,2.239
SAMN40195760,PRJNA1081952,2F0471,Post-intervention,infant,335.0,,BD,,,dietary_supplement,,yes,2019-04-18,primary,2.0,1.623
SAMN43029095,PRJNA1081952,2F0472,Baseline,infant,335.0,,BD,,,,,,2019-01-17,primary,1.0,2.555
SAMN40195761,PRJNA1081952,2F0472,Post-intervention,infant,335.0,,BD,,,placebo,,no,2019-04-17,primary,2.0,1.206
SAMN40195762,PRJNA1081952,2F0474,Post-intervention,infant,335.0,,BD,,,dietary_supplement,,,2019-04-18,primary,1.0,0.021
SAMN40195763,PRJNA1081952,2F0475,Post-intervention,infant,335.0,,BD,,,dietary_supplement,,,2019-04-18,primary,1.0,0.022
SAMN40195764,PRJNA1081952,2F0476,Post-intervention,infant,335.0,,BD,,,dietary_supplement,,,2019-04-24,primary,1.0,0.025
SAMN43029383,PRJNA1081952,2F0477,Post-follow-up,infant,335.0,,BD,,,,,,2020-01-09,primary,1.0,2.722
SAMN40195765,PRJNA1081952,2F0477,Post-intervention,infant,335.0,,BD,,,dietary_supplement,,,2019-04-23,primary,2.0,3.809
SAMN43029096,PRJNA1081952,2F0478,Baseline,infant,335.0,,BD,,,,,,2019-01-20,primary,1.0,1.112
SAMN43029384,PRJNA1081952,2F0478,Post-follow-up,infant,335.0,,BD,,,,,,2020-01-21,primary,1.0,1.042
SAMN40195766,PRJNA1081952,2F0478,Post-intervention,infant,335.0,,BD,,,placebo,,no,2019-04-23,primary,2.0,1.293
SAMN40195767,PRJNA1081952,2F0479,Post-intervention,infant,335.0,,BD,,,dietary_supplement,,,2019-04-29,primary,1.0,0.015
SAMN40195768,PRJNA1081952,2F0480,Post-intervention,infant,335.0,,BD,,,placebo,,,2019-04-27,primary,1.0,0.016
SAMN43029385,PRJNA1081952,2F0481,Post-follow-up,infant,335.0,,BD,,,,,,2020-01-13,primary,1.0,2.069
SAMN40195769,PRJNA1081952,2F0481,Post-intervention,infant,335.0,,BD,,,dietary_supplement,,,2019-04-28,primary,1.0,0.018
SAMN43029386,PRJNA1081952,2F0482,Post-follow-up,infant,335.0,,BD,,,,,,2020-01-08,primary,1.0,1.435
SAMN40195770,PRJNA1081952,2F0482,Post-intervention,infant,335.0,,BD,,,placebo,,no,2018-09/2019-02,primary,2.0,2.056
SAMN43029387,PRJNA1081952,2F0483,Post-follow-up,infant,335.0,,BD,,,,,,2020-01-08,primary,1.0,2.133
SAMN40195771,PRJNA1081952,2F0483,Post-intervention,infant,335.0,,BD,,,placebo,,no,2019-04-23,primary,2.0,1.495
SAMN43029388,PRJNA1081952,2F0484,Post-follow-up,infant,335.0,,BD,,,,,,2020-01-08,primary,1.0,2.095
SAMN40195772,PRJNA1081952,2F0484,Post-intervention,infant,335.0,,BD,,,dietary_supplement,,,2019-04-25,primary,1.0,0.016
SAMN43029097,PRJNA1081952,2F0485,Baseline,infant,335.0,,BD,,,,,,2019-01-21,primary,1.0,2.199
SAMN43029389,PRJNA1081952,2F0485,Post-follow-up,infant,335.0,,BD,,,,,,2020-01-16,primary,1.0,1.783
SAMN40195773,PRJNA1081952,2F0485,Post-intervention,infant,335.0,,BD,,,dietary_supplement,,no,2019-04-23,primary,2.0,1.749
SAMN43029098,PRJNA1081952,2F0486,Baseline,infant,335.0,,BD,,,,,,2019-01-23,primary,1.0,0.914
SAMN43029390,PRJNA1081952,2F0486,Post-follow-up,infant,335.0,,BD,,,,,,2020-01-13,primary,1.0,1.302
SAMN40195774,PRJNA1081952,2F0486,Post-intervention,infant,335.0,,BD,,,placebo,,no,2019-04-25,primary,2.0,2.315
SAMN40195775,PRJNA1081952,2F0488,Post-intervention,infant,335.0,,BD,,,placebo,,,2019-04-30,primary,1.0,0.002
SAMN43029099,PRJNA1081952,2F0489,Baseline,infant,335.0,,BD,,,,,,2019-01-26,primary,1.0,1.555
SAMN43029391,PRJNA1081952,2F0489,Post-follow-up,infant,335.0,,BD,,,,,,2020-01-15,primary,1.0,2.649
SAMN40195776,PRJNA1081952,2F0489,Post-intervention,infant,335.0,,BD,,,dietary_supplement,,no,2019-04-27,primary,2.0,2.401
SAMN43029392,PRJNA1081952,2F0490,Post-follow-up,infant,335.0,,BD,,,,,,2020-01-13,primary,1.0,1.824
SAMN40195777,PRJNA1081952,2F0490,Post-intervention,infant,335.0,,BD,,,dietary_supplement,,,2019-04-29,primary,1.0,0.015
SAMN43029100,PRJNA1081952,2F0491,Baseline,infant,335.0,,BD,,,,,,2019-01-27,primary,1.0,1.319
SAMN43029393,PRJNA1081952,2F0491,Post-follow-up,infant,335.0,,BD,,,,,,2020-01-15,primary,1.0,1.222
SAMN40195778,PRJNA1081952,2F0491,Post-intervention,infant,335.0,,BD,,,dietary_supplement,,no,2019-04-28,primary,2.0,1.094
SAMN43029394,PRJNA1081952,2F0492,Post-follow-up,infant,335.0,,BD,,,,,,2020-01-13,primary,1.0,1.796
SAMN40195779,PRJNA1081952,2F0492,Post-intervention,infant,335.0,,BD,,,dietary_supplement,,no,2019-05-02,primary,2.0,1.462
SAMN43029101,PRJNA1081952,2F0493,Baseline,infant,335.0,,BD,,,,,,2019-01-28,primary,1.0,1.198
SAMN43029395,PRJNA1081952,2F0493,Post-follow-up,infant,335.0,,BD,,,,,,2020-01-14,primary,1.0,3.325
SAMN40195780,PRJNA1081952,2F0493,Post-intervention,infant,335.0,,BD,,,placebo,,no,2019-04-29,primary,2.0,1.42
SAMN43029396,PRJNA1081952,2F0494,Post-follow-up,infant,335.0,,BD,,,,,,2020-01-13,primary,1.0,2.19
SAMN40195781,PRJNA1081952,2F0494,Post-intervention,infant,335.0,,BD,,,dietary_supplement,,,2019-04-29,primary,1.0,0.015
SAMN43029102,PRJNA1081952,2F0495,Baseline,infant,335.0,,BD,,,,,,2019-01-30,primary,1.0,1.626
SAMN43029397,PRJNA1081952,2F0495,Post-follow-up,infant,335.0,,BD,,,,,,2020-01-16,primary,1.0,1.717
SAMN40195782,PRJNA1081952,2F0495,Post-intervention,infant,335.0,,BD,,,placebo,,no,2019-04-30,primary,2.0,1.199
SAMN43029398,PRJNA1081952,2F0496,Post-follow-up,infant,335.0,,BD,,,,,,2020-01-16,primary,1.0,1.266
SAMN40195783,PRJNA1081952,2F0496,Post-intervention,infant,335.0,,BD,,,placebo,,,2019-04-30,primary,1.0,0.011
SAMN43029103,PRJNA1081952,2F0497,Baseline,infant,335.0,,BD,,,,,,2019-01-29,primary,1.0,1.104
SAMN43029399,PRJNA1081952,2F0497,Post-follow-up,infant,335.0,,BD,,,,,,2020-01-16,primary,1.0,1.82
SAMN40195784,PRJNA1081952,2F0497,Post-intervention,infant,335.0,,BD,,,dietary_supplement,,no,2019-05-13,primary,2.0,0.803
SAMN40195785,PRJNA1081952,2F0498,Post-intervention,infant,335.0,,BD,,,dietary_supplement,,,2019-05-05,primary,1.0,0.026
SAMN40195786,PRJNA1081952,2F0499,Post-intervention,infant,335.0,,BD,,,dietary_supplement,,,2019-04-30,primary,1.0,0.013
SAMN40195787,PRJNA1081952,2F0500,Post-intervention,infant,335.0,,BD,,,dietary_supplement,,,2019-05-07,primary,1.0,0.005
SAMN43029104,PRJNA1081952,2F0501,Baseline,infant,335.0,,BD,,,,,,2019-01-30,primary,1.0,1.554
SAMN43029400,PRJNA1081952,2F0501,Post-follow-up,infant,335.0,,BD,,,,,,2020-01-15,primary,1.0,2.104
SAMN40195788,PRJNA1081952,2F0501,Post-intervention,infant,335.0,,BD,,,dietary_supplement,,,2019-05-05,primary,1.0,0.025
SAMN43029105,PRJNA1081952,2F0502,Baseline,infant,335.0,,BD,,,,,,2019-01-29,primary,1.0,1.4
SAMN43029401,PRJNA1081952,2F0502,Post-follow-up,infant,335.0,,BD,,,,,,2020-01-16,primary,1.0,0.876
SAMN40195789,PRJNA1081952,2F0502,Post-intervention,infant,335.0,,BD,,,dietary_supplement,,,2019-05-02,primary,1.0,0.012
SAMN40195790,PRJNA1081952,2F0503,Post-intervention,infant,335.0,,BD,,,dietary_supplement,,,2019-05-02,primary,1.0,0.017
SAMN43029402,PRJNA1081952,2F0504,Post-follow-up,infant,335.0,,BD,,,,,,2020-01-26,primary,1.0,1.692
SAMN40195791,PRJNA1081952,2F0504,Post-intervention,infant,335.0,,BD,,,placebo,,no,2019-05-07,primary,2.0,1.627
SAMN43029106,PRJNA1081952,2F0505,Baseline,infant,335.0,,BD,,,,,,2019-02-02,primary,1.0,1.242
SAMN43029403,PRJNA1081952,2F0505,Post-follow-up,infant,335.0,,BD,,,,,,2020-01-19,primary,1.0,1.617
SAMN40195792,PRJNA1081952,2F0507,Post-intervention,infant,335.0,,BD,,,placebo,,,2019-05-05,primary,1.0,0.017
SAMN40195793,PRJNA1081952,2F0509,Post-intervention,infant,335.0,,BD,,,dietary_supplement,,,2019-05-05,primary,1.0,0.019
SAMN43029404,PRJNA1081952,2F0511,Post-follow-up,infant,335.0,,BD,,,,,,2020-01-21,primary,1.0,2.362
SAMN40195794,PRJNA1081952,2F0511,Post-intervention,infant,335.0,,BD,,,dietary_supplement,,no,2019-05-06,primary,2.0,1.77
SAMN43029405,PRJNA1081952,2F0512,Post-follow-up,infant,335.0,,BD,,,,,,2020-01-27,primary,1.0,2.369
SAMN40195795,PRJNA1081952,2F0512,Post-intervention,infant,335.0,,BD,,,placebo,,no,2019-05-07,primary,2.0,2.744
SAMN43029107,PRJNA1081952,2F0513,Baseline,infant,335.0,,BD,,,,,,2019-02-05,primary,1.0,1.15
SAMN43029406,PRJNA1081952,2F0513,Post-follow-up,infant,335.0,,BD,,,,,,2020-01-26,primary,1.0,1.786
SAMN40195796,PRJNA1081952,2F0513,Post-intervention,infant,335.0,,BD,,,dietary_supplement,,no,2019-05-08,primary,2.0,2.401
SAMN43029407,PRJNA1081952,2F0514,Post-follow-up,infant,335.0,,BD,,,,,,2020-01-27,primary,1.0,2.512
SAMN40195797,PRJNA1081952,2F0514,Post-intervention,infant,335.0,,BD,,,placebo,,no,2019-05-07,primary,2.0,1.855
SAMN40195798,PRJNA1081952,2F0517,Post-intervention,infant,335.0,,BD,,,dietary_supplement,,,2019-05-08,primary,1.0,0.014
SAMN43029408,PRJNA1081952,2F0520,Post-follow-up,infant,335.0,,BD,,,,,,2020-01-27,primary,1.0,1.479
SAMN40195799,PRJNA1081952,2F0520,Post-intervention,infant,335.0,,BD,,,dietary_supplement,,no,2019-05-08,primary,2.0,1.408
SAMN43029108,PRJNA1081952,2F0521,Baseline,infant,335.0,,BD,,,,,,2019-02-10,primary,1.0,2.285
SAMN43029409,PRJNA1081952,2F0521,Post-follow-up,infant,335.0,,BD,,,,,,2020-01-28,primary,1.0,2.162
SAMN40195800,PRJNA1081952,2F0521,Post-intervention,infant,335.0,,BD,,,dietary_supplement,,,2019-05-14,primary,1.0,0.019
SAMN43029109,PRJNA1081952,2F0522,Baseline,infant,335.0,,BD,,,,,,2019-02-07,primary,1.0,2.061
SAMN43029410,PRJNA1081952,2F0522,Post-follow-up,infant,335.0,,BD,,,,,,2020-01-26,primary,1.0,1.87
SAMN40195801,PRJNA1081952,2F0522,Post-intervention,infant,335.0,,BD,,,dietary_supplement,,,2019-05-09,primary,1.0,0.017
SAMN40195802,PRJNA1081952,2F0523,Post-intervention,infant,335.0,,BD,,,placebo,,,2019-05-09,primary,1.0,0.019
SAMN40195803,PRJNA1081952,2F0524,Post-intervention,infant,335.0,,BD,,,placebo,,,2019-05-14,primary,1.0,0.014
SAMN43029411,PRJNA1081952,2F0525,Post-follow-up,infant,335.0,,BD,,,,,,2020-01-28,primary,1.0,1.569
SAMN40195804,PRJNA1081952,2F0525,Post-intervention,infant,335.0,,BD,,,placebo,,,2019-04-30,primary,1.0,0.006
SAMN43029110,PRJNA1081952,2F0526,Baseline,infant,335.0,,BD,,,,,,2019-02-09,primary,1.0,2.141
SAMN40195805,PRJNA1081952,2F0526,Post-intervention,infant,335.0,,BD,,,dietary_supplement,,,2019-05-12,primary,1.0,0.014
SAMN43029111,PRJNA1081952,2F0527,Baseline,infant,335.0,,BD,,,,,,2019-02-09,primary,1.0,1.264
SAMN43029412,PRJNA1081952,2F0527,Post-follow-up,infant,335.0,,BD,,,,,,2020-01-27,primary,1.0,1.464
SAMN40195806,PRJNA1081952,2F0527,Post-intervention,infant,335.0,,BD,,,dietary_supplement,,yes,2019-05-14,primary,2.0,1.2
SAMN43029112,PRJNA1081952,2F0528,Baseline,infant,335.0,,BD,,,,,,2019-02-09,primary,1.0,2.082
SAMN40195807,PRJNA1081952,2F0528,Post-intervention,infant,335.0,,BD,,,dietary_supplement,,,2019-05-14,primary,1.0,0.006
SAMN40195808,PRJNA1081952,2F0529,Post-intervention,infant,335.0,,BD,,,dietary_supplement,,,2019-05-12,primary,1.0,0.014
SAMN40195809,PRJNA1081952,2F0532,Post-intervention,infant,335.0,,BD,,,dietary_supplement,,,2019-05-16,primary,1.0,0.015
SAMN43029113,PRJNA1081952,2F0533,Baseline,infant,335.0,,BD,,,,,,2019-02-11,primary,1.0,2.312
SAMN40195810,PRJNA1081952,2F0533,Post-intervention,infant,335.0,,BD,,,,,no,2019-05-14,primary,1.0,1.262
SAMN40195811,PRJNA1081952,2F0535,Post-intervention,infant,335.0,,BD,,,dietary_supplement,,,2019-05-14,primary,1.0,0.016
SAMN43029114,PRJNA1081952,2F0536,Baseline,infant,335.0,,BD,,,,,,2019-02-10,primary,1.0,2.354
SAMN43029413,PRJNA1081952,2F0536,Post-follow-up,infant,335.0,,BD,,,,,,2020-02-05,primary,1.0,1.803
SAMN40195812,PRJNA1081952,2F0536,Post-intervention,infant,335.0,,BD,,,dietary_supplement,,,2019-05-13,primary,1.0,0.005
SAMN43029414,PRJNA1081952,2F0537,Post-follow-up,infant,335.0,,BD,,,,,,2020-01-29,primary,1.0,1.668
SAMN40195813,PRJNA1081952,2F0537,Post-intervention,infant,335.0,,BD,,,dietary_supplement,,no,2019-05-15,primary,2.0,1.037
SAMN43029115,PRJNA1081952,2F0538,Baseline,infant,335.0,,BD,,,,,,2019-02-10,primary,1.0,1.863
SAMN43029415,PRJNA1081952,2F0538,Post-follow-up,infant,335.0,,BD,,,,,,2020-01-29,primary,1.0,1.841
SAMN40195814,PRJNA1081952,2F0538,Post-intervention,infant,335.0,,BD,,,dietary_supplement,,no,2019-05-14,primary,2.0,3.088
SAMN43029116,PRJNA1081952,2F0539,Baseline,infant,335.0,,BD,,,,,,2019-02-12,primary,1.0,1.225
SAMN43029416,PRJNA1081952,2F0539,Post-follow-up,infant,335.0,,BD,,,,,,2020-01-29,primary,1.0,1.859
SAMN40195815,PRJNA1081952,2F0539,Post-intervention,infant,335.0,,BD,,,placebo,,no,2019-05-14,primary,2.0,1.5
SAMN43029117,PRJNA1081952,2F0540,Baseline,infant,335.0,,BD,,,,,,2019-02-13,primary,1.0,2.476
SAMN40195816,PRJNA1081952,2F0540,Post-intervention,infant,335.0,,BD,,,placebo,,no,2019-05-15,primary,2.0,1.408
SAMN40195817,PRJNA1081952,2F0541,Post-intervention,infant,335.0,,BD,,,dietary_supplement,,,2019-05-20,primary,1.0,0.024
SAMN43029118,PRJNA1081952,2F0542,Baseline,infant,335.0,,BD,,,,,,2019-02-14,primary,1.0,1.786
SAMN40195818,PRJNA1081952,2F0542,Post-intervention,infant,335.0,,BD,,,dietary_supplement,,no,2019-05-16,primary,2.0,1.509
SAMN43029119,PRJNA1081952,2F0543,Baseline,infant,335.0,,BD,,,,,,2019-02-14,primary,1.0,1.454
SAMN40195819,PRJNA1081952,2F0543,Post-intervention,infant,335.0,,BD,,,dietary_supplement,,no,2019-05-16,primary,2.0,1.408
SAMN43029120,PRJNA1081952,2F0544,Baseline,infant,335.0,,BD,,,,,,2019-02-14,primary,1.0,1.027
SAMN43029417,PRJNA1081952,2F0544,Post-follow-up,infant,335.0,,BD,,,,,,2020-02-05,primary,1.0,1.485
SAMN40195820,PRJNA1081952,2F0544,Post-intervention,infant,335.0,,BD,,,placebo,,no,2019-05-16,primary,2.0,1.162
SAMN40195821,PRJNA1081952,2F0545,Post-intervention,infant,335.0,,BD,,,dietary_supplement,,,2019-05-16,primary,1.0,0.003
SAMN40195822,PRJNA1081952,2F0546,Post-intervention,infant,335.0,,BD,,,dietary_supplement,,no,2019-05-18,primary,2.0,1.609
SAMN40195823,PRJNA1081952,2F0547,Post-intervention,infant,335.0,,BD,,,placebo,,,2019-05-19,primary,1.0,0.013
SAMN43029121,PRJNA1081952,2F0548,Baseline,infant,335.0,,BD,,,,,,2019-02-17,primary,1.0,1.89
SAMN40195824,PRJNA1081952,2F0548,Post-intervention,infant,335.0,,BD,,,dietary_supplement,,no,2019-05-19,primary,2.0,2.02
SAMN40195825,PRJNA1081952,2F0549,Post-intervention,infant,335.0,,BD,,,placebo,,,2019-05-21,primary,1.0,0.017
SAMN40195826,PRJNA1081952,2F0550,Post-intervention,infant,335.0,,BD,,,dietary_supplement,,,2019-05-21,primary,1.0,0.016
SAMN43029122,PRJNA1081952,2M0346,Baseline,infant,335.0,,BD,,,,,,2018-09-13,primary,1.0,1.969
SAMN40195827,PRJNA1081952,2M0346,Post-intervention,infant,335.0,,BD,,,placebo,,no,2018-12-18,primary,2.0,2.807
SAMN43029418,PRJNA1081952,2M0347,Post-follow-up,infant,335.0,,BD,,,,,,2019-09-03,primary,1.0,2.229
SAMN40195828,PRJNA1081952,2M0347,,infant,335.0,,BD,,,,,,2018-12-18,primary,1.0,0.023
SAMN43029419,PRJNA1081952,2M0348,Post-follow-up,infant,335.0,,BD,,,,,,2019-09-08,primary,1.0,2.355
SAMN40195829,PRJNA1081952,2M0348,Post-intervention,infant,335.0,,BD,,,placebo,,no,2018-12-19,primary,2.0,2.482
SAMN43029420,PRJNA1081952,2M0349,Post-follow-up,infant,335.0,,BD,,,,,,2019-09-08,primary,1.0,2.109
SAMN40195830,PRJNA1081952,2M0349,Post-intervention,infant,335.0,,BD,,,dietary_supplement,,no,2018-12-23,primary,2.0,1.922
SAMN43029421,PRJNA1081952,2M0351,Post-follow-up,infant,335.0,,BD,,,,,,2019-09-09,primary,1.0,1.881
SAMN40195831,PRJNA1081952,2M0351,Post-intervention,infant,335.0,,BD,,,placebo,,no,2018-12-19,primary,2.0,1.864
SAMN43029422,PRJNA1081952,2M0352,Post-follow-up,infant,335.0,,BD,,,,,,2019-09-08,primary,1.0,1.253
SAMN40195832,PRJNA1081952,2M0352,Post-intervention,infant,335.0,,BD,,,placebo,,,2019-01-08,primary,1.0,0.019
SAMN40195833,PRJNA1081952,2M0353,Post-intervention,infant,335.0,,BD,,,dietary_supplement,,,2018-12-20,primary,1.0,0.019
SAMN40195834,PRJNA1081952,2M0354,Post-intervention,infant,335.0,,BD,,,dietary_supplement,,,2018-12-23,primary,1.0,0.019
SAMN40195835,PRJNA1081952,2M0355,Post-intervention,infant,335.0,,BD,,,dietary_supplement,,,2018-12-24,primary,1.0,0.018
SAMN40195836,PRJNA1081952,2M0359,Post-intervention,infant,335.0,,BD,,,dietary_supplement,,,2019-01-06,primary,1.0,0.015
SAMN40195837,PRJNA1081952,2M0360,Post-intervention,infant,335.0,,BD,,,placebo,,,2018-12-26,primary,1.0,0.021
SAMN40195838,PRJNA1081952,2M0362,Post-intervention,infant,335.0,,BD,,,dietary_supplement,,,2018-12-20,primary,1.0,0.024
SAMN40195839,PRJNA1081952,2M0365,Post-intervention,infant,335.0,,BD,,,dietary_supplement,,,2019-01-03,primary,1.0,0.019
SAMN40195840,PRJNA1081952,2M0367,Post-intervention,infant,335.0,,BD,,,dietary_supplement,,,2019-01-09,primary,1.0,0.045
SAMN43029423,PRJNA1081952,2M0368,Post-follow-up,infant,335.0,,BD,,,,,,2019-09-23,primary,1.0,2.47
SAMN40195841,PRJNA1081952,2M0368,Post-intervention,infant,335.0,,BD,,,dietary_supplement,,no,2019-01-07,primary,2.0,3.039
SAMN43029123,PRJNA1081952,2M0369,Baseline,infant,335.0,,BD,,,,,,2018-10-10,primary,1.0,0.9
SAMN40195842,PRJNA1081952,2M0369,Post-intervention,infant,335.0,,BD,,,placebo,,,2019-01-10,primary,1.0,0.022
SAMN43029124,PRJNA1081952,2M0374,Baseline,infant,335.0,,BD,,,,,,2018-10-17,primary,1.0,1.045
SAMN40195843,PRJNA1081952,2M0374,Post-intervention,infant,335.0,,BD,,,dietary_supplement,,no,2019-01-17,primary,2.0,2.775
SAMN43029125,PRJNA1081952,2M0376,Baseline,infant,335.0,,BD,,,,,,2018-10-18,primary,1.0,1.258
SAMN40195844,PRJNA1081952,2M0376,Post-intervention,infant,335.0,,BD,,,dietary_supplement,,yes,2019-01-26,primary,2.0,2.804
SAMN43029424,PRJNA1081952,2M0378,Post-follow-up,infant,335.0,,BD,,,,,,2019-10-09,primary,1.0,1.112
SAMN40195845,PRJNA1081952,2M0378,Post-intervention,infant,335.0,,BD,,,placebo,,no,2019-01-22,primary,2.0,2.336
SAMN40195846,PRJNA1081952,2M0382,Post-intervention,infant,335.0,,BD,,,dietary_supplement,,,2019-02-04,primary,1.0,0.021
SAMN43029126,PRJNA1081952,2M0384,Baseline,infant,335.0,,BD,,,,,,2018-10-24,primary,1.0,2.883
SAMN43029425,PRJNA1081952,2M0384,Post-follow-up,infant,335.0,,BD,,,,,,2019-10-09,primary,1.0,1.303
SAMN40195847,PRJNA1081952,2M0384,Post-intervention,infant,335.0,,BD,,,dietary_supplement,,no,2019-01-23,primary,2.0,2.764
SAMN43029127,PRJNA1081952,2M0385,Baseline,infant,335.0,,BD,,,,,,2018-10-24,primary,1.0,0.172
SAMN40195848,PRJNA1081952,2M0385,Post-intervention,infant,335.0,,BD,,,placebo,,no,2019-01-26,primary,2.0,1.931
SAMN43029128,PRJNA1081952,2M0386,Baseline,infant,335.0,,BD,,,,,,2018-10-29,primary,1.0,3.917
SAMN43029426,PRJNA1081952,2M0386,Post-follow-up,infant,335.0,,BD,,,,,,2019-10-16,primary,1.0,1.566
SAMN40195849,PRJNA1081952,2M0386,Post-intervention,infant,335.0,,BD,,,dietary_supplement,,,2019-01-30,primary,1.0,0.023
SAMN43029129,PRJNA1081952,2M0387,Baseline,infant,335.0,,BD,,,,,,2018-10-29,primary,1.0,2.139
SAMN43029427,PRJNA1081952,2M0387,Post-follow-up,infant,335.0,,BD,,,,,,2019-10-16,primary,1.0,1.699
SAMN40195850,PRJNA1081952,2M0387,Post-intervention,infant,335.0,,BD,,,dietary_supplement,,,2019-01-29,primary,1.0,0.02
SAMN43029130,PRJNA1081952,2M0390,Baseline,infant,335.0,,BD,,,,,,2018-11-01,primary,1.0,2.967
SAMN43029428,PRJNA1081952,2M0390,Post-follow-up,infant,335.0,,BD,,,,,,2018-09/2019-02,primary,1.0,3.103
SAMN40195851,PRJNA1081952,2M0390,Post-intervention,infant,335.0,,BD,,,dietary_supplement,,,2019-02-05,primary,1.0,0.013
SAMN43029131,PRJNA1081952,2M0391,Baseline,infant,335.0,,BD,,,,,,2018-11-04,primary,1.0,2.445
SAMN43029429,PRJNA1081952,2M0391,Post-follow-up,infant,335.0,,BD,,,,,,2019-10-21,primary,1.0,2.321
SAMN40195852,PRJNA1081952,2M0391,Post-intervention,infant,335.0,,BD,,,dietary_supplement,,,2019-02-16,primary,1.0,0.019
SAMN43029132,PRJNA1081952,2M0394,Baseline,infant,335.0,,BD,,,,,,2018-11-06,primary,1.0,2.633
SAMN43029430,PRJNA1081952,2M0394,Post-follow-up,infant,335.0,,BD,,,,,,2019-10-28,primary,1.0,1.831
SAMN40195853,PRJNA1081952,2M0394,Post-intervention,infant,335.0,,BD,,,dietary_supplement,,,2019-02-09,primary,1.0,0.005
SAMN43029133,PRJNA1081952,2M0395,Baseline,infant,335.0,,BD,,,,,,2018-10-06,primary,1.0,2.139
SAMN43029431,PRJNA1081952,2M0395,Post-follow-up,infant,335.0,,BD,,,,,,2019-11-04,primary,1.0,3.522
SAMN40195854,PRJNA1081952,2M0395,,infant,335.0,,BD,,,placebo,,,2019-02-11,primary,1.0,0.016
SAMN43029134,PRJNA1081952,2M0396,Baseline,infant,335.0,,BD,,,,,,2018-07-11,primary,1.0,2.264
SAMN43029432,PRJNA1081952,2M0396,Post-follow-up,infant,335.0,,BD,,,,,,2019-10-24,primary,1.0,2.207
SAMN40195855,PRJNA1081952,2M0396,Post-intervention,infant,335.0,,BD,,,placebo,,,2019-02-18,primary,1.0,0.008
SAMN43029135,PRJNA1081952,2M0397,Baseline,infant,335.0,,BD,,,,,,2018-11-07,primary,1.0,2.004
SAMN43029433,PRJNA1081952,2M0397,Post-follow-up,infant,335.0,,BD,,,,,,2019-10-27,primary,1.0,1.459
SAMN40195856,PRJNA1081952,2M0397,Post-intervention,infant,335.0,,BD,,,dietary_supplement,,,2019-02-12,primary,1.0,0.015
SAMN43029136,PRJNA1081952,2M0398,Baseline,infant,335.0,,BD,,,,,,2018-07-11,primary,1.0,2.0
SAMN43029434,PRJNA1081952,2M0398,Post-follow-up,infant,335.0,,BD,,,,,,2019-10-24,primary,1.0,2.401
SAMN40195857,PRJNA1081952,2M0398,Post-intervention,infant,335.0,,BD,,,dietary_supplement,,,2019-02-09,primary,1.0,0.015
SAMN43029137,PRJNA1081952,2M0399,Baseline,infant,335.0,,BD,,,,,,2018-11-05,primary,1.0,2.668
SAMN43029435,PRJNA1081952,2M0399,Post-follow-up,infant,335.0,,BD,,,,,,2019-10-24,primary,1.0,2.438
SAMN40195858,PRJNA1081952,2M0399,Post-intervention,infant,335.0,,BD,,,placebo,,,2019-02-07,primary,1.0,0.004
SAMN43029138,PRJNA1081952,2M0400,Baseline,infant,335.0,,BD,,,,,,2018-09/2019-02,primary,1.0,2.306
SAMN43029436,PRJNA1081952,2M0400,Post-follow-up,infant,335.0,,BD,,,,,,2019-10-23,primary,1.0,2.331
SAMN40195859,PRJNA1081952,2M0400,Post-intervention,infant,335.0,,BD,,,dietary_supplement,,,2019-02-09,primary,1.0,0.004
SAMN43029139,PRJNA1081952,2M0402,Baseline,infant,335.0,,BD,,,,,,2018-11-12,primary,1.0,2.489
SAMN43029437,PRJNA1081952,2M0402,Post-follow-up,infant,335.0,,BD,,,,,,2019-10-29,primary,1.0,3.493
SAMN40195860,PRJNA1081952,2M0402,,infant,335.0,,BD,,,placebo,,,2019-02-12,primary,1.0,0.022
SAMN43029140,PRJNA1081952,2M0403,Baseline,infant,335.0,,BD,,,,,,2018-11-12,primary,1.0,2.845
SAMN43029438,PRJNA1081952,2M0403,Post-follow-up,infant,335.0,,BD,,,,,,2019-10-30,primary,1.0,1.918
SAMN40195861,PRJNA1081952,2M0403,Post-intervention,infant,335.0,,BD,,,dietary_supplement,,yes,2018-09/2019-02,primary,2.0,1.727
SAMN43029141,PRJNA1081952,2M0405,Baseline,infant,335.0,,BD,,,,,,2018-11-15,primary,1.0,3.43
SAMN43029439,PRJNA1081952,2M0405,Post-follow-up,infant,335.0,,BD,,,,,,2019-11-03,primary,1.0,2.625
SAMN40195862,PRJNA1081952,2M0405,Post-intervention,infant,335.0,,BD,,,dietary_supplement,,,2019-02-16,primary,1.0,0.021
SAMN43029440,PRJNA1081952,2M0410,Post-follow-up,infant,335.0,,BD,,,,,,2019-11-17,primary,1.0,2.497
SAMN40195863,PRJNA1081952,2M0410,Post-intervention,infant,335.0,,BD,,,dietary_supplement,,no,2019-03-03,primary,2.0,1.278
SAMN43029441,PRJNA1081952,2M0412,Post-follow-up,infant,335.0,,BD,,,,,,2019-11-14,primary,1.0,3.073
SAMN40195864,PRJNA1081952,2M0412,Post-intervention,infant,335.0,,BD,,,dietary_supplement,,no,2019-02-27,primary,2.0,0.957
SAMN43029442,PRJNA1081952,2M0413,Post-follow-up,infant,335.0,,BD,,,,,,2019-11-14,primary,1.0,2.528
SAMN40195865,PRJNA1081952,2M0413,Post-intervention,infant,335.0,,BD,,,placebo,,no,2019-03-05,primary,2.0,1.396
SAMN43029443,PRJNA1081952,2M0414,Post-follow-up,infant,335.0,,BD,,,,,,2019-11-19,primary,1.0,2.138
SAMN40195866,PRJNA1081952,2M0414,Post-intervention,infant,335.0,,BD,,,dietary_supplement,,no,2019-03-05,primary,2.0,1.612
SAMN43029142,PRJNA1081952,2M0416,Baseline,infant,335.0,,BD,,,,,,2018-12-02,primary,1.0,2.041
SAMN40195867,PRJNA1081952,2M0416,Post-intervention,infant,335.0,,BD,,,placebo,,no,2019-03-05,primary,2.0,1.206
SAMN43029143,PRJNA1081952,2M0418,Baseline,infant,335.0,,BD,,,,,,2018-12-03,primary,1.0,2.573
SAMN40195868,PRJNA1081952,2M0418,Post-intervention,infant,335.0,,BD,,,dietary_supplement,,no,2019-03-05,primary,2.0,1.81
SAMN40195869,PRJNA1081952,2M0419,Post-intervention,infant,335.0,,BD,,,dietary_supplement,,,2019-03-07,primary,2.0,1.912
SAMN40195870,PRJNA1081952,2M0420,Post-intervention,infant,335.0,,BD,,,dietary_supplement,,,2019-03-12,primary,1.0,0.027
SAMN43029144,PRJNA1081952,2M0421,Baseline,infant,335.0,,BD,,,,,,2018-12-09,primary,1.0,1.77
SAMN43029444,PRJNA1081952,2M0421,Post-follow-up,infant,335.0,,BD,,,,,,2019-11-26,primary,1.0,1.444
SAMN40195871,PRJNA1081952,2M0421,Post-intervention,infant,335.0,,BD,,,dietary_supplement,,no,2019-03-11,primary,2.0,2.431
SAMN43029145,PRJNA1081952,2M0422,Baseline,infant,335.0,,BD,,,,,,2018-12-10,primary,1.0,2.378
SAMN43029445,PRJNA1081952,2M0422,Post-follow-up,infant,335.0,,BD,,,,,,2019-11-26,primary,1.0,4.291
SAMN43029446,PRJNA1081952,2M0423,Post-follow-up,infant,335.0,,BD,,,,,,2019-11-26,primary,1.0,1.159
SAMN40195872,PRJNA1081952,2M0424,Post-intervention,infant,335.0,,BD,,,placebo,,,2019-03-13,primary,1.0,0.03
SAMN40195873,PRJNA1081952,2M0425,Post-intervention,infant,335.0,,BD,,,placebo,,,2019-03-17,primary,1.0,0.025
SAMN40195874,PRJNA1081952,2M0426,Post-intervention,infant,335.0,,BD,,,placebo,,,2019-03-19,primary,1.0,0.027
SAMN40195875,PRJNA1081952,2M0427,Post-intervention,infant,335.0,,BD,,,placebo,,no,2019-03-27,primary,2.0,1.364
SAMN40195876,PRJNA1081952,2M0431,Post-intervention,infant,335.0,,BD,,,dietary_supplement,,,2019-03-21,primary,1.0,0.025
SAMN40195877,PRJNA1081952,2M0432,Post-intervention,infant,335.0,,BD,,,dietary_supplement,,,2019-03-25,primary,1.0,0.015
SAMN40195878,PRJNA1081952,2M0433,Post-intervention,infant,335.0,,BD,,,dietary_supplement,,,2019-03-28,primary,1.0,0.012
SAMN40195879,PRJNA1081952,2M0434,Post-intervention,infant,335.0,,BD,,,dietary_supplement,,,2019-04-01,primary,1.0,0.055
SAMN40195880,PRJNA1081952,2M0435,Post-intervention,infant,335.0,,BD,,,dietary_supplement,,,2019-03-28,primary,1.0,0.018
SAMN40195881,PRJNA1081952,2M0436,Post-intervention,infant,335.0,,BD,,,dietary_supplement,,,2019-03-25,primary,1.0,0.016
SAMN40195882,PRJNA1081952,2M0437,Post-intervention,infant,335.0,,BD,,,dietary_supplement,,,2019-03-28,primary,1.0,0.02
SAMN40195883,PRJNA1081952,2M0438,Post-intervention,infant,335.0,,BD,,,placebo,,,2019-03-27,primary,1.0,0.013
SAMN40195884,PRJNA1081952,2M0439,Post-intervention,infant,335.0,,BD,,,placebo,,,2019-04-03,primary,1.0,0.018
SAMN40195885,PRJNA1081952,2M0440,Post-intervention,infant,335.0,,BD,,,dietary_supplement,,,2019-03-25,primary,1.0,0.004
SAMN40195886,PRJNA1081952,2M0441,Post-intervention,infant,335.0,,BD,,,dietary_supplement,,,2019-03-27,primary,1.0,0.017
SAMN40195887,PRJNA1081952,2M0443,Post-intervention,infant,335.0,,BD,,,dietary_supplement,,,2019-03-27,primary,1.0,0.014
SAMN40195888,PRJNA1081952,2M0444,Post-intervention,infant,335.0,,BD,,,placebo,,,2019-04-03,primary,1.0,0.053
SAMN40195889,PRJNA1081952,2M0445,Post-intervention,infant,335.0,,BD,,,placebo,,,2019-04-03,primary,1.0,0.027
SAMN40195890,PRJNA1081952,2M0446,Post-intervention,infant,335.0,,BD,,,dietary_supplement,,,2019-04-04,primary,1.0,0.056
SAMN40195891,PRJNA1081952,2M0447,Post-intervention,infant,335.0,,BD,,,dietary_supplement,,,2019-04-09,primary,1.0,0.007
SAMN43029146,PRJNA1081952,2M0449,Baseline,infant,335.0,,BD,,,,,,2019-01-09,primary,1.0,1.388
SAMN40195892,PRJNA1081952,2M0449,Post-intervention,infant,335.0,,BD,,,dietary_supplement,,no,2019-04-11,primary,2.0,1.856
SAMN40195893,PRJNA1081952,2M0450,Post-intervention,infant,335.0,,BD,,,placebo,,no,2019-04-11,primary,2.0,0.146
SAMN43029147,PRJNA1081952,2M0451,Baseline,infant,335.0,,BD,,,,,,2019-01-10,primary,1.0,5.918
SAMN40195894,PRJNA1081952,2M0451,Post-intervention,infant,335.0,,BD,,,dietary_supplement,,no,2018-09/2019-02,primary,2.0,2.006
SAMN43029148,PRJNA1081952,2M0452,Baseline,infant,335.0,,BD,,,,,,2018-09/2019-02,primary,1.0,1.451
SAMN40195895,PRJNA1081952,2M0452,Post-intervention,infant,335.0,,BD,,,placebo,,no,2019-04-17,primary,2.0,2.014
SAMN40195896,PRJNA1081952,2M0454,Post-intervention,infant,335.0,,BD,,,dietary_supplement,,,2019-04-23,primary,1.0,0.02
SAMN40195897,PRJNA1081952,2M0455,Post-intervention,infant,335.0,,BD,,,dietary_supplement,,,2019-04-15,primary,1.0,0.03
SAMN43029149,PRJNA1081952,2M0456,Baseline,infant,335.0,,BD,,,,,,2019-01-13,primary,1.0,1.219
SAMN40195898,PRJNA1081952,2M0456,Post-intervention,infant,335.0,,BD,,,placebo,,no,2019-04-16,primary,2.0,1.826
SAMN40195899,PRJNA1081952,2M0457,Post-intervention,infant,335.0,,BD,,,dietary_supplement,,,2019-04-17,primary,1.0,0.018
SAMN43029150,PRJNA1081952,2M0458,Baseline,infant,335.0,,BD,,,,,,2019-01-16,primary,1.0,2.479
SAMN40195900,PRJNA1081952,2M0459,Post-intervention,infant,335.0,,BD,,,placebo,,,2019-04-25,primary,1.0,0.015
SAMN40195901,PRJNA1081952,2M0460,Post-intervention,infant,335.0,,BD,,,dietary_supplement,,,2019-04-23,primary,1.0,0.021
SAMN40195902,PRJNA1081952,2M0461,Post-intervention,infant,335.0,,BD,,,placebo,,,2019-04-18,primary,1.0,0.021
SAMN40195903,PRJNA1081952,2M0462,Post-intervention,infant,335.0,,BD,,,dietary_supplement,,,2019-04-23,primary,1.0,0.021
SAMN40195904,PRJNA1081952,2M0463,Post-intervention,infant,335.0,,BD,,,dietary_supplement,,,2019-04-18,primary,1.0,0.021
SAMN40195905,PRJNA1081952,2M0464,Post-intervention,infant,335.0,,BD,,,dietary_supplement,,,2019-04-23,primary,1.0,0.02
SAMN40195906,PRJNA1081952,2M0465,Post-intervention,infant,335.0,,BD,,,placebo,,,2019-04-24,primary,1.0,0.02
SAMN40195907,PRJNA1081952,2M0466,Post-intervention,infant,335.0,,BD,,,dietary_supplement,,,2019-04-23,primary,1.0,0.02
SAMN40195908,PRJNA1081952,2M0467,Post-intervention,infant,335.0,,BD,,,placebo,,,2019-04-23,primary,1.0,0.02
SAMN43029447,PRJNA1081952,2M0468,Post-follow-up,infant,335.0,,BD,,,,,,2020-01-07,primary,1.0,1.613
SAMN43029151,PRJNA1081952,2M0469,Baseline,infant,335.0,,BD,,,,,,2019-01-23,primary,1.0,1.332
SAMN43029448,PRJNA1081952,2M0469,Post-follow-up,infant,335.0,,BD,,,,,,2020-01-15,primary,1.0,2.067
SAMN40195909,PRJNA1081952,2M0469,Post-intervention,infant,335.0,,BD,,,placebo,,no,2019-04-24,primary,2.0,1.057
SAMN40195910,PRJNA1081952,2M0470,Post-intervention,infant,335.0,,BD,,,placebo,,,2019-04-25,primary,1.0,0.005
SAMN40195911,PRJNA1081952,2M0471,Post-intervention,infant,335.0,,BD,,,dietary_supplement,,,2019-04-23,primary,1.0,0.021
SAMN43029449,PRJNA1081952,2M0472,Post-follow-up,infant,335.0,,BD,,,,,,2020-01-09,primary,1.0,1.526
SAMN40195912,PRJNA1081952,2M0472,Post-intervention,infant,335.0,,BD,,,dietary_supplement,,,2019-04-25,primary,1.0,0.016
SAMN40195913,PRJNA1081952,2M0474,Post-intervention,infant,335.0,,BD,,,dietary_supplement,,,2019-04-25,primary,1.0,0.017
SAMN40195914,PRJNA1081952,2M0476,Post-intervention,infant,335.0,,BD,,,dietary_supplement,,,2019-04-29,primary,1.0,0.012
SAMN43029450,PRJNA1081952,2M0478,Post-follow-up,infant,335.0,,BD,,,,,,2020-01-13,primary,1.0,1.67
SAMN40195915,PRJNA1081952,2M0478,Post-intervention,infant,335.0,,BD,,,dietary_supplement,,,2019-04-28,primary,1.0,0.02
SAMN43029451,PRJNA1081952,2M0479,Post-follow-up,infant,335.0,,BD,,,,,,2020-01-13,primary,1.0,2.717
SAMN40195916,PRJNA1081952,2M0479,Post-intervention,infant,335.0,,BD,,,placebo,,,2019-04-30,primary,1.0,0.018
SAMN40195917,PRJNA1081952,2M0480,Post-intervention,infant,335.0,,BD,,,dietary_supplement,,,2019-04-30,primary,1.0,0.017
SAMN43029152,PRJNA1081952,2M0481,Baseline,infant,335.0,,BD,,,,,,2019-01-27,primary,1.0,2.381
SAMN43029452,PRJNA1081952,2M0481,Post-follow-up,infant,335.0,,BD,,,,,,2020-01-15,primary,1.0,0.423
SAMN40195918,PRJNA1081952,2M0481,Post-intervention,infant,335.0,,BD,,,dietary_supplement,,no,2019-04-28,primary,2.0,1.093
SAMN43029153,PRJNA1081952,2M0483,Baseline,infant,335.0,,BD,,,,,,2019-01-28,primary,1.0,1.827
SAMN43029453,PRJNA1081952,2M0483,Post-follow-up,infant,335.0,,BD,,,,,,2020-01-17,primary,1.0,2.36
SAMN43029154,PRJNA1081952,2M0484,Baseline,infant,335.0,,BD,,,,,,2019-01-28,primary,1.0,0.97
SAMN43029454,PRJNA1081952,2M0484,Post-follow-up,infant,335.0,,BD,,,,,,2020-01-20,primary,1.0,2.223
SAMN40195919,PRJNA1081952,2M0484,Post-intervention,infant,335.0,,BD,,,dietary_supplement,,no,2019-05-05,primary,2.0,2.466
SAMN43029455,PRJNA1081952,2M0485,Post-follow-up,infant,335.0,,BD,,,,,,2020-01-22,primary,1.0,3.024
SAMN40195920,PRJNA1081952,2M0485,Post-intervention,infant,335.0,,BD,,,dietary_supplement,,no,2019-05-06,primary,2.0,1.774
SAMN43029155,PRJNA1081952,2M0486,Baseline,infant,335.0,,BD,,,,,,2019-01-29,primary,1.0,1.041
SAMN43029456,PRJNA1081952,2M0486,Post-follow-up,infant,335.0,,BD,,,,,,2020-01-15,primary,1.0,1.889
SAMN40195921,PRJNA1081952,2M0486,Post-intervention,infant,335.0,,BD,,,placebo,,yes,2019-04-30,primary,2.0,1.517
SAMN43029457,PRJNA1081952,2M0487,Post-follow-up,infant,335.0,,BD,,,,,,2020-01-15,primary,1.0,1.728
SAMN40195922,PRJNA1081952,2M0487,Post-intervention,infant,335.0,,BD,,,,,no,2019-05-02,primary,1.0,1.163
SAMN43029156,PRJNA1081952,2M0488,Baseline,infant,335.0,,BD,,,,,,2019-01-29,primary,1.0,2.254
SAMN43029458,PRJNA1081952,2M0488,Post-follow-up,infant,335.0,,BD,,,,,,2020-01-15,primary,1.0,1.542
SAMN43029157,PRJNA1081952,2M0489,Baseline,infant,335.0,,BD,,,,,,2018-09/2019-02,primary,1.0,1.89
SAMN43029459,PRJNA1081952,2M0489,Post-follow-up,infant,335.0,,BD,,,,,,2020-01-20,primary,1.0,1.284
SAMN40195923,PRJNA1081952,2M0489,Post-intervention,infant,335.0,,BD,,,dietary_supplement,,no,2019-05-07,primary,2.0,1.686
SAMN40195924,PRJNA1081952,2M0491,Post-intervention,infant,335.0,,BD,,,placebo,,,2019-05-06,primary,1.0,0.025
SAMN43029460,PRJNA1081952,2M0492,Post-follow-up,infant,335.0,,BD,,,,,,2020-01-28,primary,1.0,4.366
SAMN40195925,PRJNA1081952,2M0492,Post-intervention,infant,335.0,,BD,,,placebo,,no,2019-05-06,primary,2.0,1.763
SAMN43029461,PRJNA1081952,2M0493,Post-follow-up,infant,335.0,,BD,,,,,,2020-01-21,primary,1.0,1.687
SAMN40195926,PRJNA1081952,2M0493,Post-intervention,infant,335.0,,BD,,,dietary_supplement,,no,2019-05-07,primary,2.0,1.267
SAMN43029462,PRJNA1081952,2M0494,Post-follow-up,infant,335.0,,BD,,,,,,2020-01-21,primary,1.0,2.054
SAMN40195927,PRJNA1081952,2M0494,Post-intervention,infant,335.0,,BD,,,dietary_supplement,,no,2019-05-06,primary,2.0,2.284
SAMN43029463,PRJNA1081952,2M0495,Post-follow-up,infant,335.0,,BD,,,,,,2020-01-22,primary,1.0,2.117
SAMN40195928,PRJNA1081952,2M0495,Post-intervention,infant,335.0,,BD,,,placebo,,no,2019-05-07,primary,2.0,1.782
SAMN43029464,PRJNA1081952,2M0496,Post-follow-up,infant,335.0,,BD,,,,,,2020-01-22,primary,1.0,1.833
SAMN40195929,PRJNA1081952,2M0496,Post-intervention,infant,335.0,,BD,,,placebo,,no,2019-05-07,primary,2.0,2.3
SAMN43029465,PRJNA1081952,2M0497,Post-follow-up,infant,335.0,,BD,,,,,,2020-01-22,primary,1.0,0.909
SAMN40195930,PRJNA1081952,2M0497,Post-intervention,infant,335.0,,BD,,,placebo,,no,2019-05-07,primary,2.0,0.639
SAMN40195931,PRJNA1081952,2M0498,Post-intervention,infant,335.0,,BD,,,dietary_supplement,,,2019-05-07,primary,1.0,0.027
SAMN40195932,PRJNA1081952,2M0500,Post-intervention,infant,335.0,,BD,,,dietary_supplement,,,2019-05-09,primary,1.0,0.015
SAMN43029466,PRJNA1081952,2M0501,Post-follow-up,infant,335.0,,BD,,,,,,2020-01-23,primary,1.0,2.767
SAMN40195933,PRJNA1081952,2M0501,Post-intervention,infant,335.0,,BD,,,dietary_supplement,,no,2019-05-11,primary,2.0,1.018
SAMN43029467,PRJNA1081952,2M0502,Post-follow-up,infant,335.0,,BD,,,,,,2020-01-27,primary,1.0,1.901
SAMN40195934,PRJNA1081952,2M0502,Post-intervention,infant,335.0,,BD,,,placebo,,no,2019-05-13,primary,2.0,1.757
SAMN43029468,PRJNA1081952,2M0503,Post-follow-up,infant,335.0,,BD,,,,,,2020-01-26,primary,1.0,1.829
SAMN43029469,PRJNA1081952,2M0504,Post-follow-up,infant,335.0,,BD,,,,,,2020-01-27,primary,1.0,1.306
SAMN40195935,PRJNA1081952,2M0505,Post-intervention,infant,335.0,,BD,,,dietary_supplement,,,2019-05-09,primary,1.0,0.023
SAMN43029158,PRJNA1081952,2M0508,Baseline,infant,335.0,,BD,,,,,,2019-02-10,primary,1.0,2.22
SAMN40195936,PRJNA1081952,2M0508,Post-intervention,infant,335.0,,BD,,,dietary_supplement,,no,2019-05-12,primary,2.0,1.932
SAMN40195937,PRJNA1081952,2M0509,Post-intervention,infant,335.0,,BD,,,placebo,,,2019-05-18,primary,1.0,0.015
SAMN40195938,PRJNA1081952,2M0510,Post-intervention,infant,335.0,,BD,,,dietary_supplement,,,2019-05-18,primary,1.0,0.012
SAMN40195939,PRJNA1081952,2M0512,Post-intervention,infant,335.0,,BD,,,dietary_supplement,,,2019-05-20,primary,1.0,0.03
SAMN43029159,PRJNA1081952,2M0513,Baseline,infant,335.0,,BD,,,,,,2019-02-04,primary,1.0,2.565
SAMN40195940,PRJNA1081952,2M0513,Post-intervention,infant,335.0,,BD,,,dietary_supplement,,,2019-05-20,primary,1.0,0.02
SAMN40195942,PRJNA1081952,2M0516,Post-intervention,infant,335.0,,BD,,,dietary_supplement,,,2019-05-15,primary,1.0,0.015
SAMN40195943,PRJNA1081952,2M0518,Post-intervention,infant,335.0,,BD,,,placebo,,,2019-05-18,primary,1.0,0.025
SAMN40195944,PRJNA1081952,2M0520,Post-intervention,infant,335.0,,BD,,,placebo,,,2019-05-20,primary,1.0,0.025
SAMN43029160,PRJNA1081952,2M0521,Baseline,infant,335.0,,BD,,,,,,2019-02-14,primary,1.0,0.925
SAMN43029470,PRJNA1081952,2M0521,Post-follow-up,infant,335.0,,BD,,,,,,2020-01-22,primary,1.0,1.749
SAMN40195945,PRJNA1081952,2M0521,Post-intervention,infant,335.0,,BD,,,placebo,,no,2019-05-16,primary,2.0,1.359
SAMN40195946,PRJNA1081952,2M0522,Post-intervention,infant,335.0,,BD,,,dietary_supplement,,,2019-05-16,primary,1.0,0.011
SAMN40195947,PRJNA1081952,2M0525,Post-intervention,infant,335.0,,BD,,,dietary_supplement,,no,2019-05-19,primary,2.0,2.496
SAMN40195948,PRJNA1081952,2M0526,Post-intervention,infant,335.0,,BD,,,placebo,,no,2019-05-19,primary,2.0,2.648
SAMN43029471,PRJNA1081952,2M0529,Post-follow-up,infant,335.0,,BD,,,,,,2020-02-05,primary,1.0,1.678
SAMN40195949,PRJNA1081952,2M0529,Post-intervention,infant,335.0,,BD,,,dietary_supplement,,no,2019-05-20,primary,2.0,1.359
SAMN40195950,PRJNA1081952,3F0400,Post-intervention,,,,BD,,,dietary_supplement,,,2018-12-17,primary,1.0,0.022
SAMN40195951,PRJNA1081952,3F0402,Post-intervention,,,,BD,,,placebo,,,2019-01-03,primary,1.0,0.022
SAMN43029472,PRJNA1081952,3F0403,Post-follow-up,,,,BD,,,,,,2019-09-07,primary,1.0,2.806
SAMN40195952,PRJNA1081952,3F0403,Post-intervention,,,,BD,,,placebo,,no,2018-12-25,primary,2.0,2.574
SAMN43029473,PRJNA1081952,3F0404,Post-follow-up,,,,BD,,,,,,2019-09-03,primary,1.0,2.438
SAMN40195953,PRJNA1081952,3F0404,Post-intervention,,,,BD,,,dietary_supplement,,no,2018-12-25,primary,2.0,2.203
SAMN43029161,PRJNA1081952,3F0408,Baseline,,,,BD,,,,,,2018-12-09,primary,1.0,2.963
SAMN43029474,PRJNA1081952,3F0408,Post-follow-up,,,,BD,,,,,,2019-08-29,primary,1.0,1.526
SAMN40195954,PRJNA1081952,3F0408,Post-intervention,,,,BD,,,dietary_supplement,,,2018-12-13,primary,1.0,0.022
SAMN43029475,PRJNA1081952,3F0409,Post-follow-up,,,,BD,,,,,,2019-09-03,primary,1.0,1.835
SAMN40195955,PRJNA1081952,3F0409,Post-intervention,,,,BD,,,placebo,,no,2018-12-27,primary,2.0,2.545
SAMN43029476,PRJNA1081952,3F0410,Post-follow-up,,,,BD,,,,,,2018-09-04,primary,1.0,2.692
SAMN40195956,PRJNA1081952,3F0410,Post-intervention,,,,BD,,,dietary_supplement,,no,2019-01-03,primary,2.0,3.16
SAMN43029477,PRJNA1081952,3F0411,Post-follow-up,,,,BD,,,,,,2019-09-03,primary,1.0,1.578
SAMN40195957,PRJNA1081952,3F0411,Post-intervention,,,,BD,,,placebo,,no,2018-12-23,primary,2.0,2.232
SAMN43029478,PRJNA1081952,3F0413,Post-follow-up,,,,BD,,,,,,2019-09-09,primary,1.0,1.73
SAMN40195958,PRJNA1081952,3F0413,Post-intervention,,,,BD,,,placebo,,no,2018-12-23,primary,2.0,2.211
SAMN40195959,PRJNA1081952,3F0414,Post-intervention,,,,BD,,,dietary_supplement,,,2018-12-23,primary,1.0,0.021
SAMN40195960,PRJNA1081952,3F0416,Post-intervention,,,,BD,,,placebo,,,2018-12-23,primary,1.0,0.022
SAMN43029479,PRJNA1081952,3F0417,Post-follow-up,,,,BD,,,,,,2019-09-09,primary,1.0,2.079
SAMN40195961,PRJNA1081952,3F0417,Post-intervention,,,,BD,,,dietary_supplement,,no,2018-12-24,primary,2.0,1.947
SAMN43029480,PRJNA1081952,3F0418,Post-follow-up,,,,BD,,,,,,2019-09-08,primary,1.0,1.776
SAMN40195962,PRJNA1081952,3F0418,Post-intervention,,,,BD,,,dietary_supplement,,no,2018-12-24,primary,2.0,1.761
SAMN40195963,PRJNA1081952,3F0419,Post-intervention,,,,BD,,,dietary_supplement,,,2019-01-02,primary,1.0,0.021
SAMN40195964,PRJNA1081952,3F0420,Post-intervention,,,,BD,,,dietary_supplement,,,2019-01-03,primary,1.0,0.021
SAMN43029481,PRJNA1081952,3F0421,Post-follow-up,,,,BD,,,,,,2019-09-09,primary,1.0,2.504
SAMN40195965,PRJNA1081952,3F0421,Post-intervention,,,,BD,,,placebo,,yes,2019-01-03,primary,2.0,2.279
SAMN40195966,PRJNA1081952,3F0422,Post-intervention,,,,BD,,,placebo,,,2019-01-03,primary,1.0,0.021
SAMN40195967,PRJNA1081952,3F0423,Post-intervention,,,,BD,,,dietary_supplement,,,2019-01-08,primary,1.0,0.016
SAMN40195968,PRJNA1081952,3F0424,Post-intervention,,,,BD,,,dietary_supplement,,,2019-01-16,primary,1.0,0.019
SAMN40195969,PRJNA1081952,3F0425,Post-intervention,,,,BD,,,placebo,,,2019-01-03,primary,1.0,0.027
SAMN40195970,PRJNA1081952,3F0426,Post-intervention,,,,BD,,,dietary_supplement,,,2019-01-09,primary,1.0,0.018
SAMN40195971,PRJNA1081952,3F0428,Post-intervention,,,,BD,,,dietary_supplement,,,2019-01-07,primary,1.0,0.02
SAMN40195972,PRJNA1081952,3F0429,Post-intervention,,,,BD,,,dietary_supplement,,,2019-01-08,primary,1.0,0.006
SAMN40195973,PRJNA1081952,3F0430,Post-intervention,,,,BD,,,dietary_supplement,,,2019-01-08,primary,1.0,0.021
SAMN40195974,PRJNA1081952,3F0433,Post-intervention,,,,BD,,,dietary_supplement,,,2019-01-13,primary,1.0,0.02
SAMN43029162,PRJNA1081952,3F0434,Baseline,,,,BD,,,,,,2018-09-30,primary,1.0,2.088
SAMN40195975,PRJNA1081952,3F0434,Post-intervention,,,,BD,,,dietary_supplement,,no,2019-01-06,primary,2.0,0.239
SAMN43029163,PRJNA1081952,3F0435,Baseline,,,,BD,,,,,,2018-09-30,primary,1.0,1.553
SAMN40195976,PRJNA1081952,3F0435,Post-intervention,,,,BD,,,dietary_supplement,,,2019-01-09,primary,1.0,0.021
SAMN40195977,PRJNA1081952,3F0436,Post-intervention,,,,BD,,,dietary_supplement,,,2019-01-16,primary,1.0,0.019
SAMN40195978,PRJNA1081952,3F0438,Post-intervention,,,,BD,,,placebo,,no,2019-01-13,primary,2.0,3.326
SAMN43029482,PRJNA1081952,3F0440,Post-follow-up,,,,BD,,,,,,2019-09-22,primary,1.0,3.278
SAMN40195979,PRJNA1081952,3F0440,Post-intervention,,,,BD,,,placebo,,no,2019-01-15,primary,2.0,1.414
SAMN43029483,PRJNA1081952,3F0441,Post-follow-up,,,,BD,,,,,,2019-09-22,primary,1.0,3.475
SAMN40195980,PRJNA1081952,3F0441,Post-intervention,,,,BD,,,dietary_supplement,,no,2018-10-15,primary,2.0,1.948
SAMN40195981,PRJNA1081952,3F0442,Post-intervention,,,,BD,,,dietary_supplement,,,2019-01-09,primary,1.0,0.018
SAMN40195982,PRJNA1081952,3F0444,Post-intervention,,,,BD,,,placebo,,,2019-01-10,primary,1.0,0.016
SAMN43029164,PRJNA1081952,3F0445,Baseline,,,,BD,,,,,,2018-10-10,primary,1.0,1.622
SAMN40195983,PRJNA1081952,3F0445,Post-intervention,,,,BD,,,dietary_supplement,,no,2019-01-17,primary,2.0,1.63
SAMN43029165,PRJNA1081952,3F0446,Baseline,,,,BD,,,,,,2018-09-10,primary,1.0,1.33
SAMN43029484,PRJNA1081952,3F0446,Post-follow-up,,,,BD,,,,,,2019-09-26,primary,1.0,2.851
SAMN40195984,PRJNA1081952,3F0446,Post-intervention,,,,BD,,,dietary_supplement,,,2019-01-16,primary,2.0,3.888
SAMN43029166,PRJNA1081952,3F0447,Baseline,,,,BD,,,,,,2018-09-10,primary,1.0,0.767
SAMN43029485,PRJNA1081952,3F0447,Post-follow-up,,,,BD,,,,,,2019-09-23,primary,1.0,2.541
SAMN40195985,PRJNA1081952,3F0447,Post-intervention,,,,BD,,,dietary_supplement,,,2019-01-09,primary,1.0,0.009
SAMN40195986,PRJNA1081952,3F0448,Post-intervention,,,,BD,,,dietary_supplement,,,2019-01-22,primary,1.0,0.007
SAMN43029167,PRJNA1081952,3F0449,Baseline,,,,BD,,,,,,2018-10-10,primary,1.0,1.082
SAMN40195987,PRJNA1081952,3F0449,Post-intervention,,,,BD,,,dietary_supplement,,yes,2019-01-22,primary,2.0,1.437
SAMN40195988,PRJNA1081952,3F0450,Post-intervention,,,,BD,,,placebo,,,2019-01-15,primary,1.0,0.016
SAMN40195989,PRJNA1081952,3F0452,Post-intervention,,,,BD,,,dietary_supplement,,,2019-01-17,primary,1.0,0.006
SAMN43029168,PRJNA1081952,3F0453,Baseline,,,,BD,,,,,,2018-10-18,primary,1.0,3.401
SAMN40195990,PRJNA1081952,3F0453,Post-intervention,,,,BD,,,placebo,,no,2019-01-20,primary,2.0,1.28
SAMN40195991,PRJNA1081952,3F0454,Post-intervention,,,,BD,,,dietary_supplement,,,2019-01-20,primary,1.0,0.004
SAMN43029169,PRJNA1081952,3F0455,Baseline,,,,BD,,,,,,2018-10-18,primary,1.0,0.698
SAMN40195992,PRJNA1081952,3F0455,Post-intervention,,,,BD,,,placebo,,,2019-01-30,primary,1.0,0.017
SAMN43029486,PRJNA1081952,3F0456,Post-follow-up,,,,BD,,,,,,2019-10-09,primary,1.0,1.428
SAMN40195993,PRJNA1081952,3F0456,Post-intervention,,,,BD,,,dietary_supplement,,,2019-01-30,primary,1.0,0.018
SAMN43029170,PRJNA1081952,3F0457,Baseline,,,,BD,,,,,,2018-10-17,primary,1.0,1.246
SAMN43029487,PRJNA1081952,3F0457,Post-follow-up,,,,BD,,,,,,2019-10-07,primary,1.0,2.759
SAMN40195994,PRJNA1081952,3F0457,Post-intervention,,,,BD,,,placebo,,,2019-01-17,primary,1.0,0.002
SAMN43029171,PRJNA1081952,3F0458,Baseline,,,,BD,,,,,,2018-10-18,primary,1.0,1.419
SAMN43029488,PRJNA1081952,3F0458,Post-follow-up,,,,BD,,,,,,2019-10-09,primary,1.0,1.284
SAMN40195995,PRJNA1081952,3F0458,Post-intervention,,,,BD,,,dietary_supplement,,,2019-01-21,primary,1.0,0.007
SAMN43029172,PRJNA1081952,3F0459,Baseline,,,,BD,,,,,,2018-10-21,primary,1.0,1.042
SAMN40195996,PRJNA1081952,3F0459,Post-intervention,,,,BD,,,dietary_supplement,,no,2019-01-23,primary,2.0,1.948
SAMN40195997,PRJNA1081952,3F0460,Post-intervention,,,,BD,,,dietary_supplement,,,2019-02-03,primary,1.0,0.017
SAMN40195998,PRJNA1081952,3F0461,Post-intervention,,,,BD,,,placebo,,,2019-01-22,primary,1.0,0.007
SAMN43029173,PRJNA1081952,3F0462,Baseline,,,,BD,,,,,,2018-10-22,primary,1.0,5.098
SAMN43029489,PRJNA1081952,3F0462,Post-follow-up,,,,BD,,,,,,2019-10-09,primary,1.0,1.584
SAMN40195999,PRJNA1081952,3F0462,Post-intervention,,,,BD,,,placebo,,,2019-01-22,primary,1.0,0.007
SAMN43029174,PRJNA1081952,3F0463,Baseline,,,,BD,,,,,,2018-10-22,primary,1.0,1.62
SAMN43029490,PRJNA1081952,3F0463,Post-follow-up,,,,BD,,,,,,2019-10-09,primary,1.0,1.376
SAMN40196000,PRJNA1081952,3F0463,Post-intervention,,,,BD,,,placebo,,,2019-01-24,primary,1.0,0.008
SAMN43029175,PRJNA1081952,3F0464,Baseline,,,,BD,,,,,,2018-10-24,primary,1.0,2.297
SAMN43029491,PRJNA1081952,3F0464,Post-follow-up,,,,BD,,,,,,2019-10-10,primary,1.0,1.514
SAMN40196001,PRJNA1081952,3F0464,Post-intervention,,,,BD,,,dietary_supplement,,,2019-02-02,primary,1.0,0.02
SAMN43029176,PRJNA1081952,3F0467,Baseline,,,,BD,,,,,,2018-10-25,primary,1.0,2.754
SAMN43029492,PRJNA1081952,3F0467,Post-follow-up,,,,BD,,,,,,2019-10-15,primary,1.0,3.398
SAMN40196002,PRJNA1081952,3F0467,Post-intervention,,,,BD,,,dietary_supplement,,,2019-02-04,primary,1.0,0.018
SAMN43029177,PRJNA1081952,3F0469,Baseline,,,,BD,,,,,,2018-10-28,primary,1.0,2.24
SAMN43029493,PRJNA1081952,3F0469,Post-follow-up,,,,BD,,,,,,2019-10-23,primary,1.0,2.751
SAMN40196003,PRJNA1081952,3F0469,Post-intervention,,,,BD,,,placebo,,,2019-02-03,primary,1.0,0.019
SAMN43029178,PRJNA1081952,3F0471,Baseline,,,,BD,,,,,,2018-10-28,primary,1.0,2.215
SAMN43029494,PRJNA1081952,3F0471,Post-follow-up,,,,BD,,,,,,2019-10-17,primary,1.0,1.166
SAMN40196004,PRJNA1081952,3F0471,Post-intervention,,,,BD,,,dietary_supplement,,,2019-02-09,primary,1.0,0.016
SAMN43029179,PRJNA1081952,3F0472,Baseline,,,,BD,,,,,,2018-04-11,primary,1.0,2.81
SAMN43029495,PRJNA1081952,3F0472,Post-follow-up,,,,BD,,,,,,2019-10-23,primary,1.0,2.019
SAMN40196005,PRJNA1081952,3F0472,Post-intervention,,,,BD,,,placebo,,no,2019-02-13,primary,2.0,1.915
SAMN43029180,PRJNA1081952,3F0473,Baseline,,,,BD,,,,,,2018-11-04,primary,1.0,2.491
SAMN43029496,PRJNA1081952,3F0473,Post-follow-up,,,,BD,,,,,,2018-09/2019-02,primary,1.0,2.772
SAMN40196006,PRJNA1081952,3F0473,Post-intervention,,,,BD,,,dietary_supplement,,no,2019-02-20,primary,2.0,1.955
SAMN43029181,PRJNA1081952,3F0474,Baseline,,,,BD,,,,,,2018-11-04,primary,1.0,2.73
SAMN43029497,PRJNA1081952,3F0474,Post-follow-up,,,,BD,,,,,,2019-10-27,primary,1.0,2.138
SAMN40196007,PRJNA1081952,3F0474,Post-intervention,,,,BD,,,placebo,,,2019-02-10,primary,1.0,0.008
SAMN40196008,PRJNA1081952,3F0475,Post-intervention,,,,BD,,,placebo,,,2019-02-06,primary,1.0,0.018
SAMN40196009,PRJNA1081952,3F0476,Post-intervention,,,,BD,,,dietary_supplement,,,2019-02-13,primary,1.0,0.019
SAMN43029182,PRJNA1081952,3F0477,Baseline,,,,BD,,,,,,2018-11-06,primary,1.0,2.569
SAMN43029498,PRJNA1081952,3F0477,Post-follow-up,,,,BD,,,,,,2019-10-23,primary,1.0,2.275
SAMN40196010,PRJNA1081952,3F0477,Post-intervention,,,,BD,,,dietary_supplement,,,2018-09/2019-02,primary,1.0,0.019
SAMN43029183,PRJNA1081952,3F0479,Baseline,,,,BD,,,,,,2018-11-11,primary,1.0,2.754
SAMN43029499,PRJNA1081952,3F0479,Post-follow-up,,,,BD,,,,,,2019-10-28,primary,1.0,3.239
SAMN40196011,PRJNA1081952,3F0479,Post-intervention,,,,BD,,,dietary_supplement,,,2019-02-12,primary,1.0,0.022
SAMN43029184,PRJNA1081952,3F0480,Baseline,,,,BD,,,,,,2018-11-11,primary,1.0,2.485
SAMN43029500,PRJNA1081952,3F0480,Post-follow-up,,,,BD,,,,,,2019-10-28,primary,1.0,1.956
SAMN40196012,PRJNA1081952,3F0480,Post-intervention,,,,BD,,,dietary_supplement,,,2019-02-12,primary,1.0,0.019
SAMN43029185,PRJNA1081952,3F0481,Baseline,,,,BD,,,,,,2018-11-11,primary,1.0,2.993
SAMN43029501,PRJNA1081952,3F0481,Post-follow-up,,,,BD,,,,,,2019-10-30,primary,1.0,3.354
SAMN40196013,PRJNA1081952,3F0481,Post-intervention,,,,BD,,,dietary_supplement,,,2019-02-16,primary,1.0,0.016
SAMN43029186,PRJNA1081952,3F0482,Baseline,,,,BD,,,,,,2018-11-14,primary,1.0,2.239
SAMN43029502,PRJNA1081952,3F0482,Post-follow-up,,,,BD,,,,,,2019-11-03,primary,1.0,2.241
SAMN40196014,PRJNA1081952,3F0482,Post-intervention,,,,BD,,,dietary_supplement,,,2019-02-16,primary,1.0,0.019
SAMN40196015,PRJNA1081952,3F0483,Post-intervention,,,,BD,,,dietary_supplement,,,2019-02-16,primary,1.0,0.018
SAMN43029187,PRJNA1081952,3F0485,Baseline,,,,BD,,,,,,2018-11-14,primary,1.0,1.4
SAMN43029503,PRJNA1081952,3F0485,Post-follow-up,,,,BD,,,,,,2019-11-04,primary,1.0,2.549
SAMN40196016,PRJNA1081952,3F0485,Post-intervention,,,,BD,,,placebo,,,2019-02-20,primary,2.0,2.699
SAMN43029188,PRJNA1081952,3F0487,Baseline,,,,BD,,,,,,2018-11-18,primary,1.0,2.912
SAMN43029504,PRJNA1081952,3F0487,Post-follow-up,,,,BD,,,,,,2019-11-04,primary,1.0,9.402
SAMN40196017,PRJNA1081952,3F0487,Post-intervention,,,,BD,,,placebo,,no,2019-02-19,primary,2.0,4.001
SAMN43029189,PRJNA1081952,3F0488,Baseline,,,,BD,,,,,,2018-11-19,primary,1.0,1.398
SAMN43029505,PRJNA1081952,3F0488,Post-follow-up,,,,BD,,,,,,2019-11-05,primary,1.0,2.81
SAMN40196018,PRJNA1081952,3F0488,Post-intervention,,,,BD,,,dietary_supplement,,no,2019-02-27,primary,2.0,3.905
SAMN40196019,PRJNA1081952,3F0489,Post-intervention,,,,BD,,,dietary_supplement,,,2019-02-19,primary,1.0,0.004
SAMN43029506,PRJNA1081952,3F0490,Post-follow-up,,,,BD,,,,,,2019-11-13,primary,1.0,2.448
SAMN40196020,PRJNA1081952,3F0490,Post-intervention,,,,BD,,,placebo,,no,2019-02-27,primary,2.0,0.873
SAMN40196021,PRJNA1081952,3F0491,Post-intervention,,,,BD,,,dietary_supplement,,,2019-03-11,primary,1.0,0.027
SAMN40196022,PRJNA1081952,3F0493,Post-intervention,,,,BD,,,dietary_supplement,,no,2019-03-07,primary,2.0,2.527
SAMN43029507,PRJNA1081952,3F0494,Post-follow-up,,,,BD,,,,,,2019-11-14,primary,1.0,2.612
SAMN40196023,PRJNA1081952,3F0494,Post-intervention,,,,BD,,,dietary_supplement,,no,2019-03-05,primary,2.0,2.321
SAMN43029190,PRJNA1081952,3F0496,Baseline,,,,BD,,,,,,2018-11-29,primary,1.0,1.446
SAMN40196024,PRJNA1081952,3F0496,Post-intervention,,,,BD,,,dietary_supplement,,no,2019-03-05,primary,2.0,1.648
SAMN40196025,PRJNA1081952,3F0497,Post-intervention,,,,BD,,,dietary_supplement,,no,2019-03-07,primary,2.0,2.405
SAMN43029191,PRJNA1081952,3F0498,Baseline,,,,BD,,,,,,2018-11-28,primary,1.0,1.621
SAMN40196026,PRJNA1081952,3F0498,Post-intervention,,,,BD,,,placebo,,no,2019-03-07,primary,2.0,2.459
SAMN43029192,PRJNA1081952,3F0499,Baseline,,,,BD,,,,,,2018-12-01,primary,1.0,2.227
SAMN40196027,PRJNA1081952,3F0499,Post-intervention,,,,BD,,,dietary_supplement,,no,2019-03-04,primary,2.0,1.995
SAMN43029193,PRJNA1081952,3F0500,Baseline,,,,BD,,,,,,2018-12-01,primary,1.0,1.759
SAMN40196028,PRJNA1081952,3F0500,Post-intervention,,,,BD,,,placebo,,no,2019-03-04,primary,2.0,2.29
SAMN43029194,PRJNA1081952,3F0501,Baseline,,,,BD,,,,,,2018-12-02,primary,1.0,1.834
SAMN40196029,PRJNA1081952,3F0501,Post-intervention,,,,BD,,,placebo,,,2019-03-06,primary,2.0,2.281
SAMN40196030,PRJNA1081952,3F0502,Post-intervention,,,,BD,,,dietary_supplement,,,2019-03-19,primary,1.0,0.028
SAMN43029195,PRJNA1081952,3F0503,Baseline,,,,BD,,,,,,2018-12-04,primary,1.0,2.449
SAMN43029508,PRJNA1081952,3F0503,Post-follow-up,,,,BD,,,,,,2019-11-20,primary,1.0,2.236
SAMN40196031,PRJNA1081952,3F0503,Post-intervention,,,,BD,,,dietary_supplement,,,2019-03-11,primary,1.0,0.027
SAMN43029196,PRJNA1081952,3F0504,Baseline,,,,BD,,,,,,2018-12-04,primary,1.0,2.454
SAMN43029509,PRJNA1081952,3F0504,Post-follow-up,,,,BD,,,,,,2019-11-20,primary,1.0,2.048
SAMN40196032,PRJNA1081952,3F0504,Post-intervention,,,,BD,,,placebo,,,2019-03-11,primary,1.0,0.031
SAMN43029197,PRJNA1081952,3F0505,Baseline,,,,BD,,,,,,2018-12-05,primary,1.0,1.518
SAMN43029510,PRJNA1081952,3F0505,Post-follow-up,,,,BD,,,,,,2019-11-24,primary,1.0,1.883
SAMN40196033,PRJNA1081952,3F0505,Post-intervention,,,,BD,,,dietary_supplement,,,2019-03-10,primary,1.0,0.025
SAMN43029198,PRJNA1081952,3F0506,Baseline,,,,BD,,,,,,2018-12-05,primary,1.0,1.347
SAMN40196034,PRJNA1081952,3F0506,Post-intervention,,,,BD,,,dietary_supplement,,,2019-03-18,primary,1.0,0.031
SAMN40196035,PRJNA1081952,3F0507,Post-intervention,,,,BD,,,placebo,,,2019-03-12,primary,1.0,0.028
SAMN40196036,PRJNA1081952,3F0508,Post-intervention,,,,BD,,,dietary_supplement,,,2019-03-11,primary,1.0,0.027
SAMN43029199,PRJNA1081952,3F0509,Baseline,,,,BD,,,,,,2018-12-06,primary,1.0,1.882
SAMN43029511,PRJNA1081952,3F0509,Post-follow-up,,,,BD,,,,,,2019-11-26,primary,1.0,1.499
SAMN40196037,PRJNA1081952,3F0509,Post-intervention,,,,BD,,,placebo,,,2019-03-11,primary,2.0,0.99
SAMN40196038,PRJNA1081952,3F0510,Post-intervention,,,,BD,,,dietary_supplement,,,2019-03-11,primary,1.0,0.03
SAMN40196039,PRJNA1081952,3F0511,Post-intervention,,,,BD,,,dietary_supplement,,,2019-03-14,primary,1.0,0.027
SAMN40196040,PRJNA1081952,3F0512,Post-intervention,,,,BD,,,dietary_supplement,,,2019-03-14,primary,1.0,0.031
SAMN43029200,PRJNA1081952,3F0513,Baseline,,,,BD,,,,,,2018-12-10,primary,1.0,1.185
SAMN40196041,PRJNA1081952,3F0513,Post-intervention,,,,BD,,,placebo,,,2019-03-19,primary,1.0,0.029
SAMN40196042,PRJNA1081952,3F0515,Post-intervention,,,,BD,,,dietary_supplement,,,2019-03-13,primary,1.0,0.03
SAMN40196043,PRJNA1081952,3F0516,Post-intervention,,,,BD,,,placebo,,,2019-03-12,primary,1.0,0.029
SAMN40196044,PRJNA1081952,3F0517,Post-intervention,,,,BD,,,placebo,,,2019-03-24,primary,1.0,0.015
SAMN43029201,PRJNA1081952,3F0518,Baseline,,,,BD,,,,,,2018-12-12,primary,1.0,1.464
SAMN40196045,PRJNA1081952,3F0518,Post-intervention,,,,BD,,,dietary_supplement,,no,2019-03-25,primary,2.0,1.603
SAMN40196046,PRJNA1081952,3F0519,Post-intervention,,,,BD,,,placebo,,no,2019-03-24,primary,2.0,1.679
SAMN40196047,PRJNA1081952,3F0521,Post-intervention,,,,BD,,,dietary_supplement,,,2019-03-25,primary,2.0,1.493
SAMN40196048,PRJNA1081952,3F0522,Post-intervention,,,,BD,,,dietary_supplement,,,2019-03-28,primary,2.0,1.625
SAMN40196049,PRJNA1081952,3F0524,Post-intervention,,,,BD,,,placebo,,no,2019-03-24,primary,2.0,1.661
SAMN40196050,PRJNA1081952,3F0525,Post-intervention,,,,BD,,,dietary_supplement,,no,2019-03-25,primary,2.0,1.805
SAMN40196051,PRJNA1081952,3F0527,Post-intervention,,,,BD,,,dietary_supplement,,,2019-03-27,primary,2.0,2.996
SAMN40196052,PRJNA1081952,3F0528,Post-intervention,,,,BD,,,placebo,,,2019-04-06,primary,1.0,0.011
SAMN40196053,PRJNA1081952,3F0529,Post-intervention,,,,BD,,,dietary_supplement,,,2019-04-06,primary,1.0,0.01
SAMN40196054,PRJNA1081952,3F0530,Post-intervention,,,,BD,,,dietary_supplement,,,2019-04-24,primary,1.0,0.015
SAMN40196055,PRJNA1081952,3F0531,Post-intervention,,,,BD,,,placebo,,,2019-04-08,primary,1.0,0.007
SAMN40196056,PRJNA1081952,3F0534,Post-intervention,,,,BD,,,dietary_supplement,,,2019-04-09,primary,1.0,0.009
SAMN43029202,PRJNA1081952,3F0539,Baseline,,,,BD,,,,,,2019-01-15,primary,1.0,2.809
SAMN43029512,PRJNA1081952,3F0539,Post-follow-up,,,,BD,,,,,,2020-01-15,primary,1.0,2.393
SAMN40196057,PRJNA1081952,3F0539,Post-intervention,,,,BD,,,placebo,,no,2019-04-17,primary,2.0,2.457
SAMN43029203,PRJNA1081952,3F0541,Baseline,,,,BD,,,,,,2019-01-21,primary,1.0,2.157
SAMN43029513,PRJNA1081952,3F0541,Post-follow-up,,,,BD,,,,,,2020-01-26,primary,1.0,2.518
SAMN40196058,PRJNA1081952,3F0541,Post-intervention,,,,BD,,,dietary_supplement,,no,2019-04-28,primary,2.0,1.559
SAMN43029204,PRJNA1081952,3F0542,Baseline,,,,BD,,,,,,2019-01-19,primary,1.0,1.877
SAMN40196059,PRJNA1081952,3F0542,Post-intervention,,,,BD,,,dietary_supplement,,no,2019-04-23,primary,2.0,0.962
SAMN43029514,PRJNA1081952,3F0543,Post-follow-up,,,,BD,,,,,,2020-01-09,primary,1.0,5.604
SAMN40196060,PRJNA1081952,3F0543,Post-intervention,,,,BD,,,placebo,,,2019-04-24,primary,2.0,0.197
SAMN40196061,PRJNA1081952,3F0544,Post-intervention,,,,BD,,,placebo,,,2019-04-30,primary,1.0,0.022
SAMN40196062,PRJNA1081952,3F0545,Post-intervention,,,,BD,,,dietary_supplement,,,2019-04-27,primary,1.0,0.007
SAMN43029515,PRJNA1081952,3F0546,Post-follow-up,,,,BD,,,,,,2020-01-14,primary,1.0,1.605
SAMN40196063,PRJNA1081952,3F0546,Post-intervention,,,,BD,,,placebo,,no,2019-05-02,primary,2.0,2.231
SAMN43029516,PRJNA1081952,3F0549,Post-follow-up,,,,BD,,,,,,2020-01-07,primary,1.0,2.783
SAMN40196064,PRJNA1081952,3F0549,Post-intervention,,,,BD,,,dietary_supplement,,,2019-04-29,primary,1.0,0.006
SAMN43029517,PRJNA1081952,3F0551,Post-follow-up,,,,BD,,,,,,2020-01-21,primary,1.0,1.742
SAMN40196065,PRJNA1081952,3F0551,Post-intervention,,,,BD,,,dietary_supplement,,no,2019-05-06,primary,2.0,1.959
SAMN43029518,PRJNA1081952,3F0552,Post-follow-up,,,,BD,,,,,,2020-01-22,primary,1.0,2.087
SAMN40196066,PRJNA1081952,3F0552,Post-intervention,,,,BD,,,placebo,,no,2019-05-06,primary,2.0,0.695
SAMN43029519,PRJNA1081952,3F0553,Post-follow-up,,,,BD,,,,,,2020-01-27,primary,1.0,2.139
SAMN40196067,PRJNA1081952,3F0553,Post-intervention,,,,BD,,,placebo,,,2019-05-08,primary,1.0,0.013
SAMN43029520,PRJNA1081952,3F0554,Post-follow-up,,,,BD,,,,,,2020-01-21,primary,1.0,2.094
SAMN40196068,PRJNA1081952,3F0554,Post-intervention,,,,BD,,,dietary_supplement,,no,2019-05-15,primary,2.0,5.304
SAMN43029521,PRJNA1081952,3F0555,Post-follow-up,,,,BD,,,,,,2020-01-27,primary,1.0,2.337
SAMN40196069,PRJNA1081952,3F0555,Post-intervention,,,,BD,,,placebo,,no,2018-09/2019-02,primary,2.0,1.69
SAMN43029522,PRJNA1081952,3F0556,Post-follow-up,,,,BD,,,,,,2020-01-27,primary,1.0,1.545
SAMN40196070,PRJNA1081952,3F0556,Post-intervention,,,,BD,,,dietary_supplement,,,2019-05-23,primary,1.0,0.003
SAMN43029523,PRJNA1081952,3F0557,Post-follow-up,,,,BD,,,,,,2020-01-27,primary,1.0,1.268
SAMN40196071,PRJNA1081952,3F0557,Post-intervention,,,,BD,,,placebo,,,2019-05-21,primary,1.0,0.008
SAMN43029524,PRJNA1081952,3F0558,Post-follow-up,,,,BD,,,,,,2020-01-23,primary,1.0,0.751
SAMN40196072,PRJNA1081952,3F0558,Post-intervention,,,,BD,,,dietary_supplement,,no,2019-05-08,primary,2.0,1.822
SAMN43029525,PRJNA1081952,3F0561,Post-follow-up,,,,BD,,,,,,2020-01-26,primary,1.0,1.591
SAMN40196073,PRJNA1081952,3F0561,Post-intervention,,,,BD,,,dietary_supplement,,yes,2019-05-13,primary,2.0,0.64
SAMN40196074,PRJNA1081952,3F0562,Post-intervention,,,,BD,,,dietary_supplement,,,2019-05-09,primary,1.0,0.013
SAMN43029205,PRJNA1081952,3F0563,Baseline,,,,BD,,,,,,2019-02-07,primary,1.0,2.951
SAMN40196075,PRJNA1081952,3F0563,Post-intervention,,,,BD,,,dietary_supplement,,no,2019-05-09,primary,2.0,1.488
SAMN40196076,PRJNA1081952,3F0564,Post-intervention,,,,BD,,,placebo,,,2019-05-09,primary,1.0,0.017
SAMN43029206,PRJNA1081952,3F0565,Baseline,,,,BD,,,,,,2019-02-09,primary,1.0,2.633
SAMN43029526,PRJNA1081952,3F0565,Post-follow-up,,,,BD,,,,,,2020-01-29,primary,1.0,2.488
SAMN40196077,PRJNA1081952,3F0565,Post-intervention,,,,BD,,,dietary_supplement,,no,2019-05-12,primary,2.0,1.61
SAMN43029207,PRJNA1081952,3F0566,Baseline,,,,BD,,,,,,2019-02-10,primary,1.0,2.096
SAMN43029527,PRJNA1081952,3F0566,Post-follow-up,,,,BD,,,,,,2020-01-29,primary,1.0,1.865
SAMN40196078,PRJNA1081952,3F0566,Post-intervention,,,,BD,,,placebo,,no,2019-05-14,primary,2.0,1.381
SAMN43029208,PRJNA1081952,3F0567,Baseline,,,,BD,,,,,,2019-02-10,primary,1.0,2.11
SAMN43029528,PRJNA1081952,3F0567,Post-follow-up,,,,BD,,,,,,2020-01-28,primary,1.0,2.958
SAMN40196079,PRJNA1081952,3F0567,Post-intervention,,,,BD,,,dietary_supplement,,,2019-05-07,primary,1.0,0.006
SAMN43029209,PRJNA1081952,3F0568,Baseline,,,,BD,,,,,,2019-02-11,primary,1.0,2.765
SAMN43029529,PRJNA1081952,3F0568,Post-follow-up,,,,BD,,,,,,2020-01-29,primary,1.0,2.544
SAMN40196080,PRJNA1081952,3F0568,Post-intervention,,,,BD,,,placebo,,no,2019-05-12,primary,2.0,1.452
SAMN40196081,PRJNA1081952,3F0569,Post-intervention,,,,BD,,,dietary_supplement,,,2019-05-13,primary,1.0,0.017
SAMN43029210,PRJNA1081952,3F0570,Baseline,,,,BD,,,,,,2019-02-12,primary,1.0,2.595
SAMN43029530,PRJNA1081952,3F0570,Post-follow-up,,,,BD,,,,,,2020-01-28,primary,1.0,1.374
SAMN40196082,PRJNA1081952,3F0570,Post-intervention,,,,BD,,,placebo,,no,2019-05-21,primary,2.0,6.992
SAMN40196083,PRJNA1081952,3F0572,Post-intervention,,,,BD,,,dietary_supplement,,,2018-09/2019-02,primary,1.0,0.02
SAMN40196084,PRJNA1081952,3F0573,Post-intervention,,,,BD,,,dietary_supplement,,,2019-05-16,primary,1.0,0.015
SAMN43029211,PRJNA1081952,3F0574,Baseline,,,,BD,,,,,,2019-02-12,primary,1.0,1.338
SAMN43029531,PRJNA1081952,3F0574,Post-follow-up,,,,BD,,,,,,2020-01-30,primary,1.0,1.434
SAMN40196085,PRJNA1081952,3F0574,Post-intervention,,,,BD,,,dietary_supplement,,yes,2019-05-19,primary,2.0,2.985
SAMN43029212,PRJNA1081952,3F0575,Baseline,,,,BD,,,,,,2019-02-12,primary,1.0,1.632
SAMN40196086,PRJNA1081952,3F0575,Post-intervention,,,,BD,,,dietary_supplement,,,2019-05-18,primary,2.0,1.61
SAMN43029213,PRJNA1081952,3F0577,Baseline,,,,BD,,,,,,2019-02-12,primary,1.0,1.966
SAMN43029532,PRJNA1081952,3F0577,Post-follow-up,,,,BD,,,,,,2020-01-29,primary,1.0,2.732
SAMN40196087,PRJNA1081952,3F0577,Post-intervention,,,,BD,,,placebo,,,2019-05-14,primary,2.0,0.965
SAMN40196088,PRJNA1081952,3F0579,Post-intervention,,,,BD,,,placebo,,,2019-05-19,primary,1.0,0.024
SAMN43029214,PRJNA1081952,3F0580,Baseline,,,,BD,,,,,,2019-02-14,primary,1.0,1.293
SAMN40196089,PRJNA1081952,3F0580,Post-intervention,,,,BD,,,placebo,,no,2019-05-16,primary,2.0,1.955
SAMN43029215,PRJNA1081952,3F0581,Baseline,,,,BD,,,,,,2019-02-14,primary,1.0,2.068
SAMN40196090,PRJNA1081952,3F0581,Post-intervention,,,,BD,,,dietary_supplement,,no,2019-05-18,primary,2.0,2.486
SAMN40196091,PRJNA1081952,3F0584,Post-intervention,,,,BD,,,dietary_supplement,,,2019-05-19,primary,1.0,0.02
SAMN40196092,PRJNA1081952,3F0585,Post-intervention,,,,BD,,,dietary_supplement,,,2019-05-20,primary,1.0,0.023
SAMN43029216,PRJNA1081952,3F0586,Baseline,,,,BD,,,,,,2019-02-17,primary,1.0,1.295
SAMN40196093,PRJNA1081952,3F0586,Post-intervention,,,,BD,,,dietary_supplement,,no,2019-05-20,primary,2.0,1.736
SAMN40196094,PRJNA1081952,3F0587,Post-intervention,,,,BD,,,dietary_supplement,,,2019-05-21,primary,1.0,0.016
SAMN40196095,PRJNA1081952,3F0588,Post-intervention,,,,BD,,,dietary_supplement,,,2019-05-23,primary,1.0,0.002
SAMN40196096,PRJNA1081952,3F0590,Post-intervention,,,,BD,,,dietary_supplement,,,2019-05-20,primary,2.0,3.275
SAMN40196097,PRJNA1081952,3F0592,Post-intervention,,,,BD,,,dietary_supplement,,,2019-05-21,primary,1.0,0.008
SAMN40196098,PRJNA1081952,3F0593,Post-intervention,,,,BD,,,dietary_supplement,,,2019-05-21,primary,1.0,0.023
SAMN43029217,PRJNA1081952,3M0385,Baseline,,,,BD,,,,,,2018-12-09,primary,1.0,2.743
SAMN43029533,PRJNA1081952,3M0385,Post-follow-up,,,,BD,,,,,,2019-08-29,primary,1.0,3.208
SAMN40196099,PRJNA1081952,3M0385,Post-intervention,,,,BD,,,placebo,,,2018-12-19,primary,1.0,0.02
SAMN43029534,PRJNA1081952,3M0386,Post-follow-up,,,,BD,,,,,,2019-09-03,primary,1.0,1.749
SAMN40196100,PRJNA1081952,3M0386,Post-intervention,,,,BD,,,dietary_supplement,,no,2018-12-17,primary,2.0,2.009
SAMN40196101,PRJNA1081952,3M0387,Post-intervention,,,,BD,,,dietary_supplement,,,2018-12-27,primary,1.0,0.019
SAMN43029535,PRJNA1081952,3M0389,Post-follow-up,,,,BD,,,,,,2019-09-05,primary,1.0,2.044
SAMN40196102,PRJNA1081952,3M0389,Post-intervention,,,,BD,,,placebo,,no,2018-12-24,primary,2.0,2.035
SAMN43029536,PRJNA1081952,3M0390,Post-follow-up,,,,BD,,,,,,2019-09-05,primary,1.0,1.827
SAMN40196103,PRJNA1081952,3M0390,Post-intervention,,,,BD,,,dietary_supplement,,no,2018-12-24,primary,2.0,2.045
SAMN40196104,PRJNA1081952,3M0391,Post-intervention,,,,BD,,,placebo,,,2018-12-25,primary,1.0,0.018
SAMN40196105,PRJNA1081952,3M0394,Post-intervention,,,,BD,,,dietary_supplement,,,2019-01-08,primary,1.0,0.018
SAMN40196106,PRJNA1081952,3M0395,Post-intervention,,,,BD,,,dietary_supplement,,,2019-01-08,primary,1.0,0.003
SAMN40196107,PRJNA1081952,3M0396,Post-intervention,,,,BD,,,dietary_supplement,,,2019-01-02,primary,1.0,0.021
SAMN40196108,PRJNA1081952,3M0397,Post-intervention,,,,BD,,,dietary_supplement,,,2019-01-09,primary,1.0,0.03
SAMN43029218,PRJNA1081952,3M0399,Baseline,,,,BD,,,,,,2018-09-30,primary,1.0,1.222
SAMN40196109,PRJNA1081952,3M0399,Post-intervention,,,,BD,,,placebo,,no,2018-12-27,primary,2.0,1.973
SAMN40196110,PRJNA1081952,3M0400,Post-intervention,,,,BD,,,placebo,,,2019-01-03,primary,1.0,0.02
SAMN40196111,PRJNA1081952,3M0402,Post-intervention,,,,BD,,,dietary_supplement,,,2019-01-14,primary,1.0,0.018
SAMN43029219,PRJNA1081952,3M0403,Baseline,,,,BD,,,,,,2018-10-01,primary,1.0,1.726
SAMN40196112,PRJNA1081952,3M0403,Post-intervention,,,,BD,,,dietary_supplement,,no,2019-01-03,primary,2.0,1.848
SAMN43029220,PRJNA1081952,3M0404,Baseline,,,,BD,,,,,,2018-10-02,primary,1.0,2.32
SAMN40196113,PRJNA1081952,3M0404,Post-intervention,,,,BD,,,dietary_supplement,,no,2019-01-14,primary,2.0,2.383
SAMN40196114,PRJNA1081952,3M0405,Post-intervention,,,,BD,,,dietary_supplement,,no,2019-01-13,primary,2.0,3.083
SAMN43029221,PRJNA1081952,3M0406,Baseline,,,,BD,,,,,,2018-10-02,primary,1.0,1.779
SAMN43029537,PRJNA1081952,3M0406,Post-follow-up,,,,BD,,,,,,2019-09-23,primary,1.0,2.468
SAMN40196115,PRJNA1081952,3M0406,Post-intervention,,,,BD,,,dietary_supplement,,,2019-01-10,primary,1.0,0.018
SAMN40196116,PRJNA1081952,3M0408,Post-intervention,,,,BD,,,placebo,,,2019-01-16,primary,1.0,0.006
SAMN40196117,PRJNA1081952,3M0409,Post-intervention,,,,BD,,,placebo,,,2019-01-09,primary,1.0,0.022
SAMN40196118,PRJNA1081952,3M0413,Post-intervention,,,,BD,,,dietary_supplement,,no,2019-01-13,primary,2.0,3.694
SAMN40196119,PRJNA1081952,3M0414,Post-intervention,,,,BD,,,dietary_supplement,,,2019-01-14,primary,1.0,0.019
SAMN40196120,PRJNA1081952,3M0415,Post-intervention,,,,BD,,,dietary_supplement,,,2019-01-06,primary,1.0,0.014
SAMN40196121,PRJNA1081952,3M0419,Post-intervention,,,,BD,,,placebo,,,2019-01-26,primary,1.0,0.015
SAMN43029222,PRJNA1081952,3M0420,Baseline,,,,BD,,,,,,2018-10-15,primary,1.0,1.288
SAMN40196122,PRJNA1081952,3M0420,Post-intervention,,,,BD,,,dietary_supplement,,no,2019-01-22,primary,2.0,2.166
SAMN43029223,PRJNA1081952,3M0423,Baseline,,,,BD,,,,,,2018-10-15,primary,1.0,1.476
SAMN40196123,PRJNA1081952,3M0423,Post-intervention,,,,BD,,,dietary_supplement,,no,2019-01-17,primary,2.0,1.959
SAMN43029224,PRJNA1081952,3M0425,Baseline,,,,BD,,,,,,2018-10-17,primary,1.0,0.781
SAMN43029538,PRJNA1081952,3M0425,Post-follow-up,,,,BD,,,,,,2019-10-09,primary,1.0,0.901
SAMN40196124,PRJNA1081952,3M0425,Post-intervention,,,,BD,,,placebo,,,2019-01-23,primary,1.0,0.008
SAMN40196125,PRJNA1081952,3M0427,Post-intervention,,,,BD,,,placebo,,,2019-01-21,primary,1.0,0.007
SAMN43029225,PRJNA1081952,3M0428,Baseline,,,,BD,,,,,,2018-10-17,primary,1.0,1.391
SAMN40196126,PRJNA1081952,3M0428,Post-intervention,,,,BD,,,dietary_supplement,,,2019-01-17,primary,2.0,1.477
SAMN40196127,PRJNA1081952,3M0429,Post-intervention,,,,BD,,,placebo,,,2019-01-17,primary,1.0,0.006
SAMN40196128,PRJNA1081952,3M0430,Post-intervention,,,,BD,,,dietary_supplement,,,2019-01-20,primary,1.0,0.007
SAMN43029226,PRJNA1081952,3M0431,Baseline,,,,BD,,,,,,2018-10-18,primary,1.0,0.942
SAMN43029539,PRJNA1081952,3M0431,Post-follow-up,,,,BD,,,,,,2019-10-10,primary,1.0,3.288
SAMN40196129,PRJNA1081952,3M0431,Post-intervention,,,,BD,,,dietary_supplement,,,2019-01-29,primary,1.0,0.017
SAMN40196130,PRJNA1081952,3M0432,Post-intervention,,,,BD,,,placebo,,,2019-01-29,primary,1.0,0.02
SAMN43029227,PRJNA1081952,3M0433,Baseline,,,,BD,,,,,,2018-10-23,primary,1.0,2.788
SAMN43029540,PRJNA1081952,3M0433,Post-follow-up,,,,BD,,,,,,2019-10-10,primary,1.0,1.146
SAMN40196131,PRJNA1081952,3M0433,Post-intervention,,,,BD,,,dietary_supplement,,,2019-02-04,primary,1.0,0.021
SAMN43029228,PRJNA1081952,3M0434,Baseline,,,,BD,,,,,,2018-10-23,primary,1.0,1.846
SAMN43029541,PRJNA1081952,3M0434,Post-follow-up,,,,BD,,,,,,2019-10-24,primary,1.0,3.154
SAMN40196132,PRJNA1081952,3M0434,Post-intervention,,,,BD,,,placebo,,,2019-01-23,primary,1.0,0.002
SAMN43029229,PRJNA1081952,3M0435,Baseline,,,,BD,,,,,,2018-10-22,primary,1.0,1.742
SAMN43029542,PRJNA1081952,3M0435,Post-follow-up,,,,BD,,,,,,2019-10-10,primary,1.0,1.441
SAMN40196133,PRJNA1081952,3M0435,Post-intervention,,,,BD,,,placebo,,,2019-02-05,primary,1.0,0.017
SAMN43029230,PRJNA1081952,3M0438,Baseline,,,,BD,,,,,,2018-10-25,primary,1.0,2.152
SAMN43029543,PRJNA1081952,3M0438,Post-follow-up,,,,BD,,,,,,2019-10-17,primary,1.0,1.657
SAMN40196134,PRJNA1081952,3M0438,Post-intervention,,,,BD,,,dietary_supplement,,,2019-01-27,primary,1.0,0.019
SAMN40196135,PRJNA1081952,3M0439,Post-intervention,,,,BD,,,dietary_supplement,,,2019-02-02,primary,1.0,0.017
SAMN43029231,PRJNA1081952,3M0440,Baseline,,,,BD,,,,,,2018-10-25,primary,1.0,2.385
SAMN43029544,PRJNA1081952,3M0440,Post-follow-up,,,,BD,,,,,,2019-10-15,primary,1.0,1.177
SAMN40196136,PRJNA1081952,3M0440,Post-intervention,,,,BD,,,dietary_supplement,,,2019-02-04,primary,1.0,0.017
SAMN40196137,PRJNA1081952,3M0441,Post-intervention,,,,BD,,,dietary_supplement,,,2019-02-03,primary,1.0,0.022
SAMN40196138,PRJNA1081952,3M0443,Post-intervention,,,,BD,,,placebo,,,2019-02-04,primary,1.0,0.018
SAMN43029232,PRJNA1081952,3M0444,Baseline,,,,BD,,,,,,2018-10-30,primary,1.0,2.796
SAMN43029545,PRJNA1081952,3M0444,Post-follow-up,,,,BD,,,,,,2019-10-14,primary,1.0,1.222
SAMN40196139,PRJNA1081952,3M0444,Post-intervention,,,,BD,,,dietary_supplement,,,2019-01-30,primary,1.0,0.011
SAMN43029233,PRJNA1081952,3M0451,Baseline,,,,BD,,,,,,2018-11-05,primary,1.0,1.731
SAMN43029546,PRJNA1081952,3M0451,Post-follow-up,,,,BD,,,,,,2019-10-23,primary,1.0,2.334
SAMN40196140,PRJNA1081952,3M0451,Post-intervention,,,,BD,,,dietary_supplement,,,2019-02-13,primary,1.0,0.016
SAMN43029234,PRJNA1081952,3M0452,Baseline,,,,BD,,,,,,2018-11-06,primary,1.0,2.952
SAMN43029547,PRJNA1081952,3M0452,Post-follow-up,,,,BD,,,,,,2019-10-24,primary,1.0,2.873
SAMN40196141,PRJNA1081952,3M0452,Post-intervention,,,,BD,,,dietary_supplement,,,2019-02-14,primary,1.0,0.019
SAMN40196142,PRJNA1081952,3M0453,,,,,BD,,,,,,2019-02-11,primary,1.0,0.016
SAMN43029235,PRJNA1081952,3M0454,Baseline,,,,BD,,,,,,2018-11-05,primary,1.0,2.647
SAMN43029548,PRJNA1081952,3M0454,Post-follow-up,,,,BD,,,,,,2019-10-27,primary,1.0,2.919
SAMN40196143,PRJNA1081952,3M0454,Post-intervention,,,,BD,,,dietary_supplement,,,2019-02-18,primary,1.0,0.012
SAMN43029236,PRJNA1081952,3M0455,Baseline,,,,BD,,,,,,2018-11-07,primary,1.0,2.633
SAMN43029549,PRJNA1081952,3M0455,Post-follow-up,,,,BD,,,,,,2019-10-28,primary,1.0,2.644
SAMN40196144,PRJNA1081952,3M0455,Post-intervention,,,,BD,,,placebo,,,2019-02-06,primary,1.0,0.022
SAMN43029237,PRJNA1081952,3M0457,Baseline,,,,BD,,,,,,2018-11-12,primary,1.0,2.067
SAMN43029550,PRJNA1081952,3M0457,Post-follow-up,,,,BD,,,,,,2019-09-30,primary,1.0,2.912
SAMN40196145,PRJNA1081952,3M0457,Post-intervention,,,,BD,,,dietary_supplement,,no,2019-02-20,primary,2.0,3.248
SAMN43029238,PRJNA1081952,3M0458,Baseline,,,,BD,,,,,,2018-11-12,primary,1.0,3.279
SAMN43029551,PRJNA1081952,3M0458,Post-follow-up,,,,BD,,,,,,2019-10-28,primary,1.0,2.361
SAMN40196146,PRJNA1081952,3M0458,Post-intervention,,,,BD,,,dietary_supplement,,,2019-02-14,primary,1.0,0.021
SAMN43029239,PRJNA1081952,3M0459,Baseline,,,,BD,,,,,,2018-11-12,primary,1.0,2.278
SAMN43029552,PRJNA1081952,3M0459,Post-follow-up,,,,BD,,,,,,2018-09/2019-02,primary,1.0,2.573
SAMN40196147,PRJNA1081952,3M0459,Post-intervention,,,,BD,,,placebo,,,2019-02-10,primary,1.0,0.018
SAMN43029240,PRJNA1081952,3M0461,Baseline,,,,BD,,,,,,2018-11-13,primary,1.0,2.366
SAMN43029553,PRJNA1081952,3M0461,Post-follow-up,,,,BD,,,,,,2019-10-30,primary,1.0,2.648
SAMN40196148,PRJNA1081952,3M0461,Post-intervention,,,,BD,,,dietary_supplement,,,2019-02-16,primary,1.0,0.065
SAMN43029241,PRJNA1081952,3M0464,Baseline,,,,BD,,,,,,2018-11-15,primary,1.0,1.919
SAMN40196149,PRJNA1081952,3M0464,Post-intervention,,,,BD,,,placebo,,no,2019-02-25,primary,2.0,2.036
SAMN40196150,PRJNA1081952,3M0467,Post-intervention,,,,BD,,,placebo,,,2019-02-18,primary,1.0,0.004
SAMN43029242,PRJNA1081952,3M0468,Baseline,,,,BD,,,,,,2018-11-18,primary,1.0,2.281
SAMN43029554,PRJNA1081952,3M0468,Post-follow-up,,,,BD,,,,,,2019-11-17,primary,1.0,2.189
SAMN40196151,PRJNA1081952,3M0468,Post-intervention,,,,BD,,,dietary_supplement,,,2019-02-26,primary,2.0,1.319
SAMN43029243,PRJNA1081952,3M0469,Baseline,,,,BD,,,,,,2018-11-19,primary,1.0,2.428
SAMN43029555,PRJNA1081952,3M0469,Post-follow-up,,,,BD,,,,,,2019-11-05,primary,1.0,2.013
SAMN40196152,PRJNA1081952,3M0469,Post-intervention,,,,BD,,,placebo,,no,2019-02-28,primary,2.0,0.806
SAMN43029556,PRJNA1081952,3M0470,Post-follow-up,,,,BD,,,,,,2019-11-07,primary,1.0,3.23
SAMN40196153,PRJNA1081952,3M0470,Post-intervention,,,,BD,,,dietary_supplement,,no,2019-03-06,primary,2.0,2.234
SAMN43029557,PRJNA1081952,3M0471,Post-follow-up,,,,BD,,,,,,2019-11-14,primary,1.0,2.541
SAMN40196154,PRJNA1081952,3M0471,Post-intervention,,,,BD,,,dietary_supplement,,no,2019-03-03,primary,2.0,2.02
SAMN40196155,PRJNA1081952,3M0472,Post-intervention,,,,BD,,,dietary_supplement,,,2019-03-10,primary,1.0,0.03
SAMN40196156,PRJNA1081952,3M0473,Post-intervention,,,,BD,,,placebo,,no,2019-03-03,primary,2.0,0.695
SAMN43029558,PRJNA1081952,3M0474,Post-follow-up,,,,BD,,,,,,2019-11-11,primary,1.0,3.242
SAMN40196157,PRJNA1081952,3M0474,Post-intervention,,,,BD,,,dietary_supplement,,no,2019-02-27,primary,2.0,1.495
SAMN40196158,PRJNA1081952,3M0476,Post-intervention,,,,BD,,,placebo,,,2019-03-07,primary,1.0,0.027
SAMN40196159,PRJNA1081952,3M0477,Post-intervention,,,,BD,,,dietary_supplement,,,2019-03-10,primary,1.0,0.029
SAMN43029244,PRJNA1081952,3M0478,Baseline,,,,BD,,,,,,2018-12-02,primary,1.0,2.868
SAMN40196160,PRJNA1081952,3M0478,Post-intervention,,,,BD,,,dietary_supplement,,,2019-03-05,primary,2.0,1.828
SAMN43029245,PRJNA1081952,3M0479,Baseline,,,,BD,,,,,,2018-12-02,primary,1.0,1.752
SAMN40196161,PRJNA1081952,3M0479,Post-intervention,,,,BD,,,dietary_supplement,,,2019-03-06,primary,2.0,1.8
SAMN43029246,PRJNA1081952,3M0481,Baseline,,,,BD,,,,,,2018-12-03,primary,1.0,1.282
SAMN43029559,PRJNA1081952,3M0481,Post-follow-up,,,,BD,,,,,,2019-11-19,primary,1.0,2.523
SAMN40196162,PRJNA1081952,3M0481,Post-intervention,,,,BD,,,placebo,,,2019-03-12,primary,1.0,0.027
SAMN43029247,PRJNA1081952,3M0483,Baseline,,,,BD,,,,,,2018-12-03,primary,1.0,1.774
SAMN40196163,PRJNA1081952,3M0483,Post-intervention,,,,BD,,,placebo,,no,2019-03-07,primary,2.0,2.24
SAMN40196164,PRJNA1081952,3M0484,Post-intervention,,,,BD,,,placebo,,,2019-03-13,primary,1.0,0.026
SAMN40196165,PRJNA1081952,3M0485,Post-intervention,,,,BD,,,dietary_supplement,,,2019-03-13,primary,1.0,0.029
SAMN43029248,PRJNA1081952,3M0486,Baseline,,,,BD,,,,,,2018-12-05,primary,1.0,1.678
SAMN43029560,PRJNA1081952,3M0486,Post-follow-up,,,,BD,,,,,,2019-11-24,primary,1.0,2.163
SAMN40196166,PRJNA1081952,3M0486,Post-intervention,,,,BD,,,dietary_supplement,,,2019-03-10,primary,1.0,0.03
SAMN40196167,PRJNA1081952,3M0487,Post-intervention,,,,BD,,,dietary_supplement,,,2019-03-11,primary,1.0,0.025
SAMN40196168,PRJNA1081952,3M0488,Post-intervention,,,,BD,,,dietary_supplement,,,2019-03-12,primary,1.0,0.023
SAMN40196169,PRJNA1081952,3M0491,Post-intervention,,,,BD,,,dietary_supplement,,,2019-03-20,primary,1.0,0.02
SAMN40196170,PRJNA1081952,3M0492,Post-intervention,,,,BD,,,dietary_supplement,,,2019-03-25,primary,1.0,0.033
SAMN40196171,PRJNA1081952,3M0494,Post-intervention,,,,BD,,,dietary_supplement,,,2019-03-19,primary,2.0,0.856
SAMN40196172,PRJNA1081952,3M0495,Post-intervention,,,,BD,,,dietary_supplement,,,2019-03-19,primary,2.0,1.625
SAMN40196173,PRJNA1081952,3M0496,Post-intervention,,,,BD,,,placebo,,,2019-03-24,primary,1.0,0.03
SAMN40196174,PRJNA1081952,3M0497,Post-intervention,,,,BD,,,dietary_supplement,,,2019-03-28,primary,1.0,0.023
SAMN40196175,PRJNA1081952,3M0498,Post-intervention,,,,BD,,,dietary_supplement,,,2019-04-01,primary,1.0,0.058
SAMN40196177,PRJNA1081952,3M0501,Post-intervention,,,,BD,,,dietary_supplement,,,2019-03-27,primary,1.0,0.016
SAMN40196178,PRJNA1081952,3M0503,Post-intervention,,,,BD,,,dietary_supplement,,,2019-04-02,primary,1.0,0.053
SAMN40196179,PRJNA1081952,3M0504,Post-intervention,,,,BD,,,placebo,,,2019-04-03,primary,1.0,0.014
SAMN43029561,PRJNA1081952,3M0506,Post-follow-up,,,,BD,,,,,,2020-01-13,primary,1.0,1.373
SAMN40196180,PRJNA1081952,3M0506,Post-intervention,,,,BD,,,placebo,,,2019-04-03,primary,1.0,0.019
SAMN40196181,PRJNA1081952,3M0507,Post-intervention,,,,BD,,,dietary_supplement,,,2019-04-02,primary,1.0,0.04
SAMN40196182,PRJNA1081952,3M0512,Post-intervention,,,,BD,,,placebo,,,2019-04-06,primary,1.0,0.011
SAMN40196183,PRJNA1081952,3M0513,Post-intervention,,,,BD,,,placebo,,,2019-04-06,primary,1.0,0.013
SAMN40196184,PRJNA1081952,3M0514,Post-intervention,,,,BD,,,placebo,,,2019-04-09,primary,1.0,0.019
SAMN40196185,PRJNA1081952,3M0516,Post-intervention,,,,BD,,,dietary_supplement,,,2019-04-08,primary,1.0,0.01
SAMN40196186,PRJNA1081952,3M0517,Post-intervention,,,,BD,,,dietary_supplement,,,2019-04-07,primary,1.0,0.013
SAMN40196187,PRJNA1081952,3M0518,Post-intervention,,,,BD,,,dietary_supplement,,,2019-04-11,primary,1.0,0.033
SAMN40196188,PRJNA1081952,3M0520,Post-intervention,,,,BD,,,dietary_supplement,,,2019-04-15,primary,1.0,0.029
SAMN43029249,PRJNA1081952,3M0522,Baseline,,,,BD,,,,,,2019-01-10,primary,1.0,1.291
SAMN43029250,PRJNA1081952,3M0523,Baseline,,,,BD,,,,,,2019-09-10,primary,1.0,1.547
SAMN40196189,PRJNA1081952,3M0523,Post-intervention,,,,BD,,,dietary_supplement,,no,2019-04-15,primary,2.0,1.106
SAMN40196190,PRJNA1081952,3M0524,Post-intervention,,,,BD,,,placebo,,,2019-04-11,primary,1.0,0.029
SAMN43029251,PRJNA1081952,3M0525,Baseline,,,,BD,,,,,,2019-01-13,primary,1.0,1.107
SAMN43029562,PRJNA1081952,3M0525,Post-follow-up,,,,BD,,,,,,2020-01-08,primary,1.0,2.091
SAMN40196191,PRJNA1081952,3M0525,Post-intervention,,,,BD,,,placebo,,,2019-04-08,primary,1.0,0.008
SAMN43029252,PRJNA1081952,3M0527,Baseline,,,,BD,,,,,,2019-01-15,primary,1.0,2.703
SAMN40196192,PRJNA1081952,3M0527,Post-intervention,,,,BD,,,dietary_supplement,,no,2019-04-16,primary,2.0,2.115
SAMN40196193,PRJNA1081952,3M0528,Post-intervention,,,,BD,,,placebo,,,2019-04-17,primary,1.0,0.019
SAMN43029253,PRJNA1081952,3M0529,Baseline,,,,BD,,,,,,2019-01-16,primary,1.0,2.444
SAMN40196194,PRJNA1081952,3M0529,Post-intervention,,,,BD,,,placebo,,no,2019-04-17,primary,2.0,0.213
SAMN43029254,PRJNA1081952,3M0530,Baseline,,,,BD,,,,,,2019-01-16,primary,1.0,2.113
SAMN40196195,PRJNA1081952,3M0530,Post-intervention,,,,BD,,,placebo,,,2019-04-17,primary,2.0,1.146
SAMN43029255,PRJNA1081952,3M0531,Baseline,,,,BD,,,,,,2019-01-19,primary,1.0,1.062
SAMN43029563,PRJNA1081952,3M0531,Post-follow-up,,,,BD,,,,,,2020-01-16,primary,1.0,0.999
SAMN40196196,PRJNA1081952,3M0531,Post-intervention,,,,BD,,,dietary_supplement,,no,2019-04-18,primary,2.0,0.998
SAMN40196197,PRJNA1081952,3M0532,Post-intervention,,,,BD,,,dietary_supplement,,,2019-04-23,primary,1.0,0.018
SAMN40196198,PRJNA1081952,3M0533,Post-intervention,,,,BD,,,placebo,,,2019-04-24,primary,1.0,0.017
SAMN43029564,PRJNA1081952,3M0534,Post-follow-up,,,,BD,,,,,,2020-01-09,primary,1.0,2.333
SAMN40196199,PRJNA1081952,3M0534,Post-intervention,,,,BD,,,dietary_supplement,,,2019-05-07,primary,2.0,2.052
SAMN40196200,PRJNA1081952,3M0535,Post-intervention,,,,BD,,,dietary_supplement,,,2019-04-25,primary,1.0,0.013
SAMN43029256,PRJNA1081952,3M0536,Baseline,,,,BD,,,,,,2019-01-23,primary,1.0,0.479
SAMN43029565,PRJNA1081952,3M0536,Post-follow-up,,,,BD,,,,,,2020-01-13,primary,1.0,3.209
SAMN40196201,PRJNA1081952,3M0536,Post-intervention,,,,BD,,,dietary_supplement,,no,2019-04-25,primary,2.0,2.126
SAMN40196202,PRJNA1081952,3M0537,Post-intervention,,,,BD,,,placebo,,,2019-04-25,primary,1.0,0.016
SAMN40196203,PRJNA1081952,3M0538,Post-intervention,,,,BD,,,dietary_supplement,,,2019-04-30,primary,1.0,0.002
SAMN43029566,PRJNA1081952,3M0539,Post-follow-up,,,,BD,,,,,,2020-01-23,primary,1.0,2.016
SAMN40196204,PRJNA1081952,3M0539,Post-intervention,,,,BD,,,dietary_supplement,,,2019-04-29,primary,1.0,0.02
SAMN43029257,PRJNA1081952,3M0540,Baseline,,,,BD,,,,,,2019-01-31,primary,1.0,1.73
SAMN43029567,PRJNA1081952,3M0540,Post-follow-up,,,,BD,,,,,,2020-01-20,primary,1.0,1.24
SAMN40196205,PRJNA1081952,3M0540,Post-intervention,,,,BD,,,dietary_supplement,,no,2019-05-02,primary,2.0,2.039
SAMN43029258,PRJNA1081952,3M0541,Baseline,,,,BD,,,,,,2019-01-31,primary,1.0,1.131
SAMN43029568,PRJNA1081952,3M0541,Post-follow-up,,,,BD,,,,,,2020-01-20,primary,1.0,1.264
SAMN40196206,PRJNA1081952,3M0541,Post-intervention,,,,BD,,,dietary_supplement,,no,2019-05-12,primary,2.0,2.252
SAMN43029569,PRJNA1081952,3M0542,Post-follow-up,,,,BD,,,,,,2020-01-28,primary,1.0,1.498
SAMN40196207,PRJNA1081952,3M0543,Post-intervention,,,,BD,,,placebo,,,2019-05-09,primary,1.0,0.014
SAMN43029570,PRJNA1081952,3M0546,Post-follow-up,,,,BD,,,,,,2020-01-22,primary,1.0,2.278
SAMN40196208,PRJNA1081952,3M0546,Post-intervention,,,,BD,,,placebo,,,2019-05-14,primary,1.0,0.015
SAMN40196209,PRJNA1081952,3M0547,Post-intervention,,,,BD,,,dietary_supplement,,,2019-05-07,primary,1.0,0.025
SAMN43029571,PRJNA1081952,3M0548,Post-follow-up,,,,BD,,,,,,2020-01-22,primary,1.0,1.487
SAMN40196210,PRJNA1081952,3M0548,Post-intervention,,,,BD,,,dietary_supplement,,no,2019-07-15,primary,2.0,0.43
SAMN43029259,PRJNA1081952,3M0549,Baseline,,,,BD,,,,,,2019-02-06,primary,1.0,1.836
SAMN43029572,PRJNA1081952,3M0549,Post-follow-up,,,,BD,,,,,,2020-01-26,primary,1.0,1.69
SAMN40196211,PRJNA1081952,3M0549,Post-intervention,,,,BD,,,placebo,,yes,2019-05-20,primary,2.0,1.403
SAMN40196212,PRJNA1081952,3M0550,Post-intervention,,,,BD,,,dietary_supplement,,,2019-05-13,primary,1.0,0.008
SAMN40196213,PRJNA1081952,3M0551,Post-intervention,,,,BD,,,placebo,,,2019-05-13,primary,1.0,0.015
SAMN43029260,PRJNA1081952,3M0552,Baseline,,,,BD,,,,,,2019-02-10,primary,1.0,2.494
SAMN40196214,PRJNA1081952,3M0552,Post-intervention,,,,BD,,,dietary_supplement,,no,2019-05-16,primary,2.0,1.151
SAMN40196215,PRJNA1081952,3M0553,Post-intervention,,,,BD,,,dietary_supplement,,,2019-05-13,primary,1.0,0.018
SAMN40196216,PRJNA1081952,3M0554,Post-intervention,,,,BD,,,dietary_supplement,,,2019-05-13,primary,1.0,0.025
SAMN43029573,PRJNA1081952,3M0555,Post-follow-up,,,,BD,,,,,,2020-01-28,primary,1.0,1.006
SAMN43029261,PRJNA1081952,3M0556,Baseline,,,,BD,,,,,,2019-02-13,primary,1.0,2.901
SAMN43029574,PRJNA1081952,3M0556,Post-follow-up,,,,BD,,,,,,2020-01-28,primary,1.0,2.6
SAMN40196217,PRJNA1081952,3M0556,Post-intervention,,,,BD,,,dietary_supplement,,no,2019-05-15,primary,2.0,4.276
SAMN43029262,PRJNA1081952,3M0557,Baseline,,,,BD,,,,,,2019-02-12,primary,1.0,2.021
SAMN43029575,PRJNA1081952,3M0557,Post-follow-up,,,,BD,,,,,,2020-01-29,primary,1.0,1.813
SAMN40196218,PRJNA1081952,3M0557,Post-intervention,,,,BD,,,placebo,,no,2019-05-15,primary,2.0,1.031
SAMN40196219,PRJNA1081952,3M0558,Post-intervention,,,,BD,,,placebo,,,2019-04-30,primary,1.0,0.004
SAMN40196220,PRJNA1081952,3M0559,Post-intervention,,,,BD,,,dietary_supplement,,,2019-05-16,primary,1.0,0.014
SAMN40196221,PRJNA1081952,3M0561,Post-intervention,,,,BD,,,dietary_supplement,,,2019-05-16,primary,1.0,0.006
SAMN43029263,PRJNA1081952,3M0563,Baseline,,,,BD,,,,,,2019-02-16,primary,1.0,2.781
SAMN40196222,PRJNA1081952,3M0563,Post-intervention,,,,BD,,,dietary_supplement,,yes,2019-05-21,primary,2.0,1.467
SAMN40196223,PRJNA1081952,3M0565,Post-intervention,,,,BD,,,dietary_supplement,,,2019-05-20,primary,1.0,0.023
SAMN40196225,PRJNA1081952,3M0568,Post-intervention,,,,BD,,,dietary_supplement,,,2019-05-23,primary,1.0,0.002
SAMN40196226,PRJNA1081952,3M0570,Post-intervention,,,,BD,,,dietary_supplement,,,2019-05-21,primary,1.0,0.022
